{"type":"FeatureCollection","name":"hu_nuts3_gisco_2024_sandbox","crs":{"type":"name","properties":{"name":"urn:ogc:def:crs:EPSG::4326"}},"source_file":"NUTS_RG_01M_2024_4326_LEVL_3.geojson","source_url":"https://gisco-services.ec.europa.eu/distribution/v2/nuts/geojson/NUTS_RG_01M_2024_4326_LEVL_3.geojson","sandbox_only":true,"ready_for_display":false,"features":[{"type":"Feature","properties":{"NUTS_ID":"HU213","LEVL_CODE":3,"CNTR_CODE":"HU","NAME_LATN":"Veszprém","NUTS_NAME":"Veszprém","MOUNT_TYPE":null,"URBN_TYPE":2,"COAST_TYPE":null,"NAME_ENGL":"Hungary","NAME_FREN":"Hongrie","ISO3_CODE":"HUN","SVRG_UN":"UN Member State","CAPT":"Budapest","EU_STAT":"T","EFTA_STAT":"F","CC_STAT":"F","NAME_GERM":"Ungarn","region_id":"hungary_veszprem","region_id_match_status":"sandbox_pre_matched_pending_verification"},"geometry":{"type":"MultiPolygon","coordinates":[[[[17.446747318000064,47.44017263100005],[17.445621458000062,47.43625561700003],[17.444231235000075,47.43141885000006],[17.448124372000052,47.429109882000034],[17.455250385000056,47.425528651000036],[17.458357403000036,47.42422199400005],[17.463139256000034,47.42884588700008],[17.46346817600005,47.42916394100007],[17.464302447000023,47.428556066000056],[17.465425981000067,47.42773742600008],[17.468922063000036,47.42721843800007],[17.47336558300003,47.426170986000045],[17.479778896000028,47.42392565200004],[17.482080317000054,47.42260307300006],[17.502383175000034,47.43477702000007],[17.50772008100006,47.440928341000074],[17.506760882000037,47.44289685100006],[17.50526868700007,47.445959198000025],[17.526024068000027,47.46874291000006],[17.531843026000047,47.45963326100008],[17.532282800000075,47.45894479000003],[17.558246955000072,47.44128707900006],[17.579785494000078,47.45080512200008],[17.57856968400006,47.457691433000036],[17.578099337000026,47.46035546500008],[17.588362604000054,47.46908741400006],[17.594620591000023,47.46399167800007],[17.60362952500003,47.45665590800007],[17.611973646000024,47.46072479000003],[17.619451351000066,47.46437117800008],[17.627249456000072,47.45784896500004],[17.630352868000045,47.455253319000064],[17.637053035000065,47.45600334200003],[17.641036778000057,47.456449286000066],[17.64218092400006,47.45503796500003],[17.644160080000063,47.452596647000064],[17.66195667200003,47.45721253600004],[17.66262017100007,47.464540836000026],[17.66279728300003,47.46649702900004],[17.672505647000037,47.47193165300007],[17.67788416600007,47.46874718500004],[17.681792994000034,47.46643287900008],[17.695107875000076,47.46947272600005],[17.70410916700007,47.47152776200005],[17.711062912000045,47.46453519600004],[17.706683354000063,47.45987226400007],[17.701930670000024,47.454812065000056],[17.703602552000063,47.449511047000044],[17.714966468000057,47.45280144800006],[17.717129188000058,47.453427659000056],[17.71728140700003,47.45332481600008],[17.72321671000003,47.44931476800008],[17.729969849000042,47.45113672800005],[17.725382024000055,47.45800961500004],[17.72306130100003,47.461486222000076],[17.737528031000068,47.47290759800006],[17.744280463000052,47.466242116000046],[17.754175374000056,47.45639342700008],[17.759435978000056,47.44921214500005],[17.76214671200006,47.43670649300003],[17.77882624700004,47.42063063100005],[17.78713493500004,47.40506748200005],[17.782413317000078,47.40116980400006],[17.77882810400007,47.39821022500007],[17.78010821500004,47.39588293000003],[17.783632101000023,47.38947635900007],[17.775063213000067,47.385511499000074],[17.770177501000035,47.38325086000003],[17.764597194000032,47.38410262100007],[17.765533644000072,47.377575369000056],[17.761426020000044,47.373444677000066],[17.751555565000046,47.36351879000006],[17.750008474000026,47.36196301100006],[17.74779717200005,47.36138523900007],[17.72791172600006,47.35618954000006],[17.724876679000033,47.34676723000007],[17.71753244000007,47.34090209800007],[17.727181864000045,47.33190444600007],[17.730381820000048,47.32154741800008],[17.747320729000023,47.31627917700007],[17.755230986000072,47.31381897500006],[17.759867992000068,47.30429342800005],[17.759688407000056,47.30019645800007],[17.759203969000055,47.289144701000055],[17.766357293000056,47.28035830700003],[17.765515093000033,47.27478217200007],[17.76522748700006,47.272877953000034],[17.77203952600007,47.27478217200007],[17.781749970000078,47.27749660300003],[17.78534819600003,47.279522787000076],[17.781355354000027,47.28592098400003],[17.781156886000076,47.28623901200007],[17.781505735000053,47.28847570800008],[17.782193223000036,47.29288363400008],[17.781812428000023,47.29368589900008],[17.778532407000057,47.30059629200008],[17.77767225300005,47.315138139000055],[17.780685275000053,47.32267100200005],[17.787722277000057,47.32692816900004],[17.790863242000057,47.323628073000066],[17.80058701200005,47.323019490000036],[17.806813523000073,47.322629791000054],[17.81991410200004,47.32514479500003],[17.821522112000025,47.33204093200004],[17.831133625000064,47.34067500500004],[17.832761451000067,47.350357184000075],[17.83020723900006,47.354057262000026],[17.825699842000063,47.360586761000036],[17.830354245000024,47.36351879000006],[17.856843311000034,47.380205508000074],[17.86670853100003,47.38078728000005],[17.876901200000077,47.38138836200005],[17.88388800200005,47.38958663200003],[17.902511850000053,47.382904961000065],[17.90969298600004,47.38640585400003],[17.91533355200005,47.38915570000006],[17.933882939000057,47.387773698000046],[17.94871684700007,47.37887202300004],[17.950345242000026,47.37176111700006],[17.948472903000038,47.36873110600004],[17.94359208900005,47.36737766200008],[17.929676149000045,47.36351879000006],[17.926898299000072,47.36274849600005],[17.945626408000066,47.35881162000004],[17.945784653000032,47.35877835500003],[17.96123132100007,47.347701897000036],[17.961200822000023,47.33937197600005],[17.961179080000022,47.333433729000035],[17.96258880000005,47.33297900500003],[17.967219828000054,47.33625446800005],[17.970494847000055,47.33857084400006],[17.98720165800006,47.335696606000056],[17.994584518000067,47.33442646000003],[17.99907016700007,47.335365256000046],[18.018384714000035,47.33940757400006],[18.02804367600004,47.33455636100007],[18.02900137000006,47.33407535900005],[18.03571884200005,47.334342082000035],[18.04507323400003,47.32225323000006],[18.057065540000053,47.31976687500003],[18.06483288000004,47.31815647900004],[18.056709350000062,47.31127633800003],[18.046524232000024,47.30265015600003],[18.054247576000023,47.27828237700004],[18.056381185000077,47.27864290100007],[18.060121493000054,47.27842435100007],[18.061317883000072,47.27899767700006],[18.06320004300005,47.27989963300007],[18.065697244000035,47.280315374000054],[18.076748015000078,47.27824958000008],[18.079511747000026,47.27478217200007],[18.08277900300004,47.27068303900006],[18.093046085000026,47.25780185000008],[18.105514620000065,47.24950709600006],[18.120795831000066,47.25494672200006],[18.146965601000034,47.264262330000065],[18.157448877000036,47.26345550500008],[18.171191015000034,47.25291247900003],[18.16973484400006,47.24801108100007],[18.169669588000033,47.24779143400008],[18.172865950000073,47.24027747400004],[18.19623950600004,47.22358510300006],[18.20317887400006,47.22393049100003],[18.21658863700003,47.22459792500007],[18.224182383000027,47.21307943200003],[18.222707100000036,47.19907024100007],[18.220953094000038,47.18241431600006],[18.22388529400007,47.178209157000026],[18.227237702000025,47.173401366000064],[18.223047910000048,47.17328175200004],[18.218375604000073,47.17314836300005],[18.219911281000066,47.16769949400003],[18.220214209000062,47.16662464900003],[18.21909315000005,47.166243466000026],[18.211909381000055,47.16380084100007],[18.21462333900007,47.14828557800007],[18.215233655000077,47.14330916600005],[18.21640983700007,47.140888389000054],[18.217595508000045,47.13756414200003],[18.218215314000076,47.13504797200005],[18.220975175000035,47.129198330000065],[18.221553073000052,47.12797345100006],[18.222926534000067,47.123714558000074],[18.22324817300006,47.121695601000056],[18.223261904000026,47.121147620000045],[18.223362545000043,47.11713134300004],[18.22359878000003,47.11526066600004],[18.22338751700005,47.11344090700004],[18.222491022000042,47.11035254400008],[18.223264655000037,47.10567785100005],[18.225800812000045,47.10122712900005],[18.229271097000037,47.09999152200004],[18.22932036800006,47.099973979000026],[18.232298530000037,47.09759304900007],[18.233465223000053,47.095898488000046],[18.234269821000055,47.09341298900006],[18.226765237000052,47.09106963000005],[18.215823967000063,47.08765314200008],[18.203119232000063,47.079108405000056],[18.212453271000072,47.04852111000008],[18.232188550000046,47.03099610600003],[18.239128488000063,47.02045895500004],[18.24632891500005,47.02198854900007],[18.257145041000058,47.02428623000003],[18.26070719200004,47.022143103000076],[18.259159501000056,47.01947518900005],[18.24340543200003,47.01550832600003],[18.23590211000004,47.01361899500006],[18.231250098000032,47.00798131800008],[18.227734344000055,47.00372064900006],[18.22121275300003,47.00176584400003],[18.213361746000032,46.99941255400006],[18.206556715000033,46.98216567600008],[18.20609297200002,46.97401049600006],[18.205960048000065,46.97167294500008],[18.205248346000076,46.97163239000008],[18.189551873000028,46.98865098200008],[18.180869261000055,46.98905587100006],[18.167221863000066,46.99727846300004],[18.06663819000005,46.96973615500008],[18.06311094700004,46.96790118900003],[18.047587540000052,46.959825495000075],[18.031643908000035,46.95314498000005],[18.012784045000046,46.945805919000065],[18.00743903500006,46.94390638100003],[17.97569561100005,46.933426516000054],[17.974840070000027,46.93320995400006],[17.970268693000037,46.93206199100007],[17.94523225200004,46.92716940100007],[17.931781012000044,46.92349813900006],[17.92558976600003,46.92180835500005],[17.907556476000025,46.91590809400003],[17.911842083000067,46.908295407000026],[17.91241603000003,46.90727588300007],[17.910272932000055,46.89409646400003],[17.90404840800005,46.88828906600003],[17.901160644000072,46.88559386500003],[17.889043224000034,46.87986952600005],[17.878227346000074,46.87813186100004],[17.869625486000075,46.87975789400008],[17.86201922300006,46.88201874300006],[17.854108376000056,46.88437012500003],[17.844960125000057,46.87940113600007],[17.84146554600005,46.877503011000044],[17.83418520500004,46.87409063300004],[17.801891897000075,46.858942452000065],[17.78847543300003,46.85358141300003],[17.76426256900004,46.84710558100005],[17.743668575000072,46.84312379900007],[17.73258157400005,46.84098016400003],[17.72961639700003,46.84040656500008],[17.717637852000053,46.83587859100004],[17.698583676000055,46.82867598000007],[17.668387018000033,46.81254562000004],[17.66733120200007,46.811978553000074],[17.640107212000032,46.80530797600005],[17.624922730000037,46.80158366100005],[17.603985694000073,46.794271027000036],[17.588849658000072,46.78900543900005],[17.586727604000032,46.78831613800003],[17.554215973000055,46.77775548100004],[17.53375640200005,46.77147883400005],[17.523253673000056,46.76714153300003],[17.514488520000043,46.76207015600005],[17.50918394100006,46.759001012000056],[17.491854363000073,46.753037335000045],[17.485011032000045,46.75190296800008],[17.478330020000044,46.75201897200003],[17.474791985000024,46.75297197700007],[17.464963,46.752903539000044],[17.453668658000026,46.74870847400007],[17.445479336000062,46.74779166900004],[17.436430477000044,46.748774522000076],[17.419067436000034,46.75065633400004],[17.417242981000072,46.75743907100008],[17.395337494000046,46.77148782100005],[17.361086611000076,46.793454103000045],[17.358190714000045,46.801028994000035],[17.356425125000044,46.80564730200007],[17.353624280000076,46.81297356500005],[17.34748366200006,46.818322935000026],[17.332936978000077,46.826266528000076],[17.32581403300003,46.830156197000065],[17.325165294000044,46.84383808300004],[17.330257967000023,46.85335701500003],[17.331851291000078,46.85493693900003],[17.33478589300006,46.85784685900006],[17.33054131700004,46.86597368500003],[17.329525881000052,46.86648700400008],[17.320481572000062,46.87105904900005],[17.317464305000044,46.87549794500006],[17.324107183000024,46.880221481000035],[17.325336014000072,46.881095264000066],[17.325357549000046,46.88807738500003],[17.32076822600004,46.893211019000034],[17.315317854000057,46.89494025600004],[17.30567485100005,46.89799968800003],[17.30417118500003,46.90323932500007],[17.303133440000067,46.90685542800003],[17.295843536000064,46.913735587000076],[17.28210193700005,46.92062637600003],[17.275182935000032,46.91933637300008],[17.270190786000057,46.918405619000055],[17.256235282000034,46.91690598200006],[17.230519746000027,46.91991342400007],[17.226364613000044,46.93029752600006],[17.23385839900004,46.94045903700004],[17.23838716100005,46.94294709400003],[17.239590503000045,46.94360819800005],[17.239457273000028,46.94577839300007],[17.238961672000073,46.95385129400006],[17.242995334000057,46.95513938100004],[17.247969640000065,46.95672784700008],[17.24750620900005,46.96084401500008],[17.244289717000072,46.970576478000055],[17.23278093500005,46.97863366000007],[17.22963823400005,46.98083383300008],[17.230112177000024,46.98185457500006],[17.230660089000025,46.98303462500007],[17.230022803000054,46.985447589000046],[17.220790400000055,46.99538041300008],[17.21422162400006,46.99739903300008],[17.20983350000006,46.998747527000035],[17.208971537000025,47.00036450600004],[17.206172283000058,47.00561570100007],[17.202710758000023,47.00233588300006],[17.19914970900004,46.99896176500005],[17.18859523200007,46.998053061000064],[17.18379314200007,46.99652865500008],[17.179491435000045,46.999336880000044],[17.17726298300005,46.99695205000006],[17.16222728300005,46.99851188800005],[17.144216036000046,47.00050634100006],[17.14220971700007,47.004615914000055],[17.142192360000024,47.00486828800007],[17.14158489700003,47.01370082700004],[17.123449227000037,47.01747182100007],[17.079912437000075,47.04600639700004],[17.07452856900005,47.04871338300006],[17.076125279000053,47.065441941000074],[17.09216778900003,47.06439430100005],[17.09256412700006,47.06449652900005],[17.11329348000004,47.069843252000055],[17.13323627400007,47.074987099000055],[17.14462251300006,47.07958456100005],[17.15060780500005,47.07926757800004],[17.153167437000036,47.07881964900008],[17.154924467000058,47.07634287600007],[17.156937130000074,47.07427764900007],[17.156974670000068,47.074239128000045],[17.157663398000068,47.07251797200007],[17.159243377000053,47.07159767600007],[17.161137405000034,47.07377692000006],[17.165290062000054,47.07855491200007],[17.176524062000055,47.07194262400003],[17.18492492200005,47.066997910000055],[17.195223803000033,47.066562548000036],[17.19859959300004,47.07295251900007],[17.213560253000026,47.08103812200005],[17.21611029500002,47.08385474000005],[17.212402550000036,47.103387945000065],[17.211791920000053,47.108817533000035],[17.221596247000036,47.113816488000055],[17.211185630000045,47.117812498000035],[17.208986379000066,47.11865665800008],[17.20213306000005,47.13004347700007],[17.200171758000067,47.136913537000055],[17.194702982000024,47.16021782200005],[17.195727239000064,47.16638356200008],[17.200299614000073,47.167321066000056],[17.203076182000075,47.17092414600006],[17.209285616000045,47.17898196700003],[17.208804583000074,47.19820699300004],[17.213435892000064,47.20797162100007],[17.209116882000046,47.208626640000034],[17.20667268400007,47.21317189100006],[17.20645571500006,47.21357536800008],[17.20665451700006,47.21358803000004],[17.20922011700003,47.21375144000007],[17.20870569400006,47.22284364200004],[17.20861829200004,47.23358212100004],[17.205140879000055,47.24825956600006],[17.20396180800003,47.25323618300007],[17.199059504000047,47.25899348200005],[17.198212554000065,47.264088730000026],[17.20460900300003,47.27478217200007],[17.206975010000065,47.278737610000064],[17.209402082000054,47.277716858000076],[17.21373125100007,47.27589614300007],[17.217973948000065,47.28072014600008],[17.21775694200005,47.29119374600003],[17.21773698900006,47.29215675300003],[17.212716399000044,47.29938921300004],[17.23363825100006,47.31383060100006],[17.251363886000036,47.318232031000036],[17.253436975000056,47.31815164200003],[17.272424283000078,47.31741536100003],[17.295456870000066,47.32899341900003],[17.269601194000074,47.34415762700007],[17.25810830000006,47.34401050500003],[17.23779165800005,47.352055301000064],[17.22501491500003,47.35711451700007],[17.218685123000057,47.36308601600007],[17.213243078000062,47.36351879000006],[17.21009699500007,47.36376898000003],[17.18974391100005,47.38061443700008],[17.20003839900005,47.387145315000055],[17.208189772000026,47.392316590000064],[17.19828065100006,47.39562333100008],[17.194782797000073,47.396790589000034],[17.185092196000028,47.407332403000055],[17.178905086000043,47.42384363200006],[17.17672043700003,47.429673695000076],[17.172391891000075,47.432484104000025],[17.182942896000043,47.442166695000026],[17.190686525000046,47.44466052900003],[17.195843841000055,47.44280202400006],[17.19841920700003,47.43976563600006],[17.20207893500003,47.43545077200008],[17.219027480000022,47.43247889000003],[17.222804651000047,47.43746943000008],[17.223207031000072,47.43800107000004],[17.235086128000034,47.43980144000005],[17.236662396000042,47.436164543000075],[17.237049198000022,47.43527208200004],[17.252063501000066,47.43388758400005],[17.256402282000067,47.43430577700008],[17.260175203000074,47.43466942900005],[17.261301530000026,47.43384444900005],[17.265580717000034,47.43071015000004],[17.271068914000068,47.43292472300004],[17.27256912000007,47.433530079000036],[17.27461921500003,47.43259041600004],[17.279517987000077,47.43034505900005],[17.29541401800003,47.42978156700008],[17.298344688000043,47.43250953800003],[17.30044744500003,47.434466858000064],[17.322084043000075,47.44183044700003],[17.333644822000053,47.440020213000025],[17.334483232000025,47.43988893100004],[17.34748366200006,47.44227613100003],[17.364373234000027,47.445299582000075],[17.365525942000033,47.44628315500006],[17.382736813000065,47.459709788000055],[17.38345448000007,47.468640374000074],[17.383892440000068,47.47409031600006],[17.38881034600007,47.48569264100007],[17.393259391000072,47.48258664200006],[17.393759326000065,47.48223762400005],[17.398012352000023,47.48162438400004],[17.422601476000068,47.47807890100006],[17.421379702000024,47.474115821000055],[17.419403266000074,47.46770483900008],[17.42685077400006,47.45776272400008],[17.434369841000034,47.452104374000044],[17.435601434000034,47.45190465400003],[17.44380970700007,47.450573571000064],[17.446747318000064,47.44017263100005]]]]}},{"type":"Feature","properties":{"NUTS_ID":"HU221","LEVL_CODE":3,"CNTR_CODE":"HU","NAME_LATN":"Győr-Moson-Sopron","NUTS_NAME":"Győr-Moson-Sopron","MOUNT_TYPE":null,"URBN_TYPE":2,"COAST_TYPE":null,"NAME_ENGL":"Hungary","NAME_FREN":"Hongrie","ISO3_CODE":"HUN","SVRG_UN":"UN Member State","CAPT":"Budapest","EU_STAT":"T","EFTA_STAT":"F","CC_STAT":"F","NAME_GERM":"Ungarn","region_id":"hungary_gyor_moson_sopron","region_id_match_status":"sandbox_pre_matched_pending_verification"},"geometry":{"type":"MultiPolygon","coordinates":[[[[17.241788117000056,48.02246534000005],[17.24742729700006,48.012008999000045],[17.248235822000026,48.00519441300003],[17.25175844000006,48.00151866300007],[17.280550176000077,47.99393499800004],[17.294179971000062,47.99413477000007],[17.328433650000022,47.99463682700008],[17.336791568000024,47.991659973000026],[17.340515372000027,47.98830381400006],[17.346525736000046,47.98288684400006],[17.367918760000066,47.96770263800005],[17.370754582000075,47.96453510500004],[17.372772820000023,47.96228005800003],[17.393994301000077,47.952372464000064],[17.40116736600004,47.94902360100008],[17.408377036000047,47.93981219900007],[17.41289984900004,47.93403364800008],[17.41434718200003,47.93307194800008],[17.43206586900004,47.92129853200004],[17.445818992000056,47.89754050800008],[17.45134326400006,47.88799752700004],[17.45927359500007,47.88276960300004],[17.47381907500005,47.87941292700003],[17.49807890900007,47.86789970400008],[17.520201918000055,47.86601179100006],[17.52684265000005,47.865445091000026],[17.53518030600003,47.85700454000005],[17.542157489000033,47.85257418600003],[17.543604040000048,47.84471966700005],[17.543886959000076,47.84318346500004],[17.560825565000073,47.82083894700003],[17.567389583000022,47.81722524200006],[17.57258575000003,47.81436458400003],[17.57965279700005,47.81722524200006],[17.584794504000058,47.81930654400003],[17.587923941000042,47.82057330400005],[17.605719957000076,47.82225513900005],[17.61347435600004,47.81722524200006],[17.618518907000066,47.81395309000004],[17.622397319000072,47.81066110200004],[17.630942983000068,47.80340756100003],[17.633452171000044,47.801933519000045],[17.63604876100004,47.80053156300005],[17.63873025500004,47.799203042000045],[17.641491661000032,47.79795064500007],[17.645246249000024,47.79644405100004],[17.64689210800003,47.795783621000055],[17.65693488100004,47.791174468000065],[17.67037878600007,47.78356553900005],[17.690018276000046,47.77400133900005],[17.70543649600006,47.75899250100008],[17.723374892000038,47.75391203400005],[17.74326410200007,47.750751560000026],[17.763613750000047,47.748962806000065],[17.77598892700007,47.74082262100006],[17.79456361000007,47.74153666700005],[17.806910772000037,47.744354471000065],[17.827919662000056,47.74021430000005],[17.848677463000058,47.74294861100003],[17.86180525000003,47.745493975000045],[17.893922756000052,47.73945697100004],[17.89884227300007,47.72524806000007],[17.901576532000036,47.70398294100005],[17.899069472000065,47.699501860000055],[17.890718762000063,47.68457592900006],[17.891714231000037,47.68172266100004],[17.89639066600006,47.67716338400004],[17.89895012100004,47.674668051000026],[17.89798692200003,47.66064461500008],[17.893063838000046,47.64942107500008],[17.887960319000058,47.63778618300006],[17.891818614000044,47.63105485300008],[17.898606802000074,47.62555994000007],[17.914327338000078,47.621295986000064],[17.933128816000078,47.616196374000026],[17.928991453000037,47.60979387500004],[17.92659214200006,47.60295314900003],[17.922440553000058,47.59339992000008],[17.92086065600006,47.59143226300006],[17.918447091000075,47.588426327000036],[17.911937566000063,47.585094354000034],[17.917590406000045,47.58230185300005],[17.921155225000064,47.58054083400003],[17.91264942600003,47.56850683500005],[17.906214651000028,47.559402920000025],[17.91953196000003,47.553577992000044],[17.923054575000037,47.55203721700008],[17.928192848000037,47.55588735500004],[17.934759516000042,47.54926575600007],[17.925575309000067,47.545086310000045],[17.922341406000044,47.54361466200004],[17.908843861000037,47.54178029000008],[17.899967566000043,47.54379082500003],[17.894248136000044,47.545086310000045],[17.889313495000067,47.54620403700005],[17.886705844000062,47.55117895400008],[17.884150255000065,47.545086310000045],[17.88822364300006,47.527048695000076],[17.892122185000062,47.52639043500005],[17.896961016000034,47.520732173000056],[17.909545150000042,47.50601698400004],[17.908053211000038,47.49809596500006],[17.902819235000038,47.49857216300006],[17.896192086000042,47.49490539100003],[17.884804806000034,47.488604861000056],[17.886413138000023,47.483235954000065],[17.888067318000026,47.477714],[17.881458933000033,47.47732399100005],[17.87491760300003,47.47693793900004],[17.87434524200006,47.46911128200003],[17.87551283600004,47.468225621000045],[17.881921676000047,47.46336429000007],[17.877992174000042,47.461575165000056],[17.870253782000077,47.458051831000034],[17.87529573200004,47.45223270300005],[17.881656453000062,47.45174628500007],[17.88218203200006,47.45170609300004],[17.885064184000043,47.44841743000006],[17.89320129600003,47.42942097500003],[17.88211614000005,47.41097462400006],[17.876504527000066,47.40163657000005],[17.876754980000044,47.39288340300004],[17.88388800200005,47.38958663200003],[17.876901200000077,47.38138836200005],[17.86670853100003,47.38078728000005],[17.856843311000034,47.380205508000074],[17.830354245000024,47.36351879000006],[17.825699842000063,47.360586761000036],[17.83020723900006,47.354057262000026],[17.832761451000067,47.350357184000075],[17.831133625000064,47.34067500500004],[17.821522112000025,47.33204093200004],[17.81991410200004,47.32514479500003],[17.806813523000073,47.322629791000054],[17.80058701200005,47.323019490000036],[17.790863242000057,47.323628073000066],[17.787722277000057,47.32692816900004],[17.780685275000053,47.32267100200005],[17.77767225300005,47.315138139000055],[17.778532407000057,47.30059629200008],[17.781812428000023,47.29368589900008],[17.782193223000036,47.29288363400008],[17.781505735000053,47.28847570800008],[17.781156886000076,47.28623901200007],[17.781355354000027,47.28592098400003],[17.78534819600003,47.279522787000076],[17.781749970000078,47.27749660300003],[17.77203952600007,47.27478217200007],[17.76522748700006,47.272877953000034],[17.765515093000033,47.27478217200007],[17.766357293000056,47.28035830700003],[17.759203969000055,47.289144701000055],[17.759688407000056,47.30019645800007],[17.759867992000068,47.30429342800005],[17.755230986000072,47.31381897500006],[17.747320729000023,47.31627917700007],[17.730381820000048,47.32154741800008],[17.727181864000045,47.33190444600007],[17.71753244000007,47.34090209800007],[17.724876679000033,47.34676723000007],[17.72791172600006,47.35618954000006],[17.74779717200005,47.36138523900007],[17.750008474000026,47.36196301100006],[17.751555565000046,47.36351879000006],[17.761426020000044,47.373444677000066],[17.765533644000072,47.377575369000056],[17.764597194000032,47.38410262100007],[17.770177501000035,47.38325086000003],[17.775063213000067,47.385511499000074],[17.783632101000023,47.38947635900007],[17.78010821500004,47.39588293000003],[17.77882810400007,47.39821022500007],[17.782413317000078,47.40116980400006],[17.78713493500004,47.40506748200005],[17.77882624700004,47.42063063100005],[17.76214671200006,47.43670649300003],[17.759435978000056,47.44921214500005],[17.754175374000056,47.45639342700008],[17.744280463000052,47.466242116000046],[17.737528031000068,47.47290759800006],[17.72306130100003,47.461486222000076],[17.725382024000055,47.45800961500004],[17.729969849000042,47.45113672800005],[17.72321671000003,47.44931476800008],[17.71728140700003,47.45332481600008],[17.717129188000058,47.453427659000056],[17.714966468000057,47.45280144800006],[17.703602552000063,47.449511047000044],[17.701930670000024,47.454812065000056],[17.706683354000063,47.45987226400007],[17.711062912000045,47.46453519600004],[17.70410916700007,47.47152776200005],[17.695107875000076,47.46947272600005],[17.681792994000034,47.46643287900008],[17.67788416600007,47.46874718500004],[17.672505647000037,47.47193165300007],[17.66279728300003,47.46649702900004],[17.66262017100007,47.464540836000026],[17.66195667200003,47.45721253600004],[17.644160080000063,47.452596647000064],[17.64218092400006,47.45503796500003],[17.641036778000057,47.456449286000066],[17.637053035000065,47.45600334200003],[17.630352868000045,47.455253319000064],[17.627249456000072,47.45784896500004],[17.619451351000066,47.46437117800008],[17.611973646000024,47.46072479000003],[17.60362952500003,47.45665590800007],[17.594620591000023,47.46399167800007],[17.588362604000054,47.46908741400006],[17.578099337000026,47.46035546500008],[17.57856968400006,47.457691433000036],[17.579785494000078,47.45080512200008],[17.558246955000072,47.44128707900006],[17.532282800000075,47.45894479000003],[17.531843026000047,47.45963326100008],[17.526024068000027,47.46874291000006],[17.50526868700007,47.445959198000025],[17.506760882000037,47.44289685100006],[17.50772008100006,47.440928341000074],[17.502383175000034,47.43477702000007],[17.482080317000054,47.42260307300006],[17.479778896000028,47.42392565200004],[17.47336558300003,47.426170986000045],[17.468922063000036,47.42721843800007],[17.465425981000067,47.42773742600008],[17.464302447000023,47.428556066000056],[17.46346817600005,47.42916394100007],[17.463139256000034,47.42884588700008],[17.458357403000036,47.42422199400005],[17.455250385000056,47.425528651000036],[17.448124372000052,47.429109882000034],[17.444231235000075,47.43141885000006],[17.445621458000062,47.43625561700003],[17.446747318000064,47.44017263100005],[17.44380970700007,47.450573571000064],[17.435601434000034,47.45190465400003],[17.434369841000034,47.452104374000044],[17.42685077400006,47.45776272400008],[17.419403266000074,47.46770483900008],[17.421379702000024,47.474115821000055],[17.422601476000068,47.47807890100006],[17.398012352000023,47.48162438400004],[17.393759326000065,47.48223762400005],[17.393259391000072,47.48258664200006],[17.38881034600007,47.48569264100007],[17.383892440000068,47.47409031600006],[17.38345448000007,47.468640374000074],[17.382736813000065,47.459709788000055],[17.365525942000033,47.44628315500006],[17.364373234000027,47.445299582000075],[17.34748366200006,47.44227613100003],[17.334483232000025,47.43988893100004],[17.333644822000053,47.440020213000025],[17.322084043000075,47.44183044700003],[17.30044744500003,47.434466858000064],[17.298344688000043,47.43250953800003],[17.29541401800003,47.42978156700008],[17.279517987000077,47.43034505900005],[17.27461921500003,47.43259041600004],[17.27256912000007,47.433530079000036],[17.271068914000068,47.43292472300004],[17.265580717000034,47.43071015000004],[17.261301530000026,47.43384444900005],[17.260175203000074,47.43466942900005],[17.256402282000067,47.43430577700008],[17.252063501000066,47.43388758400005],[17.237049198000022,47.43527208200004],[17.236662396000042,47.436164543000075],[17.235086128000034,47.43980144000005],[17.223207031000072,47.43800107000004],[17.222804651000047,47.43746943000008],[17.219027480000022,47.43247889000003],[17.20207893500003,47.43545077200008],[17.19841920700003,47.43976563600006],[17.195843841000055,47.44280202400006],[17.190686525000046,47.44466052900003],[17.182942896000043,47.442166695000026],[17.172391891000075,47.432484104000025],[17.171953882000025,47.43556284700003],[17.169602018000035,47.435272987000076],[17.166779681000037,47.43441116900004],[17.163621720000037,47.43399765300006],[17.161022633000073,47.43405846400003],[17.157226887000036,47.43487366700003],[17.14730194400005,47.436531357000035],[17.143981866000047,47.43451032000007],[17.14077482500005,47.43255809300007],[17.140498515000047,47.432469395000055],[17.126110011000037,47.42785052500005],[17.127967323000064,47.42478766800008],[17.126940911000077,47.42267181500006],[17.12442856200005,47.41749284000008],[17.11619302500003,47.41673825200007],[17.110038891000045,47.416174374000036],[17.106122637000055,47.41378073300007],[17.09840580900004,47.409064157000046],[17.085553808000043,47.407739984000045],[17.065381355000056,47.40566156700004],[17.05499738800006,47.401215242000035],[17.052135919000023,47.39792566300008],[17.04958402500006,47.39499197400005],[17.044168959000046,47.39972774600005],[17.047561788000053,47.40267255400005],[17.048924587000045,47.40385539700003],[17.059603569000046,47.421031060000075],[17.059160837000036,47.42552148500005],[17.058583639000062,47.43137573900003],[17.065087153000036,47.43690710300007],[17.07075872000007,47.44173088100007],[17.062256122000065,47.44798760500004],[17.060680469000033,47.449147065000034],[17.059311800000046,47.45180404100006],[17.05481126600006,47.46054085900005],[17.023274499000024,47.440604550000046],[17.00923474500007,47.43619256000005],[17.00679148300003,47.43612735900007],[16.997476775000052,47.42670403600005],[16.99668704900006,47.42590510200006],[16.99334149200007,47.424423829000034],[16.980152838000038,47.41858444500008],[16.969333463000055,47.414782485000046],[16.948337234000064,47.40066365400003],[16.948069230000044,47.399460572000066],[16.946993500000076,47.39463156800008],[16.93855519600004,47.401756213000056],[16.932568779000064,47.40681067500003],[16.931240655000067,47.41126551100007],[16.921862359000045,47.41137347400007],[16.91796868600005,47.414242383000044],[16.914683570000022,47.41381850600004],[16.909005574000048,47.41308587700007],[16.909918978000064,47.41622604600008],[16.91062975400007,47.41866960600004],[16.904246942000043,47.42299217800007],[16.903106385000058,47.420469627000045],[16.89326937100003,47.41946672100005],[16.892438063000043,47.417123513000035],[16.892024141000036,47.41595679200003],[16.885290153000028,47.412485968000055],[16.88235843800004,47.41478654000008],[16.879583049000075,47.418194123000035],[16.877812422000034,47.41970387500004],[16.877396499000042,47.420058518000076],[16.877359502000047,47.42008459200008],[16.87465856800003,47.42198806600004],[16.87251796700002,47.42295855700007],[16.869304568000075,47.42352083900005],[16.86607718500005,47.42345798800005],[16.855282543000044,47.438642093000055],[16.849434987000052,47.44686746100007],[16.843852593000065,47.44824315100004],[16.826680662000058,47.440636348000055],[16.81498194900007,47.435454065000044],[16.811418942000046,47.43490441000006],[16.808471428000075,47.437664409000035],[16.803382682000063,47.442429418000074],[16.794483698000022,47.438880737000034],[16.790488485000026,47.437287551000054],[16.788340489000063,47.439414930000055],[16.784521836000067,47.443196932000035],[16.75652496300006,47.433644608000066],[16.754561163000062,47.43557703500005],[16.725714027000038,47.421840995000025],[16.71933388700006,47.417368397000075],[16.720119621000038,47.41487309200005],[16.720963141000027,47.41219427000004],[16.716494296000064,47.40988250800007],[16.711755032000042,47.41382071800007],[16.708364390000042,47.416638258000035],[16.70396644300007,47.41563013700005],[16.700926391000053,47.41493328000007],[16.691158831000052,47.41660062500006],[16.687829645000022,47.41937898300006],[16.685756662000074,47.42110898300007],[16.678685435000034,47.42150333500007],[16.675798435000047,47.421664339000074],[16.667361390000053,47.42754145500004],[16.653465926000024,47.436348776000045],[16.64622008400005,47.44659693500006],[16.661446815000033,47.45688615300003],[16.660854148000055,47.463169038000046],[16.669655377000026,47.47549405900003],[16.665180237000072,47.48191463400008],[16.652340225000046,47.50033646000003],[16.661485495000022,47.508144396000034],[16.666137065000044,47.50527002600006],[16.668943118000072,47.50353606700003],[16.690392779000035,47.51125409500003],[16.70455023900007,47.52303256400006],[16.704461270000024,47.53042948500007],[16.70442336800005,47.53358068800003],[16.708376161000047,47.53595271900008],[16.714505555000073,47.53963090500008],[16.702142197000057,47.545086310000045],[16.698900476000063,47.546516739000026],[16.696578146000036,47.54754148100005],[16.69604306900004,47.54826144400005],[16.68780151900006,47.559350711000036],[16.677519955000037,47.559571478000066],[16.673762716000056,47.55965215400005],[16.663147613000035,47.568703078000055],[16.667968764000022,47.570630804000075],[16.670153233000065,47.57150425800006],[16.67478739300003,47.57948159000006],[16.668936183000028,47.59316254300006],[16.668834659000026,47.59339992000008],[16.667356527000038,47.59685600200004],[16.66922037200004,47.59978145800005],[16.672091300000034,47.60428761400004],[16.665743916000054,47.60567602800006],[16.659710623000024,47.60699573900007],[16.654646873000047,47.617546711000045],[16.652076021000028,47.62290341000005],[16.634879391000027,47.627617386000054],[16.621943791000035,47.62619012600004],[16.61749750900003,47.62496591900003],[16.590246814000068,47.61746290900004],[16.57292608100005,47.620070774000055],[16.562289984000074,47.626136924000036],[16.55421958900007,47.63073976100003],[16.551029266000057,47.63255931700007],[16.515737195000042,47.64529171300006],[16.511433690000047,47.64233374100007],[16.506893586000047,47.63921314400005],[16.497826392000036,47.63935141200005],[16.486600553000073,47.642733398000075],[16.48463941700004,47.64453617800007],[16.478733877000025,47.64996486200005],[16.45066566500003,47.65571515200003],[16.45008914300007,47.655833263000034],[16.439439735000065,47.65707721800004],[16.431655773000045,47.660652662000075],[16.421542385000066,47.66529809100007],[16.431655773000045,47.66955131100008],[16.44205500700002,47.67392474400003],[16.444200197000043,47.68303214600007],[16.447327487000052,47.69630905000008],[16.453914834000045,47.69591202600003],[16.456397354000046,47.69138580100008],[16.460058204000063,47.68471120300006],[16.465490286000033,47.681542973000035],[16.474088253000048,47.682059339000034],[16.47539728600003,47.68516896400007],[16.47717616400007,47.68939471500005],[16.480346232000045,47.69015304700008],[16.497765960000038,47.70341383900006],[16.501419825000028,47.70423152500007],[16.516511843000046,47.70760891700007],[16.51797347200005,47.70882127900006],[16.52131397200003,47.71159208900008],[16.52768272000003,47.71139045100006],[16.534721543000046,47.71116759900008],[16.54081954800006,47.71272655700005],[16.551087108000047,47.72241213700005],[16.54476907800006,47.72856076800008],[16.536464589000047,47.73664259700007],[16.537567353000043,47.739996047000034],[16.542723075000026,47.74234642400006],[16.545486088000075,47.74274257400003],[16.548741852000035,47.74320937200008],[16.547899245000053,47.74545911900003],[16.546708756000044,47.74863770700006],[16.548690562000047,47.751184497000054],[16.561005454000053,47.75163424100003],[16.56764991800003,47.75187689900008],[16.577394507000065,47.75444379000004],[16.59088799600005,47.757998204000046],[16.593918321000046,47.757276440000055],[16.59877325800005,47.756120089000035],[16.60854339100007,47.75951997900006],[16.609997349000025,47.76002593900006],[16.613687483000035,47.75919693800006],[16.62213627500006,47.75729888800004],[16.628728571000067,47.758252381000034],[16.63426348400003,47.759052936000046],[16.637352434000036,47.75465606800003],[16.642315704000055,47.74759125700007],[16.655546596000022,47.74236083100004],[16.669963474000042,47.740775935000045],[16.67586896100005,47.74014559600005],[16.72094184100007,47.73533461300008],[16.72156331800005,47.728893877000075],[16.722247821000053,47.721799959000066],[16.739797709000072,47.69525116500006],[16.748506449000047,47.682202148000044],[16.74903086100005,47.681416339000066],[16.827290941000058,47.68299923300003],[16.831220810000048,47.689868353000065],[16.839595796000026,47.70450720700006],[16.85534730200004,47.711289676000035],[16.866903759000024,47.721643476000054],[16.870377134000023,47.70345471300004],[16.873009643000046,47.68966924800003],[16.912650989000042,47.68772937500006],[16.932568779000064,47.68986380800004],[16.93615714500004,47.69024112900007],[16.949024724000026,47.691593950000026],[16.95933017400006,47.69271006800005],[16.97644299600006,47.694476982000026],[16.978254965000076,47.69475700700008],[16.990685534000022,47.69667713700005],[17.001135822000037,47.69829164500004],[17.01997820500003,47.701205566000056],[17.026170706000073,47.70216308300007],[17.040141607000066,47.70432333800005],[17.042507456000067,47.70450752200003],[17.049967595000055,47.70505737900004],[17.055349926000076,47.70545428500003],[17.05954785800003,47.70576385000004],[17.071266724000054,47.70665213500007],[17.09307378500006,47.708236087000046],[17.079314039000053,47.72076223700003],[17.070752895000055,47.728555852000056],[17.07060589400004,47.74553279500003],[17.07055716700006,47.75116025300008],[17.066098830000044,47.770302883000056],[17.056106948000036,47.78677545200003],[17.05192217700005,47.79367444500008],[17.061337923000053,47.801036948000046],[17.07162719300004,47.80908249000004],[17.062877927000045,47.81722524200006],[17.059732651000047,47.820152482000026],[17.058942440000067,47.82333665500005],[17.053347667000025,47.82566930300004],[17.046913518000054,47.82835191400005],[17.047681951000072,47.83095795000003],[17.049894959000028,47.83846306400005],[17.02570405000006,47.85147316100006],[17.010993013000075,47.85938489400007],[17.018160608000073,47.86800637700003],[17.03793758000006,47.86746273500006],[17.041087854000068,47.867376138000054],[17.055776753000032,47.87165864700006],[17.06270482000002,47.87367850600003],[17.06458271500003,47.87423702900003],[17.07779940300003,47.87754710400003],[17.07830337300004,47.876957083000036],[17.080440443000043,47.874455116000036],[17.085187623000024,47.87443736100005],[17.102765942000076,47.897606781000036],[17.098836246000076,47.90251818300004],[17.096545279000054,47.905381473000034],[17.105933393000043,47.91827675800005],[17.111698243000035,47.92619521700004],[17.10215428600003,47.93042353700008],[17.09215923900007,47.934851706000075],[17.104039644000068,47.94738981300003],[17.116890093000052,47.96095166500004],[17.10661193900006,47.96559019100005],[17.094790611000064,47.97092515000003],[17.160797385000023,48.00665656500007],[17.201369890000024,48.01953374300007],[17.22589184800006,48.016372974000035],[17.241788117000056,48.02246534000005]]]]}},{"type":"Feature","properties":{"NUTS_ID":"HU222","LEVL_CODE":3,"CNTR_CODE":"HU","NAME_LATN":"Vas","NUTS_NAME":"Vas","MOUNT_TYPE":null,"URBN_TYPE":2,"COAST_TYPE":null,"NAME_ENGL":"Hungary","NAME_FREN":"Hongrie","ISO3_CODE":"HUN","SVRG_UN":"UN Member State","CAPT":"Budapest","EU_STAT":"T","EFTA_STAT":"F","CC_STAT":"F","NAME_GERM":"Ungarn","region_id":"hungary_vas","region_id_match_status":"sandbox_pre_matched_pending_verification"},"geometry":{"type":"MultiPolygon","coordinates":[[[[17.044168959000046,47.39972774600005],[17.04958402500006,47.39499197400005],[17.052135919000023,47.39792566300008],[17.05499738800006,47.401215242000035],[17.065381355000056,47.40566156700004],[17.085553808000043,47.407739984000045],[17.09840580900004,47.409064157000046],[17.106122637000055,47.41378073300007],[17.110038891000045,47.416174374000036],[17.11619302500003,47.41673825200007],[17.12442856200005,47.41749284000008],[17.126940911000077,47.42267181500006],[17.127967323000064,47.42478766800008],[17.126110011000037,47.42785052500005],[17.140498515000047,47.432469395000055],[17.14077482500005,47.43255809300007],[17.143981866000047,47.43451032000007],[17.14730194400005,47.436531357000035],[17.157226887000036,47.43487366700003],[17.161022633000073,47.43405846400003],[17.163621720000037,47.43399765300006],[17.166779681000037,47.43441116900004],[17.169602018000035,47.435272987000076],[17.171953882000025,47.43556284700003],[17.172391891000075,47.432484104000025],[17.17672043700003,47.429673695000076],[17.178905086000043,47.42384363200006],[17.185092196000028,47.407332403000055],[17.194782797000073,47.396790589000034],[17.19828065100006,47.39562333100008],[17.208189772000026,47.392316590000064],[17.20003839900005,47.387145315000055],[17.18974391100005,47.38061443700008],[17.21009699500007,47.36376898000003],[17.213243078000062,47.36351879000006],[17.218685123000057,47.36308601600007],[17.22501491500003,47.35711451700007],[17.23779165800005,47.352055301000064],[17.25810830000006,47.34401050500003],[17.269601194000074,47.34415762700007],[17.295456870000066,47.32899341900003],[17.272424283000078,47.31741536100003],[17.253436975000056,47.31815164200003],[17.251363886000036,47.318232031000036],[17.23363825100006,47.31383060100006],[17.212716399000044,47.29938921300004],[17.21773698900006,47.29215675300003],[17.21775694200005,47.29119374600003],[17.217973948000065,47.28072014600008],[17.21373125100007,47.27589614300007],[17.209402082000054,47.277716858000076],[17.206975010000065,47.278737610000064],[17.20460900300003,47.27478217200007],[17.198212554000065,47.264088730000026],[17.199059504000047,47.25899348200005],[17.20396180800003,47.25323618300007],[17.205140879000055,47.24825956600006],[17.20861829200004,47.23358212100004],[17.20870569400006,47.22284364200004],[17.20922011700003,47.21375144000007],[17.20665451700006,47.21358803000004],[17.20645571500006,47.21357536800008],[17.20667268400007,47.21317189100006],[17.209116882000046,47.208626640000034],[17.213435892000064,47.20797162100007],[17.208804583000074,47.19820699300004],[17.209285616000045,47.17898196700003],[17.203076182000075,47.17092414600006],[17.200299614000073,47.167321066000056],[17.195727239000064,47.16638356200008],[17.194702982000024,47.16021782200005],[17.200171758000067,47.136913537000055],[17.20213306000005,47.13004347700007],[17.208986379000066,47.11865665800008],[17.211185630000045,47.117812498000035],[17.221596247000036,47.113816488000055],[17.211791920000053,47.108817533000035],[17.212402550000036,47.103387945000065],[17.21611029500002,47.08385474000005],[17.213560253000026,47.08103812200005],[17.19859959300004,47.07295251900007],[17.195223803000033,47.066562548000036],[17.18492492200005,47.066997910000055],[17.176524062000055,47.07194262400003],[17.165290062000054,47.07855491200007],[17.161137405000034,47.07377692000006],[17.159243377000053,47.07159767600007],[17.157663398000068,47.07251797200007],[17.156974670000068,47.074239128000045],[17.156937130000074,47.07427764900007],[17.154924467000058,47.07634287600007],[17.153167437000036,47.07881964900008],[17.15060780500005,47.07926757800004],[17.14462251300006,47.07958456100005],[17.13323627400007,47.074987099000055],[17.11329348000004,47.069843252000055],[17.09256412700006,47.06449652900005],[17.09216778900003,47.06439430100005],[17.076125279000053,47.065441941000074],[17.07452856900005,47.04871338300006],[17.073764924000045,47.02502708900005],[17.056705065000074,47.030150967000054],[17.04469500400006,47.024465441000075],[17.041439809000053,47.03191164300006],[17.03739868100007,47.04115565500007],[17.02291720100004,47.03783144300007],[17.01540582900003,47.04205690800006],[17.00161249000007,47.03401746800006],[17.01031952900007,47.01911345900004],[17.00999107900003,47.010455568000054],[17.010392617000036,47.009844642000076],[17.020060612000066,46.99513514600005],[17.016169714000057,46.99878617600007],[17.010447553000063,46.992182040000046],[16.998091720000048,46.986582690000034],[16.984712727000044,46.980519670000035],[16.98552232000003,46.97744915900006],[16.98611793200007,46.97348754600006],[16.986210549000077,46.972871518000034],[16.987416198000062,46.970235099000035],[16.990043253000067,46.97093954300004],[16.992894628000045,46.96676740200007],[16.99149337500006,46.96409798700006],[16.968682693000062,46.96157687400006],[16.932568779000064,46.96188982600006],[16.92302636100004,46.96143490500003],[16.91802421500006,46.96972913800005],[16.91700777500006,46.97141453200004],[16.908507133000057,46.97252016200008],[16.896772690000034,46.97450575900007],[16.886730690000036,46.97195946900007],[16.87895474100003,46.96998776800007],[16.866112718000068,46.97225575400006],[16.847061996000036,46.97016114400003],[16.84423977600005,46.97498785300007],[16.84287985900005,46.977313656000035],[16.837894706000043,46.98003450200008],[16.824098078000077,46.973083117000044],[16.81954833100002,46.975355481000065],[16.81885860400007,46.97539807800007],[16.817295692000073,46.96107498200007],[16.816240178000044,46.95140187100003],[16.81384072800006,46.948974392000025],[16.798731617000044,46.94810040500005],[16.78610281400006,46.94736989200004],[16.786330427000053,46.93943311700008],[16.786546317000045,46.931905107000034],[16.783000291000064,46.92840307800003],[16.779660534000072,46.92621845700006],[16.777001015000053,46.92511605100003],[16.775131610000074,46.92766089700007],[16.765189752000026,46.92859066800003],[16.760120433000054,46.92868344000004],[16.756800654000074,46.92950439300006],[16.75345590200004,46.92989389000007],[16.751847974000043,46.93032715800007],[16.74727283200002,46.93155996200005],[16.74174203000007,46.931919090000065],[16.73725755600003,46.932677924000075],[16.735923052000032,46.932859360000066],[16.733739763000074,46.93137990200006],[16.733383398000058,46.931138419000035],[16.706110463000073,46.92997199400003],[16.70064708600006,46.92863603100005],[16.69198074700006,46.93380761600008],[16.68720683500004,46.93665641900003],[16.68191358100006,46.933930573000055],[16.66799744800005,46.93280561900008],[16.662360464000074,46.928794769000035],[16.650987241000053,46.92070244700005],[16.638827426000034,46.92346031200003],[16.630323899000075,46.92538892600004],[16.629117251000025,46.92174763600008],[16.62361891300003,46.91545435900008],[16.61471838800003,46.90779008100003],[16.591881960000023,46.890627548000055],[16.58059893500007,46.875886827000045],[16.581102103000035,46.87054960800003],[16.567174172000023,46.86772551700005],[16.567210216000035,46.85679900900004],[16.56204944800004,46.85385953600007],[16.561613527000077,46.85053203200005],[16.560855111000023,46.84474283000003],[16.55139485600006,46.837298634000035],[16.540670615000067,46.84057261100003],[16.53788200100007,46.84142394000003],[16.523165494000068,46.83884903500007],[16.521833986000047,46.83888695700006],[16.502351598000075,46.833795803000044],[16.50574645000006,46.825281749000055],[16.505654003000075,46.824217428000054],[16.50438004700004,46.80955059200005],[16.505020329000047,46.808316914000045],[16.494793085000026,46.801028994000035],[16.490143310000065,46.79771557200007],[16.465976087000058,46.78680146000005],[16.463423947000024,46.78662602700007],[16.440620255000056,46.776473115000044],[16.431655773000045,46.77958777500004],[16.427454174000047,46.781047597000054],[16.411776530000054,46.78649470800008],[16.39272455100007,46.78870146700007],[16.380749602000037,46.785237589000076],[16.37705469100007,46.78103046000007],[16.361847786000055,46.78020847700003],[16.365206055000044,46.77247818400008],[16.369476424000027,46.76973446300008],[16.382815016000052,46.774605413000074],[16.38780340900007,46.77642706000006],[16.400419716000044,46.77580438900003],[16.405800527000054,46.771773014000075],[16.396364702000028,46.76843187400004],[16.387022044000048,46.76103097400005],[16.38354596800002,46.75827735800004],[16.389047125000047,46.753301976000046],[16.38916486000005,46.75319549400007],[16.392722712000023,46.74251304900008],[16.378515331000074,46.73266027500006],[16.370793261000074,46.722243537000054],[16.356934816000035,46.71550850800003],[16.345346779000067,46.736225379000075],[16.331490914000028,46.748446700000045],[16.31969030700003,46.75460219000007],[16.329971011000055,46.77790050200008],[16.312161471000024,46.778002428000036],[16.31308019100004,46.797578213000065],[16.32752694800007,46.801028994000035],[16.33988789700004,46.80398155600005],[16.34016992200003,46.81186525800007],[16.340471534000073,46.82029650000004],[16.34493771800004,46.82869287400007],[16.346218454000052,46.82933118700004],[16.349918907000074,46.831175476000055],[16.347087518000023,46.840339992000054],[16.34321966300007,46.84323145800005],[16.33744918000002,46.84643327600003],[16.330864964000057,46.84581650900003],[16.32940522000007,46.84567976900007],[16.324687822000044,46.84962981900003],[16.31703443300006,46.856038280000064],[16.312077241000054,46.85741465700005],[16.300547685000026,46.860615867000035],[16.297566578000044,46.86637246500004],[16.291385255000023,46.87283351200006],[16.26449565400003,46.87200388400004],[16.241758872000048,46.87628591400005],[16.23738377600006,46.876295474000074],[16.21963414100003,46.86997430800005],[16.217153341000028,46.86909082300008],[16.216447643000038,46.86904921900003],[16.200145509000038,46.86808814600005],[16.184777202000078,46.86485210600006],[16.175273884000035,46.85709584500006],[16.165432742000064,46.85967898800004],[16.155633504000036,46.854426095000065],[16.13460096700004,46.85608098800003],[16.127089906000037,46.85756639300007],[16.113849224000035,46.869068120000065],[16.132527036000056,46.875747456000056],[16.139058429000045,46.88453085900005],[16.145776511000065,46.88715981100006],[16.152564561000077,46.89367320100007],[16.16320554500004,46.90388362400006],[16.171545888000026,46.905736561000026],[16.179055146000053,46.90740485900005],[16.186915464000037,46.92124387200005],[16.197544425000046,46.939957406000076],[16.203988688000038,46.942174357000056],[16.208333286000027,46.94021013400004],[16.21003193000007,46.94249916000007],[16.21217105000005,46.940680523000026],[16.21745790700004,46.936185744000056],[16.232282992000023,46.941949832000034],[16.236326750000046,46.94587106600005],[16.245357143000035,46.94761566100004],[16.244272333000026,46.95473986700006],[16.243997974000024,46.95654164800004],[16.255323171000043,46.96420894800008],[16.262808031000077,46.96285791500003],[16.269842483000048,46.96158818200007],[16.276105483000038,46.96350705800006],[16.27650823600004,46.97877168000008],[16.27668591500003,46.98550583600007],[16.282428267000057,46.99539978100006],[16.283193179000023,47.004515765000065],[16.289299093000068,47.01342245300003],[16.295110174000058,47.01186877400005],[16.29874350800003,47.00607497300007],[16.298814497000023,47.00544482200007],[16.299268140000038,47.00141794800004],[16.303280142000062,46.99876100800003],[16.322468919000073,47.00256451300004],[16.341520068000023,46.99637611400004],[16.34271448000004,46.99907426000004],[16.347538462000045,47.00579225400003],[16.35025947300005,47.00958160000005],[16.364667349000058,47.00649191100007],[16.365503200000035,47.00570345800003],[16.372075161000055,46.99950416300004],[16.379862597000056,46.998740448000035],[16.386646744000075,47.00047199000005],[16.393653636000067,47.001475380000045],[16.41216401400004,47.004126074000055],[16.420914378000077,46.99738093000008],[16.424487584000076,46.99462655500008],[16.431655773000045,46.99413892100006],[16.445489547000022,46.993197843000075],[16.446171588000027,46.99724590100004],[16.446952735000025,47.00188217600004],[16.450785002000032,47.00291854100004],[16.461370294000062,46.99996789000005],[16.48188975200003,46.99424809000004],[16.48994496800003,46.999072254000055],[16.506653055000072,47.00102415100008],[16.50716242900006,47.00471502500005],[16.492268695000064,47.01107225800007],[16.483825083000056,47.019782529000054],[16.46366677700007,47.031603810000036],[16.462601281000047,47.031153964000055],[16.446028736000073,47.02415713000005],[16.440077401000053,47.02927384800006],[16.442871188000026,47.03391189700005],[16.44149331400007,47.03635028100007],[16.451246095000045,47.04008693000003],[16.476331866000066,47.046589065000035],[16.48884050600003,47.04806277900008],[16.507441895000056,47.050254315000075],[16.52056540800004,47.05618157300006],[16.51949648300007,47.06153902700004],[16.509492918000035,47.06641387800005],[16.497484018000023,47.069916842000055],[16.48834517000006,47.06895272300005],[16.48728720300005,47.06884111100004],[16.48380181400006,47.072208740000065],[16.481575058000033,47.07436026200003],[16.480744799000036,47.07439956500008],[16.472723588000065,47.074779274000036],[16.473953400000028,47.085171391000074],[16.46708602600006,47.08934902800007],[16.46447188600007,47.09473819900006],[16.465883444000042,47.09880721300004],[16.474113524000074,47.10400972100007],[16.482068695000066,47.10221024200007],[16.48434954000004,47.10858052100008],[16.49245514200004,47.109628318000034],[16.499614681000025,47.110553819000074],[16.499718518000066,47.11570185200003],[16.49987409700003,47.123415168000065],[16.510605886000064,47.12480571900005],[16.529331084000034,47.127232],[16.528357997000057,47.13626898000007],[16.516771160000076,47.14932292300006],[16.49104496900003,47.14879982400004],[16.48556301900004,47.14730932100008],[16.469748365000044,47.14300943100005],[16.454299673000037,47.14231009000008],[16.44968441900005,47.15110484100006],[16.453364086000022,47.15675189400008],[16.45851383300004,47.15869188400006],[16.459975964000023,47.15924269100003],[16.463333049000028,47.170934087000035],[16.45386036600007,47.185302861000025],[16.449650217000055,47.18764280600004],[16.439973791000057,47.18656131300003],[16.431655773000045,47.18563164400007],[16.428825777000043,47.18531534700003],[16.42109400100003,47.19322772400005],[16.421171301000072,47.19719724200007],[16.416898090000075,47.20533934900004],[16.419473353000058,47.20966139600006],[16.43032782800003,47.210280640000065],[16.431655773000045,47.210356399000034],[16.435630067000034,47.21058313100008],[16.438201200000037,47.22817258900005],[16.442746621000026,47.23373744100007],[16.44178048400005,47.24039308500005],[16.44081925200004,47.24701493500004],[16.43047787100005,47.25035464800004],[16.458817348000025,47.25505402600004],[16.460831042000052,47.25452352700006],[16.46710332400005,47.252871120000066],[16.478584236000074,47.26175386600005],[16.478160412000022,47.27478217200007],[16.48638704600006,47.27941554700004],[16.487363618000074,47.28393933700005],[16.463269409000077,47.334905304000074],[16.450388359000044,47.339192669000056],[16.448942226000042,47.339674004000074],[16.447597809000058,47.34149638300005],[16.443861231000028,47.34656137300004],[16.43376169100003,47.35291866800003],[16.443494783000062,47.35617055600005],[16.45233287700006,47.35709455600005],[16.454640121000068,47.36351879000006],[16.456653483000025,47.369124750000026],[16.452025755000022,47.37898179000007],[16.451835209000023,47.37938765100006],[16.45194671200005,47.37956999600004],[16.456247406000045,47.38660304900003],[16.449791466000022,47.395608638000056],[16.44748951100007,47.39881970600004],[16.44591451100007,47.40611344600006],[16.45869175100006,47.41298786400006],[16.485056112000052,47.408245916000055],[16.48714665500006,47.40478481800005],[16.486555148000036,47.403205943000046],[16.485011324000027,47.39908510300006],[16.48979818600003,47.39465729800003],[16.49602159600005,47.39515279500006],[16.497545693000063,47.39000215000004],[16.50891867400003,47.39631677700004],[16.509041972000034,47.40024066800004],[16.509183473000064,47.40474385400006],[16.51832592200003,47.410333542000046],[16.539580912000076,47.409530833000076],[16.542411834000063,47.40827795900003],[16.548458006000033,47.405602120000026],[16.572255358000064,47.40576254900003],[16.576034612000058,47.40753888900008],[16.577506828000026,47.41081434300003],[16.580906795000033,47.418378751000034],[16.591341587000045,47.42137507900003],[16.58789594900003,47.42278149100008],[16.601212618000034,47.42470634600005],[16.611805653000033,47.431630348000056],[16.617555216000028,47.43166963700003],[16.62004341000005,47.431686640000066],[16.622343585000067,47.43416319100004],[16.631125349000058,47.44361833800008],[16.64622008400005,47.44659693500006],[16.653465926000024,47.436348776000045],[16.667361390000053,47.42754145500004],[16.675798435000047,47.421664339000074],[16.678685435000034,47.42150333500007],[16.685756662000074,47.42110898300007],[16.687829645000022,47.41937898300006],[16.691158831000052,47.41660062500006],[16.700926391000053,47.41493328000007],[16.70396644300007,47.41563013700005],[16.708364390000042,47.416638258000035],[16.711755032000042,47.41382071800007],[16.716494296000064,47.40988250800007],[16.720963141000027,47.41219427000004],[16.720119621000038,47.41487309200005],[16.71933388700006,47.417368397000075],[16.725714027000038,47.421840995000025],[16.754561163000062,47.43557703500005],[16.75652496300006,47.433644608000066],[16.784521836000067,47.443196932000035],[16.788340489000063,47.439414930000055],[16.790488485000026,47.437287551000054],[16.794483698000022,47.438880737000034],[16.803382682000063,47.442429418000074],[16.808471428000075,47.437664409000035],[16.811418942000046,47.43490441000006],[16.81498194900007,47.435454065000044],[16.826680662000058,47.440636348000055],[16.843852593000065,47.44824315100004],[16.849434987000052,47.44686746100007],[16.855282543000044,47.438642093000055],[16.86607718500005,47.42345798800005],[16.869304568000075,47.42352083900005],[16.87251796700002,47.42295855700007],[16.87465856800003,47.42198806600004],[16.877359502000047,47.42008459200008],[16.877396499000042,47.420058518000076],[16.877812422000034,47.41970387500004],[16.879583049000075,47.418194123000035],[16.88235843800004,47.41478654000008],[16.885290153000028,47.412485968000055],[16.892024141000036,47.41595679200003],[16.892438063000043,47.417123513000035],[16.89326937100003,47.41946672100005],[16.903106385000058,47.420469627000045],[16.904246942000043,47.42299217800007],[16.91062975400007,47.41866960600004],[16.909918978000064,47.41622604600008],[16.909005574000048,47.41308587700007],[16.914683570000022,47.41381850600004],[16.91796868600005,47.414242383000044],[16.921862359000045,47.41137347400007],[16.931240655000067,47.41126551100007],[16.932568779000064,47.40681067500003],[16.93855519600004,47.401756213000056],[16.946993500000076,47.39463156800008],[16.948069230000044,47.399460572000066],[16.948337234000064,47.40066365400003],[16.969333463000055,47.414782485000046],[16.980152838000038,47.41858444500008],[16.99334149200007,47.424423829000034],[16.99668704900006,47.42590510200006],[16.997476775000052,47.42670403600005],[17.00679148300003,47.43612735900007],[17.00923474500007,47.43619256000005],[17.023274499000024,47.440604550000046],[17.05481126600006,47.46054085900005],[17.059311800000046,47.45180404100006],[17.060680469000033,47.449147065000034],[17.062256122000065,47.44798760500004],[17.07075872000007,47.44173088100007],[17.065087153000036,47.43690710300007],[17.058583639000062,47.43137573900003],[17.059160837000036,47.42552148500005],[17.059603569000046,47.421031060000075],[17.048924587000045,47.40385539700003],[17.047561788000053,47.40267255400005],[17.044168959000046,47.39972774600005]]]]}},{"type":"Feature","properties":{"NUTS_ID":"HU223","LEVL_CODE":3,"CNTR_CODE":"HU","NAME_LATN":"Zala","NUTS_NAME":"Zala","MOUNT_TYPE":null,"URBN_TYPE":3,"COAST_TYPE":null,"NAME_ENGL":"Hungary","NAME_FREN":"Hongrie","ISO3_CODE":"HUN","SVRG_UN":"UN Member State","CAPT":"Budapest","EU_STAT":"T","EFTA_STAT":"F","CC_STAT":"F","NAME_GERM":"Ungarn","region_id":"hungary_zala","region_id_match_status":"sandbox_pre_matched_pending_verification"},"geometry":{"type":"MultiPolygon","coordinates":[[[[17.079912437000075,47.04600639700004],[17.123449227000037,47.01747182100007],[17.14158489700003,47.01370082700004],[17.142192360000024,47.00486828800007],[17.14220971700007,47.004615914000055],[17.144216036000046,47.00050634100006],[17.16222728300005,46.99851188800005],[17.17726298300005,46.99695205000006],[17.179491435000045,46.999336880000044],[17.18379314200007,46.99652865500008],[17.18859523200007,46.998053061000064],[17.19914970900004,46.99896176500005],[17.202710758000023,47.00233588300006],[17.206172283000058,47.00561570100007],[17.208971537000025,47.00036450600004],[17.20983350000006,46.998747527000035],[17.21422162400006,46.99739903300008],[17.220790400000055,46.99538041300008],[17.230022803000054,46.985447589000046],[17.230660089000025,46.98303462500007],[17.230112177000024,46.98185457500006],[17.22963823400005,46.98083383300008],[17.23278093500005,46.97863366000007],[17.244289717000072,46.970576478000055],[17.24750620900005,46.96084401500008],[17.247969640000065,46.95672784700008],[17.242995334000057,46.95513938100004],[17.238961672000073,46.95385129400006],[17.239457273000028,46.94577839300007],[17.239590503000045,46.94360819800005],[17.23838716100005,46.94294709400003],[17.23385839900004,46.94045903700004],[17.226364613000044,46.93029752600006],[17.230519746000027,46.91991342400007],[17.256235282000034,46.91690598200006],[17.270190786000057,46.918405619000055],[17.275182935000032,46.91933637300008],[17.28210193700005,46.92062637600003],[17.295843536000064,46.913735587000076],[17.303133440000067,46.90685542800003],[17.30417118500003,46.90323932500007],[17.30567485100005,46.89799968800003],[17.315317854000057,46.89494025600004],[17.32076822600004,46.893211019000034],[17.325357549000046,46.88807738500003],[17.325336014000072,46.881095264000066],[17.324107183000024,46.880221481000035],[17.317464305000044,46.87549794500006],[17.320481572000062,46.87105904900005],[17.329525881000052,46.86648700400008],[17.33054131700004,46.86597368500003],[17.33478589300006,46.85784685900006],[17.331851291000078,46.85493693900003],[17.330257967000023,46.85335701500003],[17.325165294000044,46.84383808300004],[17.32581403300003,46.830156197000065],[17.332936978000077,46.826266528000076],[17.34748366200006,46.818322935000026],[17.353624280000076,46.81297356500005],[17.356425125000044,46.80564730200007],[17.358190714000045,46.801028994000035],[17.361086611000076,46.793454103000045],[17.395337494000046,46.77148782100005],[17.417242981000072,46.75743907100008],[17.419067436000034,46.75065633400004],[17.408898833000023,46.75003249200006],[17.397431684000026,46.748364888000026],[17.38530927000005,46.74383714900006],[17.378241094000032,46.73751818200003],[17.378088363000074,46.73738164000008],[17.372230927000032,46.73420750900004],[17.36144151900004,46.731658964000076],[17.350139186000035,46.73161857000008],[17.34643588800003,46.73184223900006],[17.340753205000055,46.73218545700007],[17.334569635000037,46.732347032000064],[17.310656935000054,46.73311793100004],[17.29857147900003,46.73503657300006],[17.289726392000034,46.73438585200006],[17.27745764200006,46.73396960500003],[17.268943399000023,46.73248742000004],[17.259285008000063,46.700830007000036],[17.259091243000057,46.69852388100003],[17.25843096500006,46.690665453000065],[17.256820271000038,46.68727855700007],[17.249773668000046,46.683720476000076],[17.244886145000066,46.67937714200008],[17.23915274500007,46.677494796000076],[17.221494361000055,46.67169733000003],[17.21995258900006,46.663881382000056],[17.220444213000064,46.66005822900007],[17.221106795000026,46.65490561400003],[17.219685196000057,46.651723437000044],[17.218041122000045,46.648043261000055],[17.218920497000056,46.64332626000004],[17.220872058000054,46.63285801400008],[17.21902712600007,46.62602394100003],[17.216478830000028,46.61651424900003],[17.214855302000046,46.61045559200005],[17.215994025000043,46.59894703200007],[17.216867270000023,46.59561096200008],[17.216932474000032,46.595361860000025],[17.21891774900007,46.58477002600006],[17.219377234000035,46.580200415000036],[17.21938722300007,46.57805587400003],[17.219420115000048,46.569089174000055],[17.219444159000034,46.562534518000064],[17.219999037000036,46.558945564000055],[17.222168106000026,46.53289200300003],[17.22308743700006,46.53098897000007],[17.22548961600006,46.52601641000007],[17.22613416100006,46.51152546900005],[17.221462896000048,46.50434985900006],[17.21876641800003,46.49941008300004],[17.213973337000027,46.49510737800006],[17.204599161000033,46.49269914700005],[17.200223294000068,46.48513333200003],[17.195450248000043,46.48541370000004],[17.19089869100003,46.48568105800007],[17.188969787000076,46.47369271800005],[17.190599758000076,46.47075571700003],[17.192363509000074,46.46757766300004],[17.194620479000037,46.46534782900005],[17.19444767300007,46.462054856000066],[17.193289076000042,46.44466621600003],[17.187540913000078,46.42907217100003],[17.17786133000004,46.43192469000007],[17.163857456000073,46.430237412000054],[17.16247901500003,46.43005738700003],[17.141202346000057,46.42727865000006],[17.138807530000065,46.419557574000066],[17.13872273900006,46.41816570000003],[17.138632726000026,46.416688100000044],[17.13896485400005,46.41068147900006],[17.138802036000072,46.40760663400005],[17.115793112000063,46.40625251300003],[17.112855726000078,46.41214847200007],[17.111889803000054,46.41408728600004],[17.08636430400003,46.42059563000004],[17.080393827000023,46.415912227000035],[17.07892739600004,46.41099588600008],[17.077139920000036,46.40500321700006],[17.06833101500007,46.40147089100003],[17.055441501000075,46.40831639800007],[17.055381152000052,46.40848745200003],[17.052588653000043,46.41640251800004],[17.039201650000052,46.41591625600006],[17.029152922000037,46.396214873000076],[17.033597873000076,46.39319401300003],[17.041782116000036,46.387631870000064],[17.04546123800003,46.37814892500006],[17.045560443000056,46.37019422600008],[17.05421183800007,46.367668544000026],[17.052783439000052,46.36575754900008],[17.057278901000075,46.353568],[17.05830375200003,46.34929989600005],[17.057864744000028,46.33972759400007],[17.053198375000022,46.339089331000025],[17.045479229000023,46.33803351200004],[17.03735428400006,46.32826274900003],[17.03669474900005,46.32195687800004],[17.037256941000066,46.31992113100006],[17.038465538000025,46.31554469200006],[17.019986695000057,46.307627954000054],[17.012776324000072,46.305173643000046],[17.00780684500006,46.306583954000075],[17.00589010300007,46.30959644100005],[17.00498321500004,46.31102177100007],[16.984704736000026,46.31530932800007],[16.977023789000043,46.30577909500005],[16.96746885300007,46.30501798700004],[16.963864916000034,46.30270606100004],[16.95482011300004,46.29690381800003],[16.946226360000026,46.29139092400004],[16.938661463000074,46.29371211700004],[16.934631697000043,46.303172963000065],[16.935666439000045,46.306954234000045],[16.93609721200005,46.30852841300003],[16.93376950000004,46.31629396100004],[16.92461035900004,46.31551062500006],[16.89826283700006,46.313257253000074],[16.88793584800004,46.31935564100007],[16.87832795500003,46.325029381000036],[16.87604351500005,46.32060245200006],[16.87349289900004,46.32528580800005],[16.875855501000046,46.32938906900006],[16.879184916000042,46.33517144600006],[16.87570370700007,46.33648303700005],[16.872640300000057,46.337637216000076],[16.87255318700005,46.33864734800005],[16.872169943000074,46.343091308000055],[16.86344706500006,46.346339157000045],[16.86512695400006,46.354051163000065],[16.854754874000037,46.350440985000034],[16.84964360200007,46.36121741900007],[16.841744299000027,46.36380610000003],[16.83692366300005,46.36538587100006],[16.836610541000027,46.36907975300005],[16.83620286400003,46.37388910900006],[16.832329061000053,46.37139975100007],[16.82743350800007,46.36825380300007],[16.822083836000047,46.372730051000076],[16.814240459000075,46.37169981000005],[16.810802632000048,46.376751143000035],[16.804475402000037,46.37698696900003],[16.802574263000054,46.37814892500006],[16.80155993300002,46.382303713000056],[16.801040749000038,46.38443033900006],[16.794504078000045,46.38644225100006],[16.787619480000046,46.385383432000026],[16.784303617000035,46.38313056700008],[16.778657973000065,46.37929480100007],[16.77444229300005,46.38254763400005],[16.771615564000058,46.38472874800004],[16.766772278000076,46.38409262000005],[16.76448520100007,46.38195904000003],[16.761613668000052,46.37928023000006],[16.756121103000055,46.38514805800003],[16.753902507000078,46.38751823300004],[16.752373572000067,46.38730111600006],[16.74218253600003,46.385853937000036],[16.73954456000007,46.39467173300005],[16.738601687000028,46.39782341400007],[16.733934821000048,46.40068577800008],[16.725962434000053,46.39976605800007],[16.724021467000057,46.39659296000008],[16.72165827500004,46.39272960800008],[16.718072004000078,46.39237779300004],[16.695490506000056,46.419543591000036],[16.685516543000062,46.43154238300008],[16.67471245100006,46.44494332600004],[16.670251910000047,46.44857327100004],[16.669337848000055,46.44852449100006],[16.661553876000028,46.448109086000045],[16.664935137000043,46.45340332600006],[16.666457903000037,46.45578761100006],[16.66307037300004,46.45962663800003],[16.651213536000057,46.46353277900005],[16.64371243100004,46.46308047100007],[16.631111091000037,46.462320626000064],[16.625926117000063,46.467942289000064],[16.625723055000037,46.46816245400004],[16.625438901000052,46.46807546800005],[16.615647697000043,46.46507815800004],[16.607748843000024,46.47291097400006],[16.605100434000065,46.47553724200003],[16.596804964000057,46.47590244000003],[16.584922781000046,46.47725206100006],[16.568488466000076,46.48770590600003],[16.567588666000063,46.488278267000055],[16.566002446000027,46.48874218000003],[16.556424220000054,46.49154346800003],[16.524844975000065,46.50507004600007],[16.529467569000076,46.50980988100008],[16.532170130000054,46.512580987000035],[16.52925512400003,46.515004488000045],[16.52501882300004,46.518526499000075],[16.528803700000026,46.52604252200007],[16.531497256000023,46.53139139400008],[16.525381880000054,46.533843180000076],[16.518446036000057,46.53662390900007],[16.51879468100003,46.54489760100006],[16.51899609700007,46.54967738700003],[16.516480985000044,46.555431586000054],[16.508419520000075,46.56526891500005],[16.502209419000053,46.56423567500008],[16.494948065000074,46.56302752600004],[16.48367531100007,46.566574795000065],[16.48229029400005,46.57741412900003],[16.481975490000025,46.579877827000075],[16.474451135000038,46.58645600600005],[16.46862421900005,46.58692674000008],[16.461619007000024,46.59617018400007],[16.45329836800005,46.59986774600003],[16.44541862600005,46.61097949200007],[16.433662801000025,46.61314949000007],[16.431655773000045,46.61338010400004],[16.427144526000063,46.613898461000076],[16.42392271700004,46.61426865800007],[16.41728774300003,46.62041968900007],[16.40441757700006,46.632351130000075],[16.397657405000075,46.633407083000066],[16.392753613000025,46.63417306500003],[16.39037931000007,46.63822225600006],[16.38553181700007,46.651845722000076],[16.393412411000043,46.66180288000004],[16.39762834900006,46.66378269200004],[16.401091687000076,46.66156080600007],[16.404608952000046,46.65930432300007],[16.419797840000058,46.658479646000046],[16.41961271100007,46.66488046300003],[16.424097222000057,46.66800216100006],[16.421475701000077,46.67448632600008],[16.42662468900005,46.69188093000008],[16.426504524000052,46.69486092300008],[16.420253829000046,46.69589201200006],[16.402734560000056,46.69703915900004],[16.383521702000053,46.69829720100006],[16.368553271000053,46.70422941100003],[16.379197856000076,46.71265629000004],[16.370793261000074,46.722243537000054],[16.378515331000074,46.73266027500006],[16.392722712000023,46.74251304900008],[16.38916486000005,46.75319549400007],[16.389047125000047,46.753301976000046],[16.38354596800002,46.75827735800004],[16.387022044000048,46.76103097400005],[16.396364702000028,46.76843187400004],[16.405800527000054,46.771773014000075],[16.400419716000044,46.77580438900003],[16.38780340900007,46.77642706000006],[16.382815016000052,46.774605413000074],[16.369476424000027,46.76973446300008],[16.365206055000044,46.77247818400008],[16.361847786000055,46.78020847700003],[16.37705469100007,46.78103046000007],[16.380749602000037,46.785237589000076],[16.39272455100007,46.78870146700007],[16.411776530000054,46.78649470800008],[16.427454174000047,46.781047597000054],[16.431655773000045,46.77958777500004],[16.440620255000056,46.776473115000044],[16.463423947000024,46.78662602700007],[16.465976087000058,46.78680146000005],[16.490143310000065,46.79771557200007],[16.494793085000026,46.801028994000035],[16.505020329000047,46.808316914000045],[16.50438004700004,46.80955059200005],[16.505654003000075,46.824217428000054],[16.50574645000006,46.825281749000055],[16.502351598000075,46.833795803000044],[16.521833986000047,46.83888695700006],[16.523165494000068,46.83884903500007],[16.53788200100007,46.84142394000003],[16.540670615000067,46.84057261100003],[16.55139485600006,46.837298634000035],[16.560855111000023,46.84474283000003],[16.561613527000077,46.85053203200005],[16.56204944800004,46.85385953600007],[16.567210216000035,46.85679900900004],[16.567174172000023,46.86772551700005],[16.581102103000035,46.87054960800003],[16.58059893500007,46.875886827000045],[16.591881960000023,46.890627548000055],[16.61471838800003,46.90779008100003],[16.62361891300003,46.91545435900008],[16.629117251000025,46.92174763600008],[16.630323899000075,46.92538892600004],[16.638827426000034,46.92346031200003],[16.650987241000053,46.92070244700005],[16.662360464000074,46.928794769000035],[16.66799744800005,46.93280561900008],[16.68191358100006,46.933930573000055],[16.68720683500004,46.93665641900003],[16.69198074700006,46.93380761600008],[16.70064708600006,46.92863603100005],[16.706110463000073,46.92997199400003],[16.733383398000058,46.931138419000035],[16.733739763000074,46.93137990200006],[16.735923052000032,46.932859360000066],[16.73725755600003,46.932677924000075],[16.74174203000007,46.931919090000065],[16.74727283200002,46.93155996200005],[16.751847974000043,46.93032715800007],[16.75345590200004,46.92989389000007],[16.756800654000074,46.92950439300006],[16.760120433000054,46.92868344000004],[16.765189752000026,46.92859066800003],[16.775131610000074,46.92766089700007],[16.777001015000053,46.92511605100003],[16.779660534000072,46.92621845700006],[16.783000291000064,46.92840307800003],[16.786546317000045,46.931905107000034],[16.786330427000053,46.93943311700008],[16.78610281400006,46.94736989200004],[16.798731617000044,46.94810040500005],[16.81384072800006,46.948974392000025],[16.816240178000044,46.95140187100003],[16.817295692000073,46.96107498200007],[16.81885860400007,46.97539807800007],[16.81954833100002,46.975355481000065],[16.824098078000077,46.973083117000044],[16.837894706000043,46.98003450200008],[16.84287985900005,46.977313656000035],[16.84423977600005,46.97498785300007],[16.847061996000036,46.97016114400003],[16.866112718000068,46.97225575400006],[16.87895474100003,46.96998776800007],[16.886730690000036,46.97195946900007],[16.896772690000034,46.97450575900007],[16.908507133000057,46.97252016200008],[16.91700777500006,46.97141453200004],[16.91802421500006,46.96972913800005],[16.92302636100004,46.96143490500003],[16.932568779000064,46.96188982600006],[16.968682693000062,46.96157687400006],[16.99149337500006,46.96409798700006],[16.992894628000045,46.96676740200007],[16.990043253000067,46.97093954300004],[16.987416198000062,46.970235099000035],[16.986210549000077,46.972871518000034],[16.98611793200007,46.97348754600006],[16.98552232000003,46.97744915900006],[16.984712727000044,46.980519670000035],[16.998091720000048,46.986582690000034],[17.010447553000063,46.992182040000046],[17.016169714000057,46.99878617600007],[17.020060612000066,46.99513514600005],[17.010392617000036,47.009844642000076],[17.00999107900003,47.010455568000054],[17.01031952900007,47.01911345900004],[17.00161249000007,47.03401746800006],[17.01540582900003,47.04205690800006],[17.02291720100004,47.03783144300007],[17.03739868100007,47.04115565500007],[17.041439809000053,47.03191164300006],[17.04469500400006,47.024465441000075],[17.056705065000074,47.030150967000054],[17.073764924000045,47.02502708900005],[17.07452856900005,47.04871338300006],[17.079912437000075,47.04600639700004]]]]}},{"type":"Feature","properties":{"NUTS_ID":"HU233","LEVL_CODE":3,"CNTR_CODE":"HU","NAME_LATN":"Tolna","NUTS_NAME":"Tolna","MOUNT_TYPE":null,"URBN_TYPE":3,"COAST_TYPE":null,"NAME_ENGL":"Hungary","NAME_FREN":"Hongrie","ISO3_CODE":"HUN","SVRG_UN":"UN Member State","CAPT":"Budapest","EU_STAT":"T","EFTA_STAT":"F","CC_STAT":"F","NAME_GERM":"Ungarn","region_id":"hungary_tolna","region_id_match_status":"sandbox_pre_matched_pending_verification"},"geometry":{"type":"MultiPolygon","coordinates":[[[[18.998833458000036,46.68759649400005],[18.97317632200003,46.65857964600008],[18.95579469200004,46.64845660700007],[18.953654052000047,46.651996688000054],[18.953401582000026,46.652414210000074],[18.949599249000073,46.65101636900005],[18.917018150000047,46.63903866700008],[18.89398466700004,46.63757057400005],[18.885946749000027,46.63705825900007],[18.877251217000037,46.63049297200007],[18.87505517900007,46.628449885000066],[18.872097993000068,46.62430208200004],[18.86878570500005,46.62054501500006],[18.865876465000042,46.61874717000006],[18.86230047300006,46.615813066000044],[18.861201704000052,46.614017122000064],[18.859680909000076,46.610425399000064],[18.859083578000025,46.606278960000054],[18.859506105000037,46.60307104200007],[18.863757840000062,46.59592743200005],[18.866638112000032,46.592400405000035],[18.870238146000077,46.589341974000035],[18.872983001000023,46.58701006600006],[18.877399052000044,46.58243000200008],[18.880730318000076,46.578465427000026],[18.884066080000025,46.57520608100003],[18.889268749000053,46.569286988000044],[18.890130783000075,46.56711042500007],[18.893012054000053,46.564007669000034],[18.895370910000054,46.559512889000075],[18.896909686000072,46.55007191900006],[18.897143424000035,46.54802408100005],[18.896126064000043,46.543580536000036],[18.89560115200004,46.53884152100005],[18.896548590000066,46.533623145000035],[18.896004309000034,46.53263900600007],[18.895501764000073,46.53173033400003],[18.895156151000037,46.52707206700006],[18.89530048900002,46.52280241100004],[18.896007697000073,46.51879807900008],[18.89892542700005,46.51351006700003],[18.902525784000034,46.50887390300005],[18.907135226000037,46.50293834400003],[18.911620199000026,46.496711563000076],[18.91722791500007,46.49101600600005],[18.922093462000078,46.47468211200004],[18.923923910000042,46.46397039100003],[18.92341198400004,46.46017503300004],[18.91991590200007,46.44957263800006],[18.91614512800004,46.44279185800008],[18.913129008000055,46.43862434400006],[18.91026395800003,46.43523961300008],[18.906806594000045,46.43115512900005],[18.902341598000078,46.42539797100005],[18.899958769000023,46.42121191200005],[18.892845241000032,46.414489927000034],[18.88871437000006,46.41102101300004],[18.885259243000064,46.40285610900003],[18.885563244000025,46.39395883600008],[18.889415479000036,46.38379482300007],[18.891555315000062,46.37814892500006],[18.892513113000064,46.37396866600005],[18.89326377200007,46.369053585000074],[18.89364484500004,46.36402846300007],[18.893605281000077,46.363464203000035],[18.893420097000046,46.36082311700005],[18.89779069800005,46.33805561400004],[18.899098233000075,46.33394216600004],[18.904812829000036,46.327358074000074],[18.90542408700003,46.32675699400005],[18.907884886000033,46.324337169000046],[18.911084300000027,46.32212803300007],[18.915233150000063,46.31889711800005],[18.921596436000073,46.30787908600007],[18.917468645000042,46.29015749200005],[18.912363866000078,46.27378099100008],[18.910626834000027,46.261718667000025],[18.904799702000048,46.25887255300006],[18.89007069200005,46.26033080700006],[18.880638400000066,46.26619463600008],[18.874063265000075,46.27028224000003],[18.86422981100003,46.267365349000045],[18.864869567000028,46.25868137300006],[18.86859726600005,46.25382331700007],[18.869894517000034,46.252132698000025],[18.876086650000047,46.24406291300005],[18.875063296000064,46.24143108000004],[18.873229147000075,46.23671406700004],[18.864597399000047,46.23315464400008],[18.86119485100005,46.23379725500007],[18.853367510000055,46.23527553900004],[18.843069202000038,46.22411332200005],[18.830967589000068,46.21857191300006],[18.82262593400003,46.20678504000006],[18.832165849000035,46.20117971700006],[18.84863114600006,46.20800515600007],[18.858335414000067,46.21416862900003],[18.87043645600005,46.22185436500007],[18.871084756000073,46.21425707800006],[18.867635806000067,46.20847974800006],[18.865453939000076,46.204824907000045],[18.867447860000027,46.19983555700003],[18.86991001800004,46.19367454500008],[18.86183191300006,46.19279217400003],[18.85418969600005,46.19195741600004],[18.851414085000044,46.18621185400008],[18.850739587000078,46.18481563200004],[18.84628775400006,46.18297385600005],[18.843803664000063,46.18194615900006],[18.838092133000032,46.164676917000065],[18.83789984400005,46.15195624000006],[18.837746491000075,46.14181137400004],[18.811432704000026,46.11674508800007],[18.819271696000044,46.10914148000006],[18.80229122700007,46.10876509900004],[18.781100072000072,46.10896669500005],[18.77909291700007,46.11014575400003],[18.772660133000045,46.113924549000046],[18.75553766300004,46.11154765200007],[18.746793361000073,46.11033379000003],[18.740580152000064,46.11409871400008],[18.729413063000038,46.120865465000065],[18.721524029000022,46.11921218400005],[18.721224177000067,46.11914934500004],[18.720661565000057,46.11944361500008],[18.70715734500004,46.12650691300007],[18.692653435000068,46.13384693300003],[18.69178552900007,46.127192136000076],[18.691772181000033,46.12708979000007],[18.687483894000025,46.12448884300005],[18.681075762000035,46.135127038000064],[18.678870059000076,46.138788745000056],[18.666360068000074,46.14631070300004],[18.657479521000027,46.151650363000044],[18.652365926000073,46.15694600100005],[18.64062166700006,46.16910835300007],[18.627795397000057,46.17561916400007],[18.619898784000043,46.179627606000054],[18.617292875000032,46.183536272000026],[18.612716188000036,46.19040095400004],[18.603154587000063,46.18614916900003],[18.593870554000034,46.182020812000076],[18.58181402500003,46.19477815700003],[18.57005849500007,46.19886862300007],[18.57080824600007,46.20350902900003],[18.565316347000078,46.21165580700006],[18.567819325000073,46.21370302100007],[18.57076220600004,46.21611003600003],[18.56828498300007,46.22294351100004],[18.560490732000062,46.22122550200004],[18.55231053800003,46.219422423000026],[18.528573988000062,46.23173644900004],[18.535440167000047,46.24013575400005],[18.53649905700007,46.24143108000004],[18.537786434000054,46.24300591000008],[18.538433720000057,46.25382331700007],[18.539258502000052,46.267607025000075],[18.542165755000042,46.27324935000007],[18.532263831000023,46.27644509600003],[18.531263014000046,46.27295202700003],[18.53048032600003,46.27022027500004],[18.52535359700005,46.26902538300004],[18.515907855000023,46.273131540000065],[18.519030224000062,46.279971583000076],[18.519042658000046,46.27999882100005],[18.517546163000077,46.28424482300005],[18.50536605900004,46.291616039000075],[18.485337119000064,46.29424124900004],[18.478746830000034,46.30079053500003],[18.477223038000034,46.30033058200007],[18.480317219000028,46.28590876100003],[18.48040278700006,46.285509931000036],[18.479792298000064,46.27073842100003],[18.46455241700005,46.26434353700006],[18.46394941400007,46.26409050800004],[18.461320322000063,46.26073265500003],[18.461622915000078,46.26033616900003],[18.466033198000048,46.254557412000054],[18.45697596100007,46.253979438000044],[18.45452943300006,46.25382331700007],[18.443781517000048,46.25313745500006],[18.44568466900006,46.24754763300007],[18.445814238000025,46.24716706900006],[18.433009498000047,46.24143108000004],[18.432547887000055,46.24122429700003],[18.419353598000043,46.23531380600008],[18.416514075000066,46.23404181800004],[18.40593747500003,46.22841548700006],[18.38325085500003,46.21634710500007],[18.36461124400006,46.21898486400005],[18.359923498000057,46.224322888000074],[18.361293962000047,46.228679517000046],[18.373114330000078,46.23163478300006],[18.392252373000076,46.23641957600006],[18.399321151000038,46.24143108000004],[18.40298135200004,46.244026028000064],[18.40660010000005,46.25382331700007],[18.411755151000023,46.267779946000076],[18.419353598000043,46.27613578200004],[18.420764560000066,46.277687384000046],[18.419353598000043,46.28067732000005],[18.414391455000043,46.29119248600006],[18.40008472200003,46.28724312200006],[18.397883456000045,46.28663546400003],[18.375805366000066,46.294092576000025],[18.37280156500003,46.29994895200008],[18.376079255000036,46.313103055000056],[18.37332947400006,46.32254089400004],[18.37283852400003,46.325808497000025],[18.37293991000007,46.328128535000076],[18.381457002000047,46.33233792600004],[18.38913975500003,46.33613496300006],[18.388643811000065,46.34350203400004],[18.387138997000022,46.34774749300004],[18.386054712000032,46.350025576000064],[18.384111989000075,46.35087507600008],[18.376915433000022,46.35310648300003],[18.375939049000067,46.35587858800005],[18.36207223200006,46.358217195000066],[18.351083905000053,46.36007035100005],[18.35047009300007,46.36147557500004],[18.341419264000024,46.37814892500006],[18.342069480000077,46.38999323000007],[18.34357603600006,46.392616574000044],[18.346270394000044,46.39730822000007],[18.33771488800005,46.40871757900004],[18.330921475000025,46.408529016000045],[18.32132775300005,46.41398444500004],[18.312110655000026,46.41671510300006],[18.289663072000053,46.40905084600007],[18.286499286000037,46.40797063800005],[18.275180971000054,46.40645985100008],[18.266709525000067,46.40163454800006],[18.255352693000077,46.402743832000056],[18.25256831300004,46.403114412000036],[18.249503748000052,46.403952341000036],[18.24937223300003,46.404018980000046],[18.246995060000074,46.40522350200007],[18.24319831500003,46.407677920000026],[18.241529685000046,46.405579601000056],[18.238857679000034,46.40306791800003],[18.23754926500004,46.40254242700007],[18.237091159000045,46.40235844000006],[18.23668894900004,46.402434983000035],[18.22921698400006,46.40385694200006],[18.220409854000025,46.40566363200003],[18.18547201000007,46.397515836000025],[18.18719103600006,46.37814892500006],[18.188067601000057,46.368273362000025],[18.189577201000077,46.36356511000008],[18.19376391700007,46.36051506800004],[18.20194390200004,46.35455591200008],[18.199117717000036,46.33181135500007],[18.187730806000047,46.33216255600007],[18.18055649100006,46.332383830000026],[18.169241616000022,46.32463773100005],[18.16194478700004,46.31964236400006],[18.158404782000048,46.320227301000045],[18.15658517600008,46.32052796600004],[18.15326460500006,46.32618201400004],[18.152002020000054,46.324076078000076],[18.15404647400004,46.31962787800006],[18.154186073000062,46.31932414700003],[18.143693072000076,46.31646138700006],[18.139696483000023,46.31837409800005],[18.131884210000067,46.322112943000036],[18.11762205100007,46.31956559900004],[18.11093949900004,46.31173206100004],[18.117161719000023,46.30025249900007],[18.115170896000052,46.293367302000036],[18.117195674000072,46.29242466200003],[18.12312756700004,46.28966305600005],[18.131932513000038,46.29148859000003],[18.122360241000024,46.28116854000007],[18.118983025000034,46.282599954000034],[18.114132507000022,46.28449373900003],[18.11012220400005,46.29265220100007],[18.10977422700006,46.29336011600003],[18.100188495000054,46.30163975900007],[18.08243090600007,46.30023064300008],[18.080627467000056,46.298473253000054],[18.074509516000035,46.29251152000006],[18.060750082000027,46.29404505200006],[18.05824909100005,46.29208148200007],[18.052896091000036,46.29581434900007],[18.07410872400004,46.30707768700006],[18.07473991300003,46.31232096400004],[18.075349317000075,46.317383266000036],[18.08138315700006,46.32369175800005],[18.086636560000045,46.32918428700003],[18.08103299100003,46.35610978300008],[18.080592618000026,46.35822580200005],[18.080676992000065,46.358952413000054],[18.081544484000062,46.366423044000044],[18.07159482000003,46.365521483000066],[18.065007018000074,46.36492454800003],[18.064460388000043,46.368457196000065],[18.06418893400007,46.370211493000056],[18.060286808000058,46.375144043000034],[18.058392389000062,46.37814892500006],[18.05113020600004,46.39190596700007],[18.040613337000025,46.38774307300008],[18.033473358000037,46.38491685400004],[18.03125407400006,46.38684047500004],[18.02898889900007,46.38880387300003],[18.021447567000052,46.38589474500003],[18.013952236000023,46.38300336200007],[18.011221498000054,46.39005640100004],[18.001308573000074,46.400420876000055],[18.01153441300005,46.404917183000066],[18.015648987000077,46.40431926100007],[18.019973884000024,46.40369077500003],[18.021126603000027,46.407043283000064],[18.02131409800006,46.40758858200007],[18.039962246000073,46.41730965100004],[18.041014122000036,46.41693335700006],[18.04672263300006,46.41489121600006],[18.050226388000056,46.42130965400003],[18.066531309000027,46.42301010800003],[18.06539194900006,46.42905646300005],[18.06470973200004,46.432676849000075],[18.065164034000077,46.43327615100003],[18.067921252000076,46.43691339900005],[18.052201984000078,46.461502849000055],[18.052188613000055,46.46152376500004],[18.05218621100005,46.46153719600005],[18.050229784000067,46.472478538000075],[18.04071710200003,46.49310805700003],[18.035745536000036,46.49733909300005],[18.03081883300007,46.501531949000025],[18.034440414000073,46.50299445500008],[18.037386473000026,46.50418416500003],[18.03549915700006,46.51613453300007],[18.032605481000076,46.534457115000066],[18.037699128000042,46.543438398000035],[18.039074327000037,46.54586319200007],[18.038432604000036,46.55254157600007],[18.03763918900006,46.56079862200005],[18.043550525000057,46.55723966200003],[18.04972714200005,46.55352098800006],[18.06300126600007,46.55657763800008],[18.07166909700004,46.56468198300007],[18.07956958400007,46.58156960400004],[18.084450727000046,46.58287144600007],[18.086309872000072,46.59787644700003],[18.080411278000042,46.60507732700006],[18.07397422300005,46.61293554900004],[18.070642702000043,46.62117241200008],[18.077059211000062,46.62466421500005],[18.08795167100004,46.63059178800006],[18.090213041000027,46.63984613400004],[18.090613880000035,46.64148651100004],[18.092330078000032,46.64228958100006],[18.10743846400004,46.64935932900005],[18.103355367000063,46.65501477500004],[18.101514603000055,46.65756439300003],[18.107627938000064,46.660786115000064],[18.113155714000072,46.670620916000075],[18.11898995400003,46.67305993900004],[18.130301865000035,46.67778892100006],[18.129093220000073,46.68472095100003],[18.128790215000038,46.686458800000025],[18.13200437000006,46.69337426200008],[18.13703988700007,46.69389285400007],[18.13919392400004,46.69411469200003],[18.138983405000033,46.69613602700008],[18.138577788000077,46.70003061700004],[18.14078611700006,46.70098456000005],[18.14533717300003,46.70295050200008],[18.14083796400007,46.708026962000076],[18.136014509000063,46.70693503700005],[18.129482363000022,46.70545630200007],[18.11379833600006,46.73019140000008],[18.11763116700007,46.72986015500004],[18.120194536000042,46.72963862000006],[18.135819843000036,46.73594688600008],[18.136861144000022,46.74011697600008],[18.137393892000034,46.742250468000066],[18.14782487100007,46.74864156800004],[18.15240104000003,46.74578061300008],[18.15637722100007,46.74329476100007],[18.171899721000045,46.74488441500006],[18.17154475700005,46.75382744700005],[18.169940498000074,46.75752911700005],[18.165907436000055,46.76683501200006],[18.173562032000063,46.77129918500003],[18.179069611000045,46.770929831000046],[18.18571460000004,46.770484199000066],[18.192474236000066,46.773975361000055],[18.19936758500006,46.77753558200004],[18.210897515000056,46.77816112900007],[18.251586315000054,46.78432503200003],[18.252185420000046,46.78634307100003],[18.252745725000068,46.78823041600003],[18.261805252000045,46.79198750000006],[18.267570056000068,46.79931502900007],[18.27104287700007,46.801028994000035],[18.303936244000056,46.81726308400005],[18.30929312300003,46.81165383200005],[18.309365210000067,46.80447615500003],[18.309399830000075,46.801028994000035],[18.32011317100006,46.79076136200007],[18.330688053000074,46.788358395000046],[18.338069490000066,46.786681085000055],[18.350796984000056,46.78120560600007],[18.365194939000048,46.775011481000035],[18.370196687000032,46.78194386700005],[18.373127340000053,46.786005731000046],[18.381656262000035,46.79009264900003],[18.386991585000033,46.78332689000007],[18.394997755000077,46.78430844900004],[18.39623788600005,46.776074780000044],[18.39692848800007,46.77148962500007],[18.40204151000006,46.76999092800003],[18.404982380000035,46.786106964000055],[18.407705366000073,46.801028994000035],[18.408152447000077,46.803479012000025],[18.41049764400003,46.801028994000035],[18.419353598000043,46.79177721500008],[18.42178616700005,46.78923592000007],[18.420385839000062,46.78383188500004],[18.419441032000066,46.78018576100004],[18.42150466800007,46.77564805700007],[18.42519431100004,46.767534943000044],[18.423390780000034,46.761851827000044],[18.420739353000045,46.75349690100006],[18.436584582000023,46.747426517000065],[18.443522807000022,46.744367630000056],[18.44743542200007,46.74297433700008],[18.46238416800003,46.739664996000045],[18.466679363000026,46.74183209200004],[18.479626599000028,46.74836448500008],[18.489747024000053,46.74512077600008],[18.48981662800003,46.74509846700005],[18.49042432500005,46.74521733600005],[18.500016738000056,46.74709367200006],[18.501059222000038,46.74673352000008],[18.50770337800003,46.74443813200003],[18.511703212000043,46.74723319200007],[18.50831887000004,46.75583816000005],[18.505144675000054,46.76390881400005],[18.556586094000068,46.78439014600008],[18.567294138000022,46.768318253000075],[18.573357849000047,46.75921712200005],[18.583454651000068,46.75647182200004],[18.586153875000036,46.75573790900006],[18.588035710000042,46.75458143900005],[18.600754332000065,46.74676529000004],[18.606872612000075,46.74680835300006],[18.613305527000023,46.74685363100008],[18.61450218600004,46.74683241300005],[18.61914448300007,46.73028554100006],[18.626812347000055,46.72446085900003],[18.62181030200003,46.72108458800005],[18.620621335000067,46.720282061000034],[18.62335572300003,46.71663943900006],[18.63008459400004,46.70767555900005],[18.627826189000075,46.704217811000035],[18.630271853000067,46.70105527900006],[18.629689192000058,46.698422262000065],[18.628899532000048,46.694853830000056],[18.63627478500007,46.68721688800008],[18.676478803000066,46.69491235500004],[18.692378876000078,46.70467507800004],[18.700225614000033,46.70949301400003],[18.710490658000026,46.71745995200007],[18.716762974000062,46.71823169100003],[18.720739623000043,46.718720973000075],[18.730196337000052,46.72708317100006],[18.719790957000043,46.74342968700006],[18.712404465000077,46.755033627000046],[18.740523042000063,46.76128660300003],[18.74836567600005,46.767671739000036],[18.784483125000065,46.769192532000034],[18.797291330000064,46.76973184600007],[18.795384651000063,46.77500375400007],[18.792543970000054,46.78285814600008],[18.794872541000075,46.78745702100008],[18.80515566300005,46.79203817100006],[18.805775444000062,46.79223602800005],[18.819224318000067,46.79652940900007],[18.828445200000033,46.801028994000035],[18.83176419600005,46.803229447000035],[18.835406114000023,46.80469639100005],[18.840285146000042,46.80837365900004],[18.844319625000026,46.81041438800003],[18.852182812000024,46.81591952700006],[18.861842986000056,46.82203515600003],[18.865185739000026,46.82517814200003],[18.866357926000035,46.82940039600004],[18.866482715000075,46.830128966000075],[18.86672851000003,46.83156401900004],[18.868223493000073,46.832988458000045],[18.873295815000063,46.83782143500008],[18.86912178500006,46.842128616000025],[18.86187942300006,46.84960200900008],[18.88815849300005,46.85622904200005],[18.91457966300004,46.859150416000034],[18.92509709500007,46.85716859100006],[18.924075740000035,46.854143943000054],[18.924374405000037,46.83955315700007],[18.924430568000048,46.82492501100006],[18.927980411000078,46.816214615000035],[18.93338848800005,46.81261016500008],[18.950764750000076,46.801028994000035],[18.95615137900006,46.786579120000056],[18.959372452000025,46.781708354000045],[18.970937221000042,46.76422061200003],[18.97419741400006,46.764077548000046],[18.97731757200006,46.763940630000036],[18.979687933000037,46.755024235000064],[18.98360602300005,46.74028587600003],[18.989988029000074,46.73230961400003],[19.001605055000027,46.71779059900007],[19.00624365300007,46.70492296600003],[19.004567594000036,46.69427669000004],[18.998833458000036,46.68759649400005]]]]}},{"type":"Feature","properties":{"NUTS_ID":"HU231","LEVL_CODE":3,"CNTR_CODE":"HU","NAME_LATN":"Baranya","NUTS_NAME":"Baranya","MOUNT_TYPE":null,"URBN_TYPE":2,"COAST_TYPE":null,"NAME_ENGL":"Hungary","NAME_FREN":"Hongrie","ISO3_CODE":"HUN","SVRG_UN":"UN Member State","CAPT":"Budapest","EU_STAT":"T","EFTA_STAT":"F","CC_STAT":"F","NAME_GERM":"Ungarn","region_id":"hungary_baranya","region_id_match_status":"sandbox_pre_matched_pending_verification"},"geometry":{"type":"MultiPolygon","coordinates":[[[[18.32132775300005,46.41398444500004],[18.330921475000025,46.408529016000045],[18.33771488800005,46.40871757900004],[18.346270394000044,46.39730822000007],[18.34357603600006,46.392616574000044],[18.342069480000077,46.38999323000007],[18.341419264000024,46.37814892500006],[18.35047009300007,46.36147557500004],[18.351083905000053,46.36007035100005],[18.36207223200006,46.358217195000066],[18.375939049000067,46.35587858800005],[18.376915433000022,46.35310648300003],[18.384111989000075,46.35087507600008],[18.386054712000032,46.350025576000064],[18.387138997000022,46.34774749300004],[18.388643811000065,46.34350203400004],[18.38913975500003,46.33613496300006],[18.381457002000047,46.33233792600004],[18.37293991000007,46.328128535000076],[18.37283852400003,46.325808497000025],[18.37332947400006,46.32254089400004],[18.376079255000036,46.313103055000056],[18.37280156500003,46.29994895200008],[18.375805366000066,46.294092576000025],[18.397883456000045,46.28663546400003],[18.40008472200003,46.28724312200006],[18.414391455000043,46.29119248600006],[18.419353598000043,46.28067732000005],[18.420764560000066,46.277687384000046],[18.419353598000043,46.27613578200004],[18.411755151000023,46.267779946000076],[18.40660010000005,46.25382331700007],[18.40298135200004,46.244026028000064],[18.399321151000038,46.24143108000004],[18.392252373000076,46.23641957600006],[18.373114330000078,46.23163478300006],[18.361293962000047,46.228679517000046],[18.359923498000057,46.224322888000074],[18.36461124400006,46.21898486400005],[18.38325085500003,46.21634710500007],[18.40593747500003,46.22841548700006],[18.416514075000066,46.23404181800004],[18.419353598000043,46.23531380600008],[18.432547887000055,46.24122429700003],[18.433009498000047,46.24143108000004],[18.445814238000025,46.24716706900006],[18.44568466900006,46.24754763300007],[18.443781517000048,46.25313745500006],[18.45452943300006,46.25382331700007],[18.45697596100007,46.253979438000044],[18.466033198000048,46.254557412000054],[18.461622915000078,46.26033616900003],[18.461320322000063,46.26073265500003],[18.46394941400007,46.26409050800004],[18.46455241700005,46.26434353700006],[18.479792298000064,46.27073842100003],[18.48040278700006,46.285509931000036],[18.480317219000028,46.28590876100003],[18.477223038000034,46.30033058200007],[18.478746830000034,46.30079053500003],[18.485337119000064,46.29424124900004],[18.50536605900004,46.291616039000075],[18.517546163000077,46.28424482300005],[18.519042658000046,46.27999882100005],[18.519030224000062,46.279971583000076],[18.515907855000023,46.273131540000065],[18.52535359700005,46.26902538300004],[18.53048032600003,46.27022027500004],[18.531263014000046,46.27295202700003],[18.532263831000023,46.27644509600003],[18.542165755000042,46.27324935000007],[18.539258502000052,46.267607025000075],[18.538433720000057,46.25382331700007],[18.537786434000054,46.24300591000008],[18.53649905700007,46.24143108000004],[18.535440167000047,46.24013575400005],[18.528573988000062,46.23173644900004],[18.55231053800003,46.219422423000026],[18.560490732000062,46.22122550200004],[18.56828498300007,46.22294351100004],[18.57076220600004,46.21611003600003],[18.567819325000073,46.21370302100007],[18.565316347000078,46.21165580700006],[18.57080824600007,46.20350902900003],[18.57005849500007,46.19886862300007],[18.58181402500003,46.19477815700003],[18.593870554000034,46.182020812000076],[18.603154587000063,46.18614916900003],[18.612716188000036,46.19040095400004],[18.617292875000032,46.183536272000026],[18.619898784000043,46.179627606000054],[18.627795397000057,46.17561916400007],[18.64062166700006,46.16910835300007],[18.652365926000073,46.15694600100005],[18.657479521000027,46.151650363000044],[18.666360068000074,46.14631070300004],[18.678870059000076,46.138788745000056],[18.681075762000035,46.135127038000064],[18.687483894000025,46.12448884300005],[18.691772181000033,46.12708979000007],[18.69178552900007,46.127192136000076],[18.692653435000068,46.13384693300003],[18.70715734500004,46.12650691300007],[18.720661565000057,46.11944361500008],[18.721224177000067,46.11914934500004],[18.721524029000022,46.11921218400005],[18.729413063000038,46.120865465000065],[18.740580152000064,46.11409871400008],[18.746793361000073,46.11033379000003],[18.75553766300004,46.11154765200007],[18.772660133000045,46.113924549000046],[18.77909291700007,46.11014575400003],[18.781100072000072,46.10896669500005],[18.80229122700007,46.10876509900004],[18.797582504000047,46.103674529000045],[18.78921987600006,46.10085011700005],[18.785103356000036,46.09999962100005],[18.77987335100005,46.09891907300005],[18.769956465000064,46.09435300700005],[18.76760759700005,46.09182495300007],[18.765974218000053,46.086375986000064],[18.765685252000026,46.085411994000026],[18.76222413100004,46.07942199100006],[18.760711326000035,46.07509891800004],[18.756431623000026,46.06741439000007],[18.752692813000067,46.06300096800004],[18.74087567600003,46.051326268000025],[18.738231020000057,46.04871349000007],[18.73278612300004,46.04514199700003],[18.743356497000036,46.029358796000054],[18.75179704900006,46.029969676000064],[18.76326636500005,46.03079976200007],[18.770657450000044,46.02678447400007],[18.77484426700005,46.02450994000003],[18.781065256000034,46.025818240000035],[18.78900027700007,46.02748700800004],[18.798441742000023,46.02572469100005],[18.80717376700005,46.02409479600004],[18.816388803000052,46.02939131100004],[18.835913005000066,46.04061321200004],[18.844636270000024,46.03838211400006],[18.844746780000037,46.034726395000064],[18.844908436000026,46.02937872800004],[18.86042359100003,46.02368717500008],[18.86829425600007,46.020799914000065],[18.85390939200005,46.00284489000006],[18.838898201000063,45.98410809000006],[18.838963515000046,45.97748310900005],[18.838997380000023,45.97404806600008],[18.831984587000022,45.96564051000007],[18.825411820000056,45.95776049700004],[18.83248057900005,45.95580854900004],[18.83812628100003,45.95424956000005],[18.855954086000054,45.94305852600007],[18.84798850800007,45.94207558900007],[18.84375164000005,45.94678316000005],[18.839544077000028,45.94662378100003],[18.82708599800003,45.93815383200007],[18.816570269000067,45.93530440100005],[18.804599839000048,45.93206079200007],[18.80490770700004,45.926615370000036],[18.821305917000075,45.91438311600007],[18.817847792000066,45.91159037500006],[18.80867765000005,45.90358320400003],[18.811654017000023,45.89100375400005],[18.81224232200003,45.88851731400007],[18.809594627000024,45.88079251100004],[18.806425185000023,45.87912771200007],[18.789277436000077,45.87896888200004],[18.773752975000036,45.88749211900006],[18.761481848000074,45.88908761300007],[18.757401867000056,45.89524924800003],[18.756788846000063,45.89617503900007],[18.752341536000074,45.89725621900004],[18.735939552000048,45.901243684000065],[18.723633851000045,45.90458297300006],[18.719292739000025,45.90629164100005],[18.709290356000054,45.91284574100007],[18.70721859300005,45.91515236500004],[18.704624184000068,45.91804088400005],[18.69240188200007,45.91646237800006],[18.682661737000046,45.914272080000046],[18.669741376000047,45.911366636000025],[18.667643113000054,45.912995600000045],[18.662689745000023,45.91684109300007],[18.659542464000026,45.91487770500004],[18.660488241000053,45.90429874100005],[18.661195689000067,45.896385602000066],[18.651665240000057,45.89278115600007],[18.641061920000027,45.88877094600008],[18.64166074900004,45.88433457100007],[18.645162325000058,45.88222490100003],[18.648798084000077,45.87912822900006],[18.65236874800007,45.876087],[18.655225547000043,45.87427501900004],[18.63851765800007,45.868656215000044],[18.635045122000065,45.87159951000007],[18.630690033000064,45.875290851000045],[18.626905286000067,45.86631739300003],[18.623185206000073,45.85472262400003],[18.614789864000045,45.853267591000076],[18.619905086000074,45.84374916300004],[18.622208681000075,45.83946262400008],[18.616025536000052,45.837802141000054],[18.600757590000057,45.83370193600007],[18.60369479800005,45.82786562900003],[18.59190573500007,45.81958319100005],[18.574509034000073,45.81385356200008],[18.573461681000026,45.810279931000025],[18.57437248100007,45.80407852600007],[18.57493802700003,45.80022787100006],[18.568847687000073,45.80133781100005],[18.559997616000032,45.80295070100004],[18.55572533000003,45.79699572100003],[18.553947695000033,45.79451794200003],[18.54617502700006,45.793835597000054],[18.531276922000075,45.79252772500007],[18.52292253300004,45.78816255800007],[18.52207635800005,45.785861526000076],[18.521176008000054,45.78341317700006],[18.508349206000048,45.78576131700004],[18.505399624000063,45.78899067200007],[18.50080040100005,45.79402614000003],[18.490461701000072,45.79471608400007],[18.485716031000038,45.77989782900005],[18.481407106000063,45.76644330400006],[18.472681239000053,45.767203334000044],[18.456346720000056,45.76862608300007],[18.446356508000065,45.76109616200006],[18.447660273000054,45.75502351600005],[18.449828929000034,45.74492240300003],[18.44668548100003,45.738068111000075],[18.434490750000066,45.740001851000045],[18.427616214000068,45.74109195800003],[18.42184662300002,45.740631078000035],[18.419353598000043,45.740431933000025],[18.408123574000058,45.73953486900007],[18.398028430000068,45.74585411000004],[18.398397811000052,45.747671894000064],[18.39986103900003,45.75487267200003],[18.397026294000057,45.75383150000005],[18.38876659600004,45.76303703000008],[18.38006630800004,45.76430553900008],[18.364005923000036,45.77283488100005],[18.36558771500006,45.76629739800006],[18.356290554000054,45.76537452100007],[18.34559702400003,45.754128285000036],[18.338824644000056,45.74700586900008],[18.33618156800003,45.75043413700007],[18.334589763000054,45.75249882800006],[18.327046344000053,45.754457150000064],[18.299146612000072,45.76031090500004],[18.28685538700006,45.75887705500003],[18.28180160200003,45.75751927200008],[18.27598923100004,45.75595768200003],[18.262872392000077,45.75998554800003],[18.259553577000077,45.76100467600003],[18.255199555000047,45.76098523700006],[18.244827289000057,45.760938930000066],[18.242534559000035,45.76163844700005],[18.23544918600004,45.771120902000064],[18.229934612000022,45.77850113300008],[18.214614485000027,45.78035536500005],[18.20579009000005,45.781423403000076],[18.203752199000064,45.78241022100008],[18.197798196000065,45.78529335500008],[18.186431034000066,45.78647388300004],[18.176926346000073,45.780980674000034],[18.168793994000055,45.77628060400008],[18.163396401000057,45.77959601200007],[18.152450518000023,45.78631939100006],[18.150287442000035,45.78716639600003],[18.147379201000035,45.78768915000006],[18.123773025000048,45.78887681000003],[18.116843423000034,45.78276510200004],[18.116678455000056,45.78249920300004],[18.115594823000038,45.78075258800004],[18.113794341000073,45.777851069000064],[18.10943073100003,45.77281537300007],[18.106712278000032,45.77063005400004],[18.09904087500007,45.76689917300007],[18.095068327000035,45.765853966000066],[18.091813475000038,45.76558708600004],[18.08638955400005,45.76454185500006],[18.068721132000064,45.76911071200004],[18.058626169000036,45.77172115700006],[18.043960652000067,45.77434179900007],[18.026698451000073,45.77742645300003],[18.01784347100005,45.782994733000066],[18.00092234400006,45.79363525200006],[17.985295852000036,45.79367105000006],[17.983666981000056,45.79281109100003],[17.98178278900002,45.79181633600007],[17.97754853400005,45.790092505000075],[17.97312349400005,45.78897459700005],[17.969254829000022,45.78881857600004],[17.964561589000027,45.78967285700003],[17.956846546000065,45.792050276000055],[17.95552521600007,45.79245744900004],[17.953492994000044,45.792808473000036],[17.94906995100007,45.79237352300004],[17.946991480000065,45.791770718000066],[17.94521676900007,45.79125601000004],[17.940839675000063,45.78998559100006],[17.934861874000035,45.787101617000076],[17.931213463000063,45.78608290900007],[17.92885810300004,45.78596101200003],[17.912089396000056,45.790780651000034],[17.90040840000006,45.791104605000044],[17.875463443000058,45.77893854700005],[17.872671595000043,45.77479690300004],[17.86835639800006,45.768395404000046],[17.862991716000067,45.767488868000044],[17.85485205300006,45.772756618000074],[17.852990833000035,45.77991787800005],[17.852125099000034,45.78324888900005],[17.848594734000073,45.784087502000034],[17.84079778200004,45.78593961200005],[17.834658168000033,45.79048238300004],[17.829966356000057,45.80175619800008],[17.827309643000035,45.80813993400005],[17.820744554000044,45.80912762600008],[17.817708391000053,45.80676148500004],[17.815027675000067,45.80467235000003],[17.800923855000065,45.80570600800007],[17.79471538000007,45.80979662900006],[17.78806489300007,45.814178481000056],[17.774776203000044,45.817152511000074],[17.76413728800003,45.813833026000054],[17.759067205000065,45.812251092000054],[17.75205119000003,45.81966883600006],[17.745010212000068,45.827112972000066],[17.736088144000064,45.82997144700005],[17.716378862000056,45.83130799000003],[17.70793944600007,45.83188029100006],[17.706350944000064,45.83248033400008],[17.690586583000027,45.83843518600003],[17.67684343800005,45.83592999800004],[17.672069970000052,45.83505986000006],[17.660441923000064,45.83928362900008],[17.65709117800003,45.84132743100008],[17.65149894500007,45.847835503000056],[17.66518693200004,45.85024712100005],[17.668169162000027,45.861082397000075],[17.669636618000027,45.86641407500008],[17.688527314000055,45.87154961700003],[17.692732758000034,45.86833481000008],[17.692965279000077,45.86764239100006],[17.695130523000046,45.861194570000066],[17.70381322000003,45.866787345000034],[17.72162135800005,45.86584963000007],[17.728958396000053,45.865792543000055],[17.72772479200006,45.870528386000046],[17.727553786000044,45.87118488400006],[17.731310371000063,45.87481328100006],[17.73369399300003,45.87711556600004],[17.729497062000064,45.88174649700005],[17.727649675000066,45.88378492100003],[17.72637419700004,45.89098003200007],[17.72691354600005,45.89162461700005],[17.732475308000062,45.898271574000034],[17.723723592000056,45.90382146500008],[17.721261698000035,45.90538267200003],[17.722359917000063,45.90903550000007],[17.724335815000074,45.91560761100004],[17.714143988000046,45.92034775700006],[17.709938950000037,45.921192897000026],[17.698169740000026,45.92387960900004],[17.691037125000037,45.924327851000044],[17.683834588000025,45.92478048700008],[17.67796855200004,45.93256809400003],[17.677383659000043,45.93559606400004],[17.681083155000067,45.936992098000076],[17.68827123400007,45.939704575000064],[17.68389761900005,45.94279666400007],[17.673435313000027,45.94241387400007],[17.672155816000043,45.94236706000004],[17.663732603000028,45.94499381700007],[17.662705306000078,45.94531417700006],[17.656777678000026,45.95095912800008],[17.654201194000052,45.949000590000026],[17.656699126000035,45.94193426100003],[17.658394128000054,45.93713932000003],[17.644857389000038,45.93436152100003],[17.642791647000024,45.94696767600004],[17.641389821000075,45.95552229200007],[17.637539813000046,45.96218209800003],[17.63310315600006,45.96985669700007],[17.629279799000074,45.98704384000007],[17.624757915000032,45.98785946500004],[17.62872896400006,45.98878842100004],[17.638389637000046,45.98998108300003],[17.639140029000032,45.99006165600008],[17.652287374000025,45.99147335200007],[17.652799858000037,46.00214643900006],[17.652849960000026,46.00318986800005],[17.654170042000032,46.00459743300007],[17.656548486000077,46.00713349800003],[17.650523382000074,46.010724269000036],[17.64008057600006,46.016947852000044],[17.628365621000057,46.04337713700005],[17.632672609000053,46.04856294000007],[17.641939856000022,46.050508738000076],[17.65592698300003,46.053445546000034],[17.65532457300003,46.05879881700008],[17.655137867000064,46.060457961000054],[17.659035300000028,46.06109712700004],[17.664317579000056,46.06196340200006],[17.66975049000007,46.062429165000026],[17.669696301000045,46.06770022000006],[17.669661218000044,46.071112741000036],[17.673664013000064,46.07295062900005],[17.67533989700007,46.073720113000036],[17.677313370000036,46.079164037000055],[17.678164183000035,46.09129252200006],[17.671601765000048,46.09630387900006],[17.664833501000032,46.10147242800008],[17.67555077000003,46.10519354300004],[17.68726835800004,46.10926197600003],[17.684301910000045,46.113413028000025],[17.680940319000058,46.11811701700003],[17.686632071000076,46.15929416200004],[17.68789116000005,46.15874100100007],[17.68824373800004,46.159200362000036],[17.704110442000058,46.179872501000034],[17.703760104000025,46.18912557500005],[17.703566541000043,46.19423793800007],[17.710588366000025,46.196338482000044],[17.717938634000063,46.19853727800006],[17.727348240000026,46.20824656600007],[17.722753157000056,46.217758624000055],[17.721749336000073,46.21843103100008],[17.71501276400005,46.22294351100004],[17.727983228000028,46.23340200400003],[17.735009923000064,46.22936755400008],[17.737991269000076,46.224525293000056],[17.748470590000068,46.20750493000003],[17.75388120300005,46.20415640900006],[17.76154443300004,46.20118666900004],[17.77477218100006,46.20254397400004],[17.78376773100007,46.21501102500008],[17.783762285000023,46.21527094000004],[17.78362586800006,46.22178213900003],[17.792852113000038,46.22569110300003],[17.796328644000027,46.22174556200008],[17.796957427000052,46.22103195100004],[17.798674224000024,46.221052685000075],[17.81208767100003,46.22121468200004],[17.813934827000026,46.21654475300005],[17.815984032000074,46.21136401000007],[17.83715806500004,46.20755396700008],[17.843978802000038,46.21053168000003],[17.84539514200003,46.21115000800006],[17.847287039000037,46.21550997000003],[17.852927350000073,46.215221978000045],[17.859383819000072,46.219383436000044],[17.869663931000048,46.216548645000046],[17.87152850600006,46.21603447900003],[17.87248289300004,46.21720901100008],[17.878000600000064,46.22399947000008],[17.891634193000073,46.22169537000008],[17.896734611000056,46.22083339100004],[17.90154777600003,46.22401771300008],[17.907459962000075,46.22792913200004],[17.912125244000038,46.22649557700004],[17.919021627000063,46.224376446000065],[17.933718833000057,46.242520134000074],[17.931725571000072,46.246562837000056],[17.928145779000033,46.25382331700007],[17.92711156000007,46.25592090300006],[17.934791270000062,46.27098473400008],[17.936146665000024,46.273643357000026],[17.93555552400005,46.27707292300005],[17.934308746000056,46.28430624100008],[17.939431753000065,46.292665396000075],[17.94822279400006,46.30257779400006],[17.954023681000024,46.301679378000074],[17.954929700000037,46.30153905800006],[17.95673314900006,46.302117587000055],[17.973924596000074,46.30763243900003],[18.001589091000028,46.30882124900006],[18.00174498100006,46.306780279000066],[18.002075391000062,46.30245440700003],[18.007099381000046,46.29832935100006],[18.012660184000026,46.29857941300003],[18.023984492000068,46.30101757700004],[18.041545189000033,46.29320113700004],[18.052896091000036,46.29581434900007],[18.05824909100005,46.29208148200007],[18.060750082000027,46.29404505200006],[18.074509516000035,46.29251152000006],[18.080627467000056,46.298473253000054],[18.08243090600007,46.30023064300008],[18.100188495000054,46.30163975900007],[18.10977422700006,46.29336011600003],[18.11012220400005,46.29265220100007],[18.114132507000022,46.28449373900003],[18.118983025000034,46.282599954000034],[18.122360241000024,46.28116854000007],[18.131932513000038,46.29148859000003],[18.12312756700004,46.28966305600005],[18.117195674000072,46.29242466200003],[18.115170896000052,46.293367302000036],[18.117161719000023,46.30025249900007],[18.11093949900004,46.31173206100004],[18.11762205100007,46.31956559900004],[18.131884210000067,46.322112943000036],[18.139696483000023,46.31837409800005],[18.143693072000076,46.31646138700006],[18.154186073000062,46.31932414700003],[18.15404647400004,46.31962787800006],[18.152002020000054,46.324076078000076],[18.15326460500006,46.32618201400004],[18.15658517600008,46.32052796600004],[18.158404782000048,46.320227301000045],[18.16194478700004,46.31964236400006],[18.169241616000022,46.32463773100005],[18.18055649100006,46.332383830000026],[18.187730806000047,46.33216255600007],[18.199117717000036,46.33181135500007],[18.20194390200004,46.35455591200008],[18.19376391700007,46.36051506800004],[18.189577201000077,46.36356511000008],[18.188067601000057,46.368273362000025],[18.18719103600006,46.37814892500006],[18.18547201000007,46.397515836000025],[18.220409854000025,46.40566363200003],[18.22921698400006,46.40385694200006],[18.23668894900004,46.402434983000035],[18.237091159000045,46.40235844000006],[18.23754926500004,46.40254242700007],[18.238857679000034,46.40306791800003],[18.241529685000046,46.405579601000056],[18.24319831500003,46.407677920000026],[18.246995060000074,46.40522350200007],[18.24937223300003,46.404018980000046],[18.249503748000052,46.403952341000036],[18.25256831300004,46.403114412000036],[18.255352693000077,46.402743832000056],[18.266709525000067,46.40163454800006],[18.275180971000054,46.40645985100008],[18.286499286000037,46.40797063800005],[18.289663072000053,46.40905084600007],[18.312110655000026,46.41671510300006],[18.32132775300005,46.41398444500004]]]]}},{"type":"Feature","properties":{"NUTS_ID":"HU232","LEVL_CODE":3,"CNTR_CODE":"HU","NAME_LATN":"Somogy","NUTS_NAME":"Somogy","MOUNT_TYPE":null,"URBN_TYPE":3,"COAST_TYPE":null,"NAME_ENGL":"Hungary","NAME_FREN":"Hongrie","ISO3_CODE":"HUN","SVRG_UN":"UN Member State","CAPT":"Budapest","EU_STAT":"T","EFTA_STAT":"F","CC_STAT":"F","NAME_GERM":"Ungarn","region_id":"hungary_somogy","region_id_match_status":"sandbox_pre_matched_pending_verification"},"geometry":{"type":"MultiPolygon","coordinates":[[[[18.201449006000075,46.88144142600004],[18.189444558000048,46.873212495000075],[18.197967509000023,46.870899733000044],[18.200744893000035,46.87014607100008],[18.20631614900003,46.86728195900008],[18.198282757000072,46.862991848000036],[18.197523088000025,46.862586158000056],[18.19842563700007,46.85940776800004],[18.20452547900004,46.837926743000025],[18.19988952700004,46.822686600000054],[18.198863002000053,46.81931202000004],[18.202172805000032,46.801028994000035],[18.204044129000067,46.79069198500008],[18.210897515000056,46.77816112900007],[18.19936758500006,46.77753558200004],[18.192474236000066,46.773975361000055],[18.18571460000004,46.770484199000066],[18.179069611000045,46.770929831000046],[18.173562032000063,46.77129918500003],[18.165907436000055,46.76683501200006],[18.169940498000074,46.75752911700005],[18.17154475700005,46.75382744700005],[18.171899721000045,46.74488441500006],[18.15637722100007,46.74329476100007],[18.15240104000003,46.74578061300008],[18.14782487100007,46.74864156800004],[18.137393892000034,46.742250468000066],[18.136861144000022,46.74011697600008],[18.135819843000036,46.73594688600008],[18.120194536000042,46.72963862000006],[18.11763116700007,46.72986015500004],[18.11379833600006,46.73019140000008],[18.129482363000022,46.70545630200007],[18.136014509000063,46.70693503700005],[18.14083796400007,46.708026962000076],[18.14533717300003,46.70295050200008],[18.14078611700006,46.70098456000005],[18.138577788000077,46.70003061700004],[18.138983405000033,46.69613602700008],[18.13919392400004,46.69411469200003],[18.13703988700007,46.69389285400007],[18.13200437000006,46.69337426200008],[18.128790215000038,46.686458800000025],[18.129093220000073,46.68472095100003],[18.130301865000035,46.67778892100006],[18.11898995400003,46.67305993900004],[18.113155714000072,46.670620916000075],[18.107627938000064,46.660786115000064],[18.101514603000055,46.65756439300003],[18.103355367000063,46.65501477500004],[18.10743846400004,46.64935932900005],[18.092330078000032,46.64228958100006],[18.090613880000035,46.64148651100004],[18.090213041000027,46.63984613400004],[18.08795167100004,46.63059178800006],[18.077059211000062,46.62466421500005],[18.070642702000043,46.62117241200008],[18.07397422300005,46.61293554900004],[18.080411278000042,46.60507732700006],[18.086309872000072,46.59787644700003],[18.084450727000046,46.58287144600007],[18.07956958400007,46.58156960400004],[18.07166909700004,46.56468198300007],[18.06300126600007,46.55657763800008],[18.04972714200005,46.55352098800006],[18.043550525000057,46.55723966200003],[18.03763918900006,46.56079862200005],[18.038432604000036,46.55254157600007],[18.039074327000037,46.54586319200007],[18.037699128000042,46.543438398000035],[18.032605481000076,46.534457115000066],[18.03549915700006,46.51613453300007],[18.037386473000026,46.50418416500003],[18.034440414000073,46.50299445500008],[18.03081883300007,46.501531949000025],[18.035745536000036,46.49733909300005],[18.04071710200003,46.49310805700003],[18.050229784000067,46.472478538000075],[18.05218621100005,46.46153719600005],[18.052188613000055,46.46152376500004],[18.052201984000078,46.461502849000055],[18.067921252000076,46.43691339900005],[18.065164034000077,46.43327615100003],[18.06470973200004,46.432676849000075],[18.06539194900006,46.42905646300005],[18.066531309000027,46.42301010800003],[18.050226388000056,46.42130965400003],[18.04672263300006,46.41489121600006],[18.041014122000036,46.41693335700006],[18.039962246000073,46.41730965100004],[18.02131409800006,46.40758858200007],[18.021126603000027,46.407043283000064],[18.019973884000024,46.40369077500003],[18.015648987000077,46.40431926100007],[18.01153441300005,46.404917183000066],[18.001308573000074,46.400420876000055],[18.011221498000054,46.39005640100004],[18.013952236000023,46.38300336200007],[18.021447567000052,46.38589474500003],[18.02898889900007,46.38880387300003],[18.03125407400006,46.38684047500004],[18.033473358000037,46.38491685400004],[18.040613337000025,46.38774307300008],[18.05113020600004,46.39190596700007],[18.058392389000062,46.37814892500006],[18.060286808000058,46.375144043000034],[18.06418893400007,46.370211493000056],[18.064460388000043,46.368457196000065],[18.065007018000074,46.36492454800003],[18.07159482000003,46.365521483000066],[18.081544484000062,46.366423044000044],[18.080676992000065,46.358952413000054],[18.080592618000026,46.35822580200005],[18.08103299100003,46.35610978300008],[18.086636560000045,46.32918428700003],[18.08138315700006,46.32369175800005],[18.075349317000075,46.317383266000036],[18.07473991300003,46.31232096400004],[18.07410872400004,46.30707768700006],[18.052896091000036,46.29581434900007],[18.041545189000033,46.29320113700004],[18.023984492000068,46.30101757700004],[18.012660184000026,46.29857941300003],[18.007099381000046,46.29832935100006],[18.002075391000062,46.30245440700003],[18.00174498100006,46.306780279000066],[18.001589091000028,46.30882124900006],[17.973924596000074,46.30763243900003],[17.95673314900006,46.302117587000055],[17.954929700000037,46.30153905800006],[17.954023681000024,46.301679378000074],[17.94822279400006,46.30257779400006],[17.939431753000065,46.292665396000075],[17.934308746000056,46.28430624100008],[17.93555552400005,46.27707292300005],[17.936146665000024,46.273643357000026],[17.934791270000062,46.27098473400008],[17.92711156000007,46.25592090300006],[17.928145779000033,46.25382331700007],[17.931725571000072,46.246562837000056],[17.933718833000057,46.242520134000074],[17.919021627000063,46.224376446000065],[17.912125244000038,46.22649557700004],[17.907459962000075,46.22792913200004],[17.90154777600003,46.22401771300008],[17.896734611000056,46.22083339100004],[17.891634193000073,46.22169537000008],[17.878000600000064,46.22399947000008],[17.87248289300004,46.21720901100008],[17.87152850600006,46.21603447900003],[17.869663931000048,46.216548645000046],[17.859383819000072,46.219383436000044],[17.852927350000073,46.215221978000045],[17.847287039000037,46.21550997000003],[17.84539514200003,46.21115000800006],[17.843978802000038,46.21053168000003],[17.83715806500004,46.20755396700008],[17.815984032000074,46.21136401000007],[17.813934827000026,46.21654475300005],[17.81208767100003,46.22121468200004],[17.798674224000024,46.221052685000075],[17.796957427000052,46.22103195100004],[17.796328644000027,46.22174556200008],[17.792852113000038,46.22569110300003],[17.78362586800006,46.22178213900003],[17.783762285000023,46.21527094000004],[17.78376773100007,46.21501102500008],[17.77477218100006,46.20254397400004],[17.76154443300004,46.20118666900004],[17.75388120300005,46.20415640900006],[17.748470590000068,46.20750493000003],[17.737991269000076,46.224525293000056],[17.735009923000064,46.22936755400008],[17.727983228000028,46.23340200400003],[17.71501276400005,46.22294351100004],[17.721749336000073,46.21843103100008],[17.722753157000056,46.217758624000055],[17.727348240000026,46.20824656600007],[17.717938634000063,46.19853727800006],[17.710588366000025,46.196338482000044],[17.703566541000043,46.19423793800007],[17.703760104000025,46.18912557500005],[17.704110442000058,46.179872501000034],[17.68824373800004,46.159200362000036],[17.68789116000005,46.15874100100007],[17.686632071000076,46.15929416200004],[17.680940319000058,46.11811701700003],[17.684301910000045,46.113413028000025],[17.68726835800004,46.10926197600003],[17.67555077000003,46.10519354300004],[17.664833501000032,46.10147242800008],[17.671601765000048,46.09630387900006],[17.678164183000035,46.09129252200006],[17.677313370000036,46.079164037000055],[17.67533989700007,46.073720113000036],[17.673664013000064,46.07295062900005],[17.669661218000044,46.071112741000036],[17.669696301000045,46.06770022000006],[17.66975049000007,46.062429165000026],[17.664317579000056,46.06196340200006],[17.659035300000028,46.06109712700004],[17.655137867000064,46.060457961000054],[17.65532457300003,46.05879881700008],[17.65592698300003,46.053445546000034],[17.641939856000022,46.050508738000076],[17.632672609000053,46.04856294000007],[17.628365621000057,46.04337713700005],[17.64008057600006,46.016947852000044],[17.650523382000074,46.010724269000036],[17.656548486000077,46.00713349800003],[17.654170042000032,46.00459743300007],[17.652849960000026,46.00318986800005],[17.652799858000037,46.00214643900006],[17.652287374000025,45.99147335200007],[17.639140029000032,45.99006165600008],[17.638389637000046,45.98998108300003],[17.62872896400006,45.98878842100004],[17.624757915000032,45.98785946500004],[17.629279799000074,45.98704384000007],[17.63310315600006,45.96985669700007],[17.637539813000046,45.96218209800003],[17.641389821000075,45.95552229200007],[17.642791647000024,45.94696767600004],[17.644857389000038,45.93436152100003],[17.658394128000054,45.93713932000003],[17.656699126000035,45.94193426100003],[17.654201194000052,45.949000590000026],[17.656777678000026,45.95095912800008],[17.662705306000078,45.94531417700006],[17.663732603000028,45.94499381700007],[17.672155816000043,45.94236706000004],[17.673435313000027,45.94241387400007],[17.68389761900005,45.94279666400007],[17.68827123400007,45.939704575000064],[17.681083155000067,45.936992098000076],[17.677383659000043,45.93559606400004],[17.67796855200004,45.93256809400003],[17.683834588000025,45.92478048700008],[17.691037125000037,45.924327851000044],[17.698169740000026,45.92387960900004],[17.709938950000037,45.921192897000026],[17.714143988000046,45.92034775700006],[17.724335815000074,45.91560761100004],[17.722359917000063,45.90903550000007],[17.721261698000035,45.90538267200003],[17.723723592000056,45.90382146500008],[17.732475308000062,45.898271574000034],[17.72691354600005,45.89162461700005],[17.72637419700004,45.89098003200007],[17.727649675000066,45.88378492100003],[17.729497062000064,45.88174649700005],[17.73369399300003,45.87711556600004],[17.731310371000063,45.87481328100006],[17.727553786000044,45.87118488400006],[17.72772479200006,45.870528386000046],[17.728958396000053,45.865792543000055],[17.72162135800005,45.86584963000007],[17.70381322000003,45.866787345000034],[17.695130523000046,45.861194570000066],[17.692965279000077,45.86764239100006],[17.692732758000034,45.86833481000008],[17.688527314000055,45.87154961700003],[17.669636618000027,45.86641407500008],[17.668169162000027,45.861082397000075],[17.66518693200004,45.85024712100005],[17.65149894500007,45.847835503000056],[17.647990632000074,45.86561437100005],[17.637784815000032,45.88240047800008],[17.619742691000056,45.905937117000065],[17.59353340900003,45.92174340400004],[17.587543122000056,45.924884957000074],[17.582096226000033,45.92875637100008],[17.570768308000027,45.935301897000045],[17.557899789000032,45.93786446900003],[17.549036374000025,45.936895880000066],[17.52658543900003,45.93444245400008],[17.52140574400005,45.936981880000076],[17.519407483000066,45.93796135700006],[17.471935823000024,45.94281558800003],[17.451032826000073,45.94798343100007],[17.441899070000034,45.95024156800008],[17.43309344900007,45.94911740400005],[17.428747845000032,45.94477545500007],[17.431809892000047,45.940146783000046],[17.436647874000073,45.93283356000006],[17.43377816000003,45.928670606000026],[17.413344160000065,45.930105912000045],[17.41278565300007,45.93172154800004],[17.41028265600005,45.93896215500007],[17.398288148000063,45.933029290000036],[17.39461602700004,45.93121294200006],[17.388510756000073,45.93283922100005],[17.38493369100007,45.937339982000026],[17.385700089000068,45.939736320000065],[17.387047120000034,45.943948155000044],[17.379842911000026,45.94793098900004],[17.36336186400007,45.94385943800006],[17.351888725000038,45.94102506300004],[17.344887662000076,45.94406359800007],[17.341366175000076,45.94942011100005],[17.34003873200004,45.954540103000056],[17.344367573000056,45.959995407000065],[17.348329470000067,45.95970397800005],[17.351331671000025,45.956099804000075],[17.353746674000035,45.95320056600008],[17.361107658000037,45.95830026200008],[17.383584686000063,45.956380953000064],[17.38445064800004,45.95685013100007],[17.39024593700003,45.95999001700005],[17.385765594000077,45.96538073100004],[17.37380320500006,45.96186847800004],[17.371265220000055,45.96112330500006],[17.361146854000026,45.96383372100007],[17.360050432000037,45.96412742000007],[17.36276562200004,45.96830354900004],[17.368110055000045,45.969320406000065],[17.373836872000027,45.97041001700006],[17.369849937000026,45.974498880000056],[17.36853098100005,45.975851556000066],[17.369699982000043,45.97770072900005],[17.37379435300005,45.98417737400007],[17.372164002000034,45.99035654000005],[17.36352611700005,45.990395170000056],[17.361371142000053,45.98381666700004],[17.35912417800006,45.97695734600006],[17.352816269000073,45.97544762800004],[17.344372071000066,45.98228453400003],[17.341805881000028,45.98756754300007],[17.337875430000054,45.99565915200003],[17.328694449000068,45.99238509500003],[17.328820569000072,45.98884534600006],[17.333276139000077,45.98614926300007],[17.335362058000044,45.984887065000066],[17.33667706400007,45.98083672400003],[17.331638825000027,45.972310066000034],[17.324310538000077,45.96740087000006],[17.313360312000043,45.96675937400005],[17.30966310200006,45.96938828100008],[17.314578907000055,45.97524045200004],[17.322570591000044,45.984754398000064],[17.320580844000062,45.99011055100004],[17.313565053000048,45.98974959900005],[17.311383695000075,45.98670131700004],[17.308229875000052,45.98229409400005],[17.299087401000065,45.98324950600005],[17.294325238000056,45.98854447200006],[17.296576412000036,45.99297956000004],[17.304906540000047,45.99657699900007],[17.302436767000074,46.00328878600004],[17.293734651000022,46.00221963800004],[17.28279754500005,46.00087589800006],[17.258244674000025,46.01161042200005],[17.272861798000065,46.02068948200008],[17.27534478800004,46.02102438700007],[17.29145832200004,46.023197776000075],[17.29492557100002,46.02849312700005],[17.29099420500006,46.032120975000055],[17.27384039800006,46.03305583200006],[17.260984172000065,46.033756477000054],[17.258870972000068,46.03757464500006],[17.258135053000046,46.04583678400007],[17.262801628000034,46.04897011800006],[17.270622656000057,46.05422148500003],[17.26841796800005,46.05724360600004],[17.260486661000073,46.05769337400005],[17.260008042000038,46.05776278600007],[17.23361344600005,46.06159070000007],[17.233908840000026,46.06420220100006],[17.243619334000073,46.06578889200006],[17.238883387000044,46.07156504400007],[17.232842187000074,46.07893313400007],[17.228044468000064,46.07864688900003],[17.207673131000035,46.077431482000065],[17.201276020000023,46.08007606900003],[17.207017173000054,46.08288003000007],[17.217770663000067,46.08273951100006],[17.22052706900007,46.08810311900004],[17.223104590000048,46.09311864000006],[17.23201553900003,46.096897599000044],[17.22941557400003,46.09925102400007],[17.21530993400006,46.09952428500003],[17.210714135000046,46.099613317000035],[17.21364075400004,46.10317839500004],[17.218492725000033,46.109088849000045],[17.213986875000046,46.11351595600007],[17.209277978000046,46.11006419700004],[17.19915456500007,46.111385960000064],[17.195566394000025,46.11027929100004],[17.182791912000027,46.10633936500005],[17.17703914200007,46.10867335100005],[17.175878484000066,46.112109847000056],[17.181142968000074,46.11896690900005],[17.18116344400005,46.11899357900006],[17.181137824000075,46.11903502700005],[17.175444825000056,46.12824530800003],[17.18025143400007,46.130772464000074],[17.184832882000023,46.13318123800008],[17.18115107500006,46.14107912700007],[17.17792316400005,46.14559051900005],[17.17836445300003,46.151281148000066],[17.16853203200003,46.15458307600005],[17.158090921000053,46.158089414000074],[17.15849040200004,46.16494875600006],[17.15875752000005,46.16953534800007],[17.140725880000048,46.172603639000044],[17.13889742500004,46.17165168200006],[17.13306768800004,46.16861652100005],[17.126784030000067,46.168798636000076],[17.122922603000063,46.17711680600007],[17.12199940100004,46.17910554100007],[17.118702158000076,46.17856065700005],[17.11106660400003,46.17729884800008],[17.102817603000062,46.18399490000007],[17.099519308000026,46.18667226100007],[17.091130470000053,46.188858018000076],[17.089845687000036,46.188432704000036],[17.08334798900006,46.18628171100005],[17.075083351000046,46.18960449400004],[17.068364119000023,46.195781734000036],[17.067284193000035,46.19677455000004],[17.066673872000024,46.20217160400006],[17.05049690100003,46.203782544000035],[17.047008911000034,46.20542530500006],[17.006384456000035,46.22251672700003],[16.99481281900006,46.22145706200007],[16.989138851000064,46.224369867000064],[16.984544588000063,46.22445711700004],[16.974821337000037,46.22464177200004],[16.97375586100003,46.23280385500004],[16.973224602000073,46.23687356200003],[16.971225064000066,46.24176922200007],[16.964896559000067,46.241610413000046],[16.957750212000064,46.24143108000004],[16.949191592000034,46.24332816100008],[16.93361449400004,46.25441765100004],[16.92672189700005,46.25897963600005],[16.91789810800003,46.26021597600004],[16.909790848000057,46.26483034100005],[16.90231521000004,46.273897926000075],[16.890604696000025,46.27812955100006],[16.88603725400003,46.28129213500006],[16.885956905000057,46.286902946000055],[16.884443256000054,46.29890373300003],[16.88428693900005,46.30014307700003],[16.883690323000053,46.30084875500006],[16.876578534000032,46.30926059300003],[16.87604351500005,46.32060245200006],[16.87832795500003,46.325029381000036],[16.88793584800004,46.31935564100007],[16.89826283700006,46.313257253000074],[16.92461035900004,46.31551062500006],[16.93376950000004,46.31629396100004],[16.93609721200005,46.30852841300003],[16.935666439000045,46.306954234000045],[16.934631697000043,46.303172963000065],[16.938661463000074,46.29371211700004],[16.946226360000026,46.29139092400004],[16.95482011300004,46.29690381800003],[16.963864916000034,46.30270606100004],[16.96746885300007,46.30501798700004],[16.977023789000043,46.30577909500005],[16.984704736000026,46.31530932800007],[17.00498321500004,46.31102177100007],[17.00589010300007,46.30959644100005],[17.00780684500006,46.306583954000075],[17.012776324000072,46.305173643000046],[17.019986695000057,46.307627954000054],[17.038465538000025,46.31554469200006],[17.037256941000066,46.31992113100006],[17.03669474900005,46.32195687800004],[17.03735428400006,46.32826274900003],[17.045479229000023,46.33803351200004],[17.053198375000022,46.339089331000025],[17.057864744000028,46.33972759400007],[17.05830375200003,46.34929989600005],[17.057278901000075,46.353568],[17.052783439000052,46.36575754900008],[17.05421183800007,46.367668544000026],[17.045560443000056,46.37019422600008],[17.04546123800003,46.37814892500006],[17.041782116000036,46.387631870000064],[17.033597873000076,46.39319401300003],[17.029152922000037,46.396214873000076],[17.039201650000052,46.41591625600006],[17.052588653000043,46.41640251800004],[17.055381152000052,46.40848745200003],[17.055441501000075,46.40831639800007],[17.06833101500007,46.40147089100003],[17.077139920000036,46.40500321700006],[17.07892739600004,46.41099588600008],[17.080393827000023,46.415912227000035],[17.08636430400003,46.42059563000004],[17.111889803000054,46.41408728600004],[17.112855726000078,46.41214847200007],[17.115793112000063,46.40625251300003],[17.138802036000072,46.40760663400005],[17.13896485400005,46.41068147900006],[17.138632726000026,46.416688100000044],[17.13872273900006,46.41816570000003],[17.138807530000065,46.419557574000066],[17.141202346000057,46.42727865000006],[17.16247901500003,46.43005738700003],[17.163857456000073,46.430237412000054],[17.17786133000004,46.43192469000007],[17.187540913000078,46.42907217100003],[17.193289076000042,46.44466621600003],[17.19444767300007,46.462054856000066],[17.194620479000037,46.46534782900005],[17.192363509000074,46.46757766300004],[17.190599758000076,46.47075571700003],[17.188969787000076,46.47369271800005],[17.19089869100003,46.48568105800007],[17.195450248000043,46.48541370000004],[17.200223294000068,46.48513333200003],[17.204599161000033,46.49269914700005],[17.213973337000027,46.49510737800006],[17.21876641800003,46.49941008300004],[17.221462896000048,46.50434985900006],[17.22613416100006,46.51152546900005],[17.22548961600006,46.52601641000007],[17.22308743700006,46.53098897000007],[17.222168106000026,46.53289200300003],[17.219999037000036,46.558945564000055],[17.219444159000034,46.562534518000064],[17.219420115000048,46.569089174000055],[17.21938722300007,46.57805587400003],[17.219377234000035,46.580200415000036],[17.21891774900007,46.58477002600006],[17.216932474000032,46.595361860000025],[17.216867270000023,46.59561096200008],[17.215994025000043,46.59894703200007],[17.214855302000046,46.61045559200005],[17.216478830000028,46.61651424900003],[17.21902712600007,46.62602394100003],[17.220872058000054,46.63285801400008],[17.218920497000056,46.64332626000004],[17.218041122000045,46.648043261000055],[17.219685196000057,46.651723437000044],[17.221106795000026,46.65490561400003],[17.220444213000064,46.66005822900007],[17.21995258900006,46.663881382000056],[17.221494361000055,46.67169733000003],[17.23915274500007,46.677494796000076],[17.244886145000066,46.67937714200008],[17.249773668000046,46.683720476000076],[17.256820271000038,46.68727855700007],[17.25843096500006,46.690665453000065],[17.259091243000057,46.69852388100003],[17.259285008000063,46.700830007000036],[17.268943399000023,46.73248742000004],[17.27745764200006,46.73396960500003],[17.289726392000034,46.73438585200006],[17.29857147900003,46.73503657300006],[17.310656935000054,46.73311793100004],[17.334569635000037,46.732347032000064],[17.340753205000055,46.73218545700007],[17.34643588800003,46.73184223900006],[17.350139186000035,46.73161857000008],[17.36144151900004,46.731658964000076],[17.372230927000032,46.73420750900004],[17.378088363000074,46.73738164000008],[17.378241094000032,46.73751818200003],[17.38530927000005,46.74383714900006],[17.397431684000026,46.748364888000026],[17.408898833000023,46.75003249200006],[17.419067436000034,46.75065633400004],[17.436430477000044,46.748774522000076],[17.445479336000062,46.74779166900004],[17.453668658000026,46.74870847400007],[17.464963,46.752903539000044],[17.474791985000024,46.75297197700007],[17.478330020000044,46.75201897200003],[17.485011032000045,46.75190296800008],[17.491854363000073,46.753037335000045],[17.50918394100006,46.759001012000056],[17.514488520000043,46.76207015600005],[17.523253673000056,46.76714153300003],[17.53375640200005,46.77147883400005],[17.554215973000055,46.77775548100004],[17.586727604000032,46.78831613800003],[17.588849658000072,46.78900543900005],[17.603985694000073,46.794271027000036],[17.624922730000037,46.80158366100005],[17.640107212000032,46.80530797600005],[17.66733120200007,46.811978553000074],[17.668387018000033,46.81254562000004],[17.698583676000055,46.82867598000007],[17.717637852000053,46.83587859100004],[17.72961639700003,46.84040656500008],[17.73258157400005,46.84098016400003],[17.743668575000072,46.84312379900007],[17.76426256900004,46.84710558100005],[17.78847543300003,46.85358141300003],[17.801891897000075,46.858942452000065],[17.83418520500004,46.87409063300004],[17.84146554600005,46.877503011000044],[17.844960125000057,46.87940113600007],[17.854108376000056,46.88437012500003],[17.86201922300006,46.88201874300006],[17.869625486000075,46.87975789400008],[17.878227346000074,46.87813186100004],[17.889043224000034,46.87986952600005],[17.901160644000072,46.88559386500003],[17.90404840800005,46.88828906600003],[17.910272932000055,46.89409646400003],[17.91241603000003,46.90727588300007],[17.911842083000067,46.908295407000026],[17.907556476000025,46.91590809400003],[17.92558976600003,46.92180835500005],[17.931781012000044,46.92349813900006],[17.94523225200004,46.92716940100007],[17.970268693000037,46.93206199100007],[17.974840070000027,46.93320995400006],[17.97569561100005,46.933426516000054],[18.00743903500006,46.94390638100003],[18.012784045000046,46.945805919000065],[18.031643908000035,46.95314498000005],[18.047587540000052,46.959825495000075],[18.06311094700004,46.96790118900003],[18.06663819000005,46.96973615500008],[18.167221863000066,46.99727846300004],[18.180869261000055,46.98905587100006],[18.189551873000028,46.98865098200008],[18.205248346000076,46.97163239000008],[18.174225614000022,46.94621405000004],[18.180697976000033,46.940150403000075],[18.19202864300007,46.92953524300003],[18.192468315000042,46.92220731300006],[18.20834919400005,46.89872401000008],[18.211808726000072,46.88854291300004],[18.201449006000075,46.88144142600004]]]]}},{"type":"Feature","properties":{"NUTS_ID":"HU110","LEVL_CODE":3,"CNTR_CODE":"HU","NAME_LATN":"Budapest","NUTS_NAME":"Budapest","MOUNT_TYPE":null,"URBN_TYPE":1,"COAST_TYPE":null,"NAME_ENGL":"Hungary","NAME_FREN":"Hongrie","ISO3_CODE":"HUN","SVRG_UN":"UN Member State","CAPT":"Budapest","EU_STAT":"T","EFTA_STAT":"F","CC_STAT":"F","NAME_GERM":"Ungarn","region_id":"hungary_budapest","region_id_match_status":"sandbox_pre_matched_pending_verification"},"geometry":{"type":"MultiPolygon","coordinates":[[[[19.14045124300003,47.34943715600008],[19.127329777000057,47.359619413000075],[19.122304805000056,47.36351879000006],[19.10505300400007,47.37468220200003],[19.104211858000042,47.37522649700003],[19.103502599000024,47.37565856000003],[19.099556575000065,47.37806237900003],[19.097555318000047,47.37902590200008],[19.098901085000023,47.38085395600007],[19.103490391000037,47.387087945000076],[19.09382600300006,47.39154367300006],[19.08183641900007,47.404509209000025],[19.067008505000047,47.40088181500005],[19.061776206000047,47.39784262200004],[19.06226291400003,47.39526781600006],[19.062780607000036,47.39252908900005],[19.055829662000065,47.39259157600003],[19.054249250000055,47.39260578400007],[19.051391119000073,47.39074513800006],[19.04390591400005,47.38587226200008],[19.02806322300006,47.38821739900004],[19.014418871000032,47.39023712300008],[18.99368822400004,47.386681374000034],[18.97581674500003,47.38195886700004],[18.973123414000042,47.380088029000035],[18.96237282000004,47.37262046300003],[18.95515033500004,47.379751019000025],[18.95153097000002,47.394000005000066],[18.95461570300006,47.39596119400005],[18.961903542000073,47.40059460200007],[18.95835432000007,47.413511647000064],[18.956940408000037,47.41865744100005],[18.966642535000062,47.42475486500007],[18.967627311000058,47.42544305600006],[18.969735568000033,47.426916369000025],[18.97662623900004,47.43123424800007],[18.978910797000026,47.43907247700008],[18.977457095000034,47.44566737300005],[18.97728917300003,47.44642917300007],[18.97129175300006,47.45149093600003],[18.979113098000028,47.455350801000066],[18.98074382300007,47.45615557000008],[18.981574497000054,47.46297134100007],[18.977835802000072,47.46965632100006],[18.97255219400006,47.47415901200003],[18.96240126400005,47.48280963600007],[18.95484475300003,47.48568084300007],[18.952123879000055,47.484548552000035],[18.94706347700003,47.48244266700004],[18.93800715200007,47.49164940000003],[18.940674427000033,47.49538093800004],[18.94423661700006,47.50036447000008],[18.93981721800003,47.50436706800008],[18.935986125000056,47.50783684400005],[18.93896053800006,47.51334765000007],[18.941062916000078,47.51724280500008],[18.93846183200003,47.51857558900008],[18.93259004300006,47.52158426600005],[18.934810210000023,47.53748448700003],[18.932174060000023,47.545086310000045],[18.935679505000053,47.547742741000036],[18.936288054000045,47.54820390100008],[18.940077528000074,47.55194129600005],[18.934245865000037,47.56277159600006],[18.929383292000068,47.57180214700003],[18.944393283000068,47.57816556300003],[18.958298537000076,47.57635297300004],[18.975333096000043,47.57413246900006],[18.982169474000045,47.580236297000056],[18.983704224000064,47.58160659100008],[18.981479225000044,47.587281680000046],[18.997018292000064,47.58582481800005],[19.002433790000055,47.58392217000005],[19.013448435000043,47.58532475900006],[19.033349400000077,47.58785891800005],[19.030922627000052,47.59339992000008],[19.028860689000055,47.59810790100005],[19.02627293100005,47.60401647500004],[19.029221901000028,47.60603840500005],[19.044686519000038,47.60997241600006],[19.076723664000042,47.606852624000055],[19.07337857400006,47.60130980000008],[19.072462760000064,47.599792293000064],[19.07169284200006,47.59339992000008],[19.070829711000044,47.58623362700007],[19.074629798000046,47.587041224000075],[19.080583801000046,47.59339992000008],[19.082896402000074,47.595869709000056],[19.09896823400004,47.613033941000026],[19.112998875000073,47.606033860000025],[19.127329777000057,47.598883975000035],[19.13149220400004,47.59920304700006],[19.13797951300006,47.59970033400003],[19.139043409000067,47.59641388600005],[19.139621670000054,47.59462760000008],[19.141323971000077,47.59339992000008],[19.14375850700003,47.591644160000044],[19.152536225000063,47.58531376700006],[19.14913573900003,47.58051995200003],[19.146636827000066,47.57699712500005],[19.153468634000035,47.57583660100005],[19.158597618000044,47.57496533700004],[19.174442648000024,47.564235945000064],[19.16939119400007,47.56162080400003],[19.163671652000062,47.55865979300006],[19.17178093700005,47.55331138200006],[19.177521813000055,47.549525036000034],[19.177661329000045,47.54912548800007],[19.179071745000044,47.545086310000045],[19.190980077000063,47.53891615800006],[19.20555470200003,47.53935530100006],[19.209789972000067,47.53948291200004],[19.211346235000065,47.53867719600004],[19.222057670000027,47.53313161900007],[19.23730882600006,47.53563735100005],[19.24498259300003,47.53689813400007],[19.251029815000038,47.53004147300004],[19.252555106000045,47.52780698000004],[19.258455493000042,47.520357871000044],[19.259430301000066,47.51843334300003],[19.263290575000042,47.510812144000056],[19.26359972800003,47.50834742500007],[19.27039960700006,47.50907511300005],[19.278159322000022,47.51030448900008],[19.279766609000035,47.510559132000026],[19.28392894500007,47.510962938000034],[19.284993094000072,47.51086434600006],[19.286900115000037,47.510687662000066],[19.29106644500007,47.51063065000005],[19.296241146000057,47.51130837900007],[19.29989580700004,47.51208525100003],[19.309509526000056,47.51412884000007],[19.318349369000032,47.51534859600008],[19.319994820000034,47.51011998700005],[19.315806744000042,47.50464494400006],[19.31414628400006,47.50247423600007],[19.31419436500005,47.494377],[19.32042446400004,47.487527681000074],[19.328380039000024,47.47878138900006],[19.33449777100003,47.463187454000035],[19.330011299000034,47.45983140900006],[19.324525780000045,47.45913808100005],[19.300083064000034,47.45604870600005],[19.290956665000067,47.44943243800003],[19.28585915800005,47.442956019000064],[19.280466325000077,47.43610438700006],[19.27136386500007,47.43688970900007],[19.265958881000074,47.43735602800007],[19.263518291000025,47.43360632000008],[19.260129894000045,47.42840040500005],[19.254054779000057,47.42768545700005],[19.24663165100003,47.41996411800005],[19.239222097000038,47.42343831200003],[19.236450798000078,47.42473771900006],[19.230538753000076,47.42306257600006],[19.218405782000048,47.41331978200003],[19.220495372000073,47.41140831400003],[19.224970523000025,47.407314635000034],[19.217840012000067,47.400876124000035],[19.207787058000065,47.39597829200005],[19.205674188000046,47.39494889500003],[19.201242353000055,47.388031925000064],[19.192157318000056,47.37385248800007],[19.181980341000042,47.36351879000006],[19.17938361100005,47.36088207200004],[19.169066174000022,47.35947942000007],[19.16504082800003,47.358828370000026],[19.150264745000072,47.35643852100003],[19.14591652000007,47.353336314000046],[19.14045124300003,47.34943715600008]]]]}},{"type":"Feature","properties":{"NUTS_ID":"HU120","LEVL_CODE":3,"CNTR_CODE":"HU","NAME_LATN":"Pest","NUTS_NAME":"Pest","MOUNT_TYPE":null,"URBN_TYPE":2,"COAST_TYPE":null,"NAME_ENGL":"Hungary","NAME_FREN":"Hongrie","ISO3_CODE":"HUN","SVRG_UN":"UN Member State","CAPT":"Budapest","EU_STAT":"T","EFTA_STAT":"F","CC_STAT":"F","NAME_GERM":"Ungarn","region_id":"hungary_pest","region_id_match_status":"sandbox_pre_matched_pending_verification"},"geometry":{"type":"MultiPolygon","coordinates":[[[[18.89654512800007,48.05398057700006],[18.909154606000072,48.05159731900005],[18.928392502000065,48.05674314300006],[18.957276611000054,48.02788341100006],[18.975302029000034,48.02532287100007],[18.98248041200003,48.02687481400005],[18.990502092000042,48.028609076000066],[19.00548999700004,48.01695697400004],[19.00191217400004,48.011855565000076],[19.00114145400005,48.01075664000007],[19.002956678000032,48.01062595600007],[19.006969339000023,48.01033707000005],[19.002427741000076,48.00360745300003],[19.00373204500005,47.99214243800003],[18.996043172000043,47.98991655100008],[18.988711801000022,47.98779415800004],[18.991444828000056,47.98317511300007],[18.993456983000044,47.97977440200003],[18.959314643000027,47.96316348200003],[18.94084244900006,47.95417639600004],[18.94688162500006,47.94813138400008],[18.942689379000058,47.94399459700003],[18.957798366000077,47.933590181000056],[18.967315263000046,47.92147241300006],[18.985325097000043,47.915744552000035],[19.003603842000075,47.897694509000075],[19.014587472000073,47.89167134300004],[19.02804368900007,47.88893421900008],[19.029039917000034,47.888731577000044],[19.04400682100004,47.878499196000064],[19.044951679000064,47.874423757000045],[19.045987611000044,47.86995549200003],[19.04708288300003,47.86255242500005],[19.052983502000075,47.859320972000035],[19.061886608000066,47.85883781700005],[19.063941213000078,47.85872631700005],[19.074283899000022,47.85311905900005],[19.074432908000063,47.847290919000045],[19.074468781000064,47.84588784500005],[19.086135117000026,47.83817061600007],[19.097753804000035,47.842111070000044],[19.101040393000062,47.84613998400005],[19.102286409000044,47.84766743200004],[19.10934847900006,47.85041127200003],[19.127329777000057,47.850276801000064],[19.134800219000056,47.85022093400005],[19.15088750800004,47.84733593800007],[19.16391200700002,47.845000205000076],[19.171277665000048,47.84782514800003],[19.171904493000056,47.84806555500006],[19.180230162000043,47.849043583000025],[19.207980062000047,47.84188893900006],[19.222041258000047,47.831573330000026],[19.23074155300003,47.82519059800006],[19.262251739000078,47.82735136600007],[19.27540250000004,47.82475736100008],[19.291303180000057,47.82761391100007],[19.302217948000077,47.829942894000055],[19.305896001000065,47.83030384800003],[19.319433654000022,47.83163239700008],[19.32454242800003,47.83256748500003],[19.332771956000045,47.82884397300006],[19.350735275000034,47.820716333000064],[19.35540134400003,47.81860513500004],[19.37450621200003,47.81880928900006],[19.38074294300003,47.82133660400007],[19.381417329000044,47.82126585700007],[19.419934006000062,47.81722524200006],[19.42534356400006,47.81665774900006],[19.44626900700007,47.80214302100006],[19.435085350000065,47.79847807800007],[19.427217110000072,47.795899614000064],[19.421575543000074,47.782414440000025],[19.41635707100005,47.777735834000055],[19.415513974000078,47.77117440000006],[19.424267195000027,47.77243701900005],[19.428662908000035,47.771348473000046],[19.44445736700004,47.76743716500005],[19.446025554000073,47.761282900000026],[19.441021813000077,47.75418112700004],[19.440501470000072,47.75344260900005],[19.436285695000038,47.75123914200003],[19.434623558000055,47.74950907700003],[19.433532281000055,47.74488039900007],[19.43275964700007,47.742904614000054],[19.433885385000053,47.73860350500007],[19.437098784000057,47.732546554000066],[19.438886281000066,47.73197750300005],[19.440711735000036,47.73021387600005],[19.443847221000055,47.72826709800006],[19.44484060700006,47.725912390000076],[19.448120432000053,47.72184003000007],[19.45000781600004,47.718254571000045],[19.45137528400005,47.71677912200005],[19.452436095000053,47.71518299600007],[19.454139186000077,47.71460401100006],[19.459820525000055,47.713154099000064],[19.46449506700003,47.71196112800004],[19.468198633000043,47.70498304500006],[19.477327698000067,47.68778249600007],[19.485997981000025,47.68995402000007],[19.491432391000046,47.692572908000045],[19.495111767000026,47.69358949900004],[19.500952721000033,47.69557858400003],[19.50420757300003,47.696147360000055],[19.50642109300003,47.69631947100004],[19.50894676200005,47.695945667000046],[19.511234199000057,47.69843584900008],[19.50979631000007,47.70039348900008],[19.508801924000068,47.70406252300006],[19.501257983000073,47.705482321000034],[19.49100070000003,47.70741278100007],[19.491663825000046,47.713538208000045],[19.496358456000053,47.71759480000003],[19.505587279000054,47.72025509300005],[19.51786708000003,47.723794859000066],[19.53357995300007,47.73905291400007],[19.541148173000067,47.746402068000066],[19.57093678900003,47.73489961800004],[19.593806038000025,47.72021140600003],[19.606729675000054,47.71191095300003],[19.603665109000076,47.701510091000046],[19.599731693000024,47.70090648000007],[19.597819,47.700612963000026],[19.59587293100003,47.69711852200004],[19.59811428100005,47.69492083800003],[19.599937716000056,47.69313292600003],[19.597171772000024,47.691432846000055],[19.593806038000025,47.68936410800006],[19.591436314000077,47.687907565000046],[19.600047682000024,47.67667922700008],[19.607177173000025,47.66738310300008],[19.60721882400003,47.665983725000046],[19.60735497400003,47.66140936700003],[19.612017748000028,47.65704837700008],[19.624109950000047,47.65032946900004],[19.635129948000042,47.648020494000036],[19.64440395200006,47.64607734900005],[19.641954370000065,47.64262119700004],[19.63932041100003,47.63890490500006],[19.638123837000023,47.637216641000066],[19.643653365000034,47.63073976100003],[19.651401717000056,47.621663915000056],[19.656376832000035,47.61583643400007],[19.655941306000045,47.61159363300004],[19.65457989400005,47.598331044000076],[19.66050311500004,47.59339992000008],[19.666329380000036,47.58854951300003],[19.652240627000026,47.56266528100008],[19.657612563000043,47.55870339900008],[19.654631989000052,47.55102035400006],[19.652673185000026,47.547837464000054],[19.657630268000048,47.545086310000045],[19.66056134400003,47.54345957900006],[19.667873401000065,47.54099076800003],[19.671454636000078,47.53978161600003],[19.676405088000024,47.53616644900006],[19.67807072100004,47.53538653600003],[19.682328949000066,47.533488125000076],[19.684638860000064,47.531948439000075],[19.69127392400003,47.52688496300004],[19.69328766700005,47.52475488600004],[19.69722725200006,47.52241999800003],[19.697505955000054,47.52197692500005],[19.69819616600006,47.52087965000004],[19.70270860900007,47.517234846000065],[19.710691051000026,47.518977696000036],[19.718201187000034,47.52719831600007],[19.725566641000057,47.53150941300004],[19.736468510000066,47.53789042100004],[19.741033795000078,47.53536826200008],[19.745682232000036,47.532800165000026],[19.75607634200003,47.53477185300005],[19.75750258100004,47.535042400000066],[19.758433852000053,47.53467838200004],[19.767493947000048,47.53113694100006],[19.771337414000072,47.53416677900003],[19.77725606200005,47.53883249900008],[19.789935352000043,47.53137045500006],[19.772424697000076,47.51777898800003],[19.770874424000056,47.51657569300005],[19.76992064700005,47.51460450600007],[19.763779852000027,47.501913227000045],[19.753883054000028,47.49427302600003],[19.746964011000046,47.48893161400008],[19.75001459200007,47.487056159000076],[19.75343775600004,47.484230532000026],[19.75689488100005,47.48241262700003],[19.758761289000063,47.481125947000066],[19.766718871000023,47.47772851500008],[19.773799990000043,47.47415900300007],[19.777956777000043,47.472063614000035],[19.789646676000075,47.46701698000004],[19.798126172000025,47.46279307300006],[19.80376934800006,47.45969262400007],[19.805099357000074,47.45798935900007],[19.805174597000075,47.45791911800006],[19.807084133000046,47.45613643900003],[19.807543423000027,47.455860752000035],[19.80955736100003,47.45465189400005],[19.814185175000034,47.450420577000045],[19.816744990000075,47.44749880900008],[19.81763131300005,47.44648716200004],[19.819146115000024,47.44439300400006],[19.823911774000067,47.43632701400003],[19.826560306000033,47.43236315300004],[19.82461248900006,47.42882539200008],[19.83510622800003,47.42630208800006],[19.837949541000057,47.42541207700003],[19.85108282300007,47.41596737400005],[19.852999175000036,47.41476491100008],[19.886565725000025,47.39928458500003],[19.92604880700003,47.38107565400003],[19.928664875000038,47.38076452700005],[19.930636665000065,47.38006685200003],[19.932237371000042,47.37919939500006],[19.93786506400005,47.37769137300006],[19.940770308000026,47.376898621000066],[19.969523690000074,47.36351879000006],[19.990374331000055,47.34603939400006],[19.990783991000058,47.33897721400007],[19.991286958000046,47.33030651000007],[20.008153097000047,47.31336706600007],[20.017585719000067,47.303893447000064],[20.016570357000035,47.299512840000034],[20.01318914600006,47.294893063000075],[20.00782496200003,47.28855914900004],[20.003437575000078,47.28337861500006],[20.000568790000045,47.27760062800007],[19.993284454000047,47.26312053300006],[19.990567999000064,47.258453512000074],[19.989909736000072,47.25641187800005],[19.98826957400007,47.253060961000074],[19.991547900000057,47.25244092500003],[19.997483248000037,47.251619849000065],[20.003599394000048,47.24995596200006],[20.007967998000026,47.24852188500006],[20.019986983000024,47.24585046900006],[20.033753599000022,47.24279061300007],[20.044666869000025,47.238228615000025],[20.050550774000044,47.23491486800003],[20.054411947000062,47.23130348800004],[20.058878941000046,47.22904646300003],[20.06335954800005,47.22622373200005],[20.065764724000076,47.22470849900003],[20.079556767000042,47.220403083000065],[20.079795794000063,47.21636775400003],[20.080164086000025,47.21015015300003],[20.084172959000057,47.20833271200007],[20.08496420700004,47.20797399600008],[20.098118216000046,47.18129201000005],[20.084974381000052,47.16542495900006],[20.07102233200004,47.15620136000007],[20.063568186000055,47.14907700600003],[20.059479942000053,47.14717737500007],[20.055926750000026,47.14552635900003],[20.055317432000038,47.141674830000056],[20.04724098400004,47.12519550700006],[20.057424612000034,47.11058684100004],[20.056026950000046,47.10413208500006],[20.070385061000025,47.086678008000035],[20.075796980000064,47.08009914500008],[20.079644169000062,47.07635035900006],[20.081822228000078,47.07069267000003],[20.088686250000023,47.052380834000076],[20.09191042200007,47.043779388000075],[20.09667108600007,47.04301566300006],[20.098530907000054,47.042605586000036],[20.100743023000064,47.04211783000005],[20.104738545000032,47.040954846000034],[20.108436900000072,47.039376590000074],[20.112707614000044,47.03339159300003],[20.108033352000064,47.025545374000046],[20.106408673000033,47.02316043600007],[20.09468681000004,47.00740764100004],[20.070103422000045,47.01872570900008],[20.061592174000054,47.01433329200006],[20.058821472000034,47.012903410000035],[20.049515608000036,47.011277447000055],[20.02647875300005,47.007252341000026],[20.01890424100003,47.00443812700007],[20.003750724000042,46.999384907000035],[19.999761695000075,46.998323861000074],[19.995535931000063,46.99518760600006],[19.992385961000025,46.99193499900008],[19.987635785000066,46.98861814400004],[19.98611648700006,46.986143655000035],[19.982713301000047,46.98301997300007],[19.982880614000067,46.97416241600007],[19.98288508400003,46.974087945000065],[19.983564847000025,46.96276238000007],[19.954172693000032,46.97172756800006],[19.932222584000044,46.97321274700005],[19.906296740000073,46.982402904000026],[19.894258319000073,46.98870083400004],[19.87660172300008,46.997937928000056],[19.86009834600003,46.97275210400005],[19.84385131700003,46.94795749200006],[19.838638683000056,46.94452633800006],[19.82772050500006,46.94486894500005],[19.814329249000025,46.95028253300006],[19.801897945000064,46.95530804900005],[19.78774757800005,46.95108534000008],[19.77976774700005,46.94870402400005],[19.76669789500005,46.955183960000056],[19.749433244000045,46.96485041600005],[19.745102348000046,46.967521013000066],[19.741344808000065,46.96983805700006],[19.737256890000026,46.97172542800007],[19.729130997000027,46.976065651000056],[19.725364718000037,46.97788362800003],[19.71982992100004,46.979794567000056],[19.717859221000026,46.98055601300007],[19.709920526000076,46.98362339500005],[19.699014249000072,46.98841202600005],[19.69592371300007,46.990510984000025],[19.689688701000023,46.994199036000055],[19.682278505000056,46.99923605500004],[19.67623877400007,47.00468607500005],[19.674000283000055,47.00745157500006],[19.66711050500004,47.011612496000055],[19.66378323300006,47.014499545000035],[19.661641134000035,47.017111648000025],[19.656987350000065,47.02076415600004],[19.636755524000023,47.03800796000007],[19.630386162000036,47.058141429000045],[19.628788453000027,47.06243959200003],[19.627698175000035,47.063877338000054],[19.626913055000045,47.06787295500004],[19.626298490000067,47.06927856500005],[19.623901929000056,47.07475988600004],[19.62057965300005,47.08240263600004],[19.60368308900007,47.10320946600007],[19.59788308900005,47.109132921000025],[19.593806038000025,47.11361869700005],[19.587165601000038,47.120924837000075],[19.580773218000047,47.11519456900004],[19.577942937000046,47.11265744600007],[19.56973513500003,47.10851698000005],[19.561408467000035,47.10732247000004],[19.532740596000053,47.11128695700006],[19.530329514000073,47.11198215400003],[19.50714328300006,47.118667533000064],[19.493909829000074,47.09752548700004],[19.491134225000053,47.088286579000055],[19.49041967100004,47.08596081400003],[19.48733398400003,47.07591737100006],[19.485912577000022,47.072344833000045],[19.48303979700006,47.06696907700007],[19.480651473000023,47.063835493000056],[19.47904077800007,47.06109434800004],[19.474445928000023,47.055004944000075],[19.459994386000062,47.053907249000076],[19.458025191000047,47.054529427000034],[19.442646514000046,47.05938839800007],[19.429226107000034,47.06362864400006],[19.425394401000062,47.06117600300007],[19.416919956000072,47.05617145700006],[19.39642686600007,47.04406935500003],[19.385807267000075,47.03813866400003],[19.37830917100007,47.034057080000025],[19.374202273000037,47.03270295100003],[19.35811979700003,47.03287451700004],[19.356678190000025,47.032507173000056],[19.350735275000034,47.030992823000076],[19.343750401000023,47.029212965000056],[19.333043900000064,47.02686257600004],[19.32506883800005,47.02238960700004],[19.323243094000077,47.01937313500008],[19.319190426000034,47.01267736500006],[19.309766488000037,47.02147440300007],[19.299054993000027,47.03182434800004],[19.295286716000078,47.03592210100004],[19.302521607000074,47.04811239800006],[19.313989755000023,47.066777890000026],[19.318590099000062,47.069738494000035],[19.32393905600003,47.07288087900008],[19.328813641000067,47.07574458300007],[19.33870405700003,47.085180093000076],[19.347792871000024,47.09322155700005],[19.338055783000073,47.099402130000044],[19.334439836000058,47.10262983300004],[19.323422683000047,47.11246744200008],[19.31194155000003,47.12040962800006],[19.298236410000072,47.125753486000065],[19.281877743000052,47.12808184700003],[19.269029643000067,47.134127566000075],[19.262903508000022,47.13354962900007],[19.254871510000044,47.13366990500003],[19.251028317000078,47.13323738400004],[19.23676929800007,47.13080153700008],[19.225347446000058,47.11369022900004],[19.20877517100007,47.08886296700007],[19.20523335400003,47.09371986600007],[19.202490714000078,47.09748085100006],[19.163957399000026,47.09561798300007],[19.15390238200007,47.08817390100006],[19.13218020200003,47.07209220800007],[19.127329777000057,47.07095007100003],[19.12356399500004,47.07006333700008],[19.10105770000007,47.06476374500005],[19.096181492000028,47.052285218000065],[19.09327461500004,47.04484633700008],[19.08747961000006,47.04343054000003],[19.068510137000033,47.03543256900008],[19.02561159800007,47.048268679000046],[19.02479417400008,47.048926282000025],[19.01830669900005,47.05414534300007],[18.95638852600007,47.06398790700007],[18.95944338100003,47.054766630000074],[18.96780454900005,47.04820820200007],[18.97590350400003,47.04185545000007],[18.965907359000028,47.02896444900006],[18.94620593800005,47.04825260600006],[18.920298802000048,47.06295364700003],[18.90415906100003,47.07211216600007],[18.900455212000054,47.07603811900003],[18.89466320300005,47.08398437900007],[18.89168803800004,47.09188865100003],[18.891151639000043,47.09383053400006],[18.89034104700005,47.09554386100007],[18.886849460000064,47.10544906900003],[18.885767173000033,47.10915603600006],[18.881464496000035,47.12653097700007],[18.879354860000035,47.13217797900006],[18.875653769000053,47.14290868900008],[18.875361335000036,47.14375655200007],[18.87534540400003,47.14375620100003],[18.873016963000055,47.143704918000026],[18.87206902500003,47.15084052200007],[18.873235718000046,47.15660245000004],[18.873303642000053,47.16222758200007],[18.88338631700003,47.19924470900003],[18.89661777400005,47.21441274800003],[18.905760267000062,47.22489335300003],[18.91957278700005,47.26242096400006],[18.92017161600006,47.26449863100004],[18.920463788000063,47.26980495400005],[18.919896424000058,47.27232761800008],[18.919185221000077,47.274141599000075],[18.913419304000058,47.27478217200007],[18.89535131100007,47.27678946200007],[18.881136135000077,47.278368717000035],[18.87435878900004,47.28671359300006],[18.87755882500005,47.295234666000056],[18.879845328000044,47.30132317600004],[18.869276298000045,47.303143093000074],[18.85781849600005,47.30511605100003],[18.861466891000077,47.308576336000044],[18.867813295000076,47.31459552000007],[18.854123637000043,47.32711097400005],[18.847929579000038,47.33208301700006],[18.84199736000005,47.335763264000036],[18.841790459000038,47.33589162200008],[18.833878326000047,47.33998187600008],[18.828195191000077,47.34120572300003],[18.811492415000032,47.353724638000074],[18.80135222000007,47.36351879000006],[18.79448048000006,47.370156027000064],[18.792811851000067,47.37139705300007],[18.781430037000064,47.38496816900005],[18.77869130600004,47.38823369700003],[18.76936237600006,47.394771939000066],[18.757157309000036,47.40332594000006],[18.764114977000077,47.41295088100003],[18.776270888000056,47.418395875000044],[18.778357098000072,47.41957444500008],[18.78752227900003,47.42475216200006],[18.78952903000004,47.42566516100004],[18.78465231200005,47.45834751500007],[18.778695022000022,47.467174760000034],[18.768229124000072,47.47415901000005],[18.762379956000075,47.47806236000008],[18.757554597000023,47.484708914000066],[18.752763033000065,47.49130892000005],[18.747369156000047,47.490606788000036],[18.739403905000074,47.48956993500008],[18.722438220000072,47.49637742300007],[18.724517889000026,47.496579549000046],[18.696000810000044,47.532102415000054],[18.693638889000056,47.545086310000045],[18.692852017000064,47.549411887000076],[18.69479287300004,47.55325899500008],[18.69956053100003,47.562709307000034],[18.68845170900005,47.57704672800003],[18.69452000800004,47.582220103000054],[18.698054971000033,47.58400056900007],[18.71671658200006,47.59339992000008],[18.718402695000066,47.59424917000007],[18.719246845000043,47.59934586700007],[18.719361668000033,47.60003912900004],[18.720579803000078,47.60852883700005],[18.737523907000025,47.614203392000036],[18.743067600000074,47.62320637300007],[18.743558550000046,47.62351707600004],[18.75704025400006,47.63073976100003],[18.768605714000046,47.636935838000056],[18.77205163900004,47.63758247200008],[18.778530328000045,47.638798208000026],[18.77363084700005,47.64827685300003],[18.769285298000057,47.65043522000008],[18.747726878000037,47.66114295400007],[18.765090925000038,47.66046904900003],[18.771640078000075,47.660214874000076],[18.77872928000005,47.66215454500008],[18.779347264000023,47.66634258700003],[18.780024182000034,47.67093002200005],[18.790832069000032,47.66855893400003],[18.793797746000052,47.66777661900005],[18.799312066000027,47.664939537000066],[18.801323312000022,47.66409191500003],[18.805312075000074,47.661417896000046],[18.81163225800003,47.65718092100008],[18.816959696000026,47.65675463000008],[18.820217137000043,47.656493976000036],[18.821965178000028,47.65580365800008],[18.82438693200004,47.655197171000054],[18.824493344000075,47.65517052200005],[18.82918608500006,47.65347696400005],[18.83520833600005,47.65431601300003],[18.836208215000056,47.65449208600006],[18.839831654000022,47.65513015200003],[18.843000103000065,47.656508442000074],[18.845129717000077,47.65587935100007],[18.849666133000028,47.654178079000076],[18.856366623000042,47.653417080000054],[18.856813513000077,47.65326307400005],[18.85852120900006,47.65267457400006],[18.864824644000066,47.65105192500005],[18.86548240700006,47.65325458400008],[18.858971557000075,47.67749858600007],[18.850682161000066,47.68737218500007],[18.84630939500005,47.692580640000074],[18.850554056000078,47.69455179400006],[18.85414163400003,47.696217810000064],[18.854050792000066,47.70541004800003],[18.853968785000063,47.71370833100008],[18.869090477000043,47.71667642400007],[18.877545224000073,47.715999984000064],[18.882468870000025,47.71560605800005],[18.88418310800006,47.71734668900007],[18.886532674000023,47.71973243100007],[18.893127425000046,47.720549145000064],[18.90310024100006,47.71902601100004],[18.911559258000068,47.71471875900005],[18.921065114000044,47.70987846700007],[18.932391838000058,47.71453927500005],[18.941476738000063,47.72467334600003],[18.92590916300003,47.73624684200007],[18.91982146400005,47.740772657000036],[18.922685858000023,47.747044456000026],[18.92405641000005,47.75004537800004],[18.923446204000072,47.75500215500006],[18.922956267000075,47.75898197200007],[18.923982796000075,47.76061807500008],[18.926786702000072,47.765086996000036],[18.92218232500005,47.76681529900003],[18.912935865000065,47.77028605700008],[18.90743289200003,47.78255540200007],[18.90547658500003,47.79022255500007],[18.90520611100004,47.79281042300005],[18.904788196000027,47.79680899400006],[18.900396778000072,47.80322741800006],[18.884418006000033,47.80975547000003],[18.864782759000036,47.812530406000064],[18.85194666500007,47.81434445700006],[18.849373507000053,47.81722524200006],[18.852768156000025,47.82800454100004],[18.84631023000003,47.82941846500006],[18.831439627000066,47.832674293000025],[18.823244072000023,47.84206433300005],[18.82102681400005,47.84876174400006],[18.82015533200007,47.85139412900003],[18.81294553300006,47.85544082100006],[18.805009600000062,47.85653044500003],[18.80052670400005,47.857145959000036],[18.799658178000072,47.857467334000034],[18.796930539000073,47.86009459200005],[18.79172595500006,47.865107640000076],[18.781078138000055,47.86708801300006],[18.769557211000063,47.86923077500006],[18.76374867800007,47.87309024900003],[18.763570122000033,47.87797554600007],[18.763536244000022,47.885047402000055],[18.757841976000066,47.89821089700007],[18.76176657700006,47.90927846300008],[18.762150464000058,47.91036104400007],[18.761492143000055,47.91175087000005],[18.75998114500004,47.91494084400006],[18.758686064000074,47.920157258000074],[18.76290804000007,47.92362259300006],[18.769023094000033,47.92864173900006],[18.773745219000034,47.93846814900007],[18.772849922000034,47.94458300600007],[18.772872697000025,47.94488550500006],[18.77407464600003,47.95111849300008],[18.77430301800007,47.95230276900003],[18.775285776000032,47.957399089000035],[18.76474872400007,47.96647194600007],[18.754694819000065,47.97512879300007],[18.76866040300007,47.98468907100005],[18.789036401000033,47.98513064700006],[18.799119774000076,47.98534916700004],[18.807577303000073,47.988183915000036],[18.81205678200007,47.990701890000025],[18.816580549000037,47.995345489000044],[18.820134821000067,48.00659261700008],[18.817456820000075,48.016278199000055],[18.816305446000058,48.020442399000046],[18.819167813000035,48.024066394000045],[18.81969730700007,48.024611304000075],[18.825724665000052,48.03081415200006],[18.822640238000076,48.03555703200004],[18.820698098000037,48.038543434000076],[18.821264962000043,48.03922333400004],[18.820206841000072,48.03983976600006],[18.821580074000053,48.04196752900003],[18.822699150000062,48.042966007000075],[18.82382459400003,48.04288815800004],[18.827029003000064,48.04206505600007],[18.828635762000033,48.04169983700007],[18.829240824000067,48.04156230600006],[18.829704124000045,48.04233060900003],[18.833270508000055,48.04824484300008],[18.837395482000034,48.04687166300005],[18.837924292000025,48.04669562500004],[18.83839374400003,48.04746104700007],[18.84032260400005,48.05060597500005],[18.845587204000026,48.052578399000026],[18.850254230000075,48.04996512300005],[18.853917368000054,48.047913969000035],[18.860978541000065,48.04968528000006],[18.874106236000046,48.04749818400006],[18.883118979000074,48.051417928000035],[18.883833211000024,48.05287789500005],[18.886675655000033,48.05868816000003],[18.891680009000027,48.05490011000006],[18.89654512800007,48.05398057700006]],[[19.09896823400004,47.613033941000026],[19.082896402000074,47.595869709000056],[19.080583801000046,47.59339992000008],[19.074629798000046,47.587041224000075],[19.070829711000044,47.58623362700007],[19.07169284200006,47.59339992000008],[19.072462760000064,47.599792293000064],[19.07337857400006,47.60130980000008],[19.076723664000042,47.606852624000055],[19.044686519000038,47.60997241600006],[19.029221901000028,47.60603840500005],[19.02627293100005,47.60401647500004],[19.028860689000055,47.59810790100005],[19.030922627000052,47.59339992000008],[19.033349400000077,47.58785891800005],[19.013448435000043,47.58532475900006],[19.002433790000055,47.58392217000005],[18.997018292000064,47.58582481800005],[18.981479225000044,47.587281680000046],[18.983704224000064,47.58160659100008],[18.982169474000045,47.580236297000056],[18.975333096000043,47.57413246900006],[18.958298537000076,47.57635297300004],[18.944393283000068,47.57816556300003],[18.929383292000068,47.57180214700003],[18.934245865000037,47.56277159600006],[18.940077528000074,47.55194129600005],[18.936288054000045,47.54820390100008],[18.935679505000053,47.547742741000036],[18.932174060000023,47.545086310000045],[18.934810210000023,47.53748448700003],[18.93259004300006,47.52158426600005],[18.93846183200003,47.51857558900008],[18.941062916000078,47.51724280500008],[18.93896053800006,47.51334765000007],[18.935986125000056,47.50783684400005],[18.93981721800003,47.50436706800008],[18.94423661700006,47.50036447000008],[18.940674427000033,47.49538093800004],[18.93800715200007,47.49164940000003],[18.94706347700003,47.48244266700004],[18.952123879000055,47.484548552000035],[18.95484475300003,47.48568084300007],[18.96240126400005,47.48280963600007],[18.97255219400006,47.47415901200003],[18.977835802000072,47.46965632100006],[18.981574497000054,47.46297134100007],[18.98074382300007,47.45615557000008],[18.979113098000028,47.455350801000066],[18.97129175300006,47.45149093600003],[18.97728917300003,47.44642917300007],[18.977457095000034,47.44566737300005],[18.978910797000026,47.43907247700008],[18.97662623900004,47.43123424800007],[18.969735568000033,47.426916369000025],[18.967627311000058,47.42544305600006],[18.966642535000062,47.42475486500007],[18.956940408000037,47.41865744100005],[18.95835432000007,47.413511647000064],[18.961903542000073,47.40059460200007],[18.95461570300006,47.39596119400005],[18.95153097000002,47.394000005000066],[18.95515033500004,47.379751019000025],[18.96237282000004,47.37262046300003],[18.973123414000042,47.380088029000035],[18.97581674500003,47.38195886700004],[18.99368822400004,47.386681374000034],[19.014418871000032,47.39023712300008],[19.02806322300006,47.38821739900004],[19.04390591400005,47.38587226200008],[19.051391119000073,47.39074513800006],[19.054249250000055,47.39260578400007],[19.055829662000065,47.39259157600003],[19.062780607000036,47.39252908900005],[19.06226291400003,47.39526781600006],[19.061776206000047,47.39784262200004],[19.067008505000047,47.40088181500005],[19.08183641900007,47.404509209000025],[19.09382600300006,47.39154367300006],[19.103490391000037,47.387087945000076],[19.098901085000023,47.38085395600007],[19.097555318000047,47.37902590200008],[19.099556575000065,47.37806237900003],[19.103502599000024,47.37565856000003],[19.104211858000042,47.37522649700003],[19.10505300400007,47.37468220200003],[19.122304805000056,47.36351879000006],[19.127329777000057,47.359619413000075],[19.14045124300003,47.34943715600008],[19.14591652000007,47.353336314000046],[19.150264745000072,47.35643852100003],[19.16504082800003,47.358828370000026],[19.169066174000022,47.35947942000007],[19.17938361100005,47.36088207200004],[19.181980341000042,47.36351879000006],[19.192157318000056,47.37385248800007],[19.201242353000055,47.388031925000064],[19.205674188000046,47.39494889500003],[19.207787058000065,47.39597829200005],[19.217840012000067,47.400876124000035],[19.224970523000025,47.407314635000034],[19.220495372000073,47.41140831400003],[19.218405782000048,47.41331978200003],[19.230538753000076,47.42306257600006],[19.236450798000078,47.42473771900006],[19.239222097000038,47.42343831200003],[19.24663165100003,47.41996411800005],[19.254054779000057,47.42768545700005],[19.260129894000045,47.42840040500005],[19.263518291000025,47.43360632000008],[19.265958881000074,47.43735602800007],[19.27136386500007,47.43688970900007],[19.280466325000077,47.43610438700006],[19.28585915800005,47.442956019000064],[19.290956665000067,47.44943243800003],[19.300083064000034,47.45604870600005],[19.324525780000045,47.45913808100005],[19.330011299000034,47.45983140900006],[19.33449777100003,47.463187454000035],[19.328380039000024,47.47878138900006],[19.32042446400004,47.487527681000074],[19.31419436500005,47.494377],[19.31414628400006,47.50247423600007],[19.315806744000042,47.50464494400006],[19.319994820000034,47.51011998700005],[19.318349369000032,47.51534859600008],[19.309509526000056,47.51412884000007],[19.29989580700004,47.51208525100003],[19.296241146000057,47.51130837900007],[19.29106644500007,47.51063065000005],[19.286900115000037,47.510687662000066],[19.284993094000072,47.51086434600006],[19.28392894500007,47.510962938000034],[19.279766609000035,47.510559132000026],[19.278159322000022,47.51030448900008],[19.27039960700006,47.50907511300005],[19.26359972800003,47.50834742500007],[19.263290575000042,47.510812144000056],[19.259430301000066,47.51843334300003],[19.258455493000042,47.520357871000044],[19.252555106000045,47.52780698000004],[19.251029815000038,47.53004147300004],[19.24498259300003,47.53689813400007],[19.23730882600006,47.53563735100005],[19.222057670000027,47.53313161900007],[19.211346235000065,47.53867719600004],[19.209789972000067,47.53948291200004],[19.20555470200003,47.53935530100006],[19.190980077000063,47.53891615800006],[19.179071745000044,47.545086310000045],[19.177661329000045,47.54912548800007],[19.177521813000055,47.549525036000034],[19.17178093700005,47.55331138200006],[19.163671652000062,47.55865979300006],[19.16939119400007,47.56162080400003],[19.174442648000024,47.564235945000064],[19.158597618000044,47.57496533700004],[19.153468634000035,47.57583660100005],[19.146636827000066,47.57699712500005],[19.14913573900003,47.58051995200003],[19.152536225000063,47.58531376700006],[19.14375850700003,47.591644160000044],[19.141323971000077,47.59339992000008],[19.139621670000054,47.59462760000008],[19.139043409000067,47.59641388600005],[19.13797951300006,47.59970033400003],[19.13149220400004,47.59920304700006],[19.127329777000057,47.598883975000035],[19.112998875000073,47.606033860000025],[19.09896823400004,47.613033941000026]]]]}},{"type":"Feature","properties":{"NUTS_ID":"HU211","LEVL_CODE":3,"CNTR_CODE":"HU","NAME_LATN":"Fejér","NUTS_NAME":"Fejér","MOUNT_TYPE":null,"URBN_TYPE":2,"COAST_TYPE":null,"NAME_ENGL":"Hungary","NAME_FREN":"Hongrie","ISO3_CODE":"HUN","SVRG_UN":"UN Member State","CAPT":"Budapest","EU_STAT":"T","EFTA_STAT":"F","CC_STAT":"F","NAME_GERM":"Ungarn","region_id":"hungary_fejer","region_id_match_status":"sandbox_pre_matched_pending_verification"},"geometry":{"type":"MultiPolygon","coordinates":[[[[18.68845170900005,47.57704672800003],[18.69956053100003,47.562709307000034],[18.69479287300004,47.55325899500008],[18.692852017000064,47.549411887000076],[18.693638889000056,47.545086310000045],[18.696000810000044,47.532102415000054],[18.724517889000026,47.496579549000046],[18.722438220000072,47.49637742300007],[18.739403905000074,47.48956993500008],[18.747369156000047,47.490606788000036],[18.752763033000065,47.49130892000005],[18.757554597000023,47.484708914000066],[18.762379956000075,47.47806236000008],[18.768229124000072,47.47415901000005],[18.778695022000022,47.467174760000034],[18.78465231200005,47.45834751500007],[18.78952903000004,47.42566516100004],[18.78752227900003,47.42475216200006],[18.778357098000072,47.41957444500008],[18.776270888000056,47.418395875000044],[18.764114977000077,47.41295088100003],[18.757157309000036,47.40332594000006],[18.76936237600006,47.394771939000066],[18.77869130600004,47.38823369700003],[18.781430037000064,47.38496816900005],[18.792811851000067,47.37139705300007],[18.79448048000006,47.370156027000064],[18.80135222000007,47.36351879000006],[18.811492415000032,47.353724638000074],[18.828195191000077,47.34120572300003],[18.833878326000047,47.33998187600008],[18.841790459000038,47.33589162200008],[18.84199736000005,47.335763264000036],[18.847929579000038,47.33208301700006],[18.854123637000043,47.32711097400005],[18.867813295000076,47.31459552000007],[18.861466891000077,47.308576336000044],[18.85781849600005,47.30511605100003],[18.869276298000045,47.303143093000074],[18.879845328000044,47.30132317600004],[18.87755882500005,47.295234666000056],[18.87435878900004,47.28671359300006],[18.881136135000077,47.278368717000035],[18.89535131100007,47.27678946200007],[18.913419304000058,47.27478217200007],[18.919185221000077,47.274141599000075],[18.919896424000058,47.27232761800008],[18.920463788000063,47.26980495400005],[18.92017161600006,47.26449863100004],[18.91957278700005,47.26242096400006],[18.905760267000062,47.22489335300003],[18.89661777400005,47.21441274800003],[18.88338631700003,47.19924470900003],[18.873303642000053,47.16222758200007],[18.873235718000046,47.15660245000004],[18.87206902500003,47.15084052200007],[18.873016963000055,47.143704918000026],[18.87534540400003,47.14375620100003],[18.875361335000036,47.14375655200007],[18.875653769000053,47.14290868900008],[18.879354860000035,47.13217797900006],[18.881464496000035,47.12653097700007],[18.885767173000033,47.10915603600006],[18.886849460000064,47.10544906900003],[18.89034104700005,47.09554386100007],[18.891151639000043,47.09383053400006],[18.89168803800004,47.09188865100003],[18.89466320300005,47.08398437900007],[18.900455212000054,47.07603811900003],[18.90415906100003,47.07211216600007],[18.920298802000048,47.06295364700003],[18.94620593800005,47.04825260600006],[18.965907359000028,47.02896444900006],[18.965387580000026,47.01280795400004],[18.957122704000028,47.002901026000075],[18.955824002000043,47.001845993000074],[18.953546711000058,46.99999597800007],[18.950692910000043,46.99618365200007],[18.94887762600007,46.98920240800004],[18.95114226900006,46.97082349100003],[18.959191643000054,46.958328434000066],[18.95942674300005,46.957963488000075],[18.965534277000074,46.93672258200007],[18.958292393000022,46.90597142800004],[18.951951499000074,46.895039446000055],[18.946346281000046,46.88980966500003],[18.94133488500006,46.88484691700006],[18.93967625600004,46.88320438900007],[18.934304776000033,46.87851353800005],[18.93171817500007,46.87575707500008],[18.926199360000055,46.86501903800007],[18.92509709500007,46.85716859100006],[18.91457966300004,46.859150416000034],[18.88815849300005,46.85622904200005],[18.86187942300006,46.84960200900008],[18.86912178500006,46.842128616000025],[18.873295815000063,46.83782143500008],[18.868223493000073,46.832988458000045],[18.86672851000003,46.83156401900004],[18.866482715000075,46.830128966000075],[18.866357926000035,46.82940039600004],[18.865185739000026,46.82517814200003],[18.861842986000056,46.82203515600003],[18.852182812000024,46.81591952700006],[18.844319625000026,46.81041438800003],[18.840285146000042,46.80837365900004],[18.835406114000023,46.80469639100005],[18.83176419600005,46.803229447000035],[18.828445200000033,46.801028994000035],[18.819224318000067,46.79652940900007],[18.805775444000062,46.79223602800005],[18.80515566300005,46.79203817100006],[18.794872541000075,46.78745702100008],[18.792543970000054,46.78285814600008],[18.795384651000063,46.77500375400007],[18.797291330000064,46.76973184600007],[18.784483125000065,46.769192532000034],[18.74836567600005,46.767671739000036],[18.740523042000063,46.76128660300003],[18.712404465000077,46.755033627000046],[18.719790957000043,46.74342968700006],[18.730196337000052,46.72708317100006],[18.720739623000043,46.718720973000075],[18.716762974000062,46.71823169100003],[18.710490658000026,46.71745995200007],[18.700225614000033,46.70949301400003],[18.692378876000078,46.70467507800004],[18.676478803000066,46.69491235500004],[18.63627478500007,46.68721688800008],[18.628899532000048,46.694853830000056],[18.629689192000058,46.698422262000065],[18.630271853000067,46.70105527900006],[18.627826189000075,46.704217811000035],[18.63008459400004,46.70767555900005],[18.62335572300003,46.71663943900006],[18.620621335000067,46.720282061000034],[18.62181030200003,46.72108458800005],[18.626812347000055,46.72446085900003],[18.61914448300007,46.73028554100006],[18.61450218600004,46.74683241300005],[18.613305527000023,46.74685363100008],[18.606872612000075,46.74680835300006],[18.600754332000065,46.74676529000004],[18.588035710000042,46.75458143900005],[18.586153875000036,46.75573790900006],[18.583454651000068,46.75647182200004],[18.573357849000047,46.75921712200005],[18.567294138000022,46.768318253000075],[18.556586094000068,46.78439014600008],[18.505144675000054,46.76390881400005],[18.50831887000004,46.75583816000005],[18.511703212000043,46.74723319200007],[18.50770337800003,46.74443813200003],[18.501059222000038,46.74673352000008],[18.500016738000056,46.74709367200006],[18.49042432500005,46.74521733600005],[18.48981662800003,46.74509846700005],[18.489747024000053,46.74512077600008],[18.479626599000028,46.74836448500008],[18.466679363000026,46.74183209200004],[18.46238416800003,46.739664996000045],[18.44743542200007,46.74297433700008],[18.443522807000022,46.744367630000056],[18.436584582000023,46.747426517000065],[18.420739353000045,46.75349690100006],[18.423390780000034,46.761851827000044],[18.42519431100004,46.767534943000044],[18.42150466800007,46.77564805700007],[18.419441032000066,46.78018576100004],[18.420385839000062,46.78383188500004],[18.42178616700005,46.78923592000007],[18.419353598000043,46.79177721500008],[18.41049764400003,46.801028994000035],[18.408152447000077,46.803479012000025],[18.407705366000073,46.801028994000035],[18.404982380000035,46.786106964000055],[18.40204151000006,46.76999092800003],[18.39692848800007,46.77148962500007],[18.39623788600005,46.776074780000044],[18.394997755000077,46.78430844900004],[18.386991585000033,46.78332689000007],[18.381656262000035,46.79009264900003],[18.373127340000053,46.786005731000046],[18.370196687000032,46.78194386700005],[18.365194939000048,46.775011481000035],[18.350796984000056,46.78120560600007],[18.338069490000066,46.786681085000055],[18.330688053000074,46.788358395000046],[18.32011317100006,46.79076136200007],[18.309399830000075,46.801028994000035],[18.309365210000067,46.80447615500003],[18.30929312300003,46.81165383200005],[18.303936244000056,46.81726308400005],[18.27104287700007,46.801028994000035],[18.267570056000068,46.79931502900007],[18.261805252000045,46.79198750000006],[18.252745725000068,46.78823041600003],[18.252185420000046,46.78634307100003],[18.251586315000054,46.78432503200003],[18.210897515000056,46.77816112900007],[18.204044129000067,46.79069198500008],[18.202172805000032,46.801028994000035],[18.198863002000053,46.81931202000004],[18.19988952700004,46.822686600000054],[18.20452547900004,46.837926743000025],[18.19842563700007,46.85940776800004],[18.197523088000025,46.862586158000056],[18.198282757000072,46.862991848000036],[18.20631614900003,46.86728195900008],[18.200744893000035,46.87014607100008],[18.197967509000023,46.870899733000044],[18.189444558000048,46.873212495000075],[18.201449006000075,46.88144142600004],[18.211808726000072,46.88854291300004],[18.20834919400005,46.89872401000008],[18.192468315000042,46.92220731300006],[18.19202864300007,46.92953524300003],[18.180697976000033,46.940150403000075],[18.174225614000022,46.94621405000004],[18.205248346000076,46.97163239000008],[18.205960048000065,46.97167294500008],[18.20609297200002,46.97401049600006],[18.206556715000033,46.98216567600008],[18.213361746000032,46.99941255400006],[18.22121275300003,47.00176584400003],[18.227734344000055,47.00372064900006],[18.231250098000032,47.00798131800008],[18.23590211000004,47.01361899500006],[18.24340543200003,47.01550832600003],[18.259159501000056,47.01947518900005],[18.26070719200004,47.022143103000076],[18.257145041000058,47.02428623000003],[18.24632891500005,47.02198854900007],[18.239128488000063,47.02045895500004],[18.232188550000046,47.03099610600003],[18.212453271000072,47.04852111000008],[18.203119232000063,47.079108405000056],[18.215823967000063,47.08765314200008],[18.226765237000052,47.09106963000005],[18.234269821000055,47.09341298900006],[18.233465223000053,47.095898488000046],[18.232298530000037,47.09759304900007],[18.22932036800006,47.099973979000026],[18.229271097000037,47.09999152200004],[18.225800812000045,47.10122712900005],[18.223264655000037,47.10567785100005],[18.222491022000042,47.11035254400008],[18.22338751700005,47.11344090700004],[18.22359878000003,47.11526066600004],[18.223362545000043,47.11713134300004],[18.223261904000026,47.121147620000045],[18.22324817300006,47.121695601000056],[18.222926534000067,47.123714558000074],[18.221553073000052,47.12797345100006],[18.220975175000035,47.129198330000065],[18.218215314000076,47.13504797200005],[18.217595508000045,47.13756414200003],[18.21640983700007,47.140888389000054],[18.215233655000077,47.14330916600005],[18.21462333900007,47.14828557800007],[18.211909381000055,47.16380084100007],[18.21909315000005,47.166243466000026],[18.220214209000062,47.16662464900003],[18.219911281000066,47.16769949400003],[18.218375604000073,47.17314836300005],[18.223047910000048,47.17328175200004],[18.227237702000025,47.173401366000064],[18.22388529400007,47.178209157000026],[18.220953094000038,47.18241431600006],[18.222707100000036,47.19907024100007],[18.224182383000027,47.21307943200003],[18.21658863700003,47.22459792500007],[18.20317887400006,47.22393049100003],[18.19623950600004,47.22358510300006],[18.172865950000073,47.24027747400004],[18.169669588000033,47.24779143400008],[18.16973484400006,47.24801108100007],[18.171191015000034,47.25291247900003],[18.157448877000036,47.26345550500008],[18.146965601000034,47.264262330000065],[18.120795831000066,47.25494672200006],[18.105514620000065,47.24950709600006],[18.093046085000026,47.25780185000008],[18.08277900300004,47.27068303900006],[18.079511747000026,47.27478217200007],[18.076748015000078,47.27824958000008],[18.065697244000035,47.280315374000054],[18.06320004300005,47.27989963300007],[18.061317883000072,47.27899767700006],[18.060121493000054,47.27842435100007],[18.056381185000077,47.27864290100007],[18.054247576000023,47.27828237700004],[18.046524232000024,47.30265015600003],[18.056709350000062,47.31127633800003],[18.06483288000004,47.31815647900004],[18.057065540000053,47.31976687500003],[18.04507323400003,47.32225323000006],[18.03571884200005,47.334342082000035],[18.034727453000073,47.33669006700006],[18.033714588000066,47.340020121000066],[18.037611221000077,47.34177898400003],[18.041189710000026,47.343745917000035],[18.049854,47.34878001100003],[18.05337655200003,47.35116085300007],[18.056634401000053,47.35210862500003],[18.060156454000037,47.35291054700008],[18.066075820000037,47.35464191300008],[18.06843168000006,47.35489804300005],[18.072230713000067,47.354967008000074],[18.07398595500007,47.35499887100008],[18.078597786000046,47.355423158000065],[18.082062903000065,47.35596213800005],[18.085416145000067,47.35726710600005],[18.087779995000062,47.35854396000008],[18.08303610200005,47.363438528000074],[18.082958311000027,47.36351879000006],[18.080821379000042,47.36572359500008],[18.079954765000025,47.374173952000035],[18.08362115600005,47.376092666000034],[18.08549755300004,47.379550437000034],[18.086190776000024,47.384429960000034],[18.089344742000037,47.388163441000074],[18.091781011000023,47.39071798900005],[18.097392377000062,47.393524081000066],[18.10500994000006,47.39733341700003],[18.110777721000034,47.40684513400004],[18.107591292000052,47.41489731300004],[18.105842431000042,47.419316726000034],[18.111222423000072,47.42250684900006],[18.11838158300003,47.42675194700007],[18.11644926200006,47.433460410000066],[18.114518716000077,47.44016271100003],[18.118155952000052,47.44534045200004],[18.137270871000055,47.45120688800006],[18.14606969700003,47.444833679000055],[18.15203845800005,47.44051035700005],[18.16983057500005,47.44754430000006],[18.17107337400006,47.44803562800007],[18.171725410000022,47.44776046100003],[18.179299927000045,47.44456391800003],[18.187335008000048,47.44650029300004],[18.193887827000026,47.45192999200003],[18.194470342000045,47.46684187300008],[18.191602594000074,47.47136492200008],[18.18847514400005,47.47629757800007],[18.199900857000046,47.47614849900003],[18.213753576000045,47.467124795000075],[18.217339309000067,47.46478903700006],[18.22685579800003,47.46196704100004],[18.239926852000053,47.458090983000034],[18.240683641000032,47.449582657000065],[18.241326134000076,47.44235931400004],[18.245333921000054,47.43673206600005],[18.254822674000025,47.43058743800003],[18.26187367600005,47.42847075200007],[18.275847936000048,47.424275729000044],[18.27867339900007,47.42063543100005],[18.284958851000056,47.412537318000034],[18.311649600000067,47.39905939300007],[18.32251814400007,47.404796383000075],[18.324917622000044,47.40606295400005],[18.330755039000053,47.41492830900006],[18.341636109000035,47.410562999000035],[18.341887497000073,47.41046214600004],[18.37239679700002,47.417719584000054],[18.36693721000006,47.42524105600006],[18.362282262000065,47.42842148100004],[18.352564396000048,47.435061070000074],[18.350982180000074,47.439550248000046],[18.366708920000065,47.45579730700007],[18.377947798000037,47.46022750000003],[18.38320082300004,47.45628213900005],[18.391574543000047,47.44999293400008],[18.399026071000037,47.45204333400005],[18.419353598000043,47.47029070700006],[18.420822289000057,47.47183266500008],[18.423752239000066,47.47792354200004],[18.42758267100004,47.48588637000006],[18.429464562000078,47.48543107100005],[18.439975728000036,47.491190827000025],[18.449753245000068,47.48563547100008],[18.455205214000046,47.486447643000076],[18.461813576000054,47.47829147500005],[18.46215333500004,47.478107485000066],[18.472856096000044,47.472311612000055],[18.480476228000043,47.47729547200004],[18.481610971000066,47.48199431100005],[18.482936187000064,47.48748187500007],[18.49251180500005,47.49427263800004],[18.505887164000058,47.49703294200003],[18.51346026400006,47.49290183900007],[18.527980249000052,47.48498123200005],[18.543948257000068,47.482159479000074],[18.539517723000074,47.485616364000066],[18.533503963000044,47.49089407000008],[18.53018718000004,47.49476983300008],[18.530438398000058,47.50094110400005],[18.52033472200003,47.50318888700008],[18.515702413000042,47.506537440000045],[18.509156333000078,47.512527301000034],[18.49723960500006,47.52343146900006],[18.49357806300003,47.530150277000075],[18.494667081000046,47.53692812200006],[18.48832417500006,47.545086310000045],[18.48564056600003,47.54853794500008],[18.488541853000072,47.55465640700004],[18.520362758000033,47.55655593000006],[18.526319842000078,47.55490617000004],[18.53456485600003,47.552622788000065],[18.540178027000024,47.55866931500003],[18.549784217000024,47.56901713800005],[18.560758474000068,47.56751224200008],[18.574758228000064,47.573726126000054],[18.584270915000047,47.57382666400008],[18.603141444000073,47.56847961700004],[18.616877524000074,47.564587438000046],[18.62004661000003,47.56744092500003],[18.62407106200004,47.57106459600004],[18.64403858000003,47.572818246000054],[18.652249967000046,47.571963090000054],[18.665390985000045,47.57059454800003],[18.677269342000045,47.57533264500006],[18.68845170900005,47.57704672800003]]]]}},{"type":"Feature","properties":{"NUTS_ID":"HU212","LEVL_CODE":3,"CNTR_CODE":"HU","NAME_LATN":"Komárom-Esztergom","NUTS_NAME":"Komárom-Esztergom","MOUNT_TYPE":null,"URBN_TYPE":2,"COAST_TYPE":null,"NAME_ENGL":"Hungary","NAME_FREN":"Hongrie","ISO3_CODE":"HUN","SVRG_UN":"UN Member State","CAPT":"Budapest","EU_STAT":"T","EFTA_STAT":"F","CC_STAT":"F","NAME_GERM":"Ungarn","region_id":"hungary_komarom_esztergom","region_id_match_status":"sandbox_pre_matched_pending_verification"},"geometry":{"type":"MultiPolygon","coordinates":[[[[18.922956267000075,47.75898197200007],[18.923446204000072,47.75500215500006],[18.92405641000005,47.75004537800004],[18.922685858000023,47.747044456000026],[18.91982146400005,47.740772657000036],[18.92590916300003,47.73624684200007],[18.941476738000063,47.72467334600003],[18.932391838000058,47.71453927500005],[18.921065114000044,47.70987846700007],[18.911559258000068,47.71471875900005],[18.90310024100006,47.71902601100004],[18.893127425000046,47.720549145000064],[18.886532674000023,47.71973243100007],[18.88418310800006,47.71734668900007],[18.882468870000025,47.71560605800005],[18.877545224000073,47.715999984000064],[18.869090477000043,47.71667642400007],[18.853968785000063,47.71370833100008],[18.854050792000066,47.70541004800003],[18.85414163400003,47.696217810000064],[18.850554056000078,47.69455179400006],[18.84630939500005,47.692580640000074],[18.850682161000066,47.68737218500007],[18.858971557000075,47.67749858600007],[18.86548240700006,47.65325458400008],[18.864824644000066,47.65105192500005],[18.85852120900006,47.65267457400006],[18.856813513000077,47.65326307400005],[18.856366623000042,47.653417080000054],[18.849666133000028,47.654178079000076],[18.845129717000077,47.65587935100007],[18.843000103000065,47.656508442000074],[18.839831654000022,47.65513015200003],[18.836208215000056,47.65449208600006],[18.83520833600005,47.65431601300003],[18.82918608500006,47.65347696400005],[18.824493344000075,47.65517052200005],[18.82438693200004,47.655197171000054],[18.821965178000028,47.65580365800008],[18.820217137000043,47.656493976000036],[18.816959696000026,47.65675463000008],[18.81163225800003,47.65718092100008],[18.805312075000074,47.661417896000046],[18.801323312000022,47.66409191500003],[18.799312066000027,47.664939537000066],[18.793797746000052,47.66777661900005],[18.790832069000032,47.66855893400003],[18.780024182000034,47.67093002200005],[18.779347264000023,47.66634258700003],[18.77872928000005,47.66215454500008],[18.771640078000075,47.660214874000076],[18.765090925000038,47.66046904900003],[18.747726878000037,47.66114295400007],[18.769285298000057,47.65043522000008],[18.77363084700005,47.64827685300003],[18.778530328000045,47.638798208000026],[18.77205163900004,47.63758247200008],[18.768605714000046,47.636935838000056],[18.75704025400006,47.63073976100003],[18.743558550000046,47.62351707600004],[18.743067600000074,47.62320637300007],[18.737523907000025,47.614203392000036],[18.720579803000078,47.60852883700005],[18.719361668000033,47.60003912900004],[18.719246845000043,47.59934586700007],[18.718402695000066,47.59424917000007],[18.71671658200006,47.59339992000008],[18.698054971000033,47.58400056900007],[18.69452000800004,47.582220103000054],[18.68845170900005,47.57704672800003],[18.677269342000045,47.57533264500006],[18.665390985000045,47.57059454800003],[18.652249967000046,47.571963090000054],[18.64403858000003,47.572818246000054],[18.62407106200004,47.57106459600004],[18.62004661000003,47.56744092500003],[18.616877524000074,47.564587438000046],[18.603141444000073,47.56847961700004],[18.584270915000047,47.57382666400008],[18.574758228000064,47.573726126000054],[18.560758474000068,47.56751224200008],[18.549784217000024,47.56901713800005],[18.540178027000024,47.55866931500003],[18.53456485600003,47.552622788000065],[18.526319842000078,47.55490617000004],[18.520362758000033,47.55655593000006],[18.488541853000072,47.55465640700004],[18.48564056600003,47.54853794500008],[18.48832417500006,47.545086310000045],[18.494667081000046,47.53692812200006],[18.49357806300003,47.530150277000075],[18.49723960500006,47.52343146900006],[18.509156333000078,47.512527301000034],[18.515702413000042,47.506537440000045],[18.52033472200003,47.50318888700008],[18.530438398000058,47.50094110400005],[18.53018718000004,47.49476983300008],[18.533503963000044,47.49089407000008],[18.539517723000074,47.485616364000066],[18.543948257000068,47.482159479000074],[18.527980249000052,47.48498123200005],[18.51346026400006,47.49290183900007],[18.505887164000058,47.49703294200003],[18.49251180500005,47.49427263800004],[18.482936187000064,47.48748187500007],[18.481610971000066,47.48199431100005],[18.480476228000043,47.47729547200004],[18.472856096000044,47.472311612000055],[18.46215333500004,47.478107485000066],[18.461813576000054,47.47829147500005],[18.455205214000046,47.486447643000076],[18.449753245000068,47.48563547100008],[18.439975728000036,47.491190827000025],[18.429464562000078,47.48543107100005],[18.42758267100004,47.48588637000006],[18.423752239000066,47.47792354200004],[18.420822289000057,47.47183266500008],[18.419353598000043,47.47029070700006],[18.399026071000037,47.45204333400005],[18.391574543000047,47.44999293400008],[18.38320082300004,47.45628213900005],[18.377947798000037,47.46022750000003],[18.366708920000065,47.45579730700007],[18.350982180000074,47.439550248000046],[18.352564396000048,47.435061070000074],[18.362282262000065,47.42842148100004],[18.36693721000006,47.42524105600006],[18.37239679700002,47.417719584000054],[18.341887497000073,47.41046214600004],[18.341636109000035,47.410562999000035],[18.330755039000053,47.41492830900006],[18.324917622000044,47.40606295400005],[18.32251814400007,47.404796383000075],[18.311649600000067,47.39905939300007],[18.284958851000056,47.412537318000034],[18.27867339900007,47.42063543100005],[18.275847936000048,47.424275729000044],[18.26187367600005,47.42847075200007],[18.254822674000025,47.43058743800003],[18.245333921000054,47.43673206600005],[18.241326134000076,47.44235931400004],[18.240683641000032,47.449582657000065],[18.239926852000053,47.458090983000034],[18.22685579800003,47.46196704100004],[18.217339309000067,47.46478903700006],[18.213753576000045,47.467124795000075],[18.199900857000046,47.47614849900003],[18.18847514400005,47.47629757800007],[18.191602594000074,47.47136492200008],[18.194470342000045,47.46684187300008],[18.193887827000026,47.45192999200003],[18.187335008000048,47.44650029300004],[18.179299927000045,47.44456391800003],[18.171725410000022,47.44776046100003],[18.17107337400006,47.44803562800007],[18.16983057500005,47.44754430000006],[18.15203845800005,47.44051035700005],[18.14606969700003,47.444833679000055],[18.137270871000055,47.45120688800006],[18.118155952000052,47.44534045200004],[18.114518716000077,47.44016271100003],[18.11644926200006,47.433460410000066],[18.11838158300003,47.42675194700007],[18.111222423000072,47.42250684900006],[18.105842431000042,47.419316726000034],[18.107591292000052,47.41489731300004],[18.110777721000034,47.40684513400004],[18.10500994000006,47.39733341700003],[18.097392377000062,47.393524081000066],[18.091781011000023,47.39071798900005],[18.089344742000037,47.388163441000074],[18.086190776000024,47.384429960000034],[18.08549755300004,47.379550437000034],[18.08362115600005,47.376092666000034],[18.079954765000025,47.374173952000035],[18.080821379000042,47.36572359500008],[18.082958311000027,47.36351879000006],[18.08303610200005,47.363438528000074],[18.087779995000062,47.35854396000008],[18.085416145000067,47.35726710600005],[18.082062903000065,47.35596213800005],[18.078597786000046,47.355423158000065],[18.07398595500007,47.35499887100008],[18.072230713000067,47.354967008000074],[18.06843168000006,47.35489804300005],[18.066075820000037,47.35464191300008],[18.060156454000037,47.35291054700008],[18.056634401000053,47.35210862500003],[18.05337655200003,47.35116085300007],[18.049854,47.34878001100003],[18.041189710000026,47.343745917000035],[18.037611221000077,47.34177898400003],[18.033714588000066,47.340020121000066],[18.034727453000073,47.33669006700006],[18.03571884200005,47.334342082000035],[18.02900137000006,47.33407535900005],[18.02804367600004,47.33455636100007],[18.018384714000035,47.33940757400006],[17.99907016700007,47.335365256000046],[17.994584518000067,47.33442646000003],[17.98720165800006,47.335696606000056],[17.970494847000055,47.33857084400006],[17.967219828000054,47.33625446800005],[17.96258880000005,47.33297900500003],[17.961179080000022,47.333433729000035],[17.961200822000023,47.33937197600005],[17.96123132100007,47.347701897000036],[17.945784653000032,47.35877835500003],[17.945626408000066,47.35881162000004],[17.926898299000072,47.36274849600005],[17.929676149000045,47.36351879000006],[17.94359208900005,47.36737766200008],[17.948472903000038,47.36873110600004],[17.950345242000026,47.37176111700006],[17.94871684700007,47.37887202300004],[17.933882939000057,47.387773698000046],[17.91533355200005,47.38915570000006],[17.90969298600004,47.38640585400003],[17.902511850000053,47.382904961000065],[17.88388800200005,47.38958663200003],[17.876754980000044,47.39288340300004],[17.876504527000066,47.40163657000005],[17.88211614000005,47.41097462400006],[17.89320129600003,47.42942097500003],[17.885064184000043,47.44841743000006],[17.88218203200006,47.45170609300004],[17.881656453000062,47.45174628500007],[17.87529573200004,47.45223270300005],[17.870253782000077,47.458051831000034],[17.877992174000042,47.461575165000056],[17.881921676000047,47.46336429000007],[17.87551283600004,47.468225621000045],[17.87434524200006,47.46911128200003],[17.87491760300003,47.47693793900004],[17.881458933000033,47.47732399100005],[17.888067318000026,47.477714],[17.886413138000023,47.483235954000065],[17.884804806000034,47.488604861000056],[17.896192086000042,47.49490539100003],[17.902819235000038,47.49857216300006],[17.908053211000038,47.49809596500006],[17.909545150000042,47.50601698400004],[17.896961016000034,47.520732173000056],[17.892122185000062,47.52639043500005],[17.88822364300006,47.527048695000076],[17.884150255000065,47.545086310000045],[17.886705844000062,47.55117895400008],[17.889313495000067,47.54620403700005],[17.894248136000044,47.545086310000045],[17.899967566000043,47.54379082500003],[17.908843861000037,47.54178029000008],[17.922341406000044,47.54361466200004],[17.925575309000067,47.545086310000045],[17.934759516000042,47.54926575600007],[17.928192848000037,47.55588735500004],[17.923054575000037,47.55203721700008],[17.91953196000003,47.553577992000044],[17.906214651000028,47.559402920000025],[17.91264942600003,47.56850683500005],[17.921155225000064,47.58054083400003],[17.917590406000045,47.58230185300005],[17.911937566000063,47.585094354000034],[17.918447091000075,47.588426327000036],[17.92086065600006,47.59143226300006],[17.922440553000058,47.59339992000008],[17.92659214200006,47.60295314900003],[17.928991453000037,47.60979387500004],[17.933128816000078,47.616196374000026],[17.914327338000078,47.621295986000064],[17.898606802000074,47.62555994000007],[17.891818614000044,47.63105485300008],[17.887960319000058,47.63778618300006],[17.893063838000046,47.64942107500008],[17.89798692200003,47.66064461500008],[17.89895012100004,47.674668051000026],[17.89639066600006,47.67716338400004],[17.891714231000037,47.68172266100004],[17.890718762000063,47.68457592900006],[17.899069472000065,47.699501860000055],[17.901576532000036,47.70398294100005],[17.89884227300007,47.72524806000007],[17.893922756000052,47.73945697100004],[17.91356773900003,47.74348362100005],[17.94398336100005,47.744656580000026],[17.964410805000057,47.75396853600006],[17.970296037000026,47.75665135000003],[17.986767903000043,47.75187572600004],[18.001390472000026,47.747636261000025],[18.00978920400007,47.74943611900005],[18.016772076000052,47.750932557000056],[18.019986473000074,47.75225861800004],[18.03793286900003,47.75654981300005],[18.08762617900004,47.75635520600008],[18.104900797000028,47.753632786000026],[18.191272509000044,47.740020902000026],[18.194280638000066,47.73990603400006],[18.196261917000072,47.739926522000076],[18.198238202000027,47.740026612000065],[18.20214682200003,47.74046290700005],[18.209343257000057,47.741782518000036],[18.21161357400007,47.74164938900003],[18.255743755000026,47.73906164400006],[18.28105708100003,47.73385117500004],[18.292983020000065,47.73139635200005],[18.33548888300004,47.73759753300004],[18.33953235100006,47.73837141100006],[18.391566535000038,47.75106654100006],[18.40471529900003,47.75230898700005],[18.43035623700007,47.75606404500007],[18.44643495200006,47.76276682000008],[18.451777555000035,47.76499400400007],[18.462720791000038,47.76424200800005],[18.47905918600003,47.75760536000007],[18.489621962000058,47.75331476500003],[18.512323700000024,47.75518060300004],[18.51598959100005,47.75586188300008],[18.528159596000023,47.76035431100007],[18.53828432000006,47.76409174600008],[18.560918151000067,47.76571550300008],[18.568573491000052,47.764553841000065],[18.60480006000006,47.75905662900004],[18.60674238300004,47.75864063500006],[18.655441305000068,47.760081659000036],[18.67007764400006,47.763105514000074],[18.696571709000068,47.77433195500004],[18.725174047000053,47.78890825700006],[18.727704964000054,47.794488741000066],[18.734196935000057,47.80880305900007],[18.74762948700004,47.81508402700007],[18.75990010000004,47.81722524200006],[18.781431605000023,47.82098247700003],[18.797211720000064,47.82258491700003],[18.807743712000047,47.82092813000003],[18.82132539500003,47.81879159700003],[18.849373507000053,47.81722524200006],[18.85194666500007,47.81434445700006],[18.864782759000036,47.812530406000064],[18.884418006000033,47.80975547000003],[18.900396778000072,47.80322741800006],[18.904788196000027,47.79680899400006],[18.90520611100004,47.79281042300005],[18.90547658500003,47.79022255500007],[18.90743289200003,47.78255540200007],[18.912935865000065,47.77028605700008],[18.92218232500005,47.76681529900003],[18.926786702000072,47.765086996000036],[18.923982796000075,47.76061807500008],[18.922956267000075,47.75898197200007]]]]}},{"type":"Feature","properties":{"NUTS_ID":"HU311","LEVL_CODE":3,"CNTR_CODE":"HU","NAME_LATN":"Borsod-Abaúj-Zemplén","NUTS_NAME":"Borsod-Abaúj-Zemplén","MOUNT_TYPE":null,"URBN_TYPE":2,"COAST_TYPE":null,"NAME_ENGL":"Hungary","NAME_FREN":"Hongrie","ISO3_CODE":"HUN","SVRG_UN":"UN Member State","CAPT":"Budapest","EU_STAT":"T","EFTA_STAT":"F","CC_STAT":"F","NAME_GERM":"Ungarn","region_id":"hungary_borsod_abauj_zemplen","region_id_match_status":"sandbox_pre_matched_pending_verification"},"geometry":{"type":"MultiPolygon","coordinates":[[[[21.467480004000038,48.57032303500006],[21.488117162000037,48.55865199700003],[21.494649813000024,48.55904421500003],[21.498751945000038,48.559290505000035],[21.500565341000026,48.55658854100005],[21.50129729500003,48.55549792900007],[21.50945142100005,48.55196271400007],[21.51515463900006,48.54949008800003],[21.517124153000054,48.54409452900006],[21.516613218000032,48.54291942400005],[21.515587375000052,48.54056007500003],[21.52686268900004,48.52149051600003],[21.538958404000027,48.51470388300004],[21.539183431000026,48.51457762500007],[21.54013223900006,48.51322166700004],[21.543173723000052,48.508875027000045],[21.557364006000057,48.510490866000055],[21.560029986000075,48.51079444000004],[21.56047103800006,48.51038403000007],[21.56531153700007,48.50587982600007],[21.573077944000033,48.504833002000055],[21.579632955000022,48.50529178700003],[21.584098504000053,48.50957159200004],[21.585975989000076,48.51137098300006],[21.594719757000064,48.512721397000064],[21.60366313000003,48.50889885600003],[21.605298787000038,48.508199750000074],[21.607159676000038,48.50877862600004],[21.61134505800004,48.510080594000044],[21.615044,48.49880623900003],[21.61830525700003,48.49798804800008],[21.621840295000027,48.48570591500004],[21.622048062000033,48.47221090600004],[21.622042023000063,48.472082252000064],[21.62180968800004,48.46713247300005],[21.62854,48.46081094700003],[21.630298210000035,48.459159527000054],[21.630353874000036,48.45849581900006],[21.630962364000027,48.45124045700004],[21.642846674000054,48.44255070300005],[21.644604283000035,48.44126554700006],[21.64639377800006,48.439006541000026],[21.647322237000026,48.43800059100005],[21.66457706500006,48.41509659600007],[21.665277762000073,48.40319147900004],[21.665972062000037,48.39139503700005],[21.675128570000027,48.39078567700005],[21.683355853000023,48.390238157000056],[21.70234725200004,48.37985282400007],[21.70481502900003,48.37553686100006],[21.704180773000076,48.37438739400005],[21.702394516000027,48.37115014900007],[21.703252055000064,48.36987809000004],[21.705859088000068,48.36677601100007],[21.711056549000034,48.36648351400004],[21.71425322600004,48.36630361500005],[21.713776261000078,48.36335713600005],[21.712888,48.35786984900005],[21.72154755100007,48.35155612800003],[21.738684318000026,48.34925637400005],[21.744657749000055,48.34845474000008],[21.74558862600003,48.34803717300008],[21.76560217800005,48.33905961900007],[21.767325997000057,48.339056466000045],[21.78640225600003,48.34083007500004],[21.798844618000032,48.34198689900006],[21.810802022000075,48.338276120000046],[21.817306845000076,48.336806402000036],[21.817237711000075,48.335384978000036],[21.81711569600003,48.33287629000006],[21.834005912000066,48.335248712000066],[21.835323704000075,48.34882303400008],[21.83608219000007,48.35663604500007],[21.838447922000057,48.362949538000066],[21.853015928000048,48.36567982100007],[21.857609986000057,48.36406147300005],[21.860268946000076,48.35955317000003],[21.86229398200004,48.35611969400003],[21.864320571000064,48.35816428600003],[21.865110440000024,48.35896117200008],[21.869591135000064,48.35805611500007],[21.870086221000065,48.35794480900006],[21.87493925800004,48.35685374700006],[21.88144238900003,48.36342717500003],[21.88673192500005,48.36877388800008],[21.88966572100003,48.36576050700006],[21.89207601800007,48.36328482500005],[21.897904649000054,48.363868730000036],[21.89758266700005,48.36556283800007],[21.897052854000037,48.36835044400004],[21.89961978200006,48.36976368000006],[21.902823831000035,48.36570985900005],[21.910764366000024,48.36750457000005],[21.917494866000027,48.36506567500004],[21.923667031000036,48.362829102000035],[21.92963786300004,48.36311220500005],[21.928976876000036,48.36691852900003],[21.928436399000077,48.37003089400008],[21.939229091000072,48.37456636700006],[21.942982785000027,48.374750954000035],[21.94627918900005,48.37491305300006],[21.948711967000065,48.37708801600007],[21.95057631800006,48.37875479000007],[21.95754256600003,48.37851445700005],[21.961142532000054,48.37958792900008],[21.97733028400006,48.37788428400006],[21.98588198300007,48.376984279000055],[21.998284905000048,48.37894802900007],[22.021816370000067,48.38909913200007],[22.021771690000037,48.389536485000065],[22.021446947000072,48.39271523000008],[22.042693136000025,48.38476256900003],[22.045066976000044,48.38407662700007],[22.048012682000035,48.38204953600007],[22.04904751500004,48.38133741400003],[22.05145831300007,48.37967849000006],[22.056535303000032,48.37799361800006],[22.05873804400005,48.38067378000005],[22.05981077900003,48.38197901900003],[22.076202056000056,48.38650607200003],[22.082984107000073,48.38167290400003],[22.08439381200003,48.37786660200004],[22.086292012000058,48.37274133100004],[22.089422334000062,48.374862035000035],[22.09339829700008,48.37755563800005],[22.10153970700003,48.376734971000076],[22.10939101500003,48.38045496900003],[22.121077289000027,48.378311437000036],[22.118696474000046,48.36840919400004],[22.120415775000026,48.36760916500003],[22.127858838000066,48.36414574200006],[22.127900143000033,48.360794921000036],[22.119952884000043,48.36012029500006],[22.117361154000037,48.35990028800006],[22.119731649000073,48.35654105900005],[22.123112607000053,48.35174990300004],[22.11706233800004,48.34964169600005],[22.105632713000034,48.34565905900007],[22.107100310000078,48.34029425300008],[22.10715153900003,48.340106984000045],[22.10631607700003,48.33955840100003],[22.098968786000057,48.334734009000044],[22.099891917000036,48.333530566000036],[22.10424465400007,48.32785609900003],[22.09838198500006,48.32376950200006],[22.09698691500006,48.33080478200003],[22.096969048000062,48.33089488400003],[22.087755111000035,48.32965879100004],[22.08499183300006,48.32558603000007],[22.085287143000073,48.31982680100003],[22.085700061000068,48.31177393100006],[22.080776455000034,48.30862113200004],[22.07479339300005,48.30998044100005],[22.06592352800004,48.311995610000054],[22.066988629000036,48.302657174000046],[22.06734950300006,48.29949315400006],[22.065756788000044,48.298122953000075],[22.062370084000065,48.297031151000056],[22.05211208000003,48.30111914100007],[22.050208203000068,48.30256033100005],[22.04359879900005,48.30756349200004],[22.035375225000053,48.305295037000064],[22.024886826000056,48.30240183600006],[22.02533077100003,48.30714690000008],[22.025716664000072,48.311271488000045],[22.020259874000033,48.311934336000036],[22.012447337000026,48.30975936700003],[22.011046935000024,48.30658995300007],[22.009941660000038,48.30408847800004],[22.000903970000024,48.297645500000044],[21.99588542400005,48.29596030100004],[21.98516812400004,48.292361492000055],[21.978488493000043,48.28376340600005],[21.975080947000038,48.27937718100003],[21.967647242000055,48.27512705600003],[21.96242759200004,48.26930365900006],[21.950729442000068,48.26430168600007],[21.941945022000027,48.260545586000035],[21.94243801300007,48.258488611000075],[21.943097755000053,48.25573587500003],[21.934859764000066,48.253175541000076],[21.928950215000043,48.25133887800007],[21.923723535000022,48.24536799200007],[21.91860185400003,48.23951705500008],[21.911236289000044,48.24171196000003],[21.897518603000037,48.24579976900003],[21.87907158300004,48.23973941600008],[21.873408048000044,48.237878789000035],[21.86177000200007,48.23867837300003],[21.851850374000037,48.239359894000074],[21.85064360900003,48.233792150000056],[21.849906598000075,48.23039174500008],[21.84551513400004,48.22977548700004],[21.842099793000045,48.22929621000003],[21.84195356400005,48.226986037000074],[21.841786032000073,48.22433932600006],[21.83831718500005,48.226108443000044],[21.834246076000056,48.230170616000066],[21.836413186000073,48.232640393000054],[21.838367540000036,48.23486769900006],[21.83014834000005,48.24416615100006],[21.82468993200007,48.24110451800004],[21.823073589000046,48.23654290500008],[21.822491550000052,48.23490028500004],[21.82126300500005,48.23521446400008],[21.81351984400004,48.237194645000045],[21.81299611700007,48.22914898400006],[21.812849740000047,48.22690029100005],[21.805511591000027,48.22365752800005],[21.80033879900003,48.22137164600008],[21.799689581000052,48.21938587300008],[21.797746262000032,48.21344181200004],[21.792927055000064,48.210368869000035],[21.78734423900005,48.20926326000006],[21.78293521100005,48.20337039800006],[21.77914891200004,48.20431502100007],[21.772745686000064,48.205912528000056],[21.768257191000032,48.19927923400007],[21.76950500600003,48.19723921100007],[21.77103618900003,48.19473591800005],[21.754580530000055,48.19133435500004],[21.753227261000063,48.19937488800008],[21.752505816000053,48.20366140400006],[21.74459976600008,48.20140266100003],[21.733603152000057,48.198260950000076],[21.729097799000044,48.20030418600004],[21.723852522000072,48.20268298800005],[21.723746798000036,48.19546302700007],[21.725230323000062,48.19416732700006],[21.72865732100007,48.19117421200008],[21.723406581000063,48.18703525900003],[21.720090248000076,48.18779137000007],[21.72006440800004,48.190246597000055],[21.720038299000066,48.19272740000008],[21.715314695000075,48.196417395000026],[21.71121213400005,48.19311693600008],[21.67013686400003,48.19224518600004],[21.67011069800003,48.19224463100005],[21.670072169000036,48.192247776000045],[21.644484418000047,48.19433647300008],[21.632620951000035,48.19374694100003],[21.627163379000024,48.19347573700003],[21.603539777000037,48.197307108000075],[21.59113111100004,48.20462668000005],[21.584315350000054,48.208647133000056],[21.574907334000045,48.20842066800003],[21.57334819700003,48.20575132300007],[21.57003185800005,48.20007353300008],[21.544214588000045,48.197604083000044],[21.53556748500006,48.19677697800006],[21.53294855200005,48.19197288100003],[21.531661564000046,48.18961206600005],[21.528644117000056,48.18856613400004],[21.517627635000053,48.18474751300005],[21.52049923000004,48.18211986100005],[21.523119568000027,48.179722120000065],[21.517609609000033,48.178418617000034],[21.50720217500003,48.17752112200003],[21.50394755900004,48.173163156000044],[21.49985571900004,48.17813680900008],[21.492987370000037,48.17957775900004],[21.48596107800006,48.18105184500007],[21.47546155300006,48.177800872000034],[21.47472484900004,48.17326826900006],[21.47380819800003,48.16762853300003],[21.463139268000077,48.16953121000006],[21.462576108000064,48.17133441800007],[21.461054707000073,48.17620586000004],[21.454289806000077,48.179256026000076],[21.445058386000028,48.177826104000076],[21.43958605200004,48.17189541100004],[21.438054408000028,48.16776844800006],[21.43717810800007,48.16540728800004],[21.43276538400005,48.16268104000005],[21.424991035000062,48.15787792800006],[21.42542092700006,48.154710487000045],[21.42745870500005,48.147816456000044],[21.428999916000066,48.14260236300004],[21.427374160000056,48.140712886000074],[21.42541538100005,48.13843636400003],[21.427308977000052,48.13523603300007],[21.428846833000023,48.132636931000036],[21.421666310000035,48.12604151900007],[21.41475734100004,48.11969553400007],[21.422970401000043,48.10760568400008],[21.439189378000037,48.09845192100005],[21.442659108000043,48.09649365400003],[21.449825459000067,48.088088655000035],[21.445300410000073,48.086060012000075],[21.440862121000066,48.08661306800008],[21.433510640000065,48.087529138000036],[21.435394692000045,48.08035449500005],[21.441377327000055,48.07988172000006],[21.450886514000047,48.079130260000056],[21.462111807000042,48.071359045000065],[21.44475473700004,48.06913354900007],[21.43754833500003,48.06820955500007],[21.43697339600004,48.06076950900007],[21.436023680000062,48.048479642000075],[21.430869183000027,48.04306870800008],[21.423332268000024,48.04301437700008],[21.421632173000035,48.04426185700004],[21.418390164000073,48.04828909100007],[21.415899125000067,48.05138346700005],[21.41158850200003,48.05220374400005],[21.408004770000048,48.04885193400003],[21.40920909600004,48.042427356000076],[21.409467840000048,48.04217620800006],[21.414528894000057,48.03726372300008],[21.41297537500003,48.03392615900003],[21.400816570000075,48.03077547700008],[21.390715224000076,48.032309173000044],[21.377603589000046,48.03429992400004],[21.377829810000037,48.03226635000004],[21.37857881700006,48.025533264000046],[21.36339694000003,48.03221838300004],[21.362916477000056,48.03242994800007],[21.35163053200006,48.033025946000066],[21.34870734200007,48.029478469000026],[21.345369683000058,48.02542800800006],[21.334133181000027,48.021867720000046],[21.327917683000067,48.022783821000075],[21.323693536000064,48.026060072000064],[21.316712771000027,48.031474358000025],[21.307011970000076,48.02984377100006],[21.30013533700003,48.02868789300004],[21.29376256300003,48.029798173000074],[21.29388244200004,48.03282180000008],[21.29406490300005,48.037423912000065],[21.286207885000067,48.034562537000056],[21.284866856000065,48.034074160000046],[21.266565460000038,48.03848098700007],[21.259475611000028,48.04681110700005],[21.259808659000043,48.05148647100003],[21.260296486000072,48.05833465300003],[21.23826867300005,48.050023381000074],[21.222945709000044,48.03746022200005],[21.224632804000066,48.035297901000035],[21.229035146000058,48.02965549500004],[21.227750108000066,48.02696991400006],[21.217801586000064,48.02338296900007],[21.205222708000065,48.02491049300005],[21.201666267000064,48.02616356900006],[21.192365683000048,48.02944053700003],[21.179339537000033,48.02832450300008],[21.170369881000056,48.02755601400003],[21.16822941600003,48.03294168100007],[21.169419256000026,48.03588628600005],[21.17091487700003,48.03958763600008],[21.163785647000054,48.04387986900008],[21.158240171000045,48.04229064900005],[21.150892931000044,48.040185079000025],[21.144294692000074,48.043644818000075],[21.14177655800006,48.044965183000045],[21.127827946000025,48.045728342000075],[21.128930807000074,48.04179465900006],[21.12926671400004,48.040596547000064],[21.12261376600003,48.03659840600005],[21.11545077100004,48.03229374800003],[21.112992598000062,48.02868425200006],[21.109783588000028,48.02397225500005],[21.106484889000058,48.023331160000055],[21.094711052000036,48.02104293900004],[21.091104350000023,48.01101121100004],[21.082378189000053,48.008554307000054],[21.079003664000027,48.00216743000004],[21.08331851500003,48.00115848000007],[21.091490646000068,47.99342649500005],[21.10381932300004,47.981761832000075],[21.10562925100004,47.97596192300006],[21.10398830400004,47.97369415600008],[21.102054830000043,47.971022119000054],[21.108123342000056,47.97072869900006],[21.11038033600005,47.97061957000005],[21.12218077500006,47.96182689700004],[21.112744218000046,47.93496221600003],[21.107563816000038,47.93022869500004],[21.10140982300004,47.92803820200004],[21.094768415000033,47.925674214000026],[21.091823775000023,47.91991152400004],[21.09740382900003,47.91779301500003],[21.103501911000023,47.919417776000046],[21.105743197000038,47.920014940000044],[21.12205433500003,47.91770226800003],[21.12394834500003,47.91417996700005],[21.12116799300003,47.908209259000046],[21.10818608200003,47.90526765200008],[21.098690284000043,47.90311597200008],[21.091716417000043,47.89595283800003],[21.084469467000076,47.89044277600004],[21.086030729000072,47.88401429500004],[21.08490852600005,47.87857777000005],[21.08213305000004,47.865131950000034],[21.06892599400004,47.85860410500004],[21.067453245000024,47.858760758000074],[21.061359439000057,47.85940894200007],[21.05326612700003,47.85206024800004],[21.060187777000067,47.848127559000034],[21.058455194000032,47.84596766000004],[21.061290016000044,47.842719928000065],[21.066595919000065,47.83781683900003],[21.068247219000057,47.83629090300008],[21.075521348000052,47.833524699000066],[21.078607109000075,47.82472248700003],[21.07979098000004,47.81969735200005],[21.065405904000045,47.79956000200008],[21.065270929000064,47.79125800800006],[21.05585827300007,47.77901264500008],[21.051626399000043,47.777845409000065],[21.049439219000078,47.777242141000045],[21.05064488000005,47.776202013000045],[21.053140150000047,47.774049337000065],[21.04323589100005,47.76317136100005],[21.042796903000067,47.75761743000004],[21.035735300000056,47.747235371000045],[21.027855841000076,47.75453281100005],[21.026330174000066,47.75594578400006],[21.01968116100005,47.75804305400004],[21.007287765000058,47.75684304300006],[20.996480150000025,47.74969007800007],[21.002061381000033,47.74273798100006],[21.002437474000033,47.742269512000064],[21.001226503000055,47.741292427000076],[20.99683655700005,47.737750349000066],[20.997685011000044,47.735160492000034],[21.00031204900006,47.72714160600003],[20.99633362000003,47.72052293400003],[20.972892689000048,47.718487964000076],[20.951748465000037,47.71665237800005],[20.93829254900004,47.70728889000003],[20.93462161800005,47.70473442200006],[20.93443562300007,47.70276852400008],[20.93402414600007,47.69841937800004],[20.933972918000052,47.695144836000054],[20.921187321000048,47.69440827100004],[20.919760062000023,47.69432604800005],[20.915586069000028,47.692330895000055],[20.903291739000053,47.68645425300008],[20.895688551000035,47.69202422800004],[20.888062829000035,47.69761071000005],[20.883927865000032,47.69262054600006],[20.885414624000077,47.68404708800006],[20.88805110100003,47.67851670400006],[20.891881943000044,47.67899254500003],[20.898102832000063,47.679765262000046],[20.901020225000025,47.67602898100006],[20.890418512000053,47.67101829000006],[20.878205103000028,47.67283361400007],[20.858719876000066,47.67572977400005],[20.852254474000063,47.67354766700004],[20.85613582800005,47.66153827800008],[20.86160006500006,47.65874048000006],[20.878843998000036,47.649911243000076],[20.87628025500004,47.64375321800003],[20.86138320500004,47.64513464200007],[20.855411004000075,47.649819937000075],[20.854594406000047,47.65246725700007],[20.853120758000045,47.65724466000006],[20.844504061000066,47.657234419000076],[20.83725804900007,47.66123592100007],[20.833306223000022,47.657705184000065],[20.833141451000074,47.65755796900004],[20.827972001000035,47.65901766200005],[20.830566094000062,47.66898641000006],[20.82110267400003,47.67074746800006],[20.817192789000046,47.67147506200007],[20.813838863000058,47.673626926000054],[20.801227123000047,47.68171856200007],[20.79245703500004,47.681555468000056],[20.77463904900003,47.67464391800007],[20.765524609000067,47.667154219000054],[20.76517906400005,47.66375593600003],[20.771698568000033,47.65447615000005],[20.76268090700006,47.65747819100005],[20.756190919000062,47.662936760000036],[20.750612500000045,47.66762863000008],[20.747065088000056,47.667915599000025],[20.745087698000077,47.66807556100008],[20.731630361000043,47.676336424000056],[20.71223820700004,47.68824040900006],[20.704454847000022,47.69052481300008],[20.69322418400003,47.68835377600004],[20.687682210000048,47.68728243800007],[20.686268489000042,47.688205054000036],[20.676922286000035,47.69430452900008],[20.67263483000005,47.68791354900003],[20.671733492000044,47.68656999400008],[20.651746718000027,47.68660300300007],[20.64941361600006,47.68557154300004],[20.641375124000035,47.68637746200005],[20.637795636000078,47.68722237000003],[20.63395668800007,47.69032123100004],[20.633549894000055,47.690649601000075],[20.62798563000007,47.69214159000006],[20.619813307000072,47.694563680000044],[20.616679302000023,47.695492527000056],[20.60833515300004,47.69629392300004],[20.602784374000066,47.69829063600008],[20.598262442000077,47.701252959000044],[20.596485433000055,47.70350694100006],[20.59643927700006,47.70360356700007],[20.596115848000068,47.70428065300007],[20.587422729000025,47.71168353200005],[20.584249491000037,47.71179785900006],[20.57828747700006,47.71201266000003],[20.570089662000044,47.71794306100003],[20.578394650000064,47.72505553700006],[20.595962519000068,47.740100839000036],[20.573267954000073,47.75178615600004],[20.545859351000047,47.76707826200004],[20.54098703300002,47.77230538800006],[20.534447638000074,47.77312389700006],[20.53215061800006,47.77341140500005],[20.528728870000066,47.77714361900007],[20.524266230000023,47.78406348800007],[20.519464476000053,47.79150919700004],[20.51338948500006,47.795750198000064],[20.508132812000042,47.79941992500005],[20.501503881000076,47.811423485000034],[20.502292391000026,47.81908972700006],[20.509275950000074,47.82614736600004],[20.510780880000027,47.82766825900006],[20.51263166600006,47.836272508000036],[20.506135191000055,47.85590937000006],[20.50213267500004,47.86383219800007],[20.496206503000053,47.86768611000008],[20.47266126900007,47.87270049400007],[20.46473402400005,47.87438874400004],[20.45793221300005,47.879037088000075],[20.450025125000025,47.890578477000076],[20.44905800300006,47.89867333400008],[20.452376939000033,47.90205136000003],[20.470779814000025,47.91019600200008],[20.476387301000045,47.907244502000026],[20.481075474000022,47.90477688300007],[20.49961200200005,47.90714747800007],[20.49640492700007,47.91157719500006],[20.494277152000052,47.91451614700003],[20.49539657400004,47.920527520000064],[20.503260504000025,47.92343277000003],[20.517680252000048,47.928760003000036],[20.512114989000054,47.93992158400005],[20.498554053000078,47.94160199100003],[20.491708329000062,47.945480202000056],[20.45132312000004,47.96835906100006],[20.460630940000044,47.97463050300007],[20.470384617000036,47.99017015800007],[20.475283927000078,47.99214750900006],[20.479744379000067,47.99394773700004],[20.480271274000074,48.00106931500005],[20.48072342300003,48.007180626000036],[20.486616870000034,48.01759437100003],[20.48982220700003,48.023258215000055],[20.49174387100004,48.041758333000075],[20.48407453300007,48.04806752500008],[20.483040895000045,48.04891784900008],[20.478390785000045,48.05856197900005],[20.48572261100003,48.059661048000066],[20.49975883700006,48.06176513200006],[20.50093002400007,48.06849357400006],[20.492845300000056,48.08520993900004],[20.492669271000068,48.08537848100008],[20.482789901000046,48.09483766000005],[20.48379372900007,48.103465362000065],[20.48173304900007,48.10628254000005],[20.482798523000042,48.11115764200008],[20.48337209400006,48.11378202800006],[20.480834337000033,48.11628745400003],[20.478435773000058,48.11865546000007],[20.475946110000052,48.12629642600007],[20.47418250100003,48.13170907600005],[20.469955904000074,48.13222991500004],[20.467076691000045,48.13258471700004],[20.463939221000032,48.13818962900007],[20.46171586300005,48.142161533000035],[20.457769145000043,48.14430128500004],[20.452991956000062,48.14689128500004],[20.453038758000048,48.14707971000007],[20.453774535000036,48.15004191200006],[20.443097339000076,48.15114059300004],[20.415346400000033,48.150011894000045],[20.40754798200004,48.15312351800003],[20.39246208700007,48.15037287100006],[20.386678069000027,48.14955731900005],[20.391591387000062,48.14219888900004],[20.395123604000048,48.136908865000066],[20.38864626800006,48.13429320200004],[20.375589496000032,48.129020645000026],[20.373101100000042,48.12045798500003],[20.36285126200005,48.11198736500006],[20.362628891000043,48.10462423000007],[20.362281411000026,48.09311853000003],[20.357097508000038,48.092195815000025],[20.35249138300003,48.09541589400004],[20.343031471000074,48.103665782000064],[20.333941672000037,48.104570968000075],[20.321962847000066,48.114521111000045],[20.322059253000077,48.11726136300007],[20.322200830000043,48.12128558000006],[20.31753831000003,48.12321732300006],[20.308488950000026,48.12119191800008],[20.302390541000022,48.11982698800006],[20.29738734400007,48.121443836000026],[20.296401744000036,48.121762346000025],[20.287551662000055,48.12329496800004],[20.285410262000028,48.115595764000034],[20.279018307000058,48.10921614100005],[20.28122551100006,48.10676669700007],[20.283056378000026,48.104734894000046],[20.279885754000077,48.09802936500006],[20.274157158000037,48.09552141900008],[20.266739167000026,48.09606059400005],[20.261493149000046,48.09644190000006],[20.255326645000025,48.093200789000036],[20.248879587000033,48.08981221800008],[20.24530468200004,48.090981052000075],[20.238544399000034,48.09319136100004],[20.23384100800007,48.092793484000026],[20.229130137000027,48.09239497500005],[20.206104051000068,48.09623914700006],[20.201973725000073,48.10148149200006],[20.20100296000004,48.10271361900004],[20.201297741000076,48.107708331000026],[20.18325928200005,48.113572927000064],[20.181002574000047,48.11430661900005],[20.177596891000064,48.11327858400006],[20.170969610000043,48.11617686500006],[20.16839688700003,48.12317554600003],[20.164389227000072,48.13407774400008],[20.152514764000045,48.135276961000045],[20.13781023100006,48.14373528800007],[20.131506046000027,48.14351950300005],[20.12512299200006,48.14425902900007],[20.121825690000037,48.14269998300006],[20.11629636600003,48.14008558100005],[20.102195519000077,48.138297426000065],[20.093064628000036,48.14322056800006],[20.08883763500006,48.15227157400005],[20.067118323000045,48.154798526000036],[20.060480514000062,48.16626372500008],[20.05187878600003,48.16770414700005],[20.061195844000054,48.17745454300007],[20.06991118600007,48.18035527200004],[20.077191927000058,48.182778522000035],[20.07358120300006,48.18528736800005],[20.068506573000036,48.18881338400007],[20.076382324000065,48.19556164000005],[20.07970550700003,48.19595909000003],[20.08988087000006,48.197176056000046],[20.095437369000024,48.20401716100008],[20.10077648500004,48.20606957800004],[20.108600618000025,48.212215161000074],[20.112787221000076,48.21550359200006],[20.118973206000078,48.21805066500008],[20.130440617000033,48.22277236000008],[20.13325558500003,48.22787883400008],[20.13892227200006,48.24186860800006],[20.13611361200003,48.24462664300006],[20.133149693000064,48.24753713900003],[20.133847563000074,48.253004978000035],[20.143439672000056,48.25544657200004],[20.14931299500006,48.25285411700003],[20.154096027000037,48.25074291100003],[20.17260473600004,48.25071374800007],[20.188588710000033,48.24803976700008],[20.206154386000037,48.25098345600003],[20.20544807600004,48.254793783000025],[20.204310744000054,48.26092933900003],[20.212144527000078,48.25986831100005],[20.215112073000057,48.25946637900006],[20.22741967500008,48.26319045300005],[20.23313393500007,48.26939945400005],[20.233386633000066,48.272586697000065],[20.231296522000036,48.27438157200004],[20.227972434000037,48.277236120000055],[20.24028978700005,48.28022095600005],[20.260605362000035,48.274823569000034],[20.27651034300004,48.266912355000045],[20.286442650000026,48.261971978000076],[20.310953935000043,48.26559546000004],[20.307392126000025,48.26959514100008],[20.30691679000006,48.270128913000065],[20.30876851100004,48.27252666000004],[20.317383767000024,48.27321309100006],[20.325426650000054,48.27385391800004],[20.327001950000067,48.28244504500003],[20.328022805000046,48.28801242700007],[20.330295657000022,48.28830068700006],[20.33484066400007,48.28887711900006],[20.33235475500004,48.29196140800008],[20.332306956000025,48.292020713000056],[20.336430415000052,48.29946540600008],[20.345268660000045,48.30393390300003],[20.356383622000067,48.309553478000055],[20.374267478000036,48.326993396000034],[20.37163429800006,48.32905147500003],[20.36761793000005,48.33219064600007],[20.378213818000063,48.33946379900004],[20.379836237000063,48.34057744800003],[20.385444032000066,48.34718796300007],[20.384774589000074,48.34912902700006],[20.38406549700005,48.35118505400004],[20.390830356000038,48.353714436000075],[20.396316872000057,48.355765845000064],[20.411823388000073,48.36973641600008],[20.409049743000026,48.37399798400003],[20.403896299000053,48.38191599600003],[20.40581761900006,48.38378009100006],[20.407984690000035,48.38496755300008],[20.412947521000035,48.39012242600006],[20.416502145000038,48.39381460000004],[20.419642235000026,48.404448821000074],[20.417366325000046,48.40840226700004],[20.41502562900007,48.41246825200005],[20.41780673200003,48.42005741500003],[20.43424026100007,48.430569811000055],[20.450640892000024,48.447575621000055],[20.463195308000024,48.45074677400004],[20.469899301000055,48.452440154000044],[20.469024217000026,48.45929553800005],[20.463936983000053,48.46396699100006],[20.481655961000058,48.47100252200005],[20.488276747000043,48.47594970700004],[20.49282336300007,48.48446101400003],[20.493744285000048,48.48618498900004],[20.496453425000027,48.48703643400006],[20.503759483000067,48.48933262800006],[20.507289397000022,48.50950454000008],[20.509614546000023,48.51344973700003],[20.50788174400003,48.51529307200008],[20.502851287000055,48.52064441500005],[20.50309099800006,48.528742581000074],[20.507130989000075,48.534114782000074],[20.519089173000054,48.53751844200008],[20.523218046000068,48.533136926000054],[20.525120177000076,48.53111840400004],[20.536232599000073,48.52857244300003],[20.540745376000075,48.53516068300007],[20.546365240000057,48.54336516700005],[20.570178515000066,48.53964808400008],[20.57272081700006,48.539251249000074],[20.585274395000056,48.53638316000007],[20.591902980000043,48.53910912100008],[20.599090759000035,48.54206504700005],[20.606095338000046,48.54269626700005],[20.614408817000026,48.54344543800005],[20.61710626300004,48.54547929900008],[20.623539462000053,48.55032989800003],[20.64586476200003,48.55408717500006],[20.651746718000027,48.55947337300006],[20.653863129000058,48.56141140400007],[20.66302186400003,48.560508035000055],[20.672003009000036,48.561981994000064],[20.67651471100004,48.56049489700007],[20.67948940900004,48.55951441000008],[20.698771339000075,48.56612030100007],[20.708499397000026,48.56945308500008],[20.714767133000066,48.56938521300003],[20.72470977000006,48.56927754600008],[20.727100051000036,48.56440698100005],[20.735801141000024,48.57004793600004],[20.757115412000076,48.57158698400008],[20.796089233000032,48.575225345000035],[20.802151938000065,48.57510539200007],[20.82382595300004,48.58000584400003],[20.836347614000033,48.58283696600006],[20.83706356500005,48.578241038000044],[20.837546665000048,48.575139861000025],[20.84003209100007,48.576054621000026],[20.848802014000057,48.579282385000056],[20.847827967000057,48.570312701000034],[20.84751316300003,48.56741377600008],[20.852266851000024,48.56704331600008],[20.85522945300005,48.56681243700007],[20.85823642300005,48.56264652900006],[20.86362504400006,48.55518103900005],[20.868578226000068,48.55238168600005],[20.884216467000044,48.55248311500003],[20.897567252000044,48.55568414100003],[20.905299339000067,48.55753801100008],[20.91627154200006,48.56016889600005],[20.926311299000076,48.55605468700003],[20.92862879300003,48.551115897000045],[20.934624473000042,48.53833855700003],[20.93829254900004,48.54069274200003],[20.939772943000037,48.54164286400004],[20.941715526000053,48.54288962100003],[20.941705845000058,48.53999981000004],[20.941690788000074,48.53550494900003],[20.948181332000047,48.53449535300007],[20.955206649000047,48.533402574000036],[20.956874897000034,48.52710543000006],[20.95836524500004,48.52147980400008],[20.975328619000038,48.52377342200003],[20.982939558000055,48.51858839700003],[20.99157174800007,48.526342415000045],[21.002755617000048,48.52746235800004],[21.00407314100005,48.52734394600003],[21.011858389000054,48.53035078400006],[21.015574438000044,48.53178600600006],[21.02882683000007,48.530792338000026],[21.031603674000053,48.52877448000004],[21.033928681000077,48.527084959000035],[21.053198585000075,48.52615352400005],[21.054301831000032,48.522902499000054],[21.064416,48.524882846000025],[21.066422587000034,48.52527573400005],[21.093207945000074,48.51523262500007],[21.09749836700007,48.50991611100005],[21.097115209000037,48.505704113000036],[21.096487522000075,48.498804042000074],[21.103127749000066,48.49401259100006],[21.117567446000066,48.491006295000034],[21.12829991700005,48.492396632000066],[21.138353150000057,48.50289384700005],[21.14066527800003,48.50597601100003],[21.140734981000037,48.50606892700006],[21.14469654100003,48.50923487500006],[21.161623847000044,48.52081325100005],[21.166023034000034,48.520437781000055],[21.17670416900006,48.51952614700008],[21.18269100400005,48.51969557500007],[21.193227765000074,48.52576309400007],[21.209115345000043,48.527370406000045],[21.210159820000058,48.53267449800006],[21.210172741000065,48.53274011100007],[21.21035107600005,48.53272752200007],[21.216346087000034,48.53230433300007],[21.220388343000025,48.53551030700004],[21.22211902600003,48.536882938000076],[21.23203714400006,48.53483681200004],[21.234082022000052,48.538761865000026],[21.239276044000064,48.53967088400003],[21.258413021000024,48.53035420900005],[21.266585388000067,48.526375561000066],[21.287117926000064,48.52429391000004],[21.303745012000036,48.523146190000034],[21.30545475100007,48.527719543000046],[21.305463317000033,48.527742457000045],[21.30550421600003,48.52776202500007],[21.31156203100005,48.530660373000046],[21.314906287000042,48.53402691600007],[21.313986878000037,48.535047149000036],[21.310353973000076,48.539078446000076],[21.316152573000068,48.53981310800003],[21.317031773000053,48.541015849000075],[21.319911673000036,48.54495553700008],[21.321104537000053,48.54715461200004],[21.319433635000053,48.54850195400007],[21.31707014600005,48.550407766000035],[21.321109234000062,48.55412501600006],[21.31811368800004,48.55963109500004],[21.323317071000076,48.56186068800008],[21.32793281000005,48.55949190700005],[21.36048758800007,48.56058217200007],[21.365831187000026,48.55991379000005],[21.379608270000062,48.558190539000066],[21.38555677900007,48.56034012600003],[21.391242482000052,48.56239474400007],[21.39573619500004,48.56347887700008],[21.404761017000055,48.56075519500007],[21.409845605000044,48.55922067100005],[21.41677412000007,48.55986231700007],[21.421270492000076,48.56403602800003],[21.421886329000074,48.569306692000055],[21.422922216000075,48.57817236000005],[21.42949688400006,48.58310899500003],[21.438578438000036,48.58463893600003],[21.444928321000077,48.579684763000046],[21.45006768500008,48.575675036000064],[21.45714606200005,48.57461289500003],[21.460887143000036,48.57405152900003],[21.467480004000038,48.57032303500006]],[[21.888052994000077,48.36008281200003],[21.88364816400008,48.36251461100005],[21.880313241000067,48.35720887300005],[21.885516151000047,48.355877330000055],[21.888052994000077,48.36008281200003]]]]}},{"type":"Feature","properties":{"NUTS_ID":"HU312","LEVL_CODE":3,"CNTR_CODE":"HU","NAME_LATN":"Heves","NUTS_NAME":"Heves","MOUNT_TYPE":null,"URBN_TYPE":3,"COAST_TYPE":null,"NAME_ENGL":"Hungary","NAME_FREN":"Hongrie","ISO3_CODE":"HUN","SVRG_UN":"UN Member State","CAPT":"Budapest","EU_STAT":"T","EFTA_STAT":"F","CC_STAT":"F","NAME_GERM":"Ungarn","region_id":"hungary_heves","region_id_match_status":"sandbox_pre_matched_pending_verification"},"geometry":{"type":"MultiPolygon","coordinates":[[[[20.40754798200004,48.15312351800003],[20.415346400000033,48.150011894000045],[20.443097339000076,48.15114059300004],[20.453774535000036,48.15004191200006],[20.453038758000048,48.14707971000007],[20.452991956000062,48.14689128500004],[20.457769145000043,48.14430128500004],[20.46171586300005,48.142161533000035],[20.463939221000032,48.13818962900007],[20.467076691000045,48.13258471700004],[20.469955904000074,48.13222991500004],[20.47418250100003,48.13170907600005],[20.475946110000052,48.12629642600007],[20.478435773000058,48.11865546000007],[20.480834337000033,48.11628745400003],[20.48337209400006,48.11378202800006],[20.482798523000042,48.11115764200008],[20.48173304900007,48.10628254000005],[20.48379372900007,48.103465362000065],[20.482789901000046,48.09483766000005],[20.492669271000068,48.08537848100008],[20.492845300000056,48.08520993900004],[20.50093002400007,48.06849357400006],[20.49975883700006,48.06176513200006],[20.48572261100003,48.059661048000066],[20.478390785000045,48.05856197900005],[20.483040895000045,48.04891784900008],[20.48407453300007,48.04806752500008],[20.49174387100004,48.041758333000075],[20.48982220700003,48.023258215000055],[20.486616870000034,48.01759437100003],[20.48072342300003,48.007180626000036],[20.480271274000074,48.00106931500005],[20.479744379000067,47.99394773700004],[20.475283927000078,47.99214750900006],[20.470384617000036,47.99017015800007],[20.460630940000044,47.97463050300007],[20.45132312000004,47.96835906100006],[20.491708329000062,47.945480202000056],[20.498554053000078,47.94160199100003],[20.512114989000054,47.93992158400005],[20.517680252000048,47.928760003000036],[20.503260504000025,47.92343277000003],[20.49539657400004,47.920527520000064],[20.494277152000052,47.91451614700003],[20.49640492700007,47.91157719500006],[20.49961200200005,47.90714747800007],[20.481075474000022,47.90477688300007],[20.476387301000045,47.907244502000026],[20.470779814000025,47.91019600200008],[20.452376939000033,47.90205136000003],[20.44905800300006,47.89867333400008],[20.450025125000025,47.890578477000076],[20.45793221300005,47.879037088000075],[20.46473402400005,47.87438874400004],[20.47266126900007,47.87270049400007],[20.496206503000053,47.86768611000008],[20.50213267500004,47.86383219800007],[20.506135191000055,47.85590937000006],[20.51263166600006,47.836272508000036],[20.510780880000027,47.82766825900006],[20.509275950000074,47.82614736600004],[20.502292391000026,47.81908972700006],[20.501503881000076,47.811423485000034],[20.508132812000042,47.79941992500005],[20.51338948500006,47.795750198000064],[20.519464476000053,47.79150919700004],[20.524266230000023,47.78406348800007],[20.528728870000066,47.77714361900007],[20.53215061800006,47.77341140500005],[20.534447638000074,47.77312389700006],[20.54098703300002,47.77230538800006],[20.545859351000047,47.76707826200004],[20.573267954000073,47.75178615600004],[20.595962519000068,47.740100839000036],[20.578394650000064,47.72505553700006],[20.570089662000044,47.71794306100003],[20.57828747700006,47.71201266000003],[20.584249491000037,47.71179785900006],[20.587422729000025,47.71168353200005],[20.596115848000068,47.70428065300007],[20.59643927700006,47.70360356700007],[20.596485433000055,47.70350694100006],[20.598262442000077,47.701252959000044],[20.602784374000066,47.69829063600008],[20.60833515300004,47.69629392300004],[20.616679302000023,47.695492527000056],[20.619813307000072,47.694563680000044],[20.62798563000007,47.69214159000006],[20.633549894000055,47.690649601000075],[20.63395668800007,47.69032123100004],[20.637795636000078,47.68722237000003],[20.641375124000035,47.68637746200005],[20.64941361600006,47.68557154300004],[20.651746718000027,47.68660300300007],[20.671733492000044,47.68656999400008],[20.67263483000005,47.68791354900003],[20.676922286000035,47.69430452900008],[20.686268489000042,47.688205054000036],[20.687682210000048,47.68728243800007],[20.69322418400003,47.68835377600004],[20.704454847000022,47.69052481300008],[20.71223820700004,47.68824040900006],[20.731630361000043,47.676336424000056],[20.745087698000077,47.66807556100008],[20.747065088000056,47.667915599000025],[20.750612500000045,47.66762863000008],[20.756190919000062,47.662936760000036],[20.76268090700006,47.65747819100005],[20.771698568000033,47.65447615000005],[20.757187823000038,47.64151452500005],[20.750824696000052,47.64183431300006],[20.733626849000075,47.64269861500003],[20.724877698000057,47.63890490500006],[20.717321394000066,47.63562842500005],[20.715223155000047,47.630727387000036],[20.71842975900006,47.623530878000054],[20.719598371000075,47.620908187000055],[20.716731382000035,47.608609854000065],[20.70955821000007,47.60530398100008],[20.707799094000052,47.60448252800006],[20.697828595000033,47.59982661000004],[20.698003313000072,47.59339992000008],[20.704111587000057,47.58925917200003],[20.70709260500007,47.587238365000076],[20.705733191000036,47.579076232000034],[20.69034221100003,47.57056496400003],[20.67559041900006,47.56988662800006],[20.666354139000077,47.569461913000055],[20.66693739400006,47.563148596000076],[20.667697624000027,47.55491965400006],[20.666465006000067,47.55351643900008],[20.664249489000042,47.55234644600006],[20.662197289000062,47.551739360000056],[20.659633162000034,47.55121249500007],[20.657443295000064,47.550474070000064],[20.65525257200005,47.54973535600004],[20.651746718000027,47.548046904000046],[20.650319039000067,47.547359320000055],[20.649867107000034,47.54714166600007],[20.646072711000045,47.545086310000045],[20.642618070000026,47.54399243100005],[20.61242457000003,47.53443194400006],[20.601143213000057,47.53017602500006],[20.580843094000045,47.516984199000035],[20.57727390200006,47.514664796000034],[20.54101410100003,47.50491565400006],[20.539388528000075,47.50454556700004],[20.522534218000033,47.500708419000034],[20.518829964000076,47.49065783700007],[20.517652828000053,47.48813681900003],[20.51302768000005,47.47823135600004],[20.50326365600006,47.46875350700003],[20.487015469000028,47.46330866900007],[20.476199631000043,47.46399558200005],[20.469519898000044,47.464419812000074],[20.449179522000065,47.45111900900008],[20.44785064900003,47.44529767700004],[20.44608549000003,47.43756513200003],[20.43249764500007,47.42842716700005],[20.417401271000074,47.42291903800003],[20.393039316000056,47.42098305400003],[20.378777424000077,47.425045459000046],[20.379268226000022,47.435063236000076],[20.379772856000045,47.445363256000064],[20.370223103000058,47.44297775900003],[20.361274652000077,47.44074246500003],[20.33688287600006,47.44250684000008],[20.33509587800006,47.44479259000008],[20.33265761100006,47.446679010000025],[20.33013543800007,47.44831239000007],[20.324367902000063,47.453293614000074],[20.31998181700004,47.45666797400003],[20.31629594800006,47.46032711300006],[20.31336023800003,47.46292644700003],[20.300230689000045,47.47415901200003],[20.299707039000054,47.47460700400006],[20.299330712000028,47.47534059900005],[20.29835405600005,47.47724445100005],[20.29726002700005,47.478059220000034],[20.29118109500007,47.48258645400006],[20.287640063000026,47.487040971000056],[20.29469096300005,47.49795141100003],[20.30133808000005,47.508237045000044],[20.301393989000076,47.52064574700006],[20.29700706500006,47.52821908400006],[20.285709475000033,47.54233964000008],[20.269836638000072,47.545086310000045],[20.267103276000057,47.54555929700007],[20.257179308000048,47.547276562000036],[20.257748348000064,47.550693541000044],[20.258518825000067,47.55532010500008],[20.238240476000044,47.56140000200003],[20.235203330000047,47.56231060600004],[20.230016903000035,47.563885877000075],[20.230138201000045,47.56731249400008],[20.23025993500005,47.57075145500005],[20.224273922000066,47.57902703500008],[20.22234657100006,47.57993824300007],[20.214184792000026,47.583796946000064],[20.211896842000044,47.59339992000008],[20.210549681000032,47.59905421500008],[20.208602143000064,47.60722841300003],[20.172917967000046,47.60640699800007],[20.13785543000006,47.59953598700008],[20.114570275000062,47.59339992000008],[20.10769922700007,47.59071438700005],[20.102322253000068,47.589856128000065],[20.107261218000076,47.58601299000003],[20.108022864000077,47.58344804600006],[20.109942213000068,47.57979344100005],[20.115912023000078,47.57322947000006],[20.118421211000054,47.572754374000056],[20.12030539500006,47.57228129300006],[20.12276933800007,47.57166264700004],[20.125595670000052,47.56999199200004],[20.130057669000053,47.56817907900006],[20.13433737300005,47.565506097000025],[20.13195804000003,47.56515157600006],[20.11928823900007,47.560139839000044],[20.114413202000037,47.55619407700004],[20.112150738000025,47.553348913000036],[20.04525016200006,47.57075868900006],[20.02088569600005,47.57997494700004],[20.005856146000042,47.59339992000008],[20.013268677000042,47.60594905900007],[20.01688100900003,47.61206460200003],[20.016815035000036,47.61740368800008],[20.011775397000065,47.62430024900004],[20.007069745000024,47.63073976100003],[20.006111198000042,47.63890490500006],[20.004620270000032,47.65160499400008],[20.003822644000024,47.65839936700007],[19.99401911900003,47.672136057000046],[19.984585739000067,47.67307480300008],[19.981588696000074,47.67337304900008],[19.97566869600007,47.67396216700007],[19.970927751000033,47.67614849100005],[19.961740791000068,47.66841464400005],[19.960404057000062,47.66728934300005],[19.953119668000056,47.666260915000066],[19.94388663600006,47.66495737200006],[19.927931458000046,47.65996839500008],[19.91209077900004,47.65501522000005],[19.89690954400004,47.65943213500003],[19.889930539000034,47.661462646000075],[19.884686662000036,47.66549283900008],[19.87579562600007,47.667556654000066],[19.874662896000075,47.665804637000065],[19.87181428100007,47.645197014000075],[19.870944515000076,47.63890490500006],[19.869815838000022,47.63073976100003],[19.863629977000073,47.628739858000074],[19.85385271800004,47.62557884700004],[19.844479491000072,47.62015215500003],[19.838384742000073,47.61008891900008],[19.836218647000067,47.60651241100004],[19.819757972000048,47.59532043400003],[19.809925449000048,47.59827002800006],[19.796592391000047,47.60439646000003],[19.788977111000065,47.60831221700005],[19.785523297000054,47.61008815900004],[19.78332176400005,47.611386492000065],[19.772423977000074,47.61628592800008],[19.769949750000023,47.61633205100003],[19.76767979400006,47.61617886700003],[19.765227543000037,47.617437996000035],[19.757881775000044,47.62118759700007],[19.74003850400004,47.619362668000065],[19.725569488000076,47.61336086600005],[19.703065706000075,47.60641848300003],[19.703458374000036,47.59404042400007],[19.703478693000022,47.59339992000008],[19.70375238400004,47.58477238900008],[19.69746655800003,47.58451201400004],[19.689976943000033,47.58768590900007],[19.681960163000042,47.59108320300004],[19.666329380000036,47.58854951300003],[19.66050311500004,47.59339992000008],[19.65457989400005,47.598331044000076],[19.655941306000045,47.61159363300004],[19.656376832000035,47.61583643400007],[19.651401717000056,47.621663915000056],[19.643653365000034,47.63073976100003],[19.638123837000023,47.637216641000066],[19.63932041100003,47.63890490500006],[19.641954370000065,47.64262119700004],[19.64440395200006,47.64607734900005],[19.635129948000042,47.648020494000036],[19.624109950000047,47.65032946900004],[19.612017748000028,47.65704837700008],[19.60735497400003,47.66140936700003],[19.60721882400003,47.665983725000046],[19.607177173000025,47.66738310300008],[19.600047682000024,47.67667922700008],[19.591436314000077,47.687907565000046],[19.593806038000025,47.68936410800006],[19.597171772000024,47.691432846000055],[19.599937716000056,47.69313292600003],[19.59811428100005,47.69492083800003],[19.59587293100003,47.69711852200004],[19.597819,47.700612963000026],[19.599731693000024,47.70090648000007],[19.603665109000076,47.701510091000046],[19.606729675000054,47.71191095300003],[19.593806038000025,47.72021140600003],[19.57093678900003,47.73489961800004],[19.587309439000023,47.74668853000003],[19.593806038000025,47.75037170300004],[19.613873650000073,47.76174880900004],[19.618188730000043,47.75963229300004],[19.629408758000068,47.75412894900006],[19.631228219000036,47.755342109000026],[19.634597942000028,47.75931683400006],[19.638802230000067,47.762954860000036],[19.64076503000007,47.766175356000076],[19.64226435000006,47.76795891300003],[19.639548911000077,47.768971917000044],[19.63853003500003,47.76935201300006],[19.643190571000048,47.776791305000074],[19.645257995000065,47.78009139100004],[19.642338593000034,47.78589370200007],[19.632334479000065,47.805776878000074],[19.634328744000072,47.80625052700003],[19.640034349000075,47.80885484800007],[19.648780547000058,47.81188433800003],[19.653395875000058,47.81338157500005],[19.65411391300006,47.80968838100006],[19.65455012600006,47.80744474100004],[19.663809204000074,47.799827384000025],[19.667082564000054,47.802438462000055],[19.66730807500005,47.805717859000026],[19.66756590600005,47.80946725100006],[19.675908341000024,47.81061071900007],[19.68211644200005,47.81146164200004],[19.684212609000042,47.81533518100008],[19.68662830900007,47.819799190000026],[19.695393521000028,47.81808119200008],[19.70680373600004,47.815844768000034],[19.720187520000025,47.81788107800003],[19.72030738600006,47.81816144600003],[19.718084746000045,47.82224386900003],[19.716877666000073,47.82446096700005],[19.72162376600005,47.830009637000046],[19.72202296300003,47.83047633900003],[19.722346020000032,47.83159449900006],[19.72493819600004,47.84056650400004],[19.73819183300003,47.850091031000034],[19.762533678000068,47.86758393100007],[19.765983822000067,47.88620112500007],[19.765812461000053,47.88625297700003],[19.759374103000027,47.88820115500005],[19.76890846300006,47.90268760300006],[19.777245995000044,47.90420527200007],[19.79341627200006,47.89268896900006],[19.80077740400003,47.88744644700006],[19.813994296000033,47.88480975900006],[19.825547441000026,47.87561856900004],[19.84128787700007,47.87591971400008],[19.848315924000076,47.88421451600004],[19.848971241000072,47.88909317700006],[19.854467030000023,47.89056459200003],[19.841937742000027,47.900339114000076],[19.83157520800006,47.897955350000075],[19.82589407200004,47.89664848000007],[19.810888675000058,47.90371283800005],[19.809218241000053,47.922739999000044],[19.822235652000074,47.92642889800004],[19.878453482000054,47.92997847200007],[19.883704760000057,47.926017976000026],[19.89488056400006,47.91758922100007],[19.90379175100003,47.91817836200005],[19.90807092500006,47.918549459000076],[19.909802100000036,47.91869958900003],[19.912012099000037,47.91779026800003],[19.91495855100004,47.91657792700005],[19.920327506000035,47.92293909800003],[19.920590082000047,47.92325020000004],[19.920642645000044,47.92313423000007],[19.922777972000063,47.91842304200003],[19.92463611900007,47.922005685000045],[19.933334142000035,47.92532716200003],[19.936391876000073,47.93288602100006],[19.940908153000066,47.94405046800006],[19.96056913900003,47.94785637900003],[19.96551389700005,47.94881357000003],[19.968660552000074,47.95267046200007],[19.96778503200005,47.95873994200008],[19.966396017000022,47.96265237500006],[19.964262076000068,47.968663036000066],[19.968144129000052,47.97345265900003],[19.973746181000024,47.973772360000055],[19.97475883800007,47.97383015100007],[19.98546695500005,47.979980838000074],[19.982115140000076,47.983989293000036],[19.976480792000075,47.990727442000036],[19.981110069000067,47.997649704000025],[19.989829045000022,47.99956446900006],[19.996022340000025,48.006084127000065],[20.017936187000032,48.00688653800006],[20.031604009000034,48.007387007000034],[20.027366811000036,48.01429317700007],[20.022028765000073,48.01609694100006],[20.016227602000072,48.01805719500004],[20.013053798000044,48.02713307600004],[20.01427908200003,48.02980026800003],[20.014814193000063,48.030965096000045],[20.009247493000032,48.051581414000054],[20.018021731000033,48.05327647400003],[20.000286214000027,48.06168506300003],[19.99564672500003,48.063884692000045],[19.986964236000063,48.070757341000046],[19.986955841000054,48.07091443200005],[19.986708324000062,48.07554616300007],[19.977849889000026,48.077218996000056],[19.97260013500005,48.07821036300004],[19.973101231000044,48.082145653000055],[19.973533592000024,48.08554113800005],[19.97209678100006,48.08653897600004],[19.96840383800003,48.08910365300005],[19.976426993000075,48.09466164100007],[19.986614919000033,48.093907741000066],[20.006476229000043,48.101873760000046],[20.029825222000056,48.10532544100005],[20.040268921000063,48.10686933300008],[20.045464050000078,48.11192345400008],[20.048115967000058,48.114503392000074],[20.04812049800006,48.123215955000035],[20.060948491000033,48.122104387000036],[20.07114819000003,48.121220566000034],[20.077079954000055,48.12696874100004],[20.078705601000024,48.13377958800004],[20.07919240700005,48.13581912400008],[20.093064628000036,48.14322056800006],[20.102195519000077,48.138297426000065],[20.11629636600003,48.14008558100005],[20.121825690000037,48.14269998300006],[20.12512299200006,48.14425902900007],[20.131506046000027,48.14351950300005],[20.13781023100006,48.14373528800007],[20.152514764000045,48.135276961000045],[20.164389227000072,48.13407774400008],[20.16839688700003,48.12317554600003],[20.170969610000043,48.11617686500006],[20.177596891000064,48.11327858400006],[20.181002574000047,48.11430661900005],[20.18325928200005,48.113572927000064],[20.201297741000076,48.107708331000026],[20.20100296000004,48.10271361900004],[20.201973725000073,48.10148149200006],[20.206104051000068,48.09623914700006],[20.229130137000027,48.09239497500005],[20.23384100800007,48.092793484000026],[20.238544399000034,48.09319136100004],[20.24530468200004,48.090981052000075],[20.248879587000033,48.08981221800008],[20.255326645000025,48.093200789000036],[20.261493149000046,48.09644190000006],[20.266739167000026,48.09606059400005],[20.274157158000037,48.09552141900008],[20.279885754000077,48.09802936500006],[20.283056378000026,48.104734894000046],[20.28122551100006,48.10676669700007],[20.279018307000058,48.10921614100005],[20.285410262000028,48.115595764000034],[20.287551662000055,48.12329496800004],[20.296401744000036,48.121762346000025],[20.29738734400007,48.121443836000026],[20.302390541000022,48.11982698800006],[20.308488950000026,48.12119191800008],[20.31753831000003,48.12321732300006],[20.322200830000043,48.12128558000006],[20.322059253000077,48.11726136300007],[20.321962847000066,48.114521111000045],[20.333941672000037,48.104570968000075],[20.343031471000074,48.103665782000064],[20.35249138300003,48.09541589400004],[20.357097508000038,48.092195815000025],[20.362281411000026,48.09311853000003],[20.362628891000043,48.10462423000007],[20.36285126200005,48.11198736500006],[20.373101100000042,48.12045798500003],[20.375589496000032,48.129020645000026],[20.38864626800006,48.13429320200004],[20.395123604000048,48.136908865000066],[20.391591387000062,48.14219888900004],[20.386678069000027,48.14955731900005],[20.39246208700007,48.15037287100006],[20.40754798200004,48.15312351800003]]]]}},{"type":"Feature","properties":{"NUTS_ID":"HU313","LEVL_CODE":3,"CNTR_CODE":"HU","NAME_LATN":"Nógrád","NUTS_NAME":"Nógrád","MOUNT_TYPE":null,"URBN_TYPE":3,"COAST_TYPE":null,"NAME_ENGL":"Hungary","NAME_FREN":"Hongrie","ISO3_CODE":"HUN","SVRG_UN":"UN Member State","CAPT":"Budapest","EU_STAT":"T","EFTA_STAT":"F","CC_STAT":"F","NAME_GERM":"Ungarn","region_id":"hungary_nograd","region_id_match_status":"sandbox_pre_matched_pending_verification"},"geometry":{"type":"MultiPolygon","coordinates":[[[[19.637117141000033,48.24557396600005],[19.646557305000044,48.23881723400007],[19.65899913900006,48.24022437600007],[19.66558346200003,48.24096904700008],[19.670484723000072,48.23525851800008],[19.67376304900006,48.23222885800004],[19.673848539000062,48.22993887300004],[19.674164099000052,48.22148604000006],[19.68052347200006,48.21256214400006],[19.686087237000038,48.20952714600003],[19.692274611000073,48.20460187900005],[19.721119975000022,48.20147699000006],[19.72435972900007,48.20467122300005],[19.735202193000077,48.215361345000076],[19.751522402000035,48.21500092900004],[19.760758526000075,48.21328336900007],[19.764932070000043,48.20780817200006],[19.76583853300008,48.20661899900006],[19.773528772000077,48.20369276800005],[19.78117921000006,48.20078168100008],[19.78238373000005,48.19945373100006],[19.788060270000074,48.19319550400007],[19.79568615100004,48.193085610000026],[19.801275143000055,48.19300506900004],[19.804401304000066,48.183535590000076],[19.798786094000036,48.17978561700005],[19.79026126100007,48.174092528000074],[19.78839609700003,48.168180085000074],[19.78839214000004,48.16816754200005],[19.788378831000045,48.16816080000007],[19.782469969000033,48.16516733900005],[19.789672147000033,48.15825614400006],[19.795716390000052,48.153857851000055],[19.805016971000043,48.154303524000056],[19.80859586100007,48.16132916300006],[19.80882406300003,48.16177714100007],[19.82062293000007,48.168691599000056],[19.82810038200006,48.167388720000076],[19.831196540000064,48.16493980700005],[19.834071166000058,48.162666116000025],[19.845276830000046,48.162746336000055],[19.845019927000067,48.16635663300008],[19.844906921000074,48.16794471800006],[19.85435160800006,48.177758005000044],[19.85684137800007,48.17345614700008],[19.858708598000078,48.17022994000007],[19.873040743000047,48.16987790500008],[19.878721641000027,48.169738367000036],[19.879877012000065,48.16836785700008],[19.88291257800006,48.16476704200005],[19.889069250000034,48.16409151900007],[19.89105053000003,48.16470613300004],[19.893823975000032,48.16528714300006],[19.898740412000052,48.16631708800003],[19.904729544000077,48.154139376000046],[19.905571275000057,48.15242788300003],[19.906697718000032,48.15164054100006],[19.913256217000026,48.14705639300007],[19.911413209000045,48.144088374000034],[19.90744662000003,48.14040541300005],[19.90288941600005,48.13617406900005],[19.898702940000078,48.12915502300007],[19.899318764000043,48.12479787400008],[19.90698843000007,48.127914840000074],[19.91008927400003,48.129175029000066],[19.921095381000043,48.13031451400008],[19.936925615000064,48.131953450000026],[19.93806180200005,48.13543977900008],[19.938704510000036,48.13741189600006],[19.952890724000042,48.15136284400006],[19.959844262000047,48.15232682300007],[19.963818588000038,48.15287778900006],[19.969235966000042,48.159607823000044],[19.974389131000066,48.16600962500007],[19.979105591000064,48.16482111900007],[19.987570090000077,48.16268814100005],[19.992685126000026,48.16825509700004],[19.997193853000056,48.16994691100007],[20.00361267900007,48.17235545300008],[20.028616449000026,48.177323097000055],[20.041932874000054,48.172967208000046],[20.044524135000074,48.17035780600003],[20.04750468800006,48.16735638700004],[20.05187878600003,48.16770414700005],[20.060480514000062,48.16626372500008],[20.067118323000045,48.154798526000036],[20.08883763500006,48.15227157400005],[20.093064628000036,48.14322056800006],[20.07919240700005,48.13581912400008],[20.078705601000024,48.13377958800004],[20.077079954000055,48.12696874100004],[20.07114819000003,48.121220566000034],[20.060948491000033,48.122104387000036],[20.04812049800006,48.123215955000035],[20.048115967000058,48.114503392000074],[20.045464050000078,48.11192345400008],[20.040268921000063,48.10686933300008],[20.029825222000056,48.10532544100005],[20.006476229000043,48.101873760000046],[19.986614919000033,48.093907741000066],[19.976426993000075,48.09466164100007],[19.96840383800003,48.08910365300005],[19.97209678100006,48.08653897600004],[19.973533592000024,48.08554113800005],[19.973101231000044,48.082145653000055],[19.97260013500005,48.07821036300004],[19.977849889000026,48.077218996000056],[19.986708324000062,48.07554616300007],[19.986955841000054,48.07091443200005],[19.986964236000063,48.070757341000046],[19.99564672500003,48.063884692000045],[20.000286214000027,48.06168506300003],[20.018021731000033,48.05327647400003],[20.009247493000032,48.051581414000054],[20.014814193000063,48.030965096000045],[20.01427908200003,48.02980026800003],[20.013053798000044,48.02713307600004],[20.016227602000072,48.01805719500004],[20.022028765000073,48.01609694100006],[20.027366811000036,48.01429317700007],[20.031604009000034,48.007387007000034],[20.017936187000032,48.00688653800006],[19.996022340000025,48.006084127000065],[19.989829045000022,47.99956446900006],[19.981110069000067,47.997649704000025],[19.976480792000075,47.990727442000036],[19.982115140000076,47.983989293000036],[19.98546695500005,47.979980838000074],[19.97475883800007,47.97383015100007],[19.973746181000024,47.973772360000055],[19.968144129000052,47.97345265900003],[19.964262076000068,47.968663036000066],[19.966396017000022,47.96265237500006],[19.96778503200005,47.95873994200008],[19.968660552000074,47.95267046200007],[19.96551389700005,47.94881357000003],[19.96056913900003,47.94785637900003],[19.940908153000066,47.94405046800006],[19.936391876000073,47.93288602100006],[19.933334142000035,47.92532716200003],[19.92463611900007,47.922005685000045],[19.922777972000063,47.91842304200003],[19.920642645000044,47.92313423000007],[19.920590082000047,47.92325020000004],[19.920327506000035,47.92293909800003],[19.91495855100004,47.91657792700005],[19.912012099000037,47.91779026800003],[19.909802100000036,47.91869958900003],[19.90807092500006,47.918549459000076],[19.90379175100003,47.91817836200005],[19.89488056400006,47.91758922100007],[19.883704760000057,47.926017976000026],[19.878453482000054,47.92997847200007],[19.822235652000074,47.92642889800004],[19.809218241000053,47.922739999000044],[19.810888675000058,47.90371283800005],[19.82589407200004,47.89664848000007],[19.83157520800006,47.897955350000075],[19.841937742000027,47.900339114000076],[19.854467030000023,47.89056459200003],[19.848971241000072,47.88909317700006],[19.848315924000076,47.88421451600004],[19.84128787700007,47.87591971400008],[19.825547441000026,47.87561856900004],[19.813994296000033,47.88480975900006],[19.80077740400003,47.88744644700006],[19.79341627200006,47.89268896900006],[19.777245995000044,47.90420527200007],[19.76890846300006,47.90268760300006],[19.759374103000027,47.88820115500005],[19.765812461000053,47.88625297700003],[19.765983822000067,47.88620112500007],[19.762533678000068,47.86758393100007],[19.73819183300003,47.850091031000034],[19.72493819600004,47.84056650400004],[19.722346020000032,47.83159449900006],[19.72202296300003,47.83047633900003],[19.72162376600005,47.830009637000046],[19.716877666000073,47.82446096700005],[19.718084746000045,47.82224386900003],[19.72030738600006,47.81816144600003],[19.720187520000025,47.81788107800003],[19.70680373600004,47.815844768000034],[19.695393521000028,47.81808119200008],[19.68662830900007,47.819799190000026],[19.684212609000042,47.81533518100008],[19.68211644200005,47.81146164200004],[19.675908341000024,47.81061071900007],[19.66756590600005,47.80946725100006],[19.66730807500005,47.805717859000026],[19.667082564000054,47.802438462000055],[19.663809204000074,47.799827384000025],[19.65455012600006,47.80744474100004],[19.65411391300006,47.80968838100006],[19.653395875000058,47.81338157500005],[19.648780547000058,47.81188433800003],[19.640034349000075,47.80885484800007],[19.634328744000072,47.80625052700003],[19.632334479000065,47.805776878000074],[19.642338593000034,47.78589370200007],[19.645257995000065,47.78009139100004],[19.643190571000048,47.776791305000074],[19.63853003500003,47.76935201300006],[19.639548911000077,47.768971917000044],[19.64226435000006,47.76795891300003],[19.64076503000007,47.766175356000076],[19.638802230000067,47.762954860000036],[19.634597942000028,47.75931683400006],[19.631228219000036,47.755342109000026],[19.629408758000068,47.75412894900006],[19.618188730000043,47.75963229300004],[19.613873650000073,47.76174880900004],[19.593806038000025,47.75037170300004],[19.587309439000023,47.74668853000003],[19.57093678900003,47.73489961800004],[19.541148173000067,47.746402068000066],[19.53357995300007,47.73905291400007],[19.51786708000003,47.723794859000066],[19.505587279000054,47.72025509300005],[19.496358456000053,47.71759480000003],[19.491663825000046,47.713538208000045],[19.49100070000003,47.70741278100007],[19.501257983000073,47.705482321000034],[19.508801924000068,47.70406252300006],[19.50979631000007,47.70039348900008],[19.511234199000057,47.69843584900008],[19.50894676200005,47.695945667000046],[19.50642109300003,47.69631947100004],[19.50420757300003,47.696147360000055],[19.500952721000033,47.69557858400003],[19.495111767000026,47.69358949900004],[19.491432391000046,47.692572908000045],[19.485997981000025,47.68995402000007],[19.477327698000067,47.68778249600007],[19.468198633000043,47.70498304500006],[19.46449506700003,47.71196112800004],[19.459820525000055,47.713154099000064],[19.454139186000077,47.71460401100006],[19.452436095000053,47.71518299600007],[19.45137528400005,47.71677912200005],[19.45000781600004,47.718254571000045],[19.448120432000053,47.72184003000007],[19.44484060700006,47.725912390000076],[19.443847221000055,47.72826709800006],[19.440711735000036,47.73021387600005],[19.438886281000066,47.73197750300005],[19.437098784000057,47.732546554000066],[19.433885385000053,47.73860350500007],[19.43275964700007,47.742904614000054],[19.433532281000055,47.74488039900007],[19.434623558000055,47.74950907700003],[19.436285695000038,47.75123914200003],[19.440501470000072,47.75344260900005],[19.441021813000077,47.75418112700004],[19.446025554000073,47.761282900000026],[19.44445736700004,47.76743716500005],[19.428662908000035,47.771348473000046],[19.424267195000027,47.77243701900005],[19.415513974000078,47.77117440000006],[19.41635707100005,47.777735834000055],[19.421575543000074,47.782414440000025],[19.427217110000072,47.795899614000064],[19.435085350000065,47.79847807800007],[19.44626900700007,47.80214302100006],[19.42534356400006,47.81665774900006],[19.419934006000062,47.81722524200006],[19.381417329000044,47.82126585700007],[19.38074294300003,47.82133660400007],[19.37450621200003,47.81880928900006],[19.35540134400003,47.81860513500004],[19.350735275000034,47.820716333000064],[19.332771956000045,47.82884397300006],[19.32454242800003,47.83256748500003],[19.319433654000022,47.83163239700008],[19.305896001000065,47.83030384800003],[19.302217948000077,47.829942894000055],[19.291303180000057,47.82761391100007],[19.27540250000004,47.82475736100008],[19.262251739000078,47.82735136600007],[19.23074155300003,47.82519059800006],[19.222041258000047,47.831573330000026],[19.207980062000047,47.84188893900006],[19.180230162000043,47.849043583000025],[19.171904493000056,47.84806555500006],[19.171277665000048,47.84782514800003],[19.16391200700002,47.845000205000076],[19.15088750800004,47.84733593800007],[19.134800219000056,47.85022093400005],[19.127329777000057,47.850276801000064],[19.10934847900006,47.85041127200003],[19.102286409000044,47.84766743200004],[19.101040393000062,47.84613998400005],[19.097753804000035,47.842111070000044],[19.086135117000026,47.83817061600007],[19.074468781000064,47.84588784500005],[19.074432908000063,47.847290919000045],[19.074283899000022,47.85311905900005],[19.063941213000078,47.85872631700005],[19.061886608000066,47.85883781700005],[19.052983502000075,47.859320972000035],[19.04708288300003,47.86255242500005],[19.045987611000044,47.86995549200003],[19.044951679000064,47.874423757000045],[19.04400682100004,47.878499196000064],[19.029039917000034,47.888731577000044],[19.02804368900007,47.88893421900008],[19.014587472000073,47.89167134300004],[19.003603842000075,47.897694509000075],[18.985325097000043,47.915744552000035],[18.967315263000046,47.92147241300006],[18.957798366000077,47.933590181000056],[18.942689379000058,47.94399459700003],[18.94688162500006,47.94813138400008],[18.94084244900006,47.95417639600004],[18.959314643000027,47.96316348200003],[18.993456983000044,47.97977440200003],[18.991444828000056,47.98317511300007],[18.988711801000022,47.98779415800004],[18.996043172000043,47.98991655100008],[19.00373204500005,47.99214243800003],[19.002427741000076,48.00360745300003],[19.006969339000023,48.01033707000005],[19.002956678000032,48.01062595600007],[19.00114145400005,48.01075664000007],[19.00191217400004,48.011855565000076],[19.00548999700004,48.01695697400004],[18.990502092000042,48.028609076000066],[18.98248041200003,48.02687481400005],[18.975302029000034,48.02532287100007],[18.957276611000054,48.02788341100006],[18.928392502000065,48.05674314300006],[18.959833676000073,48.05832071200007],[18.971614444000068,48.05625133600006],[18.982380436000028,48.05436021300005],[18.989011607000066,48.05781117600003],[18.992806219000045,48.06363315100003],[18.99511208900003,48.06717098900003],[18.999859308000055,48.068256252000026],[19.007783927000048,48.07006790100007],[19.008828446000052,48.07413526800008],[19.009013759000027,48.07485688100007],[19.014322598000035,48.07773653000004],[19.032240469000044,48.065711469000064],[19.044204329000024,48.06578594400003],[19.046471634000056,48.065800058000036],[19.049880898000026,48.06351571700003],[19.057597032000047,48.05834560300008],[19.071768717000054,48.06539263900004],[19.075368619000074,48.06768104200006],[19.08202821900005,48.071914449000076],[19.08959457000003,48.07211281300005],[19.092612141000075,48.07069422300003],[19.097083846000032,48.06859202900006],[19.107265265000024,48.06556428700003],[19.120642243000077,48.06767261700003],[19.12650031800007,48.07176934200004],[19.127329777000057,48.07234940700005],[19.129180475000055,48.07364365400008],[19.138189216000058,48.07352795300005],[19.14392984500006,48.07056643400006],[19.145058206000044,48.06989778900004],[19.149333788000035,48.067364163000036],[19.155062368000074,48.06599642000003],[19.163450468000065,48.065684350000026],[19.18243541000004,48.06141788000008],[19.197286794000036,48.062100900000075],[19.21660739300006,48.06298946100003],[19.222662607000075,48.06205786500004],[19.224846659000036,48.05985915300005],[19.232177297000078,48.056892309000034],[19.238835429000062,48.05419764000004],[19.24636004900003,48.05673733400005],[19.248243623000064,48.06006473600007],[19.25341674300006,48.06920323800006],[19.261103026000058,48.07325658900004],[19.27699572100005,48.07450139300005],[19.285346309000033,48.08244663800008],[19.30109171400005,48.08797746600004],[19.325839475000066,48.090309984000044],[19.327803773000028,48.09038304300003],[19.351534677000075,48.08867462500007],[19.35282972600004,48.08887012300005],[19.35765222200007,48.09040976700004],[19.370410169000024,48.086563960000035],[19.370453439000073,48.08655091600008],[19.370483560000025,48.086561946000074],[19.384801517000028,48.09180482200003],[19.39740650500005,48.08582310200006],[19.400573638000026,48.08432013300006],[19.410349418000067,48.08782764400007],[19.41329396200007,48.08888413500006],[19.413483089000067,48.088896506000026],[19.423203357000034,48.08953234400008],[19.43339245100003,48.09568738000007],[19.442639075000045,48.10127308800003],[19.45457402200003,48.09988181400007],[19.45285242700004,48.09477775500005],[19.452033162000077,48.092348859000026],[19.461671245000048,48.08307390900006],[19.467427155000053,48.08475490400008],[19.469800736000025,48.091807318000065],[19.470318422000048,48.093345474000046],[19.473661177000054,48.094673010000065],[19.485186059000057,48.09924998000008],[19.485662352000077,48.10358174900006],[19.48584579800007,48.10525014500007],[19.48796911900007,48.10660306700004],[19.49449146300003,48.110758926000074],[19.491143914000077,48.11203571000004],[19.496350439000025,48.12359533400007],[19.49517103100004,48.134243885000046],[19.49446997700005,48.14057351500003],[19.500694426000052,48.14414910100004],[19.50801761500003,48.14835585000003],[19.510193365000077,48.15230815000007],[19.512674584000024,48.156640605000064],[19.510002215000043,48.163276120000035],[19.50605630700005,48.173073843000054],[19.512792452000042,48.18208651600003],[19.514150920000077,48.18235656600007],[19.520845809000036,48.18368744300005],[19.528473201000054,48.190803352000046],[19.527741116000072,48.19963157900003],[19.52745217100005,48.203115971000045],[19.54130000300006,48.20932445100004],[19.544574543000067,48.207366292000074],[19.54658139000003,48.20616620700008],[19.55600652100003,48.20938802200004],[19.56112907200003,48.21241313500008],[19.562852848000034,48.213431108000066],[19.568181783000057,48.21545882700008],[19.571404871000027,48.21554583400007],[19.575121275000072,48.21564615800003],[19.57764826700003,48.21611644800004],[19.58640828800003,48.22245772300005],[19.593806038000025,48.22781286600008],[19.60636458400006,48.236903848000054],[19.63082217400006,48.25007954500006],[19.637117141000033,48.24557396600005]]]]}},{"type":"Feature","properties":{"NUTS_ID":"HU321","LEVL_CODE":3,"CNTR_CODE":"HU","NAME_LATN":"Hajdú-Bihar","NUTS_NAME":"Hajdú-Bihar","MOUNT_TYPE":null,"URBN_TYPE":2,"COAST_TYPE":null,"NAME_ENGL":"Hungary","NAME_FREN":"Hongrie","ISO3_CODE":"HUN","SVRG_UN":"UN Member State","CAPT":"Budapest","EU_STAT":"T","EFTA_STAT":"F","CC_STAT":"F","NAME_GERM":"Ungarn","region_id":"hungary_hajdu_bihar","region_id_match_status":"sandbox_pre_matched_pending_verification"},"geometry":{"type":"MultiPolygon","coordinates":[[[[21.19624377100007,47.95696895700007],[21.23072660200006,47.94076993300007],[21.232596942000043,47.937435650000054],[21.234132308000028,47.93469853000005],[21.24734864100003,47.92973784900005],[21.253277352000055,47.92751253900008],[21.26154590400006,47.92344759100007],[21.262514458000055,47.91937600800003],[21.264883844000053,47.909415642000056],[21.274626531000024,47.90561752000008],[21.297487818000036,47.91032470000005],[21.303073185000073,47.91415589500008],[21.30656209600005,47.916549058000044],[21.322846405000064,47.92007588800004],[21.352731444000028,47.92154061300005],[21.354860530000053,47.92113885400005],[21.369589270000063,47.918359535000036],[21.412721936000025,47.920838917000026],[21.42883235000005,47.92292003800003],[21.429665030000024,47.92391359100003],[21.433178203000068,47.928105505000076],[21.485852630000068,47.92599776700007],[21.497058141000025,47.92554938500007],[21.49822666400007,47.92918529800005],[21.499753121000026,47.93393493600007],[21.510111334000044,47.93441002700007],[21.510776578000048,47.934440539000036],[21.51164028900007,47.935082185000056],[21.519498620000036,47.940920094000035],[21.56587751400008,47.92967908300005],[21.55766671600003,47.91597351100006],[21.556681007000066,47.91325911200005],[21.554026027000077,47.905947956000034],[21.555185872000038,47.890634574000046],[21.558646576000058,47.88886108200006],[21.56366894200005,47.88628729200008],[21.56028776000005,47.88083463100003],[21.556454876000032,47.874653531000035],[21.551806284000065,47.84993914300003],[21.549619734000032,47.842567408000036],[21.548655315000076,47.84033989400007],[21.547596003000024,47.835820881000075],[21.54702714000007,47.832083011000066],[21.54485807100008,47.82577506000007],[21.545034873000077,47.82311290400003],[21.544494978000046,47.82000660300008],[21.544372615000043,47.81792534700003],[21.54490252100004,47.815613936000034],[21.54512876800004,47.81213086100007],[21.544576886000073,47.80539614400004],[21.54457388900005,47.79792447600005],[21.541590733000078,47.79025644600006],[21.54641033100006,47.78911892800005],[21.551276877000078,47.78710891700007],[21.558365433000063,47.784731031000035],[21.56017890100003,47.78381354000004],[21.563302899000064,47.78307289000003],[21.57120610800007,47.78028452800004],[21.574418941000033,47.779150995000066],[21.578013413000065,47.77835053800004],[21.580018666000058,47.777405412000064],[21.587640124000075,47.774550127000055],[21.590328611000075,47.77372341800003],[21.625686381000037,47.74679835500007],[21.62729567200006,47.73897978100007],[21.62784054100007,47.736332590000075],[21.636511341000073,47.729629515000056],[21.671634208000057,47.725909614000045],[21.67850183400003,47.72651234800003],[21.682240824000075,47.73049203200003],[21.683902776000025,47.73057533300005],[21.70433783800007,47.73159958800005],[21.712360972000056,47.71851188800008],[21.719475373000023,47.70690655200008],[21.728331771000057,47.70830635400006],[21.73039731600005,47.70863282400006],[21.77167786900003,47.70530609000008],[21.77120639700007,47.70328813500004],[21.770923714000048,47.697171612000034],[21.770374428000025,47.695149884000045],[21.770265951000056,47.694750620000036],[21.768309144000057,47.69131760600004],[21.76528703100007,47.68867142300007],[21.76408837500003,47.68693188200007],[21.767804710000064,47.686580537000054],[21.773847937000028,47.68703644400006],[21.774653501000046,47.68717431400006],[21.776352630000076,47.68746511400008],[21.785001437000062,47.68627357100007],[21.791147549000073,47.68535434300003],[21.796924958000034,47.68380790200007],[21.799087203000056,47.680106763000026],[21.802304046000074,47.674600456000064],[21.83582898000003,47.668998901000066],[21.854816326000048,47.67572315000007],[21.85907507400003,47.68431271500003],[21.870510129000024,47.68870566500004],[21.884006714000066,47.698598599000036],[21.885734978000073,47.71135398400003],[21.88773330300006,47.72610254400007],[21.92472534500007,47.73308536600007],[21.925994537000065,47.73124909900008],[21.927143612000066,47.72958661600006],[21.94294823900003,47.72311351800005],[21.946625849000043,47.72160728000006],[21.946897388000025,47.721157635000054],[21.949781225000038,47.71638225500004],[21.962992963000033,47.70795839900006],[21.97879503400003,47.70535978600003],[21.987493,47.70392942600006],[21.983751678000033,47.69229767100006],[21.98027508900003,47.68148896900004],[21.98190732300003,47.67600261300004],[21.99108334700003,47.67530932300008],[21.992565592000062,47.67519733300003],[21.995247320000033,47.67212984300005],[21.99923906500004,47.66756389200003],[22.00272103800006,47.66642314400008],[22.010528882000074,47.66386517400008],[22.007353598000066,47.65691433300003],[22.003656357000068,47.64882090300006],[22.003884953000068,47.641260404000036],[22.00561101200003,47.63890490500006],[22.009684599000025,47.63334581000004],[22.01615150400005,47.63025133300005],[22.018603162000034,47.629078191000076],[22.019703440000058,47.62609013400004],[22.021893447000025,47.62014266500006],[22.02619443900005,47.62133343700003],[22.027762995000046,47.62716051400008],[22.04476582600006,47.63655090200007],[22.046268517000044,47.63890490500006],[22.055036691000055,47.65264047000005],[22.065870078000046,47.669611244000066],[22.075916902000074,47.67189658800004],[22.081028341000035,47.66724124700005],[22.083214921000035,47.66524977700004],[22.088963179000075,47.66328993600007],[22.103204005000066,47.65843459400003],[22.10391677800004,47.64676053900007],[22.103991937000046,47.645529561000046],[22.106717424000067,47.62918780800004],[22.119320049000066,47.60482207700005],[22.128230235000046,47.59808935700005],[22.12835836000005,47.59339992000008],[22.128461365000078,47.589629899000045],[22.117335188000027,47.57792892800006],[22.108338566000043,47.57363649900003],[22.090688347000025,47.55743409000007],[22.086112528000058,47.559222883000075],[22.079111600000033,47.561959708000074],[22.06087545200006,47.55268403900004],[22.05580762200003,47.54691846400004],[22.058875396000076,47.545086310000045],[22.062598088000072,47.54286302200006],[22.06733385800004,47.540034698000056],[22.069866309000076,47.538522252000064],[22.068242225000063,47.535195473000044],[22.06106699700007,47.52991539700008],[22.051929098000073,47.53506291200006],[22.045364495000058,47.53876085100006],[22.022970240000063,47.51780893800003],[22.012829917000033,47.50076037400004],[22.008316112000045,47.483703313000035],[22.007279350000033,47.47978553100006],[22.020270091000043,47.455820921000054],[22.026365360000057,47.45301967800003],[22.031693269000073,47.45057109600003],[22.02931570900006,47.44622643500003],[22.026742556000045,47.44152435400008],[22.032254962000025,47.432386242000064],[22.034142191000058,47.42925771500006],[22.033305126000073,47.42744128600003],[22.030825234000076,47.42205992300006],[22.032541363000064,47.418763582000054],[22.035046494000028,47.41395172800003],[22.027820304000045,47.40043699000006],[22.01245835700007,47.37710686400004],[21.999538501000075,47.37728891000006],[21.993056153000055,47.37942233500007],[21.986790288000066,47.38148451200004],[21.98482467900004,47.379961983000044],[21.978354585000034,47.37828111300007],[21.975574022000046,47.378374861000054],[21.97512436200003,47.38018048200007],[21.96153958700006,47.38123189300006],[21.95576256100003,47.376262111000074],[21.93949001200008,47.37272085600006],[21.938648492000027,47.36817866200005],[21.93815909600005,47.36553709800006],[21.931505713000035,47.35902506300005],[21.925144621000072,47.352799110000035],[21.92349297000004,47.34875658900006],[21.919456703000037,47.33887757100007],[21.901459715000044,47.32052057800007],[21.895623337000075,47.31456745200006],[21.889106264000077,47.296084034000046],[21.888692228000025,47.29467186900007],[21.879352724000057,47.28633226300008],[21.885482981000052,47.27937883100003],[21.88716412100007,47.27747194700004],[21.88676802200007,47.27170453400004],[21.88131749300004,47.266487082000026],[21.878086917000076,47.26531535700008],[21.874588535000044,47.264046499000074],[21.871964216000038,47.26337779600004],[21.85185996000007,47.23852972700007],[21.84933968000007,47.22622373200005],[21.84848029500006,47.22202753400006],[21.853683450000062,47.220580891000054],[21.85772933000004,47.219456007000076],[21.858907609000028,47.207401951000065],[21.859595338000076,47.20395801600006],[21.859371589000034,47.200613961000045],[21.85909689700003,47.196513940000045],[21.85776988400005,47.18715145600004],[21.838328009000065,47.17977666400003],[21.817068421000045,47.171712368000044],[21.803339385000072,47.144139393000046],[21.800738850000073,47.13338513100007],[21.800125689000026,47.13084946400005],[21.799272355000028,47.13007098000003],[21.79205060700008,47.123482686000045],[21.79044898500007,47.113291315000026],[21.79110864100005,47.11162168800007],[21.792838654000036,47.107242926000026],[21.783545445000073,47.10789367800004],[21.77253644500007,47.10866457800006],[21.751619349000066,47.10563093900004],[21.72613640800006,47.09861438300004],[21.713548054000057,47.08309649200004],[21.71389169300005,47.080784599000026],[21.714777661000028,47.07482408300007],[21.70560530000006,47.07017635700004],[21.702659263000044,47.068683571000065],[21.702927318000036,47.06674800300004],[21.703390644000024,47.063402421000035],[21.68562733400006,47.05208604300003],[21.68200544900003,47.04590816100006],[21.65733464300007,47.04074870100004],[21.648788094000054,47.03896134200005],[21.658955200000037,47.022131527000056],[21.643159831000048,47.01815281000006],[21.640269653000075,47.02118845200005],[21.637261181000042,47.02434834200005],[21.62907290800007,47.02111864600005],[21.62632776600003,47.016643447000035],[21.620099873000072,47.01265054100003],[21.62019541600006,47.01247062600004],[21.62270439100007,47.00774602400003],[21.61851102600008,47.005063104000044],[21.59513861000005,46.99726426500007],[21.576704506000056,46.998908431000075],[21.57506758900007,46.999751478000064],[21.569165829000042,47.002791012000046],[21.567193040000063,46.99921664000004],[21.564493010000035,46.99321214400004],[21.557255416000032,46.987500735000026],[21.554192753000052,46.979274789000044],[21.557315137000046,46.97240079100004],[21.562051566000036,46.96197343600005],[21.548314697000023,46.959095339000044],[21.544986080000058,46.95958601400008],[21.53944844700004,46.96040232200005],[21.53685886100004,46.95755763400007],[21.53134528000004,46.95150090700008],[21.525338696000063,46.95468244700004],[21.522534696000037,46.95616765700004],[21.517863179000074,46.952816718000065],[21.516738521000036,46.952009987000054],[21.51594854600006,46.95233886700004],[21.512815282000076,46.95364329700004],[21.496991931000025,46.95069538200005],[21.489650994000044,46.94577556100006],[21.484172498000078,46.94210392900004],[21.477576517000045,46.94239259400007],[21.47418691000007,46.94573256600006],[21.47033188100005,46.94953114500004],[21.444326579000062,46.95574544500005],[21.437118645000055,46.95126213000003],[21.423725327000056,46.94293152500006],[21.431691726000054,46.95695378400006],[21.43563742500004,46.957871683000064],[21.441802986000027,46.95930599400003],[21.437844682000048,46.97015278600003],[21.430225578000034,46.96969733900005],[21.426078950000033,46.96944946600007],[21.418902735000074,46.97359633100007],[21.414023048000047,46.97641611800003],[21.384256090000065,46.97809139600008],[21.36879688700003,46.97896143600008],[21.355512275000024,46.97968450600007],[21.355174653000063,46.97975844800004],[21.340752483000074,46.98413381700004],[21.29167731600006,46.99902214400004],[21.255704752000042,47.00892765300006],[21.252871457000026,47.00843508100007],[21.248461930000076,47.007668479000074],[21.238332898000067,47.01720671900006],[21.233736472000032,47.02424425400005],[21.23610031900006,47.03003535500005],[21.240135171000077,47.039920187000064],[21.234980197000027,47.052266329000076],[21.232018677000042,47.05935915800006],[21.259580322000033,47.07024508100005],[21.28835354100005,47.08160953600003],[21.295460657000035,47.08809888700006],[21.294822040000042,47.09209540900008],[21.292996268000024,47.103521260000036],[21.30186377900003,47.108355259000064],[21.30640058000006,47.11082843300005],[21.304099372000053,47.11351739400004],[21.30101733400005,47.117118754000046],[21.30050026300006,47.12734323500007],[21.294987459000026,47.131937384000025],[21.298925762000067,47.14443448000003],[21.300893488000042,47.15067850600008],[21.29162079300005,47.147801249000054],[21.290605165000045,47.14777368800003],[21.258715348000067,47.14690829300008],[21.243038827000078,47.15215734600008],[21.23022631300006,47.15090168000006],[21.212955211000065,47.16251258900007],[21.209628844000065,47.16474881800008],[21.16874808600005,47.17044550600008],[21.146423286000072,47.17272122400004],[21.14386772000006,47.17298173000006],[21.139102810000054,47.17339084200006],[21.12542813500005,47.17484460600008],[21.121772732000068,47.17645585400004],[21.11385860200005,47.17992194300007],[21.102522806000025,47.186579865000056],[21.080794854000033,47.199420227000076],[21.076673276000065,47.201855917000046],[21.06808390200007,47.20731611000008],[21.060710166000035,47.20894842600006],[21.06399732500006,47.19885309700004],[21.06569008500003,47.19365439300003],[21.061772975000054,47.19236710500007],[21.054834252000035,47.19117006600004],[21.051648322000062,47.19044884300007],[21.030632746000038,47.21367287500004],[21.020010280000065,47.225411619000056],[21.018382579000047,47.22544856400003],[21.01434183600003,47.225540280000075],[21.01365650400004,47.22622373200005],[21.012356252000075,47.22752041700005],[21.008128128000067,47.231736941000065],[20.992067596000027,47.23231994900004],[21.014244767000037,47.24759180400008],[21.016706268000064,47.25187614400005],[21.029961273000026,47.35458128100004],[21.02397232900006,47.36859460800008],[21.019559784000023,47.37891937100005],[21.01459135300007,47.39719256400008],[21.005424626000035,47.43044446000005],[20.993902539000032,47.47316686800008],[20.99432698800007,47.47415901200003],[20.998410129000035,47.483703313000035],[21.002191676000052,47.48642386600005],[21.008134090000055,47.490699009000025],[21.00201678700006,47.49344494800005],[20.993569542000046,47.49723675400003],[20.98410851600005,47.520127572000035],[20.989144019000037,47.52437698800003],[20.992630271000053,47.52731900600003],[20.995941541000036,47.53679798200005],[20.995544909000046,47.545086310000045],[20.994493377000026,47.56705996100004],[20.97347214100006,47.58549895600004],[20.952141,47.59339992000008],[20.94665922300004,47.59543034700005],[20.94025178800007,47.59339992000008],[20.93829254900004,47.59277906400007],[20.93078520200004,47.59040009000006],[20.915081617000055,47.58542384300006],[20.885403438000026,47.58207318900003],[20.86754193300004,47.58665874400003],[20.856977850000078,47.59334512100003],[20.856891271000052,47.59339992000008],[20.855040744000064,47.59457118300003],[20.85206014700003,47.59507472400003],[20.843574636000028,47.59650826200004],[20.82624972800005,47.62858407300007],[20.824457634000055,47.63890490500006],[20.824132788000043,47.64077572100007],[20.827972001000035,47.65901766200005],[20.833141451000074,47.65755796900004],[20.833306223000022,47.657705184000065],[20.83725804900007,47.66123592100007],[20.844504061000066,47.657234419000076],[20.853120758000045,47.65724466000006],[20.854594406000047,47.65246725700007],[20.855411004000075,47.649819937000075],[20.86138320500004,47.64513464200007],[20.87628025500004,47.64375321800003],[20.878843998000036,47.649911243000076],[20.86160006500006,47.65874048000006],[20.85613582800005,47.66153827800008],[20.852254474000063,47.67354766700004],[20.858719876000066,47.67572977400005],[20.878205103000028,47.67283361400007],[20.890418512000053,47.67101829000006],[20.901020225000025,47.67602898100006],[20.898102832000063,47.679765262000046],[20.891881943000044,47.67899254500003],[20.88805110100003,47.67851670400006],[20.885414624000077,47.68404708800006],[20.883927865000032,47.69262054600006],[20.888062829000035,47.69761071000005],[20.895688551000035,47.69202422800004],[20.903291739000053,47.68645425300008],[20.915586069000028,47.692330895000055],[20.919760062000023,47.69432604800005],[20.921187321000048,47.69440827100004],[20.933972918000052,47.695144836000054],[20.93402414600007,47.69841937800004],[20.93443562300007,47.70276852400008],[20.93462161800005,47.70473442200006],[20.93829254900004,47.70728889000003],[20.951748465000037,47.71665237800005],[20.972892689000048,47.718487964000076],[20.99633362000003,47.72052293400003],[21.00031204900006,47.72714160600003],[20.997685011000044,47.735160492000034],[20.99683655700005,47.737750349000066],[21.001226503000055,47.741292427000076],[21.002437474000033,47.742269512000064],[21.002061381000033,47.74273798100006],[20.996480150000025,47.74969007800007],[21.007287765000058,47.75684304300006],[21.01968116100005,47.75804305400004],[21.026330174000066,47.75594578400006],[21.027855841000076,47.75453281100005],[21.035735300000056,47.747235371000045],[21.042796903000067,47.75761743000004],[21.04323589100005,47.76317136100005],[21.053140150000047,47.774049337000065],[21.05064488000005,47.776202013000045],[21.049439219000078,47.777242141000045],[21.051626399000043,47.777845409000065],[21.05585827300007,47.77901264500008],[21.065270929000064,47.79125800800006],[21.065405904000045,47.79956000200008],[21.07979098000004,47.81969735200005],[21.078607109000075,47.82472248700003],[21.075521348000052,47.833524699000066],[21.068247219000057,47.83629090300008],[21.066595919000065,47.83781683900003],[21.061290016000044,47.842719928000065],[21.058455194000032,47.84596766000004],[21.060187777000067,47.848127559000034],[21.05326612700003,47.85206024800004],[21.061359439000057,47.85940894200007],[21.067453245000024,47.858760758000074],[21.06892599400004,47.85860410500004],[21.08213305000004,47.865131950000034],[21.08490852600005,47.87857777000005],[21.086030729000072,47.88401429500004],[21.084469467000076,47.89044277600004],[21.091716417000043,47.89595283800003],[21.098690284000043,47.90311597200008],[21.10818608200003,47.90526765200008],[21.12116799300003,47.908209259000046],[21.12394834500003,47.91417996700005],[21.12205433500003,47.91770226800003],[21.105743197000038,47.920014940000044],[21.103501911000023,47.919417776000046],[21.09740382900003,47.91779301500003],[21.091823775000023,47.91991152400004],[21.094768415000033,47.925674214000026],[21.10140982300004,47.92803820200004],[21.107563816000038,47.93022869500004],[21.112744218000046,47.93496221600003],[21.12218077500006,47.96182689700004],[21.12790220900007,47.95827723100007],[21.135642981000046,47.96026873100004],[21.145480389000056,47.95429173200006],[21.150204574000043,47.95994759600006],[21.15407904500006,47.964586170000075],[21.174255277000043,47.96291313100005],[21.184142571000052,47.95787731100006],[21.19624377100007,47.95696895700007]]]]}},{"type":"Feature","properties":{"NUTS_ID":"HU322","LEVL_CODE":3,"CNTR_CODE":"HU","NAME_LATN":"Jász-Nagykun-Szolnok","NUTS_NAME":"Jász-Nagykun-Szolnok","MOUNT_TYPE":null,"URBN_TYPE":2,"COAST_TYPE":null,"NAME_ENGL":"Hungary","NAME_FREN":"Hongrie","ISO3_CODE":"HUN","SVRG_UN":"UN Member State","CAPT":"Budapest","EU_STAT":"T","EFTA_STAT":"F","CC_STAT":"F","NAME_GERM":"Ungarn","region_id":"hungary_jasz_nagykun_szolnok","region_id_match_status":"sandbox_pre_matched_pending_verification"},"geometry":{"type":"MultiPolygon","coordinates":[[[[20.827972001000035,47.65901766200005],[20.824132788000043,47.64077572100007],[20.824457634000055,47.63890490500006],[20.82624972800005,47.62858407300007],[20.843574636000028,47.59650826200004],[20.85206014700003,47.59507472400003],[20.855040744000064,47.59457118300003],[20.856891271000052,47.59339992000008],[20.856977850000078,47.59334512100003],[20.86754193300004,47.58665874400003],[20.885403438000026,47.58207318900003],[20.915081617000055,47.58542384300006],[20.93078520200004,47.59040009000006],[20.93829254900004,47.59277906400007],[20.94025178800007,47.59339992000008],[20.94665922300004,47.59543034700005],[20.952141,47.59339992000008],[20.97347214100006,47.58549895600004],[20.994493377000026,47.56705996100004],[20.995544909000046,47.545086310000045],[20.995941541000036,47.53679798200005],[20.992630271000053,47.52731900600003],[20.989144019000037,47.52437698800003],[20.98410851600005,47.520127572000035],[20.993569542000046,47.49723675400003],[21.00201678700006,47.49344494800005],[21.008134090000055,47.490699009000025],[21.002191676000052,47.48642386600005],[20.998410129000035,47.483703313000035],[20.99432698800007,47.47415901200003],[20.993902539000032,47.47316686800008],[21.005424626000035,47.43044446000005],[21.01459135300007,47.39719256400008],[21.019559784000023,47.37891937100005],[21.02397232900006,47.36859460800008],[21.029961273000026,47.35458128100004],[21.016706268000064,47.25187614400005],[21.014244767000037,47.24759180400008],[20.992067596000027,47.23231994900004],[20.988178865000066,47.22622373200005],[20.987847325000075,47.225703990000056],[20.98676172200004,47.22622373200005],[20.982356908000042,47.22833257600007],[20.97763976500005,47.23059095000008],[20.969103338000025,47.22622373200005],[20.96755107200005,47.225429596000026],[20.963086076000025,47.21879316900004],[20.955108516000053,47.208727553000074],[20.95387388000006,47.20496940800007],[20.953298045000054,47.20321660700006],[20.946337846000063,47.18961051500003],[20.945997727000076,47.187390409000045],[20.938782670000023,47.18705497000008],[20.93829254900004,47.18703218400003],[20.930408082000042,47.18666562300007],[20.90963133200006,47.174099726000065],[20.908559169000057,47.17345127600004],[20.908176215000026,47.17345305300006],[20.892855289000067,47.173524144000055],[20.847731356000054,47.14824787500004],[20.85751355700006,47.13673378400006],[20.85972055600007,47.13413604700003],[20.863565212000026,47.12045472600005],[20.855242196000063,47.11839336400004],[20.845638001000054,47.11601469200008],[20.847427909000032,47.10596821200005],[20.847867205000057,47.103502510000055],[20.847003151000024,47.10059072100006],[20.84505843000005,47.09403717200007],[20.848450901000035,47.092294922000065],[20.851286627000036,47.090838596000026],[20.849334845000044,47.08722980700003],[20.844174913000074,47.077689242000076],[20.851870206000058,47.07270185600004],[20.860192518000076,47.067308093000065],[20.86131812900004,47.06276586100006],[20.857588898000074,47.06195481300006],[20.85097457200004,47.06517794600006],[20.844241036000028,47.06845916900005],[20.840164049000066,47.060701762000065],[20.828227423000044,47.05347026100003],[20.80430136600006,47.04591017000007],[20.807341665000024,47.04203520800007],[20.809974931000056,47.03867902300004],[20.80772772200004,47.03704003200005],[20.76132664900007,47.03601735800004],[20.760190305000037,47.04171832700007],[20.758933934000027,47.048021464000044],[20.754692096000042,47.05247808300004],[20.729026801000032,47.04371195700003],[20.72644147500006,47.03843555200007],[20.723002352000037,47.031416629000034],[20.715038996000033,47.03330395200004],[20.707841135000024,47.03500985200003],[20.702389519000064,47.01406321800005],[20.71196727100005,47.01040998600007],[20.713376937000078,47.00763907800007],[20.71725215600003,47.00002175900005],[20.71428804100003,46.99607402600003],[20.713372864000064,46.99485515500004],[20.710137761000055,46.97898696100003],[20.71615405800003,46.97238782100004],[20.725995714000078,46.96159273200004],[20.72289124300005,46.95893684400005],[20.710316531000046,46.96171364400004],[20.70543194800007,46.959261834000074],[20.71052264900004,46.95579896600003],[20.724951469000075,46.95501085500007],[20.727265019000072,46.94438887500007],[20.719170629000075,46.930830900000046],[20.70416675200005,46.92120798800005],[20.692964196000048,46.91122943800008],[20.673679337000067,46.91316567000007],[20.67197394300007,46.913336894000054],[20.66354581400003,46.909832246000065],[20.651746718000027,46.904925856000034],[20.64178848100005,46.900784947000034],[20.625317190000032,46.90824840600004],[20.605091791000063,46.91741292300003],[20.593087780000076,46.91483680400006],[20.580254496000066,46.91208271900007],[20.56480182300004,46.914364068000054],[20.55258129400005,46.91616824100004],[20.54737299100003,46.91439736500007],[20.546180528000036,46.90975849200004],[20.545440452000037,46.906879478000064],[20.53943363700006,46.90129149900008],[20.498985060000052,46.89082767200006],[20.48653106100005,46.89142066800008],[20.476272249000033,46.895825528000046],[20.459983414000078,46.90281952000004],[20.443616168000062,46.88902810900004],[20.434788248000075,46.876956938000035],[20.433799669000052,46.87560516900004],[20.43199854200003,46.874423197000056],[20.40832424000007,46.85888716800008],[20.42426544400007,46.80347046500003],[20.424498105000055,46.801028994000035],[20.424681977000034,46.79909950100006],[20.403010275000042,46.78854745000007],[20.38342300900007,46.78681288300004],[20.352262174000032,46.784053408000034],[20.34675334700006,46.77907668600005],[20.346044732000053,46.77570503000004],[20.344149426000058,46.766686994000054],[20.33560980200002,46.76307792700004],[20.33259318300003,46.76187397600006],[20.32826682800004,46.76309906200004],[20.327124812000022,46.76342244500006],[20.319984314000067,46.76423908600003],[20.31973845500005,46.764241980000065],[20.315944841000032,46.76428664100007],[20.310804103000066,46.76529861400007],[20.290688647000025,46.76745489500007],[20.284627216000047,46.77481028600005],[20.284337265000033,46.77516213400003],[20.279799850000074,46.77886262700008],[20.277715686000022,46.78056143600003],[20.276862906000076,46.781005436000044],[20.27526942700007,46.781835081000054],[20.272986549000052,46.78409838400006],[20.26480665300005,46.79220814300004],[20.258004776000064,46.79426213700003],[20.24268144900003,46.79846835700005],[20.23575171600004,46.79887658400003],[20.230784283000048,46.79859793700007],[20.218634474000055,46.790820447000044],[20.21977054000007,46.78900422900006],[20.222337312000036,46.78490075500008],[20.221096205000038,46.78251673600005],[20.214728963000027,46.77986982700003],[20.209388627000067,46.78181995300008],[20.208182114000067,46.782260534000045],[20.197933121000062,46.78202145400007],[20.182286387000033,46.76306522300007],[20.175200577000055,46.75448066800004],[20.140409568000052,46.769590565000044],[20.134437261000073,46.77236513400004],[20.12702282300006,46.777515169000026],[20.119100213000024,46.78301817900007],[20.107506432000037,46.784756522000066],[20.10239941900005,46.77856591900007],[20.103709457000036,46.77393279200004],[20.105514378000066,46.76754944000004],[20.091679267000075,46.76287675200007],[20.090915494000058,46.76939454600006],[20.090474612000037,46.77315689100004],[20.081662407000067,46.78768203700008],[20.07491343600003,46.78929207500005],[20.06601691800006,46.79141443300006],[20.062900356000057,46.801028994000035],[20.061162382000077,46.80639062500006],[20.05806579600005,46.81381793400004],[20.042932113000063,46.822995594000076],[20.033033053000054,46.81919706200006],[20.036172889000056,46.812805497000056],[20.039730004000035,46.80556450500006],[20.03420667300003,46.79769046200005],[20.012480152000023,46.80642563400005],[20.003181449000067,46.81447616600008],[20.004882319000046,46.82198545400007],[20.026319215000058,46.82703509600003],[20.03783318400008,46.82974730900003],[20.04058266800007,46.83343072800005],[20.043150568000044,46.836870883000074],[20.053269727000043,46.838961435000044],[20.05673534300007,46.83945134900006],[20.06134467800007,46.84074512300003],[20.067468315000042,46.84189094200008],[20.070758128000023,46.84214545100008],[20.07564714800003,46.84056986500008],[20.07862680900007,46.84035702800003],[20.086287580000032,46.84023943100004],[20.09347117300007,46.84012915800008],[20.099871,46.83934612400003],[20.10329616200005,46.838761574000046],[20.107846562000077,46.84095385900008],[20.114704876000076,46.842642510000076],[20.107901362000064,46.85410632800006],[20.099185963000025,46.85870669800005],[20.093980749000025,46.86145423800008],[20.085595,46.874452878000056],[20.11282886500004,46.891094707000036],[20.12334119700006,46.89751849000004],[20.123441127000035,46.898155677000034],[20.124662616000023,46.90594427900004],[20.14012348700004,46.90925544400005],[20.150159276000068,46.91140475100008],[20.15964351200006,46.919043541000065],[20.15693572300006,46.929817126000046],[20.145004242000027,46.94020732800004],[20.12626502300003,46.94314676600004],[20.120045091000065,46.94082666700007],[20.109952747000023,46.93706211800003],[20.105307476000064,46.94209055700003],[20.10381052200006,46.94956751500007],[20.106187077000072,46.953853381000044],[20.119141058000025,46.95744321700005],[20.13185641900003,46.960966926000026],[20.132947123000065,46.96500972000007],[20.131011741000066,46.96903174600004],[20.12785974600007,46.97558208400005],[20.134564801000067,46.98042831500004],[20.139081556000065,46.98369290200003],[20.129311006000023,46.99205661700006],[20.124883468000064,46.994592831000034],[20.120764085000076,46.99655256500006],[20.116172730000073,46.999004091000074],[20.109987163000028,47.00127804700003],[20.09468681000004,47.00740764100004],[20.106408673000033,47.02316043600007],[20.108033352000064,47.025545374000046],[20.112707614000044,47.03339159300003],[20.108436900000072,47.039376590000074],[20.104738545000032,47.040954846000034],[20.100743023000064,47.04211783000005],[20.098530907000054,47.042605586000036],[20.09667108600007,47.04301566300006],[20.09191042200007,47.043779388000075],[20.088686250000023,47.052380834000076],[20.081822228000078,47.07069267000003],[20.079644169000062,47.07635035900006],[20.075796980000064,47.08009914500008],[20.070385061000025,47.086678008000035],[20.056026950000046,47.10413208500006],[20.057424612000034,47.11058684100004],[20.04724098400004,47.12519550700006],[20.055317432000038,47.141674830000056],[20.055926750000026,47.14552635900003],[20.059479942000053,47.14717737500007],[20.063568186000055,47.14907700600003],[20.07102233200004,47.15620136000007],[20.084974381000052,47.16542495900006],[20.098118216000046,47.18129201000005],[20.08496420700004,47.20797399600008],[20.084172959000057,47.20833271200007],[20.080164086000025,47.21015015300003],[20.079795794000063,47.21636775400003],[20.079556767000042,47.220403083000065],[20.065764724000076,47.22470849900003],[20.06335954800005,47.22622373200005],[20.058878941000046,47.22904646300003],[20.054411947000062,47.23130348800004],[20.050550774000044,47.23491486800003],[20.044666869000025,47.238228615000025],[20.033753599000022,47.24279061300007],[20.019986983000024,47.24585046900006],[20.007967998000026,47.24852188500006],[20.003599394000048,47.24995596200006],[19.997483248000037,47.251619849000065],[19.991547900000057,47.25244092500003],[19.98826957400007,47.253060961000074],[19.989909736000072,47.25641187800005],[19.990567999000064,47.258453512000074],[19.993284454000047,47.26312053300006],[20.000568790000045,47.27760062800007],[20.003437575000078,47.28337861500006],[20.00782496200003,47.28855914900004],[20.01318914600006,47.294893063000075],[20.016570357000035,47.299512840000034],[20.017585719000067,47.303893447000064],[20.008153097000047,47.31336706600007],[19.991286958000046,47.33030651000007],[19.990783991000058,47.33897721400007],[19.990374331000055,47.34603939400006],[19.969523690000074,47.36351879000006],[19.940770308000026,47.376898621000066],[19.93786506400005,47.37769137300006],[19.932237371000042,47.37919939500006],[19.930636665000065,47.38006685200003],[19.928664875000038,47.38076452700005],[19.92604880700003,47.38107565400003],[19.886565725000025,47.39928458500003],[19.852999175000036,47.41476491100008],[19.85108282300007,47.41596737400005],[19.837949541000057,47.42541207700003],[19.83510622800003,47.42630208800006],[19.82461248900006,47.42882539200008],[19.826560306000033,47.43236315300004],[19.823911774000067,47.43632701400003],[19.819146115000024,47.44439300400006],[19.81763131300005,47.44648716200004],[19.816744990000075,47.44749880900008],[19.814185175000034,47.450420577000045],[19.80955736100003,47.45465189400005],[19.807543423000027,47.455860752000035],[19.807084133000046,47.45613643900003],[19.805174597000075,47.45791911800006],[19.805099357000074,47.45798935900007],[19.80376934800006,47.45969262400007],[19.798126172000025,47.46279307300006],[19.789646676000075,47.46701698000004],[19.777956777000043,47.472063614000035],[19.773799990000043,47.47415900300007],[19.766718871000023,47.47772851500008],[19.758761289000063,47.481125947000066],[19.75689488100005,47.48241262700003],[19.75343775600004,47.484230532000026],[19.75001459200007,47.487056159000076],[19.746964011000046,47.48893161400008],[19.753883054000028,47.49427302600003],[19.763779852000027,47.501913227000045],[19.76992064700005,47.51460450600007],[19.770874424000056,47.51657569300005],[19.772424697000076,47.51777898800003],[19.789935352000043,47.53137045500006],[19.77725606200005,47.53883249900008],[19.771337414000072,47.53416677900003],[19.767493947000048,47.53113694100006],[19.758433852000053,47.53467838200004],[19.75750258100004,47.535042400000066],[19.75607634200003,47.53477185300005],[19.745682232000036,47.532800165000026],[19.741033795000078,47.53536826200008],[19.736468510000066,47.53789042100004],[19.725566641000057,47.53150941300004],[19.718201187000034,47.52719831600007],[19.710691051000026,47.518977696000036],[19.70270860900007,47.517234846000065],[19.69819616600006,47.52087965000004],[19.697505955000054,47.52197692500005],[19.69722725200006,47.52241999800003],[19.69328766700005,47.52475488600004],[19.69127392400003,47.52688496300004],[19.684638860000064,47.531948439000075],[19.682328949000066,47.533488125000076],[19.67807072100004,47.53538653600003],[19.676405088000024,47.53616644900006],[19.671454636000078,47.53978161600003],[19.667873401000065,47.54099076800003],[19.66056134400003,47.54345957900006],[19.657630268000048,47.545086310000045],[19.652673185000026,47.547837464000054],[19.654631989000052,47.55102035400006],[19.657612563000043,47.55870339900008],[19.652240627000026,47.56266528100008],[19.666329380000036,47.58854951300003],[19.681960163000042,47.59108320300004],[19.689976943000033,47.58768590900007],[19.69746655800003,47.58451201400004],[19.70375238400004,47.58477238900008],[19.703478693000022,47.59339992000008],[19.703458374000036,47.59404042400007],[19.703065706000075,47.60641848300003],[19.725569488000076,47.61336086600005],[19.74003850400004,47.619362668000065],[19.757881775000044,47.62118759700007],[19.765227543000037,47.617437996000035],[19.76767979400006,47.61617886700003],[19.769949750000023,47.61633205100003],[19.772423977000074,47.61628592800008],[19.78332176400005,47.611386492000065],[19.785523297000054,47.61008815900004],[19.788977111000065,47.60831221700005],[19.796592391000047,47.60439646000003],[19.809925449000048,47.59827002800006],[19.819757972000048,47.59532043400003],[19.836218647000067,47.60651241100004],[19.838384742000073,47.61008891900008],[19.844479491000072,47.62015215500003],[19.85385271800004,47.62557884700004],[19.863629977000073,47.628739858000074],[19.869815838000022,47.63073976100003],[19.870944515000076,47.63890490500006],[19.87181428100007,47.645197014000075],[19.874662896000075,47.665804637000065],[19.87579562600007,47.667556654000066],[19.884686662000036,47.66549283900008],[19.889930539000034,47.661462646000075],[19.89690954400004,47.65943213500003],[19.91209077900004,47.65501522000005],[19.927931458000046,47.65996839500008],[19.94388663600006,47.66495737200006],[19.953119668000056,47.666260915000066],[19.960404057000062,47.66728934300005],[19.961740791000068,47.66841464400005],[19.970927751000033,47.67614849100005],[19.97566869600007,47.67396216700007],[19.981588696000074,47.67337304900008],[19.984585739000067,47.67307480300008],[19.99401911900003,47.672136057000046],[20.003822644000024,47.65839936700007],[20.004620270000032,47.65160499400008],[20.006111198000042,47.63890490500006],[20.007069745000024,47.63073976100003],[20.011775397000065,47.62430024900004],[20.016815035000036,47.61740368800008],[20.01688100900003,47.61206460200003],[20.013268677000042,47.60594905900007],[20.005856146000042,47.59339992000008],[20.02088569600005,47.57997494700004],[20.04525016200006,47.57075868900006],[20.112150738000025,47.553348913000036],[20.114413202000037,47.55619407700004],[20.11928823900007,47.560139839000044],[20.13195804000003,47.56515157600006],[20.13433737300005,47.565506097000025],[20.130057669000053,47.56817907900006],[20.125595670000052,47.56999199200004],[20.12276933800007,47.57166264700004],[20.12030539500006,47.57228129300006],[20.118421211000054,47.572754374000056],[20.115912023000078,47.57322947000006],[20.109942213000068,47.57979344100005],[20.108022864000077,47.58344804600006],[20.107261218000076,47.58601299000003],[20.102322253000068,47.589856128000065],[20.10769922700007,47.59071438700005],[20.114570275000062,47.59339992000008],[20.13785543000006,47.59953598700008],[20.172917967000046,47.60640699800007],[20.208602143000064,47.60722841300003],[20.210549681000032,47.59905421500008],[20.211896842000044,47.59339992000008],[20.214184792000026,47.583796946000064],[20.22234657100006,47.57993824300007],[20.224273922000066,47.57902703500008],[20.23025993500005,47.57075145500005],[20.230138201000045,47.56731249400008],[20.230016903000035,47.563885877000075],[20.235203330000047,47.56231060600004],[20.238240476000044,47.56140000200003],[20.258518825000067,47.55532010500008],[20.257748348000064,47.550693541000044],[20.257179308000048,47.547276562000036],[20.267103276000057,47.54555929700007],[20.269836638000072,47.545086310000045],[20.285709475000033,47.54233964000008],[20.29700706500006,47.52821908400006],[20.301393989000076,47.52064574700006],[20.30133808000005,47.508237045000044],[20.29469096300005,47.49795141100003],[20.287640063000026,47.487040971000056],[20.29118109500007,47.48258645400006],[20.29726002700005,47.478059220000034],[20.29835405600005,47.47724445100005],[20.299330712000028,47.47534059900005],[20.299707039000054,47.47460700400006],[20.300230689000045,47.47415901200003],[20.31336023800003,47.46292644700003],[20.31629594800006,47.46032711300006],[20.31998181700004,47.45666797400003],[20.324367902000063,47.453293614000074],[20.33013543800007,47.44831239000007],[20.33265761100006,47.446679010000025],[20.33509587800006,47.44479259000008],[20.33688287600006,47.44250684000008],[20.361274652000077,47.44074246500003],[20.370223103000058,47.44297775900003],[20.379772856000045,47.445363256000064],[20.379268226000022,47.435063236000076],[20.378777424000077,47.425045459000046],[20.393039316000056,47.42098305400003],[20.417401271000074,47.42291903800003],[20.43249764500007,47.42842716700005],[20.44608549000003,47.43756513200003],[20.44785064900003,47.44529767700004],[20.449179522000065,47.45111900900008],[20.469519898000044,47.464419812000074],[20.476199631000043,47.46399558200005],[20.487015469000028,47.46330866900007],[20.50326365600006,47.46875350700003],[20.51302768000005,47.47823135600004],[20.517652828000053,47.48813681900003],[20.518829964000076,47.49065783700007],[20.522534218000033,47.500708419000034],[20.539388528000075,47.50454556700004],[20.54101410100003,47.50491565400006],[20.57727390200006,47.514664796000034],[20.580843094000045,47.516984199000035],[20.601143213000057,47.53017602500006],[20.61242457000003,47.53443194400006],[20.642618070000026,47.54399243100005],[20.646072711000045,47.545086310000045],[20.649867107000034,47.54714166600007],[20.650319039000067,47.547359320000055],[20.651746718000027,47.548046904000046],[20.65525257200005,47.54973535600004],[20.657443295000064,47.550474070000064],[20.659633162000034,47.55121249500007],[20.662197289000062,47.551739360000056],[20.664249489000042,47.55234644600006],[20.666465006000067,47.55351643900008],[20.667697624000027,47.55491965400006],[20.66693739400006,47.563148596000076],[20.666354139000077,47.569461913000055],[20.67559041900006,47.56988662800006],[20.69034221100003,47.57056496400003],[20.705733191000036,47.579076232000034],[20.70709260500007,47.587238365000076],[20.704111587000057,47.58925917200003],[20.698003313000072,47.59339992000008],[20.697828595000033,47.59982661000004],[20.707799094000052,47.60448252800006],[20.70955821000007,47.60530398100008],[20.716731382000035,47.608609854000065],[20.719598371000075,47.620908187000055],[20.71842975900006,47.623530878000054],[20.715223155000047,47.630727387000036],[20.717321394000066,47.63562842500005],[20.724877698000057,47.63890490500006],[20.733626849000075,47.64269861500003],[20.750824696000052,47.64183431300006],[20.757187823000038,47.64151452500005],[20.771698568000033,47.65447615000005],[20.76517906400005,47.66375593600003],[20.765524609000067,47.667154219000054],[20.77463904900003,47.67464391800007],[20.79245703500004,47.681555468000056],[20.801227123000047,47.68171856200007],[20.813838863000058,47.673626926000054],[20.817192789000046,47.67147506200007],[20.82110267400003,47.67074746800006],[20.830566094000062,47.66898641000006],[20.827972001000035,47.65901766200005]]]]}},{"type":"Feature","properties":{"NUTS_ID":"HU323","LEVL_CODE":3,"CNTR_CODE":"HU","NAME_LATN":"Szabolcs-Szatmár-Bereg","NUTS_NAME":"Szabolcs-Szatmár-Bereg","MOUNT_TYPE":null,"URBN_TYPE":3,"COAST_TYPE":null,"NAME_ENGL":"Hungary","NAME_FREN":"Hongrie","ISO3_CODE":"HUN","SVRG_UN":"UN Member State","CAPT":"Budapest","EU_STAT":"T","EFTA_STAT":"F","CC_STAT":"F","NAME_GERM":"Ungarn","region_id":"hungary_szabolcs_szatmar_bereg","region_id_match_status":"sandbox_pre_matched_pending_verification"},"geometry":{"type":"MultiPolygon","coordinates":[[[[22.31386040700005,48.32577473300006],[22.321115261000045,48.315207859000054],[22.32931611500004,48.31091637800006],[22.33646342000003,48.30717621500003],[22.339560869000024,48.29617715100005],[22.338191726000048,48.29273443100004],[22.337200076000045,48.290240922000066],[22.339982027000076,48.28375869600006],[22.338528487000076,48.279050211000026],[22.344554293000044,48.27520118500007],[22.35843028000005,48.26633780100008],[22.365406764000056,48.25647275700004],[22.369313392000038,48.24753549600007],[22.370702098000038,48.244358530000056],[22.383783401000073,48.23515632200008],[22.391862872000047,48.24106398500004],[22.40298222000007,48.249194388000035],[22.417719359000046,48.25038521700003],[22.43067493700005,48.24728715900005],[22.433224738000035,48.25159194200006],[22.452542936000043,48.24425216100008],[22.458537087000025,48.24197473500004],[22.466485765000073,48.24503148800005],[22.477007685000046,48.24907780900003],[22.487065950000044,48.25318213500003],[22.498866772000042,48.24961110000004],[22.502497619000053,48.24501456300004],[22.50134975800006,48.24272717800005],[22.500452792000033,48.24093976000006],[22.503219514000023,48.23923103700008],[22.50472596800006,48.23901049400007],[22.514319793000027,48.23760597100005],[22.513701921000063,48.22912936300003],[22.51351717600005,48.226594833000036],[22.531205138000075,48.21046966800003],[22.53763826200003,48.20924637100006],[22.543277533000037,48.208174030000066],[22.553175036000027,48.20133845600003],[22.55711153900006,48.19861976400006],[22.559743801000025,48.19799508300008],[22.569867541000065,48.19559254300003],[22.56948452300003,48.18679173000004],[22.568500534000066,48.186510343000066],[22.562129992000052,48.18468858600005],[22.575233957000023,48.16007402100007],[22.58173897200004,48.15878861400006],[22.583303944000022,48.158479372000045],[22.596866501000022,48.14673219700006],[22.59363954400004,48.14426948800008],[22.588489450000054,48.14033910400008],[22.594250757000054,48.13541888100008],[22.592825997000034,48.12467112600007],[22.59540858400004,48.120950984000046],[22.598154691000047,48.11699529500004],[22.59592011700005,48.11420823100008],[22.59119622000003,48.108316366000054],[22.60499997900007,48.10415091500005],[22.61728689100005,48.103758483000036],[22.619760404000033,48.10367948100003],[22.621411280000075,48.10290546300007],[22.635932601000036,48.096097093000026],[22.674209382000072,48.091949628000066],[22.69122487900006,48.101445124000065],[22.70569923000005,48.109522533000074],[22.718277129000057,48.11257559100005],[22.729696871000044,48.11534752700004],[22.730435508000028,48.11596459200007],[22.734689600000024,48.11951850600008],[22.754232958000046,48.11970837800004],[22.75966061500003,48.11558905100003],[22.761476127000037,48.113737678000064],[22.764517888000057,48.11063583300006],[22.771989956000027,48.10947883100005],[22.77631242700005,48.11244834400003],[22.772755388000064,48.116194449000034],[22.77090663000007,48.118141474000026],[22.772492257000067,48.12116041000007],[22.780360604000066,48.119487364000065],[22.790591732000053,48.11731192000008],[22.796131440000067,48.119221878000076],[22.802652531000035,48.12147019400004],[22.80614354000005,48.11812781800006],[22.804080965000026,48.113626640000064],[22.802075606000074,48.109250323000026],[22.805799406000062,48.10620915700008],[22.809583502000066,48.11035735200005],[22.816146549000052,48.11755188300003],[22.82618171000007,48.116174253000054],[22.830876015000058,48.108375625000065],[22.829625020000037,48.10285992800004],[22.828171394000037,48.096450822000065],[22.83252202400007,48.09336368000004],[22.833696204000034,48.092530500000066],[22.836205465000035,48.08517050200004],[22.83661297200007,48.08397522900003],[22.83787390300006,48.079937114000074],[22.844378077000044,48.08179790300005],[22.84725713000006,48.082621576000065],[22.858128598000064,48.07640373800007],[22.862774630000047,48.062154666000026],[22.861994121000066,48.06030437800007],[22.860929620000036,48.05778085500003],[22.869665785000052,48.052041925000026],[22.87108647900004,48.052947291000066],[22.874499271000047,48.05512216100004],[22.88076354800006,48.05397427300005],[22.880277936000027,48.03628277100006],[22.872960056000068,48.02540550700007],[22.86532961200004,48.021235499000056],[22.864495416000068,48.01193187700005],[22.851163203000056,48.00197921900008],[22.83786996400005,47.99205565500006],[22.841919635000068,47.98758160500006],[22.843108975000064,47.986267629000054],[22.842464517000053,47.98470224700003],[22.840919546000066,47.98094953000003],[22.848881302000052,47.98192966600004],[22.850251057000037,47.98209829000007],[22.864516196000068,47.975271398000075],[22.869509582000035,47.976250933000074],[22.87241223700005,47.973781331000055],[22.87201383300004,47.97193450100008],[22.871389398000076,47.969039886000076],[22.88100169300003,47.964579910000054],[22.886916574000054,47.96549528600008],[22.891971995000063,47.96627765300008],[22.891951504000076,47.961759019000056],[22.891935886000056,47.95831482500006],[22.896270513000047,47.95412053700005],[22.88776278100005,47.95128534100007],[22.871875789000057,47.93220095200007],[22.86587308000003,47.92499014400005],[22.847041947000037,47.90862105600007],[22.842216877000055,47.90885204500006],[22.832451037000055,47.909319561000075],[22.803342412000063,47.89630948300004],[22.79475977800007,47.89247348100008],[22.782561005000048,47.89321352500008],[22.76760071600006,47.89412109800003],[22.760387800000046,47.89482600700006],[22.757847584000046,47.89050226200004],[22.75931533100004,47.88586773800006],[22.764675811000075,47.88087436100005],[22.76758491800007,47.87816447900008],[22.765886892000026,47.87406485900004],[22.76293419500007,47.86693603100008],[22.76754783000007,47.86472596200008],[22.772312124000052,47.86244372200008],[22.77709530800007,47.85177151000005],[22.776441385000055,47.844456527000034],[22.754717824000068,47.83485250000007],[22.729537624000045,47.837708795000026],[22.72724844000004,47.83796846700005],[22.718277129000057,47.836327691000065],[22.713447046000056,47.83544430900008],[22.71005221200005,47.82931455500005],[22.70985593200004,47.82848100500007],[22.70973237000004,47.82795464800006],[22.70143736700004,47.820012974000065],[22.700312472000064,47.81416661500003],[22.69730750900004,47.80980873500005],[22.686613692000037,47.794300270000065],[22.68018399500005,47.78834742400005],[22.67384379200007,47.78802433800007],[22.651493240000036,47.78020811700003],[22.616831519000073,47.77695633900004],[22.609158785000034,47.77208159200006],[22.563079428000037,47.77261239200004],[22.558171928000036,47.772701006000034],[22.549541600000055,47.772659049000026],[22.54404102600006,47.778012284000056],[22.539937363000035,47.78200602700008],[22.488504505000037,47.80589461900007],[22.48147098800007,47.81092177600004],[22.477007685000046,47.80932484700003],[22.474614073000055,47.808468435000066],[22.46717391100003,47.80527437600006],[22.44796294100007,47.803114366000045],[22.44562955600003,47.79934294100008],[22.440996748000032,47.791853626000034],[22.433059686000036,47.76379983000004],[22.42647773300007,47.752005979000046],[22.427901852000048,47.74770229400008],[22.43013092600006,47.74096603500004],[22.41332451100004,47.74240534300003],[22.411288341000045,47.74394157100005],[22.407511229000022,47.746791286000075],[22.392232078000063,47.74604865500004],[22.387083097000072,47.74579839300003],[22.354523878000066,47.750086631000045],[22.346974558000056,47.75460265500004],[22.33970127300006,47.75895355400007],[22.328417977000072,47.76560553000007],[22.31725992300005,47.765921899000034],[22.319071319000045,47.757977382000036],[22.320224499000062,47.75291970500007],[22.317249383000046,47.74411298500007],[22.312051260000032,47.742262124000035],[22.28547301100008,47.72981600400004],[22.271677975000046,47.73066950300006],[22.267086154000026,47.73095359900003],[22.264552993000052,47.73115213300008],[22.26018325000007,47.71933181000003],[22.261907850000057,47.71442768900005],[22.262083352000047,47.71392862700003],[22.258788953000078,47.698166936000064],[22.24472966600007,47.69469292300005],[22.228518577000045,47.690687205000074],[22.223691892000033,47.68353759200005],[22.223186285000054,47.679572062000034],[22.222787762000053,47.67644640200007],[22.220916702000068,47.661771472000055],[22.212028082000074,47.65472842400004],[22.20982341900003,47.65449353300005],[22.203586100000052,47.65382899200006],[22.19977496100006,47.63890490500006],[22.199095852000028,47.63624557400004],[22.195796340000072,47.62816845400005],[22.188773554000022,47.61097685200008],[22.180837315000076,47.60009436000007],[22.173111223000035,47.59339992000008],[22.171307495000065,47.591837041000076],[22.16053955700005,47.59339992000008],[22.128230235000046,47.59808935700005],[22.119320049000066,47.60482207700005],[22.106717424000067,47.62918780800004],[22.103991937000046,47.645529561000046],[22.10391677800004,47.64676053900007],[22.103204005000066,47.65843459400003],[22.088963179000075,47.66328993600007],[22.083214921000035,47.66524977700004],[22.081028341000035,47.66724124700005],[22.075916902000074,47.67189658800004],[22.065870078000046,47.669611244000066],[22.055036691000055,47.65264047000005],[22.046268517000044,47.63890490500006],[22.04476582600006,47.63655090200007],[22.027762995000046,47.62716051400008],[22.02619443900005,47.62133343700003],[22.021893447000025,47.62014266500006],[22.019703440000058,47.62609013400004],[22.018603162000034,47.629078191000076],[22.01615150400005,47.63025133300005],[22.009684599000025,47.63334581000004],[22.00561101200003,47.63890490500006],[22.003884953000068,47.641260404000036],[22.003656357000068,47.64882090300006],[22.007353598000066,47.65691433300003],[22.010528882000074,47.66386517400008],[22.00272103800006,47.66642314400008],[21.99923906500004,47.66756389200003],[21.995247320000033,47.67212984300005],[21.992565592000062,47.67519733300003],[21.99108334700003,47.67530932300008],[21.98190732300003,47.67600261300004],[21.98027508900003,47.68148896900004],[21.983751678000033,47.69229767100006],[21.987493,47.70392942600006],[21.97879503400003,47.70535978600003],[21.962992963000033,47.70795839900006],[21.949781225000038,47.71638225500004],[21.946897388000025,47.721157635000054],[21.946625849000043,47.72160728000006],[21.94294823900003,47.72311351800005],[21.927143612000066,47.72958661600006],[21.925994537000065,47.73124909900008],[21.92472534500007,47.73308536600007],[21.88773330300006,47.72610254400007],[21.885734978000073,47.71135398400003],[21.884006714000066,47.698598599000036],[21.870510129000024,47.68870566500004],[21.85907507400003,47.68431271500003],[21.854816326000048,47.67572315000007],[21.83582898000003,47.668998901000066],[21.802304046000074,47.674600456000064],[21.799087203000056,47.680106763000026],[21.796924958000034,47.68380790200007],[21.791147549000073,47.68535434300003],[21.785001437000062,47.68627357100007],[21.776352630000076,47.68746511400008],[21.774653501000046,47.68717431400006],[21.773847937000028,47.68703644400006],[21.767804710000064,47.686580537000054],[21.76408837500003,47.68693188200007],[21.76528703100007,47.68867142300007],[21.768309144000057,47.69131760600004],[21.770265951000056,47.694750620000036],[21.770374428000025,47.695149884000045],[21.770923714000048,47.697171612000034],[21.77120639700007,47.70328813500004],[21.77167786900003,47.70530609000008],[21.73039731600005,47.70863282400006],[21.728331771000057,47.70830635400006],[21.719475373000023,47.70690655200008],[21.712360972000056,47.71851188800008],[21.70433783800007,47.73159958800005],[21.683902776000025,47.73057533300005],[21.682240824000075,47.73049203200003],[21.67850183400003,47.72651234800003],[21.671634208000057,47.725909614000045],[21.636511341000073,47.729629515000056],[21.62784054100007,47.736332590000075],[21.62729567200006,47.73897978100007],[21.625686381000037,47.74679835500007],[21.590328611000075,47.77372341800003],[21.587640124000075,47.774550127000055],[21.580018666000058,47.777405412000064],[21.578013413000065,47.77835053800004],[21.574418941000033,47.779150995000066],[21.57120610800007,47.78028452800004],[21.563302899000064,47.78307289000003],[21.56017890100003,47.78381354000004],[21.558365433000063,47.784731031000035],[21.551276877000078,47.78710891700007],[21.54641033100006,47.78911892800005],[21.541590733000078,47.79025644600006],[21.54457388900005,47.79792447600005],[21.544576886000073,47.80539614400004],[21.54512876800004,47.81213086100007],[21.54490252100004,47.815613936000034],[21.544372615000043,47.81792534700003],[21.544494978000046,47.82000660300008],[21.545034873000077,47.82311290400003],[21.54485807100008,47.82577506000007],[21.54702714000007,47.832083011000066],[21.547596003000024,47.835820881000075],[21.548655315000076,47.84033989400007],[21.549619734000032,47.842567408000036],[21.551806284000065,47.84993914300003],[21.556454876000032,47.874653531000035],[21.56028776000005,47.88083463100003],[21.56366894200005,47.88628729200008],[21.558646576000058,47.88886108200006],[21.555185872000038,47.890634574000046],[21.554026027000077,47.905947956000034],[21.556681007000066,47.91325911200005],[21.55766671600003,47.91597351100006],[21.56587751400008,47.92967908300005],[21.519498620000036,47.940920094000035],[21.51164028900007,47.935082185000056],[21.510776578000048,47.934440539000036],[21.510111334000044,47.93441002700007],[21.499753121000026,47.93393493600007],[21.49822666400007,47.92918529800005],[21.497058141000025,47.92554938500007],[21.485852630000068,47.92599776700007],[21.433178203000068,47.928105505000076],[21.429665030000024,47.92391359100003],[21.42883235000005,47.92292003800003],[21.412721936000025,47.920838917000026],[21.369589270000063,47.918359535000036],[21.354860530000053,47.92113885400005],[21.352731444000028,47.92154061300005],[21.322846405000064,47.92007588800004],[21.30656209600005,47.916549058000044],[21.303073185000073,47.91415589500008],[21.297487818000036,47.91032470000005],[21.274626531000024,47.90561752000008],[21.264883844000053,47.909415642000056],[21.262514458000055,47.91937600800003],[21.26154590400006,47.92344759100007],[21.253277352000055,47.92751253900008],[21.24734864100003,47.92973784900005],[21.234132308000028,47.93469853000005],[21.232596942000043,47.937435650000054],[21.23072660200006,47.94076993300007],[21.19624377100007,47.95696895700007],[21.184142571000052,47.95787731100006],[21.174255277000043,47.96291313100005],[21.15407904500006,47.964586170000075],[21.150204574000043,47.95994759600006],[21.145480389000056,47.95429173200006],[21.135642981000046,47.96026873100004],[21.12790220900007,47.95827723100007],[21.12218077500006,47.96182689700004],[21.11038033600005,47.97061957000005],[21.108123342000056,47.97072869900006],[21.102054830000043,47.971022119000054],[21.10398830400004,47.97369415600008],[21.10562925100004,47.97596192300006],[21.10381932300004,47.981761832000075],[21.091490646000068,47.99342649500005],[21.08331851500003,48.00115848000007],[21.079003664000027,48.00216743000004],[21.082378189000053,48.008554307000054],[21.091104350000023,48.01101121100004],[21.094711052000036,48.02104293900004],[21.106484889000058,48.023331160000055],[21.109783588000028,48.02397225500005],[21.112992598000062,48.02868425200006],[21.11545077100004,48.03229374800003],[21.12261376600003,48.03659840600005],[21.12926671400004,48.040596547000064],[21.128930807000074,48.04179465900006],[21.127827946000025,48.045728342000075],[21.14177655800006,48.044965183000045],[21.144294692000074,48.043644818000075],[21.150892931000044,48.040185079000025],[21.158240171000045,48.04229064900005],[21.163785647000054,48.04387986900008],[21.17091487700003,48.03958763600008],[21.169419256000026,48.03588628600005],[21.16822941600003,48.03294168100007],[21.170369881000056,48.02755601400003],[21.179339537000033,48.02832450300008],[21.192365683000048,48.02944053700003],[21.201666267000064,48.02616356900006],[21.205222708000065,48.02491049300005],[21.217801586000064,48.02338296900007],[21.227750108000066,48.02696991400006],[21.229035146000058,48.02965549500004],[21.224632804000066,48.035297901000035],[21.222945709000044,48.03746022200005],[21.23826867300005,48.050023381000074],[21.260296486000072,48.05833465300003],[21.259808659000043,48.05148647100003],[21.259475611000028,48.04681110700005],[21.266565460000038,48.03848098700007],[21.284866856000065,48.034074160000046],[21.286207885000067,48.034562537000056],[21.29406490300005,48.037423912000065],[21.29388244200004,48.03282180000008],[21.29376256300003,48.029798173000074],[21.30013533700003,48.02868789300004],[21.307011970000076,48.02984377100006],[21.316712771000027,48.031474358000025],[21.323693536000064,48.026060072000064],[21.327917683000067,48.022783821000075],[21.334133181000027,48.021867720000046],[21.345369683000058,48.02542800800006],[21.34870734200007,48.029478469000026],[21.35163053200006,48.033025946000066],[21.362916477000056,48.03242994800007],[21.36339694000003,48.03221838300004],[21.37857881700006,48.025533264000046],[21.377829810000037,48.03226635000004],[21.377603589000046,48.03429992400004],[21.390715224000076,48.032309173000044],[21.400816570000075,48.03077547700008],[21.41297537500003,48.03392615900003],[21.414528894000057,48.03726372300008],[21.409467840000048,48.04217620800006],[21.40920909600004,48.042427356000076],[21.408004770000048,48.04885193400003],[21.41158850200003,48.05220374400005],[21.415899125000067,48.05138346700005],[21.418390164000073,48.04828909100007],[21.421632173000035,48.04426185700004],[21.423332268000024,48.04301437700008],[21.430869183000027,48.04306870800008],[21.436023680000062,48.048479642000075],[21.43697339600004,48.06076950900007],[21.43754833500003,48.06820955500007],[21.44475473700004,48.06913354900007],[21.462111807000042,48.071359045000065],[21.450886514000047,48.079130260000056],[21.441377327000055,48.07988172000006],[21.435394692000045,48.08035449500005],[21.433510640000065,48.087529138000036],[21.440862121000066,48.08661306800008],[21.445300410000073,48.086060012000075],[21.449825459000067,48.088088655000035],[21.442659108000043,48.09649365400003],[21.439189378000037,48.09845192100005],[21.422970401000043,48.10760568400008],[21.41475734100004,48.11969553400007],[21.421666310000035,48.12604151900007],[21.428846833000023,48.132636931000036],[21.427308977000052,48.13523603300007],[21.42541538100005,48.13843636400003],[21.427374160000056,48.140712886000074],[21.428999916000066,48.14260236300004],[21.42745870500005,48.147816456000044],[21.42542092700006,48.154710487000045],[21.424991035000062,48.15787792800006],[21.43276538400005,48.16268104000005],[21.43717810800007,48.16540728800004],[21.438054408000028,48.16776844800006],[21.43958605200004,48.17189541100004],[21.445058386000028,48.177826104000076],[21.454289806000077,48.179256026000076],[21.461054707000073,48.17620586000004],[21.462576108000064,48.17133441800007],[21.463139268000077,48.16953121000006],[21.47380819800003,48.16762853300003],[21.47472484900004,48.17326826900006],[21.47546155300006,48.177800872000034],[21.48596107800006,48.18105184500007],[21.492987370000037,48.17957775900004],[21.49985571900004,48.17813680900008],[21.50394755900004,48.173163156000044],[21.50720217500003,48.17752112200003],[21.517609609000033,48.178418617000034],[21.523119568000027,48.179722120000065],[21.52049923000004,48.18211986100005],[21.517627635000053,48.18474751300005],[21.528644117000056,48.18856613400004],[21.531661564000046,48.18961206600005],[21.53294855200005,48.19197288100003],[21.53556748500006,48.19677697800006],[21.544214588000045,48.197604083000044],[21.57003185800005,48.20007353300008],[21.57334819700003,48.20575132300007],[21.574907334000045,48.20842066800003],[21.584315350000054,48.208647133000056],[21.59113111100004,48.20462668000005],[21.603539777000037,48.197307108000075],[21.627163379000024,48.19347573700003],[21.632620951000035,48.19374694100003],[21.644484418000047,48.19433647300008],[21.670072169000036,48.192247776000045],[21.67011069800003,48.19224463100005],[21.67013686400003,48.19224518600004],[21.71121213400005,48.19311693600008],[21.715314695000075,48.196417395000026],[21.720038299000066,48.19272740000008],[21.72006440800004,48.190246597000055],[21.720090248000076,48.18779137000007],[21.723406581000063,48.18703525900003],[21.72865732100007,48.19117421200008],[21.725230323000062,48.19416732700006],[21.723746798000036,48.19546302700007],[21.723852522000072,48.20268298800005],[21.729097799000044,48.20030418600004],[21.733603152000057,48.198260950000076],[21.74459976600008,48.20140266100003],[21.752505816000053,48.20366140400006],[21.753227261000063,48.19937488800008],[21.754580530000055,48.19133435500004],[21.77103618900003,48.19473591800005],[21.76950500600003,48.19723921100007],[21.768257191000032,48.19927923400007],[21.772745686000064,48.205912528000056],[21.77914891200004,48.20431502100007],[21.78293521100005,48.20337039800006],[21.78734423900005,48.20926326000006],[21.792927055000064,48.210368869000035],[21.797746262000032,48.21344181200004],[21.799689581000052,48.21938587300008],[21.80033879900003,48.22137164600008],[21.805511591000027,48.22365752800005],[21.812849740000047,48.22690029100005],[21.81299611700007,48.22914898400006],[21.81351984400004,48.237194645000045],[21.82126300500005,48.23521446400008],[21.822491550000052,48.23490028500004],[21.823073589000046,48.23654290500008],[21.82468993200007,48.24110451800004],[21.83014834000005,48.24416615100006],[21.838367540000036,48.23486769900006],[21.836413186000073,48.232640393000054],[21.834246076000056,48.230170616000066],[21.83831718500005,48.226108443000044],[21.841786032000073,48.22433932600006],[21.84195356400005,48.226986037000074],[21.842099793000045,48.22929621000003],[21.84551513400004,48.22977548700004],[21.849906598000075,48.23039174500008],[21.85064360900003,48.233792150000056],[21.851850374000037,48.239359894000074],[21.86177000200007,48.23867837300003],[21.873408048000044,48.237878789000035],[21.87907158300004,48.23973941600008],[21.897518603000037,48.24579976900003],[21.911236289000044,48.24171196000003],[21.91860185400003,48.23951705500008],[21.923723535000022,48.24536799200007],[21.928950215000043,48.25133887800007],[21.934859764000066,48.253175541000076],[21.943097755000053,48.25573587500003],[21.94243801300007,48.258488611000075],[21.941945022000027,48.260545586000035],[21.950729442000068,48.26430168600007],[21.96242759200004,48.26930365900006],[21.967647242000055,48.27512705600003],[21.975080947000038,48.27937718100003],[21.978488493000043,48.28376340600005],[21.98516812400004,48.292361492000055],[21.99588542400005,48.29596030100004],[22.000903970000024,48.297645500000044],[22.009941660000038,48.30408847800004],[22.011046935000024,48.30658995300007],[22.012447337000026,48.30975936700003],[22.020259874000033,48.311934336000036],[22.025716664000072,48.311271488000045],[22.02533077100003,48.30714690000008],[22.024886826000056,48.30240183600006],[22.035375225000053,48.305295037000064],[22.04359879900005,48.30756349200004],[22.050208203000068,48.30256033100005],[22.05211208000003,48.30111914100007],[22.062370084000065,48.297031151000056],[22.065756788000044,48.298122953000075],[22.06734950300006,48.29949315400006],[22.066988629000036,48.302657174000046],[22.06592352800004,48.311995610000054],[22.07479339300005,48.30998044100005],[22.080776455000034,48.30862113200004],[22.085700061000068,48.31177393100006],[22.085287143000073,48.31982680100003],[22.08499183300006,48.32558603000007],[22.087755111000035,48.32965879100004],[22.096969048000062,48.33089488400003],[22.09698691500006,48.33080478200003],[22.09838198500006,48.32376950200006],[22.10424465400007,48.32785609900003],[22.099891917000036,48.333530566000036],[22.098968786000057,48.334734009000044],[22.10631607700003,48.33955840100003],[22.10715153900003,48.340106984000045],[22.107100310000078,48.34029425300008],[22.105632713000034,48.34565905900007],[22.11706233800004,48.34964169600005],[22.123112607000053,48.35174990300004],[22.119731649000073,48.35654105900005],[22.117361154000037,48.35990028800006],[22.119952884000043,48.36012029500006],[22.127900143000033,48.360794921000036],[22.127858838000066,48.36414574200006],[22.120415775000026,48.36760916500003],[22.118696474000046,48.36840919400004],[22.121077289000027,48.378311437000036],[22.134594828000047,48.380962209000074],[22.135342302000026,48.38496755300008],[22.133461194000063,48.38738721200008],[22.130787906000023,48.39082584700003],[22.14293500800005,48.39433027300004],[22.15421814800004,48.39758544600005],[22.155305928000075,48.403396531000055],[22.15998115600007,48.41100555700007],[22.189440173000037,48.41712960500007],[22.201914789000057,48.42409707200005],[22.213038425000036,48.42492208200008],[22.219580162000057,48.42066575100006],[22.222787762000053,48.41857875100004],[22.23475333500005,48.410793443000045],[22.256056786000045,48.410017398000036],[22.264069650000067,48.40972550400005],[22.259700931000054,48.397369569000034],[22.254508956000052,48.39217103100003],[22.24910466500006,48.389970359000074],[22.241396545000043,48.38683154800003],[22.248838732000024,48.38144399500004],[22.253520741000045,48.37805459200007],[22.25669296600006,48.37373451800005],[22.26160979100007,48.36703857100008],[22.267249970000023,48.360938943000065],[22.300390755000024,48.35371318600005],[22.304114156000026,48.35351705700003],[22.318125816000077,48.35277899500005],[22.319473232000064,48.33805480800004],[22.31706964600005,48.33279609900006],[22.31386040700005,48.32577473300006]]]]}},{"type":"Feature","properties":{"NUTS_ID":"HU331","LEVL_CODE":3,"CNTR_CODE":"HU","NAME_LATN":"Bács-Kiskun","NUTS_NAME":"Bács-Kiskun","MOUNT_TYPE":null,"URBN_TYPE":2,"COAST_TYPE":null,"NAME_ENGL":"Hungary","NAME_FREN":"Hongrie","ISO3_CODE":"HUN","SVRG_UN":"UN Member State","CAPT":"Budapest","EU_STAT":"T","EFTA_STAT":"F","CC_STAT":"F","NAME_GERM":"Ungarn","region_id":"hungary_bacs_kiskun","region_id_match_status":"sandbox_pre_matched_pending_verification"},"geometry":{"type":"MultiPolygon","coordinates":[[[[19.269029643000067,47.134127566000075],[19.281877743000052,47.12808184700003],[19.298236410000072,47.125753486000065],[19.31194155000003,47.12040962800006],[19.323422683000047,47.11246744200008],[19.334439836000058,47.10262983300004],[19.338055783000073,47.099402130000044],[19.347792871000024,47.09322155700005],[19.33870405700003,47.085180093000076],[19.328813641000067,47.07574458300007],[19.32393905600003,47.07288087900008],[19.318590099000062,47.069738494000035],[19.313989755000023,47.066777890000026],[19.302521607000074,47.04811239800006],[19.295286716000078,47.03592210100004],[19.299054993000027,47.03182434800004],[19.309766488000037,47.02147440300007],[19.319190426000034,47.01267736500006],[19.323243094000077,47.01937313500008],[19.32506883800005,47.02238960700004],[19.333043900000064,47.02686257600004],[19.343750401000023,47.029212965000056],[19.350735275000034,47.030992823000076],[19.356678190000025,47.032507173000056],[19.35811979700003,47.03287451700004],[19.374202273000037,47.03270295100003],[19.37830917100007,47.034057080000025],[19.385807267000075,47.03813866400003],[19.39642686600007,47.04406935500003],[19.416919956000072,47.05617145700006],[19.425394401000062,47.06117600300007],[19.429226107000034,47.06362864400006],[19.442646514000046,47.05938839800007],[19.458025191000047,47.054529427000034],[19.459994386000062,47.053907249000076],[19.474445928000023,47.055004944000075],[19.47904077800007,47.06109434800004],[19.480651473000023,47.063835493000056],[19.48303979700006,47.06696907700007],[19.485912577000022,47.072344833000045],[19.48733398400003,47.07591737100006],[19.49041967100004,47.08596081400003],[19.491134225000053,47.088286579000055],[19.493909829000074,47.09752548700004],[19.50714328300006,47.118667533000064],[19.530329514000073,47.11198215400003],[19.532740596000053,47.11128695700006],[19.561408467000035,47.10732247000004],[19.56973513500003,47.10851698000005],[19.577942937000046,47.11265744600007],[19.580773218000047,47.11519456900004],[19.587165601000038,47.120924837000075],[19.593806038000025,47.11361869700005],[19.59788308900005,47.109132921000025],[19.60368308900007,47.10320946600007],[19.62057965300005,47.08240263600004],[19.623901929000056,47.07475988600004],[19.626298490000067,47.06927856500005],[19.626913055000045,47.06787295500004],[19.627698175000035,47.063877338000054],[19.628788453000027,47.06243959200003],[19.630386162000036,47.058141429000045],[19.636755524000023,47.03800796000007],[19.656987350000065,47.02076415600004],[19.661641134000035,47.017111648000025],[19.66378323300006,47.014499545000035],[19.66711050500004,47.011612496000055],[19.674000283000055,47.00745157500006],[19.67623877400007,47.00468607500005],[19.682278505000056,46.99923605500004],[19.689688701000023,46.994199036000055],[19.69592371300007,46.990510984000025],[19.699014249000072,46.98841202600005],[19.709920526000076,46.98362339500005],[19.717859221000026,46.98055601300007],[19.71982992100004,46.979794567000056],[19.725364718000037,46.97788362800003],[19.729130997000027,46.976065651000056],[19.737256890000026,46.97172542800007],[19.741344808000065,46.96983805700006],[19.745102348000046,46.967521013000066],[19.749433244000045,46.96485041600005],[19.76669789500005,46.955183960000056],[19.77976774700005,46.94870402400005],[19.78774757800005,46.95108534000008],[19.801897945000064,46.95530804900005],[19.814329249000025,46.95028253300006],[19.82772050500006,46.94486894500005],[19.838638683000056,46.94452633800006],[19.84385131700003,46.94795749200006],[19.86009834600003,46.97275210400005],[19.87660172300008,46.997937928000056],[19.894258319000073,46.98870083400004],[19.906296740000073,46.982402904000026],[19.932222584000044,46.97321274700005],[19.954172693000032,46.97172756800006],[19.983564847000025,46.96276238000007],[19.98288508400003,46.974087945000065],[19.982880614000067,46.97416241600007],[19.982713301000047,46.98301997300007],[19.98611648700006,46.986143655000035],[19.987635785000066,46.98861814400004],[19.992385961000025,46.99193499900008],[19.995535931000063,46.99518760600006],[19.999761695000075,46.998323861000074],[20.003750724000042,46.999384907000035],[20.01890424100003,47.00443812700007],[20.02647875300005,47.007252341000026],[20.049515608000036,47.011277447000055],[20.058821472000034,47.012903410000035],[20.061592174000054,47.01433329200006],[20.070103422000045,47.01872570900008],[20.09468681000004,47.00740764100004],[20.109987163000028,47.00127804700003],[20.116172730000073,46.999004091000074],[20.120764085000076,46.99655256500006],[20.124883468000064,46.994592831000034],[20.129311006000023,46.99205661700006],[20.139081556000065,46.98369290200003],[20.134564801000067,46.98042831500004],[20.12785974600007,46.97558208400005],[20.131011741000066,46.96903174600004],[20.132947123000065,46.96500972000007],[20.13185641900003,46.960966926000026],[20.119141058000025,46.95744321700005],[20.106187077000072,46.953853381000044],[20.10381052200006,46.94956751500007],[20.105307476000064,46.94209055700003],[20.109952747000023,46.93706211800003],[20.120045091000065,46.94082666700007],[20.12626502300003,46.94314676600004],[20.145004242000027,46.94020732800004],[20.15693572300006,46.929817126000046],[20.15964351200006,46.919043541000065],[20.150159276000068,46.91140475100008],[20.14012348700004,46.90925544400005],[20.124662616000023,46.90594427900004],[20.123441127000035,46.898155677000034],[20.12334119700006,46.89751849000004],[20.11282886500004,46.891094707000036],[20.085595,46.874452878000056],[20.093980749000025,46.86145423800008],[20.099185963000025,46.85870669800005],[20.107901362000064,46.85410632800006],[20.114704876000076,46.842642510000076],[20.107846562000077,46.84095385900008],[20.10329616200005,46.838761574000046],[20.099871,46.83934612400003],[20.09347117300007,46.84012915800008],[20.086287580000032,46.84023943100004],[20.07862680900007,46.84035702800003],[20.07564714800003,46.84056986500008],[20.070758128000023,46.84214545100008],[20.067468315000042,46.84189094200008],[20.06134467800007,46.84074512300003],[20.05673534300007,46.83945134900006],[20.053269727000043,46.838961435000044],[20.043150568000044,46.836870883000074],[20.04058266800007,46.83343072800005],[20.03783318400008,46.82974730900003],[20.026319215000058,46.82703509600003],[20.004882319000046,46.82198545400007],[20.003181449000067,46.81447616600008],[20.012480152000023,46.80642563400005],[20.03420667300003,46.79769046200005],[20.039730004000035,46.80556450500006],[20.036172889000056,46.812805497000056],[20.033033053000054,46.81919706200006],[20.042932113000063,46.822995594000076],[20.05806579600005,46.81381793400004],[20.061162382000077,46.80639062500006],[20.053669108000065,46.801028994000035],[20.03584925100006,46.78827842700008],[20.02463082400004,46.78049234900004],[19.99951647000006,46.75267187600008],[19.994240383000033,46.748301920000074],[19.981034683000075,46.73825857500003],[19.97523618100007,46.73196089400005],[19.96921293200006,46.72673337600003],[19.982626399000026,46.71795705900007],[19.98530902300007,46.71623521400005],[20.00528989000003,46.70341047800008],[20.010375150000073,46.69627353900006],[20.007907687000056,46.68008053600005],[19.998240400000043,46.667278999000075],[19.99218918200006,46.66065356800004],[19.991117044000077,46.65954980400005],[19.98522569900007,46.65348467900003],[19.980713043000037,46.636887881000064],[19.987169633000065,46.633437196000045],[19.99008864600006,46.63187714800006],[19.993426672000055,46.624456758000065],[19.991022281000028,46.60937467900004],[19.990024791000053,46.60311770200008],[19.990451088000043,46.60200767200007],[19.994492600000058,46.591484034000075],[19.986786237000047,46.58597758600007],[19.986107701000037,46.58554084900004],[19.97641635900004,46.579303062000065],[19.962713216000054,46.568319409000026],[19.961321276000035,46.56711591900006],[19.954626220000023,46.56000914300006],[19.94346978300007,46.54816662800005],[19.930314026000076,46.55700212000005],[19.930014639000035,46.557169455000064],[19.91137175600005,46.56758942100004],[19.89209585800006,46.57829686900004],[19.854734730000075,46.565545334000035],[19.845250359000033,46.56219112100007],[19.839701578000074,46.560004658000025],[19.835841404000064,46.55817011800008],[19.827628608000055,46.55490749200004],[19.815659522000033,46.549795077000056],[19.79845130800004,46.54128751600007],[19.787888320000036,46.53589345700004],[19.77997401600004,46.531851965000044],[19.787888320000036,46.525298709000026],[19.791334284000072,46.52244535900007],[19.809335110000063,46.50594043400008],[19.81859223600003,46.506948657000066],[19.83776574700005,46.50819816600006],[19.839784313000052,46.508749633000036],[19.847900389000074,46.51096692300007],[19.86363575400003,46.500177430000065],[19.873366349000037,46.49393314100007],[19.886056127000074,46.488063984000064],[19.895200379000073,46.480262104000076],[19.90115970000005,46.46765403000006],[19.900699716000076,46.465796073000035],[19.89951204700003,46.46001195600007],[19.89162975200003,46.45251839500003],[19.890430725000044,46.45137850100008],[19.882231414000046,46.444372533000035],[19.886568553000075,46.43856996300008],[19.888421434000065,46.436373477000075],[19.898259950000067,46.42471047300006],[19.898406786000066,46.41932035100007],[19.894356325000047,46.40856295800006],[19.888802937000037,46.40398427300005],[19.884904418000076,46.40077000300005],[19.88295495400007,46.393297208000035],[19.881061725000052,46.38603997400003],[19.874628934000043,46.381543564000026],[19.869054191000032,46.37814892500006],[19.86667384900005,46.376699458000076],[19.857179490000078,46.37300656700006],[19.852634584000043,46.375083052000036],[19.845156805000045,46.37814892500006],[19.843984918000046,46.378629396000065],[19.832866238000065,46.38318803000004],[19.82742583600003,46.384495505000075],[19.819137624000064,46.388910027000065],[19.811277240000038,46.38380051400003],[19.806777976000035,46.380875841000034],[19.801587833000042,46.37814892500006],[19.79365318500004,46.37398003700008],[19.787888320000036,46.37134596800007],[19.774622014000045,46.365284356000075],[19.771121437000033,46.36345599500004],[19.767052497000066,46.36161413100007],[19.75593545600003,46.355259499000056],[19.751376066000034,46.35306436700006],[19.743220706000045,46.34997386500004],[19.732400064000046,46.356140836000066],[19.722277677000022,46.36190985400003],[19.70382286000006,46.35965742700006],[19.69683419300003,46.35894704100008],[19.695059437000054,46.358532842000045],[19.687216471000056,46.35670242000003],[19.678863832000047,46.35315640700003],[19.662785851000024,46.34896652800006],[19.65595900200003,46.34694490100003],[19.662670481000077,46.33137442300006],[19.66884056600003,46.32708699600005],[19.675557828000024,46.321382440000036],[19.679648453000027,46.317908525000064],[19.68902844100006,46.30572555500004],[19.672890434000067,46.29322170700004],[19.66089796700004,46.28392985500005],[19.652934392000077,46.277951431000076],[19.638169939000022,46.26409706800007],[19.63952691800006,46.262654121000025],[19.64775329300005,46.25382331700007],[19.650437512000053,46.25094187600007],[19.65439925000004,46.24668905100003],[19.660075207000034,46.24143108000004],[19.661641134000035,46.239980470000035],[19.669896382000047,46.23151810200005],[19.68604745300007,46.21323259300004],[19.698098775000062,46.187930900000026],[19.695059437000054,46.186677486000065],[19.683024810000063,46.18005384500003],[19.674751238000056,46.18342327100004],[19.660812220000025,46.18909995900003],[19.65058420500003,46.18232117100007],[19.631708183000057,46.16981077200006],[19.61432187300005,46.17202025100005],[19.605199889000062,46.17317948700003],[19.593806038000025,46.17463864700005],[19.56650777400006,46.178134614000044],[19.561069228000065,46.17388700600003],[19.561374199000056,46.17261407900003],[19.562011237000036,46.16995512600005],[19.558503071000075,46.16538161200003],[19.529848255000047,46.14949188400004],[19.525584899000023,46.148347253000054],[19.520890061000046,46.15014283000005],[19.516741027000023,46.15172966000006],[19.503670621000026,46.14186378900007],[19.509713469000076,46.13268304700006],[19.515555409000058,46.12817469400005],[19.525599948000036,46.120423104000054],[19.508834463000028,46.11083892400006],[19.49122580900007,46.10629912700006],[19.48230951100004,46.10400036100003],[19.465393074000076,46.09547360500005],[19.46537552700005,46.09073426100008],[19.46534067500005,46.08132070900007],[19.458025191000047,46.07718047900005],[19.437859107000065,46.06576739600007],[19.41447626300004,46.045788937000054],[19.380397854000023,46.03660293000007],[19.373835563000057,46.04289340100007],[19.36417001700005,46.052158586000076],[19.350735275000034,46.04603580300005],[19.28162952200006,46.01454137500008],[19.302709397000058,45.99155055700004],[19.296617078000054,45.988613662000034],[19.291382680000027,45.99192663300005],[19.284088788000076,45.99654310600005],[19.238699060000044,45.995222471000034],[19.229742756000064,45.999247412000045],[19.201822254000035,45.998301610000055],[19.202214896000044,45.99488723300004],[19.202341455000067,45.99378668800006],[19.199813809000034,45.992924095000035],[19.14902829300007,45.99636293000003],[19.146176213000047,46.000654385000075],[19.146266085000036,46.00915255900003],[19.140496635000034,46.02206231000008],[19.13378921000003,46.037070881000034],[19.127329777000057,46.03735542800007],[19.113609326000073,46.03795983300006],[19.10457994500007,46.03998211000004],[19.100919547000046,46.035290161000034],[19.089839964000078,46.02354033800003],[19.075990486000023,46.00997214200004],[19.073030303000053,46.00664166800004],[19.06567005200003,46.000030424000045],[19.07403458300007,45.97802384900007],[19.07470292900007,45.97626547200008],[19.079540507000047,45.96353902700008],[19.071609396000042,45.963230046000035],[19.06339060700003,45.963798362000034],[19.05999917400004,45.964317195000035],[19.05783083800003,45.964648915000055],[19.054901621000056,45.965482792000046],[19.044740508000075,45.96488949800005],[19.032668538000053,45.964648915000055],[19.030373610000026,45.964398611000036],[19.018770114000063,45.963131102000034],[19.014351067000064,45.96202083700007],[19.009411103000048,45.96012902900003],[18.998559885000077,45.94625614900008],[19.001894685000025,45.93737940900007],[19.00708333700004,45.92356799300006],[18.995077931000026,45.924351201000036],[18.993220708000024,45.92598642100006],[18.986760659000026,45.93167426900004],[18.970119994000072,45.92813231900004],[18.960661275000064,45.92611904000006],[18.919804210000052,45.932806312000025],[18.907067862000076,45.93489093100004],[18.889734227000076,45.92118038900003],[18.875808395000035,45.91590502500003],[18.866042418000063,45.91889344300006],[18.866679394000073,45.91119835200004],[18.830364134000035,45.90523417800006],[18.821305917000075,45.91438311600007],[18.80490770700004,45.926615370000036],[18.804599839000048,45.93206079200007],[18.816570269000067,45.93530440100005],[18.82708599800003,45.93815383200007],[18.839544077000028,45.94662378100003],[18.84375164000005,45.94678316000005],[18.84798850800007,45.94207558900007],[18.855954086000054,45.94305852600007],[18.83812628100003,45.95424956000005],[18.83248057900005,45.95580854900004],[18.825411820000056,45.95776049700004],[18.831984587000022,45.96564051000007],[18.838997380000023,45.97404806600008],[18.838963515000046,45.97748310900005],[18.838898201000063,45.98410809000006],[18.85390939200005,46.00284489000006],[18.86829425600007,46.020799914000065],[18.86042359100003,46.02368717500008],[18.844908436000026,46.02937872800004],[18.844746780000037,46.034726395000064],[18.844636270000024,46.03838211400006],[18.835913005000066,46.04061321200004],[18.816388803000052,46.02939131100004],[18.80717376700005,46.02409479600004],[18.798441742000023,46.02572469100005],[18.78900027700007,46.02748700800004],[18.781065256000034,46.025818240000035],[18.77484426700005,46.02450994000003],[18.770657450000044,46.02678447400007],[18.76326636500005,46.03079976200007],[18.75179704900006,46.029969676000064],[18.743356497000036,46.029358796000054],[18.73278612300004,46.04514199700003],[18.738231020000057,46.04871349000007],[18.74087567600003,46.051326268000025],[18.752692813000067,46.06300096800004],[18.756431623000026,46.06741439000007],[18.760711326000035,46.07509891800004],[18.76222413100004,46.07942199100006],[18.765685252000026,46.085411994000026],[18.765974218000053,46.086375986000064],[18.76760759700005,46.09182495300007],[18.769956465000064,46.09435300700005],[18.77987335100005,46.09891907300005],[18.785103356000036,46.09999962100005],[18.78921987600006,46.10085011700005],[18.797582504000047,46.103674529000045],[18.80229122700007,46.10876509900004],[18.819271696000044,46.10914148000006],[18.811432704000026,46.11674508800007],[18.837746491000075,46.14181137400004],[18.83789984400005,46.15195624000006],[18.838092133000032,46.164676917000065],[18.843803664000063,46.18194615900006],[18.84628775400006,46.18297385600005],[18.850739587000078,46.18481563200004],[18.851414085000044,46.18621185400008],[18.85418969600005,46.19195741600004],[18.86183191300006,46.19279217400003],[18.86991001800004,46.19367454500008],[18.867447860000027,46.19983555700003],[18.865453939000076,46.204824907000045],[18.867635806000067,46.20847974800006],[18.871084756000073,46.21425707800006],[18.87043645600005,46.22185436500007],[18.858335414000067,46.21416862900003],[18.84863114600006,46.20800515600007],[18.832165849000035,46.20117971700006],[18.82262593400003,46.20678504000006],[18.830967589000068,46.21857191300006],[18.843069202000038,46.22411332200005],[18.853367510000055,46.23527553900004],[18.86119485100005,46.23379725500007],[18.864597399000047,46.23315464400008],[18.873229147000075,46.23671406700004],[18.875063296000064,46.24143108000004],[18.876086650000047,46.24406291300005],[18.869894517000034,46.252132698000025],[18.86859726600005,46.25382331700007],[18.864869567000028,46.25868137300006],[18.86422981100003,46.267365349000045],[18.874063265000075,46.27028224000003],[18.880638400000066,46.26619463600008],[18.89007069200005,46.26033080700006],[18.904799702000048,46.25887255300006],[18.910626834000027,46.261718667000025],[18.912363866000078,46.27378099100008],[18.917468645000042,46.29015749200005],[18.921596436000073,46.30787908600007],[18.915233150000063,46.31889711800005],[18.911084300000027,46.32212803300007],[18.907884886000033,46.324337169000046],[18.90542408700003,46.32675699400005],[18.904812829000036,46.327358074000074],[18.899098233000075,46.33394216600004],[18.89779069800005,46.33805561400004],[18.893420097000046,46.36082311700005],[18.893605281000077,46.363464203000035],[18.89364484500004,46.36402846300007],[18.89326377200007,46.369053585000074],[18.892513113000064,46.37396866600005],[18.891555315000062,46.37814892500006],[18.889415479000036,46.38379482300007],[18.885563244000025,46.39395883600008],[18.885259243000064,46.40285610900003],[18.88871437000006,46.41102101300004],[18.892845241000032,46.414489927000034],[18.899958769000023,46.42121191200005],[18.902341598000078,46.42539797100005],[18.906806594000045,46.43115512900005],[18.91026395800003,46.43523961300008],[18.913129008000055,46.43862434400006],[18.91614512800004,46.44279185800008],[18.91991590200007,46.44957263800006],[18.92341198400004,46.46017503300004],[18.923923910000042,46.46397039100003],[18.922093462000078,46.47468211200004],[18.91722791500007,46.49101600600005],[18.911620199000026,46.496711563000076],[18.907135226000037,46.50293834400003],[18.902525784000034,46.50887390300005],[18.89892542700005,46.51351006700003],[18.896007697000073,46.51879807900008],[18.89530048900002,46.52280241100004],[18.895156151000037,46.52707206700006],[18.895501764000073,46.53173033400003],[18.896004309000034,46.53263900600007],[18.896548590000066,46.533623145000035],[18.89560115200004,46.53884152100005],[18.896126064000043,46.543580536000036],[18.897143424000035,46.54802408100005],[18.896909686000072,46.55007191900006],[18.895370910000054,46.559512889000075],[18.893012054000053,46.564007669000034],[18.890130783000075,46.56711042500007],[18.889268749000053,46.569286988000044],[18.884066080000025,46.57520608100003],[18.880730318000076,46.578465427000026],[18.877399052000044,46.58243000200008],[18.872983001000023,46.58701006600006],[18.870238146000077,46.589341974000035],[18.866638112000032,46.592400405000035],[18.863757840000062,46.59592743200005],[18.859506105000037,46.60307104200007],[18.859083578000025,46.606278960000054],[18.859680909000076,46.610425399000064],[18.861201704000052,46.614017122000064],[18.86230047300006,46.615813066000044],[18.865876465000042,46.61874717000006],[18.86878570500005,46.62054501500006],[18.872097993000068,46.62430208200004],[18.87505517900007,46.628449885000066],[18.877251217000037,46.63049297200007],[18.885946749000027,46.63705825900007],[18.89398466700004,46.63757057400005],[18.917018150000047,46.63903866700008],[18.949599249000073,46.65101636900005],[18.953401582000026,46.652414210000074],[18.953654052000047,46.651996688000054],[18.95579469200004,46.64845660700007],[18.97317632200003,46.65857964600008],[18.998833458000036,46.68759649400005],[19.004567594000036,46.69427669000004],[19.00624365300007,46.70492296600003],[19.001605055000027,46.71779059900007],[18.989988029000074,46.73230961400003],[18.98360602300005,46.74028587600003],[18.979687933000037,46.755024235000064],[18.97731757200006,46.763940630000036],[18.97419741400006,46.764077548000046],[18.970937221000042,46.76422061200003],[18.959372452000025,46.781708354000045],[18.95615137900006,46.786579120000056],[18.950764750000076,46.801028994000035],[18.93338848800005,46.81261016500008],[18.927980411000078,46.816214615000035],[18.924430568000048,46.82492501100006],[18.924374405000037,46.83955315700007],[18.924075740000035,46.854143943000054],[18.92509709500007,46.85716859100006],[18.926199360000055,46.86501903800007],[18.93171817500007,46.87575707500008],[18.934304776000033,46.87851353800005],[18.93967625600004,46.88320438900007],[18.94133488500006,46.88484691700006],[18.946346281000046,46.88980966500003],[18.951951499000074,46.895039446000055],[18.958292393000022,46.90597142800004],[18.965534277000074,46.93672258200007],[18.95942674300005,46.957963488000075],[18.959191643000054,46.958328434000066],[18.95114226900006,46.97082349100003],[18.94887762600007,46.98920240800004],[18.950692910000043,46.99618365200007],[18.953546711000058,46.99999597800007],[18.955824002000043,47.001845993000074],[18.957122704000028,47.002901026000075],[18.965387580000026,47.01280795400004],[18.965907359000028,47.02896444900006],[18.97590350400003,47.04185545000007],[18.96780454900005,47.04820820200007],[18.95944338100003,47.054766630000074],[18.95638852600007,47.06398790700007],[19.01830669900005,47.05414534300007],[19.02479417400008,47.048926282000025],[19.02561159800007,47.048268679000046],[19.068510137000033,47.03543256900008],[19.08747961000006,47.04343054000003],[19.09327461500004,47.04484633700008],[19.096181492000028,47.052285218000065],[19.10105770000007,47.06476374500005],[19.12356399500004,47.07006333700008],[19.127329777000057,47.07095007100003],[19.13218020200003,47.07209220800007],[19.15390238200007,47.08817390100006],[19.163957399000026,47.09561798300007],[19.202490714000078,47.09748085100006],[19.20523335400003,47.09371986600007],[19.20877517100007,47.08886296700007],[19.225347446000058,47.11369022900004],[19.23676929800007,47.13080153700008],[19.251028317000078,47.13323738400004],[19.254871510000044,47.13366990500003],[19.262903508000022,47.13354962900007],[19.269029643000067,47.134127566000075]]]]}},{"type":"Feature","properties":{"NUTS_ID":"HU332","LEVL_CODE":3,"CNTR_CODE":"HU","NAME_LATN":"Békés","NUTS_NAME":"Békés","MOUNT_TYPE":null,"URBN_TYPE":2,"COAST_TYPE":null,"NAME_ENGL":"Hungary","NAME_FREN":"Hongrie","ISO3_CODE":"HUN","SVRG_UN":"UN Member State","CAPT":"Budapest","EU_STAT":"T","EFTA_STAT":"F","CC_STAT":"F","NAME_GERM":"Ungarn","region_id":"hungary_bekes","region_id_match_status":"sandbox_pre_matched_pending_verification"},"geometry":{"type":"MultiPolygon","coordinates":[[[[21.01365650400004,47.22622373200005],[21.01434183600003,47.225540280000075],[21.018382579000047,47.22544856400003],[21.020010280000065,47.225411619000056],[21.030632746000038,47.21367287500004],[21.051648322000062,47.19044884300007],[21.054834252000035,47.19117006600004],[21.061772975000054,47.19236710500007],[21.06569008500003,47.19365439300003],[21.06399732500006,47.19885309700004],[21.060710166000035,47.20894842600006],[21.06808390200007,47.20731611000008],[21.076673276000065,47.201855917000046],[21.080794854000033,47.199420227000076],[21.102522806000025,47.186579865000056],[21.11385860200005,47.17992194300007],[21.121772732000068,47.17645585400004],[21.12542813500005,47.17484460600008],[21.139102810000054,47.17339084200006],[21.14386772000006,47.17298173000006],[21.146423286000072,47.17272122400004],[21.16874808600005,47.17044550600008],[21.209628844000065,47.16474881800008],[21.212955211000065,47.16251258900007],[21.23022631300006,47.15090168000006],[21.243038827000078,47.15215734600008],[21.258715348000067,47.14690829300008],[21.290605165000045,47.14777368800003],[21.29162079300005,47.147801249000054],[21.300893488000042,47.15067850600008],[21.298925762000067,47.14443448000003],[21.294987459000026,47.131937384000025],[21.30050026300006,47.12734323500007],[21.30101733400005,47.117118754000046],[21.304099372000053,47.11351739400004],[21.30640058000006,47.11082843300005],[21.30186377900003,47.108355259000064],[21.292996268000024,47.103521260000036],[21.294822040000042,47.09209540900008],[21.295460657000035,47.08809888700006],[21.28835354100005,47.08160953600003],[21.259580322000033,47.07024508100005],[21.232018677000042,47.05935915800006],[21.234980197000027,47.052266329000076],[21.240135171000077,47.039920187000064],[21.23610031900006,47.03003535500005],[21.233736472000032,47.02424425400005],[21.238332898000067,47.01720671900006],[21.248461930000076,47.007668479000074],[21.252871457000026,47.00843508100007],[21.255704752000042,47.00892765300006],[21.29167731600006,46.99902214400004],[21.340752483000074,46.98413381700004],[21.355174653000063,46.97975844800004],[21.355512275000024,46.97968450600007],[21.36879688700003,46.97896143600008],[21.384256090000065,46.97809139600008],[21.414023048000047,46.97641611800003],[21.418902735000074,46.97359633100007],[21.426078950000033,46.96944946600007],[21.430225578000034,46.96969733900005],[21.437844682000048,46.97015278600003],[21.441802986000027,46.95930599400003],[21.43563742500004,46.957871683000064],[21.431691726000054,46.95695378400006],[21.423725327000056,46.94293152500006],[21.437118645000055,46.95126213000003],[21.444326579000062,46.95574544500005],[21.47033188100005,46.94953114500004],[21.47418691000007,46.94573256600006],[21.477576517000045,46.94239259400007],[21.484172498000078,46.94210392900004],[21.489650994000044,46.94577556100006],[21.496991931000025,46.95069538200005],[21.512815282000076,46.95364329700004],[21.51594854600006,46.95233886700004],[21.516738521000036,46.952009987000054],[21.517863179000074,46.952816718000065],[21.522534696000037,46.95616765700004],[21.525338696000063,46.95468244700004],[21.53134528000004,46.95150090700008],[21.53685886100004,46.95755763400007],[21.53944844700004,46.96040232200005],[21.544986080000058,46.95958601400008],[21.548314697000023,46.959095339000044],[21.562051566000036,46.96197343600005],[21.557315137000046,46.97240079100004],[21.554192753000052,46.979274789000044],[21.557255416000032,46.987500735000026],[21.564493010000035,46.99321214400004],[21.567193040000063,46.99921664000004],[21.569165829000042,47.002791012000046],[21.57506758900007,46.999751478000064],[21.576704506000056,46.998908431000075],[21.59513861000005,46.99726426500007],[21.61851102600008,47.005063104000044],[21.62270439100007,47.00774602400003],[21.62019541600006,47.01247062600004],[21.620099873000072,47.01265054100003],[21.62632776600003,47.016643447000035],[21.62907290800007,47.02111864600005],[21.637261181000042,47.02434834200005],[21.640269653000075,47.02118845200005],[21.643159831000048,47.01815281000006],[21.658955200000037,47.022131527000056],[21.677091361000066,47.017925459000026],[21.68747423800005,46.999438385000076],[21.680836837000072,46.99713995800005],[21.678388729000062,46.996292217000075],[21.676869298000042,46.98859527700006],[21.676636641000073,46.98741671000005],[21.675603300000034,46.98586876200005],[21.670598251000058,46.978371183000036],[21.668826825000053,46.97090941400006],[21.673751608000032,46.96938747300004],[21.680231288000073,46.967385010000044],[21.679649228000073,46.96233236000006],[21.672287014000062,46.95427875300004],[21.666305341000054,46.95464495500005],[21.65813022900005,46.95514544100007],[21.64967110500004,46.94352039600005],[21.647601734000034,46.94185077000003],[21.636877758000026,46.93319836900008],[21.62781215900003,46.93292492200004],[21.605937895000068,46.93226512700005],[21.598687317000042,46.92750340200007],[21.59969840900004,46.90865318400006],[21.60736402300006,46.90286403700003],[21.609469295000054,46.89788287700003],[21.614268781000078,46.886527097000055],[21.60920356400004,46.88505067300008],[21.602994042000034,46.88324070300007],[21.603057394000075,46.874051662000056],[21.60309630200004,46.86840809100005],[21.594208278000053,46.86082935400003],[21.582295114000033,46.858421184000065],[21.557202286000063,46.853348829000026],[21.548174354000025,46.848798137000074],[21.539183189000028,46.847216970000034],[21.533897687000035,46.83996887200004],[21.521073341000033,46.837289585000065],[21.518807267000057,46.82365707800005],[21.519536019000043,46.81998920500007],[21.521724041000027,46.808976690000065],[21.51760308000007,46.801028994000035],[21.508003375000044,46.782514984000045],[21.498850927000035,46.77853279400006],[21.49015600300004,46.77474967100005],[21.48347536400007,46.76463559900003],[21.486032675000047,46.758628076000036],[21.514521243000047,46.74489401200003],[21.524809040000036,46.73993436400008],[21.528905449000035,46.73235353600006],[21.52850236300003,46.720519386000035],[21.51894641000007,46.71524512900004],[21.51241774300007,46.71164173400007],[21.511077529000033,46.70797100500005],[21.507886408000047,46.699230800000066],[21.499901590000036,46.69499057200005],[21.49392116300004,46.687524997000025],[21.489047522000078,46.68712094400007],[21.48319204200004,46.68994066100004],[21.47283571400004,46.69492777000005],[21.458254107000073,46.69094027300008],[21.45135983800003,46.68905496100007],[21.44496489900007,46.69147295700003],[21.434150144000057,46.695562134000056],[21.43001997300007,46.693787678000035],[21.42840294000007,46.688905512000076],[21.431147175000035,46.679768480000064],[21.438479264000023,46.67012878200006],[21.443703310000046,46.66648691100005],[21.449227053000072,46.666112697000074],[21.455241616000023,46.66570523200005],[21.453871642000024,46.66080598600007],[21.441398021000055,46.65146710800008],[21.42035276300004,46.645355273000064],[21.413990737000063,46.63447191700004],[21.413464876000035,46.63326111100008],[21.40877825900003,46.62247007900004],[21.38329030600005,46.62800543000003],[21.378872778000073,46.63190372200006],[21.376969114000076,46.63358362900004],[21.366401218000078,46.637262416000056],[21.360177777000047,46.63426400700007],[21.352907171000027,46.63076108100006],[21.336814722000042,46.630036646000065],[21.32697984600003,46.62959390900005],[21.31495716300003,46.618091923000065],[21.302214047000064,46.59250447100004],[21.305408383000042,46.58774499100008],[21.31190576700004,46.58533465200003],[21.319680122000022,46.58245059400008],[21.303469101000076,46.564253877000056],[21.304765648000057,46.561175338000055],[21.289481125000066,46.545131353000045],[21.282232975000056,46.54462510700006],[21.280516086000034,46.54450519100004],[21.275348139000073,46.541119363000064],[21.275194175000024,46.53433996600006],[21.275168663000045,46.53321659200003],[21.27261309200003,46.527635857000064],[21.261056031000066,46.50239808900005],[21.274918408000076,46.47721113400007],[21.28588232900006,46.47655844900004],[21.29515120600007,46.47600667100005],[21.30242127500003,46.468558045000066],[21.30546036900006,46.464669435000076],[21.31143667200007,46.45800613800003],[21.31747590300006,46.45065588800003],[21.31383411400003,46.44893306500006],[21.313330201000042,46.447346785000036],[21.31223368800005,46.443895044000044],[21.310923677000062,46.43977122800004],[21.305796987000065,46.43331003000003],[21.290787607000027,46.41439361800008],[21.292368251000028,46.41122676700007],[21.29471604500003,46.40652291500004],[21.283091626000044,46.403675236000026],[21.252843838000047,46.409668373000045],[21.252564755000037,46.40970756300004],[21.225364634000073,46.41352716500006],[21.219430293000073,46.41048443100004],[21.216877148000037,46.40503025600003],[21.215716048000047,46.402549847000046],[21.21203758200005,46.40234398000007],[21.206327411000075,46.402024408000045],[21.20097846500005,46.38583395500007],[21.198681488000034,46.37814892500006],[21.197443027000077,46.369641985000044],[21.19880443200003,46.35507012900007],[21.199473651000062,46.347907113000076],[21.195274357000073,46.34384095200005],[21.18529478000005,46.33905280000005],[21.177237863000073,46.335187130000065],[21.173948886000062,46.31758867600007],[21.174863765000055,46.31522293000006],[21.179160296000077,46.304112720000035],[21.169925977000048,46.29837817200007],[21.151553856000078,46.29755214900007],[21.147615769000026,46.29924503600006],[21.147019717000035,46.30069876600004],[21.145381773000054,46.30469359600005],[21.122590815000024,46.30089059900007],[21.11554571100004,46.30163141400004],[21.108492066000053,46.279788963000044],[21.10339468600006,46.26400432200006],[21.099055071000066,46.26312082700008],[21.095291123000038,46.26235453100003],[21.086715668000068,46.257259669000064],[21.080931746000033,46.25382331700007],[21.078967153000065,46.25265611000003],[21.077196602000072,46.25273815800006],[21.071460482000077,46.253003971000055],[21.068646229000024,46.24867677100008],[21.065283781000062,46.24350666700008],[21.03705703600008,46.24845338700004],[21.033170170000062,46.25382331700007],[21.032709170000032,46.25446021600004],[21.024592728000073,46.26567354800005],[21.01632784000003,46.26419056900005],[20.990362507000043,46.259531577000075],[20.970793937000053,46.260991526000055],[20.96116223200005,46.262258073000055],[20.95722814100003,46.26350042000007],[20.952506932000063,46.26484148800006],[20.95087675900004,46.26788501200008],[20.94950504700006,46.27157615400006],[20.94668545600007,46.279163392000044],[20.92610331000003,46.27593732400004],[20.923902569000063,46.26990577000004],[20.921197966000022,46.26249328600005],[20.890558359000067,46.27137613800005],[20.882146786000078,46.27948199800005],[20.877704265000034,46.282478111000046],[20.877440645000036,46.28286062700005],[20.875899288000028,46.28509716000008],[20.87341357400004,46.28741857800003],[20.868304300000034,46.28648601900005],[20.854947458000026,46.28425327400004],[20.84072271100007,46.28187545000003],[20.832987880000076,46.28035496000007],[20.82060475800006,46.278530663000026],[20.810914118000028,46.276981429000045],[20.808450380000068,46.27650505200006],[20.806578477000073,46.27628653800008],[20.79951739100005,46.27512008200006],[20.789241907000076,46.27308295200004],[20.783421430000033,46.273594572000036],[20.775600195000038,46.27590991900007],[20.770800574000077,46.27729659500005],[20.763800420000052,46.279838916000074],[20.75848987100005,46.28323988400007],[20.74867337300003,46.29021685200007],[20.752057081000032,46.30215035800006],[20.757126305000043,46.31996178700007],[20.763168128000075,46.34119057800007],[20.76158889800007,46.34457291100006],[20.754323541000076,46.36018616100006],[20.74083846600007,46.37814892500006],[20.738756986000055,46.38412307600004],[20.693656532000034,46.380740435000064],[20.69269332600004,46.37814892500006],[20.688901996000027,46.36794833700003],[20.683957402000033,46.35464488500003],[20.682656859000076,46.35114493300006],[20.651746718000027,46.352886383000055],[20.64786870200004,46.35310486700007],[20.626859332000038,46.354288516000054],[20.62574117300005,46.35389781200007],[20.620340189000046,46.352010618000065],[20.596003473000053,46.35989697800005],[20.58937489300007,46.362132366000026],[20.584329178000075,46.36020080900005],[20.573647508000022,46.364744604000066],[20.57584285400003,46.36898245000003],[20.577019392000068,46.37125361200003],[20.56785744900003,46.37814892500006],[20.559502919000067,46.38394563500003],[20.54891125100005,46.39129456100005],[20.55236787700005,46.39720308400007],[20.554051490000063,46.39937750000007],[20.56031846600007,46.40517356600003],[20.571220249000078,46.409022],[20.57267200900003,46.408970457000066],[20.574518053000077,46.40890491600004],[20.58288467600005,46.408243037000034],[20.582629524000026,46.42857344400005],[20.582454159000065,46.442546476000075],[20.582283849000078,46.45246997300006],[20.59327752100006,46.453325085000074],[20.60514123300004,46.454247870000074],[20.60305773300007,46.46585885200005],[20.601901033000047,46.467377559000056],[20.59546050600005,46.47583375000005],[20.60021320800007,46.48004102600004],[20.601919578000036,46.49994362800004],[20.60801641200004,46.51106961100004],[20.609380482000063,46.51355887400007],[20.61471972100003,46.52663798200007],[20.610374442000023,46.53714105700004],[20.589133893000053,46.555371250000064],[20.58184230200004,46.56162942600008],[20.578966567000066,46.56820953300007],[20.577266189000056,46.589391711000076],[20.57530766800005,46.61378966600006],[20.574345746000063,46.61899690300004],[20.576716089000058,46.631661102000066],[20.571373452000046,46.63247875400003],[20.56913958000007,46.63282063200006],[20.574323752000055,46.65914049000003],[20.57542683400004,46.664740798000025],[20.575490820000027,46.666282770000066],[20.57598914700003,46.678291847000025],[20.582050580000043,46.679405935000034],[20.589780984000072,46.68082677800004],[20.586908149000067,46.68931761300007],[20.58458722900008,46.696177232000025],[20.582113895000077,46.719460096000034],[20.584571286000028,46.73092843900008],[20.588244933000055,46.740229535000026],[20.595882609000057,46.75956692600005],[20.58013575700005,46.76731087200005],[20.578207418000034,46.76803440500004],[20.574731813000028,46.77010197800007],[20.56589421800004,46.77441988500004],[20.562754237000036,46.77600698700007],[20.552880474000062,46.77486181900008],[20.541969780000045,46.773596386000065],[20.534446462000062,46.77311835800003],[20.521844086000044,46.773041394000074],[20.50794965700004,46.77311049000008],[20.50336879100007,46.773300334000055],[20.499644465000074,46.77780541800007],[20.498697840000034,46.77910812300007],[20.492975939000075,46.78698236400004],[20.48490698200004,46.79234697100003],[20.470531880000067,46.801028994000035],[20.453491762000056,46.81132058800006],[20.42426544400007,46.80347046500003],[20.40832424000007,46.85888716800008],[20.43199854200003,46.874423197000056],[20.433799669000052,46.87560516900004],[20.434788248000075,46.876956938000035],[20.443616168000062,46.88902810900004],[20.459983414000078,46.90281952000004],[20.476272249000033,46.895825528000046],[20.48653106100005,46.89142066800008],[20.498985060000052,46.89082767200006],[20.53943363700006,46.90129149900008],[20.545440452000037,46.906879478000064],[20.546180528000036,46.90975849200004],[20.54737299100003,46.91439736500007],[20.55258129400005,46.91616824100004],[20.56480182300004,46.914364068000054],[20.580254496000066,46.91208271900007],[20.593087780000076,46.91483680400006],[20.605091791000063,46.91741292300003],[20.625317190000032,46.90824840600004],[20.64178848100005,46.900784947000034],[20.651746718000027,46.904925856000034],[20.66354581400003,46.909832246000065],[20.67197394300007,46.913336894000054],[20.673679337000067,46.91316567000007],[20.692964196000048,46.91122943800008],[20.70416675200005,46.92120798800005],[20.719170629000075,46.930830900000046],[20.727265019000072,46.94438887500007],[20.724951469000075,46.95501085500007],[20.71052264900004,46.95579896600003],[20.70543194800007,46.959261834000074],[20.710316531000046,46.96171364400004],[20.72289124300005,46.95893684400005],[20.725995714000078,46.96159273200004],[20.71615405800003,46.97238782100004],[20.710137761000055,46.97898696100003],[20.713372864000064,46.99485515500004],[20.71428804100003,46.99607402600003],[20.71725215600003,47.00002175900005],[20.713376937000078,47.00763907800007],[20.71196727100005,47.01040998600007],[20.702389519000064,47.01406321800005],[20.707841135000024,47.03500985200003],[20.715038996000033,47.03330395200004],[20.723002352000037,47.031416629000034],[20.72644147500006,47.03843555200007],[20.729026801000032,47.04371195700003],[20.754692096000042,47.05247808300004],[20.758933934000027,47.048021464000044],[20.760190305000037,47.04171832700007],[20.76132664900007,47.03601735800004],[20.80772772200004,47.03704003200005],[20.809974931000056,47.03867902300004],[20.807341665000024,47.04203520800007],[20.80430136600006,47.04591017000007],[20.828227423000044,47.05347026100003],[20.840164049000066,47.060701762000065],[20.844241036000028,47.06845916900005],[20.85097457200004,47.06517794600006],[20.857588898000074,47.06195481300006],[20.86131812900004,47.06276586100006],[20.860192518000076,47.067308093000065],[20.851870206000058,47.07270185600004],[20.844174913000074,47.077689242000076],[20.849334845000044,47.08722980700003],[20.851286627000036,47.090838596000026],[20.848450901000035,47.092294922000065],[20.84505843000005,47.09403717200007],[20.847003151000024,47.10059072100006],[20.847867205000057,47.103502510000055],[20.847427909000032,47.10596821200005],[20.845638001000054,47.11601469200008],[20.855242196000063,47.11839336400004],[20.863565212000026,47.12045472600005],[20.85972055600007,47.13413604700003],[20.85751355700006,47.13673378400006],[20.847731356000054,47.14824787500004],[20.892855289000067,47.173524144000055],[20.908176215000026,47.17345305300006],[20.908559169000057,47.17345127600004],[20.90963133200006,47.174099726000065],[20.930408082000042,47.18666562300007],[20.93829254900004,47.18703218400003],[20.938782670000023,47.18705497000008],[20.945997727000076,47.187390409000045],[20.946337846000063,47.18961051500003],[20.953298045000054,47.20321660700006],[20.95387388000006,47.20496940800007],[20.955108516000053,47.208727553000074],[20.963086076000025,47.21879316900004],[20.96755107200005,47.225429596000026],[20.969103338000025,47.22622373200005],[20.97763976500005,47.23059095000008],[20.982356908000042,47.22833257600007],[20.98676172200004,47.22622373200005],[20.987847325000075,47.225703990000056],[20.988178865000066,47.22622373200005],[20.992067596000027,47.23231994900004],[21.008128128000067,47.231736941000065],[21.012356252000075,47.22752041700005],[21.01365650400004,47.22622373200005]]]]}},{"type":"Feature","properties":{"NUTS_ID":"HU333","LEVL_CODE":3,"CNTR_CODE":"HU","NAME_LATN":"Csongrád-Csanád","NUTS_NAME":"Csongrád-Csanád","MOUNT_TYPE":null,"URBN_TYPE":2,"COAST_TYPE":null,"NAME_ENGL":"Hungary","NAME_FREN":"Hongrie","ISO3_CODE":"HUN","SVRG_UN":"UN Member State","CAPT":"Budapest","EU_STAT":"T","EFTA_STAT":"F","CC_STAT":"F","NAME_GERM":"Ungarn","region_id":"hungary_csongrad_csanad","region_id_match_status":"sandbox_pre_matched_pending_verification"},"geometry":{"type":"MultiPolygon","coordinates":[[[[20.50794965700004,46.77311049000008],[20.521844086000044,46.773041394000074],[20.534446462000062,46.77311835800003],[20.541969780000045,46.773596386000065],[20.552880474000062,46.77486181900008],[20.562754237000036,46.77600698700007],[20.56589421800004,46.77441988500004],[20.574731813000028,46.77010197800007],[20.578207418000034,46.76803440500004],[20.58013575700005,46.76731087200005],[20.595882609000057,46.75956692600005],[20.588244933000055,46.740229535000026],[20.584571286000028,46.73092843900008],[20.582113895000077,46.719460096000034],[20.58458722900008,46.696177232000025],[20.586908149000067,46.68931761300007],[20.589780984000072,46.68082677800004],[20.582050580000043,46.679405935000034],[20.57598914700003,46.678291847000025],[20.575490820000027,46.666282770000066],[20.57542683400004,46.664740798000025],[20.574323752000055,46.65914049000003],[20.56913958000007,46.63282063200006],[20.571373452000046,46.63247875400003],[20.576716089000058,46.631661102000066],[20.574345746000063,46.61899690300004],[20.57530766800005,46.61378966600006],[20.577266189000056,46.589391711000076],[20.578966567000066,46.56820953300007],[20.58184230200004,46.56162942600008],[20.589133893000053,46.555371250000064],[20.610374442000023,46.53714105700004],[20.61471972100003,46.52663798200007],[20.609380482000063,46.51355887400007],[20.60801641200004,46.51106961100004],[20.601919578000036,46.49994362800004],[20.60021320800007,46.48004102600004],[20.59546050600005,46.47583375000005],[20.601901033000047,46.467377559000056],[20.60305773300007,46.46585885200005],[20.60514123300004,46.454247870000074],[20.59327752100006,46.453325085000074],[20.582283849000078,46.45246997300006],[20.582454159000065,46.442546476000075],[20.582629524000026,46.42857344400005],[20.58288467600005,46.408243037000034],[20.574518053000077,46.40890491600004],[20.57267200900003,46.408970457000066],[20.571220249000078,46.409022],[20.56031846600007,46.40517356600003],[20.554051490000063,46.39937750000007],[20.55236787700005,46.39720308400007],[20.54891125100005,46.39129456100005],[20.559502919000067,46.38394563500003],[20.56785744900003,46.37814892500006],[20.577019392000068,46.37125361200003],[20.57584285400003,46.36898245000003],[20.573647508000022,46.364744604000066],[20.584329178000075,46.36020080900005],[20.58937489300007,46.362132366000026],[20.596003473000053,46.35989697800005],[20.620340189000046,46.352010618000065],[20.62574117300005,46.35389781200007],[20.626859332000038,46.354288516000054],[20.64786870200004,46.35310486700007],[20.651746718000027,46.352886383000055],[20.682656859000076,46.35114493300006],[20.683957402000033,46.35464488500003],[20.688901996000027,46.36794833700003],[20.69269332600004,46.37814892500006],[20.693656532000034,46.380740435000064],[20.738756986000055,46.38412307600004],[20.74083846600007,46.37814892500006],[20.754323541000076,46.36018616100006],[20.76158889800007,46.34457291100006],[20.763168128000075,46.34119057800007],[20.757126305000043,46.31996178700007],[20.752057081000032,46.30215035800006],[20.74867337300003,46.29021685200007],[20.75848987100005,46.28323988400007],[20.763800420000052,46.279838916000074],[20.770800574000077,46.27729659500005],[20.775600195000038,46.27590991900007],[20.75300485200006,46.25382331700007],[20.749573678000047,46.250469397000074],[20.751856857000064,46.24143108000004],[20.755282391000037,46.22787057100004],[20.76099675300003,46.20524938600005],[20.743546724000055,46.20637258100004],[20.72737574200005,46.20741344800007],[20.726473138000074,46.19728276400008],[20.729285060000052,46.195192657000064],[20.732941808000078,46.19247458900003],[20.727115772000047,46.189042509000046],[20.72215843600003,46.18612217400005],[20.71903736400003,46.17863347500003],[20.71443222000005,46.16758389200004],[20.705303479000065,46.160937354000055],[20.701934254000037,46.16048314600005],[20.69456352700007,46.15746850200003],[20.69271066700003,46.15278645800004],[20.69133563300005,46.14931184500006],[20.68532207900006,46.14524529300007],[20.677705908000064,46.145639939000034],[20.672706610000034,46.147906196000065],[20.667047343000036,46.15047162800005],[20.654829552000024,46.14882619500003],[20.651746718000027,46.14576859700003],[20.650015276000033,46.144051329000035],[20.649498850000043,46.14166349300007],[20.64777412600006,46.13368877200003],[20.641027605000033,46.12792701300003],[20.633957188000068,46.126706985000055],[20.620227558000067,46.13646141700008],[20.615358282000045,46.139920870000026],[20.609049664000054,46.14612822300006],[20.597393891000024,46.14925044900008],[20.595323293000035,46.14980509900005],[20.57776940900004,46.15922289800005],[20.557898085000033,46.17137186900004],[20.547996887000068,46.17742528400004],[20.535859505000076,46.179491460000065],[20.522766425000043,46.18172032700005],[20.51317793100003,46.18543727200006],[20.507046669000033,46.18781403300005],[20.50146492500005,46.18999000100007],[20.494661448000045,46.18237327200006],[20.494391031000077,46.17894024200007],[20.49369368600003,46.17008724500005],[20.47282602100006,46.15236904200003],[20.45971361200003,46.14358391300004],[20.447971885000072,46.14207251200003],[20.417097977000026,46.148513610000066],[20.415043668000067,46.149435297000025],[20.398724926000057,46.15675686800006],[20.393500369000037,46.15338379700006],[20.37967883400006,46.15772074900008],[20.372993331000032,46.15552962900006],[20.367988672000024,46.15388939300004],[20.36319323200007,46.15999522100003],[20.35564584800005,46.16960498100008],[20.346958577000066,46.16571405900004],[20.31473186200003,46.15128011000007],[20.30948139900005,46.15481192000004],[20.30831194700005,46.15559857100004],[20.296422317000065,46.15148577400004],[20.287129425000046,46.14325906900007],[20.269502905000024,46.12765486600006],[20.264296225000066,46.12637364600005],[20.262621103000072,46.12554150200003],[20.261538698000038,46.124373],[20.254503836000026,46.11677856600005],[20.25004923000006,46.12034835600008],[20.24979860700006,46.121994812000025],[20.248762963000047,46.12879844200006],[20.237799149000068,46.125616689000026],[20.23418760900006,46.12456860300006],[20.230452223000043,46.12842746800004],[20.229829852000023,46.12907041200003],[20.22889438800007,46.12937692400004],[20.21032920700003,46.13545995000004],[20.208630079000045,46.14172744800004],[20.208030284000074,46.143939887000045],[20.198666778000074,46.14979936100008],[20.181915899000046,46.15914943200005],[20.168503057000066,46.15362843500003],[20.149790523000036,46.14592597700005],[20.138833014000056,46.14456495500008],[20.10754854000004,46.16244637600005],[20.10448092000007,46.16716948700008],[20.10471933100007,46.17089046900003],[20.104958406000037,46.17462181800005],[20.095800562000022,46.177250024000045],[20.07609964100004,46.15856145600003],[20.070150518000048,46.15205368100004],[20.068410758000027,46.150150549000045],[20.06373999300007,46.143661673000054],[20.058949278000057,46.146527467000055],[20.057376980000072,46.14746801200005],[20.053960240000038,46.14688141600004],[20.042277814000045,46.144875744000046],[20.033938698000043,46.146739023000066],[20.027038739000034,46.163460901000064],[20.022970185000077,46.17332094000005],[20.013566380000043,46.17665844800007],[19.937040488000036,46.17620838300007],[19.935150107000027,46.17618936200006],[19.930811469000048,46.17317395300006],[19.930796632000067,46.17316364000004],[19.926366451000035,46.17008436200007],[19.922056531000067,46.16708850800006],[19.920087488000036,46.166221524000036],[19.915071859000022,46.16405859000008],[19.90995933800008,46.16280845600005],[19.903288315000054,46.161195071000066],[19.901106260000063,46.16066752800003],[19.89780995500007,46.159870150000074],[19.877969690000043,46.15282089500005],[19.873359357000027,46.151359452000065],[19.865389789000062,46.15033462000008],[19.853390151000042,46.14932721900004],[19.84285023900003,46.14078846100006],[19.817405329000053,46.128602055000044],[19.796353432000046,46.139116544000046],[19.787888320000036,46.14113651200006],[19.758836269000028,46.14806899200005],[19.73946699000004,46.16641036900006],[19.719864021000035,46.170967845000064],[19.71625119500004,46.17656156400005],[19.698098775000062,46.187930900000026],[19.68604745300007,46.21323259300004],[19.669896382000047,46.23151810200005],[19.661641134000035,46.239980470000035],[19.660075207000034,46.24143108000004],[19.65439925000004,46.24668905100003],[19.650437512000053,46.25094187600007],[19.64775329300005,46.25382331700007],[19.63952691800006,46.262654121000025],[19.638169939000022,46.26409706800007],[19.652934392000077,46.277951431000076],[19.66089796700004,46.28392985500005],[19.672890434000067,46.29322170700004],[19.68902844100006,46.30572555500004],[19.679648453000027,46.317908525000064],[19.675557828000024,46.321382440000036],[19.66884056600003,46.32708699600005],[19.662670481000077,46.33137442300006],[19.65595900200003,46.34694490100003],[19.662785851000024,46.34896652800006],[19.678863832000047,46.35315640700003],[19.687216471000056,46.35670242000003],[19.695059437000054,46.358532842000045],[19.69683419300003,46.35894704100008],[19.70382286000006,46.35965742700006],[19.722277677000022,46.36190985400003],[19.732400064000046,46.356140836000066],[19.743220706000045,46.34997386500004],[19.751376066000034,46.35306436700006],[19.75593545600003,46.355259499000056],[19.767052497000066,46.36161413100007],[19.771121437000033,46.36345599500004],[19.774622014000045,46.365284356000075],[19.787888320000036,46.37134596800007],[19.79365318500004,46.37398003700008],[19.801587833000042,46.37814892500006],[19.806777976000035,46.380875841000034],[19.811277240000038,46.38380051400003],[19.819137624000064,46.388910027000065],[19.82742583600003,46.384495505000075],[19.832866238000065,46.38318803000004],[19.843984918000046,46.378629396000065],[19.845156805000045,46.37814892500006],[19.852634584000043,46.375083052000036],[19.857179490000078,46.37300656700006],[19.86667384900005,46.376699458000076],[19.869054191000032,46.37814892500006],[19.874628934000043,46.381543564000026],[19.881061725000052,46.38603997400003],[19.88295495400007,46.393297208000035],[19.884904418000076,46.40077000300005],[19.888802937000037,46.40398427300005],[19.894356325000047,46.40856295800006],[19.898406786000066,46.41932035100007],[19.898259950000067,46.42471047300006],[19.888421434000065,46.436373477000075],[19.886568553000075,46.43856996300008],[19.882231414000046,46.444372533000035],[19.890430725000044,46.45137850100008],[19.89162975200003,46.45251839500003],[19.89951204700003,46.46001195600007],[19.900699716000076,46.465796073000035],[19.90115970000005,46.46765403000006],[19.895200379000073,46.480262104000076],[19.886056127000074,46.488063984000064],[19.873366349000037,46.49393314100007],[19.86363575400003,46.500177430000065],[19.847900389000074,46.51096692300007],[19.839784313000052,46.508749633000036],[19.83776574700005,46.50819816600006],[19.81859223600003,46.506948657000066],[19.809335110000063,46.50594043400008],[19.791334284000072,46.52244535900007],[19.787888320000036,46.525298709000026],[19.77997401600004,46.531851965000044],[19.787888320000036,46.53589345700004],[19.79845130800004,46.54128751600007],[19.815659522000033,46.549795077000056],[19.827628608000055,46.55490749200004],[19.835841404000064,46.55817011800008],[19.839701578000074,46.560004658000025],[19.845250359000033,46.56219112100007],[19.854734730000075,46.565545334000035],[19.89209585800006,46.57829686900004],[19.91137175600005,46.56758942100004],[19.930014639000035,46.557169455000064],[19.930314026000076,46.55700212000005],[19.94346978300007,46.54816662800005],[19.954626220000023,46.56000914300006],[19.961321276000035,46.56711591900006],[19.962713216000054,46.568319409000026],[19.97641635900004,46.579303062000065],[19.986107701000037,46.58554084900004],[19.986786237000047,46.58597758600007],[19.994492600000058,46.591484034000075],[19.990451088000043,46.60200767200007],[19.990024791000053,46.60311770200008],[19.991022281000028,46.60937467900004],[19.993426672000055,46.624456758000065],[19.99008864600006,46.63187714800006],[19.987169633000065,46.633437196000045],[19.980713043000037,46.636887881000064],[19.98522569900007,46.65348467900003],[19.991117044000077,46.65954980400005],[19.99218918200006,46.66065356800004],[19.998240400000043,46.667278999000075],[20.007907687000056,46.68008053600005],[20.010375150000073,46.69627353900006],[20.00528989000003,46.70341047800008],[19.98530902300007,46.71623521400005],[19.982626399000026,46.71795705900007],[19.96921293200006,46.72673337600003],[19.97523618100007,46.73196089400005],[19.981034683000075,46.73825857500003],[19.994240383000033,46.748301920000074],[19.99951647000006,46.75267187600008],[20.02463082400004,46.78049234900004],[20.03584925100006,46.78827842700008],[20.053669108000065,46.801028994000035],[20.061162382000077,46.80639062500006],[20.062900356000057,46.801028994000035],[20.06601691800006,46.79141443300006],[20.07491343600003,46.78929207500005],[20.081662407000067,46.78768203700008],[20.090474612000037,46.77315689100004],[20.090915494000058,46.76939454600006],[20.091679267000075,46.76287675200007],[20.105514378000066,46.76754944000004],[20.103709457000036,46.77393279200004],[20.10239941900005,46.77856591900007],[20.107506432000037,46.784756522000066],[20.119100213000024,46.78301817900007],[20.12702282300006,46.777515169000026],[20.134437261000073,46.77236513400004],[20.140409568000052,46.769590565000044],[20.175200577000055,46.75448066800004],[20.182286387000033,46.76306522300007],[20.197933121000062,46.78202145400007],[20.208182114000067,46.782260534000045],[20.209388627000067,46.78181995300008],[20.214728963000027,46.77986982700003],[20.221096205000038,46.78251673600005],[20.222337312000036,46.78490075500008],[20.21977054000007,46.78900422900006],[20.218634474000055,46.790820447000044],[20.230784283000048,46.79859793700007],[20.23575171600004,46.79887658400003],[20.24268144900003,46.79846835700005],[20.258004776000064,46.79426213700003],[20.26480665300005,46.79220814300004],[20.272986549000052,46.78409838400006],[20.27526942700007,46.781835081000054],[20.276862906000076,46.781005436000044],[20.277715686000022,46.78056143600003],[20.279799850000074,46.77886262700008],[20.284337265000033,46.77516213400003],[20.284627216000047,46.77481028600005],[20.290688647000025,46.76745489500007],[20.310804103000066,46.76529861400007],[20.315944841000032,46.76428664100007],[20.31973845500005,46.764241980000065],[20.319984314000067,46.76423908600003],[20.327124812000022,46.76342244500006],[20.32826682800004,46.76309906200004],[20.33259318300003,46.76187397600006],[20.33560980200002,46.76307792700004],[20.344149426000058,46.766686994000054],[20.346044732000053,46.77570503000004],[20.34675334700006,46.77907668600005],[20.352262174000032,46.784053408000034],[20.38342300900007,46.78681288300004],[20.403010275000042,46.78854745000007],[20.424681977000034,46.79909950100006],[20.424498105000055,46.801028994000035],[20.42426544400007,46.80347046500003],[20.453491762000056,46.81132058800006],[20.470531880000067,46.801028994000035],[20.48490698200004,46.79234697100003],[20.492975939000075,46.78698236400004],[20.498697840000034,46.77910812300007],[20.499644465000074,46.77780541800007],[20.50336879100007,46.773300334000055],[20.50794965700004,46.77311049000008]]]]}}]}
