# (c) Die Bundeswahlleiterin, Statistisches Bundesamt (Destatis), 2026;;;;;;;;;;;;;;;;;;;;;;;;;;;;;;;;;;;;;;;;;;;;;;;;;;;;;;;;;;;;;;;;;;;;;;;;;;;;;;;;;;;;;;;;;;;;;;;;;;;;;;;;;;;;;;;;;;;;;;;;;;;;;;;;;;;;;;;;;
# Datenlizenz Deutschland – Namensnennung – Version 2.0 (https://www.govdata.de/dl-de/by-2-0);;;;;;;;;;;;;;;;;;;;;;;;;;;;;;;;;;;;;;;;;;;;;;;;;;;;;;;;;;;;;;;;;;;;;;;;;;;;;;;;;;;;;;;;;;;;;;;;;;;;;;;;;;;;;;;;;;;;;;;;;;;;;;;;;;;;;;;;;
# ;;;;;;;;;;;;;;;;;;;;;;;;;;;;;;;;;;;;;;;;;;;;;;;;;;;;;;;;;;;;;;;;;;;;;;;;;;;;;;;;;;;;;;;;;;;;;;;;;;;;;;;;;;;;;;;;;;;;;;;;;;;;;;;;;;;;;;;;;
# Wahlberechtigte, Wählende, Stimmabgabe und Sitzverteilung bei den Bundestagswahlen seit 1949 nach Ländern;;;;;;;;;;;;;;;;;;;;;;;;;;;;;;;;;;;;;;;;;;;;;;;;;;;;;;;;;;;;;;;;;;;;;;;;;;;;;;;;;;;;;;;;;;;;;;;;;;;;;;;;;;;;;;;;;;;;;;;;;;;;;;;;;;;;;;;;;
# ;;;;;;;;;;;;;;;;;;;;;;;;;;;;;;;;;;;;;;;;;;;;;;;;;;;;;;;;;;;;;;;;;;;;;;;;;;;;;;;;;;;;;;;;;;;;;;;;;;;;;;;;;;;;;;;;;;;;;;;;;;;;;;;;;;;;;;;;;
Merkmal/Partei;Jahr der Wahl;Bemerkungen;Deutschland;Deutschland;Deutschland;Deutschland;Baden-Württemberg;Baden-Württemberg;Baden-Württemberg;Baden-Württemberg;Bayern;Bayern;Bayern;Bayern;Berlin;Berlin;Berlin;Berlin;Brandenburg;Brandenburg;Brandenburg;Brandenburg;Bremen;Bremen;Bremen;Bremen;Hamburg;Hamburg;Hamburg;Hamburg;Hessen;Hessen;Hessen;Hessen;"Mecklenburg-
Vorpommern";"Mecklenburg-
Vorpommern";"Mecklenburg-
Vorpommern";"Mecklenburg-
Vorpommern";Niedersachsen;Niedersachsen;Niedersachsen;Niedersachsen;Nordrhein-Westfalen;Nordrhein-Westfalen;Nordrhein-Westfalen;Nordrhein-Westfalen;"Rheinland-
Pfalz";"Rheinland-
Pfalz";"Rheinland-
Pfalz";"Rheinland-
Pfalz";Saarland;Saarland;Saarland;Saarland;Sachsen;Sachsen;Sachsen;Sachsen;Sachsen-Anhalt;Sachsen-Anhalt;Sachsen-Anhalt;Sachsen-Anhalt;Schleswig-Holstein;Schleswig-Holstein;Schleswig-Holstein;Schleswig-Holstein;Thüringen;Thüringen;Thüringen;Thüringen;Früheres Bundesgebiet und Berlin-West;Früheres Bundesgebiet und Berlin-West;Früheres Bundesgebiet und Berlin-West;Früheres Bundesgebiet und Berlin-West;Neue Länder und Berlin-Ost;Neue Länder und Berlin-Ost;Neue Länder und Berlin-Ost;Neue Länder und Berlin-Ost;Deutschland;Deutschland;Deutschland;Deutschland;Deutschland;Deutschland;Deutschland;Deutschland;Deutschland;Baden-Württemberg;Baden-Württemberg;Baden-Württemberg;Bayern;Bayern;Bayern;Berlin;Berlin;Berlin;Brandenburg;Brandenburg;Brandenburg;Bremen;Bremen;Bremen;Hamburg;Hamburg;Hamburg;Hessen;Hessen;Hessen;"Mecklenburg-
Vorpommern";"Mecklenburg-
Vorpommern";"Mecklenburg-
Vorpommern";Niedersachsen;Niedersachsen;Niedersachsen;Nordrhein-Westfalen;Nordrhein-Westfalen;Nordrhein-Westfalen;"Rheinland-
Pfalz";"Rheinland-
Pfalz";"Rheinland-
Pfalz";Saarland;Saarland;Saarland;Sachsen;Sachsen;Sachsen;Sachsen-Anhalt;Sachsen-Anhalt;Sachsen-Anhalt;Schleswig-Holstein;Schleswig-Holstein;Schleswig-Holstein;Thüringen;Thüringen;Thüringen;;
;;;Erststimmen;Zweitstimmen;Erststimmen;Zweitstimmen;Erststimmen;Zweitstimmen;Erststimmen;Zweitstimmen;Erststimmen;Zweitstimmen;Erststimmen;Zweitstimmen;Erststimmen;Zweitstimmen;Erststimmen;Zweitstimmen;Erststimmen;Zweitstimmen;Erststimmen;Zweitstimmen;Erststimmen;Zweitstimmen;Erststimmen;Zweitstimmen;Erststimmen;Zweitstimmen;Erststimmen;Zweitstimmen;Erststimmen;Zweitstimmen;Erststimmen;Zweitstimmen;Erststimmen;Zweitstimmen;Erststimmen;Zweitstimmen;Erststimmen;Zweitstimmen;Erststimmen;Zweitstimmen;Erststimmen;Zweitstimmen;Erststimmen;Zweitstimmen;Erststimmen;Zweitstimmen;Erststimmen;Zweitstimmen;Erststimmen;Zweitstimmen;Erststimmen;Zweitstimmen;Erststimmen;Zweitstimmen;Erststimmen;Zweitstimmen;Erststimmen;Zweitstimmen;Erststimmen;Zweitstimmen;Erststimmen;Zweitstimmen;Erststimmen;Zweitstimmen;Erststimmen;Zweitstimmen;Erststimmen;Zweitstimmen;Erststimmen;Zweitstimmen;Erststimmen;Zweitstimmen;Erststimmen;Zweitstimmen;Erststimmen;Zweitstimmen;Sitze einschl. Abgeordnete BE;Sitze einschl. Abgeordnete BE;Sitze einschl. Abgeordnete BE;Sitze einschl. Abgeordnete BE;Sitze einschl. Abgeordnete BE;Sitze einschl. Abgeordnete BE;Sitze ohne Abgeordnete BE;Sitze ohne Abgeordnete BE;Sitze ohne Abgeordnete BE;Sitze;Sitze;Sitze;Sitze;Sitze;Sitze;Sitze;Sitze;Sitze;Sitze;Sitze;Sitze;Sitze;Sitze;Sitze;Sitze;Sitze;Sitze;Sitze;Sitze;Sitze;Sitze;Sitze;Sitze;Sitze;Sitze;Sitze;Sitze;Sitze;Sitze;Sitze;Sitze;Sitze;Sitze;Sitze;Sitze;Sitze;Sitze;Sitze;Sitze;Sitze;Sitze;Sitze;Sitze;Sitze;Sitze;Sitze;Sitze;;
;;;Anzahl;Anzahl;%;%;Anzahl;Anzahl;%;%;Anzahl;Anzahl;%;%;Anzahl;Anzahl;%;%;Anzahl;Anzahl;%;%;Anzahl;Anzahl;%;%;Anzahl;Anzahl;%;%;Anzahl;Anzahl;%;%;Anzahl;Anzahl;%;%;Anzahl;Anzahl;%;%;Anzahl;Anzahl;%;%;Anzahl;Anzahl;%;%;Anzahl;Anzahl;%;%;Anzahl;Anzahl;%;%;Anzahl;Anzahl;%;%;Anzahl;Anzahl;%;%;Anzahl;Anzahl;%;%;Anzahl;Anzahl;%;%;Anzahl;Anzahl;%;%;Gesamt;Gesamt Frauen;Wahlkreis;Wahlkreis Frauen;Landesliste;Landesliste Frauen;Gesamt;Wahlkreis;Landesliste;Gesamt;Wahlkreis;Landesliste;Gesamt;Wahlkreis;Landesliste;Gesamt;Wahlkreis;Landesliste;Gesamt;Wahlkreis;Landesliste;Gesamt;Wahlkreis;Landesliste;Gesamt;Wahlkreis;Landesliste;Gesamt;Wahlkreis;Landesliste;Gesamt;Wahlkreis;Landesliste;Gesamt;Wahlkreis;Landesliste;Gesamt;Wahlkreis;Landesliste;Gesamt;Wahlkreis;Landesliste;Gesamt;Wahlkreis;Landesliste;Gesamt;Wahlkreis;Landesliste;Gesamt;Wahlkreis;Landesliste;Gesamt;Wahlkreis;Landesliste;Gesamt;Wahlkreis;Landesliste;;
Wahlberechtigte;1949;21 Jahre und älter;31.207.620 ;31.207.620 ;–;–;4.056.930 ;4.056.930 ;–;–;5.984.175 ;5.984.175 ;–;–;–;–;–;–;–;–;–;–;379.839 ;379.839 ;–;–;1.141.214 ;1.141.214 ;–;–;2.906.239 ;2.906.239 ;–;–;–;–;–;–;4.425.610 ;4.425.610 ;–;–;8.681.794 ;8.681.794 ;–;–;1.900.797 ;1.900.797 ;–;–;–;–;–;–;–;–;–;–;–;–;–;–;1.731.022;1.731.022;–;–;–;–;–;–;–;–;–;–;–;–;–;–;–;–;–;–;–;–;–;–;–;–;–;–;–;–;–;–;–;–;–;–;–;–;–;–;–;–;–;–;–;–;–;–;–;–;–;–;–;–;–;–;–;–;–;–;–;–;–;–;–;–;–;–;–;–;–;–;–;;
Wahlberechtigte;1953;21 Jahre und älter;33.120.940 ;33.120.940 ;–;–;4.536.755 ;4.536.755 ;–;–;6.134.820 ;6.134.820 ;–;–;–;–;–;–;–;–;–;–;420.958 ;420.958 ;–;–;1.241.880 ;1.241.880 ;–;–;3.081.783 ;3.081.783 ;–;–;–;–;–;–;4.388.818 ;4.388.818 ;–;–;9.599.109 ;9.599.109 ;–;–;2.143.337 ;2.143.337 ;–;–;–;–;–;–;–;–;–;–;–;–;–;–;1.573.480;1.573.480;–;–;–;–;–;–;–;–;–;–;–;–;–;–;–;–;–;–;–;–;–;–;–;–;–;–;–;–;–;–;–;–;–;–;–;–;–;–;–;–;–;–;–;–;–;–;–;–;–;–;–;–;–;–;–;–;–;–;–;–;–;–;–;–;–;–;–;–;–;–;–;;
Wahlberechtigte;1957;21 Jahre und älter;35.400.923 ;35.400.923 ;–;–;4.857.815 ;4.857.815 ;–;–;6.240.499 ;6.240.499 ;–;–;–;–;–;–;–;–;–;–;467.250 ;467.250 ;–;–;1.328.657 ;1.328.657 ;–;–;3.214.856 ;3.214.856 ;–;–;–;–;–;–;4.438.885 ;4.438.885 ;–;–;10.407.006 ;10.407.006 ;–;–;2.237.023 ;2.237.023 ;–;–;659.971 ;659.971 ;–;–;–;–;–;–;–;–;–;–;1.548.961;1.548.961;–;–;–;–;–;–;–;–;–;–;–;–;–;–;–;–;–;–;–;–;–;–;–;–;–;–;–;–;–;–;–;–;–;–;–;–;–;–;–;–;–;–;–;–;–;–;–;–;–;–;–;–;–;–;–;–;–;–;–;–;–;–;–;–;–;–;–;–;–;–;–;;
Wahlberechtigte;1961;21 Jahre und älter;37.440.715 ;37.440.715 ;–;–;5.211.883 ;5.211.883 ;–;–;6.551.728 ;6.551.728 ;–;–;–;–;–;–;–;–;–;–;507.760 ;507.760 ;–;–;1.386.411 ;1.386.411 ;–;–;3.395.285 ;3.395.285 ;–;–;–;–;–;–;4.613.112 ;4.613.112 ;–;–;11.085.775 ;11.085.775 ;–;–;2.348.108 ;2.348.108 ;–;–;714.512 ;714.512 ;–;–;–;–;–;–;–;–;–;–;1.626.141;1.626.141;–;–;–;–;–;–;–;–;–;–;–;–;–;–;–;–;–;–;–;–;–;–;–;–;–;–;–;–;–;–;–;–;–;–;–;–;–;–;–;–;–;–;–;–;–;–;–;–;–;–;–;–;–;–;–;–;–;–;–;–;–;–;–;–;–;–;–;–;–;–;–;;
Wahlberechtigte;1965;21 Jahre und älter;38.510.395 ;38.510.395 ;–;–;5.425.126 ;5.425.126 ;–;–;6.752.276 ;6.752.276 ;–;–;–;–;–;–;–;–;–;–;525.730 ;525.730 ;–;–;1.392.994 ;1.392.994 ;–;–;3.516.041 ;3.516.041 ;–;–;–;–;–;–;4.748.325 ;4.748.325 ;–;–;11.322.627 ;11.322.627 ;–;–;2.403.771 ;2.403.771 ;–;–;736.239 ;736.239 ;–;–;–;–;–;–;–;–;–;–;1.687.266;1.687.266;–;–;–;–;–;–;–;–;–;–;–;–;–;–;–;–;–;–;–;–;–;–;–;–;–;–;–;–;–;–;–;–;–;–;–;–;–;–;–;–;–;–;–;–;–;–;–;–;–;–;–;–;–;–;–;–;–;–;–;–;–;–;–;–;–;–;–;–;–;–;–;;
Wahlberechtigte;1969;21 Jahre und älter;38.677.235 ;38.677.235 ;–;–;5.510.280 ;5.510.280 ;–;–;6.851.646 ;6.851.646 ;–;–;–;–;–;–;–;–;–;–;524.110 ;524.110 ;–;–;1.341.494 ;1.341.494 ;–;–;3.573.336 ;3.573.336 ;–;–;–;–;–;–;4.760.938 ;4.760.938 ;–;–;11.259.648 ;11.259.648 ;–;–;2.410.176 ;2.410.176 ;–;–;734.096 ;734.096 ;–;–;–;–;–;–;–;–;–;–;1.711.511;1.711.511;–;–;–;–;–;–;–;–;–;–;–;–;–;–;–;–;–;–;–;–;–;–;–;–;–;–;–;–;–;–;–;–;–;–;–;–;–;–;–;–;–;–;–;–;–;–;–;–;–;–;–;–;–;–;–;–;–;–;–;–;–;–;–;–;–;–;–;–;–;–;–;;
Wahlberechtigte;1972;18 Jahre und älter;41.446.302 ;41.446.302 ;–;–;5.960.714 ;5.960.714 ;–;–;7.375.146 ;7.375.146 ;–;–;–;–;–;–;–;–;–;–;540.928 ;540.928 ;–;–;1.348.617 ;1.348.617 ;–;–;3.841.104 ;3.841.104 ;–;–;–;–;–;–;5.126.515 ;5.126.515 ;–;–;11.992.806 ;11.992.806 ;–;–;2.623.690 ;2.623.690 ;–;–;797.605 ;797.605 ;–;–;–;–;–;–;–;–;–;–;1.839.177;1.839.177;–;–;–;–;–;–;–;–;–;–;–;–;–;–;–;–;–;–;–;–;–;–;–;–;–;–;–;–;–;–;–;–;–;–;–;–;–;–;–;–;–;–;–;–;–;–;–;–;–;–;–;–;–;–;–;–;–;–;–;–;–;–;–;–;–;–;–;–;–;–;–;;
Wahlberechtigte;1976;18 Jahre und älter;42.058.015 ;42.058.015 ;–;–;6.118.464 ;6.118.464 ;–;–;7.547.820 ;7.547.820 ;–;–;–;–;–;–;–;–;–;–;528.346 ;528.346 ;–;–;1.287.473 ;1.287.473 ;–;–;3.899.454 ;3.899.454 ;–;–;–;–;–;–;5.205.680 ;5.205.680 ;–;–;12.118.533 ;12.118.533 ;–;–;2.676.890 ;2.676.890 ;–;–;811.322 ;811.322 ;–;–;–;–;–;–;–;–;–;–;1.864.033;1.864.033;–;–;–;–;–;–;–;–;–;–;–;–;–;–;–;–;–;–;–;–;–;–;–;–;–;–;–;–;–;–;–;–;–;–;–;–;–;–;–;–;–;–;–;–;–;–;–;–;–;–;–;–;–;–;–;–;–;–;–;–;–;–;–;–;–;–;–;–;–;–;–;;
Wahlberechtigte;1980;18 Jahre und älter;43.231.741 ;43.231.741 ;–;–;6.370.535 ;6.370.535 ;–;–;7.827.420 ;7.827.420 ;–;–;–;–;–;–;–;–;–;–;523.161 ;523.161 ;–;–;1.253.335 ;1.253.335 ;–;–;4.001.747 ;4.001.747 ;–;–;–;–;–;–;5.363.576 ;5.363.576 ;–;–;12.374.314 ;12.374.314 ;–;–;2.759.777 ;2.759.777 ;–;–;829.768 ;829.768 ;–;–;–;–;–;–;–;–;–;–;1.928.108;1.928.108;–;–;–;–;–;–;–;–;–;–;–;–;–;–;–;–;–;–;–;–;–;–;–;–;–;–;–;–;–;–;–;–;–;–;–;–;–;–;–;–;–;–;–;–;–;–;–;–;–;–;–;–;–;–;–;–;–;–;–;–;–;–;–;–;–;–;–;–;–;–;–;;
Wahlberechtigte;1983;18 Jahre und älter;44.088.935 ;44.088.935 ;–;–;6.544.795 ;6.544.795 ;–;–;8.012.989 ;8.012.989 ;–;–;–;–;–;–;–;–;–;–;523.260 ;523.260 ;–;–;1.246.089 ;1.246.089 ;–;–;4.071.991 ;4.071.991 ;–;–;–;–;–;–;5.480.450 ;5.480.450 ;–;–;12.576.604 ;12.576.604 ;–;–;2.816.609 ;2.816.609 ;–;–;841.073 ;841.073 ;–;–;–;–;–;–;–;–;–;–;1.975.075;1.975.075;–;–;–;–;–;–;–;–;–;–;–;–;–;–;–;–;–;–;–;–;–;–;–;–;–;–;–;–;–;–;–;–;–;–;–;–;–;–;–;–;–;–;–;–;–;–;–;–;–;–;–;–;–;–;–;–;–;–;–;–;–;–;–;–;–;–;–;–;–;–;–;;
Wahlberechtigte;1987;18 Jahre und älter;45.327.982 ;45.327.982 ;–;–;6.830.771 ;6.830.771 ;–;–;8.320.069 ;8.320.069 ;–;–;–;–;–;–;–;–;–;–;521.646 ;521.646 ;–;–;1.258.320 ;1.258.320 ;–;–;4.179.951 ;4.179.951 ;–;–;–;–;–;–;5.628.104 ;5.628.104 ;–;–;12.827.646 ;12.827.646 ;–;–;2.874.920 ;2.874.920 ;–;–;847.217 ;847.217 ;–;–;–;–;–;–;–;–;–;–;2.039.338;2.039.338;–;–;–;–;–;–;–;–;–;–;–;–;–;–;–;–;–;–;–;–;–;–;–;–;–;–;–;–;–;–;–;–;–;–;–;–;–;–;–;–;–;–;–;–;–;–;–;–;–;–;–;–;–;–;–;–;–;–;–;–;–;–;–;–;–;–;–;–;–;–;–;;
Wahlberechtigte;1990;18 Jahre und älter;60.436.560 ;60.436.560 ;–;–;7.121.831 ;7.121.831 ;–;–;8.623.570 ;8.623.570 ;–;–;2.537.310 ;2.537.310 ;–;–;1.956.684 ;1.956.684 ;–;–;523.471 ;523.471 ;–;–;1.263.637 ;1.263.637 ;–;–;4.294.116 ;4.294.116 ;–;–;1.432.336 ;1.432.336 ;–;–;5.760.382 ;5.760.382 ;–;–;13.098.236 ;13.098.236 ;–;–;2.935.588 ;2.935.588 ;–;–;848.363 ;848.363 ;–;–;3.707.677 ;3.707.677 ;–;–;2.237.790 ;2.237.790 ;–;–;2.085.858;2.085.858;–;–;2.009.711;2.009.711;–;–;48.128.370;48.128.370;–;–;12.308.190 ;12.308.190;–;–;–;–;–;–;–;–;–;–;–;–;–;–;–;–;–;–;–;–;–;–;–;–;–;–;–;–;–;–;–;–;–;–;–;–;–;–;–;–;–;–;–;–;–;–;–;–;–;–;–;–;–;–;–;–;–;–;–;;
Wahlberechtigte;1994;18 Jahre und älter;60.452.009 ;60.452.009 ;–;–;7.204.997 ;7.204.997 ;–;–;8.767.500 ;8.767.500 ;–;–;2.505.857 ;2.505.857 ;–;–;1.934.963 ;1.934.963 ;–;–;510.027 ;510.027 ;–;–;1.241.912 ;1.241.912 ;–;–;4.290.259 ;4.290.259 ;–;–;1.379.175 ;1.379.175 ;–;–;5.886.587 ;5.886.587 ;–;–;13.089.684 ;13.089.684 ;–;–;2.985.384 ;2.985.384 ;–;–;838.131 ;838.131 ;–;–;3.591.962 ;3.591.962 ;–;–;2.156.706 ;2.156.706 ;–;–;2.113.279;2.113.279;–;–;1.955.586;1.955.586;–;–;48.462.804;48.462.804;–;–;11.989.205 ;11.989.205;–;–;–;–;–;–;–;–;–;–;–;–;–;–;–;–;–;–;–;–;–;–;–;–;–;–;–;–;–;–;–;–;–;–;–;–;–;–;–;–;–;–;–;–;–;–;–;–;–;–;–;–;–;–;–;–;–;–;–;;
Wahlberechtigte;1998;18 Jahre und älter;60.762.751 ;60.762.751 ;–;–;7.256.933 ;7.256.933 ;–;–;8.875.328 ;8.875.328 ;–;–;2.442.929 ;2.442.929 ;–;–;2.032.303 ;2.032.303 ;–;–;494.809 ;494.809 ;–;–;1.213.821 ;1.213.821 ;–;–;4.297.202 ;4.297.202 ;–;–;1.407.661 ;1.407.661 ;–;–;5.954.567 ;5.954.567 ;–;–;13.086.397 ;13.086.397 ;–;–;3.016.036 ;3.016.036 ;–;–;828.507 ;828.507 ;–;–;3.602.458 ;3.602.458 ;–;–;2.149.785 ;2.149.785 ;–;–;2.135.992;2.135.992;–;–;1.968.023;1.968.023;–;–;48.631.596;48.631.596;–;–;12.131.155 ;12.131.155;–;–;–;–;–;–;–;–;–;–;–;–;–;–;–;–;–;–;–;–;–;–;–;–;–;–;–;–;–;–;–;–;–;–;–;–;–;–;–;–;–;–;–;–;–;–;–;–;–;–;–;–;–;–;–;–;–;–;–;;
Wahlberechtigte;2002;18 Jahre und älter;61.432.868 ;61.432.868 ;–;–;7.418.781 ;7.418.781 ;–;–;9.101.493 ;9.101.493 ;–;–;2.442.795 ;2.442.795 ;–;–;2.101.025 ;2.101.025 ;–;–;484.493 ;484.493 ;–;–;1.221.783 ;1.221.783 ;–;–;4.344.854 ;4.344.854 ;–;–;1.412.019 ;1.412.019 ;–;–;6.035.170 ;6.035.170 ;–;–;13.179.091 ;13.179.091 ;–;–;3.051.076 ;3.051.076 ;–;–;821.218 ;821.218 ;–;–;3.571.995 ;3.571.995 ;–;–;2.108.941 ;2.108.941 ;–;–;2.172.756;2.172.756;–;–;1.965.378;1.965.378;–;–;49.278.532;49.278.532;–;–;12.154.336 ;12.154.336;–;–;–;–;–;–;–;–;–;–;–;–;–;–;–;–;–;–;–;–;–;–;–;–;–;–;–;–;–;–;–;–;–;–;–;–;–;–;–;–;–;–;–;–;–;–;–;–;–;–;–;–;–;–;–;–;–;–;–;;
Wahlberechtigte;2005;18 Jahre und älter;61.870.711 ;61.870.711 ;–;–;7.529.193 ;7.529.193 ;–;–;9.222.560 ;9.222.560 ;–;–;2.438.902 ;2.438.902 ;–;–;2.128.352 ;2.128.352 ;–;–;486.475 ;486.475 ;–;–;1.230.717 ;1.230.717 ;–;–;4.366.988 ;4.366.988 ;–;–;1.418.790 ;1.418.790 ;–;–;6.083.041 ;6.083.041 ;–;–;13.257.047 ;13.257.047 ;–;–;3.084.171 ;3.084.171 ;–;–;818.478 ;818.478 ;–;–;3.561.357 ;3.561.357 ;–;–;2.088.108 ;2.088.108 ;–;–;2.198.777;2.198.777;–;–;1.957.755;1.957.755;–;–;49.704.562;49.704.562;–;–;12.166.149 ;12.166.149;–;–;–;–;–;–;–;–;–;–;–;–;–;–;–;–;–;–;–;–;–;–;–;–;–;–;–;–;–;–;–;–;–;–;–;–;–;–;–;–;–;–;–;–;–;–;–;–;–;–;–;–;–;–;–;–;–;–;–;;
Wahlberechtigte;2009;18 Jahre und älter;62.168.489 ;62.168.489 ;–;–;7.633.818 ;7.633.818 ;–;–;9.382.583 ;9.382.583 ;–;–;2.471.665 ;2.471.665 ;–;–;2.128.715 ;2.128.715 ;–;–;487.978 ;487.978 ;–;–;1.256.634 ;1.256.634 ;–;–;4.398.919 ;4.398.919 ;–;–;1.400.298 ;1.400.298 ;–;–;6.112.110 ;6.112.110 ;–;–;13.288.291 ;13.288.291 ;–;–;3.103.878 ;3.103.878 ;–;–;808.554 ;808.554 ;–;–;3.518.195 ;3.518.195 ;–;–;2.028.572 ;2.028.572 ;–;–;2.234.720;2.234.720;–;–;1.913.559;1.913.559;–;–;50.140.690;50.140.690;–;–;12.027.799 ;12.027.799;–;–;–;–;–;–;–;–;–;–;–;–;–;–;–;–;–;–;–;–;–;–;–;–;–;–;–;–;–;–;–;–;–;–;–;–;–;–;–;–;–;–;–;–;–;–;–;–;–;–;–;–;–;–;–;–;–;–;–;;
Wahlberechtigte;2013;18 Jahre und älter;61.946.900 ;61.946.900 ;–;–;7.689.895 ;7.689.895 ;–;–;9.472.738 ;9.472.738 ;–;–;2.505.718 ;2.505.718 ;–;–;2.065.944 ;2.065.944 ;–;–;483.823 ;483.823 ;–;–;1.281.918 ;1.281.918 ;–;–;4.413.271 ;4.413.271 ;–;–;1.350.705 ;1.350.705 ;–;–;6.117.473 ;6.117.473 ;–;–;13.253.554 ;13.253.554 ;–;–;3.092.424 ;3.092.424 ;–;–;796.072 ;796.072 ;–;–;3.406.430 ;3.406.430 ;–;–;1.930.880 ;1.930.880 ;–;–;2.251.796;2.251.796;–;–;1.834.259;1.834.259;–;–;50.313.367;50.313.367;–;–;11.633.533 ;11.633.533;–;–;–;–;–;–;–;–;–;–;–;–;–;–;–;–;–;–;–;–;–;–;–;–;–;–;–;–;–;–;–;–;–;–;–;–;–;–;–;–;–;–;–;–;–;–;–;–;–;–;–;–;–;–;–;–;–;–;–;;
Wahlberechtigte;2017;18 Jahre und älter;61.688.485 ;61.688.485 ;–;–;7.732.597 ;7.732.597 ;–;–;9.522.371 ;9.522.371 ;–;–;2.503.070 ;2.503.070 ;–;–;2.051.559 ;2.051.559 ;–;–;474.151 ;474.151 ;–;–;1.296.656 ;1.296.656 ;–;–;4.408.986 ;4.408.986 ;–;–;1.324.614 ;1.324.614 ;–;–;6.124.582 ;6.124.582 ;–;–;13.174.577 ;13.174.577 ;–;–;3.080.591 ;3.080.591 ;–;–;777.264 ;777.264 ;–;–;3.329.550 ;3.329.550 ;–;–;1.854.891 ;1.854.891 ;–;–;2.266.012;2.266.012;–;–;1.767.014;1.767.014;–;–;50.314.106;50.314.106;–;–;11.374.379 ;11.374.379;–;–;–;–;–;–;–;–;–;–;–;–;–;–;–;–;–;–;–;–;–;–;–;–;–;–;–;–;–;–;–;–;–;–;–;–;–;–;–;–;–;–;–;–;–;–;–;–;–;–;–;–;–;–;–;–;–;–;–;;
Wahlberechtigte;2021;"einschl. Wiederholungswahl in Teilen Berlins; 18 Jahre und älter";61.172.771 ;61.172.771 ;–;–;7.711.531 ;7.711.531 ;–;–;9.517.664 ;9.517.664 ;–;–;2.460.618 ;2.460.618 ;–;–;2.048.844 ;2.048.844 ;–;–;459.749 ;459.749 ;–;–;1.298.792 ;1.298.792 ;–;–;4.383.047 ;4.383.047 ;–;–;1.314.435 ;1.314.435 ;–;–;6.105.381 ;6.105.381 ;–;–;13.040.267 ;13.040.267 ;–;–;3.053.335 ;3.053.335 ;–;–;755.223 ;755.223 ;–;–;3.253.667 ;3.253.667 ;–;–;1.789.775 ;1.789.775 ;–;–;2.272.717;2.272.717 ;–;–;1.707.726;1.707.726 ;–;–;50.026.626;50.026.626 ;–;–;11.146.145 ;11.146.145 ;–;–;–;–;–;–;–;–;–;–;–;–;–;–;–;–;–;–;–;–;–;–;–;–;–;–;–;–;–;–;–;–;–;–;–;–;–;–;–;–;–;–;–;–;–;–;–;–;–;–;–;–;–;–;–;–;–;–;–;;
Wahlberechtigte;2025;18 Jahre und älter;60.510.631 ;60.510.631 ;–;–;7.653.811 ;7.653.811 ;–;–;9.481.659 ;9.481.659 ;–;–;2.442.042 ;2.442.042 ;–;–;2.033.539 ;2.033.539 ;–;–;450.564 ;450.564 ;–;–;1.299.289 ;1.299.289 ;–;–;4.341.919 ;4.341.919 ;–;–;1.294.729 ;1.294.729 ;–;–;6.043.412 ;6.043.412 ;–;–;12.884.209 ;12.884.209 ;–;–;3.014.482 ;3.014.482 ;–;–;734.204 ;734.204 ;–;–;3.186.780 ;3.186.780 ;–;–;1.734.719 ;1.734.719 ;–;–;2.262.811;2.262.811 ;–;–;1.652.462;1.652.462 ;–;–;49.578.646;49.578.646 ;–;–;10.931.985 ;10.931.985 ;–;–;–;–;–;–;–;–;–;–;–;–;–;–;–;–;–;–;–;–;–;–;–;–;–;–;–;–;–;–;–;–;–;–;–;–;–;–;–;–;–;–;–;–;–;–;–;–;–;–;–;–;–;–;–;–;–;–;–;;
Wählende;1949;–;24.495.614 ;24.495.614 ;78,5;78,5;2.864.774 ;2.864.774 ;70,6;70,6;4.851.576 ;4.851.576 ;81,1;81,1;–;–;–;–;–;–;–;–;310.980 ;310.980 ;81,9;81,9;926.435 ;926.435 ;81,2;81,2;2.247.390 ;2.247.390 ;77,3;77,3;–;–;–;–;3.439.964 ;3.439.964 ;77,7;77,7;6.909.719 ;6.909.719 ;79,6;79,6;1.513.756 ;1.513.756 ;79,6;79,6;–;–;–;–;–;–;–;–;–;–;–;–;1.431.020;1.431.020;82,7;82,7;–;–;–;–;–;–;–;–;–;–;–;–;–;–;–;–;–;–;–;–;–;–;–;–;–;–;–;–;–;–;–;–;–;–;–;–;–;–;–;–;–;–;–;–;–;–;–;–;–;–;–;–;–;–;–;–;–;–;–;–;–;–;–;–;–;–;–;–;–;;
Wählende;1953;–;28.479.550 ;28.479.550 ;86,0;86,0;3.710.253 ;3.710.253 ;81,8;81,8;5.263.817 ;5.263.817 ;85,8;85,8;–;–;–;–;–;–;–;–;367.920 ;367.920 ;87,4;87,4;1.085.279 ;1.085.279 ;87,4;87,4;2.672.103 ;2.672.103 ;86,7;86,7;–;–;–;–;3.894.742 ;3.894.742 ;88,7;88,7;8.250.961 ;8.250.961 ;86,0;86,0;1.842.707 ;1.842.707 ;86,0;86,0;–;–;–;–;–;–;–;–;–;–;–;–;1.391.768;1.391.768;88,5;88,5;–;–;–;–;–;–;–;–;–;–;–;–;–;–;–;–;–;–;–;–;–;–;–;–;–;–;–;–;–;–;–;–;–;–;–;–;–;–;–;–;–;–;–;–;–;–;–;–;–;–;–;–;–;–;–;–;–;–;–;–;–;–;–;–;–;–;–;–;–;;
Wählende;1957;–;31.072.894 ;31.072.894 ;87,8;87,8;4.097.575 ;4.097.575 ;84,4;84,4;5.470.347 ;5.470.347 ;87,7;87,7;–;–;–;–;–;–;–;–;414.498 ;414.498 ;88,7;88,7;1.185.178 ;1.185.178 ;89,2;89,2;2.863.092 ;2.863.092 ;89,1;89,1;–;–;–;–;3.950.248 ;3.950.248 ;89,0;89,0;9.158.928 ;9.158.928 ;88,0;88,0;1.976.225 ;1.976.225 ;88,3;88,3;589.578 ;589.578 ;89,3;89,3;–;–;–;–;–;–;–;–;1.367.225;1.367.225;88,3;88,3;–;–;–;–;–;–;–;–;–;–;–;–;–;–;–;–;–;–;–;–;–;–;–;–;–;–;–;–;–;–;–;–;–;–;–;–;–;–;–;–;–;–;–;–;–;–;–;–;–;–;–;–;–;–;–;–;–;–;–;–;–;–;–;–;–;–;–;–;–;;
Wählende;1961;–;32.849.624 ;32.849.624 ;87,7;87,7;4.419.748 ;4.419.748 ;84,8;84,8;5.714.545 ;5.714.545 ;87,2;87,2;–;–;–;–;–;–;–;–;447.936 ;447.936 ;88,2;88,2;1.227.787 ;1.227.787 ;88,6;88,6;3.028.241 ;3.028.241 ;89,2;89,2;–;–;–;–;4.083.490 ;4.083.490 ;88,5;88,5;9.799.429 ;9.799.429 ;88,4;88,4;2.069.927 ;2.069.927 ;88,2;88,2;626.817 ;626.817 ;87,7;87,7;–;–;–;–;–;–;–;–;1.431.704;1.431.704;88,0;88,0;–;–;–;–;–;–;–;–;–;–;–;–;–;–;–;–;–;–;–;–;–;–;–;–;–;–;–;–;–;–;–;–;–;–;–;–;–;–;–;–;–;–;–;–;–;–;–;–;–;–;–;–;–;–;–;–;–;–;–;–;–;–;–;–;–;–;–;–;–;;
Wählende;1965;–;33.416.207 ;33.416.207 ;86,8;86,8;4.598.715 ;4.598.715 ;84,8;84,8;5.803.004 ;5.803.004 ;85,9;85,9;–;–;–;–;–;–;–;–;452.799 ;452.799 ;86,1;86,1;1.202.934 ;1.202.934 ;86,4;86,4;3.073.037 ;3.073.037 ;87,4;87,4;–;–;–;–;4.145.849 ;4.145.849 ;87,3;87,3;9.920.068 ;9.920.068 ;87,6;87,6;2.114.311 ;2.114.311 ;88,0;88,0;656.496 ;656.496 ;89,2;89,2;–;–;–;–;–;–;–;–;1.448.994;1.448.994;85,9;85,9;–;–;–;–;–;–;–;–;–;–;–;–;–;–;–;–;–;–;–;–;–;–;–;–;–;–;–;–;–;–;–;–;–;–;–;–;–;–;–;–;–;–;–;–;–;–;–;–;–;–;–;–;–;–;–;–;–;–;–;–;–;–;–;–;–;–;–;–;–;;
Wählende;1969;–;33.523.064 ;33.523.064 ;86,7;86,7;4.690.427 ;4.690.427 ;85,1;85,1;5.837.724 ;5.837.724 ;85,2;85,2;–;–;–;–;–;–;–;–;452.373 ;452.373 ;86,3;86,3;1.174.981 ;1.174.981 ;87,6;87,6;3.151.868 ;3.151.868 ;88,2;88,2;–;–;–;–;4.164.690 ;4.164.690 ;87,5;87,5;9.827.911 ;9.827.911 ;87,3;87,3;2.097.308 ;2.097.308 ;87,0;87,0;653.882 ;653.882 ;89,1;89,1;–;–;–;–;–;–;–;–;1.471.900;1.471.900;86,0;86,0;–;–;–;–;–;–;–;–;–;–;–;–;–;–;–;–;–;–;–;–;–;–;–;–;–;–;–;–;–;–;–;–;–;–;–;–;–;–;–;–;–;–;–;–;–;–;–;–;–;–;–;–;–;–;–;–;–;–;–;–;–;–;–;–;–;–;–;–;–;;
Wählende;1972;–;37.761.589 ;37.761.589 ;91,1;91,1;5.376.985 ;5.376.985 ;90,2;90,2;6.626.216 ;6.626.216 ;89,8;89,8;–;–;–;–;–;–;–;–;492.431 ;492.431 ;91,0;91,0;1.242.832 ;1.242.832 ;92,2;92,2;3.522.483 ;3.522.483 ;91,7;91,7;–;–;–;–;4.684.898 ;4.684.898 ;91,4;91,4;11.005.807 ;11.005.807 ;91,8;91,8;2.404.007 ;2.404.007 ;91,6;91,6;740.910 ;740.910 ;92,9;92,9;–;–;–;–;–;–;–;–;1.665.020;1.665.020;90,5;90,5;–;–;–;–;–;–;–;–;–;–;–;–;–;–;–;–;–;–;–;–;–;–;–;–;–;–;–;–;–;–;–;–;–;–;–;–;–;–;–;–;–;–;–;–;–;–;–;–;–;–;–;–;–;–;–;–;–;–;–;–;–;–;–;–;–;–;–;–;–;;
Wählende;1976;–;38.165.753 ;38.165.753 ;90,7;90,7;5.452.370 ;5.452.370 ;89,1;89,1;6.764.839 ;6.764.839 ;89,6;89,6;–;–;–;–;–;–;–;–;475.582 ;475.582 ;90,0;90,0;1.173.082 ;1.173.082 ;91,1;91,1;3.585.275 ;3.585.275 ;91,9;91,9;–;–;–;–;4.757.376 ;4.757.376 ;91,4;91,4;11.066.546 ;11.066.546 ;91,3;91,3;2.448.946 ;2.448.946 ;91,5;91,5;753.786 ;753.786 ;92,9;92,9;–;–;–;–;–;–;–;–;1.687.951;1.687.951;90,6;90,6;–;–;–;–;–;–;–;–;–;–;–;–;–;–;–;–;–;–;–;–;–;–;–;–;–;–;–;–;–;–;–;–;–;–;–;–;–;–;–;–;–;–;–;–;–;–;–;–;–;–;–;–;–;–;–;–;–;–;–;–;–;–;–;–;–;–;–;–;–;;
Wählende;1980;Summe der ungültigen und gültigen Zweitstimmen ist wegen Unstimmigkeiten im Saarland um 80 niedriger als die Zahl der Wähler insgesamt.;38.292.176 ;38.292.176 ;88,6;88,6;5.518.062 ;5.518.062 ;86,6;86,6;6.854.780 ;6.854.780 ;87,6;87,6;–;–;–;–;–;–;–;–;459.208 ;459.208 ;87,8;87,8;1.113.199 ;1.113.199 ;88,8;88,8;3.598.071 ;3.598.071 ;89,9;89,9;–;–;–;–;4.790.833 ;4.790.833 ;89,3;89,3;11.008.682 ;11.008.682 ;89,0;89,0;2.480.763 ;2.480.763 ;89,9;89,9;752.025 ;752.025 ;90,6;90,6;–;–;–;–;–;–;–;–;1.716.553;1.716.553;89,0;89,0;–;–;–;–;–;–;–;–;–;–;–;–;–;–;–;–;–;–;–;–;–;–;–;–;–;–;–;–;–;–;–;–;–;–;–;–;–;–;–;–;–;–;–;–;–;–;–;–;–;–;–;–;–;–;–;–;–;–;–;–;–;–;–;–;–;–;–;–;–;;
Wählende;1983;Summe der ungültigen und gültigen Zweitstimmen ist wegen Unstimmigkeiten im Saarland um 1 niedriger als die Zahl der Wähler insgesamt.;39.279.529 ;39.279.529 ;89,1;89,1;5.785.570 ;5.785.570 ;88,4;88,4;7.020.065 ;7.020.065 ;87,6;87,6;–;–;–;–;–;–;–;–;462.122 ;462.122 ;88,3;88,3;1.105.844 ;1.105.844 ;88,7;88,7;3.673.072 ;3.673.072 ;90,2;90,2;–;–;–;–;4.909.061 ;4.909.061 ;89,6;89,6;11.254.374 ;11.254.374 ;89,5;89,5;2.546.266 ;2.546.266 ;90,4;90,4;761.886 ;761.886 ;90,6;90,6;–;–;–;–;–;–;–;–;1.761.269;1.761.269;89,2;89,2;–;–;–;–;–;–;–;–;–;–;–;–;–;–;–;–;–;–;–;–;–;–;–;–;–;–;–;–;–;–;–;–;–;–;–;–;–;–;–;–;–;–;–;–;–;–;–;–;–;–;–;–;–;–;–;–;–;–;–;–;–;–;–;–;–;–;–;–;–;;
Wählende;1987;–;38.225.294 ;38.225.294 ;84,3;84,3;5.676.772 ;5.676.772 ;83,1;83,1;6.796.701 ;6.796.701 ;81,7;81,7;–;–;–;–;–;–;–;–;431.635 ;431.635 ;82,7;82,7;1.044.370 ;1.044.370 ;83,0;83,0;3.582.159 ;3.582.159 ;85,7;85,7;–;–;–;–;4.782.941 ;4.782.941 ;85,0;85,0;10.956.596 ;10.956.596 ;85,4;85,4;2.493.602 ;2.493.602 ;86,7;86,7;739.701 ;739.701 ;87,3;87,3;–;–;–;–;–;–;–;–;1.720.817;1.720.817;84,4;84,4;–;–;–;–;–;–;–;–;–;–;–;–;–;–;–;–;–;–;–;–;–;–;–;–;–;–;–;–;–;–;–;–;–;–;–;–;–;–;–;–;–;–;–;–;–;–;–;–;–;–;–;–;–;–;–;–;–;–;–;–;–;–;–;–;–;–;–;–;–;;
Wählende;1990;–;46.995.915 ;46.995.915 ;77,8;77,8;5.515.393 ;5.515.393 ;77,4;77,4;6.419.744 ;6.419.744 ;74,4;74,4;2.043.894 ;2.043.894 ;80,6;80,6;1.444.148 ;1.444.148 ;73,8;73,8;400.467 ;400.467 ;76,5;76,5;988.556 ;988.556 ;78,2;78,2;3.484.107 ;3.484.107 ;81,1;81,1;1.015.043 ;1.015.043 ;70,9;70,9;4.640.203 ;4.640.203 ;80,6;80,6;10.310.531 ;10.310.531 ;78,7;78,7;2.397.054 ;2.397.054 ;81,7;81,7;721.699 ;721.699 ;85,1;85,1;2.825.162 ;2.825.162 ;76,2;76,2;1.615.723 ;1.615.723 ;72,2;72,2;1.639.537;1.639.537;78,6;78,6;1.534.654;1.534.654;76,4;76,4;37.828.790;37.828.790;78,6;78,6;9.167.125 ;9.167.125;74,5;74,5;–;–;–;–;–;–;–;–;–;–;–;–;–;–;–;–;–;–;–;–;–;–;–;–;–;–;–;–;–;–;–;–;–;–;–;–;–;–;–;–;–;–;–;–;–;–;–;–;–;–;–;–;–;–;–;–;–;;
Wählende;1994;–;47.737.999 ;47.737.999 ;79,0;79,0;5.742.579 ;5.742.579 ;79,7;79,7;6.744.161 ;6.744.161 ;76,9;76,9;1.970.458 ;1.970.458 ;78,6;78,6;1.383.467 ;1.383.467 ;71,5;71,5;400.609 ;400.609 ;78,5;78,5;990.362 ;990.362 ;79,7;79,7;3.532.885 ;3.532.885 ;82,3;82,3;1.004.208 ;1.004.208 ;72,8;72,8;4.816.698 ;4.816.698 ;81,8;81,8;10.716.504 ;10.716.504 ;81,9;81,9;2.456.152 ;2.456.152 ;82,3;82,3;699.992 ;699.992 ;83,5;83,5;2.587.963 ;2.587.963 ;72,0;72,0;1.518.973 ;1.518.973 ;70,4;70,4;1.708.851;1.708.851;80,9;80,9;1.464.137;1.464.137;74,9;74,9;39.029.503;39.029.503;80,5;80,5;8.708.496 ;8.708.496;72,6;72,6;–;–;–;–;–;–;–;–;–;–;–;–;–;–;–;–;–;–;–;–;–;–;–;–;–;–;–;–;–;–;–;–;–;–;–;–;–;–;–;–;–;–;–;–;–;–;–;–;–;–;–;–;–;–;–;–;–;;
Wählende;1998;–;49.947.087 ;49.947.087 ;82,2;82,2;6.032.612 ;6.032.612 ;83,1;83,1;7.026.811 ;7.026.811 ;79,2;79,2;1.980.517 ;1.980.517 ;81,1;81,1;1.587.152 ;1.587.152 ;78,1;78,1;406.054 ;406.054 ;82,1;82,1;984.644 ;984.644 ;81,1;81,1;3.619.884 ;3.619.884 ;84,2;84,2;1.117.517 ;1.117.517 ;79,4;79,4;4.996.360 ;4.996.360 ;83,9;83,9;10.984.476 ;10.984.476 ;83,9;83,9;2.529.717 ;2.529.717 ;83,9;83,9;702.986 ;702.986 ;84,8;84,8;2.941.359 ;2.941.359 ;81,6;81,6;1.657.621 ;1.657.621 ;77,1;77,1;1.760.598;1.760.598;82,4;82,4;1.618.779;1.618.779;82,3;82,3;40.246.888;40.246.888;82,8;82,8;9.700.199 ;9.700.199;80,0;80,0;–;–;–;–;–;–;–;–;–;–;–;–;–;–;–;–;–;–;–;–;–;–;–;–;–;–;–;–;–;–;–;–;–;–;–;–;–;–;–;–;–;–;–;–;–;–;–;–;–;–;–;–;–;–;–;–;–;;
Wählende;2002;–;48.582.761 ;48.582.761 ;79,1;79,1;6.017.608 ;6.017.608 ;81,1;81,1;7.416.233 ;7.416.233 ;81,5;81,5;1.896.316 ;1.896.316 ;77,6;77,6;1.547.957 ;1.547.957 ;73,7;73,7;382.009 ;382.009 ;78,8;78,8;972.418 ;972.418 ;79,6;79,6;3.480.327 ;3.480.327 ;80,1;80,1;996.580 ;996.580 ;70,6;70,6;4.886.327 ;4.886.327 ;81,0;81,0;10.581.411 ;10.581.411 ;80,3;80,3;2.441.460 ;2.441.460 ;80,0;80,0;657.158 ;657.158 ;80,0;80,0;2.632.297 ;2.632.297 ;73,7;73,7;1.451.093 ;1.451.093 ;68,8;68,8;1.753.226;1.753.226;80,7;80,7;1.470.341;1.470.341;74,8;74,8;39.733.112;39.733.112;80,6;80,6;8.849.649 ;8.849.649;72,8;72,8;–;–;–;–;–;–;–;–;–;–;–;–;–;–;–;–;–;–;–;–;–;–;–;–;–;–;–;–;–;–;–;–;–;–;–;–;–;–;–;–;–;–;–;–;–;–;–;–;–;–;–;–;–;–;–;–;–;;
Wählende;2005;–;48.044.134 ;48.044.134 ;77,7;77,7;5.923.917 ;5.923.917 ;78,7;78,7;7.181.842 ;7.181.842 ;77,9;77,9;1.887.397 ;1.887.397 ;77,4;77,4;1.594.983 ;1.594.983 ;74,9;74,9;367.282 ;367.282 ;75,5;75,5;954.153 ;954.153 ;77,5;77,5;3.437.326 ;3.437.326 ;78,7;78,7;1.010.887 ;1.010.887 ;71,2;71,2;4.828.902 ;4.828.902 ;79,4;79,4;10.385.230 ;10.385.230 ;78,3;78,3;2.427.981 ;2.427.981 ;78,7;78,7;650.089 ;650.089 ;79,4;79,4;2.695.532 ;2.695.532 ;75,7;75,7;1.481.671 ;1.481.671 ;71,0;71,0;1.739.113;1.739.113;79,1;79,1;1.477.829;1.477.829;75,5;75,5;39.008.851;39.008.851;78,5;78,5;9.035.283 ;9.035.283;74,3;74,3;–;–;–;–;–;–;–;–;–;–;–;–;–;–;–;–;–;–;–;–;–;–;–;–;–;–;–;–;–;–;–;–;–;–;–;–;–;–;–;–;–;–;–;–;–;–;–;–;–;–;–;–;–;–;–;–;–;;
Wählende;2009;–;44.005.575 ;44.005.575 ;70,8;70,8;5.530.242 ;5.530.242 ;72,4;72,4;6.720.532 ;6.720.532 ;71,6;71,6;1.752.839 ;1.752.839 ;70,9;70,9;1.425.302 ;1.425.302 ;67,0;67,0;343.027 ;343.027 ;70,3;70,3;896.053 ;896.053 ;71,3;71,3;3.244.641 ;3.244.641 ;73,8;73,8;882.176 ;882.176 ;63,0;63,0;4.482.349 ;4.482.349 ;73,3;73,3;9.493.850 ;9.493.850 ;71,4;71,4;2.233.548 ;2.233.548 ;72,0;72,0;596.194 ;596.194 ;73,7;73,7;2.285.953 ;2.285.953 ;65,0;65,0;1.226.721 ;1.226.721 ;60,5;60,5;1.644.384;1.644.384;73,6;73,6;1.247.764;1.247.764;65,2;65,2;36.222.043;36.222.043;72,2;72,2;7.783.532 ;7.783.532;64,7;64,7;–;–;–;–;–;–;–;–;–;–;–;–;–;–;–;–;–;–;–;–;–;–;–;–;–;–;–;–;–;–;–;–;–;–;–;–;–;–;–;–;–;–;–;–;–;–;–;–;–;–;–;–;–;–;–;–;–;;
Wählende;2013;–;44.309.925 ;44.309.925 ;71,5;71,5;5.711.469 ;5.711.469 ;74,3;74,3;6.633.726 ;6.633.726 ;70,0;70,0;1.815.415 ;1.815.415 ;72,5;72,5;1.412.785 ;1.412.785 ;68,4;68,4;333.022 ;333.022 ;68,8;68,8;901.213 ;901.213 ;70,3;70,3;3.230.483 ;3.230.483 ;73,2;73,2;881.718 ;881.718 ;65,3;65,3;4.491.281 ;4.491.281 ;73,4;73,4;9.605.247 ;9.605.247 ;72,5;72,5;2.251.979 ;2.251.979 ;72,8;72,8;577.428 ;577.428 ;72,5;72,5;2.368.758 ;2.368.758 ;69,5;69,5;1.198.248 ;1.198.248 ;62,1;62,1;1.645.750;1.645.750;73,1;73,1;1.251.403;1.251.403;68,2;68,2;36.451.066;36.451.066;72,4;72,4;7.858.859 ;7.858.859;67,6;67,6;–;–;–;–;–;–;–;–;–;–;–;–;–;–;–;–;–;–;–;–;–;–;–;–;–;–;–;–;–;–;–;–;–;–;–;–;–;–;–;–;–;–;–;–;–;–;–;–;–;–;–;–;–;–;–;–;–;;
Wählende;2017;–;46.976.341 ;46.976.341 ;76,2;76,2;6.053.943 ;6.053.943 ;78,3;78,3;7.441.006 ;7.441.006 ;78,1;78,1;1.892.134 ;1.892.134 ;75,6;75,6;1.512.145 ;1.512.145 ;73,7;73,7;335.919 ;335.919 ;70,8;70,8;984.926 ;984.926 ;76,0;76,0;3.395.441 ;3.395.441 ;77,0;77,0;938.587 ;938.587 ;70,9;70,9;4.681.871 ;4.681.871 ;76,4;76,4;9.938.461 ;9.938.461 ;75,4;75,4;2.392.093 ;2.392.093 ;77,7;77,7;595.411 ;595.411 ;76,6;76,6;2.509.684 ;2.509.684 ;75,4;75,4;1.263.474 ;1.263.474 ;68,1;68,1;1.729.194;1.729.194;76,3;76,3;1.312.052;1.312.052;74,3;74,3;38.647.769;38.647.769;76,8;76,8;8.328.572 ;8.328.572;73,2;73,2;–;–;–;–;–;–;–;–;–;–;–;–;–;–;–;–;–;–;–;–;–;–;–;–;–;–;–;–;–;–;–;–;–;–;–;–;–;–;–;–;–;–;–;–;–;–;–;–;–;–;–;–;–;–;–;–;–;;
Wählende;2021;einschl. Wiederholungswahl in Teilen Berlins;46.707.343 ;46.707.343 ;76,4;76,4;5.997.317 ;5.997.317 ;77,8;77,8;7.608.980 ;7.608.980 ;79,9;79,9;1.709.738 ;1.709.738 ;69,5;69,5;1.549.464 ;1.549.464 ;75,6;75,6;330.431 ;330.431 ;71,9;71,9;1.011.044 ;1.011.044 ;77,8;77,8;3.340.639 ;3.340.639 ;76,2;76,2;935.040 ;935.040 ;71,1;71,1;4.563.142 ;4.563.142 ;74,7;74,7;9.960.984 ;9.960.984 ;76,4;76,4;2.357.021 ;2.357.021 ;77,2;77,2;583.963 ;583.963 ;77,3;77,3;2.488.954 ;2.488.954 ;76,5;76,5;1.214.761 ;1.214.761 ;67,9;67,9;1.776.145;1.776.145;78,2;78,2;1.279.720;1.279.720;74,9;74,9;38.532.959;38.532.959;77,0;77,0;8.174.384 ;8.174.384;73,3;73,3;–;–;–;–;–;–;–;–;–;–;–;–;–;–;–;–;–;–;–;–;–;–;–;–;–;–;–;–;–;–;–;–;–;–;–;–;–;–;–;–;–;–;–;–;–;–;–;–;–;–;–;–;–;–;–;–;–;;
Wählende;2025;–;49.928.653 ;49.928.653 ;82,5;82,5;6.382.446 ;6.382.446 ;83,4;83,4;7.996.557 ;7.996.557 ;84,3;84,3;1.961.177 ;1.961.177 ;80,3;80,3;1.658.681 ;1.658.681 ;81,6;81,6;350.366 ;350.366 ;77,8;77,8;1.050.805 ;1.050.805 ;80,9;80,9;3.608.634 ;3.608.634 ;83,1;83,1;1.029.038 ;1.029.038 ;79,5;79,5;5.041.312 ;5.041.312 ;83,4;83,4;10.587.740 ;10.587.740 ;82,2;82,2;2.500.548 ;2.500.548 ;83,0;83,0;605.293 ;605.293 ;82,4;82,4;2.584.777 ;2.584.777 ;81,1;81,1;1.347.837 ;1.347.837 ;77,7;77,7;1.889.968;1.889.968;83,5;83,5;1.333.474;1.333.474;80,7;80,7;41.137.491;41.137.491;83,0;83,0;8.791.162 ;8.791.162;80,4;80,4;–;–;–;–;–;–;–;–;–;–;–;–;–;–;–;–;–;–;–;–;–;–;–;–;–;–;–;–;–;–;–;–;–;–;–;–;–;–;–;–;–;–;–;–;–;–;–;–;–;–;–;–;–;–;–;–;–;;
ungültige Stimmen;1949;–;763.216 ;763.216 ;3,1;3,1;119.321 ;119.321 ;4,2;4,2;123.953 ;123.953 ;2,6;2,6;–;–;–;–;–;–;–;–;7.115 ;7.115 ;2,3;2,3;20.991 ;20.991 ;2,3;2,3;119.112 ;119.112 ;5,3;5,3;–;–;–;–;73.999 ;73.999 ;2,2;2,2;183.176 ;183.176 ;2,7;2,7;82.200 ;82.200 ;5,4;5,4;–;–;–;–;–;–;–;–;–;–;–;–;33.349;33.349;2,3;2,3;–;–;–;–;–;–;–;–;–;–;–;–;–;–;–;–;–;–;–;–;–;–;–;–;–;–;–;–;–;–;–;–;–;–;–;–;–;–;–;–;–;–;–;–;–;–;–;–;–;–;–;–;–;–;–;–;–;–;–;–;–;–;–;–;–;–;–;–;–;;
ungültige Stimmen;1953;–;959.790 ;928.278 ;3,4;3,3;109.125 ;122.122 ;2,9;3,3;190.172 ;190.261 ;3,6;3,6;–;–;–;–;–;–;–;–;8.088 ;11.720 ;2,2;3,2;37.601 ;25.296 ;3,5;2,3;94.570 ;115.151 ;3,5;4,3;–;–;–;–;145.707 ;114.146 ;3,7;2,9;256.275 ;242.532 ;3,1;2,9;80.662 ;67.344 ;4,4;3,7;–;–;–;–;–;–;–;–;–;–;–;–;37.590;39.706;2,7;2,9;–;–;–;–;–;–;–;–;–;–;–;–;–;–;–;–;–;–;–;–;–;–;–;–;–;–;–;–;–;–;–;–;–;–;–;–;–;–;–;–;–;–;–;–;–;–;–;–;–;–;–;–;–;–;–;–;–;–;–;–;–;–;–;–;–;–;–;–;–;;
ungültige Stimmen;1957;–;916.680 ;1.167.466 ;3,0;3,8;142.818 ;189.735 ;3,5;4,6;166.983 ;196.706 ;3,1;3,6;–;–;–;–;–;–;–;–;8.741 ;15.898 ;2,1;3,8;19.098 ;30.919 ;1,6;2,6;102.907 ;135.829 ;3,6;4,7;–;–;–;–;122.552 ;123.835 ;3,1;3,1;221.965 ;303.657 ;2,4;3,3;68.008 ;77.220 ;3,4;3,9;31.031 ;38.487 ;5,3;6,5;–;–;–;–;–;–;–;–;32.577;55.180;2,4;4,0;–;–;–;–;–;–;–;–;–;–;–;–;–;–;–;–;–;–;–;–;–;–;–;–;–;–;–;–;–;–;–;–;–;–;–;–;–;–;–;–;–;–;–;–;–;–;–;–;–;–;–;–;–;–;–;–;–;–;–;–;–;–;–;–;–;–;–;–;–;;
ungültige Stimmen;1961;–;845.158 ;1.298.723 ;2,6;4,0;145.850 ;230.585 ;3,3;5,2;136.235 ;227.583 ;2,4;4,0;–;–;–;–;–;–;–;–;8.312 ;19.695 ;1,9;4,4;18.143 ;34.050 ;1,5;2,8;84.359 ;149.552 ;2,8;4,9;–;–;–;–;81.650 ;140.535 ;2,0;3,4;233.453 ;281.183 ;2,4;2,9;69.645 ;99.994 ;3,4;4,8;35.156 ;47.208 ;5,6;7,5;–;–;–;–;–;–;–;–;32.355;68.338;2,3;4,8;–;–;–;–;–;–;–;–;–;–;–;–;–;–;–;–;–;–;–;–;–;–;–;–;–;–;–;–;–;–;–;–;–;–;–;–;–;–;–;–;–;–;–;–;–;–;–;–;–;–;–;–;–;–;–;–;–;–;–;–;–;–;–;–;–;–;–;–;–;;
ungültige Stimmen;1965;–;979.158 ;795.765 ;2,9;2,4;160.835 ;146.488 ;3,5;3,2;164.676 ;161.513 ;2,8;2,8;–;–;–;–;–;–;–;–;11.680 ;8.582 ;2,6;1,9;23.801 ;15.855 ;2,0;1,3;96.118 ;84.585 ;3,1;2,8;–;–;–;–;109.610 ;93.108 ;2,6;2,2;259.676 ;168.836 ;2,6;1,7;82.542 ;58.581 ;3,9;2,8;29.162 ;25.965 ;4,4;4,0;–;–;–;–;–;–;–;–;41.058;32.252;2,8;2,2;–;–;–;–;–;–;–;–;–;–;–;–;–;–;–;–;–;–;–;–;–;–;–;–;–;–;–;–;–;–;–;–;–;–;–;–;–;–;–;–;–;–;–;–;–;–;–;–;–;–;–;–;–;–;–;–;–;–;–;–;–;–;–;–;–;–;–;–;–;;
ungültige Stimmen;1969;–;809.548 ;557.040 ;2,4;1,7;137.152 ;105.661 ;2,9;2,3;158.592 ;107.236 ;2,7;1,8;–;–;–;–;–;–;–;–;11.049 ;5.013 ;2,4;1,1;14.397 ;8.172 ;1,2;0,7;73.371 ;53.835 ;2,3;1,7;–;–;–;–;78.683 ;59.060 ;1,9;1,4;236.654 ;140.798 ;2,4;1,4;49.143 ;41.208 ;2,3;2,0;23.362 ;18.997 ;3,6;2,9;–;–;–;–;–;–;–;–;27.145;17.060;1,8;1,2;–;–;–;–;–;–;–;–;–;–;–;–;–;–;–;–;–;–;–;–;–;–;–;–;–;–;–;–;–;–;–;–;–;–;–;–;–;–;–;–;–;–;–;–;–;–;–;–;–;–;–;–;–;–;–;–;–;–;–;–;–;–;–;–;–;–;–;–;–;;
ungültige Stimmen;1972;–;457.810 ;301.839 ;1,2;0,8;70.981 ;54.852 ;1,3;1,0;97.596 ;62.426 ;1,5;0,9;–;–;–;–;–;–;–;–;4.861 ;3.546 ;1,0;0,7;7.753 ;5.767 ;0,6;0,5;36.907 ;23.647 ;1,0;0,7;–;–;–;–;46.809 ;32.424 ;1,0;0,7;128.101 ;71.169 ;1,2;0,6;33.295 ;26.146 ;1,4;1,1;13.039 ;10.998 ;1,8;1,5;–;–;–;–;–;–;–;–;18.468;10.864;1,1;0,7;–;–;–;–;–;–;–;–;–;–;–;–;–;–;–;–;–;–;–;–;–;–;–;–;–;–;–;–;–;–;–;–;–;–;–;–;–;–;–;–;–;–;–;–;–;–;–;–;–;–;–;–;–;–;–;–;–;–;–;–;–;–;–;–;–;–;–;–;–;;
ungültige Stimmen;1976;–;470.109 ;343.253 ;1,2;0,9;67.844 ;46.836 ;1,2;0,9;82.213 ;51.144 ;1,2;0,8;–;–;–;–;–;–;–;–;3.474 ;2.594 ;0,7;0,5;6.661 ;4.995 ;0,6;0,4;41.244 ;27.273 ;1,2;0,8;–;–;–;–;109.778 ;98.398 ;2,3;2,1;107.261 ;76.984 ;1,0;0,7;27.477 ;19.693 ;1,1;0,8;9.832 ;7.471 ;1,3;1,0;–;–;–;–;–;–;–;–;14.325;7.865;0,8;0,5;–;–;–;–;–;–;–;–;–;–;–;–;–;–;–;–;–;–;–;–;–;–;–;–;–;–;–;–;–;–;–;–;–;–;–;–;–;–;–;–;–;–;–;–;–;–;–;–;–;–;–;–;–;–;–;–;–;–;–;–;–;–;–;–;–;–;–;–;–;;
ungültige Stimmen;1980;Summe der ungültigen und gültigen Zweitstimmen ist wegen Unstimmigkeiten im Saarland um 80 niedriger als die Zahl der Wähler insgesamt.;485.645 ;353.115 ;1,3;0,9;78.753 ;64.022 ;1,4;1,2;110.102 ;68.415 ;1,6;1,0;–;–;–;–;–;–;–;–;4.498 ;3.752 ;1,0;0,8;9.918 ;6.731 ;0,9;0,6;47.140 ;32.909 ;1,3;0,9;–;–;–;–;47.636 ;35.691 ;1,0;0,7;116.614 ;89.233 ;1,1;0,8;38.394 ;29.203 ;1,5;1,2;12.882 ;10.523 ;1,7;1,4;–;–;–;–;–;–;–;–;19.708;12.636;1,1;0,7;–;–;–;–;–;–;–;–;–;–;–;–;–;–;–;–;–;–;–;–;–;–;–;–;–;–;–;–;–;–;–;–;–;–;–;–;–;–;–;–;–;–;–;–;–;–;–;–;–;–;–;–;–;–;–;–;–;–;–;–;–;–;–;–;–;–;–;–;–;;
ungültige Stimmen;1983;Summe der ungültigen und gültigen Zweitstimmen ist wegen Unstimmigkeiten im Saarland um 1 niedriger als die Zahl der Wähler insgesamt.;434.176 ;338.841 ;1,1;0,9;77.150 ;62.985 ;1,3;1,1;78.491 ;55.174 ;1,1;0,8;–;–;–;–;–;–;–;–;5.074 ;4.438 ;1,1;1,0;6.330 ;4.977 ;0,6;0,5;40.665 ;31.563 ;1,1;0,9;–;–;–;–;42.883 ;34.225 ;0,9;0,7;98.904 ;78.037 ;0,9;0,7;57.840 ;44.595 ;2,3;1,8;10.712 ;9.697 ;1,4;1,3;–;–;–;–;–;–;–;–;16.127;13.150;0,9;0,7;–;–;–;–;–;–;–;–;–;–;–;–;–;–;–;–;–;–;–;–;–;–;–;–;–;–;–;–;–;–;–;–;–;–;–;–;–;–;–;–;–;–;–;–;–;–;–;–;–;–;–;–;–;–;–;–;–;–;–;–;–;–;–;–;–;–;–;–;–;;
ungültige Stimmen;1987;–;482.481 ;357.975 ;1,3;0,9;88.456 ;67.799 ;1,6;1,2;90.817 ;57.714 ;1,3;0,8;–;–;–;–;–;–;–;–;4.060 ;3.452 ;0,9;0,8;8.199 ;6.259 ;0,8;0,6;56.082 ;42.350 ;1,6;1,2;–;–;–;–;44.850 ;34.796 ;0,9;0,7;117.530 ;86.504 ;1,1;0,8;39.756 ;31.626 ;1,6;1,3;13.631 ;12.865 ;1,8;1,7;–;–;–;–;–;–;–;–;19.100;14.610;1,1;0,8;–;–;–;–;–;–;–;–;–;–;–;–;–;–;–;–;–;–;–;–;–;–;–;–;–;–;–;–;–;–;–;–;–;–;–;–;–;–;–;–;–;–;–;–;–;–;–;–;–;–;–;–;–;–;–;–;–;–;–;–;–;–;–;–;–;–;–;–;–;;
ungültige Stimmen;1990;–;720.990 ;540.143 ;1,5;1,1;94.671 ;76.041 ;1,7;1,4;80.145 ;52.561 ;1,2;0,8;55.837 ;31.217 ;2,7;1,5;26.188 ;20.708 ;1,8;1,4;4.780 ;4.148 ;1,2;1,0;9.590 ;7.829 ;1,0;0,8;54.462 ;41.102 ;1,6;1,2;29.756 ;17.922 ;2,9;1,8;46.665 ;36.818 ;1,0;0,8;124.223 ;103.889 ;1,2;1,0;45.307 ;33.335 ;1,9;1,4;13.187 ;10.501 ;1,8;1,5;60.631 ;44.492 ;2,1;1,6;29.974 ;24.337 ;1,9;1,5;18.104;14.861;1,1;0,9;27.470;20.382;1,8;1,3;526.973;402.687;1,4;1,1;194.017 ;137.456;2,1;1,5;–;–;–;–;–;–;–;–;–;–;–;–;–;–;–;–;–;–;–;–;–;–;–;–;–;–;–;–;–;–;–;–;–;–;–;–;–;–;–;–;–;–;–;–;–;–;–;–;–;–;–;–;–;–;–;–;–;;
ungültige Stimmen;1994;–;788.643 ;632.825 ;1,7;1,3;87.013 ;73.755 ;1,5;1,3;68.285 ;51.158 ;1,0;0,8;21.779 ;20.386 ;1,1;1,0;16.759 ;13.147 ;1,2;1,0;6.126 ;6.360 ;1,5;1,6;8.739 ;7.562 ;0,9;0,8;58.031 ;46.983 ;1,6;1,3;23.945 ;21.960 ;2,4;2,2;51.539 ;39.390 ;1,1;0,8;249.476 ;202.769 ;2,3;1,9;44.427 ;29.920 ;1,8;1,2;30.551 ;25.192 ;4,4;3,6;42.259 ;25.812 ;1,6;1,0;19.573 ;17.590 ;1,3;1,2;19.267;15.694;1,1;0,9;40.874;35.147;2,8;2,4;638.442;512.797;1,6;1,3;150.201 ;120.028;1,7;1,4;–;–;–;–;–;–;–;–;–;–;–;–;–;–;–;–;–;–;–;–;–;–;–;–;–;–;–;–;–;–;–;–;–;–;–;–;–;–;–;–;–;–;–;–;–;–;–;–;–;–;–;–;–;–;–;–;–;;
ungültige Stimmen;1998;–;780.507 ;638.575 ;1,6;1,3;101.831 ;87.248 ;1,7;1,4;72.499 ;52.343 ;1,0;0,7;27.236 ;22.558 ;1,4;1,1;48.329 ;45.181 ;3,0;2,8;5.574 ;4.553 ;1,4;1,1;14.358 ;11.283 ;1,5;1,1;64.629 ;53.353 ;1,8;1,5;34.269 ;28.241 ;3,1;2,5;60.279 ;44.399 ;1,2;0,9;139.981 ;114.941 ;1,3;1,0;49.945 ;37.965 ;2,0;1,5;15.890 ;13.678 ;2,3;1,9;56.495 ;46.994 ;1,9;1,6;32.901 ;26.444 ;2,0;1,6;26.431;23.843;1,5;1,4;29.860;25.551;1,8;1,6;569.965;459.022;1,4;1,1;210.542 ;179.553;2,2;1,9;–;–;–;–;–;–;–;–;–;–;–;–;–;–;–;–;–;–;–;–;–;–;–;–;–;–;–;–;–;–;–;–;–;–;–;–;–;–;–;–;–;–;–;–;–;–;–;–;–;–;–;–;–;–;–;–;–;;
ungültige Stimmen;2002;–;741.037 ;586.281 ;1,5;1,2;97.438 ;77.749 ;1,6;1,3;101.572 ;53.619 ;1,4;0,7;28.962 ;24.183 ;1,5;1,3;24.599 ;21.451 ;1,6;1,4;4.368 ;4.385 ;1,1;1,1;11.323 ;8.980 ;1,2;0,9;75.117 ;66.004 ;2,2;1,9;24.993 ;23.485 ;2,5;2,4;56.690 ;40.094 ;1,2;0,8;125.503 ;108.851 ;1,2;1,0;53.170 ;38.674 ;2,2;1,6;15.500 ;14.197 ;2,4;2,2;50.070 ;45.197 ;1,9;1,7;23.673 ;20.503 ;1,6;1,4;21.956;18.267;1,3;1,0;26.103;20.642;1,8;1,4;581.071;445.983;1,5;1,1;159.966 ;140.298;1,8;1,6;–;–;–;–;–;–;–;–;–;–;–;–;–;–;–;–;–;–;–;–;–;–;–;–;–;–;–;–;–;–;–;–;–;–;–;–;–;–;–;–;–;–;–;–;–;–;–;–;–;–;–;–;–;–;–;–;–;;
ungültige Stimmen;2005;–;850.072 ;756.146 ;1,8;1,6;115.183 ;101.470 ;1,9;1,7;115.273 ;86.536 ;1,6;1,2;36.129 ;30.761 ;1,9;1,6;30.013 ;27.369 ;1,9;1,7;5.832 ;5.361 ;1,6;1,5;11.927 ;10.789 ;1,3;1,1;80.540 ;77.410 ;2,3;2,3;20.706 ;19.168 ;2,0;1,9;68.855 ;61.254 ;1,4;1,3;150.235 ;139.199 ;1,4;1,3;58.119 ;50.642 ;2,4;2,1;17.340 ;16.571 ;2,7;2,5;49.485 ;47.468 ;1,8;1,8;33.965 ;31.092 ;2,3;2,1;26.499;24.004;1,5;1,4;29.971;27.052;2,0;1,8;673.139;592.838;1,7;1,5;176.933 ;163.308;2,0;1,8;–;–;–;–;–;–;–;–;–;–;–;–;–;–;–;–;–;–;–;–;–;–;–;–;–;–;–;–;–;–;–;–;–;–;–;–;–;–;–;–;–;–;–;–;–;–;–;–;–;–;–;–;–;–;–;–;–;;
ungültige Stimmen;2009;–;757.575 ;634.385 ;1,7;1,4;105.893 ;88.153 ;1,9;1,6;94.735 ;68.496 ;1,4;1,0;34.080 ;29.434 ;1,9;1,7;43.337 ;37.750 ;3,0;2,6;5.248 ;4.416 ;1,5;1,3;12.395 ;9.715 ;1,4;1,1;72.602 ;67.070 ;2,2;2,1;16.467 ;14.909 ;1,9;1,7;59.446 ;49.738 ;1,3;1,1;127.085 ;104.438 ;1,3;1,1;52.988 ;40.419 ;2,4;1,8;13.666 ;11.327 ;2,3;1,9;36.275 ;33.594 ;1,6;1,5;25.944 ;24.049 ;2,1;2,0;39.494;34.882;2,4;2,1;17.920;15.995;1,4;1,3;605.572;497.568;1,7;1,4;152.003 ;136.817;2,0;1,8;–;–;–;–;–;–;–;–;–;–;–;–;–;–;–;–;–;–;–;–;–;–;–;–;–;–;–;–;–;–;–;–;–;–;–;–;–;–;–;–;–;–;–;–;–;–;–;–;–;–;–;–;–;–;–;–;–;;
ungültige Stimmen;2013;–;684.883 ;583.069 ;1,5;1,3;84.058 ;69.450 ;1,5;1,2;62.423 ;52.971 ;0,9;0,8;29.655 ;27.694 ;1,6;1,5;29.140 ;24.423 ;2,1;1,7;4.211 ;3.610 ;1,3;1,1;11.260 ;10.384 ;1,2;1,2;89.214 ;82.392 ;2,8;2,6;15.974 ;13.975 ;1,8;1,6;53.723 ;46.021 ;1,2;1,0;132.654 ;107.090 ;1,4;1,1;50.715 ;37.482 ;2,3;1,7;15.479 ;14.868 ;2,7;2,6;43.865 ;36.106 ;1,9;1,5;21.741 ;19.433 ;1,8;1,6;18.752;17.460;1,1;1,1;22.019;19.710;1,8;1,6;541.373;459.018;1,5;1,3;143.510 ;124.051;1,8;1,6;–;–;–;–;–;–;–;–;–;–;–;–;–;–;–;–;–;–;–;–;–;–;–;–;–;–;–;–;–;–;–;–;–;–;–;–;–;–;–;–;–;–;–;–;–;–;–;–;–;–;–;–;–;–;–;–;–;;
ungültige Stimmen;2017;–;586.726 ;460.849 ;1,2;1,0;70.712 ;60.975 ;1,2;1,0;69.317 ;47.796 ;0,9;0,6;26.660 ;23.092 ;1,4;1,2;23.743 ;21.314 ;1,6;1,4;4.876 ;3.596 ;1,5;1,1;9.254 ;6.808 ;0,9;0,7;50.889 ;46.541 ;1,5;1,4;11.742 ;11.077 ;1,3;1,2;46.554 ;34.895 ;1,0;0,7;124.291 ;85.084 ;1,3;0,9;40.223 ;29.587 ;1,7;1,2;10.008 ;10.153 ;1,7;1,7;39.951 ;30.280 ;1,6;1,2;22.949 ;18.494 ;1,8;1,5;16.172;13.553;0,9;0,8;19.385;17.604;1,5;1,3;459.082;353.083;1,2;0,9;127.644 ;107.766;1,5;1,3;–;–;–;–;–;–;–;–;–;–;–;–;–;–;–;–;–;–;–;–;–;–;–;–;–;–;–;–;–;–;–;–;–;–;–;–;–;–;–;–;–;–;–;–;–;–;–;–;–;–;–;–;–;–;–;–;–;;
ungültige Stimmen;2021;einschl. Wiederholungswahl in Teilen Berlins;488.483 ;408.956 ;1,0;0,9;54.574 ;47.657 ;0,9;0,8;55.864 ;37.667 ;0,7;0,5;27.619 ;26.793 ;1,6;1,6;21.706 ;19.821 ;1,4;1,3;3.374 ;2.391 ;1,0;0,7;7.720 ;5.500 ;0,8;0,5;44.706 ;39.829 ;1,3;1,2;16.954 ;16.181 ;1,8;1,7;44.570 ;39.921 ;1,0;0,9;92.465 ;72.954 ;0,9;0,7;31.352 ;22.869 ;1,3;1,0;10.850 ;10.295 ;1,9;1,8;29.375 ;26.057 ;1,2;1,0;14.583 ;12.821 ;1,2;1,1;16.132;13.391;0,9;0,8;16.639;14.809;1,3;1,2;378.614;308.498;1,0;0,8;109.869 ;100.458;1,3;1,2;–;–;–;–;–;–;–;–;–;–;–;–;–;–;–;–;–;–;–;–;–;–;–;–;–;–;–;–;–;–;–;–;–;–;–;–;–;–;–;–;–;–;–;–;–;–;–;–;–;–;–;–;–;–;–;–;–;;
ungültige Stimmen;2025;–;423.264 ;279.141 ;0,8;0,6;49.732 ;32.448 ;0,8;0,5;47.357 ;24.503 ;0,6;0,3;18.539 ;11.644 ;0,9;0,6;16.488 ;11.343 ;1,0;0,7;3.286 ;2.110 ;0,9;0,6;8.507 ;5.185 ;0,8;0,5;35.802 ;27.800 ;1,0;0,8;11.315 ;7.796 ;1,1;0,8;36.097 ;25.976 ;0,7;0,5;97.311 ;61.606 ;0,9;0,6;27.497 ;18.190 ;1,1;0,7;8.051 ;5.570 ;1,3;0,9;22.002 ;15.205 ;0,9;0,6;17.293 ;10.488 ;1,3;0,8;13.739;9.963 ;0,7;0,5;10.248;9.314 ;0,8;0,7;338.673;220.339;0,8;0,5;84.591 ;58.802;1,0;0,7;–;–;–;–;–;–;–;–;–;–;–;–;–;–;–;–;–;–;–;–;–;–;–;–;–;–;–;–;–;–;–;–;–;–;–;–;–;–;–;–;–;–;–;–;–;–;–;–;–;–;–;–;–;–;–;–;–;;
gültige Stimmen/Sitze insgesamt;1949;–;23.732.398 ;23.732.398 ;96,9;96,9;2.745.453 ;2.745.453 ;95,8;95,8;4.727.623 ;4.727.623 ;97,4;97,4;–;–;–;–;–;–;–;–;303.865 ;303.865 ;97,7;97,7;905.444 ;905.444 ;97,7;97,7;2.128.278 ;2.128.278 ;94,7;94,7;–;–;–;–;3.365.965 ;3.365.965 ;97,8;97,8;6.726.543 ;6.726.543 ;97,3;97,3;1.431.556 ;1.431.556 ;94,6;94,6;–;–;–;–;–;–;–;–;–;–;–;–;1.397.671;1.397.671;97,7;97,7;–;–;–;–;–;–;–;–;–;–;–;–;410 ;29 ;242;12;168;17;402 ;242;160;55 ;33;22;78 ;47;31;–;–;–;–;–;–;5 ;3;2;13 ;8;5;36 ;22;14;–;–;–;58 ;34;24;109 ;66;43;25 ;15;10;–;–;–;–;–;–;–;–;–;23 ;14;9;–;–;–;;
gültige Stimmen/Sitze insgesamt;1953;–;27.519.760 ;27.551.272 ;96,6;96,7;3.601.128 ;3.588.131 ;97,1;96,7;5.073.645 ;5.073.556 ;96,4;96,4;–;–;–;–;–;–;–;–;359.832 ;356.200 ;97,8;96,8;1.047.678 ;1.059.983 ;96,5;97,7;2.577.533 ;2.556.952 ;96,5;95,7;–;–;–;–;3.749.035 ;3.780.596 ;96,3;97,1;7.994.686 ;8.008.429 ;96,9;97,1;1.762.045 ;1.775.363 ;95,6;96,3;–;–;–;–;–;–;–;–;–;–;–;–;1.354.178;1.352.062;97,3;97,1;–;–;–;–;–;–;–;–;–;–;–;–;509 ;45 ;242;9;267;36;487 ;242;245;67 ;33;34;91 ;47;44;–;–;–;–;–;–;6 ;3;3;18 ;8;10;44 ;22;22;–;–;–;66 ;34;32;138 ;66;72;31 ;15;16;–;–;–;–;–;–;–;–;–;26 ;14;12;–;–;–;;
gültige Stimmen/Sitze insgesamt;1957;–;30.156.214 ;29.905.428 ;97,0;96,2;3.954.757 ;3.907.840 ;96,5;95,4;5.303.364 ;5.273.641 ;96,9;96,4;–;–;–;–;–;–;–;–;405.757 ;398.600 ;97,9;96,2;1.166.080 ;1.154.259 ;98,4;97,4;2.760.185 ;2.727.263 ;96,4;95,3;–;–;–;–;3.827.696 ;3.826.413 ;96,9;96,9;8.936.963 ;8.855.271 ;97,6;96,7;1.908.217 ;1.899.005 ;96,6;96,1;558.547 ;551.091 ;94,7;93,5;–;–;–;–;–;–;–;–;1.334.648;1.312.045;97,6;96,0;–;–;–;–;–;–;–;–;–;–;–;–;519 ;48 ;247;9;272;39;497 ;247;250;67 ;33;34;82 ;47;35;–;–;–;–;–;–;6 ;3;3;19 ;8;11;46 ;22;24;–;–;–;61 ;34;27;154 ;66;88;31 ;15;16;8 ;5;3;–;–;–;–;–;–;23 ;14;9;–;–;–;;
gültige Stimmen/Sitze insgesamt;1961;–;32.004.466 ;31.550.901 ;97,4;96,0;4.273.898 ;4.189.163 ;96,7;94,8;5.578.310 ;5.486.962 ;97,6;96,0;–;–;–;–;–;–;–;–;439.624 ;428.241 ;98,1;95,6;1.209.644 ;1.193.737 ;98,5;97,2;2.943.882 ;2.878.689 ;97,2;95,1;–;–;–;–;4.001.840 ;3.942.955 ;98,0;96,6;9.565.976 ;9.518.246 ;97,6;97,1;2.000.282 ;1.969.933 ;96,6;95,2;591.661 ;579.609 ;94,4;92,5;–;–;–;–;–;–;–;–;1.399.349;1.363.366;97,7;95,2;–;–;–;–;–;–;–;–;–;–;–;–;521 ;43 ;247;7;274;36;499 ;247;252;66 ;33;33;86 ;47;39;–;–;–;–;–;–;5 ;3;2;18 ;8;10;45 ;22;23;–;–;–;60 ;34;26;155 ;66;89;31 ;15;16;9 ;5;4;–;–;–;–;–;–;24 ;14;10;–;–;–;;
gültige Stimmen/Sitze insgesamt;1965;–;32.437.049 ;32.620.442 ;97,1;97,6;4.437.880 ;4.452.227 ;96,5;96,8;5.638.328 ;5.641.491 ;97,2;97,2;–;–;–;–;–;–;–;–;441.119 ;444.217 ;97,4;98,1;1.179.133 ;1.187.079 ;98,0;98,7;2.976.919 ;2.988.452 ;96,9;97,2;–;–;–;–;4.036.239 ;4.052.741 ;97,4;97,8;9.660.392 ;9.751.232 ;97,4;98,3;2.031.769 ;2.055.730 ;96,1;97,2;627.334 ;630.531 ;95,6;96,0;–;–;–;–;–;–;–;–;1.407.936;1.416.742;97,2;97,8;–;–;–;–;–;–;–;–;–;–;–;–;518 ;36 ;248;8;270;28;496 ;248;248;68 ;36;32;86 ;44;42;–;–;–;–;–;–;5 ;3;2;17 ;8;9;45 ;22;23;–;–;–;62 ;30;32;153 ;73;80;31 ;16;15;8 ;5;3;–;–;–;–;–;–;21 ;11;10;–;–;–;;
gültige Stimmen/Sitze insgesamt;1969;–;32.713.516 ;32.966.024 ;97,6;98,3;4.553.275 ;4.584.766 ;97,1;97,7;5.679.132 ;5.730.488 ;97,3;98,2;–;–;–;–;–;–;–;–;441.324 ;447.360 ;97,6;98,9;1.160.584 ;1.166.809 ;98,8;99,3;3.078.497 ;3.098.033 ;97,7;98,3;–;–;–;–;4.086.007 ;4.105.630 ;98,1;98,6;9.591.257 ;9.687.113 ;97,6;98,6;2.048.165 ;2.056.100 ;97,7;98,0;630.520 ;634.885 ;96,4;97,1;–;–;–;–;–;–;–;–;1.444.755;1.454.840;98,2;98,8;–;–;–;–;–;–;–;–;–;–;–;–;518 ;34 ;248;6;270;28;496 ;248;248;70 ;36;34;84 ;44;40;–;–;–;–;–;–;5 ;3;2;17 ;8;9;46 ;22;24;–;–;–;63 ;30;33;151 ;73;78;31 ;16;15;8 ;5;3;–;–;–;–;–;–;21 ;11;10;–;–;–;;
gültige Stimmen/Sitze insgesamt;1972;–;37.303.779 ;37.459.750 ;98,8;99,2;5.306.004 ;5.322.133 ;98,7;99,0;6.528.620 ;6.563.790 ;98,5;99,1;–;–;–;–;–;–;–;–;487.570 ;488.885 ;99,0;99,3;1.235.079 ;1.237.065 ;99,4;99,5;3.485.576 ;3.498.836 ;99,0;99,3;–;–;–;–;4.638.089 ;4.652.474 ;99,0;99,3;10.877.706 ;10.934.638 ;98,8;99,4;2.370.712 ;2.377.861 ;98,6;98,9;727.871 ;729.912 ;98,2;98,5;–;–;–;–;–;–;–;–;1.646.552;1.654.156;98,9;99,3;–;–;–;–;–;–;–;–;–;–;–;–;518 ;30 ;248;4;270;26;496 ;248;248;72 ;36;36;86 ;44;42;–;–;–;–;–;–;4 ;3;1;16 ;8;8;47 ;22;25;–;–;–;62 ;30;32;148 ;73;75;31 ;16;15;8 ;5;3;–;–;–;–;–;–;22 ;11;11;–;–;–;;
gültige Stimmen/Sitze insgesamt;1976;–;37.695.644 ;37.822.500 ;98,8;99,1;5.384.526 ;5.405.534 ;98,8;99,1;6.682.626 ;6.713.695 ;98,8;99,2;–;–;–;–;–;–;–;–;472.108 ;472.988 ;99,3;99,5;1.166.421 ;1.168.087 ;99,4;99,6;3.544.031 ;3.558.002 ;98,8;99,2;–;–;–;–;4.647.598 ;4.658.978 ;97,7;97,9;10.959.285 ;10.989.562 ;99,0;99,3;2.421.469 ;2.429.253 ;98,9;99,2;743.954 ;746.315 ;98,7;99,0;–;–;–;–;–;–;–;–;1.673.626;1.680.086;99,2;99,5;–;–;–;–;–;–;–;–;–;–;–;–;518 ;38 ;248;7;270;31;496 ;248;248;71 ;36;35;88 ;44;44;–;–;–;–;–;–;5 ;3;2;14 ;8;6;47 ;22;25;–;–;–;62 ;30;32;148 ;73;75;31 ;16;15;8 ;5;3;–;–;–;–;–;–;22 ;11;11;–;–;–;;
gültige Stimmen/Sitze insgesamt;1980;Summe der ungültigen und gültigen Zweitstimmen ist wegen Unstimmigkeiten im Saarland um 80 niedriger als die Zahl der Wähler insgesamt.;37.806.531 ;37.938.981 ;98,7;99,1;5.439.309 ;5.454.040 ;98,6;98,8;6.744.678 ;6.786.365 ;98,4;99,0;–;–;–;–;–;–;–;–;454.710 ;455.456 ;99,0;99,2;1.103.281 ;1.106.468 ;99,1;99,4;3.550.931 ;3.565.162 ;98,7;99,1;–;–;–;–;4.743.197 ;4.755.142 ;99,0;99,3;10.892.068 ;10.919.449 ;98,9;99,2;2.442.369 ;2.451.560 ;98,5;98,8;739.143 ;741.422 ;98,3;98,6;–;–;–;–;–;–;–;–;1.696.845;1.703.917;98,9;99,3;–;–;–;–;–;–;–;–;–;–;–;–;519 ;44 ;248;11;271;33;497 ;248;249;72 ;37;35;89 ;45;44;–;–;–;–;–;–;4 ;3;1;13 ;7;6;46 ;22;24;–;–;–;63 ;31;32;147 ;71;76;32 ;16;16;8 ;5;3;–;–;–;–;–;–;23 ;11;12;–;–;–;;
gültige Stimmen/Sitze insgesamt;1983;Summe der ungültigen und gültigen Zweitstimmen ist wegen Unstimmigkeiten im Saarland um 1 niedriger als die Zahl der Wähler insgesamt.;38.845.353 ;38.940.687 ;98,9;99,1;5.708.420 ;5.722.585 ;98,7;98,9;6.941.574 ;6.964.891 ;98,9;99,2;–;–;–;–;–;–;–;–;457.048 ;457.684 ;98,9;99,0;1.099.514 ;1.100.867 ;99,4;99,5;3.632.407 ;3.641.509 ;98,9;99,1;–;–;–;–;4.866.178 ;4.874.836 ;99,1;99,3;11.155.470 ;11.176.337 ;99,1;99,3;2.488.426 ;2.501.671 ;97,7;98,2;751.174 ;752.188 ;98,6;98,7;–;–;–;–;–;–;–;–;1.745.142;1.748.119;99,1;99,3;–;–;–;–;–;–;–;–;–;–;–;–;520 ;51 ;248;10;272;41;498 ;248;250;74 ;37;37;89 ;45;44;–;–;–;–;–;–;5 ;3;2;13 ;7;6;48 ;22;26;–;–;–;63 ;31;32;146 ;71;75;31 ;16;15;8 ;5;3;–;–;–;–;–;–;21 ;11;10;–;–;–;;
gültige Stimmen/Sitze insgesamt;1987;–;37.742.813 ;37.867.319 ;98,7;99,1;5.588.316 ;5.608.973 ;98,4;98,8;6.705.884 ;6.738.987 ;98,7;99,2;–;–;–;–;–;–;–;–;427.575 ;428.183 ;99,1;99,2;1.036.171 ;1.038.111 ;99,2;99,4;3.526.077 ;3.539.809 ;98,4;98,8;–;–;–;–;4.738.091 ;4.748.145 ;99,1;99,3;10.839.066 ;10.870.092 ;98,9;99,2;2.453.846 ;2.461.976 ;98,4;98,7;726.070 ;726.836 ;98,2;98,3;–;–;–;–;–;–;–;–;1.701.717;1.706.207;98,9;99,2;–;–;–;–;–;–;–;–;–;–;–;–;519 ;80 ;248;18;271;62;497 ;248;249;74 ;37;37;87 ;45;42;–;–;–;–;–;–;7 ;3;4;14 ;7;7;45 ;22;23;–;–;–;63 ;31;32;143 ;71;72;32 ;16;16;10 ;5;5;–;–;–;–;–;–;22 ;11;11;–;–;–;;
gültige Stimmen/Sitze insgesamt;1990;–;46.274.925 ;46.455.772 ;98,5;98,9;5.420.722 ;5.439.352 ;98,3;98,6;6.339.599 ;6.367.183 ;98,8;99,2;1.988.057 ;2.012.677 ;97,3;98,5;1.417.960 ;1.423.440 ;98,2;98,6;395.687 ;396.319 ;98,8;99,0;978.966 ;980.727 ;99,0;99,2;3.429.645 ;3.443.005 ;98,4;98,8;985.287 ;997.121 ;97,1;98,2;4.593.538 ;4.603.385 ;99,0;99,2;10.186.308 ;10.206.642 ;98,8;99,0;2.351.747 ;2.363.719 ;98,1;98,6;708.512 ;711.198 ;98,2;98,5;2.764.531 ;2.780.670 ;97,9;98,4;1.585.749 ;1.591.386 ;98,1;98,5;1.621.433;1.624.676;98,9;99,1;1.507.184;1.514.272;98,2;98,7;37.301.817;37.426.103;98,6;98,9;8.973.108 ;9.029.669;97,9;98,5;662 ;136 ;328;40;334;96;662 ;328;334;73 ;37;36;86 ;45;41;28 ;13;15;22 ;12;10;6 ;3;3;14 ;7;7;48 ;22;26;16 ;9;7;65 ;31;34;146 ;71;75;34 ;16;18;11 ;5;6;40 ;21;19;26 ;13;13;24 ;11;13;23 ;12;11;;
gültige Stimmen/Sitze insgesamt;1994;–;46.949.356 ;47.105.174 ;98,3;98,7;5.655.566 ;5.668.824 ;98,5;98,7;6.675.876 ;6.693.003 ;99,0;99,2;1.948.679 ;1.950.072 ;98,9;99,0;1.366.708 ;1.370.320 ;98,8;99,0;394.483 ;394.249 ;98,5;98,4;981.623 ;982.800 ;99,1;99,2;3.474.854 ;3.485.902 ;98,4;98,7;980.263 ;982.248 ;97,6;97,8;4.765.159 ;4.777.308 ;98,9;99,2;10.467.028 ;10.513.735 ;97,7;98,1;2.411.725 ;2.426.232 ;98,2;98,8;669.441 ;674.800 ;95,6;96,4;2.545.704 ;2.562.151 ;98,4;99,0;1.499.400 ;1.501.383 ;98,7;98,8;1.689.584;1.693.157;98,9;99,1;1.423.263;1.428.990;97,2;97,6;38.391.061;38.516.706;98,4;98,7;8.558.295 ;8.588.468;98,3;98,6;672 ;177 ;328;44;344;133;672 ;328;344;79 ;37;42;92 ;45;47;27 ;13;14;23 ;12;11;6 ;3;3;14 ;7;7;49 ;22;27;15 ;9;6;67 ;31;36;148 ;71;77;33 ;16;17;9 ;5;4;39 ;21;18;23 ;13;10;24 ;11;13;24 ;12;12;;
gültige Stimmen/Sitze insgesamt;1998;–;49.166.580 ;49.308.512 ;98,4;98,7;5.930.781 ;5.945.364 ;98,3;98,6;6.954.312 ;6.974.468 ;99,0;99,3;1.953.281 ;1.957.959 ;98,6;98,9;1.538.823 ;1.541.971 ;97,0;97,2;400.480 ;401.501 ;98,6;98,9;970.286 ;973.361 ;98,5;98,9;3.555.255 ;3.566.531 ;98,2;98,5;1.083.248 ;1.089.276 ;96,9;97,5;4.936.081 ;4.951.961 ;98,8;99,1;10.844.495 ;10.869.535 ;98,7;99,0;2.479.772 ;2.491.752 ;98,0;98,5;687.096 ;689.308 ;97,7;98,1;2.884.864 ;2.894.365 ;98,1;98,4;1.624.720 ;1.631.177 ;98,0;98,4;1.734.167;1.736.755;98,5;98,6;1.588.919;1.593.228;98,2;98,4;39.676.923;39.787.866;98,6;98,9;9.489.657 ;9.520.646;97,8;98,1;669 ;206 ;328;76;341;130;669 ;328;341;78 ;37;41;93 ;45;48;25 ;13;12;23 ;12;11;5 ;3;2;13 ;7;6;47 ;22;25;15 ;9;6;68 ;31;37;148 ;71;77;34 ;16;18;8 ;5;3;37 ;21;16;26 ;13;13;24 ;11;13;25 ;12;13;;
gültige Stimmen/Sitze insgesamt;2002;–;47.841.724 ;47.996.480 ;98,5;98,8;5.920.170 ;5.939.859 ;98,4;98,7;7.314.661 ;7.362.614 ;98,6;99,3;1.867.354 ;1.872.133 ;98,5;98,7;1.523.358 ;1.526.506 ;98,4;98,6;377.641 ;377.624 ;98,9;98,9;961.095 ;963.438 ;98,8;99,1;3.405.210 ;3.414.323 ;97,8;98,1;971.587 ;973.095 ;97,5;97,6;4.829.637 ;4.846.233 ;98,8;99,2;10.455.908 ;10.472.560 ;98,8;99,0;2.388.290 ;2.402.786 ;97,8;98,4;641.658 ;642.961 ;97,6;97,8;2.582.227 ;2.587.100 ;98,1;98,3;1.427.420 ;1.430.590 ;98,4;98,6;1.731.270;1.734.959;98,7;99,0;1.444.238;1.449.699;98,2;98,6;39.152.041;39.287.129;98,5;98,9;8.689.683 ;8.709.351;98,2;98,4;603 ;194 ;299;75;304;119;603 ;299;304;76 ;37;39;95 ;44;51;23 ;12;11;16 ;10;6;4 ;2;2;13 ;6;7;44 ;21;23;10 ;7;3;63 ;29;34;134 ;64;70;30 ;15;15;9 ;4;5;29 ;17;12;18 ;10;8;22 ;11;11;17 ;10;7;;
gültige Stimmen/Sitze insgesamt;2005;–;47.194.062 ;47.287.988 ;98,2;98,4;5.808.734 ;5.822.447 ;98,1;98,3;7.066.569 ;7.095.306 ;98,4;98,8;1.851.268 ;1.856.636 ;98,1;98,4;1.564.970 ;1.567.614 ;98,1;98,3;361.450 ;361.921 ;98,4;98,5;942.226 ;943.364 ;98,7;98,9;3.356.786 ;3.359.916 ;97,7;97,7;990.181 ;991.719 ;98,0;98,1;4.760.047 ;4.767.648 ;98,6;98,7;10.234.995 ;10.246.031 ;98,6;98,7;2.369.862 ;2.377.339 ;97,6;97,9;632.749 ;633.518 ;97,3;97,5;2.646.047 ;2.648.064 ;98,2;98,2;1.447.706 ;1.450.579 ;97,7;97,9;1.712.614;1.715.109;98,5;98,6;1.447.858;1.450.777;98,0;98,2;38.335.712;38.416.013;98,3;98,5;8.858.350 ;8.871.975;98,0;98,2;614 ;195 ;299;69;315;126;614 ;299;315;76 ;37;39;89 ;45;44;22 ;12;10;21 ;10;11;4 ;2;2;14 ;6;8;43 ;21;22;13 ;7;6;62 ;29;33;130 ;64;66;31 ;15;16;10 ;4;6;36 ;17;19;23 ;10;13;22 ;11;11;18 ;9;9;;
gültige Stimmen/Sitze insgesamt;2009;–;43.248.000 ;43.371.190 ;98,3;98,6;5.424.349 ;5.442.089 ;98,1;98,4;6.625.797 ;6.652.036 ;98,6;99,0;1.718.759 ;1.723.405 ;98,1;98,3;1.381.965 ;1.387.552 ;97,0;97,4;337.779 ;338.611 ;98,5;98,7;883.658 ;886.338 ;98,6;98,9;3.172.039 ;3.177.571 ;97,8;97,9;865.709 ;867.267 ;98,1;98,3;4.422.903 ;4.432.611 ;98,7;98,9;9.366.765 ;9.389.412 ;98,7;98,9;2.180.560 ;2.193.129 ;97,6;98,2;582.528 ;584.867 ;97,7;98,1;2.249.678 ;2.252.359 ;98,4;98,5;1.200.777 ;1.202.672 ;97,9;98,0;1.604.890;1.609.502;97,6;97,9;1.229.844;1.231.769;98,6;98,7;35.616.471;35.724.475;98,3;98,6;7.631.529 ;7.646.715;98,0;98,2;622 ;204 ;299;65;323;139;622 ;299;323;84 ;38;46;91 ;45;46;23 ;12;11;19 ;10;9;6 ;2;4;13 ;6;7;45 ;21;24;14 ;7;7;62 ;30;32;129 ;64;65;32 ;15;17;10 ;4;6;35 ;16;19;17 ;9;8;24 ;11;13;18 ;9;9;;
gültige Stimmen/Sitze insgesamt;2013;–;43.625.042 ;43.726.856 ;98,5;98,7;5.627.411 ;5.642.019 ;98,5;98,8;6.571.303 ;6.580.755 ;99,1;99,2;1.785.760 ;1.787.721 ;98,4;98,5;1.383.645 ;1.388.362 ;97,9;98,3;328.811 ;329.412 ;98,7;98,9;889.953 ;890.829 ;98,8;98,8;3.141.269 ;3.148.091 ;97,2;97,4;865.744 ;867.743 ;98,2;98,4;4.437.558 ;4.445.260 ;98,8;99,0;9.472.593 ;9.498.157 ;98,6;98,9;2.201.264 ;2.214.497 ;97,7;98,3;561.949 ;562.560 ;97,3;97,4;2.324.893 ;2.332.652 ;98,1;98,5;1.176.507 ;1.178.815 ;98,2;98,4;1.626.998;1.628.290;98,9;98,9;1.229.384;1.231.693;98,2;98,4;35.909.693;35.992.048;98,5;98,7;7.715.349 ;7.734.808;98,2;98,4;631 ;229 ;299;62;332;167;631 ;299;332;78 ;38;40;91 ;45;46;27 ;12;15;20 ;10;10;6 ;2;4;13 ;6;7;45 ;22;23;13 ;6;7;66 ;30;36;138 ;64;74;31 ;15;16;9 ;4;5;33 ;16;17;19 ;9;10;24 ;11;13;18 ;9;9;;
gültige Stimmen/Sitze insgesamt;2017;–;46.389.615 ;46.515.492 ;98,8;99,0;5.983.231 ;5.992.968 ;98,8;99,0;7.371.689 ;7.393.210 ;99,1;99,4;1.865.474 ;1.869.042 ;98,6;98,8;1.488.402 ;1.490.831 ;98,4;98,6;331.043 ;332.323 ;98,5;98,9;975.672 ;978.118 ;99,1;99,3;3.344.552 ;3.348.900 ;98,5;98,6;926.845 ;927.510 ;98,7;98,8;4.635.317 ;4.646.976 ;99,0;99,3;9.814.170 ;9.853.377 ;98,7;99,1;2.351.870 ;2.362.506 ;98,3;98,8;585.403 ;585.258 ;98,3;98,3;2.469.733 ;2.479.404 ;98,4;98,8;1.240.525 ;1.244.980 ;98,2;98,5;1.713.022;1.715.641;99,1;99,2;1.292.667;1.294.448;98,5;98,7;38.188.687;38.294.686;98,8;99,1;8.200.928 ;8.220.806;98,5;98,7;709 ;218 ;299;64;410;154;709 ;299;410;96 ;38;58;108 ;46;62;28 ;12;16;25 ;10;15;6 ;2;4;16 ;6;10;50 ;22;28;16 ;6;10;66 ;30;36;142 ;64;78;37 ;15;22;10 ;4;6;38 ;16;22;23 ;9;14;26 ;11;15;22 ;8;14;;
gültige Stimmen/Sitze insgesamt;2021;einschl. Wiederholungswahl in Teilen Berlins;46.218.860 ;46.298.387 ;99,0;99,1;5.942.743 ;5.949.660 ;99,1;99,2;7.553.116 ;7.571.313 ;99,3;99,5;1.682.119 ;1.682.945 ;98,4;98,4;1.527.758 ;1.529.643 ;98,6;98,7;327.057 ;328.040 ;99,0;99,3;1.003.324 ;1.005.544 ;99,2;99,5;3.295.933 ;3.300.810 ;98,7;98,8;918.086 ;918.859 ;98,2;98,3;4.518.572 ;4.523.221 ;99,0;99,1;9.868.519 ;9.888.030 ;99,1;99,3;2.325.669 ;2.334.152 ;98,7;99,0;573.113 ;573.668 ;98,1;98,2;2.459.579 ;2.462.897 ;98,8;99,0;1.200.178 ;1.201.940 ;98,8;98,9;1.760.013;1.762.754;99,1;99,2;1.263.081;1.264.911;98,7;98,8;38.154.345;38.224.461;99,0;99,2;8.064.515 ;8.073.926;98,7;98,8;735 ;257 ;299;78;436;179;736 ;299;437;102 ;38;64;117 ;46;71;29 ;12;17;25 ;10;15;5 ;2;3;16 ;6;10;50 ;22;28;16 ;6;10;73 ;30;43;155 ;64;91;36 ;15;21;9 ;4;5;38 ;16;22;18 ;9;9;28 ;11;17;19 ;8;11;;
gültige Stimmen/Sitze insgesamt;2025;–;49.505.389 ;49.649.512 ;99,2;99,4;6.332.714 ;6.349.998 ;99,2;99,5;7.949.200 ;7.972.054 ;99,4;99,7;1.942.638 ;1.949.533 ;99,1;99,4;1.642.193 ;1.647.338 ;99,0;99,3;347.080 ;348.256 ;99,1;99,4;1.042.298 ;1.045.620 ;99,2;99,5;3.572.832 ;3.580.834 ;99,0;99,2;1.017.723 ;1.021.242 ;98,9;99,2;5.005.215 ;5.015.336 ;99,3;99,5;10.490.429 ;10.526.134 ;99,1;99,4;2.473.051 ;2.482.358 ;98,9;99,3;597.242 ;599.723 ;98,7;99,1;2.562.775 ;2.569.572 ;99,1;99,4;1.330.544 ;1.337.349 ;98,7;99,2;1.876.229;1.880.005;99,3;99,5;1.323.226;1.324.160;99,2;99,3;40.798.818;40.917.152;99,2;99,5;8.706.571 ;8.732.360;99,0;99,3;630 ;204 ;276;61;354;143;630 ;276;354;79 ;32;47;101 ;44;57;24 ;12;12;21 ;9;12;5 ;1;4;13 ;6;7;45 ;17;28;13 ;5;8;65 ;30;35;136 ;64;72;31 ;12;19;8 ;4;4;30 ;15;15;16 ;7;9;25 ;10;15;18 ;8;10;;
SPD;1949;–;6.934.975 ;6.934.975 ;29,2;29,2;655.506 ;655.506 ;23,9;23,9;1.075.416 ;1.075.416 ;22,7;22,7;–;–;–;–;–;–;–;–;104.509 ;104.509 ;34,4;34,4;358.873 ;358.873 ;39,6;39,6;684.042 ;684.042 ;32,1;32,1;–;–;–;–;1.125.295 ;1.125.295 ;33,4;33,4;2.109.172 ;2.109.172 ;31,4;31,4;408.905 ;408.905 ;28,6;28,6;–;–;–;–;–;–;–;–;–;–;–;–;413.257;413.257;29,6;29,6;–;–;–;–;–;–;–;–;–;–;–;–;136 ;13 ;96;6;40;7;131 ;96;35;15 ;6;9;18 ;12;6;–;–;–;–;–;–;3 ;3;–;6 ;4;2;13 ;12;1;–;–;–;24 ;24;–;37 ;25;12;7 ;4;3;–;–;–;–;–;–;–;–;–;8 ;6;2;–;–;–;;
SPD;1953;–;8.131.257 ;7.944.943 ;29,5;28,8;843.299 ;825.704 ;23,4;23,0;1.214.391 ;1.184.262 ;23,9;23,3;–;–;–;–;–;–;–;–;141.596 ;138.846 ;39,4;39,0;416.865 ;403.410 ;39,8;38,1;889.040 ;862.701 ;34,5;33,7;–;–;–;–;1.162.311 ;1.136.522 ;31,0;30,1;2.609.048 ;2.553.014 ;32,6;31,9;493.443 ;482.686 ;28,0;27,2;–;–;–;–;–;–;–;–;–;–;–;–;361.264;357.798;26,7;26,5;–;–;–;–;–;–;–;–;–;–;–;–;162 ;21 ;45;3;117;18;151 ;45;106;16 ;2;14;25 ;3;22;–;–;–;–;–;–;3 ;3;–;7 ;1;6;16 ;10;6;–;–;–;21 ;11;10;47 ;13;34;9 ;2;7;–;–;–;–;–;–;–;–;–;7 ;–;7;–;–;–;;
SPD;1957;–;9.651.669 ;9.495.571 ;32,0;31,8;1.053.371 ;1.009.019 ;26,6;25,8;1.332.056 ;1.394.811 ;25,1;26,4;–;–;–;–;–;–;–;–;188.647 ;184.003 ;46,5;46,2;538.847 ;528.645 ;46,2;45,8;1.071.222 ;1.037.166 ;38,8;38,0;–;–;–;–;1.279.201 ;1.255.204 ;33,4;32,8;3.049.317 ;2.965.616 ;34,1;33,5;586.124 ;578.203 ;30,7;30,4;140.323 ;138.309 ;25,1;25,1;–;–;–;–;–;–;–;–;412.561;404.595;30,9;30,8;–;–;–;–;–;–;–;–;–;–;–;–;181 ;22 ;46;4;135;18;169 ;46;123;18 ;1;17;25 ;–;25;–;–;–;–;–;–;3 ;3;–;9 ;7;2;19 ;10;9;–;–;–;22 ;8;14;54 ;13;41;10 ;3;7;2 ;1;1;–;–;–;–;–;–;7 ;–;7;–;–;–;;
SPD;1961;–;11.672.057 ;11.427.355 ;36,5;36,2;1.385.442 ;1.342.885 ;32,4;32,1;1.690.099 ;1.652.642 ;30,3;30,1;–;–;–;–;–;–;–;–;220.130 ;212.734 ;50,1;49,7;570.382 ;560.038 ;47,2;46,9;1.271.675 ;1.233.312 ;43,2;42,8;–;–;–;–;1.556.255 ;1.526.824 ;38,9;38,7;3.593.596 ;3.549.359 ;37,6;37,3;675.693 ;659.830 ;33,8;33,5;198.625 ;194.003 ;33,6;33,5;–;–;–;–;–;–;–;–;510.160;495.728;36,5;36,4;–;–;–;–;–;–;–;–;–;–;–;–;203 ;21 ;91;5;112;16;190 ;91;99;22 ;6;16;28 ;5;23;–;–;–;–;–;–;3 ;3;–;9 ;8;1;21 ;19;2;–;–;–;25 ;19;6;60 ;25;35;11 ;5;6;3 ;–;3;–;–;–;–;–;–;8 ;1;7;–;–;–;;
SPD;1965;–;12.998.474 ;12.813.186 ;40,1;39,3;1.505.607 ;1.470.040 ;33,9;33,0;1.913.778 ;1.869.467 ;33,9;33,1;–;–;–;–;–;–;–;–;218.628 ;215.487 ;49,6;48,5;584.560 ;572.859 ;49,6;48,3;1.395.691 ;1.366.010 ;46,9;45,7;–;–;–;–;1.633.758 ;1.614.540 ;40,5;39,8;4.178.408 ;4.149.910 ;43,3;42,6;765.462 ;754.175 ;37,7;36,7;250.815 ;250.797 ;40,0;39,8;–;–;–;–;–;–;–;–;551.767;549.901;39,2;38,8;–;–;–;–;–;–;–;–;–;–;–;–;217 ;19 ;94;6;123;13;202 ;94;108;23 ;6;17;30 ;8;22;–;–;–;–;–;–;3 ;3;–;9 ;8;1;21 ;17;4;–;–;–;26 ;10;16;66 ;35;31;12 ;5;7;4 ;1;3;–;–;–;–;–;–;8 ;1;7;–;–;–;;
SPD;1969;–;14.402.374 ;14.065.716 ;44,0;42,7;1.723.471 ;1.675.702 ;37,9;36,5;2.040.198 ;1.983.020 ;35,9;34,6;–;–;–;–;–;–;–;–;235.823 ;232.779 ;53,4;52,0;670.856 ;637.051 ;57,8;54,6;1.557.796 ;1.492.916 ;50,6;48,2;–;–;–;–;1.851.232 ;1.797.376 ;45,3;43,8;4.575.554 ;4.534.471 ;47,7;46,8;843.627 ;825.379 ;41,2;40,1;261.209 ;253.485 ;41,4;39,9;–;–;–;–;–;–;–;–;642.608;633.537;44,5;43,5;–;–;–;–;–;–;–;–;–;–;–;–;237 ;18 ;127;5;110;13;224 ;127;97;27 ;9;18;31 ;10;21;–;–;–;–;–;–;3 ;3;–;10 ;8;2;24 ;20;4;–;–;–;29 ;18;11;73 ;47;26;13 ;6;7;4 ;2;2;–;–;–;–;–;–;10 ;4;6;–;–;–;;
SPD;1972;–;18.228.239 ;17.175.169 ;48,9;45,8;2.268.696 ;2.069.169 ;42,8;38,9;2.572.250 ;2.483.136 ;39,4;37,8;–;–;–;–;–;–;–;–;301.190 ;284.028 ;61,8;58,1;742.999 ;673.517 ;60,2;54,4;1.856.417 ;1.697.322 ;53,3;48,5;–;–;–;–;2.389.346 ;2.235.911 ;51,5;48,1;5.743.844 ;5.509.886 ;52,8;50,4;1.128.019 ;1.067.953 ;47,6;44,9;367.397 ;349.801 ;50,5;47,9;–;–;–;–;–;–;–;–;858.081;804.446;52,1;48,6;–;–;–;–;–;–;–;–;–;–;–;–;242 ;13 ;152;4;90;9;230 ;152;78;28 ;12;16;33 ;13;20;–;–;–;–;–;–;3 ;3;–;9 ;8;1;23 ;20;3;–;–;–;30 ;23;7;75 ;52;23;14 ;9;5;4 ;3;1;–;–;–;–;–;–;11 ;9;2;–;–;–;;
SPD;1976;–;16.471.321 ;16.099.019 ;43,7;42,6;2.060.398 ;1.980.313 ;38,3;36,6;2.249.609 ;2.201.692 ;33,7;32,8;–;–;–;–;–;–;–;–;256.721 ;255.544 ;54,4;54,0;632.991 ;614.284 ;54,3;52,6;1.660.580 ;1.626.365 ;46,9;45,7;–;–;–;–;2.182.156 ;2.129.502 ;47,0;45,7;5.251.009 ;5.153.959 ;47,9;46,9;1.026.588 ;1.013.574 ;42,4;41,7;347.668 ;344.187 ;46,7;46,1;–;–;–;–;–;–;–;–;803.601;779.599;48,0;46,4;–;–;–;–;–;–;–;–;–;–;–;–;224 ;15 ;114;5;110;10;214 ;114;100;26 ;4;22;29 ;4;25;–;–;–;–;–;–;3 ;3;–;8 ;8;–;22 ;17;5;–;–;–;29 ;18;11;70 ;45;25;13 ;6;7;4 ;3;1;–;–;–;–;–;–;10 ;6;4;–;–;–;;
SPD;1980;–;16.808.861 ;16.260.677 ;44,5;42,9;2.103.162 ;2.030.913 ;38,7;37,2;2.252.449 ;2.220.953 ;33,4;32,7;–;–;–;–;–;–;–;–;245.074 ;238.912 ;53,9;52,5;605.062 ;572.157 ;54,8;51,7;1.721.811 ;1.655.513 ;48,5;46,4;–;–;–;–;2.313.239 ;2.232.531 ;48,8;46,9;5.278.416 ;5.108.147 ;48,5;46,8;1.076.165 ;1.048.611 ;44,1;42,8;369.507 ;358.040 ;50,0;48,3;–;–;–;–;–;–;–;–;843.976;794.900;49,7;46,7;–;–;–;–;–;–;–;–;–;–;–;–;228 ;19 ;127;7;101;12;218 ;127;91;27 ;6;21;30 ;5;25;–;–;–;–;–;–;3 ;3;–;7 ;7;–;22 ;19;3;–;–;–;30 ;23;7;70 ;44;26;14 ;6;8;4 ;3;1;–;–;–;–;–;–;11 ;11;–;–;–;–;;
SPD;1983;–;15.686.033 ;14.865.807 ;40,4;38,2;1.929.527 ;1.777.511 ;33,8;31,1;2.096.722 ;2.014.399 ;30,2;28,9;–;–;–;–;–;–;–;–;239.062 ;222.935 ;52,3;48,7;558.826 ;521.509 ;50,8;47,4;1.603.317 ;1.513.449 ;44,1;41,6;–;–;–;–;2.111.536 ;2.015.731 ;43,4;41,3;5.017.483 ;4.782.220 ;45,0;42,8;1.008.252 ;959.714 ;40,5;38,4;347.702 ;329.436 ;46,3;43,8;–;–;–;–;–;–;–;–;773.606;728.903;44,3;41,7;–;–;–;–;–;–;–;–;–;–;–;–;202 ;21 ;68;3;134;18;193 ;68;125;23 ;1;22;26 ;1;25;–;–;–;–;–;–;3 ;3;–;7 ;7;–;20 ;5;15;–;–;–;26 ;10;16;63 ;32;31;12 ;5;7;4 ;2;2;–;–;–;–;–;–;9 ;2;7;–;–;–;;
SPD;1987;–;14.787.953 ;14.025.763 ;39,2;37,0;1.781.563 ;1.643.202 ;31,9;29,3;1.912.139 ;1.816.885 ;28,5;27,0;–;–;–;–;–;–;–;–;211.791 ;198.920 ;49,5;46,5;458.054 ;427.872 ;44,2;41,2;1.467.047 ;1.370.454 ;41,6;38,7;–;–;–;–;2.056.431 ;1.967.443 ;43,4;41,4;4.871.377 ;4.693.081 ;44,9;43,2;966.655 ;912.175 ;39,4;37,1;331.819 ;316.502 ;45,7;43,5;–;–;–;–;–;–;–;–;731.077;679.229;43,0;39,8;–;–;–;–;–;–;–;–;–;–;–;–;193 ;31 ;79;9;114;22;186 ;79;107;22 ;1;21;24 ;–;24;–;–;–;–;–;–;3 ;3;–;6 ;5;1;18 ;8;10;–;–;–;26 ;13;13;62 ;38;24;12 ;5;7;4 ;3;1;–;–;–;–;–;–;9 ;3;6;–;–;–;;
SPD;1990;–;16.279.980 ;15.545.366 ;35,2;33,5;1.644.692 ;1.582.957 ;30,3;29,1;1.748.868 ;1.697.970 ;27,6;26,7;657.066 ;616.320 ;33,1;30,6;485.180 ;468.294 ;34,2;32,9;175.297 ;168.496 ;44,3;42,5;429.035 ;402.530 ;43,8;41,0;1.391.642 ;1.308.151 ;40,6;38,0;303.850 ;264.715 ;30,8;26,5;1.871.561 ;1.765.928 ;40,7;38,4;4.398.704 ;4.195.971 ;43,2;41,1;900.973 ;853.144 ;38,3;36,1;366.060 ;363.933 ;51,7;51,2;504.416 ;505.176 ;18,2;18,2;399.221 ;393.396 ;25,2;24,7;668.086;626.008;41,2;38,5;335.329;332.377;22,2;21,9;14.003.537;13.355.171;37,5;35,7;2.276.443 ;2.190.195;25,4;24,3;239 ;65 ;91;15;148;50;239 ;91;148;24 ;1;23;26 ;2;24;9 ;4;5;7 ;5;2;3 ;3;–;6 ;6;–;20 ;9;11;4 ;1;3;27 ;11;16;65 ;38;27;13 ;4;9;6 ;5;1;8 ;–;8;6 ;–;6;10 ;2;8;5 ;–;5;;
SPD;1994;–;17.966.813 ;17.140.354 ;38,3;36,4;1.875.345 ;1.742.592 ;33,2;30,7;2.050.292 ;1.983.979 ;30,7;29,6;686.747 ;663.081 ;35,2;34,0;624.803 ;617.362 ;45,7;45,1;187.911 ;179.311 ;47,6;45,5;413.528 ;389.857 ;42,1;39,7;1.387.811 ;1.296.788 ;39,9;37,2;293.742 ;283.029 ;30,0;28,8;2.078.986 ;1.938.321 ;43,6;40,6;4.771.714 ;4.534.820 ;45,6;43,1;974.959 ;955.383 ;40,4;39,4;338.950 ;329.287 ;50,6;48,8;597.370 ;621.620 ;23,5;24,3;512.425 ;502.193 ;34,2;33,4;722.451;670.791;42,8;39,6;449.779;431.940;31,6;30,2;15.248.823;14.438.413;39,7;37,5;2.717.990 ;2.701.941;31,8;31,5;252 ;85 ;103;20;149;65;252 ;103;149;25 ;–;25;29 ;1;28;9 ;3;6;12 ;12;–;3 ;3;–;6 ;6;–;19 ;8;11;4 ;2;2;28 ;14;14;66 ;40;26;14 ;4;10;5 ;5;–;9 ;–;9;7 ;3;4;10 ;2;8;6 ;–;6;;
SPD;1998;–;21.535.893 ;20.181.269 ;43,8;40,9;2.296.061 ;2.118.439 ;38,7;35,6;2.476.923 ;2.401.021 ;35,6;34,4;792.829 ;740.915 ;40,6;37,8;732.205 ;670.744 ;47,6;43,5;221.309 ;201.539 ;55,3;50,2;490.630 ;445.276 ;50,6;45,7;1.622.100 ;1.481.898 ;45,6;41,6;399.015 ;384.746 ;36,8;35,3;2.516.652 ;2.446.945 ;51,0;49,4;5.447.132 ;5.097.425 ;50,2;46,9;1.106.021 ;1.028.886 ;44,6;41,3;380.843 ;361.486 ;55,4;52,4;919.130 ;842.329 ;31,9;29,1;686.428 ;620.771 ;42,2;38,1;849.657;788.907;49,0;45,4;598.958;549.942;37,7;34,5;17.943.423;16.842.057;45,2;42,3;3.592.470 ;3.339.212;37,9;35,1;298 ;105 ;212;66;86;39;298 ;212;86;30 ;11;19;34 ;7;27;10 ;9;1;12 ;12;–;3 ;3;–;7 ;7;–;21 ;18;3;7 ;7;–;35 ;27;8;72 ;53;19;15 ;10;5;5 ;5;–;12 ;8;4;13 ;13;–;11 ;11;–;11 ;11;–;;
SPD;2002;–;20.059.967 ;18.488.668 ;41,9;38,5;2.259.095 ;1.989.524 ;38,2;33,5;2.128.729 ;1.922.551 ;29,1;26,1;727.806 ;685.170 ;39,0;36,6;687.483 ;707.871 ;45,1;46,4;205.852 ;183.368 ;54,5;48,6;496.329 ;404.738 ;51,6;42,0;1.542.548 ;1.355.496 ;45,3;39,7;411.575 ;405.415 ;42,4;41,7;2.419.299 ;2.318.625 ;50,1;47,8;4.977.190 ;4.499.388 ;47,6;43,0;1.026.869 ;918.736 ;43,0;38,2;322.148 ;295.521 ;50,2;46,0;838.614 ;861.685 ;32,5;33,3;607.372 ;618.016 ;42,6;43,2;827.708;743.838;47,8;42,9;581.350;578.726;40,3;39,9;16.664.020;15.028.217;42,6;38,3;3.395.947 ;3.460.451;39,1;39,7;251 ;95 ;171;58;80;37;251 ;171;80;27 ;7;20;26 ;1;25;9 ;9;–;10 ;10;–;2 ;2;–;6 ;6;–;18 ;17;1;5 ;5;–;31 ;25;6;60 ;45;15;12 ;7;5;4 ;4;–;12 ;4;8;10 ;10;–;10 ;10;–;9 ;9;–;;
SPD;2005;–;18.129.100 ;16.194.665 ;38,4;34,2;2.013.195 ;1.754.834 ;34,7;30,1;1.960.561 ;1.806.548 ;27,7;25,5;681.591 ;637.674 ;36,8;34,3;608.044 ;561.689 ;38,9;35,8;184.817 ;155.366 ;51,1;42,9;447.335 ;365.546 ;47,5;38,7;1.415.806 ;1.197.762 ;42,2;35,6;326.130 ;314.830 ;32,9;31,7;2.249.746 ;2.058.174 ;47,3;43,2;4.658.692 ;4.096.112 ;45,5;40,0;946.310 ;822.074 ;39,9;34,6;240.439 ;211.201 ;38,0;33,3;666.709 ;649.807 ;25,2;24,5;508.573 ;474.909 ;35,1;32,7;761.302;655.361;44,5;38,2;459.850;432.778;31,8;29,8;15.313.459;13.494.029;39,9;35,1;2.815.641 ;2.700.636;31,8;30,4;222 ;80 ;145;45;77;35;222 ;145;77;23 ;4;19;24 ;1;23;8 ;7;1;10 ;10;–;2 ;2;–;6 ;6;–;16 ;13;3;4 ;4;–;27 ;25;2;54 ;40;14;11 ;5;6;4 ;4;–;8 ;3;5;10 ;10;–;9 ;5;4;6 ;6;–;;
SPD;2009;–;12.079.758 ;9.990.488 ;27,9;23,0;1.285.617 ;1.051.198 ;23,7;19,3;1.331.177 ;1.120.018 ;20,1;16,8;418.045 ;348.082 ;24,3;20,2;397.016 ;348.216 ;28,7;25,1;121.467 ;102.419 ;36,0;30,2;296.589 ;242.942 ;33,6;27,4;1.026.094 ;812.721 ;32,3;25,6;161.414 ;143.607 ;18,6;16,6;1.581.443 ;1.297.940 ;35,8;29,3;3.286.593 ;2.678.956 ;35,1;28,5;640.617 ;520.990 ;29,4;23,8;182.340 ;144.464 ;31,3;24,7;339.102 ;328.753 ;15,1;14,6;237.189 ;202.850 ;19,8;16,9;519.995;430.739;32,4;26,8;255.060;216.593;20,7;17,6;10.549.714;8.622.612;29,6;24,1;1.530.044 ;1.367.876;20,0;17,9;146 ;56 ;64;19;82;37;146 ;64;82;15 ;1;14;16 ;–;16;5 ;2;3;5 ;5;–;2 ;2;–;4 ;3;1;12 ;6;6;2 ;–;2;19 ;14;5;39 ;27;12;8 ;2;6;2 ;–;2;5 ;–;5;3 ;–;3;6 ;2;4;3 ;–;3;;
SPD;2013;–;12.843.458 ;11.252.215 ;29,4;25,7;1.332.623 ;1.160.424 ;23,7;20,6;1.443.710 ;1.314.009 ;22,0;20,0;455.138 ;439.387 ;25,5;24,6;367.713 ;321.174 ;26,6;23,1;133.437 ;117.204 ;40,6;35,6;336.337 ;288.902 ;37,8;32,4;1.080.828 ;906.906 ;34,4;28,8;165.660 ;154.431 ;19,1;17,8;1.699.556 ;1.470.005 ;38,3;33,1;3.472.520 ;3.028.282 ;36,7;31,9;716.029 ;608.910 ;32,5;27,5;199.723 ;174.592 ;35,5;31,0;375.941 ;340.819 ;16,2;14,6;230.859 ;214.731 ;19,6;18,2;596.882;513.725;36,7;31,5;236.502;198.714;19,2;16,1;11.327.407;9.866.937;31,5;27,4;1.516.051 ;1.385.278;19,6;17,9;193 ;81 ;58;15;135;66;193 ;58;135;20 ;–;20;22 ;–;22;8 ;2;6;5 ;1;4;2 ;2;–;5 ;5;–;16 ;5;11;3 ;–;3;25 ;13;12;52 ;27;25;10 ;1;9;3 ;–;3;6 ;–;6;4 ;–;4;9 ;2;7;3 ;–;3;;
SPD;2017;–;11.429.231 ;9.539.381 ;24,6;20,5;1.166.668 ;982.370 ;19,5;16,4;1.336.404 ;1.130.931 ;18,1;15,3;391.772 ;334.253 ;21,0;17,9;304.896 ;261.822 ;20,5;17,6;105.119 ;88.944 ;31,8;26,8;311.889 ;229.862 ;32,0;23,5;974.954 ;788.427 ;29,2;23,5;161.437 ;139.689 ;17,4;15,1;1.557.197 ;1.275.172 ;33,6;27,4;3.073.698 ;2.557.876 ;31,3;26,0;676.438 ;570.518 ;28,8;24,1;184.511 ;158.895 ;31,5;27,1;289.109 ;261.105 ;11,7;10,5;213.058 ;188.980 ;17,2;15,2;493.279;399.505;28,8;23,3;188.802;171.032;14,6;13,2;10.155.158;8.398.512;26,6;21,9;1.274.073 ;1.140.869;15,5;13,9;153 ;64 ;59;16;94;48;153 ;59;94;16 ;–;16;18 ;–;18;5 ;3;2;4 ;1;3;2 ;2;–;5 ;5;–;12 ;5;7;2 ;–;2;20 ;14;6;41 ;26;15;9 ;1;8;3 ;1;2;4 ;–;4;3 ;–;3;6 ;1;5;3 ;–;3;;
SPD;2021;einschl. Wiederholungswahl in Teilen Berlins;12.184.096 ;11.901.558 ;26,4;25,7;1.247.455 ;1.287.934 ;21,0;21,6;1.316.303 ;1.361.242 ;17,4;18,0;366.569 ;374.413 ;21,8;22,2;437.753 ;450.573 ;28,7;29,5;108.432 ;103.224 ;33,2;31,5;334.831 ;298.342 ;33,4;29,7;1.000.129 ;910.035 ;30,3;27,6;261.408 ;267.368 ;28,5;29,1;1.603.785 ;1.498.500 ;35,5;33,1;3.068.628 ;2.880.226 ;31,1;29,1;697.183 ;685.534 ;30,0;29,4;208.329 ;213.777 ;36,4;37,3;410.769 ;474.804 ;16,7;19,3;293.197 ;305.085 ;24,4;25,4;530.301;494.055;30,1;28,0;299.024;296.446;23,7;23,4;10.367.608;9.964.717;27,2;26,1;1.816.488 ;1.936.841;22,5;24,0;206 ;86 ;121;39;85;47;206 ;121;85;22 ;1;21;23 ;–;23;7 ;4;3;10 ;10;–;2 ;2;–;5 ;4;1;15 ;14;1;6 ;6;–;25 ;22;3;49 ;30;19;12 ;8;4;4 ;4;–;8 ;1;7;5 ;4;1;8 ;8;–;5 ;3;2;;
SPD;2025;–;9.936.433 ;8.149.124 ;20,1;16,4;1.002.327 ;898.778 ;15,8;14,2;1.016.841 ;920.675 ;12,8;11,5;326.663 ;295.182 ;16,8;15,1;337.040 ;244.010 ;20,5;14,8;95.267 ;80.604 ;27,4;23,1;292.325 ;237.740 ;28,0;22,7;843.094 ;657.510 ;23,6;18,4;179.547 ;126.687 ;17,6;12,4;1.469.704 ;1.153.523 ;29,4;23,0;2.633.792 ;2.108.434 ;25,1;20,0;573.461 ;462.705 ;23,2;18,6;178.745 ;131.136 ;29,9;21,9;247.349 ;217.144 ;9,7;8,5;183.951 ;146.535 ;13,8;11,0;424.485 ;352.546 ;22,6;18,8;131.842 ;115.915 ;10,0;8,8;8.767.719;7.195.589;21,5;17,6;1.168.714 ;953.535;13,4;10,9;120 ;50 ;44;11;76;39;120 ;44;76;13 ;–;13;14 ;–;14;4 ;1;3;4 ;1;3;1 ;1;–;3 ;3;–;10 ;2;8;2 ;–;2;17 ;15;2;31 ;17;14;7 ;1;6;2 ;2;–;3 ;–;3;2 ;–;2;5 ;1;4;2 ;–;2;;
CDU;1949;–;5.978.636 ;5.978.636 ;25,2;25,2;1.087.828 ;1.087.828 ;39,6;39,6;–;–;–;–;–;–;–;–;–;–;–;–;51.290 ;51.290 ;16,9;16,9;178.786 ;178.786 ;19,7;19,7;454.437 ;454.437 ;21,4;21,4;–;–;–;–;593.691 ;593.691 ;17,6;17,6;2.481.523 ;2.481.523 ;36,9;36,9;702.125 ;702.125 ;49,0;49,0;–;–;–;–;–;–;–;–;–;–;–;–;428.956;428.956;30,7;30,7;–;–;–;–;–;–;–;–;–;–;–;–;117 ;10 ;91;5;26;5;115 ;91;24;26 ;23;3;–;–;–;–;–;–;–;–;–;1 ;–;1;3 ;3;–;9 ;3;6;–;–;–;12 ;4;8;43 ;40;3;13 ;11;2;–;–;–;–;–;–;–;–;–;8 ;7;1;–;–;–;;
CDU;1953;–;9.577.659 ;10.016.594 ;34,8;36,4;1.839.014 ;1.881.874 ;51,1;52,4;–;–;–;–;–;–;–;–;–;–;–;–;85.669 ;88.456 ;23,8;24,8;215.376 ;389.335 ;20,6;36,7;760.423 ;849.125 ;29,5;33,2;–;–;–;–;1.049.883 ;1.330.982 ;28,0;35,2;4.034.990 ;3.915.320 ;50,5;48,9;925.829 ;924.932 ;52,5;52,1;–;–;–;–;–;–;–;–;–;–;–;–;666.475;636.570;49,2;47,1;–;–;–;–;–;–;–;–;–;–;–;–;197 ;16 ;130;5;67;11;191 ;130;61;38 ;29;9;–;–;–;–;–;–;–;–;–;2 ;–;2;7 ;3;4;15 ;7;8;–;–;–;25 ;13;12;72 ;51;21;18 ;13;5;–;–;–;–;–;–;–;–;–;14 ;14;–;–;–;–;;
CDU;1957;–;11.975.400 ;11.875.339 ;39,7;39,7;2.111.326 ;2.061.701 ;53,4;52,8;–;–;–;–;–;–;–;–;–;–;–;–;124.688 ;121.264 ;30,7;30,4;445.149 ;432.262 ;38,2;37,4;1.064.466 ;1.116.494 ;38,6;40,9;–;–;–;–;1.428.300 ;1.495.343 ;37,3;39,1;4.911.300 ;4.813.996 ;55,0;54,4;1.031.349 ;1.019.709 ;54,0;53,7;188.623 ;183.423 ;33,8;33,3;–;–;–;–;–;–;–;–;670.199;631.147;50,2;48,1;–;–;–;–;–;–;–;–;–;–;–;–;222 ;19 ;147;3;75;16;217 ;147;70;37 ;32;5;–;–;–;–;–;–;–;–;–;2 ;–;2;7 ;1;6;20 ;11;9;–;–;–;27 ;21;6;87 ;53;34;18 ;12;6;5 ;3;2;–;–;–;–;–;–;14 ;14;–;–;–;–;;
CDU;1961;–;11.622.995 ;11.283.901 ;36,3;35,8;1.955.620 ;1.899.266 ;45,8;45,3;–;–;–;–;–;–;–;–;–;–;–;–;121.347 ;115.493 ;27,6;27,0;392.417 ;380.613 ;32,4;31,9;1.055.277 ;1.003.279 ;35,8;34,9;–;–;–;–;1.606.479 ;1.536.956 ;40,1;39,0;4.602.409 ;4.530.553 ;48,1;47,6;988.462 ;964.270 ;49,4;48,9;291.936 ;284.255 ;49,3;49,0;–;–;–;–;–;–;–;–;609.048;569.216;43,5;41,8;–;–;–;–;–;–;–;–;–;–;–;–;201 ;15 ;114;1;87;14;192 ;114;78;32 ;27;5;–;–;–;–;–;–;–;–;–;1 ;–;1;6 ;–;6;17 ;3;14;–;–;–;26 ;15;11;76 ;41;35;16 ;10;6;5 ;5;–;–;–;–;–;–;–;13 ;13;–;–;–;–;;
CDU;1965;–;12.631.319 ;12.387.562 ;38,9;38,0;2.256.883 ;2.219.808 ;50,9;49,9;–;–;–;–;–;–;–;–;–;–;–;–;153.888 ;150.889 ;34,9;34,0;452.116 ;446.133 ;38,3;37,6;1.158.372 ;1.130.871 ;38,9;37,8;–;–;–;–;1.919.789 ;1.855.124 ;47,6;45,8;4.655.973 ;4.593.281 ;48,2;47,1;1.017.950 ;1.013.573 ;50,1;49,3;301.290 ;295.257 ;48,0;46,8;–;–;–;–;–;–;–;–;715.058;682.626;50,8;48,2;–;–;–;–;–;–;–;–;–;–;–;–;202 ;12 ;118;1;84;11;196 ;118;78;35 ;30;5;–;–;–;–;–;–;–;–;–;2 ;–;2;7 ;–;7;18 ;5;13;–;–;–;29 ;20;9;74 ;38;36;16 ;11;5;4 ;4;–;–;–;–;–;–;–;11 ;10;1;–;–;–;;
CDU;1969;–;12.137.148 ;12.079.535 ;37,1;36,6;2.324.562 ;2.322.349 ;51,1;50,7;–;–;–;–;–;–;–;–;–;–;–;–;144.234 ;144.422 ;32,7;32,3;392.088 ;397.246 ;33,8;34,0;1.193.890 ;1.190.642 ;38,8;38,4;–;–;–;–;1.860.364 ;1.854.514 ;45,5;45,2;4.253.791 ;4.222.914 ;44,4;43,6;990.951 ;982.640 ;48,4;47,8;294.522 ;292.986 ;46,7;46,1;–;–;–;–;–;–;–;–;682.746;671.822;47,3;46,2;–;–;–;–;–;–;–;–;–;–;–;–;201 ;12 ;87;1;114;11;193 ;87;106;37 ;27;10;–;–;–;–;–;–;–;–;–;2 ;–;2;6 ;–;6;19 ;2;17;–;–;–;30 ;12;18;69 ;26;43;16 ;10;6;4 ;3;1;–;–;–;–;–;–;10 ;7;3;–;–;–;;
CDU;1972;–;13.304.813 ;13.190.837 ;35,7;35,2;2.679.772 ;2.648.810 ;50,5;49,8;–;–;–;–;–;–;–;–;–;–;–;–;145.418 ;144.471 ;29,8;29,6;411.876 ;411.974 ;33,3;33,3;1.411.018 ;1.409.771 ;40,5;40,3;–;–;–;–;2.007.358 ;1.988.720 ;43,3;42,7;4.517.830 ;4.484.657 ;41,5;41,0;1.105.288 ;1.090.339 ;46,6;45,9;320.287 ;316.955 ;44,0;43,4;–;–;–;–;–;–;–;–;705.966;695.140;42,9;42,0;–;–;–;–;–;–;–;–;–;–;–;–;186 ;14 ;65;–;121;14;177 ;65;112;36 ;24;12;–;–;–;–;–;–;–;–;–;1 ;–;1;5 ;–;5;19 ;2;17;–;–;–;27 ;7;20;61 ;21;40;15 ;7;8;4 ;2;2;–;–;–;–;–;–;9 ;2;7;–;–;–;;
CDU;1976;–;14.423.157 ;14.367.302 ;38,3;38,0;2.887.782 ;2.882.365 ;53,6;53,3;–;–;–;–;–;–;–;–;–;–;–;–;154.642 ;153.842 ;32,8;32,5;420.932 ;418.994 ;36,1;35,9;1.597.948 ;1.593.695 ;45,1;44,8;–;–;–;–;2.147.647 ;2.129.143 ;46,2;45,7;4.907.990 ;4.892.278 ;44,8;44,5;1.214.976 ;1.211.208 ;50,2;49,9;345.938 ;344.850 ;46,5;46,2;–;–;–;–;–;–;–;–;745.302;740.927;44,5;44,1;–;–;–;–;–;–;–;–;–;–;–;–;201 ;17 ;94;2;107;15;190 ;94;96;38 ;32;6;–;–;–;–;–;–;–;–;–;2 ;–;2;5 ;–;5;21 ;5;16;–;–;–;28 ;12;16;66 ;28;38;16 ;10;6;4 ;2;2;–;–;–;–;–;–;10 ;5;5;–;–;–;;
CDU;1980;–;13.467.207 ;12.989.200 ;35,6;34,2;2.761.909 ;2.646.084 ;50,8;48,5;–;–;–;–;–;–;–;–;–;–;–;–;137.674 ;131.017 ;30,3;28,8;357.260 ;345.005 ;32,4;31,2;1.486.212 ;1.447.904 ;41,9;40,6;–;–;–;–;1.968.623 ;1.891.813 ;41,5;39,8;4.587.267 ;4.432.661 ;42,1;40,6;1.153.871 ;1.118.216 ;47,2;45,6;323.348 ;313.709 ;43,7;42,3;–;–;–;–;–;–;–;–;691.043;662.791;40,7;38,9;–;–;–;–;–;–;–;–;–;–;–;–;185 ;16 ;81;4;104;12;174 ;81;93;36 ;31;5;–;–;–;–;–;–;–;–;–;1 ;–;1;4 ;–;4;19 ;3;16;–;–;–;26 ;8;18;60 ;27;33;15 ;10;5;4 ;2;2;–;–;–;–;–;–;9 ;–;9;–;–;–;;
CDU;1983;–;15.943.460 ;14.857.680 ;41,0;38,2;3.263.045 ;3.010.521 ;57,2;52,6;–;–;–;–;–;–;–;–;–;–;–;–;169.281 ;156.603 ;37,0;34,2;445.362 ;414.055 ;40,5;37,6;1.752.746 ;1.614.641 ;48,3;44,3;–;–;–;–;2.384.706 ;2.223.988 ;49,0;45,6;5.386.165 ;5.046.812 ;48,3;45,2;1.314.677 ;1.241.886 ;52,8;49,6;357.640 ;336.999 ;47,6;44,8;–;–;–;–;–;–;–;–;869.838;812.175;49,8;46,5;–;–;–;–;–;–;–;–;–;–;–;–;202 ;14 ;136;7;66;7;191 ;136;55;39 ;36;3;–;–;–;–;–;–;–;–;–;2 ;–;2;5 ;–;5;21 ;17;4;–;–;–;29 ;21;8;65 ;39;26;16 ;11;5;4 ;3;1;–;–;–;–;–;–;10 ;9;1;–;–;–;;
CDU;1987;–;14.168.527 ;13.045.745 ;37,5;34,5;2.880.622 ;2.616.971 ;51,5;46,7;–;–;–;–;–;–;–;–;–;–;–;–;135.600 ;123.745 ;31,7;28,9;423.372 ;388.517 ;40,9;37,4;1.586.410 ;1.463.043 ;45,0;41,3;–;–;–;–;2.125.996 ;1.969.967 ;44,9;41,5;4.731.211 ;4.357.794 ;43,6;40,1;1.183.078 ;1.110.633 ;48,2;45,1;318.039 ;299.329 ;43,8;41,2;–;–;–;–;–;–;–;–;784.199;715.746;46,1;41,9;–;–;–;–;–;–;–;–;–;–;–;–;185 ;16 ;124;8;61;8;174 ;124;50;36 ;36;–;–;–;–;–;–;–;–;–;–;2 ;–;2;5 ;2;3;19 ;14;5;–;–;–;26 ;18;8;58 ;33;25;15 ;11;4;4 ;2;2;–;–;–;–;–;–;9 ;8;1;–;–;–;;
CDU;1990;–;17.707.574 ;17.055.116 ;38,3;36,7;2.667.311 ;2.529.051 ;49,2;46,5;–;–;–;–;805.578 ;792.514 ;40,5;39,4;520.294 ;516.617 ;36,7;36,3;127.419 ;122.631 ;32,2;30,9;380.892 ;359.333 ;38,9;36,6;1.505.495 ;1.422.262 ;43,9;41,3;428.255 ;410.940 ;43,5;41,2;2.123.178 ;2.039.668 ;46,2;44,3;4.314.743 ;4.131.698 ;42,4;40,5;1.098.953 ;1.078.796 ;46,7;45,6;275.887 ;271.310 ;38,9;38,1;1.396.508 ;1.376.055 ;50,5;49,5;624.431 ;613.515 ;39,4;38,6;746.880;705.983;46,1;43,5;691.750;684.743;45,9;45,2;13.870.302;13.277.691;37,2;35,5;3.837.272 ;3.777.425;42,8;41,8;268 ;39 ;192;22;76;17;268 ;192;76;39 ;36;3;–;–;–;12 ;8;4;8 ;7;1;2 ;–;2;6 ;1;5;22 ;13;9;8 ;8;–;31 ;20;11;63 ;33;30;17 ;12;5;4 ;–;4;21 ;21;–;12 ;12;–;11 ;9;2;12 ;12;–;;
CDU;1994;–;17.473.325 ;16.089.960 ;37,2;34,2;2.745.742 ;2.451.917 ;48,5;43,3;–;–;–;–;641.035 ;612.217 ;32,9;31,4;385.043 ;385.383 ;28,2;28,1;129.706 ;119.063 ;32,9;30,2;374.074 ;343.398 ;38,1;34,9;1.565.856 ;1.417.692 ;45,1;40,7;394.665 ;378.274 ;40,3;38,5;2.155.399 ;1.971.664 ;45,2;41,3;4.403.333 ;3.997.317 ;42,1;38,0;1.132.006 ;1.061.643 ;46,9;43,8;265.450 ;250.978 ;39,7;37,2;1.302.187 ;1.229.313 ;51,2;48,0;596.278 ;582.294 ;39,8;38,8;772.232;702.367;45,7;41,5;610.319;586.440;42,9;41,0;14.053.798;12.783.386;36,6;33,2;3.419.527 ;3.306.574;40,0;38,5;244 ;36 ;177;19;67;17;244 ;177;67;37 ;37;–;–;–;–;9 ;6;3;6 ;–;6;2 ;–;2;5 ;1;4;20 ;14;6;7 ;7;–;28 ;17;11;58 ;31;27;15 ;12;3;4 ;–;4;21 ;21;–;10 ;10;–;10 ;9;1;12 ;12;–;;
CDU;1998;–;15.854.215 ;14.004.908 ;32,2;28,4;2.558.596 ;2.245.873 ;43,1;37,8;–;–;–;–;504.543 ;463.438 ;25,8;23,7;314.707 ;320.443 ;20,5;20,8;114.819 ;102.115 ;28,7;25,4;338.473 ;291.756 ;34,9;30,0;1.444.697 ;1.238.158 ;40,6;34,7;345.883 ;318.939 ;31,9;29,3;1.929.532 ;1.689.953 ;39,1;34,1;4.210.718 ;3.669.024 ;38,8;33,8;1.075.578 ;975.258 ;43,4;39,1;242.877 ;219.484 ;35,3;31,8;1.063.306 ;945.199 ;36,9;32,7;490.274 ;444.311 ;30,2;27,2;725.239;620.516;41,8;35,7;494.973;460.441;31,2;28,9;13.036.796;11.402.455;32,9;28,7;2.817.419 ;2.602.453;29,7;27,3;198 ;39 ;74;5;124;34;198 ;74;124;32 ;26;6;–;–;–;7 ;–;7;5 ;–;5;1 ;–;1;4 ;–;4;17 ;4;13;4 ;2;2;24 ;4;20;52 ;18;34;14 ;6;8;3 ;–;3;13 ;13;–;6 ;–;6;9 ;–;9;7 ;1;6;;
CDU;2002;–;15.336.512 ;14.167.561 ;32,1;29,5;2.740.768 ;2.543.789 ;46,3;42,8;–;–;–;–;516.871 ;484.017 ;27,7;25,9;353.169 ;339.868 ;23,2;22,3;97.455 ;92.774 ;25,8;24,6;311.663 ;270.318 ;32,4;28,1;1.372.694 ;1.266.054 ;40,3;37,1;306.162 ;294.746 ;31,5;30,3;1.812.370 ;1.673.495 ;37,5;34,5;4.017.024 ;3.675.732 ;38,4;35,1;1.026.626 ;967.011 ;43,0;40,2;240.021 ;224.842 ;37,4;35,0;956.359 ;868.167 ;37,0;33,6;442.816 ;415.486 ;31,0;29,0;691.470;625.100;39,9;36,0;451.044;426.162;31,2;29,4;12.704.583;11.704.813;32,4;29,8;2.631.929 ;2.462.748;30,3;28,3;190 ;43 ;82;9;108;34;190 ;82;108;34 ;30;4;–;–;–;6 ;–;6;4 ;–;4;1 ;–;1;4 ;–;4;17 ;4;13;4 ;2;2;22 ;4;18;49 ;19;30;13 ;8;5;3 ;–;3;13 ;13;–;6 ;–;6;8 ;1;7;6 ;1;5;;
CDU;2005;–;15.390.950 ;13.136.740 ;32,6;27,8;2.720.955 ;2.283.085 ;46,8;39,2;–;–;–;–;483.014 ;408.715 ;26,1;22,0;358.754 ;322.400 ;22,9;20,6;96.120 ;82.389 ;26,6;22,8;320.444 ;272.418 ;34,0;28,9;1.338.785 ;1.131.496 ;39,9;33,7;316.169 ;293.316 ;31,9;29,6;1.857.583 ;1.599.947 ;39,0;33,6;4.161.570 ;3.524.351 ;40,7;34,4;1.024.834 ;877.632 ;43,2;36,9;214.489 ;191.067 ;33,9;30,2;940.306 ;795.316 ;35,5;30,0;404.318 ;357.663 ;27,9;24,7;733.004;624.510;42,8;36,4;420.605;372.435;29,1;25,7;12.837.220;10.891.654;33,5;28,4;2.553.730 ;2.245.086;28,8;25,3;180 ;38 ;106;15;74;23;180 ;106;74;33 ;33;–;–;–;–;5 ;1;4;4 ;–;4;1 ;–;1;4 ;–;4;15 ;8;7;4 ;3;1;21 ;4;17;46 ;24;22;12 ;10;2;3 ;–;3;14 ;14;–;5 ;–;5;8 ;6;2;5 ;3;2;;
CDU;2009;–;13.856.674 ;11.828.277 ;32,0;27,3;2.307.250 ;1.874.481 ;42,5;34,4;–;–;–;–;452.542 ;393.180 ;26,3;22,8;342.692 ;327.454 ;24,8;23,6;92.441 ;80.964 ;27,4;23,9;288.404 ;246.667 ;32,6;27,8;1.251.139 ;1.022.822 ;39,4;32,2;301.823 ;287.481 ;34,9;33,1;1.703.363 ;1.471.530 ;38,5;33,2;3.706.284 ;3.111.478 ;39,6;33,1;903.528 ;767.487 ;41,4;35,0;207.864 ;179.289 ;35,7;30,7;888.018 ;800.898 ;39,5;35,6;388.171 ;362.311 ;32,3;30,1;615.798;518.457;38,4;32,2;407.357;383.778;33,1;31,2;11.403.346;9.547.931;32,0;26,7;2.453.328 ;2.280.346;32,1;29,8;194 ;42 ;173;33;21;9;194 ;173;21;37 ;37;–;–;–;–;6 ;5;1;5 ;1;4;1 ;–;1;4 ;3;1;15 ;15;–;6 ;6;–;21 ;16;5;45 ;37;8;13 ;13;–;4 ;4;–;16 ;16;–;5 ;4;1;9 ;9;–;7 ;7;–;;
CDU;2013;–;16.233.642 ;14.921.877 ;37,2;34,1;2.873.905 ;2.576.606 ;51,1;45,7;–;–;–;–;536.332 ;508.643 ;30,0;28,5;492.236 ;482.601 ;35,6;34,8;97.265 ;96.459 ;29,6;29,3;305.979 ;285.927 ;34,4;32,1;1.399.206 ;1.232.994 ;44,5;39,2;384.607 ;369.048 ;44,4;42,5;1.946.518 ;1.825.592 ;43,9;41,1;4.148.811 ;3.776.563 ;43,8;39,8;1.026.360 ;958.655 ;46,6;43,3;234.133 ;212.368 ;41,7;37,8;1.080.087 ;994.601 ;46,5;42,6;491.418 ;485.781 ;41,8;41,2;708.702;638.756;43,6;39,2;508.083;477.283;41,3;38,8;13.111.162;11.940.705;36,5;33,2;3.122.480 ;2.981.172;40,5;38,5;255 ;63 ;191;37;64;26;255 ;191;64;43 ;38;5;–;–;–;9 ;5;4;9 ;9;–;2 ;–;2;5 ;1;4;21 ;17;4;6 ;6;–;31 ;17;14;63 ;37;26;16 ;14;2;4 ;4;–;17 ;16;1;9 ;9;–;11 ;9;2;9 ;9;–;;
CDU;2017;–;14.030.751 ;12.447.656 ;30,2;26,8;2.350.054 ;2.061.687 ;39,3;34,4;–;–;–;–;460.296 ;424.321 ;24,7;22,7;432.157 ;397.839 ;29,0;26,7;81.275 ;83.409 ;24,6;25,1;277.677 ;266.312 ;28,5;27,2;1.185.393 ;1.033.200 ;35,4;30,9;316.662 ;307.263 ;34,2;33,1;1.777.588 ;1.623.481 ;38,3;34,9;3.756.952 ;3.214.013 ;38,3;32,6;932.382 ;848.003 ;39,6;35,9;211.855 ;189.573 ;36,2;32,4;756.206 ;665.751 ;30,6;26,9;401.454 ;377.411 ;32,4;30,3;682.287;583.135;39,8;34,0;408.513;372.258;31,6;28,8;11.565.972;10.175.846;30,3;26,6;2.464.779 ;2.271.810;30,1;27,6;200 ;41 ;185;36;15;5;200 ;185;15;38 ;38;–;–;–;–;6 ;4;2;9 ;9;–;1 ;–;1;4 ;1;3;17 ;17;–;6 ;6;–;21 ;16;5;42 ;38;4;14 ;14;–;3 ;3;–;12 ;12;–;9 ;9;–;10 ;10;–;8 ;8;–;;
CDU;2021;einschl. Wiederholungswahl in Teilen Berlins;10.445.920 ;8.774.920 ;22,6;19,0;1.767.316 ;1.477.612 ;29,7;24,8;–;–;–;–;339.234 ;289.140 ;20,2;17,2;283.668 ;233.891 ;18,6;15,3;67.992 ;56.499 ;20,8;17,2;179.572 ;155.220 ;17,9;15,4;909.147 ;753.512 ;27,6;22,8;180.669 ;160.103 ;19,7;17,4;1.323.070 ;1.093.579 ;29,3;24,2;2.973.458 ;2.566.719 ;30,1;26,0;686.825 ;576.533 ;29,5;24,7;159.323 ;135.134 ;27,8;23,6;546.282 ;422.879 ;22,2;17,2;299.363 ;252.286 ;24,9;21,0;465.975;388.399;26,5;22,0;264.026;213.414;20,9;16,9;8.755.390;7.396.608;22,9;19,4;1.690.530 ;1.378.312;21,0;17,1;152 ;36 ;98;17;54;19;152 ;98;54;33 ;33;–;–;–;–;5 ;3;2;4 ;–;4;1 ;–;1;3 ;–;3;12 ;7;5;3 ;–;3;18 ;8;10;42 ;30;12;9 ;7;2;2 ;–;2;7 ;4;3;4 ;3;1;6 ;2;4;3 ;1;2;;
CDU;2025;–;12.604.184 ;11.196.374 ;25,5;22,6;2.280.707 ;2.006.866 ;36,0;31,6;–;–;–;–;413.893 ;356.099 ;21,3;18,3;332.331 ;298.048 ;20,2;18,1;78.673 ;71.573 ;22,7;20,6;232.067 ;216.935 ;22,3;20,7;1.154.330 ;1.033.842 ;32,3;28,9;205.786 ;181.956 ;20,2;17,8;1.558.417 ;1.410.418 ;31,1;28,1;3.566.853 ;3.170.627 ;34,0;30,1;831.611 ;760.623 ;33,6;30,6;177.003 ;161.113 ;29,6;26,9;612.826 ;507.247 ;23,9;19,7;313.319 ;256.538 ;23,5;19,2;573.541 ;518.424 ;30,6;27,6;272.827 ;246.065 ;20,6;18,6;10.719.803;9.586.420;26,3;23,4;1.884.381 ;1.609.954;21,6;18,4;164 ;37 ;128;24;36;13;164 ;128;36;29 ;29;–;–;–;–;5 ;3;2;4 ;–;4;1 ;–;1;3 ;1;2;15 ;15;–;3 ;–;3;21 ;15;6;47 ;44;3;11 ;11;–;2 ;2;–;7 ;–;7;4 ;–;4;8 ;8;–;4 ;–;4;;
GRÜNE;1980;–;732.619 ;569.589 ;1,9;1,5;133.706 ;99.074 ;2,5;1,8;124.069 ;89.322 ;1,8;1,3;–;–;–;–;–;–;–;–;15.917 ;12.300 ;3,5;2,7;27.161 ;25.278 ;2,5;2,3;78.465 ;65.013 ;2,2;1,8;–;–;–;–;101.049 ;77.475 ;2,1;1,6;187.264 ;136.278 ;1,7;1,2;39.547 ;33.500 ;1,6;1,4;2.127 ;7.829 ;0,3;1,1;–;–;–;–;–;–;–;–;23.314;23.520;1,4;1,4;–;–;–;–;–;–;–;–;–;–;–;–;–;–;–;–;–;–;–;–;–;–;–;–;–;–;–;–;–;–;–;–;–;–;–;–;–;–;–;–;–;–;–;–;–;–;–;–;–;–;–;–;–;–;–;–;–;–;–;–;–;–;–;–;–;–;–;–;–;;
GRÜNE;1983;–;1.609.855 ;2.167.431 ;4,1;5,6;262.217 ;389.863 ;4,6;6,8;274.522 ;323.901 ;4,0;4,7;–;–;–;–;–;–;–;–;32.422 ;44.576 ;7,1;9,7;65.947 ;90.174 ;6,0;8,2;160.943 ;218.898 ;4,4;6,0;–;–;–;–;220.143 ;278.597 ;4,5;5,7;435.916 ;581.350 ;3,9;5,2;74.818 ;113.185 ;3,0;4,5;22.893 ;35.789 ;3,0;4,8;–;–;–;–;–;–;–;–;60.034;91.098;3,4;5,2;–;–;–;–;–;–;–;–;–;–;–;–;28 ;10 ;–;–;28;10;27 ;–;27;5 ;–;5;4 ;–;4;–;–;–;–;–;–;–;–;–;1 ;–;1;3 ;–;3;–;–;–;4 ;–;4;8 ;–;8;1 ;–;1;–;–;–;–;–;–;–;–;–;1 ;–;1;–;–;–;;
GRÜNE;1987;–;2.649.459 ;3.126.256 ;7,0;8,3;454.969 ;559.440 ;8,1;10,0;491.060 ;518.122 ;7,3;7,7;–;–;–;–;–;–;–;–;50.166 ;62.130 ;11,7;14,5;93.096 ;114.508 ;9,0;11,0;262.386 ;334.227 ;7,4;9,4;–;–;–;–;299.636 ;353.721 ;6,3;7,4;708.622 ;813.071 ;6,5;7,5;152.770 ;183.602 ;6,2;7,5;37.148 ;51.384 ;5,1;7,1;–;–;–;–;–;–;–;–;99.606;136.051;5,9;8,0;–;–;–;–;–;–;–;–;–;–;–;–;44 ;25 ;–;–;44;25;42 ;–;42;7 ;–;7;7 ;–;7;–;–;–;–;–;–;1 ;–;1;2 ;–;2;4 ;–;4;–;–;–;5 ;–;5;11 ;–;11;2 ;–;2;1 ;–;1;–;–;–;–;–;–;2 ;–;2;–;–;–;;
GRÜNE;1990;–;2.037.885 ;1.788.200 ;4,4;3,8;368.855 ;311.680 ;6,8;5,7;343.930 ;293.039 ;5,4;4,6;82.907 ;79.192 ;4,2;3,9;–;–;–;–;37.558 ;32.840 ;9,5;8,3;60.713 ;56.906 ;6,2;5,8;197.897 ;192.110 ;5,8;5,6;–;–;–;–;222.755 ;205.449 ;4,8;4,5;523.549 ;440.216 ;5,1;4,3;114.467 ;95.596 ;4,9;4,0;19.192 ;16.118 ;2,7;2,3;–;–;–;–;–;–;–;–;66.062;65.054;4,1;4,0;–;–;–;–;2.037.885;1.778.195;5,5;4,8;–;10.005;–;0,1;–;–;–;–;–;–;–;–;–;–;–;–;–;–;–;–;–;–;–;–;–;–;–;–;–;–;–;–;–;–;–;–;–;–;–;–;–;–;–;–;–;–;–;–;–;–;–;–;–;–;–;–;–;–;–;–;–;;
B90/Gr;1990;–;552.027 ;559.207 ;1,2;1,2;–;–;–;–;–;–;–;–;10.022 ;66.294 ;0,5;3,3;106.814 ;94.386 ;7,5;6,6;–;–;–;–;–;–;–;–;–;–;–;–;6.703 ;58.792 ;0,7;5,9;–;–;–;–;–;–;–;–;–;–;–;–;–;–;–;–;220.497 ;163.192 ;8,0;5,9;105.157 ;83.976 ;6,6;5,3;–;–;–;–;102.834;92.567;6,8;6,1;–;12.737;–;0,0;552.027 ;546.470;6,2;6,1;8 ;3 ;–;–;8;3;8 ;–;8;–;–;–;–;–;–;1 ;–;1;2 ;–;2;–;–;–;–;–;–;–;–;–;1 ;–;1;–;–;–;–;–;–;–;–;–;–;–;–;2 ;–;2;1 ;–;1;–;–;–;1 ;–;1;;
GRÜNE;1994;–;3.037.902 ;3.424.315 ;6,5;7,3;468.947 ;544.782 ;8,3;9,6;402.398 ;419.763 ;6,0;6,3;174.265 ;199.208 ;8,9;10,2;43.589 ;39.593 ;3,2;2,9;40.456 ;43.654 ;10,3;11,1;123.455 ;123.571 ;12,6;12,6;274.869 ;322.473 ;7,9;9,3;12.492 ;35.213 ;1,3;3,6;274.378 ;338.087 ;5,8;7,1;691.924 ;781.405 ;6,6;7,4;151.182 ;150.630 ;6,3;6,2;28.582 ;39.013 ;4,3;5,8;107.424 ;122.594 ;4,2;4,8;56.920 ;53.551 ;3,8;3,6;119.810;140.353;7,1;8,3;67.211;70.425;4,7;4,9;2.713.626;3.051.994;7,1;7,9;324.276 ;372.321;3,8;4,3;49 ;29 ;–;–;49;29;49 ;–;49;8 ;–;8;6 ;–;6;3 ;–;3;–;–;–;1 ;–;1;2 ;–;2;5 ;–;5;–;–;–;5 ;–;5;11 ;–;11;2 ;–;2;–;–;–;2 ;–;2;1 ;–;1;2 ;–;2;1 ;–;1;;
GRÜNE;1998;–;2.448.162 ;3.301.624 ;5,0;6,7;426.398 ;549.567 ;7,2;9,2;318.716 ;413.909 ;4,6;5,9;154.929 ;221.849 ;7,9;11,3;50.485 ;55.884 ;3,3;3,6;34.991 ;45.303 ;8,7;11,3;75.723 ;104.658 ;7,8;10,8;192.059 ;293.939 ;5,4;8,2;23.969 ;32.132 ;2,2;2,9;220.746 ;292.799 ;4,5;5,9;546.021 ;745.911 ;5,0;6,9;107.265 ;152.009 ;4,3;6,1;23.193 ;37.807 ;3,4;5,5;109.636 ;126.964 ;3,8;4,4;42.174 ;54.538 ;2,6;3,3;68.250;112.287;3,9;6,5;53.607;62.068;3,4;3,9;2.133.965;2.909.021;5,4;7,3;314.197 ;392.603;3,3;4,1;47 ;27 ;–;–;47;27;47 ;–;47;8 ;–;8;6 ;–;6;3 ;–;3;1 ;–;1;1 ;–;1;1 ;–;1;4 ;–;4;–;–;–;4 ;–;4;11 ;–;11;2 ;–;2;–;–;–;2 ;–;2;1 ;–;1;2 ;–;2;1 ;–;1;;
GRÜNE;2002;–;2.693.794 ;4.110.355 ;5,6;8,6;431.269 ;676.342 ;7,3;11,4;431.884 ;562.483 ;5,9;7,6;205.312 ;274.008 ;11,0;14,6;52.563 ;68.765 ;3,5;4,5;38.638 ;56.632 ;10,2;15,0;83.956 ;156.010 ;8,7;16,2;217.691 ;366.032 ;6,4;10,7;30.804 ;34.180 ;3,2;3,5;247.447 ;353.644 ;5,1;7,3;556.814 ;930.684 ;5,3;8,9;113.789 ;190.645 ;4,8;7,9;24.094 ;48.602 ;3,8;7,6;90.379 ;119.530 ;3,5;4,6;37.457 ;48.574 ;2,6;3,4;86.292;162.425;5,0;9,4;45.405;61.799;3,1;4,3;2.379.505;3.699.206;6,1;9,4;314.289 ;411.149;3,6;4,7;55 ;32 ;1;–;54;32;55 ;1;54;9 ;–;9;7 ;–;7;4 ;1;3;1 ;–;1;1 ;–;1;2 ;–;2;5 ;–;5;–;–;–;5 ;–;5;12 ;–;12;2 ;–;2;1 ;–;1;2 ;–;2;1 ;–;1;2 ;–;2;1 ;–;1;;
GRÜNE;2005;–;2.538.913 ;3.838.326 ;5,4;8,1;428.574 ;623.091 ;7,4;10,7;449.976 ;559.941 ;6,4;7,9;229.849 ;254.546 ;12,4;13,7;44.562 ;80.253 ;2,8;5,1;35.147 ;51.600 ;9,7;14,3;85.730 ;140.751 ;9,1;14,9;195.060 ;340.288 ;5,8;10,1;34.904 ;39.379 ;3,5;4,0;224.575 ;354.853 ;4,7;7,4;433.372 ;782.551 ;4,2;7,6;99.769 ;172.900 ;4,2;7,3;18.976 ;37.489 ;3,0;5,9;94.127 ;126.850 ;3,6;4,8;39.112 ;59.146 ;2,7;4,1;73.345;144.712;4,3;8,4;51.835;69.976;3,6;4,8;2.188.898;3.379.648;5,7;8,8;350.015 ;458.678;4,0;5,2;51 ;29 ;1;–;50;29;51 ;1;50;8 ;–;8;7 ;–;7;3 ;1;2;1 ;–;1;1 ;–;1;2 ;–;2;5 ;–;5;1 ;–;1;5 ;–;5;10 ;–;10;2 ;–;2;–;–;–;2 ;–;2;1 ;–;1;2 ;–;2;1 ;–;1;;
GRÜNE;2009;–;3.977.125 ;4.643.272 ;9,2;10,7;694.760 ;755.648 ;12,8;13,9;675.888 ;719.265 ;10,2;10,8;298.277 ;299.535 ;17,4;17,4;76.546 ;84.567 ;5,5;6,1;48.549 ;52.283 ;14,4;15,4;128.440 ;138.454 ;14,5;15,6;287.044 ;381.948 ;9,0;12,0;46.826 ;47.841 ;5,4;5,5;370.188 ;475.742 ;8,4;10,7;728.745 ;945.831 ;7,8;10,1;174.941 ;211.971 ;8,0;9,7;30.671 ;39.550 ;5,3;6,8;136.047 ;151.283 ;6,0;6,7;55.547 ;61.734 ;4,6;5,1;161.626;203.782;10,1;12,7;63.030;73.838;5,1;6,0;3.495.117;4.123.750;9,8;11,5;482.008 ;519.522;6,3;6,8;68 ;37 ;1;–;67;37;68 ;1;67;11 ;–;11;10 ;–;10;4 ;1;3;1 ;–;1;1 ;–;1;2 ;–;2;6 ;–;6;1 ;–;1;7 ;–;7;14 ;–;14;3 ;–;3;1 ;–;1;2 ;–;2;1 ;–;1;3 ;–;3;1 ;–;1;;
GRÜNE;2013;–;3.180.299 ;3.694.057 ;7,3;8,4;614.298 ;623.294 ;10,9;11,0;505.800 ;552.818 ;7,7;8,4;243.259 ;220.737 ;13,6;12,3;53.549 ;65.182 ;3,9;4,7;37.667 ;40.014 ;11,5;12,1;94.473 ;112.826 ;10,6;12,7;236.653 ;313.135 ;7,5;9,9;33.232 ;37.716 ;3,8;4,3;299.885 ;391.901 ;6,8;8,8;606.235 ;760.642 ;6,4;8,0;133.256 ;169.372 ;6,1;7,6;21.746 ;31.998 ;3,9;5,7;103.470 ;113.916 ;4,5;4,9;38.929 ;46.858 ;3,3;4,0;111.921;153.137;6,9;9,4;45.926;60.511;3,7;4,9;2.818.799;3.296.767;7,8;9,2;361.500 ;397.290;4,7;5,1;63 ;35 ;1;–;62;35;63 ;1;62;10 ;–;10;9 ;–;9;4 ;1;3;1 ;–;1;1 ;–;1;2 ;–;2;5 ;–;5;1 ;–;1;6 ;–;6;13 ;–;13;3 ;–;3;1 ;–;1;2 ;–;2;1 ;–;1;3 ;–;3;1 ;–;1;;
GRÜNE;2017;–;3.717.922 ;4.158.400 ;8,0;8,9;801.880 ;807.205 ;13,4;13,5;661.356 ;722.116 ;9,0;9,8;230.935 ;234.947 ;12,4;12,6;67.253 ;74.971 ;4,5;5,0;33.386 ;36.733 ;10,1;11,1;114.485 ;136.371 ;11,7;13,9;270.221 ;323.736 ;8,1;9,7;33.746 ;39.514 ;3,6;4,3;334.541 ;404.825 ;7,2;8,7;641.360 ;744.970 ;6,5;7,6;140.906 ;179.233 ;6,0;7,6;26.116 ;35.117 ;4,5;6,0;112.300 ;113.608 ;4,5;4,6;38.938 ;46.243 ;3,1;3,7;163.580;205.471;9,5;12,0;46.919;53.340;3,6;4,1;3.338.701;3.748.914;8,7;9,8;379.221 ;409.486;4,6;5,0;67 ;39 ;1;1;66;38;67 ;1;66;13 ;–;13;11 ;–;11;4 ;1;3;1 ;–;1;1 ;–;1;2 ;–;2;5 ;–;5;1 ;–;1;6 ;–;6;12 ;–;12;3 ;–;3;1 ;–;1;2 ;–;2;1 ;–;1;3 ;–;3;1 ;–;1;;
GRÜNE;2021;einschl. Wiederholungswahl in Teilen Berlins;6.435.380 ;6.814.408 ;13,9;14,7;1.058.334 ;1.022.226 ;17,8;17,2;1.023.735 ;1.067.830 ;13,6;14,1;346.880 ;370.735 ;20,6;22,0;120.005 ;137.472 ;7,9;9,0;60.490 ;68.427 ;18,5;20,9;237.328 ;250.532 ;23,7;24,9;480.535 ;521.411 ;14,6;15,8;62.664 ;71.956 ;6,8;7,8;646.848 ;726.613 ;14,3;16,1;1.500.696 ;1.587.067 ;15,2;16,1;247.246 ;293.135 ;10,6;12,6;31.091 ;–;5,4;–;171.384 ;212.320 ;7,0;8,6;64.326 ;78.701 ;5,4;6,5;315.633;322.763;17,9;18,3;68.185;83.220;5,4;6,6;5.824.798;6.093.664;15,3;15,9;610.582 ;720.744;7,6;8,9;118 ;70 ;16;9;102;61;118 ;16;102;18 ;4;14;19 ;1;18;7 ;3;4;2 ;–;2;1 ;–;1;4 ;2;2;9 ;1;8;1 ;–;1;13 ;–;13;27 ;4;23;5 ;–;5;–;–;–;4 ;–;4;1 ;–;1;6 ;1;5;1 ;–;1;;
GRÜNE;2025;–;5.443.393 ;5.762.380 ;11,0;11,6;887.608 ;865.738 ;14,0;13,6;969.735 ;957.435 ;12,2;12,0;338.231 ;328.035 ;17,4;16,8;86.006 ;108.598 ;5,2;6,6;53.287 ;54.280 ;15,4;15,6;214.621 ;201.713 ;20,6;19,3;411.127 ;451.510 ;11,5;12,6;36.898 ;54.719 ;3,6;5,4;487.326 ;576.845 ;9,7;11,5;1.230.253 ;1.300.901 ;11,7;12,4;204.080 ;256.869 ;8,3;10,3;30.477 ;43.371 ;5,1;7,2;129.025 ;167.269 ;5,0;6,5;48.599 ;59.077 ;3,7;4,4;279.298 ;279.923 ;14,9;14,9;36.822 ;56.097 ;2,8;4,2;4.986.511;5.192.371;12,2;12,7;456.882 ;570.009;5,2;6,5;85 ;52 ;12;9;73;43;85 ;12;73;12 ;3;9;14 ;–;14;5 ;3;2;2 ;–;2;1 ;–;1;3 ;2;1;7 ;–;7;1 ;–;1;8 ;–;8;19 ;3;16;4 ;–;4;1 ;–;1;2 ;–;2;1 ;–;1;4 ;1;3;1 ;–;1;;
FDP;1949;Parteiname bis 1998: F.D.P.;2.829.920 ;2.829.920 ;11,9;11,9;482.381 ;482.381 ;17,6;17,6;404.145 ;404.145 ;8,5;8,5;–;–;–;–;–;–;–;–;39.228 ;39.228 ;12,9;12,9;143.371 ;143.371 ;15,8;15,8;597.081 ;597.081 ;28,1;28,1;–;–;–;–;252.141 ;252.141 ;7,5;7,5;581.456 ;581.456 ;8,6;8,6;226.625 ;226.625 ;15,8;15,8;–;–;–;–;–;–;–;–;–;–;–;–;103.492;103.492;7,4;7,4;–;–;–;–;–;–;–;–;–;–;–;–;53 ;1 ;12;–;41;1;52 ;12;40;10 ;2;8;7 ;–;7;–;–;–;–;–;–;–;–;–;2 ;1;1;12 ;7;5;–;–;–;5 ;1;4;10 ;1;9;4 ;–;4;–;–;–;–;–;–;–;–;–;2 ;–;2;–;–;–;;
FDP;1953;Parteiname bis 1998: F.D.P.;2.967.566 ;2.629.163 ;10,8;9,5;502.041 ;455.535 ;13,9;12,7;369.442 ;315.494 ;7,3;6,2;–;–;–;–;–;–;–;–;28.169 ;26.777 ;7,8;7,5;186.694 ;108.722 ;17,8;10,3;610.534 ;502.548 ;23,7;19,7;–;–;–;–;308.663 ;260.894 ;8,2;6,9;683.465 ;682.902 ;8,5;8,5;226.874 ;214.805 ;12,9;12,1;–;–;–;–;–;–;–;–;–;–;–;–;51.684;61.486;3,8;4,5;–;–;–;–;–;–;–;–;–;–;–;–;53 ;3 ;14;–;39;3;48 ;14;34;9 ;2;7;6 ;2;4;–;–;–;–;–;–;–;–;–;2 ;2;–;9 ;5;4;–;–;–;5 ;2;3;12 ;1;11;4 ;–;4;–;–;–;–;–;–;–;–;–;1 ;–;1;–;–;–;;
FDP;1957;Parteiname bis 1998: F.D.P.;2.276.234 ;2.307.135 ;7,5;7,7;547.010 ;561.538 ;13,8;14,4;252.341 ;240.695 ;4,8;4,6;–;–;–;–;–;–;–;–;22.125 ;23.311 ;5,5;5,8;105.558 ;108.451 ;9,1;9,4;243.877 ;232.872 ;8,8;8,5;–;–;–;–;223.521 ;226.463 ;5,8;5,9;528.307 ;554.781 ;5,9;6,3;185.300 ;185.288 ;9,7;9,8;101.031 ;100.080 ;18,1;18,2;–;–;–;–;–;–;–;–;67.164;73.656;5,0;5,6;–;–;–;–;–;–;–;–;–;–;–;–;43 ;3 ;1;–;42;3;41 ;1;40;11 ;–;11;4 ;–;4;–;–;–;–;–;–;–;–;–;2 ;–;2;4 ;–;4;–;–;–;4 ;–;4;11 ;–;11;3 ;–;3;1 ;1;–;–;–;–;–;–;–;1 ;–;1;–;–;–;;
FDP;1961;Parteiname bis 1998: F.D.P.;3.866.269 ;4.028.766 ;12,1;12,8;697.279 ;697.311 ;16,3;16,6;450.506 ;479.830 ;8,1;8,7;–;–;–;–;–;–;–;–;63.985 ;64.955 ;14,6;15,2;182.919 ;187.255 ;15,1;15,7;425.210 ;438.726 ;14,4;15,2;–;–;–;–;476.886 ;519.139 ;11,9;13,2;1.063.302 ;1.118.460 ;11,1;11,8;255.961 ;259.578 ;12,8;13,2;75.373 ;74.893 ;12,7;12,9;–;–;–;–;–;–;–;–;174.848;188.619;12,5;13,8;–;–;–;–;–;–;–;–;–;–;–;–;67 ;4 ;–;–;67;4;67 ;–;67;12 ;–;12;8 ;–;8;–;–;–;–;–;–;1 ;–;1;3 ;–;3;7 ;–;7;–;–;–;9 ;–;9;19 ;–;19;4 ;–;4;1 ;–;1;–;–;–;–;–;–;3 ;–;3;–;–;–;;
FDP;1965;Parteiname bis 1998: F.D.P.;2.562.294 ;3.096.739 ;7,9;9,5;515.025 ;582.913 ;11,6;13,1;320.121 ;413.744 ;5,7;7,3;–;–;–;–;–;–;–;–;45.992 ;51.894 ;10,4;11,7;92.513 ;112.047 ;7,8;9,4;308.146 ;359.419 ;10,4;12,0;–;–;–;–;360.034 ;440.860 ;8,9;10,9;596.375 ;739.954 ;6,2;7,6;180.286 ;209.028 ;8,9;10,2;46.566 ;54.119 ;7,4;8,6;–;–;–;–;–;–;–;–;97.236;132.761;6,9;9,4;–;–;–;–;–;–;–;–;–;–;–;–;50 ;2 ;–;–;50;2;49 ;–;49;10 ;–;10;7 ;–;7;–;–;–;–;–;–;–;–;–;1 ;–;1;6 ;–;6;–;–;–;7 ;–;7;13 ;–;13;3 ;–;3;–;–;–;–;–;–;–;–;–;2 ;–;2;–;–;–;;
FDP;1969;Parteiname bis 1998: F.D.P.;1.554.651 ;1.903.422 ;4,8;5,8;305.433 ;343.350 ;6,7;7,5;193.956 ;232.880 ;3,4;4,1;–;–;–;–;–;–;–;–;35.011 ;41.554 ;7,9;9,3;45.340 ;73.206 ;3,9;6,3;168.231 ;208.325 ;5,5;6,7;–;–;–;–;191.416 ;230.471 ;4,7;5,6;412.187 ;526.861 ;4,3;5,4;108.694 ;128.650 ;5,3;6,3;35.895 ;42.254 ;5,7;6,7;–;–;–;–;–;–;–;–;58.488;75.871;4,0;5,2;–;–;–;–;–;–;–;–;–;–;–;–;31 ;2 ;–;–;31;2;30 ;–;30;6 ;–;6;4 ;–;4;–;–;–;–;–;–;–;–;–;1 ;–;1;3 ;–;3;–;–;–;4 ;–;4;9 ;–;9;2 ;–;2;–;–;–;–;–;–;–;–;–;1 ;–;1;–;–;–;;
FDP;1972;Parteiname bis 1998: F.D.P.;1.790.513 ;3.129.982 ;4,8;8,4;296.286 ;544.832 ;5,6;10,2;260.019 ;399.554 ;4,0;6,1;–;–;–;–;–;–;–;–;34.786 ;54.428 ;7,1;11,1;65.752 ;138.607 ;5,3;11,2;183.553 ;355.558 ;5,3;10,2;–;–;–;–;207.187 ;393.282 ;4,5;8,5;530.974 ;856.963 ;4,9;7,8;113.062 ;193.499 ;4,8;8,1;29.311 ;51.762 ;4,0;7,1;–;–;–;–;–;–;–;–;69.583;141.497;4,2;8,6;–;–;–;–;–;–;–;–;–;–;–;–;42 ;2 ;–;–;42;2;41 ;–;41;8 ;–;8;5 ;–;5;–;–;–;–;–;–;–;–;–;2 ;–;2;5 ;–;5;–;–;–;5 ;–;5;12 ;–;12;2 ;–;2;–;–;–;–;–;–;–;–;–;2 ;–;2;–;–;–;;
FDP;1976;Parteiname bis 1998: F.D.P.;2.417.683 ;2.995.085 ;6,4;7,9;375.122 ;489.661 ;7,0;9,1;353.354 ;419.335 ;5,3;6,2;–;–;–;–;–;–;–;–;51.656 ;55.903 ;10,9;11,8;94.599 ;118.969 ;8,1;10,2;244.232 ;300.864 ;6,9;8,5;–;–;–;–;283.448 ;369.526 ;6,1;7,9;703.914 ;860.331 ;6,4;7,8;157.468 ;183.575 ;6,5;7,6;41.883 ;49.299 ;5,6;6,6;–;–;–;–;–;–;–;–;112.007;147.622;6,7;8,8;–;–;–;–;–;–;–;–;–;–;–;–;40 ;4 ;–;–;40;4;39 ;–;39;7 ;–;7;6 ;–;6;–;–;–;–;–;–;–;–;–;1 ;–;1;4 ;–;4;–;–;–;5 ;–;5;12 ;–;12;2 ;–;2;–;–;–;–;–;–;–;–;–;2 ;–;2;–;–;–;;
FDP;1980;Parteiname bis 1998: F.D.P.;2.720.480 ;4.030.999 ;7,2;10,6;423.523 ;654.882 ;7,8;12,0;408.804 ;532.620 ;6,1;7,8;–;–;–;–;–;–;–;–;51.810 ;68.720 ;11,4;15,1;105.027 ;155.701 ;9,5;14,1;249.303 ;377.448 ;7,0;10,6;–;–;–;–;345.591 ;535.914 ;7,3;11,3;798.323 ;1.191.643 ;7,3;10,9;165.243 ;239.921 ;6,8;9,8;40.024 ;57.598 ;5,4;7,8;–;–;–;–;–;–;–;–;132.832;216.552;7,8;12,7;–;–;–;–;–;–;–;–;–;–;–;–;54 ;7 ;–;–;54;7;53 ;–;53;9 ;–;9;7 ;–;7;–;–;–;–;–;–;–;–;–;2 ;–;2;5 ;–;5;–;–;–;7 ;–;7;17 ;–;17;3 ;–;3;–;–;–;–;–;–;–;–;–;3 ;–;3;–;–;–;;
FDP;1983;Parteiname bis 1998: F.D.P.;1.087.918 ;2.706.942 ;2,8;7,0;200.803 ;514.382 ;3,5;9,0;212.568 ;433.652 ;3,1;6,2;–;–;–;–;–;–;–;–;12.741 ;29.876 ;2,8;6,5;23.983 ;68.926 ;2,2;6,3;98.054 ;275.787 ;2,7;7,6;–;–;–;–;130.937 ;338.416 ;2,7;6,9;273.042 ;716.412 ;2,4;6,4;80.594 ;174.658 ;3,2;7,0;18.464 ;44.934 ;2,5;6,0;–;–;–;–;–;–;–;–;36.732;109.899;2,1;6,3;–;–;–;–;–;–;–;–;–;–;–;–;35 ;3 ;–;–;35;3;34 ;–;34;7 ;–;7;6 ;–;6;–;–;–;–;–;–;–;–;–;–;–;–;4 ;–;4;–;–;–;4 ;–;4;10 ;–;10;2 ;–;2;–;–;–;–;–;–;–;–;–;1 ;–;1;–;–;–;;
FDP;1987;Parteiname bis 1998: F.D.P.;1.760.496 ;3.440.911 ;4,7;9,1;339.391 ;670.924 ;6,1;12,0;322.983 ;545.865 ;4,8;8,1;–;–;–;–;–;–;–;–;19.668 ;37.725 ;4,6;8,8;49.812 ;99.746 ;4,8;9,6;160.446 ;323.594 ;4,6;9,1;–;–;–;–;208.522 ;419.882 ;4,4;8,8;441.311 ;909.141 ;4,1;8,4;118.501 ;223.350 ;4,8;9,1;27.327 ;49.823 ;3,8;6,9;–;–;–;–;–;–;–;–;72.535;160.861;4,3;9,4;–;–;–;–;–;–;–;–;–;–;–;–;48 ;6 ;–;–;48;6;46 ;–;46;9 ;–;9;7 ;–;7;–;–;–;–;–;–;1 ;–;1;1 ;–;1;4 ;–;4;–;–;–;6 ;–;6;12 ;–;12;3 ;–;3;1 ;–;1;–;–;–;–;–;–;2 ;–;2;–;–;–;;
FDP;1990;Parteiname bis 1998: F.D.P.;3.595.135 ;5.123.233 ;7,8;11,0;432.526 ;667.272 ;8,0;12,3;377.699 ;551.892 ;6,0;8,7;152.005 ;183.780 ;7,6;9,1;124.857 ;138.586 ;8,8;9,7;35.859 ;50.630 ;9,1;12,8;71.578 ;117.293 ;7,3;12,0;232.509 ;374.240 ;6,8;10,9;100.141 ;91.229 ;10,2;9,1;294.495 ;474.609 ;6,4;10,3;692.025 ;1.118.967 ;6,8;11,0;168.221 ;245.283 ;7,2;10,4;34.273 ;42.459 ;4,8;6,0;293.262 ;345.471 ;10,6;12,4;279.316 ;314.265 ;17,6;19,7;110.460;185.636;6,8;11,4;195.909;221.621;13,0;14,6;2.546.079;3.956.052;6,8;10,6;1.049.056 ;1.167.181;11,7;12,9;79 ;16 ;1;–;78;16;79 ;1;78;10 ;–;10;9 ;–;9;3 ;–;3;2 ;–;2;1 ;–;1;2 ;–;2;6 ;–;6;1 ;–;1;7 ;–;7;17 ;–;17;4 ;–;4;1 ;–;1;5 ;–;5;5 ;1;4;3 ;–;3;3 ;–;3;;
FDP;1994;Parteiname bis 1998: F.D.P.;1.558.185 ;3.258.407 ;3,3;6,9;250.324 ;560.734 ;4,4;9,9;206.814 ;430.125 ;3,1;6,4;46.247 ;100.649 ;2,4;5,2;30.520 ;35.954 ;2,2;2,6;15.089 ;28.409 ;3,8;7,2;29.487 ;71.119 ;3,0;7,2;118.068 ;283.186 ;3,4;8,1;25.585 ;33.436 ;2,6;3,4;152.398 ;368.180 ;3,2;7,7;343.411 ;804.024 ;3,3;7,6;88.872 ;168.475 ;3,7;6,9;13.187 ;29.334 ;2,0;4,3;85.939 ;98.494 ;3,4;3,8;52.794 ;60.968 ;3,5;4,1;51.301;126.036;3,0;7,4;48.149;59.284;3,4;4,1;1.306.318;2.956.145;3,4;7,7;251.867 ;302.262;2,9;3,5;47 ;8 ;–;–;47;8;47 ;–;47;8 ;–;8;6 ;–;6;2 ;–;2;1 ;–;1;–;–;–;1 ;–;1;4 ;–;4;1 ;–;1;5 ;–;5;12 ;–;12;2 ;–;2;–;–;–;1 ;–;1;1 ;–;1;2 ;–;2;1 ;–;1;;
FDP;1998;Parteiname bis 1998: F.D.P.;1.486.433 ;3.080.955 ;3,0;6,2;261.026 ;524.527 ;4,4;8,8;181.300 ;354.620 ;2,6;5,1;47.970 ;95.403 ;2,5;4,9;46.344 ;43.896 ;3,0;2,8;11.536 ;23.809 ;2,9;5,9;25.070 ;62.835 ;2,6;6,5;104.263 ;279.988 ;2,9;7,9;19.939 ;24.300 ;1,8;2,2;134.445 ;314.503 ;2,7;6,4;310.354 ;789.745 ;2,9;7,3;94.408 ;177.016 ;3,8;7,1;13.972 ;32.517 ;2,0;4,7;89.806 ;105.524 ;3,1;3,6;51.029 ;66.428 ;3,1;4,1;48.644;131.611;2,8;7,6;46.327;54.233;2,9;3,4;1.223.342;2.770.414;3,1;7,0;263.091 ;310.541;2,8;3,3;43 ;9 ;–;–;43;9;43 ;–;43;7 ;–;7;5 ;–;5;1 ;–;1;1 ;–;1;–;–;–;1 ;–;1;4 ;–;4;–;–;–;4 ;–;4;11 ;–;11;3 ;–;3;–;–;–;2 ;–;2;1 ;–;1;2 ;–;2;1 ;–;1;;
FDP;2002;–;2.752.796 ;3.538.815 ;5,8;7,4;368.727 ;461.801 ;6,2;7,8;298.096 ;332.675 ;4,1;4,5;98.660 ;124.004 ;5,3;6,6;89.475 ;88.685 ;5,9;5,8;18.073 ;25.306 ;4,8;6,7;45.522 ;65.574 ;4,7;6,8;191.504 ;280.927 ;5,6;8,2;46.988 ;52.816 ;4,8;5,4;262.227 ;342.990 ;5,4;7,1;672.985 ;978.841 ;6,4;9,3;181.597 ;223.761 ;7,6;9,3;28.785 ;41.110 ;4,5;6,4;173.297 ;187.759 ;6,7;7,3;100.322 ;108.267 ;7,0;7,6;91.615;139.417;5,3;8,0;84.923;84.882;5,9;5,9;2.230.411;2.982.514;5,7;7,6;522.385 ;556.301;6,0;6,4;47 ;10 ;–;–;47;10;47 ;–;47;6 ;–;6;4 ;–;4;2 ;–;2;1 ;–;1;–;–;–;1 ;–;1;4 ;–;4;1 ;–;1;5 ;–;5;13 ;–;13;3 ;–;3;1 ;–;1;2 ;–;2;1 ;–;1;2 ;–;2;1 ;–;1;;
FDP;2005;–;2.208.531 ;4.648.144 ;4,7;9,8;321.612 ;693.835 ;5,5;11,9;353.503 ;673.817 ;5,0;9,5;70.471 ;152.157 ;3,8;8,2;66.723 ;107.736 ;4,3;6,9;13.514 ;29.329 ;3,7;8,1;32.904 ;84.593 ;3,5;9,0;158.793 ;392.123 ;4,7;11,7;42.840 ;62.049 ;4,3;6,3;186.474 ;426.341 ;3,9;8,9;422.724 ;1.024.924 ;4,1;10,0;130.808 ;278.945 ;5,5;11,7;22.028 ;47.188 ;3,5;7,4;176.889 ;269.623 ;6,7;10,2;71.965 ;117.155 ;5,0;8,1;65.315;173.320;3,8;10,1;71.968;115.009;5,0;7,9;1.756.435;3.936.002;4,6;10,2;452.096 ;712.142;5,1;8,0;61 ;15 ;–;–;61;15;61 ;–;61;9 ;–;9;9 ;–;9;2 ;–;2;1 ;–;1;–;–;–;1 ;–;1;5 ;–;5;1 ;–;1;6 ;–;6;13 ;–;13;4 ;–;4;1 ;–;1;4 ;–;4;2 ;–;2;2 ;–;2;1 ;–;1;;
FDP;2009;–;4.076.496 ;6.316.080 ;9,4;14,6;645.560 ;1.022.958 ;11,9;18,8;700.960 ;976.379 ;10,6;14,7;123.780 ;198.516 ;7,2;11,5;99.769 ;129.642 ;7,2;9,3;24.437 ;35.968 ;7,2;10,6;69.968 ;117.143 ;7,9;13,2;305.043 ;527.432 ;9,6;16,6;61.469 ;85.203 ;7,1;9,8;350.420 ;588.401 ;7,9;13,3;832.146 ;1.394.554 ;8,9;14,9;231.938 ;364.673 ;10,6;16,6;42.107 ;69.427 ;7,2;11,9;230.005 ;299.135 ;10,2;13,3;94.139 ;124.247 ;7,8;10,3;170.070;261.767;10,6;16,3;94.685;120.635;7,7;9,8;3.461.551;5.502.933;9,7;15,4;614.945 ;813.147;8,1;10,6;93 ;23 ;–;–;93;23;93 ;–;93;15 ;–;15;14 ;–;14;3 ;–;3;2 ;–;2;1 ;–;1;2 ;–;2;8 ;–;8;1 ;–;1;9 ;–;9;20 ;–;20;5 ;–;5;1 ;–;1;4 ;–;4;2 ;–;2;4 ;–;4;2 ;–;2;;
FDP;2013;–;1.028.645 ;2.083.533 ;2,4;4,8;164.210 ;348.317 ;2,9;6,2;183.259 ;334.158 ;2,8;5,1;25.867 ;63.616 ;1,4;3,6;21.252 ;35.365 ;1,5;2,5;6.360 ;11.204 ;1,9;3,4;17.707 ;42.869 ;2,0;4,8;81.708 ;175.144 ;2,6;5,6;11.891 ;18.968 ;1,4;2,2;82.291 ;185.647 ;1,9;4,2;228.962 ;498.027 ;2,4;5,2;63.585 ;122.640 ;2,9;5,5;8.393 ;21.506 ;1,5;3,8;55.673 ;71.259 ;2,4;3,1;20.679 ;30.998 ;1,8;2,6;37.526;91.714;2,3;5,6;19.282;32.101;1,6;2,6;892.991;1.878.518;2,5;5,2;135.654 ;205.015;1,8;2,7;–;–;–;–;–;–;–;–;–;–;–;–;–;–;–;–;–;–;–;–;–;–;–;–;–;–;–;–;–;–;–;–;–;–;–;–;–;–;–;–;–;–;–;–;–;–;–;–;–;–;–;–;–;–;–;–;–;;
FDP;2017;–;3.249.238 ;4.999.449 ;7,0;10,7;517.512 ;762.008 ;8,6;12,7;477.884 ;751.248 ;6,5;10,2;105.053 ;167.046 ;5,6;8,9;75.734 ;105.485 ;5,1;7,1;30.457 ;31.056 ;9,2;9,3;69.178 ;105.610 ;7,1;10,8;238.437 ;386.742 ;7,1;11,5;43.899 ;57.895 ;4,7;6,2;264.801 ;431.405 ;5,7;9,3;787.235 ;1.293.052 ;8,0;13,1;161.479 ;245.235 ;6,9;10,4;27.627 ;44.477 ;4,7;7,6;165.449 ;203.662 ;6,7;8,2;81.211 ;96.555 ;6,5;7,8;131.703;216.844;7,7;12,6;71.579;101.129;5,5;7,8;2.780.484;4.384.806;7,3;11,5;468.754 ;614.643;5,7;7,5;80 ;18 ;–;–;80;18;80 ;–;80;12 ;–;12;12 ;–;12;3 ;–;3;2 ;–;2;–;–;–;2 ;–;2;6 ;–;6;1 ;–;1;7 ;–;7;20 ;–;20;4 ;–;4;1 ;–;1;3 ;–;3;2 ;–;2;3 ;–;3;2 ;–;2;;
FDP;2021;einschl. Wiederholungswahl in Teilen Berlins;4.019.565 ;5.291.013 ;8,7;11,4;711.697 ;908.039 ;12,0;15,3;579.804 ;798.591 ;7,7;10,5;106.292 ;136.998 ;6,3;8,1;121.094 ;142.426 ;7,9;9,3;22.398 ;30.481 ;6,8;9,3;84.603 ;114.602 ;8,4;11,4;315.712 ;421.621 ;9,6;12,8;66.328 ;75.555 ;7,2;8,2;347.802 ;474.638 ;7,7;10,5;851.337 ;1.130.154 ;8,6;11,4;193.360 ;272.451 ;8,3;11,7;46.793 ;65.945 ;8,2;11,5;220.062 ;271.166 ;8,9;11,0;96.084 ;114.024 ;8,0;9,5;167.191;220.039;9,5;12,5;89.008;114.283;7,0;9,0;3.391.906;4.527.413;8,9;11,8;627.659 ;763.600;7,8;9,5;91 ;22 ;–;–;91;22;92 ;–;92;16 ;–;16;14 ;–;14;3 ;–;3;2 ;–;2;1 ;–;1;2 ;–;2;7 ;–;7;1 ;–;1;8 ;–;8;19 ;–;19;5 ;–;5;1 ;–;1;5 ;–;5;2 ;–;2;4 ;–;4;2 ;–;2;;
FDP;2025;–;1.622.912 ;2.148.757 ;3,3;4,3;271.794 ;357.539 ;4,3;5,6;246.700 ;333.257 ;3,1;4,2;52.575 ;74.076 ;2,7;3,8;44.451 ;53.467 ;2,7;3,2;9.664 ;12.295 ;2,8;3,5;35.299 ;47.115 ;3,4;4,5;128.781 ;180.823 ;3,6;5,0;29.339 ;32.678 ;2,9;3,2;148.320 ;205.163 ;3,0;4,1;349.157 ;462.446 ;3,3;4,4;83.327 ;114.047 ;3,4;4,6;20.611 ;25.725 ;3,5;4,3;69.629 ;83.436 ;2,7;3,2;37.603 ;41.251 ;2,8;3,1;67.541 ;88.147 ;3,6;4,7;28.121 ;37.292 ;2,1;2,8;1.396.255;1.874.998;3,4;4,6;226.657 ;273.759;2,6;3,1;–;–;–;–;–;–;–;–;–;–;–;–;–;–;–;–;–;–;–;–;–;–;–;–;–;–;–;–;–;–;–;–;–;–;–;–;–;–;–;–;–;–;–;–;–;–;–;–;–;–;–;–;–;–;–;–;–;;
AfD;2013;–;810.915 ;2.056.985 ;1,9;4,7;133.727 ;295.988 ;2,4;5,2;146.714 ;283.570 ;2,2;4,3;67.483 ;88.060 ;3,8;4,9;–;83.075 ;–;6,0;10.764 ;12.307 ;3,3;3,7;29.835 ;37.142 ;3,4;4,2;37.910 ;176.319 ;1,2;5,6;–;48.885 ;–;5,6;82.424 ;165.875 ;1,9;3,7;171.511 ;372.258 ;1,8;3,9;6.316 ;106.414 ;0,3;4,8;24.912 ;29.291 ;4,4;5,2;–;157.781 ;–;6,8;16.657 ;49.661 ;1,4;4,2;58.681;74.346;3,6;4,6;23.981;76.013;2,0;6,2;741.593;1.604.396;2,1;4,5;69.322 ;452.589;0,9;5,9;–;–;–;–;–;–;–;–;–;–;–;–;–;–;–;–;–;–;–;–;–;–;–;–;–;–;–;–;–;–;–;–;–;–;–;–;–;–;–;–;–;–;–;–;–;–;–;–;–;–;–;–;–;–;–;–;–;;
AfD;2017;–;5.317.499 ;5.878.115 ;11,5;12,6;690.128 ;730.499 ;11,5;12,2;773.542 ;916.300 ;10,5;12,4;212.211 ;225.170 ;11,4;12,0;289.204 ;301.103 ;19,4;20,2;30.935 ;33.244 ;9,3;10,0;71.527 ;76.511 ;7,3;7,8;375.528 ;398.712 ;11,2;11,9;168.456 ;172.409 ;18,2;18,6;369.663 ;422.362 ;8,0;9,1;799.777 ;928.425 ;8,1;9,4;223.659 ;265.688 ;9,5;11,2;54.587 ;58.920 ;9,3;10,1;628.048 ;669.940 ;25,4;27,0;210.127 ;244.401 ;16,9;19,6;128.641;140.362;7,5;8,2;291.466;294.069;22,5;22,7;3.621.411;4.080.171;9,5;10,7;1.696.088 ;1.797.944;20,7;21,9;94 ;11 ;3;1;91;10;94 ;3;91;11 ;–;11;14 ;–;14;4 ;–;4;5 ;–;5;1 ;–;1;1 ;–;1;6 ;–;6;3 ;–;3;7 ;–;7;15 ;–;15;4 ;–;4;1 ;–;1;11 ;3;8;4 ;–;4;2 ;–;2;5 ;–;5;;
AfD;2021;einschl. Wiederholungswahl in Teilen Berlins;4.699.926 ;4.809.233 ;10,2;10,4;561.058 ;571.336 ;9,4;9,6;634.098 ;679.915 ;8,4;9,0;151.449 ;159.025 ;9,0;9,4;279.978 ;277.412 ;18,3;18,1;21.565 ;22.575 ;6,6;6,9;49.828 ;50.537 ;5,0;5,0;285.337 ;290.978 ;8,7;8,8;169.977 ;165.342 ;18,5;18,0;292.032 ;336.434 ;6,5;7,4;705.020 ;717.510 ;7,1;7,3;205.790 ;215.205 ;8,8;9,2;56.236 ;57.629 ;9,8;10,0;632.881 ;607.044 ;25,7;24,6;242.065 ;235.492 ;20,2;19,6;113.641;119.566;6,5;6,8;298.971;303.233;23,7;24,0;2.992.666;3.133.149;7,8;8,2;1.707.260 ;1.676.084;21,2;20,8;83 ;11 ;16;2;67;9;83 ;16;67;10 ;–;10;12 ;–;12;3 ;–;3;5 ;–;5;–;–;–;1 ;–;1;5 ;–;5;3 ;–;3;6 ;–;6;12 ;–;12;4 ;–;4;1 ;–;1;10 ;10;–;4 ;2;2;2 ;–;2;5 ;4;1;;
AfD;2025;–;10.177.318 ;10.328.780 ;20,6;20,8;1.231.221 ;1.256.430 ;19,4;19,8;1.384.631 ;1.515.731 ;17,4;19,0;294.546 ;296.990 ;15,2;15,2;565.718 ;535.275 ;34,4;32,5;52.638 ;52.496 ;15,2;15,1;114.714 ;113.608 ;11,0;10,9;633.669 ;636.778 ;17,7;17,8;376.846 ;357.361 ;37,0;35,0;881.225 ;894.540 ;17,6;17,8;1.720.896 ;1.770.379 ;16,4;16,8;476.014 ;498.695 ;19,2;20,1;129.177 ;129.294 ;21,6;21,6;986.060 ;958.401 ;38,5;37,3;515.634 ;496.110 ;38,8;37,1;302.259 ;306.165 ;16,1;16,3;512.070 ;510.527 ;38,7;38,6;7.060.584;7.308.025;17,3;17,9;3.116.734 ;3.020.755;35,8;34,6;152 ;18 ;42;5;110;13;152 ;42;110;19 ;–;19;22 ;–;22;4 ;1;3;8 ;8;–;1 ;–;1;2 ;–;2;9 ;–;9;5 ;5;–;13 ;–;13;26 ;–;26;7 ;–;7;2 ;–;2;14 ;14;–;7 ;7;–;5 ;–;5;8 ;7;1;;
CSU;1949;–;1.380.448 ;1.380.448 ;5,8;5,8;–;–;–;–;1.380.448 ;1.380.448 ;29,2;29,2;–;–;–;–;–;–;–;–;–;–;–;–;–;–;–;–;–;–;–;–;–;–;–;–;–;–;–;–;–;–;–;–;–;–;–;–;–;–;–;–;–;–;–;–;–;–;–;–;–;–;–;–;–;–;–;–;–;–;–;–;–;–;–;–;24 ;1 ;24;1;–;–;24 ;24;–;–;–;–;24 ;24;–;–;–;–;–;–;–;–;–;–;–;–;–;–;–;–;–;–;–;–;–;–;–;–;–;–;–;–;–;–;–;–;–;–;–;–;–;–;–;–;–;–;–;;
CSU;1953;–;2.450.286 ;2.427.387 ;8,9;8,8;–;–;–;–;2.450.286 ;2.427.387 ;48,3;47,8;–;–;–;–;–;–;–;–;–;–;–;–;–;–;–;–;–;–;–;–;–;–;–;–;–;–;–;–;–;–;–;–;–;–;–;–;–;–;–;–;–;–;–;–;–;–;–;–;–;–;–;–;–;–;–;–;–;–;–;–;–;–;–;–;52 ;3 ;42;1;10;2;52 ;42;10;–;–;–;52 ;42;10;–;–;–;–;–;–;–;–;–;–;–;–;–;–;–;–;–;–;–;–;–;–;–;–;–;–;–;–;–;–;–;–;–;–;–;–;–;–;–;–;–;–;;
CSU;1957;–;3.186.150 ;3.133.060 ;10,6;10,5;–;–;–;–;3.068.418 ;3.015.892 ;57,9;57,2;–;–;–;–;–;–;–;–;–;–;–;–;–;–;–;–;–;–;–;–;–;–;–;–;–;–;–;–;–;–;–;–;–;–;–;–;117.732 ;117.168 ;21,1;21,3;–;–;–;–;–;–;–;–;–;–;–;–;–;–;–;–;–;–;–;–;–;–;–;–;55 ;3 ;47;1;8;2;53 ;47;6;–;–;–;53 ;47;6;–;–;–;–;–;–;–;–;–;–;–;–;–;–;–;–;–;–;–;–;–;–;–;–;–;–;–;–;–;–;–;–;–;–;–;–;–;–;–;–;–;–;;
CSU;1961;–;3.104.742 ;3.014.471 ;9,7;9,6;–;–;–;–;3.104.742 ;3.014.471 ;55,7;54,9;–;–;–;–;–;–;–;–;–;–;–;–;–;–;–;–;–;–;–;–;–;–;–;–;–;–;–;–;–;–;–;–;–;–;–;–;–;–;–;–;–;–;–;–;–;–;–;–;–;–;–;–;–;–;–;–;–;–;–;–;–;–;–;–;50 ;3 ;42;1;8;2;50 ;42;8;–;–;–;50 ;42;8;–;–;–;–;–;–;–;–;–;–;–;–;–;–;–;–;–;–;–;–;–;–;–;–;–;–;–;–;–;–;–;–;–;–;–;–;–;–;–;–;–;–;;
CSU;1965;–;3.204.648 ;3.136.506 ;9,9;9,6;–;–;–;–;3.204.648 ;3.136.506 ;56,8;55,6;–;–;–;–;–;–;–;–;–;–;–;–;–;–;–;–;–;–;–;–;–;–;–;–;–;–;–;–;–;–;–;–;–;–;–;–;–;–;–;–;–;–;–;–;–;–;–;–;–;–;–;–;–;–;–;–;–;–;–;–;–;–;–;–;49 ;3 ;36;1;13;2;49 ;36;13;–;–;–;49 ;36;13;–;–;–;–;–;–;–;–;–;–;–;–;–;–;–;–;–;–;–;–;–;–;–;–;–;–;–;–;–;–;–;–;–;–;–;–;–;–;–;–;–;–;;
CSU;1969;–;3.094.176 ;3.115.652 ;9,5;9,5;–;–;–;–;3.094.176 ;3.115.652 ;54,5;54,4;–;–;–;–;–;–;–;–;–;–;–;–;–;–;–;–;–;–;–;–;–;–;–;–;–;–;–;–;–;–;–;–;–;–;–;–;–;–;–;–;–;–;–;–;–;–;–;–;–;–;–;–;–;–;–;–;–;–;–;–;–;–;–;–;49 ;2 ;34;–;15;2;49 ;34;15;–;–;–;49 ;34;15;–;–;–;–;–;–;–;–;–;–;–;–;–;–;–;–;–;–;–;–;–;–;–;–;–;–;–;–;–;–;–;–;–;–;–;–;–;–;–;–;–;–;;
CSU;1972;–;3.620.625 ;3.615.183 ;9,7;9,7;–;–;–;–;3.620.625 ;3.615.183 ;55,5;55,1;–;–;–;–;–;–;–;–;–;–;–;–;–;–;–;–;–;–;–;–;–;–;–;–;–;–;–;–;–;–;–;–;–;–;–;–;–;–;–;–;–;–;–;–;–;–;–;–;–;–;–;–;–;–;–;–;–;–;–;–;–;–;–;–;48 ;1 ;31;–;17;1;48 ;31;17;–;–;–;48 ;31;17;–;–;–;–;–;–;–;–;–;–;–;–;–;–;–;–;–;–;–;–;–;–;–;–;–;–;–;–;–;–;–;–;–;–;–;–;–;–;–;–;–;–;;
CSU;1976;–;4.008.514 ;4.027.499 ;10,6;10,6;–;–;–;–;4.008.514 ;4.027.499 ;60,0;60,0;–;–;–;–;–;–;–;–;–;–;–;–;–;–;–;–;–;–;–;–;–;–;–;–;–;–;–;–;–;–;–;–;–;–;–;–;–;–;–;–;–;–;–;–;–;–;–;–;–;–;–;–;–;–;–;–;–;–;–;–;–;–;–;–;53 ;2 ;40;–;13;2;53 ;40;13;–;–;–;53 ;40;13;–;–;–;–;–;–;–;–;–;–;–;–;–;–;–;–;–;–;–;–;–;–;–;–;–;–;–;–;–;–;–;–;–;–;–;–;–;–;–;–;–;–;;
CSU;1980;–;3.941.365 ;3.908.459 ;10,4;10,3;–;–;–;–;3.941.365 ;3.908.459 ;58,4;57,6;–;–;–;–;–;–;–;–;–;–;–;–;–;–;–;–;–;–;–;–;–;–;–;–;–;–;–;–;–;–;–;–;–;–;–;–;–;–;–;–;–;–;–;–;–;–;–;–;–;–;–;–;–;–;–;–;–;–;–;–;–;–;–;–;52 ;2 ;40;–;12;2;52 ;40;12;–;–;–;52 ;40;12;–;–;–;–;–;–;–;–;–;–;–;–;–;–;–;–;–;–;–;–;–;–;–;–;–;–;–;–;–;–;–;–;–;–;–;–;–;–;–;–;–;–;;
CSU;1983;–;4.318.800 ;4.140.865 ;11,1;10,6;–;–;–;–;4.318.800 ;4.140.865 ;62,2;59,5;–;–;–;–;–;–;–;–;–;–;–;–;–;–;–;–;–;–;–;–;–;–;–;–;–;–;–;–;–;–;–;–;–;–;–;–;–;–;–;–;–;–;–;–;–;–;–;–;–;–;–;–;–;–;–;–;–;–;–;–;–;–;–;–;53 ;3 ;44;–;9;3;53 ;44;9;–;–;–;53 ;44;9;–;–;–;–;–;–;–;–;–;–;–;–;–;–;–;–;–;–;–;–;–;–;–;–;–;–;–;–;–;–;–;–;–;–;–;–;–;–;–;–;–;–;;
CSU;1987;–;3.859.244 ;3.715.827 ;10,2;9,8;–;–;–;–;3.859.244 ;3.715.827 ;57,6;55,1;–;–;–;–;–;–;–;–;–;–;–;–;–;–;–;–;–;–;–;–;–;–;–;–;–;–;–;–;–;–;–;–;–;–;–;–;–;–;–;–;–;–;–;–;–;–;–;–;–;–;–;–;–;–;–;–;–;–;–;–;–;–;–;–;49 ;2 ;45;1;4;1;49 ;45;4;–;–;–;49 ;45;4;–;–;–;–;–;–;–;–;–;–;–;–;–;–;–;–;–;–;–;–;–;–;–;–;–;–;–;–;–;–;–;–;–;–;–;–;–;–;–;–;–;–;;
CSU;1990;–;3.423.904 ;3.302.980 ;7,4;7,1;–;–;–;–;3.423.904 ;3.302.980 ;54,0;51,9;–;–;–;–;–;–;–;–;–;–;–;–;–;–;–;–;–;–;–;–;–;–;–;–;–;–;–;–;–;–;–;–;–;–;–;–;–;–;–;–;–;–;–;–;–;–;–;–;–;–;–;–;–;–;–;–;3.423.904;3.302.980;9,2;8,8;–;–;–;–;51 ;5 ;43;3;8;2;51 ;43;8;–;–;–;51 ;43;8;–;–;–;–;–;–;–;–;–;–;–;–;–;–;–;–;–;–;–;–;–;–;–;–;–;–;–;–;–;–;–;–;–;–;–;–;–;–;–;–;–;–;;
CSU;1994;–;3.657.627 ;3.427.196 ;7,8;7,3;–;–;–;–;3.657.627 ;3.427.196 ;54,8;51,2;–;–;–;–;–;–;–;–;–;–;–;–;–;–;–;–;–;–;–;–;–;–;–;–;–;–;–;–;–;–;–;–;–;–;–;–;–;–;–;–;–;–;–;–;–;–;–;–;–;–;–;–;–;–;–;–;3.657.627;3.427.196;9,5;8,9;–;–;–;–;50 ;6 ;44;4;6;2;50 ;44;6;–;–;–;50 ;44;6;–;–;–;–;–;–;–;–;–;–;–;–;–;–;–;–;–;–;–;–;–;–;–;–;–;–;–;–;–;–;–;–;–;–;–;–;–;–;–;–;–;–;;
CSU;1998;–;3.602.472 ;3.324.480 ;7,3;6,7;–;–;–;–;3.602.472 ;3.324.480 ;51,8;47,7;–;–;–;–;–;–;–;–;–;–;–;–;–;–;–;–;–;–;–;–;–;–;–;–;–;–;–;–;–;–;–;–;–;–;–;–;–;–;–;–;–;–;–;–;–;–;–;–;–;–;–;–;–;–;–;–;3.602.472;3.324.480;9,1;8,4;–;–;–;–;47 ;6 ;38;3;9;3;47 ;38;9;–;–;–;47 ;38;9;–;–;–;–;–;–;–;–;–;–;–;–;–;–;–;–;–;–;–;–;–;–;–;–;–;–;–;–;–;–;–;–;–;–;–;–;–;–;–;–;–;–;;
CSU;2002;–;4.311.178 ;4.315.080 ;9,0;9,0;–;–;–;–;4.311.178 ;4.315.080 ;58,9;58,6;–;–;–;–;–;–;–;–;–;–;–;–;–;–;–;–;–;–;–;–;–;–;–;–;–;–;–;–;–;–;–;–;–;–;–;–;–;–;–;–;–;–;–;–;–;–;–;–;–;–;–;–;–;–;–;–;4.311.178;4.315.080;11,0;11,0;–;–;–;–;58 ;12 ;43;6;15;6;58 ;43;15;–;–;–;58 ;43;15;–;–;–;–;–;–;–;–;–;–;–;–;–;–;–;–;–;–;–;–;–;–;–;–;–;–;–;–;–;–;–;–;–;–;–;–;–;–;–;–;–;–;;
CSU;2005;–;3.889.990 ;3.494.309 ;8,2;7,4;–;–;–;–;3.889.990 ;3.494.309 ;55,0;49,2;–;–;–;–;–;–;–;–;–;–;–;–;–;–;–;–;–;–;–;–;–;–;–;–;–;–;–;–;–;–;–;–;–;–;–;–;–;–;–;–;–;–;–;–;–;–;–;–;–;–;–;–;–;–;–;–;3.889.990;3.494.309;10,1;9,1;–;–;–;–;46 ;7 ;44;7;2;–;46 ;44;2;–;–;–;46 ;44;2;–;–;–;–;–;–;–;–;–;–;–;–;–;–;–;–;–;–;–;–;–;–;–;–;–;–;–;–;–;–;–;–;–;–;–;–;–;–;–;–;–;–;;
CSU;2009;–;3.191.000 ;2.830.238 ;7,4;6,5;–;–;–;–;3.191.000 ;2.830.238 ;48,2;42,5;–;–;–;–;–;–;–;–;–;–;–;–;–;–;–;–;–;–;–;–;–;–;–;–;–;–;–;–;–;–;–;–;–;–;–;–;–;–;–;–;–;–;–;–;–;–;–;–;–;–;–;–;–;–;–;–;3.191.000;2.830.238;9,0;7,9;–;–;–;–;45 ;6 ;45;6;–;–;45 ;45;–;–;–;–;45 ;45;–;–;–;–;–;–;–;–;–;–;–;–;–;–;–;–;–;–;–;–;–;–;–;–;–;–;–;–;–;–;–;–;–;–;–;–;–;–;–;–;–;–;–;;
CSU;2013;–;3.544.079 ;3.243.569 ;8,1;7,4;–;–;–;–;3.544.079 ;3.243.569 ;53,9;49,3;–;–;–;–;–;–;–;–;–;–;–;–;–;–;–;–;–;–;–;–;–;–;–;–;–;–;–;–;–;–;–;–;–;–;–;–;–;–;–;–;–;–;–;–;–;–;–;–;–;–;–;–;–;–;–;–;3.544.079;3.243.569;9,9;9,0;–;–;–;–;56 ;14 ;45;8;11;6;56 ;45;11;–;–;–;56 ;45;11;–;–;–;–;–;–;–;–;–;–;–;–;–;–;–;–;–;–;–;–;–;–;–;–;–;–;–;–;–;–;–;–;–;–;–;–;–;–;–;–;–;–;;
CSU;2017;–;3.255.487 ;2.869.688 ;7,0;6,2;–;–;–;–;3.255.487 ;2.869.688 ;44,2;38,8;–;–;–;–;–;–;–;–;–;–;–;–;–;–;–;–;–;–;–;–;–;–;–;–;–;–;–;–;–;–;–;–;–;–;–;–;–;–;–;–;–;–;–;–;–;–;–;–;–;–;–;–;–;–;–;–;3.255.487;2.869.688;8,5;7,5;–;–;–;–;46 ;8 ;46;8;–;–;46 ;46;–;–;–;–;46 ;46;–;–;–;–;–;–;–;–;–;–;–;–;–;–;–;–;–;–;–;–;–;–;–;–;–;–;–;–;–;–;–;–;–;–;–;–;–;–;–;–;–;–;–;;
CSU;2021;einschl. Wiederholungswahl in Teilen Berlins;2.788.048 ;2.402.827 ;6,0;5,2;–;–;–;–;2.788.048 ;2.402.827 ;36,9;31,7;–;–;–;–;–;–;–;–;–;–;–;–;–;–;–;–;–;–;–;–;–;–;–;–;–;–;–;–;–;–;–;–;–;–;–;–;–;–;–;–;–;–;–;–;–;–;–;–;–;–;–;–;–;–;–;–;2.788.048;2.402.827;7,3;6,3;–;–;–;–;45 ;10 ;45;10;–;–;45 ;45;–;–;–;–;45 ;45;–;–;–;–;–;–;–;–;–;–;–;–;–;–;–;–;–;–;–;–;–;–;–;–;–;–;–;–;–;–;–;–;–;–;–;–;–;–;–;–;–;–;–;;
CSU;2025;–;3.272.064 ;2.964.028 ;6,6;6,0;–;–;–;–;3.272.064 ;2.964.028 ;41,2;37,2;–;–;–;–;–;–;–;–;–;–;–;–;–;–;–;–;–;–;–;–;–;–;–;–;–;–;–;–;–;–;–;–;–;–;–;–;–;–;–;–;–;–;–;–;–;–;–;–;–;–;–;–;–;–;–;–;3.272.064;2.964.028;8,0;7,2;–;–;–;–;44 ;11 ;44;11;–;–;44 ;44;–;–;–;–;44 ;44;–;–;–;–;–;–;–;–;–;–;–;–;–;–;–;–;–;–;–;–;–;–;–;–;–;–;–;–;–;–;–;–;–;–;–;–;–;–;–;–;–;–;–;;
Die Linke;1990;Parteiname 1990-2002: PDS;1.049.245 ;1.129.578 ;2,3;2,4;–;13.778 ;–;0,3;182 ;13.722 ;0,0;0,2;198.786 ;195.613 ;10,0;9,7;166.998 ;157.022 ;11,8;11,0;–;4.219 ;–;1,1;–;10.358 ;–;1,1;–;13.037 ;–;0,4;138.877 ;141.906 ;14,1;14,2;–;14.654 ;–;0,3;–;28.922 ;–;0,3;–;4.263 ;–;0,2;–;1.164 ;–;0,2;253.066 ;251.217 ;9,2;9,0;158.333 ;149.053 ;10,0;9,4;–;5.496;–;0,3;133.003;125.154;8,8;8,3;182;125.947;0,0;0,3;1.049.063 ;1.003.631;11,7;11,1;17 ;8 ;1;–;16;8;17 ;1;16;–;–;–;–;–;–;3 ;1;2;3 ;–;3;–;–;–;–;–;–;–;–;–;2 ;–;2;–;–;–;1 ;–;1;–;–;–;–;–;–;4 ;–;4;2 ;–;2;–;–;–;2 ;–;2;;
Die Linke;1994;Parteiname 1990-2002: PDS;1.920.420 ;2.066.176 ;4,1;4,4;18.698 ;42.994 ;0,3;0,8;15.120 ;36.575 ;0,2;0,5;326.446 ;289.517 ;16,8;14,8;276.820 ;264.239 ;20,3;19,3;7.850 ;10.744 ;2,0;2,7;10.321 ;21.996 ;1,1;2,2;21.621 ;37.268 ;0,6;1,1;239.040 ;231.835 ;24,4;23,6;20.888 ;46.731 ;0,4;1,0;44.883 ;102.356 ;0,4;1,0;1.181 ;15.135 ;0,0;0,6;2.369 ;4.807 ;0,4;0,7;437.856 ;427.692 ;17,2;16,7;264.007 ;270.212 ;17,6;18,0;–;18.989;–;1,1;233.320;245.086;16,4;17,2;165.332;368.952;0,4;1,0;1.755.088 ;1.697.224;20,5;19,8;30 ;13 ;4;1;26;12;30 ;4;26;1 ;–;1;1 ;–;1;4 ;4;–;4 ;–;4;–;–;–;–;–;–;1 ;–;1;3 ;–;3;1 ;–;1;1 ;–;1;–;–;–;–;–;–;6 ;–;6;4 ;–;4;–;–;–;4 ;–;4;;
Die Linke;1998;Parteiname 1990-2002: PDS;2.416.781 ;2.515.454 ;4,9;5,1;36.075 ;58.013 ;0,6;1,0;22.599 ;46.301 ;0,3;0,7;325.830 ;263.337 ;16,7;13,4;324.723 ;313.090 ;21,1;20,3;8.354 ;9.815 ;2,1;2,4;7.057 ;22.603 ;0,7;2,3;41.700 ;52.216 ;1,2;1,5;268.362 ;257.464 ;24,8;23,6;47.237 ;50.068 ;1,0;1,0;81.199 ;131.550 ;0,7;1,2;6.925 ;25.083 ;0,3;1,0;3.417 ;7.087 ;0,5;1,0;567.154 ;577.764 ;19,7;20,0;326.008 ;337.393 ;20,1;20,7;17.199;25.470;1,0;1,5;332.942;338.200;21,0;21,2;295.701;460.681;0,7;1,2;2.121.080 ;2.054.773;22,4;21,6;36 ;20 ;4;2;32;18;36 ;4;32;1 ;–;1;1 ;–;1;4 ;4;–;4 ;–;4;–;–;–;–;–;–;1 ;–;1;4 ;–;4;1 ;–;1;2 ;–;2;–;–;–;–;–;–;8 ;–;8;5 ;–;5;–;–;–;5 ;–;5;;
Die Linke;2002;Parteiname 1990-2002: PDS;2.079.203 ;1.916.702 ;4,3;4,0;51.472 ;56.156 ;0,9;0,9;44.438 ;49.515 ;0,6;0,7;270.099 ;212.642 ;14,5;11,4;313.883 ;263.228 ;20,6;17,2;7.062 ;8.443 ;1,9;2,2;15.298 ;20.253 ;1,6;2,1;43.383 ;45.891 ;1,3;1,3;159.292 ;158.823 ;16,4;16,3;50.007 ;50.380 ;1,0;1,0;118.396 ;125.446 ;1,1;1,2;20.455 ;24.099 ;0,9;1,0;7.346 ;9.000 ;1,1;1,4;456.823 ;418.329 ;17,7;16,2;225.261 ;206.129 ;15,8;14,4;20.998;22.579;1,2;1,3;274.990;245.789;19,0;17,0;407.487;442.136;1,0;1,1;1.671.716 ;1.474.566;19,2;16,9;2 ;2 ;2;2;–;–;2 ;2;–;–;–;–;–;–;–;2 ;2;–;–;–;–;–;–;–;–;–;–;–;–;–;–;–;–;–;–;–;–;–;–;–;–;–;–;–;–;–;–;–;–;–;–;–;–;–;–;–;–;;
Die Linke;2005;Parteiname 2005: Die Linke.;3.764.168 ;4.118.194 ;8,0;8,7;182.288 ;219.105 ;3,1;3,8;201.865 ;244.701 ;2,9;3,4;321.714 ;303.630 ;17,4;16,4;423.111 ;416.359 ;27,0;26,6;25.658 ;30.570 ;7,1;8,4;44.503 ;59.463 ;4,7;6,3;142.516 ;178.913 ;4,2;5,3;231.205 ;234.702 ;23,3;23,7;168.205 ;205.200 ;3,5;4,3;425.709 ;529.967 ;4,2;5,2;111.029 ;132.154 ;4,7;5,6;109.509 ;117.089 ;17,3;18,5;590.726 ;603.824 ;22,3;22,8;369.268 ;385.422 ;25,5;26,6;48.634;78.755;2,8;4,6;368.228;378.340;25,4;26,1;1.517.946;1.874.397;4,0;4,9;2.246.222 ;2.243.797;25,4;25,3;54 ;26 ;3;2;51;24;54 ;3;51;3 ;–;3;3 ;–;3;4 ;3;1;5 ;–;5;–;–;–;1 ;–;1;2 ;–;2;3 ;–;3;3 ;–;3;7 ;–;7;2 ;–;2;2 ;–;2;8 ;–;8;5 ;–;5;1 ;–;1;5 ;–;5;;
Die Linke;2009;Parteiname 2009: DIE LINKE;4.791.124 ;5.155.933 ;11,1;11,9;345.551 ;389.637 ;6,4;7,2;386.476 ;429.371 ;5,8;6,5;355.640 ;348.661 ;20,7;20,2;410.330 ;395.566 ;29,7;28,5;42.873 ;48.369 ;12,7;14,3;86.119 ;99.096 ;9,7;11,2;225.775 ;271.455 ;7,1;8,5;255.411 ;251.536 ;29,5;29,0;331.141 ;380.373 ;7,5;8,6;669.045 ;789.814 ;7,1;8,4;177.323 ;205.180 ;8,1;9,4;107.088 ;123.880 ;18,4;21,2;543.805 ;551.461 ;24,2;24,5;383.800 ;389.456 ;32,0;32,4;113.319;127.203;7,1;7,9;357.428;354.875;29,1;28,8;2.574.028;2.974.801;7,2;8,3;2.217.096 ;2.181.132;29,1;28,5;76 ;40 ;16;7;60;33;76 ;16;60;6 ;–;6;6 ;–;6;5 ;4;1;6 ;4;2;1 ;–;1;1 ;–;1;4 ;–;4;4 ;1;3;6 ;–;6;11 ;–;11;3 ;–;3;2 ;–;2;8 ;–;8;6 ;5;1;2 ;–;2;5 ;2;3;;
Die Linke;2013;Parteiname 2013: DIE LINKE;3.585.178 ;3.755.699 ;8,2;8,6;236.251 ;272.456 ;4,2;4,8;225.218 ;248.920 ;3,4;3,8;333.148 ;330.507 ;18,7;18,5;330.627 ;311.312 ;23,9;22,4;28.521 ;33.284 ;8,7;10,1;66.995 ;78.296 ;7,5;8,8;167.135 ;188.654 ;5,3;6,0;204.479 ;186.871 ;23,6;21,5;189.645 ;223.935 ;4,3;5,0;483.918 ;582.925 ;5,1;6,1;105.928 ;120.338 ;4,8;5,4;48.977 ;56.045 ;8,7;10,0;500.300 ;467.045 ;21,5;20,0;299.032 ;282.319 ;25,4;23,9;66.183;84.177;4,1;5,2;298.821;288.615;24,3;23,4;1.702.865;2.002.914;4,7;5,6;1.882.313 ;1.752.785;24,4;22,7;64 ;36 ;4;2;60;34;64 ;4;60;5 ;–;5;4 ;–;4;6 ;4;2;5 ;–;5;1 ;–;1;1 ;–;1;3 ;–;3;3 ;–;3;4 ;–;4;10 ;–;10;2 ;–;2;1 ;–;1;8 ;–;8;5 ;–;5;1 ;–;1;5 ;–;5;;
Die Linke;2017;Parteiname 2017: DIE LINKE;3.966.637 ;4.297.270 ;8,6;9,2;325.019 ;380.727 ;5,4;6,4;384.368 ;450.803 ;5,2;6,1;377.564 ;351.170 ;20,2;18,8;256.497 ;255.721 ;17,2;17,2;39.405 ;44.629 ;11,9;13,4;105.242 ;119.076 ;10,8;12,2;220.145 ;271.158 ;6,6;8,1;171.130 ;165.368 ;18,5;17,8;273.064 ;322.979 ;5,9;7,0;626.631 ;736.904 ;6,4;7,5;133.323 ;160.912 ;5,7;6,8;65.712 ;75.448 ;11,2;12,9;432.722 ;398.627 ;17,5;16,1;238.047 ;220.858 ;19,2;17,7;90.574;124.678;5,3;7,3;227.194;218.212;17,6;16,9;2.387.250;2.834.084;6,3;7,4;1.579.387 ;1.463.186;19,3;17,8;69 ;37 ;5;2;64;35;69 ;5;64;6 ;–;6;7 ;–;7;6 ;4;2;4 ;–;4;1 ;–;1;2 ;–;2;4 ;–;4;3 ;–;3;5 ;–;5;12 ;–;12;3 ;–;3;1 ;–;1;6 ;1;5;4 ;–;4;2 ;–;2;3 ;–;3;;
Die Linke;2021;"einschl. Wiederholungswahl in Teilen Berlins in Teilen Berlins; Parteiname 2021: DIE LINKE";2.286.070 ;2.255.864 ;4,9;4,9;175.691 ;196.874 ;3,0;3,3;187.530 ;210.838 ;2,5;2,8;238.776 ;194.010 ;14,2;11,5;142.628 ;129.762 ;9,3;8,5;25.923 ;25.352 ;7,9;7,7;72.507 ;67.578 ;7,2;6,7;130.457 ;142.585 ;4,0;4,3;116.033 ;101.735 ;12,6;11,1;142.785 ;148.657 ;3,2;3,3;317.869 ;366.947 ;3,2;3,7;84.143 ;76.123 ;3,6;3,3;30.211 ;41.130 ;5,3;7,2;282.800 ;230.012 ;11,5;9,3;127.576 ;115.330 ;10,6;9,6;55.523;64.238;3,2;3,6;155.618;144.693;12,3;11,4;1.299.454;1.420.498;3,4;3,7;986.616 ;835.366;12,2;10,3;39 ;22 ;3;1;36;21;39 ;3;36;3 ;–;3;4 ;–;4;4 ;2;2;2 ;–;2;–;–;–;1 ;–;1;2 ;–;2;2 ;–;2;3 ;–;3;6 ;–;6;1 ;–;1;1 ;–;1;4 ;1;3;2 ;–;2;1 ;–;1;3 ;–;3;;
Die Linke;2025;–;3.933.297 ;4.356.532 ;7,9;8,8;360.037 ;429.484 ;5,7;6,8;366.149 ;456.935 ;4,6;5,7;423.549 ;387.222 ;21,8;19,9;189.182 ;176.224 ;11,5;10,7;44.408 ;51.461 ;12,8;14,8;129.995 ;151.115 ;12,5;14,5;256.907 ;311.058 ;7,2;8,7;144.778 ;123.059 ;14,2;12,0;321.569 ;405.519 ;6,4;8,1;714.177 ;877.123 ;6,8;8,3;123.638 ;161.867 ;5,0;6,5;41.215 ;44.080 ;6,9;7,4;326.830 ;290.462 ;12,8;11,3;165.818 ;143.807 ;12,5;10,8;115.098 ;146.428 ;6,1;7,8;209.947 ;200.688 ;15,9;15,2;2.656.943;3.237.043;6,5;7,9;1.276.354 ;1.119.489;14,7;12,8;64 ;36 ;6;1;58;35;64 ;6;58;6 ;–;6;7 ;–;7;6 ;4;2;3 ;–;3;1 ;–;1;2 ;–;2;4 ;–;4;2 ;–;2;6 ;–;6;13 ;–;13;2 ;–;2;1 ;–;1;4 ;1;3;2 ;–;2;2 ;–;2;3 ;1;2;;
III. Weg;2021;einschl. Wiederholungswahl in Teilen Berlins;515 ;7.832 ;0,0;0,0;–;–;–;–;–;3.544 ;–;0,0;–;–;–;–;–;–;–;–;–;–;–;–;–;–;–;–;–;–;–;–;–;–;–;–;–;–;–;–;–;–;–;–;–;–;–;–;–;–;–;–;515 ;4.288 ;0,0;0,2;–;–;–;–;–;–;–;–;–;–;–;–;–;3.544;–;0,0;515 ;4.288;0,0;0,1;–;–;–;–;–;–;–;–;–;–;–;–;–;–;–;–;–;–;–;–;–;–;–;–;–;–;–;–;–;–;–;–;–;–;–;–;–;–;–;–;–;–;–;–;–;–;–;–;–;–;–;–;–;–;–;–;–;;
5%-Block;1976;–;985 ;2.940 ;0,0;0,0;166 ;–;0,0;–;707 ;2.940 ;0,0;0,0;–;–;–;–;–;–;–;–;–;–;–;–;–;–;–;–;–;–;–;–;–;–;–;–;–;–;–;–;112 ;–;0,0;–;–;–;–;–;–;–;–;–;–;–;–;–;–;–;–;–;–;–;–;–;–;–;–;–;–;–;–;–;–;–;–;–;–;–;–;–;–;–;–;–;–;–;–;–;–;–;–;–;–;–;–;–;–;–;–;–;–;–;–;–;–;–;–;–;–;–;–;–;–;–;–;–;–;–;–;–;–;–;–;–;–;–;–;–;–;–;–;–;–;;
50Plus;2005;–;–;10.536 ;–;0,0;–;–;–;–;–;–;–;–;–;–;–;–;–;10.536 ;–;0,7;–;–;–;–;–;–;–;–;–;–;–;–;–;–;–;–;–;–;–;–;–;–;–;–;–;–;–;–;–;–;–;–;–;–;–;–;–;–;–;–;–;–;–;–;–;–;–;–;–;–;–;–;–;10.536;–;0,1;–;–;–;–;–;–;–;–;–;–;–;–;–;–;–;–;–;–;–;–;–;–;–;–;–;–;–;–;–;–;–;–;–;–;–;–;–;–;–;–;–;–;–;–;–;–;–;–;–;–;–;–;–;–;–;–;–;;
AB 2000;1998;–;4.097 ;3.355 ;0,0;0,0;–;–;–;–;–;–;–;–;–;–;–;–;–;–;–;–;–;–;–;–;–;–;–;–;–;–;–;–;4.097 ;3.355 ;0,4;0,3;–;–;–;–;–;–;–;–;–;–;–;–;–;–;–;–;–;–;–;–;–;–;–;–;–;–;–;–;–;–;–;–;–;–;–;–;4.097 ;3.355;0,0;0,0;–;–;–;–;–;–;–;–;–;–;–;–;–;–;–;–;–;–;–;–;–;–;–;–;–;–;–;–;–;–;–;–;–;–;–;–;–;–;–;–;–;–;–;–;–;–;–;–;–;–;–;–;–;–;–;–;–;;
AD-DEMOKRATEN;2017;–;–;41.251 ;–;0,1;–;–;–;–;–;–;–;–;–;–;–;–;–;–;–;–;–;–;–;–;–;–;–;–;–;–;–;–;–;–;–;–;–;–;–;–;–;41.251 ;–;0,4;–;–;–;–;–;–;–;–;–;–;–;–;–;–;–;–;–;–;–;–;–;–;–;–;–;41.251;–;0,1;–;–;–;–;–;–;–;–;–;–;–;–;–;–;–;–;–;–;–;–;–;–;–;–;–;–;–;–;–;–;–;–;–;–;–;–;–;–;–;–;–;–;–;–;–;–;–;–;–;–;–;–;–;–;–;–;–;–;–;–;–;;
ADF;1969;–;209.180 ;197.331 ;0,6;0,6;24.523 ;21.927 ;0,5;0,5;30.665 ;25.431 ;0,5;0,4;–;–;–;–;–;–;–;–;6.651 ;6.535 ;1,5;1,5;13.114 ;13.653 ;1,1;1,2;23.333 ;22.137 ;0,8;0,7;–;–;–;–;18.233 ;17.183 ;0,4;0,4;66.426 ;64.824 ;0,7;0,7;11.815 ;11.651 ;0,6;0,6;8.230 ;7.609 ;1,3;1,2;–;–;–;–;–;–;–;–;6.190;6.381;0,4;0,4;–;–;–;–;–;–;–;–;–;–;–;–;–;–;–;–;–;–;–;–;–;–;–;–;–;–;–;–;–;–;–;–;–;–;–;–;–;–;–;–;–;–;–;–;–;–;–;–;–;–;–;–;–;–;–;–;–;–;–;–;–;–;–;–;–;–;–;–;–;;
ADM;2009;–;396 ;2.889 ;0,0;0,0;–;2.889 ;–;0,1;–;–;–;–;–;–;–;–;–;–;–;–;–;–;–;–;–;–;–;–;396 ;–;0,0;–;–;–;–;–;–;–;–;–;–;–;–;–;–;–;–;–;–;–;–;–;–;–;–;–;–;–;–;–;–;–;–;–;–;–;–;–;396;2.889;0,0;0,0;–;–;–;–;–;–;–;–;–;–;–;–;–;–;–;–;–;–;–;–;–;–;–;–;–;–;–;–;–;–;–;–;–;–;–;–;–;–;–;–;–;–;–;–;–;–;–;–;–;–;–;–;–;–;–;–;–;–;–;–;–;;
AGFG;2005;–;570 ;21.350 ;0,0;0,0;–;–;–;–;–;–;–;–;–;–;–;–;–;–;–;–;–;–;–;–;–;–;–;–;–;–;–;–;–;–;–;–;570 ;–;0,0;–;–;–;–;–;–;–;–;–;–;–;–;–;–;21.350 ;–;0,8;–;–;–;–;–;–;–;–;–;–;–;–;570;–;0,0;–;–;21.350;–;0,2;–;–;–;–;–;–;–;–;–;–;–;–;–;–;–;–;–;–;–;–;–;–;–;–;–;–;–;–;–;–;–;–;–;–;–;–;–;–;–;–;–;–;–;–;–;–;–;–;–;–;–;–;–;–;–;–;–;;
APD;1994;–;1.654 ;21.533 ;0,0;0,0;–;21.533 ;–;0,4;–;–;–;–;–;–;–;–;–;–;–;–;–;–;–;–;–;–;–;–;–;–;–;–;–;–;–;–;–;–;–;–;–;–;–;–;–;–;–;–;532 ;–;0,1;–;–;–;–;–;–;–;–;–;1.122;–;0,1;–;–;–;–;–;1.654;21.533;0,0;0,1;–;–;–;–;–;–;–;–;–;–;–;–;–;–;–;–;–;–;–;–;–;–;–;–;–;–;–;–;–;–;–;–;–;–;–;–;–;–;–;–;–;–;–;–;–;–;–;–;–;–;–;–;–;–;–;–;–;–;–;–;–;;
APD;1998;–;1.458 ;6.759 ;0,0;0,0;–;–;–;–;–;–;–;–;1.458 ;6.759 ;0,1;0,3;–;–;–;–;–;–;–;–;–;–;–;–;–;–;–;–;–;–;–;–;–;–;–;–;–;–;–;–;–;–;–;–;–;–;–;–;–;–;–;–;–;–;–;–;–;–;–;–;–;–;–;–;–;3.279;–;0,0;1.458 ;3.480;0,0;0,0;–;–;–;–;–;–;–;–;–;–;–;–;–;–;–;–;–;–;–;–;–;–;–;–;–;–;–;–;–;–;–;–;–;–;–;–;–;–;–;–;–;–;–;–;–;–;–;–;–;–;–;–;–;–;–;–;–;;
APPD;1998;–;1.676 ;35.242 ;0,0;0,1;336 ;5.882 ;0,0;0,1;–;6.005 ;–;0,1;–;2.586 ;–;0,1;–;–;–;–;–;618 ;–;0,2;960 ;1.629 ;0,1;0,2;–;3.226 ;–;0,1;380 ;–;0,0;–;–;5.702 ;–;0,1;–;8.719 ;–;0,1;–;–;–;–;–;875 ;–;0,1;–;–;–;–;–;–;–;–;–;–;–;–;–;–;–;–;1.296;34.056;0,0;0,1;380 ;1.186;0,0;0,0;–;–;–;–;–;–;–;–;–;–;–;–;–;–;–;–;–;–;–;–;–;–;–;–;–;–;–;–;–;–;–;–;–;–;–;–;–;–;–;–;–;–;–;–;–;–;–;–;–;–;–;–;–;–;–;–;–;;
APPD;2005;–;3.018 ;4.233 ;0,0;0,0;–;–;–;–;–;–;–;–;1.992 ;2.914 ;0,1;0,2;–;–;–;–;–;–;–;–;–;1.319 ;–;0,1;–;–;–;–;–;–;–;–;–;–;–;–;–;–;–;–;–;–;–;–;–;–;–;–;1.026 ;–;0,0;–;–;–;–;–;–;–;–;–;–;–;–;–;767;2.678;0,0;0,0;2.251 ;1.555;0,0;0,0;–;–;–;–;–;–;–;–;–;–;–;–;–;–;–;–;–;–;–;–;–;–;–;–;–;–;–;–;–;–;–;–;–;–;–;–;–;–;–;–;–;–;–;–;–;–;–;–;–;–;–;–;–;–;–;–;–;;
ASD;1987;–;3.151 ;1.834 ;0,0;0,0;–;–;–;–;–;–;–;–;–;–;–;–;–;–;–;–;2.210 ;1.834 ;0,5;0,4;–;–;–;–;349 ;–;0,0;–;–;–;–;–;592 ;–;0,0;–;–;–;–;–;–;–;–;–;–;–;–;–;–;–;–;–;–;–;–;–;–;–;–;–;–;–;–;–;–;–;–;–;–;–;–;–;–;–;–;–;–;–;–;–;–;–;–;–;–;–;–;–;–;–;–;–;–;–;–;–;–;–;–;–;–;–;–;–;–;–;–;–;–;–;–;–;–;–;–;–;–;–;–;–;–;–;–;–;–;–;–;–;–;;
AUD;1965;–;46.146 ;52.637 ;0,1;0,2;11.469 ;11.470 ;0,3;0,3;10.685 ;11.238 ;0,2;0,2;–;–;–;–;–;–;–;–;613 ;699 ;0,1;0,2;286 ;1.423 ;0,0;0,1;2.386 ;4.755 ;0,1;0,2;–;–;–;–;3.496 ;5.460 ;0,1;0,1;12.441 ;11.428 ;0,1;0,1;1.594 ;2.636 ;0,1;0,1;518 ;641 ;0,1;0,1;–;–;–;–;–;–;–;–;2.658;2.887;0,2;0,2;–;–;–;–;–;–;–;–;–;–;–;–;–;–;–;–;–;–;–;–;–;–;–;–;–;–;–;–;–;–;–;–;–;–;–;–;–;–;–;–;–;–;–;–;–;–;–;–;–;–;–;–;–;–;–;–;–;–;–;–;–;–;–;–;–;–;–;–;–;;
AUD;1976;–;19.490 ;22.202 ;0,1;0,1;8.746 ;7.509 ;0,2;0,1;6.571 ;5.242 ;0,1;0,1;–;–;–;–;–;–;–;–;148 ;–;0,0;–;802 ;831 ;0,1;0,1;–;2.113 ;–;0,1;–;–;–;–;434 ;–;0,0;–;1.299 ;4.928 ;0,0;0,0;127 ;–;0,0;–;423 ;491 ;0,1;0,1;–;–;–;–;–;–;–;–;940;1.088;0,1;0,1;–;–;–;–;–;–;–;–;–;–;–;–;–;–;–;–;–;–;–;–;–;–;–;–;–;–;–;–;–;–;–;–;–;–;–;–;–;–;–;–;–;–;–;–;–;–;–;–;–;–;–;–;–;–;–;–;–;–;–;–;–;–;–;–;–;–;–;–;–;;
AUFBRUCH;2002;–;2.895 ;4.697 ;0,0;0,0;–;–;–;–;2.895 ;4.697 ;0,0;0,1;–;–;–;–;–;–;–;–;–;–;–;–;–;–;–;–;–;–;–;–;–;–;–;–;–;–;–;–;–;–;–;–;–;–;–;–;–;–;–;–;–;–;–;–;–;–;–;–;–;–;–;–;–;–;–;–;2.895;4.697;0,0;0,0;–;–;–;–;–;–;–;–;–;–;–;–;–;–;–;–;–;–;–;–;–;–;–;–;–;–;–;–;–;–;–;–;–;–;–;–;–;–;–;–;–;–;–;–;–;–;–;–;–;–;–;–;–;–;–;–;–;–;–;–;–;;
AVP;1976;–;2.636 ;4.723 ;0,0;0,0;–;–;–;–;–;1.777 ;–;0,0;–;–;–;–;–;–;–;–;–;117 ;–;0,0;–;–;–;–;416 ;619 ;0,0;0,0;–;–;–;–;–;–;–;–;2.015 ;1.786 ;0,0;0,0;118 ;–;0,0;–;–;183 ;–;0,0;–;–;–;–;–;–;–;–;87;241;0,0;0,0;–;–;–;–;–;–;–;–;–;–;–;–;–;–;–;–;–;–;–;–;–;–;–;–;–;–;–;–;–;–;–;–;–;–;–;–;–;–;–;–;–;–;–;–;–;–;–;–;–;–;–;–;–;–;–;–;–;–;–;–;–;–;–;–;–;–;–;–;–;;
B* ;2013;Parteiname 2013: B;624 ;–;0,0;–;–;–;–;–;–;–;–;–;624 ;–;0,0;–;–;–;–;–;–;–;–;–;–;–;–;–;–;–;–;–;–;–;–;–;–;–;–;–;–;–;–;–;–;–;–;–;–;–;–;–;–;–;–;–;–;–;–;–;–;–;–;–;–;–;–;–;198;–;0,0;–;426 ;–;0,0;–;–;–;–;–;–;–;–;–;–;–;–;–;–;–;–;–;–;–;–;–;–;–;–;–;–;–;–;–;–;–;–;–;–;–;–;–;–;–;–;–;–;–;–;–;–;–;–;–;–;–;–;–;–;–;–;–;–;;
B* ;2017;;672 ;911 ;0,0;0,0;–;–;–;–;–;–;–;–;672 ;911 ;0,0;0,0;–;–;–;–;–;–;–;–;–;–;–;–;–;–;–;–;–;–;–;–;–;–;–;–;–;–;–;–;–;–;–;–;–;–;–;–;–;–;–;–;–;–;–;–;–;–;–;–;–;–;–;–;288;431;0,0;0,0;384 ;480;0,0;0,0;–;–;–;–;–;–;–;–;–;–;–;–;–;–;–;–;–;–;–;–;–;–;–;–;–;–;–;–;–;–;–;–;–;–;–;–;–;–;–;–;–;–;–;–;–;–;–;–;–;–;–;–;–;–;–;–;–;;
B* ;2021;einschl. Wiederholungswahl in Teilen Berlins;192 ;–;0,0;–;–;–;–;–;–;–;–;–;192 ;–;0,0;–;–;–;–;–;–;–;–;–;–;–;–;–;–;–;–;–;–;–;–;–;–;–;–;–;–;–;–;–;–;–;–;–;–;–;–;–;–;–;–;–;–;–;–;–;–;–;–;–;–;–;–;–;66;–;0,0;–;126 ;–;0,0;–;–;–;–;–;–;–;–;–;–;–;–;–;–;–;–;–;–;–;–;–;–;–;–;–;–;–;–;–;–;–;–;–;–;–;–;–;–;–;–;–;–;–;–;–;–;–;–;–;–;–;–;–;–;–;–;–;–;;
BdD;1957;–;37.329 ;58.725 ;0,1;0,2;5.770 ;9.320 ;0,1;0,2;6.333 ;10.675 ;0,1;0,2;–;–;–;–;–;–;–;–;1.176 ;1.254 ;0,3;0,3;4.190 ;4.950 ;0,4;0,4;3.127 ;6.086 ;0,1;0,2;–;–;–;–;4.446 ;6.812 ;0,1;0,2;3.897 ;9.890 ;0,0;0,1;4.134 ;4.788 ;0,2;0,3;2.504 ;2.423 ;0,4;0,4;–;–;–;–;–;–;–;–;1.752;2.527;0,1;0,2;–;–;–;–;–;–;–;–;–;–;–;–;–;–;–;–;–;–;–;–;–;–;–;–;–;–;–;–;–;–;–;–;–;–;–;–;–;–;–;–;–;–;–;–;–;–;–;–;–;–;–;–;–;–;–;–;–;–;–;–;–;–;–;–;–;–;–;–;–;;
BFB – Die Offensive;1998;–;134.795 ;121.196 ;0,3;0,2;5.243 ;8.304 ;0,1;0,1;27.763 ;25.032 ;0,4;0,4;9.138 ;5.624 ;0,5;0,3;5.292 ;4.665 ;0,3;0,3;–;725 ;–;0,2;3.033 ;2.920 ;0,3;0,3;26.491 ;22.576 ;0,7;0,6;–;1.740 ;–;0,2;6.137 ;5.650 ;0,1;0,1;7.032 ;9.626 ;0,1;0,1;1.078 ;5.117 ;0,0;0,2;–;824 ;–;0,1;24.821 ;15.468 ;0,9;0,5;–;–;–;–;2.699;3.616;0,2;0,2;16.068;9.309;1,0;0,6;85.892;88.595;0,2;0,2;48.903 ;32.601;0,5;0,3;–;–;–;–;–;–;–;–;–;–;–;–;–;–;–;–;–;–;–;–;–;–;–;–;–;–;–;–;–;–;–;–;–;–;–;–;–;–;–;–;–;–;–;–;–;–;–;–;–;–;–;–;–;–;–;–;–;;
BGD;1994;–;107 ;–;0,0;–;–;–;–;–;–;–;–;–;–;–;–;–;–;–;–;–;–;–;–;–;–;–;–;–;–;–;–;–;–;–;–;–;–;–;–;–;107 ;–;0,0;–;–;–;–;–;–;–;–;–;–;–;–;–;–;–;–;–;–;–;–;–;–;–;–;–;107;–;0,0;–;–;–;–;–;–;–;–;–;–;–;–;–;–;–;–;–;–;–;–;–;–;–;–;–;–;–;–;–;–;–;–;–;–;–;–;–;–;–;–;–;–;–;–;–;–;–;–;–;–;–;–;–;–;–;–;–;–;–;–;–;–;;
BGD;2013;–;1.431 ;–;0,0;–;–;–;–;–;–;–;–;–;–;–;–;–;–;–;–;–;–;–;–;–;–;–;–;–;–;–;–;–;–;–;–;–;–;–;–;–;–;–;–;–;–;–;–;–;–;–;–;–;1.431 ;–;0,1;–;–;–;–;–;–;–;–;–;–;–;–;–;–;–;–;–;1.431 ;–;0,0;–;–;–;–;–;–;–;–;–;–;–;–;–;–;–;–;–;–;–;–;–;–;–;–;–;–;–;–;–;–;–;–;–;–;–;–;–;–;–;–;–;–;–;–;–;–;–;–;–;–;–;–;–;–;–;–;–;–;;
BGE;2017;–;–;97.539 ;–;0,2;–;10.647 ;–;0,2;–;10.394 ;–;0,1;–;6.926 ;–;0,4;–;6.066 ;–;0,4;–;1.804 ;–;0,5;–;4.573 ;–;0,5;–;6.320 ;–;0,2;–;3.034 ;–;0,3;–;8.084 ;–;0,2;–;9.971 ;–;0,1;–;4.505 ;–;0,2;–;1.025 ;–;0,2;–;9.451 ;–;0,4;–;3.762 ;–;0,3;–;5.670;–;0,3;–;5.307;–;0,4;–;66.955;–;0,2;–;30.584;–;0,4;–;–;–;–;–;–;–;–;–;–;–;–;–;–;–;–;–;–;–;–;–;–;–;–;–;–;–;–;–;–;–;–;–;–;–;–;–;–;–;–;–;–;–;–;–;–;–;–;–;–;–;–;–;–;–;–;–;;
BIG;2013;–;2.680 ;17.743 ;0,0;0,0;–;3.529 ;–;0,1;–;–;–;–;2.428 ;3.509 ;0,1;0,2;–;–;–;–;–;–;–;–;–;–;–;–;–;–;–;–;–;–;–;–;252 ;–;0,0;–;–;10.705 ;–;0,1;–;–;–;–;–;–;–;–;–;–;–;–;–;–;–;–;–;–;–;–;–;–;–;–;2.604;17.348;0,0;0,0;76 ;395;0,0;0,0;–;–;–;–;–;–;–;–;–;–;–;–;–;–;–;–;–;–;–;–;–;–;–;–;–;–;–;–;–;–;–;–;–;–;–;–;–;–;–;–;–;–;–;–;–;–;–;–;–;–;–;–;–;–;–;–;–;;
BP;1949;–;986.478 ;986.478 ;4,2;4,2;–;–;–;–;986.478 ;986.478 ;20,9;20,9;–;–;–;–;–;–;–;–;–;–;–;–;–;–;–;–;–;–;–;–;–;–;–;–;–;–;–;–;–;–;–;–;–;–;–;–;–;–;–;–;–;–;–;–;–;–;–;–;–;–;–;–;–;–;–;–;–;–;–;–;–;–;–;–;17 ;–;11;–;6;–;17 ;11;6;–;–;–;17 ;11;6;–;–;–;–;–;–;–;–;–;–;–;–;–;–;–;–;–;–;–;–;–;–;–;–;–;–;–;–;–;–;–;–;–;–;–;–;–;–;–;–;–;–;;
BP;1953;–;399.070 ;465.641 ;1,5;1,7;–;–;–;–;399.070 ;465.641 ;7,9;9,2;–;–;–;–;–;–;–;–;–;–;–;–;–;–;–;–;–;–;–;–;–;–;–;–;–;–;–;–;–;–;–;–;–;–;–;–;–;–;–;–;–;–;–;–;–;–;–;–;–;–;–;–;–;–;–;–;–;–;–;–;–;–;–;–;–;–;–;–;–;–;–;–;–;–;–;–;–;–;–;–;–;–;–;–;–;–;–;–;–;–;–;–;–;–;–;–;–;–;–;–;–;–;–;–;–;–;–;–;–;–;–;–;–;–;–;–;–;–;–;–;–;;
BP;1969;–;54.940 ;49.694 ;0,2;0,2;–;–;–;–;54.940 ;49.694 ;1,0;0,9;–;–;–;–;–;–;–;–;–;–;–;–;–;–;–;–;–;–;–;–;–;–;–;–;–;–;–;–;–;–;–;–;–;–;–;–;–;–;–;–;–;–;–;–;–;–;–;–;–;–;–;–;–;–;–;–;–;–;–;–;–;–;–;–;–;–;–;–;–;–;–;–;–;–;–;–;–;–;–;–;–;–;–;–;–;–;–;–;–;–;–;–;–;–;–;–;–;–;–;–;–;–;–;–;–;–;–;–;–;–;–;–;–;–;–;–;–;–;–;–;–;;
BP;1987;–;8.024 ;26.367 ;0,0;0,1;–;–;–;–;8.024 ;26.367 ;0,1;0,4;–;–;–;–;–;–;–;–;–;–;–;–;–;–;–;–;–;–;–;–;–;–;–;–;–;–;–;–;–;–;–;–;–;–;–;–;–;–;–;–;–;–;–;–;–;–;–;–;–;–;–;–;–;–;–;–;–;–;–;–;–;–;–;–;–;–;–;–;–;–;–;–;–;–;–;–;–;–;–;–;–;–;–;–;–;–;–;–;–;–;–;–;–;–;–;–;–;–;–;–;–;–;–;–;–;–;–;–;–;–;–;–;–;–;–;–;–;–;–;–;–;;
BP;1990;–;10.836 ;31.315 ;0,0;0,1;–;–;–;–;10.836 ;31.315 ;0,2;0,5;–;–;–;–;–;–;–;–;–;–;–;–;–;–;–;–;–;–;–;–;–;–;–;–;–;–;–;–;–;–;–;–;–;–;–;–;–;–;–;–;–;–;–;–;–;–;–;–;–;–;–;–;–;–;–;–;10.836;31.315;0,0;0,1;–;–;–;–;–;–;–;–;–;–;–;–;–;–;–;–;–;–;–;–;–;–;–;–;–;–;–;–;–;–;–;–;–;–;–;–;–;–;–;–;–;–;–;–;–;–;–;–;–;–;–;–;–;–;–;–;–;–;–;–;–;;
BP;1994;–;3.324 ;42.491 ;0,0;0,1;–;–;–;–;3.324 ;42.491 ;0,0;0,6;–;–;–;–;–;–;–;–;–;–;–;–;–;–;–;–;–;–;–;–;–;–;–;–;–;–;–;–;–;–;–;–;–;–;–;–;–;–;–;–;–;–;–;–;–;–;–;–;–;–;–;–;–;–;–;–;3.324;42.491;0,0;0,1;–;–;–;–;–;–;–;–;–;–;–;–;–;–;–;–;–;–;–;–;–;–;–;–;–;–;–;–;–;–;–;–;–;–;–;–;–;–;–;–;–;–;–;–;–;–;–;–;–;–;–;–;–;–;–;–;–;–;–;–;–;;
BP;1998;–;1.772 ;28.107 ;0,0;0,1;–;–;–;–;1.772 ;28.107 ;0,0;0,4;–;–;–;–;–;–;–;–;–;–;–;–;–;–;–;–;–;–;–;–;–;–;–;–;–;–;–;–;–;–;–;–;–;–;–;–;–;–;–;–;–;–;–;–;–;–;–;–;–;–;–;–;–;–;–;–;1.772;28.107;0,0;0,1;–;–;–;–;–;–;–;–;–;–;–;–;–;–;–;–;–;–;–;–;–;–;–;–;–;–;–;–;–;–;–;–;–;–;–;–;–;–;–;–;–;–;–;–;–;–;–;–;–;–;–;–;–;–;–;–;–;–;–;–;–;;
BP;2002;–;6.757 ;9.379 ;0,0;0,0;–;–;–;–;6.757 ;9.379 ;0,1;0,1;–;–;–;–;–;–;–;–;–;–;–;–;–;–;–;–;–;–;–;–;–;–;–;–;–;–;–;–;–;–;–;–;–;–;–;–;–;–;–;–;–;–;–;–;–;–;–;–;–;–;–;–;–;–;–;–;6.757;9.379;0,0;0,0;–;–;–;–;–;–;–;–;–;–;–;–;–;–;–;–;–;–;–;–;–;–;–;–;–;–;–;–;–;–;–;–;–;–;–;–;–;–;–;–;–;–;–;–;–;–;–;–;–;–;–;–;–;–;–;–;–;–;–;–;–;;
BP;2005;–;16.047 ;35.543 ;0,0;0,1;–;–;–;–;16.047 ;35.543 ;0,2;0,5;–;–;–;–;–;–;–;–;–;–;–;–;–;–;–;–;–;–;–;–;–;–;–;–;–;–;–;–;–;–;–;–;–;–;–;–;–;–;–;–;–;–;–;–;–;–;–;–;–;–;–;–;–;–;–;–;16.047;35.543;0,0;0,1;–;–;–;–;–;–;–;–;–;–;–;–;–;–;–;–;–;–;–;–;–;–;–;–;–;–;–;–;–;–;–;–;–;–;–;–;–;–;–;–;–;–;–;–;–;–;–;–;–;–;–;–;–;–;–;–;–;–;–;–;–;;
BP;2009;–;32.324 ;48.311 ;0,1;0,1;–;–;–;–;32.324 ;48.311 ;0,5;0,7;–;–;–;–;–;–;–;–;–;–;–;–;–;–;–;–;–;–;–;–;–;–;–;–;–;–;–;–;–;–;–;–;–;–;–;–;–;–;–;–;–;–;–;–;–;–;–;–;–;–;–;–;–;–;–;–;32.324;48.311;0,1;0,1;–;–;–;–;–;–;–;–;–;–;–;–;–;–;–;–;–;–;–;–;–;–;–;–;–;–;–;–;–;–;–;–;–;–;–;–;–;–;–;–;–;–;–;–;–;–;–;–;–;–;–;–;–;–;–;–;–;–;–;–;–;;
BP;2013;–;28.430 ;57.395 ;0,1;0,1;–;–;–;–;28.430 ;57.395 ;0,4;0,9;–;–;–;–;–;–;–;–;–;–;–;–;–;–;–;–;–;–;–;–;–;–;–;–;–;–;–;–;–;–;–;–;–;–;–;–;–;–;–;–;–;–;–;–;–;–;–;–;–;–;–;–;–;–;–;–;28.430;57.395;0,1;0,2;–;–;–;–;–;–;–;–;–;–;–;–;–;–;–;–;–;–;–;–;–;–;–;–;–;–;–;–;–;–;–;–;–;–;–;–;–;–;–;–;–;–;–;–;–;–;–;–;–;–;–;–;–;–;–;–;–;–;–;–;–;;
BP;2017;–;62.622 ;58.037 ;0,1;0,1;–;–;–;–;62.622 ;58.037 ;0,8;0,8;–;–;–;–;–;–;–;–;–;–;–;–;–;–;–;–;–;–;–;–;–;–;–;–;–;–;–;–;–;–;–;–;–;–;–;–;–;–;–;–;–;–;–;–;–;–;–;–;–;–;–;–;–;–;–;–;62.622;58.037;0,2;0,2;–;–;–;–;–;–;–;–;–;–;–;–;–;–;–;–;–;–;–;–;–;–;–;–;–;–;–;–;–;–;–;–;–;–;–;–;–;–;–;–;–;–;–;–;–;–;–;–;–;–;–;–;–;–;–;–;–;–;–;–;–;;
BP;2021;einschl. Wiederholungswahl in Teilen Berlins;36.748 ;32.790 ;0,1;0,1;–;–;–;–;36.748 ;32.790 ;0,5;0,4;–;–;–;–;–;–;–;–;–;–;–;–;–;–;–;–;–;–;–;–;–;–;–;–;–;–;–;–;–;–;–;–;–;–;–;–;–;–;–;–;–;–;–;–;–;–;–;–;–;–;–;–;–;–;–;–;36.748;32.790;0,1;0,1;–;–;–;–;–;–;–;–;–;–;–;–;–;–;–;–;–;–;–;–;–;–;–;–;–;–;–;–;–;–;–;–;–;–;–;–;–;–;–;–;–;–;–;–;–;–;–;–;–;–;–;–;–;–;–;–;–;–;–;–;–;;
BP;2025;–;5.763 ;12.278 ;0,0;0,0;–;–;–;–;5.763 ;12.278 ;0,1;0,2;–;–;–;–;–;–;–;–;–;–;–;–;–;–;–;–;–;–;–;–;–;–;–;–;–;–;–;–;–;–;–;–;–;–;–;–;–;–;–;–;–;–;–;–;–;–;–;–;–;–;–;–;–;–;–;–;5.763;12.278;0,0;0,0;–;–;–;–;–;–;–;–;–;–;–;–;–;–;–;–;–;–;–;–;–;–;–;–;–;–;–;–;–;–;–;–;–;–;–;–;–;–;–;–;–;–;–;–;–;–;–;–;–;–;–;–;–;–;–;–;–;–;–;–;–;;
BSW;2025;–;299.401 ;2.472.947 ;0,6;5,0;–;260.219 ;–;4,1;19.929 ;246.518 ;0,3;3,1;41.787 ;129.651 ;2,2;6,7;–;176.405 ;–;10,7;–;15.114 ;–;4,3;–;41.919 ;–;4,0;–;158.653 ;–;4,4;–;107.872 ;–;10,6;–;189.376 ;–;3,8;6.515 ;432.911 ;0,1;4,1;54.639 ;105.103 ;2,2;4,2;–;37.001 ;–;6,2;79.556 ;232.257 ;3,1;9,0;–;150.411 ;–;11,2;–;64.777 ;–;3,4;96.975 ;124.760 ;7,3;9,4;86.241;1.608.531;0,2;3,9;213.160;864.416;2,4;9,9;–;–;–;–;–;–;–;–;–;–;–;–;–;–;–;–;–;–;–;–;–;–;–;–;–;–;–;–;–;–;–;–;–;–;–;–;–;–;–;–;–;–;–;–;–;–;–;–;–;–;–;–;–;–;–;–;–;;
Bündnis 21/RRP;2009;Parteiname 2009: RRP;37.946 ;100.605 ;0,1;0,2;–;–;–;–;22.179 ;48.458 ;0,3;0,7;–;–;–;–;–;–;–;–;1.563 ;4.144 ;0,5;1,2;–;–;–;–;–;–;–;–;–;–;–;–;14.204 ;31.977 ;0,3;0,7;–;12.952 ;–;0,1;–;–;–;–;–;3.074 ;–;0,5;–;–;–;–;–;–;–;–;–;–;–;–;–;–;–;–;37.946;100.605;0,1;0,3;–;–;–;–;–;–;–;–;–;–;–;–;–;–;–;–;–;–;–;–;–;–;–;–;–;–;–;–;–;–;–;–;–;–;–;–;–;–;–;–;–;–;–;–;–;–;–;–;–;–;–;–;–;–;–;–;–;–;–;–;–;;
Bündnis 21/RRP;2013;–;5.324 ;8.578 ;0,0;0,0;–;–;–;–;2.747 ;3.032 ;0,0;0,0;84 ;–;0,0;–;–;–;–;–;432 ;395 ;0,1;0,1;–;–;–;–;–;–;–;–;–;–;–;–;511 ;–;0,0;–;1.550 ;5.151 ;0,0;0,1;–;–;–;–;–;–;–;–;–;–;–;–;–;–;–;–;–;–;–;–;–;–;–;–;5.324;8.578;0,0;0,0;–;–;–;–;–;–;–;–;–;–;–;–;–;–;–;–;–;–;–;–;–;–;–;–;–;–;–;–;–;–;–;–;–;–;–;–;–;–;–;–;–;–;–;–;–;–;–;–;–;–;–;–;–;–;–;–;–;–;–;–;–;;
Bündnis C;2017;–;1.717 ;–;0,0;–;406 ;–;0,0;–;358 ;–;0,0;–;–;–;–;–;–;–;–;–;–;–;–;–;–;–;–;–;–;–;–;–;–;–;–;–;953 ;–;0,0;–;–;–;–;–;–;–;–;–;–;–;–;–;–;–;–;–;–;–;–;–;–;–;–;–;–;–;–;–;1.717;–;0,0;–;–;–;–;–;–;–;–;–;–;–;–;–;–;–;–;–;–;–;–;–;–;–;–;–;–;–;–;–;–;–;–;–;–;–;–;–;–;–;–;–;–;–;–;–;–;–;–;–;–;–;–;–;–;–;–;–;–;–;–;–;–;;
Bündnis C;2021;einschl. Wiederholungswahl in Teilen Berlins;6.222 ;39.868 ;0,0;0,1;452 ;12.625 ;0,0;0,2;466 ;5.574 ;0,0;0,1;–;–;–;–;–;–;–;–;–;–;–;–;–;–;–;–;1.353 ;4.412 ;0,0;0,1;–;–;–;–;–;–;–;–;1.405 ;10.128 ;0,0;0,1;–;–;–;–;–;–;–;–;2.546 ;7.129 ;0,1;0,3;–;–;–;–;–;–;–;–;–;–;–;–;3.676;32.739;0,0;0,1;2.546 ;7.129;0,0;0,1;–;–;–;–;–;–;–;–;–;–;–;–;–;–;–;–;–;–;–;–;–;–;–;–;–;–;–;–;–;–;–;–;–;–;–;–;–;–;–;–;–;–;–;–;–;–;–;–;–;–;–;–;–;–;–;–;–;;
Bündnis C;2025;–;2.021 ;11.768 ;0,0;0,0;2.021 ;11.768 ;0,0;0,2;–;–;–;–;–;–;–;–;–;–;–;–;–;–;–;–;–;–;–;–;–;–;–;–;–;–;–;–;–;–;–;–;–;–;–;–;–;–;–;–;–;–;–;–;–;–;–;–;–;–;–;–;–;–;–;–;–;–;–;–;2.021;11.768;0,0;0,0;–;–;–;–;–;–;–;–;–;–;–;–;–;–;–;–;–;–;–;–;–;–;–;–;–;–;–;–;–;–;–;–;–;–;–;–;–;–;–;–;–;–;–;–;–;–;–;–;–;–;–;–;–;–;–;–;–;–;–;–;–;;
BÜNDNIS DEUTSCHLAND;2025;–;87.955 ;76.372 ;0,2;0,2;4.821 ;7.411 ;0,1;0,1;13.923 ;6.937 ;0,2;0,1;7.464 ;2.960 ;0,4;0,2;3.564 ;4.147 ;0,2;0,3;1.967 ;933 ;0,6;0,3;–;1.279 ;–;0,1;3.040 ;5.740 ;0,1;0,2;6.839 ;3.248 ;0,7;0,3;4.332 ;6.290 ;0,1;0,1;16.093 ;13.669 ;0,2;0,1;2.538 ;3.884 ;0,1;0,2;–;1.487 ;–;0,2;11.666 ;7.435 ;0,5;0,3;8.481 ;4.517 ;0,6;0,3;3.227 ;2.981 ;0,2;0,2;–;3.454 ;–;0,3;54.127;52.151;0,1;0,1;33.828;24.221;0,4;0,3;–;–;–;–;–;–;–;–;–;–;–;–;–;–;–;–;–;–;–;–;–;–;–;–;–;–;–;–;–;–;–;–;–;–;–;–;–;–;–;–;–;–;–;–;–;–;–;–;–;–;–;–;–;–;–;–;–;;
BÜNDNIS21;2021;einschl. Wiederholungswahl in Teilen Berlins;372 ;3.488 ;0,0;0,0;–;1.936 ;–;0,0;–;–;–;–;200 ;–;0,0;–;–;–;–;–;–;–;–;–;–;386 ;–;0,0;172 ;1.166 ;0,0;0,0;–;–;–;–;–;–;–;–;–;–;–;–;–;–;–;–;–;–;–;–;–;–;–;–;–;–;–;–;–;–;–;–;–;–;–;–;372;3.488;0,0;0,0;–;–;–;–;–;–;–;–;–;–;–;–;–;–;–;–;–;–;–;–;–;–;–;–;–;–;–;–;–;–;–;–;–;–;–;–;–;–;–;–;–;–;–;–;–;–;–;–;–;–;–;–;–;–;–;–;–;–;–;–;–;;
BÜRGERBEWEGUNG;2021;einschl. Wiederholungswahl in Teilen Berlins;1.556 ;7.491 ;0,0;0,0;1.556 ;7.491 ;0,0;0,1;–;–;–;–;–;–;–;–;–;–;–;–;–;–;–;–;–;–;–;–;–;–;–;–;–;–;–;–;–;–;–;–;–;–;–;–;–;–;–;–;–;–;–;–;–;–;–;–;–;–;–;–;–;–;–;–;–;–;–;–;1.556;7.491;0,0;0,0;–;–;–;–;–;–;–;–;–;–;–;–;–;–;–;–;–;–;–;–;–;–;–;–;–;–;–;–;–;–;–;–;–;–;–;–;–;–;–;–;–;–;–;–;–;–;–;–;–;–;–;–;–;–;–;–;–;–;–;–;–;;
Bürgerpartei;1980;–;507 ;11.256 ;0,0;0,0;–;–;–;–;–;3.533 ;–;0,1;–;–;–;–;–;–;–;–;–;423 ;–;0,1;–;–;–;–;–;–;–;–;–;–;–;–;–;–;–;–;441 ;7.300 ;0,0;0,1;66 ;–;0,0;–;–;–;–;–;–;–;–;–;–;–;–;–;–;–;–;–;–;–;–;–;–;–;–;–;–;–;–;–;–;–;–;–;–;–;–;–;–;–;–;–;–;–;–;–;–;–;–;–;–;–;–;–;–;–;–;–;–;–;–;–;–;–;–;–;–;–;–;–;–;–;–;–;–;–;–;–;–;–;–;–;–;–;–;–;–;;
BüSo;1987;Parteiname 1987-1990: Patrioten;27.352 ;22.732 ;0,1;0,1;1.617 ;2.870 ;0,0;0,1;9.236 ;5.175 ;0,1;0,1;–;–;–;–;–;–;–;–;185 ;157 ;0,0;0,0;1.434 ;924 ;0,1;0,1;2.596 ;2.664 ;0,1;0,1;–;–;–;–;2.772 ;2.876 ;0,1;0,1;5.406 ;3.931 ;0,0;0,0;2.457 ;2.390 ;0,1;0,1;216 ;620 ;0,0;0,1;–;–;–;–;–;–;–;–;1.433;1.125;0,1;0,1;–;–;–;–;–;–;–;–;–;–;–;–;–;–;–;–;–;–;–;–;–;–;–;–;–;–;–;–;–;–;–;–;–;–;–;–;–;–;–;–;–;–;–;–;–;–;–;–;–;–;–;–;–;–;–;–;–;–;–;–;–;–;–;–;–;–;–;–;–;;
BüSo;1990;Parteiname 1987-1990: Patrioten;746 ;4.687 ;0,0;0,0;–;1.622 ;–;0,0;451 ;1.236 ;0,0;0,0;–;109 ;–;0,0;–;–;–;–;–;–;–;–;–;–;–;–;30 ;–;0,0;–;–;–;–;–;–;–;–;–;265 ;1.108 ;0,0;0,0;–;–;–;–;–;–;–;–;–;281 ;–;0,0;–;–;–;–;–;–;–;–;–;331;–;0,0;746;4.030;0,0;0,0;–;657;–;0,0;–;–;–;–;–;–;–;–;–;–;–;–;–;–;–;–;–;–;–;–;–;–;–;–;–;–;–;–;–;–;–;–;–;–;–;–;–;–;–;–;–;–;–;–;–;–;–;–;–;–;–;–;–;–;–;–;–;;
BüSo;1994;–;8.032 ;8.103 ;0,0;0,0;–;872 ;–;0,0;2.817 ;1.213 ;0,0;0,0;–;793 ;–;0,0;–;–;–;–;–;–;–;–;–;–;–;–;276 ;1.341 ;0,0;0,0;–;–;–;–;2.277 ;1.222 ;0,0;0,0;1.728 ;1.850 ;0,0;0,0;332 ;–;0,0;–;–;–;–;–;602 ;–;0,0;–;–;–;–;–;–;–;–;–;–;812;–;0,1;7.430;6.854;0,0;0,0;602 ;1.249;0,0;0,0;–;–;–;–;–;–;–;–;–;–;–;–;–;–;–;–;–;–;–;–;–;–;–;–;–;–;–;–;–;–;–;–;–;–;–;–;–;–;–;–;–;–;–;–;–;–;–;–;–;–;–;–;–;–;–;–;–;;
BüSo;1998;–;10.260 ;9.662 ;0,0;0,0;–;1.426 ;–;0,0;2.192 ;1.358 ;0,0;0,0;638 ;625 ;0,0;0,0;–;–;–;–;–;–;–;–;252 ;–;0,0;–;928 ;1.206 ;0,0;0,0;–;–;–;–;563 ;–;0,0;–;1.841 ;1.941 ;0,0;0,0;133 ;–;0,0;–;–;–;–;–;3.713 ;3.106 ;0,1;0,1;–;–;–;–;–;–;–;–;–;–;–;–;6.226;6.229;0,0;0,0;4.034 ;3.433;0,0;0,0;–;–;–;–;–;–;–;–;–;–;–;–;–;–;–;–;–;–;–;–;–;–;–;–;–;–;–;–;–;–;–;–;–;–;–;–;–;–;–;–;–;–;–;–;–;–;–;–;–;–;–;–;–;–;–;–;–;;
BüSo;2002;–;22.531 ;16.958 ;0,0;0,0;547 ;1.360 ;0,0;0,0;4.888 ;1.688 ;0,1;0,0;3.130 ;1.926 ;0,2;0,1;–;–;–;–;–;–;–;–;2.210 ;890 ;0,2;0,1;1.376 ;1.454 ;0,0;0,0;–;–;–;–;1.782 ;1.278 ;0,0;0,0;1.184 ;1.561 ;0,0;0,0;327 ;–;0,0;–;–;–;–;–;7.087 ;6.801 ;0,3;0,3;–;–;–;–;–;–;–;–;–;–;–;–;13.960;9.168;0,0;0,0;8.571 ;7.790;0,1;0,1;–;–;–;–;–;–;–;–;–;–;–;–;–;–;–;–;–;–;–;–;–;–;–;–;–;–;–;–;–;–;–;–;–;–;–;–;–;–;–;–;–;–;–;–;–;–;–;–;–;–;–;–;–;–;–;–;–;;
BüSo;2005;–;40.984 ;35.649 ;0,1;0,1;567 ;4.260 ;0,0;0,1;7.027 ;5.501 ;0,1;0,1;10.320 ;3.494 ;0,6;0,2;–;–;–;–;–;–;–;–;–;–;–;–;653 ;2.958 ;0,0;0,1;–;–;–;–;–;2.188 ;–;0,0;–;2.607 ;–;0,0;–;–;–;–;–;–;–;–;22.417 ;14.641 ;0,8;0,6;–;–;–;–;–;–;–;–;–;–;–;–;13.161;19.167;0,0;0,0;27.823 ;16.482;0,3;0,2;–;–;–;–;–;–;–;–;–;–;–;–;–;–;–;–;–;–;–;–;–;–;–;–;–;–;–;–;–;–;–;–;–;–;–;–;–;–;–;–;–;–;–;–;–;–;–;–;–;–;–;–;–;–;–;–;–;;
BüSo;2009;–;34.894 ;38.706 ;0,1;0,1;819 ;2.872 ;0,0;0,1;5.466 ;3.305 ;0,1;0,0;10.946 ;4.709 ;0,6;0,3;–;2.889 ;–;0,2;–;–;–;–;651 ;–;0,1;–;1.357 ;3.746 ;0,0;0,1;–;–;–;–;307 ;–;0,0;–;2.662 ;2.396 ;0,0;0,0;304 ;–;0,0;–;–;–;–;–;12.382 ;18.789 ;0,6;0,8;–;–;–;–;–;–;–;–;–;–;–;–;17.100;14.739;0,0;0,0;17.794 ;23.967;0,2;0,3;–;–;–;–;–;–;–;–;–;–;–;–;–;–;–;–;–;–;–;–;–;–;–;–;–;–;–;–;–;–;–;–;–;–;–;–;–;–;–;–;–;–;–;–;–;–;–;–;–;–;–;–;–;–;–;–;–;;
BüSo;2013;–;17.988 ;12.814 ;0,0;0,0;282 ;1.042 ;0,0;0,0;1.519 ;1.375 ;0,0;0,0;2.637 ;1.810 ;0,1;0,1;–;–;–;–;–;–;–;–;–;–;–;–;613 ;1.536 ;0,0;0,0;–;–;–;–;–;–;–;–;1.377 ;1.975 ;0,0;0,0;286 ;–;0,0;–;–;–;–;–;11.274 ;5.076 ;0,5;0,2;–;–;–;–;–;–;–;–;–;–;–;–;5.583;6.926;0,0;0,0;12.405 ;5.888;0,2;0,1;–;–;–;–;–;–;–;–;–;–;–;–;–;–;–;–;–;–;–;–;–;–;–;–;–;–;–;–;–;–;–;–;–;–;–;–;–;–;–;–;–;–;–;–;–;–;–;–;–;–;–;–;–;–;–;–;–;;
BüSo;2017;–;15.960 ;6.693 ;0,0;0,0;199 ;–;0,0;–;2.130 ;1.284 ;0,0;0,0;3.033 ;1.198 ;0,2;0,1;–;–;–;–;–;–;–;–;–;–;–;–;–;721 ;–;0,0;–;–;–;–;–;–;–;–;–;–;–;–;–;–;–;–;–;–;–;–;10.598 ;3.490 ;0,4;0,1;–;–;–;–;–;–;–;–;–;–;–;–;4.549;2.730;0,0;0,0;11.411 ;3.963;0,1;0,0;–;–;–;–;–;–;–;–;–;–;–;–;–;–;–;–;–;–;–;–;–;–;–;–;–;–;–;–;–;–;–;–;–;–;–;–;–;–;–;–;–;–;–;–;–;–;–;–;–;–;–;–;–;–;–;–;–;;
BüSo;2021;einschl. Wiederholungswahl in Teilen Berlins;811 ;665 ;0,0;0,0;62 ;–;0,0;–;416 ;–;0,0;–;–;665 ;–;0,0;–;–;–;–;–;–;–;–;–;–;–;–;123 ;–;0,0;–;–;–;–;–;–;–;–;–;–;–;–;–;–;–;–;–;–;–;–;–;210 ;–;0,0;–;–;–;–;–;–;–;–;–;–;–;–;–;601;314;0,0;0,0;210 ;351;0,0;0,0;–;–;–;–;–;–;–;–;–;–;–;–;–;–;–;–;–;–;–;–;–;–;–;–;–;–;–;–;–;–;–;–;–;–;–;–;–;–;–;–;–;–;–;–;–;–;–;–;–;–;–;–;–;–;–;–;–;;
BüSo;2025;–;1.295 ;676 ;0,0;0,0;–;–;–;–;–;–;–;–;1.295 ;676 ;0,1;0,0;–;–;–;–;–;–;–;–;–;–;–;–;–;–;–;–;–;–;–;–;–;–;–;–;–;–;–;–;–;–;–;–;–;–;–;–;–;–;–;–;–;–;–;–;–;–;–;–;–;–;–;–;233;308;0,0;0,0;1.062;368;0,0;0,0;–;–;–;–;–;–;–;–;–;–;–;–;–;–;–;–;–;–;–;–;–;–;–;–;–;–;–;–;–;–;–;–;–;–;–;–;–;–;–;–;–;–;–;–;–;–;–;–;–;–;–;–;–;–;–;–;–;;
BWK;1983;–;686 ;2.129 ;0,0;0,0;364 ;900 ;0,0;0,0;171 ;688 ;0,0;0,0;–;–;–;–;–;–;–;–;–;–;–;–;–;–;–;–;–;–;–;–;–;–;–;–;151 ;541 ;0,0;0,0;–;–;–;–;–;–;–;–;–;–;–;–;–;–;–;–;–;–;–;–;–;–;–;–;–;–;–;–;–;–;–;–;–;–;–;–;–;–;–;–;–;–;–;–;–;–;–;–;–;–;–;–;–;–;–;–;–;–;–;–;–;–;–;–;–;–;–;–;–;–;–;–;–;–;–;–;–;–;–;–;–;–;–;–;–;–;–;–;–;–;–;–;–;;
C.B.V.;1976;–;4.876 ;6.720 ;0,0;0,0;–;–;–;–;4.876 ;6.720 ;0,1;0,1;–;–;–;–;–;–;–;–;–;–;–;–;–;–;–;–;–;–;–;–;–;–;–;–;–;–;–;–;–;–;–;–;–;–;–;–;–;–;–;–;–;–;–;–;–;–;–;–;–;–;–;–;–;–;–;–;–;–;–;–;–;–;–;–;–;–;–;–;–;–;–;–;–;–;–;–;–;–;–;–;–;–;–;–;–;–;–;–;–;–;–;–;–;–;–;–;–;–;–;–;–;–;–;–;–;–;–;–;–;–;–;–;–;–;–;–;–;–;–;–;–;;
C.B.V.;1980;–;–;3.946 ;–;0,0;–;–;–;–;–;3.946 ;–;0,1;–;–;–;–;–;–;–;–;–;–;–;–;–;–;–;–;–;–;–;–;–;–;–;–;–;–;–;–;–;–;–;–;–;–;–;–;–;–;–;–;–;–;–;–;–;–;–;–;–;–;–;–;–;–;–;–;–;–;–;–;–;–;–;–;–;–;–;–;–;–;–;–;–;–;–;–;–;–;–;–;–;–;–;–;–;–;–;–;–;–;–;–;–;–;–;–;–;–;–;–;–;–;–;–;–;–;–;–;–;–;–;–;–;–;–;–;–;–;–;–;–;;
C.B.V.;1983;–;2.068 ;10.994 ;0,0;0,0;–;–;–;–;2.068 ;10.994 ;0,0;0,2;–;–;–;–;–;–;–;–;–;–;–;–;–;–;–;–;–;–;–;–;–;–;–;–;–;–;–;–;–;–;–;–;–;–;–;–;–;–;–;–;–;–;–;–;–;–;–;–;–;–;–;–;–;–;–;–;–;–;–;–;–;–;–;–;–;–;–;–;–;–;–;–;–;–;–;–;–;–;–;–;–;–;–;–;–;–;–;–;–;–;–;–;–;–;–;–;–;–;–;–;–;–;–;–;–;–;–;–;–;–;–;–;–;–;–;–;–;–;–;–;–;;
C.B.V.;1987;–;741 ;5.282 ;0,0;0,0;–;–;–;–;741 ;5.282 ;0,0;0,1;–;–;–;–;–;–;–;–;–;–;–;–;–;–;–;–;–;–;–;–;–;–;–;–;–;–;–;–;–;–;–;–;–;–;–;–;–;–;–;–;–;–;–;–;–;–;–;–;–;–;–;–;–;–;–;–;–;–;–;–;–;–;–;–;–;–;–;–;–;–;–;–;–;–;–;–;–;–;–;–;–;–;–;–;–;–;–;–;–;–;–;–;–;–;–;–;–;–;–;–;–;–;–;–;–;–;–;–;–;–;–;–;–;–;–;–;–;–;–;–;–;;
CHANCE 2000;1998;–;3.206 ;28.566 ;0,0;0,1;–;–;–;–;–;3.199 ;–;0,0;3.206 ;5.169 ;0,2;0,3;–;–;–;–;–;473 ;–;0,1;–;937 ;–;0,1;–;2.947 ;–;0,1;–;832 ;–;0,1;–;–;–;–;–;6.028 ;–;0,1;–;–;–;–;–;–;–;–;–;8.981 ;–;0,3;–;–;–;–;–;–;–;–;–;–;–;–;–;16.102;–;0,0;3.206 ;12.464;0,0;0,1;–;–;–;–;–;–;–;–;–;–;–;–;–;–;–;–;–;–;–;–;–;–;–;–;–;–;–;–;–;–;–;–;–;–;–;–;–;–;–;–;–;–;–;–;–;–;–;–;–;–;–;–;–;–;–;–;–;;
CM;1990;–;9.824 ;36.446 ;0,0;0,1;644 ;8.170 ;0,0;0,2;–;5.969 ;–;0,1;–;–;–;–;–;–;–;–;–;–;–;–;1.140 ;1.073 ;0,1;0,1;965 ;–;0,0;–;–;–;–;–;1.464 ;4.520 ;0,0;0,1;4.052 ;11.267 ;0,0;0,1;1.396 ;4.469 ;0,1;0,2;–;978 ;–;0,1;–;–;–;–;–;–;–;–;163;–;0,0;–;–;–;–;–;9.824;36.446;0,0;0,1;–;–;–;–;–;–;–;–;–;–;–;–;–;–;–;–;–;–;–;–;–;–;–;–;–;–;–;–;–;–;–;–;–;–;–;–;–;–;–;–;–;–;–;–;–;–;–;–;–;–;–;–;–;–;–;–;–;–;–;–;–;;
CM;1994;–;3.559 ;19.887 ;0,0;0,0;679 ;8.772 ;0,0;0,2;–;5.099 ;–;0,1;–;–;–;–;–;–;–;–;–;–;–;–;–;–;–;–;–;–;–;–;–;–;–;–;242 ;–;0,0;–;1.807 ;6.016 ;0,0;0,1;831 ;–;0,0;–;–;–;–;–;–;–;–;–;–;–;–;–;–;–;–;–;–;–;–;–;3.559;19.887;0,0;0,1;–;–;–;–;–;–;–;–;–;–;–;–;–;–;–;–;–;–;–;–;–;–;–;–;–;–;–;–;–;–;–;–;–;–;–;–;–;–;–;–;–;–;–;–;–;–;–;–;–;–;–;–;–;–;–;–;–;–;–;–;–;;
CM;1998;–;9.023 ;23.619 ;0,0;0,0;2.614 ;8.055 ;0,0;0,1;1.820 ;5.025 ;0,0;0,1;–;–;–;–;–;–;–;–;–;–;–;–;–;–;–;–;1.111 ;2.464 ;0,0;0,1;–;–;–;–;274 ;1.586 ;0,0;0,0;2.093 ;5.544 ;0,0;0,1;570 ;–;0,0;–;541 ;945 ;0,1;0,1;–;–;–;–;–;–;–;–;–;–;–;–;–;–;–;–;9.023;23.619;0,0;0,1;–;–;–;–;–;–;–;–;–;–;–;–;–;–;–;–;–;–;–;–;–;–;–;–;–;–;–;–;–;–;–;–;–;–;–;–;–;–;–;–;–;–;–;–;–;–;–;–;–;–;–;–;–;–;–;–;–;–;–;–;–;;
CM;2002;–;2.413 ;15.440 ;0,0;0,0;–;4.669 ;–;0,1;1.408 ;4.171 ;0,0;0,1;–;–;–;–;–;–;–;–;–;–;–;–;–;–;–;–;1.005 ;2.484 ;0,0;0,1;–;–;–;–;–;–;–;–;–;4.116 ;–;0,0;–;–;–;–;–;–;–;–;–;–;–;–;–;–;–;–;–;–;–;–;–;–;–;–;2.413;15.440;0,0;0,0;–;–;–;–;–;–;–;–;–;–;–;–;–;–;–;–;–;–;–;–;–;–;–;–;–;–;–;–;–;–;–;–;–;–;–;–;–;–;–;–;–;–;–;–;–;–;–;–;–;–;–;–;–;–;–;–;–;–;–;–;–;;
CM;2005;–;1.011 ;–;0,0;–;–;–;–;–;–;–;–;–;–;–;–;–;–;–;–;–;–;–;–;–;–;–;–;–;1.011 ;–;0,0;–;–;–;–;–;–;–;–;–;–;–;–;–;–;–;–;–;–;–;–;–;–;–;–;–;–;–;–;–;–;–;–;–;–;–;–;–;1.011;–;0,0;–;–;–;–;–;–;–;–;–;–;–;–;–;–;–;–;–;–;–;–;–;–;–;–;–;–;–;–;–;–;–;–;–;–;–;–;–;–;–;–;–;–;–;–;–;–;–;–;–;–;–;–;–;–;–;–;–;–;–;–;–;–;;
CM;2009;–;–;6.826 ;–;0,0;–;–;–;–;–;6.826 ;–;0,1;–;–;–;–;–;–;–;–;–;–;–;–;–;–;–;–;–;–;–;–;–;–;–;–;–;–;–;–;–;–;–;–;–;–;–;–;–;–;–;–;–;–;–;–;–;–;–;–;–;–;–;–;–;–;–;–;–;6.826;–;0,0;–;–;–;–;–;–;–;–;–;–;–;–;–;–;–;–;–;–;–;–;–;–;–;–;–;–;–;–;–;–;–;–;–;–;–;–;–;–;–;–;–;–;–;–;–;–;–;–;–;–;–;–;–;–;–;–;–;–;–;–;–;;
CVP;1965;–;11.978 ;19.832 ;0,0;0,1;–;–;–;–;–;–;–;–;–;–;–;–;–;–;–;–;–;–;–;–;–;–;–;–;–;–;–;–;–;–;–;–;–;–;–;–;3.241 ;10.830 ;0,0;0,1;–;–;–;–;8.737 ;9.002 ;1,4;1,4;–;–;–;–;–;–;–;–;–;–;–;–;–;–;–;–;–;–;–;–;–;–;–;–;–;–;–;–;–;–;–;–;–;–;–;–;–;–;–;–;–;–;–;–;–;–;–;–;–;–;–;–;–;–;–;–;–;–;–;–;–;–;–;–;–;–;–;–;–;–;–;–;–;–;–;–;–;–;–;–;–;;
DDD;1990;–;474 ;1.009 ;0,0;0,0;–;–;–;–;–;–;–;–;474 ;1.009 ;0,0;0,1;–;–;–;–;–;–;–;–;–;–;–;–;–;–;–;–;–;–;–;–;–;–;–;–;–;–;–;–;–;–;–;–;–;–;–;–;–;–;–;–;–;–;–;–;–;–;–;–;–;–;–;–;474;672;0,0;0,0;–;337;–;0,0;–;–;–;–;–;–;–;–;–;–;–;–;–;–;–;–;–;–;–;–;–;–;–;–;–;–;–;–;–;–;–;–;–;–;–;–;–;–;–;–;–;–;–;–;–;–;–;–;–;–;–;–;–;–;–;–;–;;
DEMOKRATEN;1994;–;104 ;–;0,0;–;–;–;–;–;–;–;–;–;–;–;–;–;–;–;–;–;–;–;–;–;–;–;–;–;–;–;–;–;–;–;–;–;–;–;–;–;104 ;–;0,0;–;–;–;–;–;–;–;–;–;–;–;–;–;–;–;–;–;–;–;–;–;–;–;–;–;104;–;0,0;–;–;–;–;–;–;–;–;–;–;–;–;–;–;–;–;–;–;–;–;–;–;–;–;–;–;–;–;–;–;–;–;–;–;–;–;–;–;–;–;–;–;–;–;–;–;–;–;–;–;–;–;–;–;–;–;–;–;–;–;–;–;;
DFP;1980;–;96 ;–;0,0;–;–;–;–;–;96 ;–;0,0;–;–;–;–;–;–;–;–;–;–;–;–;–;–;–;–;–;–;–;–;–;–;–;–;–;–;–;–;–;–;–;–;–;–;–;–;–;–;–;–;–;–;–;–;–;–;–;–;–;–;–;–;–;–;–;–;–;–;–;–;–;–;–;–;–;–;–;–;–;–;–;–;–;–;–;–;–;–;–;–;–;–;–;–;–;–;–;–;–;–;–;–;–;–;–;–;–;–;–;–;–;–;–;–;–;–;–;–;–;–;–;–;–;–;–;–;–;–;–;–;–;–;;
DFU;1961;–;587.488 ;609.918 ;1,8;1,9;90.287 ;95.137 ;2,1;2,3;83.946 ;87.388 ;1,5;1,6;–;–;–;–;–;–;–;–;12.362 ;12.639 ;2,8;3,0;42.670 ;43.442 ;3,5;3,6;62.507 ;65.989 ;2,1;2,3;–;–;–;–;46.259 ;50.380 ;1,2;1,3;184.218 ;188.442 ;1,9;2,0;29.260 ;29.867 ;1,5;1,5;18.580 ;18.683 ;3,1;3,2;–;–;–;–;–;–;–;–;17.399;17.951;1,2;1,3;–;–;–;–;–;–;–;–;–;–;–;–;–;–;–;–;–;–;–;–;–;–;–;–;–;–;–;–;–;–;–;–;–;–;–;–;–;–;–;–;–;–;–;–;–;–;–;–;–;–;–;–;–;–;–;–;–;–;–;–;–;–;–;–;–;–;–;–;–;;
DFU;1965;–;386.900 ;434.182 ;1,2;1,3;62.540 ;70.209 ;1,4;1,6;53.478 ;60.561 ;0,9;1,1;–;–;–;–;–;–;–;–;10.851 ;12.115 ;2,5;2,7;29.022 ;32.051 ;2,5;2,7;47.142 ;53.316 ;1,6;1,8;–;–;–;–;28.211 ;31.653 ;0,7;0,8;111.823 ;125.202 ;1,2;1,3;21.965 ;25.081 ;1,1;1,2;8.974 ;9.491 ;1,4;1,5;–;–;–;–;–;–;–;–;12.894;14.503;0,9;1,0;–;–;–;–;–;–;–;–;–;–;–;–;–;–;–;–;–;–;–;–;–;–;–;–;–;–;–;–;–;–;–;–;–;–;–;–;–;–;–;–;–;–;–;–;–;–;–;–;–;–;–;–;–;–;–;–;–;–;–;–;–;–;–;–;–;–;–;–;–;;
DG;1957;–;16.410 ;17.490 ;0,1;0,1;4.917 ;6.102 ;0,1;0,2;4.571 ;4.991 ;0,1;0,1;–;–;–;–;–;–;–;–;–;–;–;–;180 ;–;0,0;–;789 ;–;0,0;–;–;–;–;–;3.075 ;3.320 ;0,1;0,1;805 ;–;0,0;–;1.467 ;2.194 ;0,1;0,1;317 ;883 ;0,1;0,2;–;–;–;–;–;–;–;–;289;–;0,0;–;–;–;–;–;–;–;–;–;–;–;–;–;–;–;–;–;–;–;–;–;–;–;–;–;–;–;–;–;–;–;–;–;–;–;–;–;–;–;–;–;–;–;–;–;–;–;–;–;–;–;–;–;–;–;–;–;–;–;–;–;–;–;–;–;–;–;–;–;–;;
DG;1961;–;21.083 ;27.308 ;0,1;0,1;6.111 ;6.901 ;0,1;0,2;7.299 ;7.772 ;0,1;0,1;–;–;–;–;–;–;–;–;–;–;–;–;–;–;–;–;585 ;–;0,0;–;–;–;–;–;2.543 ;4.186 ;0,1;0,1;2.299 ;4.369 ;0,0;0,0;1.194 ;1.978 ;0,1;0,1;300 ;633 ;0,1;0,1;–;–;–;–;–;–;–;–;752;1.469;0,1;0,1;–;–;–;–;–;–;–;–;–;–;–;–;–;–;–;–;–;–;–;–;–;–;–;–;–;–;–;–;–;–;–;–;–;–;–;–;–;–;–;–;–;–;–;–;–;–;–;–;–;–;–;–;–;–;–;–;–;–;–;–;–;–;–;–;–;–;–;–;–;;
DiB;2017;–;–;60.914 ;–;0,1;–;9.241 ;–;0,2;–;12.073 ;–;0,2;–;7.467 ;–;0,4;–;–;–;–;–;–;–;–;–;4.199 ;–;0,4;–;–;–;–;–;–;–;–;–;6.349 ;–;0,1;–;12.202 ;–;0,1;–;–;–;–;–;–;–;–;–;6.475 ;–;0,3;–;2.908 ;–;0,2;–;–;–;–;–;–;–;–;–;48.138;–;0,1;–;12.776;–;0,2;–;–;–;–;–;–;–;–;–;–;–;–;–;–;–;–;–;–;–;–;–;–;–;–;–;–;–;–;–;–;–;–;–;–;–;–;–;–;–;–;–;–;–;–;–;–;–;–;–;–;–;–;–;–;–;–;–;;
DiB;2021;einschl. Wiederholungswahl in Teilen Berlins;2.609 ;7.184 ;0,0;0,0;2.609 ;5.388 ;0,0;0,1;–;–;–;–;–;–;–;–;–;–;–;–;–;–;–;–;–;–;–;–;–;–;–;–;–;–;–;–;–;–;–;–;–;–;–;–;–;1.796 ;–;0,1;–;–;–;–;–;–;–;–;–;–;–;–;–;–;–;–;–;–;–;–;2.609;7.184;0,0;0,0;–;–;–;–;–;–;–;–;–;–;–;–;–;–;–;–;–;–;–;–;–;–;–;–;–;–;–;–;–;–;–;–;–;–;–;–;–;–;–;–;–;–;–;–;–;–;–;–;–;–;–;–;–;–;–;–;–;–;–;–;–;;
DIE EINHEIT;2017;–;371 ;–;0,0;–;–;–;–;–;–;–;–;–;–;–;–;–;–;–;–;–;–;–;–;–;–;–;–;–;–;–;–;–;–;–;–;–;–;–;–;–;–;–;–;–;371 ;–;0,0;–;–;–;–;–;–;–;–;–;–;–;–;–;–;–;–;–;–;–;–;–;371;–;0,0;–;–;–;–;–;–;–;–;–;–;–;–;–;–;–;–;–;–;–;–;–;–;–;–;–;–;–;–;–;–;–;–;–;–;–;–;–;–;–;–;–;–;–;–;–;–;–;–;–;–;–;–;–;–;–;–;–;–;–;–;–;–;;
DIE FRAUEN;1998;–;3.966 ;30.094 ;0,0;0,1;–;5.575 ;–;0,1;2.434 ;5.317 ;0,0;0,1;–;2.817 ;–;0,1;–;–;–;–;–;–;–;–;–;–;–;–;727 ;3.427 ;0,0;0,1;–;–;–;–;–;–;–;–;805 ;4.829 ;0,0;0,0;–;2.395 ;–;0,1;–;510 ;–;0,1;–;–;–;–;–;–;–;–;–;1.805;–;0,1;–;3.419;–;0,2;3.966;25.365;0,0;0,1;–;4.729;–;0,0;–;–;–;–;–;–;–;–;–;–;–;–;–;–;–;–;–;–;–;–;–;–;–;–;–;–;–;–;–;–;–;–;–;–;–;–;–;–;–;–;–;–;–;–;–;–;–;–;–;–;–;–;–;–;–;–;–;;
DIE FRAUEN;2002;–;2.264 ;36.832 ;0,0;0,1;–;9.902 ;–;0,2;–;7.881 ;–;0,1;2.264 ;7.634 ;0,1;0,4;–;–;–;–;–;–;–;–;–;2.189 ;–;0,2;–;–;–;–;–;–;–;–;–;–;–;–;–;9.226 ;–;0,1;–;–;–;–;–;–;–;–;–;–;–;–;–;–;–;–;–;–;–;–;–;–;–;–;2.264;32.998;0,0;0,1;–;3.834;–;0,0;–;–;–;–;–;–;–;–;–;–;–;–;–;–;–;–;–;–;–;–;–;–;–;–;–;–;–;–;–;–;–;–;–;–;–;–;–;–;–;–;–;–;–;–;–;–;–;–;–;–;–;–;–;–;–;–;–;;
DIE FRAUEN;2005;–;1.327 ;27.497 ;0,0;0,1;–;–;–;–;–;17.425 ;–;0,2;1.327 ;8.620 ;0,1;0,5;–;–;–;–;–;1.452 ;–;0,4;–;–;–;–;–;–;–;–;–;–;–;–;–;–;–;–;–;–;–;–;–;–;–;–;–;–;–;–;–;–;–;–;–;–;–;–;–;–;–;–;–;–;–;–;1.327;23.149;0,0;0,1;–;4.348;–;0,0;–;–;–;–;–;–;–;–;–;–;–;–;–;–;–;–;–;–;–;–;–;–;–;–;–;–;–;–;–;–;–;–;–;–;–;–;–;–;–;–;–;–;–;–;–;–;–;–;–;–;–;–;–;–;–;–;–;;
DIE FRAUEN;2013;–;–;12.148 ;–;0,0;–;–;–;–;–;12.148 ;–;0,2;–;–;–;–;–;–;–;–;–;–;–;–;–;–;–;–;–;–;–;–;–;–;–;–;–;–;–;–;–;–;–;–;–;–;–;–;–;–;–;–;–;–;–;–;–;–;–;–;–;–;–;–;–;–;–;–;–;12.148;–;0,0;–;–;–;–;–;–;–;–;–;–;–;–;–;–;–;–;–;–;–;–;–;–;–;–;–;–;–;–;–;–;–;–;–;–;–;–;–;–;–;–;–;–;–;–;–;–;–;–;–;–;–;–;–;–;–;–;–;–;–;–;–;;
DIE FRAUEN;2017;–;439 ;–;0,0;–;–;–;–;–;–;–;–;–;439 ;–;0,0;–;–;–;–;–;–;–;–;–;–;–;–;–;–;–;–;–;–;–;–;–;–;–;–;–;–;–;–;–;–;–;–;–;–;–;–;–;–;–;–;–;–;–;–;–;–;–;–;–;–;–;–;–;439;–;0,0;–;–;–;–;–;–;–;–;–;–;–;–;–;–;–;–;–;–;–;–;–;–;–;–;–;–;–;–;–;–;–;–;–;–;–;–;–;–;–;–;–;–;–;–;–;–;–;–;–;–;–;–;–;–;–;–;–;–;–;–;–;–;;
Die Grauen;2017;–;4.300 ;10.009 ;0,0;0,0;–;–;–;–;–;–;–;–;4.300 ;10.009 ;0,2;0,5;–;–;–;–;–;–;–;–;–;–;–;–;–;–;–;–;–;–;–;–;–;–;–;–;–;–;–;–;–;–;–;–;–;–;–;–;–;–;–;–;–;–;–;–;–;–;–;–;–;–;–;–;2.830;5.438;0,0;0,0;1.470 ;4.571;0,0;0,1;–;–;–;–;–;–;–;–;–;–;–;–;–;–;–;–;–;–;–;–;–;–;–;–;–;–;–;–;–;–;–;–;–;–;–;–;–;–;–;–;–;–;–;–;–;–;–;–;–;–;–;–;–;–;–;–;–;;
Die Grauen;2021;einschl. Wiederholungswahl in Teilen Berlins;1.962 ;17.304 ;0,0;0,0;–;–;–;–;–;–;–;–;1.962 ;17.304 ;0,1;1,0;–;–;–;–;–;–;–;–;–;–;–;–;–;–;–;–;–;–;–;–;–;–;–;–;–;–;–;–;–;–;–;–;–;–;–;–;–;–;–;–;–;–;–;–;–;–;–;–;–;–;–;–;1.962;8.457;0,0;0,0;–;8.847;–;0,1;–;–;–;–;–;–;–;–;–;–;–;–;–;–;–;–;–;–;–;–;–;–;–;–;–;–;–;–;–;–;–;–;–;–;–;–;–;–;–;–;–;–;–;–;–;–;–;–;–;–;–;–;–;–;–;–;–;;
Die PARTEI;2005;–;6.923 ;10.379 ;0,0;0,0;874 ;–;0,0;–;–;–;–;–;3.838 ;7.873 ;0,2;0,4;–;–;–;–;–;–;–;–;–;2.506 ;–;0,3;–;–;–;–;–;–;–;–;–;–;–;–;2.211 ;–;0,0;–;–;–;–;–;–;–;–;–;–;–;–;–;–;–;–;–;–;–;–;–;–;–;–;–;6.213;7.066;0,0;0,0;710 ;3.313;0,0;0,0;–;–;–;–;–;–;–;–;–;–;–;–;–;–;–;–;–;–;–;–;–;–;–;–;–;–;–;–;–;–;–;–;–;–;–;–;–;–;–;–;–;–;–;–;–;–;–;–;–;–;–;–;–;–;–;–;–;;
Die PARTEI;2013;–;39.388 ;78.674 ;0,1;0,2;1.677 ;–;0,0;–;2.260 ;–;0,0;–;16.057 ;18.673 ;0,9;1,0;901 ;–;0,1;–;1.531 ;1.549 ;0,5;0,5;3.097 ;5.643 ;0,3;0,6;3.869 ;15.033 ;0,1;0,5;–;–;–;–;–;–;–;–;5.192 ;37.776 ;0,1;0,4;952 ;–;0,0;–;–;–;–;–;3.852 ;–;0,2;–;–;–;–;–;–;–;–;–;–;–;–;–;28.100;70.393;0,1;0,2;11.288 ;8.281;0,1;0,1;–;–;–;–;–;–;–;–;–;–;–;–;–;–;–;–;–;–;–;–;–;–;–;–;–;–;–;–;–;–;–;–;–;–;–;–;–;–;–;–;–;–;–;–;–;–;–;–;–;–;–;–;–;–;–;–;–;;
Die PARTEI;2017;–;245.659 ;454.349 ;0,5;1,0;26.508 ;43.883 ;0,4;0,7;13.205 ;51.607 ;0,2;0,7;53.335 ;39.027 ;2,9;2,1;17.385 ;19.471 ;1,2;1,3;7.753 ;5.511 ;2,3;1,7;11.426 ;15.388 ;1,2;1,6;13.786 ;30.500 ;0,4;0,9;4.631 ;9.309 ;0,5;1,0;12.726 ;41.228 ;0,3;0,9;38.617 ;81.576 ;0,4;0,8;10.970 ;23.957 ;0,5;1,0;3.950 ;7.475 ;0,7;1,3;21.473 ;31.999 ;0,9;1,3;2.186 ;13.554 ;0,2;1,1;4.017;20.732;0,2;1,2;3.691;19.132;0,3;1,5;173.292;341.756;0,5;0,9;72.367 ;112.593;0,9;1,4;–;–;–;–;–;–;–;–;–;–;–;–;–;–;–;–;–;–;–;–;–;–;–;–;–;–;–;–;–;–;–;–;–;–;–;–;–;–;–;–;–;–;–;–;–;–;–;–;–;–;–;–;–;–;–;–;–;;
Die PARTEI;2021;einschl. Wiederholungswahl in Teilen Berlins;540.170 ;460.431 ;1,2;1,0;73.115 ;53.597 ;1,2;0,9;60.435 ;53.876 ;0,8;0,7;35.579 ;27.199 ;2,1;1,6;27.429 ;19.199 ;1,8;1,3;5.464 ;3.909 ;1,7;1,2;6.585 ;10.147 ;0,7;1,0;22.769 ;29.569 ;0,7;0,9;3.692 ;7.900 ;0,4;0,9;16.581 ;40.158 ;0,4;0,9;170.191 ;108.504 ;1,7;1,1;21.564 ;20.844 ;0,9;0,9;13.840 ;9.978 ;2,4;1,7;37.538 ;31.905 ;1,5;1,3;4.416 ;9.763 ;0,4;0,8;18.090;17.870;1,0;1,0;22.882;16.013;1,8;1,3;425.915;361.683;1,1;0,9;114.255 ;98.748;1,4;1,2;–;–;–;–;–;–;–;–;–;–;–;–;–;–;–;–;–;–;–;–;–;–;–;–;–;–;–;–;–;–;–;–;–;–;–;–;–;–;–;–;–;–;–;–;–;–;–;–;–;–;–;–;–;–;–;–;–;;
Die PARTEI;2025;–;122.268 ;242.741 ;0,2;0,5;20.293 ;28.041 ;0,3;0,4;9.955 ;30.552 ;0,1;0,4;8.425 ;12.881 ;0,4;0,7;15.439 ;14.706 ;0,9;0,9;2.227 ;2.582 ;0,6;0,7;–;4.518 ;–;0,4;7.004 ;18.111 ;0,2;0,5;–;–;–;–;4.541 ;22.360 ;0,1;0,4;33.497 ;59.077 ;0,3;0,6;1.440 ;11.454 ;0,1;0,5;–;–;–;–;12.288 ;13.692 ;0,5;0,5;5.138 ;11.038 ;0,4;0,8;2.021 ;13.729 ;0,1;0,7;–;–;–;–;88.936;196.872;0,2;0,5;33.332;45.869;0,4;0,5;–;–;–;–;–;–;–;–;–;–;–;–;–;–;–;–;–;–;–;–;–;–;–;–;–;–;–;–;–;–;–;–;–;–;–;–;–;–;–;–;–;–;–;–;–;–;–;–;–;–;–;–;–;–;–;–;–;;
DIE RECHTE;2013;–;–;2.245 ;–;0,0;–;–;–;–;–;–;–;–;–;–;–;–;–;–;–;–;–;–;–;–;–;–;–;–;–;–;–;–;–;–;–;–;–;–;–;–;–;2.245 ;–;0,0;–;–;–;–;–;–;–;–;–;–;–;–;–;–;–;–;–;–;–;–;–;–;–;–;–;2.245;–;0,0;–;–;–;–;–;–;–;–;–;–;–;–;–;–;–;–;–;–;–;–;–;–;–;–;–;–;–;–;–;–;–;–;–;–;–;–;–;–;–;–;–;–;–;–;–;–;–;–;–;–;–;–;–;–;–;–;–;–;–;–;–;;
DIE RECHTE;2017;–;1.142 ;2.054 ;0,0;0,0;1.142 ;2.054 ;0,0;0,0;–;–;–;–;–;–;–;–;–;–;–;–;–;–;–;–;–;–;–;–;–;–;–;–;–;–;–;–;–;–;–;–;–;–;–;–;–;–;–;–;–;–;–;–;–;–;–;–;–;–;–;–;–;–;–;–;–;–;–;–;1.142;2.054;0,0;0,0;–;–;–;–;–;–;–;–;–;–;–;–;–;–;–;–;–;–;–;–;–;–;–;–;–;–;–;–;–;–;–;–;–;–;–;–;–;–;–;–;–;–;–;–;–;–;–;–;–;–;–;–;–;–;–;–;–;–;–;–;–;;
Die Violetten;2002;–;840 ;2.412 ;0,0;0,0;–;–;–;–;–;–;–;–;–;–;–;–;–;–;–;–;–;–;–;–;–;–;–;–;–;–;–;–;–;–;–;–;–;–;–;–;840 ;2.412 ;0,0;0,0;–;–;–;–;–;–;–;–;–;–;–;–;–;–;–;–;–;–;–;–;–;–;–;–;840;2.412;0,0;0,0;–;–;–;–;–;–;–;–;–;–;–;–;–;–;–;–;–;–;–;–;–;–;–;–;–;–;–;–;–;–;–;–;–;–;–;–;–;–;–;–;–;–;–;–;–;–;–;–;–;–;–;–;–;–;–;–;–;–;–;–;–;;
DIE VIOLETTEN;2009;–;5.794 ;31.957 ;0,0;0,1;1.023 ;12.593 ;0,0;0,2;2.064 ;13.872 ;0,0;0,2;875 ;5.492 ;0,1;0,3;–;–;–;–;–;–;–;–;–;–;–;–;–;–;–;–;–;–;–;–;–;–;–;–;446 ;–;0,0;–;833 ;–;0,0;–;–;–;–;–;–;–;–;–;–;–;–;–;553;–;0,0;–;–;–;–;–;5.794;30.013;0,0;0,1;–;1.944;–;0,0;–;–;–;–;–;–;–;–;–;–;–;–;–;–;–;–;–;–;–;–;–;–;–;–;–;–;–;–;–;–;–;–;–;–;–;–;–;–;–;–;–;–;–;–;–;–;–;–;–;–;–;–;–;–;–;–;–;;
DIE VIOLETTEN;2013;–;2.516 ;8.211 ;0,0;0,0;972 ;–;0,0;–;1.087 ;8.211 ;0,0;0,1;457 ;–;0,0;–;–;–;–;–;–;–;–;–;–;–;–;–;–;–;–;–;–;–;–;–;–;–;–;–;–;–;–;–;–;–;–;–;–;–;–;–;–;–;–;–;–;–;–;–;–;–;–;–;–;–;–;–;2.235;8.211;0,0;0,0;281 ;–;0,0;–;–;–;–;–;–;–;–;–;–;–;–;–;–;–;–;–;–;–;–;–;–;–;–;–;–;–;–;–;–;–;–;–;–;–;–;–;–;–;–;–;–;–;–;–;–;–;–;–;–;–;–;–;–;–;–;–;–;;
DIE VIOLETTEN;2017;–;2.176 ;–;0,0;–;–;–;–;–;670 ;–;0,0;–;–;–;–;–;–;–;–;–;–;–;–;–;–;–;–;–;522 ;–;0,0;–;–;–;–;–;–;–;–;–;984 ;–;0,0;–;–;–;–;–;–;–;–;–;–;–;–;–;–;–;–;–;–;–;–;–;–;–;–;–;2.176;–;0,0;–;–;–;–;–;–;–;–;–;–;–;–;–;–;–;–;–;–;–;–;–;–;–;–;–;–;–;–;–;–;–;–;–;–;–;–;–;–;–;–;–;–;–;–;–;–;–;–;–;–;–;–;–;–;–;–;–;–;–;–;–;–;;
dieBasis;2021;einschl. Wiederholungswahl in Teilen Berlins;732.620 ;630.153 ;1,6;1,4;127.340 ;114.919 ;2,1;1,9;156.556 ;131.988 ;2,1;1,7;16.770 ;–;1,0;–;26.766 ;23.062 ;1,8;1,5;4.007 ;3.461 ;1,2;1,1;17.259 ;13.961 ;1,7;1,4;47.736 ;43.106 ;1,4;1,3;16.019 ;16.336 ;1,7;1,8;52.585 ;46.369 ;1,2;1,0;111.606 ;99.217 ;1,1;1,0;31.791 ;28.719 ;1,4;1,2;8.982 ;8.116 ;1,6;1,4;45.593 ;38.090 ;1,9;1,5;22.554 ;19.213 ;1,9;1,6;27.124;23.407;1,5;1,3;19.932;20.189;1,6;1,6;595.404;513.263;1,6;1,3;137.216 ;116.890;1,7;1,4;–;–;–;–;–;–;–;–;–;–;–;–;–;–;–;–;–;–;–;–;–;–;–;–;–;–;–;–;–;–;–;–;–;–;–;–;–;–;–;–;–;–;–;–;–;–;–;–;–;–;–;–;–;–;–;–;–;;
dieBasis;2025;–;41.923 ;85.373 ;0,1;0,2;17.282 ;21.845 ;0,3;0,3;20.515 ;28.843 ;0,3;0,4;–;–;–;–;–;–;–;–;–;–;–;–;–;–;–;–;–;–;–;–;–;–;–;–;4.126 ;12.466 ;0,1;0,2;–;22.219 ;–;0,2;–;–;–;–;–;–;–;–;–;–;–;–;–;–;–;–;–;–;–;–;–;–;–;–;41.923;85.373;0,1;0,2;–;–;–;–;–;–;–;–;–;–;–;–;–;–;–;–;–;–;–;–;–;–;–;–;–;–;–;–;–;–;–;–;–;–;–;–;–;–;–;–;–;–;–;–;–;–;–;–;–;–;–;–;–;–;–;–;–;–;–;–;–;;
DKP;1972;–;146.258 ;113.891 ;0,4;0,3;16.807 ;13.289 ;0,3;0,2;19.890 ;13.607 ;0,3;0,2;–;–;–;–;–;–;–;–;3.863 ;3.335 ;0,8;0,7;8.650 ;6.944 ;0,7;0,6;16.925 ;13.214 ;0,5;0,4;–;–;–;–;11.689 ;9.467 ;0,3;0,2;49.611 ;37.600 ;0,5;0,3;9.227 ;7.749 ;0,4;0,3;5.665 ;5.158 ;0,8;0,7;–;–;–;–;–;–;–;–;3.931;3.528;0,2;0,2;–;–;–;–;–;–;–;–;–;–;–;–;–;–;–;–;–;–;–;–;–;–;–;–;–;–;–;–;–;–;–;–;–;–;–;–;–;–;–;–;–;–;–;–;–;–;–;–;–;–;–;–;–;–;–;–;–;–;–;–;–;–;–;–;–;–;–;–;–;;
DKP;1976;–;170.855 ;118.581 ;0,5;0,3;19.147 ;12.524 ;0,4;0,2;21.452 ;13.511 ;0,3;0,2;–;–;–;–;–;–;–;–;4.498 ;3.593 ;1,0;0,8;11.650 ;9.028 ;1,0;0,8;22.157 ;15.732 ;0,6;0,4;–;–;–;–;16.055 ;11.232 ;0,3;0,2;56.610 ;38.176 ;0,5;0,3;9.525 ;6.627 ;0,4;0,3;4.499 ;4.054 ;0,6;0,5;–;–;–;–;–;–;–;–;5.262;4.104;0,3;0,2;–;–;–;–;–;–;–;–;–;–;–;–;–;–;–;–;–;–;–;–;–;–;–;–;–;–;–;–;–;–;–;–;–;–;–;–;–;–;–;–;–;–;–;–;–;–;–;–;–;–;–;–;–;–;–;–;–;–;–;–;–;–;–;–;–;–;–;–;–;;
DKP;1980;–;107.158 ;71.600 ;0,3;0,2;13.062 ;7.634 ;0,2;0,1;14.870 ;8.158 ;0,2;0,1;–;–;–;–;–;–;–;–;2.947 ;2.284 ;0,6;0,5;6.911 ;5.488 ;0,6;0,5;11.734 ;8.817 ;0,3;0,2;–;–;–;–;10.636 ;7.020 ;0,2;0,1;33.594 ;23.115 ;0,3;0,2;6.463 ;4.139 ;0,3;0,2;3.759 ;2.471 ;0,5;0,3;–;–;–;–;–;–;–;–;3.182;2.474;0,2;0,1;–;–;–;–;–;–;–;–;–;–;–;–;–;–;–;–;–;–;–;–;–;–;–;–;–;–;–;–;–;–;–;–;–;–;–;–;–;–;–;–;–;–;–;–;–;–;–;–;–;–;–;–;–;–;–;–;–;–;–;–;–;–;–;–;–;–;–;–;–;;
DKP;1983;–;96.143 ;64.986 ;0,2;0,2;13.196 ;8.185 ;0,2;0,1;11.893 ;7.332 ;0,2;0,1;–;–;–;–;–;–;–;–;2.616 ;1.982 ;0,6;0,4;4.981 ;3.821 ;0,5;0,3;9.971 ;7.609 ;0,3;0,2;–;–;–;–;9.948 ;6.361 ;0,2;0,1;32.159 ;21.065 ;0,3;0,2;5.539 ;3.993 ;0,2;0,2;2.885 ;2.505 ;0,4;0,3;–;–;–;–;–;–;–;–;2.955;2.133;0,2;0,1;–;–;–;–;–;–;–;–;–;–;–;–;–;–;–;–;–;–;–;–;–;–;–;–;–;–;–;–;–;–;–;–;–;–;–;–;–;–;–;–;–;–;–;–;–;–;–;–;–;–;–;–;–;–;–;–;–;–;–;–;–;–;–;–;–;–;–;–;–;;
DKP;1994;–;693 ;–;0,0;–;346 ;–;0,0;–;–;–;–;–;–;–;–;–;–;–;–;–;–;–;–;–;–;–;–;–;–;–;–;–;–;–;–;–;–;–;–;–;–;–;–;–;–;–;–;–;–;–;–;–;–;–;–;–;–;–;–;–;347;–;0,0;–;–;–;–;–;693;–;0,0;–;–;–;–;–;–;–;–;–;–;–;–;–;–;–;–;–;–;–;–;–;–;–;–;–;–;–;–;–;–;–;–;–;–;–;–;–;–;–;–;–;–;–;–;–;–;–;–;–;–;–;–;–;–;–;–;–;–;–;–;–;–;;
DKP;1998;–;2.105 ;–;0,0;–;452 ;–;0,0;–;–;–;–;–;–;–;–;–;–;–;–;–;–;–;–;–;574 ;–;0,1;–;136 ;–;0,0;–;–;–;–;–;145 ;–;0,0;–;175 ;–;0,0;–;–;–;–;–;300 ;–;0,0;–;–;–;–;–;–;–;–;–;323;–;0,0;–;–;–;–;–;2.105;–;0,0;–;–;–;–;–;–;–;–;–;–;–;–;–;–;–;–;–;–;–;–;–;–;–;–;–;–;–;–;–;–;–;–;–;–;–;–;–;–;–;–;–;–;–;–;–;–;–;–;–;–;–;–;–;–;–;–;–;–;–;–;–;–;;
DKP;2002;–;3.953 ;–;0,0;–;543 ;–;0,0;–;–;–;–;–;538 ;–;0,0;–;–;–;–;–;–;–;–;–;810 ;–;0,1;–;–;–;–;–;–;–;–;–;604 ;–;0,0;–;551 ;–;0,0;–;–;–;–;–;–;–;–;–;–;–;–;–;–;–;–;–;907;–;0,1;–;–;–;–;–;3.600;–;0,0;–;353 ;–;0,0;–;–;–;–;–;–;–;–;–;–;–;–;–;–;–;–;–;–;–;–;–;–;–;–;–;–;–;–;–;–;–;–;–;–;–;–;–;–;–;–;–;–;–;–;–;–;–;–;–;–;–;–;–;–;–;–;–;–;;
DKP;2009;–;929 ;1.894 ;0,0;0,0;–;–;–;–;–;–;–;–;929 ;1.894 ;0,1;0,1;–;–;–;–;–;–;–;–;–;–;–;–;–;–;–;–;–;–;–;–;–;–;–;–;–;–;–;–;–;–;–;–;–;–;–;–;–;–;–;–;–;–;–;–;–;–;–;–;–;–;–;–;487;623;0,0;0,0;442 ;1.271;0,0;0,0;–;–;–;–;–;–;–;–;–;–;–;–;–;–;–;–;–;–;–;–;–;–;–;–;–;–;–;–;–;–;–;–;–;–;–;–;–;–;–;–;–;–;–;–;–;–;–;–;–;–;–;–;–;–;–;–;–;;
DKP;2013;–;1.699 ;–;0,0;–;231 ;–;0,0;–;–;–;–;–;261 ;–;0,0;–;1.207 ;–;0,1;–;–;–;–;–;–;–;–;–;–;–;–;–;–;–;–;–;–;–;–;–;–;–;–;–;–;–;–;–;–;–;–;–;–;–;–;–;–;–;–;–;–;–;–;–;–;–;–;–;373;–;0,0;–;1.326 ;–;0,0;–;–;–;–;–;–;–;–;–;–;–;–;–;–;–;–;–;–;–;–;–;–;–;–;–;–;–;–;–;–;–;–;–;–;–;–;–;–;–;–;–;–;–;–;–;–;–;–;–;–;–;–;–;–;–;–;–;–;;
DKP;2017;–;7.517 ;11.558 ;0,0;0,0;–;1.006 ;–;0,0;–;1.213 ;–;0,0;–;1.685 ;–;0,1;4.668 ;2.514 ;0,3;0,2;–;174 ;–;0,1;–;511 ;–;0,1;234 ;1.138 ;0,0;0,0;–;–;–;–;1.331 ;1.100 ;0,0;0,0;1.284 ;2.217 ;0,0;0,0;–;–;–;–;–;–;–;–;–;–;–;–;–;–;–;–;–;–;–;–;–;–;–;–;2.849;7.910;0,0;0,0;4.668 ;3.648;0,1;0,0;–;–;–;–;–;–;–;–;–;–;–;–;–;–;–;–;–;–;–;–;–;–;–;–;–;–;–;–;–;–;–;–;–;–;–;–;–;–;–;–;–;–;–;–;–;–;–;–;–;–;–;–;–;–;–;–;–;;
DKP;2021;einschl. Wiederholungswahl in Teilen Berlins;5.446 ;14.957 ;0,0;0,0;–;1.107 ;–;0,0;–;1.288 ;–;0,0;–;2.187 ;–;0,1;1.785 ;1.978 ;0,1;0,1;–;–;–;–;–;532 ;–;0,1;233 ;1.294 ;0,0;0,0;–;754 ;–;0,1;523 ;1.020 ;0,0;0,0;2.285 ;2.556 ;0,0;0,0;294 ;–;0,0;–;–;–;–;–;–;1.725 ;–;0,1;–;–;–;–;326;516;0,0;0,0;–;–;–;–;3.661;8.998;0,0;0,0;1.785 ;5.959;0,0;0,1;–;–;–;–;–;–;–;–;–;–;–;–;–;–;–;–;–;–;–;–;–;–;–;–;–;–;–;–;–;–;–;–;–;–;–;–;–;–;–;–;–;–;–;–;–;–;–;–;–;–;–;–;–;–;–;–;–;;
DKP/DRP;1949;–;429.031 ;429.031 ;1,8;1,8;–;–;–;–;–;–;–;–;–;–;–;–;–;–;–;–;–;–;–;–;10.838 ;10.838 ;1,2;1,2;–;–;–;–;–;–;–;–;273.129 ;273.129 ;8,1;8,1;117.998 ;117.998 ;1,8;1,8;–;–;–;–;–;–;–;–;–;–;–;–;–;–;–;–;27.066;27.066;1,9;1,9;–;–;–;–;–;–;–;–;–;–;–;–;5 ;–;–;–;5;–;5 ;–;5;–;–;–;–;–;–;–;–;–;–;–;–;–;–;–;–;–;–;–;–;–;–;–;–;5 ;–;5;–;–;–;–;–;–;–;–;–;–;–;–;–;–;–;–;–;–;–;–;–;;
DM;2017;–;–;63.203 ;–;0,1;–;10.395 ;–;0,2;–;12.689 ;–;0,2;–;4.212 ;–;0,2;–;5.068 ;–;0,3;–;607 ;–;0,2;–;–;–;–;–;6.393 ;–;0,2;–;–;–;–;–;8.146 ;–;0,2;–;9.859 ;–;0,1;–;–;–;–;–;886 ;–;0,2;–;–;–;–;–;–;–;–;–;–;–;–;–;4.948;–;0,4;–;51.355;–;0,1;–;11.848;–;0,1;–;–;–;–;–;–;–;–;–;–;–;–;–;–;–;–;–;–;–;–;–;–;–;–;–;–;–;–;–;–;–;–;–;–;–;–;–;–;–;–;–;–;–;–;–;–;–;–;–;–;–;–;–;–;–;–;–;;
DMP;1998;–;1.924 ;–;0,0;–;616 ;–;0,0;–;–;–;–;–;–;–;–;–;–;–;–;–;–;–;–;–;–;–;–;–;–;–;–;–;–;–;–;–;–;–;–;–;1.308 ;–;0,0;–;–;–;–;–;–;–;–;–;–;–;–;–;–;–;–;–;–;–;–;–;–;–;–;–;1.924;–;0,0;–;–;–;–;–;–;–;–;–;–;–;–;–;–;–;–;–;–;–;–;–;–;–;–;–;–;–;–;–;–;–;–;–;–;–;–;–;–;–;–;–;–;–;–;–;–;–;–;–;–;–;–;–;–;–;–;–;–;–;–;–;–;;
DNS;1953;–;78.356 ;70.726 ;0,3;0,3;34.140 ;37.967 ;0,9;1,1;31.173 ;28.025 ;0,6;0,6;–;–;–;–;–;–;–;–;–;–;–;–;–;–;–;–;95 ;–;0,0;–;–;–;–;–;361 ;–;0,0;–;1.613 ;–;0,0;–;5.763 ;–;0,3;–;–;–;–;–;–;–;–;–;–;–;–;–;5.211;4.734;0,4;0,4;–;–;–;–;–;–;–;–;–;–;–;–;–;–;–;–;–;–;–;–;–;–;–;–;–;–;–;–;–;–;–;–;–;–;–;–;–;–;–;–;–;–;–;–;–;–;–;–;–;–;–;–;–;–;–;–;–;–;–;–;–;–;–;–;–;–;–;–;–;;
DP;1949;–;939.934 ;939.934 ;4,0;4,0;–;–;–;–;–;–;–;–;–;–;–;–;–;–;–;–;54.569 ;54.569 ;18,0;18,0;118.583 ;118.583 ;13,1;13,1;–;–;–;–;–;–;–;–;597.542 ;597.542 ;17,8;17,8;–;–;–;–;–;–;–;–;–;–;–;–;–;–;–;–;–;–;–;–;169.240;169.240;12,1;12,1;–;–;–;–;–;–;–;–;–;–;–;–;17 ;1 ;5;–;12;1;17 ;5;12;–;–;–;–;–;–;–;–;–;–;–;–;1 ;–;1;1 ;–;1;–;–;–;–;–;–;12 ;5;7;–;–;–;–;–;–;–;–;–;–;–;–;–;–;–;3 ;–;3;–;–;–;;
DP;1953;–;1.073.031 ;896.128 ;3,9;3,3;42.859 ;56.268 ;1,2;1,6;33.359 ;43.431 ;0,7;0,9;–;–;–;–;–;–;–;–;63.993 ;60.464 ;17,8;17,0;120.958 ;62.123 ;11,5;5,9;55.223 ;70.704 ;2,1;2,8;–;–;–;–;619.275 ;449.203 ;16,5;11,9;69.067 ;80.034 ;0,9;1,0;22.938 ;19.731 ;1,3;1,1;–;–;–;–;–;–;–;–;–;–;–;–;45.359;54.170;3,3;4,0;–;–;–;–;–;–;–;–;–;–;–;–;15 ;–;10;–;5;–;15 ;10;5;1 ;–;1;–;–;–;–;–;–;–;–;–;1 ;–;1;2 ;2;–;1 ;–;1;–;–;–;8 ;8;–;1 ;–;1;–;–;–;–;–;–;–;–;–;–;–;–;1 ;–;1;–;–;–;;
DP;1957;–;1.062.293 ;1.007.282 ;3,5;3,4;40.916 ;50.050 ;1,0;1,3;36.077 ;38.806 ;0,7;0,7;–;–;–;–;–;–;–;–;56.390 ;55.118 ;13,9;13,8;48.837 ;54.144 ;4,2;4,7;194.419 ;148.792 ;7,0;5,5;–;–;–;–;503.615 ;435.936 ;13,2;11,4;108.509 ;141.330 ;1,2;1,6;27.225 ;29.698 ;1,4;1,6;3.765 ;4.069 ;0,7;0,7;–;–;–;–;–;–;–;–;42.540;49.339;3,2;3,8;–;–;–;–;–;–;–;–;–;–;–;–;17 ;1 ;6;1;11;–;17 ;6;11;1 ;–;1;–;–;–;–;–;–;–;–;–;1 ;–;1;1 ;–;1;3 ;1;2;–;–;–;8 ;5;3;2 ;–;2;–;–;–;–;–;–;–;–;–;–;–;–;1 ;–;1;–;–;–;;
DPD;1998;–;1.172 ;2.432 ;0,0;0,0;1.172 ;2.432 ;0,0;0,0;–;–;–;–;–;–;–;–;–;–;–;–;–;–;–;–;–;–;–;–;–;–;–;–;–;–;–;–;–;–;–;–;–;–;–;–;–;–;–;–;–;–;–;–;–;–;–;–;–;–;–;–;–;–;–;–;–;–;–;–;1.172;2.432;0,0;0,0;–;–;–;–;–;–;–;–;–;–;–;–;–;–;–;–;–;–;–;–;–;–;–;–;–;–;–;–;–;–;–;–;–;–;–;–;–;–;–;–;–;–;–;–;–;–;–;–;–;–;–;–;–;–;–;–;–;–;–;–;–;;
DRP;1953;–;204.725 ;295.739 ;0,7;1,1;2.222 ;–;0,1;–;42.968 ;78.162 ;0,8;1,5;–;–;–;–;–;–;–;–;10.179 ;10.552 ;2,8;3,0;22.169 ;17.101 ;2,1;1,6;4.257 ;–;0,2;–;–;–;–;–;112.037 ;132.057 ;3,0;3,5;5.000 ;–;0,1;–;–;45.073 ;–;2,5;–;–;–;–;–;–;–;–;–;–;–;–;5.893;12.794;0,4;0,9;–;–;–;–;–;–;–;–;–;–;–;–;–;–;–;–;–;–;–;–;–;–;–;–;–;–;–;–;–;–;–;–;–;–;–;–;–;–;–;–;–;–;–;–;–;–;–;–;–;–;–;–;–;–;–;–;–;–;–;–;–;–;–;–;–;–;–;–;–;;
DRP;1957;–;290.622 ;308.564 ;1,0;1,0;19.621 ;24.896 ;0,5;0,6;26.304 ;24.902 ;0,5;0,5;–;–;–;–;–;–;–;–;5.230 ;5.488 ;1,3;1,4;8.369 ;9.050 ;0,7;0,8;32.332 ;33.881 ;1,2;1,2;–;–;–;–;86.662 ;88.963 ;2,3;2,3;54.469 ;57.755 ;0,6;0,7;46.326 ;51.350 ;2,4;2,7;3.140 ;3.270 ;0,6;0,6;–;–;–;–;–;–;–;–;8.169;9.009;0,6;0,7;–;–;–;–;–;–;–;–;–;–;–;–;–;–;–;–;–;–;–;–;–;–;–;–;–;–;–;–;–;–;–;–;–;–;–;–;–;–;–;–;–;–;–;–;–;–;–;–;–;–;–;–;–;–;–;–;–;–;–;–;–;–;–;–;–;–;–;–;–;;
DRP;1961;–;242.649 ;262.977 ;0,8;0,8;27.455 ;31.052 ;0,6;0,7;24.768 ;28.699 ;0,4;0,5;–;–;–;–;–;–;–;–;4.767 ;4.922 ;1,1;1,1;10.175 ;10.541 ;0,8;0,9;14.375 ;18.418 ;0,5;0,6;–;–;–;–;59.731 ;63.251 ;1,5;1,6;41.851 ;43.932 ;0,4;0,5;42.389 ;44.644 ;2,1;2,3;5.303 ;5.404 ;0,9;0,9;–;–;–;–;–;–;–;–;11.835;12.114;0,8;0,9;–;–;–;–;–;–;–;–;–;–;–;–;–;–;–;–;–;–;–;–;–;–;–;–;–;–;–;–;–;–;–;–;–;–;–;–;–;–;–;–;–;–;–;–;–;–;–;–;–;–;–;–;–;–;–;–;–;–;–;–;–;–;–;–;–;–;–;–;–;;
DSU;1990;–;131.747 ;89.008 ;0,3;0,2;–;–;–;–;–;–;–;–;4.979 ;4.467 ;0,3;0,2;9.219 ;6.012 ;0,7;0,4;–;–;–;–;–;–;–;–;–;–;–;–;–;3.003 ;–;0,3;–;–;–;–;–;–;–;–;–;–;–;–;–;–;–;–;70.381 ;48.365 ;2,5;1,7;15.053 ;7.138 ;0,9;0,4;–;–;–;–;32.115;20.023;2,1;1,3;3.614;3.146;0,0;0,0;128.133 ;85.862;1,4;1,0;–;–;–;–;–;–;–;–;–;–;–;–;–;–;–;–;–;–;–;–;–;–;–;–;–;–;–;–;–;–;–;–;–;–;–;–;–;–;–;–;–;–;–;–;–;–;–;–;–;–;–;–;–;–;–;–;–;;
DSU;1994;–;2.395 ;–;0,0;–;–;–;–;–;–;–;–;–;137 ;–;0,0;–;–;–;–;–;–;–;–;–;–;–;–;–;–;–;–;–;–;–;–;–;–;–;–;–;–;–;–;–;–;–;–;–;–;–;–;–;1.435 ;–;0,1;–;823 ;–;0,1;–;–;–;–;–;–;–;–;–;137;–;0,0;–;2.258 ;–;0,0;–;–;–;–;–;–;–;–;–;–;–;–;–;–;–;–;–;–;–;–;–;–;–;–;–;–;–;–;–;–;–;–;–;–;–;–;–;–;–;–;–;–;–;–;–;–;–;–;–;–;–;–;–;–;–;–;–;–;;
DSU;1998;–;8.180 ;–;0,0;–;–;–;–;–;–;–;–;–;–;–;–;–;–;–;–;–;–;–;–;–;–;–;–;–;–;–;–;–;–;–;–;–;–;–;–;–;–;–;–;–;–;–;–;–;–;–;–;–;6.620 ;–;0,2;–;–;–;–;–;–;–;–;–;1.560;–;0,1;–;–;–;–;–;8.180 ;–;0,1;–;–;–;–;–;–;–;–;–;–;–;–;–;–;–;–;–;–;–;–;–;–;–;–;–;–;–;–;–;–;–;–;–;–;–;–;–;–;–;–;–;–;–;–;–;–;–;–;–;–;–;–;–;–;–;–;–;–;;
DSU;2002;–;6.003 ;–;0,0;–;–;–;–;–;–;–;–;–;–;–;–;–;–;–;–;–;–;–;–;–;–;–;–;–;–;–;–;–;–;–;–;–;–;–;–;–;–;–;–;–;–;–;–;–;–;–;–;–;3.844 ;–;0,1;–;–;–;–;–;–;–;–;–;2.159;–;0,1;–;–;–;–;–;6.003 ;–;0,1;–;–;–;–;–;–;–;–;–;–;–;–;–;–;–;–;–;–;–;–;–;–;–;–;–;–;–;–;–;–;–;–;–;–;–;–;–;–;–;–;–;–;–;–;–;–;–;–;–;–;–;–;–;–;–;–;–;–;;
DSU;2005;–;1.655 ;–;0,0;–;–;–;–;–;–;–;–;–;–;–;–;–;–;–;–;–;–;–;–;–;–;–;–;–;–;–;–;–;–;–;–;–;–;–;–;–;–;–;–;–;–;–;–;–;–;–;–;–;1.655 ;–;0,1;–;–;–;–;–;–;–;–;–;–;–;–;–;–;–;–;–;1.655 ;–;0,0;–;–;–;–;–;–;–;–;–;–;–;–;–;–;–;–;–;–;–;–;–;–;–;–;–;–;–;–;–;–;–;–;–;–;–;–;–;–;–;–;–;–;–;–;–;–;–;–;–;–;–;–;–;–;–;–;–;–;;
DU;1980;–;421 ;–;0,0;–;119 ;–;0,0;–;302 ;–;0,0;–;–;–;–;–;–;–;–;–;–;–;–;–;–;–;–;–;–;–;–;–;–;–;–;–;–;–;–;–;–;–;–;–;–;–;–;–;–;–;–;–;–;–;–;–;–;–;–;–;–;–;–;–;–;–;–;–;–;–;–;–;–;–;–;–;–;–;–;–;–;–;–;–;–;–;–;–;–;–;–;–;–;–;–;–;–;–;–;–;–;–;–;–;–;–;–;–;–;–;–;–;–;–;–;–;–;–;–;–;–;–;–;–;–;–;–;–;–;–;–;–;–;;
du.;2017;–;772 ;3.032 ;0,0;0,0;–;–;–;–;–;–;–;–;772 ;3.032 ;0,0;0,2;–;–;–;–;–;–;–;–;–;–;–;–;–;–;–;–;–;–;–;–;–;–;–;–;–;–;–;–;–;–;–;–;–;–;–;–;–;–;–;–;–;–;–;–;–;–;–;–;–;–;–;–;340;1.794;0,0;0,0;432 ;1.238;0,0;0,0;–;–;–;–;–;–;–;–;–;–;–;–;–;–;–;–;–;–;–;–;–;–;–;–;–;–;–;–;–;–;–;–;–;–;–;–;–;–;–;–;–;–;–;–;–;–;–;–;–;–;–;–;–;–;–;–;–;;
du.;2021;einschl. Wiederholungswahl in Teilen Berlins;1.890 ;17.738 ;0,0;0,0;–;–;–;–;793 ;4.200 ;0,0;0,1;370 ;2.512 ;0,0;0,1;–;–;–;–;–;–;–;–;–;1.341 ;–;0,1;–;–;–;–;–;–;–;–;–;2.625 ;–;0,1;–;4.729 ;–;0,0;–;–;–;–;–;–;–;–;–;–;–;–;–;1.302 ;–;0,1;727;1.029;0,0;0,1;–;–;–;–;1.677;15.327;0,0;0,0;213 ;2.411;0,0;0,0;–;–;–;–;–;–;–;–;–;–;–;–;–;–;–;–;–;–;–;–;–;–;–;–;–;–;–;–;–;–;–;–;–;–;–;–;–;–;–;–;–;–;–;–;–;–;–;–;–;–;–;–;–;–;–;–;–;;
DV;1969;–;461 ;–;0,0;–;–;–;–;–;–;–;–;–;–;–;–;–;–;–;–;–;–;–;–;–;–;–;–;–;–;–;–;–;–;–;–;–;–;–;–;–;461 ;–;0,0;–;–;–;–;–;–;–;–;–;–;–;–;–;–;–;–;–;–;–;–;–;–;–;–;–;–;–;–;–;–;–;–;–;–;–;–;–;–;–;–;–;–;–;–;–;–;–;–;–;–;–;–;–;–;–;–;–;–;–;–;–;–;–;–;–;–;–;–;–;–;–;–;–;–;–;–;–;–;–;–;–;–;–;–;–;–;–;–;–;–;;
DVP;1994;–;606 ;–;0,0;–;–;–;–;–;–;–;–;–;–;–;–;–;–;–;–;–;–;–;–;–;–;–;–;–;–;–;–;–;–;–;–;–;–;–;–;–;–;–;–;–;–;–;–;–;–;–;–;–;606 ;–;0,0;–;–;–;–;–;–;–;–;–;–;–;–;–;–;–;–;–;606 ;–;0,0;–;–;–;–;–;–;–;–;–;–;–;–;–;–;–;–;–;–;–;–;–;–;–;–;–;–;–;–;–;–;–;–;–;–;–;–;–;–;–;–;–;–;–;–;–;–;–;–;–;–;–;–;–;–;–;–;–;–;;
DVU;1998;–;–;601.192 ;–;1,2;–;33.299 ;–;0,6;–;43.522 ;–;0,6;–;41.671 ;–;2,1;–;42.153 ;–;2,7;–;6.667 ;–;1,7;–;20.601 ;–;2,1;–;34.134 ;–;1,0;–;29.703 ;–;2,7;–;31.169 ;–;0,6;–;98.732 ;–;0,9;–;17.918 ;–;0,7;–;6.208 ;–;0,9;–;75.579 ;–;2,6;–;52.179 ;–;3,2;–;21.913;–;1,3;–;45.744;–;2,9;–;334.341;–;0,8;–;266.851;–;2,8;–;–;–;–;–;–;–;–;–;–;–;–;–;–;–;–;–;–;–;–;–;–;–;–;–;–;–;–;–;–;–;–;–;–;–;–;–;–;–;–;–;–;–;–;–;–;–;–;–;–;–;–;–;–;–;–;–;;
DVU;2009;–;–;45.752 ;–;0,1;–;3.473 ;–;0,1;–;3.491 ;–;0,1;–;2.275 ;–;0,1;–;13.042 ;–;0,9;–;1.030 ;–;0,3;–;1.184 ;–;0,1;–;2.516 ;–;0,1;–;–;–;–;–;4.318 ;–;0,1;–;7.358 ;–;0,1;–;1.729 ;–;0,1;–;–;–;–;–;–;–;–;–;3.529 ;–;0,3;–;1.807;–;0,1;–;–;–;–;–;27.951;–;0,1;–;17.801;–;0,2;–;–;–;–;–;–;–;–;–;–;–;–;–;–;–;–;–;–;–;–;–;–;–;–;–;–;–;–;–;–;–;–;–;–;–;–;–;–;–;–;–;–;–;–;–;–;–;–;–;–;–;–;–;–;–;–;–;;
EAP;1976;–;3.177 ;6.811 ;0,0;0,0;163 ;978 ;0,0;0,0;446 ;1.283 ;0,0;0,0;–;–;–;–;–;–;–;–;242 ;189 ;0,1;0,0;126 ;226 ;0,0;0,0;452 ;731 ;0,0;0,0;–;–;–;–;493 ;1.165 ;0,0;0,0;1.019 ;1.428 ;0,0;0,0;236 ;811 ;0,0;0,0;–;–;–;–;–;–;–;–;–;–;–;–;–;–;–;–;–;–;–;–;–;–;–;–;–;–;–;–;–;–;–;–;–;–;–;–;–;–;–;–;–;–;–;–;–;–;–;–;–;–;–;–;–;–;–;–;–;–;–;–;–;–;–;–;–;–;–;–;–;–;–;–;–;–;–;–;–;–;–;–;–;–;–;–;–;;
EAP;1980;–;4.992 ;7.666 ;0,0;0,0;554 ;1.212 ;0,0;0,0;675 ;1.221 ;0,0;0,0;–;–;–;–;–;–;–;–;236 ;171 ;0,1;0,0;283 ;201 ;0,0;0,0;731 ;858 ;0,0;0,0;–;–;–;–;364 ;803 ;0,0;0,0;1.381 ;1.827 ;0,0;0,0;385 ;752 ;0,0;0,0;274 ;328 ;0,0;0,0;–;–;–;–;–;–;–;–;109;293;0,0;0,0;–;–;–;–;–;–;–;–;–;–;–;–;–;–;–;–;–;–;–;–;–;–;–;–;–;–;–;–;–;–;–;–;–;–;–;–;–;–;–;–;–;–;–;–;–;–;–;–;–;–;–;–;–;–;–;–;–;–;–;–;–;–;–;–;–;–;–;–;–;;
EAP;1983;–;7.491 ;14.966 ;0,0;0,0;635 ;2.918 ;0,0;0,1;1.043 ;1.923 ;0,0;0,0;–;–;–;–;–;–;–;–;403 ;324 ;0,1;0,1;117 ;323 ;0,0;0,0;1.968 ;2.124 ;0,1;0,1;–;–;–;–;510 ;1.338 ;0,0;0,0;1.935 ;3.270 ;0,0;0,0;322 ;1.609 ;0,0;0,1;146 ;569 ;0,0;0,1;–;–;–;–;–;–;–;–;412;568;0,0;0,0;–;–;–;–;–;–;–;–;–;–;–;–;–;–;–;–;–;–;–;–;–;–;–;–;–;–;–;–;–;–;–;–;–;–;–;–;–;–;–;–;–;–;–;–;–;–;–;–;–;–;–;–;–;–;–;–;–;–;–;–;–;–;–;–;–;–;–;–;–;;
EFP;1965;–;–;1.015 ;–;0,0;–;–;–;–;–;–;–;–;–;–;–;–;–;–;–;–;–;1.015 ;–;0,2;–;–;–;–;–;–;–;–;–;–;–;–;–;–;–;–;–;–;–;–;–;–;–;–;–;–;–;–;–;–;–;–;–;–;–;–;–;–;–;–;–;–;–;–;–;–;–;–;–;–;–;–;–;–;–;–;–;–;–;–;–;–;–;–;–;–;–;–;–;–;–;–;–;–;–;–;–;–;–;–;–;–;–;–;–;–;–;–;–;–;–;–;–;–;–;–;–;–;–;–;–;–;–;–;–;–;–;–;–;;
EFP;1972;–;7.581 ;24.057 ;0,0;0,1;603 ;5.453 ;0,0;0,1;2.621 ;5.170 ;0,0;0,1;–;–;–;–;–;–;–;–;–;318 ;–;0,1;1.099 ;910 ;0,1;0,1;334 ;3.204 ;0,0;0,1;–;–;–;–;358 ;2.187 ;0,0;0,0;1.750 ;5.218 ;0,0;0,0;–;–;–;–;–;587 ;–;0,1;–;–;–;–;–;–;–;–;816;1.010;0,0;0,1;–;–;–;–;–;–;–;–;–;–;–;–;–;–;–;–;–;–;–;–;–;–;–;–;–;–;–;–;–;–;–;–;–;–;–;–;–;–;–;–;–;–;–;–;–;–;–;–;–;–;–;–;–;–;–;–;–;–;–;–;–;–;–;–;–;–;–;–;–;;
EFP;1990;–;266 ;–;0,0;–;266 ;–;0,0;–;–;–;–;–;–;–;–;–;–;–;–;–;–;–;–;–;–;–;–;–;–;–;–;–;–;–;–;–;–;–;–;–;–;–;–;–;–;–;–;–;–;–;–;–;–;–;–;–;–;–;–;–;–;–;–;–;–;–;–;–;266;–;0,0;–;–;–;–;–;–;–;–;–;–;–;–;–;–;–;–;–;–;–;–;–;–;–;–;–;–;–;–;–;–;–;–;–;–;–;–;–;–;–;–;–;–;–;–;–;–;–;–;–;–;–;–;–;–;–;–;–;–;–;–;–;–;;
EP;1969;–;20.927 ;49.650 ;0,1;0,2;1.343 ;8.174 ;0,0;0,2;4.008 ;9.044 ;0,1;0,2;–;–;–;–;–;–;–;–;2.049 ;1.897 ;0,5;0,4;2.980 ;3.329 ;0,3;0,3;2.303 ;6.550 ;0,1;0,2;–;–;–;–;3.348 ;5.394 ;0,1;0,1;2.135 ;10.588 ;0,0;0,1;–;–;–;–;–;1.628 ;–;0,3;–;–;–;–;–;–;–;–;2.761;3.046;0,2;0,2;–;–;–;–;–;–;–;–;–;–;–;–;–;–;–;–;–;–;–;–;–;–;–;–;–;–;–;–;–;–;–;–;–;–;–;–;–;–;–;–;–;–;–;–;–;–;–;–;–;–;–;–;–;–;–;–;–;–;–;–;–;–;–;–;–;–;–;–;–;;
EVD;1949;–;26.162 ;26.162 ;0,1;0,1;26.162 ;26.162 ;1,0;1,0;–;–;–;–;–;–;–;–;–;–;–;–;–;–;–;–;–;–;–;–;–;–;–;–;–;–;–;–;–;–;–;–;–;–;–;–;–;–;–;–;–;–;–;–;–;–;–;–;–;–;–;–;–;–;–;–;–;–;–;–;–;–;–;–;–;–;–;–;–;–;–;–;–;–;–;–;–;–;–;–;–;–;–;–;–;–;–;–;–;–;–;–;–;–;–;–;–;–;–;–;–;–;–;–;–;–;–;–;–;–;–;–;–;–;–;–;–;–;–;–;–;–;–;–;–;;
Familie;1987;–;130 ;–;0,0;–;–;–;–;–;–;–;–;–;–;–;–;–;–;–;–;–;–;–;–;–;–;–;–;–;–;–;–;–;–;–;–;–;–;–;–;–;130 ;–;0,0;–;–;–;–;–;–;–;–;–;–;–;–;–;–;–;–;–;–;–;–;–;–;–;–;–;–;–;–;–;–;–;–;–;–;–;–;–;–;–;–;–;–;–;–;–;–;–;–;–;–;–;–;–;–;–;–;–;–;–;–;–;–;–;–;–;–;–;–;–;–;–;–;–;–;–;–;–;–;–;–;–;–;–;–;–;–;–;–;–;–;;
FAMILIE;1998;–;8.134 ;24.825 ;0,0;0,1;1.002 ;–;0,0;–;–;–;–;–;–;–;–;–;–;–;–;–;–;–;–;–;–;–;–;–;–;–;–;–;–;–;–;–;–;–;–;–;2.293 ;21.079 ;0,0;0,2;–;–;–;–;4.839 ;3.746 ;0,7;0,5;–;–;–;–;–;–;–;–;–;–;–;–;–;–;–;–;8.134;24.825;0,0;0,1;–;–;–;–;–;–;–;–;–;–;–;–;–;–;–;–;–;–;–;–;–;–;–;–;–;–;–;–;–;–;–;–;–;–;–;–;–;–;–;–;–;–;–;–;–;–;–;–;–;–;–;–;–;–;–;–;–;–;–;–;–;;
FAMILIE;2002;–;15.138 ;30.045 ;0,0;0,1;–;–;–;–;–;–;–;–;–;–;–;–;2.189 ;–;0,1;–;–;–;–;–;–;–;–;–;–;–;–;–;–;–;–;–;–;–;–;–;4.108 ;22.820 ;0,0;0,2;–;–;–;–;8.841 ;7.225 ;1,4;1,1;–;–;–;–;–;–;–;–;–;–;–;–;–;–;–;–;12.949;30.045;0,0;0,1;2.189 ;–;0,0;–;–;–;–;–;–;–;–;–;–;–;–;–;–;–;–;–;–;–;–;–;–;–;–;–;–;–;–;–;–;–;–;–;–;–;–;–;–;–;–;–;–;–;–;–;–;–;–;–;–;–;–;–;–;–;–;–;–;;
FAMILIE;2005;–;76.064 ;191.842 ;0,2;0,4;15.410 ;45.188 ;0,3;0,8;9.287 ;45.396 ;0,1;0,6;–;–;–;–;7.199 ;–;0,5;–;–;–;–;–;–;–;–;–;1.857 ;–;0,1;–;–;–;–;–;–;–;–;–;8.645 ;42.421 ;0,1;0,4;–;25.576 ;–;1,1;15.939 ;13.002 ;2,5;2,1;–;–;–;–;–;–;–;–;12.756;20.259;0,7;1,2;4.971;–;0,3;–;63.894;191.842;0,2;0,5;12.170 ;–;0,1;–;–;–;–;–;–;–;–;–;–;–;–;–;–;–;–;–;–;–;–;–;–;–;–;–;–;–;–;–;–;–;–;–;–;–;–;–;–;–;–;–;–;–;–;–;–;–;–;–;–;–;–;–;–;–;–;–;–;;
FAMILIE;2009;–;17.848 ;120.718 ;0,0;0,3;–;–;–;–;3.921 ;44.421 ;0,1;0,7;1.416 ;–;0,1;–;–;–;–;–;–;–;–;–;–;–;–;–;–;–;–;–;–;–;–;–;–;–;–;–;5.269 ;45.106 ;0,1;0,5;3.140 ;22.279 ;0,1;1,0;4.102 ;8.912 ;0,7;1,5;–;–;–;–;–;–;–;–;–;–;–;–;–;–;–;–;17.848;120.718;0,1;0,3;–;–;–;–;–;–;–;–;–;–;–;–;–;–;–;–;–;–;–;–;–;–;–;–;–;–;–;–;–;–;–;–;–;–;–;–;–;–;–;–;–;–;–;–;–;–;–;–;–;–;–;–;–;–;–;–;–;–;–;–;–;;
FAMILIE;2013;–;4.478 ;7.449 ;0,0;0,0;–;–;–;–;–;–;–;–;–;–;–;–;–;–;–;–;–;–;–;–;–;–;–;–;–;–;–;–;–;–;–;–;1.022 ;–;0,0;–;461 ;–;0,0;–;2.995 ;–;0,1;–;–;7.449 ;–;1,3;–;–;–;–;–;–;–;–;–;–;–;–;–;–;–;–;4.478;7.449;0,0;0,0;–;–;–;–;–;–;–;–;–;–;–;–;–;–;–;–;–;–;–;–;–;–;–;–;–;–;–;–;–;–;–;–;–;–;–;–;–;–;–;–;–;–;–;–;–;–;–;–;–;–;–;–;–;–;–;–;–;–;–;–;–;;
FAMILIE;2017;–;506 ;–;0,0;–;–;–;–;–;–;–;–;–;–;–;–;–;–;–;–;–;–;–;–;–;–;–;–;–;–;–;–;–;–;–;–;–;–;–;–;–;–;–;–;–;–;–;–;–;–;–;–;–;–;–;–;–;–;–;–;–;506;–;0,0;–;–;–;–;–;506;–;0,0;–;–;–;–;–;–;–;–;–;–;–;–;–;–;–;–;–;–;–;–;–;–;–;–;–;–;–;–;–;–;–;–;–;–;–;–;–;–;–;–;–;–;–;–;–;–;–;–;–;–;–;–;–;–;–;–;–;–;–;–;–;–;;
FAMILIE;2021;einschl. Wiederholungswahl in Teilen Berlins;1.817 ;–;0,0;–;–;–;–;–;–;–;–;–;–;–;–;–;1.817 ;–;0,1;–;–;–;–;–;–;–;–;–;–;–;–;–;–;–;–;–;–;–;–;–;–;–;–;–;–;–;–;–;–;–;–;–;–;–;–;–;–;–;–;–;–;–;–;–;–;–;–;–;–;–;–;–;1.817 ;–;0,0;–;–;–;–;–;–;–;–;–;–;–;–;–;–;–;–;–;–;–;–;–;–;–;–;–;–;–;–;–;–;–;–;–;–;–;–;–;–;–;–;–;–;–;–;–;–;–;–;–;–;–;–;–;–;–;–;–;–;;
FAP;1987;–;349 ;405 ;0,0;0,0;164 ;–;0,0;–;–;–;–;–;–;–;–;–;–;–;–;–;–;405 ;–;0,1;–;–;–;–;–;–;–;–;–;–;–;–;185 ;–;0,0;–;–;–;–;–;–;–;–;–;–;–;–;–;–;–;–;–;–;–;–;–;–;–;–;–;–;–;–;–;–;–;–;–;–;–;–;–;–;–;–;–;–;–;–;–;–;–;–;–;–;–;–;–;–;–;–;–;–;–;–;–;–;–;–;–;–;–;–;–;–;–;–;–;–;–;–;–;–;–;–;–;–;–;–;–;–;–;–;–;–;–;–;–;–;;
FBU;1994;–;8.193 ;–;0,0;–;–;–;–;–;7.599 ;–;0,1;–;–;–;–;–;–;–;–;–;–;–;–;–;–;–;–;–;–;–;–;–;–;–;–;–;–;–;–;–;594 ;–;0,0;–;–;–;–;–;–;–;–;–;–;–;–;–;–;–;–;–;–;–;–;–;–;–;–;–;8.193;–;0,0;–;–;–;–;–;–;–;–;–;–;–;–;–;–;–;–;–;–;–;–;–;–;–;–;–;–;–;–;–;–;–;–;–;–;–;–;–;–;–;–;–;–;–;–;–;–;–;–;–;–;–;–;–;–;–;–;–;–;–;–;–;–;;
FDV;1957;–;–;–;–;–;–;–;–;–;–;–;–;–;–;–;–;–;–;–;–;–;–;–;–;–;–;–;–;–;–;–;–;–;–;–;–;–;–;–;–;–;–;–;–;–;–;–;–;–;–;–;–;–;–;–;–;–;–;–;–;–;–;–;–;–;–;–;–;–;–;–;–;–;–;–;–;–;1 ;–;–;–;1;–;–;–;–;–;–;–;–;–;–;–;–;–;–;–;–;–;–;–;–;–;–;–;–;–;–;–;–;–;–;–;–;–;–;–;–;–;–;–;–;–;–;–;–;–;–;–;–;–;–;–;–;;
FORUM;1998;–;6.296 ;4.543 ;0,0;0,0;–;–;–;–;–;–;–;–;–;–;–;–;–;–;–;–;–;–;–;–;–;–;–;–;–;–;–;–;–;–;–;–;–;–;–;–;–;–;–;–;–;–;–;–;–;–;–;–;1.646 ;–;0,1;–;–;–;–;–;–;–;–;–;4.650;4.543;0,3;0,3;–;–;–;–;6.296 ;4.543;0,1;0,0;–;–;–;–;–;–;–;–;–;–;–;–;–;–;–;–;–;–;–;–;–;–;–;–;–;–;–;–;–;–;–;–;–;–;–;–;–;–;–;–;–;–;–;–;–;–;–;–;–;–;–;–;–;–;–;–;–;;
FP Deutschlands;1998;–;131 ;–;0,0;–;131 ;–;0,0;–;–;–;–;–;–;–;–;–;–;–;–;–;–;–;–;–;–;–;–;–;–;–;–;–;–;–;–;–;–;–;–;–;–;–;–;–;–;–;–;–;–;–;–;–;–;–;–;–;–;–;–;–;–;–;–;–;–;–;–;–;131;–;0,0;–;–;–;–;–;–;–;–;–;–;–;–;–;–;–;–;–;–;–;–;–;–;–;–;–;–;–;–;–;–;–;–;–;–;–;–;–;–;–;–;–;–;–;–;–;–;–;–;–;–;–;–;–;–;–;–;–;–;–;–;–;–;;
FP Deutschlands;2002;–;2.003 ;–;0,0;–;–;–;–;–;–;–;–;–;–;–;–;–;–;–;–;–;–;–;–;–;–;–;–;–;–;–;–;–;–;–;–;–;–;–;–;–;–;–;–;–;–;–;–;–;–;–;–;–;2.003 ;–;0,1;–;–;–;–;–;–;–;–;–;–;–;–;–;–;–;–;–;2.003 ;–;0,0;–;–;–;–;–;–;–;–;–;–;–;–;–;–;–;–;–;–;–;–;–;–;–;–;–;–;–;–;–;–;–;–;–;–;–;–;–;–;–;–;–;–;–;–;–;–;–;–;–;–;–;–;–;–;–;–;–;–;;
FRAUEN;1987;–;–;62.904 ;–;0,2;–;15.441 ;–;0,3;–;14.841 ;–;0,2;–;–;–;–;–;–;–;–;–;771 ;–;0,2;–;1.947 ;–;0,2;–;9.591 ;–;0,3;–;–;–;–;–;–;–;–;–;15.799 ;–;0,1;–;–;–;–;–;–;–;–;–;–;–;–;–;–;–;–;–;4.514;–;0,3;–;–;–;–;–;–;–;–;–;–;–;–;–;–;–;–;–;–;–;–;–;–;–;–;–;–;–;–;–;–;–;–;–;–;–;–;–;–;–;–;–;–;–;–;–;–;–;–;–;–;–;–;–;–;–;–;–;–;–;–;–;–;–;–;–;–;–;–;–;;
FRAUEN;1990;–;1.433 ;12.077 ;0,0;0,0;–;–;–;–;–;–;–;–;–;–;–;–;–;–;–;–;–;–;–;–;–;–;–;–;–;–;–;–;–;–;–;–;405 ;–;0,0;–;1.028 ;12.077 ;0,0;0,1;–;–;–;–;–;–;–;–;–;–;–;–;–;–;–;–;–;–;–;–;–;–;–;–;1.433;12.077;0,0;0,0;–;–;–;–;–;–;–;–;–;–;–;–;–;–;–;–;–;–;–;–;–;–;–;–;–;–;–;–;–;–;–;–;–;–;–;–;–;–;–;–;–;–;–;–;–;–;–;–;–;–;–;–;–;–;–;–;–;–;–;–;–;;
Freie Union;2009;–;6.121 ;–;0,0;–;–;–;–;–;5.206 ;–;0,1;–;–;–;–;–;915 ;–;0,1;–;–;–;–;–;–;–;–;–;–;–;–;–;–;–;–;–;–;–;–;–;–;–;–;–;–;–;–;–;–;–;–;–;–;–;–;–;–;–;–;–;–;–;–;–;–;–;–;–;5.206;–;0,0;–;915 ;–;0,0;–;–;–;–;–;–;–;–;–;–;–;–;–;–;–;–;–;–;–;–;–;–;–;–;–;–;–;–;–;–;–;–;–;–;–;–;–;–;–;–;–;–;–;–;–;–;–;–;–;–;–;–;–;–;–;–;–;–;;
FREIE WÄHLER;2013;–;431.640 ;423.977 ;1,0;1,0;36.305 ;33.479 ;0,6;0,6;192.702 ;180.649 ;2,9;2,7;8.138 ;7.531 ;0,5;0,4;9.860 ;13.416 ;0,7;1,0;–;814 ;–;0,2;3.725 ;2.856 ;0,4;0,3;11.727 ;24.929 ;0,4;0,8;11.713 ;8.004 ;1,4;0,9;29.234 ;21.773 ;0,7;0,5;18.250 ;25.127 ;0,2;0,3;48.110 ;28.159 ;2,2;1,3;–;3.664 ;–;0,7;27.254 ;34.858 ;1,2;1,5;18.070 ;12.358 ;1,5;1,0;2.678;8.747;0,2;0,5;13.874;17.613;1,1;1,4;347.013;334.228;1,0;0,9;84.627 ;89.749;1,1;1,2;–;–;–;–;–;–;–;–;–;–;–;–;–;–;–;–;–;–;–;–;–;–;–;–;–;–;–;–;–;–;–;–;–;–;–;–;–;–;–;–;–;–;–;–;–;–;–;–;–;–;–;–;–;–;–;–;–;;
FREIE WÄHLER;2017;–;589.056 ;463.292 ;1,3;1,0;33.732 ;42.133 ;0,6;0,7;250.119 ;199.198 ;3,4;2,7;5.720 ;5.354 ;0,3;0,3;28.547 ;17.762 ;1,9;1,2;939 ;1.194 ;0,3;0,4;5.426 ;3.458 ;0,6;0,4;48.199 ;28.507 ;1,4;0,9;13.794 ;7.543 ;1,5;0,8;23.538 ;19.178 ;0,5;0,4;26.201 ;27.788 ;0,3;0,3;54.294 ;32.263 ;2,3;1,4;6.959 ;4.825 ;1,2;0,8;13.761 ;27.471 ;0,6;1,1;28.163 ;14.392 ;2,3;1,2;15.957;11.095;0,9;0,6;33.707;21.131;2,6;1,6;466.007;371.762;1,2;1,0;123.049 ;91.530;1,5;1,1;–;–;–;–;–;–;–;–;–;–;–;–;–;–;–;–;–;–;–;–;–;–;–;–;–;–;–;–;–;–;–;–;–;–;–;–;–;–;–;–;–;–;–;–;–;–;–;–;–;–;–;–;–;–;–;–;–;;
FREIE WÄHLER;2021;einschl. Wiederholungswahl in Teilen Berlins;1.332.710 ;1.125.667 ;2,9;2,4;143.422 ;103.611 ;2,4;1,7;587.357 ;566.880 ;7,8;7,5;12.134 ;14.953 ;0,7;0,9;47.029 ;40.509 ;3,1;2,6;3.652 ;2.911 ;1,1;0,9;6.743 ;5.601 ;0,7;0,6;81.432 ;56.155 ;2,5;1,7;17.781 ;13.344 ;1,9;1,5;47.466 ;37.214 ;1,1;0,8;97.782 ;64.990 ;1,0;0,7;116.525 ;84.396 ;5,0;3,6;14.936 ;11.746 ;2,6;2,0;66.591 ;56.654 ;2,7;2,3;32.152 ;22.509 ;2,7;1,9;26.518;17.043;1,5;1,0;31.190;27.151;2,5;2,1;1.132.061;958.486;3,0;2,5;200.649 ;167.181;2,5;2,1;–;–;–;–;–;–;–;–;–;–;–;–;–;–;–;–;–;–;–;–;–;–;–;–;–;–;–;–;–;–;–;–;–;–;–;–;–;–;–;–;–;–;–;–;–;–;–;–;–;–;–;–;–;–;–;–;–;;
FREIE WÄHLER;2025;–;1.254.565 ;769.279 ;2,5;1,5;163.869 ;86.311 ;2,6;1,4;461.198 ;345.840 ;5,8;4,3;9.141 ;6.402 ;0,5;0,3;53.057 ;23.969 ;3,2;1,5;1.758 ;1.618 ;0,5;0,5;9.714 ;3.866 ;0,9;0,4;80.795 ;46.567 ;2,3;1,3;27.571 ;10.814 ;2,7;1,1;68.432 ;37.628 ;1,4;0,8;113.892 ;52.891 ;1,1;0,5;80.572 ;52.013 ;3,3;2,1;19.458 ;8.476 ;3,3;1,4;71.775 ;40.139 ;2,8;1,6;42.363 ;18.449 ;3,2;1,4;25.139 ;13.675 ;1,3;0,7;25.831 ;20.621 ;2,0;1,6;1.027.885;651.842;2,5;1,6;226.680;117.437;2,6;1,3;–;–;–;–;–;–;–;–;–;–;–;–;–;–;–;–;–;–;–;–;–;–;–;–;–;–;–;–;–;–;–;–;–;–;–;–;–;–;–;–;–;–;–;–;–;–;–;–;–;–;–;–;–;–;–;–;–;;
FU;1957;–;295.533 ;254.322 ;1,0;0,9;–;–;–;–;212.559 ;168.210 ;4,0;3,2;–;–;–;–;–;–;–;–;–;–;–;–;–;–;–;–;–;–;–;–;–;–;–;–;13.444 ;13.549 ;0,4;0,4;69.530 ;72.563 ;0,8;0,8;–;–;–;–;–;–;–;–;–;–;–;–;–;–;–;–;–;–;–;–;–;–;–;–;–;–;–;–;–;–;–;–;–;–;–;–;–;–;–;–;–;–;–;–;–;–;–;–;–;–;–;–;–;–;–;–;–;–;–;–;–;–;–;–;–;–;–;–;–;–;–;–;–;–;–;–;–;–;–;–;–;–;–;–;–;–;–;–;–;;
FWD;2009;–;–;11.243 ;–;0,0;–;–;–;–;–;–;–;–;–;–;–;–;–;11.243 ;–;0,8;–;–;–;–;–;–;–;–;–;–;–;–;–;–;–;–;–;–;–;–;–;–;–;–;–;–;–;–;–;–;–;–;–;–;–;–;–;–;–;–;–;–;–;–;–;–;–;–;–;–;–;–;–;11.243;–;0,1;–;–;–;–;–;–;–;–;–;–;–;–;–;–;–;–;–;–;–;–;–;–;–;–;–;–;–;–;–;–;–;–;–;–;–;–;–;–;–;–;–;–;–;–;–;–;–;–;–;–;–;–;–;–;–;–;–;;
Gartenpartei;2017;Parteiname 2017: MG;2.570 ;5.617 ;0,0;0,0;–;–;–;–;–;–;–;–;–;–;–;–;–;–;–;–;–;–;–;–;–;–;–;–;–;–;–;–;–;–;–;–;–;–;–;–;–;–;–;–;–;–;–;–;–;–;–;–;–;–;–;–;2.570 ;5.617 ;0,2;0,5;–;–;–;–;–;–;–;–;–;–;–;–;2.570 ;5.617;0,0;0,1;–;–;–;–;–;–;–;–;–;–;–;–;–;–;–;–;–;–;–;–;–;–;–;–;–;–;–;–;–;–;–;–;–;–;–;–;–;–;–;–;–;–;–;–;–;–;–;–;–;–;–;–;–;–;–;–;–;;
Gartenpartei;2021;einschl. Wiederholungswahl in Teilen Berlins;2.095 ;7.611 ;0,0;0,0;–;–;–;–;–;–;–;–;–;–;–;–;–;–;–;–;–;–;–;–;–;–;–;–;–;–;–;–;–;–;–;–;–;–;–;–;–;–;–;–;–;–;–;–;–;–;–;–;–;–;–;–;2.095 ;7.611 ;0,2;0,6;–;–;–;–;–;–;–;–;–;–;–;–;2.095 ;7.611;0,0;0,1;–;–;–;–;–;–;–;–;–;–;–;–;–;–;–;–;–;–;–;–;–;–;–;–;–;–;–;–;–;–;–;–;–;–;–;–;–;–;–;–;–;–;–;–;–;–;–;–;–;–;–;–;–;–;–;–;–;;
GB/BHE;1953;–;1.613.215 ;1.616.953 ;5,9;5,9;193.207 ;193.532 ;5,4;5,4;416.016 ;417.953 ;8,2;8,2;–;–;–;–;–;–;–;–;11.317 ;11.604 ;3,1;3,3;31.348 ;26.133 ;3,0;2,5;153.882 ;163.499 ;6,0;6,4;–;–;–;–;432.646 ;406.971 ;11,5;10,8;203.203 ;213.951 ;2,5;2,7;25.744 ;26.210 ;1,5;1,5;–;–;–;–;–;–;–;–;–;–;–;–;145.852;157.100;10,8;11,6;–;–;–;–;–;–;–;–;–;–;–;–;27 ;2 ;–;–;27;2;27 ;–;27;3 ;–;3;8 ;–;8;–;–;–;–;–;–;–;–;–;–;–;–;3 ;–;3;–;–;–;7 ;–;7;3 ;–;3;–;–;–;–;–;–;–;–;–;–;–;–;3 ;–;3;–;–;–;;
GB/BHE;1957;–;1.324.636 ;1.374.066 ;4,4;4,6;171.218 ;185.214 ;4,3;4,7;362.455 ;357.119 ;6,8;6,8;–;–;–;–;–;–;–;–;7.501 ;8.162 ;1,8;2,0;14.950 ;16.757 ;1,3;1,5;149.953 ;151.972 ;5,4;5,6;–;–;–;–;285.432 ;291.163 ;7,5;7,6;207.568 ;224.928 ;2,3;2,5;25.936 ;27.775 ;1,4;1,5;1.112 ;1.466 ;0,2;0,3;–;–;–;–;–;–;–;–;98.511;109.510;7,4;8,3;–;–;–;–;–;–;–;–;–;–;–;–;–;–;–;–;–;–;–;–;–;–;–;–;–;–;–;–;–;–;–;–;–;–;–;–;–;–;–;–;–;–;–;–;–;–;–;–;–;–;–;–;–;–;–;–;–;–;–;–;–;–;–;–;–;–;–;–;–;;
GDP (DP-BHE);1961;–;859.290 ;870.756 ;2,7;2,8;111.704 ;116.611 ;2,6;2,8;214.672 ;216.160 ;3,8;3,9;–;–;–;–;–;–;–;–;17.033 ;17.498 ;3,9;4,1;11.081 ;11.848 ;0,9;1,0;114.100 ;118.965 ;3,9;4,1;–;–;–;–;253.372 ;242.219 ;6,3;6,1;78.105 ;83.131 ;0,8;0,9;7.323 ;9.766 ;0,4;0,5;1.544 ;1.738 ;0,3;0,3;–;–;–;–;–;–;–;–;50.356;52.820;3,6;3,9;–;–;–;–;–;–;–;–;–;–;–;–;–;–;–;–;–;–;–;–;–;–;–;–;–;–;–;–;–;–;–;–;–;–;–;–;–;–;–;–;–;–;–;–;–;–;–;–;–;–;–;–;–;–;–;–;–;–;–;–;–;–;–;–;–;–;–;–;–;;
GIM;1976;–;2.037 ;4.759 ;0,0;0,0;1.100 ;2.050 ;0,0;0,0;104 ;–;0,0;–;–;–;–;–;–;–;–;–;–;–;–;–;359 ;939 ;0,0;0,1;134 ;–;0,0;–;–;–;–;–;197 ;–;0,0;–;143 ;1.770 ;0,0;0,0;–;–;–;–;–;–;–;–;–;–;–;–;–;–;–;–;–;–;–;–;–;–;–;–;–;–;–;–;–;–;–;–;–;–;–;–;–;–;–;–;–;–;–;–;–;–;–;–;–;–;–;–;–;–;–;–;–;–;–;–;–;–;–;–;–;–;–;–;–;–;–;–;–;–;–;–;–;–;–;–;–;–;–;–;–;–;–;–;–;;
GPD;1969;–;–;45.401 ;–;0,1;–;2.830 ;–;0,1;–;8.485 ;–;0,1;–;–;–;–;–;–;–;–;–;–;–;–;–;–;–;–;–;18.758 ;–;0,6;–;–;–;–;–;9.732 ;–;0,2;–;4.325 ;–;0,0;–;–;–;–;–;–;–;–;–;–;–;–;–;–;–;–;–;1.271;–;0,1;–;–;–;–;–;–;–;–;–;–;–;–;–;–;–;–;–;–;–;–;–;–;–;–;–;–;–;–;–;–;–;–;–;–;–;–;–;–;–;–;–;–;–;–;–;–;–;–;–;–;–;–;–;–;–;–;–;–;–;–;–;–;–;–;–;–;–;–;–;;
GRAUE;1990;Parteiname 1990: DIE GRAUEN;218.412 ;385.910 ;0,5;0,8;15.081 ;53.901 ;0,3;1,0;23.766 ;52.514 ;0,4;0,8;19.430 ;16.882 ;1,0;0,8;–;11.340 ;–;0,8;8.493 ;6.934 ;2,1;1,7;14.817 ;11.561 ;1,5;1,2;16.437 ;30.459 ;0,5;0,9;–;7.269 ;–;0,7;18.240 ;28.401 ;0,4;0,6;68.577 ;81.123 ;0,7;0,8;5.367 ;21.279 ;0,2;0,9;5.800 ;5.215 ;0,8;0,7;9.975 ;28.898 ;0,4;1,0;3.303 ;9.431 ;0,2;0,6;3.037;10.162;0,2;0,6;6.089;10.541;0,4;0,7;189.815;311.333;0,5;0,8;28.597 ;74.577;0,3;0,8;–;–;–;–;–;–;–;–;–;–;–;–;–;–;–;–;–;–;–;–;–;–;–;–;–;–;–;–;–;–;–;–;–;–;–;–;–;–;–;–;–;–;–;–;–;–;–;–;–;–;–;–;–;–;–;–;–;;
GRAUE;1994;–;178.450 ;238.642 ;0,4;0,5;19.560 ;26.823 ;0,3;0,5;12.347 ;19.077 ;0,2;0,3;32.565 ;27.097 ;1,7;1,4;2.764 ;5.287 ;0,2;0,4;1.958 ;4.405 ;0,5;1,1;10.658 ;11.519 ;1,1;1,2;12.152 ;18.116 ;0,3;0,5;4.289 ;4.669 ;0,4;0,5;14.107 ;19.527 ;0,3;0,4;51.844 ;52.399 ;0,5;0,5;1.476 ;9.336 ;0,1;0,4;5.563 ;4.538 ;0,8;0,7;4.222 ;13.501 ;0,2;0,5;3.008 ;7.090 ;0,2;0,5;–;8.188;–;0,5;1.937;7.070;0,1;0,5;151.247;192.242;0,4;0,5;27.203 ;46.400;0,3;0,5;–;–;–;–;–;–;–;–;–;–;–;–;–;–;–;–;–;–;–;–;–;–;–;–;–;–;–;–;–;–;–;–;–;–;–;–;–;–;–;–;–;–;–;–;–;–;–;–;–;–;–;–;–;–;–;–;–;;
GRAUE;1998;–;141.763 ;152.557 ;0,3;0,3;12.866 ;16.139 ;0,2;0,3;5.145 ;11.249 ;0,1;0,2;21.204 ;17.508 ;1,1;0,9;4.419 ;5.646 ;0,3;0,4;2.121 ;1.989 ;0,5;0,5;8.530 ;5.423 ;0,9;0,6;7.880 ;9.246 ;0,2;0,3;1.420 ;2.541 ;0,1;0,2;5.983 ;8.445 ;0,1;0,2;43.292 ;34.169 ;0,4;0,3;1.551 ;6.959 ;0,1;0,3;4.452 ;3.310 ;0,6;0,5;3.837 ;11.460 ;0,1;0,4;9.168 ;7.617 ;0,6;0,5;4.483;4.977;0,3;0,3;5.412;5.879;0,3;0,4;111.031;114.337;0,3;0,3;30.732 ;38.220;0,3;0,4;–;–;–;–;–;–;–;–;–;–;–;–;–;–;–;–;–;–;–;–;–;–;–;–;–;–;–;–;–;–;–;–;–;–;–;–;–;–;–;–;–;–;–;–;–;–;–;–;–;–;–;–;–;–;–;–;–;;
GRAUE;2002;–;75.490 ;114.224 ;0,2;0,2;9.169 ;10.144 ;0,2;0,2;2.372 ;7.268 ;0,0;0,1;18.570 ;15.910 ;1,0;0,8;4.546 ;8.711 ;0,3;0,6;1.171 ;1.954 ;0,3;0,5;–;–;–;–;2.574 ;6.431 ;0,1;0,2;940 ;–;0,1;–;5.386 ;7.258 ;0,1;0,1;13.327 ;22.199 ;0,1;0,2;–;–;–;–;3.456 ;3.424 ;0,5;0,5;8.866 ;14.751 ;0,3;0,6;2.940 ;5.872 ;0,2;0,4;2.173;4.313;0,1;0,2;–;5.989;–;0,4;53.198;73.861;0,1;0,2;22.292 ;40.363;0,3;0,5;–;–;–;–;–;–;–;–;–;–;–;–;–;–;–;–;–;–;–;–;–;–;–;–;–;–;–;–;–;–;–;–;–;–;–;–;–;–;–;–;–;–;–;–;–;–;–;–;–;–;–;–;–;–;–;–;–;;
GRAUE;2005;–;6.340 ;198.601 ;0,0;0,4;6.340 ;28.430 ;0,1;0,5;–;22.380 ;–;0,3;–;35.119 ;–;1,9;–;14.847 ;–;0,9;–;3.847 ;–;1,1;–;–;–;–;–;15.213 ;–;0,5;–;6.766 ;–;0,7;–;16.910 ;–;0,4;–;37.135 ;–;0,4;–;–;–;–;–;4.337 ;–;0,7;–;–;–;–;–;–;–;–;–;–;–;–;–;13.617;–;0,9;6.340;152.802;0,0;0,4;–;45.799;–;0,5;–;–;–;–;–;–;–;–;–;–;–;–;–;–;–;–;–;–;–;–;–;–;–;–;–;–;–;–;–;–;–;–;–;–;–;–;–;–;–;–;–;–;–;–;–;–;–;–;–;–;–;–;–;–;–;–;–;;
Graue Panther;2021;einschl. Wiederholungswahl in Teilen Berlins;961 ;–;0,0;–;–;–;–;–;–;–;–;–;–;–;–;–;–;–;–;–;–;–;–;–;–;–;–;–;–;–;–;–;–;–;–;–;–;–;–;–;–;–;–;–;–;–;–;–;–;–;–;–;–;–;–;–;–;–;–;–;–;–;–;–;961;–;0,1;–;–;–;–;–;961 ;–;0,0;–;–;–;–;–;–;–;–;–;–;–;–;–;–;–;–;–;–;–;–;–;–;–;–;–;–;–;–;–;–;–;–;–;–;–;–;–;–;–;–;–;–;–;–;–;–;–;–;–;–;–;–;–;–;–;–;–;–;;
GVP;1953;–;286.465 ;318.475 ;1,0;1,2;45.892 ;55.616 ;1,3;1,5;29.405 ;31.659 ;0,6;0,6;–;–;–;–;–;–;–;–;4.917 ;5.616 ;1,4;1,6;13.160 ;12.881 ;1,3;1,2;39.949 ;44.438 ;1,5;1,7;–;–;–;–;23.544 ;23.876 ;0,6;0,6;105.099 ;117.538 ;1,3;1,5;19.077 ;20.836 ;1,1;1,2;–;–;–;–;–;–;–;–;–;–;–;–;5.422;6.015;0,4;0,4;–;–;–;–;–;–;–;–;–;–;–;–;–;–;–;–;–;–;–;–;–;–;–;–;–;–;–;–;–;–;–;–;–;–;–;–;–;–;–;–;–;–;–;–;–;–;–;–;–;–;–;–;–;–;–;–;–;–;–;–;–;–;–;–;–;–;–;–;–;;
HEIMAT;1965;Parteiname von 1964-2023: NPD;587.216 ;664.193 ;1,8;2,0;85.820 ;97.787 ;1,9;2,2;135.383 ;149.975 ;2,4;2,7;–;–;–;–;–;–;–;–;11.147 ;12.118 ;2,5;2,7;19.171 ;20.938 ;1,6;1,8;64.808 ;74.081 ;2,2;2,5;–;–;–;–;89.798 ;102.470 ;2,2;2,5;97.972 ;110.299 ;1,0;1,1;44.512 ;51.237 ;2,2;2,5;10.434 ;11.224 ;1,7;1,8;–;–;–;–;–;–;–;–;28.171;34.064;2,0;2,4;–;–;–;–;–;–;–;–;–;–;–;–;–;–;–;–;–;–;–;–;–;–;–;–;–;–;–;–;–;–;–;–;–;–;–;–;–;–;–;–;–;–;–;–;–;–;–;–;–;–;–;–;–;–;–;–;–;–;–;–;–;–;–;–;–;–;–;–;–;;
HEIMAT;1969;Parteiname von 1964-2023: NPD;1.189.375 ;1.422.010 ;3,6;4,3;171.927 ;207.900 ;3,8;4,5;257.619 ;303.828 ;4,5;5,3;–;–;–;–;–;–;–;–;17.556 ;19.723 ;4,0;4,4;33.886 ;40.814 ;2,9;3,5;132.808 ;158.705 ;4,3;5,1;–;–;–;–;156.469 ;188.272 ;3,8;4,6;243.769 ;295.972 ;2,5;3,1;93.078 ;107.780 ;4,5;5,2;30.664 ;36.104 ;4,9;5,7;–;–;–;–;–;–;–;–;51.599;62.912;3,6;4,3;–;–;–;–;–;–;–;–;–;–;–;–;–;–;–;–;–;–;–;–;–;–;–;–;–;–;–;–;–;–;–;–;–;–;–;–;–;–;–;–;–;–;–;–;–;–;–;–;–;–;–;–;–;–;–;–;–;–;–;–;–;–;–;–;–;–;–;–;–;;
HEIMAT;1972;Parteiname von 1964-2023: NPD;194.389 ;207.465 ;0,5;0,6;36.134 ;40.580 ;0,7;0,8;51.026 ;47.140 ;0,8;0,7;–;–;–;–;–;–;–;–;2.313 ;2.305 ;0,5;0,5;4.494 ;4.633 ;0,4;0,4;17.329 ;19.767 ;0,5;0,6;–;–;–;–;22.068 ;22.907 ;0,5;0,5;33.187 ;37.628 ;0,3;0,3;14.816 ;18.321 ;0,6;0,8;5.211 ;5.649 ;0,7;0,8;–;–;–;–;–;–;–;–;7.811;8.535;0,5;0,5;–;–;–;–;–;–;–;–;–;–;–;–;–;–;–;–;–;–;–;–;–;–;–;–;–;–;–;–;–;–;–;–;–;–;–;–;–;–;–;–;–;–;–;–;–;–;–;–;–;–;–;–;–;–;–;–;–;–;–;–;–;–;–;–;–;–;–;–;–;;
HEIMAT;1976;Parteiname von 1964-2023: NPD;136.028 ;122.661 ;0,4;0,3;25.201 ;23.411 ;0,5;0,4;34.617 ;29.085 ;0,5;0,4;–;–;–;–;–;–;–;–;1.664 ;1.569 ;0,4;0,3;2.714 ;2.724 ;0,2;0,2;12.797 ;11.988 ;0,4;0,3;–;–;–;–;12.128 ;12.134 ;0,3;0,3;27.243 ;23.358 ;0,2;0,2;11.176 ;10.794 ;0,5;0,4;3.543 ;3.251 ;0,5;0,4;–;–;–;–;–;–;–;–;4.945;4.347;0,3;0,3;–;–;–;–;–;–;–;–;–;–;–;–;–;–;–;–;–;–;–;–;–;–;–;–;–;–;–;–;–;–;–;–;–;–;–;–;–;–;–;–;–;–;–;–;–;–;–;–;–;–;–;–;–;–;–;–;–;–;–;–;–;–;–;–;–;–;–;–;–;;
HEIMAT;1980;Parteiname von 1964-2023: NPD;–;68.096 ;–;0,2;–;11.475 ;–;0,2;–;16.308 ;–;0,2;–;–;–;–;–;–;–;–;–;873 ;–;0,2;–;1.742 ;–;0,2;–;7.349 ;–;0,2;–;–;–;–;–;7.107 ;–;0,1;–;14.407 ;–;0,1;–;5.311 ;–;0,2;–;1.234 ;–;0,2;–;–;–;–;–;–;–;–;–;2.290;–;0,1;–;–;–;–;–;–;–;–;–;–;–;–;–;–;–;–;–;–;–;–;–;–;–;–;–;–;–;–;–;–;–;–;–;–;–;–;–;–;–;–;–;–;–;–;–;–;–;–;–;–;–;–;–;–;–;–;–;–;–;–;–;–;–;–;–;–;–;–;–;;
HEIMAT;1983;Parteiname von 1964-2023: NPD;57.112 ;91.095 ;0,1;0,2;9.774 ;18.305 ;0,2;0,3;19.569 ;20.109 ;0,3;0,3;–;–;–;–;–;–;–;–;523 ;1.190 ;0,1;0,3;298 ;1.754 ;0,0;0,2;5.408 ;9.001 ;0,1;0,2;–;–;–;–;7.919 ;9.864 ;0,2;0,2;6.666 ;19.434 ;0,1;0,2;4.224 ;6.626 ;0,2;0,3;1.444 ;1.956 ;0,2;0,3;–;–;–;–;–;–;–;–;1.287;2.856;0,1;0,2;–;–;–;–;–;–;–;–;–;–;–;–;–;–;–;–;–;–;–;–;–;–;–;–;–;–;–;–;–;–;–;–;–;–;–;–;–;–;–;–;–;–;–;–;–;–;–;–;–;–;–;–;–;–;–;–;–;–;–;–;–;–;–;–;–;–;–;–;–;;
HEIMAT;1987;Parteiname von 1964-2023: NPD;182.880 ;227.054 ;0,5;0,6;47.386 ;54.996 ;0,8;1,0;34.764 ;42.813 ;0,5;0,6;–;–;–;–;–;–;–;–;2.293 ;2.100 ;0,5;0,5;1.575 ;4.262 ;0,2;0,4;21.987 ;27.076 ;0,6;0,8;–;–;–;–;21.605 ;21.984 ;0,5;0,5;26.935 ;41.530 ;0,2;0,4;14.013 ;18.131 ;0,6;0,7;6.119 ;5.966 ;0,8;0,8;–;–;–;–;–;–;–;–;6.203;8.196;0,4;0,5;–;–;–;–;–;–;–;–;–;–;–;–;–;–;–;–;–;–;–;–;–;–;–;–;–;–;–;–;–;–;–;–;–;–;–;–;–;–;–;–;–;–;–;–;–;–;–;–;–;–;–;–;–;–;–;–;–;–;–;–;–;–;–;–;–;–;–;–;–;;
HEIMAT;1990;Parteiname von 1964-2023: NPD;190.105 ;145.776 ;0,4;0,3;37.048 ;31.738 ;0,7;0,6;21.324 ;14.218 ;0,3;0,2;2.451 ;2.170 ;0,1;0,1;4.242 ;3.089 ;0,3;0,2;1.848 ;1.664 ;0,5;0,4;2.940 ;2.767 ;0,3;0,3;29.106 ;19.082 ;0,8;0,6;7.461 ;3.164 ;0,8;0,3;17.659 ;12.747 ;0,4;0,3;36.477 ;24.637 ;0,4;0,2;8.104 ;7.973 ;0,3;0,3;4.598 ;2.130 ;0,6;0,3;5.464 ;9.514 ;0,2;0,3;–;2.704 ;–;0,2;4.506;4.206;0,3;0,3;6.877;3.973;0,5;0,3;165.053;122.564;0,4;0,3;25.052 ;23.212;0,3;0,3;–;–;–;–;–;–;–;–;–;–;–;–;–;–;–;–;–;–;–;–;–;–;–;–;–;–;–;–;–;–;–;–;–;–;–;–;–;–;–;–;–;–;–;–;–;–;–;–;–;–;–;–;–;–;–;–;–;;
HEIMAT;1998;Parteiname von 1964-2023: NPD;45.043 ;126.571 ;0,1;0,3;1.892 ;8.936 ;0,0;0,2;–;7.219 ;–;0,1;3.110 ;7.897 ;0,2;0,4;–;11.646 ;–;0,8;2.268 ;1.134 ;0,6;0,3;613 ;1.052 ;0,1;0,1;8.145 ;9.686 ;0,2;0,3;2.418 ;10.653 ;0,2;1,0;1.062 ;6.823 ;0,0;0,1;2.101 ;12.316 ;0,0;0,1;934 ;4.532 ;0,0;0,2;3.096 ;1.988 ;0,5;0,3;17.904 ;34.485 ;0,6;1,2;–;5.334 ;–;0,3;1.500;2.870;0,1;0,2;–;–;–;–;21.611;58.570;0,1;0,1;23.432 ;68.001;0,2;0,7;–;–;–;–;–;–;–;–;–;–;–;–;–;–;–;–;–;–;–;–;–;–;–;–;–;–;–;–;–;–;–;–;–;–;–;–;–;–;–;–;–;–;–;–;–;–;–;–;–;–;–;–;–;–;–;–;–;;
HEIMAT;2002;Parteiname von 1964-2023: NPD;103.209 ;215.232 ;0,2;0,4;3.499 ;16.404 ;0,1;0,3;–;16.796 ;–;0,2;10.893 ;11.260 ;0,6;0,6;10.772 ;23.271 ;0,7;1,5;1.279 ;1.801 ;0,3;0,5;4.159 ;1.956 ;0,4;0,2;11.444 ;12.613 ;0,3;0,4;1.259 ;8.190 ;0,1;0,8;6.536 ;12.905 ;0,1;0,3;3.686 ;25.883 ;0,0;0,2;5.469 ;10.321 ;0,2;0,4;6.967 ;4.449 ;1,1;0,7;26.658 ;36.814 ;1,0;1,4;5.992 ;14.296 ;0,4;1,0;2.057;4.701;0,1;0,3;2.539;13.572;0,2;0,9;45.883;111.173;0,1;0,3;57.326 ;104.059;0,7;1,2;–;–;–;–;–;–;–;–;–;–;–;–;–;–;–;–;–;–;–;–;–;–;–;–;–;–;–;–;–;–;–;–;–;–;–;–;–;–;–;–;–;–;–;–;–;–;–;–;–;–;–;–;–;–;–;–;–;;
HEIMAT;2005;Parteiname von 1964-2023: NPD;857.777 ;748.568 ;1,8;1,6;92.847 ;66.644 ;1,6;1,1;126.059 ;95.196 ;1,8;1,3;33.508 ;29.070 ;1,8;1,6;51.389 ;50.280 ;3,3;3,2;5.513 ;5.341 ;1,5;1,5;10.135 ;9.463 ;1,1;1,0;51.499 ;41.380 ;1,5;1,2;32.944 ;34.747 ;3,3;3,5;62.313 ;59.744 ;1,3;1,3;97.166 ;80.512 ;0,9;0,8;36.481 ;31.012 ;1,5;1,3;10.920 ;11.459 ;1,7;1,8;131.718 ;126.701 ;5,0;4,8;40.324 ;36.970 ;2,8;2,5;17.497;17.061;1,0;1,0;57.464;52.988;4,0;3,7;523.783;429.476;1,4;1,1;333.994 ;319.092;3,8;3,6;–;–;–;–;–;–;–;–;–;–;–;–;–;–;–;–;–;–;–;–;–;–;–;–;–;–;–;–;–;–;–;–;–;–;–;–;–;–;–;–;–;–;–;–;–;–;–;–;–;–;–;–;–;–;–;–;–;;
HEIMAT;2009;Parteiname von 1964-2023: NPD;768.442 ;635.525 ;1,8;1,5;89.204 ;61.575 ;1,6;1,1;111.662 ;87.591 ;1,7;1,3;34.488 ;27.799 ;2,0;1,6;46.792 ;35.396 ;3,4;2,6;4.626 ;3.612 ;1,4;1,1;9.181 ;7.679 ;1,0;0,9;44.260 ;35.929 ;1,4;1,1;29.801 ;28.223 ;3,4;3,3;60.811 ;53.909 ;1,4;1,2;112.709 ;88.690 ;1,2;0,9;34.514 ;26.077 ;1,6;1,2;8.033 ;7.399 ;1,4;1,3;91.451 ;89.611 ;4,1;4,0;30.183 ;26.584 ;2,5;2,2;17.139;15.848;1,1;1,0;43.588;39.603;3,5;3,2;507.774;400.531;1,4;1,1;260.668 ;234.994;3,4;3,1;–;–;–;–;–;–;–;–;–;–;–;–;–;–;–;–;–;–;–;–;–;–;–;–;–;–;–;–;–;–;–;–;–;–;–;–;–;–;–;–;–;–;–;–;–;–;–;–;–;–;–;–;–;–;–;–;–;;
HEIMAT;2013;Parteiname von 1964-2023: NPD;635.135 ;560.828 ;1,5;1,3;66.608 ;56.302 ;1,2;1,0;59.721 ;56.737 ;0,9;0,9;30.041 ;27.014 ;1,7;1,5;46.702 ;35.578 ;3,4;2,6;3.796 ;3.640 ;1,2;1,1;5.738 ;5.658 ;0,6;0,6;38.635 ;34.115 ;1,2;1,1;29.218 ;23.735 ;3,4;2,7;41.103 ;37.415 ;0,9;0,8;95.784 ;94.291 ;1,0;1,0;25.853 ;23.980 ;1,2;1,1;9.231 ;9.691 ;1,6;1,7;99.553 ;76.436 ;4,3;3,3;26.085 ;25.900 ;2,2;2,2;11.031;11.229;0,7;0,7;46.036;39.107;3,7;3,2;369.904;343.901;1,0;1,0;265.231 ;216.927;3,4;2,8;–;–;–;–;–;–;–;–;–;–;–;–;–;–;–;–;–;–;–;–;–;–;–;–;–;–;–;–;–;–;–;–;–;–;–;–;–;–;–;–;–;–;–;–;–;–;–;–;–;–;–;–;–;–;–;–;–;;
HEIMAT;2017;Parteiname von 1964-2023: NPD;45.169 ;176.020 ;0,1;0,4;2.056 ;15.745 ;0,0;0,3;583 ;20.611 ;0,0;0,3;1.951 ;–;0,1;–;1.369 ;12.993 ;0,1;0,9;487 ;863 ;0,1;0,3;1.245 ;1.799 ;0,1;0,2;4.423 ;11.904 ;0,1;0,4;7.977 ;10.408 ;0,9;1,1;–;12.034 ;–;0,3;–;21.287 ;–;0,2;1.495 ;7.025 ;0,1;0,3;947 ;3.106 ;0,2;0,5;4.079 ;28.215 ;0,2;1,1;15.364 ;9.737 ;1,2;0,8;–;4.210;–;0,2;3.193;16.083;0,2;1,2;11.498;98.584;0,0;0,3;33.671 ;77.436;0,4;0,9;–;–;–;–;–;–;–;–;–;–;–;–;–;–;–;–;–;–;–;–;–;–;–;–;–;–;–;–;–;–;–;–;–;–;–;–;–;–;–;–;–;–;–;–;–;–;–;–;–;–;–;–;–;–;–;–;–;;
HEIMAT;2021;"einschl. Wiederholungswahl in Teilen Berlins; Parteiname von 1964-2023: NPD";1.090 ;64.360 ;0,0;0,1;–;6.036 ;–;0,1;447 ;5.743 ;0,0;0,1;–;1.766 ;–;0,1;–;4.868 ;–;0,3;–;291 ;–;0,1;643 ;648 ;0,1;0,1;–;4.511 ;–;0,1;–;6.400 ;–;0,7;–;4.379 ;–;0,1;–;8.956 ;–;0,1;–;2.779 ;–;0,1;–;1.375 ;–;0,2;–;7.469 ;–;0,3;–;3.002 ;–;0,2;–;2.034;–;0,1;–;4.103;–;0,3;1.090;37.297;0,0;0,1;–;27.063;–;0,3;–;–;–;–;–;–;–;–;–;–;–;–;–;–;–;–;–;–;–;–;–;–;–;–;–;–;–;–;–;–;–;–;–;–;–;–;–;–;–;–;–;–;–;–;–;–;–;–;–;–;–;–;–;–;–;–;–;;
HP;1987;–;788 ;–;0,0;–;–;–;–;–;151 ;–;0,0;–;–;–;–;–;–;–;–;–;–;–;–;–;–;–;–;–;–;–;–;–;–;–;–;–;130 ;–;0,0;–;507 ;–;0,0;–;–;–;–;–;–;–;–;–;–;–;–;–;–;–;–;–;–;–;–;–;–;–;–;–;–;–;–;–;–;–;–;–;–;–;–;–;–;–;–;–;–;–;–;–;–;–;–;–;–;–;–;–;–;–;–;–;–;–;–;–;–;–;–;–;–;–;–;–;–;–;–;–;–;–;–;–;–;–;–;–;–;–;–;–;–;–;–;–;–;;
HP;1998;–;532 ;435 ;0,0;0,0;–;–;–;–;–;–;–;–;171 ;435 ;0,0;0,0;–;–;–;–;–;–;–;–;–;–;–;–;–;–;–;–;–;–;–;–;–;–;–;–;361 ;–;0,0;–;–;–;–;–;–;–;–;–;–;–;–;–;–;–;–;–;–;–;–;–;–;–;–;–;361;180;0,0;0,0;171 ;255;0,0;0,0;–;–;–;–;–;–;–;–;–;–;–;–;–;–;–;–;–;–;–;–;–;–;–;–;–;–;–;–;–;–;–;–;–;–;–;–;–;–;–;–;–;–;–;–;–;–;–;–;–;–;–;–;–;–;–;–;–;;
HP;2002;–;1.385 ;2.485 ;0,0;0,0;–;–;–;–;163 ;–;0,0;–;931 ;1.337 ;0,0;0,1;–;–;–;–;–;–;–;–;–;–;–;–;–;–;–;–;–;–;–;–;–;–;–;–;291 ;1.148 ;0,0;0,0;–;–;–;–;–;–;–;–;–;–;–;–;–;–;–;–;–;–;–;–;–;–;–;–;454;1.684;0,0;0,0;931 ;801;0,0;0,0;–;–;–;–;–;–;–;–;–;–;–;–;–;–;–;–;–;–;–;–;–;–;–;–;–;–;–;–;–;–;–;–;–;–;–;–;–;–;–;–;–;–;–;–;–;–;–;–;–;–;–;–;–;–;–;–;–;;
HP;2005;–;2.029 ;–;0,0;–;–;–;–;–;374 ;–;0,0;–;754 ;–;0,0;–;–;–;–;–;–;–;–;–;–;–;–;–;–;–;–;–;–;–;–;–;–;–;–;–;901 ;–;0,0;–;–;–;–;–;–;–;–;–;–;–;–;–;–;–;–;–;–;–;–;–;–;–;–;–;1.331;–;0,0;–;698 ;–;0,0;–;–;–;–;–;–;–;–;–;–;–;–;–;–;–;–;–;–;–;–;–;–;–;–;–;–;–;–;–;–;–;–;–;–;–;–;–;–;–;–;–;–;–;–;–;–;–;–;–;–;–;–;–;–;–;–;–;–;;
HUMANWIRTSCHAFTSPARTEI;1965;Parteiname 1965-1998: FSU;6.287 ;10.631 ;0,0;0,0;536 ;–;0,0;–;235 ;–;0,0;–;–;–;–;–;–;–;–;–;–;–;–;–;1.465 ;1.628 ;0,1;0,1;–;–;–;–;–;–;–;–;1.153 ;2.634 ;0,0;0,1;2.746 ;6.369 ;0,0;0,1;–;–;–;–;–;–;–;–;–;–;–;–;–;–;–;–;152;–;0,0;–;–;–;–;–;–;–;–;–;–;–;–;–;–;–;–;–;–;–;–;–;–;–;–;–;–;–;–;–;–;–;–;–;–;–;–;–;–;–;–;–;–;–;–;–;–;–;–;–;–;–;–;–;–;–;–;–;–;–;–;–;–;–;–;–;–;–;–;–;–;;
HUMANWIRTSCHAFTSPARTEI;1969;Parteiname 1965-1998: FSU;10.192 ;16.371 ;0,0;0,0;430 ;2.534 ;0,0;0,1;557 ;2.454 ;0,0;0,0;–;–;–;–;–;–;–;–;–;450 ;–;0,1;1.305 ;1.510 ;0,1;0,1;–;–;–;–;–;–;–;–;2.128 ;2.688 ;0,1;0,1;5.409 ;6.735 ;0,1;0,1;–;–;–;–;–;–;–;–;–;–;–;–;–;–;–;–;363;–;0,0;–;–;–;–;–;–;–;–;–;–;–;–;–;–;–;–;–;–;–;–;–;–;–;–;–;–;–;–;–;–;–;–;–;–;–;–;–;–;–;–;–;–;–;–;–;–;–;–;–;–;–;–;–;–;–;–;–;–;–;–;–;–;–;–;–;–;–;–;–;–;;
HUMANWIRTSCHAFTSPARTEI;1972;Parteiname 1965-1998: FSU;1.864 ;3.166 ;0,0;0,0;278 ;–;0,0;–;420 ;–;0,0;–;–;–;–;–;–;–;–;–;–;–;–;–;209 ;480 ;0,0;0,0;–;–;–;–;–;–;–;–;83 ;–;0,0;–;510 ;2.686 ;0,0;0,0;–;–;–;–;–;–;–;–;–;–;–;–;–;–;–;–;364;–;0,0;–;–;–;–;–;–;–;–;–;–;–;–;–;–;–;–;–;–;–;–;–;–;–;–;–;–;–;–;–;–;–;–;–;–;–;–;–;–;–;–;–;–;–;–;–;–;–;–;–;–;–;–;–;–;–;–;–;–;–;–;–;–;–;–;–;–;–;–;–;–;;
HUMANWIRTSCHAFTSPARTEI;1987;Parteiname 1965-1998: FSU;110 ;–;0,0;–;–;–;–;–;–;–;–;–;–;–;–;–;–;–;–;–;–;–;–;–;–;–;–;–;–;–;–;–;–;–;–;–;–;–;–;–;–;–;–;–;–;–;–;–;–;–;–;–;–;–;–;–;–;–;–;–;110;–;0,0;–;–;–;–;–;–;–;–;–;–;–;–;–;–;–;–;–;–;–;–;–;–;–;–;–;–;–;–;–;–;–;–;–;–;–;–;–;–;–;–;–;–;–;–;–;–;–;–;–;–;–;–;–;–;–;–;–;–;–;–;–;–;–;–;–;–;–;–;–;–;;
HUMANWIRTSCHAFTSPARTEI;1994;Parteiname 1965-1998: FSU;467 ;–;0,0;–;–;–;–;–;–;–;–;–;–;–;–;–;–;–;–;–;–;–;–;–;–;–;–;–;–;–;–;–;–;–;–;–;–;–;–;–;–;–;–;–;–;–;–;–;–;–;–;–;–;–;–;–;–;–;–;–;467;–;0,0;–;–;–;–;–;467;–;0,0;–;–;–;–;–;–;–;–;–;–;–;–;–;–;–;–;–;–;–;–;–;–;–;–;–;–;–;–;–;–;–;–;–;–;–;–;–;–;–;–;–;–;–;–;–;–;–;–;–;–;–;–;–;–;–;–;–;–;–;–;–;–;;
HUMANWIRTSCHAFTSPARTEI;1998;Parteiname 1965-1998: FSU;763 ;–;0,0;–;–;–;–;–;–;–;–;–;–;–;–;–;–;–;–;–;–;–;–;–;103 ;–;0,0;–;–;–;–;–;–;–;–;–;168 ;–;0,0;–;–;–;–;–;–;–;–;–;–;–;–;–;–;–;–;–;–;–;–;–;492;–;0,0;–;–;–;–;–;763;–;0,0;–;–;–;–;–;–;–;–;–;–;–;–;–;–;–;–;–;–;–;–;–;–;–;–;–;–;–;–;–;–;–;–;–;–;–;–;–;–;–;–;–;–;–;–;–;–;–;–;–;–;–;–;–;–;–;–;–;–;–;–;–;–;;
HUMANWIRTSCHAFTSPARTEI;2005;–;639 ;–;0,0;–;–;–;–;–;–;–;–;–;–;–;–;–;–;–;–;–;–;–;–;–;–;–;–;–;–;–;–;–;–;–;–;–;–;–;–;–;–;–;–;–;–;–;–;–;–;–;–;–;639 ;–;0,0;–;–;–;–;–;–;–;–;–;–;–;–;–;–;–;–;–;639 ;–;0,0;–;–;–;–;–;–;–;–;–;–;–;–;–;–;–;–;–;–;–;–;–;–;–;–;–;–;–;–;–;–;–;–;–;–;–;–;–;–;–;–;–;–;–;–;–;–;–;–;–;–;–;–;–;–;–;–;–;–;;
KBW;1976;–;21.414 ;20.018 ;0,1;0,1;4.626 ;3.842 ;0,1;0,1;–;–;–;–;–;–;–;–;–;–;–;–;2.022 ;1.647 ;0,4;0,3;1.193 ;949 ;0,1;0,1;3.908 ;3.327 ;0,1;0,1;–;–;–;–;4.544 ;3.979 ;0,1;0,1;3.038 ;3.903 ;0,0;0,0;994 ;1.046 ;0,0;0,0;–;–;–;–;–;–;–;–;–;–;–;–;1.089;1.325;0,1;0,1;–;–;–;–;–;–;–;–;–;–;–;–;–;–;–;–;–;–;–;–;–;–;–;–;–;–;–;–;–;–;–;–;–;–;–;–;–;–;–;–;–;–;–;–;–;–;–;–;–;–;–;–;–;–;–;–;–;–;–;–;–;–;–;–;–;–;–;–;–;;
KBW;1980;–;12.008 ;8.174 ;0,0;0,0;2.033 ;1.278 ;0,0;0,0;655 ;721 ;0,0;0,0;–;–;–;–;–;–;–;–;507 ;406 ;0,1;0,1;583 ;403 ;0,1;0,0;1.647 ;1.263 ;0,0;0,0;–;–;–;–;2.648 ;1.486 ;0,1;0,0;2.454 ;1.664 ;0,0;0,0;629 ;532 ;0,0;0,0;104 ;–;0,0;–;–;–;–;–;–;–;–;–;748;421;0,0;0,0;–;–;–;–;–;–;–;–;–;–;–;–;–;–;–;–;–;–;–;–;–;–;–;–;–;–;–;–;–;–;–;–;–;–;–;–;–;–;–;–;–;–;–;–;–;–;–;–;–;–;–;–;–;–;–;–;–;–;–;–;–;–;–;–;–;–;–;–;–;;
KlimalisteBW;2021;einschl. Wiederholungswahl in Teilen Berlins;3.967 ;–;0,0;–;3.967 ;–;0,1;–;–;–;–;–;–;–;–;–;–;–;–;–;–;–;–;–;–;–;–;–;–;–;–;–;–;–;–;–;–;–;–;–;–;–;–;–;–;–;–;–;–;–;–;–;–;–;–;–;–;–;–;–;–;–;–;–;–;–;–;–;3.967;–;0,0;–;–;–;–;–;–;–;–;–;–;–;–;–;–;–;–;–;–;–;–;–;–;–;–;–;–;–;–;–;–;–;–;–;–;–;–;–;–;–;–;–;–;–;–;–;–;–;–;–;–;–;–;–;–;–;–;–;–;–;–;–;–;;
KPD;1949;aufgelöst 1956;1.361.706 ;1.361.706 ;5,7;5,7;175.911 ;175.911 ;6,4;6,4;195.852 ;195.852 ;4,1;4,1;–;–;–;–;–;–;–;–;20.530 ;20.530 ;6,8;6,8;76.747 ;76.747 ;8,5;8,5;142.539 ;142.539 ;6,7;6,7;–;–;–;–;104.132 ;104.132 ;3,1;3,1;513.225 ;513.225 ;7,6;7,6;89.026 ;89.026 ;6,2;6,2;–;–;–;–;–;–;–;–;–;–;–;–;43.744;43.744;3,1;3,1;–;–;–;–;–;–;–;–;–;–;–;–;15 ;1 ;–;–;15;1;15 ;–;15;2 ;–;2;–;–;–;–;–;–;–;–;–;–;–;–;1 ;–;1;2 ;–;2;–;–;–;–;–;–;9 ;–;9;1 ;–;1;–;–;–;–;–;–;–;–;–;–;–;–;–;–;–;;
KPD;1953;aufgelöst 1956;611.317 ;607.860 ;2,2;2,2;82.673 ;81.635 ;2,3;2,3;83.600 ;81.542 ;1,6;1,6;–;–;–;–;–;–;–;–;13.992 ;13.885 ;3,9;3,9;41.108 ;40.278 ;3,9;3,8;64.130 ;63.937 ;2,5;2,5;–;–;–;–;40.315 ;40.091 ;1,1;1,1;227.366 ;228.592 ;2,8;2,9;41.723 ;41.090 ;2,4;2,3;–;–;–;–;–;–;–;–;–;–;–;–;16.410;16.810;1,2;1,2;–;–;–;–;–;–;–;–;–;–;–;–;–;–;–;–;–;–;–;–;–;–;–;–;–;–;–;–;–;–;–;–;–;–;–;–;–;–;–;–;–;–;–;–;–;–;–;–;–;–;–;–;–;–;–;–;–;–;–;–;–;–;–;–;–;–;–;–;–;;
KPD;1976;gegründet 1970;8.822 ;22.714 ;0,0;0,1;772 ;2.881 ;0,0;0,1;2.376 ;4.611 ;0,0;0,1;–;–;–;–;–;–;–;–;515 ;584 ;0,1;0,1;1.055 ;1.143 ;0,1;0,1;822 ;2.568 ;0,0;0,1;–;–;–;–;410 ;2.297 ;0,0;0,0;2.426 ;6.179 ;0,0;0,1;261 ;1.618 ;0,0;0,1;–;–;–;–;–;–;–;–;–;–;–;–;185;833;0,0;0,0;–;–;–;–;–;–;–;–;–;–;–;–;–;–;–;–;–;–;–;–;–;–;–;–;–;–;–;–;–;–;–;–;–;–;–;–;–;–;–;–;–;–;–;–;–;–;–;–;–;–;–;–;–;–;–;–;–;–;–;–;–;–;–;–;–;–;–;–;–;;
KPD;1983;Marxisisten-Leninisten;–;3.431 ;–;0,0;–;–;–;–;–;–;–;–;–;–;–;–;–;–;–;–;–;198 ;–;0,0;–;305 ;–;0,0;–;–;–;–;–;–;–;–;–;–;–;–;–;2.441 ;–;0,0;–;–;–;–;–;–;–;–;–;–;–;–;–;–;–;–;–;487;–;0,0;–;–;–;–;–;–;–;–;–;–;–;–;–;–;–;–;–;–;–;–;–;–;–;–;–;–;–;–;–;–;–;–;–;–;–;–;–;–;–;–;–;–;–;–;–;–;–;–;–;–;–;–;–;–;–;–;–;–;–;–;–;–;–;–;–;–;–;–;–;;
KPD (Ost);1990;gegründet 1990;–;1.630 ;–;0,0;–;–;–;–;–;–;–;–;–;410 ;–;0,0;–;–;–;–;–;–;–;–;–;–;–;–;–;–;–;–;–;–;–;–;–;–;–;–;–;–;–;–;–;–;–;–;–;–;–;–;–;1.220 ;–;0,0;–;–;–;–;–;–;–;–;–;–;–;–;–;160;–;0,0;–;1.470;–;0,0;–;–;–;–;–;–;–;–;–;–;–;–;–;–;–;–;–;–;–;–;–;–;–;–;–;–;–;–;–;–;–;–;–;–;–;–;–;–;–;–;–;–;–;–;–;–;–;–;–;–;–;–;–;–;–;–;–;;
KPD (Ost);1994;gegründet 1990;426 ;–;0,0;–;–;–;–;–;–;–;–;–;266 ;–;0,0;–;–;–;–;–;–;–;–;–;–;–;–;–;–;–;–;–;–;–;–;–;–;–;–;–;–;–;–;–;–;–;–;–;–;–;–;–;–;–;–;–;–;–;–;–;–;–;–;–;160;–;0,0;–;–;–;–;–;426 ;–;0,0;–;–;–;–;–;–;–;–;–;–;–;–;–;–;–;–;–;–;–;–;–;–;–;–;–;–;–;–;–;–;–;–;–;–;–;–;–;–;–;–;–;–;–;–;–;–;–;–;–;–;–;–;–;–;–;–;–;–;;
KPD (Ost);2002;gegründet 1990;686 ;1.624 ;0,0;0,0;–;–;–;–;–;–;–;–;686 ;1.624 ;0,0;0,1;–;–;–;–;–;–;–;–;–;–;–;–;–;–;–;–;–;–;–;–;–;–;–;–;–;–;–;–;–;–;–;–;–;–;–;–;–;–;–;–;–;–;–;–;–;–;–;–;–;–;–;–;–;394;–;0,0;686 ;1.230;0,0;0,0;–;–;–;–;–;–;–;–;–;–;–;–;–;–;–;–;–;–;–;–;–;–;–;–;–;–;–;–;–;–;–;–;–;–;–;–;–;–;–;–;–;–;–;–;–;–;–;–;–;–;–;–;–;–;–;–;–;;
LD;1994;–;221 ;–;0,0;–;–;–;–;–;221 ;–;0,0;–;–;–;–;–;–;–;–;–;–;–;–;–;–;–;–;–;–;–;–;–;–;–;–;–;–;–;–;–;–;–;–;–;–;–;–;–;–;–;–;–;–;–;–;–;–;–;–;–;–;–;–;–;–;–;–;–;221;–;0,0;–;–;–;–;–;–;–;–;–;–;–;–;–;–;–;–;–;–;–;–;–;–;–;–;–;–;–;–;–;–;–;–;–;–;–;–;–;–;–;–;–;–;–;–;–;–;–;–;–;–;–;–;–;–;–;–;–;–;–;–;–;–;;
LfK;2021;einschl. Wiederholungswahl in Teilen Berlins;–;9.189 ;–;0,0;–;–;–;–;–;–;–;–;–;–;–;–;–;–;–;–;–;–;–;–;–;–;–;–;–;–;–;–;–;–;–;–;–;–;–;–;–;9.189 ;–;0,1;–;–;–;–;–;–;–;–;–;–;–;–;–;–;–;–;–;–;–;–;–;–;–;–;–;9.189;–;0,0;–;–;–;–;–;–;–;–;–;–;–;–;–;–;–;–;–;–;–;–;–;–;–;–;–;–;–;–;–;–;–;–;–;–;–;–;–;–;–;–;–;–;–;–;–;–;–;–;–;–;–;–;–;–;–;–;–;–;–;–;–;;
LIEBE;2021;einschl. Wiederholungswahl in Teilen Berlins;873 ;12.967 ;0,0;0,0;–;–;–;–;–;–;–;–;–;–;–;–;–;–;–;–;–;–;–;–;–;–;–;–;–;–;–;–;–;–;–;–;–;–;–;–;873 ;12.967 ;0,0;0,1;–;–;–;–;–;–;–;–;–;–;–;–;–;–;–;–;–;–;–;–;–;–;–;–;873;12.967;0,0;0,0;–;–;–;–;–;–;–;–;–;–;–;–;–;–;–;–;–;–;–;–;–;–;–;–;–;–;–;–;–;–;–;–;–;–;–;–;–;–;–;–;–;–;–;–;–;–;–;–;–;–;–;–;–;–;–;–;–;–;–;–;–;;
LIGA;1990;–;8.667 ;39.640 ;0,0;0,1;721 ;14.996 ;0,0;0,3;2.779 ;10.642 ;0,0;0,2;–;–;–;–;–;1.598 ;–;0,1;–;–;–;–;–;–;–;–;–;–;–;–;–;–;–;–;–;–;–;–;–;–;–;–;–;–;–;–;–;–;–;–;5.167 ;10.082 ;0,2;0,4;–;–;–;–;–;–;–;–;–;2.322;–;0,2;3.500;25.638;0,0;0,1;5.167 ;14.002;0,1;0,2;–;–;–;–;–;–;–;–;–;–;–;–;–;–;–;–;–;–;–;–;–;–;–;–;–;–;–;–;–;–;–;–;–;–;–;–;–;–;–;–;–;–;–;–;–;–;–;–;–;–;–;–;–;–;–;–;–;;
LIGA;1994;–;3.788 ;5.195 ;0,0;0,0;400 ;–;0,0;–;3.388 ;5.195 ;0,1;0,1;–;–;–;–;–;–;–;–;–;–;–;–;–;–;–;–;–;–;–;–;–;–;–;–;–;–;–;–;–;–;–;–;–;–;–;–;–;–;–;–;–;–;–;–;–;–;–;–;–;–;–;–;–;–;–;–;3.788;5.195;0,0;0,0;–;–;–;–;–;–;–;–;–;–;–;–;–;–;–;–;–;–;–;–;–;–;–;–;–;–;–;–;–;–;–;–;–;–;–;–;–;–;–;–;–;–;–;–;–;–;–;–;–;–;–;–;–;–;–;–;–;–;–;–;–;;
MENSCHLICHE WELT;2017;–;2.205 ;11.661 ;0,0;0,0;652 ;7.612 ;0,0;0,1;–;–;–;–;766 ;3.144 ;0,0;0,2;–;–;–;–;787 ;905 ;0,2;0,3;–;–;–;–;–;–;–;–;–;–;–;–;–;–;–;–;–;–;–;–;–;–;–;–;–;–;–;–;–;–;–;–;–;–;–;–;–;–;–;–;–;–;–;–;2.205;10.367;0,0;0,0;–;1.294;–;0,0;–;–;–;–;–;–;–;–;–;–;–;–;–;–;–;–;–;–;–;–;–;–;–;–;–;–;–;–;–;–;–;–;–;–;–;–;–;–;–;–;–;–;–;–;–;–;–;–;–;–;–;–;–;–;–;–;–;;
MENSCHLICHE WELT;2021;einschl. Wiederholungswahl in Teilen Berlins;652 ;3.786 ;0,0;0,0;351 ;–;0,0;–;–;–;–;–;301 ;–;0,0;–;–;–;–;–;–;386 ;–;0,1;–;–;–;–;–;–;–;–;–;–;–;–;–;–;–;–;–;–;–;–;–;–;–;–;–;–;–;–;–;–;–;–;–;–;–;–;–;–;–;–;–;3.400;–;0,3;652;386;0,0;0,0;–;3.400;–;0,0;–;–;–;–;–;–;–;–;–;–;–;–;–;–;–;–;–;–;–;–;–;–;–;–;–;–;–;–;–;–;–;–;–;–;–;–;–;–;–;–;–;–;–;–;–;–;–;–;–;–;–;–;–;–;–;–;–;;
MENSCHLICHE WELT;2025;–;–;694 ;–;0,0;–;–;–;–;–;–;–;–;–;–;–;–;–;–;–;–;–;694 ;–;0,2;–;–;–;–;–;–;–;–;–;–;–;–;–;–;–;–;–;–;–;–;–;–;–;–;–;–;–;–;–;–;–;–;–;–;–;–;–;–;–;–;–;–;–;–;–;694;–;0,0;–;–;–;–;–;–;–;–;–;–;–;–;–;–;–;–;–;–;–;–;–;–;–;–;–;–;–;–;–;–;–;–;–;–;–;–;–;–;–;–;–;–;–;–;–;–;–;–;–;–;–;–;–;–;–;–;–;–;–;–;–;;
MERA25;2025;–;658 ;6.994 ;0,0;0,0;–;–;–;–;–;–;–;–;658 ;2.439 ;0,0;0,1;–;–;–;–;–;260 ;–;0,1;–;–;–;–;–;–;–;–;–;–;–;–;–;–;–;–;–;4.295 ;–;0,0;–;–;–;–;–;–;–;–;–;–;–;–;–;–;–;–;–;–;–;–;–;–;–;–;481;6.165;0,0;0,0;177;829;0,0;0,0;–;–;–;–;–;–;–;–;–;–;–;–;–;–;–;–;–;–;–;–;–;–;–;–;–;–;–;–;–;–;–;–;–;–;–;–;–;–;–;–;–;–;–;–;–;–;–;–;–;–;–;–;–;–;–;–;–;;
MIETERPARTEI;2017;–;1.352 ;–;0,0;–;–;–;–;–;–;–;–;–;1.352 ;–;0,1;–;–;–;–;–;–;–;–;–;–;–;–;–;–;–;–;–;–;–;–;–;–;–;–;–;–;–;–;–;–;–;–;–;–;–;–;–;–;–;–;–;–;–;–;–;–;–;–;–;–;–;–;–;636;–;0,0;–;716 ;–;0,0;–;–;–;–;–;–;–;–;–;–;–;–;–;–;–;–;–;–;–;–;–;–;–;–;–;–;–;–;–;–;–;–;–;–;–;–;–;–;–;–;–;–;–;–;–;–;–;–;–;–;–;–;–;–;–;–;–;–;;
Mittelstand;1957;–;3.024 ;36.592 ;0,0;0,1;–;–;–;–;–;12.520 ;–;0,2;–;–;–;–;–;–;–;–;–;–;–;–;–;–;–;–;–;–;–;–;–;–;–;–;–;9.660 ;–;0,3;3.024 ;14.412 ;0,0;0,2;–;–;–;–;–;–;–;–;–;–;–;–;–;–;–;–;–;–;–;–;–;–;–;–;–;–;–;–;–;–;–;–;–;–;–;–;–;–;–;–;–;–;–;–;–;–;–;–;–;–;–;–;–;–;–;–;–;–;–;–;–;–;–;–;–;–;–;–;–;–;–;–;–;–;–;–;–;–;–;–;–;–;–;–;–;–;–;–;–;;
MLPD;1987;–;596 ;13.422 ;0,0;0,0;–;3.512 ;–;0,1;–;1.607 ;–;0,0;–;–;–;–;–;–;–;–;–;137 ;–;0,0;–;335 ;–;0,0;–;1.120 ;–;0,0;–;–;–;–;–;1.174 ;–;0,0;596 ;3.579 ;0,0;0,0;–;1.025 ;–;0,0;–;448 ;–;0,1;–;–;–;–;–;–;–;–;–;485;–;0,0;–;–;–;–;–;–;–;–;–;–;–;–;–;–;–;–;–;–;–;–;–;–;–;–;–;–;–;–;–;–;–;–;–;–;–;–;–;–;–;–;–;–;–;–;–;–;–;–;–;–;–;–;–;–;–;–;–;–;–;–;–;–;–;–;–;–;–;–;–;;
MLPD;1994;–;4.932 ;10.038 ;0,0;0,0;1.847 ;1.901 ;0,0;0,0;267 ;809 ;0,0;0,0;320 ;518 ;0,0;0,0;–;399 ;–;0,0;–;95 ;–;0,0;271 ;214 ;0,0;0,0;–;582 ;–;0,0;–;322 ;–;0,0;–;559 ;–;0,0;2.101 ;2.125 ;0,0;0,0;–;328 ;–;0,0;–;180 ;–;0,0;126 ;819 ;0,0;0,0;–;389 ;–;0,0;–;328;–;0,0;–;470;–;0,0;4.672;7.399;0,0;0,0;260 ;2.639;0,0;0,0;–;–;–;–;–;–;–;–;–;–;–;–;–;–;–;–;–;–;–;–;–;–;–;–;–;–;–;–;–;–;–;–;–;–;–;–;–;–;–;–;–;–;–;–;–;–;–;–;–;–;–;–;–;–;–;–;–;;
MLPD;1998;–;7.208 ;4.731 ;0,0;0,0;1.536 ;1.563 ;0,0;0,0;172 ;646 ;0,0;0,0;286 ;470 ;0,0;0,0;331 ;–;0,0;–;150 ;–;0,0;–;266 ;–;0,0;–;221 ;–;0,0;–;242 ;–;0,0;–;103 ;–;0,0;–;3.226 ;2.052 ;0,0;0,0;–;–;–;–;72 ;–;0,0;–;174 ;–;0,0;–;–;–;–;–;–;–;–;–;429;–;0,0;–;5.926;4.531;0,0;0,0;1.282 ;200;0,0;0,0;–;–;–;–;–;–;–;–;–;–;–;–;–;–;–;–;–;–;–;–;–;–;–;–;–;–;–;–;–;–;–;–;–;–;–;–;–;–;–;–;–;–;–;–;–;–;–;–;–;–;–;–;–;–;–;–;–;;
MLPD;2005;–;16.480 ;45.238 ;0,0;0,1;2.287 ;5.579 ;0,0;0,1;218 ;3.448 ;0,0;0,0;296 ;1.254 ;0,0;0,1;–;3.514 ;–;0,2;–;283 ;–;0,1;–;441 ;–;0,0;839 ;1.725 ;0,0;0,1;1.179 ;2.949 ;0,1;0,3;440 ;1.911 ;0,0;0,0;4.625 ;5.815 ;0,0;0,1;437 ;1.680 ;0,0;0,1;223 ;686 ;0,0;0,1;644 ;3.742 ;0,0;0,1;3.697 ;5.412 ;0,3;0,4;–;1.131;–;0,1;1.595;5.668;0,1;0,4;9.365;23.247;0,0;0,1;7.115 ;21.991;0,1;0,2;–;–;–;–;–;–;–;–;–;–;–;–;–;–;–;–;–;–;–;–;–;–;–;–;–;–;–;–;–;–;–;–;–;–;–;–;–;–;–;–;–;–;–;–;–;–;–;–;–;–;–;–;–;–;–;–;–;;
MLPD;2009;–;17.512 ;29.261 ;0,0;0,1;3.007 ;3.640 ;0,1;0,1;540 ;1.769 ;0,0;0,0;901 ;1.111 ;0,1;0,1;–;1.621 ;–;0,1;343 ;216 ;0,1;0,1;158 ;445 ;0,0;0,1;489 ;1.137 ;0,0;0,0;554 ;1.730 ;0,1;0,2;294 ;1.353 ;0,0;0,0;6.636 ;4.268 ;0,1;0,0;210 ;650 ;0,0;0,0;323 ;252 ;0,1;0,0;436 ;5.281 ;0,0;0,2;3.039 ;3.181 ;0,3;0,3;–;616;–;0,0;582;1.991;0,0;0,2;12.503;14.859;0,0;0,0;5.009 ;14.402;0,1;0,2;–;–;–;–;–;–;–;–;–;–;–;–;–;–;–;–;–;–;–;–;–;–;–;–;–;–;–;–;–;–;–;–;–;–;–;–;–;–;–;–;–;–;–;–;–;–;–;–;–;–;–;–;–;–;–;–;–;;
MLPD;2013;–;12.904 ;24.219 ;0,0;0,1;2.099 ;2.941 ;0,0;0,1;448 ;1.757 ;0,0;0,0;618 ;1.410 ;0,0;0,1;–;1.581 ;–;0,1;207 ;156 ;0,1;0,0;135 ;423 ;0,0;0,0;325 ;1.071 ;0,0;0,0;1.036 ;1.166 ;0,1;0,1;259 ;1.267 ;0,0;0,0;4.599 ;4.600 ;0,0;0,0;281 ;859 ;0,0;0,0;267 ;361 ;0,0;0,1;554 ;2.564 ;0,0;0,1;1.241 ;1.798 ;0,1;0,2;–;521;–;0,0;835;1.744;0,1;0,1;8.985;14.613;0,0;0,0;3.919 ;9.606;0,1;0,1;–;–;–;–;–;–;–;–;–;–;–;–;–;–;–;–;–;–;–;–;–;–;–;–;–;–;–;–;–;–;–;–;–;–;–;–;–;–;–;–;–;–;–;–;–;–;–;–;–;–;–;–;–;–;–;–;–;;
MLPD;2017;–;35.760 ;29.785 ;0,1;0,1;7.045 ;4.276 ;0,1;0,1;2.309 ;2.213 ;0,0;0,0;1.843 ;1.617 ;0,1;0,1;772 ;1.277 ;0,1;0,1;500 ;273 ;0,2;0,1;1.123 ;688 ;0,1;0,1;1.869 ;1.627 ;0,1;0,0;1.666 ;1.366 ;0,2;0,1;1.522 ;1.616 ;0,0;0,0;10.466 ;6.425 ;0,1;0,1;581 ;842 ;0,0;0,0;572 ;427 ;0,1;0,1;779 ;2.566 ;0,0;0,1;2.039 ;1.847 ;0,2;0,1;1.381;823;0,1;0,0;1.293;1.902;0,1;0,1;28.356;20.133;0,1;0,1;7.404 ;9.652;0,1;0,1;–;–;–;–;–;–;–;–;–;–;–;–;–;–;–;–;–;–;–;–;–;–;–;–;–;–;–;–;–;–;–;–;–;–;–;–;–;–;–;–;–;–;–;–;–;–;–;–;–;–;–;–;–;–;–;–;–;;
MLPD;2021;einschl. Wiederholungswahl in Teilen Berlins;22.535 ;17.820 ;0,0;0,0;3.541 ;2.248 ;0,1;0,0;1.258 ;1.251 ;0,0;0,0;1.122 ;750 ;0,1;0,0;304 ;842 ;0,0;0,1;266 ;160 ;0,1;0,0;962 ;348 ;0,1;0,0;969 ;906 ;0,0;0,0;1.270 ;709 ;0,1;0,1;750 ;808 ;0,0;0,0;5.894 ;3.476 ;0,1;0,0;157 ;469 ;0,0;0,0;201 ;357 ;0,0;0,1;1.081 ;1.562 ;0,0;0,1;620 ;1.042 ;0,1;0,1;265;322;0,0;0,0;3.875;2.570;0,3;0,2;14.746;10.673;0,0;0,0;7.789 ;7.147;0,1;0,1;–;–;–;–;–;–;–;–;–;–;–;–;–;–;–;–;–;–;–;–;–;–;–;–;–;–;–;–;–;–;–;–;–;–;–;–;–;–;–;–;–;–;–;–;–;–;–;–;–;–;–;–;–;–;–;–;–;;
MLPD;2025;–;24.218 ;19.551 ;0,0;0,0;3.574 ;2.379 ;0,1;0,0;890 ;1.652 ;0,0;0,0;1.244 ;925 ;0,1;0,0;–;1.119 ;–;0,1;736 ;207 ;0,2;0,1;1.642 ;528 ;0,2;0,1;1.448 ;1.170 ;0,0;0,0;1.284 ;842 ;0,1;0,1;1.334 ;1.242 ;0,0;0,0;7.435 ;4.045 ;0,1;0,0;–;571 ;–;0,0;556 ;304 ;0,1;0,1;772 ;1.116 ;0,0;0,0;1.339 ;1.132 ;0,1;0,1;286 ;576 ;0,0;0,0;1.678 ;1.743 ;0,1;0,1;18.676;13.148;0,0;0,0;5.542;6.403;0,1;0,1;–;–;–;–;–;–;–;–;–;–;–;–;–;–;–;–;–;–;–;–;–;–;–;–;–;–;–;–;–;–;–;–;–;–;–;–;–;–;–;–;–;–;–;–;–;–;–;–;–;–;–;–;–;–;–;–;–;;
Mündige Bürger;1987;–;611 ;24.630 ;0,0;0,1;611 ;7.376 ;0,0;0,1;–;6.714 ;–;0,1;–;–;–;–;–;–;–;–;–;259 ;–;0,1;–;–;–;–;–;–;–;–;–;–;–;–;–;3.591 ;–;0,1;–;6.690 ;–;0,1;–;–;–;–;–;–;–;–;–;–;–;–;–;–;–;–;–;–;–;–;–;–;–;–;–;–;–;–;–;–;–;–;–;–;–;–;–;–;–;–;–;–;–;–;–;–;–;–;–;–;–;–;–;–;–;–;–;–;–;–;–;–;–;–;–;–;–;–;–;–;–;–;–;–;–;–;–;–;–;–;–;–;–;–;–;–;–;–;–;;
Mündige Bürger;1990;–;72 ;492 ;0,0;0,0;–;–;–;–;–;–;–;–;72 ;–;0,0;–;–;492 ;–;0,0;–;–;–;–;–;–;–;–;–;–;–;–;–;–;–;–;–;–;–;–;–;–;–;–;–;–;–;–;–;–;–;–;–;–;–;–;–;–;–;–;–;–;–;–;–;–;–;–;72;–;0,0;–;–;492;–;0,0;–;–;–;–;–;–;–;–;–;–;–;–;–;–;–;–;–;–;–;–;–;–;–;–;–;–;–;–;–;–;–;–;–;–;–;–;–;–;–;–;–;–;–;–;–;–;–;–;–;–;–;–;–;–;–;–;–;;
NATURGESETZ;1994;–;59.087 ;73.193 ;0,1;0,2;8.761 ;11.605 ;0,2;0,2;7.941 ;8.014 ;0,1;0,1;1.360 ;5.047 ;0,1;0,3;1.127 ;3.745 ;0,1;0,3;883 ;1.234 ;0,2;0,3;1.263 ;2.905 ;0,1;0,3;8.337 ;9.646 ;0,2;0,3;1.134 ;2.832 ;0,1;0,3;6.986 ;6.307 ;0,1;0,1;6.039 ;8.770 ;0,1;0,1;8.631 ;6.005 ;0,4;0,2;4.175 ;2.215 ;0,6;0,3;–;–;–;–;–;–;–;–;2.450;4.868;0,1;0,3;–;–;–;–;56.826;64.942;0,1;0,2;2.261 ;8.251;0,0;0,1;–;–;–;–;–;–;–;–;–;–;–;–;–;–;–;–;–;–;–;–;–;–;–;–;–;–;–;–;–;–;–;–;–;–;–;–;–;–;–;–;–;–;–;–;–;–;–;–;–;–;–;–;–;–;–;–;–;;
NATURGESETZ;1998;–;35.132 ;30.619 ;0,1;0,1;6.809 ;6.278 ;0,1;0,1;4.643 ;5.597 ;0,1;0,1;4.224 ;2.605 ;0,2;0,1;–;–;–;–;–;734 ;–;0,2;2.255 ;1.380 ;0,2;0,1;3.840 ;3.085 ;0,1;0,1;–;–;–;–;2.134 ;2.815 ;0,0;0,1;6.309 ;5.099 ;0,1;0,0;4.386 ;3.026 ;0,2;0,1;198 ;–;0,0;–;–;–;–;–;–;–;–;–;334;–;0,0;–;–;–;–;–;33.848;29.730;0,1;0,1;1.284 ;889;0,0;0,0;–;–;–;–;–;–;–;–;–;–;–;–;–;–;–;–;–;–;–;–;–;–;–;–;–;–;–;–;–;–;–;–;–;–;–;–;–;–;–;–;–;–;–;–;–;–;–;–;–;–;–;–;–;–;–;–;–;;
NEIN!;2013;–;290 ;–;0,0;–;–;–;–;–;290 ;–;0,0;–;–;–;–;–;–;–;–;–;–;–;–;–;–;–;–;–;–;–;–;–;–;–;–;–;–;–;–;–;–;–;–;–;–;–;–;–;–;–;–;–;–;–;–;–;–;–;–;–;–;–;–;–;–;–;–;–;290;–;0,0;–;–;–;–;–;–;–;–;–;–;–;–;–;–;–;–;–;–;–;–;–;–;–;–;–;–;–;–;–;–;–;–;–;–;–;–;–;–;–;–;–;–;–;–;–;–;–;–;–;–;–;–;–;–;–;–;–;–;–;–;–;–;;
Neue Liberale;2017;–;884 ;–;0,0;–;–;–;–;–;–;–;–;–;–;–;–;–;–;–;–;–;–;–;–;–;–;–;–;–;–;–;–;–;–;–;–;–;–;–;–;–;–;–;–;–;542 ;–;0,0;–;–;–;–;–;–;–;–;–;–;–;–;–;342;–;0,0;–;–;–;–;–;884;–;0,0;–;–;–;–;–;–;–;–;–;–;–;–;–;–;–;–;–;–;–;–;–;–;–;–;–;–;–;–;–;–;–;–;–;–;–;–;–;–;–;–;–;–;–;–;–;–;–;–;–;–;–;–;–;–;–;–;–;–;–;–;–;–;;
Nichtwähler;1998;–;–;6.827 ;–;0,0;–;–;–;–;–;–;–;–;–;–;–;–;–;–;–;–;–;–;–;–;–;–;–;–;–;–;–;–;–;–;–;–;–;–;–;–;–;6.827 ;–;0,1;–;–;–;–;–;–;–;–;–;–;–;–;–;–;–;–;–;–;–;–;–;–;–;–;–;6.827;–;0,0;–;–;–;–;–;–;–;–;–;–;–;–;–;–;–;–;–;–;–;–;–;–;–;–;–;–;–;–;–;–;–;–;–;–;–;–;–;–;–;–;–;–;–;–;–;–;–;–;–;–;–;–;–;–;–;–;–;–;–;–;–;;
Nichtwähler;2013;–;–;11.349 ;–;0,0;–;–;–;–;–;–;–;–;–;–;–;–;–;–;–;–;–;–;–;–;–;–;–;–;–;–;–;–;–;–;–;–;–;–;–;–;–;11.349 ;–;0,1;–;–;–;–;–;–;–;–;–;–;–;–;–;–;–;–;–;–;–;–;–;–;–;–;–;11.349;–;0,0;–;–;–;–;–;–;–;–;–;–;–;–;–;–;–;–;–;–;–;–;–;–;–;–;–;–;–;–;–;–;–;–;–;–;–;–;–;–;–;–;–;–;–;–;–;–;–;–;–;–;–;–;–;–;–;–;–;–;–;–;–;;
ÖDP;1983;–;3.341 ;11.028 ;0,0;0,0;–;–;–;–;3.341 ;11.028 ;0,0;0,2;–;–;–;–;–;–;–;–;–;–;–;–;–;–;–;–;–;–;–;–;–;–;–;–;–;–;–;–;–;–;–;–;–;–;–;–;–;–;–;–;–;–;–;–;–;–;–;–;–;–;–;–;–;–;–;–;–;–;–;–;–;–;–;–;–;–;–;–;–;–;–;–;–;–;–;–;–;–;–;–;–;–;–;–;–;–;–;–;–;–;–;–;–;–;–;–;–;–;–;–;–;–;–;–;–;–;–;–;–;–;–;–;–;–;–;–;–;–;–;–;–;;
ÖDP;1987;–;40.765 ;109.152 ;0,1;0,3;10.457 ;24.287 ;0,2;0,4;22.651 ;39.489 ;0,3;0,6;–;–;–;–;–;–;–;–;–;–;–;–;–;–;–;–;1.739 ;8.040 ;0,0;0,2;–;–;–;–;905 ;7.507 ;0,0;0,2;–;16.395 ;–;0,2;3.170 ;10.670 ;0,1;0,4;1.843 ;2.764 ;0,3;0,4;–;–;–;–;–;–;–;–;–;–;–;–;–;–;–;–;–;–;–;–;–;–;–;–;–;–;–;–;–;–;–;–;–;–;–;–;–;–;–;–;–;–;–;–;–;–;–;–;–;–;–;–;–;–;–;–;–;–;–;–;–;–;–;–;–;–;–;–;–;–;–;–;–;–;–;–;–;–;–;–;–;;
ÖDP;1990;–;243.469 ;205.206 ;0,5;0,4;67.061 ;49.915 ;1,2;0,9;99.926 ;75.027 ;1,6;1,2;3.911 ;3.668 ;0,2;0,2;–;2.500 ;–;0,2;–;680 ;–;0,2;–;1.995 ;–;0,2;11.504 ;12.036 ;0,3;0,3;–;1.572 ;–;0,2;4.653 ;5.814 ;0,1;0,1;35.549 ;26.004 ;0,3;0,3;15.413 ;12.006 ;0,7;0,5;2.702 ;1.643 ;0,4;0,2;–;4.208 ;–;0,2;–;2.179 ;–;0,1;2.750;3.308;0,2;0,2;–;2.651;–;0,2;243.469;191.306;0,7;0,5;–;13.900;–;0,2;–;–;–;–;–;–;–;–;–;–;–;–;–;–;–;–;–;–;–;–;–;–;–;–;–;–;–;–;–;–;–;–;–;–;–;–;–;–;–;–;–;–;–;–;–;–;–;–;–;–;–;–;–;–;–;–;–;;
ÖDP;1994;–;200.138 ;183.715 ;0,4;0,4;52.699 ;41.711 ;0,9;0,7;107.105 ;82.065 ;1,6;1,2;4.476 ;4.114 ;0,2;0,2;848 ;1.492 ;0,1;0,1;–;550 ;–;0,1;1.127 ;1.639 ;0,1;0,2;4.137 ;7.649 ;0,1;0,2;539 ;1.061 ;0,1;0,1;6.448 ;5.623 ;0,1;0,1;8.823 ;15.116 ;0,1;0,1;9.804 ;8.524 ;0,4;0,4;–;1.371 ;–;0,2;–;4.799 ;–;0,2;–;1.405 ;–;0,1;2.633;3.506;0,2;0,2;1.499;3.090;0,1;0,2;196.849;171.060;0,5;0,4;3.289 ;12.655;0,0;0,1;–;–;–;–;–;–;–;–;–;–;–;–;–;–;–;–;–;–;–;–;–;–;–;–;–;–;–;–;–;–;–;–;–;–;–;–;–;–;–;–;–;–;–;–;–;–;–;–;–;–;–;–;–;–;–;–;–;;
ödp;1998;–;145.308 ;98.257 ;0,3;0,2;35.131 ;21.146 ;0,6;0,4;81.645 ;49.184 ;1,2;0,7;2.311 ;1.513 ;0,1;0,1;1.040 ;1.489 ;0,1;0,1;–;–;–;–;–;–;–;–;994 ;2.404 ;0,0;0,1;761 ;674 ;0,1;0,1;2.768 ;2.124 ;0,1;0,0;7.878 ;6.644 ;0,1;0,1;8.480 ;4.842 ;0,3;0,2;522 ;808 ;0,1;0,1;–;3.133 ;–;0,1;410 ;–;0,0;–;760;1.687;0,0;0,1;2.608;2.609;0,2;0,2;140.116;90.029;0,4;0,2;5.192 ;8.228;0,1;0,1;–;–;–;–;–;–;–;–;–;–;–;–;–;–;–;–;–;–;–;–;–;–;–;–;–;–;–;–;–;–;–;–;–;–;–;–;–;–;–;–;–;–;–;–;–;–;–;–;–;–;–;–;–;–;–;–;–;;
ödp;2002;–;56.593 ;56.898 ;0,1;0,1;6.010 ;11.614 ;0,1;0,2;41.438 ;26.896 ;0,6;0,4;–;2.319 ;–;0,1;–;–;–;–;–;–;–;–;–;–;–;–;–;2.424 ;–;0,1;–;–;–;–;636 ;1.737 ;0,0;0,0;4.196 ;4.811 ;0,0;0,0;2.485 ;3.963 ;0,1;0,2;–;–;–;–;–;–;–;–;–;–;–;–;–;–;–;–;1.828;3.134;0,1;0,2;54.765;52.954;0,1;0,1;1.828 ;3.944;0,0;0,0;–;–;–;–;–;–;–;–;–;–;–;–;–;–;–;–;–;–;–;–;–;–;–;–;–;–;–;–;–;–;–;–;–;–;–;–;–;–;–;–;–;–;–;–;–;–;–;–;–;–;–;–;–;–;–;–;–;;
ödp;2009;–;105.653 ;132.249 ;0,2;0,3;13.187 ;24.525 ;0,2;0,5;83.568 ;75.866 ;1,3;1,1;–;3.220 ;–;0,2;–;–;–;–;–;–;–;–;1.899 ;2.988 ;0,2;0,3;–;–;–;–;523 ;–;0,1;–;–;5.364 ;–;0,1;2.676 ;8.866 ;0,0;0,1;2.384 ;6.334 ;0,1;0,3;–;–;–;–;–;–;–;–;–;–;–;–;–;–;–;–;1.416;5.086;0,1;0,4;103.714;125.848;0,3;0,4;1.939 ;6.401;0,0;0,1;–;–;–;–;–;–;–;–;–;–;–;–;–;–;–;–;–;–;–;–;–;–;–;–;–;–;–;–;–;–;–;–;–;–;–;–;–;–;–;–;–;–;–;–;–;–;–;–;–;–;–;–;–;–;–;–;–;;
ÖDP;2013;–;128.209 ;127.088 ;0,3;0,3;30.607 ;23.704 ;0,5;0,4;84.583 ;68.365 ;1,3;1,0;–;3.612 ;–;0,2;–;–;–;–;–;–;–;–;637 ;1.963 ;0,1;0,2;–;–;–;–;–;–;–;–;–;–;–;–;2.431 ;12.978 ;0,0;0,1;6.091 ;6.588 ;0,3;0,3;–;–;–;–;–;–;–;–;–;1.978 ;–;0,2;–;–;–;–;3.860;7.900;0,3;0,6;124.349;115.628;0,3;0,3;3.860 ;11.460;0,1;0,1;–;–;–;–;–;–;–;–;–;–;–;–;–;–;–;–;–;–;–;–;–;–;–;–;–;–;–;–;–;–;–;–;–;–;–;–;–;–;–;–;–;–;–;–;–;–;–;–;–;–;–;–;–;–;–;–;–;;
ÖDP;2017;–;166.228 ;144.809 ;0,4;0,3;18.341 ;21.813 ;0,3;0,4;119.103 ;66.801 ;1,6;0,9;2.663 ;3.206 ;0,1;0,2;–;2.496 ;–;0,2;–;–;–;–;3.369 ;2.778 ;0,3;0,3;–;6.042 ;–;0,2;591 ;1.205 ;0,1;0,1;809 ;4.771 ;0,0;0,1;5.331 ;12.044 ;0,1;0,1;7.107 ;7.330 ;0,3;0,3;–;–;–;–;3.622 ;6.809 ;0,1;0,3;–;–;–;–;–;3.116;–;0,2;5.292;6.398;0,4;0,5;155.594;126.603;0,4;0,3;10.634 ;18.206;0,1;0,2;–;–;–;–;–;–;–;–;–;–;–;–;–;–;–;–;–;–;–;–;–;–;–;–;–;–;–;–;–;–;–;–;–;–;–;–;–;–;–;–;–;–;–;–;–;–;–;–;–;–;–;–;–;–;–;–;–;;
ÖDP;2021;einschl. Wiederholungswahl in Teilen Berlins;152.542 ;112.129 ;0,3;0,2;17.041 ;17.637 ;0,3;0,3;96.378 ;51.124 ;1,3;0,7;2.965 ;2.613 ;0,2;0,2;4.499 ;2.835 ;0,3;0,2;713 ;407 ;0,2;0,1;3.666 ;2.016 ;0,4;0,2;–;3.683 ;–;0,1;–;1.189 ;–;0,1;1.711 ;3.484 ;0,0;0,1;1.394 ;8.052 ;0,0;0,1;8.062 ;5.661 ;0,3;0,2;2.872 ;2.531 ;0,5;0,4;10.224 ;6.056 ;0,4;0,2;302 ;846 ;0,0;0,1;–;1.539;–;0,1;2.715;2.456;0,2;0,2;133.520;97.643;0,3;0,3;19.022 ;14.486;0,2;0,2;–;–;–;–;–;–;–;–;–;–;–;–;–;–;–;–;–;–;–;–;–;–;–;–;–;–;–;–;–;–;–;–;–;–;–;–;–;–;–;–;–;–;–;–;–;–;–;–;–;–;–;–;–;–;–;–;–;;
ÖDP;2025;–;54.606 ;49.764 ;0,1;0,1;1.798 ;12.258 ;0,0;0,2;49.197 ;33.367 ;0,6;0,4;–;–;–;–;–;–;–;–;–;–;–;–;–;–;–;–;–;–;–;–;–;–;–;–;–;–;–;–;–;–;–;–;3.611 ;4.139 ;0,1;0,2;–;–;–;–;–;–;–;–;–;–;–;–;–;–;–;–;–;–;–;–;54.606;49.764;0,1;0,1;–;–;–;–;–;–;–;–;–;–;–;–;–;–;–;–;–;–;–;–;–;–;–;–;–;–;–;–;–;–;–;–;–;–;–;–;–;–;–;–;–;–;–;–;–;–;–;–;–;–;–;–;–;–;–;–;–;–;–;–;–;;
Offensive D;2002;Parteiname 2002: Schill;120.330 ;400.476 ;0,3;0,8;2.034 ;27.878 ;0,0;0,5;–;16.809 ;–;0,2;2.586 ;34.481 ;0,1;1,8;6.236 ;26.107 ;0,4;1,7;7.706 ;6.406 ;2,0;1,7;–;40.309 ;–;4,2;3.459 ;22.381 ;0,1;0,7;13.414 ;16.049 ;1,4;1,6;15.980 ;43.165 ;0,3;0,9;68.915 ;70.993 ;0,7;0,7;–;13.755 ;–;0,6;–;5.986 ;–;0,9;–;31.565 ;–;1,2;–;–;–;–;–;26.294;–;1,5;–;18.298;–;1,3;100.089;294.287;0,3;0,7;20.241 ;106.189;0,2;1,2;–;–;–;–;–;–;–;–;–;–;–;–;–;–;–;–;–;–;–;–;–;–;–;–;–;–;–;–;–;–;–;–;–;–;–;–;–;–;–;–;–;–;–;–;–;–;–;–;–;–;–;–;–;–;–;–;–;;
Offensive D;2005;–;5.401 ;3.338 ;0,0;0,0;–;–;–;–;–;–;–;–;–;–;–;–;444 ;–;0,0;–;–;–;–;–;–;–;–;–;–;–;–;–;–;–;–;–;–;–;–;–;–;–;–;–;–;–;–;–;–;–;–;–;–;–;–;–;4.957 ;3.338 ;0,3;0,2;–;–;–;–;–;–;–;–;–;–;–;–;5.401 ;3.338;0,1;0,0;–;–;–;–;–;–;–;–;–;–;–;–;–;–;–;–;–;–;–;–;–;–;–;–;–;–;–;–;–;–;–;–;–;–;–;–;–;–;–;–;–;–;–;–;–;–;–;–;–;–;–;–;–;–;–;–;–;;
ÖKO-UNION;1987;Parteiname 1987: SOLIDARITÄT;754 ;–;0,0;–;–;–;–;–;–;–;–;–;–;–;–;–;–;–;–;–;–;–;–;–;–;–;–;–;–;–;–;–;–;–;–;–;754 ;–;0,0;–;–;–;–;–;–;–;–;–;–;–;–;–;–;–;–;–;–;–;–;–;–;–;–;–;–;–;–;–;–;–;–;–;–;–;–;–;–;–;–;–;–;–;–;–;–;–;–;–;–;–;–;–;–;–;–;–;–;–;–;–;–;–;–;–;–;–;–;–;–;–;–;–;–;–;–;–;–;–;–;–;–;–;–;–;–;–;–;–;–;–;–;–;–;;
ÖKO-UNION;1990;–;1.106 ;4.661 ;0,0;0,0;–;–;–;–;–;–;–;–;–;–;–;–;–;–;–;–;–;–;–;–;–;–;–;–;–;–;–;–;–;–;–;–;1.106 ;4.661 ;0,0;0,1;–;–;–;–;–;–;–;–;–;–;–;–;–;–;–;–;–;–;–;–;–;–;–;–;–;–;–;–;1.106;4.661;0,0;0,0;–;–;–;–;–;–;–;–;–;–;–;–;–;–;–;–;–;–;–;–;–;–;–;–;–;–;–;–;–;–;–;–;–;–;–;–;–;–;–;–;–;–;–;–;–;–;–;–;–;–;–;–;–;–;–;–;–;–;–;–;–;;
PASS;1994;–;489 ;15.040 ;0,0;0,0;–;–;–;–;–;–;–;–;489 ;6.400 ;0,0;0,3;–;–;–;–;–;–;–;–;–;–;–;–;–;–;–;–;–;–;–;–;–;–;–;–;–;–;–;–;–;–;–;–;–;–;–;–;–;–;–;–;–;8.640 ;–;0,6;–;–;–;–;–;–;–;–;489;2.917;0,0;0,0;–;12.123;–;0,1;–;–;–;–;–;–;–;–;–;–;–;–;–;–;–;–;–;–;–;–;–;–;–;–;–;–;–;–;–;–;–;–;–;–;–;–;–;–;–;–;–;–;–;–;–;–;–;–;–;–;–;–;–;–;–;–;–;;
PASS;1998;–;10.449 ;5.556 ;0,0;0,0;–;–;–;–;–;–;–;–;9.141 ;5.556 ;0,5;0,3;–;–;–;–;–;–;–;–;–;–;–;–;149 ;–;0,0;–;–;–;–;–;–;–;–;–;–;–;–;–;–;–;–;–;–;–;–;–;1.159 ;–;0,0;–;–;–;–;–;–;–;–;–;–;–;–;–;4.098;2.411;0,0;0,0;6.351 ;3.145;0,1;0,0;–;–;–;–;–;–;–;–;–;–;–;–;–;–;–;–;–;–;–;–;–;–;–;–;–;–;–;–;–;–;–;–;–;–;–;–;–;–;–;–;–;–;–;–;–;–;–;–;–;–;–;–;–;–;–;–;–;;
PBC;1994;–;26.864 ;65.651 ;0,1;0,1;18.222 ;23.960 ;0,3;0,4;309 ;8.182 ;0,0;0,1;–;–;–;–;–;–;–;–;–;–;–;–;–;–;–;–;2.781 ;8.486 ;0,1;0,2;–;–;–;–;2.482 ;7.221 ;0,1;0,2;–;9.966 ;–;0,1;3.070 ;–;0,1;–;–;–;–;–;–;7.836 ;–;0,3;–;–;–;–;–;–;–;–;–;–;–;–;26.864;57.815;0,1;0,2;–;7.836;–;0,1;–;–;–;–;–;–;–;–;–;–;–;–;–;–;–;–;–;–;–;–;–;–;–;–;–;–;–;–;–;–;–;–;–;–;–;–;–;–;–;–;–;–;–;–;–;–;–;–;–;–;–;–;–;–;–;–;–;;
PBC;1998;–;46.379 ;71.941 ;0,1;0,1;21.876 ;23.589 ;0,4;0,4;5.106 ;9.575 ;0,1;0,1;–;–;–;–;235 ;–;0,0;–;–;–;–;–;–;–;–;–;3.834 ;5.915 ;0,1;0,2;–;–;–;–;3.902 ;6.472 ;0,1;0,1;1.549 ;9.715 ;0,0;0,1;2.783 ;5.182 ;0,1;0,2;–;–;–;–;5.264 ;11.493 ;0,2;0,4;1.160 ;–;0,1;–;308;–;0,0;–;362;–;0,0;–;39.358;60.448;0,1;0,2;7.021 ;11.493;0,1;0,1;–;–;–;–;–;–;–;–;–;–;–;–;–;–;–;–;–;–;–;–;–;–;–;–;–;–;–;–;–;–;–;–;–;–;–;–;–;–;–;–;–;–;–;–;–;–;–;–;–;–;–;–;–;–;–;–;–;;
PBC;2002;–;71.106 ;101.645 ;0,1;0,2;33.503 ;29.824 ;0,6;0,5;9.018 ;10.121 ;0,1;0,1;531 ;3.033 ;0,0;0,2;–;–;–;–;–;–;–;–;–;–;–;–;–;6.983 ;–;0,2;–;–;–;–;3.264 ;9.246 ;0,1;0,2;5.577 ;15.358 ;0,1;0,1;4.235 ;7.721 ;0,2;0,3;–;–;–;–;11.264 ;15.509 ;0,4;0,6;387 ;–;0,0;–;3.327;3.850;0,2;0,2;–;–;–;–;59.455;85.226;0,2;0,2;11.651 ;16.419;0,1;0,2;–;–;–;–;–;–;–;–;–;–;–;–;–;–;–;–;–;–;–;–;–;–;–;–;–;–;–;–;–;–;–;–;–;–;–;–;–;–;–;–;–;–;–;–;–;–;–;–;–;–;–;–;–;–;–;–;–;;
PBC;2005;–;57.027 ;108.605 ;0,1;0,2;17.624 ;33.420 ;0,3;0,6;10.947 ;17.482 ;0,2;0,2;–;–;–;–;–;–;–;–;–;1.083 ;–;0,3;460 ;–;0,0;–;3.573 ;–;0,1;–;740 ;2.981 ;0,1;0,3;5.384 ;11.107 ;0,1;0,2;3.445 ;16.957 ;0,0;0,2;5.853 ;9.026 ;0,2;0,4;–;–;–;–;7.434 ;16.549 ;0,3;0,6;482 ;–;0,0;–;–;–;–;–;1.085;–;0,1;–;47.286;89.075;0,1;0,2;9.741 ;19.530;0,1;0,2;–;–;–;–;–;–;–;–;–;–;–;–;–;–;–;–;–;–;–;–;–;–;–;–;–;–;–;–;–;–;–;–;–;–;–;–;–;–;–;–;–;–;–;–;–;–;–;–;–;–;–;–;–;–;–;–;–;;
PBC;2009;–;12.052 ;40.370 ;0,0;0,1;8.588 ;24.430 ;0,2;0,4;921 ;9.262 ;0,0;0,1;–;–;–;–;–;–;–;–;–;855 ;–;0,3;–;–;–;–;–;–;–;–;–;–;–;–;1.253 ;–;0,0;–;–;–;–;–;–;5.823 ;–;0,3;–;–;–;–;1.290 ;–;0,1;–;–;–;–;–;–;–;–;–;–;–;–;–;10.762;40.370;0,0;0,1;1.290 ;–;0,0;–;–;–;–;–;–;–;–;–;–;–;–;–;–;–;–;–;–;–;–;–;–;–;–;–;–;–;–;–;–;–;–;–;–;–;–;–;–;–;–;–;–;–;–;–;–;–;–;–;–;–;–;–;–;–;–;–;–;;
PBC;2013;–;2.081 ;18.542 ;0,0;0,0;–;12.878 ;–;0,2;–;–;–;–;–;–;–;–;–;–;–;–;–;–;–;–;–;–;–;–;–;–;–;–;–;–;–;–;2.081 ;5.664 ;0,0;0,1;–;–;–;–;–;–;–;–;–;–;–;–;–;–;–;–;–;–;–;–;–;–;–;–;–;–;–;–;2.081;18.542;0,0;0,1;–;–;–;–;–;–;–;–;–;–;–;–;–;–;–;–;–;–;–;–;–;–;–;–;–;–;–;–;–;–;–;–;–;–;–;–;–;–;–;–;–;–;–;–;–;–;–;–;–;–;–;–;–;–;–;–;–;–;–;–;–;;
PdF;2021;einschl. Wiederholungswahl in Teilen Berlins;–;3.228 ;–;0,0;–;–;–;–;–;–;–;–;–;–;–;–;–;–;–;–;–;–;–;–;–;–;–;–;–;–;–;–;–;–;–;–;–;–;–;–;–;3.228 ;–;0,0;–;–;–;–;–;–;–;–;–;–;–;–;–;–;–;–;–;–;–;–;–;–;–;–;–;3.228;–;0,0;–;–;–;–;–;–;–;–;–;–;–;–;–;–;–;–;–;–;–;–;–;–;–;–;–;–;–;–;–;–;–;–;–;–;–;–;–;–;–;–;–;–;–;–;–;–;–;–;–;–;–;–;–;–;–;–;–;–;–;–;–;;
PdF;2025;–;1.282 ;21.388 ;0,0;0,0;–;–;–;–;–;–;–;–;–;3.423 ;–;0,2;–;–;–;–;–;–;–;–;–;–;–;–;–;–;–;–;–;–;–;–;–;–;–;–;1.282 ;17.965 ;0,0;0,2;–;–;–;–;–;–;–;–;–;–;–;–;–;–;–;–;–;–;–;–;–;–;–;–;1.282;19.637;0,0;0,0;–;1.751;–;0,0;–;–;–;–;–;–;–;–;–;–;–;–;–;–;–;–;–;–;–;–;–;–;–;–;–;–;–;–;–;–;–;–;–;–;–;–;–;–;–;–;–;–;–;–;–;–;–;–;–;–;–;–;–;–;–;–;–;;
PdgD;1953;–;654 ;–;0,0;–;–;–;–;–;–;–;–;–;–;–;–;–;–;–;–;–;–;–;–;–;–;–;–;–;–;–;–;–;–;–;–;–;–;–;–;–;–;–;–;–;654 ;–;0,0;–;–;–;–;–;–;–;–;–;–;–;–;–;–;–;–;–;–;–;–;–;–;–;–;–;–;–;–;–;–;–;–;–;–;–;–;–;–;–;–;–;–;–;–;–;–;–;–;–;–;–;–;–;–;–;–;–;–;–;–;–;–;–;–;–;–;–;–;–;–;–;–;–;–;–;–;–;–;–;–;–;–;–;–;–;–;;
PdgD;1957;–;356 ;–;0,0;–;–;–;–;–;–;–;–;–;–;–;–;–;–;–;–;–;–;–;–;–;–;–;–;–;–;–;–;–;–;–;–;–;–;–;–;–;–;–;–;–;356 ;–;0,0;–;–;–;–;–;–;–;–;–;–;–;–;–;–;–;–;–;–;–;–;–;–;–;–;–;–;–;–;–;–;–;–;–;–;–;–;–;–;–;–;–;–;–;–;–;–;–;–;–;–;–;–;–;–;–;–;–;–;–;–;–;–;–;–;–;–;–;–;–;–;–;–;–;–;–;–;–;–;–;–;–;–;–;–;–;–;;
PdH;2017;Parteiname 2017: Die Humanisten;–;5.991 ;–;0,0;–;–;–;–;–;–;–;–;–;–;–;–;–;–;–;–;–;–;–;–;–;–;–;–;–;–;–;–;–;–;–;–;–;–;–;–;–;5.991 ;–;0,1;–;–;–;–;–;–;–;–;–;–;–;–;–;–;–;–;–;–;–;–;–;–;–;–;–;5.991;–;0,0;–;–;–;–;–;–;–;–;–;–;–;–;–;–;–;–;–;–;–;–;–;–;–;–;–;–;–;–;–;–;–;–;–;–;–;–;–;–;–;–;–;–;–;–;–;–;–;–;–;–;–;–;–;–;–;–;–;–;–;–;–;;
PdH;2021;"einschl. Wiederholungswahl in Teilen Berlins; Parteiname 2021: Die Humanisten";12.672 ;47.524 ;0,0;0,1;4.702 ;6.775 ;0,1;0,1;1.434 ;6.689 ;0,0;0,1;1.097 ;3.235 ;0,1;0,2;458 ;1.892 ;0,0;0,1;1.016 ;589 ;0,3;0,2;–;1.203 ;–;0,1;472 ;3.551 ;0,0;0,1;–;1.277 ;–;0,1;287 ;3.806 ;0,0;0,1;488 ;7.685 ;0,0;0,1;486 ;2.284 ;0,0;0,1;–;–;–;–;2.232 ;4.003 ;0,1;0,2;–;1.415 ;–;0,1;–;1.763;–;0,1;–;1.357;–;0,1;9.543;36.027;0,0;0,1;3.129 ;11.497;0,0;0,1;–;–;–;–;–;–;–;–;–;–;–;–;–;–;–;–;–;–;–;–;–;–;–;–;–;–;–;–;–;–;–;–;–;–;–;–;–;–;–;–;–;–;–;–;–;–;–;–;–;–;–;–;–;–;–;–;–;;
PdH;2025;–;1.871 ;14.294 ;0,0;0,0;–;–;–;–;613 ;5.466 ;0,0;0,1;–;–;–;–;–;–;–;–;–;–;–;–;–;–;–;–;–;3.014 ;–;0,1;–;–;–;–;–;3.342 ;–;0,1;–;–;–;–;–;–;–;–;–;–;–;–;1.258 ;2.472 ;0,0;0,1;–;–;–;–;–;–;–;–;–;–;–;–;613;11.822;0,0;0,0;1.258;2.472;0,0;0,0;–;–;–;–;–;–;–;–;–;–;–;–;–;–;–;–;–;–;–;–;–;–;–;–;–;–;–;–;–;–;–;–;–;–;–;–;–;–;–;–;–;–;–;–;–;–;–;–;–;–;–;–;–;–;–;–;–;;
PDV;2013;Parteiname 2013: PARTEI DER VERNUNFT;3.861 ;24.719 ;0,0;0,1;–;5.069 ;–;0,1;339 ;6.840 ;0,0;0,1;–;–;–;–;–;–;–;–;–;–;–;–;–;–;–;–;–;–;–;–;–;–;–;–;–;–;–;–;–;6.888 ;–;0,1;2.484 ;5.922 ;0,1;0,3;687 ;–;0,1;–;–;–;–;–;–;–;–;–;–;–;–;–;351;–;0,0;–;3.510;24.719;0,0;0,1;351 ;–;0,0;–;–;–;–;–;–;–;–;–;–;–;–;–;–;–;–;–;–;–;–;–;–;–;–;–;–;–;–;–;–;–;–;–;–;–;–;–;–;–;–;–;–;–;–;–;–;–;–;–;–;–;–;–;–;–;–;–;–;;
PDV;2017;–;242 ;533 ;0,0;0,0;–;–;–;–;–;–;–;–;–;–;–;–;–;–;–;–;–;–;–;–;–;–;–;–;–;–;–;–;–;–;–;–;–;–;–;–;–;–;–;–;–;–;–;–;242 ;533 ;0,0;0,1;–;–;–;–;–;–;–;–;–;–;–;–;–;–;–;–;242;533;0,0;0,0;–;–;–;–;–;–;–;–;–;–;–;–;–;–;–;–;–;–;–;–;–;–;–;–;–;–;–;–;–;–;–;–;–;–;–;–;–;–;–;–;–;–;–;–;–;–;–;–;–;–;–;–;–;–;–;–;–;–;–;–;–;;
PIRATEN;2009;–;46.770 ;847.870 ;0,1;2,0;11.400 ;112.006 ;0,2;2,1;24.102 ;135.790 ;0,4;2,0;–;58.062 ;–;3,4;–;34.832 ;–;2,5;–;8.174 ;–;2,4;–;23.168 ;–;2,6;3.866 ;66.708 ;0,1;2,1;–;20.063 ;–;2,3;4.214 ;87.046 ;0,1;2,0;–;158.585 ;–;1,7;3.188 ;41.728 ;0,1;1,9;–;8.620 ;–;1,5;–;–;–;–;–;28.780 ;–;2,4;–;33.277;–;2,1;–;31.031;–;2,5;46.770;704.303;0,1;2,0;–;143.567;–;1,9;–;–;–;–;–;–;–;–;–;–;–;–;–;–;–;–;–;–;–;–;–;–;–;–;–;–;–;–;–;–;–;–;–;–;–;–;–;–;–;–;–;–;–;–;–;–;–;–;–;–;–;–;–;–;–;–;–;;
PIRATEN;2013;–;963.623 ;959.177 ;2,2;2,2;113.966 ;130.767 ;2,0;2,3;131.872 ;127.934 ;2,0;1,9;56.911 ;64.018 ;3,2;3,6;39.472 ;30.785 ;2,9;2,2;8.831 ;8.455 ;2,7;2,6;22.175 ;24.505 ;2,5;2,8;74.084 ;64.655 ;2,4;2,1;19.783 ;16.563 ;2,3;1,9;60.736 ;74.601 ;1,4;1,7;220.636 ;209.507 ;2,3;2,2;55.870 ;49.664 ;2,5;2,2;13.880 ;14.693 ;2,5;2,6;57.250 ;58.561 ;2,5;2,5;25.756 ;22.753 ;2,2;1,9;31.621;32.217;1,9;2,0;30.780;29.499;2,5;2,4;766.116;771.925;2,1;2,1;197.507 ;187.252;2,6;2,4;–;–;–;–;–;–;–;–;–;–;–;–;–;–;–;–;–;–;–;–;–;–;–;–;–;–;–;–;–;–;–;–;–;–;–;–;–;–;–;–;–;–;–;–;–;–;–;–;–;–;–;–;–;–;–;–;–;;
PIRATEN;2017;–;93.196 ;173.476 ;0,2;0,4;11.340 ;27.205 ;0,2;0,5;10.421 ;26.866 ;0,1;0,4;3.005 ;10.894 ;0,2;0,6;4.925 ;–;0,3;–;–;1.958 ;–;0,6;–;–;–;–;5.844 ;14.448 ;0,2;0,4;–;–;–;–;13.214 ;17.683 ;0,3;0,4;28.162 ;43.580 ;0,3;0,4;3.830 ;10.792 ;0,2;0,5;2.325 ;2.937 ;0,4;0,5;7.286 ;11.056 ;0,3;0,4;–;–;–;–;–;–;–;–;2.844;6.057;0,2;0,5;76.827;152.113;0,2;0,4;16.369 ;21.363;0,2;0,3;–;–;–;–;–;–;–;–;–;–;–;–;–;–;–;–;–;–;–;–;–;–;–;–;–;–;–;–;–;–;–;–;–;–;–;–;–;–;–;–;–;–;–;–;–;–;–;–;–;–;–;–;–;–;–;–;–;;
PIRATEN;2021;einschl. Wiederholungswahl in Teilen Berlins;60.548 ;169.587 ;0,1;0,4;3.438 ;21.530 ;0,1;0,4;9.150 ;25.865 ;0,1;0,3;4.531 ;6.580 ;0,3;0,4;5.848 ;6.340 ;0,4;0,4;908 ;–;0,3;–;3.419 ;4.377 ;0,3;0,4;4.917 ;13.152 ;0,1;0,4;3.812 ;4.259 ;0,4;0,5;9.837 ;16.955 ;0,2;0,4;6.629 ;36.789 ;0,1;0,4;1.118 ;9.530 ;0,0;0,4;–;3.419 ;–;0,6;5.628 ;10.433 ;0,2;0,4;–;4.067 ;–;0,3;–;–;–;–;1.313;6.291;0,1;0,5;42.299;135.152;0,1;0,4;18.249 ;34.435;0,2;0,4;–;–;–;–;–;–;–;–;–;–;–;–;–;–;–;–;–;–;–;–;–;–;–;–;–;–;–;–;–;–;–;–;–;–;–;–;–;–;–;–;–;–;–;–;–;–;–;–;–;–;–;–;–;–;–;–;–;;
PIRATEN;2025;–;2.151 ;13.800 ;0,0;0,0;–;–;–;–;–;–;–;–;–;–;–;–;–;–;–;–;–;–;–;–;–;–;–;–;–;–;–;–;–;–;–;–;2.151 ;8.029 ;0,0;0,2;–;–;–;–;–;–;–;–;–;1.753 ;–;0,3;–;4.018 ;–;0,2;–;–;–;–;–;–;–;–;–;–;–;–;2.151;9.782;0,0;0,0;–;4.018;–;0,0;–;–;–;–;–;–;–;–;–;–;–;–;–;–;–;–;–;–;–;–;–;–;–;–;–;–;–;–;–;–;–;–;–;–;–;–;–;–;–;–;–;–;–;–;–;–;–;–;–;–;–;–;–;–;–;–;–;;
PRG;2002;–;4.363 ;7.499 ;0,0;0,0;2.570 ;7.499 ;0,0;0,1;–;–;–;–;–;–;–;–;–;–;–;–;–;–;–;–;–;–;–;–;–;–;–;–;–;–;–;–;–;–;–;–;1.793 ;–;0,0;–;–;–;–;–;–;–;–;–;–;–;–;–;–;–;–;–;–;–;–;–;–;–;–;–;4.363;7.499;0,0;0,0;–;–;–;–;–;–;–;–;–;–;–;–;–;–;–;–;–;–;–;–;–;–;–;–;–;–;–;–;–;–;–;–;–;–;–;–;–;–;–;–;–;–;–;–;–;–;–;–;–;–;–;–;–;–;–;–;–;–;–;–;–;;
pro Deutschland;2013;–;4.815 ;73.854 ;0,0;0,2;–;4.595 ;–;0,1;735 ;4.874 ;0,0;0,1;1.101 ;5.665 ;0,1;0,3;–;5.805 ;–;0,4;–;466 ;–;0,1;–;–;–;–;–;3.754 ;–;0,1;–;1.693 ;–;0,2;–;4.990 ;–;0,1;–;23.243 ;–;0,2;–;4.451 ;–;0,2;–;902 ;–;0,2;2.979 ;9.736 ;0,1;0,4;–;3.680 ;–;0,3;–;–;–;–;–;–;–;–;735;50.012;0,0;0,1;4.080 ;23.842;0,1;0,3;–;–;–;–;–;–;–;–;–;–;–;–;–;–;–;–;–;–;–;–;–;–;–;–;–;–;–;–;–;–;–;–;–;–;–;–;–;–;–;–;–;–;–;–;–;–;–;–;–;–;–;–;–;–;–;–;–;;
Pro DM;1998;–;–;430.099 ;–;0,9;–;42.469 ;–;0,7;–;32.688 ;–;0,5;–;15.570 ;–;0,8;–;32.577 ;–;2,1;–;3.859 ;–;1,0;–;3.328 ;–;0,3;–;23.190 ;–;0,7;–;16.025 ;–;1,5;–;29.173 ;–;0,6;–;54.322 ;–;0,5;–;18.556 ;–;0,7;–;3.473 ;–;0,5;–;77.751 ;–;2,7;–;31.167 ;–;1,9;–;14.368;–;0,8;–;31.583;–;2,0;–;234.091;–;0,6;–;196.008;–;2,1;–;–;–;–;–;–;–;–;–;–;–;–;–;–;–;–;–;–;–;–;–;–;–;–;–;–;–;–;–;–;–;–;–;–;–;–;–;–;–;–;–;–;–;–;–;–;–;–;–;–;–;–;–;–;–;–;–;;
Pro DM;2005;–;–;10.269 ;–;0,0;–;–;–;–;–;–;–;–;–;–;–;–;–;–;–;–;–;661 ;–;0,2;–;–;–;–;–;–;–;–;–;–;–;–;–;3.869 ;–;0,1;–;–;–;–;–;–;–;–;–;–;–;–;–;–;–;–;–;5.739 ;–;0,4;–;–;–;–;–;–;–;–;–;4.530;–;0,0;–;5.739;–;0,1;–;–;–;–;–;–;–;–;–;–;–;–;–;–;–;–;–;–;–;–;–;–;–;–;–;–;–;–;–;–;–;–;–;–;–;–;–;–;–;–;–;–;–;–;–;–;–;–;–;–;–;–;–;–;–;–;–;;
RENTNER;2009;–;–;56.399 ;–;0,1;–;–;–;–;–;–;–;–;–;–;–;–;–;–;–;–;–;–;–;–;–;6.572 ;–;0,7;–;–;–;–;–;–;–;–;–;–;–;–;–;33.821 ;–;0,4;–;–;–;–;–;–;–;–;–;–;–;–;–;–;–;–;–;16.006;–;1,0;–;–;–;–;–;56.399;–;0,2;–;–;–;–;–;–;–;–;–;–;–;–;–;–;–;–;–;–;–;–;–;–;–;–;–;–;–;–;–;–;–;–;–;–;–;–;–;–;–;–;–;–;–;–;–;–;–;–;–;–;–;–;–;–;–;–;–;–;–;–;–;;
RENTNER;2013;–;920 ;25.134 ;0,0;0,1;–;14.472 ;–;0,3;–;–;–;–;–;–;–;–;–;–;–;–;–;–;–;–;–;3.819 ;–;0,4;–;–;–;–;–;–;–;–;–;–;–;–;–;–;–;–;–;–;–;–;–;–;–;–;–;–;–;–;–;–;–;–;920;6.843;0,1;0,4;–;–;–;–;920;25.134;0,0;0,1;–;–;–;–;–;–;–;–;–;–;–;–;–;–;–;–;–;–;–;–;–;–;–;–;–;–;–;–;–;–;–;–;–;–;–;–;–;–;–;–;–;–;–;–;–;–;–;–;–;–;–;–;–;–;–;–;–;–;–;–;–;;
REP;1990;–;767.652 ;987.269 ;1,7;2,1;163.521 ;174.272 ;3,0;3,2;277.272 ;316.659 ;4,4;5,0;50.360 ;49.408 ;2,5;2,5;–;23.504 ;–;1,7;8.782 ;8.225 ;2,2;2,1;17.308 ;16.911 ;1,8;1,7;43.924 ;71.628 ;1,3;2,1;–;14.146 ;–;1,4;34.483 ;46.934 ;0,8;1,0;109.480 ;132.830 ;1,1;1,3;38.223 ;40.910 ;1,6;1,7;–;6.248 ;–;0,9;2.310 ;33.605 ;0,1;1,2;–;15.197 ;–;1,0;19.022;18.823;1,2;1,2;2.967;17.969;0,2;1,2;750.441;871.773;2,0;2,3;17.211 ;115.496;0,2;1,3;–;–;–;–;–;–;–;–;–;–;–;–;–;–;–;–;–;–;–;–;–;–;–;–;–;–;–;–;–;–;–;–;–;–;–;–;–;–;–;–;–;–;–;–;–;–;–;–;–;–;–;–;–;–;–;–;–;;
REP;1994;–;787.757 ;875.239 ;1,7;1,9;179.655 ;175.804 ;3,2;3,1;194.843 ;189.752 ;2,9;2,8;32.698 ;36.645 ;1,7;1,9;1.194 ;15.220 ;0,1;1,1;7.421 ;6.784 ;1,9;1,7;17.337 ;16.582 ;1,8;1,7;77.607 ;82.675 ;2,2;2,4;8.777 ;11.577 ;0,9;1,2;49.458 ;57.988 ;1,0;1,2;127.577 ;138.553 ;1,2;1,3;39.381 ;45.265 ;1,6;1,9;10.633 ;10.786 ;1,6;1,6;3.182 ;35.483 ;0,1;1,4;12.861 ;14.641 ;0,9;1,0;15.269;17.731;0,9;1,0;9.864;19.753;0,7;1,4;741.528;765.889;1,9;2,0;46.229 ;109.350;0,5;1,3;–;–;–;–;–;–;–;–;–;–;–;–;–;–;–;–;–;–;–;–;–;–;–;–;–;–;–;–;–;–;–;–;–;–;–;–;–;–;–;–;–;–;–;–;–;–;–;–;–;–;–;–;–;–;–;–;–;;
REP;1998;–;1.115.664 ;906.383 ;2,3;1,8;244.460 ;240.402 ;4,1;4,0;209.190 ;179.038 ;3,0;2,6;69.475 ;46.542 ;3,6;2,4;54.610 ;25.602 ;3,5;1,7;3.781 ;2.721 ;0,9;0,7;15.946 ;5.562 ;1,6;0,6;93.090 ;83.595 ;2,6;2,3;15.297 ;6.172 ;1,4;0,6;58.655 ;45.055 ;1,2;0,9;158.578 ;113.608 ;1,5;1,0;67.415 ;53.676 ;2,7;2,2;8.472 ;8.240 ;1,2;1,2;66.042 ;55.129 ;2,3;1,9;12.759 ;9.055 ;0,8;0,6;9.786;6.728;0,6;0,4;28.108;25.258;1,8;1,6;905.880;764.843;2,3;1,9;209.784 ;141.540;2,2;1,5;–;–;–;–;–;–;–;–;–;–;–;–;–;–;–;–;–;–;–;–;–;–;–;–;–;–;–;–;–;–;–;–;–;–;–;–;–;–;–;–;–;–;–;–;–;–;–;–;–;–;–;–;–;–;–;–;–;;
REP;2002;–;55.947 ;280.671 ;0,1;0,6;6.543 ;65.462 ;0,1;1,1;27.065 ;50.118 ;0,4;0,7;3.370 ;12.768 ;0,2;0,7;–;–;–;–;–;940 ;–;0,2;–;1.201 ;–;0,1;7.709 ;26.433 ;0,2;0,8;–;2.876 ;–;0,3;–;13.972 ;–;0,3;4.035 ;40.669 ;0,0;0,4;2.721 ;23.450 ;0,1;1,0;–;2.802 ;–;0,4;4.504 ;26.190 ;0,2;1,0;–;–;–;–;–;2.442;–;0,1;–;11.348;–;0,8;51.134;235.114;0,1;0,6;4.813 ;45.557;0,1;0,5;–;–;–;–;–;–;–;–;–;–;–;–;–;–;–;–;–;–;–;–;–;–;–;–;–;–;–;–;–;–;–;–;–;–;–;–;–;–;–;–;–;–;–;–;–;–;–;–;–;–;–;–;–;–;–;–;–;;
REP;2005;–;38.678 ;266.101 ;0,1;0,6;–;64.976 ;–;1,1;11.985 ;73.619 ;0,2;1,0;4.362 ;9.947 ;0,2;0,5;–;–;–;–;–;–;–;–;–;–;–;–;1.858 ;27.926 ;0,1;0,8;–;–;–;–;–;–;–;–;3.020 ;35.390 ;0,0;0,3;11.553 ;26.340 ;0,5;1,1;–;–;–;–;5.900 ;13.112 ;0,2;0,5;–;4.825 ;–;0,3;–;–;–;–;–;9.966;–;0,7;32.593;234.975;0,1;0,6;6.085 ;31.126;0,1;0,4;–;–;–;–;–;–;–;–;–;–;–;–;–;–;–;–;–;–;–;–;–;–;–;–;–;–;–;–;–;–;–;–;–;–;–;–;–;–;–;–;–;–;–;–;–;–;–;–;–;–;–;–;–;–;–;–;–;;
REP;2009;–;30.061 ;193.396 ;0,1;0,4;3.235 ;48.693 ;0,1;0,9;13.564 ;54.588 ;0,2;0,8;–;5.921 ;–;0,3;–;3.084 ;–;0,2;–;577 ;–;0,2;–;–;–;–;6.863 ;19.240 ;0,2;0,6;–;1.583 ;–;0,2;–;–;–;–;2.768 ;30.015 ;0,0;0,3;3.631 ;18.208 ;0,2;0,8;–;–;–;–;–;7.148 ;–;0,3;–;–;–;–;–;–;–;–;–;4.339;–;0,4;30.061;175.125;0,1;0,5;–;18.271;–;0,2;–;–;–;–;–;–;–;–;–;–;–;–;–;–;–;–;–;–;–;–;–;–;–;–;–;–;–;–;–;–;–;–;–;–;–;–;–;–;–;–;–;–;–;–;–;–;–;–;–;–;–;–;–;–;–;–;–;;
REP;2013;–;27.299 ;91.193 ;0,1;0,2;8.245 ;21.847 ;0,1;0,4;8.235 ;27.457 ;0,1;0,4;–;2.564 ;–;0,1;924 ;2.488 ;0,1;0,2;–;–;–;–;–;–;–;–;1.239 ;8.402 ;0,0;0,3;–;663 ;–;0,1;–;2.786 ;–;0,1;2.683 ;13.848 ;0,0;0,1;5.973 ;8.545 ;0,3;0,4;–;–;–;–;–;–;–;–;–;–;–;–;–;–;–;–;–;2.593;–;0,2;26.375;84.427;0,1;0,2;924 ;6.766;0,0;0,1;–;–;–;–;–;–;–;–;–;–;–;–;–;–;–;–;–;–;–;–;–;–;–;–;–;–;–;–;–;–;–;–;–;–;–;–;–;–;–;–;–;–;–;–;–;–;–;–;–;–;–;–;–;–;–;–;–;;
RFP;1976;–;227 ;–;0,0;–;–;–;–;–;–;–;–;–;–;–;–;–;–;–;–;–;–;–;–;–;–;–;–;–;–;–;–;–;–;–;–;–;–;–;–;–;227 ;–;0,0;–;–;–;–;–;–;–;–;–;–;–;–;–;–;–;–;–;–;–;–;–;–;–;–;–;–;–;–;–;–;–;–;–;–;–;–;–;–;–;–;–;–;–;–;–;–;–;–;–;–;–;–;–;–;–;–;–;–;–;–;–;–;–;–;–;–;–;–;–;–;–;–;–;–;–;–;–;–;–;–;–;–;–;–;–;–;–;–;–;–;;
RSF;1949;–;216.749 ;216.749 ;0,9;0,9;2.428 ;2.428 ;0,1;0,1;–;–;–;–;–;–;–;–;–;–;–;–;6.446 ;6.446 ;2,1;2,1;13.830 ;13.830 ;1,5;1,5;–;–;–;–;–;–;–;–;33.275 ;33.275 ;1,0;1,0;142.648 ;142.648 ;2,1;2,1;–;–;–;–;–;–;–;–;–;–;–;–;–;–;–;–;18.122;18.122;1,3;1,3;–;–;–;–;–;–;–;–;–;–;–;–;–;–;–;–;–;–;–;–;–;–;–;–;–;–;–;–;–;–;–;–;–;–;–;–;–;–;–;–;–;–;–;–;–;–;–;–;–;–;–;–;–;–;–;–;–;–;–;–;–;–;–;–;–;–;–;–;–;;
RWVP;1949;–;21.931 ;21.931 ;0,1;0,1;–;–;–;–;–;–;–;–;–;–;–;–;–;–;–;–;–;–;–;–;–;–;–;–;–;–;–;–;–;–;–;–;–;–;–;–;21.931 ;21.931 ;0,3;0,3;–;–;–;–;–;–;–;–;–;–;–;–;–;–;–;–;–;–;–;–;–;–;–;–;–;–;–;–;–;–;–;–;–;–;–;–;–;–;–;–;–;–;–;–;–;–;–;–;–;–;–;–;–;–;–;–;–;–;–;–;–;–;–;–;–;–;–;–;–;–;–;–;–;–;–;–;–;–;–;–;–;–;–;–;–;–;–;–;–;;
SGP;1990;Parteiname 1990-1994: BSA;214 ;826 ;0,0;0,0;–;–;–;–;–;–;–;–;–;161 ;–;0,0;–;–;–;–;–;–;–;–;–;–;–;–;–;–;–;–;–;–;–;–;–;–;–;–;40 ;–;0,0;–;–;–;–;–;–;–;–;–;174 ;665 ;0,0;0,0;–;–;–;–;–;–;–;–;–;–;–;–;40;80;0,0;0,0;174 ;746;0,0;0,0;–;–;–;–;–;–;–;–;–;–;–;–;–;–;–;–;–;–;–;–;–;–;–;–;–;–;–;–;–;–;–;–;–;–;–;–;–;–;–;–;–;–;–;–;–;–;–;–;–;–;–;–;–;–;–;–;–;;
SGP;1994;Parteiname 1990-1994: BSA;–;1.285 ;–;0,0;–;–;–;–;–;–;–;–;–;272 ;–;0,0;–;–;–;–;–;–;–;–;–;–;–;–;–;–;–;–;–;–;–;–;–;–;–;–;–;1.013 ;–;0,0;–;–;–;–;–;–;–;–;–;–;–;–;–;–;–;–;–;–;–;–;–;–;–;–;–;1.151;–;0,0;–;134;–;0,0;–;–;–;–;–;–;–;–;–;–;–;–;–;–;–;–;–;–;–;–;–;–;–;–;–;–;–;–;–;–;–;–;–;–;–;–;–;–;–;–;–;–;–;–;–;–;–;–;–;–;–;–;–;–;–;–;–;;
SGP;1998;Parteiname 1998-2013: PSG;–;6.226 ;–;0,0;–;1.206 ;–;0,0;–;–;–;–;–;298 ;–;0,0;–;–;–;–;–;–;–;–;–;–;–;–;–;622 ;–;0,0;–;–;–;–;–;602 ;–;0,0;–;1.114 ;–;0,0;–;–;–;–;–;–;–;–;–;–;–;–;–;2.384 ;–;0,1;–;–;–;–;–;–;–;–;–;3.679;–;0,0;–;2.547;–;0,0;–;–;–;–;–;–;–;–;–;–;–;–;–;–;–;–;–;–;–;–;–;–;–;–;–;–;–;–;–;–;–;–;–;–;–;–;–;–;–;–;–;–;–;–;–;–;–;–;–;–;–;–;–;–;–;–;–;;
SGP;2005;Parteiname 1998-2013: PSG;–;15.605 ;–;0,0;–;–;–;–;–;–;–;–;–;1.623 ;–;0,1;–;–;–;–;–;–;–;–;–;–;–;–;–;3.346 ;–;0,1;–;–;–;–;–;–;–;–;–;4.087 ;–;0,0;–;–;–;–;–;–;–;–;–;6.549 ;–;0,2;–;–;–;–;–;–;–;–;–;–;–;–;–;8.168;–;0,0;–;7.437;–;0,1;–;–;–;–;–;–;–;–;–;–;–;–;–;–;–;–;–;–;–;–;–;–;–;–;–;–;–;–;–;–;–;–;–;–;–;–;–;–;–;–;–;–;–;–;–;–;–;–;–;–;–;–;–;–;–;–;–;;
SGP;2009;Parteiname 1998-2013: PSG;–;2.957 ;–;0,0;–;–;–;–;–;–;–;–;–;1.420 ;–;0,1;–;–;–;–;–;–;–;–;–;–;–;–;–;–;–;–;–;–;–;–;–;–;–;–;–;1.537 ;–;0,0;–;–;–;–;–;–;–;–;–;–;–;–;–;–;–;–;–;–;–;–;–;–;–;–;–;2.199;–;0,0;–;758;–;0,0;–;–;–;–;–;–;–;–;–;–;–;–;–;–;–;–;–;–;–;–;–;–;–;–;–;–;–;–;–;–;–;–;–;–;–;–;–;–;–;–;–;–;–;–;–;–;–;–;–;–;–;–;–;–;–;–;–;;
SGP;2013;Parteiname 1998-2013: PSG;–;4.564 ;–;0,0;–;–;–;–;–;–;–;–;–;965 ;–;0,1;–;–;–;–;–;–;–;–;–;–;–;–;–;1.444 ;–;0,0;–;–;–;–;–;–;–;–;–;2.155 ;–;0,0;–;–;–;–;–;–;–;–;–;–;–;–;–;–;–;–;–;–;–;–;–;–;–;–;–;4.051;–;0,0;–;513;–;0,0;–;–;–;–;–;–;–;–;–;–;–;–;–;–;–;–;–;–;–;–;–;–;–;–;–;–;–;–;–;–;–;–;–;–;–;–;–;–;–;–;–;–;–;–;–;–;–;–;–;–;–;–;–;–;–;–;–;;
SGP;2017;–;903 ;1.291 ;0,0;0,0;–;–;–;–;–;–;–;–;472 ;473 ;0,0;0,0;–;–;–;–;–;–;–;–;–;–;–;–;97 ;–;0,0;–;–;–;–;–;–;–;–;–;–;818 ;–;0,0;–;–;–;–;–;–;–;–;334 ;–;0,0;–;–;–;–;–;–;–;–;–;–;–;–;–;518;1.081;0,0;0,0;385 ;210;0,0;0,0;–;–;–;–;–;–;–;–;–;–;–;–;–;–;–;–;–;–;–;–;–;–;–;–;–;–;–;–;–;–;–;–;–;–;–;–;–;–;–;–;–;–;–;–;–;–;–;–;–;–;–;–;–;–;–;–;–;;
SGP;2021;einschl. Wiederholungswahl in Teilen Berlins;–;1.399 ;–;0,0;–;–;–;–;–;–;–;–;–;428 ;–;0,0;–;–;–;–;–;–;–;–;–;–;–;–;–;–;–;–;–;–;–;–;–;–;–;–;–;971 ;–;0,0;–;–;–;–;–;–;–;–;–;–;–;–;–;–;–;–;–;–;–;–;–;–;–;–;–;1.187;–;0,0;–;212;–;0,0;–;–;–;–;–;–;–;–;–;–;–;–;–;–;–;–;–;–;–;–;–;–;–;–;–;–;–;–;–;–;–;–;–;–;–;–;–;–;–;–;–;–;–;–;–;–;–;–;–;–;–;–;–;–;–;–;–;;
SGP;2025;–;73 ;425 ;0,0;0,0;–;–;–;–;–;–;–;–;73 ;425 ;0,0;0,0;–;–;–;–;–;–;–;–;–;–;–;–;–;–;–;–;–;–;–;–;–;–;–;–;–;–;–;–;–;–;–;–;–;–;–;–;–;–;–;–;–;–;–;–;–;–;–;–;–;–;–;–;60;228;0,0;0,0;13;197;0,0;0,0;–;–;–;–;–;–;–;–;–;–;–;–;–;–;–;–;–;–;–;–;–;–;–;–;–;–;–;–;–;–;–;–;–;–;–;–;–;–;–;–;–;–;–;–;–;–;–;–;–;–;–;–;–;–;–;–;–;;
SHLP;1953;–;6.269 ;–;0,0;–;–;–;–;–;–;–;–;–;–;–;–;–;–;–;–;–;–;–;–;–;–;–;–;–;–;–;–;–;–;–;–;–;–;–;–;–;–;–;–;–;–;–;–;–;–;–;–;–;–;–;–;–;–;–;–;–;6.269;–;0,5;–;–;–;–;–;–;–;–;–;–;–;–;–;–;–;–;–;–;–;–;–;–;–;–;–;–;–;–;–;–;–;–;–;–;–;–;–;–;–;–;–;–;–;–;–;–;–;–;–;–;–;–;–;–;–;–;–;–;–;–;–;–;–;–;–;–;–;–;–;–;;
sonstige ;2021;einschl. Wiederholungswahl in Teilen Berlins;251 ;–;0,0;–;–;–;–;–;–;–;–;–;251 ;–;0,0;–;–;–;–;–;–;–;–;–;–;–;–;–;–;–;–;–;–;–;–;–;–;–;–;–;–;–;–;–;–;–;–;–;–;–;–;–;–;–;–;–;–;–;–;–;–;–;–;–;–;–;–;–;251;–;0,0;–;–;–;–;–;–;–;–;–;–;–;–;–;–;–;–;–;–;–;–;–;–;–;–;–;–;–;–;–;–;–;–;–;–;–;–;–;–;–;–;–;–;–;–;–;–;–;–;–;–;–;–;–;–;–;–;–;–;–;–;–;–;;
SpAD;1990;–;124 ;1.610 ;0,0;0,0;–;–;–;–;–;–;–;–;–;200 ;–;0,0;–;–;–;–;–;–;–;–;124 ;–;0,0;–;–;–;–;–;–;385 ;–;0,0;–;–;–;–;–;–;–;–;–;–;–;–;–;–;–;–;–;493 ;–;0,0;–;532 ;–;0,0;–;–;–;–;–;–;–;–;124;115;0,0;0,0;–;1.495;–;0,0;–;–;–;–;–;–;–;–;–;–;–;–;–;–;–;–;–;–;–;–;–;–;–;–;–;–;–;–;–;–;–;–;–;–;–;–;–;–;–;–;–;–;–;–;–;–;–;–;–;–;–;–;–;–;–;–;–;;
SSW;1949;–;75.388 ;75.388 ;0,3;0,3;–;–;–;–;–;–;–;–;–;–;–;–;–;–;–;–;–;–;–;–;–;–;–;–;–;–;–;–;–;–;–;–;–;–;–;–;–;–;–;–;–;–;–;–;–;–;–;–;–;–;–;–;–;–;–;–;75.388;75.388;5,4;5,4;–;–;–;–;–;–;–;–;–;–;–;–;1 ;–;–;–;1;–;1 ;–;1;–;–;–;–;–;–;–;–;–;–;–;–;–;–;–;–;–;–;–;–;–;–;–;–;–;–;–;–;–;–;–;–;–;–;–;–;–;–;–;–;–;–;1 ;–;1;–;–;–;;
SSW;1953;–;44.339 ;44.585 ;0,2;0,2;–;–;–;–;–;–;–;–;–;–;–;–;–;–;–;–;–;–;–;–;–;–;–;–;–;–;–;–;–;–;–;–;–;–;–;–;–;–;–;–;–;–;–;–;–;–;–;–;–;–;–;–;–;–;–;–;44.339;44.585;3,3;3,3;–;–;–;–;–;–;–;–;–;–;–;–;–;–;–;–;–;–;–;–;–;–;–;–;–;–;–;–;–;–;–;–;–;–;–;–;–;–;–;–;–;–;–;–;–;–;–;–;–;–;–;–;–;–;–;–;–;–;–;–;–;–;–;–;–;–;–;–;–;;
SSW;1957;–;33.463 ;32.262 ;0,1;0,1;–;–;–;–;–;–;–;–;–;–;–;–;–;–;–;–;–;–;–;–;–;–;–;–;–;–;–;–;–;–;–;–;–;–;–;–;–;–;–;–;–;–;–;–;–;–;–;–;–;–;–;–;–;–;–;–;33.463;32.262;2,5;2,5;–;–;–;–;–;–;–;–;–;–;–;–;–;–;–;–;–;–;–;–;–;–;–;–;–;–;–;–;–;–;–;–;–;–;–;–;–;–;–;–;–;–;–;–;–;–;–;–;–;–;–;–;–;–;–;–;–;–;–;–;–;–;–;–;–;–;–;–;–;;
SSW;1961;–;24.951 ;25.449 ;0,1;0,1;–;–;–;–;–;–;–;–;–;–;–;–;–;–;–;–;–;–;–;–;–;–;–;–;–;–;–;–;–;–;–;–;–;–;–;–;–;–;–;–;–;–;–;–;–;–;–;–;–;–;–;–;–;–;–;–;24.951;25.449;1,8;1,9;–;–;–;–;–;–;–;–;–;–;–;–;–;–;–;–;–;–;–;–;–;–;–;–;–;–;–;–;–;–;–;–;–;–;–;–;–;–;–;–;–;–;–;–;–;–;–;–;–;–;–;–;–;–;–;–;–;–;–;–;–;–;–;–;–;–;–;–;–;;
SSW;2021;einschl. Wiederholungswahl in Teilen Berlins;35.027 ;55.578 ;0,1;0,1;–;–;–;–;–;–;–;–;–;–;–;–;–;–;–;–;–;–;–;–;–;–;–;–;–;–;–;–;–;–;–;–;–;–;–;–;–;–;–;–;–;–;–;–;–;–;–;–;–;–;–;–;–;–;–;–;35.027;55.578;2,0;3,2;–;–;–;–;35.027;55.578;0,1;0,1;–;–;–;–;1 ;–;–;–;1;–;1 ;–;1;–;–;–;–;–;–;–;–;–;–;–;–;–;–;–;–;–;–;–;–;–;–;–;–;–;–;–;–;–;–;–;–;–;–;–;–;–;–;–;–;–;–;1 ;–;1;–;–;–;;
SSW;2025;–;58.779 ;76.138 ;0,1;0,2;–;–;–;–;–;–;–;–;–;–;–;–;–;–;–;–;–;–;–;–;–;–;–;–;–;–;–;–;–;–;–;–;–;–;–;–;–;–;–;–;–;–;–;–;–;–;–;–;–;–;–;–;–;–;–;–;58.779 ;76.138 ;3,1;4,0;–;–;–;–;58.779;76.138;0,1;0,2;–;–;–;–;1 ;–;–;–;1;–;1 ;–;1;–;–;–;–;–;–;–;–;–;–;–;–;–;–;–;–;–;–;–;–;–;–;–;–;–;–;–;–;–;–;–;–;–;–;–;–;–;–;–;–;–;–;1 ;–;1;–;–;–;;
STATT Partei;1994;–;7.927 ;63.354 ;0,0;0,1;–;12.824 ;–;0,2;468 ;10.010 ;0,0;0,1;–;4.514 ;–;0,2;–;1.646 ;–;0,1;–;–;–;–;–;–;–;–;939 ;–;0,0;–;–;–;–;–;–;–;–;–;6.520 ;21.941 ;0,1;0,2;–;5.508 ;–;0,2;–;2.291 ;–;0,3;–;–;–;–;–;–;–;–;–;–;–;–;–;4.620;–;0,3;7.927;55.845;0,0;0,1;–;7.509;–;0,1;–;–;–;–;–;–;–;–;–;–;–;–;–;–;–;–;–;–;–;–;–;–;–;–;–;–;–;–;–;–;–;–;–;–;–;–;–;–;–;–;–;–;–;–;–;–;–;–;–;–;–;–;–;–;–;–;–;;
STATT Partei;1998;–;4.406 ;–;0,0;–;–;–;–;–;–;–;–;–;–;–;–;–;–;–;–;–;–;–;–;–;–;–;–;–;–;–;–;–;–;–;–;–;–;–;–;–;447 ;–;0,0;–;1.603 ;–;0,1;–;–;–;–;–;–;–;–;–;–;–;–;–;2.356;–;0,1;–;–;–;–;–;4.406;–;0,0;–;–;–;–;–;–;–;–;–;–;–;–;–;–;–;–;–;–;–;–;–;–;–;–;–;–;–;–;–;–;–;–;–;–;–;–;–;–;–;–;–;–;–;–;–;–;–;–;–;–;–;–;–;–;–;–;–;–;–;–;–;–;;
STATT Partei;2005;–;496 ;–;0,0;–;–;–;–;–;–;–;–;–;–;–;–;–;–;–;–;–;–;–;–;–;–;–;–;–;–;–;–;–;–;–;–;–;496 ;–;0,0;–;–;–;–;–;–;–;–;–;–;–;–;–;–;–;–;–;–;–;–;–;–;–;–;–;–;–;–;–;496;–;0,0;–;–;–;–;–;–;–;–;–;–;–;–;–;–;–;–;–;–;–;–;–;–;–;–;–;–;–;–;–;–;–;–;–;–;–;–;–;–;–;–;–;–;–;–;–;–;–;–;–;–;–;–;–;–;–;–;–;–;–;–;–;–;;
Team Todenhöfer;2021;einschl. Wiederholungswahl in Teilen Berlins;5.422 ;211.854 ;0,0;0,5;–;26.780 ;–;0,5;3.096 ;24.629 ;0,0;0,3;2.326 ;17.487 ;0,1;1,0;–;3.353 ;–;0,2;–;3.014 ;–;0,9;–;8.952 ;–;0,9;–;21.897 ;–;0,7;–;2.146 ;–;0,2;–;13.565 ;–;0,3;–;65.137 ;–;0,7;–;8.578 ;–;0,4;–;2.281 ;–;0,4;–;6.229 ;–;0,3;–;–;–;–;–;5.305;–;0,3;–;2.501;–;0,2;5.422;194.623;0,0;0,5;–;17.231;–;0,2;–;–;–;–;–;–;–;–;–;–;–;–;–;–;–;–;–;–;–;–;–;–;–;–;–;–;–;–;–;–;–;–;–;–;–;–;–;–;–;–;–;–;–;–;–;–;–;–;–;–;–;–;–;–;–;–;–;;
Team Todenhöfer;2025;–;9.783 ;24.553 ;0,0;0,0;–;–;–;–;–;–;–;–;4.694 ;4.532 ;0,2;0,2;–;–;–;–;–;–;–;–;–;–;–;–;–;–;–;–;–;–;–;–;–;–;–;–;5.089 ;20.021 ;0,0;0,2;–;–;–;–;–;–;–;–;–;–;–;–;–;–;–;–;–;–;–;–;–;–;–;–;9.691;23.497;0,0;0,1;92;1.056;0,0;0,0;–;–;–;–;–;–;–;–;–;–;–;–;–;–;–;–;–;–;–;–;–;–;–;–;–;–;–;–;–;–;–;–;–;–;–;–;–;–;–;–;–;–;–;–;–;–;–;–;–;–;–;–;–;–;–;–;–;;
THP;2021;einschl. Wiederholungswahl in Teilen Berlins;549 ;–;0,0;–;–;–;–;–;–;–;–;–;–;–;–;–;–;–;–;–;–;–;–;–;–;–;–;–;–;–;–;–;–;–;–;–;–;–;–;–;–;–;–;–;–;–;–;–;–;–;–;–;–;–;–;–;–;–;–;–;–;–;–;–;549;–;0,0;–;–;–;–;–;549 ;–;0,0;–;–;–;–;–;–;–;–;–;–;–;–;–;–;–;–;–;–;–;–;–;–;–;–;–;–;–;–;–;–;–;–;–;–;–;–;–;–;–;–;–;–;–;–;–;–;–;–;–;–;–;–;–;–;–;–;–;–;;
Tierschutzallianz;2017;–;6.114 ;32.221 ;0,0;0,1;2.012 ;13.506 ;0,0;0,2;–;–;–;–;–;–;–;–;–;–;–;–;–;–;–;–;–;–;–;–;–;–;–;–;–;–;–;–;–;–;–;–;–;–;–;–;–;–;–;–;–;–;–;–;–;–;–;–;4.102 ;18.715 ;0,3;1,5;–;–;–;–;–;–;–;–;2.012;13.506;0,0;0,0;4.102 ;18.715;0,1;0,2;–;–;–;–;–;–;–;–;–;–;–;–;–;–;–;–;–;–;–;–;–;–;–;–;–;–;–;–;–;–;–;–;–;–;–;–;–;–;–;–;–;–;–;–;–;–;–;–;–;–;–;–;–;–;–;–;–;;
Tierschutzallianz;2021;einschl. Wiederholungswahl in Teilen Berlins;7.371 ;13.672 ;0,0;0,0;–;–;–;–;–;–;–;–;–;–;–;–;–;–;–;–;–;–;–;–;–;–;–;–;–;–;–;–;–;–;–;–;–;–;–;–;–;–;–;–;–;–;–;–;–;–;–;–;–;–;–;–;7.371 ;13.672 ;0,6;1,1;–;–;–;–;–;–;–;–;–;–;–;–;7.371 ;13.672;0,1;0,2;–;–;–;–;–;–;–;–;–;–;–;–;–;–;–;–;–;–;–;–;–;–;–;–;–;–;–;–;–;–;–;–;–;–;–;–;–;–;–;–;–;–;–;–;–;–;–;–;–;–;–;–;–;–;–;–;–;;
Tierschutzpartei;1994;Parteiname 1994-2009: Die Tierschutzpartei;–;71.643 ;–;0,2;–;–;–;–;–;23.458 ;–;0,4;–;–;–;–;–;–;–;–;–;–;–;–;–;–;–;–;–;–;–;–;–;–;–;–;–;15.878 ;–;0,3;–;32.307 ;–;0,3;–;–;–;–;–;–;–;–;–;–;–;–;–;–;–;–;–;–;–;–;–;–;–;–;–;71.643;–;0,2;–;–;–;–;–;–;–;–;–;–;–;–;–;–;–;–;–;–;–;–;–;–;–;–;–;–;–;–;–;–;–;–;–;–;–;–;–;–;–;–;–;–;–;–;–;–;–;–;–;–;–;–;–;–;–;–;–;–;–;–;–;;
Tierschutzpartei;1998;Parteiname 1994-2009: Die Tierschutzpartei;1.734 ;133.832 ;0,0;0,3;–;22.244 ;–;0,4;–;21.376 ;–;0,3;–;9.372 ;–;0,5;–;14.136 ;–;0,9;–;–;–;–;801 ;3.401 ;0,1;0,3;–;12.609 ;–;0,4;–;–;–;–;–;12.077 ;–;0,2;–;27.320 ;–;0,3;–;11.297 ;–;0,5;–;–;–;–;–;–;–;–;933 ;–;0,1;–;–;–;–;–;–;–;–;–;801;115.936;0,0;0,3;933 ;17.896;0,0;0,2;–;–;–;–;–;–;–;–;–;–;–;–;–;–;–;–;–;–;–;–;–;–;–;–;–;–;–;–;–;–;–;–;–;–;–;–;–;–;–;–;–;–;–;–;–;–;–;–;–;–;–;–;–;–;–;–;–;;
Tierschutzpartei;2002;Parteiname 1994-2009: Die Tierschutzpartei;8.858 ;159.655 ;0,0;0,3;–;27.491 ;–;0,5;–;24.486 ;–;0,3;–;–;–;–;–;–;–;–;–;–;–;–;–;–;–;–;7.143 ;18.720 ;0,2;0,5;–;–;–;–;–;17.538 ;–;0,4;–;38.146 ;–;0,4;–;19.324 ;–;0,8;–;–;–;–;–;–;–;–;1.715 ;13.950 ;0,1;1,0;–;–;–;–;–;–;–;–;7.143;145.705;0,0;0,4;1.715 ;13.950;0,0;0,2;–;–;–;–;–;–;–;–;–;–;–;–;–;–;–;–;–;–;–;–;–;–;–;–;–;–;–;–;–;–;–;–;–;–;–;–;–;–;–;–;–;–;–;–;–;–;–;–;–;–;–;–;–;–;–;–;–;;
Tierschutzpartei;2005;Parteiname 1994-2009: Die Tierschutzpartei;7.341 ;110.603 ;0,0;0,2;–;–;–;–;–;–;–;–;–;–;–;–;–;–;–;–;–;–;–;–;–;6.864 ;–;0,7;–;26.786 ;–;0,8;–;–;–;–;–;27.404 ;–;0,6;7.341 ;49.549 ;0,1;0,5;–;–;–;–;–;–;–;–;–;–;–;–;–;–;–;–;–;–;–;–;–;–;–;–;7.341;110.603;0,0;0,3;–;–;–;–;–;–;–;–;–;–;–;–;–;–;–;–;–;–;–;–;–;–;–;–;–;–;–;–;–;–;–;–;–;–;–;–;–;–;–;–;–;–;–;–;–;–;–;–;–;–;–;–;–;–;–;–;–;–;–;–;–;;
Tierschutzpartei;2009;Parteiname 1994-2009: Die Tierschutzpartei;16.887 ;230.872 ;0,0;0,5;–;37.823 ;–;0,7;–;43.215 ;–;0,6;–;23.528 ;–;1,4;–;–;–;–;–;–;–;–;–;–;–;–;14.670 ;31.917 ;0,5;1,0;–;–;–;–;–;34.658 ;–;0,8;2.217 ;59.731 ;0,0;0,6;–;–;–;–;–;–;–;–;–;–;–;–;–;–;–;–;–;–;–;–;–;–;–;–;16.887;220.799;0,0;0,6;–;10.073;–;0,1;–;–;–;–;–;–;–;–;–;–;–;–;–;–;–;–;–;–;–;–;–;–;–;–;–;–;–;–;–;–;–;–;–;–;–;–;–;–;–;–;–;–;–;–;–;–;–;–;–;–;–;–;–;–;–;–;–;;
Tierschutzpartei;2013;–;4.437 ;140.366 ;0,0;0,3;–;43.277 ;–;0,8;–;46.937 ;–;0,7;–;–;–;–;–;–;–;–;–;3.465 ;–;1,1;–;–;–;–;–;–;–;–;–;–;–;–;–;33.809 ;–;0,8;–;–;–;–;–;–;–;–;–;–;–;–;–;–;–;–;4.437 ;–;0,4;–;–;12.878;–;0,8;–;–;–;–;–;140.366;–;0,4;4.437 ;–;0,1;–;–;–;–;–;–;–;–;–;–;–;–;–;–;–;–;–;–;–;–;–;–;–;–;–;–;–;–;–;–;–;–;–;–;–;–;–;–;–;–;–;–;–;–;–;–;–;–;–;–;–;–;–;–;–;–;–;–;;
Tierschutzpartei;2017;–;22.917 ;374.179 ;0,0;0,8;20.756 ;51.355 ;0,3;0,9;–;66.218 ;–;0,9;–;25.415 ;–;1,4;–;26.243 ;–;1,8;–;–;–;–;–;8.813 ;–;0,9;–;34.079 ;–;1,0;2.161 ;12.507 ;0,2;1,3;–;40.487 ;–;0,9;–;73.941 ;–;0,8;–;–;–;–;–;–;–;–;–;35.121 ;–;1,4;–;–;–;–;–;–;–;–;–;–;–;–;20.756;288.754;0,1;0,8;2.161 ;85.425;0,0;1,0;–;–;–;–;–;–;–;–;–;–;–;–;–;–;–;–;–;–;–;–;–;–;–;–;–;–;–;–;–;–;–;–;–;–;–;–;–;–;–;–;–;–;–;–;–;–;–;–;–;–;–;–;–;–;–;–;–;;
Tierschutzpartei;2021;einschl. Wiederholungswahl in Teilen Berlins;160.865 ;673.669 ;0,3;1,5;21.822 ;74.702 ;0,4;1,3;20.429 ;80.911 ;0,3;1,1;47.131 ;43.598 ;2,8;2,6;6.735 ;39.823 ;0,4;2,6;2.440 ;4.517 ;0,7;1,4;–;12.325 ;–;1,2;–;49.047 ;–;1,5;14.324 ;20.582 ;1,6;2,2;25.460 ;57.931 ;0,6;1,3;11.068 ;136.195 ;0,1;1,4;9.487 ;35.759 ;0,4;1,5;–;16.231 ;–;2,8;–;47.939 ;–;1,9;1.969 ;14.483 ;0,2;1,2;–;20.653;–;1,2;–;18.973;–;1,5;115.330;510.867;0,3;1,3;45.535 ;162.802;0,6;2,0;–;–;–;–;–;–;–;–;–;–;–;–;–;–;–;–;–;–;–;–;–;–;–;–;–;–;–;–;–;–;–;–;–;–;–;–;–;–;–;–;–;–;–;–;–;–;–;–;–;–;–;–;–;–;–;–;–;;
Tierschutzpartei;2025;–;82.498 ;482.201 ;0,2;1,0;10.548 ;55.906 ;0,2;0,9;28.481 ;61.869 ;0,4;0,8;15.740 ;29.384 ;0,8;1,5;–;–;–;–;–;–;–;–;–;9.735 ;–;0,9;2.772 ;44.516 ;0,1;1,2;6.199 ;15.656 ;0,6;1,5;7.649 ;58.107 ;0,2;1,2;–;133.480 ;–;1,3;11.109 ;31.542 ;0,4;1,3;–;12.263 ;–;2,0;–;29.743 ;–;1,2;–;–;–;–;–;–;–;–;–;–;–;–;69.036;422.908;0,2;1,0;13.462;59.293;0,2;0,7;–;–;–;–;–;–;–;–;–;–;–;–;–;–;–;–;–;–;–;–;–;–;–;–;–;–;–;–;–;–;–;–;–;–;–;–;–;–;–;–;–;–;–;–;–;–;–;–;–;–;–;–;–;–;–;–;–;;
UAP;1965;–;1.127 ;3.959 ;0,0;0,0;–;–;–;–;–;–;–;–;–;–;–;–;–;–;–;–;–;–;–;–;–;–;–;–;–;–;–;–;–;–;–;–;–;–;–;–;1.127 ;3.959 ;0,0;0,0;–;–;–;–;–;–;–;–;–;–;–;–;–;–;–;–;–;–;–;–;–;–;–;–;–;–;–;–;–;–;–;–;–;–;–;–;–;–;–;–;–;–;–;–;–;–;–;–;–;–;–;–;–;–;–;–;–;–;–;–;–;–;–;–;–;–;–;–;–;–;–;–;–;–;–;–;–;–;–;–;–;–;–;–;–;–;–;–;–;;
UAP;1969;–;1.531 ;5.309 ;0,0;0,0;–;–;–;–;–;–;–;–;–;–;–;–;–;–;–;–;–;–;–;–;–;–;–;–;136 ;–;0,0;–;–;–;–;–;–;–;–;–;1.395 ;5.309 ;0,0;0,1;–;–;–;–;–;–;–;–;–;–;–;–;–;–;–;–;–;–;–;–;–;–;–;–;–;–;–;–;–;–;–;–;–;–;–;–;–;–;–;–;–;–;–;–;–;–;–;–;–;–;–;–;–;–;–;–;–;–;–;–;–;–;–;–;–;–;–;–;–;–;–;–;–;–;–;–;–;–;–;–;–;–;–;–;–;–;–;–;–;;
UAP;1976;–;499 ;765 ;0,0;0,0;–;–;–;–;–;–;–;–;–;–;–;–;–;–;–;–;–;–;–;–;–;–;–;–;–;–;–;–;–;–;–;–;–;–;–;–;499 ;765 ;0,0;0,0;–;–;–;–;–;–;–;–;–;–;–;–;–;–;–;–;–;–;–;–;–;–;–;–;–;–;–;–;–;–;–;–;–;–;–;–;–;–;–;–;–;–;–;–;–;–;–;–;–;–;–;–;–;–;–;–;–;–;–;–;–;–;–;–;–;–;–;–;–;–;–;–;–;–;–;–;–;–;–;–;–;–;–;–;–;–;–;–;–;;
UAP;1980;–;159 ;–;0,0;–;–;–;–;–;–;–;–;–;–;–;–;–;–;–;–;–;–;–;–;–;–;–;–;–;–;–;–;–;–;–;–;–;–;–;–;–;159 ;–;0,0;–;–;–;–;–;–;–;–;–;–;–;–;–;–;–;–;–;–;–;–;–;–;–;–;–;–;–;–;–;–;–;–;–;–;–;–;–;–;–;–;–;–;–;–;–;–;–;–;–;–;–;–;–;–;–;–;–;–;–;–;–;–;–;–;–;–;–;–;–;–;–;–;–;–;–;–;–;–;–;–;–;–;–;–;–;–;–;–;–;–;;
UAP;1987;–;352 ;–;0,0;–;–;–;–;–;–;–;–;–;–;–;–;–;–;–;–;–;–;–;–;–;–;–;–;–;–;–;–;–;–;–;–;–;–;–;–;–;352 ;–;0,0;–;–;–;–;–;–;–;–;–;–;–;–;–;–;–;–;–;–;–;–;–;–;–;–;–;–;–;–;–;–;–;–;–;–;–;–;–;–;–;–;–;–;–;–;–;–;–;–;–;–;–;–;–;–;–;–;–;–;–;–;–;–;–;–;–;–;–;–;–;–;–;–;–;–;–;–;–;–;–;–;–;–;–;–;–;–;–;–;–;–;;
UAP;1994;–;302 ;–;0,0;–;–;–;–;–;–;–;–;–;–;–;–;–;–;–;–;–;–;–;–;–;–;–;–;–;–;–;–;–;–;–;–;–;–;–;–;–;302 ;–;0,0;–;–;–;–;–;–;–;–;–;–;–;–;–;–;–;–;–;–;–;–;–;–;–;–;–;302;–;0,0;–;–;–;–;–;–;–;–;–;–;–;–;–;–;–;–;–;–;–;–;–;–;–;–;–;–;–;–;–;–;–;–;–;–;–;–;–;–;–;–;–;–;–;–;–;–;–;–;–;–;–;–;–;–;–;–;–;–;–;–;–;–;;
Unabhängige;2005;–;11.703 ;–;0,0;–;–;–;–;–;5.205 ;–;0,1;–;2.844 ;–;0,2;–;–;–;–;–;–;–;–;–;–;–;–;–;1.467 ;–;0,0;–;–;–;–;–;673 ;–;0,0;–;–;–;–;–;–;–;–;–;–;–;–;–;1.514 ;–;0,1;–;–;–;–;–;–;–;–;–;–;–;–;–;10.189;–;0,0;–;1.514 ;–;0,0;–;–;–;–;–;–;–;–;–;–;–;–;–;–;–;–;–;–;–;–;–;–;–;–;–;–;–;–;–;–;–;–;–;–;–;–;–;–;–;–;–;–;–;–;–;–;–;–;–;–;–;–;–;–;–;–;–;–;;
UNABHÄNGIGE;2017;–;2.458 ;–;0,0;–;–;–;–;–;2.458 ;–;0,0;–;–;–;–;–;–;–;–;–;–;–;–;–;–;–;–;–;–;–;–;–;–;–;–;–;–;–;–;–;–;–;–;–;–;–;–;–;–;–;–;–;–;–;–;–;–;–;–;–;–;–;–;–;–;–;–;–;2.458;–;0,0;–;–;–;–;–;–;–;–;–;–;–;–;–;–;–;–;–;–;–;–;–;–;–;–;–;–;–;–;–;–;–;–;–;–;–;–;–;–;–;–;–;–;–;–;–;–;–;–;–;–;–;–;–;–;–;–;–;–;–;–;–;–;;
UNABHÄNGIGE;2021;einschl. Wiederholungswahl in Teilen Berlins;13.421 ;22.736 ;0,0;0,0;–;–;–;–;1.952 ;13.623 ;0,0;0,2;–;–;–;–;7.339 ;9.113 ;0,5;0,6;–;–;–;–;–;–;–;–;951 ;–;0,0;–;1.019 ;–;0,1;–;–;–;–;–;1.020 ;–;0,0;–;1.140 ;–;0,0;–;–;–;–;–;–;–;–;–;–;–;–;–;–;–;–;–;–;–;–;–;5.063;13.623;0,0;0,0;8.358 ;9.113;0,1;0,1;–;–;–;–;–;–;–;–;–;–;–;–;–;–;–;–;–;–;–;–;–;–;–;–;–;–;–;–;–;–;–;–;–;–;–;–;–;–;–;–;–;–;–;–;–;–;–;–;–;–;–;–;–;–;–;–;–;;
USD;1983;–;450 ;3.333 ;0,0;0,0;–;–;–;–;–;–;–;–;–;–;–;–;–;–;–;–;–;–;–;–;–;–;–;–;–;–;–;–;–;–;–;–;–;–;–;–;450 ;3.333 ;0,0;0,0;–;–;–;–;–;–;–;–;–;–;–;–;–;–;–;–;–;–;–;–;–;–;–;–;–;–;–;–;–;–;–;–;–;–;–;–;–;–;–;–;–;–;–;–;–;–;–;–;–;–;–;–;–;–;–;–;–;–;–;–;–;–;–;–;–;–;–;–;–;–;–;–;–;–;–;–;–;–;–;–;–;–;–;–;–;–;–;–;–;;
V;1980;–;7.160 ;9.319 ;0,0;0,0;939 ;1.488 ;0,0;0,0;455 ;1.124 ;0,0;0,0;–;–;–;–;–;–;–;–;545 ;350 ;0,1;0,1;994 ;493 ;0,1;0,0;676 ;997 ;0,0;0,0;–;–;–;–;558 ;993 ;0,0;0,0;2.252 ;2.407 ;0,0;0,0;–;578 ;–;0,0;–;213 ;–;0,0;–;–;–;–;–;–;–;–;741;676;0,0;0,0;–;–;–;–;–;–;–;–;–;–;–;–;–;–;–;–;–;–;–;–;–;–;–;–;–;–;–;–;–;–;–;–;–;–;–;–;–;–;–;–;–;–;–;–;–;–;–;–;–;–;–;–;–;–;–;–;–;–;–;–;–;–;–;–;–;–;–;–;–;;
VAA;1990;–;704 ;4.530 ;0,0;0,0;66 ;–;0,0;–;113 ;–;0,0;–;–;480 ;–;0,0;–;–;–;–;–;–;–;–;–;–;–;–;136 ;–;0,0;–;–;–;–;–;–;–;–;–;78 ;1.822 ;0,0;0,0;–;–;–;–;–;–;–;–;311 ;2.228 ;0,0;0,1;–;–;–;–;–;–;–;–;–;–;–;–;393;2.014;0,0;0,0;311 ;2.516;0,0;0,0;–;–;–;–;–;–;–;–;–;–;–;–;–;–;–;–;–;–;–;–;–;–;–;–;–;–;–;–;–;–;–;–;–;–;–;–;–;–;–;–;–;–;–;–;–;–;–;–;–;–;–;–;–;–;–;–;–;;
Verjüngungsforschung;2017;Parteiname 2017: Gesundheitsforschung;1.537 ;23.404 ;0,0;0,1;–;–;–;–;–;9.529 ;–;0,1;1.537 ;4.832 ;0,1;0,3;–;–;–;–;–;–;–;–;–;–;–;–;–;–;–;–;–;–;–;–;–;–;–;–;–;9.043 ;–;0,1;–;–;–;–;–;–;–;–;–;–;–;–;–;–;–;–;–;–;–;–;–;–;–;–;–;20.357;–;0,1;1.537 ;3.047;0,0;0,0;–;–;–;–;–;–;–;–;–;–;–;–;–;–;–;–;–;–;–;–;–;–;–;–;–;–;–;–;–;–;–;–;–;–;–;–;–;–;–;–;–;–;–;–;–;–;–;–;–;–;–;–;–;–;–;–;–;;
Verjüngungsforschung;2021;"einschl. Wiederholungswahl in Teilen Berlins; Parteiname 2021: Gesundheitsforschung";2.171 ;48.496 ;0,0;0,1;–;7.059 ;–;0,1;–;8.524 ;–;0,1;805 ;4.297 ;0,0;0,3;–;–;–;–;–;–;–;–;–;–;–;–;–;4.891 ;–;0,1;–;–;–;–;–;–;–;–;–;11.673 ;–;0,1;–;–;–;–;–;–;–;–;1.366 ;12.052 ;0,1;0,5;–;–;–;–;–;–;–;–;–;–;–;–;398;33.976;0,0;0,1;1.773 ;14.520;0,0;0,2;–;–;–;–;–;–;–;–;–;–;–;–;–;–;–;–;–;–;–;–;–;–;–;–;–;–;–;–;–;–;–;–;–;–;–;–;–;–;–;–;–;–;–;–;–;–;–;–;–;–;–;–;–;–;–;–;–;;
Verjüngungsforschung;2025;–;–;303 ;–;0,0;–;–;–;–;–;–;–;–;–;–;–;–;–;–;–;–;–;303 ;–;0,1;–;–;–;–;–;–;–;–;–;–;–;–;–;–;–;–;–;–;–;–;–;–;–;–;–;–;–;–;–;–;–;–;–;–;–;–;–;–;–;–;–;–;–;–;–;303;–;0,0;–;–;–;–;–;–;–;–;–;–;–;–;–;–;–;–;–;–;–;–;–;–;–;–;–;–;–;–;–;–;–;–;–;–;–;–;–;–;–;–;–;–;–;–;–;–;–;–;–;–;–;–;–;–;–;–;–;–;–;–;–;;
VL;1976;–;217 ;701 ;0,0;0,0;–;–;–;–;–;–;–;–;–;–;–;–;–;–;–;–;–;–;–;–;–;–;–;–;–;–;–;–;–;–;–;–;–;–;–;–;217 ;701 ;0,0;0,0;–;–;–;–;–;–;–;–;–;–;–;–;–;–;–;–;–;–;–;–;–;–;–;–;–;–;–;–;–;–;–;–;–;–;–;–;–;–;–;–;–;–;–;–;–;–;–;–;–;–;–;–;–;–;–;–;–;–;–;–;–;–;–;–;–;–;–;–;–;–;–;–;–;–;–;–;–;–;–;–;–;–;–;–;–;–;–;–;–;;
Volksabstimmung;1998;Parteiname 1998-2005: Deutschland;1.946 ;6.196 ;0,0;0,0;712 ;–;0,0;–;–;–;–;–;–;–;–;–;–;–;–;–;–;–;–;–;–;–;–;–;–;–;–;–;–;–;–;–;192 ;–;0,0;–;1.042 ;6.196 ;0,0;0,1;–;–;–;–;–;–;–;–;–;–;–;–;–;–;–;–;–;–;–;–;–;–;–;–;1.946;6.196;0,0;0,0;–;–;–;–;–;–;–;–;–;–;–;–;–;–;–;–;–;–;–;–;–;–;–;–;–;–;–;–;–;–;–;–;–;–;–;–;–;–;–;–;–;–;–;–;–;–;–;–;–;–;–;–;–;–;–;–;–;–;–;–;–;;
Volksabstimmung;2002;Parteiname 1998-2005: Deutschland;571 ;–;0,0;–;–;–;–;–;–;–;–;–;–;–;–;–;–;–;–;–;–;–;–;–;–;–;–;–;–;–;–;–;–;–;–;–;312 ;–;0,0;–;259 ;–;0,0;–;–;–;–;–;–;–;–;–;–;–;–;–;–;–;–;–;–;–;–;–;–;–;–;–;571;–;0,0;–;–;–;–;–;–;–;–;–;–;–;–;–;–;–;–;–;–;–;–;–;–;–;–;–;–;–;–;–;–;–;–;–;–;–;–;–;–;–;–;–;–;–;–;–;–;–;–;–;–;–;–;–;–;–;–;–;–;–;–;–;–;;
Volksabstimmung;2005;Parteiname 1998-2005: Deutschland;1.473 ;9.643 ;0,0;0,0;–;–;–;–;–;–;–;–;–;–;–;–;–;–;–;–;–;–;–;–;–;–;–;–;–;–;–;–;–;–;–;–;–;–;–;–;1.473 ;9.643 ;0,0;0,1;–;–;–;–;–;–;–;–;–;–;–;–;–;–;–;–;–;–;–;–;–;–;–;–;1.473;9.643;0,0;0,0;–;–;–;–;–;–;–;–;–;–;–;–;–;–;–;–;–;–;–;–;–;–;–;–;–;–;–;–;–;–;–;–;–;–;–;–;–;–;–;–;–;–;–;–;–;–;–;–;–;–;–;–;–;–;–;–;–;–;–;–;–;;
Volksabstimmung;2009;–;2.550 ;23.015 ;0,0;0,1;–;13.648 ;–;0,3;–;–;–;–;–;–;–;–;–;–;–;–;–;–;–;–;–;–;–;–;–;–;–;–;–;–;–;–;–;–;–;–;2.550 ;9.367 ;0,0;0,1;–;–;–;–;–;–;–;–;–;–;–;–;–;–;–;–;–;–;–;–;–;–;–;–;2.550;23.015;0,0;0,1;–;–;–;–;–;–;–;–;–;–;–;–;–;–;–;–;–;–;–;–;–;–;–;–;–;–;–;–;–;–;–;–;–;–;–;–;–;–;–;–;–;–;–;–;–;–;–;–;–;–;–;–;–;–;–;–;–;–;–;–;–;;
Volksabstimmung;2013;–;1.748 ;28.654 ;0,0;0,1;–;11.032 ;–;0,2;–;–;–;–;–;–;–;–;–;–;–;–;–;–;–;–;–;–;–;–;–;–;–;–;–;–;–;–;–;–;–;–;1.748 ;17.622 ;0,0;0,2;–;–;–;–;–;–;–;–;–;–;–;–;–;–;–;–;–;–;–;–;–;–;–;–;1.748;28.654;0,0;0,1;–;–;–;–;–;–;–;–;–;–;–;–;–;–;–;–;–;–;–;–;–;–;–;–;–;–;–;–;–;–;–;–;–;–;–;–;–;–;–;–;–;–;–;–;–;–;–;–;–;–;–;–;–;–;–;–;–;–;–;–;–;;
Volksabstimmung;2017;–;6.316 ;9.631 ;0,0;0,0;–;–;–;–;–;–;–;–;–;–;–;–;–;–;–;–;–;–;–;–;–;–;–;–;–;–;–;–;–;–;–;–;–;–;–;–;6.316 ;9.631 ;0,1;0,1;–;–;–;–;–;–;–;–;–;–;–;–;–;–;–;–;–;–;–;–;–;–;–;–;6.316;9.631;0,0;0,0;–;–;–;–;–;–;–;–;–;–;–;–;–;–;–;–;–;–;–;–;–;–;–;–;–;–;–;–;–;–;–;–;–;–;–;–;–;–;–;–;–;–;–;–;–;–;–;–;–;–;–;–;–;–;–;–;–;–;–;–;–;;
Volksabstimmung;2021;einschl. Wiederholungswahl in Teilen Berlins;1.086 ;–;0,0;–;–;–;–;–;–;–;–;–;–;–;–;–;–;–;–;–;–;–;–;–;–;–;–;–;–;–;–;–;–;–;–;–;–;–;–;–;1.086 ;–;0,0;–;–;–;–;–;–;–;–;–;–;–;–;–;–;–;–;–;–;–;–;–;–;–;–;–;1.086;–;0,0;–;–;–;–;–;–;–;–;–;–;–;–;–;–;–;–;–;–;–;–;–;–;–;–;–;–;–;–;–;–;–;–;–;–;–;–;–;–;–;–;–;–;–;–;–;–;–;–;–;–;–;–;–;–;–;–;–;–;–;–;–;–;;
Volt;2021;einschl. Wiederholungswahl in Teilen Berlins;77.594 ;164.300 ;0,2;0,4;11.146 ;20.620 ;0,2;0,3;14.028 ;21.434 ;0,2;0,3;2.044 ;10.471 ;0,1;0,6;1.004 ;4.293 ;0,1;0,3;1.182 ;1.322 ;0,4;0,4;4.476 ;5.429 ;0,4;0,5;7.725 ;19.268 ;0,2;0,6;–;1.904 ;–;0,2;–;11.897 ;–;0,3;24.138 ;36.039 ;0,2;0,4;10.420 ;11.110 ;0,4;0,5;–;4.019 ;–;0,7;–;6.674 ;–;0,3;–;2.097 ;–;0,2;1.431;4.157;0,1;0,2;–;3.566;–;0,3;75.293;141.162;0,2;0,4;2.301 ;23.138;0,0;0,3;–;–;–;–;–;–;–;–;–;–;–;–;–;–;–;–;–;–;–;–;–;–;–;–;–;–;–;–;–;–;–;–;–;–;–;–;–;–;–;–;–;–;–;–;–;–;–;–;–;–;–;–;–;–;–;–;–;;
Volt;2025;–;391.666 ;355.262 ;0,8;0,7;69.168 ;49.025 ;1,1;0,8;66.017 ;50.671 ;0,8;0,6;–;18.231 ;–;0,9;10.687 ;11.370 ;0,7;0,7;5.736 ;3.836 ;1,7;1,1;11.921 ;15.549 ;1,1;1,5;47.890 ;31.542 ;1,3;0,9;–;6.350 ;–;0,6;40.077 ;30.488 ;0,8;0,6;79.713 ;68.915 ;0,8;0,7;26.409 ;18.846 ;1,1;0,8;–;3.720 ;–;0,6;10.766 ;14.741 ;0,4;0,6;–;8.484 ;–;0,6;23.282 ;16.496 ;1,2;0,9;–;6.998 ;–;0,5;370.213;298.733;0,9;0,7;21.453;56.529;0,2;0,6;–;–;–;–;–;–;–;–;–;–;–;–;–;–;–;–;–;–;–;–;–;–;–;–;–;–;–;–;–;–;–;–;–;–;–;–;–;–;–;–;–;–;–;–;–;–;–;–;–;–;–;–;–;–;–;–;–;;
V-Partei³;2017;–;1.201 ;64.073 ;0,0;0,1;–;7.601 ;–;0,1;–;13.391 ;–;0,2;–;2.733 ;–;0,1;–;–;–;–;–;1.019 ;–;0,3;–;2.169 ;–;0,2;–;5.246 ;–;0,2;–;–;–;–;–;6.076 ;–;0,1;–;10.513 ;–;0,1;–;6.203 ;–;0,3;–;1.614 ;–;0,3;–;4.058 ;–;0,2;–;–;–;–;–;–;–;–;1.201;3.450;0,1;0,3;–;55.401;–;0,1;1.201 ;8.672;0,0;0,1;–;–;–;–;–;–;–;–;–;–;–;–;–;–;–;–;–;–;–;–;–;–;–;–;–;–;–;–;–;–;–;–;–;–;–;–;–;–;–;–;–;–;–;–;–;–;–;–;–;–;–;–;–;–;–;–;–;;
V-Partei³;2021;einschl. Wiederholungswahl in Teilen Berlins;10.644 ;31.763 ;0,0;0,1;550 ;–;0,0;–;6.678 ;8.331 ;0,1;0,1;–;1.178 ;–;0,1;–;–;–;–;609 ;515 ;0,2;0,2;–;1.219 ;–;0,1;–;3.128 ;–;0,1;–;–;–;–;630 ;3.283 ;0,0;0,1;454 ;6.628 ;0,0;0,1;–;2.202 ;–;0,1;–;–;–;–;1.142 ;2.464 ;0,0;0,1;–;–;–;–;581;1.763;0,0;0,1;–;1.052;–;0,1;9.502;27.718;0,0;0,1;1.142 ;4.045;0,0;0,1;–;–;–;–;–;–;–;–;–;–;–;–;–;–;–;–;–;–;–;–;–;–;–;–;–;–;–;–;–;–;–;–;–;–;–;–;–;–;–;–;–;–;–;–;–;–;–;–;–;–;–;–;–;–;–;–;–;;
VU;1953;–;2.531 ;–;0,0;–;–;–;–;–;2.531 ;–;0,0;–;–;–;–;–;–;–;–;–;–;–;–;–;–;–;–;–;–;–;–;–;–;–;–;–;–;–;–;–;–;–;–;–;–;–;–;–;–;–;–;–;–;–;–;–;–;–;–;–;–;–;–;–;–;–;–;–;–;–;–;–;–;–;–;–;–;–;–;–;–;–;–;–;–;–;–;–;–;–;–;–;–;–;–;–;–;–;–;–;–;–;–;–;–;–;–;–;–;–;–;–;–;–;–;–;–;–;–;–;–;–;–;–;–;–;–;–;–;–;–;–;–;;
VU;1957;–;2.250 ;5.020 ;0,0;0,0;–;–;–;–;2.250 ;5.020 ;0,0;0,1;–;–;–;–;–;–;–;–;–;–;–;–;–;–;–;–;–;–;–;–;–;–;–;–;–;–;–;–;–;–;–;–;–;–;–;–;–;–;–;–;–;–;–;–;–;–;–;–;–;–;–;–;–;–;–;–;–;–;–;–;–;–;–;–;–;–;–;–;–;–;–;–;–;–;–;–;–;–;–;–;–;–;–;–;–;–;–;–;–;–;–;–;–;–;–;–;–;–;–;–;–;–;–;–;–;–;–;–;–;–;–;–;–;–;–;–;–;–;–;–;–;;
WAV;1949;–;681.888 ;681.888 ;2,9;2,9;–;–;–;–;681.888 ;681.888 ;14,4;14,4;–;–;–;–;–;–;–;–;–;–;–;–;–;–;–;–;–;–;–;–;–;–;–;–;–;–;–;–;–;–;–;–;–;–;–;–;–;–;–;–;–;–;–;–;–;–;–;–;–;–;–;–;–;–;–;–;–;–;–;–;–;–;–;–;12 ;–;–;–;12;–;12 ;–;12;–;–;–;12 ;–;12;–;–;–;–;–;–;–;–;–;–;–;–;–;–;–;–;–;–;–;–;–;–;–;–;–;–;–;–;–;–;–;–;–;–;–;–;–;–;–;–;–;–;;
WerteUnion;2025;–;2.849 ;6.736 ;0,0;0,0;–;–;–;–;–;–;–;–;–;–;–;–;–;–;–;–;–;–;–;–;–;–;–;–;–;–;–;–;–;–;–;–;–;–;–;–;2.849 ;6.736 ;0,0;0,1;–;–;–;–;–;–;–;–;–;–;–;–;–;–;–;–;–;–;–;–;–;–;–;–;2.849;6.736;0,0;0,0;–;–;–;–;–;–;–;–;–;–;–;–;–;–;–;–;–;–;–;–;–;–;–;–;–;–;–;–;–;–;–;–;–;–;–;–;–;–;–;–;–;–;–;–;–;–;–;–;–;–;–;–;–;–;–;–;–;–;–;–;–;;
WGnD;1961;–;778 ;–;0,0;–;–;–;–;–;633 ;–;0,0;–;–;–;–;–;–;–;–;–;–;–;–;–;–;–;–;–;–;–;–;–;–;–;–;–;–;–;–;–;145 ;–;0,0;–;–;–;–;–;–;–;–;–;–;–;–;–;–;–;–;–;–;–;–;–;–;–;–;–;–;–;–;–;–;–;–;–;–;–;–;–;–;–;–;–;–;–;–;–;–;–;–;–;–;–;–;–;–;–;–;–;–;–;–;–;–;–;–;–;–;–;–;–;–;–;–;–;–;–;–;–;–;–;–;–;–;–;–;–;–;–;–;–;–;;
Wir Bürger;2021;einschl. Wiederholungswahl in Teilen Berlins;11.005 ;11.328 ;0,0;0,0;508 ;1.578 ;0,0;0,0;1.861 ;1.806 ;0,0;0,0;1.726 ;1.401 ;0,1;0,1;–;–;–;–;–;–;–;–;179 ;248 ;0,0;0,0;103 ;932 ;0,0;0,0;–;–;–;–;1.807 ;1.306 ;0,0;0,0;1.064 ;2.298 ;0,0;0,0;573 ;1.044 ;0,0;0,0;–;–;–;–;1.795 ;–;0,1;–;–;–;–;–;1.051;715;0,1;0,0;338;–;0,0;–;7.824;10.525;0,0;0,0;3.181 ;803;0,0;0,0;–;–;–;–;–;–;–;–;–;–;–;–;–;–;–;–;–;–;–;–;–;–;–;–;–;–;–;–;–;–;–;–;–;–;–;–;–;–;–;–;–;–;–;–;–;–;–;–;–;–;–;–;–;–;–;–;–;;
Zentrum;1949;–;727.505 ;727.505 ;3,1;3,1;–;–;–;–;–;–;–;–;–;–;–;–;–;–;–;–;–;–;–;–;–;–;–;–;–;–;–;–;–;–;–;–;113.464 ;113.464 ;3,4;3,4;601.435 ;601.435 ;8,9;8,9;–;–;–;–;–;–;–;–;–;–;–;–;–;–;–;–;12.606;12.606;0,9;0,9;–;–;–;–;–;–;–;–;–;–;–;–;10 ;2 ;–;–;10;2;10 ;–;10;–;–;–;–;–;–;–;–;–;–;–;–;–;–;–;–;–;–;–;–;–;–;–;–;–;–;–;10 ;–;10;–;–;–;–;–;–;–;–;–;–;–;–;–;–;–;–;–;–;;
Zentrum;1953;–;55.835 ;217.078 ;0,2;0,8;–;–;–;–;–;–;–;–;–;–;–;–;–;–;–;–;–;–;–;–;–;–;–;–;–;–;–;–;–;–;–;–;–;–;–;–;55.835 ;217.078 ;0,7;2,7;–;–;–;–;–;–;–;–;–;–;–;–;–;–;–;–;–;–;–;–;–;–;–;–;–;–;–;–;–;–;–;–;3 ;–;1;–;2;–;3 ;1;2;–;–;–;–;–;–;–;–;–;–;–;–;–;–;–;–;–;–;–;–;–;–;–;–;–;–;–;3 ;1;2;–;–;–;–;–;–;–;–;–;–;–;–;–;–;–;–;–;–;;
Zentrum;1969;–;–;15.933 ;–;0,0;–;–;–;–;–;–;–;–;–;–;–;–;–;–;–;–;–;–;–;–;–;–;–;–;–;–;–;–;–;–;–;–;–;–;–;–;–;15.114 ;–;0,2;–;–;–;–;–;819 ;–;0,1;–;–;–;–;–;–;–;–;–;–;–;–;–;–;–;–;–;–;–;–;–;–;–;–;–;–;–;–;–;–;–;–;–;–;–;–;–;–;–;–;–;–;–;–;–;–;–;–;–;–;–;–;–;–;–;–;–;–;–;–;–;–;–;–;–;–;–;–;–;–;–;–;–;–;–;–;–;–;–;–;–;;
ZENTRUM;1987;–;4.020 ;19.035 ;0,0;0,1;2.656 ;9.954 ;0,0;0,2;–;–;–;–;–;–;–;–;–;–;–;–;–;–;–;–;286 ;–;0,0;–;658 ;–;0,0;–;–;–;–;–;236 ;–;0,0;–;–;9.081 ;–;0,1;–;–;–;–;184 ;–;0,0;–;–;–;–;–;–;–;–;–;–;–;–;–;–;–;–;–;–;–;–;–;–;–;–;–;–;–;–;–;–;–;–;–;–;–;–;–;–;–;–;–;–;–;–;–;–;–;–;–;–;–;–;–;–;–;–;–;–;–;–;–;–;–;–;–;–;–;–;–;–;–;–;–;–;–;–;–;–;–;–;–;–;;
ZENTRUM;1994;–;1.489 ;3.757 ;0,0;0,0;–;–;–;–;–;–;–;–;–;–;–;–;–;–;–;–;–;–;–;–;–;–;–;–;–;–;–;–;–;–;–;–;–;–;–;–;1.489 ;3.757 ;0,0;0,0;–;–;–;–;–;–;–;–;–;–;–;–;–;–;–;–;–;–;–;–;–;–;–;–;1.489;3.757;0,0;0,0;–;–;–;–;–;–;–;–;–;–;–;–;–;–;–;–;–;–;–;–;–;–;–;–;–;–;–;–;–;–;–;–;–;–;–;–;–;–;–;–;–;–;–;–;–;–;–;–;–;–;–;–;–;–;–;–;–;–;–;–;–;;
ZENTRUM;1998;–;2.076 ;–;0,0;–;–;–;–;–;–;–;–;–;–;–;–;–;–;–;–;–;–;–;–;–;–;–;–;–;–;–;–;–;–;–;–;–;145 ;–;0,0;–;1.456 ;–;0,0;–;–;–;–;–;–;–;–;–;–;–;–;–;475 ;–;0,0;–;–;–;–;–;–;–;–;–;1.601;–;0,0;–;475 ;–;0,0;–;–;–;–;–;–;–;–;–;–;–;–;–;–;–;–;–;–;–;–;–;–;–;–;–;–;–;–;–;–;–;–;–;–;–;–;–;–;–;–;–;–;–;–;–;–;–;–;–;–;–;–;–;–;–;–;–;–;;
ZENTRUM;2002;–;1.823 ;3.127 ;0,0;0,0;–;–;–;–;–;–;–;–;–;–;–;–;–;–;–;–;–;–;–;–;–;–;–;–;–;–;–;–;–;–;–;–;–;–;–;–;671 ;3.127 ;0,0;0,0;–;–;–;–;–;–;–;–;–;–;–;–;1.152 ;–;0,1;–;–;–;–;–;–;–;–;–;671;3.127;0,0;0,0;1.152 ;–;0,0;–;–;–;–;–;–;–;–;–;–;–;–;–;–;–;–;–;–;–;–;–;–;–;–;–;–;–;–;–;–;–;–;–;–;–;–;–;–;–;–;–;–;–;–;–;–;–;–;–;–;–;–;–;–;–;–;–;–;;
ZENTRUM;2005;–;1.297 ;4.010 ;0,0;0,0;–;–;–;–;–;–;–;–;–;–;–;–;–;–;–;–;–;–;–;–;–;–;–;–;–;–;–;–;–;–;–;–;–;–;–;–;1.297 ;4.010 ;0,0;0,0;–;–;–;–;–;–;–;–;–;–;–;–;–;–;–;–;–;–;–;–;–;–;–;–;1.297;4.010;0,0;0,0;–;–;–;–;–;–;–;–;–;–;–;–;–;–;–;–;–;–;–;–;–;–;–;–;–;–;–;–;–;–;–;–;–;–;–;–;–;–;–;–;–;–;–;–;–;–;–;–;–;–;–;–;–;–;–;–;–;–;–;–;–;;
ZENTRUM;2009;–;369 ;6.087 ;0,0;0,0;–;–;–;–;–;–;–;–;–;–;–;–;–;–;–;–;–;–;–;–;–;–;–;–;–;–;–;–;–;–;–;–;–;–;–;–;–;6.087 ;–;0,1;–;–;–;–;–;–;–;–;–;–;–;–;–;–;–;–;369;–;0,0;–;–;–;–;–;369;6.087;0,0;0,0;–;–;–;–;–;–;–;–;–;–;–;–;–;–;–;–;–;–;–;–;–;–;–;–;–;–;–;–;–;–;–;–;–;–;–;–;–;–;–;–;–;–;–;–;–;–;–;–;–;–;–;–;–;–;–;–;–;–;–;–;–;;
Andere KWV;1949;Einzelbewerbende;1.141.647 ;1.141.647 ;4,8;4,8;315.237 ;315.237 ;11,5;11,5;3.396 ;3.396 ;0,1;0,1;–;–;–;–;–;–;–;–;27.293 ;27.293 ;9,0;9,0;4.416 ;4.416 ;0,5;0,5;250.179 ;250.179 ;11,8;11,8;–;–;–;–;273.296 ;273.296 ;8,1;8,1;157.155 ;157.155 ;2,3;2,3;4.875 ;4.875 ;0,3;0,3;–;–;–;–;–;–;–;–;–;–;–;–;105.800;105.800;7,6;7,6;–;–;–;–;–;–;–;–;–;–;–;–;3 ;–;3;–;–;–;3 ;3;–;2 ;2;–;–;–;–;–;–;–;–;–;–;–;–;–;–;–;–;–;–;–;–;–;–;–;–;–;–;–;–;–;–;–;–;–;–;–;–;–;–;–;–;1 ;1;–;–;–;–;;
Andere KWV;1953;Einzelbewerbende;17.185 ;–;0,1;–;15.781 ;–;0,4;–;1.404 ;–;0,0;–;–;–;–;–;–;–;–;–;–;–;–;–;–;–;–;–;–;–;–;–;–;–;–;–;–;–;–;–;–;–;–;–;–;–;–;–;–;–;–;–;–;–;–;–;–;–;–;–;–;–;–;–;–;–;–;–;–;–;–;–;–;–;–;–;–;–;–;–;–;–;–;–;–;–;–;–;–;–;–;–;–;–;–;–;–;–;–;–;–;–;–;–;–;–;–;–;–;–;–;–;–;–;–;–;–;–;–;–;–;–;–;–;–;–;–;–;–;–;–;–;–;;
Andere KWV;1957;Einzelbewerbende;845 ;–;0,0;–;608 ;–;0,0;–;–;–;–;–;–;–;–;–;–;–;–;–;–;–;–;–;–;–;–;–;–;–;–;–;–;–;–;–;–;–;–;–;237 ;–;0,0;–;–;–;–;–;–;–;–;–;–;–;–;–;–;–;–;–;–;–;–;–;–;–;–;–;–;–;–;–;–;–;–;–;–;–;–;–;–;–;–;–;–;–;–;–;–;–;–;–;–;–;–;–;–;–;–;–;–;–;–;–;–;–;–;–;–;–;–;–;–;–;–;–;–;–;–;–;–;–;–;–;–;–;–;–;–;–;–;–;–;;
Andere KWV;1961;Einzelbewerbende;2.164 ;–;0,0;–;–;–;–;–;1.645 ;–;0,0;–;–;–;–;–;–;–;–;–;–;–;–;–;–;–;–;–;153 ;–;0,0;–;–;–;–;–;315 ;–;0,0;–;51 ;–;0,0;–;–;–;–;–;–;–;–;–;–;–;–;–;–;–;–;–;–;–;–;–;–;–;–;–;–;–;–;–;–;–;–;–;–;–;–;–;–;–;–;–;–;–;–;–;–;–;–;–;–;–;–;–;–;–;–;–;–;–;–;–;–;–;–;–;–;–;–;–;–;–;–;–;–;–;–;–;–;–;–;–;–;–;–;–;–;–;–;–;–;;
Andere KWV;1965;Einzelbewerbende;660 ;–;0,0;–;–;–;–;–;–;–;–;–;–;–;–;–;–;–;–;–;–;–;–;–;–;–;–;–;374 ;–;0,0;–;–;–;–;–;–;–;–;–;286 ;–;0,0;–;–;–;–;–;–;–;–;–;–;–;–;–;–;–;–;–;–;–;–;–;–;–;–;–;–;–;–;–;–;–;–;–;–;–;–;–;–;–;–;–;–;–;–;–;–;–;–;–;–;–;–;–;–;–;–;–;–;–;–;–;–;–;–;–;–;–;–;–;–;–;–;–;–;–;–;–;–;–;–;–;–;–;–;–;–;–;–;–;–;;
Andere KWV;1969;Einzelbewerbende;38.561 ;–;0,1;–;1.586 ;–;0,0;–;3.013 ;–;0,1;–;–;–;–;–;–;–;–;–;–;–;–;–;1.015 ;–;0,1;–;–;–;–;–;–;–;–;–;2.817 ;–;0,1;–;30.130 ;–;0,3;–;–;–;–;–;–;–;–;–;–;–;–;–;–;–;–;–;–;–;–;–;–;–;–;–;–;–;–;–;–;–;–;–;–;–;–;–;–;–;–;–;–;–;–;–;–;–;–;–;–;–;–;–;–;–;–;–;–;–;–;–;–;–;–;–;–;–;–;–;–;–;–;–;–;–;–;–;–;–;–;–;–;–;–;–;–;–;–;–;–;;
Andere KWV;1972;Einzelbewerbende;9.497 ;–;0,0;–;7.428 ;–;0,1;–;1.769 ;–;0,0;–;–;–;–;–;–;–;–;–;–;–;–;–;–;–;–;–;–;–;–;–;–;–;–;–;–;–;–;–;–;–;–;–;300 ;–;0,0;–;–;–;–;–;–;–;–;–;–;–;–;–;–;–;–;–;–;–;–;–;–;–;–;–;–;–;–;–;–;–;–;–;–;–;–;–;–;–;–;–;–;–;–;–;–;–;–;–;–;–;–;–;–;–;–;–;–;–;–;–;–;–;–;–;–;–;–;–;–;–;–;–;–;–;–;–;–;–;–;–;–;–;–;–;–;;
Andere KWV;1976;Einzelbewerbende;3.706 ;–;0,0;–;1.303 ;–;0,0;–;–;–;–;–;–;–;–;–;–;–;–;–;–;–;–;–;–;–;–;–;585 ;–;0,0;–;–;–;–;–;86 ;–;0,0;–;1.524 ;–;0,0;–;–;–;–;–;–;–;–;–;–;–;–;–;–;–;–;–;208;–;0,0;–;–;–;–;–;–;–;–;–;–;–;–;–;–;–;–;–;–;–;–;–;–;–;–;–;–;–;–;–;–;–;–;–;–;–;–;–;–;–;–;–;–;–;–;–;–;–;–;–;–;–;–;–;–;–;–;–;–;–;–;–;–;–;–;–;–;–;–;–;–;;
Andere KWV;1980;Einzelbewerbende;3.498 ;–;0,0;–;302 ;–;0,0;–;938 ;–;0,0;–;–;–;–;–;–;–;–;–;–;–;–;–;–;–;–;–;352 ;–;0,0;–;–;–;–;–;489 ;–;0,0;–;517 ;–;0,0;–;–;–;–;–;–;–;–;–;–;–;–;–;–;–;–;–;900;–;0,1;–;–;–;–;–;–;–;–;–;–;–;–;–;–;–;–;–;–;–;–;–;–;–;–;–;–;–;–;–;–;–;–;–;–;–;–;–;–;–;–;–;–;–;–;–;–;–;–;–;–;–;–;–;–;–;–;–;–;–;–;–;–;–;–;–;–;–;–;–;–;;
Andere KWV;1983;Einzelbewerbende;31.996 ;–;0,1;–;28.859 ;–;0,5;–;877 ;–;0,0;–;–;–;–;–;–;–;–;–;–;–;–;–;–;–;–;–;–;–;–;–;–;–;–;–;328 ;–;0,0;–;1.654 ;–;0,0;–;–;–;–;–;–;–;–;–;–;–;–;–;–;–;–;–;278;–;0,0;–;–;–;–;–;–;–;–;–;–;–;–;–;–;–;–;–;–;–;–;–;–;–;–;–;–;–;–;–;–;–;–;–;–;–;–;–;–;–;–;–;–;–;–;–;–;–;–;–;–;–;–;–;–;–;–;–;–;–;–;–;–;–;–;–;–;–;–;–;–;;
Andere KWV;1987;Einzelbewerbende;246.511 ;–;0,7;–;68.880 ;–;1,2;–;44.891 ;–;0,7;–;–;–;–;–;–;–;–;–;5.662 ;–;1,3;–;8.542 ;–;0,8;–;22.459 ;–;0,6;–;–;–;–;–;20.327 ;–;0,4;–;52.619 ;–;0,5;–;13.202 ;–;0,5;–;3.375 ;–;0,5;–;–;–;–;–;–;–;–;–;6.554;–;0,4;–;–;–;–;–;–;–;–;–;–;–;–;–;–;–;–;–;–;–;–;–;–;–;–;–;–;–;–;–;–;–;–;–;–;–;–;–;–;–;–;–;–;–;–;–;–;–;–;–;–;–;–;–;–;–;–;–;–;–;–;–;–;–;–;–;–;–;–;–;–;;
Andere KWV;1990;Einzelbewerbende;43.324 ;–;0,1;–;22.930 ;–;0,4;–;8.549 ;–;0,1;–;16 ;–;0,0;–;356 ;–;0,0;–;431 ;–;0,1;–;419 ;–;0,0;–;–;–;–;–;–;–;–;–;3.539 ;–;0,1;–;1.741 ;–;0,0;–;630 ;–;0,0;–;–;–;–;–;3.000 ;–;0,1;–;935 ;–;0,1;–;467;–;0,0;–;311;–;0,0;–;38.722;–;0,1;–;4.602 ;–;0,1;–;–;–;–;–;–;–;–;–;–;–;–;–;–;–;–;–;–;–;–;–;–;–;–;–;–;–;–;–;–;–;–;–;–;–;–;–;–;–;–;–;–;–;–;–;–;–;–;–;–;–;–;–;–;–;–;–;–;;
Andere KWV;1994;Einzelbewerbende;34.080 ;–;0,1;–;14.341 ;–;0,3;–;2.996 ;–;0,0;–;1.628 ;–;0,1;–;–;–;–;–;3.209 ;–;0,8;–;102 ;–;0,0;–;400 ;–;0,0;–;–;–;–;–;1.110 ;–;0,0;–;2.728 ;–;0,0;–;–;–;–;–;–;–;–;–;4.755 ;–;0,2;–;284 ;–;0,0;–;1.502;–;0,1;–;1.025;–;0,1;–;27.667;–;0,1;–;6.413 ;–;0,1;–;–;–;–;–;–;–;–;–;–;–;–;–;–;–;–;–;–;–;–;–;–;–;–;–;–;–;–;–;–;–;–;–;–;–;–;–;–;–;–;–;–;–;–;–;–;–;–;–;–;–;–;–;–;–;–;–;–;;
Andere KWV;1998;Einzelbewerbende;66.026 ;–;0,1;–;15.777 ;–;0,3;–;10.420 ;–;0,1;–;2.818 ;–;0,1;–;4.432 ;–;0,3;–;1.151 ;–;0,3;–;–;–;–;–;2.890 ;–;0,1;–;1.465 ;–;0,1;–;5.238 ;–;0,1;–;7.285 ;–;0,1;–;642 ;–;0,0;–;302 ;–;0,0;–;4.652 ;–;0,2;–;3.902 ;–;0,2;–;2.137;–;0,1;–;2.915;–;0,2;–;47.837;–;0,1;–;18.189 ;–;0,2;–;–;–;–;–;–;–;–;–;–;–;–;–;–;–;–;–;–;–;–;–;–;–;–;–;–;–;–;–;–;–;–;–;–;–;–;–;–;–;–;–;–;–;–;–;–;–;–;–;–;–;–;–;–;–;–;–;–;;
Andere KWV;2002;Einzelbewerbende;43.116 ;–;0,1;–;4.421 ;–;0,1;–;4.332 ;–;0,1;–;5.107 ;–;0,3;–;3.042 ;–;0,2;–;405 ;–;0,1;–;1.148 ;–;0,1;–;2.680 ;–;0,1;–;1.153 ;–;0,1;–;3.787 ;–;0,1;–;4.066 ;–;0,0;–;3.717 ;–;0,2;–;–;–;–;–;2.529 ;–;0,1;–;2.006 ;–;0,1;–;4.723;–;0,3;–;–;–;–;–;31.453;–;0,1;–;11.663 ;–;0,1;–;–;–;–;–;–;–;–;–;–;–;–;–;–;–;–;–;–;–;–;–;–;–;–;–;–;–;–;–;–;–;–;–;–;–;–;–;–;–;–;–;–;–;–;–;–;–;–;–;–;–;–;–;–;–;–;–;–;;
Andere KWV;2005;Einzelbewerbende;118.130 ;–;0,3;–;6.161 ;–;0,1;–;23.525 ;–;0,3;–;5.388 ;–;0,3;–;4.744 ;–;0,3;–;681 ;–;0,2;–;715 ;–;0,1;–;43.069 ;–;1,3;–;4.070 ;–;0,4;–;3.588 ;–;0,1;–;2.804 ;–;0,0;–;2.788 ;–;0,1;–;226 ;–;0,0;–;4.343 ;–;0,2;–;5.010 ;–;0,3;–;761;–;0,0;–;10.257;–;0,7;–;87.280;–;0,2;–;30.850 ;–;0,3;–;–;–;–;–;–;–;–;–;–;–;–;–;–;–;–;–;–;–;–;–;–;–;–;–;–;–;–;–;–;–;–;–;–;–;–;–;–;–;–;–;–;–;–;–;–;–;–;–;–;–;–;–;–;–;–;–;–;;
Andere KWV;2009;Einzelbewerbende;139.275 ;–;0,3;–;15.148 ;–;0,3;–;34.779 ;–;0,5;–;20.920 ;–;1,2;–;7.905 ;–;0,6;–;1.480 ;–;0,4;–;2.249 ;–;0,3;–;5.043 ;–;0,2;–;7.888 ;–;0,9;–;5.265 ;–;0,1;–;6.019 ;–;0,1;–;4.009 ;–;0,2;–;–;–;–;–;7.142 ;–;0,3;–;8.709 ;–;0,7;–;6.021;–;0,4;–;6.698;–;0,5;–;93.224;–;0,3;–;46.051 ;–;0,6;–;–;–;–;–;–;–;–;–;–;–;–;–;–;–;–;–;–;–;–;–;–;–;–;–;–;–;–;–;–;–;–;–;–;–;–;–;–;–;–;–;–;–;–;–;–;–;–;–;–;–;–;–;–;–;–;–;–;;
Andere KWV;2013;Einzelbewerbende;77.306 ;–;0,2;–;11.405 ;–;0,2;–;7.555 ;–;0,1;–;5.176 ;–;0,3;–;19.202 ;–;1,4;–;–;–;–;–;3.120 ;–;0,4;–;7.337 ;–;0,2;–;4.125 ;–;0,5;–;2.041 ;–;0,0;–;5.925 ;–;0,1;–;895 ;–;0,0;–;–;–;–;–;5.275 ;–;0,2;–;3.344 ;–;0,3;–;853;–;0,1;–;1.053;–;0,1;–;41.446;–;0,1;–;35.860 ;–;0,5;–;–;–;–;–;–;–;–;–;–;–;–;–;–;–;–;–;–;–;–;–;–;–;–;–;–;–;–;–;–;–;–;–;–;–;–;–;–;–;–;–;–;–;–;–;–;–;–;–;–;–;–;–;–;–;–;–;–;;
Andere KWV;2017;Einzelbewerbende;100.889 ;–;0,2;–;7.781 ;–;0,1;–;18.670 ;–;0,3;–;5.783 ;–;0,3;–;4.995 ;–;0,3;–;–;–;–;–;3.085 ;–;0,3;–;4.900 ;–;0,1;–;695 ;–;0,1;–;4.370 ;–;0,1;–;11.156 ;–;0,1;–;4.493 ;–;0,2;–;–;–;–;–;23.967 ;–;1,0;–;3.266 ;–;0,3;–;755;–;0,0;–;6.973;–;0,5;–;56.794;–;0,1;–;44.095 ;–;0,5;–;–;–;–;–;–;–;–;–;–;–;–;–;–;–;–;–;–;–;–;–;–;–;–;–;–;–;–;–;–;–;–;–;–;–;–;–;–;–;–;–;–;–;–;–;–;–;–;–;–;–;–;–;–;–;–;–;–;;
Andere KWV;2021;"einschl. Wiederholungswahl in Teilen Berlins; Einzelbewerbende";110.874 ;–;0,2;–;5.570 ;–;0,1;–;24.116 ;–;0,3;–;1.413 ;–;0,1;–;11.619 ;–;0,8;–;–;–;–;–;723 ;–;0,1;–;5.661 ;–;0,2;–;3.090 ;–;0,3;–;4.613 ;–;0,1;–;14.134 ;–;0,1;–;9.505 ;–;0,4;–;299 ;–;0,1;–;18.940 ;–;0,8;–;6.088 ;–;0,5;–;609;–;0,0;–;4.494;–;0,4;–;66.281;–;0,2;–;44.593 ;–;0,6;–;–;–;–;–;–;–;–;–;–;–;–;–;–;–;–;–;–;–;–;–;–;–;–;–;–;–;–;–;–;–;–;–;–;–;–;–;–;–;–;–;–;–;–;–;–;–;–;–;–;–;–;–;–;–;–;–;–;;
Andere KWV;2025;Einzelbewerbende;70.163 ;–;0,1;–;5.646 ;–;0,1;–;16.599 ;–;0,2;–;2.660 ;–;0,1;–;4.718 ;–;0,3;–;719 ;–;0,2;–;–;–;–;–;1.975 ;–;0,1;–;2.636 ;–;0,3;–;6.012 ;–;0,1;–;8.936 ;–;0,1;–;602 ;–;0,0;–;–;–;–;–;2.975 ;–;0,1;–;8.299 ;–;0,6;–;1.273;–;0,1;–;7.113;–;0,5;–;43.373;–;0,1;–;26.790;–;0,3;–;–;–;–;–;–;–;–;–;–;–;–;–;–;–;–;–;–;–;–;–;–;–;–;–;–;–;–;–;–;–;–;–;–;–;–;–;–;–;–;–;–;–;–;–;–;–;–;–;–;–;–;–;–;–;–;–;–;;
