{
  "type": "FeatureCollection",
  "name": "austria NUTS2",
  "features": [
    {
      "type": "Feature",
      "properties": {
        "NUTS_ID": "AT11",
        "LEVL_CODE": 2,
        "CNTR_CODE": "AT",
        "NAME_LATN": "Burgenland",
        "NUTS_NAME": "Burgenland",
        "MOUNT_TYPE": null,
        "URBN_TYPE": null,
        "COAST_TYPE": null,
        "NAME_ENGL": "Austria",
        "NAME_FREN": "Autriche",
        "ISO3_CODE": "AUT",
        "SVRG_UN": "UN Member State",
        "CAPT": "Vienna",
        "EU_STAT": "T",
        "EFTA_STAT": "F",
        "CC_STAT": "F",
        "NAME_GERM": "Österreich",
        "region_id": "austria_burgenland",
        "region_code": "AT11",
        "region_name": "Burgenland",
        "source_dataset": "Eurostat GISCO NUTS 2024",
        "geometry_version": "NUTS 2024 / 1:1M / EPSG:4326",
        "source_url": "https://gisco-services.ec.europa.eu/distribution/v2/nuts/geojson/NUTS_RG_01M_2024_4326_LEVL_2.geojson",
        "attribution": "European Commission - Eurostat/GISCO"
      },
      "geometry": {
        "type": "MultiPolygon",
        "coordinates": [
          [
            [
              [
                17.081121284000062,
                48.087701321000054
              ],
              [
                17.074145816000055,
                48.083861357000046
              ],
              [
                17.075770673000022,
                48.081148400000075
              ],
              [
                17.07779053400003,
                48.07777592200006
              ],
              [
                17.07635724900007,
                48.07543930500003
              ],
              [
                17.073417892000066,
                48.07064741100004
              ],
              [
                17.07956431200006,
                48.067414048000046
              ],
              [
                17.084277677000046,
                48.06493455200007
              ],
              [
                17.077851921000047,
                48.06132808000007
              ],
              [
                17.070161963000032,
                48.05701207000004
              ],
              [
                17.070066353000072,
                48.05476122700003
              ],
              [
                17.077569310000058,
                48.05227306200004
              ],
              [
                17.083348854000064,
                48.05035642300004
              ],
              [
                17.086773366000045,
                48.04632989700008
              ],
              [
                17.079847737000023,
                48.04073725200004
              ],
              [
                17.068734686000028,
                48.03176314500007
              ],
              [
                17.075625839000054,
                48.02755059400005
              ],
              [
                17.090246296000032,
                48.02059175900007
              ],
              [
                17.09896209300007,
                48.02475280800007
              ],
              [
                17.11112050400004,
                48.030557411000075
              ],
              [
                17.121341113000028,
                48.02464000600003
              ],
              [
                17.12623635600005,
                48.021805818000075
              ],
              [
                17.127269607000073,
                48.02193790800004
              ],
              [
                17.13452999900005,
                48.022866072000056
              ],
              [
                17.14384338600007,
                48.020188103000066
              ],
              [
                17.14826942600007,
                48.01507038500006
              ],
              [
                17.15006491400004,
                48.01357195500003
              ],
              [
                17.160797385000023,
                48.00665656500007
              ],
              [
                17.094790611000064,
                47.97092515000003
              ],
              [
                17.10661193900006,
                47.96559019100005
              ],
              [
                17.116890093000052,
                47.96095166500004
              ],
              [
                17.104039644000068,
                47.94738981300003
              ],
              [
                17.09215923900007,
                47.934851706000075
              ],
              [
                17.10215428600003,
                47.93042353700008
              ],
              [
                17.111698243000035,
                47.92619521700004
              ],
              [
                17.105933393000043,
                47.91827675800005
              ],
              [
                17.096545279000054,
                47.905381473000034
              ],
              [
                17.098836246000076,
                47.90251818300004
              ],
              [
                17.102765942000076,
                47.897606781000036
              ],
              [
                17.085187623000024,
                47.87443736100005
              ],
              [
                17.080440443000043,
                47.874455116000036
              ],
              [
                17.07830337300004,
                47.876957083000036
              ],
              [
                17.07779940300003,
                47.87754710400003
              ],
              [
                17.06458271500003,
                47.87423702900003
              ],
              [
                17.06270482000002,
                47.87367850600003
              ],
              [
                17.055776753000032,
                47.87165864700006
              ],
              [
                17.041087854000068,
                47.867376138000054
              ],
              [
                17.03793758000006,
                47.86746273500006
              ],
              [
                17.018160608000073,
                47.86800637700003
              ],
              [
                17.010993013000075,
                47.85938489400007
              ],
              [
                17.02570405000006,
                47.85147316100006
              ],
              [
                17.049894959000028,
                47.83846306400005
              ],
              [
                17.047681951000072,
                47.83095795000003
              ],
              [
                17.046913518000054,
                47.82835191400005
              ],
              [
                17.053347667000025,
                47.82566930300004
              ],
              [
                17.058942440000067,
                47.82333665500005
              ],
              [
                17.059732651000047,
                47.820152482000026
              ],
              [
                17.062877927000045,
                47.81722524200006
              ],
              [
                17.07162719300004,
                47.80908249000004
              ],
              [
                17.061337923000053,
                47.801036948000046
              ],
              [
                17.05192217700005,
                47.79367444500008
              ],
              [
                17.056106948000036,
                47.78677545200003
              ],
              [
                17.066098830000044,
                47.770302883000056
              ],
              [
                17.07055716700006,
                47.75116025300008
              ],
              [
                17.07060589400004,
                47.74553279500003
              ],
              [
                17.070752895000055,
                47.728555852000056
              ],
              [
                17.079314039000053,
                47.72076223700003
              ],
              [
                17.09307378500006,
                47.708236087000046
              ],
              [
                17.071266724000054,
                47.70665213500007
              ],
              [
                17.05954785800003,
                47.70576385000004
              ],
              [
                17.055349926000076,
                47.70545428500003
              ],
              [
                17.049967595000055,
                47.70505737900004
              ],
              [
                17.042507456000067,
                47.70450752200003
              ],
              [
                17.040141607000066,
                47.70432333800005
              ],
              [
                17.026170706000073,
                47.70216308300007
              ],
              [
                17.01997820500003,
                47.701205566000056
              ],
              [
                17.001135822000037,
                47.69829164500004
              ],
              [
                16.990685534000022,
                47.69667713700005
              ],
              [
                16.978254965000076,
                47.69475700700008
              ],
              [
                16.97644299600006,
                47.694476982000026
              ],
              [
                16.95933017400006,
                47.69271006800005
              ],
              [
                16.949024724000026,
                47.691593950000026
              ],
              [
                16.93615714500004,
                47.69024112900007
              ],
              [
                16.932568779000064,
                47.68986380800004
              ],
              [
                16.912650989000042,
                47.68772937500006
              ],
              [
                16.873009643000046,
                47.68966924800003
              ],
              [
                16.870377134000023,
                47.70345471300004
              ],
              [
                16.866903759000024,
                47.721643476000054
              ],
              [
                16.85534730200004,
                47.711289676000035
              ],
              [
                16.839595796000026,
                47.70450720700006
              ],
              [
                16.831220810000048,
                47.689868353000065
              ],
              [
                16.827290941000058,
                47.68299923300003
              ],
              [
                16.74903086100005,
                47.681416339000066
              ],
              [
                16.748506449000047,
                47.682202148000044
              ],
              [
                16.739797709000072,
                47.69525116500006
              ],
              [
                16.722247821000053,
                47.721799959000066
              ],
              [
                16.72156331800005,
                47.728893877000075
              ],
              [
                16.72094184100007,
                47.73533461300008
              ],
              [
                16.67586896100005,
                47.74014559600005
              ],
              [
                16.669963474000042,
                47.740775935000045
              ],
              [
                16.655546596000022,
                47.74236083100004
              ],
              [
                16.642315704000055,
                47.74759125700007
              ],
              [
                16.637352434000036,
                47.75465606800003
              ],
              [
                16.63426348400003,
                47.759052936000046
              ],
              [
                16.628728571000067,
                47.758252381000034
              ],
              [
                16.62213627500006,
                47.75729888800004
              ],
              [
                16.613687483000035,
                47.75919693800006
              ],
              [
                16.609997349000025,
                47.76002593900006
              ],
              [
                16.60854339100007,
                47.75951997900006
              ],
              [
                16.59877325800005,
                47.756120089000035
              ],
              [
                16.593918321000046,
                47.757276440000055
              ],
              [
                16.59088799600005,
                47.757998204000046
              ],
              [
                16.577394507000065,
                47.75444379000004
              ],
              [
                16.56764991800003,
                47.75187689900008
              ],
              [
                16.561005454000053,
                47.75163424100003
              ],
              [
                16.548690562000047,
                47.751184497000054
              ],
              [
                16.546708756000044,
                47.74863770700006
              ],
              [
                16.547899245000053,
                47.74545911900003
              ],
              [
                16.548741852000035,
                47.74320937200008
              ],
              [
                16.545486088000075,
                47.74274257400003
              ],
              [
                16.542723075000026,
                47.74234642400006
              ],
              [
                16.537567353000043,
                47.739996047000034
              ],
              [
                16.536464589000047,
                47.73664259700007
              ],
              [
                16.54476907800006,
                47.72856076800008
              ],
              [
                16.551087108000047,
                47.72241213700005
              ],
              [
                16.54081954800006,
                47.71272655700005
              ],
              [
                16.534721543000046,
                47.71116759900008
              ],
              [
                16.52768272000003,
                47.71139045100006
              ],
              [
                16.52131397200003,
                47.71159208900008
              ],
              [
                16.51797347200005,
                47.70882127900006
              ],
              [
                16.516511843000046,
                47.70760891700007
              ],
              [
                16.501419825000028,
                47.70423152500007
              ],
              [
                16.497765960000038,
                47.70341383900006
              ],
              [
                16.480346232000045,
                47.69015304700008
              ],
              [
                16.47717616400007,
                47.68939471500005
              ],
              [
                16.47539728600003,
                47.68516896400007
              ],
              [
                16.474088253000048,
                47.682059339000034
              ],
              [
                16.465490286000033,
                47.681542973000035
              ],
              [
                16.460058204000063,
                47.68471120300006
              ],
              [
                16.456397354000046,
                47.69138580100008
              ],
              [
                16.453914834000045,
                47.69591202600003
              ],
              [
                16.447327487000052,
                47.69630905000008
              ],
              [
                16.444200197000043,
                47.68303214600007
              ],
              [
                16.44205500700002,
                47.67392474400003
              ],
              [
                16.431655773000045,
                47.66955131100008
              ],
              [
                16.421542385000066,
                47.66529809100007
              ],
              [
                16.431655773000045,
                47.660652662000075
              ],
              [
                16.439439735000065,
                47.65707721800004
              ],
              [
                16.45008914300007,
                47.655833263000034
              ],
              [
                16.45066566500003,
                47.65571515200003
              ],
              [
                16.478733877000025,
                47.64996486200005
              ],
              [
                16.48463941700004,
                47.64453617800007
              ],
              [
                16.486600553000073,
                47.642733398000075
              ],
              [
                16.497826392000036,
                47.63935141200005
              ],
              [
                16.506893586000047,
                47.63921314400005
              ],
              [
                16.511433690000047,
                47.64233374100007
              ],
              [
                16.515737195000042,
                47.64529171300006
              ],
              [
                16.551029266000057,
                47.63255931700007
              ],
              [
                16.55421958900007,
                47.63073976100003
              ],
              [
                16.562289984000074,
                47.626136924000036
              ],
              [
                16.57292608100005,
                47.620070774000055
              ],
              [
                16.590246814000068,
                47.61746290900004
              ],
              [
                16.61749750900003,
                47.62496591900003
              ],
              [
                16.621943791000035,
                47.62619012600004
              ],
              [
                16.634879391000027,
                47.627617386000054
              ],
              [
                16.652076021000028,
                47.62290341000005
              ],
              [
                16.654646873000047,
                47.617546711000045
              ],
              [
                16.659710623000024,
                47.60699573900007
              ],
              [
                16.665743916000054,
                47.60567602800006
              ],
              [
                16.672091300000034,
                47.60428761400004
              ],
              [
                16.66922037200004,
                47.59978145800005
              ],
              [
                16.667356527000038,
                47.59685600200004
              ],
              [
                16.668834659000026,
                47.59339992000008
              ],
              [
                16.668936183000028,
                47.59316254300006
              ],
              [
                16.67478739300003,
                47.57948159000006
              ],
              [
                16.670153233000065,
                47.57150425800006
              ],
              [
                16.667968764000022,
                47.570630804000075
              ],
              [
                16.663147613000035,
                47.568703078000055
              ],
              [
                16.673762716000056,
                47.55965215400005
              ],
              [
                16.677519955000037,
                47.559571478000066
              ],
              [
                16.68780151900006,
                47.559350711000036
              ],
              [
                16.69604306900004,
                47.54826144400005
              ],
              [
                16.696578146000036,
                47.54754148100005
              ],
              [
                16.698900476000063,
                47.546516739000026
              ],
              [
                16.702142197000057,
                47.545086310000045
              ],
              [
                16.714505555000073,
                47.53963090500008
              ],
              [
                16.708376161000047,
                47.53595271900008
              ],
              [
                16.70442336800005,
                47.53358068800003
              ],
              [
                16.704461270000024,
                47.53042948500007
              ],
              [
                16.70455023900007,
                47.52303256400006
              ],
              [
                16.690392779000035,
                47.51125409500003
              ],
              [
                16.668943118000072,
                47.50353606700003
              ],
              [
                16.666137065000044,
                47.50527002600006
              ],
              [
                16.661485495000022,
                47.508144396000034
              ],
              [
                16.652340225000046,
                47.50033646000003
              ],
              [
                16.665180237000072,
                47.48191463400008
              ],
              [
                16.669655377000026,
                47.47549405900003
              ],
              [
                16.660854148000055,
                47.463169038000046
              ],
              [
                16.661446815000033,
                47.45688615300003
              ],
              [
                16.64622008400005,
                47.44659693500006
              ],
              [
                16.631125349000058,
                47.44361833800008
              ],
              [
                16.622343585000067,
                47.43416319100004
              ],
              [
                16.62004341000005,
                47.431686640000066
              ],
              [
                16.617555216000028,
                47.43166963700003
              ],
              [
                16.611805653000033,
                47.431630348000056
              ],
              [
                16.601212618000034,
                47.42470634600005
              ],
              [
                16.58789594900003,
                47.42278149100008
              ],
              [
                16.591341587000045,
                47.42137507900003
              ],
              [
                16.580906795000033,
                47.418378751000034
              ],
              [
                16.577506828000026,
                47.41081434300003
              ],
              [
                16.576034612000058,
                47.40753888900008
              ],
              [
                16.572255358000064,
                47.40576254900003
              ],
              [
                16.548458006000033,
                47.405602120000026
              ],
              [
                16.542411834000063,
                47.40827795900003
              ],
              [
                16.539580912000076,
                47.409530833000076
              ],
              [
                16.51832592200003,
                47.410333542000046
              ],
              [
                16.509183473000064,
                47.40474385400006
              ],
              [
                16.509041972000034,
                47.40024066800004
              ],
              [
                16.50891867400003,
                47.39631677700004
              ],
              [
                16.497545693000063,
                47.39000215000004
              ],
              [
                16.49602159600005,
                47.39515279500006
              ],
              [
                16.48979818600003,
                47.39465729800003
              ],
              [
                16.485011324000027,
                47.39908510300006
              ],
              [
                16.486555148000036,
                47.403205943000046
              ],
              [
                16.48714665500006,
                47.40478481800005
              ],
              [
                16.485056112000052,
                47.408245916000055
              ],
              [
                16.45869175100006,
                47.41298786400006
              ],
              [
                16.44591451100007,
                47.40611344600006
              ],
              [
                16.44748951100007,
                47.39881970600004
              ],
              [
                16.449791466000022,
                47.395608638000056
              ],
              [
                16.456247406000045,
                47.38660304900003
              ],
              [
                16.45194671200005,
                47.37956999600004
              ],
              [
                16.451835209000023,
                47.37938765100006
              ],
              [
                16.452025755000022,
                47.37898179000007
              ],
              [
                16.456653483000025,
                47.369124750000026
              ],
              [
                16.454640121000068,
                47.36351879000006
              ],
              [
                16.45233287700006,
                47.35709455600005
              ],
              [
                16.443494783000062,
                47.35617055600005
              ],
              [
                16.43376169100003,
                47.35291866800003
              ],
              [
                16.443861231000028,
                47.34656137300004
              ],
              [
                16.447597809000058,
                47.34149638300005
              ],
              [
                16.448942226000042,
                47.339674004000074
              ],
              [
                16.450388359000044,
                47.339192669000056
              ],
              [
                16.463269409000077,
                47.334905304000074
              ],
              [
                16.487363618000074,
                47.28393933700005
              ],
              [
                16.48638704600006,
                47.27941554700004
              ],
              [
                16.478160412000022,
                47.27478217200007
              ],
              [
                16.478584236000074,
                47.26175386600005
              ],
              [
                16.46710332400005,
                47.252871120000066
              ],
              [
                16.460831042000052,
                47.25452352700006
              ],
              [
                16.458817348000025,
                47.25505402600004
              ],
              [
                16.43047787100005,
                47.25035464800004
              ],
              [
                16.44081925200004,
                47.24701493500004
              ],
              [
                16.44178048400005,
                47.24039308500005
              ],
              [
                16.442746621000026,
                47.23373744100007
              ],
              [
                16.438201200000037,
                47.22817258900005
              ],
              [
                16.435630067000034,
                47.21058313100008
              ],
              [
                16.431655773000045,
                47.210356399000034
              ],
              [
                16.43032782800003,
                47.210280640000065
              ],
              [
                16.419473353000058,
                47.20966139600006
              ],
              [
                16.416898090000075,
                47.20533934900004
              ],
              [
                16.421171301000072,
                47.19719724200007
              ],
              [
                16.42109400100003,
                47.19322772400005
              ],
              [
                16.428825777000043,
                47.18531534700003
              ],
              [
                16.431655773000045,
                47.18563164400007
              ],
              [
                16.439973791000057,
                47.18656131300003
              ],
              [
                16.449650217000055,
                47.18764280600004
              ],
              [
                16.45386036600007,
                47.185302861000025
              ],
              [
                16.463333049000028,
                47.170934087000035
              ],
              [
                16.459975964000023,
                47.15924269100003
              ],
              [
                16.45851383300004,
                47.15869188400006
              ],
              [
                16.453364086000022,
                47.15675189400008
              ],
              [
                16.44968441900005,
                47.15110484100006
              ],
              [
                16.454299673000037,
                47.14231009000008
              ],
              [
                16.469748365000044,
                47.14300943100005
              ],
              [
                16.48556301900004,
                47.14730932100008
              ],
              [
                16.49104496900003,
                47.14879982400004
              ],
              [
                16.516771160000076,
                47.14932292300006
              ],
              [
                16.528357997000057,
                47.13626898000007
              ],
              [
                16.529331084000034,
                47.127232
              ],
              [
                16.510605886000064,
                47.12480571900005
              ],
              [
                16.49987409700003,
                47.123415168000065
              ],
              [
                16.499718518000066,
                47.11570185200003
              ],
              [
                16.499614681000025,
                47.110553819000074
              ],
              [
                16.49245514200004,
                47.109628318000034
              ],
              [
                16.48434954000004,
                47.10858052100008
              ],
              [
                16.482068695000066,
                47.10221024200007
              ],
              [
                16.474113524000074,
                47.10400972100007
              ],
              [
                16.465883444000042,
                47.09880721300004
              ],
              [
                16.46447188600007,
                47.09473819900006
              ],
              [
                16.46708602600006,
                47.08934902800007
              ],
              [
                16.473953400000028,
                47.085171391000074
              ],
              [
                16.472723588000065,
                47.074779274000036
              ],
              [
                16.480744799000036,
                47.07439956500008
              ],
              [
                16.481575058000033,
                47.07436026200003
              ],
              [
                16.48380181400006,
                47.072208740000065
              ],
              [
                16.48728720300005,
                47.06884111100004
              ],
              [
                16.48834517000006,
                47.06895272300005
              ],
              [
                16.497484018000023,
                47.069916842000055
              ],
              [
                16.509492918000035,
                47.06641387800005
              ],
              [
                16.51949648300007,
                47.06153902700004
              ],
              [
                16.52056540800004,
                47.05618157300006
              ],
              [
                16.507441895000056,
                47.050254315000075
              ],
              [
                16.48884050600003,
                47.04806277900008
              ],
              [
                16.476331866000066,
                47.046589065000035
              ],
              [
                16.451246095000045,
                47.04008693000003
              ],
              [
                16.44149331400007,
                47.03635028100007
              ],
              [
                16.442871188000026,
                47.03391189700005
              ],
              [
                16.440077401000053,
                47.02927384800006
              ],
              [
                16.446028736000073,
                47.02415713000005
              ],
              [
                16.462601281000047,
                47.031153964000055
              ],
              [
                16.46366677700007,
                47.031603810000036
              ],
              [
                16.483825083000056,
                47.019782529000054
              ],
              [
                16.492268695000064,
                47.01107225800007
              ],
              [
                16.50716242900006,
                47.00471502500005
              ],
              [
                16.506653055000072,
                47.00102415100008
              ],
              [
                16.48994496800003,
                46.999072254000055
              ],
              [
                16.48188975200003,
                46.99424809000004
              ],
              [
                16.461370294000062,
                46.99996789000005
              ],
              [
                16.450785002000032,
                47.00291854100004
              ],
              [
                16.446952735000025,
                47.00188217600004
              ],
              [
                16.446171588000027,
                46.99724590100004
              ],
              [
                16.445489547000022,
                46.993197843000075
              ],
              [
                16.431655773000045,
                46.99413892100006
              ],
              [
                16.424487584000076,
                46.99462655500008
              ],
              [
                16.420914378000077,
                46.99738093000008
              ],
              [
                16.41216401400004,
                47.004126074000055
              ],
              [
                16.393653636000067,
                47.001475380000045
              ],
              [
                16.386646744000075,
                47.00047199000005
              ],
              [
                16.379862597000056,
                46.998740448000035
              ],
              [
                16.372075161000055,
                46.99950416300004
              ],
              [
                16.365503200000035,
                47.00570345800003
              ],
              [
                16.364667349000058,
                47.00649191100007
              ],
              [
                16.35025947300005,
                47.00958160000005
              ],
              [
                16.347538462000045,
                47.00579225400003
              ],
              [
                16.34271448000004,
                46.99907426000004
              ],
              [
                16.341520068000023,
                46.99637611400004
              ],
              [
                16.322468919000073,
                47.00256451300004
              ],
              [
                16.303280142000062,
                46.99876100800003
              ],
              [
                16.299268140000038,
                47.00141794800004
              ],
              [
                16.298814497000023,
                47.00544482200007
              ],
              [
                16.29874350800003,
                47.00607497300007
              ],
              [
                16.295110174000058,
                47.01186877400005
              ],
              [
                16.289299093000068,
                47.01342245300003
              ],
              [
                16.283193179000023,
                47.004515765000065
              ],
              [
                16.282428267000057,
                46.99539978100006
              ],
              [
                16.27668591500003,
                46.98550583600007
              ],
              [
                16.27650823600004,
                46.97877168000008
              ],
              [
                16.276105483000038,
                46.96350705800006
              ],
              [
                16.269842483000048,
                46.96158818200007
              ],
              [
                16.262808031000077,
                46.96285791500003
              ],
              [
                16.255323171000043,
                46.96420894800008
              ],
              [
                16.243997974000024,
                46.95654164800004
              ],
              [
                16.244272333000026,
                46.95473986700006
              ],
              [
                16.245357143000035,
                46.94761566100004
              ],
              [
                16.236326750000046,
                46.94587106600005
              ],
              [
                16.232282992000023,
                46.941949832000034
              ],
              [
                16.21745790700004,
                46.936185744000056
              ],
              [
                16.21217105000005,
                46.940680523000026
              ],
              [
                16.21003193000007,
                46.94249916000007
              ],
              [
                16.208333286000027,
                46.94021013400004
              ],
              [
                16.203988688000038,
                46.942174357000056
              ],
              [
                16.197544425000046,
                46.939957406000076
              ],
              [
                16.186915464000037,
                46.92124387200005
              ],
              [
                16.179055146000053,
                46.90740485900005
              ],
              [
                16.171545888000026,
                46.905736561000026
              ],
              [
                16.16320554500004,
                46.90388362400006
              ],
              [
                16.152564561000077,
                46.89367320100007
              ],
              [
                16.145776511000065,
                46.88715981100006
              ],
              [
                16.139058429000045,
                46.88453085900005
              ],
              [
                16.132527036000056,
                46.875747456000056
              ],
              [
                16.113849224000035,
                46.869068120000065
              ],
              [
                16.099431629000037,
                46.86180723000007
              ],
              [
                16.09193128800007,
                46.86458058000005
              ],
              [
                16.079476543000055,
                46.85355571200006
              ],
              [
                16.06571966300004,
                46.84989459900004
              ],
              [
                16.05839037800007,
                46.83867001300007
              ],
              [
                16.04258905300003,
                46.84005557000006
              ],
              [
                16.039274910000074,
                46.837663916000054
              ],
              [
                16.033558253000024,
                46.833538485000076
              ],
              [
                16.031517533000056,
                46.83725562500007
              ],
              [
                16.030674788000056,
                46.83879067100003
              ],
              [
                16.025983111000073,
                46.84001482800005
              ],
              [
                16.018407368000055,
                46.836565602000064
              ],
              [
                16.006238446000054,
                46.83102510800006
              ],
              [
                15.996236035000038,
                46.83539866700005
              ],
              [
                16.004773407000073,
                46.84392515700006
              ],
              [
                16.001382767000052,
                46.84778739200004
              ],
              [
                16.007719486000042,
                46.857812944000045
              ],
              [
                16.00854889200002,
                46.868064024000034
              ],
              [
                16.009204918000023,
                46.87617220800007
              ],
              [
                16.013969119000024,
                46.883593907000034
              ],
              [
                16.020620094000037,
                46.88653537400006
              ],
              [
                16.02347400900004,
                46.88779755000007
              ],
              [
                16.034879727000032,
                46.89375346400004
              ],
              [
                16.03565972000007,
                46.897295376000045
              ],
              [
                16.03687025200003,
                46.90279234900004
              ],
              [
                16.045661388000042,
                46.90940322300003
              ],
              [
                16.052800234000074,
                46.90955844500007
              ],
              [
                16.054190685000037,
                46.909588678000034
              ],
              [
                16.06124234300006,
                46.91266845800004
              ],
              [
                16.06205156900006,
                46.918649155000026
              ],
              [
                16.062656005000065,
                46.92311632500008
              ],
              [
                16.069862400000034,
                46.93442868300008
              ],
              [
                16.081040348000045,
                46.93471802900007
              ],
              [
                16.092989601000056,
                46.93502734100008
              ],
              [
                16.09581563300003,
                46.942833660000076
              ],
              [
                16.095719659000054,
                46.94466723800008
              ],
              [
                16.095194131000028,
                46.954707376000044
              ],
              [
                16.107035860000053,
                46.964812582000036
              ],
              [
                16.111401501000046,
                46.97683509600006
              ],
              [
                16.118073043000038,
                46.98081798800007
              ],
              [
                16.122375783000052,
                46.98954124000005
              ],
              [
                16.129474022000068,
                46.99528335400004
              ],
              [
                16.137955248000026,
                46.99365748300005
              ],
              [
                16.154961548000074,
                46.99039733400008
              ],
              [
                16.146078603000035,
                46.99927999600004
              ],
              [
                16.141704993000076,
                47.00230926200004
              ],
              [
                16.139536572000054,
                47.003811162000034
              ],
              [
                16.139123416000075,
                47.00585053200007
              ],
              [
                16.138560363000067,
                47.00862980800008
              ],
              [
                16.13625913900006,
                47.009779595000055
              ],
              [
                16.130865653000058,
                47.012474404000045
              ],
              [
                16.123242540000035,
                47.026396154000054
              ],
              [
                16.115592680000077,
                47.033643529000074
              ],
              [
                16.117143320000025,
                47.03600165900008
              ],
              [
                16.120150111000044,
                47.04057422400007
              ],
              [
                16.11924452900007,
                47.04522424700008
              ],
              [
                16.110968472000025,
                47.04960086900007
              ],
              [
                16.106143205000023,
                47.05974704300007
              ],
              [
                16.09913427300006,
                47.06070551300007
              ],
              [
                16.09722135900006,
                47.06096710300005
              ],
              [
                16.08832400800003,
                47.073139909000076
              ],
              [
                16.08850668200006,
                47.088354406000065
              ],
              [
                16.093506132000073,
                47.092982334000055
              ],
              [
                16.091800876000036,
                47.10013153600005
              ],
              [
                16.095384917000047,
                47.111979004000034
              ],
              [
                16.10174567300004,
                47.114721220000035
              ],
              [
                16.106698060000042,
                47.11685626700006
              ],
              [
                16.11294573600003,
                47.133295959000066
              ],
              [
                16.11496955100006,
                47.14533527900005
              ],
              [
                16.109483117000025,
                47.166202578000025
              ],
              [
                16.10281059500005,
                47.18386065300007
              ],
              [
                16.09632443000004,
                47.19227982100006
              ],
              [
                16.091508961000045,
                47.198530394000045
              ],
              [
                16.093014324000023,
                47.20009647000006
              ],
              [
                16.08219044300006,
                47.226342670000065
              ],
              [
                16.083938669000077,
                47.22922212600008
              ],
              [
                16.086380508000047,
                47.23324401200006
              ],
              [
                16.087159107000048,
                47.242106094000064
              ],
              [
                16.08176900500007,
                47.25475260400003
              ],
              [
                16.080306114000052,
                47.25818490700004
              ],
              [
                16.081071890000032,
                47.26221338100004
              ],
              [
                16.081317720000072,
                47.263506602000064
              ],
              [
                16.078892033000045,
                47.26690139900006
              ],
              [
                16.07589525900005,
                47.27109544600006
              ],
              [
                16.075064888000043,
                47.274754245000054
              ],
              [
                16.065476674000024,
                47.28571633200005
              ],
              [
                16.059205965000046,
                47.30923842200008
              ],
              [
                16.05897122700003,
                47.31011894900007
              ],
              [
                16.05914802800004,
                47.314726560000054
              ],
              [
                16.056147916000043,
                47.31581508900007
              ],
              [
                16.05100890500006,
                47.317679672000054
              ],
              [
                16.050286801000027,
                47.328420050000034
              ],
              [
                16.050034762000053,
                47.33216881100003
              ],
              [
                16.03219223900004,
                47.355555450000054
              ],
              [
                16.026022539000053,
                47.36025110500003
              ],
              [
                16.021729073000074,
                47.36351879000006
              ],
              [
                16.017219754000052,
                47.36695075800003
              ],
              [
                16.027467944000023,
                47.370555498000044
              ],
              [
                16.028935388000036,
                47.371071663000066
              ],
              [
                16.033607652000057,
                47.37249666900004
              ],
              [
                16.032746687000042,
                47.37407702200005
              ],
              [
                16.02923105700006,
                47.38053016600003
              ],
              [
                16.044719900000075,
                47.38206451900004
              ],
              [
                16.05920396600004,
                47.383499338000036
              ],
              [
                16.064406705000067,
                47.38663673500008
              ],
              [
                16.06416699500005,
                47.39376779400004
              ],
              [
                16.065668346000052,
                47.396039521000034
              ],
              [
                16.068343907000042,
                47.40008797300004
              ],
              [
                16.084190962000037,
                47.40846014600004
              ],
              [
                16.093470182000033,
                47.40650642400004
              ],
              [
                16.088403750000055,
                47.40126944200006
              ],
              [
                16.084071581000046,
                47.39679144100006
              ],
              [
                16.09377597100007,
                47.39055476900006
              ],
              [
                16.108266284000024,
                47.39653525500006
              ],
              [
                16.105745339000066,
                47.40074664200006
              ],
              [
                16.101767539000036,
                47.407391793000045
              ],
              [
                16.102216209000062,
                47.41365921100004
              ],
              [
                16.115885941000045,
                47.413942975000055
              ],
              [
                16.11602747200004,
                47.41392961200006
              ],
              [
                16.126743738000073,
                47.41291782800005
              ],
              [
                16.140998297000067,
                47.41671256300003
              ],
              [
                16.16458086800003,
                47.42042753700008
              ],
              [
                16.171081083000047,
                47.42133756900006
              ],
              [
                16.207185819000074,
                47.42415752200003
              ],
              [
                16.22385577600005,
                47.42768715900007
              ],
              [
                16.240006298000026,
                47.436649430000045
              ],
              [
                16.254150984000034,
                47.44986939000006
              ],
              [
                16.26977306200007,
                47.455015839000055
              ],
              [
                16.27983969400003,
                47.45483189200007
              ],
              [
                16.300459182000054,
                47.468421411000065
              ],
              [
                16.303031256000054,
                47.47297434200004
              ],
              [
                16.301714102000062,
                47.47415901200003
              ],
              [
                16.297823296000047,
                47.47765846400006
              ],
              [
                16.306848745000025,
                47.48024392600007
              ],
              [
                16.31111859600003,
                47.48146708200005
              ],
              [
                16.31271139300003,
                47.48719157700003
              ],
              [
                16.313274351000075,
                47.489214840000045
              ],
              [
                16.316041093000024,
                47.49113750600003
              ],
              [
                16.320367274000034,
                47.49414385800003
              ],
              [
                16.325459075000026,
                47.496426771000074
              ],
              [
                16.339882403000047,
                47.51619896900007
              ],
              [
                16.33668711300004,
                47.52580867800003
              ],
              [
                16.320520704000046,
                47.537762102000045
              ],
              [
                16.313898524000024,
                47.542658534000054
              ],
              [
                16.31261746000007,
                47.543092098000045
              ],
              [
                16.311560420000035,
                47.545086310000045
              ],
              [
                16.31419968600005,
                47.56527491700007
              ],
              [
                16.317554095000048,
                47.568662638000035
              ],
              [
                16.327312514000027,
                47.578517969000075
              ],
              [
                16.33124058800007,
                47.58928787700006
              ],
              [
                16.331269372000065,
                47.59339992000008
              ],
              [
                16.331278155000064,
                47.59465462800006
              ],
              [
                16.33131012000007,
                47.59922109100006
              ],
              [
                16.33698286300006,
                47.600710228000025
              ],
              [
                16.344507220000025,
                47.60268542800003
              ],
              [
                16.353368731000046,
                47.61098885400003
              ],
              [
                16.35192449400006,
                47.61249851300005
              ],
              [
                16.349152213000025,
                47.615396376000035
              ],
              [
                16.350435658000038,
                47.61818995700003
              ],
              [
                16.36414204600004,
                47.622137621000036
              ],
              [
                16.370528171000046,
                47.62397692900004
              ],
              [
                16.369175855000037,
                47.630450816000064
              ],
              [
                16.369115498000042,
                47.63073976100003
              ],
              [
                16.368072606000055,
                47.63573235200005
              ],
              [
                16.37256407600006,
                47.64218759600004
              ],
              [
                16.36078403700003,
                47.65726806600003
              ],
              [
                16.353903084000024,
                47.67165695600005
              ],
              [
                16.354847474000053,
                47.67460203600007
              ],
              [
                16.35645982500006,
                47.67963015200007
              ],
              [
                16.348830521000025,
                47.67962991400003
              ],
              [
                16.334791309000025,
                47.67962947500007
              ],
              [
                16.32403915900005,
                47.68364293500008
              ],
              [
                16.310105775000068,
                47.688023556000076
              ],
              [
                16.308892956000022,
                47.693811260000075
              ],
              [
                16.30858298100003,
                47.69529049500005
              ],
              [
                16.30697138000005,
                47.697737851000056
              ],
              [
                16.29499770600006,
                47.71592091700006
              ],
              [
                16.29181154400004,
                47.73041700500005
              ],
              [
                16.29402309900007,
                47.735700595000026
              ],
              [
                16.296559956000067,
                47.741761358000076
              ],
              [
                16.29896775700007,
                47.761036165000064
              ],
              [
                16.297945903000027,
                47.76253872900003
              ],
              [
                16.296611295000048,
                47.76546048900008
              ],
              [
                16.294769486000064,
                47.769492627000034
              ],
              [
                16.297351975000026,
                47.77397706900007
              ],
              [
                16.301778081000066,
                47.78166291600007
              ],
              [
                16.30077195100006,
                47.786750221000034
              ],
              [
                16.284388886000045,
                47.79093704100006
              ],
              [
                16.278398262000053,
                47.79246799200007
              ],
              [
                16.269725530000073,
                47.79150466600004
              ],
              [
                16.276203249000048,
                47.80851034500006
              ],
              [
                16.28455241300003,
                47.81164452100006
              ],
              [
                16.310432907000063,
                47.80701871200006
              ],
              [
                16.309080339000047,
                47.79681090300005
              ],
              [
                16.308275714000047,
                47.79073841100006
              ],
              [
                16.316461152000045,
                47.78624012600005
              ],
              [
                16.323852697000063,
                47.78991554900006
              ],
              [
                16.32985319000005,
                47.796898362000036
              ],
              [
                16.333497676000036,
                47.80113947400008
              ],
              [
                16.34063577200004,
                47.803695754000046
              ],
              [
                16.346702309000023,
                47.805868290000035
              ],
              [
                16.34775522700005,
                47.809128774000044
              ],
              [
                16.350369842000077,
                47.81722524200006
              ],
              [
                16.354427103000035,
                47.82087952400008
              ],
              [
                16.360776986000076,
                47.82331645200003
              ],
              [
                16.363937796000073,
                47.82420623500008
              ],
              [
                16.37677555600004,
                47.82782012400003
              ],
              [
                16.373320586000034,
                47.83260763700008
              ],
              [
                16.386949712000046,
                47.84378966400004
              ],
              [
                16.37516588400007,
                47.85276621300005
              ],
              [
                16.371363745000053,
                47.85498965700003
              ],
              [
                16.35091903400007,
                47.86694547500008
              ],
              [
                16.35797456100005,
                47.867234160000066
              ],
              [
                16.375920257000075,
                47.874152680000066
              ],
              [
                16.38269776900006,
                47.876765582000075
              ],
              [
                16.39121357500005,
                47.88210066600004
              ],
              [
                16.40111448600004,
                47.877089417000036
              ],
              [
                16.40646858300005,
                47.878719570000044
              ],
              [
                16.416432470000075,
                47.890045960000066
              ],
              [
                16.413089292000052,
                47.89311393000003
              ],
              [
                16.41190489300004,
                47.894200830000045
              ],
              [
                16.413747176000072,
                47.894610354000065
              ],
              [
                16.419318530000055,
                47.89584881800005
              ],
              [
                16.422970285000076,
                47.90228305900007
              ],
              [
                16.42017234700006,
                47.909225046000074
              ],
              [
                16.418446076000066,
                47.913508111000056
              ],
              [
                16.42320557200003,
                47.913818236000054
              ],
              [
                16.424277655000026,
                47.913888092000036
              ],
              [
                16.42911973100007,
                47.918796400000076
              ],
              [
                16.431655773000045,
                47.92136713000008
              ],
              [
                16.436529266000036,
                47.92630728300003
              ],
              [
                16.451851417000057,
                47.93412700600004
              ],
              [
                16.466354292000062,
                47.93872998100005
              ],
              [
                16.475887374000024,
                47.937844392000045
              ],
              [
                16.476600569000027,
                47.937778139000045
              ],
              [
                16.487514016000034,
                47.94125480400004
              ],
              [
                16.48945026900003,
                47.94187163000004
              ],
              [
                16.497370515000057,
                47.94103587700005
              ],
              [
                16.506611116000045,
                47.94006079900004
              ],
              [
                16.508940652000035,
                47.94077888800007
              ],
              [
                16.51790638800003,
                47.94354261400008
              ],
              [
                16.54104995000006,
                47.91942953200004
              ],
              [
                16.543364866000047,
                47.917029487000036
              ],
              [
                16.55734568300005,
                47.90253453400004
              ],
              [
                16.570811510000055,
                47.89570455900008
              ],
              [
                16.575488354000072,
                47.88732300200007
              ],
              [
                16.580777926000053,
                47.88875945400008
              ],
              [
                16.584575802000074,
                47.894781726000076
              ],
              [
                16.588687459000028,
                47.901301560000036
              ],
              [
                16.596563735000075,
                47.904329123000025
              ],
              [
                16.607284220000054,
                47.913357493000035
              ],
              [
                16.622994703000074,
                47.92428882300004
              ],
              [
                16.629603769000028,
                47.928887401000054
              ],
              [
                16.630009751000046,
                47.93385763900005
              ],
              [
                16.630205786000033,
                47.935370093000074
              ],
              [
                16.631368105000035,
                47.94433762500006
              ],
              [
                16.64395012800003,
                47.94929064100006
              ],
              [
                16.651234170000066,
                47.950861675000056
              ],
              [
                16.65665109100007,
                47.95881758000007
              ],
              [
                16.663065704000076,
                47.95769508500007
              ],
              [
                16.679877159000057,
                47.961381102000075
              ],
              [
                16.695440861000066,
                47.96479354100006
              ],
              [
                16.69967508700006,
                47.968326827000055
              ],
              [
                16.699684165000065,
                47.975861018000046
              ],
              [
                16.697467563000032,
                47.97991553900005
              ],
              [
                16.694868064000048,
                47.98467043900007
              ],
              [
                16.699710976000063,
                47.99236103700008
              ],
              [
                16.701683675000027,
                48.01169977600006
              ],
              [
                16.712970909000035,
                48.01269089900006
              ],
              [
                16.71742027700003,
                48.01180712100006
              ],
              [
                16.727519923000045,
                48.00980102700004
              ],
              [
                16.745405152000046,
                48.013778658000035
              ],
              [
                16.754771172000062,
                48.01301574100006
              ],
              [
                16.79221546200006,
                48.02305402600007
              ],
              [
                16.79325478100003,
                48.023770554000066
              ],
              [
                16.79952557300004,
                48.028093771000044
              ],
              [
                16.820369628000037,
                48.02804811500005
              ],
              [
                16.825483679000058,
                48.02803691300005
              ],
              [
                16.82881644400004,
                48.02799449400004
              ],
              [
                16.83632777400004,
                48.033863402000065
              ],
              [
                16.832371743000067,
                48.03791827300006
              ],
              [
                16.829520124000055,
                48.040841138000076
              ],
              [
                16.871257920000062,
                48.06972341900007
              ],
              [
                16.87425933800006,
                48.069504675000076
              ],
              [
                16.882440949000056,
                48.068908399000065
              ],
              [
                16.883084594000024,
                48.06915606600006
              ],
              [
                16.892162374000065,
                48.07264908800005
              ],
              [
                16.903964724000048,
                48.07050302500005
              ],
              [
                16.917653124000026,
                48.06533337900004
              ],
              [
                16.919046512000023,
                48.06197855100004
              ],
              [
                16.917360217000066,
                48.059207713000035
              ],
              [
                16.915887861000044,
                48.056788409000035
              ],
              [
                16.92002204700003,
                48.051176559000055
              ],
              [
                16.932568779000064,
                48.048197679000054
              ],
              [
                16.94070996800002,
                48.047201604000065
              ],
              [
                16.95150160000003,
                48.04588124700007
              ],
              [
                16.970665422000025,
                48.03909362400003
              ],
              [
                16.970329588000027,
                48.03463028500005
              ],
              [
                16.969664093000063,
                48.02578564300006
              ],
              [
                16.98072486800004,
                48.02543488200007
              ],
              [
                16.99212242300007,
                48.04614604200003
              ],
              [
                17.01325174300007,
                48.074985542000036
              ],
              [
                16.998469847000024,
                48.084397618000025
              ],
              [
                16.998454327000047,
                48.084407500000054
              ],
              [
                16.98039353000007,
                48.093709886000056
              ],
              [
                16.970769011000073,
                48.095657033000066
              ],
              [
                16.971148929000037,
                48.10055465000005
              ],
              [
                16.977245121000067,
                48.10330740900008
              ],
              [
                16.983123146000025,
                48.105961654000055
              ],
              [
                16.983147191000057,
                48.106003325000074
              ],
              [
                16.98617259100007,
                48.111246461000064
              ],
              [
                16.998157160000062,
                48.10825115100005
              ],
              [
                17.000732561000063,
                48.10483192500004
              ],
              [
                17.004319330000044,
                48.10006995800006
              ],
              [
                17.007832138000026,
                48.10095975300004
              ],
              [
                17.017643176000036,
                48.10344489200003
              ],
              [
                17.023453566000057,
                48.10113811600007
              ],
              [
                17.01769470000005,
                48.095580625000025
              ],
              [
                17.016505731000052,
                48.09443323100004
              ],
              [
                17.00391048000006,
                48.091721128000074
              ],
              [
                17.006059304000075,
                48.089978046000056
              ],
              [
                17.034286920000056,
                48.08652519700007
              ],
              [
                17.040026888000057,
                48.095600845000035
              ],
              [
                17.04366900200006,
                48.101359509000076
              ],
              [
                17.049911775000055,
                48.10414137400005
              ],
              [
                17.061286323000047,
                48.109210028000064
              ],
              [
                17.066740797000023,
                48.11868162600007
              ],
              [
                17.078915530000074,
                48.10559953100005
              ],
              [
                17.081988410000065,
                48.10419288600008
              ],
              [
                17.091209579000065,
                48.099971792000076
              ],
              [
                17.088897020000047,
                48.09621491300004
              ],
              [
                17.093165182000064,
                48.09142254600005
              ],
              [
                17.087487848000023,
                48.09120608500007
              ],
              [
                17.081121284000062,
                48.087701321000054
              ]
            ]
          ]
        ]
      }
    },
    {
      "type": "Feature",
      "properties": {
        "NUTS_ID": "AT33",
        "LEVL_CODE": 2,
        "CNTR_CODE": "AT",
        "NAME_LATN": "Tirol",
        "NUTS_NAME": "Tirol",
        "MOUNT_TYPE": null,
        "URBN_TYPE": null,
        "COAST_TYPE": null,
        "NAME_ENGL": "Austria",
        "NAME_FREN": "Autriche",
        "ISO3_CODE": "AUT",
        "SVRG_UN": "UN Member State",
        "CAPT": "Vienna",
        "EU_STAT": "T",
        "EFTA_STAT": "F",
        "CC_STAT": "F",
        "NAME_GERM": "Österreich",
        "region_id": "austria_tyrol",
        "region_code": "AT33",
        "region_name": "Tirol",
        "source_dataset": "Eurostat GISCO NUTS 2024",
        "geometry_version": "NUTS 2024 / 1:1M / EPSG:4326",
        "source_url": "https://gisco-services.ec.europa.eu/distribution/v2/nuts/geojson/NUTS_RG_01M_2024_4326_LEVL_2.geojson",
        "attribution": "European Commission - Eurostat/GISCO"
      },
      "geometry": {
        "type": "MultiPolygon",
        "coordinates": [
          [
            [
              [
                10.449331047000044,
                47.545086310000045
              ],
              [
                10.454438851000077,
                47.55579702400007
              ],
              [
                10.473137104000045,
                47.55036142400007
              ],
              [
                10.481495852000023,
                47.545086310000045
              ],
              [
                10.488914713000042,
                47.54040434900003
              ],
              [
                10.494240245000071,
                47.53939253100003
              ],
              [
                10.497772786000041,
                47.53910290600004
              ],
              [
                10.52453629100006,
                47.53516635100004
              ],
              [
                10.562806401000046,
                47.536189715000035
              ],
              [
                10.56645336400004,
                47.53406934900005
              ],
              [
                10.574042040000052,
                47.53522552700008
              ],
              [
                10.579927872000042,
                47.545086310000045
              ],
              [
                10.580991594000068,
                47.54686840900007
              ],
              [
                10.58094230200004,
                47.55120647700005
              ],
              [
                10.580897504000063,
                47.55514898100006
              ],
              [
                10.584816829000033,
                47.55750898000008
              ],
              [
                10.592889310000032,
                47.56236977900005
              ],
              [
                10.59339129600005,
                47.563063595000074
              ],
              [
                10.598129813000071,
                47.56961290300006
              ],
              [
                10.602302314000042,
                47.56812081100003
              ],
              [
                10.608783637000045,
                47.56580308100007
              ],
              [
                10.619177862000072,
                47.566253664000044
              ],
              [
                10.626524290000077,
                47.560868851000066
              ],
              [
                10.674659500000075,
                47.55875961000004
              ],
              [
                10.678010289000042,
                47.55623654600004
              ],
              [
                10.68642789100005,
                47.55742511900007
              ],
              [
                10.69046365500003,
                47.557994972000074
              ],
              [
                10.691380407000054,
                47.55325762900003
              ],
              [
                10.691819813000052,
                47.55098698300003
              ],
              [
                10.69586877300003,
                47.545086310000045
              ],
              [
                10.720656089000045,
                47.53836352900004
              ],
              [
                10.730331805000048,
                47.53844620800004
              ],
              [
                10.74038138900005,
                47.538532082000074
              ],
              [
                10.758845472000075,
                47.53331876900006
              ],
              [
                10.763797791000059,
                47.52761600700006
              ],
              [
                10.763791462000029,
                47.52608309300007
              ],
              [
                10.763764683000034,
                47.51959762300004
              ],
              [
                10.777603527000053,
                47.51465079500008
              ],
              [
                10.789372965000041,
                47.51868783500004
              ],
              [
                10.79536852900003,
                47.52074437600004
              ],
              [
                10.799889045000043,
                47.52065410300003
              ],
              [
                10.810911525000051,
                47.52043398700005
              ],
              [
                10.812376544000074,
                47.522988981000026
              ],
              [
                10.81412077300007,
                47.52603091600008
              ],
              [
                10.829345742000044,
                47.52831048300004
              ],
              [
                10.834604010000021,
                47.52714501200006
              ],
              [
                10.838528603000043,
                47.52627514300008
              ],
              [
                10.840164066000057,
                47.527073159000054
              ],
              [
                10.843857012000058,
                47.528875113000026
              ],
              [
                10.853078087000029,
                47.53337448800005
              ],
              [
                10.886146826000072,
                47.53678234600005
              ],
              [
                10.890065398000047,
                47.53618051900003
              ],
              [
                10.903929074000075,
                47.51876807300005
              ],
              [
                10.904083370000023,
                47.51857428100004
              ],
              [
                10.904123815000048,
                47.51857079100006
              ],
              [
                10.91839688300007,
                47.51733907400006
              ],
              [
                10.916154919000064,
                47.51341338700007
              ],
              [
                10.888404352000066,
                47.50468571700003
              ],
              [
                10.871301072000051,
                47.49930666300003
              ],
              [
                10.871157579000055,
                47.482892727000035
              ],
              [
                10.886403739000059,
                47.479814763000036
              ],
              [
                10.90393139400004,
                47.48401247100003
              ],
              [
                10.909013537000021,
                47.48522959700006
              ],
              [
                10.933684394000068,
                47.48241951000006
              ],
              [
                10.937086871000076,
                47.47950431000004
              ],
              [
                10.931099440000025,
                47.47415901200003
              ],
              [
                10.929086692000055,
                47.47236212400003
              ],
              [
                10.932482097000047,
                47.46803390800005
              ],
              [
                10.954043692000027,
                47.45423728700007
              ],
              [
                10.956736739000064,
                47.452514086000065
              ],
              [
                10.981762034000042,
                47.43128484500005
              ],
              [
                10.984968275000028,
                47.420943213000044
              ],
              [
                10.978696897000077,
                47.41810918900006
              ],
              [
                10.975232877000053,
                47.41756605900008
              ],
              [
                10.97296198600003,
                47.41721000200005
              ],
              [
                10.96977750800005,
                47.41340466200006
              ],
              [
                10.970752547000075,
                47.40073416100006
              ],
              [
                10.991202288000068,
                47.396130991000064
              ],
              [
                11.004739159000053,
                47.39424930200005
              ],
              [
                11.016500436000058,
                47.396367988000065
              ],
              [
                11.030261564000057,
                47.393678531000035
              ],
              [
                11.055374369000049,
                47.39596600600004
              ],
              [
                11.090464756000074,
                47.39594384700007
              ],
              [
                11.115419248000023,
                47.39592808900005
              ],
              [
                11.122748189000049,
                47.39923883300003
              ],
              [
                11.122985219000043,
                47.40332365800003
              ],
              [
                11.123134908000054,
                47.405903316000035
              ],
              [
                11.128039994000062,
                47.411591816000055
              ],
              [
                11.148632454000051,
                47.41810918900006
              ],
              [
                11.162033833000066,
                47.42170387600004
              ],
              [
                11.179197911000074,
                47.424608782000064
              ],
              [
                11.197271538000052,
                47.42766762400004
              ],
              [
                11.201180854000029,
                47.43012682800003
              ],
              [
                11.206395568000062,
                47.43340720900005
              ],
              [
                11.21628819600005,
                47.43154105200006
              ],
              [
                11.220917142000076,
                47.43066784200005
              ],
              [
                11.225458398000058,
                47.43075489600005
              ],
              [
                11.250561960000027,
                47.431236123000076
              ],
              [
                11.251796658000046,
                47.42720885500006
              ],
              [
                11.241948450000052,
                47.41953883300005
              ],
              [
                11.24011280600007,
                47.41810918900006
              ],
              [
                11.222306285000059,
                47.397347403000026
              ],
              [
                11.22696013600006,
                47.39536105700006
              ],
              [
                11.235879093000051,
                47.39776714900006
              ],
              [
                11.274782283000036,
                47.39855097900005
              ],
              [
                11.288623490000077,
                47.40628126200005
              ],
              [
                11.292385412000044,
                47.41810918900006
              ],
              [
                11.292048210000075,
                47.420653455000036
              ],
              [
                11.291317895000077,
                47.42616384000007
              ],
              [
                11.302437075000057,
                47.430738975000054
              ],
              [
                11.305460579000055,
                47.430798749000076
              ],
              [
                11.313071218000061,
                47.43094920900006
              ],
              [
                11.329561239000043,
                47.43872822600008
              ],
              [
                11.33161128300003,
                47.44335586300008
              ],
              [
                11.33243402000005,
                47.44521305600006
              ],
              [
                11.339840106000054,
                47.44951081700003
              ],
              [
                11.357300472000077,
                47.44829634200005
              ],
              [
                11.360783015000038,
                47.44688142200005
              ],
              [
                11.365329246000044,
                47.44503433800003
              ],
              [
                11.370661397000049,
                47.446550856000044
              ],
              [
                11.379081907000057,
                47.44894573600004
              ],
              [
                11.421427625000035,
                47.44485203700003
              ],
              [
                11.407701767000049,
                47.46603767900007
              ],
              [
                11.401920523000058,
                47.46643292600004
              ],
              [
                11.391553352000074,
                47.46714169900008
              ],
              [
                11.384576511000034,
                47.472481542000025
              ],
              [
                11.389427996000052,
                47.48052347700008
              ],
              [
                11.410219187000052,
                47.49532392400005
              ],
              [
                11.439544304000037,
                47.51652100900003
              ],
              [
                11.449322862000031,
                47.507231078000075
              ],
              [
                11.484977065000066,
                47.50887727200006
              ],
              [
                11.50686329000007,
                47.50521197900008
              ],
              [
                11.518922258000032,
                47.510370813000065
              ],
              [
                11.535407899000063,
                47.50907880900007
              ],
              [
                11.570400766000034,
                47.51440786400008
              ],
              [
                11.587374476000036,
                47.52581513400003
              ],
              [
                11.587879734000069,
                47.545086310000045
              ],
              [
                11.588162562000036,
                47.555873716000065
              ],
              [
                11.600727680000034,
                47.567973522000045
              ],
              [
                11.603494184000056,
                47.57616025300007
              ],
              [
                11.606721272000073,
                47.580719808000026
              ],
              [
                11.612760371000036,
                47.58051403400003
              ],
              [
                11.613675158000035,
                47.58048286400003
              ],
              [
                11.614135347000058,
                47.58073462700003
              ],
              [
                11.620093930000053,
                47.58399448600005
              ],
              [
                11.625976469000022,
                47.582634348000056
              ],
              [
                11.632776002000071,
                47.581062186000054
              ],
              [
                11.632883142000026,
                47.59244601900008
              ],
              [
                11.639886425000043,
                47.59289746800005
              ],
              [
                11.656326395000065,
                47.58599437300006
              ],
              [
                11.679601965000074,
                47.58451496200007
              ],
              [
                11.701829546000056,
                47.58888287600007
              ],
              [
                11.744323052000027,
                47.58793794500008
              ],
              [
                11.775065795000046,
                47.59040483600006
              ],
              [
                11.844807203000073,
                47.58171737500004
              ],
              [
                11.850508360000049,
                47.59339992000008
              ],
              [
                11.854841389000057,
                47.60227896200007
              ],
              [
                11.86276729900004,
                47.60167491300007
              ],
              [
                11.894366842000068,
                47.60852749000003
              ],
              [
                11.903258918000063,
                47.608711345000074
              ],
              [
                11.914598908000073,
                47.61354137300003
              ],
              [
                11.933131647000039,
                47.612779067000076
              ],
              [
                11.966372281000076,
                47.616947097000036
              ],
              [
                11.976297824000028,
                47.61407356700005
              ],
              [
                11.982602917000065,
                47.61904964800004
              ],
              [
                12.001248367000073,
                47.622435418000066
              ],
              [
                12.01127709800005,
                47.623798770000064
              ],
              [
                12.023088399000073,
                47.611320497000065
              ],
              [
                12.036869248000073,
                47.61711159200007
              ],
              [
                12.051970489000041,
                47.61515777900007
              ],
              [
                12.06066222100003,
                47.61874355300006
              ],
              [
                12.083876394000072,
                47.60990082600006
              ],
              [
                12.107452403000025,
                47.61121118600005
              ],
              [
                12.113024780000046,
                47.61152090000007
              ],
              [
                12.128649105000022,
                47.60779890300006
              ],
              [
                12.13802054000007,
                47.605566458000055
              ],
              [
                12.149447717000044,
                47.60863995400007
              ],
              [
                12.149916872000063,
                47.60873355500007
              ],
              [
                12.177446012000075,
                47.614225893000025
              ],
              [
                12.18084359200003,
                47.60989846900003
              ],
              [
                12.179626855000038,
                47.605860852000035
              ],
              [
                12.178131570000062,
                47.600898905000065
              ],
              [
                12.20664623600004,
                47.609533732000045
              ],
              [
                12.207641715000022,
                47.61441182300007
              ],
              [
                12.202470332000075,
                47.63073976100003
              ],
              [
                12.201741610000056,
                47.63304060100006
              ],
              [
                12.19841284000006,
                47.64214109200003
              ],
              [
                12.196657807000065,
                47.64490605900005
              ],
              [
                12.19455259700004,
                47.647186359000045
              ],
              [
                12.194051229000024,
                47.64772942500008
              ],
              [
                12.18684380600007,
                47.657331630000044
              ],
              [
                12.182210849000057,
                47.66748576300006
              ],
              [
                12.17082014400006,
                47.67783004200004
              ],
              [
                12.164716605000024,
                47.690041430000065
              ],
              [
                12.162598478000064,
                47.701129938000065
              ],
              [
                12.172960932000024,
                47.70090054500008
              ],
              [
                12.182815162000054,
                47.70068240200004
              ],
              [
                12.226644700000065,
                47.71829086000008
              ],
              [
                12.237578443000075,
                47.72933220700003
              ],
              [
                12.248173747000067,
                47.74003178400005
              ],
              [
                12.257072100000073,
                47.74283912300007
              ],
              [
                12.26408966300005,
                47.731870866000065
              ],
              [
                12.258345822000024,
                47.724676712000075
              ],
              [
                12.246471193000048,
                47.70980375200003
              ],
              [
                12.241844100000037,
                47.69570835500008
              ],
              [
                12.243146706000061,
                47.69167194500005
              ],
              [
                12.257177482000031,
                47.67909986600006
              ],
              [
                12.263609947000077,
                47.678900672000054
              ],
              [
                12.274852227000054,
                47.68500980400006
              ],
              [
                12.283314157000063,
                47.68960807500008
              ],
              [
                12.327125589000048,
                47.695369493000044
              ],
              [
                12.338045351000062,
                47.69708757500007
              ],
              [
                12.336106935000032,
                47.69289761400006
              ],
              [
                12.339989672000058,
                47.69036585600003
              ],
              [
                12.350274188000071,
                47.691947568000046
              ],
              [
                12.365993680000031,
                47.684233246000076
              ],
              [
                12.378478967000035,
                47.68676327400004
              ],
              [
                12.412170278000076,
                47.69359050700007
              ],
              [
                12.438794512000072,
                47.694814002000044
              ],
              [
                12.442540241000074,
                47.68913336300005
              ],
              [
                12.442184548000057,
                47.68543986200007
              ],
              [
                12.441175745000066,
                47.674964497000076
              ],
              [
                12.452213860000029,
                47.66717132400004
              ],
              [
                12.465444044000037,
                47.650266886000054
              ],
              [
                12.476294581000047,
                47.64443651800008
              ],
              [
                12.489072658000055,
                47.637570416000074
              ],
              [
                12.492848898000034,
                47.633123805000025
              ],
              [
                12.49822952900007,
                47.62678798600007
              ],
              [
                12.511486158000025,
                47.625774344000035
              ],
              [
                12.519113455000024,
                47.628531072000044
              ],
              [
                12.525224442000024,
                47.63073976100003
              ],
              [
                12.539078565000068,
                47.635907401000054
              ],
              [
                12.575026261000062,
                47.632315980000044
              ],
              [
                12.570775086000026,
                47.61562587100008
              ],
              [
                12.576275464000048,
                47.605655941000066
              ],
              [
                12.58740742200007,
                47.603612948000034
              ],
              [
                12.625530599000058,
                47.596616390000065
              ],
              [
                12.653630668000062,
                47.58808533500007
              ],
              [
                12.663703732000045,
                47.58071746100006
              ],
              [
                12.664040397000065,
                47.57726056400003
              ],
              [
                12.653949511000064,
                47.570276179000075
              ],
              [
                12.641524571000048,
                47.55516151000006
              ],
              [
                12.636518029000058,
                47.552621302000034
              ],
              [
                12.628945833000046,
                47.54877933900008
              ],
              [
                12.634443579000049,
                47.545086310000045
              ],
              [
                12.64567835400004,
                47.53753951700003
              ],
              [
                12.64931994400007,
                47.536783221000064
              ],
              [
                12.653156699000021,
                47.53598639200004
              ],
              [
                12.655784520000054,
                47.52616523300003
              ],
              [
                12.658876020000037,
                47.51461113000005
              ],
              [
                12.665186217000041,
                47.50528002800007
              ],
              [
                12.666594026000041,
                47.50587978000004
              ],
              [
                12.669592539000064,
                47.50715720200003
              ],
              [
                12.672053343000073,
                47.50219352400006
              ],
              [
                12.673347798000066,
                47.499582485000076
              ],
              [
                12.683370965000051,
                47.49455160600007
              ],
              [
                12.69595806500007,
                47.488233825000066
              ],
              [
                12.699362415000053,
                47.47761644500008
              ],
              [
                12.666773828000032,
                47.465731660000074
              ],
              [
                12.634580115000063,
                47.46615502000003
              ],
              [
                12.631551906000027,
                47.45919828600006
              ],
              [
                12.63769209700007,
                47.44766139700005
              ],
              [
                12.638039147000029,
                47.43945923100006
              ],
              [
                12.632317054000055,
                47.43207496500003
              ],
              [
                12.626691123000057,
                47.427927313000055
              ],
              [
                12.62499036500003,
                47.42246540700006
              ],
              [
                12.620083473000022,
                47.417663452000056
              ],
              [
                12.602637564000077,
                47.41275279700005
              ],
              [
                12.590696384000069,
                47.40290952000004
              ],
              [
                12.587331429000074,
                47.397736906000034
              ],
              [
                12.577436915000021,
                47.39254353600006
              ],
              [
                12.566420015000062,
                47.394344422000074
              ],
              [
                12.56080948500005,
                47.39942560000003
              ],
              [
                12.545593248000046,
                47.39740284800007
              ],
              [
                12.526090497000041,
                47.39105962300005
              ],
              [
                12.505761879000033,
                47.392356361000054
              ],
              [
                12.49687356000004,
                47.381366651000064
              ],
              [
                12.483538468000063,
                47.37737540400008
              ],
              [
                12.47913223200004,
                47.368500941000036
              ],
              [
                12.48310882000004,
                47.36351879000006
              ],
              [
                12.486542943000075,
                47.359216278000076
              ],
              [
                12.48708068700006,
                47.35265597000006
              ],
              [
                12.496937556000034,
                47.34769315500006
              ],
              [
                12.494995953000057,
                47.33782662100003
              ],
              [
                12.487062396000056,
                47.33683937400008
              ],
              [
                12.478077914000039,
                47.32662146200005
              ],
              [
                12.469574842000043,
                47.32437938100003
              ],
              [
                12.440990385000077,
                47.328592109000056
              ],
              [
                12.42045530400003,
                47.32227307900007
              ],
              [
                12.409283644000027,
                47.31394714600003
              ],
              [
                12.389152398000022,
                47.31504279500007
              ],
              [
                12.374506488000065,
                47.31142708100003
              ],
              [
                12.342354186000023,
                47.32179084100005
              ],
              [
                12.334943328000065,
                47.328285648000076
              ],
              [
                12.320452104000026,
                47.32598524000008
              ],
              [
                12.313551455000038,
                47.329734976000054
              ],
              [
                12.296726699000033,
                47.33187381000005
              ],
              [
                12.294217423000077,
                47.32538441000003
              ],
              [
                12.26404328700005,
                47.302304020000065
              ],
              [
                12.254704753000055,
                47.30800345100005
              ],
              [
                12.245802112000035,
                47.30260255700006
              ],
              [
                12.237675354000032,
                47.301504591000025
              ],
              [
                12.232817328000067,
                47.30429543900004
              ],
              [
                12.229619863000039,
                47.311227759000076
              ],
              [
                12.218988281000065,
                47.31139558900003
              ],
              [
                12.207821547000037,
                47.30249842600006
              ],
              [
                12.196491335000076,
                47.29938037100004
              ],
              [
                12.16474806900004,
                47.301637483000036
              ],
              [
                12.14317920600007,
                47.288851470000054
              ],
              [
                12.123497918000055,
                47.302037907000056
              ],
              [
                12.113238558000035,
                47.305497926000044
              ],
              [
                12.092602929000066,
                47.285452673000066
              ],
              [
                12.082241343000021,
                47.28057348500005
              ],
              [
                12.078806618000044,
                47.27478217200007
              ],
              [
                12.078656083000055,
                47.26835533800005
              ],
              [
                12.100586217000057,
                47.256825787000025
              ],
              [
                12.111169116000042,
                47.24131836600003
              ],
              [
                12.103586404000055,
                47.23691457800004
              ],
              [
                12.087121887000023,
                47.21542536100003
              ],
              [
                12.088384079000036,
                47.206363070000066
              ],
              [
                12.082147587000065,
                47.193647147000036
              ],
              [
                12.08839996200004,
                47.178840421000075
              ],
              [
                12.086955098000033,
                47.16955899800007
              ],
              [
                12.09310756800005,
                47.16164856600005
              ],
              [
                12.09344412400003,
                47.14613794100006
              ],
              [
                12.11163100500005,
                47.13806251900007
              ],
              [
                12.115612268000064,
                47.122194583000066
              ],
              [
                12.128431290000037,
                47.107659725000076
              ],
              [
                12.126345298000047,
                47.09328295600005
              ],
              [
                12.13601377200007,
                47.08066745900004
              ],
              [
                12.119218058000058,
                47.073770065000076
              ],
              [
                12.097914333000062,
                47.07769601000007
              ],
              [
                12.081923930000073,
                47.06909813900006
              ],
              [
                12.076136347000045,
                47.05972047500006
              ],
              [
                12.059506516000056,
                47.05852862900008
              ],
              [
                12.05195283200004,
                47.061659431000066
              ],
              [
                12.040160463000063,
                47.060190275000025
              ],
              [
                12.029972921000024,
                47.05057477300005
              ],
              [
                12.019931566000025,
                47.04729204500006
              ],
              [
                11.996142165000037,
                47.04931375900003
              ],
              [
                11.986329321000028,
                47.04749342700006
              ],
              [
                11.97912659900004,
                47.050001088000045
              ],
              [
                11.967413441000076,
                47.04078355200005
              ],
              [
                11.955992393000031,
                47.042344755000045
              ],
              [
                11.947153350000065,
                47.03438846100005
              ],
              [
                11.932568476000029,
                47.03697136100004
              ],
              [
                11.917250092000074,
                47.032637255000054
              ],
              [
                11.892022119000046,
                47.016816163000044
              ],
              [
                11.879363848000025,
                47.015946693000046
              ],
              [
                11.874045366000075,
                47.01007866600003
              ],
              [
                11.862863869000023,
                47.00901169900004
              ],
              [
                11.852798370000073,
                47.00101930400007
              ],
              [
                11.842912253000065,
                47.00029287600006
              ],
              [
                11.835346873000049,
                46.993377688000066
              ],
              [
                11.809616074000076,
                46.99019858100007
              ],
              [
                11.782436865000022,
                46.99167382700006
              ],
              [
                11.771427269000071,
                46.983505250000064
              ],
              [
                11.764944451000076,
                46.97398132600006
              ],
              [
                11.747028717000035,
                46.96887253500006
              ],
              [
                11.728168337000056,
                46.972920025000064
              ],
              [
                11.711195512000074,
                46.992621720000045
              ],
              [
                11.688486273000024,
                46.99514131700005
              ],
              [
                11.664872418000073,
                46.99232531200005
              ],
              [
                11.635653221000041,
                47.00333793400006
              ],
              [
                11.627199512000061,
                47.01329884000006
              ],
              [
                11.612760369000057,
                47.01163855000004
              ],
              [
                11.612203513000054,
                47.01157452000007
              ],
              [
                11.610868507000077,
                47.01094731300003
              ],
              [
                11.599956981000048,
                47.00582091000007
              ],
              [
                11.59657693400004,
                47.00572554800004
              ],
              [
                11.589585088000035,
                47.005528284000036
              ],
              [
                11.582632065000041,
                47.00239726400008
              ],
              [
                11.58116650200003,
                47.00009498000003
              ],
              [
                11.578733644000067,
                46.99627315200007
              ],
              [
                11.538536878000059,
                46.98408200500006
              ],
              [
                11.533502283000075,
                46.98969420600008
              ],
              [
                11.530817826000032,
                46.99268664400006
              ],
              [
                11.512340324000036,
                47.00449395900006
              ],
              [
                11.500470277000034,
                47.009354623000036
              ],
              [
                11.480678673000057,
                47.01080959500007
              ],
              [
                11.470299449000038,
                47.00212245400007
              ],
              [
                11.469452536000063,
                46.998687516000075
              ],
              [
                11.468623154000056,
                46.99532368300004
              ],
              [
                11.463109951000035,
                46.99398532300006
              ],
              [
                11.453516138000055,
                46.99165637300007
              ],
              [
                11.444568611000022,
                46.98023935600003
              ],
              [
                11.441477528000064,
                46.97629514400006
              ],
              [
                11.434879549000073,
                46.974093578000065
              ],
              [
                11.41677214200007,
                46.966904157000045
              ],
              [
                11.402014973000064,
                46.965185707000046
              ],
              [
                11.383067617000052,
                46.97094388100004
              ],
              [
                11.379677410000056,
                46.97505790900004
              ],
              [
                11.37696302300003,
                46.97835182700004
              ],
              [
                11.359091487000057,
                46.990197900000055
              ],
              [
                11.345478484000068,
                46.989991158000066
              ],
              [
                11.344760135000058,
                46.98950286500008
              ],
              [
                11.338487153000074,
                46.98523884300005
              ],
              [
                11.325023624000039,
                46.99007065700005
              ],
              [
                11.320152421000046,
                46.99181884300003
              ],
              [
                11.312525814000026,
                46.98814148500003
              ],
              [
                11.302437075000057,
                46.983276948000025
              ],
              [
                11.295936503000064,
                46.98441833500004
              ],
              [
                11.289139068000054,
                46.98561184500005
              ],
              [
                11.276173971000048,
                46.98051600200006
              ],
              [
                11.262710317000028,
                46.98011199500007
              ],
              [
                11.25727751900007,
                46.97574207300005
              ],
              [
                11.255819504000044,
                46.974569305000045
              ],
              [
                11.250844218000054,
                46.97429824300008
              ],
              [
                11.249402617000044,
                46.97421970200003
              ],
              [
                11.248728283000048,
                46.973823362000076
              ],
              [
                11.241653102000043,
                46.969664926000064
              ],
              [
                11.22777045600003,
                46.96911978300005
              ],
              [
                11.220836961000032,
                46.968847519000064
              ],
              [
                11.21456639400003,
                46.96615638700007
              ],
              [
                11.207961005000072,
                46.963321559000065
              ],
              [
                11.204119218000073,
                46.965466390000074
              ],
              [
                11.196152824000023,
                46.969913948000055
              ],
              [
                11.188209243000074,
                46.969700629000045
              ],
              [
                11.180014021000034,
                46.965621431000045
              ],
              [
                11.17514802900007,
                46.96319936900005
              ],
              [
                11.16428131500004,
                46.965722622000044
              ],
              [
                11.163672618000021,
                46.94978501600008
              ],
              [
                11.168125506000024,
                46.94503806500006
              ],
              [
                11.154528980000066,
                46.93390195100005
              ],
              [
                11.13960897000004,
                46.92816335900005
              ],
              [
                11.131698933000052,
                46.92898777400006
              ],
              [
                11.114959963000047,
                46.93073237500005
              ],
              [
                11.110273765000045,
                46.925981603000025
              ],
              [
                11.109903926000072,
                46.92216383200008
              ],
              [
                11.109392032000073,
                46.916879669000025
              ],
              [
                11.102873861000035,
                46.91473374100008
              ],
              [
                11.097643273000074,
                46.91301171400005
              ],
              [
                11.095699397000033,
                46.90733381300004
              ],
              [
                11.096723706000034,
                46.90515177700007
              ],
              [
                11.099080352000044,
                46.90013152800003
              ],
              [
                11.097579102000054,
                46.89217031000004
              ],
              [
                11.100420744000076,
                46.888624003000075
              ],
              [
                11.09046475100007,
                46.87959383400005
              ],
              [
                11.088967079000042,
                46.87823543300004
              ],
              [
                11.072162365000054,
                46.85385370300003
              ],
              [
                11.072842001000026,
                46.85141405000007
              ],
              [
                11.074643007000077,
                46.844949075000045
              ],
              [
                11.07415938500003,
                46.84397477500005
              ],
              [
                11.071435038000061,
                46.83848633000008
              ],
              [
                11.07618681300005,
                46.83442620200003
              ],
              [
                11.078896133000057,
                46.83211123800004
              ],
              [
                11.082353167000065,
                46.82217764600006
              ],
              [
                11.05656547600006,
                46.80868186600003
              ],
              [
                11.050803908000034,
                46.80744142200007
              ],
              [
                11.042781554000044,
                46.805714239000054
              ],
              [
                11.042880212000057,
                46.80335130100008
              ],
              [
                11.042977174000043,
                46.801028994000035
              ],
              [
                11.036362384000029,
                46.79316694900007
              ],
              [
                11.03596129500005,
                46.79269023200004
              ],
              [
                11.035590401000036,
                46.79195230800008
              ],
              [
                11.02224999200007,
                46.76541048400003
              ],
              [
                11.017154707000032,
                46.76846804300004
              ],
              [
                11.013098382000067,
                46.770902146000026
              ],
              [
                11.004573157000038,
                46.76938752800004
              ],
              [
                10.994459445000075,
                46.767590694000035
              ],
              [
                10.967571435000025,
                46.772091688000046
              ],
              [
                10.953143897000075,
                46.77450682600005
              ],
              [
                10.923820681000052,
                46.77505491000005
              ],
              [
                10.901739776000056,
                46.76893006600005
              ],
              [
                10.882306967000034,
                46.76353975600006
              ],
              [
                10.871298138000043,
                46.765837599000065
              ],
              [
                10.86595919900003,
                46.77112708100003
              ],
              [
                10.864957533000052,
                46.77211946800003
              ],
              [
                10.83882897500007,
                46.78120952900008
              ],
              [
                10.832765323000046,
                46.778058169000076
              ],
              [
                10.825453250000066,
                46.774257989000034
              ],
              [
                10.815062054000066,
                46.77578950100008
              ],
              [
                10.80258900800004,
                46.78406822800008
              ],
              [
                10.785998944000028,
                46.79507954200005
              ],
              [
                10.777272001000028,
                46.79243585300003
              ],
              [
                10.755909337000048,
                46.785964371000034
              ],
              [
                10.730329654000059,
                46.78833040500007
              ],
              [
                10.72609340200006,
                46.79784506900006
              ],
              [
                10.73198932500003,
                46.79951849300005
              ],
              [
                10.737311226000031,
                46.801028994000035
              ],
              [
                10.74260203600005,
                46.802530671000056
              ],
              [
                10.751249293000058,
                46.81427216800006
              ],
              [
                10.76384659100006,
                46.822628431000055
              ],
              [
                10.753976197000043,
                46.832794110000066
              ],
              [
                10.743770114000029,
                46.83457191400004
              ],
              [
                10.723121948000028,
                46.83816863000004
              ],
              [
                10.715312486000073,
                46.846712368000055
              ],
              [
                10.706223601000033,
                46.847122170000034
              ],
              [
                10.69551810300004,
                46.85183170800008
              ],
              [
                10.693615416000057,
                46.85454255800005
              ],
              [
                10.69514084900004,
                46.859440275000054
              ],
              [
                10.695906855000032,
                46.861899694000044
              ],
              [
                10.691416608000054,
                46.866309122000075
              ],
              [
                10.67250720800007,
                46.87101482000003
              ],
              [
                10.671975290000034,
                46.871147190000045
              ],
              [
                10.671651624000049,
                46.87145235400004
              ],
              [
                10.667368716000055,
                46.87549043400003
              ],
              [
                10.656168537000042,
                46.86909406600006
              ],
              [
                10.651094342000022,
                46.86619621800003
              ],
              [
                10.644944335000048,
                46.86578592400008
              ],
              [
                10.624282004000065,
                46.864407449000055
              ],
              [
                10.596093678000045,
                46.85686442100007
              ],
              [
                10.589515992000031,
                46.850558325000065
              ],
              [
                10.576304676000063,
                46.847313952000036
              ],
              [
                10.57178211200005,
                46.84422260700006
              ],
              [
                10.568721974000027,
                46.842130886000064
              ],
              [
                10.553601146000062,
                46.840044198000044
              ],
              [
                10.551842512000064,
                46.84137251000004
              ],
              [
                10.55274825400005,
                46.842839758000025
              ],
              [
                10.555292655000073,
                46.84696153900006
              ],
              [
                10.551715814000033,
                46.849648253000055
              ],
              [
                10.527272904000029,
                46.84653987200005
              ],
              [
                10.521067445000028,
                46.84575073000008
              ],
              [
                10.499470606000045,
                46.84799403200003
              ],
              [
                10.492488481000066,
                46.851592063000055
              ],
              [
                10.479757480000046,
                46.85815260600003
              ],
              [
                10.469651302000045,
                46.85490900100007
              ],
              [
                10.470905233000053,
                46.87384000900005
              ],
              [
                10.468453141000055,
                46.879155694000076
              ],
              [
                10.465796236000074,
                46.88491537800007
              ],
              [
                10.469870300000025,
                46.88940643300003
              ],
              [
                10.47457866700006,
                46.894596713000055
              ],
              [
                10.479097600000046,
                46.91011350100007
              ],
              [
                10.485429710000062,
                46.91533818000005
              ],
              [
                10.486227533000033,
                46.93190918600004
              ],
              [
                10.489350724000076,
                46.93779064800003
              ],
              [
                10.456757253000035,
                46.95140866700007
              ],
              [
                10.441437164000035,
                46.95454089900005
              ],
              [
                10.432947936000062,
                46.95627654400005
              ],
              [
                10.42287680000004,
                46.960766926000076
              ],
              [
                10.425151207000056,
                46.96755084800003
              ],
              [
                10.426580836000028,
                46.97181503300004
              ],
              [
                10.425432975000035,
                46.97641384600007
              ],
              [
                10.389317834000053,
                47.00052461400003
              ],
              [
                10.381444353000063,
                46.99628933200006
              ],
              [
                10.371914789000073,
                46.99116321500003
              ],
              [
                10.362698185000056,
                46.99094150500008
              ],
              [
                10.348979042000053,
                46.990611484000055
              ],
              [
                10.330824242000062,
                46.96559776000004
              ],
              [
                10.329304673000024,
                46.96059167300007
              ],
              [
                10.327372429000036,
                46.954226068000025
              ],
              [
                10.319447105000052,
                46.95174271500008
              ],
              [
                10.308619021000027,
                46.94834979900003
              ],
              [
                10.307208745000025,
                46.93955730500005
              ],
              [
                10.310051645000044,
                46.93687112400005
              ],
              [
                10.316284731000053,
                46.93098164700007
              ],
              [
                10.316068925000025,
                46.92518392800008
              ],
              [
                10.313868891000027,
                46.92517608300005
              ],
              [
                10.310579261000044,
                46.92567177400008
              ],
              [
                10.309531752000055,
                46.925829616000044
              ],
              [
                10.307148423000058,
                46.92526238000005
              ],
              [
                10.305719649000025,
                46.92526399900004
              ],
              [
                10.30353647100003,
                46.92526647300008
              ],
              [
                10.300806031000036,
                46.92466034600005
              ],
              [
                10.299266756000065,
                46.92334812800004
              ],
              [
                10.296884426000076,
                46.91995640600004
              ],
              [
                10.293612093000036,
                46.92181210700005
              ],
              [
                10.264923380000027,
                46.928142826000055
              ],
              [
                10.257510553000031,
                46.92977861000003
              ],
              [
                10.252479691000076,
                46.93072642100003
              ],
              [
                10.241698773000053,
                46.93163533500007
              ],
              [
                10.241514387000052,
                46.92383367600007
              ],
              [
                10.241415545000052,
                46.91965150800007
              ],
              [
                10.233170562000055,
                46.90239730300004
              ],
              [
                10.229325902000028,
                46.89831000600003
              ],
              [
                10.226582095000026,
                46.895393038000066
              ],
              [
                10.22913806300005,
                46.89166176200007
              ],
              [
                10.234490480000034,
                46.88384815000006
              ],
              [
                10.232827715000042,
                46.87161357900004
              ],
              [
                10.230387132000033,
                46.866403511000044
              ],
              [
                10.219112235000068,
                46.86635994200003
              ],
              [
                10.194941780000022,
                46.86626654000003
              ],
              [
                10.18594245600002,
                46.85949201500006
              ],
              [
                10.180403754000054,
                46.85532258200004
              ],
              [
                10.168186374000072,
                46.85102260300005
              ],
              [
                10.15780864800007,
                46.84869261800003
              ],
              [
                10.144974674000025,
                46.85100948200005
              ],
              [
                10.140710128000023,
                46.86216846700006
              ],
              [
                10.14085211500003,
                46.86828978600005
              ],
              [
                10.140986336000026,
                46.87407626500004
              ],
              [
                10.128981872000054,
                46.88019414900003
              ],
              [
                10.116808754000033,
                46.88639798500003
              ],
              [
                10.109798406000039,
                46.895975736000025
              ],
              [
                10.108664187000045,
                46.904303793000054
              ],
              [
                10.10805369700006,
                46.908786346000056
              ],
              [
                10.106090425000048,
                46.91110133900003
              ],
              [
                10.09935069100004,
                46.91904849600007
              ],
              [
                10.098164995000047,
                46.925747734000026
              ],
              [
                10.11598157700007,
                46.93657156300003
              ],
              [
                10.126359455000056,
                46.942876272000035
              ],
              [
                10.134541418000026,
                46.955358068000066
              ],
              [
                10.135407143000066,
                46.96232000100008
              ],
              [
                10.136237166000058,
                46.968994835000046
              ],
              [
                10.144161849000056,
                46.98211284100006
              ],
              [
                10.151353924000034,
                46.98273757900006
              ],
              [
                10.160370919000059,
                46.98352083800006
              ],
              [
                10.156108545000052,
                46.99043665000005
              ],
              [
                10.155171153000026,
                46.99195759200006
              ],
              [
                10.15549763200005,
                46.992647401000056
              ],
              [
                10.158451498000034,
                46.99888853700003
              ],
              [
                10.155413022000062,
                47.00335427700003
              ],
              [
                10.148475433000044,
                47.00629105500008
              ],
              [
                10.133137050000073,
                47.01278400800004
              ],
              [
                10.124822063000067,
                47.02021451400003
              ],
              [
                10.125430681000068,
                47.02387329600003
              ],
              [
                10.135299018000069,
                47.02929194500007
              ],
              [
                10.136478920000059,
                47.030090682000036
              ],
              [
                10.151644445000045,
                47.04035701500004
              ],
              [
                10.155896881000047,
                47.048550989000034
              ],
              [
                10.150783310000065,
                47.06056592200008
              ],
              [
                10.141157217000057,
                47.062448224000036
              ],
              [
                10.138908507000053,
                47.06288794100004
              ],
              [
                10.134897863000049,
                47.06533534400006
              ],
              [
                10.133558469000036,
                47.07761801000004
              ],
              [
                10.134905275000051,
                47.08298750700004
              ],
              [
                10.158086252000032,
                47.11381109000007
              ],
              [
                10.172509253000044,
                47.11960983500006
              ],
              [
                10.173397185000056,
                47.11964434400005
              ],
              [
                10.185202998000022,
                47.120103165000046
              ],
              [
                10.186735113000054,
                47.12555069900003
              ],
              [
                10.187798384000075,
                47.129331225000044
              ],
              [
                10.199979923000058,
                47.13141581900004
              ],
              [
                10.209366764000038,
                47.13302216300008
              ],
              [
                10.206792437000047,
                47.13531403500008
              ],
              [
                10.20417403600004,
                47.13764514500008
              ],
              [
                10.204494940000075,
                47.141663218000076
              ],
              [
                10.21272985500002,
                47.14421377700006
              ],
              [
                10.215187643000036,
                47.14497501500006
              ],
              [
                10.220584121000059,
                47.150566593000065
              ],
              [
                10.212787175000074,
                47.15728100200005
              ],
              [
                10.208279860000061,
                47.16104618600008
              ],
              [
                10.209395483000037,
                47.165277916000036
              ],
              [
                10.21098769200006,
                47.171317411000075
              ],
              [
                10.204436637000072,
                47.17696985600003
              ],
              [
                10.201624524000067,
                47.179396231000055
              ],
              [
                10.196951941000066,
                47.19200923300008
              ],
              [
                10.204224925000062,
                47.19816304200003
              ],
              [
                10.212435012000071,
                47.20510975000008
              ],
              [
                10.211533066000072,
                47.22219740500003
              ],
              [
                10.208030320000034,
                47.23091055800006
              ],
              [
                10.203052711000055,
                47.233324037000045
              ],
              [
                10.19827643800005,
                47.23563989500008
              ],
              [
                10.20983089300006,
                47.24624339500008
              ],
              [
                10.212206772000059,
                47.24670525700003
              ],
              [
                10.219918549000056,
                47.24820439700005
              ],
              [
                10.222051907000036,
                47.252046035000035
              ],
              [
                10.191992834000075,
                47.25939512200006
              ],
              [
                10.176653852000072,
                47.26314532100008
              ],
              [
                10.178352767000035,
                47.270114025000055
              ],
              [
                10.19560133300007,
                47.27478217200007
              ],
              [
                10.201594188000058,
                47.27640407700005
              ],
              [
                10.22166014000004,
                47.27554873100007
              ],
              [
                10.223935686000061,
                47.27478217200007
              ],
              [
                10.229070496000077,
                47.27305241800008
              ],
              [
                10.234680959000059,
                47.27116243100005
              ],
              [
                10.239265270000033,
                47.27478217200007
              ],
              [
                10.239310579000062,
                47.27481794800008
              ],
              [
                10.243459291000022,
                47.27809374200007
              ],
              [
                10.256400497000072,
                47.28111400100005
              ],
              [
                10.25900699500005,
                47.281722314000035
              ],
              [
                10.259654719000025,
                47.28231288100005
              ],
              [
                10.265975566000066,
                47.28807596100006
              ],
              [
                10.27544490200006,
                47.288130102000025
              ],
              [
                10.281311321000032,
                47.288163644000065
              ],
              [
                10.286920340000052,
                47.29235774000006
              ],
              [
                10.295826373000068,
                47.299017148000075
              ],
              [
                10.302827419000039,
                47.29948530300004
              ],
              [
                10.315450393000049,
                47.30609515100008
              ],
              [
                10.322476710000046,
                47.30545697200006
              ],
              [
                10.32953903200007,
                47.30481552200007
              ],
              [
                10.348802740000053,
                47.317509150000035
              ],
              [
                10.347119408000026,
                47.31978161600006
              ],
              [
                10.346487385000046,
                47.32063483500008
              ],
              [
                10.357853287000069,
                47.33723526000006
              ],
              [
                10.368865196000058,
                47.34477501900005
              ],
              [
                10.385254080000038,
                47.35599634600004
              ],
              [
                10.387359780000054,
                47.36351879000006
              ],
              [
                10.388396842000077,
                47.367223609000064
              ],
              [
                10.389249410000048,
                47.37026934100004
              ],
              [
                10.396560903000022,
                47.37622688400006
              ],
              [
                10.407461928000032,
                47.37772296800006
              ],
              [
                10.412406748000024,
                47.37840160800005
              ],
              [
                10.415562634000025,
                47.38064773800005
              ],
              [
                10.420616965000022,
                47.38424504500006
              ],
              [
                10.423564137000028,
                47.383536692000064
              ],
              [
                10.436768155000038,
                47.380363103000036
              ],
              [
                10.431178552000063,
                47.389014134000035
              ],
              [
                10.429718154000057,
                47.39127439200007
              ],
              [
                10.432487287000072,
                47.40246878200003
              ],
              [
                10.438427469000032,
                47.41282332600008
              ],
              [
                10.445530087000066,
                47.41533899500007
              ],
              [
                10.453351316000067,
                47.41810918900006
              ],
              [
                10.456657455000027,
                47.423152764000065
              ],
              [
                10.459844516000032,
                47.42801468400006
              ],
              [
                10.467265403000056,
                47.430601790000026
              ],
              [
                10.474750658000062,
                47.433211337000046
              ],
              [
                10.470219665000059,
                47.44853057500006
              ],
              [
                10.469644997000046,
                47.44921360700005
              ],
              [
                10.466390518000026,
                47.45308178000005
              ],
              [
                10.468189180000024,
                47.46391563100008
              ],
              [
                10.469090007000034,
                47.46934157000004
              ],
              [
                10.467174864000071,
                47.47415901100004
              ],
              [
                10.463763401000051,
                47.482740367000076
              ],
              [
                10.455254675000049,
                47.48365094600007
              ],
              [
                10.443465828000058,
                47.48491255300007
              ],
              [
                10.435729819000073,
                47.49536610500007
              ],
              [
                10.432260273000054,
                47.50361159300007
              ],
              [
                10.438952551000057,
                47.51226181000004
              ],
              [
                10.440721938000024,
                47.51454886100004
              ],
              [
                10.44045622300007,
                47.51756095800005
              ],
              [
                10.439792512000054,
                47.525084657000036
              ],
              [
                10.446703005000074,
                47.539575487000036
              ],
              [
                10.449331047000044,
                47.545086310000045
              ]
            ]
          ],
          [
            [
              [
                12.50625294100007,
                47.153056553000056
              ],
              [
                12.520186677000027,
                47.15053614400006
              ],
              [
                12.52794037600006,
                47.13813595500005
              ],
              [
                12.543396118000032,
                47.13032322600003
              ],
              [
                12.552653544000066,
                47.12887556900006
              ],
              [
                12.566098767000028,
                47.134807084000045
              ],
              [
                12.586105124000028,
                47.13158639400007
              ],
              [
                12.592291412000066,
                47.12553702400004
              ],
              [
                12.619205144000034,
                47.12013392500006
              ],
              [
                12.640645498000026,
                47.105114926000056
              ],
              [
                12.656082919000028,
                47.099700975000076
              ],
              [
                12.676145082000062,
                47.08933243400003
              ],
              [
                12.700783428000022,
                47.07032652100003
              ],
              [
                12.705021758000044,
                47.061849883000036
              ],
              [
                12.71110260000006,
                47.04968823300004
              ],
              [
                12.716362420000053,
                47.04506581100003
              ],
              [
                12.735139537000066,
                47.044750158000056
              ],
              [
                12.760896251000077,
                47.04431717500006
              ],
              [
                12.768579244000023,
                47.04110953900005
              ],
              [
                12.753902769000035,
                47.02780675000008
              ],
              [
                12.738115180000023,
                47.01349684500008
              ],
              [
                12.734474142000067,
                47.00323428000007
              ],
              [
                12.734319225000036,
                47.002797634000046
              ],
              [
                12.733727447000035,
                47.00228989300007
              ],
              [
                12.724642611000036,
                46.994495176000044
              ],
              [
                12.734962110000026,
                46.98302561200006
              ],
              [
                12.737155682000036,
                46.98058757600006
              ],
              [
                12.738006086000041,
                46.97806911100008
              ],
              [
                12.740958298000066,
                46.96932615900005
              ],
              [
                12.747335960000044,
                46.96120262900007
              ],
              [
                12.751950928000042,
                46.96015412600008
              ],
              [
                12.758866228000045,
                46.958582997000065
              ],
              [
                12.761662336000029,
                46.952321390000066
              ],
              [
                12.763120035000043,
                46.94905701600004
              ],
              [
                12.768440450000071,
                46.946854501000075
              ],
              [
                12.785368027000061,
                46.939846921000026
              ],
              [
                12.784081792000052,
                46.934238976000074
              ],
              [
                12.783904574000076,
                46.933466311000075
              ],
              [
                12.793197253000073,
                46.92627183700006
              ],
              [
                12.800209910000035,
                46.92447994500003
              ],
              [
                12.800367268000059,
                46.92443973700006
              ],
              [
                12.808115533000034,
                46.922459882000055
              ],
              [
                12.822109350000062,
                46.91749852700008
              ],
              [
                12.83740412900005,
                46.911164676000055
              ],
              [
                12.834908229000064,
                46.90643305000003
              ],
              [
                12.83224887700004,
                46.90139155900005
              ],
              [
                12.837316697000063,
                46.89618657900007
              ],
              [
                12.841277647000027,
                46.892118425000035
              ],
              [
                12.841691582000067,
                46.87757427200006
              ],
              [
                12.842155521000052,
                46.861273177000044
              ],
              [
                12.85269938700003,
                46.85672992500008
              ],
              [
                12.885971279000046,
                46.84239338200007
              ],
              [
                12.890271240000061,
                46.83500815700006
              ],
              [
                12.895627956000055,
                46.825807947000044
              ],
              [
                12.906155657000056,
                46.82275146000006
              ],
              [
                12.925231170000075,
                46.81479644500007
              ],
              [
                12.963967366000077,
                46.79864238400006
              ],
              [
                12.964477556000077,
                46.78674772900007
              ],
              [
                12.95206495900004,
                46.78065013200006
              ],
              [
                12.944652095000038,
                46.770190573000036
              ],
              [
                12.931654783000056,
                46.764451191000035
              ],
              [
                12.918353103000072,
                46.76581196500007
              ],
              [
                12.907588630000078,
                46.77177768200005
              ],
              [
                12.90001423700005,
                46.77597544400004
              ],
              [
                12.889431256000023,
                46.77019868200006
              ],
              [
                12.877218647000063,
                46.76353238100006
              ],
              [
                12.869311453000023,
                46.76228826500005
              ],
              [
                12.856958294000037,
                46.76034462100006
              ],
              [
                12.848260087000028,
                46.75401158900007
              ],
              [
                12.842527966000034,
                46.74983811800007
              ],
              [
                12.814514264000024,
                46.74955244200004
              ],
              [
                12.811648778000063,
                46.753258137000046
              ],
              [
                12.809925005000025,
                46.75548735000007
              ],
              [
                12.800367268000059,
                46.75495216000007
              ],
              [
                12.796389674000068,
                46.75472943200003
              ],
              [
                12.747334652000063,
                46.74677902500008
              ],
              [
                12.742225185000052,
                46.744006229000036
              ],
              [
                12.73708434100007,
                46.741216406000035
              ],
              [
                12.731488424000077,
                46.74197151700008
              ],
              [
                12.724883270000078,
                46.742862814000034
              ],
              [
                12.712242980000042,
                46.73524058600003
              ],
              [
                12.710429550000072,
                46.715149530000076
              ],
              [
                12.714144599000065,
                46.70998616800006
              ],
              [
                12.718446226000026,
                46.70400754900004
              ],
              [
                12.711642114000028,
                46.70309969900006
              ],
              [
                12.693233423000038,
                46.700643487000036
              ],
              [
                12.69224067600004,
                46.69160743700007
              ],
              [
                12.692094460000021,
                46.691342201000055
              ],
              [
                12.689427669000054,
                46.686504626000044
              ],
              [
                12.68554105800007,
                46.67945429100007
              ],
              [
                12.690635196000073,
                46.656972041000074
              ],
              [
                12.66251920600007,
                46.657328550000045
              ],
              [
                12.650696741000047,
                46.65434559200003
              ],
              [
                12.642803505000074,
                46.65235402900004
              ],
              [
                12.634256707000077,
                46.65534478300003
              ],
              [
                12.632981724000047,
                46.65773844300003
              ],
              [
                12.631036989000052,
                46.66138950000004
              ],
              [
                12.619733863000022,
                46.66157440200004
              ],
              [
                12.614687480000043,
                46.660009838000065
              ],
              [
                12.60297515600007,
                46.65637858600007
              ],
              [
                12.588712342000065,
                46.65630743000003
              ],
              [
                12.577923788000021,
                46.656253606000064
              ],
              [
                12.574758134000035,
                46.65431844400007
              ],
              [
                12.570071314000074,
                46.65145339400004
              ],
              [
                12.551243415000044,
                46.658757990000026
              ],
              [
                12.547098561000041,
                46.65929890500007
              ],
              [
                12.533337298000049,
                46.66942466900008
              ],
              [
                12.527040804000023,
                46.67405773300004
              ],
              [
                12.517229100000066,
                46.678006226000036
              ],
              [
                12.502103348000048,
                46.67969072900007
              ],
              [
                12.494179520000046,
                46.67810127100006
              ],
              [
                12.487797235000073,
                46.676821034000056
              ],
              [
                12.47792408600003,
                46.67983561400007
              ],
              [
                12.474051234000058,
                46.68598818300006
              ],
              [
                12.458287403000043,
                46.68762734500007
              ],
              [
                12.44180592300006,
                46.68934113100005
              ],
              [
                12.42946224700006,
                46.69470221500006
              ],
              [
                12.427037116000065,
                46.69908997700003
              ],
              [
                12.414616109000065,
                46.70075056400003
              ],
              [
                12.384059282000067,
                46.71633195000004
              ],
              [
                12.378458711000064,
                46.721960231000025
              ],
              [
                12.369241915000032,
                46.74174059600006
              ],
              [
                12.365062090000038,
                46.753499429000044
              ],
              [
                12.357430626000053,
                46.77496853500003
              ],
              [
                12.331046695000055,
                46.77937087300006
              ],
              [
                12.310458874000062,
                46.78439951300004
              ],
              [
                12.29994799900004,
                46.78387978400008
              ],
              [
                12.28591967400007,
                46.78318612800007
              ],
              [
                12.280237638000074,
                46.79193766800006
              ],
              [
                12.285757604000025,
                46.794494549000035
              ],
              [
                12.286534947000064,
                46.794854619000034
              ],
              [
                12.290084230000048,
                46.801028994000035
              ],
              [
                12.291080902000033,
                46.80276281600004
              ],
              [
                12.286839409000038,
                46.81080098700005
              ],
              [
                12.284225569000057,
                46.815754549000076
              ],
              [
                12.291574016000027,
                46.822067477000076
              ],
              [
                12.30527975800004,
                46.833841850000056
              ],
              [
                12.305505783000058,
                46.841360816000076
              ],
              [
                12.300203871000065,
                46.84301681900007
              ],
              [
                12.29684035300005,
                46.84406738300004
              ],
              [
                12.292243158000076,
                46.850837306000074
              ],
              [
                12.290290567000056,
                46.85637460400005
              ],
              [
                12.290068867000059,
                46.85700331500004
              ],
              [
                12.29184662700004,
                46.86519353300008
              ],
              [
                12.27949767900003,
                46.87091759100008
              ],
              [
                12.277125582000053,
                46.872017120000066
              ],
              [
                12.277136894000023,
                46.87409865600006
              ],
              [
                12.277168207000045,
                46.87986061700008
              ],
              [
                12.271917812000027,
                46.88503906900007
              ],
              [
                12.241603009000073,
                46.890232181000044
              ],
              [
                12.237056819000031,
                46.88869033000003
              ],
              [
                12.233962061000057,
                46.88390390300003
              ],
              [
                12.231893717000048,
                46.88070495100004
              ],
              [
                12.224126372000057,
                46.87931126700005
              ],
              [
                12.222204400000066,
                46.87896641000003
              ],
              [
                12.221584051000036,
                46.87812416600008
              ],
              [
                12.218508818000032,
                46.87394894400006
              ],
              [
                12.200770821000049,
                46.88768239600006
              ],
              [
                12.198758645000055,
                46.89507798400007
              ],
              [
                12.19821779700004,
                46.89706582600007
              ],
              [
                12.188914512000053,
                46.90615434600005
              ],
              [
                12.169851751000067,
                46.90952180900007
              ],
              [
                12.168940959000054,
                46.90930171700006
              ],
              [
                12.162320657000066,
                46.90770192900004
              ],
              [
                12.143811034000066,
                46.91377993900005
              ],
              [
                12.153265103000024,
                46.918162564000056
              ],
              [
                12.159622919000071,
                46.92633377800007
              ],
              [
                12.168118683000046,
                46.93725273300004
              ],
              [
                12.157685619000063,
                46.95035948900005
              ],
              [
                12.14652774700005,
                46.95410003000006
              ],
              [
                12.138808064000045,
                46.95668795900008
              ],
              [
                12.132544247000055,
                46.963062996000076
              ],
              [
                12.136299544000053,
                46.96668124900003
              ],
              [
                12.136577014000068,
                46.97028941000008
              ],
              [
                12.137432237000041,
                46.981410537000045
              ],
              [
                12.132482939000056,
                46.98361734900004
              ],
              [
                12.12932717700005,
                46.98502445300005
              ],
              [
                12.129492506000076,
                46.99335246900006
              ],
              [
                12.129497442000059,
                46.993601098000056
              ],
              [
                12.129333226000028,
                46.99387099200004
              ],
              [
                12.121343714000034,
                47.00700202000007
              ],
              [
                12.127584133000028,
                47.01391127800008
              ],
              [
                12.147045104000028,
                47.02437320700005
              ],
              [
                12.152064790000054,
                47.02296165900003
              ],
              [
                12.164346365000029,
                47.01950805000007
              ],
              [
                12.176342064000039,
                47.024097752000046
              ],
              [
                12.204869105000057,
                47.027030007000064
              ],
              [
                12.215477527000075,
                47.04488154200004
              ],
              [
                12.216700511000056,
                47.05150552400005
              ],
              [
                12.217890745000034,
                47.05795212500004
              ],
              [
                12.240745397000069,
                47.06916836200003
              ],
              [
                12.266077345000042,
                47.075507092000066
              ],
              [
                12.283341159000031,
                47.09220963900003
              ],
              [
                12.290641969000035,
                47.094543731000044
              ],
              [
                12.305233858000065,
                47.092970696000066
              ],
              [
                12.319104517000028,
                47.10591700600003
              ],
              [
                12.346906420000039,
                47.10897791700006
              ],
              [
                12.357519897000032,
                47.11283125600005
              ],
              [
                12.356306429000028,
                47.12910644100003
              ],
              [
                12.36572632800005,
                47.14042059500008
              ],
              [
                12.398905644000024,
                47.15212100400004
              ],
              [
                12.418261334000022,
                47.14268896400006
              ],
              [
                12.434308182000052,
                47.149529941000026
              ],
              [
                12.449644341000067,
                47.14533925000006
              ],
              [
                12.46433197400006,
                47.147778807000066
              ],
              [
                12.473199071000067,
                47.15213582600006
              ],
              [
                12.482150556000022,
                47.152493195000034
              ],
              [
                12.483651167000062,
                47.15798433700007
              ],
              [
                12.497523018000038,
                47.157756240000026
              ],
              [
                12.50625294100007,
                47.153056553000056
              ]
            ]
          ],
          [
            [
              [
                10.454438851000077,
                47.55579702400007
              ],
              [
                10.45102317900006,
                47.55459539800006
              ],
              [
                10.44535696500003,
                47.566094762000034
              ],
              [
                10.439374117000057,
                47.56753018000006
              ],
              [
                10.43519264400004,
                47.568533408000064
              ],
              [
                10.43086325400003,
                47.577315947000045
              ],
              [
                10.437336824000056,
                47.583845534000034
              ],
              [
                10.455534573000023,
                47.58313674200008
              ],
              [
                10.472639953000055,
                47.58695047400005
              ],
              [
                10.48177871100006,
                47.584526389000075
              ],
              [
                10.471932414000037,
                47.57820806500007
              ],
              [
                10.471889866000026,
                47.57065221100004
              ],
              [
                10.464831684000046,
                47.564643929000056
              ],
              [
                10.454438851000077,
                47.55579702400007
              ]
            ]
          ]
        ]
      }
    },
    {
      "type": "Feature",
      "properties": {
        "NUTS_ID": "AT34",
        "LEVL_CODE": 2,
        "CNTR_CODE": "AT",
        "NAME_LATN": "Vorarlberg",
        "NUTS_NAME": "Vorarlberg",
        "MOUNT_TYPE": null,
        "URBN_TYPE": null,
        "COAST_TYPE": null,
        "NAME_ENGL": "Austria",
        "NAME_FREN": "Autriche",
        "ISO3_CODE": "AUT",
        "SVRG_UN": "UN Member State",
        "CAPT": "Vienna",
        "EU_STAT": "T",
        "EFTA_STAT": "F",
        "CC_STAT": "F",
        "NAME_GERM": "Österreich",
        "region_id": "austria_vorarlberg",
        "region_code": "AT34",
        "region_name": "Vorarlberg",
        "source_dataset": "Eurostat GISCO NUTS 2024",
        "geometry_version": "NUTS 2024 / 1:1M / EPSG:4326",
        "source_url": "https://gisco-services.ec.europa.eu/distribution/v2/nuts/geojson/NUTS_RG_01M_2024_4326_LEVL_2.geojson",
        "attribution": "European Commission - Eurostat/GISCO"
      },
      "geometry": {
        "type": "MultiPolygon",
        "coordinates": [
          [
            [
              [
                9.858685775000026,
                47.534397400000046
              ],
              [
                9.874557737000032,
                47.52856663800003
              ],
              [
                9.876472755000066,
                47.539602294000076
              ],
              [
                9.877424397000027,
                47.545086310000045
              ],
              [
                9.878774011000075,
                47.54654058800003
              ],
              [
                9.892410726000037,
                47.545086310000045
              ],
              [
                9.899846058000037,
                47.54429337500005
              ],
              [
                9.908435269000051,
                47.53869999200003
              ],
              [
                9.913704924000058,
                47.53484457900004
              ],
              [
                9.919839634000027,
                47.53035626900004
              ],
              [
                9.933648325000036,
                47.53263743700006
              ],
              [
                9.935777390000055,
                47.53398165200008
              ],
              [
                9.941423106000059,
                47.537546156000076
              ],
              [
                9.952316194000048,
                47.53612213300005
              ],
              [
                9.960264854000059,
                47.53508302600005
              ],
              [
                9.960567035000054,
                47.538741953000056
              ],
              [
                9.960752573000036,
                47.540988524000056
              ],
              [
                9.966261888000076,
                47.545086310000045
              ],
              [
                9.967813723000063,
                47.546240553000075
              ],
              [
                9.965027845000066,
                47.52300044100008
              ],
              [
                9.97246773300003,
                47.51566165600008
              ],
              [
                9.994208038000068,
                47.50334256900004
              ],
              [
                9.988671962000069,
                47.49743114900008
              ],
              [
                9.999526182000068,
                47.483017139000026
              ],
              [
                10.009478153000032,
                47.482032254000046
              ],
              [
                10.028395247000049,
                47.485487257000045
              ],
              [
                10.04235608700003,
                47.488037054000074
              ],
              [
                10.053208391000055,
                47.475712343000055
              ],
              [
                10.053050265000024,
                47.47415901200003
              ],
              [
                10.052523354000073,
                47.46898296900008
              ],
              [
                10.057028857000034,
                47.46557722500006
              ],
              [
                10.064112872000067,
                47.463064186000054
              ],
              [
                10.065980840000066,
                47.46240152800004
              ],
              [
                10.069285727000022,
                47.45914886200006
              ],
              [
                10.072517606000076,
                47.45596805000008
              ],
              [
                10.080587363000063,
                47.45746766100007
              ],
              [
                10.090300807000062,
                47.45927272100005
              ],
              [
                10.094065256000022,
                47.45164082800005
              ],
              [
                10.094071103000033,
                47.44639123200005
              ],
              [
                10.094076130000076,
                47.44187829400005
              ],
              [
                10.098900643000036,
                47.436288801000046
              ],
              [
                10.103893215000028,
                47.43050460000006
              ],
              [
                10.104564415000027,
                47.42814823400005
              ],
              [
                10.098592033000045,
                47.42393428100007
              ],
              [
                10.097431965000055,
                47.42311576800006
              ],
              [
                10.096545390000074,
                47.42083157900004
              ],
              [
                10.095488734000071,
                47.41810918900006
              ],
              [
                10.089396644000033,
                47.41702383300003
              ],
              [
                10.075530596000021,
                47.41455348200003
              ],
              [
                10.072364294000067,
                47.41173110400007
              ],
              [
                10.072082182000031,
                47.407092154000054
              ],
              [
                10.07737385400003,
                47.403985790000036
              ],
              [
                10.08493035400005,
                47.39954990600006
              ],
              [
                10.082889754000064,
                47.39373392200008
              ],
              [
                10.085331134000057,
                47.38795344400006
              ],
              [
                10.08951532900005,
                47.37804648400004
              ],
              [
                10.090773918000025,
                47.375195043000076
              ],
              [
                10.095999522000056,
                47.36351879000006
              ],
              [
                10.097637726000073,
                47.35985833600006
              ],
              [
                10.099850746000072,
                47.35476135000005
              ],
              [
                10.10842567700007,
                47.36351879000006
              ],
              [
                10.110294451000073,
                47.36542734000005
              ],
              [
                10.119590967000022,
                47.37492172300006
              ],
              [
                10.12654169600006,
                47.37244505400008
              ],
              [
                10.141149390000066,
                47.36724007300006
              ],
              [
                10.166017066000052,
                47.36923851500006
              ],
              [
                10.168924,
                47.37218553500003
              ],
              [
                10.16918109900007,
                47.37718511800006
              ],
              [
                10.169565145000035,
                47.384653325000045
              ],
              [
                10.178195294000034,
                47.38651920400008
              ],
              [
                10.18003877800004,
                47.38691777400004
              ],
              [
                10.181679623000036,
                47.38966439600006
              ],
              [
                10.182886215000053,
                47.39168411900005
              ],
              [
                10.194053182000061,
                47.38764776800008
              ],
              [
                10.21222980500005,
                47.38107774400004
              ],
              [
                10.217830504000062,
                47.38377256800004
              ],
              [
                10.22652991900003,
                47.38795836500003
              ],
              [
                10.234472742000037,
                47.38307042500003
              ],
              [
                10.232792078000045,
                47.378603844000054
              ],
              [
                10.235731538000039,
                47.372790027000065
              ],
              [
                10.226520355000048,
                47.36351879000006
              ],
              [
                10.217734571000051,
                47.354675728000075
              ],
              [
                10.216260625000075,
                47.349341742000036
              ],
              [
                10.209409237000045,
                47.342314369000064
              ],
              [
                10.20556160700005,
                47.338367909000056
              ],
              [
                10.205707971000038,
                47.33627574800005
              ],
              [
                10.206027198000072,
                47.331712666000044
              ],
              [
                10.204397829000072,
                47.33017010900005
              ],
              [
                10.200702728000067,
                47.32667188200003
              ],
              [
                10.206824936000032,
                47.32051487900003
              ],
              [
                10.213036167000041,
                47.31426834700005
              ],
              [
                10.210406342000056,
                47.307243879000055
              ],
              [
                10.190948677000051,
                47.29478883300004
              ],
              [
                10.185080415000073,
                47.29485768200004
              ],
              [
                10.179279327000074,
                47.29492574200003
              ],
              [
                10.172087788000056,
                47.27907864400004
              ],
              [
                10.173054902000047,
                47.27478217200007
              ],
              [
                10.173760807000065,
                47.271646142000066
              ],
              [
                10.178352767000035,
                47.270114025000055
              ],
              [
                10.176653852000072,
                47.26314532100008
              ],
              [
                10.191992834000075,
                47.25939512200006
              ],
              [
                10.222051907000036,
                47.252046035000035
              ],
              [
                10.219918549000056,
                47.24820439700005
              ],
              [
                10.212206772000059,
                47.24670525700003
              ],
              [
                10.20983089300006,
                47.24624339500008
              ],
              [
                10.19827643800005,
                47.23563989500008
              ],
              [
                10.203052711000055,
                47.233324037000045
              ],
              [
                10.208030320000034,
                47.23091055800006
              ],
              [
                10.211533066000072,
                47.22219740500003
              ],
              [
                10.212435012000071,
                47.20510975000008
              ],
              [
                10.204224925000062,
                47.19816304200003
              ],
              [
                10.196951941000066,
                47.19200923300008
              ],
              [
                10.201624524000067,
                47.179396231000055
              ],
              [
                10.204436637000072,
                47.17696985600003
              ],
              [
                10.21098769200006,
                47.171317411000075
              ],
              [
                10.209395483000037,
                47.165277916000036
              ],
              [
                10.208279860000061,
                47.16104618600008
              ],
              [
                10.212787175000074,
                47.15728100200005
              ],
              [
                10.220584121000059,
                47.150566593000065
              ],
              [
                10.215187643000036,
                47.14497501500006
              ],
              [
                10.21272985500002,
                47.14421377700006
              ],
              [
                10.204494940000075,
                47.141663218000076
              ],
              [
                10.20417403600004,
                47.13764514500008
              ],
              [
                10.206792437000047,
                47.13531403500008
              ],
              [
                10.209366764000038,
                47.13302216300008
              ],
              [
                10.199979923000058,
                47.13141581900004
              ],
              [
                10.187798384000075,
                47.129331225000044
              ],
              [
                10.186735113000054,
                47.12555069900003
              ],
              [
                10.185202998000022,
                47.120103165000046
              ],
              [
                10.173397185000056,
                47.11964434400005
              ],
              [
                10.172509253000044,
                47.11960983500006
              ],
              [
                10.158086252000032,
                47.11381109000007
              ],
              [
                10.134905275000051,
                47.08298750700004
              ],
              [
                10.133558469000036,
                47.07761801000004
              ],
              [
                10.134897863000049,
                47.06533534400006
              ],
              [
                10.138908507000053,
                47.06288794100004
              ],
              [
                10.141157217000057,
                47.062448224000036
              ],
              [
                10.150783310000065,
                47.06056592200008
              ],
              [
                10.155896881000047,
                47.048550989000034
              ],
              [
                10.151644445000045,
                47.04035701500004
              ],
              [
                10.136478920000059,
                47.030090682000036
              ],
              [
                10.135299018000069,
                47.02929194500007
              ],
              [
                10.125430681000068,
                47.02387329600003
              ],
              [
                10.124822063000067,
                47.02021451400003
              ],
              [
                10.133137050000073,
                47.01278400800004
              ],
              [
                10.148475433000044,
                47.00629105500008
              ],
              [
                10.155413022000062,
                47.00335427700003
              ],
              [
                10.158451498000034,
                46.99888853700003
              ],
              [
                10.15549763200005,
                46.992647401000056
              ],
              [
                10.155171153000026,
                46.99195759200006
              ],
              [
                10.156108545000052,
                46.99043665000005
              ],
              [
                10.160370919000059,
                46.98352083800006
              ],
              [
                10.151353924000034,
                46.98273757900006
              ],
              [
                10.144161849000056,
                46.98211284100006
              ],
              [
                10.136237166000058,
                46.968994835000046
              ],
              [
                10.135407143000066,
                46.96232000100008
              ],
              [
                10.134541418000026,
                46.955358068000066
              ],
              [
                10.126359455000056,
                46.942876272000035
              ],
              [
                10.11598157700007,
                46.93657156300003
              ],
              [
                10.098164995000047,
                46.925747734000026
              ],
              [
                10.09935069100004,
                46.91904849600007
              ],
              [
                10.106090425000048,
                46.91110133900003
              ],
              [
                10.10805369700006,
                46.908786346000056
              ],
              [
                10.108664187000045,
                46.904303793000054
              ],
              [
                10.109798406000039,
                46.895975736000025
              ],
              [
                10.116808754000033,
                46.88639798500003
              ],
              [
                10.128981872000054,
                46.88019414900003
              ],
              [
                10.140986336000026,
                46.87407626500004
              ],
              [
                10.14085211500003,
                46.86828978600005
              ],
              [
                10.140710128000023,
                46.86216846700006
              ],
              [
                10.144974674000025,
                46.85100948200005
              ],
              [
                10.139080825000065,
                46.84756933400007
              ],
              [
                10.128011436000065,
                46.847874793000074
              ],
              [
                10.122516890000043,
                46.84802641400006
              ],
              [
                10.12056909100005,
                46.84649949900006
              ],
              [
                10.116776983000022,
                46.84352679600005
              ],
              [
                10.105169285000045,
                46.840910130000054
              ],
              [
                10.096797168000023,
                46.84879062300007
              ],
              [
                10.09349008700002,
                46.85300683200006
              ],
              [
                10.087550302000068,
                46.86057948400003
              ],
              [
                10.074166829000035,
                46.861298272000056
              ],
              [
                10.05419058800004,
                46.86237113900006
              ],
              [
                10.051290118000054,
                46.86548557500004
              ],
              [
                10.051263948000042,
                46.86872677800005
              ],
              [
                10.051202833000048,
                46.876295801000026
              ],
              [
                10.025497527000027,
                46.89602667400004
              ],
              [
                10.017342039000027,
                46.900792221000074
              ],
              [
                10.01288263400005,
                46.900260253000056
              ],
              [
                10.004434753000055,
                46.89925249500004
              ],
              [
                9.989699334000022,
                46.90303615200003
              ],
              [
                9.982833019000054,
                46.90692156800003
              ],
              [
                9.98214854400004,
                46.908162686000026
              ],
              [
                9.977886933000036,
                46.91589001300008
              ],
              [
                9.965426809000064,
                46.91275158900004
              ],
              [
                9.957790615000022,
                46.91557867500006
              ],
              [
                9.95539855100003,
                46.91504071700007
              ],
              [
                9.944668936000028,
                46.912627701000076
              ],
              [
                9.933648325000036,
                46.91481083200006
              ],
              [
                9.912166849000073,
                46.92536449100004
              ],
              [
                9.876148454000031,
                46.934635495000066
              ],
              [
                9.879432214000076,
                46.93972906600004
              ],
              [
                9.875785570000062,
                46.94909936200003
              ],
              [
                9.877031526000053,
                46.95259997200003
              ],
              [
                9.878132658000027,
                46.95569368900004
              ],
              [
                9.87575948500006,
                46.95883143800006
              ],
              [
                9.872275815000023,
                46.963437458000044
              ],
              [
                9.876614234000044,
                46.973990068000035
              ],
              [
                9.881906022000067,
                46.979557001000046
              ],
              [
                9.89092693200007,
                46.989046950000045
              ],
              [
                9.888798277000035,
                47.000733410000066
              ],
              [
                9.882885173000034,
                47.00320062900005
              ],
              [
                9.873202863000074,
                47.00724053400006
              ],
              [
                9.872139295000068,
                47.012696504000075
              ],
              [
                9.875202067000032,
                47.01476046500005
              ],
              [
                9.879240476000064,
                47.01748189500006
              ],
              [
                9.875084284000025,
                47.02102746700007
              ],
              [
                9.860605552000038,
                47.02258434300006
              ],
              [
                9.853690947000075,
                47.01767181300005
              ],
              [
                9.852066969000077,
                47.016518046000044
              ],
              [
                9.830726359000039,
                47.014332006000075
              ],
              [
                9.828682920000062,
                47.01580908600005
              ],
              [
                9.823021465000068,
                47.01990141300007
              ],
              [
                9.81743808300007,
                47.021141655000065
              ],
              [
                9.810614800000053,
                47.02265731800003
              ],
              [
                9.793154467000022,
                47.03125244900008
              ],
              [
                9.787743600000056,
                47.03522348600006
              ],
              [
                9.783335471000044,
                47.038458614000035
              ],
              [
                9.774460586000032,
                47.038168478000046
              ],
              [
                9.749193983000055,
                47.037342469000066
              ],
              [
                9.742313984000077,
                47.041810413000064
              ],
              [
                9.741866908000077,
                47.04210074900004
              ],
              [
                9.73399392600004,
                47.042753004000076
              ],
              [
                9.717959819000043,
                47.04408138700006
              ],
              [
                9.707317100000068,
                47.048538042000075
              ],
              [
                9.707509902000027,
                47.049522212000056
              ],
              [
                9.708157225000036,
                47.05282651200008
              ],
              [
                9.697616003000064,
                47.05307392700007
              ],
              [
                9.695203707000076,
                47.053130546000034
              ],
              [
                9.687661632000072,
                47.05664735000005
              ],
              [
                9.677454135000062,
                47.06140701600003
              ],
              [
                9.64594499900005,
                47.05928555600008
              ],
              [
                9.639630490000059,
                47.05418284800004
              ],
              [
                9.636564960000044,
                47.05170561700004
              ],
              [
                9.618252463000033,
                47.05362100100007
              ],
              [
                9.607078007000041,
                47.06077453300003
              ],
              [
                9.610014959000068,
                47.06288794100004
              ],
              [
                9.61285999300003,
                47.06998028400005
              ],
              [
                9.61151753200005,
                47.07941212500003
              ],
              [
                9.618148744000052,
                47.07866394700005
              ],
              [
                9.632303739000065,
                47.083695884000065
              ],
              [
                9.635051124000029,
                47.09054475200003
              ],
              [
                9.634033112000054,
                47.10080090800005
              ],
              [
                9.620834090000074,
                47.110545614000046
              ],
              [
                9.624738714000046,
                47.11799562500005
              ],
              [
                9.633284608000054,
                47.12726321000008
              ],
              [
                9.625419375000035,
                47.13295900800006
              ],
              [
                9.624739353000052,
                47.14584746700007
              ],
              [
                9.620580375000031,
                47.15164549700006
              ],
              [
                9.61446410000002,
                47.14811085500003
              ],
              [
                9.608168384000066,
                47.14838894900004
              ],
              [
                9.598732591000044,
                47.160905513000046
              ],
              [
                9.590928107000025,
                47.16468507900004
              ],
              [
                9.579918852000048,
                47.17051771300004
              ],
              [
                9.576908342000024,
                47.17047588100007
              ],
              [
                9.564655051000045,
                47.17030562000008
              ],
              [
                9.56667299000003,
                47.17275255800007
              ],
              [
                9.57276206900002,
                47.17656254900004
              ],
              [
                9.57316451500003,
                47.18783844300003
              ],
              [
                9.579292647000045,
                47.195100136000065
              ],
              [
                9.584809464000045,
                47.20457047600007
              ],
              [
                9.569816291000052,
                47.218676627000036
              ],
              [
                9.554848008000022,
                47.22377252100006
              ],
              [
                9.557551412000066,
                47.23140190600003
              ],
              [
                9.566611886000032,
                47.24200435600005
              ],
              [
                9.555658634000054,
                47.25273884200004
              ],
              [
                9.540855426000064,
                47.26095969200003
              ],
              [
                9.530749051000043,
                47.27058101500006
              ],
              [
                9.537555570000052,
                47.27478217200007
              ],
              [
                9.543321960000071,
                47.27834133500005
              ],
              [
                9.547981191000076,
                47.28474251100005
              ],
              [
                9.559226136000063,
                47.30019159700004
              ],
              [
                9.565732344000025,
                47.304184030000044
              ],
              [
                9.570611376000045,
                47.30632304800008
              ],
              [
                9.578391152000052,
                47.309733633000064
              ],
              [
                9.581559606000042,
                47.31112265500008
              ],
              [
                9.583603316000051,
                47.31266102400008
              ],
              [
                9.588288565000028,
                47.317544025000075
              ],
              [
                9.58928095300007,
                47.31915195400006
              ],
              [
                9.590920390000065,
                47.323410427000056
              ],
              [
                9.592359502000022,
                47.32714855000006
              ],
              [
                9.594805261000033,
                47.33350162900007
              ],
              [
                9.596352527000022,
                47.337519977000056
              ],
              [
                9.59942258700005,
                47.34500245500004
              ],
              [
                9.600727125000049,
                47.346900911000034
              ],
              [
                9.605080745000066,
                47.351291126000035
              ],
              [
                9.61324060100003,
                47.35752187000003
              ],
              [
                9.619673891000048,
                47.36243489300006
              ],
              [
                9.624479505000068,
                47.36614489900006
              ],
              [
                9.64649283500006,
                47.36728745600004
              ],
              [
                9.649545413000055,
                47.36744589400007
              ],
              [
                9.661031584000057,
                47.37059403200004
              ],
              [
                9.67001934700005,
                47.37742575000004
              ],
              [
                9.673137604000033,
                47.38228245800008
              ],
              [
                9.67357847900007,
                47.39129109700008
              ],
              [
                9.661018532000071,
                47.39892409400005
              ],
              [
                9.651635570000053,
                47.40462635600005
              ],
              [
                9.65190177200003,
                47.40857337700004
              ],
              [
                9.65159576600007,
                47.41097128400003
              ],
              [
                9.651552448000075,
                47.411310728000046
              ],
              [
                9.650898896000058,
                47.41643206200007
              ],
              [
                9.64780868400004,
                47.42613212600003
              ],
              [
                9.644895972000029,
                47.435275026000056
              ],
              [
                9.650802504000069,
                47.442743965000034
              ],
              [
                9.65108947300007,
                47.443030658000055
              ],
              [
                9.659449313000039,
                47.45138243900004
              ],
              [
                9.651850914000022,
                47.454628143000036
              ],
              [
                9.633629235000058,
                47.45661979500005
              ],
              [
                9.622811562000038,
                47.457802180000044
              ],
              [
                9.620725649000065,
                47.45948109200003
              ],
              [
                9.607248816000038,
                47.47032833900005
              ],
              [
                9.602995977000035,
                47.46341254500004
              ],
              [
                9.602566467000031,
                47.462714093000045
              ],
              [
                9.594817747000036,
                47.46362201200003
              ],
              [
                9.587865548000025,
                47.474159014000065
              ],
              [
                9.583683777000033,
                47.48049705600005
              ],
              [
                9.576391898000054,
                47.48661436900005
              ],
              [
                9.574368985000035,
                47.487713744000075
              ],
              [
                9.565802765000058,
                47.49236915500006
              ],
              [
                9.564142126000036,
                47.49360392800003
              ],
              [
                9.562821606000057,
                47.49501144700008
              ],
              [
                9.561795257000028,
                47.49678606100008
              ],
              [
                9.561309301000051,
                47.49870233400003
              ],
              [
                9.561826222000036,
                47.50455802400006
              ],
              [
                9.558720702000073,
                47.541892877000066
              ],
              [
                9.565160485000035,
                47.54091143100004
              ],
              [
                9.60592080400005,
                47.534700351000026
              ],
              [
                9.616841565000072,
                47.53303661000007
              ],
              [
                9.630565684000032,
                47.53094488800008
              ],
              [
                9.642106750000039,
                47.529186604000074
              ],
              [
                9.657496003000063,
                47.526841458000035
              ],
              [
                9.663874854000028,
                47.52586951100005
              ],
              [
                9.680359379000038,
                47.523357608000026
              ],
              [
                9.701965664000056,
                47.527929398000026
              ],
              [
                9.728050431000042,
                47.533449346000054
              ],
              [
                9.729882877000023,
                47.53364458600004
              ],
              [
                9.732172811000055,
                47.53373461800004
              ],
              [
                9.735584645000074,
                47.536692954000046
              ],
              [
                9.735848459000067,
                47.54128007000003
              ],
              [
                9.736115745000063,
                47.54592754600003
              ],
              [
                9.740663295000047,
                47.553536663000045
              ],
              [
                9.744983295000054,
                47.55561941600007
              ],
              [
                9.745988692000026,
                47.556104137000034
              ],
              [
                9.74730141300006,
                47.55925826500004
              ],
              [
                9.750606359000074,
                47.56719919600005
              ],
              [
                9.749540142000058,
                47.570504861000074
              ],
              [
                9.755525617000046,
                47.572168153000064
              ],
              [
                9.755747490000033,
                47.57222980900008
              ],
              [
                9.755792349000046,
                47.572586855000054
              ],
              [
                9.756529271000034,
                47.57845221200006
              ],
              [
                9.76350941100003,
                47.58592607600008
              ],
              [
                9.775442433000023,
                47.59339992000008
              ],
              [
                9.777051631000063,
                47.59440778700008
              ],
              [
                9.802545381000073,
                47.59538245200008
              ],
              [
                9.80709408000007,
                47.59339992000008
              ],
              [
                9.820309534000046,
                47.58764001700007
              ],
              [
                9.823746682000035,
                47.587183915000026
              ],
              [
                9.826568862000045,
                47.57796541000005
              ],
              [
                9.82261064100004,
                47.571205743000064
              ],
              [
                9.821742455000049,
                47.56972309500003
              ],
              [
                9.82232699900004,
                47.56820558900006
              ],
              [
                9.825343701000065,
                47.56037407900004
              ],
              [
                9.82108648700006,
                47.555084355000076
              ],
              [
                9.81627461100004,
                47.549105445000066
              ],
              [
                9.827849557000036,
                47.545086310000045
              ],
              [
                9.829806641000062,
                47.54440675800004
              ],
              [
                9.835332140000048,
                47.54355912900007
              ],
              [
                9.850196010000047,
                47.54127896500006
              ],
              [
                9.857972779000022,
                47.53497533400008
              ],
              [
                9.858685775000026,
                47.534397400000046
              ]
            ]
          ]
        ]
      }
    },
    {
      "type": "Feature",
      "properties": {
        "NUTS_ID": "AT12",
        "LEVL_CODE": 2,
        "CNTR_CODE": "AT",
        "NAME_LATN": "Niederösterreich",
        "NUTS_NAME": "Niederösterreich",
        "MOUNT_TYPE": null,
        "URBN_TYPE": null,
        "COAST_TYPE": null,
        "NAME_ENGL": "Austria",
        "NAME_FREN": "Autriche",
        "ISO3_CODE": "AUT",
        "SVRG_UN": "UN Member State",
        "CAPT": "Vienna",
        "EU_STAT": "T",
        "EFTA_STAT": "F",
        "CC_STAT": "F",
        "NAME_GERM": "Österreich",
        "region_id": "austria_lower_austria",
        "region_code": "AT12",
        "region_name": "Niederösterreich",
        "source_dataset": "Eurostat GISCO NUTS 2024",
        "geometry_version": "NUTS 2024 / 1:1M / EPSG:4326",
        "source_url": "https://gisco-services.ec.europa.eu/distribution/v2/nuts/geojson/NUTS_RG_01M_2024_4326_LEVL_2.geojson",
        "attribution": "European Commission - Eurostat/GISCO"
      },
      "geometry": {
        "type": "MultiPolygon",
        "coordinates": [
          [
            [
              [
                15.026397064000037,
                49.01801813600008
              ],
              [
                15.040227627000036,
                49.01199290100004
              ],
              [
                15.049994354000034,
                49.014328430000035
              ],
              [
                15.053949437000028,
                49.015274214000044
              ],
              [
                15.06371342500006,
                49.01432802200003
              ],
              [
                15.064748732000055,
                49.00879004300003
              ],
              [
                15.066475773000036,
                48.99955189700006
              ],
              [
                15.101087957000061,
                48.99444550700008
              ],
              [
                15.105642643000067,
                48.996206081000025
              ],
              [
                15.106294330000026,
                48.996621891000075
              ],
              [
                15.10981475400007,
                48.99886810400005
              ],
              [
                15.13324086800003,
                48.999769220000076
              ],
              [
                15.157331215000056,
                48.99177948500005
              ],
              [
                15.157655918000046,
                48.986423787000035
              ],
              [
                15.155750606000026,
                48.98440397400003
              ],
              [
                15.152125687000023,
                48.980561213000044
              ],
              [
                15.159941899000046,
                48.977695538000035
              ],
              [
                15.161723146000043,
                48.977042475000076
              ],
              [
                15.161404693000065,
                48.97535424000006
              ],
              [
                15.160794585000076,
                48.972119829000064
              ],
              [
                15.166176394000047,
                48.96653775900006
              ],
              [
                15.169216948000042,
                48.96338406500007
              ],
              [
                15.164996768000037,
                48.958127768000054
              ],
              [
                15.156496726000057,
                48.947540839000055
              ],
              [
                15.160246947000076,
                48.94168647300006
              ],
              [
                15.17719829500004,
                48.94696707000003
              ],
              [
                15.189860084000031,
                48.94376319100007
              ],
              [
                15.20141744700004,
                48.95238251200004
              ],
              [
                15.213127995000036,
                48.95606572400004
              ],
              [
                15.224814439000056,
                48.95974135400007
              ],
              [
                15.245319639000058,
                48.95927251900008
              ],
              [
                15.250904669000022,
                48.95739241000007
              ],
              [
                15.261538070000029,
                48.95381285000008
              ],
              [
                15.26277963900003,
                48.95692987600006
              ],
              [
                15.267771494000044,
                48.958024409000075
              ],
              [
                15.267858153000077,
                48.96626427500007
              ],
              [
                15.272779950000029,
                48.96780114300003
              ],
              [
                15.280586037000035,
                48.978169826000055
              ],
              [
                15.277640280000071,
                48.983823029000064
              ],
              [
                15.276303081000037,
                48.98638924800008
              ],
              [
                15.277939221000054,
                48.99342563600004
              ],
              [
                15.28948261000005,
                48.99272952600006
              ],
              [
                15.292759708000062,
                48.98905061700003
              ],
              [
                15.292526924000072,
                48.98743305000005
              ],
              [
                15.292077971000026,
                48.984313361000034
              ],
              [
                15.295960794000052,
                48.98135964100004
              ],
              [
                15.304934758000059,
                48.97842708400003
              ],
              [
                15.308992097000043,
                48.97920414400005
              ],
              [
                15.313175439000076,
                48.980005335000044
              ],
              [
                15.317709896000054,
                48.97794904600005
              ],
              [
                15.32173446400003,
                48.97612398100006
              ],
              [
                15.325055833000022,
                48.97852249300007
              ],
              [
                15.332743503000074,
                48.98407411100004
              ],
              [
                15.365882986000031,
                48.981707088000064
              ],
              [
                15.387581343000022,
                48.97282609600006
              ],
              [
                15.39072705700005,
                48.96899851500007
              ],
              [
                15.393541625000069,
                48.965573859000074
              ],
              [
                15.429542641000069,
                48.951152516000036
              ],
              [
                15.447243010000022,
                48.95037396400005
              ],
              [
                15.456313708000039,
                48.94611298700005
              ],
              [
                15.463584543000024,
                48.949112307000064
              ],
              [
                15.468405502000053,
                48.95110102000007
              ],
              [
                15.474939095000025,
                48.94673927300005
              ],
              [
                15.478554712000061,
                48.94432553100006
              ],
              [
                15.481139041000063,
                48.943896349000056
              ],
              [
                15.482540745000051,
                48.943663566000055
              ],
              [
                15.501072635000071,
                48.93608465300008
              ],
              [
                15.503536084000075,
                48.92904939200008
              ],
              [
                15.506847424000057,
                48.91959267500005
              ],
              [
                15.512124953000068,
                48.91512185000005
              ],
              [
                15.542449604000069,
                48.90769691100007
              ],
              [
                15.55976344800007,
                48.90404022000007
              ],
              [
                15.576606653000056,
                48.89626921000007
              ],
              [
                15.580375779000065,
                48.89572459000004
              ],
              [
                15.587094070000035,
                48.89598650900007
              ],
              [
                15.592097584000044,
                48.89626921000007
              ],
              [
                15.606507817000022,
                48.89708339600003
              ],
              [
                15.613974573000064,
                48.89750527100006
              ],
              [
                15.615639351000027,
                48.89626921000007
              ],
              [
                15.619804295000051,
                48.893176829000026
              ],
              [
                15.630000547000066,
                48.885606332000066
              ],
              [
                15.63492903100007,
                48.88491889100004
              ],
              [
                15.635214810000036,
                48.88552410700004
              ],
              [
                15.63595630900005,
                48.88709443600004
              ],
              [
                15.653526869000075,
                48.88215435200004
              ],
              [
                15.684414453000045,
                48.86109200800007
              ],
              [
                15.692573357000072,
                48.855528425000045
              ],
              [
                15.698017812000046,
                48.85706798900003
              ],
              [
                15.710128183000052,
                48.86049251600008
              ],
              [
                15.714713044000064,
                48.85965101700003
              ],
              [
                15.713585308000063,
                48.85805144200003
              ],
              [
                15.72497304600006,
                48.85632595900006
              ],
              [
                15.729020010000056,
                48.85596251900006
              ],
              [
                15.735601135000024,
                48.855371020000064
              ],
              [
                15.738102831000049,
                48.85514591900005
              ],
              [
                15.741729766000049,
                48.85443545000004
              ],
              [
                15.745388166000055,
                48.85333390800008
              ],
              [
                15.74902204700004,
                48.852583862000074
              ],
              [
                15.751158200000077,
                48.852142953000055
              ],
              [
                15.753633425000032,
                48.85217844500005
              ],
              [
                15.774747263000052,
                48.86969155600008
              ],
              [
                15.780592802000058,
                48.874534941000036
              ],
              [
                15.793017787000053,
                48.87384254700004
              ],
              [
                15.799616480000054,
                48.873398988000076
              ],
              [
                15.828087523000022,
                48.87148518500004
              ],
              [
                15.832282321000037,
                48.87366020400003
              ],
              [
                15.838179603000071,
                48.87671796700005
              ],
              [
                15.844999529000063,
                48.87569356200004
              ],
              [
                15.84521692100003,
                48.87243163200003
              ],
              [
                15.851358555000047,
                48.867460522000044
              ],
              [
                15.846970316000068,
                48.86460388000006
              ],
              [
                15.842929537000032,
                48.86197342600008
              ],
              [
                15.844923504000064,
                48.85927855400007
              ],
              [
                15.86554387800004,
                48.85277022000008
              ],
              [
                15.873300025000049,
                48.85464541400006
              ],
              [
                15.873279328000024,
                48.85571650500003
              ],
              [
                15.873203397000054,
                48.85964590400005
              ],
              [
                15.878113917000064,
                48.85807444400007
              ],
              [
                15.879294034000054,
                48.852975264000065
              ],
              [
                15.880560394000042,
                48.847503440000025
              ],
              [
                15.884513036000044,
                48.84282290800007
              ],
              [
                15.88766677500007,
                48.844427858000074
              ],
              [
                15.895613962000027,
                48.848472213000036
              ],
              [
                15.903114671000026,
                48.84241410100003
              ],
              [
                15.903602338000042,
                48.84072583900007
              ],
              [
                15.904839457000037,
                48.83644304200004
              ],
              [
                15.90932792600006,
                48.837282935000076
              ],
              [
                15.917148670000074,
                48.83874637100007
              ],
              [
                15.928294696000023,
                48.833192954000026
              ],
              [
                15.926556417000029,
                48.82692311900007
              ],
              [
                15.926051682000036,
                48.82510257900003
              ],
              [
                15.929758293000077,
                48.82162816700003
              ],
              [
                15.938311742000053,
                48.820822951000025
              ],
              [
                15.940233299000056,
                48.822981053000035
              ],
              [
                15.943646305000073,
                48.826814203000026
              ],
              [
                15.959882777000075,
                48.81978999900008
              ],
              [
                15.954344267000067,
                48.81555087700008
              ],
              [
                15.952615671000046,
                48.81422782700008
              ],
              [
                15.950393891000033,
                48.805542728000034
              ],
              [
                15.964449839000054,
                48.79823555000007
              ],
              [
                15.97006286800007,
                48.79531754000004
              ],
              [
                15.982714980000026,
                48.787200495000036
              ],
              [
                15.995510349000028,
                48.778991543000075
              ],
              [
                16.022874009000077,
                48.770247088000076
              ],
              [
                16.04859635400004,
                48.762027139000054
              ],
              [
                16.052833106000037,
                48.761020030000054
              ],
              [
                16.059887133000075,
                48.75734130700005
              ],
              [
                16.06466834200006,
                48.75484787500005
              ],
              [
                16.066624150000052,
                48.75427098700004
              ],
              [
                16.069582335000064,
                48.75339806900007
              ],
              [
                16.074805481000055,
                48.751931427000045
              ],
              [
                16.080344273000037,
                48.749800539000034
              ],
              [
                16.088976599000034,
                48.747823022000034
              ],
              [
                16.092822788000035,
                48.746872601000064
              ],
              [
                16.098523400000033,
                48.74603611100008
              ],
              [
                16.10288451200006,
                48.745395889000065
              ],
              [
                16.11432962500004,
                48.74768533000008
              ],
              [
                16.117168004000064,
                48.748253110000064
              ],
              [
                16.121280795000075,
                48.74718660700006
              ],
              [
                16.136213507000036,
                48.74331435100004
              ],
              [
                16.13926873500003,
                48.745407416000035
              ],
              [
                16.143065480000075,
                48.74421060200007
              ],
              [
                16.146247414000072,
                48.74373601800005
              ],
              [
                16.149885837000056,
                48.74319358400004
              ],
              [
                16.152297133000047,
                48.74496128800007
              ],
              [
                16.156405509000024,
                48.74797310900004
              ],
              [
                16.19541730800006,
                48.74312903200007
              ],
              [
                16.204405735000023,
                48.74293998600007
              ],
              [
                16.207892827000023,
                48.74242191500008
              ],
              [
                16.22350033500004,
                48.74010387200008
              ],
              [
                16.261558172000036,
                48.737444495000034
              ],
              [
                16.26832260200007,
                48.74133701300008
              ],
              [
                16.273017840000023,
                48.741277069000034
              ],
              [
                16.301495424000052,
                48.73954394200007
              ],
              [
                16.312070206000044,
                48.73370450500005
              ],
              [
                16.318808757000056,
                48.73301463400003
              ],
              [
                16.33181845300004,
                48.73168274300008
              ],
              [
                16.336310335000064,
                48.73336530700004
              ],
              [
                16.338921455000047,
                48.739252633000035
              ],
              [
                16.34038434100006,
                48.74255102200004
              ],
              [
                16.343077142000027,
                48.74450419400006
              ],
              [
                16.355106681000052,
                48.738976508000064
              ],
              [
                16.354162634000033,
                48.73670441100006
              ],
              [
                16.352774475000047,
                48.73336344300003
              ],
              [
                16.360619873000076,
                48.72838566300004
              ],
              [
                16.379891717000078,
                48.72931829800007
              ],
              [
                16.38855239000003,
                48.73735603500006
              ],
              [
                16.38924707900003,
                48.738000758000055
              ],
              [
                16.389980768000044,
                48.73789705400003
              ],
              [
                16.395992956000043,
                48.737047258000075
              ],
              [
                16.408726186000024,
                48.74278178700007
              ],
              [
                16.410383369000044,
                48.74638112300005
              ],
              [
                16.413708975000077,
                48.75360420900006
              ],
              [
                16.421256206000066,
                48.76077508100008
              ],
              [
                16.422642694000047,
                48.761142404000054
              ],
              [
                16.428241377000063,
                48.762625667000066
              ],
              [
                16.430018885000038,
                48.76323241800003
              ],
              [
                16.431655773000045,
                48.76402071900003
              ],
              [
                16.434997805000023,
                48.76563004900004
              ],
              [
                16.438616310000043,
                48.772742995000044
              ],
              [
                16.436465441000053,
                48.77778618100007
              ],
              [
                16.436375162000047,
                48.777997861000074
              ],
              [
                16.446871548000047,
                48.79035417700004
              ],
              [
                16.448695953000026,
                48.79937896400003
              ],
              [
                16.457495952000045,
                48.803108724000026
              ],
              [
                16.46004035900006,
                48.80418713600005
              ],
              [
                16.460175760000027,
                48.80633544300008
              ],
              [
                16.460280132000037,
                48.80799143400003
              ],
              [
                16.46447227300007,
                48.809890093000035
              ],
              [
                16.47307266100006,
                48.805449116000034
              ],
              [
                16.479243961000066,
                48.80226244500005
              ],
              [
                16.506825985000035,
                48.80232781800004
              ],
              [
                16.514359373000048,
                48.80234567300005
              ],
              [
                16.515682060000074,
                48.80150886300004
              ],
              [
                16.51975150800007,
                48.798934290000034
              ],
              [
                16.53200245100004,
                48.80714868000007
              ],
              [
                16.53278371400006,
                48.807672525000044
              ],
              [
                16.534050295000043,
                48.81082715200006
              ],
              [
                16.54074828800003,
                48.814284153000074
              ],
              [
                16.548699288000023,
                48.80776009600004
              ],
              [
                16.56512288400006,
                48.794283997000036
              ],
              [
                16.578418132000024,
                48.79237788900008
              ],
              [
                16.583167248000052,
                48.791697019000026
              ],
              [
                16.592197544000044,
                48.78726077500005
              ],
              [
                16.59272730300006,
                48.784971590000055
              ],
              [
                16.593231469000045,
                48.782792993000044
              ],
              [
                16.62815536100004,
                48.78071755500008
              ],
              [
                16.62844117000003,
                48.78070057000008
              ],
              [
                16.63552541000007,
                48.78546659400007
              ],
              [
                16.644947755000032,
                48.78570021100006
              ],
              [
                16.665813625000055,
                48.77806442100007
              ],
              [
                16.665721133000034,
                48.77678125300008
              ],
              [
                16.665572085000065,
                48.77471345600003
              ],
              [
                16.669498240000053,
                48.77264580000008
              ],
              [
                16.675962640000023,
                48.76924141100005
              ],
              [
                16.679838906000043,
                48.75618700600006
              ],
              [
                16.679936519000023,
                48.74954148300003
              ],
              [
                16.679542317000028,
                48.748936420000064
              ],
              [
                16.674577889000034,
                48.74131648500003
              ],
              [
                16.682543375000023,
                48.72808706500007
              ],
              [
                16.68258582800007,
                48.727792538000074
              ],
              [
                16.69168882500003,
                48.73193260600004
              ],
              [
                16.70039002900006,
                48.73588993800007
              ],
              [
                16.72340485500007,
                48.73800047800006
              ],
              [
                16.73003317000007,
                48.73425574600003
              ],
              [
                16.737626933000058,
                48.72996557400006
              ],
              [
                16.740754030000062,
                48.730355607000035
              ],
              [
                16.747309234000056,
                48.73117321700005
              ],
              [
                16.750010417000055,
                48.72698822800004
              ],
              [
                16.753790345000027,
                48.72113192200004
              ],
              [
                16.76046155100005,
                48.71679036200004
              ],
              [
                16.764421335000065,
                48.717773296000075
              ],
              [
                16.774705476000065,
                48.71263460500006
              ],
              [
                16.78797443700006,
                48.71317730800007
              ],
              [
                16.789626531000067,
                48.71324487900006
              ],
              [
                16.792757422000022,
                48.71143730700004
              ],
              [
                16.800723253000058,
                48.70683835700004
              ],
              [
                16.804504721000058,
                48.70995421900005
              ],
              [
                16.806438386000025,
                48.71154752500007
              ],
              [
                16.812177747000078,
                48.710927827000035
              ],
              [
                16.81294073600003,
                48.71084544400003
              ],
              [
                16.825463760000048,
                48.71089795300003
              ],
              [
                16.829643572000066,
                48.71314401300003
              ],
              [
                16.834383195000044,
                48.715690892000055
              ],
              [
                16.837677084000063,
                48.71416336100003
              ],
              [
                16.84302429400003,
                48.711683608000044
              ],
              [
                16.868069628000057,
                48.71258588300003
              ],
              [
                16.87537627100005,
                48.71894689800007
              ],
              [
                16.87889039600003,
                48.72200622400004
              ],
              [
                16.884097318000045,
                48.718541241000025
              ],
              [
                16.887453454000024,
                48.71630787700008
              ],
              [
                16.893918446000043,
                48.71660374800007
              ],
              [
                16.902183200000024,
                48.716981985000075
              ],
              [
                16.90328663500003,
                48.71331571800005
              ],
              [
                16.904154938000033,
                48.71043069700005
              ],
              [
                16.90824998000005,
                48.70717830400008
              ],
              [
                16.915386432000048,
                48.70151033900004
              ],
              [
                16.917798283000025,
                48.69324611300004
              ],
              [
                16.91641684900003,
                48.69049912100007
              ],
              [
                16.910478923000028,
                48.678691505000074
              ],
              [
                16.912352226000053,
                48.67457372100006
              ],
              [
                16.918118294000067,
                48.672210791000055
              ],
              [
                16.92305682700004,
                48.670186984000054
              ],
              [
                16.92012345100005,
                48.65070272200006
              ],
              [
                16.921619373000055,
                48.64500934700004
              ],
              [
                16.928408329000035,
                48.63863711400006
              ],
              [
                16.922193411000023,
                48.628408567000065
              ],
              [
                16.919385858000055,
                48.623787882000045
              ],
              [
                16.932568779000064,
                48.61928584200007
              ],
              [
                16.934721254000067,
                48.61923040800008
              ],
              [
                16.937141978000056,
                48.61862702500008
              ],
              [
                16.93855196100003,
                48.61827557700008
              ],
              [
                16.940278026000044,
                48.61724544700007
              ],
              [
                16.94183924300006,
                48.60726677400004
              ],
              [
                16.93944144900007,
                48.60481159400007
              ],
              [
                16.93770391100003,
                48.60303247100006
              ],
              [
                16.934833628000035,
                48.602240487000074
              ],
              [
                16.934108106000053,
                48.598934823000036
              ],
              [
                16.938182905000076,
                48.58610612600006
              ],
              [
                16.93884293900004,
                48.58402814000004
              ],
              [
                16.937806005000027,
                48.580504344000076
              ],
              [
                16.935604759000057,
                48.573023884000065
              ],
              [
                16.938453871000036,
                48.565315964000035
              ],
              [
                16.940708690000065,
                48.56312835500006
              ],
              [
                16.943837375000044,
                48.56009292600004
              ],
              [
                16.943924726000034,
                48.553434527000036
              ],
              [
                16.94394998200005,
                48.55150938100007
              ],
              [
                16.94480080900007,
                48.55079382500003
              ],
              [
                16.952950500000043,
                48.543939832000035
              ],
              [
                16.949777880000056,
                48.53579185800004
              ],
              [
                16.94322572300007,
                48.530339886000036
              ],
              [
                16.942154539000057,
                48.521995909000054
              ],
              [
                16.932568779000064,
                48.52085118600007
              ],
              [
                16.926169850000065,
                48.52020616100003
              ],
              [
                16.92207479600006,
                48.51979337200004
              ],
              [
                16.921598757000027,
                48.51718838900007
              ],
              [
                16.921350653000047,
                48.51583071200008
              ],
              [
                16.91827030500002,
                48.513488910000035
              ],
              [
                16.913555015000043,
                48.509904160000076
              ],
              [
                16.91519827700006,
                48.50413868600003
              ],
              [
                16.91697414400005,
                48.49790795700005
              ],
              [
                16.914220502000035,
                48.49518705100007
              ],
              [
                16.90710210900005,
                48.49730215500006
              ],
              [
                16.904158516000052,
                48.49817679100005
              ],
              [
                16.896184307000055,
                48.49636195800008
              ],
              [
                16.891341571000055,
                48.49246843100008
              ],
              [
                16.892720652000037,
                48.48978555900004
              ],
              [
                16.894927490000043,
                48.485492366000074
              ],
              [
                16.88914914000003,
                48.47706168900004
              ],
              [
                16.882609642000034,
                48.477377653000076
              ],
              [
                16.880763725000065,
                48.47746684100008
              ],
              [
                16.87369507300002,
                48.468098379000025
              ],
              [
                16.86160605300006,
                48.46182331300008
              ],
              [
                16.86192243000005,
                48.452783844000066
              ],
              [
                16.85100325800005,
                48.44903737900006
              ],
              [
                16.851042834000054,
                48.438639882000075
              ],
              [
                16.851640365000037,
                48.435092636000036
              ],
              [
                16.855225647000054,
                48.42994873400005
              ],
              [
                16.862425054000028,
                48.419619546000035
              ],
              [
                16.85871041300004,
                48.416189323000026
              ],
              [
                16.85112827300003,
                48.40918772400005
              ],
              [
                16.854368536000038,
                48.39887766700008
              ],
              [
                16.854963523000038,
                48.39698450100008
              ],
              [
                16.85066395900003,
                48.38349648900004
              ],
              [
                16.84286553800007,
                48.38260330000003
              ],
              [
                16.83466387900006,
                48.381663926000044
              ],
              [
                16.839335815000027,
                48.373644253000066
              ],
              [
                16.840245254000024,
                48.372083144000044
              ],
              [
                16.840621217000034,
                48.369779089000076
              ],
              [
                16.842195450000077,
                48.360131555000066
              ],
              [
                16.843239280000034,
                48.357339945000035
              ],
              [
                16.846657255000025,
                48.34956187900008
              ],
              [
                16.858091331000026,
                48.34893479900006
              ],
              [
                16.87262064300006,
                48.34813796600008
              ],
              [
                16.874236637000024,
                48.34558714000008
              ],
              [
                16.87170701900004,
                48.342139720000034
              ],
              [
                16.87056110000003,
                48.34057803500008
              ],
              [
                16.872524270000042,
                48.33808840800003
              ],
              [
                16.896353374000057,
                48.32983965000005
              ],
              [
                16.907275300000038,
                48.32605888100005
              ],
              [
                16.90719768300005,
                48.32147937000008
              ],
              [
                16.899515802000053,
                48.31529067400004
              ],
              [
                16.895253342000046,
                48.31185674000005
              ],
              [
                16.90072335600007,
                48.29792193800006
              ],
              [
                16.92103796500004,
                48.27342533500007
              ],
              [
                16.932451298000046,
                48.270933599000045
              ],
              [
                16.933664486000055,
                48.270741970000074
              ],
              [
                16.949728435000054,
                48.268204592000075
              ],
              [
                16.95718208200003,
                48.26347993100006
              ],
              [
                16.951987790000032,
                48.25635947200004
              ],
              [
                16.950902927000072,
                48.254872316000046
              ],
              [
                16.946396711000034,
                48.237248546000046
              ],
              [
                16.95426053700004,
                48.227272723000056
              ],
              [
                16.961971215000062,
                48.217491178000046
              ],
              [
                16.96194424500004,
                48.215384974000074
              ],
              [
                16.962499123000043,
                48.21347803300006
              ],
              [
                16.965216078000026,
                48.21023041400008
              ],
              [
                16.967121442000064,
                48.20513291900005
              ],
              [
                16.969903824000028,
                48.20148364700003
              ],
              [
                16.971485426000072,
                48.19691442700008
              ],
              [
                16.971966013000042,
                48.195526018000066
              ],
              [
                16.972921978000045,
                48.19438255100005
              ],
              [
                16.97546059700005,
                48.19134600900003
              ],
              [
                16.976400543000068,
                48.18949144700008
              ],
              [
                16.97661979700007,
                48.18710139400008
              ],
              [
                16.97620276500004,
                48.172244473000035
              ],
              [
                16.978454741000064,
                48.17106604500003
              ],
              [
                16.984014011000056,
                48.16815483400006
              ],
              [
                16.991120649000038,
                48.16342300500003
              ],
              [
                16.993805038000062,
                48.16163565200003
              ],
              [
                16.995944757000075,
                48.16057034000005
              ],
              [
                16.999671463000027,
                48.158714909000025
              ],
              [
                17.009492456000032,
                48.15488940800003
              ],
              [
                17.01325074400006,
                48.15289791600003
              ],
              [
                17.01849836300005,
                48.148523158000046
              ],
              [
                17.02065416800002,
                48.14595879900003
              ],
              [
                17.02335342200007,
                48.142748
              ],
              [
                17.02515740000007,
                48.14156389600004
              ],
              [
                17.027365925000026,
                48.14074437100004
              ],
              [
                17.03071667000006,
                48.14013846800003
              ],
              [
                17.033803211000077,
                48.139799520000054
              ],
              [
                17.03904134000004,
                48.13986284300006
              ],
              [
                17.04502513400007,
                48.14084802100007
              ],
              [
                17.047511090000057,
                48.14143679000006
              ],
              [
                17.057190001000038,
                48.14372912300007
              ],
              [
                17.057375792000073,
                48.141790521000075
              ],
              [
                17.068000505000043,
                48.12575663000007
              ],
              [
                17.06440702200007,
                48.12407284200003
              ],
              [
                17.062178410000058,
                48.12302858800007
              ],
              [
                17.066740797000023,
                48.11868162600007
              ],
              [
                17.061286323000047,
                48.109210028000064
              ],
              [
                17.049911775000055,
                48.10414137400005
              ],
              [
                17.04366900200006,
                48.101359509000076
              ],
              [
                17.040026888000057,
                48.095600845000035
              ],
              [
                17.034286920000056,
                48.08652519700007
              ],
              [
                17.006059304000075,
                48.089978046000056
              ],
              [
                17.00391048000006,
                48.091721128000074
              ],
              [
                17.016505731000052,
                48.09443323100004
              ],
              [
                17.01769470000005,
                48.095580625000025
              ],
              [
                17.023453566000057,
                48.10113811600007
              ],
              [
                17.017643176000036,
                48.10344489200003
              ],
              [
                17.007832138000026,
                48.10095975300004
              ],
              [
                17.004319330000044,
                48.10006995800006
              ],
              [
                17.000732561000063,
                48.10483192500004
              ],
              [
                16.998157160000062,
                48.10825115100005
              ],
              [
                16.98617259100007,
                48.111246461000064
              ],
              [
                16.983147191000057,
                48.106003325000074
              ],
              [
                16.983123146000025,
                48.105961654000055
              ],
              [
                16.977245121000067,
                48.10330740900008
              ],
              [
                16.971148929000037,
                48.10055465000005
              ],
              [
                16.970769011000073,
                48.095657033000066
              ],
              [
                16.98039353000007,
                48.093709886000056
              ],
              [
                16.998454327000047,
                48.084407500000054
              ],
              [
                16.998469847000024,
                48.084397618000025
              ],
              [
                17.01325174300007,
                48.074985542000036
              ],
              [
                16.99212242300007,
                48.04614604200003
              ],
              [
                16.98072486800004,
                48.02543488200007
              ],
              [
                16.969664093000063,
                48.02578564300006
              ],
              [
                16.970329588000027,
                48.03463028500005
              ],
              [
                16.970665422000025,
                48.03909362400003
              ],
              [
                16.95150160000003,
                48.04588124700007
              ],
              [
                16.94070996800002,
                48.047201604000065
              ],
              [
                16.932568779000064,
                48.048197679000054
              ],
              [
                16.92002204700003,
                48.051176559000055
              ],
              [
                16.915887861000044,
                48.056788409000035
              ],
              [
                16.917360217000066,
                48.059207713000035
              ],
              [
                16.919046512000023,
                48.06197855100004
              ],
              [
                16.917653124000026,
                48.06533337900004
              ],
              [
                16.903964724000048,
                48.07050302500005
              ],
              [
                16.892162374000065,
                48.07264908800005
              ],
              [
                16.883084594000024,
                48.06915606600006
              ],
              [
                16.882440949000056,
                48.068908399000065
              ],
              [
                16.87425933800006,
                48.069504675000076
              ],
              [
                16.871257920000062,
                48.06972341900007
              ],
              [
                16.829520124000055,
                48.040841138000076
              ],
              [
                16.832371743000067,
                48.03791827300006
              ],
              [
                16.83632777400004,
                48.033863402000065
              ],
              [
                16.82881644400004,
                48.02799449400004
              ],
              [
                16.825483679000058,
                48.02803691300005
              ],
              [
                16.820369628000037,
                48.02804811500005
              ],
              [
                16.79952557300004,
                48.028093771000044
              ],
              [
                16.79325478100003,
                48.023770554000066
              ],
              [
                16.79221546200006,
                48.02305402600007
              ],
              [
                16.754771172000062,
                48.01301574100006
              ],
              [
                16.745405152000046,
                48.013778658000035
              ],
              [
                16.727519923000045,
                48.00980102700004
              ],
              [
                16.71742027700003,
                48.01180712100006
              ],
              [
                16.712970909000035,
                48.01269089900006
              ],
              [
                16.701683675000027,
                48.01169977600006
              ],
              [
                16.699710976000063,
                47.99236103700008
              ],
              [
                16.694868064000048,
                47.98467043900007
              ],
              [
                16.697467563000032,
                47.97991553900005
              ],
              [
                16.699684165000065,
                47.975861018000046
              ],
              [
                16.69967508700006,
                47.968326827000055
              ],
              [
                16.695440861000066,
                47.96479354100006
              ],
              [
                16.679877159000057,
                47.961381102000075
              ],
              [
                16.663065704000076,
                47.95769508500007
              ],
              [
                16.65665109100007,
                47.95881758000007
              ],
              [
                16.651234170000066,
                47.950861675000056
              ],
              [
                16.64395012800003,
                47.94929064100006
              ],
              [
                16.631368105000035,
                47.94433762500006
              ],
              [
                16.630205786000033,
                47.935370093000074
              ],
              [
                16.630009751000046,
                47.93385763900005
              ],
              [
                16.629603769000028,
                47.928887401000054
              ],
              [
                16.622994703000074,
                47.92428882300004
              ],
              [
                16.607284220000054,
                47.913357493000035
              ],
              [
                16.596563735000075,
                47.904329123000025
              ],
              [
                16.588687459000028,
                47.901301560000036
              ],
              [
                16.584575802000074,
                47.894781726000076
              ],
              [
                16.580777926000053,
                47.88875945400008
              ],
              [
                16.575488354000072,
                47.88732300200007
              ],
              [
                16.570811510000055,
                47.89570455900008
              ],
              [
                16.55734568300005,
                47.90253453400004
              ],
              [
                16.543364866000047,
                47.917029487000036
              ],
              [
                16.54104995000006,
                47.91942953200004
              ],
              [
                16.51790638800003,
                47.94354261400008
              ],
              [
                16.508940652000035,
                47.94077888800007
              ],
              [
                16.506611116000045,
                47.94006079900004
              ],
              [
                16.497370515000057,
                47.94103587700005
              ],
              [
                16.48945026900003,
                47.94187163000004
              ],
              [
                16.487514016000034,
                47.94125480400004
              ],
              [
                16.476600569000027,
                47.937778139000045
              ],
              [
                16.475887374000024,
                47.937844392000045
              ],
              [
                16.466354292000062,
                47.93872998100005
              ],
              [
                16.451851417000057,
                47.93412700600004
              ],
              [
                16.436529266000036,
                47.92630728300003
              ],
              [
                16.431655773000045,
                47.92136713000008
              ],
              [
                16.42911973100007,
                47.918796400000076
              ],
              [
                16.424277655000026,
                47.913888092000036
              ],
              [
                16.42320557200003,
                47.913818236000054
              ],
              [
                16.418446076000066,
                47.913508111000056
              ],
              [
                16.42017234700006,
                47.909225046000074
              ],
              [
                16.422970285000076,
                47.90228305900007
              ],
              [
                16.419318530000055,
                47.89584881800005
              ],
              [
                16.413747176000072,
                47.894610354000065
              ],
              [
                16.41190489300004,
                47.894200830000045
              ],
              [
                16.413089292000052,
                47.89311393000003
              ],
              [
                16.416432470000075,
                47.890045960000066
              ],
              [
                16.40646858300005,
                47.878719570000044
              ],
              [
                16.40111448600004,
                47.877089417000036
              ],
              [
                16.39121357500005,
                47.88210066600004
              ],
              [
                16.38269776900006,
                47.876765582000075
              ],
              [
                16.375920257000075,
                47.874152680000066
              ],
              [
                16.35797456100005,
                47.867234160000066
              ],
              [
                16.35091903400007,
                47.86694547500008
              ],
              [
                16.371363745000053,
                47.85498965700003
              ],
              [
                16.37516588400007,
                47.85276621300005
              ],
              [
                16.386949712000046,
                47.84378966400004
              ],
              [
                16.373320586000034,
                47.83260763700008
              ],
              [
                16.37677555600004,
                47.82782012400003
              ],
              [
                16.363937796000073,
                47.82420623500008
              ],
              [
                16.360776986000076,
                47.82331645200003
              ],
              [
                16.354427103000035,
                47.82087952400008
              ],
              [
                16.350369842000077,
                47.81722524200006
              ],
              [
                16.34775522700005,
                47.809128774000044
              ],
              [
                16.346702309000023,
                47.805868290000035
              ],
              [
                16.34063577200004,
                47.803695754000046
              ],
              [
                16.333497676000036,
                47.80113947400008
              ],
              [
                16.32985319000005,
                47.796898362000036
              ],
              [
                16.323852697000063,
                47.78991554900006
              ],
              [
                16.316461152000045,
                47.78624012600005
              ],
              [
                16.308275714000047,
                47.79073841100006
              ],
              [
                16.309080339000047,
                47.79681090300005
              ],
              [
                16.310432907000063,
                47.80701871200006
              ],
              [
                16.28455241300003,
                47.81164452100006
              ],
              [
                16.276203249000048,
                47.80851034500006
              ],
              [
                16.269725530000073,
                47.79150466600004
              ],
              [
                16.278398262000053,
                47.79246799200007
              ],
              [
                16.284388886000045,
                47.79093704100006
              ],
              [
                16.30077195100006,
                47.786750221000034
              ],
              [
                16.301778081000066,
                47.78166291600007
              ],
              [
                16.297351975000026,
                47.77397706900007
              ],
              [
                16.294769486000064,
                47.769492627000034
              ],
              [
                16.296611295000048,
                47.76546048900008
              ],
              [
                16.297945903000027,
                47.76253872900003
              ],
              [
                16.29896775700007,
                47.761036165000064
              ],
              [
                16.296559956000067,
                47.741761358000076
              ],
              [
                16.29402309900007,
                47.735700595000026
              ],
              [
                16.29181154400004,
                47.73041700500005
              ],
              [
                16.29499770600006,
                47.71592091700006
              ],
              [
                16.30697138000005,
                47.697737851000056
              ],
              [
                16.30858298100003,
                47.69529049500005
              ],
              [
                16.308892956000022,
                47.693811260000075
              ],
              [
                16.310105775000068,
                47.688023556000076
              ],
              [
                16.32403915900005,
                47.68364293500008
              ],
              [
                16.334791309000025,
                47.67962947500007
              ],
              [
                16.348830521000025,
                47.67962991400003
              ],
              [
                16.35645982500006,
                47.67963015200007
              ],
              [
                16.354847474000053,
                47.67460203600007
              ],
              [
                16.353903084000024,
                47.67165695600005
              ],
              [
                16.36078403700003,
                47.65726806600003
              ],
              [
                16.37256407600006,
                47.64218759600004
              ],
              [
                16.368072606000055,
                47.63573235200005
              ],
              [
                16.369115498000042,
                47.63073976100003
              ],
              [
                16.369175855000037,
                47.630450816000064
              ],
              [
                16.370528171000046,
                47.62397692900004
              ],
              [
                16.36414204600004,
                47.622137621000036
              ],
              [
                16.350435658000038,
                47.61818995700003
              ],
              [
                16.349152213000025,
                47.615396376000035
              ],
              [
                16.35192449400006,
                47.61249851300005
              ],
              [
                16.353368731000046,
                47.61098885400003
              ],
              [
                16.344507220000025,
                47.60268542800003
              ],
              [
                16.33698286300006,
                47.600710228000025
              ],
              [
                16.33131012000007,
                47.59922109100006
              ],
              [
                16.331278155000064,
                47.59465462800006
              ],
              [
                16.331269372000065,
                47.59339992000008
              ],
              [
                16.33124058800007,
                47.58928787700006
              ],
              [
                16.327312514000027,
                47.578517969000075
              ],
              [
                16.317554095000048,
                47.568662638000035
              ],
              [
                16.31419968600005,
                47.56527491700007
              ],
              [
                16.311560420000035,
                47.545086310000045
              ],
              [
                16.31261746000007,
                47.543092098000045
              ],
              [
                16.313898524000024,
                47.542658534000054
              ],
              [
                16.320520704000046,
                47.537762102000045
              ],
              [
                16.33668711300004,
                47.52580867800003
              ],
              [
                16.339882403000047,
                47.51619896900007
              ],
              [
                16.325459075000026,
                47.496426771000074
              ],
              [
                16.320367274000034,
                47.49414385800003
              ],
              [
                16.316041093000024,
                47.49113750600003
              ],
              [
                16.313274351000075,
                47.489214840000045
              ],
              [
                16.31271139300003,
                47.48719157700003
              ],
              [
                16.31111859600003,
                47.48146708200005
              ],
              [
                16.306848745000025,
                47.48024392600007
              ],
              [
                16.297823296000047,
                47.47765846400006
              ],
              [
                16.301714102000062,
                47.47415901200003
              ],
              [
                16.303031256000054,
                47.47297434200004
              ],
              [
                16.300459182000054,
                47.468421411000065
              ],
              [
                16.27983969400003,
                47.45483189200007
              ],
              [
                16.26977306200007,
                47.455015839000055
              ],
              [
                16.254150984000034,
                47.44986939000006
              ],
              [
                16.240006298000026,
                47.436649430000045
              ],
              [
                16.22385577600005,
                47.42768715900007
              ],
              [
                16.207185819000074,
                47.42415752200003
              ],
              [
                16.171081083000047,
                47.42133756900006
              ],
              [
                16.140584328000045,
                47.44191430300003
              ],
              [
                16.132985061000056,
                47.45329593200006
              ],
              [
                16.133053648000043,
                47.45423207300007
              ],
              [
                16.133342851000066,
                47.45817939400007
              ],
              [
                16.136917371000038,
                47.460755617000075
              ],
              [
                16.132605202000036,
                47.46737867400003
              ],
              [
                16.125024461000066,
                47.46920804300004
              ],
              [
                16.119553367000037,
                47.47415901100004
              ],
              [
                16.119287023000027,
                47.47440003500003
              ],
              [
                16.11933295700004,
                47.47877836600003
              ],
              [
                16.119408624000073,
                47.485990677000075
              ],
              [
                16.118946379000022,
                47.48688029300007
              ],
              [
                16.113698355000054,
                47.49698041200003
              ],
              [
                16.118049324000026,
                47.505680823000034
              ],
              [
                16.120487871000023,
                47.51055706200003
              ],
              [
                16.117833263000023,
                47.51020902500005
              ],
              [
                16.113248052000074,
                47.50960787400004
              ],
              [
                16.114722818000075,
                47.51488021800003
              ],
              [
                16.114924393000024,
                47.51560085800003
              ],
              [
                16.109252440000034,
                47.523270523000065
              ],
              [
                16.098465417000057,
                47.52370455400006
              ],
              [
                16.093592864000072,
                47.51221005100007
              ],
              [
                16.09323078500006,
                47.511355896000055
              ],
              [
                16.089840147000075,
                47.50957059600006
              ],
              [
                16.087166627000045,
                47.508162887000026
              ],
              [
                16.081999499000062,
                47.50592575700006
              ],
              [
                16.080673621000074,
                47.50312336700006
              ],
              [
                16.079451731000063,
                47.50054076600003
              ],
              [
                16.07782970200003,
                47.50112311100003
              ],
              [
                16.071870903000047,
                47.503262455000026
              ],
              [
                16.064869745000067,
                47.501533583000025
              ],
              [
                16.064674274000026,
                47.491870307000056
              ],
              [
                16.06454597900006,
                47.48552793600004
              ],
              [
                16.053688366000074,
                47.48544331200003
              ],
              [
                16.04335373300006,
                47.49361379700008
              ],
              [
                16.04081095600003,
                47.49853938900003
              ],
              [
                16.038645004000045,
                47.50273503500006
              ],
              [
                16.023252375000027,
                47.514360698000075
              ],
              [
                16.013670215000047,
                47.51745610200004
              ],
              [
                16.00504988800003,
                47.51637800700007
              ],
              [
                16.00007213600003,
                47.515755468000066
              ],
              [
                15.993018110000037,
                47.51712933400006
              ],
              [
                15.974206416000072,
                47.520793164000054
              ],
              [
                15.963703418000023,
                47.51895989700006
              ],
              [
                15.958396443000026,
                47.518033581000054
              ],
              [
                15.955815336000057,
                47.518223144000046
              ],
              [
                15.953245716000026,
                47.518997916000046
              ],
              [
                15.949739645000022,
                47.520702576000076
              ],
              [
                15.945956671000033,
                47.522977946000026
              ],
              [
                15.941126797000038,
                47.52588300100007
              ],
              [
                15.938158624000039,
                47.527247499000055
              ],
              [
                15.927441635000037,
                47.52979833400008
              ],
              [
                15.922145570000055,
                47.53079954700007
              ],
              [
                15.920066400000053,
                47.530727382000066
              ],
              [
                15.919399174000034,
                47.53076075000007
              ],
              [
                15.913997702000074,
                47.53103087800008
              ],
              [
                15.904312392000065,
                47.545086310000045
              ],
              [
                15.905086961000052,
                47.55525592300006
              ],
              [
                15.905433300000027,
                47.559803145000046
              ],
              [
                15.902738943000031,
                47.56412212200007
              ],
              [
                15.890622679000046,
                47.57053188500004
              ],
              [
                15.877307460000054,
                47.57360581100005
              ],
              [
                15.868803704000072,
                47.57195444800004
              ],
              [
                15.86612669300007,
                47.56937687000004
              ],
              [
                15.863684313000022,
                47.567025208000075
              ],
              [
                15.847909268000024,
                47.56846854300005
              ],
              [
                15.84636398300006,
                47.58544469000003
              ],
              [
                15.848484365000047,
                47.59339992000008
              ],
              [
                15.849301324000066,
                47.59646498300003
              ],
              [
                15.854772831000048,
                47.60271649400005
              ],
              [
                15.858019726000066,
                47.606426258000056
              ],
              [
                15.861611912000058,
                47.61644449800008
              ],
              [
                15.857805562000067,
                47.62042501900004
              ],
              [
                15.853315513000041,
                47.61991775600006
              ],
              [
                15.840553013000033,
                47.618475913000054
              ],
              [
                15.829248489000065,
                47.63073976100003
              ],
              [
                15.828316873000063,
                47.63175043500007
              ],
              [
                15.823711825000032,
                47.636746275000064
              ],
              [
                15.816094477000036,
                47.63643762600003
              ],
              [
                15.800213257000053,
                47.63579413200006
              ],
              [
                15.787357156000041,
                47.63989816800006
              ],
              [
                15.779986391000023,
                47.642251128000055
              ],
              [
                15.771360294000033,
                47.63935920500006
              ],
              [
                15.74851874500007,
                47.631701511000074
              ],
              [
                15.742456247000064,
                47.633396610000034
              ],
              [
                15.744522231000076,
                47.63741481400007
              ],
              [
                15.745195498000044,
                47.63872427500007
              ],
              [
                15.742372046000071,
                47.642316073000075
              ],
              [
                15.73465376300004,
                47.64437286700007
              ],
              [
                15.725973425000063,
                47.64668603200005
              ],
              [
                15.726999671000044,
                47.653538524000055
              ],
              [
                15.728278721000038,
                47.66207904800007
              ],
              [
                15.720921382000029,
                47.68328392400008
              ],
              [
                15.715911349000066,
                47.69772353500008
              ],
              [
                15.717100403000074,
                47.70198269200006
              ],
              [
                15.71928641900007,
                47.70981293400007
              ],
              [
                15.697613414000045,
                47.71183368800007
              ],
              [
                15.690030424000042,
                47.70437511100005
              ],
              [
                15.688454232000026,
                47.70384944800003
              ],
              [
                15.677571587000045,
                47.70022006600004
              ],
              [
                15.674791644000038,
                47.70428922700006
              ],
              [
                15.671827151000059,
                47.70862852500005
              ],
              [
                15.652971206000075,
                47.71682534900003
              ],
              [
                15.641654050000056,
                47.71641746700004
              ],
              [
                15.636463639000056,
                47.71623039900004
              ],
              [
                15.626557017000039,
                47.73050819900004
              ],
              [
                15.617744334000065,
                47.74320937200008
              ],
              [
                15.611218034000046,
                47.750853644000074
              ],
              [
                15.571396745000072,
                47.748736533000056
              ],
              [
                15.570863164000059,
                47.748574811000026
              ],
              [
                15.561457202000042,
                47.745723971000075
              ],
              [
                15.551822581000067,
                47.74818902900006
              ],
              [
                15.549858370000038,
                47.74869158100006
              ],
              [
                15.53845655300006,
                47.74791822000003
              ],
              [
                15.515702877000024,
                47.74637488700006
              ],
              [
                15.510119643000053,
                47.751773109000055
              ],
              [
                15.513322617000028,
                47.75689428900006
              ],
              [
                15.516690919000041,
                47.76227980800007
              ],
              [
                15.506980855000052,
                47.767142842000055
              ],
              [
                15.474710386000027,
                47.77046536700004
              ],
              [
                15.471960849000027,
                47.77022718900008
              ],
              [
                15.461118867000039,
                47.76928800600007
              ],
              [
                15.451171017000036,
                47.77195099000005
              ],
              [
                15.444012453000028,
                47.781220733000055
              ],
              [
                15.436650092000036,
                47.79075437700004
              ],
              [
                15.430212981000068,
                47.788063356000066
              ],
              [
                15.423496648000025,
                47.78525560700007
              ],
              [
                15.412354701000027,
                47.78544196200005
              ],
              [
                15.404200495000055,
                47.79903574100007
              ],
              [
                15.404402277000031,
                47.80627154100006
              ],
              [
                15.404594618000033,
                47.81316878200005
              ],
              [
                15.397206021000045,
                47.81314862900007
              ],
              [
                15.39280664000006,
                47.81313662900004
              ],
              [
                15.385989792000032,
                47.81722524200006
              ],
              [
                15.385599800000023,
                47.817459152000026
              ],
              [
                15.375179722000041,
                47.82370891200003
              ],
              [
                15.36736168300007,
                47.824232745000074
              ],
              [
                15.367140741000071,
                47.82424754900006
              ],
              [
                15.345819472000073,
                47.82567614200008
              ],
              [
                15.345135738000067,
                47.82589409800005
              ],
              [
                15.334879690000037,
                47.82692140800003
              ],
              [
                15.324183882000057,
                47.820950863000064
              ],
              [
                15.31392577500003,
                47.82203087700003
              ],
              [
                15.29967066200004,
                47.81907771900006
              ],
              [
                15.298555110000052,
                47.81722524200006
              ],
              [
                15.293393020000053,
                47.80865311500003
              ],
              [
                15.293642822000038,
                47.805799799000056
              ],
              [
                15.29415698500003,
                47.79992688300007
              ],
              [
                15.286469382000064,
                47.79020022800006
              ],
              [
                15.254818741000065,
                47.79245018800003
              ],
              [
                15.253462958000057,
                47.792546567000045
              ],
              [
                15.234733953000045,
                47.798062886000025
              ],
              [
                15.218029689000048,
                47.794099997000046
              ],
              [
                15.208437452000055,
                47.78664894100007
              ],
              [
                15.202517172000057,
                47.77448913100005
              ],
              [
                15.209623214000032,
                47.76374094700003
              ],
              [
                15.20058492000004,
                47.75456800900008
              ],
              [
                15.169372596000073,
                47.754636478000066
              ],
              [
                15.139005802000042,
                47.76013440000003
              ],
              [
                15.129851577000068,
                47.74700936200003
              ],
              [
                15.100310739000065,
                47.74320937200008
              ],
              [
                15.088096308000047,
                47.74081791900005
              ],
              [
                15.079734603000077,
                47.742057671000055
              ],
              [
                15.057245532000024,
                47.74026018200004
              ],
              [
                15.052172454000072,
                47.74320937200008
              ],
              [
                15.03926960800004,
                47.749851841000066
              ],
              [
                15.033794165000074,
                47.752670634000026
              ],
              [
                15.029703685000072,
                47.752250495000055
              ],
              [
                15.023298255000043,
                47.74922107100008
              ],
              [
                15.01570361000006,
                47.74562921200004
              ],
              [
                15.002660720000051,
                47.74320937200008
              ],
              [
                14.990199593000057,
                47.74067673700006
              ],
              [
                14.977476355000022,
                47.74174554500007
              ],
              [
                14.972894935000056,
                47.74213040400008
              ],
              [
                14.951897261000056,
                47.73220551900005
              ],
              [
                14.943945366000037,
                47.72544064400006
              ],
              [
                14.926381161000052,
                47.710498338000036
              ],
              [
                14.91480709900003,
                47.70792688500006
              ],
              [
                14.901950426000042,
                47.71115886200005
              ],
              [
                14.877846142000067,
                47.715697619000025
              ],
              [
                14.87523210300003,
                47.72197767900008
              ],
              [
                14.87056990900004,
                47.73317830000008
              ],
              [
                14.859156386000052,
                47.741153448000034
              ],
              [
                14.854549683000073,
                47.739677638000046
              ],
              [
                14.839540890000023,
                47.734869400000036
              ],
              [
                14.834097436000036,
                47.737639168000044
              ],
              [
                14.832304529000055,
                47.74205555100008
              ],
              [
                14.831904277000035,
                47.74304147300006
              ],
              [
                14.82102704700003,
                47.74446557400006
              ],
              [
                14.815238394000062,
                47.74143720700005
              ],
              [
                14.809064145000036,
                47.73820711400003
              ],
              [
                14.766950223000038,
                47.72650737600003
              ],
              [
                14.76198894600003,
                47.73258136800007
              ],
              [
                14.744411766000042,
                47.73820643700003
              ],
              [
                14.737841898000056,
                47.74320937200008
              ],
              [
                14.738545058000057,
                47.74742634000006
              ],
              [
                14.743642561000058,
                47.75592830100004
              ],
              [
                14.737524866000058,
                47.75975982300008
              ],
              [
                14.725005531000022,
                47.76760070300003
              ],
              [
                14.714106378000054,
                47.78768189400006
              ],
              [
                14.724025399000027,
                47.79505185900007
              ],
              [
                14.731237915000065,
                47.80041085500005
              ],
              [
                14.721356293000042,
                47.808822244000055
              ],
              [
                14.711484527000039,
                47.81722524200006
              ],
              [
                14.711780772000054,
                47.82273064000003
              ],
              [
                14.716675424000073,
                47.82699489700008
              ],
              [
                14.72105595000005,
                47.830811244000074
              ],
              [
                14.723264744000062,
                47.837946715000044
              ],
              [
                14.716784461000032,
                47.844722948000026
              ],
              [
                14.710926510000036,
                47.85084842800006
              ],
              [
                14.736342037000043,
                47.86327849700007
              ],
              [
                14.741881602000035,
                47.864193011000054
              ],
              [
                14.754475305000028,
                47.86627207500004
              ],
              [
                14.762187561000076,
                47.87260854500005
              ],
              [
                14.764130883000064,
                47.87377003000006
              ],
              [
                14.766032252000059,
                47.87639642400006
              ],
              [
                14.770311456000059,
                47.88016694100003
              ],
              [
                14.770129912000073,
                47.886349695000035
              ],
              [
                14.760552529000051,
                47.89581201300007
              ],
              [
                14.75652073200007,
                47.90624671000006
              ],
              [
                14.747541992000038,
                47.91221741600003
              ],
              [
                14.731330828000068,
                47.922997559000066
              ],
              [
                14.729607022000039,
                47.928107914000066
              ],
              [
                14.727696743000024,
                47.93377108400006
              ],
              [
                14.712969477000058,
                47.92967341200006
              ],
              [
                14.700839986000062,
                47.92629853700004
              ],
              [
                14.688831075000053,
                47.92977169800008
              ],
              [
                14.670929336000029,
                47.93494915500003
              ],
              [
                14.64845002900006,
                47.94207489400003
              ],
              [
                14.632148742000027,
                47.94268908500004
              ],
              [
                14.628197281000041,
                47.94283796600007
              ],
              [
                14.616237131000048,
                47.94742666700006
              ],
              [
                14.607302066000045,
                47.95061148000008
              ],
              [
                14.596092180000028,
                47.959212052000055
              ],
              [
                14.585268862000078,
                47.96751603600006
              ],
              [
                14.566354554000043,
                47.97459558500003
              ],
              [
                14.562033653000071,
                47.97621288100004
              ],
              [
                14.560171041000046,
                47.977794370000026
              ],
              [
                14.556718834000037,
                47.98072553900005
              ],
              [
                14.526001688000065,
                47.990301369000065
              ],
              [
                14.514717836000045,
                47.99231429500003
              ],
              [
                14.50026323700007,
                47.99489285000004
              ],
              [
                14.494600465000076,
                47.998457759000075
              ],
              [
                14.494091259000072,
                48.00259639500007
              ],
              [
                14.493047193000052,
                48.01108216100005
              ],
              [
                14.486530499000025,
                48.01285639500003
              ],
              [
                14.467890599000043,
                48.03699008900003
              ],
              [
                14.462389353000049,
                48.039230340000074
              ],
              [
                14.457108470000037,
                48.04138085300008
              ],
              [
                14.458238735000066,
                48.04856585300007
              ],
              [
                14.46010334400006,
                48.060419024000055
              ],
              [
                14.455341257000043,
                48.06331767300003
              ],
              [
                14.45266792700005,
                48.064944910000065
              ],
              [
                14.45448028900006,
                48.067701086000056
              ],
              [
                14.45823520700003,
                48.07341143300005
              ],
              [
                14.457287998000027,
                48.07630416400008
              ],
              [
                14.456145632000073,
                48.07979289200006
              ],
              [
                14.458941011000036,
                48.081136558000026
              ],
              [
                14.46547190900003,
                48.08427579000005
              ],
              [
                14.46120912200007,
                48.087767116000066
              ],
              [
                14.458433485000057,
                48.090040430000045
              ],
              [
                14.469089673000042,
                48.09956254700006
              ],
              [
                14.48195013000003,
                48.10551129900006
              ],
              [
                14.492775497000025,
                48.110149335000074
              ],
              [
                14.491114479000032,
                48.114843102000066
              ],
              [
                14.483555412000044,
                48.11731145300007
              ],
              [
                14.472626370000057,
                48.120880243000045
              ],
              [
                14.470305996000036,
                48.12415270300005
              ],
              [
                14.473107992000052,
                48.12923333200007
              ],
              [
                14.477634395000052,
                48.13744068800003
              ],
              [
                14.471070033000046,
                48.14651891800003
              ],
              [
                14.468227483000021,
                48.150450042000045
              ],
              [
                14.472105553000063,
                48.15670565500005
              ],
              [
                14.481055132000051,
                48.171141988000045
              ],
              [
                14.482646848000059,
                48.17845192100003
              ],
              [
                14.48058756000006,
                48.18232292000005
              ],
              [
                14.481442638000033,
                48.196539905000066
              ],
              [
                14.481760841000039,
                48.201830511000026
              ],
              [
                14.491266061000033,
                48.22318081100008
              ],
              [
                14.508109208000064,
                48.23084688000006
              ],
              [
                14.515615899000068,
                48.23426351100005
              ],
              [
                14.520807581000042,
                48.23735159700004
              ],
              [
                14.536337206000042,
                48.236603056000035
              ],
              [
                14.560469631000046,
                48.23016185200004
              ],
              [
                14.58812739800004,
                48.220797160000075
              ],
              [
                14.598015499000041,
                48.210037311000065
              ],
              [
                14.609855691000064,
                48.19715327100005
              ],
              [
                14.622805270000072,
                48.19025026000003
              ],
              [
                14.625546697000061,
                48.18886714100006
              ],
              [
                14.629822905000026,
                48.18589034300004
              ],
              [
                14.635722293000072,
                48.18032253400003
              ],
              [
                14.637591698000051,
                48.17900908200005
              ],
              [
                14.63932225900004,
                48.17779284400007
              ],
              [
                14.641667630000029,
                48.17609199300006
              ],
              [
                14.643214896000075,
                48.17508351300006
              ],
              [
                14.655213168000046,
                48.17204684700005
              ],
              [
                14.656884254000033,
                48.17162390900006
              ],
              [
                14.657092136000074,
                48.17131644400007
              ],
              [
                14.659363588000076,
                48.167956883000045
              ],
              [
                14.68824692800007,
                48.15643503600006
              ],
              [
                14.703715456000054,
                48.16165976600007
              ],
              [
                14.70653610000005,
                48.169309946000055
              ],
              [
                14.706888499000058,
                48.170265726000025
              ],
              [
                14.715313025000057,
                48.17827716100004
              ],
              [
                14.722637070000076,
                48.17695392300004
              ],
              [
                14.737679440000022,
                48.17423621100005
              ],
              [
                14.761591729000031,
                48.17715740400007
              ],
              [
                14.769042778000028,
                48.17898730200005
              ],
              [
                14.81783768200006,
                48.18924904000005
              ],
              [
                14.830823800000076,
                48.18899696200003
              ],
              [
                14.840559728000073,
                48.19341358300005
              ],
              [
                14.856162741000048,
                48.211463854000044
              ],
              [
                14.855859348000024,
                48.21791858300003
              ],
              [
                14.855659412000023,
                48.22217225500003
              ],
              [
                14.858256931000028,
                48.22563345800006
              ],
              [
                14.886267502000067,
                48.23243112900008
              ],
              [
                14.89061661900007,
                48.22977428400003
              ],
              [
                14.893455451000023,
                48.22804006100006
              ],
              [
                14.901303633000055,
                48.22971694700004
              ],
              [
                14.913535892000027,
                48.23233056000004
              ],
              [
                14.93610542600004,
                48.230590266000036
              ],
              [
                14.943985199000053,
                48.225451673000066
              ],
              [
                14.948712810000075,
                48.21880103900003
              ],
              [
                14.959520182000063,
                48.203597614000046
              ],
              [
                14.97418347200005,
                48.198377417000074
              ],
              [
                14.974563464000028,
                48.20452071500006
              ],
              [
                14.959623290000025,
                48.215462847000026
              ],
              [
                14.959421688000077,
                48.215899672000035
              ],
              [
                14.955963105000023,
                48.223393627000064
              ],
              [
                14.962211266000054,
                48.23028525400008
              ],
              [
                14.96824930200006,
                48.23276002500006
              ],
              [
                14.971719073000031,
                48.23418215800007
              ],
              [
                14.971378351000055,
                48.23873637000003
              ],
              [
                14.970907157000056,
                48.24503451900006
              ],
              [
                14.97650178300006,
                48.24852190000007
              ],
              [
                14.989337489000036,
                48.25652296900006
              ],
              [
                14.988594720000037,
                48.28053429800008
              ],
              [
                14.984162788000049,
                48.29913034000003
              ],
              [
                14.98302521100004,
                48.32041828300004
              ],
              [
                14.959978080000042,
                48.32541401600008
              ],
              [
                14.95873817000006,
                48.325299948000065
              ],
              [
                14.942395598000076,
                48.32379648600005
              ],
              [
                14.944966716000067,
                48.33171849200005
              ],
              [
                14.950397284000076,
                48.34182782400006
              ],
              [
                14.953049210000074,
                48.36454363200005
              ],
              [
                14.960269566000022,
                48.376482561000046
              ],
              [
                14.96300885200003,
                48.386402763000035
              ],
              [
                14.95635795000004,
                48.391322658000036
              ],
              [
                14.935090266000032,
                48.39496793500007
              ],
              [
                14.933043251000072,
                48.394037886000035
              ],
              [
                14.921723374000067,
                48.388894769000046
              ],
              [
                14.916202509000072,
                48.38976847300006
              ],
              [
                14.920124465000072,
                48.39545944900004
              ],
              [
                14.938206390000062,
                48.40494187100006
              ],
              [
                14.947379068000032,
                48.409752155000035
              ],
              [
                14.93959280200005,
                48.422102549000044
              ],
              [
                14.933360949000075,
                48.42321643000008
              ],
              [
                14.926829543000053,
                48.42438385400004
              ],
              [
                14.912040907000062,
                48.430258328000036
              ],
              [
                14.91113113700004,
                48.43458896200008
              ],
              [
                14.901063479000072,
                48.446972293000044
              ],
              [
                14.898672885000053,
                48.44991274900008
              ],
              [
                14.896102241000051,
                48.45062144800005
              ],
              [
                14.875690509000037,
                48.45624874100008
              ],
              [
                14.87417148700007,
                48.45934979400005
              ],
              [
                14.876870533000044,
                48.464378639000074
              ],
              [
                14.876559263000047,
                48.46499595700004
              ],
              [
                14.876155362000077,
                48.46579698100004
              ],
              [
                14.869262856000034,
                48.479466357000035
              ],
              [
                14.87816314500003,
                48.48316784100007
              ],
              [
                14.886644532000048,
                48.48669511000003
              ],
              [
                14.88780569100004,
                48.48939307000006
              ],
              [
                14.892153398000062,
                48.49949499600007
              ],
              [
                14.90314935300006,
                48.50155931100005
              ],
              [
                14.907802770000046,
                48.50093700200006
              ],
              [
                14.917371659000025,
                48.49965733800008
              ],
              [
                14.920809790000021,
                48.50566258100008
              ],
              [
                14.913101120000022,
                48.50775069000008
              ],
              [
                14.90986147500007,
                48.51576655300005
              ],
              [
                14.898432405000051,
                48.52200063200007
              ],
              [
                14.874899742000025,
                48.52785364500005
              ],
              [
                14.874013447000038,
                48.52792687700003
              ],
              [
                14.847080253000058,
                48.53015228400005
              ],
              [
                14.847681274000024,
                48.53615008400004
              ],
              [
                14.84196017100004,
                48.54049623900005
              ],
              [
                14.835955085000023,
                48.54505812800005
              ],
              [
                14.824008760000027,
                48.547535700000026
              ],
              [
                14.81643691100004,
                48.54910604100007
              ],
              [
                14.813750629000026,
                48.55155832100007
              ],
              [
                14.808715416000041,
                48.556154915000036
              ],
              [
                14.78230452300005,
                48.559932126000035
              ],
              [
                14.774915283000041,
                48.55710417600005
              ],
              [
                14.773049803000049,
                48.55639023500004
              ],
              [
                14.771584762000032,
                48.557183603000055
              ],
              [
                14.75869036000006,
                48.56416635000005
              ],
              [
                14.74966497500003,
                48.56193818100007
              ],
              [
                14.74639153000004,
                48.55778441700005
              ],
              [
                14.742476812000064,
                48.55281692500006
              ],
              [
                14.736905395000065,
                48.552664942000035
              ],
              [
                14.736038364000024,
                48.55790860500008
              ],
              [
                14.72425349100007,
                48.56377495300006
              ],
              [
                14.721964413000023,
                48.56659750700004
              ],
              [
                14.713126170000066,
                48.57749553100007
              ],
              [
                14.698963460000073,
                48.57975456300005
              ],
              [
                14.692850633000035,
                48.58072959300006
              ],
              [
                14.691013827000063,
                48.58430192900005
              ],
              [
                14.705404631000022,
                48.585024891000046
              ],
              [
                14.707545474000028,
                48.59245593300005
              ],
              [
                14.720043469000075,
                48.60224792200006
              ],
              [
                14.717049831000054,
                48.611116424000045
              ],
              [
                14.714680160000057,
                48.61813645700005
              ],
              [
                14.716513688000077,
                48.62312499800004
              ],
              [
                14.722100987000033,
                48.63832655200008
              ],
              [
                14.717499621000059,
                48.64859101700006
              ],
              [
                14.715315259000022,
                48.64996745500008
              ],
              [
                14.71313017500006,
                48.651344348000066
              ],
              [
                14.723458466000068,
                48.67570006400007
              ],
              [
                14.727589304000048,
                48.68722331300006
              ],
              [
                14.736625952000054,
                48.69869676400003
              ],
              [
                14.755013534000057,
                48.70420976100007
              ],
              [
                14.758729334000066,
                48.70932908100008
              ],
              [
                14.766835921000052,
                48.711332155000036
              ],
              [
                14.77926820500005,
                48.71440407500006
              ],
              [
                14.795718539000063,
                48.728888633000054
              ],
              [
                14.798625224000034,
                48.73144797600003
              ],
              [
                14.800875541000039,
                48.73202334800004
              ],
              [
                14.808138563000057,
                48.73388039400004
              ],
              [
                14.805491808000056,
                48.738839417000065
              ],
              [
                14.801156480000031,
                48.74696219100008
              ],
              [
                14.810375627000042,
                48.76110572400006
              ],
              [
                14.811507641000048,
                48.76284240100006
              ],
              [
                14.810987307000062,
                48.76389449900006
              ],
              [
                14.807230151000056,
                48.77149134700005
              ],
              [
                14.809141581000063,
                48.777947640000036
              ],
              [
                14.824627117000034,
                48.78305579900007
              ],
              [
                14.82928935800004,
                48.78048734300006
              ],
              [
                14.842314344000044,
                48.78307336300003
              ],
              [
                14.851226825000026,
                48.77886933600007
              ],
              [
                14.856382464000035,
                48.77643741600008
              ],
              [
                14.86400072400005,
                48.778801230000056
              ],
              [
                14.869100675000027,
                48.780383656000026
              ],
              [
                14.879583565000075,
                48.78003400100005
              ],
              [
                14.88489196100005,
                48.776943102000075
              ],
              [
                14.885030423000046,
                48.77654208900003
              ],
              [
                14.886948569000026,
                48.77098676900005
              ],
              [
                14.901147825000066,
                48.77000560300007
              ],
              [
                14.907542288000059,
                48.76713911400003
              ],
              [
                14.91701026100003,
                48.76894196100005
              ],
              [
                14.917689836000022,
                48.769071362000034
              ],
              [
                14.929868198000065,
                48.76671893900004
              ],
              [
                14.932806817000028,
                48.765187850000075
              ],
              [
                14.939061793000064,
                48.76192886200005
              ],
              [
                14.945330910000052,
                48.76221145300008
              ],
              [
                14.949499023000044,
                48.76239933700003
              ],
              [
                14.952807341000039,
                48.76060992500004
              ],
              [
                14.955781159000026,
                48.75900143800004
              ],
              [
                14.96378113000003,
                48.763112912000054
              ],
              [
                14.97662639300006,
                48.77027008600004
              ],
              [
                14.979676105000067,
                48.77426440200003
              ],
              [
                14.979115462000038,
                48.779097249000074
              ],
              [
                14.971355687000028,
                48.782304142000044
              ],
              [
                14.953262919000053,
                48.789781367000046
              ],
              [
                14.955085669000027,
                48.79989898400004
              ],
              [
                14.959620606000044,
                48.80499963700004
              ],
              [
                14.958810461000041,
                48.81332131600004
              ],
              [
                14.966134486000044,
                48.82040991200006
              ],
              [
                14.969742949000022,
                48.82390238100004
              ],
              [
                14.96853380400006,
                48.82479248700008
              ],
              [
                14.970872518000022,
                48.83888860500008
              ],
              [
                14.978436437000028,
                48.84233765300007
              ],
              [
                14.983014315000048,
                48.84442510500003
              ],
              [
                14.978159448000042,
                48.85004599400003
              ],
              [
                14.973667979000027,
                48.85524614800005
              ],
              [
                14.973473746000025,
                48.871617024000045
              ],
              [
                14.977192047000074,
                48.87354400700008
              ],
              [
                14.98275664700003,
                48.87642782000006
              ],
              [
                14.98406774800003,
                48.88715818400004
              ],
              [
                14.984360369000058,
                48.889553060000026
              ],
              [
                14.986371353000038,
                48.89171941700005
              ],
              [
                14.991559499000061,
                48.89730841200003
              ],
              [
                14.989728988000024,
                48.91513713200004
              ],
              [
                14.98646173700007,
                48.919555667000054
              ],
              [
                14.983861626000078,
                48.92307198300006
              ],
              [
                14.979565584000056,
                48.929732115000036
              ],
              [
                14.983527846000072,
                48.93461385900008
              ],
              [
                14.98584192100003,
                48.93746493900005
              ],
              [
                14.981305114000065,
                48.94602202400006
              ],
              [
                14.977336122000054,
                48.95350812600003
              ],
              [
                14.97670888600004,
                48.97091773000005
              ],
              [
                14.978862917000072,
                48.97941967700007
              ],
              [
                14.98399405400005,
                48.98551351800006
              ],
              [
                14.993793590000053,
                48.99007819600007
              ],
              [
                14.997827974000074,
                48.991957435000074
              ],
              [
                14.996968313000025,
                48.994493695000074
              ],
              [
                14.996532906000027,
                48.99577828000008
              ],
              [
                14.997255020000068,
                48.99744480800007
              ],
              [
                14.999751660000072,
                49.00320666600004
              ],
              [
                14.997270312000069,
                49.00503825100003
              ],
              [
                14.991589700000077,
                49.009231346000036
              ],
              [
                14.995924107000064,
                49.01508187700006
              ],
              [
                15.000410619000036,
                49.01363054700005
              ],
              [
                15.004533748000028,
                49.012296767000066
              ],
              [
                15.012455916000022,
                49.01634367400004
              ],
              [
                15.020641905000048,
                49.02052535000007
              ],
              [
                15.026397064000037,
                49.01801813600008
              ]
            ],
            [
              [
                15.889872103000073,
                48.83874081700003
              ],
              [
                15.893329170000072,
                48.83471042600007
              ],
              [
                15.901006874000075,
                48.835796936000065
              ],
              [
                15.895936894000045,
                48.84053539400003
              ],
              [
                15.893138649000036,
                48.84315066400006
              ],
              [
                15.891321240000025,
                48.84069715600003
              ],
              [
                15.889872103000073,
                48.83874081700003
              ]
            ],
            [
              [
                16.417111652000074,
                48.32185115300007
              ],
              [
                16.40986472700007,
                48.32014411000006
              ],
              [
                16.39968791600006,
                48.31774692100004
              ],
              [
                16.397689247000073,
                48.319264589000056
              ],
              [
                16.394427773000075,
                48.32174115300006
              ],
              [
                16.382575426000074,
                48.31694834100006
              ],
              [
                16.380652987000076,
                48.31236385300008
              ],
              [
                16.382466874000045,
                48.30718621600005
              ],
              [
                16.383771301000024,
                48.30346280400005
              ],
              [
                16.377490538000075,
                48.29719500700003
              ],
              [
                16.37655,
                48.29625641000007
              ],
              [
                16.376597783000022,
                48.295402583000055
              ],
              [
                16.376946360000034,
                48.28917391700003
              ],
              [
                16.367533558000048,
                48.28397471400007
              ],
              [
                16.358646873000055,
                48.284203157000036
              ],
              [
                16.358053383000026,
                48.28444838900003
              ],
              [
                16.34778673900007,
                48.28869060000005
              ],
              [
                16.34654940000007,
                48.284264248000056
              ],
              [
                16.340422704000048,
                48.281608446000064
              ],
              [
                16.290631562000044,
                48.27098635800007
              ],
              [
                16.287726398000075,
                48.26750064300006
              ],
              [
                16.28814840600006,
                48.26599431100004
              ],
              [
                16.28911044700004,
                48.26256035900008
              ],
              [
                16.278832649000037,
                48.25922503400005
              ],
              [
                16.266476801000067,
                48.25521534500007
              ],
              [
                16.267499705000034,
                48.25098997200007
              ],
              [
                16.267612846000077,
                48.25052261400003
              ],
              [
                16.255334781000045,
                48.23996531900008
              ],
              [
                16.239743901000054,
                48.24038285000006
              ],
              [
                16.238364314000023,
                48.247308040000064
              ],
              [
                16.23822197000004,
                48.248022570000046
              ],
              [
                16.20852511800007,
                48.26258355500005
              ],
              [
                16.196524440000076,
                48.24552124000007
              ],
              [
                16.196892482000067,
                48.23507367500008
              ],
              [
                16.197032383000078,
                48.231102313000065
              ],
              [
                16.194399179000072,
                48.22953048900007
              ],
              [
                16.183983357000045,
                48.22331303000004
              ],
              [
                16.184447103000025,
                48.22270989300006
              ],
              [
                16.195412547000046,
                48.221748613000045
              ],
              [
                16.196287562000066,
                48.22167190500005
              ],
              [
                16.19677080100007,
                48.220020471000055
              ],
              [
                16.198130555000034,
                48.21537361500003
              ],
              [
                16.202558502000045,
                48.212656630000026
              ],
              [
                16.20727553000006,
                48.20976226600004
              ],
              [
                16.20490542400006,
                48.206831040000054
              ],
              [
                16.20379919000004,
                48.20546290600004
              ],
              [
                16.204754799000057,
                48.204702216000044
              ],
              [
                16.207909357000062,
                48.202191103000075
              ],
              [
                16.202834782000025,
                48.18946147200006
              ],
              [
                16.184401654000055,
                48.17158798100007
              ],
              [
                16.195118103000027,
                48.16466291100005
              ],
              [
                16.19553871900007,
                48.16363947800005
              ],
              [
                16.19882498900006,
                48.155643403000056
              ],
              [
                16.208533309000074,
                48.154365263000045
              ],
              [
                16.213537709000036,
                48.153706413000066
              ],
              [
                16.21334383800007,
                48.14998614800004
              ],
              [
                16.213184608000063,
                48.14693061100007
              ],
              [
                16.216897052000036,
                48.14174250000008
              ],
              [
                16.219544662000033,
                48.14024995900007
              ],
              [
                16.229777566000053,
                48.134481351000034
              ],
              [
                16.224958701000048,
                48.13174913600005
              ],
              [
                16.21863478800003,
                48.12816358400005
              ],
              [
                16.216400841000052,
                48.125730032000035
              ],
              [
                16.220041182000045,
                48.12430181500008
              ],
              [
                16.229096064000032,
                48.12688146700003
              ],
              [
                16.24833648500004,
                48.12998051400007
              ],
              [
                16.269133235000027,
                48.13333023800004
              ],
              [
                16.296165529000064,
                48.12888417400006
              ],
              [
                16.298942785000065,
                48.12615938700003
              ],
              [
                16.302029814000036,
                48.12465886000007
              ],
              [
                16.312129007000067,
                48.11974989600003
              ],
              [
                16.317903864000073,
                48.127031586000044
              ],
              [
                16.32615364000003,
                48.13743397600007
              ],
              [
                16.336705710000047,
                48.13504925700005
              ],
              [
                16.36493033100004,
                48.12867062200007
              ],
              [
                16.38727429000005,
                48.125667659000044
              ],
              [
                16.411856241000066,
                48.11943915300003
              ],
              [
                16.424469508000072,
                48.12242242600007
              ],
              [
                16.431655773000045,
                48.12115950200007
              ],
              [
                16.436608001000025,
                48.12028919100004
              ],
              [
                16.43398431600002,
                48.12746317800003
              ],
              [
                16.432532240000057,
                48.13143361500005
              ],
              [
                16.434381476000055,
                48.13748807300004
              ],
              [
                16.442728724000062,
                48.13840219900004
              ],
              [
                16.453617088000044,
                48.13959460900003
              ],
              [
                16.459753058000047,
                48.14364146100007
              ],
              [
                16.478477746000067,
                48.15599094100003
              ],
              [
                16.49314098900004,
                48.15805871800006
              ],
              [
                16.515863533000072,
                48.15838180700007
              ],
              [
                16.536134686000025,
                48.14784502400005
              ],
              [
                16.545800108000037,
                48.14282101500004
              ],
              [
                16.575962323000056,
                48.13632791400005
              ],
              [
                16.578035999000065,
                48.143311881000045
              ],
              [
                16.57200524700005,
                48.161362060000044
              ],
              [
                16.566827447000037,
                48.16187451400003
              ],
              [
                16.551955215000078,
                48.163346438000076
              ],
              [
                16.547482831000025,
                48.16967647800004
              ],
              [
                16.548453013000028,
                48.174200659000064
              ],
              [
                16.548835170000075,
                48.175982744000066
              ],
              [
                16.545278432000032,
                48.17633026800007
              ],
              [
                16.543856907000077,
                48.176469163000036
              ],
              [
                16.54036854000003,
                48.173251089000075
              ],
              [
                16.536807933000034,
                48.17766596600006
              ],
              [
                16.539337425000042,
                48.19326298400006
              ],
              [
                16.536950924000053,
                48.20167379000003
              ],
              [
                16.54542123500005,
                48.215124923000076
              ],
              [
                16.548410511000043,
                48.22593577300006
              ],
              [
                16.551966716000038,
                48.23879694300007
              ],
              [
                16.548421864000034,
                48.240985941000076
              ],
              [
                16.54182266300006,
                48.24506104400007
              ],
              [
                16.545051323000052,
                48.25669379800007
              ],
              [
                16.546823979000067,
                48.26308062000004
              ],
              [
                16.53711210700004,
                48.26276289100008
              ],
              [
                16.530597053000065,
                48.26254974700004
              ],
              [
                16.51397923600007,
                48.268139630000064
              ],
              [
                16.508187720000024,
                48.27465305700008
              ],
              [
                16.511887307000052,
                48.28096289500007
              ],
              [
                16.514538163000054,
                48.28548406800007
              ],
              [
                16.50206464200005,
                48.29035889100004
              ],
              [
                16.482063280000034,
                48.29369143900004
              ],
              [
                16.482599841000024,
                48.28701568200006
              ],
              [
                16.48323710300002,
                48.279087022000056
              ],
              [
                16.480672149000043,
                48.27367802300006
              ],
              [
                16.476804075000075,
                48.274181749000036
              ],
              [
                16.441515742000036,
                48.29153450800004
              ],
              [
                16.43954282800007,
                48.303386009000064
              ],
              [
                16.437490469000068,
                48.31571474900005
              ],
              [
                16.431655773000045,
                48.31832578400008
              ],
              [
                16.427065695000067,
                48.32037985100004
              ],
              [
                16.417111652000074,
                48.32185115300007
              ]
            ]
          ]
        ]
      }
    },
    {
      "type": "Feature",
      "properties": {
        "NUTS_ID": "AT13",
        "LEVL_CODE": 2,
        "CNTR_CODE": "AT",
        "NAME_LATN": "Wien",
        "NUTS_NAME": "Wien",
        "MOUNT_TYPE": null,
        "URBN_TYPE": null,
        "COAST_TYPE": null,
        "NAME_ENGL": "Austria",
        "NAME_FREN": "Autriche",
        "ISO3_CODE": "AUT",
        "SVRG_UN": "UN Member State",
        "CAPT": "Vienna",
        "EU_STAT": "T",
        "EFTA_STAT": "F",
        "CC_STAT": "F",
        "NAME_GERM": "Österreich",
        "region_id": "austria_vienna",
        "region_code": "AT13",
        "region_name": "Wien",
        "source_dataset": "Eurostat GISCO NUTS 2024",
        "geometry_version": "NUTS 2024 / 1:1M / EPSG:4326",
        "source_url": "https://gisco-services.ec.europa.eu/distribution/v2/nuts/geojson/NUTS_RG_01M_2024_4326_LEVL_2.geojson",
        "attribution": "European Commission - Eurostat/GISCO"
      },
      "geometry": {
        "type": "MultiPolygon",
        "coordinates": [
          [
            [
              [
                16.184447103000025,
                48.22270989300006
              ],
              [
                16.183983357000045,
                48.22331303000004
              ],
              [
                16.194399179000072,
                48.22953048900007
              ],
              [
                16.197032383000078,
                48.231102313000065
              ],
              [
                16.196892482000067,
                48.23507367500008
              ],
              [
                16.196524440000076,
                48.24552124000007
              ],
              [
                16.20852511800007,
                48.26258355500005
              ],
              [
                16.23822197000004,
                48.248022570000046
              ],
              [
                16.238364314000023,
                48.247308040000064
              ],
              [
                16.239743901000054,
                48.24038285000006
              ],
              [
                16.255334781000045,
                48.23996531900008
              ],
              [
                16.267612846000077,
                48.25052261400003
              ],
              [
                16.267499705000034,
                48.25098997200007
              ],
              [
                16.266476801000067,
                48.25521534500007
              ],
              [
                16.278832649000037,
                48.25922503400005
              ],
              [
                16.28911044700004,
                48.26256035900008
              ],
              [
                16.28814840600006,
                48.26599431100004
              ],
              [
                16.287726398000075,
                48.26750064300006
              ],
              [
                16.290631562000044,
                48.27098635800007
              ],
              [
                16.340422704000048,
                48.281608446000064
              ],
              [
                16.34654940000007,
                48.284264248000056
              ],
              [
                16.34778673900007,
                48.28869060000005
              ],
              [
                16.358053383000026,
                48.28444838900003
              ],
              [
                16.358646873000055,
                48.284203157000036
              ],
              [
                16.367533558000048,
                48.28397471400007
              ],
              [
                16.376946360000034,
                48.28917391700003
              ],
              [
                16.376597783000022,
                48.295402583000055
              ],
              [
                16.37655,
                48.29625641000007
              ],
              [
                16.377490538000075,
                48.29719500700003
              ],
              [
                16.383771301000024,
                48.30346280400005
              ],
              [
                16.382466874000045,
                48.30718621600005
              ],
              [
                16.380652987000076,
                48.31236385300008
              ],
              [
                16.382575426000074,
                48.31694834100006
              ],
              [
                16.394427773000075,
                48.32174115300006
              ],
              [
                16.397689247000073,
                48.319264589000056
              ],
              [
                16.39968791600006,
                48.31774692100004
              ],
              [
                16.40986472700007,
                48.32014411000006
              ],
              [
                16.417111652000074,
                48.32185115300007
              ],
              [
                16.427065695000067,
                48.32037985100004
              ],
              [
                16.431655773000045,
                48.31832578400008
              ],
              [
                16.437490469000068,
                48.31571474900005
              ],
              [
                16.43954282800007,
                48.303386009000064
              ],
              [
                16.441515742000036,
                48.29153450800004
              ],
              [
                16.476804075000075,
                48.274181749000036
              ],
              [
                16.480672149000043,
                48.27367802300006
              ],
              [
                16.48323710300002,
                48.279087022000056
              ],
              [
                16.482599841000024,
                48.28701568200006
              ],
              [
                16.482063280000034,
                48.29369143900004
              ],
              [
                16.50206464200005,
                48.29035889100004
              ],
              [
                16.514538163000054,
                48.28548406800007
              ],
              [
                16.511887307000052,
                48.28096289500007
              ],
              [
                16.508187720000024,
                48.27465305700008
              ],
              [
                16.51397923600007,
                48.268139630000064
              ],
              [
                16.530597053000065,
                48.26254974700004
              ],
              [
                16.53711210700004,
                48.26276289100008
              ],
              [
                16.546823979000067,
                48.26308062000004
              ],
              [
                16.545051323000052,
                48.25669379800007
              ],
              [
                16.54182266300006,
                48.24506104400007
              ],
              [
                16.548421864000034,
                48.240985941000076
              ],
              [
                16.551966716000038,
                48.23879694300007
              ],
              [
                16.548410511000043,
                48.22593577300006
              ],
              [
                16.54542123500005,
                48.215124923000076
              ],
              [
                16.536950924000053,
                48.20167379000003
              ],
              [
                16.539337425000042,
                48.19326298400006
              ],
              [
                16.536807933000034,
                48.17766596600006
              ],
              [
                16.54036854000003,
                48.173251089000075
              ],
              [
                16.543856907000077,
                48.176469163000036
              ],
              [
                16.545278432000032,
                48.17633026800007
              ],
              [
                16.548835170000075,
                48.175982744000066
              ],
              [
                16.548453013000028,
                48.174200659000064
              ],
              [
                16.547482831000025,
                48.16967647800004
              ],
              [
                16.551955215000078,
                48.163346438000076
              ],
              [
                16.566827447000037,
                48.16187451400003
              ],
              [
                16.57200524700005,
                48.161362060000044
              ],
              [
                16.578035999000065,
                48.143311881000045
              ],
              [
                16.575962323000056,
                48.13632791400005
              ],
              [
                16.545800108000037,
                48.14282101500004
              ],
              [
                16.536134686000025,
                48.14784502400005
              ],
              [
                16.515863533000072,
                48.15838180700007
              ],
              [
                16.49314098900004,
                48.15805871800006
              ],
              [
                16.478477746000067,
                48.15599094100003
              ],
              [
                16.459753058000047,
                48.14364146100007
              ],
              [
                16.453617088000044,
                48.13959460900003
              ],
              [
                16.442728724000062,
                48.13840219900004
              ],
              [
                16.434381476000055,
                48.13748807300004
              ],
              [
                16.432532240000057,
                48.13143361500005
              ],
              [
                16.43398431600002,
                48.12746317800003
              ],
              [
                16.436608001000025,
                48.12028919100004
              ],
              [
                16.431655773000045,
                48.12115950200007
              ],
              [
                16.424469508000072,
                48.12242242600007
              ],
              [
                16.411856241000066,
                48.11943915300003
              ],
              [
                16.38727429000005,
                48.125667659000044
              ],
              [
                16.36493033100004,
                48.12867062200007
              ],
              [
                16.336705710000047,
                48.13504925700005
              ],
              [
                16.32615364000003,
                48.13743397600007
              ],
              [
                16.317903864000073,
                48.127031586000044
              ],
              [
                16.312129007000067,
                48.11974989600003
              ],
              [
                16.302029814000036,
                48.12465886000007
              ],
              [
                16.298942785000065,
                48.12615938700003
              ],
              [
                16.296165529000064,
                48.12888417400006
              ],
              [
                16.269133235000027,
                48.13333023800004
              ],
              [
                16.24833648500004,
                48.12998051400007
              ],
              [
                16.229096064000032,
                48.12688146700003
              ],
              [
                16.220041182000045,
                48.12430181500008
              ],
              [
                16.216400841000052,
                48.125730032000035
              ],
              [
                16.21863478800003,
                48.12816358400005
              ],
              [
                16.224958701000048,
                48.13174913600005
              ],
              [
                16.229777566000053,
                48.134481351000034
              ],
              [
                16.219544662000033,
                48.14024995900007
              ],
              [
                16.216897052000036,
                48.14174250000008
              ],
              [
                16.213184608000063,
                48.14693061100007
              ],
              [
                16.21334383800007,
                48.14998614800004
              ],
              [
                16.213537709000036,
                48.153706413000066
              ],
              [
                16.208533309000074,
                48.154365263000045
              ],
              [
                16.19882498900006,
                48.155643403000056
              ],
              [
                16.19553871900007,
                48.16363947800005
              ],
              [
                16.195118103000027,
                48.16466291100005
              ],
              [
                16.184401654000055,
                48.17158798100007
              ],
              [
                16.202834782000025,
                48.18946147200006
              ],
              [
                16.207909357000062,
                48.202191103000075
              ],
              [
                16.204754799000057,
                48.204702216000044
              ],
              [
                16.20379919000004,
                48.20546290600004
              ],
              [
                16.20490542400006,
                48.206831040000054
              ],
              [
                16.20727553000006,
                48.20976226600004
              ],
              [
                16.202558502000045,
                48.212656630000026
              ],
              [
                16.198130555000034,
                48.21537361500003
              ],
              [
                16.19677080100007,
                48.220020471000055
              ],
              [
                16.196287562000066,
                48.22167190500005
              ],
              [
                16.195412547000046,
                48.221748613000045
              ],
              [
                16.184447103000025,
                48.22270989300006
              ]
            ]
          ]
        ]
      }
    },
    {
      "type": "Feature",
      "properties": {
        "NUTS_ID": "AT21",
        "LEVL_CODE": 2,
        "CNTR_CODE": "AT",
        "NAME_LATN": "Kärnten",
        "NUTS_NAME": "Kärnten",
        "MOUNT_TYPE": null,
        "URBN_TYPE": null,
        "COAST_TYPE": null,
        "NAME_ENGL": "Austria",
        "NAME_FREN": "Autriche",
        "ISO3_CODE": "AUT",
        "SVRG_UN": "UN Member State",
        "CAPT": "Vienna",
        "EU_STAT": "T",
        "EFTA_STAT": "F",
        "CC_STAT": "F",
        "NAME_GERM": "Österreich",
        "region_id": "austria_carinthia",
        "region_code": "AT21",
        "region_name": "Kärnten",
        "source_dataset": "Eurostat GISCO NUTS 2024",
        "geometry_version": "NUTS 2024 / 1:1M / EPSG:4326",
        "source_url": "https://gisco-services.ec.europa.eu/distribution/v2/nuts/geojson/NUTS_RG_01M_2024_4326_LEVL_2.geojson",
        "attribution": "European Commission - Eurostat/GISCO"
      },
      "geometry": {
        "type": "MultiPolygon",
        "coordinates": [
          [
            [
              [
                12.737552150000056,
                47.10107843000003
              ],
              [
                12.756920997000066,
                47.09852561500003
              ],
              [
                12.773314446000029,
                47.099896587000046
              ],
              [
                12.786043500000062,
                47.09315348600006
              ],
              [
                12.800367268000059,
                47.09634868000006
              ],
              [
                12.805358715000068,
                47.097462120000046
              ],
              [
                12.806239638000022,
                47.097658627000044
              ],
              [
                12.820463694000068,
                47.09686239500007
              ],
              [
                12.828117794000036,
                47.091359158000046
              ],
              [
                12.840630024000063,
                47.08236296600006
              ],
              [
                12.859085096000058,
                47.08144229800007
              ],
              [
                12.859947667000029,
                47.081743490000065
              ],
              [
                12.871768933000055,
                47.08587122900008
              ],
              [
                12.894254791000037,
                47.08139900800006
              ],
              [
                12.92054792600004,
                47.08115942400008
              ],
              [
                12.93536298500004,
                47.07697164700005
              ],
              [
                12.939623106000056,
                47.06909813900006
              ],
              [
                12.942971832000069,
                47.06258727800008
              ],
              [
                12.944468166000036,
                47.05967798700004
              ],
              [
                12.947349,
                47.05814534600006
              ],
              [
                12.954999542000053,
                47.054075158000046
              ],
              [
                12.954303802000027,
                47.05108764100004
              ],
              [
                12.953945598000075,
                47.04954951000008
              ],
              [
                12.955827730000067,
                47.044941891000065
              ],
              [
                12.964556281000057,
                47.03995760200007
              ],
              [
                12.98642869400004,
                47.03615696800006
              ],
              [
                12.999192826000069,
                47.04184606800004
              ],
              [
                13.003946490000033,
                47.04396482300007
              ],
              [
                13.019983758000023,
                47.04093863000003
              ],
              [
                13.021744536000028,
                47.03376063400003
              ],
              [
                13.02280139000004,
                47.02945225500008
              ],
              [
                13.073107551000021,
                47.01345889000004
              ],
              [
                13.078135141000075,
                47.02071534400005
              ],
              [
                13.082673804000024,
                47.02726611600008
              ],
              [
                13.090611629000023,
                47.02717514500006
              ],
              [
                13.122933577000026,
                47.02680472000003
              ],
              [
                13.132717787000047,
                47.033569431000046
              ],
              [
                13.13492261700003,
                47.03509383000005
              ],
              [
                13.148106165000058,
                47.03590632700008
              ],
              [
                13.159842240000046,
                47.03662961600003
              ],
              [
                13.162511438000024,
                47.038093927000034
              ],
              [
                13.16893981100003,
                47.041620505000026
              ],
              [
                13.186299937000058,
                47.044084988000066
              ],
              [
                13.19961909500006,
                47.043729135000035
              ],
              [
                13.214008185000068,
                47.043344697000066
              ],
              [
                13.248512470000037,
                47.051489874000026
              ],
              [
                13.244865394000044,
                47.06909813900006
              ],
              [
                13.243793309000068,
                47.07021376100005
              ],
              [
                13.240639904000034,
                47.073495223000066
              ],
              [
                13.250155930000062,
                47.08734007000004
              ],
              [
                13.276297331000023,
                47.09520045200003
              ],
              [
                13.28636380100005,
                47.09488968100004
              ],
              [
                13.302265754000075,
                47.08881764700004
              ],
              [
                13.307886991000032,
                47.08667122300005
              ],
              [
                13.316411811000023,
                47.08962121900004
              ],
              [
                13.33275597100004,
                47.09527708200005
              ],
              [
                13.354584094000074,
                47.097303373000045
              ],
              [
                13.363376004000031,
                47.09815452200007
              ],
              [
                13.379093706000049,
                47.09289568200006
              ],
              [
                13.381060767000065,
                47.088785520000044
              ],
              [
                13.386661718000028,
                47.07708236500008
              ],
              [
                13.406176772000038,
                47.069696993000036
              ],
              [
                13.412752055000055,
                47.073149724000075
              ],
              [
                13.42808711500004,
                47.08120228000007
              ],
              [
                13.442064053000024,
                47.07836580000003
              ],
              [
                13.456824253000036,
                47.07979248400005
              ],
              [
                13.51336162900003,
                47.06909813900006
              ],
              [
                13.560619608000025,
                47.05670068400008
              ],
              [
                13.566536289000055,
                47.05514852700003
              ],
              [
                13.575401656000054,
                47.05282282500008
              ],
              [
                13.594544165000059,
                47.05535201500004
              ],
              [
                13.59646914700005,
                47.05576597700008
              ],
              [
                13.615237144000048,
                47.05980198200007
              ],
              [
                13.637493531000075,
                47.05567254300007
              ],
              [
                13.641627884000059,
                47.04722407000003
              ],
              [
                13.643314357000065,
                47.04377779500004
              ],
              [
                13.648473421000062,
                47.04023203400004
              ],
              [
                13.667184390000045,
                47.04012692900005
              ],
              [
                13.686604990000035,
                47.04001783700005
              ],
              [
                13.694263628000044,
                47.03680507900003
              ],
              [
                13.690475253000045,
                47.02985411700007
              ],
              [
                13.687726415000043,
                47.024810512000045
              ],
              [
                13.693679729000053,
                47.008085135000044
              ],
              [
                13.698711824000043,
                47.00438772900003
              ],
              [
                13.699703810000074,
                47.00365885300005
              ],
              [
                13.699953090000065,
                47.00341391300003
              ],
              [
                13.707546893000028,
                46.995952299000066
              ],
              [
                13.720030674000043,
                46.99222545500004
              ],
              [
                13.722393644000022,
                46.991520026000046
              ],
              [
                13.732964146000029,
                46.989889247000065
              ],
              [
                13.74273856800005,
                46.992632720000074
              ],
              [
                13.746467783000071,
                46.99367943200008
              ],
              [
                13.756422317000045,
                46.99018403200006
              ],
              [
                13.758438730000023,
                46.98612816600007
              ],
              [
                13.75997876300005,
                46.983030504000055
              ],
              [
                13.764510511000026,
                46.980645665000054
              ],
              [
                13.771964165000043,
                46.976723168000035
              ],
              [
                13.775161216000072,
                46.966729232000034
              ],
              [
                13.778017851000072,
                46.95779943100007
              ],
              [
                13.776827199000024,
                46.94998488900006
              ],
              [
                13.779621853000037,
                46.945714301000066
              ],
              [
                13.785132568000051,
                46.94404788600008
              ],
              [
                13.785393253000052,
                46.93850671600006
              ],
              [
                13.808368448000067,
                46.926611921000074
              ],
              [
                13.815500534000023,
                46.91870684200006
              ],
              [
                13.848715230000039,
                46.91071009400008
              ],
              [
                13.863700197000071,
                46.91900860800007
              ],
              [
                13.880953679000072,
                46.91896235200005
              ],
              [
                13.890672204000055,
                46.924320230000035
              ],
              [
                13.897081826000033,
                46.92785389100004
              ],
              [
                13.901047281000046,
                46.93376808700003
              ],
              [
                13.911460875000046,
                46.93411346900007
              ],
              [
                13.933009581000022,
                46.944552661000046
              ],
              [
                13.946626079000055,
                46.94161941400006
              ],
              [
                13.95071934400005,
                46.94418853600007
              ],
              [
                13.951046255000051,
                46.94955357200007
              ],
              [
                13.951510878000022,
                46.95717865600005
              ],
              [
                13.96718340800004,
                46.96187848300008
              ],
              [
                13.970046831000047,
                46.96273715700005
              ],
              [
                13.985946022000064,
                46.96629283500005
              ],
              [
                14.00573986300003,
                46.97071950900005
              ],
              [
                14.006227230000036,
                46.97834948500008
              ],
              [
                14.006283680000024,
                46.97923324200008
              ],
              [
                14.006946028000073,
                46.979769685000065
              ],
              [
                14.017622312000071,
                46.98841652300007
              ],
              [
                14.015819415000067,
                46.997301691000075
              ],
              [
                14.014514857000052,
                47.003730906000044
              ],
              [
                14.02789910000007,
                47.00695116600008
              ],
              [
                14.034187648000056,
                47.00628298100003
              ],
              [
                14.050229155000068,
                47.00457850300006
              ],
              [
                14.070887335000066,
                47.01200822000004
              ],
              [
                14.073053707000042,
                47.01479765300007
              ],
              [
                14.078656110000054,
                47.02201133800003
              ],
              [
                14.095742740000048,
                47.033599124000034
              ],
              [
                14.105442092000033,
                47.03910039800007
              ],
              [
                14.116871766000031,
                47.04208305800006
              ],
              [
                14.123236646000066,
                47.043744022000055
              ],
              [
                14.124153687000046,
                47.04982831500007
              ],
              [
                14.12520866500006,
                47.05682778200003
              ],
              [
                14.132935777000057,
                47.06210583500007
              ],
              [
                14.15023864400007,
                47.05684539400005
              ],
              [
                14.160954291000053,
                47.05358760900003
              ],
              [
                14.162831621000066,
                47.05301686100006
              ],
              [
                14.17957866100005,
                47.06296289200003
              ],
              [
                14.202653190000035,
                47.07666680500006
              ],
              [
                14.215265773000056,
                47.062291369000036
              ],
              [
                14.21576043500005,
                47.05738864700004
              ],
              [
                14.22186335400005,
                47.04965209300008
              ],
              [
                14.222898108000038,
                47.044235194000066
              ],
              [
                14.224069388000032,
                47.03810359000005
              ],
              [
                14.23501987000003,
                47.02588242300004
              ],
              [
                14.237633440000025,
                47.02800612200008
              ],
              [
                14.238925386000062,
                47.02869040200005
              ],
              [
                14.249489611000058,
                47.03428575200007
              ],
              [
                14.261287362000076,
                47.02775827100004
              ],
              [
                14.262223902000073,
                47.02724010000003
              ],
              [
                14.269340038000053,
                47.02742260500003
              ],
              [
                14.329949979000048,
                47.02897704500003
              ],
              [
                14.338357956000038,
                47.02483138600007
              ],
              [
                14.36419886300007,
                47.02463446200005
              ],
              [
                14.380980547000036,
                47.01533589500008
              ],
              [
                14.37917098400004,
                47.00508979700004
              ],
              [
                14.377405674000045,
                46.99509426700007
              ],
              [
                14.386648261000062,
                46.98110339300007
              ],
              [
                14.398283096000057,
                46.981367703000046
              ],
              [
                14.401402361000066,
                46.984213028000056
              ],
              [
                14.405527,
                46.98797543300003
              ],
              [
                14.429554081000049,
                46.996584435000045
              ],
              [
                14.429872494000051,
                47.00082094800007
              ],
              [
                14.436881716000073,
                46.997138273000076
              ],
              [
                14.448223377000033,
                46.99598690600004
              ],
              [
                14.453161951000027,
                46.99548555800004
              ],
              [
                14.459441982000044,
                47.00017549200004
              ],
              [
                14.458893229000068,
                47.00686528800003
              ],
              [
                14.458405191000054,
                47.01281491700007
              ],
              [
                14.464332059000071,
                47.01154092500008
              ],
              [
                14.470303434000073,
                47.010257367000065
              ],
              [
                14.471410441000046,
                47.00768554600006
              ],
              [
                14.477134712000066,
                47.016978487000074
              ],
              [
                14.47862914700005,
                47.01940459400004
              ],
              [
                14.498930580000035,
                47.026068562000034
              ],
              [
                14.50393060600004,
                47.02557910200005
              ],
              [
                14.504233700000043,
                47.01843663400007
              ],
              [
                14.504234159000077,
                47.01842581600005
              ],
              [
                14.517440992000047,
                47.00944177800005
              ],
              [
                14.530264486000021,
                47.01095951800005
              ],
              [
                14.546242905000042,
                47.01285066300005
              ],
              [
                14.585912117000078,
                47.01225339500007
              ],
              [
                14.588258731000053,
                47.00876983100005
              ],
              [
                14.592766620000077,
                47.00207783900004
              ],
              [
                14.615376096000034,
                46.99821383800003
              ],
              [
                14.621911788000034,
                47.00581393400006
              ],
              [
                14.628516726000043,
                47.01349455400003
              ],
              [
                14.665540466000039,
                47.01822864600007
              ],
              [
                14.696609384000055,
                47.01741060900008
              ],
              [
                14.698634283000047,
                47.01735729400008
              ],
              [
                14.699474484000064,
                47.017559438000035
              ],
              [
                14.709992457000055,
                47.02008995700004
              ],
              [
                14.719609244000026,
                47.01860534700006
              ],
              [
                14.727667723000025,
                47.01736130300003
              ],
              [
                14.727260712000032,
                47.02024391700007
              ],
              [
                14.726968290000059,
                47.02231496400003
              ],
              [
                14.731309815000031,
                47.02577540800007
              ],
              [
                14.769799516000035,
                47.03873768500006
              ],
              [
                14.774507690000064,
                47.03842459300006
              ],
              [
                14.794236506000061,
                47.03711263300005
              ],
              [
                14.810520882000048,
                47.04039017600007
              ],
              [
                14.821614338000074,
                47.04552993000004
              ],
              [
                14.828787586000033,
                47.04885339600003
              ],
              [
                14.842056550000052,
                47.04861333300005
              ],
              [
                14.840640587000053,
                47.04077052300005
              ],
              [
                14.847225257000048,
                47.033035529000074
              ],
              [
                14.856539693000059,
                47.025703056000054
              ],
              [
                14.861576956000022,
                47.02463078800008
              ],
              [
                14.873283351000055,
                47.02213887900007
              ],
              [
                14.886384870000029,
                47.01129851400003
              ],
              [
                14.897057468000071,
                47.00503579000008
              ],
              [
                14.907139534000066,
                46.999119592000056
              ],
              [
                14.924951217000057,
                46.99649777600007
              ],
              [
                14.950673091000056,
                46.992711609000025
              ],
              [
                14.959583986000041,
                46.98805966500004
              ],
              [
                14.978004844000054,
                46.96418562800005
              ],
              [
                14.989292286000023,
                46.94434979000005
              ],
              [
                14.993478122000056,
                46.93699386700007
              ],
              [
                15.001013683000053,
                46.93185656500003
              ],
              [
                15.017564364000066,
                46.920573286000035
              ],
              [
                15.026660161000052,
                46.90920913300005
              ],
              [
                15.01691510300003,
                46.88626886800006
              ],
              [
                15.011702959000047,
                46.88175830900008
              ],
              [
                15.011241149000057,
                46.88151665100003
              ],
              [
                15.008142414000076,
                46.87989513000008
              ],
              [
                15.007447703000025,
                46.85753726000007
              ],
              [
                15.012743199000056,
                46.85065433400007
              ],
              [
                15.017522402000054,
                46.844442472000026
              ],
              [
                15.012796861000027,
                46.83345046200003
              ],
              [
                15.003376504000073,
                46.83007863600005
              ],
              [
                14.996727842000041,
                46.82769888200005
              ],
              [
                14.991149739000036,
                46.822543395000025
              ],
              [
                14.987300987000026,
                46.81152785300003
              ],
              [
                14.980088217000059,
                46.80442885400004
              ],
              [
                14.97943129600003,
                46.801028994000035
              ],
              [
                14.976329068000041,
                46.78497357700007
              ],
              [
                14.99638159400007,
                46.78084564900007
              ],
              [
                15.004797587000041,
                46.77812579600004
              ],
              [
                15.027817648000052,
                46.77068624800006
              ],
              [
                15.027185105000058,
                46.76390446600004
              ],
              [
                15.026739669000051,
                46.75912873600004
              ],
              [
                15.030303312000058,
                46.753686627000036
              ],
              [
                15.031726848000062,
                46.751512717000026
              ],
              [
                15.031588979000048,
                46.749473711000064
              ],
              [
                15.031359894000047,
                46.746085666000056
              ],
              [
                15.033247102000075,
                46.74404032000007
              ],
              [
                15.042314998000052,
                46.73421258500008
              ],
              [
                15.037849468000047,
                46.728959141000075
              ],
              [
                15.036996746000057,
                46.72795596200007
              ],
              [
                15.038750136000033,
                46.72600780400006
              ],
              [
                15.04324882000003,
                46.72100939900008
              ],
              [
                15.043945415000053,
                46.71473892800003
              ],
              [
                15.038880469000048,
                46.708736230000056
              ],
              [
                15.036048035000022,
                46.705379384000025
              ],
              [
                15.031888553000044,
                46.688385545000074
              ],
              [
                15.029736319000051,
                46.67959245000003
              ],
              [
                15.028343020000023,
                46.678065907000075
              ],
              [
                15.022732071000064,
                46.671918375000075
              ],
              [
                15.035008723000033,
                46.66638967600005
              ],
              [
                15.043498328000055,
                46.66815554500005
              ],
              [
                15.04861276400004,
                46.66921936700004
              ],
              [
                15.062001777000035,
                46.65942687800003
              ],
              [
                15.065120557000057,
                46.65211265800008
              ],
              [
                15.042742891000046,
                46.65161857700008
              ],
              [
                15.016738817000032,
                46.64066686700005
              ],
              [
                14.996338081000033,
                46.62242102400006
              ],
              [
                14.994815036000034,
                46.61435338500007
              ],
              [
                14.980706588000032,
                46.60225126900008
              ],
              [
                14.975440096000057,
                46.60796934100006
              ],
              [
                14.96971583100003,
                46.62520291000004
              ],
              [
                14.95567671300006,
                46.63272803500007
              ],
              [
                14.932021908000024,
                46.61645960000004
              ],
              [
                14.922522449000041,
                46.61970227100005
              ],
              [
                14.922071376000076,
                46.60793345700006
              ],
              [
                14.922359925000023,
                46.60389823200006
              ],
              [
                14.919378018000032,
                46.60256231500006
              ],
              [
                14.905729035000036,
                46.605662737000046
              ],
              [
                14.900965433000067,
                46.61006310800008
              ],
              [
                14.899749891000056,
                46.611185963000025
              ],
              [
                14.884301205000043,
                46.61174457700008
              ],
              [
                14.879665900000077,
                46.611248131000025
              ],
              [
                14.868982840000058,
                46.60584366100005
              ],
              [
                14.864881570000023,
                46.594416041000045
              ],
              [
                14.864865703000078,
                46.594371831000046
              ],
              [
                14.864813299000048,
                46.59435512200008
              ],
              [
                14.858380467000075,
                46.59230399200004
              ],
              [
                14.854682775000072,
                46.58539275100003
              ],
              [
                14.842818575000024,
                46.575636100000054
              ],
              [
                14.835521175000054,
                46.56356254000008
              ],
              [
                14.835784362000027,
                46.56197564200005
              ],
              [
                14.836714289000042,
                46.55636859900005
              ],
              [
                14.827682160000052,
                46.54783207100007
              ],
              [
                14.82350787300004,
                46.54443765900004
              ],
              [
                14.826454439000031,
                46.54187209200006
              ],
              [
                14.829332756000042,
                46.53936594800007
              ],
              [
                14.825334712000029,
                46.53643637300007
              ],
              [
                14.822750187000054,
                46.534542556000076
              ],
              [
                14.82408905400007,
                46.53038931800006
              ],
              [
                14.824444331000052,
                46.52928722900003
              ],
              [
                14.82364887500006,
                46.52825246700007
              ],
              [
                14.818562798000073,
                46.52163628400007
              ],
              [
                14.81860583200006,
                46.50938302600008
              ],
              [
                14.78443298700006,
                46.499904247000075
              ],
              [
                14.776282177000041,
                46.503906147000066
              ],
              [
                14.775255421000054,
                46.504410266000036
              ],
              [
                14.759036093000077,
                46.504378667000026
              ],
              [
                14.753080527000066,
                46.50090374500007
              ],
              [
                14.749066793000054,
                46.49856183300005
              ],
              [
                14.746603638000067,
                46.50006560500003
              ],
              [
                14.739877415000024,
                46.50417200900006
              ],
              [
                14.734865915000057,
                46.49854668900008
              ],
              [
                14.729499872000076,
                46.49252340100003
              ],
              [
                14.720234936000054,
                46.496653372000026
              ],
              [
                14.71505544200005,
                46.49896220200003
              ],
              [
                14.71120154700003,
                46.48771023000006
              ],
              [
                14.709286014000043,
                46.48211757200005
              ],
              [
                14.70637355100007,
                46.48030213700008
              ],
              [
                14.698676550000073,
                46.47550434000004
              ],
              [
                14.699816061000035,
                46.470240302000036
              ],
              [
                14.700810524000076,
                46.465646322000055
              ],
              [
                14.69522583500003,
                46.46377461900005
              ],
              [
                14.68841315800006,
                46.465251797000064
              ],
              [
                14.682347425000046,
                46.466567017000045
              ],
              [
                14.676864257000034,
                46.46165446400005
              ],
              [
                14.678383591000056,
                46.457043300000066
              ],
              [
                14.674706775000061,
                46.45066036400004
              ],
              [
                14.630712759000062,
                46.43952538100007
              ],
              [
                14.597760365000056,
                46.43665875200003
              ],
              [
                14.587054402000035,
                46.42935949500003
              ],
              [
                14.583677171000033,
                46.41788986100005
              ],
              [
                14.588988314000062,
                46.41174479600005
              ],
              [
                14.587220547000072,
                46.396103167000035
              ],
              [
                14.578838091000023,
                46.37814892500006
              ],
              [
                14.565175357000044,
                46.372453491000044
              ],
              [
                14.558632555000031,
                46.37538445600006
              ],
              [
                14.556576026000073,
                46.37814892500006
              ],
              [
                14.555967728000041,
                46.38355089800007
              ],
              [
                14.55554623200004,
                46.387293974000045
              ],
              [
                14.539362292000021,
                46.41148098600007
              ],
              [
                14.530381050000074,
                46.416233041000055
              ],
              [
                14.520900072000074,
                46.42636689200003
              ],
              [
                14.505592214000046,
                46.42387186700006
              ],
              [
                14.495676175000028,
                46.416821654000046
              ],
              [
                14.491127179000046,
                46.413587359000076
              ],
              [
                14.478980642000067,
                46.414660998000045
              ],
              [
                14.476925596000058,
                46.41659135300006
              ],
              [
                14.47279412000006,
                46.420472148000044
              ],
              [
                14.44196144600005,
                46.423780943000054
              ],
              [
                14.44068967100003,
                46.428364112000054
              ],
              [
                14.439960997000071,
                46.42891876200008
              ],
              [
                14.431138445000045,
                46.43563428700003
              ],
              [
                14.43581451800003,
                46.43956829800004
              ],
              [
                14.437823411000068,
                46.441258392000066
              ],
              [
                14.434500307000064,
                46.44294363000006
              ],
              [
                14.429242488000057,
                46.446428989000026
              ],
              [
                14.409207268000046,
                46.445321670000055
              ],
              [
                14.381262721000041,
                46.43932595700005
              ],
              [
                14.344407692000061,
                46.43707546300004
              ],
              [
                14.32880041900006,
                46.431421614000044
              ],
              [
                14.31034188700005,
                46.43093831600004
              ],
              [
                14.299005960000045,
                46.438529954000046
              ],
              [
                14.283199873000058,
                46.443498057000056
              ],
              [
                14.237185443000044,
                46.43223599100003
              ],
              [
                14.219268601000067,
                46.44281172400008
              ],
              [
                14.205732159000036,
                46.43960400800006
              ],
              [
                14.191100091000067,
                46.44392686500004
              ],
              [
                14.174222918000055,
                46.43376891400004
              ],
              [
                14.160954291000053,
                46.435686747000034
              ],
              [
                14.153396347000069,
                46.43677916400003
              ],
              [
                14.150887915000055,
                46.44230819400008
              ],
              [
                14.136299915000052,
                46.450379517000044
              ],
              [
                14.134552033000034,
                46.458825611000066
              ],
              [
                14.120463594000057,
                46.47630054200005
              ],
              [
                14.111434375000044,
                46.478804565000075
              ],
              [
                14.10093491400005,
                46.48008328600008
              ],
              [
                14.095742740000048,
                46.48384693200006
              ],
              [
                14.041117132000068,
                46.49274305400007
              ],
              [
                14.021067200000061,
                46.48218038700003
              ],
              [
                14.006514960000061,
                46.48135987500007
              ],
              [
                13.975636067000039,
                46.49826660600007
              ],
              [
                13.96718340800004,
                46.498270363000074
              ],
              [
                13.943236950000028,
                46.51107491500005
              ],
              [
                13.912911415000053,
                46.52076245600006
              ],
              [
                13.902225809000072,
                46.51928122600003
              ],
              [
                13.900667611000074,
                46.51906523000008
              ],
              [
                13.899927063000064,
                46.519187558000056
              ],
              [
                13.890672204000055,
                46.52071632600007
              ],
              [
                13.882453487000078,
                46.52207393800006
              ],
              [
                13.867985223000062,
                46.51788600400005
              ],
              [
                13.85450118500006,
                46.51398296100007
              ],
              [
                13.839203994000059,
                46.51671323800008
              ],
              [
                13.832756196000048,
                46.517864055000075
              ],
              [
                13.82688685000005,
                46.51459224200005
              ],
              [
                13.813026879000063,
                46.50686613000005
              ],
              [
                13.798941592000062,
                46.50654097000006
              ],
              [
                13.79228617800004,
                46.506913584000074
              ],
              [
                13.788646386000039,
                46.509290545000056
              ],
              [
                13.777255063000041,
                46.51672963400006
              ],
              [
                13.765840624000077,
                46.51495170700008
              ],
              [
                13.754327456000055,
                46.51772848100006
              ],
              [
                13.743699556000024,
                46.51738692600003
              ],
              [
                13.738853347000031,
                46.51723118100006
              ],
              [
                13.734182231000034,
                46.51910130500005
              ],
              [
                13.724910557000044,
                46.52281330500006
              ],
              [
                13.720030674000043,
                46.522763319000035
              ],
              [
                13.71418508100004,
                46.52270344000004
              ],
              [
                13.676337505000049,
                46.522494652000034
              ],
              [
                13.663763366000069,
                46.52704506300006
              ],
              [
                13.62189451300003,
                46.54219683400004
              ],
              [
                13.592415125000059,
                46.54589182400008
              ],
              [
                13.581073057000026,
                46.54111555700007
              ],
              [
                13.574762541000041,
                46.53845813100003
              ],
              [
                13.570039889000043,
                46.54008315200008
              ],
              [
                13.566536289000055,
                46.54516627600003
              ],
              [
                13.566419191000023,
                46.54533616500004
              ],
              [
                13.562729795000052,
                46.55068884600007
              ],
              [
                13.545913176000056,
                46.553394301000026
              ],
              [
                13.533686526000054,
                46.550343259000044
              ],
              [
                13.519894327000031,
                46.54690155000003
              ],
              [
                13.514850379000052,
                46.548739013000045
              ],
              [
                13.506515246000049,
                46.55640712500008
              ],
              [
                13.504249360000074,
                46.566303849000064
              ],
              [
                13.472776580000072,
                46.55744985800004
              ],
              [
                13.423484875000042,
                46.55857501300005
              ],
              [
                13.408548475000032,
                46.561762980000026
              ],
              [
                13.40794253100006,
                46.565510749000055
              ],
              [
                13.407061996000039,
                46.57095687300006
              ],
              [
                13.388643668000043,
                46.576415644000065
              ],
              [
                13.372988483000029,
                46.578642666000064
              ],
              [
                13.36917427700007,
                46.574287112000036
              ],
              [
                13.369233735000023,
                46.573568108000075
              ],
              [
                13.369694801000037,
                46.56799265800004
              ],
              [
                13.362892282000075,
                46.57006536500006
              ],
              [
                13.353943703000027,
                46.56749668000003
              ],
              [
                13.352351421000037,
                46.567039616000045
              ],
              [
                13.343491576000076,
                46.56890279800007
              ],
              [
                13.327116425000042,
                46.556843995000065
              ],
              [
                13.320895566000047,
                46.55226290000007
              ],
              [
                13.308524551000062,
                46.55429188800008
              ],
              [
                13.308503306000034,
                46.55430253800006
              ],
              [
                13.297437998000078,
                46.55984950800007
              ],
              [
                13.284053712000059,
                46.55837658300004
              ],
              [
                13.27126019000002,
                46.560882621000076
              ],
              [
                13.260736763000068,
                46.557868864000056
              ],
              [
                13.251221078000071,
                46.559800755000026
              ],
              [
                13.243404842000075,
                46.55508191500007
              ],
              [
                13.239470133000054,
                46.552706442000044
              ],
              [
                13.23256684100005,
                46.55362058900005
              ],
              [
                13.231229703000054,
                46.55886418100005
              ],
              [
                13.230903799000032,
                46.56014221500004
              ],
              [
                13.218055634000052,
                46.56947232700003
              ],
              [
                13.203336101000048,
                46.572244899000054
              ],
              [
                13.201625110000066,
                46.572177037000074
              ],
              [
                13.195280374000049,
                46.571925391000036
              ],
              [
                13.18040893500006,
                46.57771813900007
              ],
              [
                13.169774910000058,
                46.58488671300006
              ],
              [
                13.169231319000062,
                46.58674416500003
              ],
              [
                13.16860052900006,
                46.58889957700006
              ],
              [
                13.160799605000022,
                46.58855171300007
              ],
              [
                13.145951489000026,
                46.58788959700007
              ],
              [
                13.103575061000072,
                46.59517554400003
              ],
              [
                13.092065167000044,
                46.59955953100007
              ],
              [
                13.08760630200004,
                46.60125786100008
              ],
              [
                13.080350582000051,
                46.60051310600005
              ],
              [
                13.070636320000062,
                46.59951599800007
              ],
              [
                13.056068147000076,
                46.597593569000026
              ],
              [
                13.032229441000027,
                46.59631033100004
              ],
              [
                13.022417365000024,
                46.601365196000074
              ],
              [
                13.007859034000035,
                46.59973220900008
              ],
              [
                13.000218286000063,
                46.60210537700004
              ],
              [
                12.988162859000056,
                46.59968272000003
              ],
              [
                12.970315736000032,
                46.60327219000004
              ],
              [
                12.956815217000042,
                46.60598745800007
              ],
              [
                12.949961374000054,
                46.60378256900003
              ],
              [
                12.947414421000076,
                46.60296321100003
              ],
              [
                12.94503279600002,
                46.60390615100005
              ],
              [
                12.928944130000048,
                46.61027602300004
              ],
              [
                12.890212026000029,
                46.60722356000008
              ],
              [
                12.888080415000047,
                46.60664060700003
              ],
              [
                12.866441825000038,
                46.60930780100006
              ],
              [
                12.856955482000046,
                46.60611465800008
              ],
              [
                12.853393082000025,
                46.60491553900005
              ],
              [
                12.841108960000042,
                46.60697776100005
              ],
              [
                12.834356408000076,
                46.610609675000035
              ],
              [
                12.834915274000025,
                46.61850526500007
              ],
              [
                12.835552563000022,
                46.627508797000075
              ],
              [
                12.830026246000045,
                46.63065164200003
              ],
              [
                12.824589746000072,
                46.62965088800007
              ],
              [
                12.819440203000056,
                46.62870295700003
              ],
              [
                12.807852309000054,
                46.631757090000065
              ],
              [
                12.800367268000059,
                46.63744920700003
              ],
              [
                12.797164185000042,
                46.63988504200006
              ],
              [
                12.793742236000071,
                46.642487317000075
              ],
              [
                12.776962669000056,
                46.64632549800007
              ],
              [
                12.757039629000076,
                46.64711870700006
              ],
              [
                12.748457656000028,
                46.64318056600007
              ],
              [
                12.746411696000052,
                46.64078935400005
              ],
              [
                12.743348163000064,
                46.63720885500004
              ],
              [
                12.731393018000063,
                46.63428810100004
              ],
              [
                12.724883270000078,
                46.640879615000074
              ],
              [
                12.715524494000022,
                46.648882152000056
              ],
              [
                12.700325895000049,
                46.65144003700004
              ],
              [
                12.690635196000073,
                46.656972041000074
              ],
              [
                12.68554105800007,
                46.67945429100007
              ],
              [
                12.689427669000054,
                46.686504626000044
              ],
              [
                12.692094460000021,
                46.691342201000055
              ],
              [
                12.69224067600004,
                46.69160743700007
              ],
              [
                12.693233423000038,
                46.700643487000036
              ],
              [
                12.711642114000028,
                46.70309969900006
              ],
              [
                12.718446226000026,
                46.70400754900004
              ],
              [
                12.714144599000065,
                46.70998616800006
              ],
              [
                12.710429550000072,
                46.715149530000076
              ],
              [
                12.712242980000042,
                46.73524058600003
              ],
              [
                12.724883270000078,
                46.742862814000034
              ],
              [
                12.731488424000077,
                46.74197151700008
              ],
              [
                12.73708434100007,
                46.741216406000035
              ],
              [
                12.742225185000052,
                46.744006229000036
              ],
              [
                12.747334652000063,
                46.74677902500008
              ],
              [
                12.796389674000068,
                46.75472943200003
              ],
              [
                12.800367268000059,
                46.75495216000007
              ],
              [
                12.809925005000025,
                46.75548735000007
              ],
              [
                12.811648778000063,
                46.753258137000046
              ],
              [
                12.814514264000024,
                46.74955244200004
              ],
              [
                12.842527966000034,
                46.74983811800007
              ],
              [
                12.848260087000028,
                46.75401158900007
              ],
              [
                12.856958294000037,
                46.76034462100006
              ],
              [
                12.869311453000023,
                46.76228826500005
              ],
              [
                12.877218647000063,
                46.76353238100006
              ],
              [
                12.889431256000023,
                46.77019868200006
              ],
              [
                12.90001423700005,
                46.77597544400004
              ],
              [
                12.907588630000078,
                46.77177768200005
              ],
              [
                12.918353103000072,
                46.76581196500007
              ],
              [
                12.931654783000056,
                46.764451191000035
              ],
              [
                12.944652095000038,
                46.770190573000036
              ],
              [
                12.95206495900004,
                46.78065013200006
              ],
              [
                12.964477556000077,
                46.78674772900007
              ],
              [
                12.963967366000077,
                46.79864238400006
              ],
              [
                12.925231170000075,
                46.81479644500007
              ],
              [
                12.906155657000056,
                46.82275146000006
              ],
              [
                12.895627956000055,
                46.825807947000044
              ],
              [
                12.890271240000061,
                46.83500815700006
              ],
              [
                12.885971279000046,
                46.84239338200007
              ],
              [
                12.85269938700003,
                46.85672992500008
              ],
              [
                12.842155521000052,
                46.861273177000044
              ],
              [
                12.841691582000067,
                46.87757427200006
              ],
              [
                12.841277647000027,
                46.892118425000035
              ],
              [
                12.837316697000063,
                46.89618657900007
              ],
              [
                12.83224887700004,
                46.90139155900005
              ],
              [
                12.834908229000064,
                46.90643305000003
              ],
              [
                12.83740412900005,
                46.911164676000055
              ],
              [
                12.822109350000062,
                46.91749852700008
              ],
              [
                12.808115533000034,
                46.922459882000055
              ],
              [
                12.800367268000059,
                46.92443973700006
              ],
              [
                12.800209910000035,
                46.92447994500003
              ],
              [
                12.793197253000073,
                46.92627183700006
              ],
              [
                12.783904574000076,
                46.933466311000075
              ],
              [
                12.784081792000052,
                46.934238976000074
              ],
              [
                12.785368027000061,
                46.939846921000026
              ],
              [
                12.768440450000071,
                46.946854501000075
              ],
              [
                12.763120035000043,
                46.94905701600004
              ],
              [
                12.761662336000029,
                46.952321390000066
              ],
              [
                12.758866228000045,
                46.958582997000065
              ],
              [
                12.751950928000042,
                46.96015412600008
              ],
              [
                12.747335960000044,
                46.96120262900007
              ],
              [
                12.740958298000066,
                46.96932615900005
              ],
              [
                12.738006086000041,
                46.97806911100008
              ],
              [
                12.737155682000036,
                46.98058757600006
              ],
              [
                12.734962110000026,
                46.98302561200006
              ],
              [
                12.724642611000036,
                46.994495176000044
              ],
              [
                12.733727447000035,
                47.00228989300007
              ],
              [
                12.734319225000036,
                47.002797634000046
              ],
              [
                12.734474142000067,
                47.00323428000007
              ],
              [
                12.738115180000023,
                47.01349684500008
              ],
              [
                12.753902769000035,
                47.02780675000008
              ],
              [
                12.768579244000023,
                47.04110953900005
              ],
              [
                12.760896251000077,
                47.04431717500006
              ],
              [
                12.735139537000066,
                47.044750158000056
              ],
              [
                12.716362420000053,
                47.04506581100003
              ],
              [
                12.71110260000006,
                47.04968823300004
              ],
              [
                12.705021758000044,
                47.061849883000036
              ],
              [
                12.700783428000022,
                47.07032652100003
              ],
              [
                12.676145082000062,
                47.08933243400003
              ],
              [
                12.656082919000028,
                47.099700975000076
              ],
              [
                12.671505509000042,
                47.109095284000034
              ],
              [
                12.668149007000068,
                47.11738425500005
              ],
              [
                12.666192090000038,
                47.12221691500008
              ],
              [
                12.676781168000048,
                47.122269319000054
              ],
              [
                12.703664930000059,
                47.12240236200006
              ],
              [
                12.715308243000038,
                47.12722346100003
              ],
              [
                12.724883270000078,
                47.13118815400003
              ],
              [
                12.731221210000058,
                47.13127043500003
              ],
              [
                12.732399861000033,
                47.12110222200005
              ],
              [
                12.734329432000038,
                47.10445583100005
              ],
              [
                12.737552150000056,
                47.10107843000003
              ]
            ]
          ]
        ]
      }
    },
    {
      "type": "Feature",
      "properties": {
        "NUTS_ID": "AT22",
        "LEVL_CODE": 2,
        "CNTR_CODE": "AT",
        "NAME_LATN": "Steiermark",
        "NUTS_NAME": "Steiermark",
        "MOUNT_TYPE": null,
        "URBN_TYPE": null,
        "COAST_TYPE": null,
        "NAME_ENGL": "Austria",
        "NAME_FREN": "Autriche",
        "ISO3_CODE": "AUT",
        "SVRG_UN": "UN Member State",
        "CAPT": "Vienna",
        "EU_STAT": "T",
        "EFTA_STAT": "F",
        "CC_STAT": "F",
        "NAME_GERM": "Österreich",
        "region_id": "austria_styria",
        "region_code": "AT22",
        "region_name": "Steiermark",
        "source_dataset": "Eurostat GISCO NUTS 2024",
        "geometry_version": "NUTS 2024 / 1:1M / EPSG:4326",
        "source_url": "https://gisco-services.ec.europa.eu/distribution/v2/nuts/geojson/NUTS_RG_01M_2024_4326_LEVL_2.geojson",
        "attribution": "European Commission - Eurostat/GISCO"
      },
      "geometry": {
        "type": "MultiPolygon",
        "coordinates": [
          [
            [
              [
                15.375179722000041,
                47.82370891200003
              ],
              [
                15.385599800000023,
                47.817459152000026
              ],
              [
                15.385989792000032,
                47.81722524200006
              ],
              [
                15.39280664000006,
                47.81313662900004
              ],
              [
                15.397206021000045,
                47.81314862900007
              ],
              [
                15.404594618000033,
                47.81316878200005
              ],
              [
                15.404402277000031,
                47.80627154100006
              ],
              [
                15.404200495000055,
                47.79903574100007
              ],
              [
                15.412354701000027,
                47.78544196200005
              ],
              [
                15.423496648000025,
                47.78525560700007
              ],
              [
                15.430212981000068,
                47.788063356000066
              ],
              [
                15.436650092000036,
                47.79075437700004
              ],
              [
                15.444012453000028,
                47.781220733000055
              ],
              [
                15.451171017000036,
                47.77195099000005
              ],
              [
                15.461118867000039,
                47.76928800600007
              ],
              [
                15.471960849000027,
                47.77022718900008
              ],
              [
                15.474710386000027,
                47.77046536700004
              ],
              [
                15.506980855000052,
                47.767142842000055
              ],
              [
                15.516690919000041,
                47.76227980800007
              ],
              [
                15.513322617000028,
                47.75689428900006
              ],
              [
                15.510119643000053,
                47.751773109000055
              ],
              [
                15.515702877000024,
                47.74637488700006
              ],
              [
                15.53845655300006,
                47.74791822000003
              ],
              [
                15.549858370000038,
                47.74869158100006
              ],
              [
                15.551822581000067,
                47.74818902900006
              ],
              [
                15.561457202000042,
                47.745723971000075
              ],
              [
                15.570863164000059,
                47.748574811000026
              ],
              [
                15.571396745000072,
                47.748736533000056
              ],
              [
                15.611218034000046,
                47.750853644000074
              ],
              [
                15.617744334000065,
                47.74320937200008
              ],
              [
                15.626557017000039,
                47.73050819900004
              ],
              [
                15.636463639000056,
                47.71623039900004
              ],
              [
                15.641654050000056,
                47.71641746700004
              ],
              [
                15.652971206000075,
                47.71682534900003
              ],
              [
                15.671827151000059,
                47.70862852500005
              ],
              [
                15.674791644000038,
                47.70428922700006
              ],
              [
                15.677571587000045,
                47.70022006600004
              ],
              [
                15.688454232000026,
                47.70384944800003
              ],
              [
                15.690030424000042,
                47.70437511100005
              ],
              [
                15.697613414000045,
                47.71183368800007
              ],
              [
                15.71928641900007,
                47.70981293400007
              ],
              [
                15.717100403000074,
                47.70198269200006
              ],
              [
                15.715911349000066,
                47.69772353500008
              ],
              [
                15.720921382000029,
                47.68328392400008
              ],
              [
                15.728278721000038,
                47.66207904800007
              ],
              [
                15.726999671000044,
                47.653538524000055
              ],
              [
                15.725973425000063,
                47.64668603200005
              ],
              [
                15.73465376300004,
                47.64437286700007
              ],
              [
                15.742372046000071,
                47.642316073000075
              ],
              [
                15.745195498000044,
                47.63872427500007
              ],
              [
                15.744522231000076,
                47.63741481400007
              ],
              [
                15.742456247000064,
                47.633396610000034
              ],
              [
                15.74851874500007,
                47.631701511000074
              ],
              [
                15.771360294000033,
                47.63935920500006
              ],
              [
                15.779986391000023,
                47.642251128000055
              ],
              [
                15.787357156000041,
                47.63989816800006
              ],
              [
                15.800213257000053,
                47.63579413200006
              ],
              [
                15.816094477000036,
                47.63643762600003
              ],
              [
                15.823711825000032,
                47.636746275000064
              ],
              [
                15.828316873000063,
                47.63175043500007
              ],
              [
                15.829248489000065,
                47.63073976100003
              ],
              [
                15.840553013000033,
                47.618475913000054
              ],
              [
                15.853315513000041,
                47.61991775600006
              ],
              [
                15.857805562000067,
                47.62042501900004
              ],
              [
                15.861611912000058,
                47.61644449800008
              ],
              [
                15.858019726000066,
                47.606426258000056
              ],
              [
                15.854772831000048,
                47.60271649400005
              ],
              [
                15.849301324000066,
                47.59646498300003
              ],
              [
                15.848484365000047,
                47.59339992000008
              ],
              [
                15.84636398300006,
                47.58544469000003
              ],
              [
                15.847909268000024,
                47.56846854300005
              ],
              [
                15.863684313000022,
                47.567025208000075
              ],
              [
                15.86612669300007,
                47.56937687000004
              ],
              [
                15.868803704000072,
                47.57195444800004
              ],
              [
                15.877307460000054,
                47.57360581100005
              ],
              [
                15.890622679000046,
                47.57053188500004
              ],
              [
                15.902738943000031,
                47.56412212200007
              ],
              [
                15.905433300000027,
                47.559803145000046
              ],
              [
                15.905086961000052,
                47.55525592300006
              ],
              [
                15.904312392000065,
                47.545086310000045
              ],
              [
                15.913997702000074,
                47.53103087800008
              ],
              [
                15.919399174000034,
                47.53076075000007
              ],
              [
                15.920066400000053,
                47.530727382000066
              ],
              [
                15.922145570000055,
                47.53079954700007
              ],
              [
                15.927441635000037,
                47.52979833400008
              ],
              [
                15.938158624000039,
                47.527247499000055
              ],
              [
                15.941126797000038,
                47.52588300100007
              ],
              [
                15.945956671000033,
                47.522977946000026
              ],
              [
                15.949739645000022,
                47.520702576000076
              ],
              [
                15.953245716000026,
                47.518997916000046
              ],
              [
                15.955815336000057,
                47.518223144000046
              ],
              [
                15.958396443000026,
                47.518033581000054
              ],
              [
                15.963703418000023,
                47.51895989700006
              ],
              [
                15.974206416000072,
                47.520793164000054
              ],
              [
                15.993018110000037,
                47.51712933400006
              ],
              [
                16.00007213600003,
                47.515755468000066
              ],
              [
                16.00504988800003,
                47.51637800700007
              ],
              [
                16.013670215000047,
                47.51745610200004
              ],
              [
                16.023252375000027,
                47.514360698000075
              ],
              [
                16.038645004000045,
                47.50273503500006
              ],
              [
                16.04081095600003,
                47.49853938900003
              ],
              [
                16.04335373300006,
                47.49361379700008
              ],
              [
                16.053688366000074,
                47.48544331200003
              ],
              [
                16.06454597900006,
                47.48552793600004
              ],
              [
                16.064674274000026,
                47.491870307000056
              ],
              [
                16.064869745000067,
                47.501533583000025
              ],
              [
                16.071870903000047,
                47.503262455000026
              ],
              [
                16.07782970200003,
                47.50112311100003
              ],
              [
                16.079451731000063,
                47.50054076600003
              ],
              [
                16.080673621000074,
                47.50312336700006
              ],
              [
                16.081999499000062,
                47.50592575700006
              ],
              [
                16.087166627000045,
                47.508162887000026
              ],
              [
                16.089840147000075,
                47.50957059600006
              ],
              [
                16.09323078500006,
                47.511355896000055
              ],
              [
                16.093592864000072,
                47.51221005100007
              ],
              [
                16.098465417000057,
                47.52370455400006
              ],
              [
                16.109252440000034,
                47.523270523000065
              ],
              [
                16.114924393000024,
                47.51560085800003
              ],
              [
                16.114722818000075,
                47.51488021800003
              ],
              [
                16.113248052000074,
                47.50960787400004
              ],
              [
                16.117833263000023,
                47.51020902500005
              ],
              [
                16.120487871000023,
                47.51055706200003
              ],
              [
                16.118049324000026,
                47.505680823000034
              ],
              [
                16.113698355000054,
                47.49698041200003
              ],
              [
                16.118946379000022,
                47.48688029300007
              ],
              [
                16.119408624000073,
                47.485990677000075
              ],
              [
                16.11933295700004,
                47.47877836600003
              ],
              [
                16.119287023000027,
                47.47440003500003
              ],
              [
                16.119553367000037,
                47.47415901100004
              ],
              [
                16.125024461000066,
                47.46920804300004
              ],
              [
                16.132605202000036,
                47.46737867400003
              ],
              [
                16.136917371000038,
                47.460755617000075
              ],
              [
                16.133342851000066,
                47.45817939400007
              ],
              [
                16.133053648000043,
                47.45423207300007
              ],
              [
                16.132985061000056,
                47.45329593200006
              ],
              [
                16.140584328000045,
                47.44191430300003
              ],
              [
                16.171081083000047,
                47.42133756900006
              ],
              [
                16.16458086800003,
                47.42042753700008
              ],
              [
                16.140998297000067,
                47.41671256300003
              ],
              [
                16.126743738000073,
                47.41291782800005
              ],
              [
                16.11602747200004,
                47.41392961200006
              ],
              [
                16.115885941000045,
                47.413942975000055
              ],
              [
                16.102216209000062,
                47.41365921100004
              ],
              [
                16.101767539000036,
                47.407391793000045
              ],
              [
                16.105745339000066,
                47.40074664200006
              ],
              [
                16.108266284000024,
                47.39653525500006
              ],
              [
                16.09377597100007,
                47.39055476900006
              ],
              [
                16.084071581000046,
                47.39679144100006
              ],
              [
                16.088403750000055,
                47.40126944200006
              ],
              [
                16.093470182000033,
                47.40650642400004
              ],
              [
                16.084190962000037,
                47.40846014600004
              ],
              [
                16.068343907000042,
                47.40008797300004
              ],
              [
                16.065668346000052,
                47.396039521000034
              ],
              [
                16.06416699500005,
                47.39376779400004
              ],
              [
                16.064406705000067,
                47.38663673500008
              ],
              [
                16.05920396600004,
                47.383499338000036
              ],
              [
                16.044719900000075,
                47.38206451900004
              ],
              [
                16.02923105700006,
                47.38053016600003
              ],
              [
                16.032746687000042,
                47.37407702200005
              ],
              [
                16.033607652000057,
                47.37249666900004
              ],
              [
                16.028935388000036,
                47.371071663000066
              ],
              [
                16.027467944000023,
                47.370555498000044
              ],
              [
                16.017219754000052,
                47.36695075800003
              ],
              [
                16.021729073000074,
                47.36351879000006
              ],
              [
                16.026022539000053,
                47.36025110500003
              ],
              [
                16.03219223900004,
                47.355555450000054
              ],
              [
                16.050034762000053,
                47.33216881100003
              ],
              [
                16.050286801000027,
                47.328420050000034
              ],
              [
                16.05100890500006,
                47.317679672000054
              ],
              [
                16.056147916000043,
                47.31581508900007
              ],
              [
                16.05914802800004,
                47.314726560000054
              ],
              [
                16.05897122700003,
                47.31011894900007
              ],
              [
                16.059205965000046,
                47.30923842200008
              ],
              [
                16.065476674000024,
                47.28571633200005
              ],
              [
                16.075064888000043,
                47.274754245000054
              ],
              [
                16.07589525900005,
                47.27109544600006
              ],
              [
                16.078892033000045,
                47.26690139900006
              ],
              [
                16.081317720000072,
                47.263506602000064
              ],
              [
                16.081071890000032,
                47.26221338100004
              ],
              [
                16.080306114000052,
                47.25818490700004
              ],
              [
                16.08176900500007,
                47.25475260400003
              ],
              [
                16.087159107000048,
                47.242106094000064
              ],
              [
                16.086380508000047,
                47.23324401200006
              ],
              [
                16.083938669000077,
                47.22922212600008
              ],
              [
                16.08219044300006,
                47.226342670000065
              ],
              [
                16.093014324000023,
                47.20009647000006
              ],
              [
                16.091508961000045,
                47.198530394000045
              ],
              [
                16.09632443000004,
                47.19227982100006
              ],
              [
                16.10281059500005,
                47.18386065300007
              ],
              [
                16.109483117000025,
                47.166202578000025
              ],
              [
                16.11496955100006,
                47.14533527900005
              ],
              [
                16.11294573600003,
                47.133295959000066
              ],
              [
                16.106698060000042,
                47.11685626700006
              ],
              [
                16.10174567300004,
                47.114721220000035
              ],
              [
                16.095384917000047,
                47.111979004000034
              ],
              [
                16.091800876000036,
                47.10013153600005
              ],
              [
                16.093506132000073,
                47.092982334000055
              ],
              [
                16.08850668200006,
                47.088354406000065
              ],
              [
                16.08832400800003,
                47.073139909000076
              ],
              [
                16.09722135900006,
                47.06096710300005
              ],
              [
                16.09913427300006,
                47.06070551300007
              ],
              [
                16.106143205000023,
                47.05974704300007
              ],
              [
                16.110968472000025,
                47.04960086900007
              ],
              [
                16.11924452900007,
                47.04522424700008
              ],
              [
                16.120150111000044,
                47.04057422400007
              ],
              [
                16.117143320000025,
                47.03600165900008
              ],
              [
                16.115592680000077,
                47.033643529000074
              ],
              [
                16.123242540000035,
                47.026396154000054
              ],
              [
                16.130865653000058,
                47.012474404000045
              ],
              [
                16.13625913900006,
                47.009779595000055
              ],
              [
                16.138560363000067,
                47.00862980800008
              ],
              [
                16.139123416000075,
                47.00585053200007
              ],
              [
                16.139536572000054,
                47.003811162000034
              ],
              [
                16.141704993000076,
                47.00230926200004
              ],
              [
                16.146078603000035,
                46.99927999600004
              ],
              [
                16.154961548000074,
                46.99039733400008
              ],
              [
                16.137955248000026,
                46.99365748300005
              ],
              [
                16.129474022000068,
                46.99528335400004
              ],
              [
                16.122375783000052,
                46.98954124000005
              ],
              [
                16.118073043000038,
                46.98081798800007
              ],
              [
                16.111401501000046,
                46.97683509600006
              ],
              [
                16.107035860000053,
                46.964812582000036
              ],
              [
                16.095194131000028,
                46.954707376000044
              ],
              [
                16.095719659000054,
                46.94466723800008
              ],
              [
                16.09581563300003,
                46.942833660000076
              ],
              [
                16.092989601000056,
                46.93502734100008
              ],
              [
                16.081040348000045,
                46.93471802900007
              ],
              [
                16.069862400000034,
                46.93442868300008
              ],
              [
                16.062656005000065,
                46.92311632500008
              ],
              [
                16.06205156900006,
                46.918649155000026
              ],
              [
                16.06124234300006,
                46.91266845800004
              ],
              [
                16.054190685000037,
                46.909588678000034
              ],
              [
                16.052800234000074,
                46.90955844500007
              ],
              [
                16.045661388000042,
                46.90940322300003
              ],
              [
                16.03687025200003,
                46.90279234900004
              ],
              [
                16.03565972000007,
                46.897295376000045
              ],
              [
                16.034879727000032,
                46.89375346400004
              ],
              [
                16.02347400900004,
                46.88779755000007
              ],
              [
                16.020620094000037,
                46.88653537400006
              ],
              [
                16.013969119000024,
                46.883593907000034
              ],
              [
                16.009204918000023,
                46.87617220800007
              ],
              [
                16.00854889200002,
                46.868064024000034
              ],
              [
                16.007719486000042,
                46.857812944000045
              ],
              [
                16.001382767000052,
                46.84778739200004
              ],
              [
                16.004773407000073,
                46.84392515700006
              ],
              [
                15.996236035000038,
                46.83539866700005
              ],
              [
                15.986852289000069,
                46.82599518100005
              ],
              [
                15.988693768000076,
                46.81947510500004
              ],
              [
                15.993270728000027,
                46.81474325900007
              ],
              [
                15.996741333000045,
                46.81115520800006
              ],
              [
                15.995256228000073,
                46.80842052000003
              ],
              [
                15.993038119000062,
                46.804336069000044
              ],
              [
                15.993168207000053,
                46.801028994000035
              ],
              [
                15.993314261000023,
                46.79731602900006
              ],
              [
                15.993568198000048,
                46.79086049000006
              ],
              [
                15.989034107000066,
                46.774937066000064
              ],
              [
                15.989025325000057,
                46.75816569700004
              ],
              [
                15.985721220000073,
                46.75161953400004
              ],
              [
                15.99386669100005,
                46.73060664900004
              ],
              [
                16.00222601300004,
                46.72366538400007
              ],
              [
                16.004133831000047,
                46.717418784000074
              ],
              [
                16.014188568000066,
                46.71674831200005
              ],
              [
                16.021775813000033,
                46.711539479000066
              ],
              [
                16.028544581000062,
                46.71117689400006
              ],
              [
                16.029800377000072,
                46.700896226000054
              ],
              [
                16.03950354400007,
                46.69090183600008
              ],
              [
                16.04195926700004,
                46.68512490300003
              ],
              [
                16.038086133000036,
                46.65614554800004
              ],
              [
                16.03345232600003,
                46.65789416000007
              ],
              [
                16.010894588000042,
                46.66522202400006
              ],
              [
                16.002644631000067,
                46.67721410900003
              ],
              [
                15.996735004000072,
                46.681053279000025
              ],
              [
                15.96000364200006,
                46.687005842000076
              ],
              [
                15.955002746000048,
                46.68743855300005
              ],
              [
                15.95119201700004,
                46.687990487000036
              ],
              [
                15.947065142000042,
                46.68906658800006
              ],
              [
                15.934633681000037,
                46.69660242300006
              ],
              [
                15.914401948000034,
                46.70886670800007
              ],
              [
                15.877155492000043,
                46.71967114300003
              ],
              [
                15.831650549000074,
                46.72176381600008
              ],
              [
                15.802966723000054,
                46.715688345000046
              ],
              [
                15.786422178000066,
                46.70746935000005
              ],
              [
                15.770829304000074,
                46.69997547000003
              ],
              [
                15.752443759000073,
                46.69796886100005
              ],
              [
                15.740071451000063,
                46.69967157100007
              ],
              [
                15.737358632000053,
                46.69918076300007
              ],
              [
                15.720220745000063,
                46.69608014700003
              ],
              [
                15.696498745000042,
                46.69892947300008
              ],
              [
                15.68452676000004,
                46.70342514600003
              ],
              [
                15.675891414000034,
                46.70666785800006
              ],
              [
                15.653232482000021,
                46.70606087800007
              ],
              [
                15.651035247000038,
                46.705039086000056
              ],
              [
                15.651842313000031,
                46.70004790000007
              ],
              [
                15.652981278000027,
                46.69300412500007
              ],
              [
                15.639429370000073,
                46.69122167100005
              ],
              [
                15.631339901000047,
                46.681569479000075
              ],
              [
                15.622963370000036,
                46.67956765800005
              ],
              [
                15.614547802000061,
                46.68216937400007
              ],
              [
                15.605636526000069,
                46.68202758900003
              ],
              [
                15.603033589000063,
                46.68816287900006
              ],
              [
                15.597129289000065,
                46.68976576400007
              ],
              [
                15.588382594000052,
                46.683976105000056
              ],
              [
                15.570153555000047,
                46.68091016400007
              ],
              [
                15.55884278800005,
                46.67200276800003
              ],
              [
                15.546209889000068,
                46.670133683000074
              ],
              [
                15.552769262000027,
                46.65119971100006
              ],
              [
                15.544888023000055,
                46.646446198000035
              ],
              [
                15.549824691000026,
                46.640085432000035
              ],
              [
                15.54244211200006,
                46.62995108300004
              ],
              [
                15.536550935000037,
                46.63312429600006
              ],
              [
                15.520070185000066,
                46.621535331000075
              ],
              [
                15.514089608000063,
                46.62237893500003
              ],
              [
                15.512953501000027,
                46.620621336000056
              ],
              [
                15.510344055000076,
                46.61658442600003
              ],
              [
                15.505036975000053,
                46.61473667700005
              ],
              [
                15.494999539000048,
                46.61831551000006
              ],
              [
                15.488961496000059,
                46.62046836600007
              ],
              [
                15.482670565000035,
                46.616732101000025
              ],
              [
                15.476210928000057,
                46.61289564000003
              ],
              [
                15.46931726500003,
                46.61298997400007
              ],
              [
                15.463382823000074,
                46.61596425300007
              ],
              [
                15.463161682000077,
                46.62348089400007
              ],
              [
                15.455892783000024,
                46.63000690200005
              ],
              [
                15.455240723000031,
                46.63472365300004
              ],
              [
                15.45451160600004,
                46.63999780900008
              ],
              [
                15.445443160000025,
                46.640624125000045
              ],
              [
                15.436472837000053,
                46.64124366400006
              ],
              [
                15.424345999000025,
                46.64689754700004
              ],
              [
                15.423035266000056,
                46.64750864800004
              ],
              [
                15.422321608000061,
                46.65290775400007
              ],
              [
                15.419164200000068,
                46.654878272000076
              ],
              [
                15.401979532000041,
                46.65354840700007
              ],
              [
                15.382896419000076,
                46.65162412500007
              ],
              [
                15.358292165000023,
                46.65147501900003
              ],
              [
                15.351927086000046,
                46.65441277000008
              ],
              [
                15.342300589000047,
                46.65107477300006
              ],
              [
                15.335605919000045,
                46.653201987000045
              ],
              [
                15.320562773000063,
                46.64845347200003
              ],
              [
                15.308085661000064,
                46.65243004800004
              ],
              [
                15.294481842000039,
                46.65229567600005
              ],
              [
                15.278028858000027,
                46.64400529800008
              ],
              [
                15.26258176500005,
                46.64446993000007
              ],
              [
                15.236539809000021,
                46.63966677500008
              ],
              [
                15.197094794000066,
                46.646127800000045
              ],
              [
                15.182719851000058,
                46.65566698900005
              ],
              [
                15.176644500000066,
                46.655044505000035
              ],
              [
                15.16902105500003,
                46.65426340100004
              ],
              [
                15.160204495000073,
                46.65711361600006
              ],
              [
                15.14534591100005,
                46.65926757700004
              ],
              [
                15.137065885000027,
                46.65719061500005
              ],
              [
                15.135509011000067,
                46.65680008900006
              ],
              [
                15.129010975000028,
                46.65083895500004
              ],
              [
                15.113398239000048,
                46.65711631700003
              ],
              [
                15.113014384000053,
                46.65727065200008
              ],
              [
                15.108884682000053,
                46.65893106900006
              ],
              [
                15.089021947000049,
                46.65180892800004
              ],
              [
                15.082399692000024,
                46.64514489600003
              ],
              [
                15.065120557000057,
                46.65211265800008
              ],
              [
                15.062001777000035,
                46.65942687800003
              ],
              [
                15.04861276400004,
                46.66921936700004
              ],
              [
                15.043498328000055,
                46.66815554500005
              ],
              [
                15.035008723000033,
                46.66638967600005
              ],
              [
                15.022732071000064,
                46.671918375000075
              ],
              [
                15.028343020000023,
                46.678065907000075
              ],
              [
                15.029736319000051,
                46.67959245000003
              ],
              [
                15.031888553000044,
                46.688385545000074
              ],
              [
                15.036048035000022,
                46.705379384000025
              ],
              [
                15.038880469000048,
                46.708736230000056
              ],
              [
                15.043945415000053,
                46.71473892800003
              ],
              [
                15.04324882000003,
                46.72100939900008
              ],
              [
                15.038750136000033,
                46.72600780400006
              ],
              [
                15.036996746000057,
                46.72795596200007
              ],
              [
                15.037849468000047,
                46.728959141000075
              ],
              [
                15.042314998000052,
                46.73421258500008
              ],
              [
                15.033247102000075,
                46.74404032000007
              ],
              [
                15.031359894000047,
                46.746085666000056
              ],
              [
                15.031588979000048,
                46.749473711000064
              ],
              [
                15.031726848000062,
                46.751512717000026
              ],
              [
                15.030303312000058,
                46.753686627000036
              ],
              [
                15.026739669000051,
                46.75912873600004
              ],
              [
                15.027185105000058,
                46.76390446600004
              ],
              [
                15.027817648000052,
                46.77068624800006
              ],
              [
                15.004797587000041,
                46.77812579600004
              ],
              [
                14.99638159400007,
                46.78084564900007
              ],
              [
                14.976329068000041,
                46.78497357700007
              ],
              [
                14.97943129600003,
                46.801028994000035
              ],
              [
                14.980088217000059,
                46.80442885400004
              ],
              [
                14.987300987000026,
                46.81152785300003
              ],
              [
                14.991149739000036,
                46.822543395000025
              ],
              [
                14.996727842000041,
                46.82769888200005
              ],
              [
                15.003376504000073,
                46.83007863600005
              ],
              [
                15.012796861000027,
                46.83345046200003
              ],
              [
                15.017522402000054,
                46.844442472000026
              ],
              [
                15.012743199000056,
                46.85065433400007
              ],
              [
                15.007447703000025,
                46.85753726000007
              ],
              [
                15.008142414000076,
                46.87989513000008
              ],
              [
                15.011241149000057,
                46.88151665100003
              ],
              [
                15.011702959000047,
                46.88175830900008
              ],
              [
                15.01691510300003,
                46.88626886800006
              ],
              [
                15.026660161000052,
                46.90920913300005
              ],
              [
                15.017564364000066,
                46.920573286000035
              ],
              [
                15.001013683000053,
                46.93185656500003
              ],
              [
                14.993478122000056,
                46.93699386700007
              ],
              [
                14.989292286000023,
                46.94434979000005
              ],
              [
                14.978004844000054,
                46.96418562800005
              ],
              [
                14.959583986000041,
                46.98805966500004
              ],
              [
                14.950673091000056,
                46.992711609000025
              ],
              [
                14.924951217000057,
                46.99649777600007
              ],
              [
                14.907139534000066,
                46.999119592000056
              ],
              [
                14.897057468000071,
                47.00503579000008
              ],
              [
                14.886384870000029,
                47.01129851400003
              ],
              [
                14.873283351000055,
                47.02213887900007
              ],
              [
                14.861576956000022,
                47.02463078800008
              ],
              [
                14.856539693000059,
                47.025703056000054
              ],
              [
                14.847225257000048,
                47.033035529000074
              ],
              [
                14.840640587000053,
                47.04077052300005
              ],
              [
                14.842056550000052,
                47.04861333300005
              ],
              [
                14.828787586000033,
                47.04885339600003
              ],
              [
                14.821614338000074,
                47.04552993000004
              ],
              [
                14.810520882000048,
                47.04039017600007
              ],
              [
                14.794236506000061,
                47.03711263300005
              ],
              [
                14.774507690000064,
                47.03842459300006
              ],
              [
                14.769799516000035,
                47.03873768500006
              ],
              [
                14.731309815000031,
                47.02577540800007
              ],
              [
                14.726968290000059,
                47.02231496400003
              ],
              [
                14.727260712000032,
                47.02024391700007
              ],
              [
                14.727667723000025,
                47.01736130300003
              ],
              [
                14.719609244000026,
                47.01860534700006
              ],
              [
                14.709992457000055,
                47.02008995700004
              ],
              [
                14.699474484000064,
                47.017559438000035
              ],
              [
                14.698634283000047,
                47.01735729400008
              ],
              [
                14.696609384000055,
                47.01741060900008
              ],
              [
                14.665540466000039,
                47.01822864600007
              ],
              [
                14.628516726000043,
                47.01349455400003
              ],
              [
                14.621911788000034,
                47.00581393400006
              ],
              [
                14.615376096000034,
                46.99821383800003
              ],
              [
                14.592766620000077,
                47.00207783900004
              ],
              [
                14.588258731000053,
                47.00876983100005
              ],
              [
                14.585912117000078,
                47.01225339500007
              ],
              [
                14.546242905000042,
                47.01285066300005
              ],
              [
                14.530264486000021,
                47.01095951800005
              ],
              [
                14.517440992000047,
                47.00944177800005
              ],
              [
                14.504234159000077,
                47.01842581600005
              ],
              [
                14.504233700000043,
                47.01843663400007
              ],
              [
                14.50393060600004,
                47.02557910200005
              ],
              [
                14.498930580000035,
                47.026068562000034
              ],
              [
                14.47862914700005,
                47.01940459400004
              ],
              [
                14.477134712000066,
                47.016978487000074
              ],
              [
                14.471410441000046,
                47.00768554600006
              ],
              [
                14.470303434000073,
                47.010257367000065
              ],
              [
                14.464332059000071,
                47.01154092500008
              ],
              [
                14.458405191000054,
                47.01281491700007
              ],
              [
                14.458893229000068,
                47.00686528800003
              ],
              [
                14.459441982000044,
                47.00017549200004
              ],
              [
                14.453161951000027,
                46.99548555800004
              ],
              [
                14.448223377000033,
                46.99598690600004
              ],
              [
                14.436881716000073,
                46.997138273000076
              ],
              [
                14.429872494000051,
                47.00082094800007
              ],
              [
                14.429554081000049,
                46.996584435000045
              ],
              [
                14.405527,
                46.98797543300003
              ],
              [
                14.401402361000066,
                46.984213028000056
              ],
              [
                14.398283096000057,
                46.981367703000046
              ],
              [
                14.386648261000062,
                46.98110339300007
              ],
              [
                14.377405674000045,
                46.99509426700007
              ],
              [
                14.37917098400004,
                47.00508979700004
              ],
              [
                14.380980547000036,
                47.01533589500008
              ],
              [
                14.36419886300007,
                47.02463446200005
              ],
              [
                14.338357956000038,
                47.02483138600007
              ],
              [
                14.329949979000048,
                47.02897704500003
              ],
              [
                14.269340038000053,
                47.02742260500003
              ],
              [
                14.262223902000073,
                47.02724010000003
              ],
              [
                14.261287362000076,
                47.02775827100004
              ],
              [
                14.249489611000058,
                47.03428575200007
              ],
              [
                14.238925386000062,
                47.02869040200005
              ],
              [
                14.237633440000025,
                47.02800612200008
              ],
              [
                14.23501987000003,
                47.02588242300004
              ],
              [
                14.224069388000032,
                47.03810359000005
              ],
              [
                14.222898108000038,
                47.044235194000066
              ],
              [
                14.22186335400005,
                47.04965209300008
              ],
              [
                14.21576043500005,
                47.05738864700004
              ],
              [
                14.215265773000056,
                47.062291369000036
              ],
              [
                14.202653190000035,
                47.07666680500006
              ],
              [
                14.17957866100005,
                47.06296289200003
              ],
              [
                14.162831621000066,
                47.05301686100006
              ],
              [
                14.160954291000053,
                47.05358760900003
              ],
              [
                14.15023864400007,
                47.05684539400005
              ],
              [
                14.132935777000057,
                47.06210583500007
              ],
              [
                14.12520866500006,
                47.05682778200003
              ],
              [
                14.124153687000046,
                47.04982831500007
              ],
              [
                14.123236646000066,
                47.043744022000055
              ],
              [
                14.116871766000031,
                47.04208305800006
              ],
              [
                14.105442092000033,
                47.03910039800007
              ],
              [
                14.095742740000048,
                47.033599124000034
              ],
              [
                14.078656110000054,
                47.02201133800003
              ],
              [
                14.073053707000042,
                47.01479765300007
              ],
              [
                14.070887335000066,
                47.01200822000004
              ],
              [
                14.050229155000068,
                47.00457850300006
              ],
              [
                14.034187648000056,
                47.00628298100003
              ],
              [
                14.02789910000007,
                47.00695116600008
              ],
              [
                14.014514857000052,
                47.003730906000044
              ],
              [
                14.015819415000067,
                46.997301691000075
              ],
              [
                14.017622312000071,
                46.98841652300007
              ],
              [
                14.006946028000073,
                46.979769685000065
              ],
              [
                14.006283680000024,
                46.97923324200008
              ],
              [
                14.006227230000036,
                46.97834948500008
              ],
              [
                14.00573986300003,
                46.97071950900005
              ],
              [
                13.985946022000064,
                46.96629283500005
              ],
              [
                13.970046831000047,
                46.96273715700005
              ],
              [
                13.96718340800004,
                46.96187848300008
              ],
              [
                13.951510878000022,
                46.95717865600005
              ],
              [
                13.951046255000051,
                46.94955357200007
              ],
              [
                13.95071934400005,
                46.94418853600007
              ],
              [
                13.946626079000055,
                46.94161941400006
              ],
              [
                13.933009581000022,
                46.944552661000046
              ],
              [
                13.911460875000046,
                46.93411346900007
              ],
              [
                13.901047281000046,
                46.93376808700003
              ],
              [
                13.897081826000033,
                46.92785389100004
              ],
              [
                13.890672204000055,
                46.924320230000035
              ],
              [
                13.880953679000072,
                46.91896235200005
              ],
              [
                13.863700197000071,
                46.91900860800007
              ],
              [
                13.848715230000039,
                46.91071009400008
              ],
              [
                13.815500534000023,
                46.91870684200006
              ],
              [
                13.808368448000067,
                46.926611921000074
              ],
              [
                13.785393253000052,
                46.93850671600006
              ],
              [
                13.785132568000051,
                46.94404788600008
              ],
              [
                13.800656670000023,
                46.95070601200007
              ],
              [
                13.80289521700007,
                46.95090681800008
              ],
              [
                13.81184521800003,
                46.951709666000056
              ],
              [
                13.828641206000043,
                46.96272141900005
              ],
              [
                13.830337051000072,
                46.966715865000026
              ],
              [
                13.83297086500005,
                46.97291963500004
              ],
              [
                13.84260628100003,
                46.98038083100005
              ],
              [
                13.845289983000043,
                46.98794250700007
              ],
              [
                13.857912747000057,
                46.99330482100004
              ],
              [
                13.864308559000051,
                46.99602184500003
              ],
              [
                13.864993979000076,
                47.00731101500003
              ],
              [
                13.865812778000077,
                47.02079699300003
              ],
              [
                13.878115481000066,
                47.03565850700005
              ],
              [
                13.890672204000055,
                47.05082687500004
              ],
              [
                13.905797576000055,
                47.06909813900006
              ],
              [
                13.890672204000055,
                47.08648051500006
              ],
              [
                13.88724565800004,
                47.090418369000076
              ],
              [
                13.885126322000076,
                47.09179415300008
              ],
              [
                13.879937981000069,
                47.09516220800003
              ],
              [
                13.879369455000074,
                47.10021944400006
              ],
              [
                13.88324958100003,
                47.109035755000036
              ],
              [
                13.890672204000055,
                47.11185770900005
              ],
              [
                13.89681997200006,
                47.11419498500004
              ],
              [
                13.901105364000045,
                47.11582421800006
              ],
              [
                13.902987275000044,
                47.11737909800007
              ],
              [
                13.910148929000059,
                47.12329622900006
              ],
              [
                13.936596682000072,
                47.13533195400004
              ],
              [
                13.945211203000042,
                47.135371543000076
              ],
              [
                13.953503921000049,
                47.12871224700007
              ],
              [
                13.958593294000025,
                47.12462533200005
              ],
              [
                13.963932807000049,
                47.12566329600003
              ],
              [
                13.96718340800004,
                47.126295190000064
              ],
              [
                13.972428851000075,
                47.12731486800004
              ],
              [
                13.972467257000062,
                47.12731280400004
              ],
              [
                13.988205480000033,
                47.12646709300003
              ],
              [
                13.995103439000047,
                47.13242642600005
              ],
              [
                13.993420635000064,
                47.14214465200007
              ],
              [
                13.984858688000031,
                47.14499921400005
              ],
              [
                13.970214807000048,
                47.14988149800007
              ],
              [
                13.96718340800004,
                47.15258167300004
              ],
              [
                13.965126307000048,
                47.15441400600008
              ],
              [
                13.95653978200005,
                47.16206232800005
              ],
              [
                13.943468368000026,
                47.16657592000007
              ],
              [
                13.935843421000072,
                47.16838557300008
              ],
              [
                13.919529664000038,
                47.17225736900008
              ],
              [
                13.916555437000056,
                47.177588333000074
              ],
              [
                13.915536082000074,
                47.17941541000005
              ],
              [
                13.908473470000047,
                47.18391382600004
              ],
              [
                13.903822731000048,
                47.183663412000044
              ],
              [
                13.897716074000073,
                47.183334606000074
              ],
              [
                13.896466952000026,
                47.18589562300008
              ],
              [
                13.898845185000027,
                47.19092150200004
              ],
              [
                13.900935057000027,
                47.19533799200008
              ],
              [
                13.892927029000077,
                47.19941731100005
              ],
              [
                13.890672204000055,
                47.20056592700007
              ],
              [
                13.883043282000074,
                47.20445212900006
              ],
              [
                13.866743447000033,
                47.21619362900003
              ],
              [
                13.865525970000022,
                47.220101525000075
              ],
              [
                13.851093642000023,
                47.230127035000066
              ],
              [
                13.857095069000025,
                47.233990928000026
              ],
              [
                13.86729424200007,
                47.240557452000076
              ],
              [
                13.864372263000064,
                47.251693414000044
              ],
              [
                13.825172744000042,
                47.26785113900007
              ],
              [
                13.825623068000027,
                47.27310467800004
              ],
              [
                13.825766860000044,
                47.27478217200007
              ],
              [
                13.823778506000053,
                47.28959938300005
              ],
              [
                13.825526298000057,
                47.293137380000076
              ],
              [
                13.81653775500007,
                47.29557224700005
              ],
              [
                13.790863883000043,
                47.28796613600008
              ],
              [
                13.790094252000074,
                47.28115164600007
              ],
              [
                13.790083555000024,
                47.281140881000056
              ],
              [
                13.786112634000062,
                47.27714440700004
              ],
              [
                13.780828601000053,
                47.27478217200007
              ],
              [
                13.760662492000051,
                47.265766883000026
              ],
              [
                13.754124932000025,
                47.27113239300007
              ],
              [
                13.749677889000054,
                47.27478217200007
              ],
              [
                13.74660584000003,
                47.277303466000035
              ],
              [
                13.724672364000071,
                47.27764676600003
              ],
              [
                13.72076932400006,
                47.27478217200007
              ],
              [
                13.714274978000049,
                47.26938167700007
              ],
              [
                13.713474179000059,
                47.266905085000076
              ],
              [
                13.711365241000067,
                47.260382873000026
              ],
              [
                13.696332588000075,
                47.26021237900005
              ],
              [
                13.69420993600005,
                47.26287662300007
              ],
              [
                13.69200156900007,
                47.26564845200005
              ],
              [
                13.675741713000036,
                47.27305670900006
              ],
              [
                13.645616381000025,
                47.274233337000055
              ],
              [
                13.631564496000067,
                47.27478217200007
              ],
              [
                13.625758295000026,
                47.27887433500007
              ],
              [
                13.61991465400007,
                47.282992886000045
              ],
              [
                13.606840384000066,
                47.28329560700007
              ],
              [
                13.59871260500006,
                47.29367307900003
              ],
              [
                13.602145164000035,
                47.309803069000054
              ],
              [
                13.595149230000061,
                47.31557625200003
              ],
              [
                13.600876974000073,
                47.32810125200007
              ],
              [
                13.602570315000037,
                47.33180412300004
              ],
              [
                13.598102338000047,
                47.33998039900007
              ],
              [
                13.58523963700003,
                47.36351879000006
              ],
              [
                13.583009713000024,
                47.36759948900004
              ],
              [
                13.58036699400003,
                47.38255261200004
              ],
              [
                13.57143506400007,
                47.39367847300008
              ],
              [
                13.573014274000059,
                47.40057669600003
              ],
              [
                13.573756954000032,
                47.403820831000075
              ],
              [
                13.56905039000003,
                47.41015083800005
              ],
              [
                13.564158219000035,
                47.416730475000065
              ],
              [
                13.563694139000063,
                47.41797162200004
              ],
              [
                13.570949662000032,
                47.42464428100004
              ],
              [
                13.573338311000043,
                47.426841040000056
              ],
              [
                13.575295683000036,
                47.43288540400005
              ],
              [
                13.576788789000034,
                47.437496116000034
              ],
              [
                13.583176349000041,
                47.447829084000034
              ],
              [
                13.591086615000052,
                47.46062529000005
              ],
              [
                13.590591990000064,
                47.46963178300007
              ],
              [
                13.585584706000077,
                47.47399294200005
              ],
              [
                13.591898685000046,
                47.47415901200003
              ],
              [
                13.605722637000042,
                47.474522609000076
              ],
              [
                13.60928464500006,
                47.474880443000075
              ],
              [
                13.611309216000052,
                47.47415901200003
              ],
              [
                13.63320533700005,
                47.46635659800006
              ],
              [
                13.667692559000045,
                47.462971269000036
              ],
              [
                13.685916877000068,
                47.46339630700004
              ],
              [
                13.704189431000032,
                47.463822470000025
              ],
              [
                13.710878703000049,
                47.462097967000034
              ],
              [
                13.714469800000074,
                47.46117217800003
              ],
              [
                13.720030674000043,
                47.462174865000065
              ],
              [
                13.724655846000076,
                47.46300883500004
              ],
              [
                13.720030674000043,
                47.47070989300005
              ],
              [
                13.719213990000071,
                47.47206969800004
              ],
              [
                13.718316774000073,
                47.47356359100007
              ],
              [
                13.718458854000062,
                47.47415901200003
              ],
              [
                13.720030674000043,
                47.48074610400005
              ],
              [
                13.729679239000063,
                47.49112351900004
              ],
              [
                13.736876917000075,
                47.49505662200005
              ],
              [
                13.748962105000032,
                47.50166045900005
              ],
              [
                13.760394293000047,
                47.519554450000044
              ],
              [
                13.755137456000057,
                47.52333595600004
              ],
              [
                13.751319582000065,
                47.52608234400003
              ],
              [
                13.746399895000025,
                47.540091999000026
              ],
              [
                13.74730248000003,
                47.543357582000056
              ],
              [
                13.74991903700004,
                47.544465743000046
              ],
              [
                13.751384302000076,
                47.545086310000045
              ],
              [
                13.755394379000052,
                47.54678465400008
              ],
              [
                13.755218908000074,
                47.55211331600003
              ],
              [
                13.735723122000024,
                47.57597832000005
              ],
              [
                13.721313959000042,
                47.57587839900003
              ],
              [
                13.720030674000043,
                47.57586950000007
              ],
              [
                13.71331662700004,
                47.57582294000008
              ],
              [
                13.710469327000055,
                47.57928170200006
              ],
              [
                13.710029159000044,
                47.57981639600007
              ],
              [
                13.707226480000031,
                47.58029938400006
              ],
              [
                13.703230166000026,
                47.580988072000025
              ],
              [
                13.69387484300006,
                47.578978128000074
              ],
              [
                13.693625927000028,
                47.58990634500003
              ],
              [
                13.694560206000062,
                47.59220254500008
              ],
              [
                13.695047394000028,
                47.59339992000008
              ],
              [
                13.698716417000071,
                47.60241737000007
              ],
              [
                13.694861769000056,
                47.615891807000025
              ],
              [
                13.693031396000038,
                47.62229011900007
              ],
              [
                13.69455675000006,
                47.63073976100003
              ],
              [
                13.70192164100007,
                47.64155019800006
              ],
              [
                13.703717892000043,
                47.64418679600004
              ],
              [
                13.705290860000048,
                47.64976273000008
              ],
              [
                13.707116003000067,
                47.656232585000055
              ],
              [
                13.706992802000059,
                47.66353067400007
              ],
              [
                13.714355186000034,
                47.66781185700006
              ],
              [
                13.720030674000043,
                47.67111212000003
              ],
              [
                13.721734023000067,
                47.672102607000056
              ],
              [
                13.735440273000052,
                47.674135480000075
              ],
              [
                13.735190628000055,
                47.683420786000056
              ],
              [
                13.735161471000026,
                47.68450523400003
              ],
              [
                13.737399723000067,
                47.685075736000044
              ],
              [
                13.749442632000068,
                47.68814531900006
              ],
              [
                13.75479110300006,
                47.69810453700006
              ],
              [
                13.755173391000028,
                47.698816383000064
              ],
              [
                13.779566307000039,
                47.71808656500008
              ],
              [
                13.78559328700004,
                47.71564075500004
              ],
              [
                13.792647126000077,
                47.71277823500003
              ],
              [
                13.819208747000062,
                47.716262252000035
              ],
              [
                13.83525632900006,
                47.71836717100007
              ],
              [
                13.843002151000064,
                47.716702155000064
              ],
              [
                13.850082023000027,
                47.715180290000035
              ],
              [
                13.856191619000072,
                47.71920503900003
              ],
              [
                13.858187873000077,
                47.72267614700007
              ],
              [
                13.860894161000033,
                47.727381869000055
              ],
              [
                13.868973959000073,
                47.72432511300008
              ],
              [
                13.876357562000067,
                47.72561168400006
              ],
              [
                13.879030865000061,
                47.72235457200003
              ],
              [
                13.890672204000055,
                47.71955584700004
              ],
              [
                13.897078608000072,
                47.71801566600004
              ],
              [
                13.903015079000056,
                47.71730623800005
              ],
              [
                13.907234087000063,
                47.71152272900008
              ],
              [
                13.907878259000029,
                47.71063968400006
              ],
              [
                13.91820391500005,
                47.706203867000056
              ],
              [
                13.925755527000035,
                47.70689826800003
              ],
              [
                13.950754894000056,
                47.709197061000054
              ],
              [
                13.96546150000006,
                47.703911394000045
              ],
              [
                13.96718340800004,
                47.70329252700003
              ],
              [
                13.980970225000021,
                47.698337440000046
              ],
              [
                13.99525339400003,
                47.70167030500005
              ],
              [
                14.001030571000058,
                47.70301836300007
              ],
              [
                14.010662812000021,
                47.70051113400007
              ],
              [
                14.021955870000056,
                47.68989715200007
              ],
              [
                14.038246104000052,
                47.67916455300008
              ],
              [
                14.054040472000054,
                47.66875864900004
              ],
              [
                14.048972555000034,
                47.64340511000006
              ],
              [
                14.047687817000053,
                47.636977880000074
              ],
              [
                14.046801285000072,
                47.63073976100003
              ],
              [
                14.046420881000074,
                47.62806303200006
              ],
              [
                14.04925877900007,
                47.62639812700007
              ],
              [
                14.05302073100006,
                47.62419110800005
              ],
              [
                14.052488308000022,
                47.62238197500005
              ],
              [
                14.051099493000038,
                47.61766288500007
              ],
              [
                14.067822199000034,
                47.616679875000045
              ],
              [
                14.093326968000042,
                47.619928626000046
              ],
              [
                14.097730819000049,
                47.623420001000056
              ],
              [
                14.133068080000044,
                47.63073976100003
              ],
              [
                14.145774908000021,
                47.63672718300006
              ],
              [
                14.160954291000053,
                47.63718303600007
              ],
              [
                14.177550477000068,
                47.637681437000026
              ],
              [
                14.197062623000022,
                47.64758154900005
              ],
              [
                14.205850560000044,
                47.65204039100007
              ],
              [
                14.231701089000069,
                47.65083794600008
              ],
              [
                14.228482374000066,
                47.64627174300006
              ],
              [
                14.224467468000057,
                47.640576030000034
              ],
              [
                14.23280763400004,
                47.63073976100003
              ],
              [
                14.23404460100005,
                47.629280900000026
              ],
              [
                14.25675250100005,
                47.61271225300004
              ],
              [
                14.265353196000035,
                47.61086379200003
              ],
              [
                14.27412840200003,
                47.61260306200006
              ],
              [
                14.280483767000021,
                47.61386271200007
              ],
              [
                14.28854390500004,
                47.61111674000006
              ],
              [
                14.29615676800006,
                47.608523148000074
              ],
              [
                14.326194688000044,
                47.60754661900006
              ],
              [
                14.331124020000061,
                47.61276558000003
              ],
              [
                14.337515420000045,
                47.61953251500006
              ],
              [
                14.361440585000025,
                47.62901530100004
              ],
              [
                14.369209327000021,
                47.63073976100003
              ],
              [
                14.384163344000058,
                47.63405916600004
              ],
              [
                14.392483397000035,
                47.63590600300006
              ],
              [
                14.39501776700007,
                47.63850096200008
              ],
              [
                14.393987718000062,
                47.64241980000003
              ],
              [
                14.392895882000062,
                47.64657370800006
              ],
              [
                14.395010718000037,
                47.65018831100008
              ],
              [
                14.419575034000047,
                47.65634494600005
              ],
              [
                14.428053908000038,
                47.653863159000025
              ],
              [
                14.431999777000044,
                47.65270819400007
              ],
              [
                14.443311932000029,
                47.65563242300004
              ],
              [
                14.446092425000074,
                47.65874220500007
              ],
              [
                14.450677238000026,
                47.66386999000008
              ],
              [
                14.465707249000047,
                47.66859586400005
              ],
              [
                14.469645616000037,
                47.66983420200006
              ],
              [
                14.477566659000047,
                47.67455353100007
              ],
              [
                14.48862315100007,
                47.68114095000004
              ],
              [
                14.49637303000003,
                47.67974630900005
              ],
              [
                14.506788921000066,
                47.67787190200005
              ],
              [
                14.518509068000071,
                47.682463529000074
              ],
              [
                14.527460032000022,
                47.69400590200007
              ],
              [
                14.523308478000047,
                47.70080642900007
              ],
              [
                14.521405496000057,
                47.70392364200006
              ],
              [
                14.53356171200005,
                47.712509630000056
              ],
              [
                14.553384277000077,
                47.718680627000026
              ],
              [
                14.55708396700004,
                47.71809729000006
              ],
              [
                14.570502443000066,
                47.71598157600005
              ],
              [
                14.582922628000063,
                47.717564226000036
              ],
              [
                14.601516157000049,
                47.72728760100006
              ],
              [
                14.602612811000029,
                47.72786109000003
              ],
              [
                14.615933680000069,
                47.730658808000044
              ],
              [
                14.62817928800007,
                47.72840495300005
              ],
              [
                14.645603469000037,
                47.72519796100005
              ],
              [
                14.648714383000026,
                47.73024377100006
              ],
              [
                14.653506658000026,
                47.738016697000035
              ],
              [
                14.661803466000038,
                47.73863836800007
              ],
              [
                14.664699660000053,
                47.73885537700005
              ],
              [
                14.674617985000054,
                47.74320937200008
              ],
              [
                14.688726774000031,
                47.75590545600005
              ],
              [
                14.698486409000054,
                47.76468786400005
              ],
              [
                14.735609900000043,
                47.750889922000056
              ],
              [
                14.738545058000057,
                47.74742634000006
              ],
              [
                14.737841898000056,
                47.74320937200008
              ],
              [
                14.744411766000042,
                47.73820643700003
              ],
              [
                14.76198894600003,
                47.73258136800007
              ],
              [
                14.766950223000038,
                47.72650737600003
              ],
              [
                14.809064145000036,
                47.73820711400003
              ],
              [
                14.815238394000062,
                47.74143720700005
              ],
              [
                14.82102704700003,
                47.74446557400006
              ],
              [
                14.831904277000035,
                47.74304147300006
              ],
              [
                14.832304529000055,
                47.74205555100008
              ],
              [
                14.834097436000036,
                47.737639168000044
              ],
              [
                14.839540890000023,
                47.734869400000036
              ],
              [
                14.854549683000073,
                47.739677638000046
              ],
              [
                14.859156386000052,
                47.741153448000034
              ],
              [
                14.87056990900004,
                47.73317830000008
              ],
              [
                14.87523210300003,
                47.72197767900008
              ],
              [
                14.877846142000067,
                47.715697619000025
              ],
              [
                14.901950426000042,
                47.71115886200005
              ],
              [
                14.91480709900003,
                47.70792688500006
              ],
              [
                14.926381161000052,
                47.710498338000036
              ],
              [
                14.943945366000037,
                47.72544064400006
              ],
              [
                14.951897261000056,
                47.73220551900005
              ],
              [
                14.972894935000056,
                47.74213040400008
              ],
              [
                14.977476355000022,
                47.74174554500007
              ],
              [
                14.990199593000057,
                47.74067673700006
              ],
              [
                15.002660720000051,
                47.74320937200008
              ],
              [
                15.01570361000006,
                47.74562921200004
              ],
              [
                15.023298255000043,
                47.74922107100008
              ],
              [
                15.029703685000072,
                47.752250495000055
              ],
              [
                15.033794165000074,
                47.752670634000026
              ],
              [
                15.03926960800004,
                47.749851841000066
              ],
              [
                15.052172454000072,
                47.74320937200008
              ],
              [
                15.057245532000024,
                47.74026018200004
              ],
              [
                15.079734603000077,
                47.742057671000055
              ],
              [
                15.088096308000047,
                47.74081791900005
              ],
              [
                15.100310739000065,
                47.74320937200008
              ],
              [
                15.129851577000068,
                47.74700936200003
              ],
              [
                15.139005802000042,
                47.76013440000003
              ],
              [
                15.169372596000073,
                47.754636478000066
              ],
              [
                15.20058492000004,
                47.75456800900008
              ],
              [
                15.209623214000032,
                47.76374094700003
              ],
              [
                15.202517172000057,
                47.77448913100005
              ],
              [
                15.208437452000055,
                47.78664894100007
              ],
              [
                15.218029689000048,
                47.794099997000046
              ],
              [
                15.234733953000045,
                47.798062886000025
              ],
              [
                15.253462958000057,
                47.792546567000045
              ],
              [
                15.254818741000065,
                47.79245018800003
              ],
              [
                15.286469382000064,
                47.79020022800006
              ],
              [
                15.29415698500003,
                47.79992688300007
              ],
              [
                15.293642822000038,
                47.805799799000056
              ],
              [
                15.293393020000053,
                47.80865311500003
              ],
              [
                15.298555110000052,
                47.81722524200006
              ],
              [
                15.29967066200004,
                47.81907771900006
              ],
              [
                15.31392577500003,
                47.82203087700003
              ],
              [
                15.324183882000057,
                47.820950863000064
              ],
              [
                15.334879690000037,
                47.82692140800003
              ],
              [
                15.345135738000067,
                47.82589409800005
              ],
              [
                15.345819472000073,
                47.82567614200008
              ],
              [
                15.367140741000071,
                47.82424754900006
              ],
              [
                15.36736168300007,
                47.824232745000074
              ],
              [
                15.375179722000041,
                47.82370891200003
              ]
            ]
          ]
        ]
      }
    },
    {
      "type": "Feature",
      "properties": {
        "NUTS_ID": "AT31",
        "LEVL_CODE": 2,
        "CNTR_CODE": "AT",
        "NAME_LATN": "Oberösterreich",
        "NUTS_NAME": "Oberösterreich",
        "MOUNT_TYPE": null,
        "URBN_TYPE": null,
        "COAST_TYPE": null,
        "NAME_ENGL": "Austria",
        "NAME_FREN": "Autriche",
        "ISO3_CODE": "AUT",
        "SVRG_UN": "UN Member State",
        "CAPT": "Vienna",
        "EU_STAT": "T",
        "EFTA_STAT": "F",
        "CC_STAT": "F",
        "NAME_GERM": "Österreich",
        "region_id": "austria_upper_austria",
        "region_code": "AT31",
        "region_name": "Oberösterreich",
        "source_dataset": "Eurostat GISCO NUTS 2024",
        "geometry_version": "NUTS 2024 / 1:1M / EPSG:4326",
        "source_url": "https://gisco-services.ec.europa.eu/distribution/v2/nuts/geojson/NUTS_RG_01M_2024_4326_LEVL_2.geojson",
        "attribution": "European Commission - Eurostat/GISCO"
      },
      "geometry": {
        "type": "MultiPolygon",
        "coordinates": [
          [
            [
              [
                14.009373013000072,
                48.70236386400006
              ],
              [
                14.011314825000056,
                48.69550645400005
              ],
              [
                14.016534850000028,
                48.69621890600007
              ],
              [
                14.017437706000067,
                48.69199559600003
              ],
              [
                14.024654200000043,
                48.68873436800004
              ],
              [
                14.028699801000073,
                48.681908855000074
              ],
              [
                14.03572454600004,
                48.67797069800008
              ],
              [
                14.052813229000037,
                48.67487445000006
              ],
              [
                14.059283321000066,
                48.67370215300008
              ],
              [
                14.058607579000068,
                48.67155640500005
              ],
              [
                14.059639928000024,
                48.664723964000075
              ],
              [
                14.05392407100004,
                48.653917456000045
              ],
              [
                14.037033509000025,
                48.65332278500006
              ],
              [
                14.026702431000047,
                48.65295905600004
              ],
              [
                14.022241963000056,
                48.64565311400003
              ],
              [
                14.010569416000067,
                48.63965360600008
              ],
              [
                14.031632461000072,
                48.62755319300004
              ],
              [
                14.039726950000045,
                48.627522990000045
              ],
              [
                14.046640440000033,
                48.62749719400006
              ],
              [
                14.044929725000031,
                48.621865065000065
              ],
              [
                14.042193474000044,
                48.612856597000075
              ],
              [
                14.054273305000038,
                48.60538318000005
              ],
              [
                14.060256694000032,
                48.60513021600008
              ],
              [
                14.066740432000074,
                48.60485609800003
              ],
              [
                14.06728049000003,
                48.602862353000035
              ],
              [
                14.068833536000056,
                48.597128937000036
              ],
              [
                14.075997468000025,
                48.59957791100004
              ],
              [
                14.077546553000047,
                48.59954761900008
              ],
              [
                14.095532234000075,
                48.59919590900006
              ],
              [
                14.095697952000023,
                48.593686845000036
              ],
              [
                14.095742740000048,
                48.59219793300008
              ],
              [
                14.11449960400006,
                48.589389521000044
              ],
              [
                14.125408838000055,
                48.594267038000055
              ],
              [
                14.132089458000053,
                48.597253943000055
              ],
              [
                14.137309411000047,
                48.59576248700006
              ],
              [
                14.142826617000026,
                48.59418609900007
              ],
              [
                14.151499327000067,
                48.59510450500005
              ],
              [
                14.153871053000046,
                48.59535566100004
              ],
              [
                14.154984132000038,
                48.59465066200005
              ],
              [
                14.160954291000053,
                48.59086929800003
              ],
              [
                14.163533985000072,
                48.58923537800007
              ],
              [
                14.175425658000051,
                48.591212521000045
              ],
              [
                14.177077568000072,
                48.591773329000034
              ],
              [
                14.182100332000061,
                48.59347850900008
              ],
              [
                14.195033844000022,
                48.59226670400005
              ],
              [
                14.227946853000049,
                48.58514838000008
              ],
              [
                14.22805562600007,
                48.58512485500006
              ],
              [
                14.24155672300003,
                48.578067221000026
              ],
              [
                14.255790442000034,
                48.58140120200005
              ],
              [
                14.25697195600003,
                48.58136830300003
              ],
              [
                14.27039172800005,
                48.580994633000046
              ],
              [
                14.276082743000075,
                48.57691413600003
              ],
              [
                14.280471930000033,
                48.573767058000044
              ],
              [
                14.30699022500005,
                48.565404158000035
              ],
              [
                14.31021368100005,
                48.56438759800005
              ],
              [
                14.32378215600005,
                48.56330598400007
              ],
              [
                14.325841013000058,
                48.55838410500007
              ],
              [
                14.327312041000027,
                48.554867485000045
              ],
              [
                14.333208827000021,
                48.55182588500003
              ],
              [
                14.341414631000077,
                48.55468450800004
              ],
              [
                14.35199214000005,
                48.56285363300003
              ],
              [
                14.352519007000069,
                48.56671468500008
              ],
              [
                14.352812415000074,
                48.56886487100007
              ],
              [
                14.358545738000032,
                48.574514555000064
              ],
              [
                14.36473174300005,
                48.57533420900006
              ],
              [
                14.367488620000074,
                48.57237035700007
              ],
              [
                14.369605178000029,
                48.57009489600006
              ],
              [
                14.37894254500003,
                48.56944283300004
              ],
              [
                14.387450733000037,
                48.571914321000065
              ],
              [
                14.393656582000062,
                48.57747399200008
              ],
              [
                14.389326665000056,
                48.58533113100003
              ],
              [
                14.38576842200007,
                48.591787976000035
              ],
              [
                14.405249775000073,
                48.59310702100004
              ],
              [
                14.412008495000066,
                48.59195720000008
              ],
              [
                14.42934346800007,
                48.58900810500006
              ],
              [
                14.443557157000043,
                48.60414446400006
              ],
              [
                14.447575235000045,
                48.61816380500005
              ],
              [
                14.44819158000007,
                48.62031427200003
              ],
              [
                14.449699830000043,
                48.621633272000054
              ],
              [
                14.455120100000045,
                48.626373424000064
              ],
              [
                14.44991163800006,
                48.634472652000056
              ],
              [
                14.44458241500007,
                48.64275966400004
              ],
              [
                14.469370735000041,
                48.646399796000026
              ],
              [
                14.480599489000042,
                48.63708320200004
              ],
              [
                14.492846419000045,
                48.632150429000035
              ],
              [
                14.494939557000066,
                48.625636633000056
              ],
              [
                14.49596555100004,
                48.62244376600006
              ],
              [
                14.501625974000035,
                48.61841146900008
              ],
              [
                14.508050643000047,
                48.618867340000065
              ],
              [
                14.516587880000031,
                48.61947311100005
              ],
              [
                14.528949418000025,
                48.61475763400006
              ],
              [
                14.546172958000056,
                48.61423801900003
              ],
              [
                14.551782416000037,
                48.608775309000066
              ],
              [
                14.554882392000025,
                48.60575643100003
              ],
              [
                14.561718367000026,
                48.60434523600003
              ],
              [
                14.573522222000065,
                48.61181198700007
              ],
              [
                14.580557966000072,
                48.61626257900008
              ],
              [
                14.592117678000022,
                48.61921699000004
              ],
              [
                14.593598213000064,
                48.619595383000046
              ],
              [
                14.59394233300003,
                48.61994359700003
              ],
              [
                14.598861604000035,
                48.62492138600004
              ],
              [
                14.605592469000044,
                48.62803281500004
              ],
              [
                14.613367530000062,
                48.62621600300008
              ],
              [
                14.621299754000063,
                48.61324681000008
              ],
              [
                14.626737862000027,
                48.604355499000064
              ],
              [
                14.634834567000041,
                48.60633394600006
              ],
              [
                14.646397623000041,
                48.60915940400008
              ],
              [
                14.655020041000057,
                48.60232563100004
              ],
              [
                14.65937733800007,
                48.59298431500008
              ],
              [
                14.664367932000062,
                48.58228531600008
              ],
              [
                14.691013827000063,
                48.58430192900005
              ],
              [
                14.692850633000035,
                48.58072959300006
              ],
              [
                14.698963460000073,
                48.57975456300005
              ],
              [
                14.713126170000066,
                48.57749553100007
              ],
              [
                14.721964413000023,
                48.56659750700004
              ],
              [
                14.72425349100007,
                48.56377495300006
              ],
              [
                14.736038364000024,
                48.55790860500008
              ],
              [
                14.736905395000065,
                48.552664942000035
              ],
              [
                14.742476812000064,
                48.55281692500006
              ],
              [
                14.74639153000004,
                48.55778441700005
              ],
              [
                14.74966497500003,
                48.56193818100007
              ],
              [
                14.75869036000006,
                48.56416635000005
              ],
              [
                14.771584762000032,
                48.557183603000055
              ],
              [
                14.773049803000049,
                48.55639023500004
              ],
              [
                14.774915283000041,
                48.55710417600005
              ],
              [
                14.78230452300005,
                48.559932126000035
              ],
              [
                14.808715416000041,
                48.556154915000036
              ],
              [
                14.813750629000026,
                48.55155832100007
              ],
              [
                14.81643691100004,
                48.54910604100007
              ],
              [
                14.824008760000027,
                48.547535700000026
              ],
              [
                14.835955085000023,
                48.54505812800005
              ],
              [
                14.84196017100004,
                48.54049623900005
              ],
              [
                14.847681274000024,
                48.53615008400004
              ],
              [
                14.847080253000058,
                48.53015228400005
              ],
              [
                14.874013447000038,
                48.52792687700003
              ],
              [
                14.874899742000025,
                48.52785364500005
              ],
              [
                14.898432405000051,
                48.52200063200007
              ],
              [
                14.90986147500007,
                48.51576655300005
              ],
              [
                14.913101120000022,
                48.50775069000008
              ],
              [
                14.920809790000021,
                48.50566258100008
              ],
              [
                14.917371659000025,
                48.49965733800008
              ],
              [
                14.907802770000046,
                48.50093700200006
              ],
              [
                14.90314935300006,
                48.50155931100005
              ],
              [
                14.892153398000062,
                48.49949499600007
              ],
              [
                14.88780569100004,
                48.48939307000006
              ],
              [
                14.886644532000048,
                48.48669511000003
              ],
              [
                14.87816314500003,
                48.48316784100007
              ],
              [
                14.869262856000034,
                48.479466357000035
              ],
              [
                14.876155362000077,
                48.46579698100004
              ],
              [
                14.876559263000047,
                48.46499595700004
              ],
              [
                14.876870533000044,
                48.464378639000074
              ],
              [
                14.87417148700007,
                48.45934979400005
              ],
              [
                14.875690509000037,
                48.45624874100008
              ],
              [
                14.896102241000051,
                48.45062144800005
              ],
              [
                14.898672885000053,
                48.44991274900008
              ],
              [
                14.901063479000072,
                48.446972293000044
              ],
              [
                14.91113113700004,
                48.43458896200008
              ],
              [
                14.912040907000062,
                48.430258328000036
              ],
              [
                14.926829543000053,
                48.42438385400004
              ],
              [
                14.933360949000075,
                48.42321643000008
              ],
              [
                14.93959280200005,
                48.422102549000044
              ],
              [
                14.947379068000032,
                48.409752155000035
              ],
              [
                14.938206390000062,
                48.40494187100006
              ],
              [
                14.920124465000072,
                48.39545944900004
              ],
              [
                14.916202509000072,
                48.38976847300006
              ],
              [
                14.921723374000067,
                48.388894769000046
              ],
              [
                14.933043251000072,
                48.394037886000035
              ],
              [
                14.935090266000032,
                48.39496793500007
              ],
              [
                14.95635795000004,
                48.391322658000036
              ],
              [
                14.96300885200003,
                48.386402763000035
              ],
              [
                14.960269566000022,
                48.376482561000046
              ],
              [
                14.953049210000074,
                48.36454363200005
              ],
              [
                14.950397284000076,
                48.34182782400006
              ],
              [
                14.944966716000067,
                48.33171849200005
              ],
              [
                14.942395598000076,
                48.32379648600005
              ],
              [
                14.95873817000006,
                48.325299948000065
              ],
              [
                14.959978080000042,
                48.32541401600008
              ],
              [
                14.98302521100004,
                48.32041828300004
              ],
              [
                14.984162788000049,
                48.29913034000003
              ],
              [
                14.988594720000037,
                48.28053429800008
              ],
              [
                14.989337489000036,
                48.25652296900006
              ],
              [
                14.97650178300006,
                48.24852190000007
              ],
              [
                14.970907157000056,
                48.24503451900006
              ],
              [
                14.971378351000055,
                48.23873637000003
              ],
              [
                14.971719073000031,
                48.23418215800007
              ],
              [
                14.96824930200006,
                48.23276002500006
              ],
              [
                14.962211266000054,
                48.23028525400008
              ],
              [
                14.955963105000023,
                48.223393627000064
              ],
              [
                14.959421688000077,
                48.215899672000035
              ],
              [
                14.959623290000025,
                48.215462847000026
              ],
              [
                14.974563464000028,
                48.20452071500006
              ],
              [
                14.97418347200005,
                48.198377417000074
              ],
              [
                14.959520182000063,
                48.203597614000046
              ],
              [
                14.948712810000075,
                48.21880103900003
              ],
              [
                14.943985199000053,
                48.225451673000066
              ],
              [
                14.93610542600004,
                48.230590266000036
              ],
              [
                14.913535892000027,
                48.23233056000004
              ],
              [
                14.901303633000055,
                48.22971694700004
              ],
              [
                14.893455451000023,
                48.22804006100006
              ],
              [
                14.89061661900007,
                48.22977428400003
              ],
              [
                14.886267502000067,
                48.23243112900008
              ],
              [
                14.858256931000028,
                48.22563345800006
              ],
              [
                14.855659412000023,
                48.22217225500003
              ],
              [
                14.855859348000024,
                48.21791858300003
              ],
              [
                14.856162741000048,
                48.211463854000044
              ],
              [
                14.840559728000073,
                48.19341358300005
              ],
              [
                14.830823800000076,
                48.18899696200003
              ],
              [
                14.81783768200006,
                48.18924904000005
              ],
              [
                14.769042778000028,
                48.17898730200005
              ],
              [
                14.761591729000031,
                48.17715740400007
              ],
              [
                14.737679440000022,
                48.17423621100005
              ],
              [
                14.722637070000076,
                48.17695392300004
              ],
              [
                14.715313025000057,
                48.17827716100004
              ],
              [
                14.706888499000058,
                48.170265726000025
              ],
              [
                14.70653610000005,
                48.169309946000055
              ],
              [
                14.703715456000054,
                48.16165976600007
              ],
              [
                14.68824692800007,
                48.15643503600006
              ],
              [
                14.659363588000076,
                48.167956883000045
              ],
              [
                14.657092136000074,
                48.17131644400007
              ],
              [
                14.656884254000033,
                48.17162390900006
              ],
              [
                14.655213168000046,
                48.17204684700005
              ],
              [
                14.643214896000075,
                48.17508351300006
              ],
              [
                14.641667630000029,
                48.17609199300006
              ],
              [
                14.63932225900004,
                48.17779284400007
              ],
              [
                14.637591698000051,
                48.17900908200005
              ],
              [
                14.635722293000072,
                48.18032253400003
              ],
              [
                14.629822905000026,
                48.18589034300004
              ],
              [
                14.625546697000061,
                48.18886714100006
              ],
              [
                14.622805270000072,
                48.19025026000003
              ],
              [
                14.609855691000064,
                48.19715327100005
              ],
              [
                14.598015499000041,
                48.210037311000065
              ],
              [
                14.58812739800004,
                48.220797160000075
              ],
              [
                14.560469631000046,
                48.23016185200004
              ],
              [
                14.536337206000042,
                48.236603056000035
              ],
              [
                14.520807581000042,
                48.23735159700004
              ],
              [
                14.515615899000068,
                48.23426351100005
              ],
              [
                14.508109208000064,
                48.23084688000006
              ],
              [
                14.491266061000033,
                48.22318081100008
              ],
              [
                14.481760841000039,
                48.201830511000026
              ],
              [
                14.481442638000033,
                48.196539905000066
              ],
              [
                14.48058756000006,
                48.18232292000005
              ],
              [
                14.482646848000059,
                48.17845192100003
              ],
              [
                14.481055132000051,
                48.171141988000045
              ],
              [
                14.472105553000063,
                48.15670565500005
              ],
              [
                14.468227483000021,
                48.150450042000045
              ],
              [
                14.471070033000046,
                48.14651891800003
              ],
              [
                14.477634395000052,
                48.13744068800003
              ],
              [
                14.473107992000052,
                48.12923333200007
              ],
              [
                14.470305996000036,
                48.12415270300005
              ],
              [
                14.472626370000057,
                48.120880243000045
              ],
              [
                14.483555412000044,
                48.11731145300007
              ],
              [
                14.491114479000032,
                48.114843102000066
              ],
              [
                14.492775497000025,
                48.110149335000074
              ],
              [
                14.48195013000003,
                48.10551129900006
              ],
              [
                14.469089673000042,
                48.09956254700006
              ],
              [
                14.458433485000057,
                48.090040430000045
              ],
              [
                14.46120912200007,
                48.087767116000066
              ],
              [
                14.46547190900003,
                48.08427579000005
              ],
              [
                14.458941011000036,
                48.081136558000026
              ],
              [
                14.456145632000073,
                48.07979289200006
              ],
              [
                14.457287998000027,
                48.07630416400008
              ],
              [
                14.45823520700003,
                48.07341143300005
              ],
              [
                14.45448028900006,
                48.067701086000056
              ],
              [
                14.45266792700005,
                48.064944910000065
              ],
              [
                14.455341257000043,
                48.06331767300003
              ],
              [
                14.46010334400006,
                48.060419024000055
              ],
              [
                14.458238735000066,
                48.04856585300007
              ],
              [
                14.457108470000037,
                48.04138085300008
              ],
              [
                14.462389353000049,
                48.039230340000074
              ],
              [
                14.467890599000043,
                48.03699008900003
              ],
              [
                14.486530499000025,
                48.01285639500003
              ],
              [
                14.493047193000052,
                48.01108216100005
              ],
              [
                14.494091259000072,
                48.00259639500007
              ],
              [
                14.494600465000076,
                47.998457759000075
              ],
              [
                14.50026323700007,
                47.99489285000004
              ],
              [
                14.514717836000045,
                47.99231429500003
              ],
              [
                14.526001688000065,
                47.990301369000065
              ],
              [
                14.556718834000037,
                47.98072553900005
              ],
              [
                14.560171041000046,
                47.977794370000026
              ],
              [
                14.562033653000071,
                47.97621288100004
              ],
              [
                14.566354554000043,
                47.97459558500003
              ],
              [
                14.585268862000078,
                47.96751603600006
              ],
              [
                14.596092180000028,
                47.959212052000055
              ],
              [
                14.607302066000045,
                47.95061148000008
              ],
              [
                14.616237131000048,
                47.94742666700006
              ],
              [
                14.628197281000041,
                47.94283796600007
              ],
              [
                14.632148742000027,
                47.94268908500004
              ],
              [
                14.64845002900006,
                47.94207489400003
              ],
              [
                14.670929336000029,
                47.93494915500003
              ],
              [
                14.688831075000053,
                47.92977169800008
              ],
              [
                14.700839986000062,
                47.92629853700004
              ],
              [
                14.712969477000058,
                47.92967341200006
              ],
              [
                14.727696743000024,
                47.93377108400006
              ],
              [
                14.729607022000039,
                47.928107914000066
              ],
              [
                14.731330828000068,
                47.922997559000066
              ],
              [
                14.747541992000038,
                47.91221741600003
              ],
              [
                14.75652073200007,
                47.90624671000006
              ],
              [
                14.760552529000051,
                47.89581201300007
              ],
              [
                14.770129912000073,
                47.886349695000035
              ],
              [
                14.770311456000059,
                47.88016694100003
              ],
              [
                14.766032252000059,
                47.87639642400006
              ],
              [
                14.764130883000064,
                47.87377003000006
              ],
              [
                14.762187561000076,
                47.87260854500005
              ],
              [
                14.754475305000028,
                47.86627207500004
              ],
              [
                14.741881602000035,
                47.864193011000054
              ],
              [
                14.736342037000043,
                47.86327849700007
              ],
              [
                14.710926510000036,
                47.85084842800006
              ],
              [
                14.716784461000032,
                47.844722948000026
              ],
              [
                14.723264744000062,
                47.837946715000044
              ],
              [
                14.72105595000005,
                47.830811244000074
              ],
              [
                14.716675424000073,
                47.82699489700008
              ],
              [
                14.711780772000054,
                47.82273064000003
              ],
              [
                14.711484527000039,
                47.81722524200006
              ],
              [
                14.721356293000042,
                47.808822244000055
              ],
              [
                14.731237915000065,
                47.80041085500005
              ],
              [
                14.724025399000027,
                47.79505185900007
              ],
              [
                14.714106378000054,
                47.78768189400006
              ],
              [
                14.725005531000022,
                47.76760070300003
              ],
              [
                14.737524866000058,
                47.75975982300008
              ],
              [
                14.743642561000058,
                47.75592830100004
              ],
              [
                14.738545058000057,
                47.74742634000006
              ],
              [
                14.735609900000043,
                47.750889922000056
              ],
              [
                14.698486409000054,
                47.76468786400005
              ],
              [
                14.688726774000031,
                47.75590545600005
              ],
              [
                14.674617985000054,
                47.74320937200008
              ],
              [
                14.664699660000053,
                47.73885537700005
              ],
              [
                14.661803466000038,
                47.73863836800007
              ],
              [
                14.653506658000026,
                47.738016697000035
              ],
              [
                14.648714383000026,
                47.73024377100006
              ],
              [
                14.645603469000037,
                47.72519796100005
              ],
              [
                14.62817928800007,
                47.72840495300005
              ],
              [
                14.615933680000069,
                47.730658808000044
              ],
              [
                14.602612811000029,
                47.72786109000003
              ],
              [
                14.601516157000049,
                47.72728760100006
              ],
              [
                14.582922628000063,
                47.717564226000036
              ],
              [
                14.570502443000066,
                47.71598157600005
              ],
              [
                14.55708396700004,
                47.71809729000006
              ],
              [
                14.553384277000077,
                47.718680627000026
              ],
              [
                14.53356171200005,
                47.712509630000056
              ],
              [
                14.521405496000057,
                47.70392364200006
              ],
              [
                14.523308478000047,
                47.70080642900007
              ],
              [
                14.527460032000022,
                47.69400590200007
              ],
              [
                14.518509068000071,
                47.682463529000074
              ],
              [
                14.506788921000066,
                47.67787190200005
              ],
              [
                14.49637303000003,
                47.67974630900005
              ],
              [
                14.48862315100007,
                47.68114095000004
              ],
              [
                14.477566659000047,
                47.67455353100007
              ],
              [
                14.469645616000037,
                47.66983420200006
              ],
              [
                14.465707249000047,
                47.66859586400005
              ],
              [
                14.450677238000026,
                47.66386999000008
              ],
              [
                14.446092425000074,
                47.65874220500007
              ],
              [
                14.443311932000029,
                47.65563242300004
              ],
              [
                14.431999777000044,
                47.65270819400007
              ],
              [
                14.428053908000038,
                47.653863159000025
              ],
              [
                14.419575034000047,
                47.65634494600005
              ],
              [
                14.395010718000037,
                47.65018831100008
              ],
              [
                14.392895882000062,
                47.64657370800006
              ],
              [
                14.393987718000062,
                47.64241980000003
              ],
              [
                14.39501776700007,
                47.63850096200008
              ],
              [
                14.392483397000035,
                47.63590600300006
              ],
              [
                14.384163344000058,
                47.63405916600004
              ],
              [
                14.369209327000021,
                47.63073976100003
              ],
              [
                14.361440585000025,
                47.62901530100004
              ],
              [
                14.337515420000045,
                47.61953251500006
              ],
              [
                14.331124020000061,
                47.61276558000003
              ],
              [
                14.326194688000044,
                47.60754661900006
              ],
              [
                14.29615676800006,
                47.608523148000074
              ],
              [
                14.28854390500004,
                47.61111674000006
              ],
              [
                14.280483767000021,
                47.61386271200007
              ],
              [
                14.27412840200003,
                47.61260306200006
              ],
              [
                14.265353196000035,
                47.61086379200003
              ],
              [
                14.25675250100005,
                47.61271225300004
              ],
              [
                14.23404460100005,
                47.629280900000026
              ],
              [
                14.23280763400004,
                47.63073976100003
              ],
              [
                14.224467468000057,
                47.640576030000034
              ],
              [
                14.228482374000066,
                47.64627174300006
              ],
              [
                14.231701089000069,
                47.65083794600008
              ],
              [
                14.205850560000044,
                47.65204039100007
              ],
              [
                14.197062623000022,
                47.64758154900005
              ],
              [
                14.177550477000068,
                47.637681437000026
              ],
              [
                14.160954291000053,
                47.63718303600007
              ],
              [
                14.145774908000021,
                47.63672718300006
              ],
              [
                14.133068080000044,
                47.63073976100003
              ],
              [
                14.097730819000049,
                47.623420001000056
              ],
              [
                14.093326968000042,
                47.619928626000046
              ],
              [
                14.067822199000034,
                47.616679875000045
              ],
              [
                14.051099493000038,
                47.61766288500007
              ],
              [
                14.052488308000022,
                47.62238197500005
              ],
              [
                14.05302073100006,
                47.62419110800005
              ],
              [
                14.04925877900007,
                47.62639812700007
              ],
              [
                14.046420881000074,
                47.62806303200006
              ],
              [
                14.046801285000072,
                47.63073976100003
              ],
              [
                14.047687817000053,
                47.636977880000074
              ],
              [
                14.048972555000034,
                47.64340511000006
              ],
              [
                14.054040472000054,
                47.66875864900004
              ],
              [
                14.038246104000052,
                47.67916455300008
              ],
              [
                14.021955870000056,
                47.68989715200007
              ],
              [
                14.010662812000021,
                47.70051113400007
              ],
              [
                14.001030571000058,
                47.70301836300007
              ],
              [
                13.99525339400003,
                47.70167030500005
              ],
              [
                13.980970225000021,
                47.698337440000046
              ],
              [
                13.96718340800004,
                47.70329252700003
              ],
              [
                13.96546150000006,
                47.703911394000045
              ],
              [
                13.950754894000056,
                47.709197061000054
              ],
              [
                13.925755527000035,
                47.70689826800003
              ],
              [
                13.91820391500005,
                47.706203867000056
              ],
              [
                13.907878259000029,
                47.71063968400006
              ],
              [
                13.907234087000063,
                47.71152272900008
              ],
              [
                13.903015079000056,
                47.71730623800005
              ],
              [
                13.897078608000072,
                47.71801566600004
              ],
              [
                13.890672204000055,
                47.71955584700004
              ],
              [
                13.879030865000061,
                47.72235457200003
              ],
              [
                13.876357562000067,
                47.72561168400006
              ],
              [
                13.868973959000073,
                47.72432511300008
              ],
              [
                13.860894161000033,
                47.727381869000055
              ],
              [
                13.858187873000077,
                47.72267614700007
              ],
              [
                13.856191619000072,
                47.71920503900003
              ],
              [
                13.850082023000027,
                47.715180290000035
              ],
              [
                13.843002151000064,
                47.716702155000064
              ],
              [
                13.83525632900006,
                47.71836717100007
              ],
              [
                13.819208747000062,
                47.716262252000035
              ],
              [
                13.792647126000077,
                47.71277823500003
              ],
              [
                13.78559328700004,
                47.71564075500004
              ],
              [
                13.779566307000039,
                47.71808656500008
              ],
              [
                13.755173391000028,
                47.698816383000064
              ],
              [
                13.75479110300006,
                47.69810453700006
              ],
              [
                13.749442632000068,
                47.68814531900006
              ],
              [
                13.737399723000067,
                47.685075736000044
              ],
              [
                13.735161471000026,
                47.68450523400003
              ],
              [
                13.735190628000055,
                47.683420786000056
              ],
              [
                13.735440273000052,
                47.674135480000075
              ],
              [
                13.721734023000067,
                47.672102607000056
              ],
              [
                13.720030674000043,
                47.67111212000003
              ],
              [
                13.714355186000034,
                47.66781185700006
              ],
              [
                13.706992802000059,
                47.66353067400007
              ],
              [
                13.707116003000067,
                47.656232585000055
              ],
              [
                13.705290860000048,
                47.64976273000008
              ],
              [
                13.703717892000043,
                47.64418679600004
              ],
              [
                13.70192164100007,
                47.64155019800006
              ],
              [
                13.69455675000006,
                47.63073976100003
              ],
              [
                13.693031396000038,
                47.62229011900007
              ],
              [
                13.694861769000056,
                47.615891807000025
              ],
              [
                13.698716417000071,
                47.60241737000007
              ],
              [
                13.695047394000028,
                47.59339992000008
              ],
              [
                13.694560206000062,
                47.59220254500008
              ],
              [
                13.693625927000028,
                47.58990634500003
              ],
              [
                13.69387484300006,
                47.578978128000074
              ],
              [
                13.703230166000026,
                47.580988072000025
              ],
              [
                13.707226480000031,
                47.58029938400006
              ],
              [
                13.710029159000044,
                47.57981639600007
              ],
              [
                13.710469327000055,
                47.57928170200006
              ],
              [
                13.71331662700004,
                47.57582294000008
              ],
              [
                13.720030674000043,
                47.57586950000007
              ],
              [
                13.721313959000042,
                47.57587839900003
              ],
              [
                13.735723122000024,
                47.57597832000005
              ],
              [
                13.755218908000074,
                47.55211331600003
              ],
              [
                13.755394379000052,
                47.54678465400008
              ],
              [
                13.751384302000076,
                47.545086310000045
              ],
              [
                13.74991903700004,
                47.544465743000046
              ],
              [
                13.74730248000003,
                47.543357582000056
              ],
              [
                13.746399895000025,
                47.540091999000026
              ],
              [
                13.751319582000065,
                47.52608234400003
              ],
              [
                13.755137456000057,
                47.52333595600004
              ],
              [
                13.760394293000047,
                47.519554450000044
              ],
              [
                13.748962105000032,
                47.50166045900005
              ],
              [
                13.736876917000075,
                47.49505662200005
              ],
              [
                13.729679239000063,
                47.49112351900004
              ],
              [
                13.720030674000043,
                47.48074610400005
              ],
              [
                13.718458854000062,
                47.47415901200003
              ],
              [
                13.718316774000073,
                47.47356359100007
              ],
              [
                13.719213990000071,
                47.47206969800004
              ],
              [
                13.720030674000043,
                47.47070989300005
              ],
              [
                13.724655846000076,
                47.46300883500004
              ],
              [
                13.720030674000043,
                47.462174865000065
              ],
              [
                13.714469800000074,
                47.46117217800003
              ],
              [
                13.710878703000049,
                47.462097967000034
              ],
              [
                13.704189431000032,
                47.463822470000025
              ],
              [
                13.685916877000068,
                47.46339630700004
              ],
              [
                13.667692559000045,
                47.462971269000036
              ],
              [
                13.63320533700005,
                47.46635659800006
              ],
              [
                13.611309216000052,
                47.47415901200003
              ],
              [
                13.60928464500006,
                47.474880443000075
              ],
              [
                13.605722637000042,
                47.474522609000076
              ],
              [
                13.591898685000046,
                47.47415901200003
              ],
              [
                13.585584706000077,
                47.47399294200005
              ],
              [
                13.585183264000023,
                47.47415901200003
              ],
              [
                13.546767934000059,
                47.490050772000075
              ],
              [
                13.516361786000061,
                47.49677593800004
              ],
              [
                13.502876111000035,
                47.510773218000054
              ],
              [
                13.501902030000053,
                47.511058708000064
              ],
              [
                13.49012271600003,
                47.51451107300005
              ],
              [
                13.477012885000022,
                47.532994459000065
              ],
              [
                13.476880296000047,
                47.54299889200007
              ],
              [
                13.478271750000033,
                47.545086310000045
              ],
              [
                13.479545401000053,
                47.54699700400005
              ],
              [
                13.483573713000055,
                47.553040158000044
              ],
              [
                13.481444968000062,
                47.56111479600003
              ],
              [
                13.48128359900005,
                47.561726890000045
              ],
              [
                13.479862697000044,
                47.569179973000075
              ],
              [
                13.493627162000053,
                47.576825935000045
              ],
              [
                13.504787048000026,
                47.58302509100008
              ],
              [
                13.505271717000028,
                47.58913579700004
              ],
              [
                13.505609924000055,
                47.59339992000008
              ],
              [
                13.506199251000055,
                47.60083016300007
              ],
              [
                13.51524970500003,
                47.61033592300004
              ],
              [
                13.521139617000074,
                47.616522143000054
              ],
              [
                13.519977234000066,
                47.62305590100004
              ],
              [
                13.514458757000057,
                47.63073976100003
              ],
              [
                13.512397689000068,
                47.63182169300006
              ],
              [
                13.507253744000025,
                47.631676939000045
              ],
              [
                13.490709035000066,
                47.631211360000066
              ],
              [
                13.48442921000003,
                47.64048153300007
              ],
              [
                13.491262039000048,
                47.64852140700003
              ],
              [
                13.498813,
                47.65740627400004
              ],
              [
                13.499380262000045,
                47.66342228100007
              ],
              [
                13.49986233900006,
                47.66853486800005
              ],
              [
                13.509198679000065,
                47.67586651100004
              ],
              [
                13.514728073000072,
                47.675912406000066
              ],
              [
                13.516419221000035,
                47.67592644300004
              ],
              [
                13.532641652000052,
                47.682710402000055
              ],
              [
                13.533862859000067,
                47.68920095300007
              ],
              [
                13.534477976000062,
                47.69247021700005
              ],
              [
                13.537882273000037,
                47.69579317100005
              ],
              [
                13.545366882000053,
                47.703098940000075
              ],
              [
                13.55089308600003,
                47.71387548100006
              ],
              [
                13.519952946000046,
                47.71848650900006
              ],
              [
                13.514026259000048,
                47.71811633800007
              ],
              [
                13.507789132000028,
                47.71772677700005
              ],
              [
                13.504927605000034,
                47.71971788600007
              ],
              [
                13.501718556000071,
                47.72195080800003
              ],
              [
                13.48403571800003,
                47.72339528400005
              ],
              [
                13.476827287000049,
                47.72398412600006
              ],
              [
                13.434546478000073,
                47.73886448400003
              ],
              [
                13.438000332000058,
                47.74320937200008
              ],
              [
                13.445932841000058,
                47.77103198300006
              ],
              [
                13.46512351900003,
                47.78528650900006
              ],
              [
                13.488625048000074,
                47.781771089000074
              ],
              [
                13.506813029000057,
                47.77559272900004
              ],
              [
                13.51541598700004,
                47.772670350000055
              ],
              [
                13.533322777000024,
                47.776453891000074
              ],
              [
                13.537224193000043,
                47.78357104000003
              ],
              [
                13.53392251300005,
                47.787514470000076
              ],
              [
                13.529303171000038,
                47.793031677000045
              ],
              [
                13.528372812000043,
                47.79414287000003
              ],
              [
                13.528843297000037,
                47.79806907500006
              ],
              [
                13.512747339000043,
                47.797442198000056
              ],
              [
                13.507406958000047,
                47.79355333400008
              ],
              [
                13.503741654000066,
                47.79088426100003
              ],
              [
                13.490908364000063,
                47.79055922600003
              ],
              [
                13.486425767000071,
                47.792616716000055
              ],
              [
                13.485473955000032,
                47.79441131500005
              ],
              [
                13.482076672000062,
                47.800816746000066
              ],
              [
                13.44897091200005,
                47.80461138700008
              ],
              [
                13.439234967000061,
                47.80236002600003
              ],
              [
                13.433871805000024,
                47.801119836000055
              ],
              [
                13.403636712000036,
                47.79928030700006
              ],
              [
                13.396769815000027,
                47.79886251900007
              ],
              [
                13.396118540000032,
                47.79862988600007
              ],
              [
                13.388940125000033,
                47.796065783000074
              ],
              [
                13.374155940000037,
                47.80155857600005
              ],
              [
                13.351090509000073,
                47.810128114000065
              ],
              [
                13.346019288000036,
                47.813439893000066
              ],
              [
                13.335316091000038,
                47.81326725400004
              ],
              [
                13.31310508000007,
                47.81290899800007
              ],
              [
                13.310227308000037,
                47.81722524200006
              ],
              [
                13.308011575000023,
                47.82054852300007
              ],
              [
                13.29109242000004,
                47.824924398000064
              ],
              [
                13.287663115000043,
                47.829235175000065
              ],
              [
                13.286439140000027,
                47.84503472400007
              ],
              [
                13.290615761000026,
                47.84956193800008
              ],
              [
                13.288505360000045,
                47.85445206600008
              ],
              [
                13.290877572000056,
                47.855615353000076
              ],
              [
                13.294523372000072,
                47.85740318400008
              ],
              [
                13.292563851000068,
                47.86363924600005
              ],
              [
                13.285921758000029,
                47.869615957000065
              ],
              [
                13.277356565000048,
                47.87732311800005
              ],
              [
                13.270986783000069,
                47.89201501900004
              ],
              [
                13.274146613000028,
                47.89350892200008
              ],
              [
                13.27935291700004,
                47.89597035700007
              ],
              [
                13.281270258000063,
                47.90448547900007
              ],
              [
                13.27881684700003,
                47.91951527200007
              ],
              [
                13.284405406000076,
                47.92971490700006
              ],
              [
                13.279873370000075,
                47.94222052600003
              ],
              [
                13.278614989000062,
                47.94569288100007
              ],
              [
                13.280779308000035,
                47.95494303600003
              ],
              [
                13.29103727100005,
                47.960985995000044
              ],
              [
                13.305098842000064,
                47.964011191000054
              ],
              [
                13.314649541000051,
                47.958094291000066
              ],
              [
                13.314738913000042,
                47.95803892300006
              ],
              [
                13.314835213000038,
                47.95801836700008
              ],
              [
                13.337346714000034,
                47.95321314500006
              ],
              [
                13.338961835000077,
                47.94815263600003
              ],
              [
                13.340034948000039,
                47.94479035000006
              ],
              [
                13.357726572000047,
                47.93975061300006
              ],
              [
                13.363253877000034,
                47.945943
              ],
              [
                13.361991657000033,
                47.95397854400005
              ],
              [
                13.361987218000024,
                47.95400680500006
              ],
              [
                13.362067473000025,
                47.954100733000075
              ],
              [
                13.372068205000062,
                47.96580528800007
              ],
              [
                13.370744482000077,
                47.97210950700003
              ],
              [
                13.368728071000021,
                47.97674557800008
              ],
              [
                13.361077762000036,
                47.977685689000054
              ],
              [
                13.353526470000077,
                47.978613633000066
              ],
              [
                13.341968510000072,
                47.98393195400007
              ],
              [
                13.325179386000059,
                47.99165736000003
              ],
              [
                13.310864895000066,
                47.99409882900005
              ],
              [
                13.301319499000044,
                47.99572688500007
              ],
              [
                13.299965988000054,
                48.00098470300003
              ],
              [
                13.303820985000073,
                48.007824398000025
              ],
              [
                13.298661770000024,
                48.01018170100008
              ],
              [
                13.287995263000028,
                48.00904445800006
              ],
              [
                13.282428802000027,
                48.00417891500007
              ],
              [
                13.281573829000024,
                48.00106567900008
              ],
              [
                13.28052115500003,
                47.99723254600008
              ],
              [
                13.27212669100004,
                47.99718788000007
              ],
              [
                13.258275052000045,
                47.99189868700006
              ],
              [
                13.250581381000075,
                47.99165012700007
              ],
              [
                13.241119535000053,
                47.99134444200007
              ],
              [
                13.211741680000046,
                47.982298135000065
              ],
              [
                13.21058804300003,
                47.979500091000034
              ],
              [
                13.21036921800004,
                47.97896934900007
              ],
              [
                13.198446081000043,
                47.97454400700008
              ],
              [
                13.18629595300007,
                47.97480732100007
              ],
              [
                13.162652323000032,
                47.97531971800004
              ],
              [
                13.155811536000044,
                47.97289497400004
              ],
              [
                13.148432831000036,
                47.97027956300008
              ],
              [
                13.145810571000027,
                47.97630335700006
              ],
              [
                13.141865793000022,
                47.98350994900005
              ],
              [
                13.144135074000076,
                47.98743383900006
              ],
              [
                13.146576654000057,
                47.991655656000034
              ],
              [
                13.139350494000041,
                47.99078074800008
              ],
              [
                13.127941209000028,
                47.98939936700003
              ],
              [
                13.123375335000048,
                47.99093468900003
              ],
              [
                13.123257430000024,
                47.99458302100004
              ],
              [
                13.123243862000038,
                47.99500285200003
              ],
              [
                13.121340266000061,
                47.99503598600006
              ],
              [
                13.104886935000025,
                47.995322369000064
              ],
              [
                13.103172356000073,
                47.997705978000056
              ],
              [
                13.094577730000026,
                47.99671564700003
              ],
              [
                13.08887499900004,
                48.00270648500003
              ],
              [
                13.088606532000028,
                48.00298851500003
              ],
              [
                13.086264107000034,
                48.00332335400003
              ],
              [
                13.07514134400003,
                48.00491330500006
              ],
              [
                13.075950034000073,
                48.00807793700005
              ],
              [
                13.076651490000074,
                48.01082293400003
              ],
              [
                13.073230741000032,
                48.014794
              ],
              [
                13.068665043000067,
                48.01431981600007
              ],
              [
                13.057574958000032,
                48.01316802300005
              ],
              [
                13.062306445000047,
                48.01976794900003
              ],
              [
                13.062360332000026,
                48.01984311600006
              ],
              [
                13.060796960000062,
                48.021061297000074
              ],
              [
                13.056492949000074,
                48.02441498500008
              ],
              [
                13.056538856000032,
                48.02470969800004
              ],
              [
                13.057269593000058,
                48.029400913000075
              ],
              [
                13.052223243000071,
                48.02840737400004
              ],
              [
                13.048066615000039,
                48.02758900500004
              ],
              [
                13.045108339000024,
                48.03012296700007
              ],
              [
                13.046630219000065,
                48.03319955300003
              ],
              [
                13.048362783000073,
                48.03670205100008
              ],
              [
                13.041667335000056,
                48.04069973400004
              ],
              [
                13.035156417000053,
                48.037436084000035
              ],
              [
                13.02468228600003,
                48.032185843000036
              ],
              [
                13.020970785000031,
                48.03436147900004
              ],
              [
                13.017405796000048,
                48.03645123200005
              ],
              [
                13.011886662000052,
                48.03618909700003
              ],
              [
                13.008848353000076,
                48.03497997200003
              ],
              [
                13.008381604000022,
                48.031632890000026
              ],
              [
                13.008203341000069,
                48.030354558000056
              ],
              [
                12.992880730000024,
                48.02827321900003
              ],
              [
                12.989602708000064,
                48.02782795000007
              ],
              [
                12.98396781200006,
                48.026341426000045
              ],
              [
                12.973864328000047,
                48.023676057000046
              ],
              [
                12.969142956000042,
                48.02729445500006
              ],
              [
                12.961501304000024,
                48.03315091700006
              ],
              [
                12.939677589000041,
                48.036384127000076
              ],
              [
                12.934930808000047,
                48.03498410200007
              ],
              [
                12.925351011000032,
                48.02716922900004
              ],
              [
                12.922464469000033,
                48.02481448700007
              ],
              [
                12.918496651000055,
                48.023594426000045
              ],
              [
                12.91106257000007,
                48.02130852800008
              ],
              [
                12.897878255000023,
                48.005093257000055
              ],
              [
                12.896185295000066,
                48.00153054900005
              ],
              [
                12.891632973000071,
                47.99195053100004
              ],
              [
                12.882446684000058,
                47.99513626300006
              ],
              [
                12.87864631900004,
                47.99645419900003
              ],
              [
                12.860181681000029,
                47.996639851000054
              ],
              [
                12.853561306000074,
                48.01239435400004
              ],
              [
                12.833993531000033,
                48.028063634000034
              ],
              [
                12.832463745000041,
                48.02905496300008
              ],
              [
                12.819736957000032,
                48.03642812500004
              ],
              [
                12.807779410000023,
                48.04335563400008
              ],
              [
                12.800367268000059,
                48.04825143900007
              ],
              [
                12.760439636000058,
                48.074624103000076
              ],
              [
                12.754028866000056,
                48.08459035300007
              ],
              [
                12.75063495300003,
                48.099595384000054
              ],
              [
                12.751554922000025,
                48.112810409000076
              ],
              [
                12.758190636000052,
                48.11860380200005
              ],
              [
                12.759205847000032,
                48.12706115200007
              ],
              [
                12.768501827000023,
                48.12850924600008
              ],
              [
                12.784636997000064,
                48.12353784900006
              ],
              [
                12.793154300000026,
                48.132449078000036
              ],
              [
                12.801193237000064,
                48.146788152000056
              ],
              [
                12.828006628000026,
                48.15392885600005
              ],
              [
                12.837434837000046,
                48.164545693000036
              ],
              [
                12.848059767000052,
                48.16786203800007
              ],
              [
                12.854415643000038,
                48.17935842900005
              ],
              [
                12.861253704000035,
                48.186729240000034
              ],
              [
                12.865168486000073,
                48.19708227700005
              ],
              [
                12.872357519000047,
                48.20201144300006
              ],
              [
                12.944684477000067,
                48.20669234400003
              ],
              [
                12.955232655000032,
                48.20897703900005
              ],
              [
                12.99776550300004,
                48.23667626000008
              ],
              [
                13.007476583000027,
                48.247048696000036
              ],
              [
                13.012930492000066,
                48.25287403400006
              ],
              [
                13.024662071000023,
                48.258627862000026
              ],
              [
                13.064179556000056,
                48.269338565000055
              ],
              [
                13.081157529000052,
                48.27725639600004
              ],
              [
                13.083234701000038,
                48.277693155000065
              ],
              [
                13.085276413000031,
                48.277934136000056
              ],
              [
                13.089728423000054,
                48.27831205800004
              ],
              [
                13.091697716000056,
                48.27832236200004
              ],
              [
                13.093705965000026,
                48.27827549600005
              ],
              [
                13.09860397600005,
                48.277907878000065
              ],
              [
                13.10716911000003,
                48.27781057800007
              ],
              [
                13.119536221000033,
                48.277670088000036
              ],
              [
                13.142626140000061,
                48.28289110700007
              ],
              [
                13.177043068000046,
                48.29438993100007
              ],
              [
                13.195490893000056,
                48.295463846000075
              ],
              [
                13.199750119000043,
                48.29526714100007
              ],
              [
                13.203365568000038,
                48.29511196900006
              ],
              [
                13.20682918600005,
                48.29496344200004
              ],
              [
                13.206914102000042,
                48.294959809000034
              ],
              [
                13.213066196000057,
                48.29469662400004
              ],
              [
                13.253685673000064,
                48.29315616300005
              ],
              [
                13.31448403500002,
                48.316421941000044
              ],
              [
                13.341349925000031,
                48.331691930000034
              ],
              [
                13.343851122000046,
                48.33348257100005
              ],
              [
                13.350766878000059,
                48.33874596000004
              ],
              [
                13.374055272000021,
                48.35647010800005
              ],
              [
                13.39530034300003,
                48.366358123000055
              ],
              [
                13.400311845000033,
                48.368690608000065
              ],
              [
                13.407837911000058,
                48.37216040700008
              ],
              [
                13.417166272000031,
                48.38364047700003
              ],
              [
                13.419123513000045,
                48.394342711000036
              ],
              [
                13.420164097000054,
                48.400032648000035
              ],
              [
                13.423180216000048,
                48.40701249700004
              ],
              [
                13.425608994000072,
                48.41079960400003
              ],
              [
                13.427283618000047,
                48.41310892700005
              ],
              [
                13.429462675000025,
                48.41627007000005
              ],
              [
                13.429705004000027,
                48.41662146300007
              ],
              [
                13.43599135900007,
                48.42573707500003
              ],
              [
                13.43965436600007,
                48.43422385200006
              ],
              [
                13.434244816000046,
                48.44512398200004
              ],
              [
                13.433947230000058,
                48.44546936000006
              ],
              [
                13.428424178000057,
                48.45187941300003
              ],
              [
                13.42792088400006,
                48.458203824000066
              ],
              [
                13.434968784000034,
                48.470729608000056
              ],
              [
                13.439562357000057,
                48.47889347100005
              ],
              [
                13.443261711000048,
                48.485259350000035
              ],
              [
                13.44731317000003,
                48.49444905200005
              ],
              [
                13.45697463600004,
                48.51146223000006
              ],
              [
                13.44991978400003,
                48.521203884000045
              ],
              [
                13.444931839000049,
                48.52809145900005
              ],
              [
                13.446124252000061,
                48.53035186300008
              ],
              [
                13.449704432000033,
                48.53713864700006
              ],
              [
                13.438430625000024,
                48.548895025000036
              ],
              [
                13.438574552000034,
                48.55723433300005
              ],
              [
                13.449150151000026,
                48.56322584800006
              ],
              [
                13.457718832000069,
                48.557956224000066
              ],
              [
                13.463490382000032,
                48.55440679700007
              ],
              [
                13.475080051000077,
                48.55598665300005
              ],
              [
                13.475755675000073,
                48.55880205300008
              ],
              [
                13.476874753000061,
                48.56346537500008
              ],
              [
                13.486617731000024,
                48.563714814000036
              ],
              [
                13.489309956000056,
                48.563783740000076
              ],
              [
                13.504102344000046,
                48.57304168100006
              ],
              [
                13.505907767000053,
                48.57615791400008
              ],
              [
                13.503981767000028,
                48.579074723000076
              ],
              [
                13.502563996000049,
                48.58122185000008
              ],
              [
                13.503703735000045,
                48.584783671000025
              ],
              [
                13.507872054000075,
                48.58959581800008
              ],
              [
                13.513497246000043,
                48.59096179000005
              ],
              [
                13.528322968000055,
                48.58653829200006
              ],
              [
                13.552030811000066,
                48.57039000200007
              ],
              [
                13.566217283000071,
                48.562592850000044
              ],
              [
                13.578386609000063,
                48.55985160100005
              ],
              [
                13.590711996000039,
                48.56845706900003
              ],
              [
                13.599417267000035,
                48.56903992000008
              ],
              [
                13.625194057000044,
                48.55442979000003
              ],
              [
                13.641143940000063,
                48.552496338000026
              ],
              [
                13.656018270000061,
                48.54591406900005
              ],
              [
                13.662301179000053,
                48.53602692700008
              ],
              [
                13.677157578000049,
                48.53050062600005
              ],
              [
                13.706351999000049,
                48.51754921300005
              ],
              [
                13.720030674000043,
                48.51456163000006
              ],
              [
                13.727090617000044,
                48.51301965600004
              ],
              [
                13.73435470100003,
                48.52505880500007
              ],
              [
                13.74146214800004,
                48.52847951800004
              ],
              [
                13.747956299000066,
                48.53160506000006
              ],
              [
                13.748485909000067,
                48.53775031600003
              ],
              [
                13.747458111000071,
                48.53942959200003
              ],
              [
                13.744547256000033,
                48.54418551900005
              ],
              [
                13.750043013000038,
                48.54828397800003
              ],
              [
                13.751954737000062,
                48.549709645000064
              ],
              [
                13.751039244000026,
                48.55169649000004
              ],
              [
                13.748989921000032,
                48.55614402200007
              ],
              [
                13.756388283000035,
                48.56518964300005
              ],
              [
                13.76442533100004,
                48.560509651000075
              ],
              [
                13.76543158000004,
                48.55894981500006
              ],
              [
                13.767919154000026,
                48.55509370400006
              ],
              [
                13.771380007000062,
                48.55500182800006
              ],
              [
                13.781216017000077,
                48.563334516000054
              ],
              [
                13.790338990000066,
                48.57106314600003
              ],
              [
                13.79460582400003,
                48.57212133000007
              ],
              [
                13.801055683000072,
                48.57372090900003
              ],
              [
                13.806533828000056,
                48.58539213600005
              ],
              [
                13.804301216000056,
                48.59239370700004
              ],
              [
                13.802746852000041,
                48.59726826000008
              ],
              [
                13.815288202000033,
                48.61318195700005
              ],
              [
                13.818988564000051,
                48.615078149000055
              ],
              [
                13.825736862000042,
                48.61853620900007
              ],
              [
                13.825517044000037,
                48.63468688300003
              ],
              [
                13.822078822000037,
                48.642663491000064
              ],
              [
                13.821962264000035,
                48.642773367000075
              ],
              [
                13.814887117000069,
                48.64944288800007
              ],
              [
                13.817357953000055,
                48.65871364900005
              ],
              [
                13.81770606200007,
                48.660574920000045
              ],
              [
                13.818583877000037,
                48.66989923500006
              ],
              [
                13.819004335000045,
                48.67436541300003
              ],
              [
                13.817721532000064,
                48.676823211000055
              ],
              [
                13.813974853000047,
                48.684001694000074
              ],
              [
                13.814481556000032,
                48.69201693300005
              ],
              [
                13.820400083000038,
                48.694035935000045
              ],
              [
                13.82618006000007,
                48.693101091000074
              ],
              [
                13.833603746000051,
                48.69190039600005
              ],
              [
                13.83734105700006,
                48.70012798800008
              ],
              [
                13.82877434900007,
                48.70004266800004
              ],
              [
                13.819661310000072,
                48.69995190600008
              ],
              [
                13.812461197000061,
                48.70289559300005
              ],
              [
                13.810837160000062,
                48.70748702900005
              ],
              [
                13.81055377000007,
                48.70828822100003
              ],
              [
                13.808568653000066,
                48.70842851400005
              ],
              [
                13.802793694000059,
                48.70883664300004
              ],
              [
                13.796106769000062,
                48.71360049300006
              ],
              [
                13.809711091000054,
                48.727684268000075
              ],
              [
                13.817987231000075,
                48.73219467100006
              ],
              [
                13.821976635000055,
                48.75416904300005
              ],
              [
                13.828639309000039,
                48.75906205100006
              ],
              [
                13.837677772000063,
                48.76445502800004
              ],
              [
                13.839507129000026,
                48.77160502800007
              ],
              [
                13.868078585000035,
                48.76938424700006
              ],
              [
                13.876959656000054,
                48.765974063000044
              ],
              [
                13.915015006000033,
                48.74394811600007
              ],
              [
                13.926339315000064,
                48.73469106400006
              ],
              [
                13.93363940300003,
                48.72864236700008
              ],
              [
                13.939896162000025,
                48.723458150000056
              ],
              [
                13.952929432000076,
                48.72032496800006
              ],
              [
                13.957306059000075,
                48.71449992400005
              ],
              [
                13.96718340800004,
                48.71274552700004
              ],
              [
                13.976493106000078,
                48.71109195400004
              ],
              [
                13.995624005000025,
                48.708816272000035
              ],
              [
                14.004448276000062,
                48.707766597000045
              ],
              [
                14.008703215000025,
                48.70472922000005
              ],
              [
                14.009373013000072,
                48.70236386400006
              ]
            ]
          ]
        ]
      }
    },
    {
      "type": "Feature",
      "properties": {
        "NUTS_ID": "AT32",
        "LEVL_CODE": 2,
        "CNTR_CODE": "AT",
        "NAME_LATN": "Salzburg",
        "NUTS_NAME": "Salzburg",
        "MOUNT_TYPE": null,
        "URBN_TYPE": null,
        "COAST_TYPE": null,
        "NAME_ENGL": "Austria",
        "NAME_FREN": "Autriche",
        "ISO3_CODE": "AUT",
        "SVRG_UN": "UN Member State",
        "CAPT": "Vienna",
        "EU_STAT": "T",
        "EFTA_STAT": "F",
        "CC_STAT": "F",
        "NAME_GERM": "Österreich",
        "region_id": "austria_salzburg",
        "region_code": "AT32",
        "region_name": "Salzburg",
        "source_dataset": "Eurostat GISCO NUTS 2024",
        "geometry_version": "NUTS 2024 / 1:1M / EPSG:4326",
        "source_url": "https://gisco-services.ec.europa.eu/distribution/v2/nuts/geojson/NUTS_RG_01M_2024_4326_LEVL_2.geojson",
        "attribution": "European Commission - Eurostat/GISCO"
      },
      "geometry": {
        "type": "MultiPolygon",
        "coordinates": [
          [
            [
              [
                13.046630219000065,
                48.03319955300003
              ],
              [
                13.045108339000024,
                48.03012296700007
              ],
              [
                13.048066615000039,
                48.02758900500004
              ],
              [
                13.052223243000071,
                48.02840737400004
              ],
              [
                13.057269593000058,
                48.029400913000075
              ],
              [
                13.056538856000032,
                48.02470969800004
              ],
              [
                13.056492949000074,
                48.02441498500008
              ],
              [
                13.060796960000062,
                48.021061297000074
              ],
              [
                13.062360332000026,
                48.01984311600006
              ],
              [
                13.062306445000047,
                48.01976794900003
              ],
              [
                13.057574958000032,
                48.01316802300005
              ],
              [
                13.068665043000067,
                48.01431981600007
              ],
              [
                13.073230741000032,
                48.014794
              ],
              [
                13.076651490000074,
                48.01082293400003
              ],
              [
                13.075950034000073,
                48.00807793700005
              ],
              [
                13.07514134400003,
                48.00491330500006
              ],
              [
                13.086264107000034,
                48.00332335400003
              ],
              [
                13.088606532000028,
                48.00298851500003
              ],
              [
                13.08887499900004,
                48.00270648500003
              ],
              [
                13.094577730000026,
                47.99671564700003
              ],
              [
                13.103172356000073,
                47.997705978000056
              ],
              [
                13.104886935000025,
                47.995322369000064
              ],
              [
                13.121340266000061,
                47.99503598600006
              ],
              [
                13.123243862000038,
                47.99500285200003
              ],
              [
                13.123257430000024,
                47.99458302100004
              ],
              [
                13.123375335000048,
                47.99093468900003
              ],
              [
                13.127941209000028,
                47.98939936700003
              ],
              [
                13.139350494000041,
                47.99078074800008
              ],
              [
                13.146576654000057,
                47.991655656000034
              ],
              [
                13.144135074000076,
                47.98743383900006
              ],
              [
                13.141865793000022,
                47.98350994900005
              ],
              [
                13.145810571000027,
                47.97630335700006
              ],
              [
                13.148432831000036,
                47.97027956300008
              ],
              [
                13.155811536000044,
                47.97289497400004
              ],
              [
                13.162652323000032,
                47.97531971800004
              ],
              [
                13.18629595300007,
                47.97480732100007
              ],
              [
                13.198446081000043,
                47.97454400700008
              ],
              [
                13.21036921800004,
                47.97896934900007
              ],
              [
                13.21058804300003,
                47.979500091000034
              ],
              [
                13.211741680000046,
                47.982298135000065
              ],
              [
                13.241119535000053,
                47.99134444200007
              ],
              [
                13.250581381000075,
                47.99165012700007
              ],
              [
                13.258275052000045,
                47.99189868700006
              ],
              [
                13.27212669100004,
                47.99718788000007
              ],
              [
                13.28052115500003,
                47.99723254600008
              ],
              [
                13.281573829000024,
                48.00106567900008
              ],
              [
                13.282428802000027,
                48.00417891500007
              ],
              [
                13.287995263000028,
                48.00904445800006
              ],
              [
                13.298661770000024,
                48.01018170100008
              ],
              [
                13.303820985000073,
                48.007824398000025
              ],
              [
                13.299965988000054,
                48.00098470300003
              ],
              [
                13.301319499000044,
                47.99572688500007
              ],
              [
                13.310864895000066,
                47.99409882900005
              ],
              [
                13.325179386000059,
                47.99165736000003
              ],
              [
                13.341968510000072,
                47.98393195400007
              ],
              [
                13.353526470000077,
                47.978613633000066
              ],
              [
                13.361077762000036,
                47.977685689000054
              ],
              [
                13.368728071000021,
                47.97674557800008
              ],
              [
                13.370744482000077,
                47.97210950700003
              ],
              [
                13.372068205000062,
                47.96580528800007
              ],
              [
                13.362067473000025,
                47.954100733000075
              ],
              [
                13.361987218000024,
                47.95400680500006
              ],
              [
                13.361991657000033,
                47.95397854400005
              ],
              [
                13.363253877000034,
                47.945943
              ],
              [
                13.357726572000047,
                47.93975061300006
              ],
              [
                13.340034948000039,
                47.94479035000006
              ],
              [
                13.338961835000077,
                47.94815263600003
              ],
              [
                13.337346714000034,
                47.95321314500006
              ],
              [
                13.314835213000038,
                47.95801836700008
              ],
              [
                13.314738913000042,
                47.95803892300006
              ],
              [
                13.314649541000051,
                47.958094291000066
              ],
              [
                13.305098842000064,
                47.964011191000054
              ],
              [
                13.29103727100005,
                47.960985995000044
              ],
              [
                13.280779308000035,
                47.95494303600003
              ],
              [
                13.278614989000062,
                47.94569288100007
              ],
              [
                13.279873370000075,
                47.94222052600003
              ],
              [
                13.284405406000076,
                47.92971490700006
              ],
              [
                13.27881684700003,
                47.91951527200007
              ],
              [
                13.281270258000063,
                47.90448547900007
              ],
              [
                13.27935291700004,
                47.89597035700007
              ],
              [
                13.274146613000028,
                47.89350892200008
              ],
              [
                13.270986783000069,
                47.89201501900004
              ],
              [
                13.277356565000048,
                47.87732311800005
              ],
              [
                13.285921758000029,
                47.869615957000065
              ],
              [
                13.292563851000068,
                47.86363924600005
              ],
              [
                13.294523372000072,
                47.85740318400008
              ],
              [
                13.290877572000056,
                47.855615353000076
              ],
              [
                13.288505360000045,
                47.85445206600008
              ],
              [
                13.290615761000026,
                47.84956193800008
              ],
              [
                13.286439140000027,
                47.84503472400007
              ],
              [
                13.287663115000043,
                47.829235175000065
              ],
              [
                13.29109242000004,
                47.824924398000064
              ],
              [
                13.308011575000023,
                47.82054852300007
              ],
              [
                13.310227308000037,
                47.81722524200006
              ],
              [
                13.31310508000007,
                47.81290899800007
              ],
              [
                13.335316091000038,
                47.81326725400004
              ],
              [
                13.346019288000036,
                47.813439893000066
              ],
              [
                13.351090509000073,
                47.810128114000065
              ],
              [
                13.374155940000037,
                47.80155857600005
              ],
              [
                13.388940125000033,
                47.796065783000074
              ],
              [
                13.396118540000032,
                47.79862988600007
              ],
              [
                13.396769815000027,
                47.79886251900007
              ],
              [
                13.403636712000036,
                47.79928030700006
              ],
              [
                13.433871805000024,
                47.801119836000055
              ],
              [
                13.439234967000061,
                47.80236002600003
              ],
              [
                13.44897091200005,
                47.80461138700008
              ],
              [
                13.482076672000062,
                47.800816746000066
              ],
              [
                13.485473955000032,
                47.79441131500005
              ],
              [
                13.486425767000071,
                47.792616716000055
              ],
              [
                13.490908364000063,
                47.79055922600003
              ],
              [
                13.503741654000066,
                47.79088426100003
              ],
              [
                13.507406958000047,
                47.79355333400008
              ],
              [
                13.512747339000043,
                47.797442198000056
              ],
              [
                13.528843297000037,
                47.79806907500006
              ],
              [
                13.528372812000043,
                47.79414287000003
              ],
              [
                13.529303171000038,
                47.793031677000045
              ],
              [
                13.53392251300005,
                47.787514470000076
              ],
              [
                13.537224193000043,
                47.78357104000003
              ],
              [
                13.533322777000024,
                47.776453891000074
              ],
              [
                13.51541598700004,
                47.772670350000055
              ],
              [
                13.506813029000057,
                47.77559272900004
              ],
              [
                13.488625048000074,
                47.781771089000074
              ],
              [
                13.46512351900003,
                47.78528650900006
              ],
              [
                13.445932841000058,
                47.77103198300006
              ],
              [
                13.438000332000058,
                47.74320937200008
              ],
              [
                13.434546478000073,
                47.73886448400003
              ],
              [
                13.476827287000049,
                47.72398412600006
              ],
              [
                13.48403571800003,
                47.72339528400005
              ],
              [
                13.501718556000071,
                47.72195080800003
              ],
              [
                13.504927605000034,
                47.71971788600007
              ],
              [
                13.507789132000028,
                47.71772677700005
              ],
              [
                13.514026259000048,
                47.71811633800007
              ],
              [
                13.519952946000046,
                47.71848650900006
              ],
              [
                13.55089308600003,
                47.71387548100006
              ],
              [
                13.545366882000053,
                47.703098940000075
              ],
              [
                13.537882273000037,
                47.69579317100005
              ],
              [
                13.534477976000062,
                47.69247021700005
              ],
              [
                13.533862859000067,
                47.68920095300007
              ],
              [
                13.532641652000052,
                47.682710402000055
              ],
              [
                13.516419221000035,
                47.67592644300004
              ],
              [
                13.514728073000072,
                47.675912406000066
              ],
              [
                13.509198679000065,
                47.67586651100004
              ],
              [
                13.49986233900006,
                47.66853486800005
              ],
              [
                13.499380262000045,
                47.66342228100007
              ],
              [
                13.498813,
                47.65740627400004
              ],
              [
                13.491262039000048,
                47.64852140700003
              ],
              [
                13.48442921000003,
                47.64048153300007
              ],
              [
                13.490709035000066,
                47.631211360000066
              ],
              [
                13.507253744000025,
                47.631676939000045
              ],
              [
                13.512397689000068,
                47.63182169300006
              ],
              [
                13.514458757000057,
                47.63073976100003
              ],
              [
                13.519977234000066,
                47.62305590100004
              ],
              [
                13.521139617000074,
                47.616522143000054
              ],
              [
                13.51524970500003,
                47.61033592300004
              ],
              [
                13.506199251000055,
                47.60083016300007
              ],
              [
                13.505609924000055,
                47.59339992000008
              ],
              [
                13.505271717000028,
                47.58913579700004
              ],
              [
                13.504787048000026,
                47.58302509100008
              ],
              [
                13.493627162000053,
                47.576825935000045
              ],
              [
                13.479862697000044,
                47.569179973000075
              ],
              [
                13.48128359900005,
                47.561726890000045
              ],
              [
                13.481444968000062,
                47.56111479600003
              ],
              [
                13.483573713000055,
                47.553040158000044
              ],
              [
                13.479545401000053,
                47.54699700400005
              ],
              [
                13.478271750000033,
                47.545086310000045
              ],
              [
                13.476880296000047,
                47.54299889200007
              ],
              [
                13.477012885000022,
                47.532994459000065
              ],
              [
                13.49012271600003,
                47.51451107300005
              ],
              [
                13.501902030000053,
                47.511058708000064
              ],
              [
                13.502876111000035,
                47.510773218000054
              ],
              [
                13.516361786000061,
                47.49677593800004
              ],
              [
                13.546767934000059,
                47.490050772000075
              ],
              [
                13.585183264000023,
                47.47415901200003
              ],
              [
                13.585584706000077,
                47.47399294200005
              ],
              [
                13.590591990000064,
                47.46963178300007
              ],
              [
                13.591086615000052,
                47.46062529000005
              ],
              [
                13.583176349000041,
                47.447829084000034
              ],
              [
                13.576788789000034,
                47.437496116000034
              ],
              [
                13.575295683000036,
                47.43288540400005
              ],
              [
                13.573338311000043,
                47.426841040000056
              ],
              [
                13.570949662000032,
                47.42464428100004
              ],
              [
                13.563694139000063,
                47.41797162200004
              ],
              [
                13.564158219000035,
                47.416730475000065
              ],
              [
                13.56905039000003,
                47.41015083800005
              ],
              [
                13.573756954000032,
                47.403820831000075
              ],
              [
                13.573014274000059,
                47.40057669600003
              ],
              [
                13.57143506400007,
                47.39367847300008
              ],
              [
                13.58036699400003,
                47.38255261200004
              ],
              [
                13.583009713000024,
                47.36759948900004
              ],
              [
                13.58523963700003,
                47.36351879000006
              ],
              [
                13.598102338000047,
                47.33998039900007
              ],
              [
                13.602570315000037,
                47.33180412300004
              ],
              [
                13.600876974000073,
                47.32810125200007
              ],
              [
                13.595149230000061,
                47.31557625200003
              ],
              [
                13.602145164000035,
                47.309803069000054
              ],
              [
                13.59871260500006,
                47.29367307900003
              ],
              [
                13.606840384000066,
                47.28329560700007
              ],
              [
                13.61991465400007,
                47.282992886000045
              ],
              [
                13.625758295000026,
                47.27887433500007
              ],
              [
                13.631564496000067,
                47.27478217200007
              ],
              [
                13.645616381000025,
                47.274233337000055
              ],
              [
                13.675741713000036,
                47.27305670900006
              ],
              [
                13.69200156900007,
                47.26564845200005
              ],
              [
                13.69420993600005,
                47.26287662300007
              ],
              [
                13.696332588000075,
                47.26021237900005
              ],
              [
                13.711365241000067,
                47.260382873000026
              ],
              [
                13.713474179000059,
                47.266905085000076
              ],
              [
                13.714274978000049,
                47.26938167700007
              ],
              [
                13.72076932400006,
                47.27478217200007
              ],
              [
                13.724672364000071,
                47.27764676600003
              ],
              [
                13.74660584000003,
                47.277303466000035
              ],
              [
                13.749677889000054,
                47.27478217200007
              ],
              [
                13.754124932000025,
                47.27113239300007
              ],
              [
                13.760662492000051,
                47.265766883000026
              ],
              [
                13.780828601000053,
                47.27478217200007
              ],
              [
                13.786112634000062,
                47.27714440700004
              ],
              [
                13.790083555000024,
                47.281140881000056
              ],
              [
                13.790094252000074,
                47.28115164600007
              ],
              [
                13.790863883000043,
                47.28796613600008
              ],
              [
                13.81653775500007,
                47.29557224700005
              ],
              [
                13.825526298000057,
                47.293137380000076
              ],
              [
                13.823778506000053,
                47.28959938300005
              ],
              [
                13.825766860000044,
                47.27478217200007
              ],
              [
                13.825623068000027,
                47.27310467800004
              ],
              [
                13.825172744000042,
                47.26785113900007
              ],
              [
                13.864372263000064,
                47.251693414000044
              ],
              [
                13.86729424200007,
                47.240557452000076
              ],
              [
                13.857095069000025,
                47.233990928000026
              ],
              [
                13.851093642000023,
                47.230127035000066
              ],
              [
                13.865525970000022,
                47.220101525000075
              ],
              [
                13.866743447000033,
                47.21619362900003
              ],
              [
                13.883043282000074,
                47.20445212900006
              ],
              [
                13.890672204000055,
                47.20056592700007
              ],
              [
                13.892927029000077,
                47.19941731100005
              ],
              [
                13.900935057000027,
                47.19533799200008
              ],
              [
                13.898845185000027,
                47.19092150200004
              ],
              [
                13.896466952000026,
                47.18589562300008
              ],
              [
                13.897716074000073,
                47.183334606000074
              ],
              [
                13.903822731000048,
                47.183663412000044
              ],
              [
                13.908473470000047,
                47.18391382600004
              ],
              [
                13.915536082000074,
                47.17941541000005
              ],
              [
                13.916555437000056,
                47.177588333000074
              ],
              [
                13.919529664000038,
                47.17225736900008
              ],
              [
                13.935843421000072,
                47.16838557300008
              ],
              [
                13.943468368000026,
                47.16657592000007
              ],
              [
                13.95653978200005,
                47.16206232800005
              ],
              [
                13.965126307000048,
                47.15441400600008
              ],
              [
                13.96718340800004,
                47.15258167300004
              ],
              [
                13.970214807000048,
                47.14988149800007
              ],
              [
                13.984858688000031,
                47.14499921400005
              ],
              [
                13.993420635000064,
                47.14214465200007
              ],
              [
                13.995103439000047,
                47.13242642600005
              ],
              [
                13.988205480000033,
                47.12646709300003
              ],
              [
                13.972467257000062,
                47.12731280400004
              ],
              [
                13.972428851000075,
                47.12731486800004
              ],
              [
                13.96718340800004,
                47.126295190000064
              ],
              [
                13.963932807000049,
                47.12566329600003
              ],
              [
                13.958593294000025,
                47.12462533200005
              ],
              [
                13.953503921000049,
                47.12871224700007
              ],
              [
                13.945211203000042,
                47.135371543000076
              ],
              [
                13.936596682000072,
                47.13533195400004
              ],
              [
                13.910148929000059,
                47.12329622900006
              ],
              [
                13.902987275000044,
                47.11737909800007
              ],
              [
                13.901105364000045,
                47.11582421800006
              ],
              [
                13.89681997200006,
                47.11419498500004
              ],
              [
                13.890672204000055,
                47.11185770900005
              ],
              [
                13.88324958100003,
                47.109035755000036
              ],
              [
                13.879369455000074,
                47.10021944400006
              ],
              [
                13.879937981000069,
                47.09516220800003
              ],
              [
                13.885126322000076,
                47.09179415300008
              ],
              [
                13.88724565800004,
                47.090418369000076
              ],
              [
                13.890672204000055,
                47.08648051500006
              ],
              [
                13.905797576000055,
                47.06909813900006
              ],
              [
                13.890672204000055,
                47.05082687500004
              ],
              [
                13.878115481000066,
                47.03565850700005
              ],
              [
                13.865812778000077,
                47.02079699300003
              ],
              [
                13.864993979000076,
                47.00731101500003
              ],
              [
                13.864308559000051,
                46.99602184500003
              ],
              [
                13.857912747000057,
                46.99330482100004
              ],
              [
                13.845289983000043,
                46.98794250700007
              ],
              [
                13.84260628100003,
                46.98038083100005
              ],
              [
                13.83297086500005,
                46.97291963500004
              ],
              [
                13.830337051000072,
                46.966715865000026
              ],
              [
                13.828641206000043,
                46.96272141900005
              ],
              [
                13.81184521800003,
                46.951709666000056
              ],
              [
                13.80289521700007,
                46.95090681800008
              ],
              [
                13.800656670000023,
                46.95070601200007
              ],
              [
                13.785132568000051,
                46.94404788600008
              ],
              [
                13.779621853000037,
                46.945714301000066
              ],
              [
                13.776827199000024,
                46.94998488900006
              ],
              [
                13.778017851000072,
                46.95779943100007
              ],
              [
                13.775161216000072,
                46.966729232000034
              ],
              [
                13.771964165000043,
                46.976723168000035
              ],
              [
                13.764510511000026,
                46.980645665000054
              ],
              [
                13.75997876300005,
                46.983030504000055
              ],
              [
                13.758438730000023,
                46.98612816600007
              ],
              [
                13.756422317000045,
                46.99018403200006
              ],
              [
                13.746467783000071,
                46.99367943200008
              ],
              [
                13.74273856800005,
                46.992632720000074
              ],
              [
                13.732964146000029,
                46.989889247000065
              ],
              [
                13.722393644000022,
                46.991520026000046
              ],
              [
                13.720030674000043,
                46.99222545500004
              ],
              [
                13.707546893000028,
                46.995952299000066
              ],
              [
                13.699953090000065,
                47.00341391300003
              ],
              [
                13.699703810000074,
                47.00365885300005
              ],
              [
                13.698711824000043,
                47.00438772900003
              ],
              [
                13.693679729000053,
                47.008085135000044
              ],
              [
                13.687726415000043,
                47.024810512000045
              ],
              [
                13.690475253000045,
                47.02985411700007
              ],
              [
                13.694263628000044,
                47.03680507900003
              ],
              [
                13.686604990000035,
                47.04001783700005
              ],
              [
                13.667184390000045,
                47.04012692900005
              ],
              [
                13.648473421000062,
                47.04023203400004
              ],
              [
                13.643314357000065,
                47.04377779500004
              ],
              [
                13.641627884000059,
                47.04722407000003
              ],
              [
                13.637493531000075,
                47.05567254300007
              ],
              [
                13.615237144000048,
                47.05980198200007
              ],
              [
                13.59646914700005,
                47.05576597700008
              ],
              [
                13.594544165000059,
                47.05535201500004
              ],
              [
                13.575401656000054,
                47.05282282500008
              ],
              [
                13.566536289000055,
                47.05514852700003
              ],
              [
                13.560619608000025,
                47.05670068400008
              ],
              [
                13.51336162900003,
                47.06909813900006
              ],
              [
                13.456824253000036,
                47.07979248400005
              ],
              [
                13.442064053000024,
                47.07836580000003
              ],
              [
                13.42808711500004,
                47.08120228000007
              ],
              [
                13.412752055000055,
                47.073149724000075
              ],
              [
                13.406176772000038,
                47.069696993000036
              ],
              [
                13.386661718000028,
                47.07708236500008
              ],
              [
                13.381060767000065,
                47.088785520000044
              ],
              [
                13.379093706000049,
                47.09289568200006
              ],
              [
                13.363376004000031,
                47.09815452200007
              ],
              [
                13.354584094000074,
                47.097303373000045
              ],
              [
                13.33275597100004,
                47.09527708200005
              ],
              [
                13.316411811000023,
                47.08962121900004
              ],
              [
                13.307886991000032,
                47.08667122300005
              ],
              [
                13.302265754000075,
                47.08881764700004
              ],
              [
                13.28636380100005,
                47.09488968100004
              ],
              [
                13.276297331000023,
                47.09520045200003
              ],
              [
                13.250155930000062,
                47.08734007000004
              ],
              [
                13.240639904000034,
                47.073495223000066
              ],
              [
                13.243793309000068,
                47.07021376100005
              ],
              [
                13.244865394000044,
                47.06909813900006
              ],
              [
                13.248512470000037,
                47.051489874000026
              ],
              [
                13.214008185000068,
                47.043344697000066
              ],
              [
                13.19961909500006,
                47.043729135000035
              ],
              [
                13.186299937000058,
                47.044084988000066
              ],
              [
                13.16893981100003,
                47.041620505000026
              ],
              [
                13.162511438000024,
                47.038093927000034
              ],
              [
                13.159842240000046,
                47.03662961600003
              ],
              [
                13.148106165000058,
                47.03590632700008
              ],
              [
                13.13492261700003,
                47.03509383000005
              ],
              [
                13.132717787000047,
                47.033569431000046
              ],
              [
                13.122933577000026,
                47.02680472000003
              ],
              [
                13.090611629000023,
                47.02717514500006
              ],
              [
                13.082673804000024,
                47.02726611600008
              ],
              [
                13.078135141000075,
                47.02071534400005
              ],
              [
                13.073107551000021,
                47.01345889000004
              ],
              [
                13.02280139000004,
                47.02945225500008
              ],
              [
                13.021744536000028,
                47.03376063400003
              ],
              [
                13.019983758000023,
                47.04093863000003
              ],
              [
                13.003946490000033,
                47.04396482300007
              ],
              [
                12.999192826000069,
                47.04184606800004
              ],
              [
                12.98642869400004,
                47.03615696800006
              ],
              [
                12.964556281000057,
                47.03995760200007
              ],
              [
                12.955827730000067,
                47.044941891000065
              ],
              [
                12.953945598000075,
                47.04954951000008
              ],
              [
                12.954303802000027,
                47.05108764100004
              ],
              [
                12.954999542000053,
                47.054075158000046
              ],
              [
                12.947349,
                47.05814534600006
              ],
              [
                12.944468166000036,
                47.05967798700004
              ],
              [
                12.942971832000069,
                47.06258727800008
              ],
              [
                12.939623106000056,
                47.06909813900006
              ],
              [
                12.93536298500004,
                47.07697164700005
              ],
              [
                12.92054792600004,
                47.08115942400008
              ],
              [
                12.894254791000037,
                47.08139900800006
              ],
              [
                12.871768933000055,
                47.08587122900008
              ],
              [
                12.859947667000029,
                47.081743490000065
              ],
              [
                12.859085096000058,
                47.08144229800007
              ],
              [
                12.840630024000063,
                47.08236296600006
              ],
              [
                12.828117794000036,
                47.091359158000046
              ],
              [
                12.820463694000068,
                47.09686239500007
              ],
              [
                12.806239638000022,
                47.097658627000044
              ],
              [
                12.805358715000068,
                47.097462120000046
              ],
              [
                12.800367268000059,
                47.09634868000006
              ],
              [
                12.786043500000062,
                47.09315348600006
              ],
              [
                12.773314446000029,
                47.099896587000046
              ],
              [
                12.756920997000066,
                47.09852561500003
              ],
              [
                12.737552150000056,
                47.10107843000003
              ],
              [
                12.734329432000038,
                47.10445583100005
              ],
              [
                12.732399861000033,
                47.12110222200005
              ],
              [
                12.731221210000058,
                47.13127043500003
              ],
              [
                12.724883270000078,
                47.13118815400003
              ],
              [
                12.715308243000038,
                47.12722346100003
              ],
              [
                12.703664930000059,
                47.12240236200006
              ],
              [
                12.676781168000048,
                47.122269319000054
              ],
              [
                12.666192090000038,
                47.12221691500008
              ],
              [
                12.668149007000068,
                47.11738425500005
              ],
              [
                12.671505509000042,
                47.109095284000034
              ],
              [
                12.656082919000028,
                47.099700975000076
              ],
              [
                12.640645498000026,
                47.105114926000056
              ],
              [
                12.619205144000034,
                47.12013392500006
              ],
              [
                12.592291412000066,
                47.12553702400004
              ],
              [
                12.586105124000028,
                47.13158639400007
              ],
              [
                12.566098767000028,
                47.134807084000045
              ],
              [
                12.552653544000066,
                47.12887556900006
              ],
              [
                12.543396118000032,
                47.13032322600003
              ],
              [
                12.52794037600006,
                47.13813595500005
              ],
              [
                12.520186677000027,
                47.15053614400006
              ],
              [
                12.50625294100007,
                47.153056553000056
              ],
              [
                12.497523018000038,
                47.157756240000026
              ],
              [
                12.483651167000062,
                47.15798433700007
              ],
              [
                12.482150556000022,
                47.152493195000034
              ],
              [
                12.473199071000067,
                47.15213582600006
              ],
              [
                12.46433197400006,
                47.147778807000066
              ],
              [
                12.449644341000067,
                47.14533925000006
              ],
              [
                12.434308182000052,
                47.149529941000026
              ],
              [
                12.418261334000022,
                47.14268896400006
              ],
              [
                12.398905644000024,
                47.15212100400004
              ],
              [
                12.36572632800005,
                47.14042059500008
              ],
              [
                12.356306429000028,
                47.12910644100003
              ],
              [
                12.357519897000032,
                47.11283125600005
              ],
              [
                12.346906420000039,
                47.10897791700006
              ],
              [
                12.319104517000028,
                47.10591700600003
              ],
              [
                12.305233858000065,
                47.092970696000066
              ],
              [
                12.290641969000035,
                47.094543731000044
              ],
              [
                12.283341159000031,
                47.09220963900003
              ],
              [
                12.266077345000042,
                47.075507092000066
              ],
              [
                12.240745397000069,
                47.06916836200003
              ],
              [
                12.225678966000032,
                47.08216235300006
              ],
              [
                12.186345053000025,
                47.091723400000035
              ],
              [
                12.15310346900003,
                47.07984759500005
              ],
              [
                12.13601377200007,
                47.08066745900004
              ],
              [
                12.126345298000047,
                47.09328295600005
              ],
              [
                12.128431290000037,
                47.107659725000076
              ],
              [
                12.115612268000064,
                47.122194583000066
              ],
              [
                12.11163100500005,
                47.13806251900007
              ],
              [
                12.09344412400003,
                47.14613794100006
              ],
              [
                12.09310756800005,
                47.16164856600005
              ],
              [
                12.086955098000033,
                47.16955899800007
              ],
              [
                12.08839996200004,
                47.178840421000075
              ],
              [
                12.082147587000065,
                47.193647147000036
              ],
              [
                12.088384079000036,
                47.206363070000066
              ],
              [
                12.087121887000023,
                47.21542536100003
              ],
              [
                12.103586404000055,
                47.23691457800004
              ],
              [
                12.111169116000042,
                47.24131836600003
              ],
              [
                12.100586217000057,
                47.256825787000025
              ],
              [
                12.078656083000055,
                47.26835533800005
              ],
              [
                12.078806618000044,
                47.27478217200007
              ],
              [
                12.082241343000021,
                47.28057348500005
              ],
              [
                12.092602929000066,
                47.285452673000066
              ],
              [
                12.113238558000035,
                47.305497926000044
              ],
              [
                12.123497918000055,
                47.302037907000056
              ],
              [
                12.14317920600007,
                47.288851470000054
              ],
              [
                12.16474806900004,
                47.301637483000036
              ],
              [
                12.196491335000076,
                47.29938037100004
              ],
              [
                12.207821547000037,
                47.30249842600006
              ],
              [
                12.218988281000065,
                47.31139558900003
              ],
              [
                12.229619863000039,
                47.311227759000076
              ],
              [
                12.232817328000067,
                47.30429543900004
              ],
              [
                12.237675354000032,
                47.301504591000025
              ],
              [
                12.245802112000035,
                47.30260255700006
              ],
              [
                12.254704753000055,
                47.30800345100005
              ],
              [
                12.26404328700005,
                47.302304020000065
              ],
              [
                12.294217423000077,
                47.32538441000003
              ],
              [
                12.296726699000033,
                47.33187381000005
              ],
              [
                12.313551455000038,
                47.329734976000054
              ],
              [
                12.320452104000026,
                47.32598524000008
              ],
              [
                12.334943328000065,
                47.328285648000076
              ],
              [
                12.342354186000023,
                47.32179084100005
              ],
              [
                12.374506488000065,
                47.31142708100003
              ],
              [
                12.389152398000022,
                47.31504279500007
              ],
              [
                12.409283644000027,
                47.31394714600003
              ],
              [
                12.42045530400003,
                47.32227307900007
              ],
              [
                12.440990385000077,
                47.328592109000056
              ],
              [
                12.469574842000043,
                47.32437938100003
              ],
              [
                12.478077914000039,
                47.32662146200005
              ],
              [
                12.487062396000056,
                47.33683937400008
              ],
              [
                12.494995953000057,
                47.33782662100003
              ],
              [
                12.496937556000034,
                47.34769315500006
              ],
              [
                12.48708068700006,
                47.35265597000006
              ],
              [
                12.486542943000075,
                47.359216278000076
              ],
              [
                12.48310882000004,
                47.36351879000006
              ],
              [
                12.47913223200004,
                47.368500941000036
              ],
              [
                12.483538468000063,
                47.37737540400008
              ],
              [
                12.49687356000004,
                47.381366651000064
              ],
              [
                12.505761879000033,
                47.392356361000054
              ],
              [
                12.526090497000041,
                47.39105962300005
              ],
              [
                12.545593248000046,
                47.39740284800007
              ],
              [
                12.56080948500005,
                47.39942560000003
              ],
              [
                12.566420015000062,
                47.394344422000074
              ],
              [
                12.577436915000021,
                47.39254353600006
              ],
              [
                12.587331429000074,
                47.397736906000034
              ],
              [
                12.590696384000069,
                47.40290952000004
              ],
              [
                12.602637564000077,
                47.41275279700005
              ],
              [
                12.620083473000022,
                47.417663452000056
              ],
              [
                12.62499036500003,
                47.42246540700006
              ],
              [
                12.626691123000057,
                47.427927313000055
              ],
              [
                12.632317054000055,
                47.43207496500003
              ],
              [
                12.638039147000029,
                47.43945923100006
              ],
              [
                12.63769209700007,
                47.44766139700005
              ],
              [
                12.631551906000027,
                47.45919828600006
              ],
              [
                12.634580115000063,
                47.46615502000003
              ],
              [
                12.666773828000032,
                47.465731660000074
              ],
              [
                12.699362415000053,
                47.47761644500008
              ],
              [
                12.69595806500007,
                47.488233825000066
              ],
              [
                12.683370965000051,
                47.49455160600007
              ],
              [
                12.673347798000066,
                47.499582485000076
              ],
              [
                12.672053343000073,
                47.50219352400006
              ],
              [
                12.669592539000064,
                47.50715720200003
              ],
              [
                12.666594026000041,
                47.50587978000004
              ],
              [
                12.665186217000041,
                47.50528002800007
              ],
              [
                12.658876020000037,
                47.51461113000005
              ],
              [
                12.655784520000054,
                47.52616523300003
              ],
              [
                12.653156699000021,
                47.53598639200004
              ],
              [
                12.64931994400007,
                47.536783221000064
              ],
              [
                12.64567835400004,
                47.53753951700003
              ],
              [
                12.634443579000049,
                47.545086310000045
              ],
              [
                12.628945833000046,
                47.54877933900008
              ],
              [
                12.636518029000058,
                47.552621302000034
              ],
              [
                12.641524571000048,
                47.55516151000006
              ],
              [
                12.653949511000064,
                47.570276179000075
              ],
              [
                12.664040397000065,
                47.57726056400003
              ],
              [
                12.663703732000045,
                47.58071746100006
              ],
              [
                12.653630668000062,
                47.58808533500007
              ],
              [
                12.625530599000058,
                47.596616390000065
              ],
              [
                12.58740742200007,
                47.603612948000034
              ],
              [
                12.576275464000048,
                47.605655941000066
              ],
              [
                12.570775086000026,
                47.61562587100008
              ],
              [
                12.575026261000062,
                47.632315980000044
              ],
              [
                12.584763390000035,
                47.650069967000036
              ],
              [
                12.604631582000025,
                47.67316211000008
              ],
              [
                12.630164882000031,
                47.67563779200003
              ],
              [
                12.638442122000072,
                47.67177596100004
              ],
              [
                12.649995666000052,
                47.67082567600005
              ],
              [
                12.665502107000066,
                47.68041843700007
              ],
              [
                12.695795413000042,
                47.682222995000075
              ],
              [
                12.714780894000057,
                47.676749287000064
              ],
              [
                12.719263695000052,
                47.67744237800008
              ],
              [
                12.724883270000078,
                47.67831122800004
              ],
              [
                12.732641699000055,
                47.67907683100003
              ],
              [
                12.744923397000036,
                47.675221054000076
              ],
              [
                12.75002723800003,
                47.671175678000054
              ],
              [
                12.758397693000063,
                47.66454113700007
              ],
              [
                12.771762427000056,
                47.66664
              ],
              [
                12.773042502000067,
                47.66684102900007
              ],
              [
                12.78209152100004,
                47.67286362300007
              ],
              [
                12.782659533000071,
                47.66884951600008
              ],
              [
                12.77713446000007,
                47.66062705600007
              ],
              [
                12.770506776000047,
                47.65811934200008
              ],
              [
                12.761562252000033,
                47.654735007000056
              ],
              [
                12.759925998000028,
                47.65099958500008
              ],
              [
                12.779081423000036,
                47.63395069200004
              ],
              [
                12.784764323000047,
                47.63330808400008
              ],
              [
                12.789817776000064,
                47.63273665300005
              ],
              [
                12.793261778000044,
                47.63073976100003
              ],
              [
                12.799438258000066,
                47.62715853000003
              ],
              [
                12.816654311000036,
                47.61298254600007
              ],
              [
                12.802452814000048,
                47.60478723600005
              ],
              [
                12.791327348000038,
                47.59836702200005
              ],
              [
                12.793625568000039,
                47.59339992000008
              ],
              [
                12.77920068900005,
                47.57916275400004
              ],
              [
                12.786357917000032,
                47.56802036200003
              ],
              [
                12.79156469000003,
                47.56490113800004
              ],
              [
                12.795094891000076,
                47.55668693700005
              ],
              [
                12.800367268000059,
                47.55317374600003
              ],
              [
                12.817509464000068,
                47.545501898000055
              ],
              [
                12.837756626000044,
                47.54521532800004
              ],
              [
                12.84687221400003,
                47.545086310000045
              ],
              [
                12.848843599000077,
                47.540157212000054
              ],
              [
                12.852635083000052,
                47.530677283000045
              ],
              [
                12.873024598000029,
                47.523843929000066
              ],
              [
                12.881552546000023,
                47.520985867000036
              ],
              [
                12.884595639000054,
                47.517904042000055
              ],
              [
                12.884550644000058,
                47.516068086000075
              ],
              [
                12.884469461000037,
                47.51275556600007
              ],
              [
                12.90883315700006,
                47.496914625000045
              ],
              [
                12.931923279000046,
                47.487750392000066
              ],
              [
                12.966622208000047,
                47.474848217000044
              ],
              [
                12.971881026000062,
                47.47502489100003
              ],
              [
                12.972973179000064,
                47.47821461500007
              ],
              [
                12.97495592100006,
                47.48400538200008
              ],
              [
                12.983971691000022,
                47.48165918800004
              ],
              [
                12.993595678000077,
                47.477806420000036
              ],
              [
                12.99407422400003,
                47.471967533000054
              ],
              [
                12.994097320000037,
                47.47168573600004
              ],
              [
                13.002754630000027,
                47.46408472400003
              ],
              [
                13.01793548300003,
                47.47472130800003
              ],
              [
                13.022389247000035,
                47.47990214300006
              ],
              [
                13.027844836000043,
                47.48624834900005
              ],
              [
                13.03497654000006,
                47.48843890300003
              ],
              [
                13.046373145000075,
                47.491939451000064
              ],
              [
                13.046522613000036,
                47.513072445000034
              ],
              [
                13.045247372000063,
                47.51532623000003
              ],
              [
                13.043686647000072,
                47.51808456300006
              ],
              [
                13.046055369000044,
                47.52050256700005
              ],
              [
                13.044920620000028,
                47.524501291000036
              ],
              [
                13.039892248000058,
                47.52789833800006
              ],
              [
                13.031706513000074,
                47.53342842300003
              ],
              [
                13.042084725000052,
                47.545086310000045
              ],
              [
                13.046263053000075,
                47.54977984300007
              ],
              [
                13.056546449000052,
                47.561331222000035
              ],
              [
                13.051247148000073,
                47.56423848400004
              ],
              [
                13.04940993300005,
                47.56524640300006
              ],
              [
                13.04277597500004,
                47.57443334100003
              ],
              [
                13.044366837000041,
                47.58254753800003
              ],
              [
                13.059332113000039,
                47.58502944900005
              ],
              [
                13.068306279000069,
                47.58651776600004
              ],
              [
                13.071507843000063,
                47.58989857000006
              ],
              [
                13.068797432000054,
                47.59339992000008
              ],
              [
                13.067354313000067,
                47.59526416400007
              ],
              [
                13.062736174000065,
                47.601229947000036
              ],
              [
                13.071747437000056,
                47.60879899500003
              ],
              [
                13.093321896000077,
                47.62692055400004
              ],
              [
                13.095954795000068,
                47.62864166900005
              ],
              [
                13.09653582900006,
                47.63073976100003
              ],
              [
                13.097948211000073,
                47.63371708400007
              ],
              [
                13.09636190200007,
                47.64058565900007
              ],
              [
                13.090915626000026,
                47.646458980000034
              ],
              [
                13.088490810000053,
                47.649073927000074
              ],
              [
                13.088674058000038,
                47.65297377200005
              ],
              [
                13.088756516000046,
                47.65472863200006
              ],
              [
                13.087725846000069,
                47.65572961100003
              ],
              [
                13.079757457000028,
                47.66346845500004
              ],
              [
                13.076948246000029,
                47.67305886500003
              ],
              [
                13.078527326000028,
                47.68246377600008
              ],
              [
                13.079383352000036,
                47.68756221700005
              ],
              [
                13.064018962000034,
                47.69520931500006
              ],
              [
                13.047965228000066,
                47.70911895200004
              ],
              [
                13.04594099700006,
                47.712697983000055
              ],
              [
                13.016631941000071,
                47.72263116500005
              ],
              [
                13.00853156100004,
                47.721738747000074
              ],
              [
                13.004027190000045,
                47.715355361000036
              ],
              [
                13.003692620000038,
                47.71488122400007
              ],
              [
                12.998363318000031,
                47.71319264300007
              ],
              [
                12.987198331000059,
                47.70741134900004
              ],
              [
                12.956687127000066,
                47.70827982700007
              ],
              [
                12.953110705000029,
                47.70940999900006
              ],
              [
                12.944952132000026,
                47.71198816000003
              ],
              [
                12.93610480600006,
                47.71063856400008
              ],
              [
                12.92985959200007,
                47.70968590100006
              ],
              [
                12.905614453000055,
                47.72410643400008
              ],
              [
                12.913566352000032,
                47.73739700800007
              ],
              [
                12.920234081000046,
                47.74320937200008
              ],
              [
                12.929794169000047,
                47.745912274000034
              ],
              [
                12.933540669000024,
                47.74697151300006
              ],
              [
                12.935086481000042,
                47.75208062300004
              ],
              [
                12.936830283000063,
                47.75784411800004
              ],
              [
                12.939768401000038,
                47.76008555700008
              ],
              [
                12.943464844000061,
                47.76290550900006
              ],
              [
                12.94144899400004,
                47.77048726700008
              ],
              [
                12.939090904000068,
                47.77041318800008
              ],
              [
                12.927708003000077,
                47.770055598000056
              ],
              [
                12.938524538000024,
                47.779046752000056
              ],
              [
                12.939696068000046,
                47.78002057600003
              ],
              [
                12.940229266000074,
                47.78308152400007
              ],
              [
                12.940524826000058,
                47.78477825200008
              ],
              [
                12.942347712000071,
                47.78538220300004
              ],
              [
                12.947387556000024,
                47.787051983000026
              ],
              [
                12.963251542000023,
                47.79943307800005
              ],
              [
                12.977322095000034,
                47.81722524200006
              ],
              [
                12.978790754000045,
                47.81908235600008
              ],
              [
                12.989065738000022,
                47.83196298200005
              ],
              [
                13.002560715000072,
                47.84257714600005
              ],
              [
                13.001389926000058,
                47.85439459100007
              ],
              [
                12.988183727000035,
                47.86872289400003
              ],
              [
                12.987598383000034,
                47.869191613000055
              ],
              [
                12.966650859000026,
                47.90036850400003
              ],
              [
                12.966457576000039,
                47.90066550200004
              ],
              [
                12.959856633000072,
                47.90763584300004
              ],
              [
                12.947164151000038,
                47.92103861600003
              ],
              [
                12.939508266000075,
                47.93617132500003
              ],
              [
                12.93926205400004,
                47.93665799000007
              ],
              [
                12.93695292600006,
                47.94276164100006
              ],
              [
                12.934019849000038,
                47.94153586200008
              ],
              [
                12.928473202000077,
                47.939217832000054
              ],
              [
                12.921207716000026,
                47.94042478000006
              ],
              [
                12.920736689000023,
                47.949900512000056
              ],
              [
                12.920687871000041,
                47.950882593000074
              ],
              [
                12.911966303000042,
                47.95668043100005
              ],
              [
                12.875785694000058,
                47.96260914100003
              ],
              [
                12.869508138000072,
                47.96951482600008
              ],
              [
                12.860181681000029,
                47.996639851000054
              ],
              [
                12.87864631900004,
                47.99645419900003
              ],
              [
                12.882446684000058,
                47.99513626300006
              ],
              [
                12.891632973000071,
                47.99195053100004
              ],
              [
                12.896185295000066,
                48.00153054900005
              ],
              [
                12.897878255000023,
                48.005093257000055
              ],
              [
                12.91106257000007,
                48.02130852800008
              ],
              [
                12.918496651000055,
                48.023594426000045
              ],
              [
                12.922464469000033,
                48.02481448700007
              ],
              [
                12.925351011000032,
                48.02716922900004
              ],
              [
                12.934930808000047,
                48.03498410200007
              ],
              [
                12.939677589000041,
                48.036384127000076
              ],
              [
                12.961501304000024,
                48.03315091700006
              ],
              [
                12.969142956000042,
                48.02729445500006
              ],
              [
                12.973864328000047,
                48.023676057000046
              ],
              [
                12.98396781200006,
                48.026341426000045
              ],
              [
                12.989602708000064,
                48.02782795000007
              ],
              [
                12.992880730000024,
                48.02827321900003
              ],
              [
                13.008203341000069,
                48.030354558000056
              ],
              [
                13.008381604000022,
                48.031632890000026
              ],
              [
                13.008848353000076,
                48.03497997200003
              ],
              [
                13.011886662000052,
                48.03618909700003
              ],
              [
                13.017405796000048,
                48.03645123200005
              ],
              [
                13.020970785000031,
                48.03436147900004
              ],
              [
                13.02468228600003,
                48.032185843000036
              ],
              [
                13.035156417000053,
                48.037436084000035
              ],
              [
                13.041667335000056,
                48.04069973400004
              ],
              [
                13.048362783000073,
                48.03670205100008
              ],
              [
                13.046630219000065,
                48.03319955300003
              ]
            ]
          ]
        ]
      }
    }
  ]
}