{
  "type": "FeatureCollection",
  "name": "slovenia NUTS2",
  "features": [
    {
      "type": "Feature",
      "properties": {
        "NUTS_ID": "SI03",
        "LEVL_CODE": 2,
        "CNTR_CODE": "SI",
        "NAME_LATN": "Vzhodna Slovenija",
        "NUTS_NAME": "Vzhodna Slovenija",
        "MOUNT_TYPE": null,
        "URBN_TYPE": null,
        "COAST_TYPE": null,
        "NAME_ENGL": "Slovenia",
        "NAME_FREN": "Slovénie",
        "ISO3_CODE": "SVN",
        "SVRG_UN": "UN Member State",
        "CAPT": "Ljubljana",
        "EU_STAT": "T",
        "EFTA_STAT": "F",
        "CC_STAT": "F",
        "NAME_GERM": "Slowenien",
        "region_id": "slovenia_eastern_slovenia",
        "region_code": "SI03",
        "region_name": "Vzhodna Slovenija",
        "source_dataset": "Eurostat GISCO NUTS 2024",
        "geometry_version": "NUTS 2024 / 1:1M / EPSG:4326",
        "source_url": "https://gisco-services.ec.europa.eu/distribution/v2/nuts/geojson/NUTS_RG_01M_2024_4326_LEVL_2.geojson",
        "attribution": "European Commission - Eurostat/GISCO"
      },
      "geometry": {
        "type": "MultiPolygon",
        "coordinates": [
          [
            [
              [
                16.241758872000048,
                46.87628591400005
              ],
              [
                16.26449565400003,
                46.87200388400004
              ],
              [
                16.291385255000023,
                46.87283351200006
              ],
              [
                16.297566578000044,
                46.86637246500004
              ],
              [
                16.300547685000026,
                46.860615867000035
              ],
              [
                16.312077241000054,
                46.85741465700005
              ],
              [
                16.31703443300006,
                46.856038280000064
              ],
              [
                16.324687822000044,
                46.84962981900003
              ],
              [
                16.32940522000007,
                46.84567976900007
              ],
              [
                16.330864964000057,
                46.84581650900003
              ],
              [
                16.33744918000002,
                46.84643327600003
              ],
              [
                16.34321966300007,
                46.84323145800005
              ],
              [
                16.347087518000023,
                46.840339992000054
              ],
              [
                16.349918907000074,
                46.831175476000055
              ],
              [
                16.346218454000052,
                46.82933118700004
              ],
              [
                16.34493771800004,
                46.82869287400007
              ],
              [
                16.340471534000073,
                46.82029650000004
              ],
              [
                16.34016992200003,
                46.81186525800007
              ],
              [
                16.33988789700004,
                46.80398155600005
              ],
              [
                16.32752694800007,
                46.801028994000035
              ],
              [
                16.31308019100004,
                46.797578213000065
              ],
              [
                16.312161471000024,
                46.778002428000036
              ],
              [
                16.329971011000055,
                46.77790050200008
              ],
              [
                16.31969030700003,
                46.75460219000007
              ],
              [
                16.331490914000028,
                46.748446700000045
              ],
              [
                16.345346779000067,
                46.736225379000075
              ],
              [
                16.356934816000035,
                46.71550850800003
              ],
              [
                16.370793261000074,
                46.722243537000054
              ],
              [
                16.379197856000076,
                46.71265629000004
              ],
              [
                16.368553271000053,
                46.70422941100003
              ],
              [
                16.383521702000053,
                46.69829720100006
              ],
              [
                16.402734560000056,
                46.69703915900004
              ],
              [
                16.420253829000046,
                46.69589201200006
              ],
              [
                16.426504524000052,
                46.69486092300008
              ],
              [
                16.42662468900005,
                46.69188093000008
              ],
              [
                16.421475701000077,
                46.67448632600008
              ],
              [
                16.424097222000057,
                46.66800216100006
              ],
              [
                16.41961271100007,
                46.66488046300003
              ],
              [
                16.419797840000058,
                46.658479646000046
              ],
              [
                16.404608952000046,
                46.65930432300007
              ],
              [
                16.401091687000076,
                46.66156080600007
              ],
              [
                16.39762834900006,
                46.66378269200004
              ],
              [
                16.393412411000043,
                46.66180288000004
              ],
              [
                16.38553181700007,
                46.651845722000076
              ],
              [
                16.39037931000007,
                46.63822225600006
              ],
              [
                16.392753613000025,
                46.63417306500003
              ],
              [
                16.397657405000075,
                46.633407083000066
              ],
              [
                16.40441757700006,
                46.632351130000075
              ],
              [
                16.41728774300003,
                46.62041968900007
              ],
              [
                16.42392271700004,
                46.61426865800007
              ],
              [
                16.427144526000063,
                46.613898461000076
              ],
              [
                16.431655773000045,
                46.61338010400004
              ],
              [
                16.433662801000025,
                46.61314949000007
              ],
              [
                16.44541862600005,
                46.61097949200007
              ],
              [
                16.45329836800005,
                46.59986774600003
              ],
              [
                16.461619007000024,
                46.59617018400007
              ],
              [
                16.46862421900005,
                46.58692674000008
              ],
              [
                16.474451135000038,
                46.58645600600005
              ],
              [
                16.481975490000025,
                46.579877827000075
              ],
              [
                16.48229029400005,
                46.57741412900003
              ],
              [
                16.48367531100007,
                46.566574795000065
              ],
              [
                16.494948065000074,
                46.56302752600004
              ],
              [
                16.502209419000053,
                46.56423567500008
              ],
              [
                16.508419520000075,
                46.56526891500005
              ],
              [
                16.516480985000044,
                46.555431586000054
              ],
              [
                16.51899609700007,
                46.54967738700003
              ],
              [
                16.51879468100003,
                46.54489760100006
              ],
              [
                16.518446036000057,
                46.53662390900007
              ],
              [
                16.525381880000054,
                46.533843180000076
              ],
              [
                16.531497256000023,
                46.53139139400008
              ],
              [
                16.528803700000026,
                46.52604252200007
              ],
              [
                16.52501882300004,
                46.518526499000075
              ],
              [
                16.52925512400003,
                46.515004488000045
              ],
              [
                16.532170130000054,
                46.512580987000035
              ],
              [
                16.529467569000076,
                46.50980988100008
              ],
              [
                16.524844975000065,
                46.50507004600007
              ],
              [
                16.556424220000054,
                46.49154346800003
              ],
              [
                16.566002446000027,
                46.48874218000003
              ],
              [
                16.567588666000063,
                46.488278267000055
              ],
              [
                16.568488466000076,
                46.48770590600003
              ],
              [
                16.584922781000046,
                46.47725206100006
              ],
              [
                16.596804964000057,
                46.47590244000003
              ],
              [
                16.573740747000045,
                46.471730311000044
              ],
              [
                16.557951579000076,
                46.47813720500005
              ],
              [
                16.55408564000004,
                46.47970591700005
              ],
              [
                16.550491960000045,
                46.47856626600003
              ],
              [
                16.543708452000033,
                46.47641503700004
              ],
              [
                16.53561338700007,
                46.47942205100003
              ],
              [
                16.532311492000076,
                46.480648581000025
              ],
              [
                16.52735955000003,
                46.47989679400007
              ],
              [
                16.51554195800003,
                46.478102687000046
              ],
              [
                16.511301639000067,
                46.48031753300006
              ],
              [
                16.514767796000058,
                46.482012574000066
              ],
              [
                16.515283622000027,
                46.484137298000064
              ],
              [
                16.516761992000056,
                46.49022680400003
              ],
              [
                16.50754450100004,
                46.49212697000007
              ],
              [
                16.505939451000074,
                46.49510678300004
              ],
              [
                16.495023540000034,
                46.498847203000025
              ],
              [
                16.48945622100007,
                46.50075488700003
              ],
              [
                16.487262199000043,
                46.504482352000025
              ],
              [
                16.484999851000055,
                46.50832589700008
              ],
              [
                16.474335213000074,
                46.51125719000004
              ],
              [
                16.47254795300006,
                46.51174843800004
              ],
              [
                16.472455969000066,
                46.511854920000076
              ],
              [
                16.469202981000024,
                46.51562063800003
              ],
              [
                16.464090474000045,
                46.51501340100003
              ],
              [
                16.46290937200007,
                46.51938168300006
              ],
              [
                16.453118398000072,
                46.51800561300007
              ],
              [
                16.440937407000035,
                46.516293639000025
              ],
              [
                16.439448597000023,
                46.522353561000045
              ],
              [
                16.438659941000026,
                46.525563635000026
              ],
              [
                16.431655773000045,
                46.528749176000076
              ],
              [
                16.42921711100007,
                46.53156218300006
              ],
              [
                16.425821779000046,
                46.531889713000055
              ],
              [
                16.422620592000044,
                46.52824926400007
              ],
              [
                16.41235746800004,
                46.53283759900006
              ],
              [
                16.41131651200004,
                46.531301521000046
              ],
              [
                16.40856271100006,
                46.52723789700008
              ],
              [
                16.40276235600004,
                46.53211180800008
              ],
              [
                16.402638998000043,
                46.53406157400008
              ],
              [
                16.402351947000056,
                46.53859860500006
              ],
              [
                16.396374308000077,
                46.536054181000054
              ],
              [
                16.39634462500004,
                46.536041546000035
              ],
              [
                16.37292953800005,
                46.54332783900003
              ],
              [
                16.37187159700005,
                46.54654895900006
              ],
              [
                16.374608352000052,
                46.54843811600006
              ],
              [
                16.377793670000074,
                46.55063691200007
              ],
              [
                16.36991571300007,
                46.55368795000004
              ],
              [
                16.36300894900006,
                46.54817479700006
              ],
              [
                16.35725840400005,
                46.54358456800003
              ],
              [
                16.355262570000036,
                46.54528133100007
              ],
              [
                16.35318267200006,
                46.54704956100005
              ],
              [
                16.344073706000074,
                46.54110200900004
              ],
              [
                16.33950277300005,
                46.528511163000076
              ],
              [
                16.33252206700007,
                46.529153542000074
              ],
              [
                16.328497327000036,
                46.529523907000055
              ],
              [
                16.317884357000025,
                46.52592229900006
              ],
              [
                16.313045979000037,
                46.52445395700005
              ],
              [
                16.31358105700002,
                46.520702785000026
              ],
              [
                16.302041700000075,
                46.51237511100004
              ],
              [
                16.29191376400007,
                46.51444391200005
              ],
              [
                16.283894967000037,
                46.51608188600005
              ],
              [
                16.267547712000066,
                46.515109574000064
              ],
              [
                16.267057602000023,
                46.511018697000054
              ],
              [
                16.266406364000034,
                46.50558291700003
              ],
              [
                16.252237540000067,
                46.50048174500006
              ],
              [
                16.242297462000067,
                46.49746314300006
              ],
              [
                16.242148436000036,
                46.49007557200008
              ],
              [
                16.241931564000026,
                46.48496510700005
              ],
              [
                16.245401815000037,
                46.48351507000007
              ],
              [
                16.251304865000066,
                46.48104849300006
              ],
              [
                16.258416366000063,
                46.47108881300005
              ],
              [
                16.259930741000062,
                46.46093053900006
              ],
              [
                16.265023773000053,
                46.453370276000044
              ],
              [
                16.26637256600003,
                46.44122714000008
              ],
              [
                16.266690295000046,
                46.43836664000003
              ],
              [
                16.270729405000054,
                46.43244149000003
              ],
              [
                16.271609918000024,
                46.431331028000045
              ],
              [
                16.27225615800006,
                46.428308704000074
              ],
              [
                16.27505432600003,
                46.415222279000034
              ],
              [
                16.28021786900007,
                46.414502592000076
              ],
              [
                16.283781026000042,
                46.41400596400007
              ],
              [
                16.30041163900006,
                46.40397644900003
              ],
              [
                16.307012204000046,
                46.39667103600004
              ],
              [
                16.30154886400004,
                46.378287906000025
              ],
              [
                16.269130197000038,
                46.377369989000044
              ],
              [
                16.26452609300003,
                46.376327349000064
              ],
              [
                16.255775304000053,
                46.37814892500006
              ],
              [
                16.238530523000065,
                46.37956807300003
              ],
              [
                16.235612899000046,
                46.38235798100004
              ],
              [
                16.230441343000052,
                46.387303157000076
              ],
              [
                16.22619627800003,
                46.38636213900003
              ],
              [
                16.22344752600003,
                46.38310892100003
              ],
              [
                16.220535726000037,
                46.37966273100005
              ],
              [
                16.21630834800004,
                46.38354960600003
              ],
              [
                16.215299349000077,
                46.38447733300006
              ],
              [
                16.209010574000047,
                46.38400008100007
              ],
              [
                16.190664062000053,
                46.37837099300003
              ],
              [
                16.18933294800007,
                46.38223841400003
              ],
              [
                16.18811183100007,
                46.38578625000008
              ],
              [
                16.183072417000062,
                46.38530049900004
              ],
              [
                16.179860743000063,
                46.38499092500007
              ],
              [
                16.177363042000025,
                46.38499402600007
              ],
              [
                16.175560562000044,
                46.385505978000026
              ],
              [
                16.17379803800003,
                46.387663634000035
              ],
              [
                16.17391227400003,
                46.38978081300007
              ],
              [
                16.173954862000073,
                46.39057011700004
              ],
              [
                16.16762845200003,
                46.393439588000035
              ],
              [
                16.16250119800003,
                46.397980483000026
              ],
              [
                16.155874125000025,
                46.402176592000046
              ],
              [
                16.152165781000065,
                46.403871407000054
              ],
              [
                16.14600169000005,
                46.405134994000036
              ],
              [
                16.142226421000032,
                46.40519801700003
              ],
              [
                16.136016380000058,
                46.40436906200006
              ],
              [
                16.130407666000053,
                46.40177190800006
              ],
              [
                16.102615941000067,
                46.393024344000025
              ],
              [
                16.09676786700004,
                46.39118363800003
              ],
              [
                16.088382764000073,
                46.38854451800006
              ],
              [
                16.06945447800007,
                46.39168485400006
              ],
              [
                16.058116684000026,
                46.39356600600007
              ],
              [
                16.05590066800005,
                46.390022386000055
              ],
              [
                16.051559660000066,
                46.38240261100003
              ],
              [
                16.056326365000075,
                46.37814892500006
              ],
              [
                16.071285944000067,
                46.365644994000036
              ],
              [
                16.074328490000028,
                46.35776577000007
              ],
              [
                16.076735980000024,
                46.34624672500007
              ],
              [
                16.068978512000058,
                46.33965725400003
              ],
              [
                16.063181717000077,
                46.341754896000054
              ],
              [
                16.052274013000044,
                46.335351262000074
              ],
              [
                16.035099480000042,
                46.336131514000044
              ],
              [
                16.028033580000056,
                46.32996121000008
              ],
              [
                16.028211242000054,
                46.32822684300004
              ],
              [
                16.02841247400005,
                46.32626237300008
              ],
              [
                16.02537780800003,
                46.324975306000056
              ],
              [
                16.021177936000072,
                46.32319405000004
              ],
              [
                16.02140749700004,
                46.32041913300003
              ],
              [
                16.021827031000043,
                46.315347849000034
              ],
              [
                16.013655206000067,
                46.30944612800005
              ],
              [
                16.002001410000048,
                46.308064278000074
              ],
              [
                15.996978145000071,
                46.310607523000044
              ],
              [
                15.990882250000027,
                46.31369383200007
              ],
              [
                15.985216127000058,
                46.30972756700004
              ],
              [
                15.97770126200004,
                46.31162233200007
              ],
              [
                15.97188632500007,
                46.30713148700005
              ],
              [
                15.96704674800003,
                46.29970396300007
              ],
              [
                15.925326366000036,
                46.28706244500006
              ],
              [
                15.917083404000039,
                46.28619481800007
              ],
              [
                15.912867968000057,
                46.28965948600006
              ],
              [
                15.901130180000052,
                46.28820423500008
              ],
              [
                15.896536384000058,
                46.28379137700006
              ],
              [
                15.88635445400007,
                46.28053907900005
              ],
              [
                15.873473018000027,
                46.279372298000055
              ],
              [
                15.86654578200006,
                46.275543447000075
              ],
              [
                15.867049335000047,
                46.27077737900004
              ],
              [
                15.861157235000064,
                46.26735738200006
              ],
              [
                15.791475515000059,
                46.25932749900005
              ],
              [
                15.794207524000058,
                46.25382331700007
              ],
              [
                15.800358430000074,
                46.24143108000004
              ],
              [
                15.787824442000044,
                46.21944079200006
              ],
              [
                15.77510735900006,
                46.211418895000065
              ],
              [
                15.755778330000055,
                46.20755432100003
              ],
              [
                15.751597765000042,
                46.20969513400007
              ],
              [
                15.752885325000022,
                46.213832112000034
              ],
              [
                15.753979548000075,
                46.21734789000004
              ],
              [
                15.750769326000068,
                46.220210671000075
              ],
              [
                15.74019127400004,
                46.22134778100008
              ],
              [
                15.731797047000043,
                46.21742427200007
              ],
              [
                15.730535081000028,
                46.216834422000034
              ],
              [
                15.72998341300007,
                46.21773320500006
              ],
              [
                15.727160591000029,
                46.22233217300004
              ],
              [
                15.701622041000064,
                46.222564258000034
              ],
              [
                15.700155884000026,
                46.22257758200004
              ],
              [
                15.674853216000031,
                46.227124038000056
              ],
              [
                15.662721364000049,
                46.22008900800006
              ],
              [
                15.64706136600006,
                46.21577406800003
              ],
              [
                15.642789420000042,
                46.20938452900003
              ],
              [
                15.647712135000063,
                46.203742917000056
              ],
              [
                15.648573616000022,
                46.19219289500006
              ],
              [
                15.643591259000061,
                46.18674703900007
              ],
              [
                15.63597079300007,
                46.18578991100003
              ],
              [
                15.635126899000056,
                46.179237346000036
              ],
              [
                15.618065945000069,
                46.17172525400008
              ],
              [
                15.617469527000026,
                46.171462646000066
              ],
              [
                15.605172839000033,
                46.16240329000004
              ],
              [
                15.607511917000068,
                46.159738925000056
              ],
              [
                15.613176830000043,
                46.15328621500004
              ],
              [
                15.602318217000061,
                46.14838496200008
              ],
              [
                15.597218775000044,
                46.14608322600003
              ],
              [
                15.602983681000069,
                46.14209139400003
              ],
              [
                15.610999511000045,
                46.13654094100008
              ],
              [
                15.612756559000047,
                46.13253993100005
              ],
              [
                15.610218989000032,
                46.123971666000045
              ],
              [
                15.606686383000067,
                46.11204359700008
              ],
              [
                15.609606184000029,
                46.10972961400006
              ],
              [
                15.613262805000033,
                46.10683169200007
              ],
              [
                15.614287104000027,
                46.10289463500004
              ],
              [
                15.614934224000024,
                46.10040732500005
              ],
              [
                15.61646644900003,
                46.10004909400004
              ],
              [
                15.623727669000061,
                46.09835143600003
              ],
              [
                15.622200405000058,
                46.09256234700007
              ],
              [
                15.62176783700005,
                46.09092270000008
              ],
              [
                15.627262053000038,
                46.085953422000046
              ],
              [
                15.635889753000072,
                46.08381224300007
              ],
              [
                15.642639623000036,
                46.08561507600007
              ],
              [
                15.64854420100005,
                46.087192138000034
              ],
              [
                15.649070163000033,
                46.08532541300008
              ],
              [
                15.649630530000024,
                46.08333657700007
              ],
              [
                15.651278503000071,
                46.083321504000025
              ],
              [
                15.654680628000051,
                46.08329038800008
              ],
              [
                15.657978798000045,
                46.080050828000026
              ],
              [
                15.658756822000043,
                46.076535473000035
              ],
              [
                15.659959165000032,
                46.07110291200007
              ],
              [
                15.664975092000077,
                46.07236245100006
              ],
              [
                15.669178656000042,
                46.07341799900007
              ],
              [
                15.691088051000065,
                46.06404802600008
              ],
              [
                15.694281064000052,
                46.06268247300005
              ],
              [
                15.696545683000068,
                46.06231030400005
              ],
              [
                15.71474450900007,
                46.05931949600006
              ],
              [
                15.71990872200007,
                46.05487146000007
              ],
              [
                15.730626563000044,
                46.043562433000034
              ],
              [
                15.725716566000074,
                46.04090453800006
              ],
              [
                15.71763173000005,
                46.03652802800008
              ],
              [
                15.718926834000058,
                46.028160799000034
              ],
              [
                15.714391055000021,
                46.02578458700003
              ],
              [
                15.714201863000028,
                46.02197163400007
              ],
              [
                15.715408058000037,
                46.02082012600005
              ],
              [
                15.715830292000078,
                46.02041703500004
              ],
              [
                15.714894856000058,
                46.019820236000044
              ],
              [
                15.707152480000047,
                46.01488068000003
              ],
              [
                15.71098081100007,
                46.01219437200007
              ],
              [
                15.713394581000045,
                46.01050065000004
              ],
              [
                15.712327151000068,
                46.005529324000065
              ],
              [
                15.705225988000052,
                46.000982057000044
              ],
              [
                15.700749263000034,
                45.99811536300007
              ],
              [
                15.706406154000035,
                45.97529437700007
              ],
              [
                15.709813689000043,
                45.96091295300005
              ],
              [
                15.709196227000064,
                45.931433964000064
              ],
              [
                15.707586105000075,
                45.93041619300004
              ],
              [
                15.705531177000069,
                45.92911725600004
              ],
              [
                15.705869955000026,
                45.92567131900006
              ],
              [
                15.706292804000043,
                45.92137024300007
              ],
              [
                15.693422130000044,
                45.912839372000064
              ],
              [
                15.692281684000022,
                45.91208346700006
              ],
              [
                15.680625189000068,
                45.90430029800007
              ],
              [
                15.682275090000076,
                45.896519529000045
              ],
              [
                15.683919004000074,
                45.88876699400004
              ],
              [
                15.688374009000029,
                45.882664558000045
              ],
              [
                15.682377191000057,
                45.880187629000034
              ],
              [
                15.682095227000048,
                45.87832678900003
              ],
              [
                15.68049011200003,
                45.86773374000006
              ],
              [
                15.693806533000043,
                45.85832262400004
              ],
              [
                15.708167950000075,
                45.84817297700005
              ],
              [
                15.709318454000027,
                45.84666445100004
              ],
              [
                15.696960133000061,
                45.848430509000025
              ],
              [
                15.68948183200007,
                45.84284538300005
              ],
              [
                15.682553993000056,
                45.84207584400008
              ],
              [
                15.66526213700007,
                45.840155079000056
              ],
              [
                15.649469890000034,
                45.827988969000046
              ],
              [
                15.642101705000073,
                45.822312629000066
              ],
              [
                15.634990426000059,
                45.82778321400008
              ],
              [
                15.629391200000043,
                45.83209060400003
              ],
              [
                15.572961167000074,
                45.85254668300007
              ],
              [
                15.564888995000047,
                45.84292290600007
              ],
              [
                15.559663398000055,
                45.83669286300005
              ],
              [
                15.555017973000076,
                45.840098545000046
              ],
              [
                15.547526337000022,
                45.84559085800004
              ],
              [
                15.540184477000025,
                45.846207192000065
              ],
              [
                15.537639245000037,
                45.84220595800008
              ],
              [
                15.538601080000035,
                45.83633224700003
              ],
              [
                15.535429118000025,
                45.82991261500007
              ],
              [
                15.526194271000065,
                45.82355343900008
              ],
              [
                15.504691343000047,
                45.82209723400007
              ],
              [
                15.50184938600006,
                45.82822511000006
              ],
              [
                15.492443435000041,
                45.83131236000003
              ],
              [
                15.478899826000031,
                45.827496033000045
              ],
              [
                15.476929012000028,
                45.81929611400005
              ],
              [
                15.466769470000031,
                45.81719626900008
              ],
              [
                15.474720489000049,
                45.798061535000045
              ],
              [
                15.46425913400003,
                45.79405751500008
              ],
              [
                15.456502826000076,
                45.794584873000076
              ],
              [
                15.422016702000064,
                45.795848729000056
              ],
              [
                15.40448931900005,
                45.792765501000076
              ],
              [
                15.391489355000033,
                45.787625441000046
              ],
              [
                15.382874936000064,
                45.780015880000064
              ],
              [
                15.36211763800003,
                45.77618139700007
              ],
              [
                15.331290255000056,
                45.762855158000036
              ],
              [
                15.327575918000036,
                45.761868063000065
              ],
              [
                15.323830116000067,
                45.76023738400005
              ],
              [
                15.316895887000044,
                45.75972587100006
              ],
              [
                15.298686110000062,
                45.753248393000035
              ],
              [
                15.259645549000027,
                45.726086019000036
              ],
              [
                15.260316332000059,
                45.71991346100003
              ],
              [
                15.269447298000046,
                45.71061487400004
              ],
              [
                15.284567757000048,
                45.70661421900007
              ],
              [
                15.294754213000033,
                45.69076029800004
              ],
              [
                15.299840001000064,
                45.69177825300005
              ],
              [
                15.299706723000043,
                45.69592396200005
              ],
              [
                15.299685443000044,
                45.69658588600004
              ],
              [
                15.303117014000065,
                45.69808079100005
              ],
              [
                15.30373759300005,
                45.69471444900006
              ],
              [
                15.308114838000051,
                45.69400748000004
              ],
              [
                15.310259468000027,
                45.68797880100004
              ],
              [
                15.31113231300003,
                45.68552518400003
              ],
              [
                15.320596150000029,
                45.67703555800006
              ],
              [
                15.323974063000037,
                45.68007445100005
              ],
              [
                15.324188536000065,
                45.68859063300005
              ],
              [
                15.324429285000065,
                45.69815014000005
              ],
              [
                15.340604700000029,
                45.712119279000035
              ],
              [
                15.354989153000076,
                45.711933997000074
              ],
              [
                15.362404516000026,
                45.69318888500004
              ],
              [
                15.358394945000043,
                45.68844837600005
              ],
              [
                15.35253639800004,
                45.68152182800003
              ],
              [
                15.352032345000055,
                45.675428355000065
              ],
              [
                15.358706840000025,
                45.678696098000046
              ],
              [
                15.370300964000023,
                45.68437242400006
              ],
              [
                15.388506087000053,
                45.668224698000074
              ],
              [
                15.396180927000046,
                45.655852140000036
              ],
              [
                15.39758732100006,
                45.653584902000034
              ],
              [
                15.399031730000047,
                45.652644198000075
              ],
              [
                15.406351488000041,
                45.64787703800005
              ],
              [
                15.389519797000048,
                45.637876954000035
              ],
              [
                15.374531815000068,
                45.64156529100006
              ],
              [
                15.373699368000075,
                45.64229256100003
              ],
              [
                15.37038416300004,
                45.645188897000025
              ],
              [
                15.36254972200004,
                45.64451893300003
              ],
              [
                15.356682553000041,
                45.64481058800004
              ],
              [
                15.356204848000061,
                45.64483433500004
              ],
              [
                15.343968852000046,
                45.64544258300003
              ],
              [
                15.34362909500004,
                45.64207569700005
              ],
              [
                15.349158543000044,
                45.639610822000066
              ],
              [
                15.351248658000031,
                45.63867910600004
              ],
              [
                15.342854790000047,
                45.63392410300003
              ],
              [
                15.335147938000034,
                45.63428800300005
              ],
              [
                15.325780623000071,
                45.63473030700004
              ],
              [
                15.303713388000062,
                45.630789665000066
              ],
              [
                15.30200426700003,
                45.624552788000074
              ],
              [
                15.304686014000026,
                45.618965314000036
              ],
              [
                15.306960983000067,
                45.61422537100003
              ],
              [
                15.299695239000073,
                45.61304797200006
              ],
              [
                15.291259558000036,
                45.61168098700006
              ],
              [
                15.278299891000074,
                45.60369503900006
              ],
              [
                15.29742470900004,
                45.58568733300007
              ],
              [
                15.299860660000036,
                45.57729756200007
              ],
              [
                15.299344315000042,
                45.54773621900006
              ],
              [
                15.304309493000062,
                45.534104607000074
              ],
              [
                15.312989923000032,
                45.53125526800005
              ],
              [
                15.315412459000072,
                45.52339429400007
              ],
              [
                15.324896054000021,
                45.51977296500007
              ],
              [
                15.334013518000063,
                45.50974916100006
              ],
              [
                15.362591663000046,
                45.49543225700006
              ],
              [
                15.370392216000027,
                45.49668899000005
              ],
              [
                15.37533045400005,
                45.49366233500007
              ],
              [
                15.384762099000056,
                45.48788166400004
              ],
              [
                15.359722481000063,
                45.476626070000066
              ],
              [
                15.345147807000046,
                45.45688894500006
              ],
              [
                15.328999058000022,
                45.45313419400003
              ],
              [
                15.322221918000025,
                45.45482207100008
              ],
              [
                15.271435027000052,
                45.46505033200003
              ],
              [
                15.24326590000004,
                45.45254276500003
              ],
              [
                15.229607387000044,
                45.43757196300004
              ],
              [
                15.226437266000062,
                45.427088052000045
              ],
              [
                15.20623603000007,
                45.42634415500004
              ],
              [
                15.197846707000053,
                45.43171162200008
              ],
              [
                15.192800960000056,
                45.43493987800008
              ],
              [
                15.19036236200003,
                45.431968948000076
              ],
              [
                15.185964154000033,
                45.42661063700007
              ],
              [
                15.176644500000066,
                45.422409584000036
              ],
              [
                15.155434824000054,
                45.42581631200005
              ],
              [
                15.147660918000042,
                45.43119554100008
              ],
              [
                15.144883683000046,
                45.434854106000046
              ],
              [
                15.138017206000029,
                45.44389959800003
              ],
              [
                15.126970027000027,
                45.44660931300007
              ],
              [
                15.123741164000023,
                45.447401307000064
              ],
              [
                15.113398239000048,
                45.45510955200007
              ],
              [
                15.108841731000041,
                45.45850537000007
              ],
              [
                15.103757399000074,
                45.46229455800005
              ],
              [
                15.10255415000006,
                45.46263137400007
              ],
              [
                15.08688354000003,
                45.467017921000036
              ],
              [
                15.084335030000034,
                45.47128012400003
              ],
              [
                15.084529617000044,
                45.47445934000007
              ],
              [
                15.085006738000061,
                45.48225468900006
              ],
              [
                15.064522612000076,
                45.487588233000054
              ],
              [
                15.060702123000056,
                45.488582991000044
              ],
              [
                15.057328790000042,
                45.49230892600008
              ],
              [
                15.049225126000067,
                45.49298834200005
              ],
              [
                15.03760089900004,
                45.48667012000004
              ],
              [
                15.026469968000072,
                45.48620025200006
              ],
              [
                15.016196496000077,
                45.49366233500007
              ],
              [
                15.011335823000024,
                45.49719286000004
              ],
              [
                14.984762192000062,
                45.49746456200006
              ],
              [
                14.962493074000065,
                45.51115955000006
              ],
              [
                14.934400975000074,
                45.52749049600004
              ],
              [
                14.922826833000045,
                45.52706110500003
              ],
              [
                14.914053677000027,
                45.516411395000034
              ],
              [
                14.914380907000066,
                45.499268682000036
              ],
              [
                14.91448792400007,
                45.49366233500007
              ],
              [
                14.910914454000022,
                45.48787190400003
              ],
              [
                14.911748445000057,
                45.48158508200004
              ],
              [
                14.903377147000072,
                45.47599064700006
              ],
              [
                14.878429638000057,
                45.47237210700007
              ],
              [
                14.876239284000064,
                45.47205440400006
              ],
              [
                14.875916091000022,
                45.47182333300003
              ],
              [
                14.868536008000035,
                45.466546839000046
              ],
              [
                14.820480460000056,
                45.460255880000034
              ],
              [
                14.817104959000062,
                45.461288068000044
              ],
              [
                14.815521433000072,
                45.47120642600004
              ],
              [
                14.806488135000052,
                45.478284786000074
              ],
              [
                14.805264123000029,
                45.48366285700007
              ],
              [
                14.804608624000025,
                45.48654298900004
              ],
              [
                14.800191792000078,
                45.49053248100006
              ],
              [
                14.800878412000031,
                45.49366233500007
              ],
              [
                14.80172144100004,
                45.497505155000056
              ],
              [
                14.795647021000036,
                45.50242492000007
              ],
              [
                14.787230495000074,
                45.50090942400004
              ],
              [
                14.785922775000074,
                45.50631910000004
              ],
              [
                14.77580295200005,
                45.50665332900007
              ],
              [
                14.768269908000036,
                45.50690212400008
              ],
              [
                14.76767877900005,
                45.51073683800007
              ],
              [
                14.767524381000044,
                45.51173843400005
              ],
              [
                14.765576901000031,
                45.51179332000004
              ],
              [
                14.758405956000047,
                45.511995418000026
              ],
              [
                14.743149323000068,
                45.52306624800008
              ],
              [
                14.735208878000037,
                45.52882815600003
              ],
              [
                14.720378208000056,
                45.533846768000046
              ],
              [
                14.704015304000052,
                45.534245070000054
              ],
              [
                14.702250605000074,
                45.53000754900006
              ],
              [
                14.700352361000057,
                45.52544934700006
              ],
              [
                14.689766166000027,
                45.52778131900004
              ],
              [
                14.68591112100006,
                45.533242818000076
              ],
              [
                14.689964660000044,
                45.553804564000075
              ],
              [
                14.694774619000043,
                45.55825519200005
              ],
              [
                14.699410330000035,
                45.56254458900003
              ],
              [
                14.689006077000045,
                45.58120059700008
              ],
              [
                14.676334403000055,
                45.589001590000066
              ],
              [
                14.652215573000035,
                45.592458899000064
              ],
              [
                14.639664245000063,
                45.602408679000064
              ],
              [
                14.632079101000045,
                45.60495735200004
              ],
              [
                14.625920203000021,
                45.61327688600005
              ],
              [
                14.60172138200005,
                45.62428260000007
              ],
              [
                14.598688684000024,
                45.629427244000055
              ],
              [
                14.60732123300005,
                45.656035631000066
              ],
              [
                14.605654105000042,
                45.66377167500008
              ],
              [
                14.597472161000042,
                45.66768179200005
              ],
              [
                14.582338588000027,
                45.66612123900006
              ],
              [
                14.569820647000029,
                45.672429032000025
              ],
              [
                14.565860027000042,
                45.652312703000064
              ],
              [
                14.54312969800003,
                45.62183287800008
              ],
              [
                14.527011155000025,
                45.610734652000076
              ],
              [
                14.502276374000076,
                45.607012344000054
              ],
              [
                14.507151406000048,
                45.59077753400004
              ],
              [
                14.502525670000068,
                45.57968699400004
              ],
              [
                14.49770777200007,
                45.56218386300003
              ],
              [
                14.498733104000053,
                45.555665702000056
              ],
              [
                14.499656809000044,
                45.549793598000065
              ],
              [
                14.488346960000058,
                45.536853663000045
              ],
              [
                14.47955810700006,
                45.534498522000035
              ],
              [
                14.475831843000037,
                45.533499998000025
              ],
              [
                14.472933125000054,
                45.53184734200005
              ],
              [
                14.43577896100004,
                45.51066451200006
              ],
              [
                14.427827774000036,
                45.507803574000036
              ],
              [
                14.416343710000035,
                45.50920143700006
              ],
              [
                14.41590665900003,
                45.50925463600004
              ],
              [
                14.400197167000044,
                45.50318891000006
              ],
              [
                14.399721714000066,
                45.502549661000046
              ],
              [
                14.393603963000032,
                45.49432431500003
              ],
              [
                14.391574293000076,
                45.49366233500007
              ],
              [
                14.364691703000062,
                45.48489453800005
              ],
              [
                14.355479668000044,
                45.48484491600004
              ],
              [
                14.349510968000061,
                45.48481276500007
              ],
              [
                14.332480649000047,
                45.475641188000054
              ],
              [
                14.322776519000058,
                45.47041508700005
              ],
              [
                14.319316188000073,
                45.47593601800003
              ],
              [
                14.315915049000068,
                45.481362509000064
              ],
              [
                14.304701977000036,
                45.48143281800003
              ],
              [
                14.303320197000062,
                45.48144148200004
              ],
              [
                14.297416011000053,
                45.48417326600003
              ],
              [
                14.285513022000032,
                45.489680613000075
              ],
              [
                14.275665894000042,
                45.486860153000066
              ],
              [
                14.265370034000057,
                45.48391116500005
              ],
              [
                14.258336267000061,
                45.49098355400008
              ],
              [
                14.255672114000049,
                45.49366233500007
              ],
              [
                14.246220687000061,
                45.503165660000036
              ],
              [
                14.240287697000042,
                45.50528295100003
              ],
              [
                14.22590804400005,
                45.50197549200004
              ],
              [
                14.216952756000069,
                45.49366233500007
              ],
              [
                14.210983249000037,
                45.48812086700008
              ],
              [
                14.208637545000045,
                45.48059213800008
              ],
              [
                14.205561032000048,
                45.470717817000036
              ],
              [
                14.194385164000039,
                45.47361095300005
              ],
              [
                14.171812429000056,
                45.479454436000026
              ],
              [
                14.160954291000053,
                45.480055838000055
              ],
              [
                14.153924781000057,
                45.48044518200004
              ],
              [
                14.147540909000043,
                45.47830107600004
              ],
              [
                14.139470531000029,
                45.47559053500004
              ],
              [
                14.118196296000065,
                45.48123910600003
              ],
              [
                14.125330079000037,
                45.48462700400006
              ],
              [
                14.128948158000071,
                45.49302341600003
              ],
              [
                14.125730693000037,
                45.50105872100005
              ],
              [
                14.12403954000007,
                45.505282212000054
              ],
              [
                14.124056558000063,
                45.50815776500008
              ],
              [
                14.124083559000042,
                45.512720167000055
              ],
              [
                14.11855442500007,
                45.51060718900004
              ],
              [
                14.113133589000029,
                45.50853559800004
              ],
              [
                14.10430357000007,
                45.51592410500007
              ],
              [
                14.09242787900007,
                45.52005360600003
              ],
              [
                14.09854438900004,
                45.52774961800003
              ],
              [
                14.100689602000045,
                45.530448801000034
              ],
              [
                14.100962798000069,
                45.53344134400004
              ],
              [
                14.102019418000054,
                45.54501539600005
              ],
              [
                14.108422874000041,
                45.550998640000046
              ],
              [
                14.111274680000065,
                45.553663302000075
              ],
              [
                14.116244348000066,
                45.568012743000054
              ],
              [
                14.10827831100005,
                45.57147838000003
              ],
              [
                14.104322917000047,
                45.57049989300003
              ],
              [
                14.099047093000024,
                45.56919475800004
              ],
              [
                14.094690917000037,
                45.572141577000025
              ],
              [
                14.095198872000026,
                45.590113719000044
              ],
              [
                14.104783394000037,
                45.59650423000005
              ],
              [
                14.10533811700003,
                45.596874093000054
              ],
              [
                14.112176676000047,
                45.60582842100007
              ],
              [
                14.097067476000063,
                45.615982634000034
              ],
              [
                14.097227297000074,
                45.62513251200005
              ],
              [
                14.084641627000053,
                45.63081653300003
              ],
              [
                14.091650110000046,
                45.63729208500007
              ],
              [
                14.087637508000057,
                45.64109895900003
              ],
              [
                14.085892511000054,
                45.648391934000074
              ],
              [
                14.073830441000041,
                45.656039908000025
              ],
              [
                14.079020902000025,
                45.66464771100004
              ],
              [
                14.078847835000033,
                45.670093647000044
              ],
              [
                14.07829478800005,
                45.68085338100008
              ],
              [
                14.067247587000054,
                45.685185931000035
              ],
              [
                14.073578324000039,
                45.70685673400004
              ],
              [
                14.081529325000076,
                45.711508812000034
              ],
              [
                14.09472356300006,
                45.70974516200005
              ],
              [
                14.099329940000075,
                45.716268108000065
              ],
              [
                14.091685133000055,
                45.72822376500005
              ],
              [
                14.094041012000048,
                45.73207289800007
              ],
              [
                14.087040991000038,
                45.73334727400004
              ],
              [
                14.08539948300006,
                45.733646116000045
              ],
              [
                14.084184565000044,
                45.737317132000044
              ],
              [
                14.081805874000054,
                45.74450462000004
              ],
              [
                14.074294687000076,
                45.749032947000046
              ],
              [
                14.069634135000058,
                45.749611721000065
              ],
              [
                14.050856758000066,
                45.751943605000065
              ],
              [
                14.04237127500005,
                45.76135900300005
              ],
              [
                14.047192435000056,
                45.77199277900007
              ],
              [
                14.048180900000034,
                45.772051815000054
              ],
              [
                14.054008642000042,
                45.772399878000044
              ],
              [
                14.05510706800004,
                45.78479966500004
              ],
              [
                14.05631586900006,
                45.79844543000007
              ],
              [
                14.062734101000046,
                45.80300976600006
              ],
              [
                14.06480416200003,
                45.802647497000066
              ],
              [
                14.067525084000067,
                45.80217132400003
              ],
              [
                14.069732891000058,
                45.81086076400004
              ],
              [
                14.049503282000046,
                45.83733752900008
              ],
              [
                14.098676579000028,
                45.84834633000003
              ],
              [
                14.102767861000075,
                45.85286454900006
              ],
              [
                14.111166255000057,
                45.862139341000045
              ],
              [
                14.123501101000045,
                45.86703903000006
              ],
              [
                14.126534099000025,
                45.86909799400007
              ],
              [
                14.12957754100006,
                45.86949911900007
              ],
              [
                14.148653941000077,
                45.87659274300006
              ],
              [
                14.15753937200003,
                45.872987840000064
              ],
              [
                14.159125779000021,
                45.87234422000006
              ],
              [
                14.160954291000053,
                45.87270520200008
              ],
              [
                14.170709263000049,
                45.874631012000066
              ],
              [
                14.18984325200006,
                45.878408411000066
              ],
              [
                14.197092195000039,
                45.87444092900006
              ],
              [
                14.20758885500004,
                45.86869591000004
              ],
              [
                14.217183832000046,
                45.867678031000025
              ],
              [
                14.21930212500007,
                45.867453313000055
              ],
              [
                14.220212454000034,
                45.86665858900005
              ],
              [
                14.223852671000031,
                45.86348065200008
              ],
              [
                14.222792254000069,
                45.858971661000055
              ],
              [
                14.241561672000046,
                45.85947238600005
              ],
              [
                14.24316576700005,
                45.85951518000007
              ],
              [
                14.242951751000021,
                45.859004482000046
              ],
              [
                14.241516277000073,
                45.85557907100008
              ],
              [
                14.25052656400004,
                45.85034575000003
              ],
              [
                14.257515917000035,
                45.85410214600006
              ],
              [
                14.26043209200003,
                45.85566943100008
              ],
              [
                14.260543127000062,
                45.853083179000066
              ],
              [
                14.260570217000065,
                45.852452183000025
              ],
              [
                14.262506334000022,
                45.85242235800007
              ],
              [
                14.271931843000061,
                45.85227716400004
              ],
              [
                14.278621005000048,
                45.846998118000045
              ],
              [
                14.300509976000058,
                45.87984813300005
              ],
              [
                14.300492244000054,
                45.88694564800005
              ],
              [
                14.310927932000027,
                45.892460484000026
              ],
              [
                14.320401620000041,
                45.893721596000034
              ],
              [
                14.340838826000038,
                45.88020630200003
              ],
              [
                14.351693999000076,
                45.88297860200004
              ],
              [
                14.358656608000047,
                45.87039052700004
              ],
              [
                14.364794606000032,
                45.87082351500004
              ],
              [
                14.37250728400005,
                45.87753376000006
              ],
              [
                14.397974100000056,
                45.85775255600004
              ],
              [
                14.409258270000066,
                45.872011205000035
              ],
              [
                14.418963720000022,
                45.87156511000006
              ],
              [
                14.42998560500007,
                45.86062588600004
              ],
              [
                14.437308449000056,
                45.85970810900005
              ],
              [
                14.44519961900005,
                45.86206016400007
              ],
              [
                14.457415583000056,
                45.872045728000046
              ],
              [
                14.466952596000056,
                45.86994383200005
              ],
              [
                14.490759506000074,
                45.88226923000008
              ],
              [
                14.502799091000043,
                45.868403811000064
              ],
              [
                14.50210613400003,
                45.86235049100003
              ],
              [
                14.499138121000044,
                45.85976884000007
              ],
              [
                14.496625368000025,
                45.857583186000056
              ],
              [
                14.49858712300005,
                45.85123941100005
              ],
              [
                14.50405994700003,
                45.84655150000003
              ],
              [
                14.507089459000042,
                45.84395648100008
              ],
              [
                14.505655063000063,
                45.84226788900003
              ],
              [
                14.523119726000061,
                45.82756219500004
              ],
              [
                14.531317351000041,
                45.81495904900004
              ],
              [
                14.547585812000023,
                45.812597751000055
              ],
              [
                14.551550505000023,
                45.80026710700008
              ],
              [
                14.564807269000028,
                45.79146217200008
              ],
              [
                14.568484942000055,
                45.79507476900005
              ],
              [
                14.585379713000066,
                45.79393988500004
              ],
              [
                14.593699273000027,
                45.79444399100004
              ],
              [
                14.595823432000032,
                45.800469974000066
              ],
              [
                14.614134326000055,
                45.803290066000045
              ],
              [
                14.63057531100003,
                45.800133033000066
              ],
              [
                14.635403093000036,
                45.80296457500003
              ],
              [
                14.651748437000037,
                45.80351486200004
              ],
              [
                14.666360475000033,
                45.809078820000025
              ],
              [
                14.678015646000063,
                45.820409116000064
              ],
              [
                14.688183998000056,
                45.819038145000036
              ],
              [
                14.704040980000059,
                45.809426331000054
              ],
              [
                14.71358086500004,
                45.79888607100003
              ],
              [
                14.741819857000053,
                45.78483163100003
              ],
              [
                14.74847969800004,
                45.77526175100007
              ],
              [
                14.768836798000052,
                45.758463395000035
              ],
              [
                14.819218146000026,
                45.72950411800008
              ],
              [
                14.825445030000026,
                45.728924060000054
              ],
              [
                14.84094290400003,
                45.74242676500006
              ],
              [
                14.82647501300005,
                45.756215885000074
              ],
              [
                14.810465855000075,
                45.76065549800006
              ],
              [
                14.807219717000066,
                45.76443007300003
              ],
              [
                14.800024473000065,
                45.782358533000036
              ],
              [
                14.804826275000039,
                45.798399490000065
              ],
              [
                14.820543379000071,
                45.80078345100003
              ],
              [
                14.835089917000062,
                45.795593781000036
              ],
              [
                14.851120914000035,
                45.796114990000035
              ],
              [
                14.858110127000032,
                45.80313399700003
              ],
              [
                14.858008141000028,
                45.83330548300006
              ],
              [
                14.85116447400003,
                45.83631871400007
              ],
              [
                14.852211254000053,
                45.84407932200003
              ],
              [
                14.845928468000068,
                45.84649387600007
              ],
              [
                14.844256167000026,
                45.85560749800004
              ],
              [
                14.879583393000075,
                45.855722325000045
              ],
              [
                14.882539850000057,
                45.86384581800007
              ],
              [
                14.876092905000064,
                45.87012299300005
              ],
              [
                14.862948666000023,
                45.88596829900007
              ],
              [
                14.882098574000054,
                45.90628406900004
              ],
              [
                14.877891004000048,
                45.92711524200007
              ],
              [
                14.884832632000041,
                45.93608716600005
              ],
              [
                14.883572651000065,
                45.94450463700008
              ],
              [
                14.89779696100004,
                45.94757748600006
              ],
              [
                14.908102803000077,
                45.94637983900003
              ],
              [
                14.911692880000032,
                45.95294922800008
              ],
              [
                14.924865744000044,
                45.96315193200007
              ],
              [
                14.93781357100005,
                45.96436621300006
              ],
              [
                14.940440816000034,
                45.973899086000074
              ],
              [
                14.94861387900005,
                45.97849790500004
              ],
              [
                14.944931677000056,
                45.984595167000066
              ],
              [
                14.93764167300003,
                45.984894197000074
              ],
              [
                14.929078581000056,
                45.98524544800006
              ],
              [
                14.925232946000051,
                45.98819779100006
              ],
              [
                14.926873171000068,
                45.99438866400004
              ],
              [
                14.928544306000049,
                46.000696205000054
              ],
              [
                14.925282706000075,
                46.00512371900004
              ],
              [
                14.923274793000076,
                46.00784939400006
              ],
              [
                14.924321185000053,
                46.011613632000035
              ],
              [
                14.926311894000037,
                46.01877490700008
              ],
              [
                14.921000139000057,
                46.03402947600006
              ],
              [
                14.920648613000026,
                46.03503900800007
              ],
              [
                14.920770688000061,
                46.035578189000034
              ],
              [
                14.922610837000036,
                46.04370575300004
              ],
              [
                14.909197043000063,
                46.050167359000056
              ],
              [
                14.898274299000036,
                46.05542899200003
              ],
              [
                14.89513947200004,
                46.05900738200006
              ],
              [
                14.891989092000074,
                46.06260352500004
              ],
              [
                14.869376960000068,
                46.069041095000046
              ],
              [
                14.869881944000042,
                46.06466649600003
              ],
              [
                14.87040025300007,
                46.06017645900005
              ],
              [
                14.866693567000027,
                46.05650384100005
              ],
              [
                14.827983534000055,
                46.04891439700003
              ],
              [
                14.821824969000033,
                46.05049047500006
              ],
              [
                14.809563228000059,
                46.05362845500008
              ],
              [
                14.805769148000024,
                46.048570392000045
              ],
              [
                14.805267396000033,
                46.04790148300003
              ],
              [
                14.793931354000051,
                46.04529369100004
              ],
              [
                14.768139457000075,
                46.05414523700006
              ],
              [
                14.758651013000076,
                46.06227213400007
              ],
              [
                14.756441324000036,
                46.06416474300005
              ],
              [
                14.746009892000075,
                46.06803590000004
              ],
              [
                14.724067243000036,
                46.066515206000076
              ],
              [
                14.721710361000078,
                46.072852460000036
              ],
              [
                14.71175757900005,
                46.07792984500003
              ],
              [
                14.717144075000022,
                46.08389918700004
              ],
              [
                14.726997596000047,
                46.085521895000056
              ],
              [
                14.747517839000068,
                46.08890123000003
              ],
              [
                14.752718980000054,
                46.09320530400004
              ],
              [
                14.75173421200003,
                46.09784482100008
              ],
              [
                14.765671570000052,
                46.106546206000075
              ],
              [
                14.771488738000073,
                46.10548730600004
              ],
              [
                14.777676556000074,
                46.10904430900007
              ],
              [
                14.792226750000054,
                46.107411643000034
              ],
              [
                14.793645028000071,
                46.11442052400008
              ],
              [
                14.803176705000055,
                46.11429117000006
              ],
              [
                14.800518058000023,
                46.12414324000008
              ],
              [
                14.810381921000044,
                46.12807299200006
              ],
              [
                14.818595727000059,
                46.12770585200008
              ],
              [
                14.829338327000073,
                46.13462782500005
              ],
              [
                14.835089917000062,
                46.13505895900005
              ],
              [
                14.837537033000046,
                46.13614129000007
              ],
              [
                14.842548393000072,
                46.145849740000074
              ],
              [
                14.837649553000062,
                46.14785142000005
              ],
              [
                14.835089917000062,
                46.14889729400005
              ],
              [
                14.826703257000077,
                46.15885896800006
              ],
              [
                14.820137462000048,
                46.169254317000025
              ],
              [
                14.853104909000024,
                46.17111863300005
              ],
              [
                14.871961542000065,
                46.17668215300006
              ],
              [
                14.888097595000033,
                46.17613914900005
              ],
              [
                14.901359435000074,
                46.19023991300003
              ],
              [
                14.898418871000047,
                46.20551726200006
              ],
              [
                14.908703357000036,
                46.207611892000045
              ],
              [
                14.910552185000029,
                46.21231946000006
              ],
              [
                14.918107052000039,
                46.21433394400003
              ],
              [
                14.919000678000032,
                46.21722596600006
              ],
              [
                14.91361334800007,
                46.22013400900005
              ],
              [
                14.912648664000073,
                46.220654739000054
              ],
              [
                14.910722253000074,
                46.22327647700007
              ],
              [
                14.906146271000068,
                46.22950413500007
              ],
              [
                14.898406470000054,
                46.23047140800003
              ],
              [
                14.885220176000075,
                46.237491918000046
              ],
              [
                14.87210674000005,
                46.24143108000004
              ],
              [
                14.864810293000062,
                46.243622868000045
              ],
              [
                14.854123526000024,
                46.25038563900006
              ],
              [
                14.84834350400007,
                46.250648117000026
              ],
              [
                14.839103859000033,
                46.25073894800005
              ],
              [
                14.836256492000075,
                46.251386946000025
              ],
              [
                14.835089917000062,
                46.25165243300006
              ],
              [
                14.815808925000056,
                46.25382331700007
              ],
              [
                14.804193375000068,
                46.25513113400007
              ],
              [
                14.796048166000048,
                46.25382331700007
              ],
              [
                14.795203265000055,
                46.25368765700006
              ],
              [
                14.773722832000033,
                46.25023870000007
              ],
              [
                14.763731223000036,
                46.253356815000075
              ],
              [
                14.75506176600004,
                46.25138871300004
              ],
              [
                14.744480453000051,
                46.25382331700007
              ],
              [
                14.728927087000045,
                46.25740191700004
              ],
              [
                14.728047245000027,
                46.25760435600006
              ],
              [
                14.723921054000073,
                46.25768246600006
              ],
              [
                14.705612078000058,
                46.25802906100006
              ],
              [
                14.696699831000046,
                46.26694371000008
              ],
              [
                14.700839847000054,
                46.27273346900006
              ],
              [
                14.705119531000037,
                46.278718551000054
              ],
              [
                14.704636060000041,
                46.284834501000034
              ],
              [
                14.683004818000029,
                46.28200135900005
              ],
              [
                14.674871780000046,
                46.28399282500004
              ],
              [
                14.677232380000078,
                46.29932886300003
              ],
              [
                14.67339735400003,
                46.310876921000045
              ],
              [
                14.65785296200005,
                46.31495424600007
              ],
              [
                14.638528177000069,
                46.33036458600003
              ],
              [
                14.637874382000064,
                46.36422836000003
              ],
              [
                14.615709072000072,
                46.358070499000064
              ],
              [
                14.595559484000034,
                46.35975935000005
              ],
              [
                14.58713397300005,
                46.35597137900004
              ],
              [
                14.565211816000044,
                46.36769714800005
              ],
              [
                14.565175357000044,
                46.372453491000044
              ],
              [
                14.578838091000023,
                46.37814892500006
              ],
              [
                14.587220547000072,
                46.396103167000035
              ],
              [
                14.588988314000062,
                46.41174479600005
              ],
              [
                14.583677171000033,
                46.41788986100005
              ],
              [
                14.587054402000035,
                46.42935949500003
              ],
              [
                14.597760365000056,
                46.43665875200003
              ],
              [
                14.630712759000062,
                46.43952538100007
              ],
              [
                14.674706775000061,
                46.45066036400004
              ],
              [
                14.678383591000056,
                46.457043300000066
              ],
              [
                14.676864257000034,
                46.46165446400005
              ],
              [
                14.682347425000046,
                46.466567017000045
              ],
              [
                14.68841315800006,
                46.465251797000064
              ],
              [
                14.69522583500003,
                46.46377461900005
              ],
              [
                14.700810524000076,
                46.465646322000055
              ],
              [
                14.699816061000035,
                46.470240302000036
              ],
              [
                14.698676550000073,
                46.47550434000004
              ],
              [
                14.70637355100007,
                46.48030213700008
              ],
              [
                14.709286014000043,
                46.48211757200005
              ],
              [
                14.71120154700003,
                46.48771023000006
              ],
              [
                14.71505544200005,
                46.49896220200003
              ],
              [
                14.720234936000054,
                46.496653372000026
              ],
              [
                14.729499872000076,
                46.49252340100003
              ],
              [
                14.734865915000057,
                46.49854668900008
              ],
              [
                14.739877415000024,
                46.50417200900006
              ],
              [
                14.746603638000067,
                46.50006560500003
              ],
              [
                14.749066793000054,
                46.49856183300005
              ],
              [
                14.753080527000066,
                46.50090374500007
              ],
              [
                14.759036093000077,
                46.504378667000026
              ],
              [
                14.775255421000054,
                46.504410266000036
              ],
              [
                14.776282177000041,
                46.503906147000066
              ],
              [
                14.78443298700006,
                46.499904247000075
              ],
              [
                14.81860583200006,
                46.50938302600008
              ],
              [
                14.818562798000073,
                46.52163628400007
              ],
              [
                14.82364887500006,
                46.52825246700007
              ],
              [
                14.824444331000052,
                46.52928722900003
              ],
              [
                14.82408905400007,
                46.53038931800006
              ],
              [
                14.822750187000054,
                46.534542556000076
              ],
              [
                14.825334712000029,
                46.53643637300007
              ],
              [
                14.829332756000042,
                46.53936594800007
              ],
              [
                14.826454439000031,
                46.54187209200006
              ],
              [
                14.82350787300004,
                46.54443765900004
              ],
              [
                14.827682160000052,
                46.54783207100007
              ],
              [
                14.836714289000042,
                46.55636859900005
              ],
              [
                14.835784362000027,
                46.56197564200005
              ],
              [
                14.835521175000054,
                46.56356254000008
              ],
              [
                14.842818575000024,
                46.575636100000054
              ],
              [
                14.854682775000072,
                46.58539275100003
              ],
              [
                14.858380467000075,
                46.59230399200004
              ],
              [
                14.864813299000048,
                46.59435512200008
              ],
              [
                14.864865703000078,
                46.594371831000046
              ],
              [
                14.864881570000023,
                46.594416041000045
              ],
              [
                14.868982840000058,
                46.60584366100005
              ],
              [
                14.879665900000077,
                46.611248131000025
              ],
              [
                14.884301205000043,
                46.61174457700008
              ],
              [
                14.899749891000056,
                46.611185963000025
              ],
              [
                14.900965433000067,
                46.61006310800008
              ],
              [
                14.905729035000036,
                46.605662737000046
              ],
              [
                14.919378018000032,
                46.60256231500006
              ],
              [
                14.922359925000023,
                46.60389823200006
              ],
              [
                14.922071376000076,
                46.60793345700006
              ],
              [
                14.922522449000041,
                46.61970227100005
              ],
              [
                14.932021908000024,
                46.61645960000004
              ],
              [
                14.95567671300006,
                46.63272803500007
              ],
              [
                14.96971583100003,
                46.62520291000004
              ],
              [
                14.975440096000057,
                46.60796934100006
              ],
              [
                14.980706588000032,
                46.60225126900008
              ],
              [
                14.994815036000034,
                46.61435338500007
              ],
              [
                14.996338081000033,
                46.62242102400006
              ],
              [
                15.016738817000032,
                46.64066686700005
              ],
              [
                15.042742891000046,
                46.65161857700008
              ],
              [
                15.065120557000057,
                46.65211265800008
              ],
              [
                15.082399692000024,
                46.64514489600003
              ],
              [
                15.089021947000049,
                46.65180892800004
              ],
              [
                15.108884682000053,
                46.65893106900006
              ],
              [
                15.113014384000053,
                46.65727065200008
              ],
              [
                15.113398239000048,
                46.65711631700003
              ],
              [
                15.129010975000028,
                46.65083895500004
              ],
              [
                15.135509011000067,
                46.65680008900006
              ],
              [
                15.137065885000027,
                46.65719061500005
              ],
              [
                15.14534591100005,
                46.65926757700004
              ],
              [
                15.160204495000073,
                46.65711361600006
              ],
              [
                15.16902105500003,
                46.65426340100004
              ],
              [
                15.176644500000066,
                46.655044505000035
              ],
              [
                15.182719851000058,
                46.65566698900005
              ],
              [
                15.197094794000066,
                46.646127800000045
              ],
              [
                15.236539809000021,
                46.63966677500008
              ],
              [
                15.26258176500005,
                46.64446993000007
              ],
              [
                15.278028858000027,
                46.64400529800008
              ],
              [
                15.294481842000039,
                46.65229567600005
              ],
              [
                15.308085661000064,
                46.65243004800004
              ],
              [
                15.320562773000063,
                46.64845347200003
              ],
              [
                15.335605919000045,
                46.653201987000045
              ],
              [
                15.342300589000047,
                46.65107477300006
              ],
              [
                15.351927086000046,
                46.65441277000008
              ],
              [
                15.358292165000023,
                46.65147501900003
              ],
              [
                15.382896419000076,
                46.65162412500007
              ],
              [
                15.401979532000041,
                46.65354840700007
              ],
              [
                15.419164200000068,
                46.654878272000076
              ],
              [
                15.422321608000061,
                46.65290775400007
              ],
              [
                15.423035266000056,
                46.64750864800004
              ],
              [
                15.424345999000025,
                46.64689754700004
              ],
              [
                15.436472837000053,
                46.64124366400006
              ],
              [
                15.445443160000025,
                46.640624125000045
              ],
              [
                15.45451160600004,
                46.63999780900008
              ],
              [
                15.455240723000031,
                46.63472365300004
              ],
              [
                15.455892783000024,
                46.63000690200005
              ],
              [
                15.463161682000077,
                46.62348089400007
              ],
              [
                15.463382823000074,
                46.61596425300007
              ],
              [
                15.46931726500003,
                46.61298997400007
              ],
              [
                15.476210928000057,
                46.61289564000003
              ],
              [
                15.482670565000035,
                46.616732101000025
              ],
              [
                15.488961496000059,
                46.62046836600007
              ],
              [
                15.494999539000048,
                46.61831551000006
              ],
              [
                15.505036975000053,
                46.61473667700005
              ],
              [
                15.510344055000076,
                46.61658442600003
              ],
              [
                15.512953501000027,
                46.620621336000056
              ],
              [
                15.514089608000063,
                46.62237893500003
              ],
              [
                15.520070185000066,
                46.621535331000075
              ],
              [
                15.536550935000037,
                46.63312429600006
              ],
              [
                15.54244211200006,
                46.62995108300004
              ],
              [
                15.549824691000026,
                46.640085432000035
              ],
              [
                15.544888023000055,
                46.646446198000035
              ],
              [
                15.552769262000027,
                46.65119971100006
              ],
              [
                15.546209889000068,
                46.670133683000074
              ],
              [
                15.55884278800005,
                46.67200276800003
              ],
              [
                15.570153555000047,
                46.68091016400007
              ],
              [
                15.588382594000052,
                46.683976105000056
              ],
              [
                15.597129289000065,
                46.68976576400007
              ],
              [
                15.603033589000063,
                46.68816287900006
              ],
              [
                15.605636526000069,
                46.68202758900003
              ],
              [
                15.614547802000061,
                46.68216937400007
              ],
              [
                15.622963370000036,
                46.67956765800005
              ],
              [
                15.631339901000047,
                46.681569479000075
              ],
              [
                15.639429370000073,
                46.69122167100005
              ],
              [
                15.652981278000027,
                46.69300412500007
              ],
              [
                15.651842313000031,
                46.70004790000007
              ],
              [
                15.651035247000038,
                46.705039086000056
              ],
              [
                15.653232482000021,
                46.70606087800007
              ],
              [
                15.675891414000034,
                46.70666785800006
              ],
              [
                15.68452676000004,
                46.70342514600003
              ],
              [
                15.696498745000042,
                46.69892947300008
              ],
              [
                15.720220745000063,
                46.69608014700003
              ],
              [
                15.737358632000053,
                46.69918076300007
              ],
              [
                15.740071451000063,
                46.69967157100007
              ],
              [
                15.752443759000073,
                46.69796886100005
              ],
              [
                15.770829304000074,
                46.69997547000003
              ],
              [
                15.786422178000066,
                46.70746935000005
              ],
              [
                15.802966723000054,
                46.715688345000046
              ],
              [
                15.831650549000074,
                46.72176381600008
              ],
              [
                15.877155492000043,
                46.71967114300003
              ],
              [
                15.914401948000034,
                46.70886670800007
              ],
              [
                15.934633681000037,
                46.69660242300006
              ],
              [
                15.947065142000042,
                46.68906658800006
              ],
              [
                15.95119201700004,
                46.687990487000036
              ],
              [
                15.955002746000048,
                46.68743855300005
              ],
              [
                15.96000364200006,
                46.687005842000076
              ],
              [
                15.996735004000072,
                46.681053279000025
              ],
              [
                16.002644631000067,
                46.67721410900003
              ],
              [
                16.010894588000042,
                46.66522202400006
              ],
              [
                16.03345232600003,
                46.65789416000007
              ],
              [
                16.038086133000036,
                46.65614554800004
              ],
              [
                16.04195926700004,
                46.68512490300003
              ],
              [
                16.03950354400007,
                46.69090183600008
              ],
              [
                16.029800377000072,
                46.700896226000054
              ],
              [
                16.028544581000062,
                46.71117689400006
              ],
              [
                16.021775813000033,
                46.711539479000066
              ],
              [
                16.014188568000066,
                46.71674831200005
              ],
              [
                16.004133831000047,
                46.717418784000074
              ],
              [
                16.00222601300004,
                46.72366538400007
              ],
              [
                15.99386669100005,
                46.73060664900004
              ],
              [
                15.985721220000073,
                46.75161953400004
              ],
              [
                15.989025325000057,
                46.75816569700004
              ],
              [
                15.989034107000066,
                46.774937066000064
              ],
              [
                15.993568198000048,
                46.79086049000006
              ],
              [
                15.993314261000023,
                46.79731602900006
              ],
              [
                15.993168207000053,
                46.801028994000035
              ],
              [
                15.993038119000062,
                46.804336069000044
              ],
              [
                15.995256228000073,
                46.80842052000003
              ],
              [
                15.996741333000045,
                46.81115520800006
              ],
              [
                15.993270728000027,
                46.81474325900007
              ],
              [
                15.988693768000076,
                46.81947510500004
              ],
              [
                15.986852289000069,
                46.82599518100005
              ],
              [
                15.996236035000038,
                46.83539866700005
              ],
              [
                16.006238446000054,
                46.83102510800006
              ],
              [
                16.018407368000055,
                46.836565602000064
              ],
              [
                16.025983111000073,
                46.84001482800005
              ],
              [
                16.030674788000056,
                46.83879067100003
              ],
              [
                16.031517533000056,
                46.83725562500007
              ],
              [
                16.033558253000024,
                46.833538485000076
              ],
              [
                16.039274910000074,
                46.837663916000054
              ],
              [
                16.04258905300003,
                46.84005557000006
              ],
              [
                16.05839037800007,
                46.83867001300007
              ],
              [
                16.06571966300004,
                46.84989459900004
              ],
              [
                16.079476543000055,
                46.85355571200006
              ],
              [
                16.09193128800007,
                46.86458058000005
              ],
              [
                16.099431629000037,
                46.86180723000007
              ],
              [
                16.113849224000035,
                46.869068120000065
              ],
              [
                16.127089906000037,
                46.85756639300007
              ],
              [
                16.13460096700004,
                46.85608098800003
              ],
              [
                16.155633504000036,
                46.854426095000065
              ],
              [
                16.165432742000064,
                46.85967898800004
              ],
              [
                16.175273884000035,
                46.85709584500006
              ],
              [
                16.184777202000078,
                46.86485210600006
              ],
              [
                16.200145509000038,
                46.86808814600005
              ],
              [
                16.216447643000038,
                46.86904921900003
              ],
              [
                16.217153341000028,
                46.86909082300008
              ],
              [
                16.21963414100003,
                46.86997430800005
              ],
              [
                16.23738377600006,
                46.876295474000074
              ],
              [
                16.241758872000048,
                46.87628591400005
              ]
            ]
          ]
        ]
      }
    },
    {
      "type": "Feature",
      "properties": {
        "NUTS_ID": "SI04",
        "LEVL_CODE": 2,
        "CNTR_CODE": "SI",
        "NAME_LATN": "Zahodna Slovenija",
        "NUTS_NAME": "Zahodna Slovenija",
        "MOUNT_TYPE": null,
        "URBN_TYPE": null,
        "COAST_TYPE": null,
        "NAME_ENGL": "Slovenia",
        "NAME_FREN": "Slovénie",
        "ISO3_CODE": "SVN",
        "SVRG_UN": "UN Member State",
        "CAPT": "Ljubljana",
        "EU_STAT": "T",
        "EFTA_STAT": "F",
        "CC_STAT": "F",
        "NAME_GERM": "Slowenien",
        "region_id": "slovenia_western_slovenia",
        "region_code": "SI04",
        "region_name": "Zahodna Slovenija",
        "source_dataset": "Eurostat GISCO NUTS 2024",
        "geometry_version": "NUTS 2024 / 1:1M / EPSG:4326",
        "source_url": "https://gisco-services.ec.europa.eu/distribution/v2/nuts/geojson/NUTS_RG_01M_2024_4326_LEVL_2.geojson",
        "attribution": "European Commission - Eurostat/GISCO"
      },
      "geometry": {
        "type": "MultiPolygon",
        "coordinates": [
          [
            [
              [
                13.734182231000034,
                46.51910130500005
              ],
              [
                13.738853347000031,
                46.51723118100006
              ],
              [
                13.743699556000024,
                46.51738692600003
              ],
              [
                13.754327456000055,
                46.51772848100006
              ],
              [
                13.765840624000077,
                46.51495170700008
              ],
              [
                13.777255063000041,
                46.51672963400006
              ],
              [
                13.788646386000039,
                46.509290545000056
              ],
              [
                13.79228617800004,
                46.506913584000074
              ],
              [
                13.798941592000062,
                46.50654097000006
              ],
              [
                13.813026879000063,
                46.50686613000005
              ],
              [
                13.82688685000005,
                46.51459224200005
              ],
              [
                13.832756196000048,
                46.517864055000075
              ],
              [
                13.839203994000059,
                46.51671323800008
              ],
              [
                13.85450118500006,
                46.51398296100007
              ],
              [
                13.867985223000062,
                46.51788600400005
              ],
              [
                13.882453487000078,
                46.52207393800006
              ],
              [
                13.890672204000055,
                46.52071632600007
              ],
              [
                13.899927063000064,
                46.519187558000056
              ],
              [
                13.900667611000074,
                46.51906523000008
              ],
              [
                13.902225809000072,
                46.51928122600003
              ],
              [
                13.912911415000053,
                46.52076245600006
              ],
              [
                13.943236950000028,
                46.51107491500005
              ],
              [
                13.96718340800004,
                46.498270363000074
              ],
              [
                13.975636067000039,
                46.49826660600007
              ],
              [
                14.006514960000061,
                46.48135987500007
              ],
              [
                14.021067200000061,
                46.48218038700003
              ],
              [
                14.041117132000068,
                46.49274305400007
              ],
              [
                14.095742740000048,
                46.48384693200006
              ],
              [
                14.10093491400005,
                46.48008328600008
              ],
              [
                14.111434375000044,
                46.478804565000075
              ],
              [
                14.120463594000057,
                46.47630054200005
              ],
              [
                14.134552033000034,
                46.458825611000066
              ],
              [
                14.136299915000052,
                46.450379517000044
              ],
              [
                14.150887915000055,
                46.44230819400008
              ],
              [
                14.153396347000069,
                46.43677916400003
              ],
              [
                14.160954291000053,
                46.435686747000034
              ],
              [
                14.174222918000055,
                46.43376891400004
              ],
              [
                14.191100091000067,
                46.44392686500004
              ],
              [
                14.205732159000036,
                46.43960400800006
              ],
              [
                14.219268601000067,
                46.44281172400008
              ],
              [
                14.237185443000044,
                46.43223599100003
              ],
              [
                14.283199873000058,
                46.443498057000056
              ],
              [
                14.299005960000045,
                46.438529954000046
              ],
              [
                14.31034188700005,
                46.43093831600004
              ],
              [
                14.32880041900006,
                46.431421614000044
              ],
              [
                14.344407692000061,
                46.43707546300004
              ],
              [
                14.381262721000041,
                46.43932595700005
              ],
              [
                14.409207268000046,
                46.445321670000055
              ],
              [
                14.429242488000057,
                46.446428989000026
              ],
              [
                14.434500307000064,
                46.44294363000006
              ],
              [
                14.437823411000068,
                46.441258392000066
              ],
              [
                14.43581451800003,
                46.43956829800004
              ],
              [
                14.431138445000045,
                46.43563428700003
              ],
              [
                14.439960997000071,
                46.42891876200008
              ],
              [
                14.44068967100003,
                46.428364112000054
              ],
              [
                14.44196144600005,
                46.423780943000054
              ],
              [
                14.47279412000006,
                46.420472148000044
              ],
              [
                14.476925596000058,
                46.41659135300006
              ],
              [
                14.478980642000067,
                46.414660998000045
              ],
              [
                14.491127179000046,
                46.413587359000076
              ],
              [
                14.495676175000028,
                46.416821654000046
              ],
              [
                14.505592214000046,
                46.42387186700006
              ],
              [
                14.520900072000074,
                46.42636689200003
              ],
              [
                14.530381050000074,
                46.416233041000055
              ],
              [
                14.539362292000021,
                46.41148098600007
              ],
              [
                14.55554623200004,
                46.387293974000045
              ],
              [
                14.555967728000041,
                46.38355089800007
              ],
              [
                14.556576026000073,
                46.37814892500006
              ],
              [
                14.558632555000031,
                46.37538445600006
              ],
              [
                14.565175357000044,
                46.372453491000044
              ],
              [
                14.565211816000044,
                46.36769714800005
              ],
              [
                14.58713397300005,
                46.35597137900004
              ],
              [
                14.595559484000034,
                46.35975935000005
              ],
              [
                14.615709072000072,
                46.358070499000064
              ],
              [
                14.637874382000064,
                46.36422836000003
              ],
              [
                14.638528177000069,
                46.33036458600003
              ],
              [
                14.65785296200005,
                46.31495424600007
              ],
              [
                14.67339735400003,
                46.310876921000045
              ],
              [
                14.677232380000078,
                46.29932886300003
              ],
              [
                14.674871780000046,
                46.28399282500004
              ],
              [
                14.683004818000029,
                46.28200135900005
              ],
              [
                14.704636060000041,
                46.284834501000034
              ],
              [
                14.705119531000037,
                46.278718551000054
              ],
              [
                14.700839847000054,
                46.27273346900006
              ],
              [
                14.696699831000046,
                46.26694371000008
              ],
              [
                14.705612078000058,
                46.25802906100006
              ],
              [
                14.723921054000073,
                46.25768246600006
              ],
              [
                14.728047245000027,
                46.25760435600006
              ],
              [
                14.728927087000045,
                46.25740191700004
              ],
              [
                14.744480453000051,
                46.25382331700007
              ],
              [
                14.75506176600004,
                46.25138871300004
              ],
              [
                14.763731223000036,
                46.253356815000075
              ],
              [
                14.773722832000033,
                46.25023870000007
              ],
              [
                14.795203265000055,
                46.25368765700006
              ],
              [
                14.796048166000048,
                46.25382331700007
              ],
              [
                14.804193375000068,
                46.25513113400007
              ],
              [
                14.815808925000056,
                46.25382331700007
              ],
              [
                14.835089917000062,
                46.25165243300006
              ],
              [
                14.836256492000075,
                46.251386946000025
              ],
              [
                14.839103859000033,
                46.25073894800005
              ],
              [
                14.84834350400007,
                46.250648117000026
              ],
              [
                14.854123526000024,
                46.25038563900006
              ],
              [
                14.864810293000062,
                46.243622868000045
              ],
              [
                14.87210674000005,
                46.24143108000004
              ],
              [
                14.885220176000075,
                46.237491918000046
              ],
              [
                14.898406470000054,
                46.23047140800003
              ],
              [
                14.906146271000068,
                46.22950413500007
              ],
              [
                14.910722253000074,
                46.22327647700007
              ],
              [
                14.912648664000073,
                46.220654739000054
              ],
              [
                14.91361334800007,
                46.22013400900005
              ],
              [
                14.919000678000032,
                46.21722596600006
              ],
              [
                14.918107052000039,
                46.21433394400003
              ],
              [
                14.910552185000029,
                46.21231946000006
              ],
              [
                14.908703357000036,
                46.207611892000045
              ],
              [
                14.898418871000047,
                46.20551726200006
              ],
              [
                14.901359435000074,
                46.19023991300003
              ],
              [
                14.888097595000033,
                46.17613914900005
              ],
              [
                14.871961542000065,
                46.17668215300006
              ],
              [
                14.853104909000024,
                46.17111863300005
              ],
              [
                14.820137462000048,
                46.169254317000025
              ],
              [
                14.826703257000077,
                46.15885896800006
              ],
              [
                14.835089917000062,
                46.14889729400005
              ],
              [
                14.837649553000062,
                46.14785142000005
              ],
              [
                14.842548393000072,
                46.145849740000074
              ],
              [
                14.837537033000046,
                46.13614129000007
              ],
              [
                14.835089917000062,
                46.13505895900005
              ],
              [
                14.829338327000073,
                46.13462782500005
              ],
              [
                14.818595727000059,
                46.12770585200008
              ],
              [
                14.810381921000044,
                46.12807299200006
              ],
              [
                14.800518058000023,
                46.12414324000008
              ],
              [
                14.803176705000055,
                46.11429117000006
              ],
              [
                14.793645028000071,
                46.11442052400008
              ],
              [
                14.792226750000054,
                46.107411643000034
              ],
              [
                14.777676556000074,
                46.10904430900007
              ],
              [
                14.771488738000073,
                46.10548730600004
              ],
              [
                14.765671570000052,
                46.106546206000075
              ],
              [
                14.75173421200003,
                46.09784482100008
              ],
              [
                14.752718980000054,
                46.09320530400004
              ],
              [
                14.747517839000068,
                46.08890123000003
              ],
              [
                14.726997596000047,
                46.085521895000056
              ],
              [
                14.717144075000022,
                46.08389918700004
              ],
              [
                14.71175757900005,
                46.07792984500003
              ],
              [
                14.721710361000078,
                46.072852460000036
              ],
              [
                14.724067243000036,
                46.066515206000076
              ],
              [
                14.746009892000075,
                46.06803590000004
              ],
              [
                14.756441324000036,
                46.06416474300005
              ],
              [
                14.758651013000076,
                46.06227213400007
              ],
              [
                14.768139457000075,
                46.05414523700006
              ],
              [
                14.793931354000051,
                46.04529369100004
              ],
              [
                14.805267396000033,
                46.04790148300003
              ],
              [
                14.805769148000024,
                46.048570392000045
              ],
              [
                14.809563228000059,
                46.05362845500008
              ],
              [
                14.821824969000033,
                46.05049047500006
              ],
              [
                14.827983534000055,
                46.04891439700003
              ],
              [
                14.866693567000027,
                46.05650384100005
              ],
              [
                14.87040025300007,
                46.06017645900005
              ],
              [
                14.869881944000042,
                46.06466649600003
              ],
              [
                14.869376960000068,
                46.069041095000046
              ],
              [
                14.891989092000074,
                46.06260352500004
              ],
              [
                14.89513947200004,
                46.05900738200006
              ],
              [
                14.898274299000036,
                46.05542899200003
              ],
              [
                14.909197043000063,
                46.050167359000056
              ],
              [
                14.922610837000036,
                46.04370575300004
              ],
              [
                14.920770688000061,
                46.035578189000034
              ],
              [
                14.920648613000026,
                46.03503900800007
              ],
              [
                14.921000139000057,
                46.03402947600006
              ],
              [
                14.926311894000037,
                46.01877490700008
              ],
              [
                14.924321185000053,
                46.011613632000035
              ],
              [
                14.923274793000076,
                46.00784939400006
              ],
              [
                14.925282706000075,
                46.00512371900004
              ],
              [
                14.928544306000049,
                46.000696205000054
              ],
              [
                14.926873171000068,
                45.99438866400004
              ],
              [
                14.925232946000051,
                45.98819779100006
              ],
              [
                14.929078581000056,
                45.98524544800006
              ],
              [
                14.93764167300003,
                45.984894197000074
              ],
              [
                14.944931677000056,
                45.984595167000066
              ],
              [
                14.94861387900005,
                45.97849790500004
              ],
              [
                14.940440816000034,
                45.973899086000074
              ],
              [
                14.93781357100005,
                45.96436621300006
              ],
              [
                14.924865744000044,
                45.96315193200007
              ],
              [
                14.911692880000032,
                45.95294922800008
              ],
              [
                14.908102803000077,
                45.94637983900003
              ],
              [
                14.89779696100004,
                45.94757748600006
              ],
              [
                14.883572651000065,
                45.94450463700008
              ],
              [
                14.884832632000041,
                45.93608716600005
              ],
              [
                14.877891004000048,
                45.92711524200007
              ],
              [
                14.882098574000054,
                45.90628406900004
              ],
              [
                14.862948666000023,
                45.88596829900007
              ],
              [
                14.876092905000064,
                45.87012299300005
              ],
              [
                14.882539850000057,
                45.86384581800007
              ],
              [
                14.879583393000075,
                45.855722325000045
              ],
              [
                14.844256167000026,
                45.85560749800004
              ],
              [
                14.845928468000068,
                45.84649387600007
              ],
              [
                14.852211254000053,
                45.84407932200003
              ],
              [
                14.85116447400003,
                45.83631871400007
              ],
              [
                14.858008141000028,
                45.83330548300006
              ],
              [
                14.858110127000032,
                45.80313399700003
              ],
              [
                14.851120914000035,
                45.796114990000035
              ],
              [
                14.835089917000062,
                45.795593781000036
              ],
              [
                14.820543379000071,
                45.80078345100003
              ],
              [
                14.804826275000039,
                45.798399490000065
              ],
              [
                14.800024473000065,
                45.782358533000036
              ],
              [
                14.807219717000066,
                45.76443007300003
              ],
              [
                14.810465855000075,
                45.76065549800006
              ],
              [
                14.82647501300005,
                45.756215885000074
              ],
              [
                14.84094290400003,
                45.74242676500006
              ],
              [
                14.825445030000026,
                45.728924060000054
              ],
              [
                14.819218146000026,
                45.72950411800008
              ],
              [
                14.768836798000052,
                45.758463395000035
              ],
              [
                14.74847969800004,
                45.77526175100007
              ],
              [
                14.741819857000053,
                45.78483163100003
              ],
              [
                14.71358086500004,
                45.79888607100003
              ],
              [
                14.704040980000059,
                45.809426331000054
              ],
              [
                14.688183998000056,
                45.819038145000036
              ],
              [
                14.678015646000063,
                45.820409116000064
              ],
              [
                14.666360475000033,
                45.809078820000025
              ],
              [
                14.651748437000037,
                45.80351486200004
              ],
              [
                14.635403093000036,
                45.80296457500003
              ],
              [
                14.63057531100003,
                45.800133033000066
              ],
              [
                14.614134326000055,
                45.803290066000045
              ],
              [
                14.595823432000032,
                45.800469974000066
              ],
              [
                14.593699273000027,
                45.79444399100004
              ],
              [
                14.585379713000066,
                45.79393988500004
              ],
              [
                14.568484942000055,
                45.79507476900005
              ],
              [
                14.564807269000028,
                45.79146217200008
              ],
              [
                14.551550505000023,
                45.80026710700008
              ],
              [
                14.547585812000023,
                45.812597751000055
              ],
              [
                14.531317351000041,
                45.81495904900004
              ],
              [
                14.523119726000061,
                45.82756219500004
              ],
              [
                14.505655063000063,
                45.84226788900003
              ],
              [
                14.507089459000042,
                45.84395648100008
              ],
              [
                14.50405994700003,
                45.84655150000003
              ],
              [
                14.49858712300005,
                45.85123941100005
              ],
              [
                14.496625368000025,
                45.857583186000056
              ],
              [
                14.499138121000044,
                45.85976884000007
              ],
              [
                14.50210613400003,
                45.86235049100003
              ],
              [
                14.502799091000043,
                45.868403811000064
              ],
              [
                14.490759506000074,
                45.88226923000008
              ],
              [
                14.466952596000056,
                45.86994383200005
              ],
              [
                14.457415583000056,
                45.872045728000046
              ],
              [
                14.44519961900005,
                45.86206016400007
              ],
              [
                14.437308449000056,
                45.85970810900005
              ],
              [
                14.42998560500007,
                45.86062588600004
              ],
              [
                14.418963720000022,
                45.87156511000006
              ],
              [
                14.409258270000066,
                45.872011205000035
              ],
              [
                14.397974100000056,
                45.85775255600004
              ],
              [
                14.37250728400005,
                45.87753376000006
              ],
              [
                14.364794606000032,
                45.87082351500004
              ],
              [
                14.358656608000047,
                45.87039052700004
              ],
              [
                14.351693999000076,
                45.88297860200004
              ],
              [
                14.340838826000038,
                45.88020630200003
              ],
              [
                14.320401620000041,
                45.893721596000034
              ],
              [
                14.310927932000027,
                45.892460484000026
              ],
              [
                14.300492244000054,
                45.88694564800005
              ],
              [
                14.300509976000058,
                45.87984813300005
              ],
              [
                14.278621005000048,
                45.846998118000045
              ],
              [
                14.271931843000061,
                45.85227716400004
              ],
              [
                14.262506334000022,
                45.85242235800007
              ],
              [
                14.260570217000065,
                45.852452183000025
              ],
              [
                14.260543127000062,
                45.853083179000066
              ],
              [
                14.26043209200003,
                45.85566943100008
              ],
              [
                14.257515917000035,
                45.85410214600006
              ],
              [
                14.25052656400004,
                45.85034575000003
              ],
              [
                14.241516277000073,
                45.85557907100008
              ],
              [
                14.242951751000021,
                45.859004482000046
              ],
              [
                14.24316576700005,
                45.85951518000007
              ],
              [
                14.241561672000046,
                45.85947238600005
              ],
              [
                14.222792254000069,
                45.858971661000055
              ],
              [
                14.223852671000031,
                45.86348065200008
              ],
              [
                14.220212454000034,
                45.86665858900005
              ],
              [
                14.21930212500007,
                45.867453313000055
              ],
              [
                14.217183832000046,
                45.867678031000025
              ],
              [
                14.20758885500004,
                45.86869591000004
              ],
              [
                14.197092195000039,
                45.87444092900006
              ],
              [
                14.18984325200006,
                45.878408411000066
              ],
              [
                14.170709263000049,
                45.874631012000066
              ],
              [
                14.160954291000053,
                45.87270520200008
              ],
              [
                14.159125779000021,
                45.87234422000006
              ],
              [
                14.15753937200003,
                45.872987840000064
              ],
              [
                14.148653941000077,
                45.87659274300006
              ],
              [
                14.12957754100006,
                45.86949911900007
              ],
              [
                14.126534099000025,
                45.86909799400007
              ],
              [
                14.123501101000045,
                45.86703903000006
              ],
              [
                14.111166255000057,
                45.862139341000045
              ],
              [
                14.102767861000075,
                45.85286454900006
              ],
              [
                14.098676579000028,
                45.84834633000003
              ],
              [
                14.049503282000046,
                45.83733752900008
              ],
              [
                14.069732891000058,
                45.81086076400004
              ],
              [
                14.067525084000067,
                45.80217132400003
              ],
              [
                14.06480416200003,
                45.802647497000066
              ],
              [
                14.062734101000046,
                45.80300976600006
              ],
              [
                14.05631586900006,
                45.79844543000007
              ],
              [
                14.05510706800004,
                45.78479966500004
              ],
              [
                14.054008642000042,
                45.772399878000044
              ],
              [
                14.048180900000034,
                45.772051815000054
              ],
              [
                14.047192435000056,
                45.77199277900007
              ],
              [
                14.04237127500005,
                45.76135900300005
              ],
              [
                14.050856758000066,
                45.751943605000065
              ],
              [
                14.069634135000058,
                45.749611721000065
              ],
              [
                14.074294687000076,
                45.749032947000046
              ],
              [
                14.081805874000054,
                45.74450462000004
              ],
              [
                14.084184565000044,
                45.737317132000044
              ],
              [
                14.08539948300006,
                45.733646116000045
              ],
              [
                14.087040991000038,
                45.73334727400004
              ],
              [
                14.094041012000048,
                45.73207289800007
              ],
              [
                14.091685133000055,
                45.72822376500005
              ],
              [
                14.099329940000075,
                45.716268108000065
              ],
              [
                14.09472356300006,
                45.70974516200005
              ],
              [
                14.081529325000076,
                45.711508812000034
              ],
              [
                14.073578324000039,
                45.70685673400004
              ],
              [
                14.067247587000054,
                45.685185931000035
              ],
              [
                14.07829478800005,
                45.68085338100008
              ],
              [
                14.078847835000033,
                45.670093647000044
              ],
              [
                14.079020902000025,
                45.66464771100004
              ],
              [
                14.073830441000041,
                45.656039908000025
              ],
              [
                14.085892511000054,
                45.648391934000074
              ],
              [
                14.087637508000057,
                45.64109895900003
              ],
              [
                14.091650110000046,
                45.63729208500007
              ],
              [
                14.084641627000053,
                45.63081653300003
              ],
              [
                14.097227297000074,
                45.62513251200005
              ],
              [
                14.097067476000063,
                45.615982634000034
              ],
              [
                14.112176676000047,
                45.60582842100007
              ],
              [
                14.10533811700003,
                45.596874093000054
              ],
              [
                14.104783394000037,
                45.59650423000005
              ],
              [
                14.095198872000026,
                45.590113719000044
              ],
              [
                14.094690917000037,
                45.572141577000025
              ],
              [
                14.099047093000024,
                45.56919475800004
              ],
              [
                14.104322917000047,
                45.57049989300003
              ],
              [
                14.10827831100005,
                45.57147838000003
              ],
              [
                14.116244348000066,
                45.568012743000054
              ],
              [
                14.111274680000065,
                45.553663302000075
              ],
              [
                14.108422874000041,
                45.550998640000046
              ],
              [
                14.102019418000054,
                45.54501539600005
              ],
              [
                14.100962798000069,
                45.53344134400004
              ],
              [
                14.100689602000045,
                45.530448801000034
              ],
              [
                14.09854438900004,
                45.52774961800003
              ],
              [
                14.09242787900007,
                45.52005360600003
              ],
              [
                14.10430357000007,
                45.51592410500007
              ],
              [
                14.113133589000029,
                45.50853559800004
              ],
              [
                14.11855442500007,
                45.51060718900004
              ],
              [
                14.124083559000042,
                45.512720167000055
              ],
              [
                14.124056558000063,
                45.50815776500008
              ],
              [
                14.12403954000007,
                45.505282212000054
              ],
              [
                14.125730693000037,
                45.50105872100005
              ],
              [
                14.128948158000071,
                45.49302341600003
              ],
              [
                14.125330079000037,
                45.48462700400006
              ],
              [
                14.118196296000065,
                45.48123910600003
              ],
              [
                14.111284542000021,
                45.48233550600003
              ],
              [
                14.091011525000056,
                45.482055321000075
              ],
              [
                14.072208578000073,
                45.48529319200003
              ],
              [
                14.050550054000041,
                45.49764533800004
              ],
              [
                14.041680419000045,
                45.49945836000006
              ],
              [
                14.013010218000034,
                45.51869062900005
              ],
              [
                14.001949577000062,
                45.52006266600006
              ],
              [
                13.998049382000033,
                45.51531487500006
              ],
              [
                13.998939612000072,
                45.512787238000044
              ],
              [
                14.000462286000072,
                45.50846389600008
              ],
              [
                13.988576777000048,
                45.50954242500006
              ],
              [
                13.98166410500005,
                45.51231139400005
              ],
              [
                13.975665625000033,
                45.51471417000005
              ],
              [
                13.96718340800004,
                45.508886217000054
              ],
              [
                13.963154603000078,
                45.50581323900008
              ],
              [
                13.965694404000033,
                45.497504019000075
              ],
              [
                13.96718340800004,
                45.49649235900006
              ],
              [
                13.978903372000048,
                45.49128400800004
              ],
              [
                13.985340032000067,
                45.48842355700003
              ],
              [
                13.989315688000033,
                45.48470495300006
              ],
              [
                13.987723406000043,
                45.481793175000064
              ],
              [
                13.987652522000076,
                45.481663550000064
              ],
              [
                13.99213441300003,
                45.47671332300007
              ],
              [
                13.99566455200005,
                45.47281430100003
              ],
              [
                13.988266187000022,
                45.46934996200008
              ],
              [
                13.98603586300004,
                45.46830559600005
              ],
              [
                13.985734217000072,
                45.46453022900005
              ],
              [
                13.985105807000025,
                45.45666511300004
              ],
              [
                13.970718078000061,
                45.447594380000055
              ],
              [
                13.96718340800004,
                45.44926513400003
              ],
              [
                13.958203541000046,
                45.453509702000076
              ],
              [
                13.953120393000063,
                45.45591238500003
              ],
              [
                13.91386946800003,
                45.45301679100004
              ],
              [
                13.891800900000021,
                45.436359407000054
              ],
              [
                13.890672204000055,
                45.433843084000046
              ],
              [
                13.889824573000055,
                45.43195336800005
              ],
              [
                13.887097294000057,
                45.425873152000065
              ],
              [
                13.855694060000076,
                45.42639512800008
              ],
              [
                13.850511048000044,
                45.430923869000026
              ],
              [
                13.848254954000026,
                45.43289516800007
              ],
              [
                13.82915317800007,
                45.43371567500003
              ],
              [
                13.814942659000053,
                45.43432608000006
              ],
              [
                13.81296840300007,
                45.440974812000036
              ],
              [
                13.80286419600003,
                45.44406446100004
              ],
              [
                13.80509842600003,
                45.453427429000044
              ],
              [
                13.80601211000004,
                45.45725639600005
              ],
              [
                13.783852153000055,
                45.466381279000075
              ],
              [
                13.765663071000063,
                45.46630262200006
              ],
              [
                13.756330254000034,
                45.46165152900005
              ],
              [
                13.726944110000034,
                45.459135668000044
              ],
              [
                13.720030674000043,
                45.45661185100005
              ],
              [
                13.710164401000043,
                45.45301007200004
              ],
              [
                13.703821333000064,
                45.45587206000005
              ],
              [
                13.690920377000054,
                45.44936030100007
              ],
              [
                13.679399901000068,
                45.44354534000007
              ],
              [
                13.675796741000056,
                45.44432339400004
              ],
              [
                13.670264803000066,
                45.44551794300003
              ],
              [
                13.64387879000003,
                45.458844286000044
              ],
              [
                13.603013545000067,
                45.467011101000026
              ],
              [
                13.585649207000074,
                45.47853194900006
              ],
              [
                13.592120430000023,
                45.48383699100003
              ],
              [
                13.591560586000071,
                45.49011121800004
              ],
              [
                13.587690064000071,
                45.49545032900005
              ],
              [
                13.585549410000056,
                45.49840321100004
              ],
              [
                13.588309890000062,
                45.50058858600005
              ],
              [
                13.593788139000026,
                45.504925523000054
              ],
              [
                13.593772495000053,
                45.510900641000035
              ],
              [
                13.585200044000032,
                45.51261062300006
              ],
              [
                13.570580520000021,
                45.515526839000074
              ],
              [
                13.566893335000032,
                45.52125712700007
              ],
              [
                13.56733768600003,
                45.52921308200007
              ],
              [
                13.580681365000032,
                45.52576520800005
              ],
              [
                13.583494200000075,
                45.52579975500004
              ],
              [
                13.59994062900006,
                45.526001747000066
              ],
              [
                13.60669649600004,
                45.52936321400006
              ],
              [
                13.601645920000067,
                45.53283603500006
              ],
              [
                13.601858628000059,
                45.533760864000044
              ],
              [
                13.602436236000074,
                45.536272229000076
              ],
              [
                13.615719434000027,
                45.53976962100006
              ],
              [
                13.629646232000027,
                45.533716576000074
              ],
              [
                13.643664665000074,
                45.53239812700008
              ],
              [
                13.656257880000055,
                45.535227579000036
              ],
              [
                13.657716386000061,
                45.54165633200006
              ],
              [
                13.668599073000053,
                45.53930256900003
              ],
              [
                13.675796741000056,
                45.543033052000055
              ],
              [
                13.681136710000033,
                45.54580070800006
              ],
              [
                13.69340507000004,
                45.54791255100008
              ],
              [
                13.719039115000044,
                45.54377233300005
              ],
              [
                13.732170737000047,
                45.551188815000046
              ],
              [
                13.732512242000041,
                45.55326904000003
              ],
              [
                13.733033162000027,
                45.556442136000044
              ],
              [
                13.741046156000039,
                45.55805412300003
              ],
              [
                13.736145523000062,
                45.56202155200003
              ],
              [
                13.739633339000022,
                45.56402346600004
              ],
              [
                13.743266826000024,
                45.56610899200007
              ],
              [
                13.742576641000028,
                45.570357338000065
              ],
              [
                13.728011374000062,
                45.57859877000004
              ],
              [
                13.720030674000043,
                45.583114471000044
              ],
              [
                13.709466114000065,
                45.58909219200007
              ],
              [
                13.720030674000043,
                45.59350465700004
              ],
              [
                13.722850280000046,
                45.59468231200003
              ],
              [
                13.723158649000027,
                45.59480677000005
              ],
              [
                13.735415188000047,
                45.59616097600008
              ],
              [
                13.747980003000066,
                45.597333107000054
              ],
              [
                13.782482634000075,
                45.583891563000066
              ],
              [
                13.821810463000077,
                45.58168543100004
              ],
              [
                13.849824151000064,
                45.58501443500006
              ],
              [
                13.854355896000072,
                45.592245942000034
              ],
              [
                13.865859257000068,
                45.59777586300004
              ],
              [
                13.869098217000044,
                45.60921497600003
              ],
              [
                13.87946204800005,
                45.61197934200004
              ],
              [
                13.890672204000055,
                45.617736308000076
              ],
              [
                13.917666802000042,
                45.63159935900006
              ],
              [
                13.915995267000028,
                45.635032710000075
              ],
              [
                13.898685555000043,
                45.643424794000055
              ],
              [
                13.89832621000005,
                45.64346654700006
              ],
              [
                13.890672204000055,
                45.647115358000065
              ],
              [
                13.87408128800007,
                45.65502456400003
              ],
              [
                13.854681682000034,
                45.670093647000044
              ],
              [
                13.832470016000059,
                45.689877040000056
              ],
              [
                13.834363318000044,
                45.69643188200007
              ],
              [
                13.835142746000031,
                45.69913035700006
              ],
              [
                13.832572889000062,
                45.70838319600006
              ],
              [
                13.825221163000037,
                45.713529891000064
              ],
              [
                13.810254018000023,
                45.72400788400006
              ],
              [
                13.802797763000058,
                45.73514141700008
              ],
              [
                13.799406823000027,
                45.74020470100004
              ],
              [
                13.789371318000065,
                45.74624991700006
              ],
              [
                13.779293512000038,
                45.74823653200008
              ],
              [
                13.767383366000047,
                45.75058435300008
              ],
              [
                13.762862553000048,
                45.75443425900005
              ],
              [
                13.761192086000051,
                45.755856822000055
              ],
              [
                13.759087492000049,
                45.75585820500004
              ],
              [
                13.745343753000043,
                45.755867237000075
              ],
              [
                13.721295612000063,
                45.769315617000075
              ],
              [
                13.708288689000028,
                45.77501941700007
              ],
              [
                13.681030083000053,
                45.79299754300007
              ],
              [
                13.676769258000036,
                45.79237581900003
              ],
              [
                13.675796741000056,
                45.792233913000075
              ],
              [
                13.672818704000065,
                45.79455122000007
              ],
              [
                13.66670434100007,
                45.799309004000065
              ],
              [
                13.635636986000065,
                45.79999464300005
              ],
              [
                13.62995111400005,
                45.79861937900006
              ],
              [
                13.625601347000043,
                45.79756728400008
              ],
              [
                13.596242761000042,
                45.80793732800004
              ],
              [
                13.597137159000056,
                45.819470729000045
              ],
              [
                13.587976688000026,
                45.83523465500008
              ],
              [
                13.575945432000026,
                45.843768011000066
              ],
              [
                13.576201703000038,
                45.853469999000026
              ],
              [
                13.592119506000074,
                45.87483063500008
              ],
              [
                13.586661,
                45.88071213200004
              ],
              [
                13.595525130000055,
                45.89393486300003
              ],
              [
                13.607418346000031,
                45.89873194900008
              ],
              [
                13.611410263000039,
                45.90376807400003
              ],
              [
                13.614059544000042,
                45.90761020600007
              ],
              [
                13.637172391000036,
                45.938025613000036
              ],
              [
                13.633354162000046,
                45.94978114600008
              ],
              [
                13.641793722000045,
                45.98307225100007
              ],
              [
                13.633541150000042,
                45.988344426000026
              ],
              [
                13.620869162000076,
                45.98459602600008
              ],
              [
                13.604540063000059,
                45.98682215400004
              ],
              [
                13.585442525000076,
                45.98755361100007
              ],
              [
                13.574291882000068,
                45.97674115500007
              ],
              [
                13.566536289000055,
                45.969220782000036
              ],
              [
                13.558018407000077,
                45.96967042600005
              ],
              [
                13.550310215000025,
                45.97007732800006
              ],
              [
                13.545931367000037,
                45.96764174600003
              ],
              [
                13.541470856000046,
                45.96516074200008
              ],
              [
                13.529359015000068,
                45.96718277300005
              ],
              [
                13.527166865000027,
                45.971173530000044
              ],
              [
                13.526537881000024,
                45.972318580000035
              ],
              [
                13.51306732300003,
                45.97953564300008
              ],
              [
                13.506466009000064,
                45.98039372900007
              ],
              [
                13.50154587700007,
                45.981033283000045
              ],
              [
                13.494983245000071,
                45.986665369000036
              ],
              [
                13.477247833000035,
                46.006023612000035
              ],
              [
                13.481269247000057,
                46.01163272100007
              ],
              [
                13.487015261000067,
                46.013632639000036
              ],
              [
                13.497418966000055,
                46.01725368000007
              ],
              [
                13.509648300000038,
                46.041069607000054
              ],
              [
                13.506476044000067,
                46.04539955000007
              ],
              [
                13.499012481000022,
                46.04785047400003
              ],
              [
                13.497737588000064,
                46.04826913000005
              ],
              [
                13.496939053000062,
                46.05133502700005
              ],
              [
                13.497262789000047,
                46.05775409800003
              ],
              [
                13.502114457000062,
                46.06144776000008
              ],
              [
                13.530244727000024,
                46.067383550000045
              ],
              [
                13.544392723000044,
                46.08217317100008
              ],
              [
                13.560314272000028,
                46.08629534100004
              ],
              [
                13.566536289000055,
                46.08790625300003
              ],
              [
                13.573237290000066,
                46.08964117600004
              ],
              [
                13.580557129000056,
                46.09865172200006
              ],
              [
                13.595270084000049,
                46.104589582000074
              ],
              [
                13.601930585000048,
                46.112469299000054
              ],
              [
                13.60247927200004,
                46.11311842500004
              ],
              [
                13.605506908000052,
                46.11471857500004
              ],
              [
                13.622790504000022,
                46.123853206000035
              ],
              [
                13.628382835000025,
                46.12910604700005
              ],
              [
                13.63342758400006,
                46.13384454800007
              ],
              [
                13.638397819000033,
                46.135404822000055
              ],
              [
                13.643102111000076,
                46.136881610000046
              ],
              [
                13.652413310000043,
                46.14771052000003
              ],
              [
                13.654995117000055,
                46.154230073000065
              ],
              [
                13.654521445000057,
                46.15559749100004
              ],
              [
                13.653471124000077,
                46.15862960700008
              ],
              [
                13.664051766000057,
                46.170440609000025
              ],
              [
                13.665529794000065,
                46.17526417500005
              ],
              [
                13.658118290000061,
                46.18431725700003
              ],
              [
                13.633614378000061,
                46.19179083000006
              ],
              [
                13.625239264000072,
                46.18807197000007
              ],
              [
                13.622435407000069,
                46.18683586600008
              ],
              [
                13.614582208000058,
                46.18432588700006
              ],
              [
                13.611233166000034,
                46.18894086000006
              ],
              [
                13.589853921000042,
                46.18828357400008
              ],
              [
                13.589195962000076,
                46.18931149800005
              ],
              [
                13.588435782000033,
                46.19049912200006
              ],
              [
                13.584173770000064,
                46.18903117100007
              ],
              [
                13.574114544000054,
                46.18556650600004
              ],
              [
                13.569079051000074,
                46.186464063000074
              ],
              [
                13.566536289000055,
                46.19120574600004
              ],
              [
                13.564310117000048,
                46.19535705900006
              ],
              [
                13.559001311000031,
                46.20525679600007
              ],
              [
                13.547771960000034,
                46.210717043000045
              ],
              [
                13.538131706000058,
                46.21150525400003
              ],
              [
                13.529461604000062,
                46.21221414300004
              ],
              [
                13.529139142000076,
                46.21335773900006
              ],
              [
                13.52771746600007,
                46.218399634000036
              ],
              [
                13.512734598000065,
                46.21673710400006
              ],
              [
                13.50424229500004,
                46.215794781000056
              ],
              [
                13.496673137000073,
                46.22004579500003
              ],
              [
                13.491486526000074,
                46.22295871500006
              ],
              [
                13.45510411500004,
                46.225855617000036
              ],
              [
                13.44517713600004,
                46.224865856000065
              ],
              [
                13.446562975000063,
                46.22004467200003
              ],
              [
                13.447581462000073,
                46.21650146800005
              ],
              [
                13.445954379000057,
                46.21331115100003
              ],
              [
                13.423357018000047,
                46.20605403800005
              ],
              [
                13.410719681000046,
                46.21235584200008
              ],
              [
                13.410166484000058,
                46.215447605000065
              ],
              [
                13.415906089000032,
                46.22158503600008
              ],
              [
                13.412630153000066,
                46.227089283000055
              ],
              [
                13.417955102000064,
                46.230270121000046
              ],
              [
                13.42187701100005,
                46.23261285900003
              ],
              [
                13.416451856000037,
                46.23635533500004
              ],
              [
                13.40909397200005,
                46.24143108000004
              ],
              [
                13.40668015700004,
                46.24309622000004
              ],
              [
                13.393918338000049,
                46.26630606700007
              ],
              [
                13.392872766000039,
                46.272694914000056
              ],
              [
                13.391181842000037,
                46.283027107000066
              ],
              [
                13.386406240000042,
                46.28963006200007
              ],
              [
                13.381744836000053,
                46.28984503700008
              ],
              [
                13.380000993000067,
                46.28992546000006
              ],
              [
                13.376797199000066,
                46.29456203700005
              ],
              [
                13.375492661000067,
                46.29823262300005
              ],
              [
                13.402879967000047,
                46.300137007000046
              ],
              [
                13.40668015700004,
                46.30574578800008
              ],
              [
                13.410855424000033,
                46.30591930400004
              ],
              [
                13.416988653000033,
                46.306174189000046
              ],
              [
                13.416292579000071,
                46.30986130300005
              ],
              [
                13.415644856000029,
                46.313292303000026
              ],
              [
                13.418469455000036,
                46.31812013200005
              ],
              [
                13.426206586000035,
                46.322318514000074
              ],
              [
                13.433552011000074,
                46.32237458700007
              ],
              [
                13.438348444000042,
                46.32241120100008
              ],
              [
                13.447762280000063,
                46.33225998200004
              ],
              [
                13.448263156000053,
                46.335725850000074
              ],
              [
                13.44402635800003,
                46.34321566300008
              ],
              [
                13.437749058000065,
                46.35431267600006
              ],
              [
                13.439664050000033,
                46.35968387400004
              ],
              [
                13.45047934400003,
                46.36278365600003
              ],
              [
                13.455714373000035,
                46.362372795000056
              ],
              [
                13.469799728000055,
                46.36126733200007
              ],
              [
                13.482399848000057,
                46.36887421100005
              ],
              [
                13.49803027300004,
                46.370990429000074
              ],
              [
                13.517743910000036,
                46.37814892500006
              ],
              [
                13.516923157000065,
                46.38297235400006
              ],
              [
                13.517680105000068,
                46.38330151400004
              ],
              [
                13.527119012000071,
                46.387406045000034
              ],
              [
                13.529043460000025,
                46.38713945000006
              ],
              [
                13.537048345000073,
                46.38603052700006
              ],
              [
                13.542979356000046,
                46.39158770600005
              ],
              [
                13.566536289000055,
                46.39925597300004
              ],
              [
                13.57654332900006,
                46.40938492400005
              ],
              [
                13.57873089900005,
                46.41711488800007
              ],
              [
                13.582086545000038,
                46.428972344000044
              ],
              [
                13.597062786000038,
                46.43847143000005
              ],
              [
                13.645011359000023,
                46.445273229000065
              ],
              [
                13.651046313000052,
                46.442626103000066
              ],
              [
                13.656664224000053,
                46.440161905000025
              ],
              [
                13.684031874000027,
                46.43747236200005
              ],
              [
                13.692774917000065,
                46.44335065800004
              ],
              [
                13.697865427000067,
                46.455562677000046
              ],
              [
                13.694325622000065,
                46.467558516000054
              ],
              [
                13.70829481900006,
                46.48052504100008
              ],
              [
                13.70398188400003,
                46.485258815000066
              ],
              [
                13.703221976000066,
                46.49908413800006
              ],
              [
                13.715734249000036,
                46.507440089000056
              ],
              [
                13.71418508100004,
                46.52270344000004
              ],
              [
                13.720030674000043,
                46.522763319000035
              ],
              [
                13.724910557000044,
                46.52281330500006
              ],
              [
                13.734182231000034,
                46.51910130500005
              ]
            ]
          ]
        ]
      }
    }
  ]
}