{
  "type": "FeatureCollection",
  "name": "slovakia NUTS3",
  "features": [
    {
      "type": "Feature",
      "properties": {
        "NUTS_ID": "SK041",
        "LEVL_CODE": 3,
        "CNTR_CODE": "SK",
        "NAME_LATN": "Prešovský kraj",
        "NUTS_NAME": "Prešovský kraj",
        "MOUNT_TYPE": 1,
        "URBN_TYPE": 3,
        "COAST_TYPE": null,
        "NAME_ENGL": "Slovakia",
        "NAME_FREN": "Slovaquie",
        "ISO3_CODE": "SVK",
        "SVRG_UN": "UN Member State",
        "CAPT": "Bratislava",
        "EU_STAT": "T",
        "EFTA_STAT": "F",
        "CC_STAT": "F",
        "NAME_GERM": "Slowakei",
        "region_id": "slovakia_presov",
        "region_code": "SK041",
        "region_name": "Prešovský kraj",
        "source_dataset": "Eurostat GISCO NUTS 2024",
        "geometry_version": "NUTS 2024 / 1:1M / EPSG:4326",
        "source_url": "https://gisco-services.ec.europa.eu/distribution/v2/nuts/geojson/NUTS_RG_01M_2024_4326_LEVL_3.geojson",
        "attribution": "European Commission - Eurostat/GISCO"
      },
      "geometry": {
        "type": "MultiPolygon",
        "coordinates": [
          [
            [
              [
                21.302284332000056,
                49.45030935300008
              ],
              [
                21.316512982000063,
                49.44789965800004
              ],
              [
                21.321902614000066,
                49.449405408000075
              ],
              [
                21.323712236000063,
                49.44991097900004
              ],
              [
                21.331286487000057,
                49.45030935300008
              ],
              [
                21.337392003000048,
                49.45130764400005
              ],
              [
                21.342465402000073,
                49.450983687000075
              ],
              [
                21.34475636700006,
                49.45030935300008
              ],
              [
                21.346569859000056,
                49.45030935300008
              ],
              [
                21.35334520400005,
                49.44445993000005
              ],
              [
                21.365582740000036,
                49.440676189000044
              ],
              [
                21.365963325000052,
                49.44033207600006
              ],
              [
                21.374453048000078,
                49.43265592800003
              ],
              [
                21.397712480000052,
                49.43379403700004
              ],
              [
                21.403773339000054,
                49.43161648000006
              ],
              [
                21.404485695000062,
                49.43077642000003
              ],
              [
                21.40905676700004,
                49.425385891000076
              ],
              [
                21.430275986000026,
                49.41413488000006
              ],
              [
                21.444857144000025,
                49.41222100900006
              ],
              [
                21.456133875000035,
                49.41580675600005
              ],
              [
                21.469148920000066,
                49.41366210500007
              ],
              [
                21.478677378000043,
                49.41599796500003
              ],
              [
                21.487157505000027,
                49.425516222000056
              ],
              [
                21.490462533000027,
                49.429225849000034
              ],
              [
                21.496190675000037,
                49.428858931000036
              ],
              [
                21.507047701000033,
                49.422872975000075
              ],
              [
                21.514830731000075,
                49.41858184900008
              ],
              [
                21.523499008000044,
                49.41990463500008
              ],
              [
                21.519741319000047,
                49.42497474400005
              ],
              [
                21.519663670000057,
                49.42507951300007
              ],
              [
                21.528520701000048,
                49.434087299000055
              ],
              [
                21.542525071000057,
                49.43352062100007
              ],
              [
                21.550248530000033,
                49.433208096000044
              ],
              [
                21.551510907000022,
                49.43388259900007
              ],
              [
                21.56429457400003,
                49.44071306400008
              ],
              [
                21.57605410900004,
                49.435412160000055
              ],
              [
                21.580315333000044,
                49.43530465500004
              ],
              [
                21.586491547000037,
                49.435291730000074
              ],
              [
                21.601577504000034,
                49.43526015800006
              ],
              [
                21.605592012000045,
                49.43813615600004
              ],
              [
                21.614224811000042,
                49.44432070300007
              ],
              [
                21.629946595000035,
                49.44682897400003
              ],
              [
                21.63930143600004,
                49.436680093000064
              ],
              [
                21.644574816000045,
                49.43095910800008
              ],
              [
                21.649807684000052,
                49.42847463700008
              ],
              [
                21.65409706300005,
                49.42643811800008
              ],
              [
                21.655139055000063,
                49.42431079800008
              ],
              [
                21.658227538000062,
                49.41800538500007
              ],
              [
                21.663313815000038,
                49.415402088000064
              ],
              [
                21.684671879000064,
                49.41136900400005
              ],
              [
                21.691029206000053,
                49.41435337200005
              ],
              [
                21.699082275000023,
                49.418133785000066
              ],
              [
                21.718638421000037,
                49.41316106600004
              ],
              [
                21.723327005000044,
                49.40995134700006
              ],
              [
                21.72392984000004,
                49.407504033000066
              ],
              [
                21.72559904900004,
                49.40072759200007
              ],
              [
                21.729911677000075,
                49.397808043000055
              ],
              [
                21.73502342000006,
                49.397788967000054
              ],
              [
                21.750399216000062,
                49.389133980000054
              ],
              [
                21.754019688000028,
                49.38739900400003
              ],
              [
                21.762896956000077,
                49.38314490400006
              ],
              [
                21.76292914800007,
                49.379822080000054
              ],
              [
                21.762956643000052,
                49.37698401200004
              ],
              [
                21.77149557300004,
                49.363143910000076
              ],
              [
                21.777452346000075,
                49.356674164000026
              ],
              [
                21.789213217000054,
                49.35548100500006
              ],
              [
                21.78915836300007,
                49.36469423900007
              ],
              [
                21.789132764000044,
                49.36899391600008
              ],
              [
                21.797855592000076,
                49.37851440500003
              ],
              [
                21.805104219000043,
                49.38184661300005
              ],
              [
                21.815519808000033,
                49.38374170000003
              ],
              [
                21.825735662000056,
                49.39048134600006
              ],
              [
                21.839285695000058,
                49.39115252600004
              ],
              [
                21.847698241000046,
                49.38569496300005
              ],
              [
                21.84841657800007,
                49.38015832900004
              ],
              [
                21.848689928000056,
                49.378051466000045
              ],
              [
                21.85838519400005,
                49.36897592100007
              ],
              [
                21.86911148100006,
                49.37108308200004
              ],
              [
                21.87756939800005,
                49.37274462600004
              ],
              [
                21.887336194000056,
                49.36849254400005
              ],
              [
                21.889855588000046,
                49.36354521800007
              ],
              [
                21.892427979000047,
                49.35849382100008
              ],
              [
                21.902904358000058,
                49.35134650700007
              ],
              [
                21.906538768000075,
                49.352664238000045
              ],
              [
                21.90901195600003,
                49.35356094400004
              ],
              [
                21.919963926000037,
                49.353270860000066
              ],
              [
                21.92716272200005,
                49.349857963000034
              ],
              [
                21.934191430000055,
                49.346525704000044
              ],
              [
                21.941405918000044,
                49.34791991000003
              ],
              [
                21.95225249500004,
                49.350016020000055
              ],
              [
                21.963492985000073,
                49.34697670000003
              ],
              [
                21.972828935000052,
                49.33345013300004
              ],
              [
                21.977909260000047,
                49.32272328100004
              ],
              [
                21.98338536400007,
                49.311160760000064
              ],
              [
                21.99774051600008,
                49.30088687600005
              ],
              [
                22.011604643000055,
                49.28948026200004
              ],
              [
                22.020191406000038,
                49.28630625200003
              ],
              [
                22.027682236000032,
                49.283537343000035
              ],
              [
                22.03486091600007,
                49.276430376000064
              ],
              [
                22.033593825000025,
                49.271096354000065
              ],
              [
                22.031595049000032,
                49.26268219100007
              ],
              [
                22.03709120800005,
                49.258528682000076
              ],
              [
                22.040915504000054,
                49.255638618000035
              ],
              [
                22.037929956000028,
                49.24501152500005
              ],
              [
                22.036034275000077,
                49.24365210800005
              ],
              [
                22.033368087000042,
                49.241740151000045
              ],
              [
                22.03433122000007,
                49.23576541500006
              ],
              [
                22.03456893300006,
                49.23429078000004
              ],
              [
                22.033438052000065,
                49.231629233000035
              ],
              [
                22.031075943000076,
                49.22606996900004
              ],
              [
                22.034884887000032,
                49.222464080000066
              ],
              [
                22.06197103100004,
                49.21157314200008
              ],
              [
                22.106733365000025,
                49.20407884700006
              ],
              [
                22.131536719000053,
                49.20103969100006
              ],
              [
                22.13476971500006,
                49.20064355200003
              ],
              [
                22.141768764000062,
                49.20001132400006
              ],
              [
                22.142621931000065,
                49.197398494000026
              ],
              [
                22.144141201000025,
                49.19274571500006
              ],
              [
                22.153832580000028,
                49.18860603300004
              ],
              [
                22.17449051400007,
                49.18314350300005
              ],
              [
                22.176635438000062,
                49.18257632600006
              ],
              [
                22.17924276900004,
                49.18101779400007
              ],
              [
                22.190098658000068,
                49.17452868600003
              ],
              [
                22.198788915000023,
                49.178596044000074
              ],
              [
                22.211937765000073,
                49.18475018600003
              ],
              [
                22.22192227000005,
                49.184422135000034
              ],
              [
                22.231937880000032,
                49.17753656000008
              ],
              [
                22.23474836300005,
                49.17182847200007
              ],
              [
                22.233766995000053,
                49.16673205700005
              ],
              [
                22.231673158000035,
                49.16503471900006
              ],
              [
                22.226023573000077,
                49.16045496700008
              ],
              [
                22.226526337000053,
                49.15302322600007
              ],
              [
                22.234749197000042,
                49.152889207000044
              ],
              [
                22.247290159000045,
                49.15268480900005
              ],
              [
                22.29310917300006,
                49.14090607700007
              ],
              [
                22.308318460000066,
                49.13699621300003
              ],
              [
                22.320461197000043,
                49.136333215000036
              ],
              [
                22.324317751000024,
                49.138974578000045
              ],
              [
                22.334274080000057,
                49.14579369100005
              ],
              [
                22.36733315600003,
                49.14616244500007
              ],
              [
                22.374587682000026,
                49.13741555300004
              ],
              [
                22.37930310300004,
                49.13173009900004
              ],
              [
                22.385919553000065,
                49.12873637800004
              ],
              [
                22.389219586000024,
                49.12724322400004
              ],
              [
                22.389705512000035,
                49.12583668000008
              ],
              [
                22.39220440200006,
                49.11860348000005
              ],
              [
                22.40469593200004,
                49.10984886500006
              ],
              [
                22.41422623400007,
                49.102731436000056
              ],
              [
                22.428670063000027,
                49.09874804300006
              ],
              [
                22.435346062000065,
                49.101096246000054
              ],
              [
                22.439744458000064,
                49.102643330000035
              ],
              [
                22.455746073000057,
                49.10323879100008
              ],
              [
                22.46765841100006,
                49.09996014400008
              ],
              [
                22.473537858000043,
                49.095796463000056
              ],
              [
                22.477007685000046,
                49.09333921600006
              ],
              [
                22.483018688000072,
                49.09184416000005
              ],
              [
                22.485136305000026,
                49.089846313000066
              ],
              [
                22.49109360400007,
                49.08783510100005
              ],
              [
                22.498508574000027,
                49.086215250000066
              ],
              [
                22.500888544000077,
                49.08800934700008
              ],
              [
                22.50332538200007,
                49.089846313000066
              ],
              [
                22.538971595000078,
                49.09426514300003
              ],
              [
                22.546961991000046,
                49.091579909000075
              ],
              [
                22.550218537000035,
                49.089846313000066
              ],
              [
                22.55519718100004,
                49.08831242800005
              ],
              [
                22.55792999700003,
                49.08747046600007
              ],
              [
                22.566840213000035,
                49.08837740400003
              ],
              [
                22.56378441800007,
                49.082247049000046
              ],
              [
                22.55901583900004,
                49.08027694200007
              ],
              [
                22.55321065800007,
                49.07787856900006
              ],
              [
                22.552731829000038,
                49.069321658000035
              ],
              [
                22.550552337000056,
                49.03037302200005
              ],
              [
                22.546953290000033,
                49.025206698000034
              ],
              [
                22.543083015000036,
                49.023502360000066
              ],
              [
                22.53811590500004,
                49.02131501200006
              ],
              [
                22.541287788000034,
                49.014977368000075
              ],
              [
                22.544550595000032,
                49.00845804900007
              ],
              [
                22.543045432000042,
                49.00601914100008
              ],
              [
                22.520148670000026,
                48.99693022100007
              ],
              [
                22.509650202000046,
                48.998586491000026
              ],
              [
                22.503467691000026,
                48.999561863000054
              ],
              [
                22.47959249300004,
                48.992677420000064
              ],
              [
                22.478286987000047,
                48.98784513800007
              ],
              [
                22.477007685000046,
                48.98310985200004
              ],
              [
                22.47520601100007,
                48.977013105000026
              ],
              [
                22.469862398000032,
                48.97421013500008
              ],
              [
                22.438333813000042,
                48.942101388000026
              ],
              [
                22.42820192000005,
                48.931783057000075
              ],
              [
                22.426464773000077,
                48.926553212000044
              ],
              [
                22.428241159000038,
                48.92266927400004
              ],
              [
                22.43009888100005,
                48.918607500000064
              ],
              [
                22.42362350800005,
                48.90615635300003
              ],
              [
                22.422476550000056,
                48.903950929000075
              ],
              [
                22.422049842000035,
                48.90052885500006
              ],
              [
                22.420229241000072,
                48.885928156000034
              ],
              [
                22.41258609700003,
                48.88310935100003
              ],
              [
                22.397735701000045,
                48.87763249900007
              ],
              [
                22.391708187000063,
                48.87140225500008
              ],
              [
                22.386566693000077,
                48.86874441800006
              ],
              [
                22.382873139000026,
                48.86239084500005
              ],
              [
                22.375238659000047,
                48.869446062000065
              ],
              [
                22.345719975000065,
                48.869156952000026
              ],
              [
                22.34182785300004,
                48.86911883200003
              ],
              [
                22.336480098000038,
                48.87083966200004
              ],
              [
                22.323207757000034,
                48.875110508000034
              ],
              [
                22.32053843600005,
                48.872342125000046
              ],
              [
                22.319843028000037,
                48.87162091000005
              ],
              [
                22.257577311000034,
                48.86577841700006
              ],
              [
                22.252962970000056,
                48.871156401000064
              ],
              [
                22.253796048000027,
                48.87494987900004
              ],
              [
                22.25453721100007,
                48.87913195900006
              ],
              [
                22.25004655400005,
                48.88811702800007
              ],
              [
                22.243702346000077,
                48.89227679600003
              ],
              [
                22.24138154800005,
                48.89626921000007
              ],
              [
                22.235551180000073,
                48.90629905600008
              ],
              [
                22.23525382300005,
                48.91328540400008
              ],
              [
                22.235156438000047,
                48.915573436000045
              ],
              [
                22.234829305000062,
                48.91750758300003
              ],
              [
                22.22835976700003,
                48.926512012000046
              ],
              [
                22.213587611000037,
                48.929700539000066
              ],
              [
                22.199595792000025,
                48.93012545800008
              ],
              [
                22.19175158300004,
                48.929268069000045
              ],
              [
                22.183987992000027,
                48.92078017400007
              ],
              [
                22.18230009900003,
                48.91893481000005
              ],
              [
                22.160970144000032,
                48.904809888000045
              ],
              [
                22.15770382100004,
                48.89626921000007
              ],
              [
                22.15660622100006,
                48.893399239000075
              ],
              [
                22.137591394000026,
                48.88903282800004
              ],
              [
                22.126138836000052,
                48.88640295500005
              ],
              [
                22.12476775700003,
                48.87729207800004
              ],
              [
                22.130343551000067,
                48.869450939000046
              ],
              [
                22.130396372000064,
                48.86839588400005
              ],
              [
                22.131583015000047,
                48.844693911000036
              ],
              [
                22.116267883000035,
                48.84528012100003
              ],
              [
                22.071646687000054,
                48.84698806500006
              ],
              [
                22.051869685000042,
                48.84298818500008
              ],
              [
                22.03758136500005,
                48.84009838600008
              ],
              [
                22.014880307000055,
                48.83875491800006
              ],
              [
                21.991041523000035,
                48.83970557200007
              ],
              [
                21.991064652000034,
                48.84185216700007
              ],
              [
                21.991125329000056,
                48.84748343000007
              ],
              [
                21.972159884000064,
                48.84896614500008
              ],
              [
                21.97064979700008,
                48.84691102000005
              ],
              [
                21.97063120400003,
                48.84688571600003
              ],
              [
                21.959623928000042,
                48.847979387000066
              ],
              [
                21.94959047800006,
                48.85145511700006
              ],
              [
                21.946891004000065,
                48.85257050400003
              ],
              [
                21.94569100800004,
                48.861997263000035
              ],
              [
                21.944715941000027,
                48.869657062000044
              ],
              [
                21.923172167000075,
                48.87585237800005
              ],
              [
                21.91815371000007,
                48.877295530000026
              ],
              [
                21.90952801800006,
                48.88084240100005
              ],
              [
                21.899408718000075,
                48.88500344100004
              ],
              [
                21.877107711000065,
                48.89028839500003
              ],
              [
                21.868159240000068,
                48.892548936000026
              ],
              [
                21.846366871000043,
                48.893466758000045
              ],
              [
                21.84354441100004,
                48.89208804000003
              ],
              [
                21.833441579000066,
                48.88715299900008
              ],
              [
                21.83202179400007,
                48.890342727000075
              ],
              [
                21.825663140000074,
                48.890282900000045
              ],
              [
                21.82229720600003,
                48.89528821600004
              ],
              [
                21.821637515000077,
                48.89626921000007
              ],
              [
                21.819848038000032,
                48.89893025400005
              ],
              [
                21.811057735000077,
                48.90159303100006
              ],
              [
                21.78707789500004,
                48.89587224400003
              ],
              [
                21.787276161000023,
                48.884660430000054
              ],
              [
                21.787302457000067,
                48.88317340900005
              ],
              [
                21.786452135000047,
                48.882753240000056
              ],
              [
                21.783408223000038,
                48.881249152000066
              ],
              [
                21.787073215000078,
                48.87578724400004
              ],
              [
                21.788668656000027,
                48.87300164100003
              ],
              [
                21.793608291000055,
                48.864377156000046
              ],
              [
                21.791047950000063,
                48.86253392700007
              ],
              [
                21.78684684500007,
                48.859509486000036
              ],
              [
                21.792898586000035,
                48.84548734500004
              ],
              [
                21.79695354200004,
                48.83171912000006
              ],
              [
                21.795654997000042,
                48.826701541000034
              ],
              [
                21.794290662000037,
                48.82040991200006
              ],
              [
                21.802273282000044,
                48.81136322000003
              ],
              [
                21.80696831800003,
                48.80604234200007
              ],
              [
                21.800599333000036,
                48.800067693000074
              ],
              [
                21.80233001600004,
                48.79053256700007
              ],
              [
                21.791812751000066,
                48.79178205000005
              ],
              [
                21.77181573200005,
                48.78721861400004
              ],
              [
                21.76965298600004,
                48.78368288400003
              ],
              [
                21.756974284000023,
                48.78043057700006
              ],
              [
                21.756460424000068,
                48.774729997000065
              ],
              [
                21.742246306000027,
                48.77460582000003
              ],
              [
                21.740099061000024,
                48.77908569700003
              ],
              [
                21.739589617000036,
                48.78014856800007
              ],
              [
                21.729778327000076,
                48.78067888100003
              ],
              [
                21.727527550000048,
                48.77573616900003
              ],
              [
                21.725150649000057,
                48.770516489000045
              ],
              [
                21.71424042600006,
                48.765046890000065
              ],
              [
                21.686467366000045,
                48.76276064700005
              ],
              [
                21.672105427000076,
                48.767107527000064
              ],
              [
                21.664416630000062,
                48.77422687400008
              ],
              [
                21.658692958000074,
                48.77952663700006
              ],
              [
                21.648726663000048,
                48.78012061000004
              ],
              [
                21.63702348700008,
                48.779631247000054
              ],
              [
                21.626849693000054,
                48.77673312100006
              ],
              [
                21.61572514900007,
                48.77356416300006
              ],
              [
                21.60606900600004,
                48.77804658800005
              ],
              [
                21.598257802000035,
                48.781672583000045
              ],
              [
                21.594514833000062,
                48.781429513000035
              ],
              [
                21.584915672000022,
                48.78080614000004
              ],
              [
                21.582914893000066,
                48.784825839000064
              ],
              [
                21.581997348000073,
                48.78666924700008
              ],
              [
                21.56424454100005,
                48.79327426100008
              ],
              [
                21.55443626700003,
                48.793164045000026
              ],
              [
                21.544958458000053,
                48.79305754200004
              ],
              [
                21.541556771000046,
                48.79407190500007
              ],
              [
                21.539360233000025,
                48.79923750200004
              ],
              [
                21.526863624000043,
                48.81157420000005
              ],
              [
                21.528636875000075,
                48.817831381000076
              ],
              [
                21.529197622000027,
                48.819810059000076
              ],
              [
                21.51952995700003,
                48.834608579000076
              ],
              [
                21.514436518000025,
                48.83540050700003
              ],
              [
                21.507427908000068,
                48.836490205000075
              ],
              [
                21.50014268500007,
                48.84196083900008
              ],
              [
                21.49512680600003,
                48.846562438000035
              ],
              [
                21.494700048000027,
                48.855436232000045
              ],
              [
                21.496715922000078,
                48.85732498100003
              ],
              [
                21.501142064000078,
                48.861472
              ],
              [
                21.496572438000044,
                48.86722275300008
              ],
              [
                21.487804122000057,
                48.86835093900004
              ],
              [
                21.484211239000047,
                48.86881322100004
              ],
              [
                21.484125860000063,
                48.87290179900003
              ],
              [
                21.48393035400005,
                48.882264030000044
              ],
              [
                21.463616200000047,
                48.88003985200004
              ],
              [
                21.46301440800005,
                48.87640181000006
              ],
              [
                21.46289198100004,
                48.875661696000066
              ],
              [
                21.449407180000037,
                48.87155443000006
              ],
              [
                21.440107097000066,
                48.87453554600006
              ],
              [
                21.438872869000022,
                48.87493117400004
              ],
              [
                21.43775007100004,
                48.87478358000004
              ],
              [
                21.430000902000074,
                48.87376493900007
              ],
              [
                21.428933571000073,
                48.875711358000046
              ],
              [
                21.427340276000052,
                48.878616942000065
              ],
              [
                21.420402745000047,
                48.89410151100003
              ],
              [
                21.41688694800007,
                48.87697904800007
              ],
              [
                21.416354844000068,
                48.87438761900006
              ],
              [
                21.412320059000024,
                48.87451644200007
              ],
              [
                21.40622886400007,
                48.878100619000065
              ],
              [
                21.394325276000075,
                48.88510492200004
              ],
              [
                21.389695965000044,
                48.88439652100004
              ],
              [
                21.38082690400006,
                48.88257899900003
              ],
              [
                21.377187983000056,
                48.881902092000075
              ],
              [
                21.374801958000035,
                48.87979425900005
              ],
              [
                21.377091231000065,
                48.87502067500003
              ],
              [
                21.381535670000062,
                48.86984846200005
              ],
              [
                21.381599066000035,
                48.86977468400005
              ],
              [
                21.38333431600006,
                48.858672538000064
              ],
              [
                21.375473904000046,
                48.847934947000056
              ],
              [
                21.367246624000074,
                48.83808300600003
              ],
              [
                21.34484156800005,
                48.83893040300006
              ],
              [
                21.33946026500007,
                48.83913393300003
              ],
              [
                21.33760628700003,
                48.83764787700005
              ],
              [
                21.33345399600006,
                48.834319607000054
              ],
              [
                21.32516121200007,
                48.83544186200004
              ],
              [
                21.317522163000035,
                48.83647564700004
              ],
              [
                21.303206467000052,
                48.82931600400008
              ],
              [
                21.301509297000052,
                48.82777144800008
              ],
              [
                21.306312914000046,
                48.82721742700005
              ],
              [
                21.309574697000073,
                48.82118995800005
              ],
              [
                21.309996821000027,
                48.82040991200006
              ],
              [
                21.31251639900006,
                48.815753966000045
              ],
              [
                21.303384696000023,
                48.81611139000006
              ],
              [
                21.283151995000026,
                48.81115241800006
              ],
              [
                21.275049951000028,
                48.81181813300003
              ],
              [
                21.275593515000025,
                48.81744469800003
              ],
              [
                21.263393562000033,
                48.817752202000065
              ],
              [
                21.25923232300005,
                48.82040991200006
              ],
              [
                21.255006914000035,
                48.82310860600006
              ],
              [
                21.24604845400006,
                48.82884790800006
              ],
              [
                21.24895770100005,
                48.83261580700008
              ],
              [
                21.249591569000074,
                48.83343675800006
              ],
              [
                21.24863412600007,
                48.83529138100005
              ],
              [
                21.24208614500003,
                48.847975209000026
              ],
              [
                21.254099997000026,
                48.85371437400005
              ],
              [
                21.266655858000036,
                48.85971246300005
              ],
              [
                21.259549323000044,
                48.87365235000004
              ],
              [
                21.254470083000058,
                48.870554757000036
              ],
              [
                21.250792705000038,
                48.86831209500008
              ],
              [
                21.237539162000076,
                48.86949189000006
              ],
              [
                21.235370657000033,
                48.87443183100004
              ],
              [
                21.23459065000003,
                48.87620871800004
              ],
              [
                21.227099107000072,
                48.878245347000075
              ],
              [
                21.225722228000052,
                48.87639040700003
              ],
              [
                21.222410921000062,
                48.87192939200003
              ],
              [
                21.204870734000053,
                48.88062314100006
              ],
              [
                21.19697145500004,
                48.884538399000064
              ],
              [
                21.19032977300003,
                48.87855788600007
              ],
              [
                21.181508785000062,
                48.870615014000066
              ],
              [
                21.165278081000054,
                48.88198701200008
              ],
              [
                21.16459590100004,
                48.88291398100006
              ],
              [
                21.155460478000066,
                48.89532751400003
              ],
              [
                21.154495060000045,
                48.895466406000025
              ],
              [
                21.15174089800007,
                48.89626921000007
              ],
              [
                21.137229309000077,
                48.90049915800006
              ],
              [
                21.11522904800006,
                48.897090166000055
              ],
              [
                21.109930931000065,
                48.89626921000007
              ],
              [
                21.098640002000025,
                48.89451965400008
              ],
              [
                21.09473385800004,
                48.89589542900006
              ],
              [
                21.093672608000077,
                48.89626921000007
              ],
              [
                21.088206654000032,
                48.89819436300007
              ],
              [
                21.07645361300007,
                48.898580828000036
              ],
              [
                21.073511819000032,
                48.89867756000007
              ],
              [
                21.072377793000044,
                48.89919559600003
              ],
              [
                21.058175008000035,
                48.905683596000074
              ],
              [
                21.04365599500005,
                48.904900704000056
              ],
              [
                21.03940636300007,
                48.90416878100007
              ],
              [
                21.034900375000063,
                48.903392705000044
              ],
              [
                21.019309261000046,
                48.90654895400007
              ],
              [
                21.013603139000054,
                48.92152310700004
              ],
              [
                21.012967729000025,
                48.92319056800005
              ],
              [
                21.011072084000034,
                48.924129461000064
              ],
              [
                21.006436492000034,
                48.926425420000044
              ],
              [
                21.003625143000022,
                48.92785086600003
              ],
              [
                20.990909259000034,
                48.93623179800005
              ],
              [
                20.99035228400004,
                48.94546566400004
              ],
              [
                20.990115255000035,
                48.94939528500004
              ],
              [
                20.985593851000033,
                48.95904855400005
              ],
              [
                20.968273262000025,
                48.95760333900006
              ],
              [
                20.956448731000023,
                48.95458058400004
              ],
              [
                20.955192131000047,
                48.95344019400005
              ],
              [
                20.94965139900006,
                48.94841186900004
              ],
              [
                20.93951749000007,
                48.95132811800005
              ],
              [
                20.936099348000027,
                48.95365580300006
              ],
              [
                20.934524086000067,
                48.954728524000075
              ],
              [
                20.919136731000037,
                48.963554533000035
              ],
              [
                20.907351911000035,
                48.96331480300006
              ],
              [
                20.899096790000044,
                48.963146875000064
              ],
              [
                20.885922049000044,
                48.97051513300005
              ],
              [
                20.877227300000072,
                48.97537785900005
              ],
              [
                20.872796765000032,
                48.97389541600006
              ],
              [
                20.870160439000074,
                48.97555746900008
              ],
              [
                20.857981953000035,
                48.97309587600006
              ],
              [
                20.841708107000045,
                48.96980650200004
              ],
              [
                20.840986844000042,
                48.97341288700005
              ],
              [
                20.840745146000074,
                48.97462139800007
              ],
              [
                20.83817337000005,
                48.974377289000074
              ],
              [
                20.829438421000077,
                48.97354817900003
              ],
              [
                20.82002238900003,
                48.97718959700006
              ],
              [
                20.81962034700007,
                48.98132151200008
              ],
              [
                20.820324751000044,
                48.98163724500006
              ],
              [
                20.839921609000044,
                48.99042108200007
              ],
              [
                20.821090214000037,
                48.98697689800008
              ],
              [
                20.800980437000078,
                48.99050142900006
              ],
              [
                20.78976831700004,
                48.99852146600006
              ],
              [
                20.774320902000056,
                48.99608456900006
              ],
              [
                20.769183485000042,
                49.002696642000046
              ],
              [
                20.764755438000066,
                48.99958375700004
              ],
              [
                20.77401701900004,
                48.99148548900007
              ],
              [
                20.772562906000076,
                48.97655515000008
              ],
              [
                20.77300076000006,
                48.976265461000025
              ],
              [
                20.780802865000055,
                48.97110350300005
              ],
              [
                20.76609384900007,
                48.96604284500006
              ],
              [
                20.75971294800007,
                48.97085054900003
              ],
              [
                20.75198152400003,
                48.97667580800004
              ],
              [
                20.74173800500006,
                48.97354094500008
              ],
              [
                20.741402055000037,
                48.97343813300006
              ],
              [
                20.734234555000057,
                48.96721043200006
              ],
              [
                20.723444064000034,
                48.97627908700008
              ],
              [
                20.716633281000043,
                48.98200307400003
              ],
              [
                20.711041548000026,
                48.98194735200008
              ],
              [
                20.69441498200007,
                48.97548066400003
              ],
              [
                20.687550874000067,
                48.97604891100008
              ],
              [
                20.679162871000074,
                48.97272495400006
              ],
              [
                20.681832194000037,
                48.96615203300007
              ],
              [
                20.682060028000024,
                48.965591017000065
              ],
              [
                20.67540272900004,
                48.95856910300006
              ],
              [
                20.665934264000043,
                48.955108832000064
              ],
              [
                20.651746718000027,
                48.95618612100003
              ],
              [
                20.650164541000038,
                48.95630625900003
              ],
              [
                20.644357300000024,
                48.956747214000075
              ],
              [
                20.640799148000042,
                48.95541645000003
              ],
              [
                20.632302293000066,
                48.952238589000046
              ],
              [
                20.619506536000074,
                48.96813345600003
              ],
              [
                20.61887800100004,
                48.971079280000026
              ],
              [
                20.617256479000048,
                48.97867904300006
              ],
              [
                20.605629186000044,
                48.97653965400008
              ],
              [
                20.595977362000042,
                48.97502151500004
              ],
              [
                20.578018515000053,
                48.97219676200007
              ],
              [
                20.57150232300006,
                48.97789354500003
              ],
              [
                20.56447081300007,
                48.98404084500004
              ],
              [
                20.552724977000025,
                48.99022149700005
              ],
              [
                20.54415027300007,
                48.99099845200004
              ],
              [
                20.539601895000033,
                48.991410581000025
              ],
              [
                20.527062440000066,
                49.00026156500007
              ],
              [
                20.527985976000025,
                49.00884948300006
              ],
              [
                20.528036909000036,
                49.00887110800005
              ],
              [
                20.533994069000073,
                49.01140032500007
              ],
              [
                20.53060559000005,
                49.017977865000034
              ],
              [
                20.52386262300007,
                49.01802926800008
              ],
              [
                20.517784193000068,
                49.01788800300005
              ],
              [
                20.504519178000066,
                49.002265426000065
              ],
              [
                20.481571919000032,
                49.002882655000064
              ],
              [
                20.502547978000052,
                48.996114430000034
              ],
              [
                20.50901899300004,
                48.99402646500005
              ],
              [
                20.508143907000033,
                48.990239261000056
              ],
              [
                20.501616255000044,
                48.98793587900008
              ],
              [
                20.49195120400003,
                48.98700771000006
              ],
              [
                20.483310666000023,
                48.986177929000064
              ],
              [
                20.483800488000043,
                48.980003099000044
              ],
              [
                20.48413877400003,
                48.975738567000064
              ],
              [
                20.49228521300006,
                48.97067499800005
              ],
              [
                20.49013212600005,
                48.96779798600005
              ],
              [
                20.478614230000062,
                48.97300238500003
              ],
              [
                20.47718563500007,
                48.97689304000005
              ],
              [
                20.477485597000054,
                48.98115183700003
              ],
              [
                20.477757138000072,
                48.98500711100007
              ],
              [
                20.468408663000048,
                48.99281321400008
              ],
              [
                20.45644079300007,
                48.99041026500004
              ],
              [
                20.44272825200005,
                48.999120119000054
              ],
              [
                20.433176957000057,
                48.996470524000074
              ],
              [
                20.432383969000057,
                49.00111085800006
              ],
              [
                20.426826574000074,
                49.00266437800008
              ],
              [
                20.42224817600004,
                48.99679466500004
              ],
              [
                20.416972475000023,
                48.99003097800005
              ],
              [
                20.403875795000033,
                48.985467596000035
              ],
              [
                20.402735085000074,
                48.989688080000064
              ],
              [
                20.402356739000027,
                48.99108791100008
              ],
              [
                20.397370586000022,
                48.98996292000004
              ],
              [
                20.37719144500005,
                48.98116376400003
              ],
              [
                20.363343117000056,
                48.97969835100008
              ],
              [
                20.34380727000007,
                48.96822681800006
              ],
              [
                20.340891296000052,
                48.96651454600004
              ],
              [
                20.338453792000053,
                48.96627710400003
              ],
              [
                20.32996590500005,
                48.96545028300005
              ],
              [
                20.312653031000025,
                48.95232173200003
              ],
              [
                20.29782564800007,
                48.939959610000074
              ],
              [
                20.298306275000073,
                48.935564697000075
              ],
              [
                20.30420949300003,
                48.93610741500004
              ],
              [
                20.310555643000043,
                48.93198297400005
              ],
              [
                20.32122823700007,
                48.93503416200008
              ],
              [
                20.322365594000075,
                48.93535932100008
              ],
              [
                20.33156468900006,
                48.93339589100003
              ],
              [
                20.342258351000055,
                48.92366104100006
              ],
              [
                20.338188308000042,
                48.91578726600005
              ],
              [
                20.323786463000033,
                48.90433701900008
              ],
              [
                20.316131859000052,
                48.90551582100005
              ],
              [
                20.307443828000032,
                48.906853771000044
              ],
              [
                20.296550337000042,
                48.89969164000007
              ],
              [
                20.295001436000064,
                48.89626921000007
              ],
              [
                20.293996167000046,
                48.894047982000075
              ],
              [
                20.294790099000068,
                48.89173139500008
              ],
              [
                20.295464422000066,
                48.88976381300006
              ],
              [
                20.28935471400007,
                48.88444725700003
              ],
              [
                20.288746823000054,
                48.87566925400006
              ],
              [
                20.277014227000052,
                48.87146605200007
              ],
              [
                20.267450690000032,
                48.87407314700005
              ],
              [
                20.24716707500005,
                48.88439914800006
              ],
              [
                20.235485054000037,
                48.88550296100004
              ],
              [
                20.216430029000037,
                48.89372261600005
              ],
              [
                20.20478192400003,
                48.89626921000007
              ],
              [
                20.20099734300004,
                48.89709662300004
              ],
              [
                20.187660504000064,
                48.90001242000005
              ],
              [
                20.18227441500005,
                48.90358338200008
              ],
              [
                20.175653569000076,
                48.90797298500007
              ],
              [
                20.17116659800007,
                48.90311439300007
              ],
              [
                20.169049330000064,
                48.90025548600005
              ],
              [
                20.16721302800005,
                48.897775962000026
              ],
              [
                20.16536045400005,
                48.89626921000007
              ],
              [
                20.16327044700006,
                48.89456934700007
              ],
              [
                20.158058788000062,
                48.88920143400003
              ],
              [
                20.136576863000073,
                48.891591075000065
              ],
              [
                20.129973763000066,
                48.89240149800003
              ],
              [
                20.119644839000046,
                48.893307133000064
              ],
              [
                20.112018386000045,
                48.89439893000008
              ],
              [
                20.105036711000025,
                48.89518402400006
              ],
              [
                20.095196739000073,
                48.89561087900006
              ],
              [
                20.092143442000065,
                48.89626921000007
              ],
              [
                20.090048009000043,
                48.89672101300005
              ],
              [
                20.058340635000036,
                48.89696305000007
              ],
              [
                19.99553892700004,
                48.904830383000046
              ],
              [
                19.992254608000053,
                48.907499949000055
              ],
              [
                20.024416174000066,
                48.911106217000054
              ],
              [
                20.03651953600007,
                48.91514465500006
              ],
              [
                20.054128470000023,
                48.92554688400003
              ],
              [
                20.059266180000066,
                48.93233588900006
              ],
              [
                20.03952487400005,
                48.933714939000026
              ],
              [
                20.03383404300007,
                48.93411247800003
              ],
              [
                20.020896852000078,
                48.95004231900003
              ],
              [
                20.02144514300005,
                48.95437931400005
              ],
              [
                20.02293642500007,
                48.96617539700003
              ],
              [
                20.009236997000073,
                48.97357920400003
              ],
              [
                19.98928584500004,
                48.99587094200007
              ],
              [
                19.982466980000027,
                48.99892972200007
              ],
              [
                19.96518973700006,
                49.006679879000046
              ],
              [
                19.96915649500005,
                49.01651854800008
              ],
              [
                19.983385906000024,
                49.01291102700003
              ],
              [
                19.994546026000023,
                49.013983033000045
              ],
              [
                20.01528479800004,
                49.01597513400003
              ],
              [
                20.014133076000064,
                49.028997599000036
              ],
              [
                20.013520825000057,
                49.03592028600008
              ],
              [
                20.01657809900007,
                49.03944073400004
              ],
              [
                20.021539447000066,
                49.045153722000066
              ],
              [
                20.026839195000036,
                49.057144281000035
              ],
              [
                20.022624360000066,
                49.06526540700003
              ],
              [
                20.020198811000057,
                49.069938946000036
              ],
              [
                20.024546558000054,
                49.073475460000054
              ],
              [
                20.02953855900006,
                49.077536019000036
              ],
              [
                20.030068981000056,
                49.08884514700003
              ],
              [
                20.037829827000053,
                49.10851378000007
              ],
              [
                20.027644647000045,
                49.11063459300004
              ],
              [
                20.004590672000063,
                49.10623535700006
              ],
              [
                19.99789875700003,
                49.10495838400004
              ],
              [
                19.99001761100004,
                49.10884766200007
              ],
              [
                19.976814845000035,
                49.10835481600003
              ],
              [
                19.97224234300006,
                49.113145185000064
              ],
              [
                19.969020254000043,
                49.11652079800007
              ],
              [
                19.964562130000047,
                49.11478573200003
              ],
              [
                19.95242324800006,
                49.11006137500004
              ],
              [
                19.94936728400006,
                49.11994744900005
              ],
              [
                19.95142383700005,
                49.12775480500005
              ],
              [
                19.963543807000065,
                49.13724422900003
              ],
              [
                19.963955630000044,
                49.137380345000054
              ],
              [
                19.979257528000062,
                49.14243795600004
              ],
              [
                19.987175036000053,
                49.15597420200004
              ],
              [
                19.977872624000042,
                49.15509068400007
              ],
              [
                19.95655970000007,
                49.14472244700005
              ],
              [
                19.956414408000057,
                49.14465176600004
              ],
              [
                19.956228803000045,
                49.144626609000056
              ],
              [
                19.929795735000027,
                49.14104384400008
              ],
              [
                19.921827970000038,
                49.134663044000035
              ],
              [
                19.919199483000057,
                49.13255808100007
              ],
              [
                19.913320172000056,
                49.12115580900007
              ],
              [
                19.894889727000077,
                49.13128554700006
              ],
              [
                19.90525046500005,
                49.143399299000066
              ],
              [
                19.91097942300007,
                49.14680385200006
              ],
              [
                19.919981955000026,
                49.15215379600005
              ],
              [
                19.922862347000034,
                49.16002256400003
              ],
              [
                19.920650305000038,
                49.171328878000054
              ],
              [
                19.914311241000064,
                49.18102131200004
              ],
              [
                19.90392095900006,
                49.18190306100007
              ],
              [
                19.902498037000043,
                49.18202381400005
              ],
              [
                19.89844752700003,
                49.18491989800003
              ],
              [
                19.898825903000045,
                49.187579854000035
              ],
              [
                19.900456786000063,
                49.19904486100006
              ],
              [
                19.883929511000076,
                49.204177068000035
              ],
              [
                19.889145290000044,
                49.20917547600004
              ],
              [
                19.901529023000023,
                49.213742885000045
              ],
              [
                19.904698376000056,
                49.220995222000056
              ],
              [
                19.904592024000067,
                49.22422648200006
              ],
              [
                19.90438091900006,
                49.23064044900008
              ],
              [
                19.932219891000045,
                49.23648885600005
              ],
              [
                19.967306049000058,
                49.23083964800003
              ],
              [
                19.97064547100007,
                49.23030196900004
              ],
              [
                19.974413602000027,
                49.23064646800003
              ],
              [
                19.981754068000043,
                49.23131756500004
              ],
              [
                20.009287519000054,
                49.21940589500008
              ],
              [
                20.008651760000078,
                49.21634661300004
              ],
              [
                20.00791111500007,
                49.21278261300006
              ],
              [
                20.020408829000075,
                49.201900789000035
              ],
              [
                20.028383862000055,
                49.200062942000045
              ],
              [
                20.03830944400005,
                49.19777559000005
              ],
              [
                20.041156897000064,
                49.19549130200005
              ],
              [
                20.047750877000055,
                49.190201469000044
              ],
              [
                20.072112022000056,
                49.17989033600003
              ],
              [
                20.088045753000074,
                49.17958101000005
              ],
              [
                20.08817614000003,
                49.18755599000008
              ],
              [
                20.08487301200006,
                49.19438941100003
              ],
              [
                20.085351970000033,
                49.19716742700007
              ],
              [
                20.086846725000044,
                49.205837202000055
              ],
              [
                20.089385314000026,
                49.20895965600005
              ],
              [
                20.099347564000027,
                49.22121318400008
              ],
              [
                20.101886953000076,
                49.22524311300003
              ],
              [
                20.09979303600005,
                49.22827970900005
              ],
              [
                20.099347564000027,
                49.23227822200005
              ],
              [
                20.098066394000057,
                49.23434040300003
              ],
              [
                20.097991571000023,
                49.234460838000075
              ],
              [
                20.098228403000064,
                49.23762948800004
              ],
              [
                20.099347564000027,
                49.23981158000004
              ],
              [
                20.10213841700005,
                49.25202300300003
              ],
              [
                20.109372360000066,
                49.25795756200006
              ],
              [
                20.123836376000042,
                49.26982350600008
              ],
              [
                20.127961382000024,
                49.27959291800005
              ],
              [
                20.129545492000034,
                49.288168873000075
              ],
              [
                20.131138621000048,
                49.296793653000066
              ],
              [
                20.146782863000055,
                49.31770050200004
              ],
              [
                20.15137376900003,
                49.31781035800003
              ],
              [
                20.155233762000023,
                49.31067756300007
              ],
              [
                20.15890799700003,
                49.30388802600004
              ],
              [
                20.174437192000028,
                49.31376153000008
              ],
              [
                20.172955400000035,
                49.316421999000056
              ],
              [
                20.168990052000026,
                49.32354154500007
              ],
              [
                20.173619874000053,
                49.327455213000064
              ],
              [
                20.184155541000052,
                49.32781409200004
              ],
              [
                20.190138835000027,
                49.337731414000075
              ],
              [
                20.195804569000074,
                49.34181815800008
              ],
              [
                20.21074812100005,
                49.344315678000044
              ],
              [
                20.221283881000033,
                49.35118377600003
              ],
              [
                20.229362795000043,
                49.34835146200004
              ],
              [
                20.233730731000037,
                49.34682014600003
              ],
              [
                20.24120662100006,
                49.348459794000064
              ],
              [
                20.252365358000077,
                49.35090718100008
              ],
              [
                20.259438012000032,
                49.34862655100005
              ],
              [
                20.267698412000072,
                49.34596292400005
              ],
              [
                20.27109272200005,
                49.34873315300007
              ],
              [
                20.27392171400004,
                49.35104200400008
              ],
              [
                20.290544786000055,
                49.35129978400005
              ],
              [
                20.296688922000044,
                49.348967275000064
              ],
              [
                20.309964485000023,
                49.343927449000034
              ],
              [
                20.318153866000046,
                49.346095028000036
              ],
              [
                20.322825329000068,
                49.351598557000045
              ],
              [
                20.325328325000044,
                49.36469801000004
              ],
              [
                20.32250820300004,
                49.37526412400007
              ],
              [
                20.321968145000028,
                49.37728755200004
              ],
              [
                20.32471150500004,
                49.38208720000006
              ],
              [
                20.329191414000036,
                49.389925031000075
              ],
              [
                20.327235194000025,
                49.389902437000046
              ],
              [
                20.31833232100007,
                49.38979960800003
              ],
              [
                20.31843132000006,
                49.39393123500008
              ],
              [
                20.324430376000066,
                49.40219138200007
              ],
              [
                20.33652427800007,
                49.402150025000026
              ],
              [
                20.344037327000024,
                49.40105578200007
              ],
              [
                20.361511532000065,
                49.39851074100005
              ],
              [
                20.36750513800007,
                49.40049911800003
              ],
              [
                20.369014719000063,
                49.40332419200007
              ],
              [
                20.369733060000044,
                49.40466851700006
              ],
              [
                20.373531307000064,
                49.407231952000075
              ],
              [
                20.378160726000033,
                49.405694588000074
              ],
              [
                20.379648924000037,
                49.40062759500006
              ],
              [
                20.38189111400004,
                49.39299341900005
              ],
              [
                20.386635617000024,
                49.39083045800004
              ],
              [
                20.410042962000034,
                49.39434970000008
              ],
              [
                20.41132206900005,
                49.39607151400003
              ],
              [
                20.418120198000054,
                49.40522252300008
              ],
              [
                20.426386835000073,
                49.40253709800004
              ],
              [
                20.428796444000056,
                49.40027022600003
              ],
              [
                20.432908275000045,
                49.39640196500005
              ],
              [
                20.434264238000026,
                49.397627647000036
              ],
              [
                20.43581579800008,
                49.40632484200006
              ],
              [
                20.433749630000023,
                49.40762431200005
              ],
              [
                20.432908275000045,
                49.408153463000076
              ],
              [
                20.429321598000058,
                49.40889964300004
              ],
              [
                20.429520523000065,
                49.41439169600005
              ],
              [
                20.431403944000067,
                49.417208939000034
              ],
              [
                20.44563099900006,
                49.41598141800006
              ],
              [
                20.474407690000078,
                49.414584697000066
              ],
              [
                20.504344140000057,
                49.40320644900004
              ],
              [
                20.50608916400006,
                49.40061786000007
              ],
              [
                20.51099124900003,
                49.39334605200003
              ],
              [
                20.535947779000026,
                49.38683193000003
              ],
              [
                20.546528954000053,
                49.38516254000007
              ],
              [
                20.55768791500003,
                49.37808894500006
              ],
              [
                20.575470748000043,
                49.37693389800006
              ],
              [
                20.58261860600004,
                49.383650017000036
              ],
              [
                20.583434837000027,
                49.384416947000034
              ],
              [
                20.584252623000054,
                49.38428593700007
              ],
              [
                20.59213530900007,
                49.38302311900003
              ],
              [
                20.600253356000053,
                49.38893780600006
              ],
              [
                20.605613668000046,
                49.40036585300004
              ],
              [
                20.612858128000028,
                49.402704318000076
              ],
              [
                20.61179155700006,
                49.412053729000036
              ],
              [
                20.614939252000056,
                49.41783308500004
              ],
              [
                20.621017515000062,
                49.41646925200007
              ],
              [
                20.62273629500004,
                49.41416247300003
              ],
              [
                20.625419518000058,
                49.41056131400006
              ],
              [
                20.637821064000036,
                49.40706102100006
              ],
              [
                20.63904917600007,
                49.40671439100004
              ],
              [
                20.63926687000003,
                49.40638038000003
              ],
              [
                20.642865205000078,
                49.40085939900007
              ],
              [
                20.651746718000027,
                49.40202994300006
              ],
              [
                20.665616457000056,
                49.40385791500006
              ],
              [
                20.67021352300003,
                49.408911912000065
              ],
              [
                20.68165759900006,
                49.41424008900003
              ],
              [
                20.693889588000047,
                49.41993510700007
              ],
              [
                20.739043985000023,
                49.41608093800005
              ],
              [
                20.74503239300003,
                49.41239821700003
              ],
              [
                20.744126940000058,
                49.407408994000036
              ],
              [
                20.74347765600004,
                49.40383131100003
              ],
              [
                20.75078218500005,
                49.40153638400005
              ],
              [
                20.756816401000037,
                49.39964056200006
              ],
              [
                20.753875434000065,
                49.39710171200005
              ],
              [
                20.748233937000066,
                49.39223157400005
              ],
              [
                20.753775155000028,
                49.38680949700006
              ],
              [
                20.75954371100005,
                49.38428172500005
              ],
              [
                20.760483006000072,
                49.38387012800007
              ],
              [
                20.760235205000072,
                49.38271776900007
              ],
              [
                20.758617085000026,
                49.37519297400007
              ],
              [
                20.762604657000054,
                49.371820452000065
              ],
              [
                20.772359721000043,
                49.373706123000034
              ],
              [
                20.778986400000065,
                49.37498707100008
              ],
              [
                20.785807698000042,
                49.37180423700005
              ],
              [
                20.78492512400004,
                49.36799597100003
              ],
              [
                20.783572711000033,
                49.36216037100007
              ],
              [
                20.789571226000078,
                49.361887566000064
              ],
              [
                20.803889644000037,
                49.36123638300006
              ],
              [
                20.80806980500006,
                49.35851702700006
              ],
              [
                20.808144174000063,
                49.35474618900008
              ],
              [
                20.800589758000058,
                49.35840803000008
              ],
              [
                20.799158096000042,
                49.34928334700004
              ],
              [
                20.798479212000075,
                49.34495648300003
              ],
              [
                20.804272319000063,
                49.34591906400004
              ],
              [
                20.809936203000063,
                49.34686017300004
              ],
              [
                20.816063347000068,
                49.34370310500003
              ],
              [
                20.820628293000027,
                49.339549032000036
              ],
              [
                20.82562395100007,
                49.33500301500004
              ],
              [
                20.838230504000023,
                49.334279081000034
              ],
              [
                20.844531838000023,
                49.33897878700003
              ],
              [
                20.85402977700005,
                49.34606260800007
              ],
              [
                20.863754060000076,
                49.34690400900007
              ],
              [
                20.880632768000055,
                49.33315139700005
              ],
              [
                20.878568978000033,
                49.32600805200008
              ],
              [
                20.87728960100003,
                49.32157977500003
              ],
              [
                20.882306607000032,
                49.31939593300007
              ],
              [
                20.89007907000007,
                49.32287288600003
              ],
              [
                20.894018827000025,
                49.32463530700005
              ],
              [
                20.902593529000058,
                49.32356330700003
              ],
              [
                20.90622962200007,
                49.32045538700004
              ],
              [
                20.905656905000058,
                49.31810497500004
              ],
              [
                20.904872063000028,
                49.31488401200005
              ],
              [
                20.922245169000064,
                49.300266960000044
              ],
              [
                20.923722691000023,
                49.29623434200005
              ],
              [
                20.931902524000066,
                49.29727106300004
              ],
              [
                20.93829254900004,
                49.29945572200006
              ],
              [
                20.940138731000047,
                49.30008690500006
              ],
              [
                20.962539511000045,
                49.307745416000046
              ],
              [
                20.971797409000033,
                49.30965998200003
              ],
              [
                20.979888472000027,
                49.307973305000075
              ],
              [
                20.986567260000072,
                49.30658103300004
              ],
              [
                20.993604379000033,
                49.313302349000026
              ],
              [
                20.99087084300004,
                49.31859672400003
              ],
              [
                20.988790704000053,
                49.322625584000036
              ],
              [
                20.989710063000075,
                49.32809225800003
              ],
              [
                20.996515200000033,
                49.330613312000025
              ],
              [
                21.006218725000053,
                49.334208113000045
              ],
              [
                21.00798575600004,
                49.338339648000044
              ],
              [
                21.00817524400003,
                49.339113516000054
              ],
              [
                21.00948707300006,
                49.34447103200006
              ],
              [
                21.03372091400007,
                49.358426991000044
              ],
              [
                21.04415072200004,
                49.36522540800007
              ],
              [
                21.048708814000065,
                49.365393425000036
              ],
              [
                21.051123748000066,
                49.36388789700004
              ],
              [
                21.05222217900007,
                49.36320310800005
              ],
              [
                21.066267448000076,
                49.36488493500008
              ],
              [
                21.075117687000045,
                49.36026763700005
              ],
              [
                21.086086726000076,
                49.36511238500003
              ],
              [
                21.090138685000056,
                49.36511693800003
              ],
              [
                21.095032612000068,
                49.36644973300008
              ],
              [
                21.10198667800006,
                49.374296482000034
              ],
              [
                21.104102536000028,
                49.37639414100005
              ],
              [
                21.084261772000048,
                49.388361874000054
              ],
              [
                21.08415040500006,
                49.38841431700007
              ],
              [
                21.069365925000056,
                49.395376371000054
              ],
              [
                21.067290052000033,
                49.39963652400007
              ],
              [
                21.066261800000063,
                49.401746725000066
              ],
              [
                21.062459129000047,
                49.40285197400004
              ],
              [
                21.05373610500004,
                49.40538732600004
              ],
              [
                21.048375194000073,
                49.416541970000026
              ],
              [
                21.05526876500005,
                49.421305870000026
              ],
              [
                21.07319018000004,
                49.42503309800003
              ],
              [
                21.095241179000027,
                49.429082297000036
              ],
              [
                21.097297927000056,
                49.42837402500004
              ],
              [
                21.103764914000067,
                49.42614702000003
              ],
              [
                21.114099853000027,
                49.42463724900006
              ],
              [
                21.119600879000075,
                49.43218152000003
              ],
              [
                21.12194953200003,
                49.43540253300006
              ],
              [
                21.13389083000004,
                49.43356214900007
              ],
              [
                21.151728783000067,
                49.42688105500008
              ],
              [
                21.156858532000058,
                49.42055845900006
              ],
              [
                21.178558121000037,
                49.409193567000045
              ],
              [
                21.179567392000024,
                49.405462871000054
              ],
              [
                21.18047144700006,
                49.402121099000055
              ],
              [
                21.190697103000048,
                49.40313340200004
              ],
              [
                21.201566248000063,
                49.40420940800004
              ],
              [
                21.204711561000067,
                49.40338480300005
              ],
              [
                21.208192879000023,
                49.40247210700005
              ],
              [
                21.226423448000048,
                49.419440363000035
              ],
              [
                21.225128205000033,
                49.42566255200006
              ],
              [
                21.224960792000047,
                49.42646678600005
              ],
              [
                21.233142335000025,
                49.43575321700007
              ],
              [
                21.236023334000038,
                49.43522041400007
              ],
              [
                21.240573090000055,
                49.43437899700007
              ],
              [
                21.258635690000062,
                49.44599140500003
              ],
              [
                21.26554410400007,
                49.44740707700004
              ],
              [
                21.266259045000027,
                49.45030935300008
              ],
              [
                21.267213946000027,
                49.453567117000034
              ],
              [
                21.268313825000064,
                49.45731948800005
              ],
              [
                21.276927975000035,
                49.46047413700006
              ],
              [
                21.286198046000038,
                49.45675797700005
              ],
              [
                21.302284332000056,
                49.45030935300008
              ]
            ]
          ]
        ]
      }
    },
    {
      "type": "Feature",
      "properties": {
        "NUTS_ID": "SK042",
        "LEVL_CODE": 3,
        "CNTR_CODE": "SK",
        "NAME_LATN": "Košický kraj",
        "NUTS_NAME": "Košický kraj",
        "MOUNT_TYPE": 1,
        "URBN_TYPE": 2,
        "COAST_TYPE": null,
        "NAME_ENGL": "Slovakia",
        "NAME_FREN": "Slovaquie",
        "ISO3_CODE": "SVK",
        "SVRG_UN": "UN Member State",
        "CAPT": "Bratislava",
        "EU_STAT": "T",
        "EFTA_STAT": "F",
        "CC_STAT": "F",
        "NAME_GERM": "Slowakei",
        "region_id": "slovakia_kosice",
        "region_code": "SK042",
        "region_name": "Košický kraj",
        "source_dataset": "Eurostat GISCO NUTS 2024",
        "geometry_version": "NUTS 2024 / 1:1M / EPSG:4326",
        "source_url": "https://gisco-services.ec.europa.eu/distribution/v2/nuts/geojson/NUTS_RG_01M_2024_4326_LEVL_3.geojson",
        "attribution": "European Commission - Eurostat/GISCO"
      },
      "geometry": {
        "type": "MultiPolygon",
        "coordinates": [
          [
            [
              [
                20.527985976000025,
                49.00884948300006
              ],
              [
                20.527062440000066,
                49.00026156500007
              ],
              [
                20.539601895000033,
                48.991410581000025
              ],
              [
                20.54415027300007,
                48.99099845200004
              ],
              [
                20.552724977000025,
                48.99022149700005
              ],
              [
                20.56447081300007,
                48.98404084500004
              ],
              [
                20.57150232300006,
                48.97789354500003
              ],
              [
                20.578018515000053,
                48.97219676200007
              ],
              [
                20.595977362000042,
                48.97502151500004
              ],
              [
                20.605629186000044,
                48.97653965400008
              ],
              [
                20.617256479000048,
                48.97867904300006
              ],
              [
                20.61887800100004,
                48.971079280000026
              ],
              [
                20.619506536000074,
                48.96813345600003
              ],
              [
                20.632302293000066,
                48.952238589000046
              ],
              [
                20.640799148000042,
                48.95541645000003
              ],
              [
                20.644357300000024,
                48.956747214000075
              ],
              [
                20.650164541000038,
                48.95630625900003
              ],
              [
                20.651746718000027,
                48.95618612100003
              ],
              [
                20.665934264000043,
                48.955108832000064
              ],
              [
                20.67540272900004,
                48.95856910300006
              ],
              [
                20.682060028000024,
                48.965591017000065
              ],
              [
                20.681832194000037,
                48.96615203300007
              ],
              [
                20.679162871000074,
                48.97272495400006
              ],
              [
                20.687550874000067,
                48.97604891100008
              ],
              [
                20.69441498200007,
                48.97548066400003
              ],
              [
                20.711041548000026,
                48.98194735200008
              ],
              [
                20.716633281000043,
                48.98200307400003
              ],
              [
                20.723444064000034,
                48.97627908700008
              ],
              [
                20.734234555000057,
                48.96721043200006
              ],
              [
                20.741402055000037,
                48.97343813300006
              ],
              [
                20.74173800500006,
                48.97354094500008
              ],
              [
                20.75198152400003,
                48.97667580800004
              ],
              [
                20.75971294800007,
                48.97085054900003
              ],
              [
                20.76609384900007,
                48.96604284500006
              ],
              [
                20.780802865000055,
                48.97110350300005
              ],
              [
                20.77300076000006,
                48.976265461000025
              ],
              [
                20.772562906000076,
                48.97655515000008
              ],
              [
                20.77401701900004,
                48.99148548900007
              ],
              [
                20.764755438000066,
                48.99958375700004
              ],
              [
                20.769183485000042,
                49.002696642000046
              ],
              [
                20.774320902000056,
                48.99608456900006
              ],
              [
                20.78976831700004,
                48.99852146600006
              ],
              [
                20.800980437000078,
                48.99050142900006
              ],
              [
                20.821090214000037,
                48.98697689800008
              ],
              [
                20.839921609000044,
                48.99042108200007
              ],
              [
                20.820324751000044,
                48.98163724500006
              ],
              [
                20.81962034700007,
                48.98132151200008
              ],
              [
                20.82002238900003,
                48.97718959700006
              ],
              [
                20.829438421000077,
                48.97354817900003
              ],
              [
                20.83817337000005,
                48.974377289000074
              ],
              [
                20.840745146000074,
                48.97462139800007
              ],
              [
                20.840986844000042,
                48.97341288700005
              ],
              [
                20.841708107000045,
                48.96980650200004
              ],
              [
                20.857981953000035,
                48.97309587600006
              ],
              [
                20.870160439000074,
                48.97555746900008
              ],
              [
                20.872796765000032,
                48.97389541600006
              ],
              [
                20.877227300000072,
                48.97537785900005
              ],
              [
                20.885922049000044,
                48.97051513300005
              ],
              [
                20.899096790000044,
                48.963146875000064
              ],
              [
                20.907351911000035,
                48.96331480300006
              ],
              [
                20.919136731000037,
                48.963554533000035
              ],
              [
                20.934524086000067,
                48.954728524000075
              ],
              [
                20.936099348000027,
                48.95365580300006
              ],
              [
                20.93951749000007,
                48.95132811800005
              ],
              [
                20.94965139900006,
                48.94841186900004
              ],
              [
                20.955192131000047,
                48.95344019400005
              ],
              [
                20.956448731000023,
                48.95458058400004
              ],
              [
                20.968273262000025,
                48.95760333900006
              ],
              [
                20.985593851000033,
                48.95904855400005
              ],
              [
                20.990115255000035,
                48.94939528500004
              ],
              [
                20.99035228400004,
                48.94546566400004
              ],
              [
                20.990909259000034,
                48.93623179800005
              ],
              [
                21.003625143000022,
                48.92785086600003
              ],
              [
                21.006436492000034,
                48.926425420000044
              ],
              [
                21.011072084000034,
                48.924129461000064
              ],
              [
                21.012967729000025,
                48.92319056800005
              ],
              [
                21.013603139000054,
                48.92152310700004
              ],
              [
                21.019309261000046,
                48.90654895400007
              ],
              [
                21.034900375000063,
                48.903392705000044
              ],
              [
                21.03940636300007,
                48.90416878100007
              ],
              [
                21.04365599500005,
                48.904900704000056
              ],
              [
                21.058175008000035,
                48.905683596000074
              ],
              [
                21.072377793000044,
                48.89919559600003
              ],
              [
                21.073511819000032,
                48.89867756000007
              ],
              [
                21.07645361300007,
                48.898580828000036
              ],
              [
                21.088206654000032,
                48.89819436300007
              ],
              [
                21.093672608000077,
                48.89626921000007
              ],
              [
                21.09473385800004,
                48.89589542900006
              ],
              [
                21.098640002000025,
                48.89451965400008
              ],
              [
                21.109930931000065,
                48.89626921000007
              ],
              [
                21.11522904800006,
                48.897090166000055
              ],
              [
                21.137229309000077,
                48.90049915800006
              ],
              [
                21.15174089800007,
                48.89626921000007
              ],
              [
                21.154495060000045,
                48.895466406000025
              ],
              [
                21.155460478000066,
                48.89532751400003
              ],
              [
                21.16459590100004,
                48.88291398100006
              ],
              [
                21.165278081000054,
                48.88198701200008
              ],
              [
                21.181508785000062,
                48.870615014000066
              ],
              [
                21.19032977300003,
                48.87855788600007
              ],
              [
                21.19697145500004,
                48.884538399000064
              ],
              [
                21.204870734000053,
                48.88062314100006
              ],
              [
                21.222410921000062,
                48.87192939200003
              ],
              [
                21.225722228000052,
                48.87639040700003
              ],
              [
                21.227099107000072,
                48.878245347000075
              ],
              [
                21.23459065000003,
                48.87620871800004
              ],
              [
                21.235370657000033,
                48.87443183100004
              ],
              [
                21.237539162000076,
                48.86949189000006
              ],
              [
                21.250792705000038,
                48.86831209500008
              ],
              [
                21.254470083000058,
                48.870554757000036
              ],
              [
                21.259549323000044,
                48.87365235000004
              ],
              [
                21.266655858000036,
                48.85971246300005
              ],
              [
                21.254099997000026,
                48.85371437400005
              ],
              [
                21.24208614500003,
                48.847975209000026
              ],
              [
                21.24863412600007,
                48.83529138100005
              ],
              [
                21.249591569000074,
                48.83343675800006
              ],
              [
                21.24895770100005,
                48.83261580700008
              ],
              [
                21.24604845400006,
                48.82884790800006
              ],
              [
                21.255006914000035,
                48.82310860600006
              ],
              [
                21.25923232300005,
                48.82040991200006
              ],
              [
                21.263393562000033,
                48.817752202000065
              ],
              [
                21.275593515000025,
                48.81744469800003
              ],
              [
                21.275049951000028,
                48.81181813300003
              ],
              [
                21.283151995000026,
                48.81115241800006
              ],
              [
                21.303384696000023,
                48.81611139000006
              ],
              [
                21.31251639900006,
                48.815753966000045
              ],
              [
                21.309996821000027,
                48.82040991200006
              ],
              [
                21.309574697000073,
                48.82118995800005
              ],
              [
                21.306312914000046,
                48.82721742700005
              ],
              [
                21.301509297000052,
                48.82777144800008
              ],
              [
                21.303206467000052,
                48.82931600400008
              ],
              [
                21.317522163000035,
                48.83647564700004
              ],
              [
                21.32516121200007,
                48.83544186200004
              ],
              [
                21.33345399600006,
                48.834319607000054
              ],
              [
                21.33760628700003,
                48.83764787700005
              ],
              [
                21.33946026500007,
                48.83913393300003
              ],
              [
                21.34484156800005,
                48.83893040300006
              ],
              [
                21.367246624000074,
                48.83808300600003
              ],
              [
                21.375473904000046,
                48.847934947000056
              ],
              [
                21.38333431600006,
                48.858672538000064
              ],
              [
                21.381599066000035,
                48.86977468400005
              ],
              [
                21.381535670000062,
                48.86984846200005
              ],
              [
                21.377091231000065,
                48.87502067500003
              ],
              [
                21.374801958000035,
                48.87979425900005
              ],
              [
                21.377187983000056,
                48.881902092000075
              ],
              [
                21.38082690400006,
                48.88257899900003
              ],
              [
                21.389695965000044,
                48.88439652100004
              ],
              [
                21.394325276000075,
                48.88510492200004
              ],
              [
                21.40622886400007,
                48.878100619000065
              ],
              [
                21.412320059000024,
                48.87451644200007
              ],
              [
                21.416354844000068,
                48.87438761900006
              ],
              [
                21.41688694800007,
                48.87697904800007
              ],
              [
                21.420402745000047,
                48.89410151100003
              ],
              [
                21.427340276000052,
                48.878616942000065
              ],
              [
                21.428933571000073,
                48.875711358000046
              ],
              [
                21.430000902000074,
                48.87376493900007
              ],
              [
                21.43775007100004,
                48.87478358000004
              ],
              [
                21.438872869000022,
                48.87493117400004
              ],
              [
                21.440107097000066,
                48.87453554600006
              ],
              [
                21.449407180000037,
                48.87155443000006
              ],
              [
                21.46289198100004,
                48.875661696000066
              ],
              [
                21.46301440800005,
                48.87640181000006
              ],
              [
                21.463616200000047,
                48.88003985200004
              ],
              [
                21.48393035400005,
                48.882264030000044
              ],
              [
                21.484125860000063,
                48.87290179900003
              ],
              [
                21.484211239000047,
                48.86881322100004
              ],
              [
                21.487804122000057,
                48.86835093900004
              ],
              [
                21.496572438000044,
                48.86722275300008
              ],
              [
                21.501142064000078,
                48.861472
              ],
              [
                21.496715922000078,
                48.85732498100003
              ],
              [
                21.494700048000027,
                48.855436232000045
              ],
              [
                21.49512680600003,
                48.846562438000035
              ],
              [
                21.50014268500007,
                48.84196083900008
              ],
              [
                21.507427908000068,
                48.836490205000075
              ],
              [
                21.514436518000025,
                48.83540050700003
              ],
              [
                21.51952995700003,
                48.834608579000076
              ],
              [
                21.529197622000027,
                48.819810059000076
              ],
              [
                21.528636875000075,
                48.817831381000076
              ],
              [
                21.526863624000043,
                48.81157420000005
              ],
              [
                21.539360233000025,
                48.79923750200004
              ],
              [
                21.541556771000046,
                48.79407190500007
              ],
              [
                21.544958458000053,
                48.79305754200004
              ],
              [
                21.55443626700003,
                48.793164045000026
              ],
              [
                21.56424454100005,
                48.79327426100008
              ],
              [
                21.581997348000073,
                48.78666924700008
              ],
              [
                21.582914893000066,
                48.784825839000064
              ],
              [
                21.584915672000022,
                48.78080614000004
              ],
              [
                21.594514833000062,
                48.781429513000035
              ],
              [
                21.598257802000035,
                48.781672583000045
              ],
              [
                21.60606900600004,
                48.77804658800005
              ],
              [
                21.61572514900007,
                48.77356416300006
              ],
              [
                21.626849693000054,
                48.77673312100006
              ],
              [
                21.63702348700008,
                48.779631247000054
              ],
              [
                21.648726663000048,
                48.78012061000004
              ],
              [
                21.658692958000074,
                48.77952663700006
              ],
              [
                21.664416630000062,
                48.77422687400008
              ],
              [
                21.672105427000076,
                48.767107527000064
              ],
              [
                21.686467366000045,
                48.76276064700005
              ],
              [
                21.71424042600006,
                48.765046890000065
              ],
              [
                21.725150649000057,
                48.770516489000045
              ],
              [
                21.727527550000048,
                48.77573616900003
              ],
              [
                21.729778327000076,
                48.78067888100003
              ],
              [
                21.739589617000036,
                48.78014856800007
              ],
              [
                21.740099061000024,
                48.77908569700003
              ],
              [
                21.742246306000027,
                48.77460582000003
              ],
              [
                21.756460424000068,
                48.774729997000065
              ],
              [
                21.756974284000023,
                48.78043057700006
              ],
              [
                21.76965298600004,
                48.78368288400003
              ],
              [
                21.77181573200005,
                48.78721861400004
              ],
              [
                21.791812751000066,
                48.79178205000005
              ],
              [
                21.80233001600004,
                48.79053256700007
              ],
              [
                21.800599333000036,
                48.800067693000074
              ],
              [
                21.80696831800003,
                48.80604234200007
              ],
              [
                21.802273282000044,
                48.81136322000003
              ],
              [
                21.794290662000037,
                48.82040991200006
              ],
              [
                21.795654997000042,
                48.826701541000034
              ],
              [
                21.79695354200004,
                48.83171912000006
              ],
              [
                21.792898586000035,
                48.84548734500004
              ],
              [
                21.78684684500007,
                48.859509486000036
              ],
              [
                21.791047950000063,
                48.86253392700007
              ],
              [
                21.793608291000055,
                48.864377156000046
              ],
              [
                21.788668656000027,
                48.87300164100003
              ],
              [
                21.787073215000078,
                48.87578724400004
              ],
              [
                21.783408223000038,
                48.881249152000066
              ],
              [
                21.786452135000047,
                48.882753240000056
              ],
              [
                21.787302457000067,
                48.88317340900005
              ],
              [
                21.787276161000023,
                48.884660430000054
              ],
              [
                21.78707789500004,
                48.89587224400003
              ],
              [
                21.811057735000077,
                48.90159303100006
              ],
              [
                21.819848038000032,
                48.89893025400005
              ],
              [
                21.821637515000077,
                48.89626921000007
              ],
              [
                21.82229720600003,
                48.89528821600004
              ],
              [
                21.825663140000074,
                48.890282900000045
              ],
              [
                21.83202179400007,
                48.890342727000075
              ],
              [
                21.833441579000066,
                48.88715299900008
              ],
              [
                21.84354441100004,
                48.89208804000003
              ],
              [
                21.846366871000043,
                48.893466758000045
              ],
              [
                21.868159240000068,
                48.892548936000026
              ],
              [
                21.877107711000065,
                48.89028839500003
              ],
              [
                21.899408718000075,
                48.88500344100004
              ],
              [
                21.90952801800006,
                48.88084240100005
              ],
              [
                21.91815371000007,
                48.877295530000026
              ],
              [
                21.923172167000075,
                48.87585237800005
              ],
              [
                21.944715941000027,
                48.869657062000044
              ],
              [
                21.94569100800004,
                48.861997263000035
              ],
              [
                21.946891004000065,
                48.85257050400003
              ],
              [
                21.94959047800006,
                48.85145511700006
              ],
              [
                21.959623928000042,
                48.847979387000066
              ],
              [
                21.97063120400003,
                48.84688571600003
              ],
              [
                21.97064979700008,
                48.84691102000005
              ],
              [
                21.972159884000064,
                48.84896614500008
              ],
              [
                21.991125329000056,
                48.84748343000007
              ],
              [
                21.991064652000034,
                48.84185216700007
              ],
              [
                21.991041523000035,
                48.83970557200007
              ],
              [
                22.014880307000055,
                48.83875491800006
              ],
              [
                22.03758136500005,
                48.84009838600008
              ],
              [
                22.051869685000042,
                48.84298818500008
              ],
              [
                22.071646687000054,
                48.84698806500006
              ],
              [
                22.116267883000035,
                48.84528012100003
              ],
              [
                22.131583015000047,
                48.844693911000036
              ],
              [
                22.130396372000064,
                48.86839588400005
              ],
              [
                22.130343551000067,
                48.869450939000046
              ],
              [
                22.12476775700003,
                48.87729207800004
              ],
              [
                22.126138836000052,
                48.88640295500005
              ],
              [
                22.137591394000026,
                48.88903282800004
              ],
              [
                22.15660622100006,
                48.893399239000075
              ],
              [
                22.15770382100004,
                48.89626921000007
              ],
              [
                22.160970144000032,
                48.904809888000045
              ],
              [
                22.18230009900003,
                48.91893481000005
              ],
              [
                22.183987992000027,
                48.92078017400007
              ],
              [
                22.19175158300004,
                48.929268069000045
              ],
              [
                22.199595792000025,
                48.93012545800008
              ],
              [
                22.213587611000037,
                48.929700539000066
              ],
              [
                22.22835976700003,
                48.926512012000046
              ],
              [
                22.234829305000062,
                48.91750758300003
              ],
              [
                22.235156438000047,
                48.915573436000045
              ],
              [
                22.23525382300005,
                48.91328540400008
              ],
              [
                22.235551180000073,
                48.90629905600008
              ],
              [
                22.24138154800005,
                48.89626921000007
              ],
              [
                22.243702346000077,
                48.89227679600003
              ],
              [
                22.25004655400005,
                48.88811702800007
              ],
              [
                22.25453721100007,
                48.87913195900006
              ],
              [
                22.253796048000027,
                48.87494987900004
              ],
              [
                22.252962970000056,
                48.871156401000064
              ],
              [
                22.257577311000034,
                48.86577841700006
              ],
              [
                22.319843028000037,
                48.87162091000005
              ],
              [
                22.32053843600005,
                48.872342125000046
              ],
              [
                22.323207757000034,
                48.875110508000034
              ],
              [
                22.336480098000038,
                48.87083966200004
              ],
              [
                22.34182785300004,
                48.86911883200003
              ],
              [
                22.345719975000065,
                48.869156952000026
              ],
              [
                22.375238659000047,
                48.869446062000065
              ],
              [
                22.382873139000026,
                48.86239084500005
              ],
              [
                22.37902351200006,
                48.839488379000045
              ],
              [
                22.378553089000036,
                48.83892249300004
              ],
              [
                22.37558755400005,
                48.83535516200004
              ],
              [
                22.37896014000006,
                48.830127480000044
              ],
              [
                22.383576867000045,
                48.822971315000075
              ],
              [
                22.385441510000078,
                48.80548347600006
              ],
              [
                22.386456274000068,
                48.79977164200005
              ],
              [
                22.378961365000066,
                48.79372757200008
              ],
              [
                22.374400646000026,
                48.78429416600005
              ],
              [
                22.36444403300004,
                48.77955068700004
              ],
              [
                22.360769185000038,
                48.77683973400008
              ],
              [
                22.34594377600007,
                48.76590295600005
              ],
              [
                22.343238408000047,
                48.75189178100004
              ],
              [
                22.342724884000063,
                48.750623466000036
              ],
              [
                22.345283017000042,
                48.74934214400008
              ],
              [
                22.355145469000036,
                48.74367120200003
              ],
              [
                22.36080486700007,
                48.74041703000006
              ],
              [
                22.360794790000057,
                48.72846971200005
              ],
              [
                22.35595528400006,
                48.724305866000066
              ],
              [
                22.352377569000055,
                48.72122764800008
              ],
              [
                22.344346761000054,
                48.698519678000025
              ],
              [
                22.339607964000038,
                48.68512022300007
              ],
              [
                22.317936298000063,
                48.68016146900004
              ],
              [
                22.31375884700003,
                48.67920561500006
              ],
              [
                22.303589647000024,
                48.67596862200003
              ],
              [
                22.297851625000078,
                48.672089957000026
              ],
              [
                22.286308611000038,
                48.66428736000006
              ],
              [
                22.265681407000045,
                48.654053187000045
              ],
              [
                22.251161784000033,
                48.64684928600008
              ],
              [
                22.249073332000023,
                48.642158178000045
              ],
              [
                22.245590994000054,
                48.634336105000045
              ],
              [
                22.23994865000003,
                48.62762841000006
              ],
              [
                22.22955183600004,
                48.62112516600007
              ],
              [
                22.224931145000028,
                48.620971250000025
              ],
              [
                22.222787762000053,
                48.62089985400007
              ],
              [
                22.21464098100006,
                48.620628483000075
              ],
              [
                22.201790689000063,
                48.61177401800006
              ],
              [
                22.19838821700006,
                48.60942955300004
              ],
              [
                22.19580114400003,
                48.609393459000046
              ],
              [
                22.190394912000045,
                48.60931803300008
              ],
              [
                22.18378750900007,
                48.60233164200008
              ],
              [
                22.16594101000004,
                48.577101592000076
              ],
              [
                22.161022522000053,
                48.56731149400008
              ],
              [
                22.159137456000053,
                48.54291891300005
              ],
              [
                22.157739701000025,
                48.52483208700005
              ],
              [
                22.148789731000022,
                48.483627650000074
              ],
              [
                22.14876700600007,
                48.48352904300003
              ],
              [
                22.140482641000062,
                48.44758141900007
              ],
              [
                22.137927904000037,
                48.42499600600007
              ],
              [
                22.137611931000038,
                48.41734300400003
              ],
              [
                22.143320838000022,
                48.40517129500006
              ],
              [
                22.155305928000075,
                48.403396531000055
              ],
              [
                22.15421814800004,
                48.39758544600005
              ],
              [
                22.14293500800005,
                48.39433027300004
              ],
              [
                22.130787906000023,
                48.39082584700003
              ],
              [
                22.133461194000063,
                48.38738721200008
              ],
              [
                22.135342302000026,
                48.38496755300008
              ],
              [
                22.134594828000047,
                48.380962209000074
              ],
              [
                22.121077289000027,
                48.378311437000036
              ],
              [
                22.10939101500003,
                48.38045496900003
              ],
              [
                22.10153970700003,
                48.376734971000076
              ],
              [
                22.09339829700008,
                48.37755563800005
              ],
              [
                22.089422334000062,
                48.374862035000035
              ],
              [
                22.086292012000058,
                48.37274133100004
              ],
              [
                22.08439381200003,
                48.37786660200004
              ],
              [
                22.082984107000073,
                48.38167290400003
              ],
              [
                22.076202056000056,
                48.38650607200003
              ],
              [
                22.05981077900003,
                48.38197901900003
              ],
              [
                22.05873804400005,
                48.38067378000005
              ],
              [
                22.056535303000032,
                48.37799361800006
              ],
              [
                22.05145831300007,
                48.37967849000006
              ],
              [
                22.04904751500004,
                48.38133741400003
              ],
              [
                22.048012682000035,
                48.38204953600007
              ],
              [
                22.045066976000044,
                48.38407662700007
              ],
              [
                22.042693136000025,
                48.38476256900003
              ],
              [
                22.021446947000072,
                48.39271523000008
              ],
              [
                22.021771690000037,
                48.389536485000065
              ],
              [
                22.021816370000067,
                48.38909913200007
              ],
              [
                21.998284905000048,
                48.37894802900007
              ],
              [
                21.98588198300007,
                48.376984279000055
              ],
              [
                21.97733028400006,
                48.37788428400006
              ],
              [
                21.961142532000054,
                48.37958792900008
              ],
              [
                21.95754256600003,
                48.37851445700005
              ],
              [
                21.95057631800006,
                48.37875479000007
              ],
              [
                21.948711967000065,
                48.37708801600007
              ],
              [
                21.94627918900005,
                48.37491305300006
              ],
              [
                21.942982785000027,
                48.374750954000035
              ],
              [
                21.939229091000072,
                48.37456636700006
              ],
              [
                21.928436399000077,
                48.37003089400008
              ],
              [
                21.928976876000036,
                48.36691852900003
              ],
              [
                21.92963786300004,
                48.36311220500005
              ],
              [
                21.923667031000036,
                48.362829102000035
              ],
              [
                21.917494866000027,
                48.36506567500004
              ],
              [
                21.910764366000024,
                48.36750457000005
              ],
              [
                21.902823831000035,
                48.36570985900005
              ],
              [
                21.89961978200006,
                48.36976368000006
              ],
              [
                21.897052854000037,
                48.36835044400004
              ],
              [
                21.89758266700005,
                48.36556283800007
              ],
              [
                21.897904649000054,
                48.363868730000036
              ],
              [
                21.89207601800007,
                48.36328482500005
              ],
              [
                21.88966572100003,
                48.36576050700006
              ],
              [
                21.88673192500005,
                48.36877388800008
              ],
              [
                21.88144238900003,
                48.36342717500003
              ],
              [
                21.87493925800004,
                48.35685374700006
              ],
              [
                21.870086221000065,
                48.35794480900006
              ],
              [
                21.869591135000064,
                48.35805611500007
              ],
              [
                21.865110440000024,
                48.35896117200008
              ],
              [
                21.864320571000064,
                48.35816428600003
              ],
              [
                21.86229398200004,
                48.35611969400003
              ],
              [
                21.860268946000076,
                48.35955317000003
              ],
              [
                21.857609986000057,
                48.36406147300005
              ],
              [
                21.853015928000048,
                48.36567982100007
              ],
              [
                21.838447922000057,
                48.362949538000066
              ],
              [
                21.83608219000007,
                48.35663604500007
              ],
              [
                21.835323704000075,
                48.34882303400008
              ],
              [
                21.834005912000066,
                48.335248712000066
              ],
              [
                21.81711569600003,
                48.33287629000006
              ],
              [
                21.817237711000075,
                48.335384978000036
              ],
              [
                21.817306845000076,
                48.336806402000036
              ],
              [
                21.810802022000075,
                48.338276120000046
              ],
              [
                21.798844618000032,
                48.34198689900006
              ],
              [
                21.78640225600003,
                48.34083007500004
              ],
              [
                21.767325997000057,
                48.339056466000045
              ],
              [
                21.76560217800005,
                48.33905961900007
              ],
              [
                21.74558862600003,
                48.34803717300008
              ],
              [
                21.744657749000055,
                48.34845474000008
              ],
              [
                21.738684318000026,
                48.34925637400005
              ],
              [
                21.72154755100007,
                48.35155612800003
              ],
              [
                21.712888,
                48.35786984900005
              ],
              [
                21.713776261000078,
                48.36335713600005
              ],
              [
                21.71425322600004,
                48.36630361500005
              ],
              [
                21.711056549000034,
                48.36648351400004
              ],
              [
                21.705859088000068,
                48.36677601100007
              ],
              [
                21.703252055000064,
                48.36987809000004
              ],
              [
                21.702394516000027,
                48.37115014900007
              ],
              [
                21.704180773000076,
                48.37438739400005
              ],
              [
                21.70481502900003,
                48.37553686100006
              ],
              [
                21.70234725200004,
                48.37985282400007
              ],
              [
                21.683355853000023,
                48.390238157000056
              ],
              [
                21.675128570000027,
                48.39078567700005
              ],
              [
                21.665972062000037,
                48.39139503700005
              ],
              [
                21.665277762000073,
                48.40319147900004
              ],
              [
                21.66457706500006,
                48.41509659600007
              ],
              [
                21.647322237000026,
                48.43800059100005
              ],
              [
                21.64639377800006,
                48.439006541000026
              ],
              [
                21.644604283000035,
                48.44126554700006
              ],
              [
                21.642846674000054,
                48.44255070300005
              ],
              [
                21.630962364000027,
                48.45124045700004
              ],
              [
                21.630353874000036,
                48.45849581900006
              ],
              [
                21.630298210000035,
                48.459159527000054
              ],
              [
                21.62854,
                48.46081094700003
              ],
              [
                21.62180968800004,
                48.46713247300005
              ],
              [
                21.622042023000063,
                48.472082252000064
              ],
              [
                21.622048062000033,
                48.47221090600004
              ],
              [
                21.621840295000027,
                48.48570591500004
              ],
              [
                21.61830525700003,
                48.49798804800008
              ],
              [
                21.615044,
                48.49880623900003
              ],
              [
                21.61134505800004,
                48.510080594000044
              ],
              [
                21.607159676000038,
                48.50877862600004
              ],
              [
                21.605298787000038,
                48.508199750000074
              ],
              [
                21.60366313000003,
                48.50889885600003
              ],
              [
                21.594719757000064,
                48.512721397000064
              ],
              [
                21.585975989000076,
                48.51137098300006
              ],
              [
                21.584098504000053,
                48.50957159200004
              ],
              [
                21.579632955000022,
                48.50529178700003
              ],
              [
                21.573077944000033,
                48.504833002000055
              ],
              [
                21.56531153700007,
                48.50587982600007
              ],
              [
                21.56047103800006,
                48.51038403000007
              ],
              [
                21.560029986000075,
                48.51079444000004
              ],
              [
                21.557364006000057,
                48.510490866000055
              ],
              [
                21.543173723000052,
                48.508875027000045
              ],
              [
                21.54013223900006,
                48.51322166700004
              ],
              [
                21.539183431000026,
                48.51457762500007
              ],
              [
                21.538958404000027,
                48.51470388300004
              ],
              [
                21.52686268900004,
                48.52149051600003
              ],
              [
                21.515587375000052,
                48.54056007500003
              ],
              [
                21.516613218000032,
                48.54291942400005
              ],
              [
                21.517124153000054,
                48.54409452900006
              ],
              [
                21.51515463900006,
                48.54949008800003
              ],
              [
                21.50945142100005,
                48.55196271400007
              ],
              [
                21.50129729500003,
                48.55549792900007
              ],
              [
                21.500565341000026,
                48.55658854100005
              ],
              [
                21.498751945000038,
                48.559290505000035
              ],
              [
                21.494649813000024,
                48.55904421500003
              ],
              [
                21.488117162000037,
                48.55865199700003
              ],
              [
                21.467480004000038,
                48.57032303500006
              ],
              [
                21.460887143000036,
                48.57405152900003
              ],
              [
                21.45714606200005,
                48.57461289500003
              ],
              [
                21.45006768500008,
                48.575675036000064
              ],
              [
                21.444928321000077,
                48.579684763000046
              ],
              [
                21.438578438000036,
                48.58463893600003
              ],
              [
                21.42949688400006,
                48.58310899500003
              ],
              [
                21.422922216000075,
                48.57817236000005
              ],
              [
                21.421886329000074,
                48.569306692000055
              ],
              [
                21.421270492000076,
                48.56403602800003
              ],
              [
                21.41677412000007,
                48.55986231700007
              ],
              [
                21.409845605000044,
                48.55922067100005
              ],
              [
                21.404761017000055,
                48.56075519500007
              ],
              [
                21.39573619500004,
                48.56347887700008
              ],
              [
                21.391242482000052,
                48.56239474400007
              ],
              [
                21.38555677900007,
                48.56034012600003
              ],
              [
                21.379608270000062,
                48.558190539000066
              ],
              [
                21.365831187000026,
                48.55991379000005
              ],
              [
                21.36048758800007,
                48.56058217200007
              ],
              [
                21.32793281000005,
                48.55949190700005
              ],
              [
                21.323317071000076,
                48.56186068800008
              ],
              [
                21.31811368800004,
                48.55963109500004
              ],
              [
                21.321109234000062,
                48.55412501600006
              ],
              [
                21.31707014600005,
                48.550407766000035
              ],
              [
                21.319433635000053,
                48.54850195400007
              ],
              [
                21.321104537000053,
                48.54715461200004
              ],
              [
                21.319911673000036,
                48.54495553700008
              ],
              [
                21.317031773000053,
                48.541015849000075
              ],
              [
                21.316152573000068,
                48.53981310800003
              ],
              [
                21.310353973000076,
                48.539078446000076
              ],
              [
                21.313986878000037,
                48.535047149000036
              ],
              [
                21.314906287000042,
                48.53402691600007
              ],
              [
                21.31156203100005,
                48.530660373000046
              ],
              [
                21.30550421600003,
                48.52776202500007
              ],
              [
                21.305463317000033,
                48.527742457000045
              ],
              [
                21.30545475100007,
                48.527719543000046
              ],
              [
                21.303745012000036,
                48.523146190000034
              ],
              [
                21.287117926000064,
                48.52429391000004
              ],
              [
                21.266585388000067,
                48.526375561000066
              ],
              [
                21.258413021000024,
                48.53035420900005
              ],
              [
                21.239276044000064,
                48.53967088400003
              ],
              [
                21.234082022000052,
                48.538761865000026
              ],
              [
                21.23203714400006,
                48.53483681200004
              ],
              [
                21.22211902600003,
                48.536882938000076
              ],
              [
                21.220388343000025,
                48.53551030700004
              ],
              [
                21.216346087000034,
                48.53230433300007
              ],
              [
                21.21035107600005,
                48.53272752200007
              ],
              [
                21.210172741000065,
                48.53274011100007
              ],
              [
                21.210159820000058,
                48.53267449800006
              ],
              [
                21.209115345000043,
                48.527370406000045
              ],
              [
                21.193227765000074,
                48.52576309400007
              ],
              [
                21.18269100400005,
                48.51969557500007
              ],
              [
                21.17670416900006,
                48.51952614700008
              ],
              [
                21.166023034000034,
                48.520437781000055
              ],
              [
                21.161623847000044,
                48.52081325100005
              ],
              [
                21.14469654100003,
                48.50923487500006
              ],
              [
                21.140734981000037,
                48.50606892700006
              ],
              [
                21.14066527800003,
                48.50597601100003
              ],
              [
                21.138353150000057,
                48.50289384700005
              ],
              [
                21.12829991700005,
                48.492396632000066
              ],
              [
                21.117567446000066,
                48.491006295000034
              ],
              [
                21.103127749000066,
                48.49401259100006
              ],
              [
                21.096487522000075,
                48.498804042000074
              ],
              [
                21.097115209000037,
                48.505704113000036
              ],
              [
                21.09749836700007,
                48.50991611100005
              ],
              [
                21.093207945000074,
                48.51523262500007
              ],
              [
                21.066422587000034,
                48.52527573400005
              ],
              [
                21.064416,
                48.524882846000025
              ],
              [
                21.054301831000032,
                48.522902499000054
              ],
              [
                21.053198585000075,
                48.52615352400005
              ],
              [
                21.033928681000077,
                48.527084959000035
              ],
              [
                21.031603674000053,
                48.52877448000004
              ],
              [
                21.02882683000007,
                48.530792338000026
              ],
              [
                21.015574438000044,
                48.53178600600006
              ],
              [
                21.011858389000054,
                48.53035078400006
              ],
              [
                21.00407314100005,
                48.52734394600003
              ],
              [
                21.002755617000048,
                48.52746235800004
              ],
              [
                20.99157174800007,
                48.526342415000045
              ],
              [
                20.982939558000055,
                48.51858839700003
              ],
              [
                20.975328619000038,
                48.52377342200003
              ],
              [
                20.95836524500004,
                48.52147980400008
              ],
              [
                20.956874897000034,
                48.52710543000006
              ],
              [
                20.955206649000047,
                48.533402574000036
              ],
              [
                20.948181332000047,
                48.53449535300007
              ],
              [
                20.941690788000074,
                48.53550494900003
              ],
              [
                20.941705845000058,
                48.53999981000004
              ],
              [
                20.941715526000053,
                48.54288962100003
              ],
              [
                20.939772943000037,
                48.54164286400004
              ],
              [
                20.93829254900004,
                48.54069274200003
              ],
              [
                20.934624473000042,
                48.53833855700003
              ],
              [
                20.92862879300003,
                48.551115897000045
              ],
              [
                20.926311299000076,
                48.55605468700003
              ],
              [
                20.91627154200006,
                48.56016889600005
              ],
              [
                20.905299339000067,
                48.55753801100008
              ],
              [
                20.897567252000044,
                48.55568414100003
              ],
              [
                20.884216467000044,
                48.55248311500003
              ],
              [
                20.868578226000068,
                48.55238168600005
              ],
              [
                20.86362504400006,
                48.55518103900005
              ],
              [
                20.85823642300005,
                48.56264652900006
              ],
              [
                20.85522945300005,
                48.56681243700007
              ],
              [
                20.852266851000024,
                48.56704331600008
              ],
              [
                20.84751316300003,
                48.56741377600008
              ],
              [
                20.847827967000057,
                48.570312701000034
              ],
              [
                20.848802014000057,
                48.579282385000056
              ],
              [
                20.84003209100007,
                48.576054621000026
              ],
              [
                20.837546665000048,
                48.575139861000025
              ],
              [
                20.83706356500005,
                48.578241038000044
              ],
              [
                20.836347614000033,
                48.58283696600006
              ],
              [
                20.82382595300004,
                48.58000584400003
              ],
              [
                20.802151938000065,
                48.57510539200007
              ],
              [
                20.796089233000032,
                48.575225345000035
              ],
              [
                20.757115412000076,
                48.57158698400008
              ],
              [
                20.735801141000024,
                48.57004793600004
              ],
              [
                20.727100051000036,
                48.56440698100005
              ],
              [
                20.72470977000006,
                48.56927754600008
              ],
              [
                20.714767133000066,
                48.56938521300003
              ],
              [
                20.708499397000026,
                48.56945308500008
              ],
              [
                20.698771339000075,
                48.56612030100007
              ],
              [
                20.67948940900004,
                48.55951441000008
              ],
              [
                20.67651471100004,
                48.56049489700007
              ],
              [
                20.672003009000036,
                48.561981994000064
              ],
              [
                20.66302186400003,
                48.560508035000055
              ],
              [
                20.653863129000058,
                48.56141140400007
              ],
              [
                20.651746718000027,
                48.55947337300006
              ],
              [
                20.64586476200003,
                48.55408717500006
              ],
              [
                20.623539462000053,
                48.55032989800003
              ],
              [
                20.61710626300004,
                48.54547929900008
              ],
              [
                20.614408817000026,
                48.54344543800005
              ],
              [
                20.606095338000046,
                48.54269626700005
              ],
              [
                20.599090759000035,
                48.54206504700005
              ],
              [
                20.591902980000043,
                48.53910912100008
              ],
              [
                20.585274395000056,
                48.53638316000007
              ],
              [
                20.57272081700006,
                48.539251249000074
              ],
              [
                20.570178515000066,
                48.53964808400008
              ],
              [
                20.546365240000057,
                48.54336516700005
              ],
              [
                20.540745376000075,
                48.53516068300007
              ],
              [
                20.536232599000073,
                48.52857244300003
              ],
              [
                20.525120177000076,
                48.53111840400004
              ],
              [
                20.523218046000068,
                48.533136926000054
              ],
              [
                20.519089173000054,
                48.53751844200008
              ],
              [
                20.507130989000075,
                48.534114782000074
              ],
              [
                20.50309099800006,
                48.528742581000074
              ],
              [
                20.502851287000055,
                48.52064441500005
              ],
              [
                20.50788174400003,
                48.51529307200008
              ],
              [
                20.509614546000023,
                48.51344973700003
              ],
              [
                20.507289397000022,
                48.50950454000008
              ],
              [
                20.503759483000067,
                48.48933262800006
              ],
              [
                20.496453425000027,
                48.48703643400006
              ],
              [
                20.493744285000048,
                48.48618498900004
              ],
              [
                20.49282336300007,
                48.48446101400003
              ],
              [
                20.488276747000043,
                48.47594970700004
              ],
              [
                20.481655961000058,
                48.47100252200005
              ],
              [
                20.463936983000053,
                48.46396699100006
              ],
              [
                20.463011520000066,
                48.469240427000045
              ],
              [
                20.45569097500004,
                48.47350490900004
              ],
              [
                20.437295711000047,
                48.46822228800005
              ],
              [
                20.42733938200007,
                48.467720394000025
              ],
              [
                20.420297142000038,
                48.47062448300005
              ],
              [
                20.41351400600007,
                48.462233688000026
              ],
              [
                20.413144867000028,
                48.46177706000003
              ],
              [
                20.400969220000036,
                48.45725851100008
              ],
              [
                20.39309987200005,
                48.45899847100003
              ],
              [
                20.392228355000043,
                48.460151249000035
              ],
              [
                20.389338931000054,
                48.46397316800005
              ],
              [
                20.380673134000062,
                48.467613576000076
              ],
              [
                20.368655730000057,
                48.46187783400006
              ],
              [
                20.352086305000057,
                48.46232252100003
              ],
              [
                20.336640978000048,
                48.46273703900005
              ],
              [
                20.33911821600003,
                48.46776146500008
              ],
              [
                20.341592597000044,
                48.47278009900003
              ],
              [
                20.339103387000023,
                48.47359662700006
              ],
              [
                20.33622461300007,
                48.47492999500008
              ],
              [
                20.32304577000008,
                48.47466384100005
              ],
              [
                20.319095342000026,
                48.47458406000004
              ],
              [
                20.30641402300006,
                48.47967414500005
              ],
              [
                20.309456730000022,
                48.494292417000054
              ],
              [
                20.30960045200004,
                48.49498291200007
              ],
              [
                20.30924464800006,
                48.49520146300006
              ],
              [
                20.29944583200006,
                48.50122035600003
              ],
              [
                20.304007329000058,
                48.51937774400005
              ],
              [
                20.31290447500004,
                48.52213353900004
              ],
              [
                20.317287798000052,
                48.52349122600003
              ],
              [
                20.32422721000006,
                48.53480749400006
              ],
              [
                20.332096740000054,
                48.53829854300005
              ],
              [
                20.331644828000037,
                48.54506127600007
              ],
              [
                20.33127316300005,
                48.55062314500003
              ],
              [
                20.34003434400006,
                48.567890856000076
              ],
              [
                20.34007019200004,
                48.56791447400008
              ],
              [
                20.350510603000032,
                48.57479311700007
              ],
              [
                20.348613054000054,
                48.58411568900004
              ],
              [
                20.35597847500003,
                48.59883891000004
              ],
              [
                20.342662182000026,
                48.60043525800006
              ],
              [
                20.33339038500003,
                48.60808366800006
              ],
              [
                20.320357251000075,
                48.606779188000075
              ],
              [
                20.316434293000043,
                48.60638654100006
              ],
              [
                20.29724387600004,
                48.61167085400007
              ],
              [
                20.302986889000067,
                48.62259945900007
              ],
              [
                20.298026922000076,
                48.62995946800004
              ],
              [
                20.296681930000034,
                48.63731498400006
              ],
              [
                20.294197990000043,
                48.64467435900008
              ],
              [
                20.297292323000022,
                48.650289274000045
              ],
              [
                20.301185863000057,
                48.657354414000054
              ],
              [
                20.290786836000052,
                48.66216534200004
              ],
              [
                20.286614219000057,
                48.66639845100008
              ],
              [
                20.277055811000025,
                48.67609543100008
              ],
              [
                20.276410342000077,
                48.67858730800003
              ],
              [
                20.275504804000036,
                48.68208320100007
              ],
              [
                20.27601758900005,
                48.682127930000036
              ],
              [
                20.263515600000062,
                48.69274141400007
              ],
              [
                20.237144812000054,
                48.704423150000025
              ],
              [
                20.237108195000076,
                48.704439371000035
              ],
              [
                20.23707197600004,
                48.70446887400004
              ],
              [
                20.235366647000035,
                48.70585796000006
              ],
              [
                20.21077976500004,
                48.72133901500007
              ],
              [
                20.210180292000075,
                48.721350234000056
              ],
              [
                20.189604897000038,
                48.72173529000003
              ],
              [
                20.183113218000074,
                48.72808993600006
              ],
              [
                20.18233558000003,
                48.73794283700005
              ],
              [
                20.182796883000037,
                48.756757900000025
              ],
              [
                20.193251971000052,
                48.76383578200006
              ],
              [
                20.207622241000024,
                48.77356416300006
              ],
              [
                20.201597021000055,
                48.78127016900004
              ],
              [
                20.19431165800006,
                48.79058784500006
              ],
              [
                20.199350623000043,
                48.796424743000046
              ],
              [
                20.196313590000045,
                48.801486441000065
              ],
              [
                20.19976834000005,
                48.80714022600006
              ],
              [
                20.198193364000076,
                48.81867288900003
              ],
              [
                20.200653206000027,
                48.82040991200006
              ],
              [
                20.219902481000076,
                48.83400283100008
              ],
              [
                20.22334130200005,
                48.835149426000044
              ],
              [
                20.230720854000026,
                48.83760996700005
              ],
              [
                20.24084655300004,
                48.84591037200005
              ],
              [
                20.242596251000066,
                48.852140690000056
              ],
              [
                20.247330222000073,
                48.868997396000054
              ],
              [
                20.267450690000032,
                48.87407314700005
              ],
              [
                20.277014227000052,
                48.87146605200007
              ],
              [
                20.288746823000054,
                48.87566925400006
              ],
              [
                20.28935471400007,
                48.88444725700003
              ],
              [
                20.295464422000066,
                48.88976381300006
              ],
              [
                20.294790099000068,
                48.89173139500008
              ],
              [
                20.293996167000046,
                48.894047982000075
              ],
              [
                20.295001436000064,
                48.89626921000007
              ],
              [
                20.296550337000042,
                48.89969164000007
              ],
              [
                20.307443828000032,
                48.906853771000044
              ],
              [
                20.316131859000052,
                48.90551582100005
              ],
              [
                20.323786463000033,
                48.90433701900008
              ],
              [
                20.338188308000042,
                48.91578726600005
              ],
              [
                20.342258351000055,
                48.92366104100006
              ],
              [
                20.33156468900006,
                48.93339589100003
              ],
              [
                20.322365594000075,
                48.93535932100008
              ],
              [
                20.32122823700007,
                48.93503416200008
              ],
              [
                20.310555643000043,
                48.93198297400005
              ],
              [
                20.30420949300003,
                48.93610741500004
              ],
              [
                20.298306275000073,
                48.935564697000075
              ],
              [
                20.29782564800007,
                48.939959610000074
              ],
              [
                20.312653031000025,
                48.95232173200003
              ],
              [
                20.32996590500005,
                48.96545028300005
              ],
              [
                20.338453792000053,
                48.96627710400003
              ],
              [
                20.340891296000052,
                48.96651454600004
              ],
              [
                20.34380727000007,
                48.96822681800006
              ],
              [
                20.363343117000056,
                48.97969835100008
              ],
              [
                20.37719144500005,
                48.98116376400003
              ],
              [
                20.397370586000022,
                48.98996292000004
              ],
              [
                20.402356739000027,
                48.99108791100008
              ],
              [
                20.402735085000074,
                48.989688080000064
              ],
              [
                20.403875795000033,
                48.985467596000035
              ],
              [
                20.416972475000023,
                48.99003097800005
              ],
              [
                20.42224817600004,
                48.99679466500004
              ],
              [
                20.426826574000074,
                49.00266437800008
              ],
              [
                20.432383969000057,
                49.00111085800006
              ],
              [
                20.433176957000057,
                48.996470524000074
              ],
              [
                20.44272825200005,
                48.999120119000054
              ],
              [
                20.45644079300007,
                48.99041026500004
              ],
              [
                20.468408663000048,
                48.99281321400008
              ],
              [
                20.477757138000072,
                48.98500711100007
              ],
              [
                20.477485597000054,
                48.98115183700003
              ],
              [
                20.47718563500007,
                48.97689304000005
              ],
              [
                20.478614230000062,
                48.97300238500003
              ],
              [
                20.49013212600005,
                48.96779798600005
              ],
              [
                20.49228521300006,
                48.97067499800005
              ],
              [
                20.48413877400003,
                48.975738567000064
              ],
              [
                20.483800488000043,
                48.980003099000044
              ],
              [
                20.483310666000023,
                48.986177929000064
              ],
              [
                20.49195120400003,
                48.98700771000006
              ],
              [
                20.501616255000044,
                48.98793587900008
              ],
              [
                20.508143907000033,
                48.990239261000056
              ],
              [
                20.50901899300004,
                48.99402646500005
              ],
              [
                20.502547978000052,
                48.996114430000034
              ],
              [
                20.481571919000032,
                49.002882655000064
              ],
              [
                20.504519178000066,
                49.002265426000065
              ],
              [
                20.517784193000068,
                49.01788800300005
              ],
              [
                20.52386262300007,
                49.01802926800008
              ],
              [
                20.53060559000005,
                49.017977865000034
              ],
              [
                20.533994069000073,
                49.01140032500007
              ],
              [
                20.528036909000036,
                49.00887110800005
              ],
              [
                20.527985976000025,
                49.00884948300006
              ]
            ]
          ],
          [
            [
              [
                21.888052994000077,
                48.36008281200003
              ],
              [
                21.885516151000047,
                48.355877330000055
              ],
              [
                21.880313241000067,
                48.35720887300005
              ],
              [
                21.88364816400008,
                48.36251461100005
              ],
              [
                21.888052994000077,
                48.36008281200003
              ]
            ]
          ]
        ]
      }
    },
    {
      "type": "Feature",
      "properties": {
        "NUTS_ID": "SK021",
        "LEVL_CODE": 3,
        "CNTR_CODE": "SK",
        "NAME_LATN": "Trnavský kraj",
        "NUTS_NAME": "Trnavský kraj",
        "MOUNT_TYPE": null,
        "URBN_TYPE": 3,
        "COAST_TYPE": null,
        "NAME_ENGL": "Slovakia",
        "NAME_FREN": "Slovaquie",
        "ISO3_CODE": "SVK",
        "SVRG_UN": "UN Member State",
        "CAPT": "Bratislava",
        "EU_STAT": "T",
        "EFTA_STAT": "F",
        "CC_STAT": "F",
        "NAME_GERM": "Slowakei",
        "region_id": "slovakia_trnava",
        "region_code": "SK021",
        "region_name": "Trnavský kraj",
        "source_dataset": "Eurostat GISCO NUTS 2024",
        "geometry_version": "NUTS 2024 / 1:1M / EPSG:4326",
        "source_url": "https://gisco-services.ec.europa.eu/distribution/v2/nuts/geojson/NUTS_RG_01M_2024_4326_LEVL_3.geojson",
        "attribution": "European Commission - Eurostat/GISCO"
      },
      "geometry": {
        "type": "MultiPolygon",
        "coordinates": [
          [
            [
              [
                17.282176168000035,
                48.85460958800007
              ],
              [
                17.30489691300005,
                48.84429188400003
              ],
              [
                17.314865922000024,
                48.844917817000066
              ],
              [
                17.32019374600003,
                48.84525234000006
              ],
              [
                17.323113918000047,
                48.840848136000034
              ],
              [
                17.327327710000077,
                48.83449289500004
              ],
              [
                17.34873870000007,
                48.82421174400008
              ],
              [
                17.35378774900005,
                48.821787286000074
              ],
              [
                17.35513951400003,
                48.82040991200006
              ],
              [
                17.356096396000055,
                48.81943490200007
              ],
              [
                17.361801116000038,
                48.81362210900005
              ],
              [
                17.36815307200004,
                48.81560783000003
              ],
              [
                17.377437561000022,
                48.818510307000054
              ],
              [
                17.39672547600003,
                48.81335011900006
              ],
              [
                17.398426805000042,
                48.80798060300003
              ],
              [
                17.391708297000037,
                48.800930478000055
              ],
              [
                17.39008073900004,
                48.79412188400005
              ],
              [
                17.376406565000025,
                48.78916694600008
              ],
              [
                17.357133648000058,
                48.782183263000036
              ],
              [
                17.353044430000068,
                48.777521370000045
              ],
              [
                17.386788113000023,
                48.771093507000046
              ],
              [
                17.400061761000075,
                48.77725465800006
              ],
              [
                17.40154052400004,
                48.77877644300003
              ],
              [
                17.40906816200004,
                48.786523084000066
              ],
              [
                17.41949445800003,
                48.78638190800007
              ],
              [
                17.424268090000055,
                48.77902958100003
              ],
              [
                17.42423235900003,
                48.77877170000005
              ],
              [
                17.423351539000066,
                48.77241459700008
              ],
              [
                17.428073056000073,
                48.76961887500005
              ],
              [
                17.446340789000033,
                48.76743723800007
              ],
              [
                17.45636115800005,
                48.76174052600004
              ],
              [
                17.461036698000044,
                48.76148298100003
              ],
              [
                17.472818197000038,
                48.76083401400007
              ],
              [
                17.47533558300006,
                48.75206370500007
              ],
              [
                17.47645062600003,
                48.74817901400007
              ],
              [
                17.479069220000042,
                48.74656061200005
              ],
              [
                17.491125943000043,
                48.73910905000008
              ],
              [
                17.49201813800005,
                48.73473984200007
              ],
              [
                17.487457290000066,
                48.72403305100005
              ],
              [
                17.483254771000077,
                48.723837298000035
              ],
              [
                17.475489203000052,
                48.723475578000034
              ],
              [
                17.476260228000058,
                48.71859433100008
              ],
              [
                17.467755030000035,
                48.699301183000046
              ],
              [
                17.47419846300005,
                48.69573720900007
              ],
              [
                17.47892360800006,
                48.693123650000075
              ],
              [
                17.47867591800002,
                48.69058881500007
              ],
              [
                17.478065709000077,
                48.68434399900008
              ],
              [
                17.48964673300003,
                48.670465386000046
              ],
              [
                17.494829029000073,
                48.668150593000064
              ],
              [
                17.500053836000063,
                48.666007454000066
              ],
              [
                17.50113995600003,
                48.66556194300006
              ],
              [
                17.502337100000034,
                48.66338204600004
              ],
              [
                17.507602790000078,
                48.65379367700007
              ],
              [
                17.506770335000056,
                48.64818704500004
              ],
              [
                17.533132601000034,
                48.62661587800005
              ],
              [
                17.541786478000063,
                48.63020100700004
              ],
              [
                17.544873954000025,
                48.63476172400004
              ],
              [
                17.547454450000032,
                48.63857354800007
              ],
              [
                17.554598783000074,
                48.63921394600004
              ],
              [
                17.56193147600004,
                48.64417626000005
              ],
              [
                17.57418407700004,
                48.63922777000005
              ],
              [
                17.577886444000058,
                48.63773248500007
              ],
              [
                17.603568162000045,
                48.64167893700005
              ],
              [
                17.611724521000042,
                48.64164065500006
              ],
              [
                17.623222887000054,
                48.645372991000045
              ],
              [
                17.619015640000043,
                48.65463703800003
              ],
              [
                17.616894977000072,
                48.659306583000046
              ],
              [
                17.619748383000058,
                48.66897555000003
              ],
              [
                17.62545971700007,
                48.67036544800004
              ],
              [
                17.630917344000068,
                48.666439222000065
              ],
              [
                17.63594479300002,
                48.66282246700007
              ],
              [
                17.64812999000003,
                48.66384415700003
              ],
              [
                17.647864019000053,
                48.667609653000056
              ],
              [
                17.662055305000024,
                48.66564882700004
              ],
              [
                17.675879215000066,
                48.669665026000075
              ],
              [
                17.680817088000026,
                48.673266151000064
              ],
              [
                17.68488260400005,
                48.67585200900004
              ],
              [
                17.68749972300003,
                48.67751661800003
              ],
              [
                17.68988872500006,
                48.67672519200005
              ],
              [
                17.69275520900004,
                48.67577558600004
              ],
              [
                17.69551891800006,
                48.67770722700004
              ],
              [
                17.70108907300005,
                48.68160038000008
              ],
              [
                17.71375217700006,
                48.67758807900003
              ],
              [
                17.715764921000073,
                48.676669968000056
              ],
              [
                17.726532354000028,
                48.66967838900007
              ],
              [
                17.728726395000024,
                48.668174012000065
              ],
              [
                17.730138539000052,
                48.66438341500003
              ],
              [
                17.731336422000027,
                48.66116795500005
              ],
              [
                17.744637563000026,
                48.65127843600004
              ],
              [
                17.78147827500004,
                48.64059846200007
              ],
              [
                17.78872465300003,
                48.63676348100006
              ],
              [
                17.796107547000076,
                48.63989848500006
              ],
              [
                17.80231980700006,
                48.637411867000026
              ],
              [
                17.820482562000052,
                48.63936912200006
              ],
              [
                17.822067437000044,
                48.64706283700008
              ],
              [
                17.82334785000006,
                48.65327855600003
              ],
              [
                17.838261362000026,
                48.650716903000045
              ],
              [
                17.839109996000047,
                48.64473928100006
              ],
              [
                17.839240919000076,
                48.643817083000044
              ],
              [
                17.851214620000064,
                48.63291005500008
              ],
              [
                17.85602480400007,
                48.63308438100006
              ],
              [
                17.856756742000073,
                48.634568641000044
              ],
              [
                17.858081923000043,
                48.63725590700005
              ],
              [
                17.864959198000065,
                48.63825445600003
              ],
              [
                17.87919126500003,
                48.634327358000064
              ],
              [
                17.880593257000044,
                48.63015653400004
              ],
              [
                17.881272375000037,
                48.62813620700007
              ],
              [
                17.885381246000065,
                48.62929994500007
              ],
              [
                17.886213396000073,
                48.62953563100007
              ],
              [
                17.895200334000037,
                48.63104321000003
              ],
              [
                17.909285745000034,
                48.625443131000054
              ],
              [
                17.95877207700005,
                48.62113110400003
              ],
              [
                17.962179423000066,
                48.61556045900005
              ],
              [
                17.96447816400007,
                48.61180226500005
              ],
              [
                17.979112781000026,
                48.61253101700004
              ],
              [
                17.984469777000072,
                48.59982945000007
              ],
              [
                17.97685031700007,
                48.59634397800005
              ],
              [
                17.974394569000026,
                48.59104107300004
              ],
              [
                17.963234057000022,
                48.59071081400003
              ],
              [
                17.95122901900004,
                48.59035556500004
              ],
              [
                17.951527987000077,
                48.586198213000046
              ],
              [
                17.951722877000066,
                48.583488130000035
              ],
              [
                17.946774523000045,
                48.58245965000003
              ],
              [
                17.922302998000077,
                48.58185732600003
              ],
              [
                17.916792219000058,
                48.58657360600006
              ],
              [
                17.915859171000022,
                48.58737213500007
              ],
              [
                17.89795655200004,
                48.59253603600007
              ],
              [
                17.891335755000057,
                48.58400338900003
              ],
              [
                17.886551490000045,
                48.57301594900008
              ],
              [
                17.88140578900004,
                48.56997377700003
              ],
              [
                17.87562176600005,
                48.56460958800005
              ],
              [
                17.87199143400005,
                48.55856015000006
              ],
              [
                17.865035386000045,
                48.54325640800005
              ],
              [
                17.863186203000055,
                48.53918808900005
              ],
              [
                17.865736345000073,
                48.53851745900005
              ],
              [
                17.864435377000063,
                48.53259277600006
              ],
              [
                17.858441081000024,
                48.52691573900006
              ],
              [
                17.85247449700006,
                48.52444064400004
              ],
              [
                17.845544474000064,
                48.52156589000003
              ],
              [
                17.846792105000077,
                48.51479100100005
              ],
              [
                17.869077421000043,
                48.50760425500005
              ],
              [
                17.872024298000042,
                48.50720456200003
              ],
              [
                17.87484293700004,
                48.506660828000065
              ],
              [
                17.885110631000032,
                48.50468012300007
              ],
              [
                17.915415169000028,
                48.493258850000075
              ],
              [
                17.932604904000073,
                48.480497514000035
              ],
              [
                17.941768634000027,
                48.47563755700003
              ],
              [
                17.96467496200006,
                48.46479955700005
              ],
              [
                17.962147295000022,
                48.45989239000005
              ],
              [
                17.95635542200006,
                48.460406086000035
              ],
              [
                17.95566287300005,
                48.45971570300003
              ],
              [
                17.945066438000026,
                48.449152396000045
              ],
              [
                17.94569268500004,
                48.448380987000064
              ],
              [
                17.947028465000074,
                48.44673557900006
              ],
              [
                17.943942236000055,
                48.44554776600006
              ],
              [
                17.94353289000003,
                48.44134779500007
              ],
              [
                17.93955986900005,
                48.44140882900007
              ],
              [
                17.933179893000045,
                48.441506839000056
              ],
              [
                17.930815917000075,
                48.43404485700006
              ],
              [
                17.92003369300005,
                48.425995054000055
              ],
              [
                17.919707858000038,
                48.42449587800007
              ],
              [
                17.906901401000027,
                48.40428069700005
              ],
              [
                17.900293116000057,
                48.39384942200007
              ],
              [
                17.89963285600004,
                48.39267908000005
              ],
              [
                17.88112719800006,
                48.374343202000034
              ],
              [
                17.877028190000033,
                48.36629200100003
              ],
              [
                17.874550874000022,
                48.36558480300005
              ],
              [
                17.871371113000066,
                48.36388770600007
              ],
              [
                17.870248341000035,
                48.36328846200007
              ],
              [
                17.870150851000062,
                48.36250043800004
              ],
              [
                17.869575415000043,
                48.35784911400003
              ],
              [
                17.86297996600007,
                48.35434814000007
              ],
              [
                17.85684346200003,
                48.35109078200003
              ],
              [
                17.857083542000055,
                48.34723484500006
              ],
              [
                17.85870297300005,
                48.34544502000006
              ],
              [
                17.859800756000027,
                48.34423173000005
              ],
              [
                17.85944323700005,
                48.33725178900005
              ],
              [
                17.85342657800004,
                48.333856825000055
              ],
              [
                17.850324857000032,
                48.33210664500007
              ],
              [
                17.848453714000073,
                48.326097471000026
              ],
              [
                17.849225456000056,
                48.32463017800006
              ],
              [
                17.85125607300006,
                48.32076941500003
              ],
              [
                17.847142768000026,
                48.31827429700007
              ],
              [
                17.845946343000037,
                48.305840052000065
              ],
              [
                17.840837239000052,
                48.30214628200008
              ],
              [
                17.833376112000053,
                48.296752050000066
              ],
              [
                17.838162832000023,
                48.28966266100008
              ],
              [
                17.853396511000028,
                48.28811013300003
              ],
              [
                17.85812870600006,
                48.28762785500004
              ],
              [
                17.865617977000056,
                48.28069087500006
              ],
              [
                17.861114104000023,
                48.269111414000065
              ],
              [
                17.857118525000033,
                48.26613516000003
              ],
              [
                17.850663737000048,
                48.261327074000064
              ],
              [
                17.855552226000043,
                48.259014009000055
              ],
              [
                17.856292508000024,
                48.25866373300005
              ],
              [
                17.858381351000048,
                48.25423525800005
              ],
              [
                17.853720039000052,
                48.25068400200007
              ],
              [
                17.84727418800003,
                48.24577318300004
              ],
              [
                17.852060994000055,
                48.23420486200007
              ],
              [
                17.864227139000036,
                48.22629077300007
              ],
              [
                17.867879839000068,
                48.22641202400007
              ],
              [
                17.868968223000024,
                48.226448153000035
              ],
              [
                17.880576821000034,
                48.215984121000076
              ],
              [
                17.882103002000065,
                48.20860153400008
              ],
              [
                17.87687586000004,
                48.20089344200005
              ],
              [
                17.84569576800004,
                48.18996559300007
              ],
              [
                17.83765681400007,
                48.182738544000074
              ],
              [
                17.833017952000034,
                48.190005737000035
              ],
              [
                17.831793638000022,
                48.191923734000056
              ],
              [
                17.820488055000055,
                48.20105256100004
              ],
              [
                17.803970530000072,
                48.19330731000008
              ],
              [
                17.80086071000005,
                48.18779382400004
              ],
              [
                17.814008013000034,
                48.17775250200003
              ],
              [
                17.825908408000032,
                48.16866351200008
              ],
              [
                17.820721794000065,
                48.16511387300005
              ],
              [
                17.819096865000063,
                48.16303183300005
              ],
              [
                17.814650151000023,
                48.15476976700006
              ],
              [
                17.80181900200006,
                48.149162008000076
              ],
              [
                17.796075235000046,
                48.15456994200008
              ],
              [
                17.794048228000065,
                48.15647843100004
              ],
              [
                17.77816372500007,
                48.15818152700007
              ],
              [
                17.756395272000077,
                48.14894695400005
              ],
              [
                17.75947643300003,
                48.14599856400008
              ],
              [
                17.776589306000062,
                48.13966264600003
              ],
              [
                17.777331976000028,
                48.13938767800005
              ],
              [
                17.78724531100005,
                48.13116006700005
              ],
              [
                17.810955447000026,
                48.115275257000064
              ],
              [
                17.814832575000025,
                48.10748216400003
              ],
              [
                17.820115473000044,
                48.105756926000026
              ],
              [
                17.811466177000057,
                48.09389624900007
              ],
              [
                17.807262172000037,
                48.08813134600007
              ],
              [
                17.803304542000035,
                48.07699667500003
              ],
              [
                17.814633117000028,
                48.06539297300003
              ],
              [
                17.83389585200007,
                48.07301362900006
              ],
              [
                17.843566691000035,
                48.07683957200004
              ],
              [
                17.85158570400006,
                48.06928588300008
              ],
              [
                17.84427994500004,
                48.06599442800007
              ],
              [
                17.842261154000028,
                48.06508490500005
              ],
              [
                17.83847789400005,
                48.06339600600006
              ],
              [
                17.853986513000052,
                48.05437448100008
              ],
              [
                17.854793365000035,
                48.05537623200007
              ],
              [
                17.855584022000073,
                48.05635787700004
              ],
              [
                17.859572633000028,
                48.05271254300004
              ],
              [
                17.87116711500005,
                48.052605278000044
              ],
              [
                17.877541932000042,
                48.048528429000044
              ],
              [
                17.88043053100006,
                48.04532529700003
              ],
              [
                17.87913246200003,
                48.04027107600007
              ],
              [
                17.884481836000077,
                48.03427849700006
              ],
              [
                17.88169645800002,
                48.03248305100004
              ],
              [
                17.879939926000077,
                48.03099648300008
              ],
              [
                17.877466199000025,
                48.029474468000046
              ],
              [
                17.874911371000053,
                48.02750097100005
              ],
              [
                17.874477049000063,
                48.02716547600005
              ],
              [
                17.871663702000035,
                48.024722100000076
              ],
              [
                17.868636594000066,
                48.02249507000005
              ],
              [
                17.872789716000057,
                48.01823553400004
              ],
              [
                17.873447252000062,
                48.01756115100005
              ],
              [
                17.87290553200006,
                48.014126403000034
              ],
              [
                17.87131650300006,
                48.004051239000034
              ],
              [
                17.874494628000036,
                47.99851716400008
              ],
              [
                17.880540753000048,
                47.987989037000034
              ],
              [
                17.880306016000077,
                47.986277888000075
              ],
              [
                17.87660948200005,
                47.97774355300004
              ],
              [
                17.875211768000042,
                47.97451659400008
              ],
              [
                17.87556739300004,
                47.960554097000056
              ],
              [
                17.877934674000073,
                47.959087443000044
              ],
              [
                17.878548669000054,
                47.958695473000034
              ],
              [
                17.883576188000063,
                47.95548593800004
              ],
              [
                17.88582006100006,
                47.94405804500008
              ],
              [
                17.880659985000023,
                47.937956616000065
              ],
              [
                17.872478581000053,
                47.92828267700003
              ],
              [
                17.882228059000056,
                47.92255387000006
              ],
              [
                17.88777814200006,
                47.919292634000044
              ],
              [
                17.887274529000024,
                47.91136733600007
              ],
              [
                17.874856124000075,
                47.90246995700005
              ],
              [
                17.848297312000057,
                47.89262251800005
              ],
              [
                17.84746676900005,
                47.89231457100004
              ],
              [
                17.84696973700005,
                47.89178707000008
              ],
              [
                17.830060961000072,
                47.87384175100004
              ],
              [
                17.813277484000025,
                47.87058439300006
              ],
              [
                17.80638086600004,
                47.86924588900007
              ],
              [
                17.798075174000076,
                47.85722203000006
              ],
              [
                17.795737556000063,
                47.84974777800005
              ],
              [
                17.798130395000044,
                47.839602392000074
              ],
              [
                17.79992334800005,
                47.83200046200005
              ],
              [
                17.792831051000064,
                47.82060252500003
              ],
              [
                17.781038928000044,
                47.81722524200006
              ],
              [
                17.77232235100007,
                47.81472880000007
              ],
              [
                17.761356487000057,
                47.80267880000008
              ],
              [
                17.746919784000056,
                47.80641710200007
              ],
              [
                17.737649395000062,
                47.808817616000056
              ],
              [
                17.731965265000042,
                47.805525963000036
              ],
              [
                17.727224938000063,
                47.79468468300007
              ],
              [
                17.732080806000056,
                47.79165887400006
              ],
              [
                17.733733361000077,
                47.790629127000045
              ],
              [
                17.73044897400007,
                47.78790853600003
              ],
              [
                17.72564142500005,
                47.78392624800006
              ],
              [
                17.72711676600005,
                47.78025032600004
              ],
              [
                17.729063791000044,
                47.77539916600006
              ],
              [
                17.70543649600006,
                47.75899250100008
              ],
              [
                17.690018276000046,
                47.77400133900005
              ],
              [
                17.67037878600007,
                47.78356553900005
              ],
              [
                17.65693488100004,
                47.791174468000065
              ],
              [
                17.64689210800003,
                47.795783621000055
              ],
              [
                17.645246249000024,
                47.79644405100004
              ],
              [
                17.641491661000032,
                47.79795064500007
              ],
              [
                17.63873025500004,
                47.799203042000045
              ],
              [
                17.63604876100004,
                47.80053156300005
              ],
              [
                17.633452171000044,
                47.801933519000045
              ],
              [
                17.630942983000068,
                47.80340756100003
              ],
              [
                17.622397319000072,
                47.81066110200004
              ],
              [
                17.618518907000066,
                47.81395309000004
              ],
              [
                17.61347435600004,
                47.81722524200006
              ],
              [
                17.605719957000076,
                47.82225513900005
              ],
              [
                17.587923941000042,
                47.82057330400005
              ],
              [
                17.584794504000058,
                47.81930654400003
              ],
              [
                17.57965279700005,
                47.81722524200006
              ],
              [
                17.57258575000003,
                47.81436458400003
              ],
              [
                17.567389583000022,
                47.81722524200006
              ],
              [
                17.560825565000073,
                47.82083894700003
              ],
              [
                17.543886959000076,
                47.84318346500004
              ],
              [
                17.543604040000048,
                47.84471966700005
              ],
              [
                17.542157489000033,
                47.85257418600003
              ],
              [
                17.53518030600003,
                47.85700454000005
              ],
              [
                17.52684265000005,
                47.865445091000026
              ],
              [
                17.520201918000055,
                47.86601179100006
              ],
              [
                17.49807890900007,
                47.86789970400008
              ],
              [
                17.47381907500005,
                47.87941292700003
              ],
              [
                17.45927359500007,
                47.88276960300004
              ],
              [
                17.45134326400006,
                47.88799752700004
              ],
              [
                17.445818992000056,
                47.89754050800008
              ],
              [
                17.43206586900004,
                47.92129853200004
              ],
              [
                17.41434718200003,
                47.93307194800008
              ],
              [
                17.41289984900004,
                47.93403364800008
              ],
              [
                17.408377036000047,
                47.93981219900007
              ],
              [
                17.40116736600004,
                47.94902360100008
              ],
              [
                17.393994301000077,
                47.952372464000064
              ],
              [
                17.372772820000023,
                47.96228005800003
              ],
              [
                17.370754582000075,
                47.96453510500004
              ],
              [
                17.367918760000066,
                47.96770263800005
              ],
              [
                17.346525736000046,
                47.98288684400006
              ],
              [
                17.340515372000027,
                47.98830381400006
              ],
              [
                17.336791568000024,
                47.991659973000026
              ],
              [
                17.328433650000022,
                47.99463682700008
              ],
              [
                17.294179971000062,
                47.99413477000007
              ],
              [
                17.280550176000077,
                47.99393499800004
              ],
              [
                17.25175844000006,
                48.00151866300007
              ],
              [
                17.248235822000026,
                48.00519441300003
              ],
              [
                17.24742729700006,
                48.012008999000045
              ],
              [
                17.25757364900005,
                48.02161188300005
              ],
              [
                17.25506844000006,
                48.02812575200005
              ],
              [
                17.267168533000074,
                48.02815828000007
              ],
              [
                17.282452679000073,
                48.04257864200008
              ],
              [
                17.29222356200006,
                48.04447675100005
              ],
              [
                17.29960482100006,
                48.045910648000074
              ],
              [
                17.305335684000056,
                48.04963610200008
              ],
              [
                17.300674618000073,
                48.05533945600007
              ],
              [
                17.299510981000026,
                48.056763301000046
              ],
              [
                17.298013080000032,
                48.06644375800005
              ],
              [
                17.304212534000044,
                48.06738267600008
              ],
              [
                17.308119349000037,
                48.064428752000026
              ],
              [
                17.31402855600004,
                48.05996082900003
              ],
              [
                17.318931661000022,
                48.06272109900004
              ],
              [
                17.324018460000048,
                48.07082841400006
              ],
              [
                17.33106712600005,
                48.06995189100007
              ],
              [
                17.33566780900003,
                48.079424922000044
              ],
              [
                17.33714823100007,
                48.08247318400004
              ],
              [
                17.343454560000055,
                48.08377625000003
              ],
              [
                17.349727647000066,
                48.08507244700007
              ],
              [
                17.352592204000075,
                48.09150901000004
              ],
              [
                17.343789033000064,
                48.095161175000044
              ],
              [
                17.330293819000076,
                48.090657528000065
              ],
              [
                17.327009015000044,
                48.08956131700006
              ],
              [
                17.316417886000067,
                48.09741225000005
              ],
              [
                17.308668967000074,
                48.09912160700003
              ],
              [
                17.312625741000033,
                48.114660506000064
              ],
              [
                17.30332665000003,
                48.12143361100004
              ],
              [
                17.304380469000023,
                48.12318061500008
              ],
              [
                17.306527063000033,
                48.122390136000035
              ],
              [
                17.310298336000074,
                48.12132858900003
              ],
              [
                17.328268620000074,
                48.11858932600006
              ],
              [
                17.334218029000056,
                48.12071445500004
              ],
              [
                17.335748806000026,
                48.120159958000045
              ],
              [
                17.340483507000044,
                48.11844489600003
              ],
              [
                17.360917810000046,
                48.12754973800003
              ],
              [
                17.362728854000068,
                48.12919821200006
              ],
              [
                17.366790945000048,
                48.13289566600008
              ],
              [
                17.37119827600003,
                48.13203544900006
              ],
              [
                17.37896687800003,
                48.13051918300005
              ],
              [
                17.38968535500004,
                48.14227450100003
              ],
              [
                17.380420996000055,
                48.14630421800007
              ],
              [
                17.37776272800005,
                48.14746048400008
              ],
              [
                17.379203113000074,
                48.15120790200007
              ],
              [
                17.374853203000043,
                48.15295826600004
              ],
              [
                17.380099105000056,
                48.15734498900008
              ],
              [
                17.375580762000027,
                48.16021058800004
              ],
              [
                17.37666445800005,
                48.161947472000065
              ],
              [
                17.378177762000064,
                48.16573747000007
              ],
              [
                17.381443709000052,
                48.16959673000008
              ],
              [
                17.389799238000023,
                48.168948605000026
              ],
              [
                17.396261496000022,
                48.16824743500007
              ],
              [
                17.40044923000005,
                48.17303888300006
              ],
              [
                17.408997077000038,
                48.16488985900003
              ],
              [
                17.404028077000078,
                48.16096168200005
              ],
              [
                17.398905257000024,
                48.15691190600006
              ],
              [
                17.400113780000027,
                48.153315561000056
              ],
              [
                17.412887875000024,
                48.15299901000003
              ],
              [
                17.42079949500004,
                48.15280295400004
              ],
              [
                17.423245790000067,
                48.15132461600007
              ],
              [
                17.435207348000063,
                48.14409603900003
              ],
              [
                17.446422092000034,
                48.14596607900006
              ],
              [
                17.463461683000048,
                48.15499602800003
              ],
              [
                17.46743173400006,
                48.15231747900003
              ],
              [
                17.474082816000077,
                48.160252177000075
              ],
              [
                17.47500767300005,
                48.16135552600008
              ],
              [
                17.47735231400003,
                48.16171200500003
              ],
              [
                17.48118837800007,
                48.16229524000005
              ],
              [
                17.480758782000066,
                48.16323299000004
              ],
              [
                17.47969598900005,
                48.165552923000064
              ],
              [
                17.484892312000056,
                48.17169061800007
              ],
              [
                17.495735583000055,
                48.16992011700006
              ],
              [
                17.50014264400005,
                48.16920052800003
              ],
              [
                17.504608748000066,
                48.173881977000065
              ],
              [
                17.507121253000037,
                48.17651562900005
              ],
              [
                17.50942615100007,
                48.17603294300005
              ],
              [
                17.514364735000072,
                48.17499871700005
              ],
              [
                17.52136878700003,
                48.191849614000034
              ],
              [
                17.522092740000062,
                48.19359135600007
              ],
              [
                17.52213480200004,
                48.193608211000026
              ],
              [
                17.529254348000052,
                48.19646112100003
              ],
              [
                17.521683062000022,
                48.202141991000076
              ],
              [
                17.512650996000048,
                48.20105139200007
              ],
              [
                17.507044413000074,
                48.20037441200003
              ],
              [
                17.50069895000007,
                48.20528536900008
              ],
              [
                17.50810542800002,
                48.21283790600006
              ],
              [
                17.52057018000005,
                48.22554846600008
              ],
              [
                17.51358051400007,
                48.22611543000005
              ],
              [
                17.51141244300004,
                48.226559947000055
              ],
              [
                17.49900185200005,
                48.22984346000004
              ],
              [
                17.495978365000042,
                48.23070108300004
              ],
              [
                17.49186485100006,
                48.23186789500005
              ],
              [
                17.48889867500003,
                48.23190049800007
              ],
              [
                17.487083709000046,
                48.23231302700003
              ],
              [
                17.48625314000003,
                48.23065191300003
              ],
              [
                17.474578803000043,
                48.23510391500008
              ],
              [
                17.47844189400007,
                48.243573111000046
              ],
              [
                17.48423462900007,
                48.25422328800005
              ],
              [
                17.501224601000047,
                48.26852696800006
              ],
              [
                17.51375581700006,
                48.27907686800006
              ],
              [
                17.50767563100004,
                48.283569105000026
              ],
              [
                17.50619479100004,
                48.28488353100005
              ],
              [
                17.501163421000058,
                48.28874856700003
              ],
              [
                17.493675577000033,
                48.288804328000026
              ],
              [
                17.493316724000067,
                48.288807
              ],
              [
                17.47663392000004,
                48.29752655100003
              ],
              [
                17.465890718000026,
                48.30941674400003
              ],
              [
                17.45971038700003,
                48.30581208400008
              ],
              [
                17.459014076000074,
                48.312756139000044
              ],
              [
                17.449279078000075,
                48.31961233900006
              ],
              [
                17.455976408000026,
                48.32617380200003
              ],
              [
                17.458853746000045,
                48.326324158000034
              ],
              [
                17.46195866100004,
                48.32648640700006
              ],
              [
                17.477536908000047,
                48.352578392000055
              ],
              [
                17.467287395000028,
                48.358914973000026
              ],
              [
                17.452166841000064,
                48.37447845200006
              ],
              [
                17.441222453000023,
                48.371735243000046
              ],
              [
                17.437144206000028,
                48.37071303100004
              ],
              [
                17.426444169000035,
                48.37491238900003
              ],
              [
                17.428774067000063,
                48.37955887000004
              ],
              [
                17.429681285000072,
                48.381368122000026
              ],
              [
                17.42519690200004,
                48.384250595000026
              ],
              [
                17.42192305900005,
                48.38635495600005
              ],
              [
                17.422370027000056,
                48.38795825700004
              ],
              [
                17.423322755000072,
                48.39137574800003
              ],
              [
                17.416262209000024,
                48.40035916700003
              ],
              [
                17.41296483900004,
                48.40029388000005
              ],
              [
                17.411226224000075,
                48.40025945600007
              ],
              [
                17.41232860100007,
                48.40112835600007
              ],
              [
                17.417235490000053,
                48.404995996000025
              ],
              [
                17.40702987000003,
                48.40807804600007
              ],
              [
                17.403551712000024,
                48.40912843400008
              ],
              [
                17.402456952000023,
                48.41407577800004
              ],
              [
                17.401621513000066,
                48.41785122300007
              ],
              [
                17.39904383000004,
                48.41855234900004
              ],
              [
                17.386810137000055,
                48.421879895000075
              ],
              [
                17.383999876000075,
                48.428579683000066
              ],
              [
                17.389537379000046,
                48.43102078700008
              ],
              [
                17.393895647000022,
                48.43294204700004
              ],
              [
                17.391289905000065,
                48.43852351800007
              ],
              [
                17.37856465400006,
                48.438721918000056
              ],
              [
                17.36225502800005,
                48.43897620300004
              ],
              [
                17.35544419300004,
                48.44455468600006
              ],
              [
                17.346495769000057,
                48.45188398300007
              ],
              [
                17.327013453000063,
                48.45172711600003
              ],
              [
                17.319098745000076,
                48.45166338900003
              ],
              [
                17.31504671500005,
                48.45576598900004
              ],
              [
                17.31432232700007,
                48.45597115100003
              ],
              [
                17.303138024000077,
                48.465611609000064
              ],
              [
                17.31438275900007,
                48.477821102000064
              ],
              [
                17.31544333900007,
                48.48053669400008
              ],
              [
                17.323232809000046,
                48.48172082900004
              ],
              [
                17.33455328900004,
                48.483441740000046
              ],
              [
                17.340699736000033,
                48.492087215000026
              ],
              [
                17.337650346000032,
                48.49746465000004
              ],
              [
                17.35505917200004,
                48.506586120000065
              ],
              [
                17.340103706000036,
                48.509539966000034
              ],
              [
                17.335871502000032,
                48.51509058100004
              ],
              [
                17.327946376000057,
                48.51535680000006
              ],
              [
                17.326256371000056,
                48.51541357000008
              ],
              [
                17.314389267000024,
                48.52278004400006
              ],
              [
                17.311397081000052,
                48.52789792400006
              ],
              [
                17.30909779600006,
                48.53183065600007
              ],
              [
                17.303027719000056,
                48.534240261000036
              ],
              [
                17.279697988000066,
                48.543501337000066
              ],
              [
                17.304008386000078,
                48.55780543600008
              ],
              [
                17.305292,
                48.558165290000034
              ],
              [
                17.316913980000038,
                48.56142345300003
              ],
              [
                17.321068280000077,
                48.56576262400006
              ],
              [
                17.325450532000048,
                48.57033989300004
              ],
              [
                17.326189554000052,
                48.57572788300007
              ],
              [
                17.334545631000026,
                48.576444120000076
              ],
              [
                17.33561870500006,
                48.57720163500005
              ],
              [
                17.345447444000058,
                48.58414003900003
              ],
              [
                17.371876789000055,
                48.603514431000065
              ],
              [
                17.376258663000044,
                48.61211116100003
              ],
              [
                17.37047089300006,
                48.63000759100004
              ],
              [
                17.356189321000045,
                48.64438585700003
              ],
              [
                17.344550296000023,
                48.645071597000026
              ],
              [
                17.33691146900003,
                48.65115277000007
              ],
              [
                17.32864767600006,
                48.65339050600005
              ],
              [
                17.308580403000065,
                48.62620167500006
              ],
              [
                17.296120033000022,
                48.60931931700003
              ],
              [
                17.291449890000024,
                48.60902793500003
              ],
              [
                17.282460035000042,
                48.60846703500005
              ],
              [
                17.26915831100007,
                48.59970075000007
              ],
              [
                17.267790407000064,
                48.59533135200007
              ],
              [
                17.266909963000046,
                48.592519012000025
              ],
              [
                17.26308392800007,
                48.588735127000064
              ],
              [
                17.25016068700006,
                48.58512542700004
              ],
              [
                17.234504780000066,
                48.58075244200006
              ],
              [
                17.233807297000055,
                48.57565837400006
              ],
              [
                17.232777036000073,
                48.56813386600004
              ],
              [
                17.221391641000025,
                48.56798999000006
              ],
              [
                17.219662115000062,
                48.56746966400004
              ],
              [
                17.214249583000026,
                48.565841309000064
              ],
              [
                17.204139311000063,
                48.56279964400005
              ],
              [
                17.202551008000057,
                48.56344701800003
              ],
              [
                17.201653531000034,
                48.56381281900008
              ],
              [
                17.20024880400007,
                48.56297583700007
              ],
              [
                17.19697633900006,
                48.56102599500008
              ],
              [
                17.15285628500004,
                48.551928040000064
              ],
              [
                17.125270202000024,
                48.54672743500004
              ],
              [
                17.113560068000027,
                48.55662850300007
              ],
              [
                17.106440804000044,
                48.56264793100007
              ],
              [
                17.09858652300005,
                48.56060832500003
              ],
              [
                17.091342827000062,
                48.55872727600007
              ],
              [
                17.068344169000056,
                48.56172319500007
              ],
              [
                17.052321457000062,
                48.56381039200005
              ],
              [
                17.053194956000027,
                48.56065953600006
              ],
              [
                17.05465872800005,
                48.55537946800007
              ],
              [
                16.999757817000045,
                48.55242472600003
              ],
              [
                16.985743214000024,
                48.551670466000076
              ],
              [
                16.96836896800005,
                48.54704497700004
              ],
              [
                16.969135700000038,
                48.54419647900005
              ],
              [
                16.970900207000057,
                48.537641129000065
              ],
              [
                16.949777880000056,
                48.53579185800004
              ],
              [
                16.952950500000043,
                48.543939832000035
              ],
              [
                16.94480080900007,
                48.55079382500003
              ],
              [
                16.94394998200005,
                48.55150938100007
              ],
              [
                16.943924726000034,
                48.553434527000036
              ],
              [
                16.943837375000044,
                48.56009292600004
              ],
              [
                16.940708690000065,
                48.56312835500006
              ],
              [
                16.938453871000036,
                48.565315964000035
              ],
              [
                16.935604759000057,
                48.573023884000065
              ],
              [
                16.937806005000027,
                48.580504344000076
              ],
              [
                16.93884293900004,
                48.58402814000004
              ],
              [
                16.938182905000076,
                48.58610612600006
              ],
              [
                16.934108106000053,
                48.598934823000036
              ],
              [
                16.934833628000035,
                48.602240487000074
              ],
              [
                16.93770391100003,
                48.60303247100006
              ],
              [
                16.93944144900007,
                48.60481159400007
              ],
              [
                16.94183924300006,
                48.60726677400004
              ],
              [
                16.940278026000044,
                48.61724544700007
              ],
              [
                16.955515785000046,
                48.623803198000076
              ],
              [
                16.962268381000058,
                48.63227664600004
              ],
              [
                16.963281299000073,
                48.638574402000074
              ],
              [
                16.969183712000074,
                48.64628011100007
              ],
              [
                16.96859823500006,
                48.66131771800008
              ],
              [
                16.968335629000023,
                48.668062571000064
              ],
              [
                16.97569414000003,
                48.67581309900004
              ],
              [
                16.978469225000026,
                48.678736024000045
              ],
              [
                16.99627896900006,
                48.691675935000035
              ],
              [
                16.998116740000057,
                48.703833348000046
              ],
              [
                16.998924318000036,
                48.70917571700005
              ],
              [
                17.00591447900007,
                48.713577738000026
              ],
              [
                17.011615077000044,
                48.717167663000055
              ],
              [
                17.012671135000062,
                48.72202114700008
              ],
              [
                17.013971936000075,
                48.72799943200005
              ],
              [
                17.025642556000037,
                48.739020820000064
              ],
              [
                17.028239446000043,
                48.745575047000045
              ],
              [
                17.035169549000045,
                48.75013613500005
              ],
              [
                17.040070687000025,
                48.753361848000054
              ],
              [
                17.040990156000078,
                48.75725347900004
              ],
              [
                17.041273512000032,
                48.75776391100004
              ],
              [
                17.045943605000048,
                48.766176520000045
              ],
              [
                17.047607240000048,
                48.76711735900005
              ],
              [
                17.049554558000068,
                48.76779153900003
              ],
              [
                17.05613451200003,
                48.76988299900006
              ],
              [
                17.059140315000036,
                48.77083840300003
              ],
              [
                17.06257013800007,
                48.77343668100008
              ],
              [
                17.06366474400005,
                48.77426590500005
              ],
              [
                17.06968571300007,
                48.77950047100006
              ],
              [
                17.078956075000065,
                48.78248481700007
              ],
              [
                17.08755775000003,
                48.785253897000075
              ],
              [
                17.092549203000033,
                48.79715313600008
              ],
              [
                17.093170177000047,
                48.79863348900005
              ],
              [
                17.09351097600006,
                48.79879891200005
              ],
              [
                17.100615832000074,
                48.80224758800006
              ],
              [
                17.106717494000065,
                48.812534140000025
              ],
              [
                17.10613702200004,
                48.82040448500004
              ],
              [
                17.106136622000065,
                48.82040991200006
              ],
              [
                17.105845207000073,
                48.824361070000066
              ],
              [
                17.111213243000066,
                48.83117142400005
              ],
              [
                17.138081888000045,
                48.83968331300008
              ],
              [
                17.154393567000056,
                48.844850793000035
              ],
              [
                17.155781626000078,
                48.84663539700006
              ],
              [
                17.156429657000047,
                48.84746855900005
              ],
              [
                17.16304591200003,
                48.85191066900006
              ],
              [
                17.17716704000003,
                48.86139150000008
              ],
              [
                17.184229263000077,
                48.86729386500008
              ],
              [
                17.193459008000048,
                48.87500777000008
              ],
              [
                17.20128637700003,
                48.87751387000003
              ],
              [
                17.206818808000037,
                48.87582955200003
              ],
              [
                17.217808631000025,
                48.87111492300005
              ],
              [
                17.244907995000062,
                48.86753078000004
              ],
              [
                17.25286937100003,
                48.863534267000034
              ],
              [
                17.256989954000062,
                48.861465785000064
              ],
              [
                17.266468075000034,
                48.86106066100007
              ],
              [
                17.275683069000024,
                48.860666783000056
              ],
              [
                17.278391526000064,
                48.85814015400007
              ],
              [
                17.282176168000035,
                48.85460958800007
              ]
            ],
            [
              [
                17.333279179000044,
                48.562335234000045
              ],
              [
                17.333730255000035,
                48.56215850500007
              ],
              [
                17.33375440900005,
                48.56220184500006
              ],
              [
                17.33570953700007,
                48.565709893000076
              ],
              [
                17.331549730000063,
                48.56766211000007
              ],
              [
                17.32906041500007,
                48.563988119000044
              ],
              [
                17.333279179000044,
                48.562335234000045
              ]
            ]
          ]
        ]
      }
    },
    {
      "type": "Feature",
      "properties": {
        "NUTS_ID": "SK022",
        "LEVL_CODE": 3,
        "CNTR_CODE": "SK",
        "NAME_LATN": "Trenčiansky kraj",
        "NUTS_NAME": "Trenčiansky kraj",
        "MOUNT_TYPE": 1,
        "URBN_TYPE": 2,
        "COAST_TYPE": null,
        "NAME_ENGL": "Slovakia",
        "NAME_FREN": "Slovaquie",
        "ISO3_CODE": "SVK",
        "SVRG_UN": "UN Member State",
        "CAPT": "Bratislava",
        "EU_STAT": "T",
        "EFTA_STAT": "F",
        "CC_STAT": "F",
        "NAME_GERM": "Slowakei",
        "region_id": "slovakia_trencin",
        "region_code": "SK022",
        "region_name": "Trenčiansky kraj",
        "source_dataset": "Eurostat GISCO NUTS 2024",
        "geometry_version": "NUTS 2024 / 1:1M / EPSG:4326",
        "source_url": "https://gisco-services.ec.europa.eu/distribution/v2/nuts/geojson/NUTS_RG_01M_2024_4326_LEVL_3.geojson",
        "attribution": "European Commission - Eurostat/GISCO"
      },
      "geometry": {
        "type": "MultiPolygon",
        "coordinates": [
          [
            [
              [
                18.374628854000036,
                49.313863680000054
              ],
              [
                18.376758554000048,
                49.30496084200007
              ],
              [
                18.383740339000042,
                49.29814382500007
              ],
              [
                18.391483236000056,
                49.29564018700006
              ],
              [
                18.391830002000063,
                49.29552806200007
              ],
              [
                18.39220273500007,
                49.29486224200008
              ],
              [
                18.39856578000007,
                49.28349583100004
              ],
              [
                18.418995813000038,
                49.26589271600005
              ],
              [
                18.425572663000025,
                49.26022591000003
              ],
              [
                18.430017228000054,
                49.25423087400003
              ],
              [
                18.429410241000028,
                49.251820104000046
              ],
              [
                18.42833906000004,
                49.24756569900006
              ],
              [
                18.436037886000065,
                49.24058277200004
              ],
              [
                18.442408056000033,
                49.22935384400006
              ],
              [
                18.442526903000044,
                49.22483566400007
              ],
              [
                18.449721734000036,
                49.21793486300004
              ],
              [
                18.446650301000034,
                49.21233693000005
              ],
              [
                18.44807970000005,
                49.21087786000004
              ],
              [
                18.459046733000037,
                49.206691609000075
              ],
              [
                18.46267584700007,
                49.20530633200008
              ],
              [
                18.46276156500005,
                49.20103490900004
              ],
              [
                18.462822177000078,
                49.19801451400008
              ],
              [
                18.468100965000076,
                49.189320673000054
              ],
              [
                18.475816028000054,
                49.18764366000005
              ],
              [
                18.480075493000072,
                49.18671778500004
              ],
              [
                18.482468663000077,
                49.18485163100007
              ],
              [
                18.486590540000066,
                49.18163746000005
              ],
              [
                18.48783414600007,
                49.18109911600004
              ],
              [
                18.50557391800004,
                49.17515464200005
              ],
              [
                18.508260805000077,
                49.174254285000075
              ],
              [
                18.508931064000024,
                49.17374569000003
              ],
              [
                18.519922776000044,
                49.16540513100006
              ],
              [
                18.532519859000047,
                49.163845765000076
              ],
              [
                18.53321188800004,
                49.16376010000005
              ],
              [
                18.555130226000074,
                49.15483488000007
              ],
              [
                18.554742601000044,
                49.153065810000044
              ],
              [
                18.553365204000045,
                49.14677954800004
              ],
              [
                18.568404805000057,
                49.14365044300007
              ],
              [
                18.574406569000075,
                49.14240172900003
              ],
              [
                18.577269613000055,
                49.13353468200006
              ],
              [
                18.576959179000028,
                49.13242309100008
              ],
              [
                18.574691303000066,
                49.12430236800003
              ],
              [
                18.583518527000024,
                49.12139605700003
              ],
              [
                18.587574180000047,
                49.12006075800008
              ],
              [
                18.590399498000068,
                49.11405528000006
              ],
              [
                18.586054304000072,
                49.10851378000007
              ],
              [
                18.580746517000023,
                49.10497461800003
              ],
              [
                18.56654694200006,
                49.097220777000075
              ],
              [
                18.561180445000048,
                49.09429034000004
              ],
              [
                18.55700312700003,
                49.08759011500007
              ],
              [
                18.565421971000035,
                49.087392806000025
              ],
              [
                18.57472319900006,
                49.08717481600007
              ],
              [
                18.586451623000073,
                49.08218309400007
              ],
              [
                18.598104630000023,
                49.07232925300008
              ],
              [
                18.60180937100006,
                49.06459894900007
              ],
              [
                18.60018840600003,
                49.059407031000035
              ],
              [
                18.602392757000075,
                49.052718328000026
              ],
              [
                18.59704874600004,
                49.048416719000045
              ],
              [
                18.595991084000048,
                49.047565365000025
              ],
              [
                18.596957236000037,
                49.046425448000036
              ],
              [
                18.60149449000005,
                49.04107215700003
              ],
              [
                18.600378415000023,
                49.02844498300004
              ],
              [
                18.597995782000055,
                49.02349266200008
              ],
              [
                18.595866853000075,
                49.02269857700003
              ],
              [
                18.58934238300003,
                49.02026496500008
              ],
              [
                18.586492849000024,
                49.014481240000066
              ],
              [
                18.585567764000075,
                49.01260358700006
              ],
              [
                18.57065488300003,
                48.99912063900007
              ],
              [
                18.555262577000065,
                48.994366083000045
              ],
              [
                18.544862023000064,
                48.99323389700004
              ],
              [
                18.532323286000064,
                48.99186895200006
              ],
              [
                18.532006085000035,
                48.99206612300003
              ],
              [
                18.527064180000025,
                48.98941659400003
              ],
              [
                18.523223426000072,
                48.987773393000055
              ],
              [
                18.522493143000077,
                48.98746095400003
              ],
              [
                18.51029941200005,
                48.98224407500004
              ],
              [
                18.507346557000062,
                48.97454574400007
              ],
              [
                18.506189370000072,
                48.97152886300006
              ],
              [
                18.498171073000037,
                48.96456299100004
              ],
              [
                18.47926638900003,
                48.95989290600005
              ],
              [
                18.46496677400006,
                48.95636042600006
              ],
              [
                18.466063615000053,
                48.94850539500004
              ],
              [
                18.476428003000024,
                48.94070741100006
              ],
              [
                18.504240259000028,
                48.94013610500008
              ],
              [
                18.52341077400007,
                48.93705294000006
              ],
              [
                18.529311344000064,
                48.94061865500004
              ],
              [
                18.539231374000053,
                48.94661333000005
              ],
              [
                18.551498657000025,
                48.948642319000044
              ],
              [
                18.560067357000037,
                48.950059569000075
              ],
              [
                18.560821356000076,
                48.95415439700008
              ],
              [
                18.56122119400004,
                48.95632584500004
              ],
              [
                18.573572657000057,
                48.96983574800004
              ],
              [
                18.583110005000037,
                48.97097666500008
              ],
              [
                18.588601329000028,
                48.963423817000034
              ],
              [
                18.592289737000044,
                48.95835072600005
              ],
              [
                18.60114465600003,
                48.956420113000036
              ],
              [
                18.600836921000052,
                48.95908820400007
              ],
              [
                18.60065545200007,
                48.960661551000044
              ],
              [
                18.603884866000044,
                48.96342294500005
              ],
              [
                18.63329242700007,
                48.96483286700004
              ],
              [
                18.639923504000024,
                48.962983595000026
              ],
              [
                18.663343660000066,
                48.956452194000065
              ],
              [
                18.678281552000044,
                48.957566136000025
              ],
              [
                18.69423964200007,
                48.95875615500006
              ],
              [
                18.711504512000033,
                48.94797026300006
              ],
              [
                18.72027963900007,
                48.93749485600006
              ],
              [
                18.70845689600003,
                48.92948037300005
              ],
              [
                18.704651182000077,
                48.92881913400004
              ],
              [
                18.694915856000023,
                48.927127631000076
              ],
              [
                18.695938897000076,
                48.92212075800006
              ],
              [
                18.696847534000028,
                48.91767378900005
              ],
              [
                18.69660241100007,
                48.91702165800007
              ],
              [
                18.693814299000053,
                48.90960411800006
              ],
              [
                18.701829581000027,
                48.902748529000064
              ],
              [
                18.703894502000026,
                48.900982372000044
              ],
              [
                18.70742055000005,
                48.89581084300005
              ],
              [
                18.70412010700005,
                48.88890382900007
              ],
              [
                18.702571872000078,
                48.885663753000074
              ],
              [
                18.696420697000065,
                48.880301098000075
              ],
              [
                18.699992875000078,
                48.87203811000006
              ],
              [
                18.698076523000054,
                48.84770948500005
              ],
              [
                18.700127724000026,
                48.845989891000045
              ],
              [
                18.71635006200006,
                48.84030736300008
              ],
              [
                18.720221680000066,
                48.838951173000055
              ],
              [
                18.723053936000042,
                48.83674723200005
              ],
              [
                18.72914370500007,
                48.832008435000034
              ],
              [
                18.733924297000044,
                48.830974465000054
              ],
              [
                18.750650860000064,
                48.82735676000004
              ],
              [
                18.752450056000043,
                48.821136254000066
              ],
              [
                18.752660140000046,
                48.82040991200006
              ],
              [
                18.753319111000053,
                48.81813160000007
              ],
              [
                18.754072766000036,
                48.817569580000054
              ],
              [
                18.76228645200007,
                48.81591257900004
              ],
              [
                18.77796049500006,
                48.81275055200007
              ],
              [
                18.771893442000078,
                48.81060056700005
              ],
              [
                18.771010760000024,
                48.809096606000026
              ],
              [
                18.769638572000076,
                48.806758596000066
              ],
              [
                18.774382409000054,
                48.80513412600004
              ],
              [
                18.779342668000027,
                48.80343554600006
              ],
              [
                18.778525428000023,
                48.80026510700003
              ],
              [
                18.77642871100005,
                48.79213100800007
              ],
              [
                18.797742167000024,
                48.77768092500003
              ],
              [
                18.808115,
                48.770648358000074
              ],
              [
                18.81334173700003,
                48.760718816000065
              ],
              [
                18.823671982000064,
                48.75437979600008
              ],
              [
                18.82635076300005,
                48.744059105000076
              ],
              [
                18.82382259600007,
                48.734979622000026
              ],
              [
                18.81188197800003,
                48.72154809700004
              ],
              [
                18.80175632600003,
                48.70920849100003
              ],
              [
                18.795250316000022,
                48.700455600000055
              ],
              [
                18.78056807200005,
                48.69382901300003
              ],
              [
                18.772571210000024,
                48.695417097000075
              ],
              [
                18.764702972000066,
                48.69697963700003
              ],
              [
                18.754223385000046,
                48.69092419900005
              ],
              [
                18.750308097000072,
                48.68005323300008
              ],
              [
                18.746298678000073,
                48.668920910000054
              ],
              [
                18.734289937000028,
                48.655922933000056
              ],
              [
                18.72499300800007,
                48.65155322000004
              ],
              [
                18.71517533900004,
                48.64693875000006
              ],
              [
                18.717116932000067,
                48.64011403200004
              ],
              [
                18.719113978000053,
                48.63309439300008
              ],
              [
                18.71638150800004,
                48.62646435600004
              ],
              [
                18.702584985000044,
                48.63115340300004
              ],
              [
                18.698623112000064,
                48.63249993100004
              ],
              [
                18.684110030000056,
                48.633524057000045
              ],
              [
                18.669813540000064,
                48.63453290000007
              ],
              [
                18.666798437000068,
                48.63574543300007
              ],
              [
                18.656616238000026,
                48.639840235000065
              ],
              [
                18.645991395000067,
                48.633714431000044
              ],
              [
                18.645412544000067,
                48.63321206900008
              ],
              [
                18.64386627700003,
                48.63315298600003
              ],
              [
                18.63458368000005,
                48.62441761600007
              ],
              [
                18.620113695000043,
                48.60693621000007
              ],
              [
                18.609861887000022,
                48.599849928000026
              ],
              [
                18.60244270100003,
                48.59312385100003
              ],
              [
                18.600952704000065,
                48.58286869600005
              ],
              [
                18.600568802000055,
                48.580226424000045
              ],
              [
                18.60003689800004,
                48.57923946500006
              ],
              [
                18.597700017000022,
                48.57527590300003
              ],
              [
                18.59016351100007,
                48.575857847000066
              ],
              [
                18.577221327000075,
                48.576857199000074
              ],
              [
                18.56709275700007,
                48.57108289000007
              ],
              [
                18.566914750000024,
                48.57033240000004
              ],
              [
                18.56622606700006,
                48.567428868000036
              ],
              [
                18.553476579000062,
                48.56694992600006
              ],
              [
                18.54603981400004,
                48.56351240600003
              ],
              [
                18.530179412000052,
                48.56203702600004
              ],
              [
                18.51771317400005,
                48.56425112800008
              ],
              [
                18.515750746000037,
                48.56459967100005
              ],
              [
                18.51512402700007,
                48.56443651200004
              ],
              [
                18.507278556000074,
                48.562394039000026
              ],
              [
                18.50107521500007,
                48.563927112000044
              ],
              [
                18.499985198000047,
                48.56552045900003
              ],
              [
                18.49789287300007,
                48.568578943000034
              ],
              [
                18.49377090200005,
                48.56130149400008
              ],
              [
                18.48758133700005,
                48.550373653000065
              ],
              [
                18.478676909000058,
                48.54860407900003
              ],
              [
                18.468094269000062,
                48.54660113300008
              ],
              [
                18.462787155000058,
                48.54075913100007
              ],
              [
                18.46196590200003,
                48.53985510700005
              ],
              [
                18.444677410000054,
                48.53032904000003
              ],
              [
                18.43646556500005,
                48.52776387100005
              ],
              [
                18.41566344900002,
                48.52126582500006
              ],
              [
                18.395331229000078,
                48.50745539400003
              ],
              [
                18.39091958800003,
                48.504458836000026
              ],
              [
                18.372199352000052,
                48.496034930000064
              ],
              [
                18.36682587200005,
                48.49361692100007
              ],
              [
                18.366801267000028,
                48.49336983500007
              ],
              [
                18.366036148000035,
                48.485686384000076
              ],
              [
                18.36209614300003,
                48.49018877200007
              ],
              [
                18.35511899100004,
                48.49278735900003
              ],
              [
                18.35299438000004,
                48.49357865400003
              ],
              [
                18.349821320000046,
                48.50109063000008
              ],
              [
                18.347389046000046,
                48.493708654000045
              ],
              [
                18.346454812000047,
                48.49334783300003
              ],
              [
                18.33758278600004,
                48.48992127200006
              ],
              [
                18.317172910000068,
                48.495183481000026
              ],
              [
                18.31137690500003,
                48.496888943000044
              ],
              [
                18.31185288000006,
                48.50263773900008
              ],
              [
                18.310238705000074,
                48.50641104600004
              ],
              [
                18.30645078400005,
                48.51526572000006
              ],
              [
                18.28662410000004,
                48.53949778400005
              ],
              [
                18.252720643000032,
                48.55604053700006
              ],
              [
                18.238229314000023,
                48.55516411100007
              ],
              [
                18.23719787600004,
                48.55510173000005
              ],
              [
                18.231390048000037,
                48.55135411500004
              ],
              [
                18.228431957000055,
                48.55614938700006
              ],
              [
                18.23032540500003,
                48.56005012400004
              ],
              [
                18.23394666300004,
                48.56751036300005
              ],
              [
                18.226009431000023,
                48.56743701800008
              ],
              [
                18.222564368000064,
                48.56953452500005
              ],
              [
                18.21496945100006,
                48.57415864800004
              ],
              [
                18.217931459000056,
                48.579131276000055
              ],
              [
                18.232359727000073,
                48.58678250500003
              ],
              [
                18.239569881000023,
                48.590606008000066
              ],
              [
                18.242362182000022,
                48.595836947000066
              ],
              [
                18.244035876000055,
                48.598972349000064
              ],
              [
                18.250164021000046,
                48.60424756100008
              ],
              [
                18.256100355000058,
                48.60935765900007
              ],
              [
                18.228556723000054,
                48.62818897500006
              ],
              [
                18.218604563000042,
                48.62852070400004
              ],
              [
                18.21556778100006,
                48.62862192700004
              ],
              [
                18.21299017000007,
                48.62985384000007
              ],
              [
                18.209579991000055,
                48.63063548800005
              ],
              [
                18.199215607000042,
                48.63272092400007
              ],
              [
                18.19811165300007,
                48.637253961000056
              ],
              [
                18.18929226000006,
                48.64053207200004
              ],
              [
                18.18707564600004,
                48.64323583800007
              ],
              [
                18.184503595000024,
                48.64637315600004
              ],
              [
                18.176300883000067,
                48.64492984300006
              ],
              [
                18.164663331000042,
                48.64288215100004
              ],
              [
                18.16221782300005,
                48.646285413000044
              ],
              [
                18.159136897000053,
                48.65057294800005
              ],
              [
                18.152828088000035,
                48.653529425000045
              ],
              [
                18.147795959000064,
                48.65588761600003
              ],
              [
                18.146139463000054,
                48.65961425000006
              ],
              [
                18.142118597000035,
                48.66866002900008
              ],
              [
                18.134486468000034,
                48.67021529900006
              ],
              [
                18.13111642700005,
                48.67090204300007
              ],
              [
                18.131932041000027,
                48.672539131000065
              ],
              [
                18.133361656000034,
                48.67540863500005
              ],
              [
                18.126358260000075,
                48.67924287900007
              ],
              [
                18.120240616000046,
                48.68407011100004
              ],
              [
                18.118424565000055,
                48.68857632400005
              ],
              [
                18.105337318000068,
                48.69693343700004
              ],
              [
                18.101357913000072,
                48.69435656200005
              ],
              [
                18.096494729000028,
                48.69120739400006
              ],
              [
                18.078702,
                48.69656094900006
              ],
              [
                18.046898312000053,
                48.70056210900003
              ],
              [
                18.04414961300006,
                48.703137121000054
              ],
              [
                18.04193448700005,
                48.705212276000054
              ],
              [
                18.039163320000057,
                48.705030373000056
              ],
              [
                18.02554161000006,
                48.70413622400008
              ],
              [
                18.02209748200005,
                48.707303825000054
              ],
              [
                18.022887232000073,
                48.71121025900004
              ],
              [
                18.023391307000054,
                48.71370362300007
              ],
              [
                18.005533671000023,
                48.71347559700007
              ],
              [
                17.990927041000077,
                48.70570107300006
              ],
              [
                17.996632885000054,
                48.68942000200008
              ],
              [
                17.99500700300007,
                48.682117979000054
              ],
              [
                18.00120213300005,
                48.67719267900003
              ],
              [
                17.999861145000068,
                48.672439085000065
              ],
              [
                18.00466810100005,
                48.662425754000026
              ],
              [
                18.01001668400005,
                48.65887875300007
              ],
              [
                18.01726730300004,
                48.65407038400008
              ],
              [
                18.016679322000073,
                48.64923308400006
              ],
              [
                18.02212257900004,
                48.637557894000054
              ],
              [
                18.01395370000006,
                48.62619483100008
              ],
              [
                18.005952708000052,
                48.62748913900003
              ],
              [
                18.00469526200004,
                48.62769255400008
              ],
              [
                18.003825668000047,
                48.626303721000056
              ],
              [
                18.000649145000068,
                48.62123047800003
              ],
              [
                17.995888222000076,
                48.61824792300007
              ],
              [
                17.991189493000036,
                48.61926147200006
              ],
              [
                17.98918210100004,
                48.61969448100007
              ],
              [
                17.979112781000026,
                48.61253101700004
              ],
              [
                17.96447816400007,
                48.61180226500005
              ],
              [
                17.962179423000066,
                48.61556045900005
              ],
              [
                17.95877207700005,
                48.62113110400003
              ],
              [
                17.909285745000034,
                48.625443131000054
              ],
              [
                17.895200334000037,
                48.63104321000003
              ],
              [
                17.886213396000073,
                48.62953563100007
              ],
              [
                17.885381246000065,
                48.62929994500007
              ],
              [
                17.881272375000037,
                48.62813620700007
              ],
              [
                17.880593257000044,
                48.63015653400004
              ],
              [
                17.87919126500003,
                48.634327358000064
              ],
              [
                17.864959198000065,
                48.63825445600003
              ],
              [
                17.858081923000043,
                48.63725590700005
              ],
              [
                17.856756742000073,
                48.634568641000044
              ],
              [
                17.85602480400007,
                48.63308438100006
              ],
              [
                17.851214620000064,
                48.63291005500008
              ],
              [
                17.839240919000076,
                48.643817083000044
              ],
              [
                17.839109996000047,
                48.64473928100006
              ],
              [
                17.838261362000026,
                48.650716903000045
              ],
              [
                17.82334785000006,
                48.65327855600003
              ],
              [
                17.822067437000044,
                48.64706283700008
              ],
              [
                17.820482562000052,
                48.63936912200006
              ],
              [
                17.80231980700006,
                48.637411867000026
              ],
              [
                17.796107547000076,
                48.63989848500006
              ],
              [
                17.78872465300003,
                48.63676348100006
              ],
              [
                17.78147827500004,
                48.64059846200007
              ],
              [
                17.744637563000026,
                48.65127843600004
              ],
              [
                17.731336422000027,
                48.66116795500005
              ],
              [
                17.730138539000052,
                48.66438341500003
              ],
              [
                17.728726395000024,
                48.668174012000065
              ],
              [
                17.726532354000028,
                48.66967838900007
              ],
              [
                17.715764921000073,
                48.676669968000056
              ],
              [
                17.71375217700006,
                48.67758807900003
              ],
              [
                17.70108907300005,
                48.68160038000008
              ],
              [
                17.69551891800006,
                48.67770722700004
              ],
              [
                17.69275520900004,
                48.67577558600004
              ],
              [
                17.68988872500006,
                48.67672519200005
              ],
              [
                17.68749972300003,
                48.67751661800003
              ],
              [
                17.68488260400005,
                48.67585200900004
              ],
              [
                17.680817088000026,
                48.673266151000064
              ],
              [
                17.675879215000066,
                48.669665026000075
              ],
              [
                17.662055305000024,
                48.66564882700004
              ],
              [
                17.647864019000053,
                48.667609653000056
              ],
              [
                17.64812999000003,
                48.66384415700003
              ],
              [
                17.63594479300002,
                48.66282246700007
              ],
              [
                17.630917344000068,
                48.666439222000065
              ],
              [
                17.62545971700007,
                48.67036544800004
              ],
              [
                17.619748383000058,
                48.66897555000003
              ],
              [
                17.616894977000072,
                48.659306583000046
              ],
              [
                17.619015640000043,
                48.65463703800003
              ],
              [
                17.623222887000054,
                48.645372991000045
              ],
              [
                17.611724521000042,
                48.64164065500006
              ],
              [
                17.603568162000045,
                48.64167893700005
              ],
              [
                17.577886444000058,
                48.63773248500007
              ],
              [
                17.57418407700004,
                48.63922777000005
              ],
              [
                17.56193147600004,
                48.64417626000005
              ],
              [
                17.554598783000074,
                48.63921394600004
              ],
              [
                17.547454450000032,
                48.63857354800007
              ],
              [
                17.544873954000025,
                48.63476172400004
              ],
              [
                17.541786478000063,
                48.63020100700004
              ],
              [
                17.533132601000034,
                48.62661587800005
              ],
              [
                17.506770335000056,
                48.64818704500004
              ],
              [
                17.507602790000078,
                48.65379367700007
              ],
              [
                17.502337100000034,
                48.66338204600004
              ],
              [
                17.50113995600003,
                48.66556194300006
              ],
              [
                17.500053836000063,
                48.666007454000066
              ],
              [
                17.494829029000073,
                48.668150593000064
              ],
              [
                17.48964673300003,
                48.670465386000046
              ],
              [
                17.478065709000077,
                48.68434399900008
              ],
              [
                17.47867591800002,
                48.69058881500007
              ],
              [
                17.47892360800006,
                48.693123650000075
              ],
              [
                17.47419846300005,
                48.69573720900007
              ],
              [
                17.467755030000035,
                48.699301183000046
              ],
              [
                17.476260228000058,
                48.71859433100008
              ],
              [
                17.475489203000052,
                48.723475578000034
              ],
              [
                17.483254771000077,
                48.723837298000035
              ],
              [
                17.487457290000066,
                48.72403305100005
              ],
              [
                17.49201813800005,
                48.73473984200007
              ],
              [
                17.491125943000043,
                48.73910905000008
              ],
              [
                17.479069220000042,
                48.74656061200005
              ],
              [
                17.47645062600003,
                48.74817901400007
              ],
              [
                17.47533558300006,
                48.75206370500007
              ],
              [
                17.472818197000038,
                48.76083401400007
              ],
              [
                17.461036698000044,
                48.76148298100003
              ],
              [
                17.45636115800005,
                48.76174052600004
              ],
              [
                17.446340789000033,
                48.76743723800007
              ],
              [
                17.428073056000073,
                48.76961887500005
              ],
              [
                17.423351539000066,
                48.77241459700008
              ],
              [
                17.42423235900003,
                48.77877170000005
              ],
              [
                17.424268090000055,
                48.77902958100003
              ],
              [
                17.41949445800003,
                48.78638190800007
              ],
              [
                17.40906816200004,
                48.786523084000066
              ],
              [
                17.40154052400004,
                48.77877644300003
              ],
              [
                17.400061761000075,
                48.77725465800006
              ],
              [
                17.386788113000023,
                48.771093507000046
              ],
              [
                17.353044430000068,
                48.777521370000045
              ],
              [
                17.357133648000058,
                48.782183263000036
              ],
              [
                17.376406565000025,
                48.78916694600008
              ],
              [
                17.39008073900004,
                48.79412188400005
              ],
              [
                17.391708297000037,
                48.800930478000055
              ],
              [
                17.398426805000042,
                48.80798060300003
              ],
              [
                17.39672547600003,
                48.81335011900006
              ],
              [
                17.40655034200006,
                48.82040991200006
              ],
              [
                17.411510905000057,
                48.82397439300007
              ],
              [
                17.418146453000077,
                48.82854195600004
              ],
              [
                17.42282410100006,
                48.82753790800007
              ],
              [
                17.426985562000027,
                48.82664465900007
              ],
              [
                17.430319929000063,
                48.83161280600007
              ],
              [
                17.430721376000065,
                48.83221095500005
              ],
              [
                17.435366007000027,
                48.839329992000046
              ],
              [
                17.442789149000077,
                48.838718388000075
              ],
              [
                17.45166289900004,
                48.84582073300004
              ],
              [
                17.476433145000044,
                48.84180043300006
              ],
              [
                17.499924191000048,
                48.82563788700003
              ],
              [
                17.504633385000034,
                48.82239781900006
              ],
              [
                17.51076766600005,
                48.82088603200003
              ],
              [
                17.51103760700005,
                48.821067087000074
              ],
              [
                17.515823167000065,
                48.82427686700004
              ],
              [
                17.517381422000028,
                48.82040991200006
              ],
              [
                17.51832425300006,
                48.818070187000046
              ],
              [
                17.520405864000054,
                48.81290447300006
              ],
              [
                17.528782875000047,
                48.81289826100004
              ],
              [
                17.537929062000046,
                48.81805229100007
              ],
              [
                17.549644715000056,
                48.81806157400007
              ],
              [
                17.552263108000034,
                48.82040991200006
              ],
              [
                17.554114645000027,
                48.82207048600003
              ],
              [
                17.551728143000048,
                48.826140732000056
              ],
              [
                17.551098624000076,
                48.827214394000066
              ],
              [
                17.55402708200006,
                48.83047170700007
              ],
              [
                17.56151789200004,
                48.82809881500003
              ],
              [
                17.573907903000077,
                48.82417398500007
              ],
              [
                17.575160500000038,
                48.82425257300008
              ],
              [
                17.593022321000035,
                48.827571169000066
              ],
              [
                17.594956067000055,
                48.830207795000035
              ],
              [
                17.60262828900005,
                48.84066872400007
              ],
              [
                17.620897945000024,
                48.84221595300005
              ],
              [
                17.62100611900007,
                48.84222511400003
              ],
              [
                17.621014267000078,
                48.84226979700003
              ],
              [
                17.621928530000048,
                48.84728340800007
              ],
              [
                17.632234977000053,
                48.85417674300004
              ],
              [
                17.64693006600004,
                48.85426588300004
              ],
              [
                17.667718767000054,
                48.85421461800007
              ],
              [
                17.68182445700006,
                48.859402869000064
              ],
              [
                17.68728653100004,
                48.86141188900007
              ],
              [
                17.692728445000057,
                48.86100810200003
              ],
              [
                17.703206496000064,
                48.86023063700003
              ],
              [
                17.706116734000034,
                48.86254149300004
              ],
              [
                17.717157301000043,
                48.87177649200004
              ],
              [
                17.720115700000065,
                48.874251076000064
              ],
              [
                17.720888270000046,
                48.87458852600008
              ],
              [
                17.736469644000067,
                48.881394294000074
              ],
              [
                17.746258246000025,
                48.89083186700003
              ],
              [
                17.75056438400003,
                48.89626921000007
              ],
              [
                17.75191257800003,
                48.89797156900005
              ],
              [
                17.75539124100004,
                48.90236406200006
              ],
              [
                17.76248888600003,
                48.905942940000045
              ],
              [
                17.77755167500004,
                48.913538119000066
              ],
              [
                17.782235935000074,
                48.917526645000066
              ],
              [
                17.782769647000066,
                48.921228564000046
              ],
              [
                17.78331154400007,
                48.92498726200006
              ],
              [
                17.81769168900007,
                48.92751157200007
              ],
              [
                17.844409246000055,
                48.92643001400006
              ],
              [
                17.85175195900007,
                48.92728994600003
              ],
              [
                17.85558476800003,
                48.92639229100007
              ],
              [
                17.869082169000023,
                48.923231162000036
              ],
              [
                17.884914351000077,
                48.92775341000004
              ],
              [
                17.889029064000056,
                48.94343175200004
              ],
              [
                17.89514139000005,
                48.95084598200003
              ],
              [
                17.900340064000034,
                48.95818641500006
              ],
              [
                17.901607487000035,
                48.976292029000035
              ],
              [
                17.90161913000003,
                48.97645835600008
              ],
              [
                17.901826087000074,
                48.97679891700005
              ],
              [
                17.914399307000053,
                48.997488960000055
              ],
              [
                17.91343830900007,
                49.00372524900007
              ],
              [
                17.912815617000035,
                49.00776613700003
              ],
              [
                17.91911202500006,
                49.014403489000074
              ],
              [
                17.93132238100003,
                49.02228156100006
              ],
              [
                17.948839209000027,
                49.02413391400006
              ],
              [
                17.97666927800003,
                49.02303386500006
              ],
              [
                17.993333344000064,
                49.027981932000046
              ],
              [
                18.006556628000055,
                49.021993965000036
              ],
              [
                18.006733625000038,
                49.02191381500006
              ],
              [
                18.01439324200004,
                49.02210007600007
              ],
              [
                18.02385991700004,
                49.021718613000075
              ],
              [
                18.02842885900003,
                49.025043596000046
              ],
              [
                18.03030463700003,
                49.026408666000066
              ],
              [
                18.036235861000023,
                49.02761631900006
              ],
              [
                18.056168489000072,
                49.03167479100006
              ],
              [
                18.069229646000053,
                49.03753424800004
              ],
              [
                18.093439507000028,
                49.05801402600008
              ],
              [
                18.091835708000076,
                49.064933686000074
              ],
              [
                18.091535761000046,
                49.06622781900006
              ],
              [
                18.093164453000043,
                49.066525898000066
              ],
              [
                18.096956711000075,
                49.06721994800006
              ],
              [
                18.105986591000033,
                49.079881088000036
              ],
              [
                18.109675956000046,
                49.08441662800004
              ],
              [
                18.115302221000036,
                49.09221038800007
              ],
              [
                18.113892023000062,
                49.098007188000054
              ],
              [
                18.111336065000046,
                49.10851378000007
              ],
              [
                18.11009698400005,
                49.11309199400006
              ],
              [
                18.11672807800005,
                49.11726148900004
              ],
              [
                18.12039610200003,
                49.11956786600007
              ],
              [
                18.114565988000038,
                49.12651588300008
              ],
              [
                18.10743147200003,
                49.135018417000026
              ],
              [
                18.116504579000036,
                49.142029611000055
              ],
              [
                18.118398181000032,
                49.14349288100004
              ],
              [
                18.118427826000072,
                49.14427501700004
              ],
              [
                18.118748289000052,
                49.152729951000026
              ],
              [
                18.130360601000064,
                49.15820663200003
              ],
              [
                18.136512380000056,
                49.161107978000075
              ],
              [
                18.132877246000078,
                49.16595295700006
              ],
              [
                18.13032744900005,
                49.169351378000044
              ],
              [
                18.13086820600006,
                49.18893996000003
              ],
              [
                18.13481173400004,
                49.191706828000065
              ],
              [
                18.14121017100007,
                49.19619611500008
              ],
              [
                18.148582581000028,
                49.205713211000045
              ],
              [
                18.15306782600004,
                49.22062136200003
              ],
              [
                18.155077236000068,
                49.22874472400008
              ],
              [
                18.152479478000032,
                49.229246388000035
              ],
              [
                18.146065984000074,
                49.23048492400005
              ],
              [
                18.14725392500003,
                49.24662175600008
              ],
              [
                18.15146335000003,
                49.24973873700003
              ],
              [
                18.155054075000066,
                49.25239758500004
              ],
              [
                18.16223155600005,
                49.25771234200005
              ],
              [
                18.163313843000026,
                49.26099403400008
              ],
              [
                18.17558745200006,
                49.26642319200005
              ],
              [
                18.183499375000054,
                49.26992298500005
              ],
              [
                18.183704616000057,
                49.274933375000046
              ],
              [
                18.184187449000035,
                49.28672043800003
              ],
              [
                18.19253666000003,
                49.288510434000045
              ],
              [
                18.19745857600003,
                49.289565648000064
              ],
              [
                18.199687711000024,
                49.29087108500005
              ],
              [
                18.203377201000023,
                49.29303174300003
              ],
              [
                18.212570612000036,
                49.29340970000004
              ],
              [
                18.248295103000032,
                49.29487839600006
              ],
              [
                18.251675314000067,
                49.296189394000066
              ],
              [
                18.27746002400005,
                49.30308029100007
              ],
              [
                18.300930745000073,
                49.30526257400004
              ],
              [
                18.30301236300005,
                49.309889878000035
              ],
              [
                18.322436011000036,
                49.31505901100007
              ],
              [
                18.32509153500007,
                49.31330700800004
              ],
              [
                18.335868514000026,
                49.31556596200005
              ],
              [
                18.35366456500003,
                49.31929617700007
              ],
              [
                18.373403890000077,
                49.31898442900007
              ],
              [
                18.374628854000036,
                49.313863680000054
              ]
            ]
          ]
        ]
      }
    },
    {
      "type": "Feature",
      "properties": {
        "NUTS_ID": "SK023",
        "LEVL_CODE": 3,
        "CNTR_CODE": "SK",
        "NAME_LATN": "Nitriansky kraj",
        "NUTS_NAME": "Nitriansky kraj",
        "MOUNT_TYPE": null,
        "URBN_TYPE": 3,
        "COAST_TYPE": null,
        "NAME_ENGL": "Slovakia",
        "NAME_FREN": "Slovaquie",
        "ISO3_CODE": "SVK",
        "SVRG_UN": "UN Member State",
        "CAPT": "Bratislava",
        "EU_STAT": "T",
        "EFTA_STAT": "F",
        "CC_STAT": "F",
        "NAME_GERM": "Slowakei",
        "region_id": "slovakia_nitra",
        "region_code": "SK023",
        "region_name": "Nitriansky kraj",
        "source_dataset": "Eurostat GISCO NUTS 2024",
        "geometry_version": "NUTS 2024 / 1:1M / EPSG:4326",
        "source_url": "https://gisco-services.ec.europa.eu/distribution/v2/nuts/geojson/NUTS_RG_01M_2024_4326_LEVL_3.geojson",
        "attribution": "European Commission - Eurostat/GISCO"
      },
      "geometry": {
        "type": "MultiPolygon",
        "coordinates": [
          [
            [
              [
                18.02209748200005,
                48.707303825000054
              ],
              [
                18.02554161000006,
                48.70413622400008
              ],
              [
                18.039163320000057,
                48.705030373000056
              ],
              [
                18.04193448700005,
                48.705212276000054
              ],
              [
                18.04414961300006,
                48.703137121000054
              ],
              [
                18.046898312000053,
                48.70056210900003
              ],
              [
                18.078702,
                48.69656094900006
              ],
              [
                18.096494729000028,
                48.69120739400006
              ],
              [
                18.101357913000072,
                48.69435656200005
              ],
              [
                18.105337318000068,
                48.69693343700004
              ],
              [
                18.118424565000055,
                48.68857632400005
              ],
              [
                18.120240616000046,
                48.68407011100004
              ],
              [
                18.126358260000075,
                48.67924287900007
              ],
              [
                18.133361656000034,
                48.67540863500005
              ],
              [
                18.131932041000027,
                48.672539131000065
              ],
              [
                18.13111642700005,
                48.67090204300007
              ],
              [
                18.134486468000034,
                48.67021529900006
              ],
              [
                18.142118597000035,
                48.66866002900008
              ],
              [
                18.146139463000054,
                48.65961425000006
              ],
              [
                18.147795959000064,
                48.65588761600003
              ],
              [
                18.152828088000035,
                48.653529425000045
              ],
              [
                18.159136897000053,
                48.65057294800005
              ],
              [
                18.16221782300005,
                48.646285413000044
              ],
              [
                18.164663331000042,
                48.64288215100004
              ],
              [
                18.176300883000067,
                48.64492984300006
              ],
              [
                18.184503595000024,
                48.64637315600004
              ],
              [
                18.18707564600004,
                48.64323583800007
              ],
              [
                18.18929226000006,
                48.64053207200004
              ],
              [
                18.19811165300007,
                48.637253961000056
              ],
              [
                18.199215607000042,
                48.63272092400007
              ],
              [
                18.209579991000055,
                48.63063548800005
              ],
              [
                18.21299017000007,
                48.62985384000007
              ],
              [
                18.21556778100006,
                48.62862192700004
              ],
              [
                18.218604563000042,
                48.62852070400004
              ],
              [
                18.228556723000054,
                48.62818897500006
              ],
              [
                18.256100355000058,
                48.60935765900007
              ],
              [
                18.250164021000046,
                48.60424756100008
              ],
              [
                18.244035876000055,
                48.598972349000064
              ],
              [
                18.242362182000022,
                48.595836947000066
              ],
              [
                18.239569881000023,
                48.590606008000066
              ],
              [
                18.232359727000073,
                48.58678250500003
              ],
              [
                18.217931459000056,
                48.579131276000055
              ],
              [
                18.21496945100006,
                48.57415864800004
              ],
              [
                18.222564368000064,
                48.56953452500005
              ],
              [
                18.226009431000023,
                48.56743701800008
              ],
              [
                18.23394666300004,
                48.56751036300005
              ],
              [
                18.23032540500003,
                48.56005012400004
              ],
              [
                18.228431957000055,
                48.55614938700006
              ],
              [
                18.231390048000037,
                48.55135411500004
              ],
              [
                18.23719787600004,
                48.55510173000005
              ],
              [
                18.238229314000023,
                48.55516411100007
              ],
              [
                18.252720643000032,
                48.55604053700006
              ],
              [
                18.28662410000004,
                48.53949778400005
              ],
              [
                18.30645078400005,
                48.51526572000006
              ],
              [
                18.310238705000074,
                48.50641104600004
              ],
              [
                18.31185288000006,
                48.50263773900008
              ],
              [
                18.31137690500003,
                48.496888943000044
              ],
              [
                18.317172910000068,
                48.495183481000026
              ],
              [
                18.33758278600004,
                48.48992127200006
              ],
              [
                18.346454812000047,
                48.49334783300003
              ],
              [
                18.347389046000046,
                48.493708654000045
              ],
              [
                18.349821320000046,
                48.50109063000008
              ],
              [
                18.35299438000004,
                48.49357865400003
              ],
              [
                18.35511899100004,
                48.49278735900003
              ],
              [
                18.36209614300003,
                48.49018877200007
              ],
              [
                18.366036148000035,
                48.485686384000076
              ],
              [
                18.366801267000028,
                48.49336983500007
              ],
              [
                18.36682587200005,
                48.49361692100007
              ],
              [
                18.372199352000052,
                48.496034930000064
              ],
              [
                18.39091958800003,
                48.504458836000026
              ],
              [
                18.395331229000078,
                48.50745539400003
              ],
              [
                18.41566344900002,
                48.52126582500006
              ],
              [
                18.43646556500005,
                48.52776387100005
              ],
              [
                18.444677410000054,
                48.53032904000003
              ],
              [
                18.46196590200003,
                48.53985510700005
              ],
              [
                18.462787155000058,
                48.54075913100007
              ],
              [
                18.468094269000062,
                48.54660113300008
              ],
              [
                18.478676909000058,
                48.54860407900003
              ],
              [
                18.489088129000038,
                48.54315764100005
              ],
              [
                18.502810273000023,
                48.526489971000046
              ],
              [
                18.51805327900007,
                48.528948109000055
              ],
              [
                18.50223180100005,
                48.52214960500004
              ],
              [
                18.49540636300003,
                48.51677638800004
              ],
              [
                18.489211402000024,
                48.51189950400004
              ],
              [
                18.486669308000046,
                48.508915812000055
              ],
              [
                18.48206816100003,
                48.50283918700006
              ],
              [
                18.482855349000033,
                48.49963027500007
              ],
              [
                18.494281018000038,
                48.49994918800007
              ],
              [
                18.496684513000048,
                48.505576363000046
              ],
              [
                18.497143892000054,
                48.50665188200003
              ],
              [
                18.510318136000024,
                48.50933282500006
              ],
              [
                18.533095299000024,
                48.50518415400006
              ],
              [
                18.538237284000047,
                48.498103377000064
              ],
              [
                18.534764169000027,
                48.48510781700003
              ],
              [
                18.53206278700003,
                48.47499989700003
              ],
              [
                18.53569242100002,
                48.47575540200006
              ],
              [
                18.54502405200003,
                48.477697773000045
              ],
              [
                18.54191296700003,
                48.47226472500006
              ],
              [
                18.533600356000022,
                48.46723480900005
              ],
              [
                18.531979548000038,
                48.46625406700008
              ],
              [
                18.520976502000053,
                48.45104292500008
              ],
              [
                18.527765877000036,
                48.45134381500003
              ],
              [
                18.532211148000044,
                48.45154082000005
              ],
              [
                18.535599052000066,
                48.44083097500004
              ],
              [
                18.535688006000044,
                48.44054977300004
              ],
              [
                18.53590359900005,
                48.44043654200004
              ],
              [
                18.54531631800006,
                48.43549290100003
              ],
              [
                18.543176772000038,
                48.43101672000006
              ],
              [
                18.53824356000007,
                48.42069586100007
              ],
              [
                18.53925901300005,
                48.41746307200003
              ],
              [
                18.553432514000065,
                48.41773403500008
              ],
              [
                18.559447585000044,
                48.417849028000035
              ],
              [
                18.563745071000028,
                48.41291698500004
              ],
              [
                18.569927990000053,
                48.40325743900007
              ],
              [
                18.56918750500006,
                48.39732902000003
              ],
              [
                18.56898043800004,
                48.395671218000075
              ],
              [
                18.569548454000028,
                48.393968665000045
              ],
              [
                18.575330821000023,
                48.37663678000007
              ],
              [
                18.56679525900006,
                48.36931004200005
              ],
              [
                18.569482141000037,
                48.36370646300003
              ],
              [
                18.56582459300006,
                48.35874107700005
              ],
              [
                18.55116646600004,
                48.352928027000075
              ],
              [
                18.546647239000038,
                48.35113581300004
              ],
              [
                18.54690809500005,
                48.34779828300003
              ],
              [
                18.547132868000062,
                48.344922421000035
              ],
              [
                18.543070525000076,
                48.34317544700008
              ],
              [
                18.537565440000037,
                48.340808035000066
              ],
              [
                18.539496645000042,
                48.336501629000054
              ],
              [
                18.53980610800005,
                48.335811557000056
              ],
              [
                18.539554896000027,
                48.335515445000055
              ],
              [
                18.53762066200005,
                48.33323549800008
              ],
              [
                18.530455824000057,
                48.335106772000074
              ],
              [
                18.52522124500007,
                48.33300445300006
              ],
              [
                18.538698599000043,
                48.32655501900007
              ],
              [
                18.534582182000065,
                48.321787363000055
              ],
              [
                18.53744804200005,
                48.309815994000076
              ],
              [
                18.545132627000044,
                48.32249745300004
              ],
              [
                18.55782965800006,
                48.32934028400007
              ],
              [
                18.558540137000023,
                48.333583016000034
              ],
              [
                18.559418433000076,
                48.33882789100005
              ],
              [
                18.56563607100003,
                48.34010452700005
              ],
              [
                18.575207225000042,
                48.34789605600008
              ],
              [
                18.58064963100003,
                48.345421429000055
              ],
              [
                18.581523447000052,
                48.345024110000054
              ],
              [
                18.605855876000078,
                48.34492585100003
              ],
              [
                18.62731804300006,
                48.34845413200003
              ],
              [
                18.628087677000053,
                48.34895131600007
              ],
              [
                18.63500453200004,
                48.35341960800008
              ],
              [
                18.65121292300006,
                48.35087431000005
              ],
              [
                18.651268402000028,
                48.35067620500007
              ],
              [
                18.652785581000046,
                48.345258597000054
              ],
              [
                18.67966865300002,
                48.35935335800008
              ],
              [
                18.679331965000074,
                48.36905432000003
              ],
              [
                18.679168963000052,
                48.37375090200004
              ],
              [
                18.684993349000024,
                48.37447012200005
              ],
              [
                18.687968888000057,
                48.374837555000056
              ],
              [
                18.68852240700005,
                48.37784609700003
              ],
              [
                18.689168409000047,
                48.38135730800008
              ],
              [
                18.699802329000022,
                48.388636715000075
              ],
              [
                18.701177057000052,
                48.38957778000008
              ],
              [
                18.70105588000007,
                48.38983589000003
              ],
              [
                18.69989498500007,
                48.39230863800003
              ],
              [
                18.69831675300003,
                48.393109878000075
              ],
              [
                18.709578124000075,
                48.39798845400003
              ],
              [
                18.71309302700007,
                48.39951115700006
              ],
              [
                18.720346490000054,
                48.40600589300004
              ],
              [
                18.731325896000044,
                48.41583683300007
              ],
              [
                18.74544643400003,
                48.41656343400007
              ],
              [
                18.75064760500004,
                48.411163944000066
              ],
              [
                18.756922065000026,
                48.40823411900004
              ],
              [
                18.76185186600003,
                48.40214814900003
              ],
              [
                18.769777841000064,
                48.39236332300004
              ],
              [
                18.776190978000045,
                48.390159555000025
              ],
              [
                18.777828483000064,
                48.38342123800004
              ],
              [
                18.783786965000047,
                48.37688397100004
              ],
              [
                18.78436431800003,
                48.37699211900008
              ],
              [
                18.801465176000022,
                48.37268581600006
              ],
              [
                18.809206477000032,
                48.370736418000035
              ],
              [
                18.81594089200007,
                48.36284995800003
              ],
              [
                18.81904215700007,
                48.35263574600003
              ],
              [
                18.820633158000078,
                48.34739568200007
              ],
              [
                18.823003179000068,
                48.34647182400005
              ],
              [
                18.82418369100003,
                48.34601164900005
              ],
              [
                18.824231351000037,
                48.344560612000066
              ],
              [
                18.824617716000034,
                48.33279738400006
              ],
              [
                18.828072312000074,
                48.32668959600005
              ],
              [
                18.833000636000065,
                48.32183677800003
              ],
              [
                18.839443842000037,
                48.32088778100007
              ],
              [
                18.84470301700003,
                48.320113175000074
              ],
              [
                18.852511444000072,
                48.30583766400008
              ],
              [
                18.847309773000063,
                48.29842065200006
              ],
              [
                18.845076034000044,
                48.29751793300005
              ],
              [
                18.844156807000047,
                48.297146446000056
              ],
              [
                18.844138410000028,
                48.29393313600008
              ],
              [
                18.84412003400007,
                48.29072350200005
              ],
              [
                18.84271771300007,
                48.28850141800007
              ],
              [
                18.84030731400003,
                48.28468196000006
              ],
              [
                18.841092729000025,
                48.28228865600005
              ],
              [
                18.843267404000073,
                48.27566201600007
              ],
              [
                18.84058531000005,
                48.26807294200006
              ],
              [
                18.832120454000062,
                48.26654978300007
              ],
              [
                18.826633945000026,
                48.26556254600007
              ],
              [
                18.815260942000066,
                48.25880682800005
              ],
              [
                18.80927140400007,
                48.24809806900004
              ],
              [
                18.80571089400007,
                48.24517044500004
              ],
              [
                18.814217823000035,
                48.23942819000007
              ],
              [
                18.820523863000062,
                48.23517155600007
              ],
              [
                18.816494214000045,
                48.23321375900008
              ],
              [
                18.81000048100003,
                48.23005879300007
              ],
              [
                18.823051966000037,
                48.21531142900005
              ],
              [
                18.830321586000025,
                48.207097212000065
              ],
              [
                18.824129252000034,
                48.201533580000046
              ],
              [
                18.82061350300006,
                48.20166260500008
              ],
              [
                18.81714293700003,
                48.19620543700006
              ],
              [
                18.811199731000045,
                48.19583767700004
              ],
              [
                18.80780167100005,
                48.195627408000064
              ],
              [
                18.798404583000035,
                48.18738742100004
              ],
              [
                18.802973765000047,
                48.17274965200005
              ],
              [
                18.808853872000043,
                48.16483305300005
              ],
              [
                18.82161686300003,
                48.167015744000025
              ],
              [
                18.823553486000037,
                48.17261505400006
              ],
              [
                18.824073455000075,
                48.17411842800004
              ],
              [
                18.82977706400004,
                48.17734908700004
              ],
              [
                18.847576159000027,
                48.17362872700005
              ],
              [
                18.853398554000023,
                48.16922092000004
              ],
              [
                18.854895621000026,
                48.16808757500007
              ],
              [
                18.857780055000035,
                48.16783757600007
              ],
              [
                18.86025151900003,
                48.16762337000006
              ],
              [
                18.86788998000003,
                48.16653898000004
              ],
              [
                18.87165261800004,
                48.16345767900003
              ],
              [
                18.87619425400004,
                48.15973844000007
              ],
              [
                18.886239844000045,
                48.15927981400006
              ],
              [
                18.887980319000064,
                48.16064115000006
              ],
              [
                18.889213393000034,
                48.16160561500004
              ],
              [
                18.894151969000063,
                48.16043314600006
              ],
              [
                18.89996044700007,
                48.159054154000046
              ],
              [
                18.93166123900005,
                48.15875455500003
              ],
              [
                18.930256954000072,
                48.16498012100004
              ],
              [
                18.929915850000043,
                48.16649232300006
              ],
              [
                18.93821908900003,
                48.17698655400005
              ],
              [
                18.94336032800004,
                48.17727536700005
              ],
              [
                18.949180091000073,
                48.17449079000005
              ],
              [
                18.958966559000032,
                48.181907340000066
              ],
              [
                18.96499636300007,
                48.181459106000034
              ],
              [
                18.967554969000048,
                48.18126890900004
              ],
              [
                19.01660329300006,
                48.19257674200003
              ],
              [
                19.02134714300007,
                48.19003134800005
              ],
              [
                19.032293424000045,
                48.192704572000025
              ],
              [
                19.044418913000072,
                48.200808865000056
              ],
              [
                19.050139957000056,
                48.20463262900006
              ],
              [
                19.054678870000032,
                48.20252955700005
              ],
              [
                19.070158522000042,
                48.19539950700005
              ],
              [
                19.072114929000065,
                48.19424498400008
              ],
              [
                19.065128626000046,
                48.18940652400005
              ],
              [
                19.068377935000058,
                48.18448834800006
              ],
              [
                19.059350275000043,
                48.17781397600004
              ],
              [
                19.058201035000025,
                48.17696431500008
              ],
              [
                19.058227355000042,
                48.17364303200003
              ],
              [
                19.058294200000034,
                48.16520792700004
              ],
              [
                19.055571130000033,
                48.16377681900008
              ],
              [
                19.049523648000047,
                48.16059856900006
              ],
              [
                19.055265964000057,
                48.15515053200005
              ],
              [
                19.060481867000078,
                48.150201931000026
              ],
              [
                19.06550477600007,
                48.13533307300003
              ],
              [
                19.050490065000076,
                48.11716687100005
              ],
              [
                19.039121212000055,
                48.112583322000035
              ],
              [
                19.03006245800003,
                48.10893113000003
              ],
              [
                19.02410199800005,
                48.10243635300003
              ],
              [
                19.02512243700005,
                48.09947529800007
              ],
              [
                19.025866062000034,
                48.097317487000055
              ],
              [
                19.02081101500005,
                48.095332547000055
              ],
              [
                19.013903371000026,
                48.092620157000056
              ],
              [
                19.014322598000035,
                48.07773653000004
              ],
              [
                19.009013759000027,
                48.07485688100007
              ],
              [
                19.008828446000052,
                48.07413526800008
              ],
              [
                19.007783927000048,
                48.07006790100007
              ],
              [
                18.999859308000055,
                48.068256252000026
              ],
              [
                18.99511208900003,
                48.06717098900003
              ],
              [
                18.992806219000045,
                48.06363315100003
              ],
              [
                18.989011607000066,
                48.05781117600003
              ],
              [
                18.982380436000028,
                48.05436021300005
              ],
              [
                18.971614444000068,
                48.05625133600006
              ],
              [
                18.959833676000073,
                48.05832071200007
              ],
              [
                18.928392502000065,
                48.05674314300006
              ],
              [
                18.909154606000072,
                48.05159731900005
              ],
              [
                18.89654512800007,
                48.05398057700006
              ],
              [
                18.891680009000027,
                48.05490011000006
              ],
              [
                18.886675655000033,
                48.05868816000003
              ],
              [
                18.883833211000024,
                48.05287789500005
              ],
              [
                18.883118979000074,
                48.051417928000035
              ],
              [
                18.874106236000046,
                48.04749818400006
              ],
              [
                18.860978541000065,
                48.04968528000006
              ],
              [
                18.853917368000054,
                48.047913969000035
              ],
              [
                18.850254230000075,
                48.04996512300005
              ],
              [
                18.845587204000026,
                48.052578399000026
              ],
              [
                18.84032260400005,
                48.05060597500005
              ],
              [
                18.83839374400003,
                48.04746104700007
              ],
              [
                18.837924292000025,
                48.04669562500004
              ],
              [
                18.837395482000034,
                48.04687166300005
              ],
              [
                18.833270508000055,
                48.04824484300008
              ],
              [
                18.829704124000045,
                48.04233060900003
              ],
              [
                18.829240824000067,
                48.04156230600006
              ],
              [
                18.828635762000033,
                48.04169983700007
              ],
              [
                18.827029003000064,
                48.04206505600007
              ],
              [
                18.82382459400003,
                48.04288815800004
              ],
              [
                18.822699150000062,
                48.042966007000075
              ],
              [
                18.821580074000053,
                48.04196752900003
              ],
              [
                18.820206841000072,
                48.03983976600006
              ],
              [
                18.821264962000043,
                48.03922333400004
              ],
              [
                18.820698098000037,
                48.038543434000076
              ],
              [
                18.822640238000076,
                48.03555703200004
              ],
              [
                18.825724665000052,
                48.03081415200006
              ],
              [
                18.81969730700007,
                48.024611304000075
              ],
              [
                18.819167813000035,
                48.024066394000045
              ],
              [
                18.816305446000058,
                48.020442399000046
              ],
              [
                18.817456820000075,
                48.016278199000055
              ],
              [
                18.820134821000067,
                48.00659261700008
              ],
              [
                18.816580549000037,
                47.995345489000044
              ],
              [
                18.81205678200007,
                47.990701890000025
              ],
              [
                18.807577303000073,
                47.988183915000036
              ],
              [
                18.799119774000076,
                47.98534916700004
              ],
              [
                18.789036401000033,
                47.98513064700006
              ],
              [
                18.76866040300007,
                47.98468907100005
              ],
              [
                18.754694819000065,
                47.97512879300007
              ],
              [
                18.76474872400007,
                47.96647194600007
              ],
              [
                18.775285776000032,
                47.957399089000035
              ],
              [
                18.77430301800007,
                47.95230276900003
              ],
              [
                18.77407464600003,
                47.95111849300008
              ],
              [
                18.772872697000025,
                47.94488550500006
              ],
              [
                18.772849922000034,
                47.94458300600007
              ],
              [
                18.773745219000034,
                47.93846814900007
              ],
              [
                18.769023094000033,
                47.92864173900006
              ],
              [
                18.76290804000007,
                47.92362259300006
              ],
              [
                18.758686064000074,
                47.920157258000074
              ],
              [
                18.75998114500004,
                47.91494084400006
              ],
              [
                18.761492143000055,
                47.91175087000005
              ],
              [
                18.762150464000058,
                47.91036104400007
              ],
              [
                18.76176657700006,
                47.90927846300008
              ],
              [
                18.757841976000066,
                47.89821089700007
              ],
              [
                18.763536244000022,
                47.885047402000055
              ],
              [
                18.763570122000033,
                47.87797554600007
              ],
              [
                18.76374867800007,
                47.87309024900003
              ],
              [
                18.769557211000063,
                47.86923077500006
              ],
              [
                18.781078138000055,
                47.86708801300006
              ],
              [
                18.79172595500006,
                47.865107640000076
              ],
              [
                18.796930539000073,
                47.86009459200005
              ],
              [
                18.799658178000072,
                47.857467334000034
              ],
              [
                18.80052670400005,
                47.857145959000036
              ],
              [
                18.805009600000062,
                47.85653044500003
              ],
              [
                18.81294553300006,
                47.85544082100006
              ],
              [
                18.82015533200007,
                47.85139412900003
              ],
              [
                18.82102681400005,
                47.84876174400006
              ],
              [
                18.823244072000023,
                47.84206433300005
              ],
              [
                18.831439627000066,
                47.832674293000025
              ],
              [
                18.84631023000003,
                47.82941846500006
              ],
              [
                18.852768156000025,
                47.82800454100004
              ],
              [
                18.849373507000053,
                47.81722524200006
              ],
              [
                18.82132539500003,
                47.81879159700003
              ],
              [
                18.807743712000047,
                47.82092813000003
              ],
              [
                18.797211720000064,
                47.82258491700003
              ],
              [
                18.781431605000023,
                47.82098247700003
              ],
              [
                18.75990010000004,
                47.81722524200006
              ],
              [
                18.74762948700004,
                47.81508402700007
              ],
              [
                18.734196935000057,
                47.80880305900007
              ],
              [
                18.727704964000054,
                47.794488741000066
              ],
              [
                18.725174047000053,
                47.78890825700006
              ],
              [
                18.696571709000068,
                47.77433195500004
              ],
              [
                18.67007764400006,
                47.763105514000074
              ],
              [
                18.655441305000068,
                47.760081659000036
              ],
              [
                18.60674238300004,
                47.75864063500006
              ],
              [
                18.60480006000006,
                47.75905662900004
              ],
              [
                18.568573491000052,
                47.764553841000065
              ],
              [
                18.560918151000067,
                47.76571550300008
              ],
              [
                18.53828432000006,
                47.76409174600008
              ],
              [
                18.528159596000023,
                47.76035431100007
              ],
              [
                18.51598959100005,
                47.75586188300008
              ],
              [
                18.512323700000024,
                47.75518060300004
              ],
              [
                18.489621962000058,
                47.75331476500003
              ],
              [
                18.47905918600003,
                47.75760536000007
              ],
              [
                18.462720791000038,
                47.76424200800005
              ],
              [
                18.451777555000035,
                47.76499400400007
              ],
              [
                18.44643495200006,
                47.76276682000008
              ],
              [
                18.43035623700007,
                47.75606404500007
              ],
              [
                18.40471529900003,
                47.75230898700005
              ],
              [
                18.391566535000038,
                47.75106654100006
              ],
              [
                18.33953235100006,
                47.73837141100006
              ],
              [
                18.33548888300004,
                47.73759753300004
              ],
              [
                18.292983020000065,
                47.73139635200005
              ],
              [
                18.28105708100003,
                47.73385117500004
              ],
              [
                18.255743755000026,
                47.73906164400006
              ],
              [
                18.21161357400007,
                47.74164938900003
              ],
              [
                18.209343257000057,
                47.741782518000036
              ],
              [
                18.20214682200003,
                47.74046290700005
              ],
              [
                18.198238202000027,
                47.740026612000065
              ],
              [
                18.196261917000072,
                47.739926522000076
              ],
              [
                18.194280638000066,
                47.73990603400006
              ],
              [
                18.191272509000044,
                47.740020902000026
              ],
              [
                18.104900797000028,
                47.753632786000026
              ],
              [
                18.08762617900004,
                47.75635520600008
              ],
              [
                18.03793286900003,
                47.75654981300005
              ],
              [
                18.019986473000074,
                47.75225861800004
              ],
              [
                18.016772076000052,
                47.750932557000056
              ],
              [
                18.00978920400007,
                47.74943611900005
              ],
              [
                18.001390472000026,
                47.747636261000025
              ],
              [
                17.986767903000043,
                47.75187572600004
              ],
              [
                17.970296037000026,
                47.75665135000003
              ],
              [
                17.964410805000057,
                47.75396853600006
              ],
              [
                17.94398336100005,
                47.744656580000026
              ],
              [
                17.91356773900003,
                47.74348362100005
              ],
              [
                17.893922756000052,
                47.73945697100004
              ],
              [
                17.86180525000003,
                47.745493975000045
              ],
              [
                17.848677463000058,
                47.74294861100003
              ],
              [
                17.827919662000056,
                47.74021430000005
              ],
              [
                17.806910772000037,
                47.744354471000065
              ],
              [
                17.79456361000007,
                47.74153666700005
              ],
              [
                17.77598892700007,
                47.74082262100006
              ],
              [
                17.763613750000047,
                47.748962806000065
              ],
              [
                17.74326410200007,
                47.750751560000026
              ],
              [
                17.723374892000038,
                47.75391203400005
              ],
              [
                17.70543649600006,
                47.75899250100008
              ],
              [
                17.729063791000044,
                47.77539916600006
              ],
              [
                17.72711676600005,
                47.78025032600004
              ],
              [
                17.72564142500005,
                47.78392624800006
              ],
              [
                17.73044897400007,
                47.78790853600003
              ],
              [
                17.733733361000077,
                47.790629127000045
              ],
              [
                17.732080806000056,
                47.79165887400006
              ],
              [
                17.727224938000063,
                47.79468468300007
              ],
              [
                17.731965265000042,
                47.805525963000036
              ],
              [
                17.737649395000062,
                47.808817616000056
              ],
              [
                17.746919784000056,
                47.80641710200007
              ],
              [
                17.761356487000057,
                47.80267880000008
              ],
              [
                17.77232235100007,
                47.81472880000007
              ],
              [
                17.781038928000044,
                47.81722524200006
              ],
              [
                17.792831051000064,
                47.82060252500003
              ],
              [
                17.79992334800005,
                47.83200046200005
              ],
              [
                17.798130395000044,
                47.839602392000074
              ],
              [
                17.795737556000063,
                47.84974777800005
              ],
              [
                17.798075174000076,
                47.85722203000006
              ],
              [
                17.80638086600004,
                47.86924588900007
              ],
              [
                17.813277484000025,
                47.87058439300006
              ],
              [
                17.830060961000072,
                47.87384175100004
              ],
              [
                17.84696973700005,
                47.89178707000008
              ],
              [
                17.84746676900005,
                47.89231457100004
              ],
              [
                17.848297312000057,
                47.89262251800005
              ],
              [
                17.874856124000075,
                47.90246995700005
              ],
              [
                17.887274529000024,
                47.91136733600007
              ],
              [
                17.88777814200006,
                47.919292634000044
              ],
              [
                17.882228059000056,
                47.92255387000006
              ],
              [
                17.872478581000053,
                47.92828267700003
              ],
              [
                17.880659985000023,
                47.937956616000065
              ],
              [
                17.88582006100006,
                47.94405804500008
              ],
              [
                17.883576188000063,
                47.95548593800004
              ],
              [
                17.878548669000054,
                47.958695473000034
              ],
              [
                17.877934674000073,
                47.959087443000044
              ],
              [
                17.87556739300004,
                47.960554097000056
              ],
              [
                17.875211768000042,
                47.97451659400008
              ],
              [
                17.87660948200005,
                47.97774355300004
              ],
              [
                17.880306016000077,
                47.986277888000075
              ],
              [
                17.880540753000048,
                47.987989037000034
              ],
              [
                17.874494628000036,
                47.99851716400008
              ],
              [
                17.87131650300006,
                48.004051239000034
              ],
              [
                17.87290553200006,
                48.014126403000034
              ],
              [
                17.873447252000062,
                48.01756115100005
              ],
              [
                17.872789716000057,
                48.01823553400004
              ],
              [
                17.868636594000066,
                48.02249507000005
              ],
              [
                17.871663702000035,
                48.024722100000076
              ],
              [
                17.874477049000063,
                48.02716547600005
              ],
              [
                17.874911371000053,
                48.02750097100005
              ],
              [
                17.877466199000025,
                48.029474468000046
              ],
              [
                17.879939926000077,
                48.03099648300008
              ],
              [
                17.88169645800002,
                48.03248305100004
              ],
              [
                17.884481836000077,
                48.03427849700006
              ],
              [
                17.87913246200003,
                48.04027107600007
              ],
              [
                17.88043053100006,
                48.04532529700003
              ],
              [
                17.877541932000042,
                48.048528429000044
              ],
              [
                17.87116711500005,
                48.052605278000044
              ],
              [
                17.859572633000028,
                48.05271254300004
              ],
              [
                17.855584022000073,
                48.05635787700004
              ],
              [
                17.854793365000035,
                48.05537623200007
              ],
              [
                17.853986513000052,
                48.05437448100008
              ],
              [
                17.83847789400005,
                48.06339600600006
              ],
              [
                17.842261154000028,
                48.06508490500005
              ],
              [
                17.84427994500004,
                48.06599442800007
              ],
              [
                17.85158570400006,
                48.06928588300008
              ],
              [
                17.843566691000035,
                48.07683957200004
              ],
              [
                17.83389585200007,
                48.07301362900006
              ],
              [
                17.814633117000028,
                48.06539297300003
              ],
              [
                17.803304542000035,
                48.07699667500003
              ],
              [
                17.807262172000037,
                48.08813134600007
              ],
              [
                17.811466177000057,
                48.09389624900007
              ],
              [
                17.820115473000044,
                48.105756926000026
              ],
              [
                17.814832575000025,
                48.10748216400003
              ],
              [
                17.810955447000026,
                48.115275257000064
              ],
              [
                17.78724531100005,
                48.13116006700005
              ],
              [
                17.777331976000028,
                48.13938767800005
              ],
              [
                17.776589306000062,
                48.13966264600003
              ],
              [
                17.75947643300003,
                48.14599856400008
              ],
              [
                17.756395272000077,
                48.14894695400005
              ],
              [
                17.77816372500007,
                48.15818152700007
              ],
              [
                17.794048228000065,
                48.15647843100004
              ],
              [
                17.796075235000046,
                48.15456994200008
              ],
              [
                17.80181900200006,
                48.149162008000076
              ],
              [
                17.814650151000023,
                48.15476976700006
              ],
              [
                17.819096865000063,
                48.16303183300005
              ],
              [
                17.820721794000065,
                48.16511387300005
              ],
              [
                17.825908408000032,
                48.16866351200008
              ],
              [
                17.814008013000034,
                48.17775250200003
              ],
              [
                17.80086071000005,
                48.18779382400004
              ],
              [
                17.803970530000072,
                48.19330731000008
              ],
              [
                17.820488055000055,
                48.20105256100004
              ],
              [
                17.831793638000022,
                48.191923734000056
              ],
              [
                17.833017952000034,
                48.190005737000035
              ],
              [
                17.83765681400007,
                48.182738544000074
              ],
              [
                17.84569576800004,
                48.18996559300007
              ],
              [
                17.87687586000004,
                48.20089344200005
              ],
              [
                17.882103002000065,
                48.20860153400008
              ],
              [
                17.880576821000034,
                48.215984121000076
              ],
              [
                17.868968223000024,
                48.226448153000035
              ],
              [
                17.867879839000068,
                48.22641202400007
              ],
              [
                17.864227139000036,
                48.22629077300007
              ],
              [
                17.852060994000055,
                48.23420486200007
              ],
              [
                17.84727418800003,
                48.24577318300004
              ],
              [
                17.853720039000052,
                48.25068400200007
              ],
              [
                17.858381351000048,
                48.25423525800005
              ],
              [
                17.856292508000024,
                48.25866373300005
              ],
              [
                17.855552226000043,
                48.259014009000055
              ],
              [
                17.850663737000048,
                48.261327074000064
              ],
              [
                17.857118525000033,
                48.26613516000003
              ],
              [
                17.861114104000023,
                48.269111414000065
              ],
              [
                17.865617977000056,
                48.28069087500006
              ],
              [
                17.85812870600006,
                48.28762785500004
              ],
              [
                17.853396511000028,
                48.28811013300003
              ],
              [
                17.838162832000023,
                48.28966266100008
              ],
              [
                17.833376112000053,
                48.296752050000066
              ],
              [
                17.840837239000052,
                48.30214628200008
              ],
              [
                17.845946343000037,
                48.305840052000065
              ],
              [
                17.847142768000026,
                48.31827429700007
              ],
              [
                17.85125607300006,
                48.32076941500003
              ],
              [
                17.849225456000056,
                48.32463017800006
              ],
              [
                17.848453714000073,
                48.326097471000026
              ],
              [
                17.850324857000032,
                48.33210664500007
              ],
              [
                17.85342657800004,
                48.333856825000055
              ],
              [
                17.85944323700005,
                48.33725178900005
              ],
              [
                17.859800756000027,
                48.34423173000005
              ],
              [
                17.85870297300005,
                48.34544502000006
              ],
              [
                17.857083542000055,
                48.34723484500006
              ],
              [
                17.85684346200003,
                48.35109078200003
              ],
              [
                17.86297996600007,
                48.35434814000007
              ],
              [
                17.869575415000043,
                48.35784911400003
              ],
              [
                17.870150851000062,
                48.36250043800004
              ],
              [
                17.870248341000035,
                48.36328846200007
              ],
              [
                17.871371113000066,
                48.36388770600007
              ],
              [
                17.874550874000022,
                48.36558480300005
              ],
              [
                17.877028190000033,
                48.36629200100003
              ],
              [
                17.88112719800006,
                48.374343202000034
              ],
              [
                17.89963285600004,
                48.39267908000005
              ],
              [
                17.900293116000057,
                48.39384942200007
              ],
              [
                17.906901401000027,
                48.40428069700005
              ],
              [
                17.919707858000038,
                48.42449587800007
              ],
              [
                17.92003369300005,
                48.425995054000055
              ],
              [
                17.930815917000075,
                48.43404485700006
              ],
              [
                17.933179893000045,
                48.441506839000056
              ],
              [
                17.93955986900005,
                48.44140882900007
              ],
              [
                17.94353289000003,
                48.44134779500007
              ],
              [
                17.943942236000055,
                48.44554776600006
              ],
              [
                17.947028465000074,
                48.44673557900006
              ],
              [
                17.94569268500004,
                48.448380987000064
              ],
              [
                17.945066438000026,
                48.449152396000045
              ],
              [
                17.95566287300005,
                48.45971570300003
              ],
              [
                17.95635542200006,
                48.460406086000035
              ],
              [
                17.962147295000022,
                48.45989239000005
              ],
              [
                17.96467496200006,
                48.46479955700005
              ],
              [
                17.941768634000027,
                48.47563755700003
              ],
              [
                17.932604904000073,
                48.480497514000035
              ],
              [
                17.915415169000028,
                48.493258850000075
              ],
              [
                17.885110631000032,
                48.50468012300007
              ],
              [
                17.87484293700004,
                48.506660828000065
              ],
              [
                17.872024298000042,
                48.50720456200003
              ],
              [
                17.869077421000043,
                48.50760425500005
              ],
              [
                17.846792105000077,
                48.51479100100005
              ],
              [
                17.845544474000064,
                48.52156589000003
              ],
              [
                17.85247449700006,
                48.52444064400004
              ],
              [
                17.858441081000024,
                48.52691573900006
              ],
              [
                17.864435377000063,
                48.53259277600006
              ],
              [
                17.865736345000073,
                48.53851745900005
              ],
              [
                17.863186203000055,
                48.53918808900005
              ],
              [
                17.865035386000045,
                48.54325640800005
              ],
              [
                17.87199143400005,
                48.55856015000006
              ],
              [
                17.87562176600005,
                48.56460958800005
              ],
              [
                17.88140578900004,
                48.56997377700003
              ],
              [
                17.886551490000045,
                48.57301594900008
              ],
              [
                17.891335755000057,
                48.58400338900003
              ],
              [
                17.89795655200004,
                48.59253603600007
              ],
              [
                17.915859171000022,
                48.58737213500007
              ],
              [
                17.916792219000058,
                48.58657360600006
              ],
              [
                17.922302998000077,
                48.58185732600003
              ],
              [
                17.946774523000045,
                48.58245965000003
              ],
              [
                17.951722877000066,
                48.583488130000035
              ],
              [
                17.951527987000077,
                48.586198213000046
              ],
              [
                17.95122901900004,
                48.59035556500004
              ],
              [
                17.963234057000022,
                48.59071081400003
              ],
              [
                17.974394569000026,
                48.59104107300004
              ],
              [
                17.97685031700007,
                48.59634397800005
              ],
              [
                17.984469777000072,
                48.59982945000007
              ],
              [
                17.979112781000026,
                48.61253101700004
              ],
              [
                17.98918210100004,
                48.61969448100007
              ],
              [
                17.991189493000036,
                48.61926147200006
              ],
              [
                17.995888222000076,
                48.61824792300007
              ],
              [
                18.000649145000068,
                48.62123047800003
              ],
              [
                18.003825668000047,
                48.626303721000056
              ],
              [
                18.00469526200004,
                48.62769255400008
              ],
              [
                18.005952708000052,
                48.62748913900003
              ],
              [
                18.01395370000006,
                48.62619483100008
              ],
              [
                18.02212257900004,
                48.637557894000054
              ],
              [
                18.016679322000073,
                48.64923308400006
              ],
              [
                18.01726730300004,
                48.65407038400008
              ],
              [
                18.01001668400005,
                48.65887875300007
              ],
              [
                18.00466810100005,
                48.662425754000026
              ],
              [
                17.999861145000068,
                48.672439085000065
              ],
              [
                18.00120213300005,
                48.67719267900003
              ],
              [
                17.99500700300007,
                48.682117979000054
              ],
              [
                17.996632885000054,
                48.68942000200008
              ],
              [
                17.990927041000077,
                48.70570107300006
              ],
              [
                18.005533671000023,
                48.71347559700007
              ],
              [
                18.023391307000054,
                48.71370362300007
              ],
              [
                18.022887232000073,
                48.71121025900004
              ],
              [
                18.02209748200005,
                48.707303825000054
              ]
            ]
          ]
        ]
      }
    },
    {
      "type": "Feature",
      "properties": {
        "NUTS_ID": "SK031",
        "LEVL_CODE": 3,
        "CNTR_CODE": "SK",
        "NAME_LATN": "Žilinský kraj",
        "NUTS_NAME": "Žilinský kraj",
        "MOUNT_TYPE": 1,
        "URBN_TYPE": 2,
        "COAST_TYPE": null,
        "NAME_ENGL": "Slovakia",
        "NAME_FREN": "Slovaquie",
        "ISO3_CODE": "SVK",
        "SVRG_UN": "UN Member State",
        "CAPT": "Bratislava",
        "EU_STAT": "T",
        "EFTA_STAT": "F",
        "CC_STAT": "F",
        "NAME_GERM": "Slowakei",
        "region_id": "slovakia_zilina",
        "region_code": "SK031",
        "region_name": "Žilinský kraj",
        "source_dataset": "Eurostat GISCO NUTS 2024",
        "geometry_version": "NUTS 2024 / 1:1M / EPSG:4326",
        "source_url": "https://gisco-services.ec.europa.eu/distribution/v2/nuts/geojson/NUTS_RG_01M_2024_4326_LEVL_3.geojson",
        "attribution": "European Commission - Eurostat/GISCO"
      },
      "geometry": {
        "type": "MultiPolygon",
        "coordinates": [
          [
            [
              [
                19.467386340000076,
                49.61376686800003
              ],
              [
                19.473968412000033,
                49.60426719600008
              ],
              [
                19.472537285000044,
                49.60162787000007
              ],
              [
                19.469668503000037,
                49.59633718200007
              ],
              [
                19.478949095000075,
                49.58805428800008
              ],
              [
                19.49793685900005,
                49.581787245000044
              ],
              [
                19.499108209000042,
                49.58171486900005
              ],
              [
                19.509690702000057,
                49.58106099300005
              ],
              [
                19.518606856000076,
                49.57415844800005
              ],
              [
                19.519733631000065,
                49.57328614200003
              ],
              [
                19.520894088000034,
                49.57327206400004
              ],
              [
                19.52948324600004,
                49.57316786600006
              ],
              [
                19.529370676000042,
                49.559395961000064
              ],
              [
                19.52923402600004,
                49.54267812300003
              ],
              [
                19.536302050000074,
                49.52640308000008
              ],
              [
                19.54172366800003,
                49.519630722000045
              ],
              [
                19.55158951100003,
                49.507306904000075
              ],
              [
                19.552205053000023,
                49.502302076000035
              ],
              [
                19.55373406800004,
                49.48987002400003
              ],
              [
                19.565793402000054,
                49.479678154000055
              ],
              [
                19.56836637600003,
                49.47088221000007
              ],
              [
                19.574218381000037,
                49.46590792400008
              ],
              [
                19.57977273800003,
                49.461186644000065
              ],
              [
                19.580056541000033,
                49.46024433800005
              ],
              [
                19.58137608900006,
                49.45586306900003
              ],
              [
                19.58995241100007,
                49.45707908400004
              ],
              [
                19.593806038000025,
                49.45762548000005
              ],
              [
                19.597326747000068,
                49.45812467300004
              ],
              [
                19.607082991000027,
                49.451599765000026
              ],
              [
                19.613408109000034,
                49.447369570000035
              ],
              [
                19.625635258000045,
                49.44988125000003
              ],
              [
                19.63147047900003,
                49.45269867600007
              ],
              [
                19.64179637500007,
                49.457684338000035
              ],
              [
                19.640331008000032,
                49.451315815000044
              ],
              [
                19.638113429000043,
                49.44167815800006
              ],
              [
                19.643388951000077,
                49.43705250700003
              ],
              [
                19.64702761800004,
                49.43386207400005
              ],
              [
                19.642549640000027,
                49.42602751000004
              ],
              [
                19.63391863000004,
                49.41092689900006
              ],
              [
                19.64750871600006,
                49.40889838500004
              ],
              [
                19.664220743000044,
                49.40640387800005
              ],
              [
                19.698777714000073,
                49.39922640200007
              ],
              [
                19.713261825000075,
                49.39126053600006
              ],
              [
                19.720332358000064,
                49.38737193500003
              ],
              [
                19.730862001000048,
                49.39292725900003
              ],
              [
                19.736033716000065,
                49.39826825600005
              ],
              [
                19.744034551000027,
                49.406530978000035
              ],
              [
                19.760136920000036,
                49.411127101000034
              ],
              [
                19.76758590000003,
                49.41298689100006
              ],
              [
                19.776343585000063,
                49.41226195200005
              ],
              [
                19.789870275000055,
                49.41024661400007
              ],
              [
                19.79053875900007,
                49.400741193000044
              ],
              [
                19.791929809000067,
                49.38096134500006
              ],
              [
                19.799269930000037,
                49.37199265800007
              ],
              [
                19.802930350000054,
                49.36752009400004
              ],
              [
                19.80187556100003,
                49.35412636400008
              ],
              [
                19.80126046600003,
                49.35354012800008
              ],
              [
                19.795554554000034,
                49.34810192800006
              ],
              [
                19.799741142000073,
                49.336370558000056
              ],
              [
                19.804426798000065,
                49.323240732000045
              ],
              [
                19.797461223000028,
                49.31060566800005
              ],
              [
                19.795592012000043,
                49.30721505100007
              ],
              [
                19.79376555300007,
                49.29868989200003
              ],
              [
                19.799800796000056,
                49.29582557500004
              ],
              [
                19.802189508000026,
                49.29550601300008
              ],
              [
                19.810067487000026,
                49.29445209800008
              ],
              [
                19.822129045000054,
                49.27959291800005
              ],
              [
                19.820539137000026,
                49.276360606000026
              ],
              [
                19.807643255000073,
                49.27435683200008
              ],
              [
                19.807144443000027,
                49.274279326000055
              ],
              [
                19.793597543000033,
                49.26791564600006
              ],
              [
                19.791595400000062,
                49.26281595900008
              ],
              [
                19.785887290000062,
                49.24827674900007
              ],
              [
                19.772010177000027,
                49.23979297600005
              ],
              [
                19.76677730600005,
                49.236593861000074
              ],
              [
                19.76688710800005,
                49.22485935800006
              ],
              [
                19.759073881000063,
                49.21523572600006
              ],
              [
                19.76354792500007,
                49.20741598500007
              ],
              [
                19.795071096000072,
                49.19871144600006
              ],
              [
                19.802334104000067,
                49.202358203000074
              ],
              [
                19.807945821000033,
                49.20517584700008
              ],
              [
                19.819149166000045,
                49.200407495000036
              ],
              [
                19.829020894000053,
                49.20122788500004
              ],
              [
                19.837793946000033,
                49.19626513400004
              ],
              [
                19.841817629000047,
                49.19398901300008
              ],
              [
                19.86841847000005,
                49.19660175200005
              ],
              [
                19.883929511000076,
                49.204177068000035
              ],
              [
                19.900456786000063,
                49.19904486100006
              ],
              [
                19.898825903000045,
                49.187579854000035
              ],
              [
                19.89844752700003,
                49.18491989800003
              ],
              [
                19.902498037000043,
                49.18202381400005
              ],
              [
                19.90392095900006,
                49.18190306100007
              ],
              [
                19.914311241000064,
                49.18102131200004
              ],
              [
                19.920650305000038,
                49.171328878000054
              ],
              [
                19.922862347000034,
                49.16002256400003
              ],
              [
                19.919981955000026,
                49.15215379600005
              ],
              [
                19.91097942300007,
                49.14680385200006
              ],
              [
                19.90525046500005,
                49.143399299000066
              ],
              [
                19.894889727000077,
                49.13128554700006
              ],
              [
                19.913320172000056,
                49.12115580900007
              ],
              [
                19.919199483000057,
                49.13255808100007
              ],
              [
                19.921827970000038,
                49.134663044000035
              ],
              [
                19.929795735000027,
                49.14104384400008
              ],
              [
                19.956228803000045,
                49.144626609000056
              ],
              [
                19.956414408000057,
                49.14465176600004
              ],
              [
                19.95655970000007,
                49.14472244700005
              ],
              [
                19.977872624000042,
                49.15509068400007
              ],
              [
                19.987175036000053,
                49.15597420200004
              ],
              [
                19.979257528000062,
                49.14243795600004
              ],
              [
                19.963955630000044,
                49.137380345000054
              ],
              [
                19.963543807000065,
                49.13724422900003
              ],
              [
                19.95142383700005,
                49.12775480500005
              ],
              [
                19.94936728400006,
                49.11994744900005
              ],
              [
                19.95242324800006,
                49.11006137500004
              ],
              [
                19.964562130000047,
                49.11478573200003
              ],
              [
                19.969020254000043,
                49.11652079800007
              ],
              [
                19.97224234300006,
                49.113145185000064
              ],
              [
                19.976814845000035,
                49.10835481600003
              ],
              [
                19.99001761100004,
                49.10884766200007
              ],
              [
                19.99789875700003,
                49.10495838400004
              ],
              [
                20.004590672000063,
                49.10623535700006
              ],
              [
                20.027644647000045,
                49.11063459300004
              ],
              [
                20.037829827000053,
                49.10851378000007
              ],
              [
                20.030068981000056,
                49.08884514700003
              ],
              [
                20.02953855900006,
                49.077536019000036
              ],
              [
                20.024546558000054,
                49.073475460000054
              ],
              [
                20.020198811000057,
                49.069938946000036
              ],
              [
                20.022624360000066,
                49.06526540700003
              ],
              [
                20.026839195000036,
                49.057144281000035
              ],
              [
                20.021539447000066,
                49.045153722000066
              ],
              [
                20.01657809900007,
                49.03944073400004
              ],
              [
                20.013520825000057,
                49.03592028600008
              ],
              [
                20.014133076000064,
                49.028997599000036
              ],
              [
                20.01528479800004,
                49.01597513400003
              ],
              [
                19.994546026000023,
                49.013983033000045
              ],
              [
                19.983385906000024,
                49.01291102700003
              ],
              [
                19.96915649500005,
                49.01651854800008
              ],
              [
                19.96518973700006,
                49.006679879000046
              ],
              [
                19.982466980000027,
                48.99892972200007
              ],
              [
                19.98928584500004,
                48.99587094200007
              ],
              [
                20.009236997000073,
                48.97357920400003
              ],
              [
                20.02293642500007,
                48.96617539700003
              ],
              [
                20.02144514300005,
                48.95437931400005
              ],
              [
                20.020896852000078,
                48.95004231900003
              ],
              [
                20.03383404300007,
                48.93411247800003
              ],
              [
                20.03952487400005,
                48.933714939000026
              ],
              [
                20.059266180000066,
                48.93233588900006
              ],
              [
                20.054128470000023,
                48.92554688400003
              ],
              [
                20.03651953600007,
                48.91514465500006
              ],
              [
                20.024416174000066,
                48.911106217000054
              ],
              [
                19.992254608000053,
                48.907499949000055
              ],
              [
                19.976559343000076,
                48.91540413000007
              ],
              [
                19.97152747900003,
                48.91335656500007
              ],
              [
                19.95771300900003,
                48.907735184000046
              ],
              [
                19.93327021300007,
                48.90673934100005
              ],
              [
                19.916945509000072,
                48.90836854500003
              ],
              [
                19.89951291500006,
                48.90898722000003
              ],
              [
                19.88133491800005,
                48.90963234800006
              ],
              [
                19.876165556000046,
                48.90757066300006
              ],
              [
                19.872887646000038,
                48.906263342000045
              ],
              [
                19.868713998000032,
                48.90711855400008
              ],
              [
                19.862804399000026,
                48.90832947600006
              ],
              [
                19.84589443300007,
                48.90573402100006
              ],
              [
                19.838552020000066,
                48.90460705800007
              ],
              [
                19.82328248600004,
                48.908784826000044
              ],
              [
                19.820944018000034,
                48.91129138800005
              ],
              [
                19.816986150000048,
                48.91553375500007
              ],
              [
                19.797851980000075,
                48.91239487800004
              ],
              [
                19.777002346000074,
                48.906101498000055
              ],
              [
                19.760945975000027,
                48.90436731300008
              ],
              [
                19.753038150000066,
                48.90072866600008
              ],
              [
                19.744494279000037,
                48.89679735300007
              ],
              [
                19.737589754000055,
                48.900437529000044
              ],
              [
                19.735636790000058,
                48.903886355000054
              ],
              [
                19.733889199000032,
                48.90697250200003
              ],
              [
                19.72745156700006,
                48.90778492600003
              ],
              [
                19.72402871500003,
                48.90821688700004
              ],
              [
                19.712851147000038,
                48.91263265300006
              ],
              [
                19.70629464600006,
                48.91786183700003
              ],
              [
                19.702295976000073,
                48.92105100400005
              ],
              [
                19.69013619900005,
                48.923698124000055
              ],
              [
                19.678907732000027,
                48.92108717800005
              ],
              [
                19.670377495000025,
                48.91910365000007
              ],
              [
                19.652036889000044,
                48.92592501200005
              ],
              [
                19.649946328000055,
                48.92893427200005
              ],
              [
                19.64710046500005,
                48.933030752000036
              ],
              [
                19.640261095000028,
                48.93639612700008
              ],
              [
                19.62988322600006,
                48.939498032000074
              ],
              [
                19.593806038000025,
                48.94298417400006
              ],
              [
                19.590207261000046,
                48.94333192400006
              ],
              [
                19.58342103800004,
                48.94224411600004
              ],
              [
                19.572771233000026,
                48.940536988000076
              ],
              [
                19.547494543000028,
                48.94198711800004
              ],
              [
                19.543162505000055,
                48.94499688500008
              ],
              [
                19.539924045000078,
                48.94724686700005
              ],
              [
                19.533269285000074,
                48.94478238100004
              ],
              [
                19.517286915000057,
                48.93886356000007
              ],
              [
                19.50729711100007,
                48.94089358000008
              ],
              [
                19.50575208400005,
                48.941118764000066
              ],
              [
                19.491008366000074,
                48.94326762900005
              ],
              [
                19.470379166000043,
                48.93640924400006
              ],
              [
                19.445448273000068,
                48.92812071800006
              ],
              [
                19.39615734700004,
                48.92652741400008
              ],
              [
                19.384606613000074,
                48.926154043000054
              ],
              [
                19.370326144000046,
                48.914213268000026
              ],
              [
                19.35043091400007,
                48.89757764800004
              ],
              [
                19.345384250000052,
                48.896871531000045
              ],
              [
                19.341079422000064,
                48.89626921000007
              ],
              [
                19.335519016000035,
                48.89549121200008
              ],
              [
                19.32182347500003,
                48.88417385000008
              ],
              [
                19.31926627400003,
                48.87871208100006
              ],
              [
                19.31840081100006,
                48.876863591000074
              ],
              [
                19.312575251000055,
                48.866493055000035
              ],
              [
                19.295628832000034,
                48.85968059000004
              ],
              [
                19.292338235000045,
                48.85998940600007
              ],
              [
                19.28402105400005,
                48.86076995600007
              ],
              [
                19.275118430000077,
                48.859436376000076
              ],
              [
                19.25293917600004,
                48.85611400700003
              ],
              [
                19.265732179000054,
                48.86563228600005
              ],
              [
                19.266110518000062,
                48.86591377900004
              ],
              [
                19.26429316800005,
                48.88315461700006
              ],
              [
                19.256547278000028,
                48.88487661000005
              ],
              [
                19.25580349200004,
                48.88504196100007
              ],
              [
                19.255557667000062,
                48.88546396400005
              ],
              [
                19.251904249000063,
                48.891735718000064
              ],
              [
                19.24554665000005,
                48.89459705200005
              ],
              [
                19.233778292000068,
                48.893909628000074
              ],
              [
                19.231627537000065,
                48.891384248000065
              ],
              [
                19.22990453400007,
                48.889361128000075
              ],
              [
                19.224051963000022,
                48.89055166800006
              ],
              [
                19.222731031000023,
                48.89082037400004
              ],
              [
                19.213237555000035,
                48.89113421500008
              ],
              [
                19.20431407700005,
                48.88838240900003
              ],
              [
                19.19501609100007,
                48.88551511400004
              ],
              [
                19.182302898000046,
                48.88097546300003
              ],
              [
                19.16697027300006,
                48.88403229900007
              ],
              [
                19.15487312600004,
                48.87833526700007
              ],
              [
                19.143043901000055,
                48.881648616000064
              ],
              [
                19.14217828900007,
                48.88189107300008
              ],
              [
                19.127329777000057,
                48.880125160000034
              ],
              [
                19.10477350800005,
                48.87744257500003
              ],
              [
                19.08104082600005,
                48.87462008000006
              ],
              [
                19.07944609200007,
                48.87611604600005
              ],
              [
                19.07875388900004,
                48.87676537800007
              ],
              [
                19.07356988300006,
                48.87697667000003
              ],
              [
                19.060202180000033,
                48.87752151600006
              ],
              [
                19.055417782000063,
                48.87963520800008
              ],
              [
                19.04741591100003,
                48.883170343000074
              ],
              [
                19.02929282100007,
                48.878004032000035
              ],
              [
                19.024009996000075,
                48.87520002200006
              ],
              [
                19.024434235000058,
                48.871798160000026
              ],
              [
                19.02500735500007,
                48.86720246100003
              ],
              [
                19.017469755000036,
                48.856647407000025
              ],
              [
                19.008344856000065,
                48.850040189000026
              ],
              [
                19.00370700700006,
                48.849104855000064
              ],
              [
                18.99596291200004,
                48.847543072000065
              ],
              [
                18.99419765300007,
                48.84278915800007
              ],
              [
                18.997310563000042,
                48.838840505000064
              ],
              [
                19.00229691900006,
                48.83251543100005
              ],
              [
                19.003054861000066,
                48.82258973900008
              ],
              [
                19.00240454300007,
                48.82040991200006
              ],
              [
                19.001797859000078,
                48.81837634500005
              ],
              [
                18.99608648800006,
                48.81468793500005
              ],
              [
                18.99413516900006,
                48.81342777000003
              ],
              [
                18.991117605000056,
                48.806093985000075
              ],
              [
                18.99438789000004,
                48.80149030700005
              ],
              [
                19.002540641000053,
                48.797398257000054
              ],
              [
                19.01597424700003,
                48.790655627000035
              ],
              [
                19.011488560000032,
                48.76654600300003
              ],
              [
                19.003778915000055,
                48.756311468000035
              ],
              [
                18.998314539000035,
                48.748996040000065
              ],
              [
                18.995529660000045,
                48.74828110200008
              ],
              [
                18.985918681000044,
                48.74578959200005
              ],
              [
                18.967493498000067,
                48.74699349800005
              ],
              [
                18.943135193000046,
                48.74858507600004
              ],
              [
                18.92996248700007,
                48.74359661200003
              ],
              [
                18.923517366000056,
                48.74115586400006
              ],
              [
                18.914579140000058,
                48.74431328400004
              ],
              [
                18.908786767000038,
                48.75036537200003
              ],
              [
                18.89357650900007,
                48.75094735500005
              ],
              [
                18.890878013000076,
                48.75874230000005
              ],
              [
                18.883937724000077,
                48.76093969800007
              ],
              [
                18.883643452000058,
                48.76382554300005
              ],
              [
                18.88315076200007,
                48.76865721200005
              ],
              [
                18.87351140900006,
                48.76938840100007
              ],
              [
                18.855624488000046,
                48.76318035300005
              ],
              [
                18.84591748400004,
                48.75398246900005
              ],
              [
                18.84259695700007,
                48.750836099000026
              ],
              [
                18.82635076300005,
                48.744059105000076
              ],
              [
                18.823671982000064,
                48.75437979600008
              ],
              [
                18.81334173700003,
                48.760718816000065
              ],
              [
                18.808115,
                48.770648358000074
              ],
              [
                18.797742167000024,
                48.77768092500003
              ],
              [
                18.77642871100005,
                48.79213100800007
              ],
              [
                18.778525428000023,
                48.80026510700003
              ],
              [
                18.779342668000027,
                48.80343554600006
              ],
              [
                18.774382409000054,
                48.80513412600004
              ],
              [
                18.769638572000076,
                48.806758596000066
              ],
              [
                18.771010760000024,
                48.809096606000026
              ],
              [
                18.771893442000078,
                48.81060056700005
              ],
              [
                18.77796049500006,
                48.81275055200007
              ],
              [
                18.76228645200007,
                48.81591257900004
              ],
              [
                18.754072766000036,
                48.817569580000054
              ],
              [
                18.753319111000053,
                48.81813160000007
              ],
              [
                18.752660140000046,
                48.82040991200006
              ],
              [
                18.752450056000043,
                48.821136254000066
              ],
              [
                18.750650860000064,
                48.82735676000004
              ],
              [
                18.733924297000044,
                48.830974465000054
              ],
              [
                18.72914370500007,
                48.832008435000034
              ],
              [
                18.723053936000042,
                48.83674723200005
              ],
              [
                18.720221680000066,
                48.838951173000055
              ],
              [
                18.71635006200006,
                48.84030736300008
              ],
              [
                18.700127724000026,
                48.845989891000045
              ],
              [
                18.698076523000054,
                48.84770948500005
              ],
              [
                18.699992875000078,
                48.87203811000006
              ],
              [
                18.696420697000065,
                48.880301098000075
              ],
              [
                18.702571872000078,
                48.885663753000074
              ],
              [
                18.70412010700005,
                48.88890382900007
              ],
              [
                18.70742055000005,
                48.89581084300005
              ],
              [
                18.703894502000026,
                48.900982372000044
              ],
              [
                18.701829581000027,
                48.902748529000064
              ],
              [
                18.693814299000053,
                48.90960411800006
              ],
              [
                18.69660241100007,
                48.91702165800007
              ],
              [
                18.696847534000028,
                48.91767378900005
              ],
              [
                18.695938897000076,
                48.92212075800006
              ],
              [
                18.694915856000023,
                48.927127631000076
              ],
              [
                18.704651182000077,
                48.92881913400004
              ],
              [
                18.70845689600003,
                48.92948037300005
              ],
              [
                18.72027963900007,
                48.93749485600006
              ],
              [
                18.711504512000033,
                48.94797026300006
              ],
              [
                18.69423964200007,
                48.95875615500006
              ],
              [
                18.678281552000044,
                48.957566136000025
              ],
              [
                18.663343660000066,
                48.956452194000065
              ],
              [
                18.639923504000024,
                48.962983595000026
              ],
              [
                18.63329242700007,
                48.96483286700004
              ],
              [
                18.603884866000044,
                48.96342294500005
              ],
              [
                18.60065545200007,
                48.960661551000044
              ],
              [
                18.600836921000052,
                48.95908820400007
              ],
              [
                18.60114465600003,
                48.956420113000036
              ],
              [
                18.592289737000044,
                48.95835072600005
              ],
              [
                18.588601329000028,
                48.963423817000034
              ],
              [
                18.583110005000037,
                48.97097666500008
              ],
              [
                18.573572657000057,
                48.96983574800004
              ],
              [
                18.56122119400004,
                48.95632584500004
              ],
              [
                18.560821356000076,
                48.95415439700008
              ],
              [
                18.560067357000037,
                48.950059569000075
              ],
              [
                18.551498657000025,
                48.948642319000044
              ],
              [
                18.539231374000053,
                48.94661333000005
              ],
              [
                18.529311344000064,
                48.94061865500004
              ],
              [
                18.52341077400007,
                48.93705294000006
              ],
              [
                18.504240259000028,
                48.94013610500008
              ],
              [
                18.476428003000024,
                48.94070741100006
              ],
              [
                18.466063615000053,
                48.94850539500004
              ],
              [
                18.46496677400006,
                48.95636042600006
              ],
              [
                18.47926638900003,
                48.95989290600005
              ],
              [
                18.498171073000037,
                48.96456299100004
              ],
              [
                18.506189370000072,
                48.97152886300006
              ],
              [
                18.507346557000062,
                48.97454574400007
              ],
              [
                18.51029941200005,
                48.98224407500004
              ],
              [
                18.522493143000077,
                48.98746095400003
              ],
              [
                18.523223426000072,
                48.987773393000055
              ],
              [
                18.527064180000025,
                48.98941659400003
              ],
              [
                18.532006085000035,
                48.99206612300003
              ],
              [
                18.532323286000064,
                48.99186895200006
              ],
              [
                18.544862023000064,
                48.99323389700004
              ],
              [
                18.555262577000065,
                48.994366083000045
              ],
              [
                18.57065488300003,
                48.99912063900007
              ],
              [
                18.585567764000075,
                49.01260358700006
              ],
              [
                18.586492849000024,
                49.014481240000066
              ],
              [
                18.58934238300003,
                49.02026496500008
              ],
              [
                18.595866853000075,
                49.02269857700003
              ],
              [
                18.597995782000055,
                49.02349266200008
              ],
              [
                18.600378415000023,
                49.02844498300004
              ],
              [
                18.60149449000005,
                49.04107215700003
              ],
              [
                18.596957236000037,
                49.046425448000036
              ],
              [
                18.595991084000048,
                49.047565365000025
              ],
              [
                18.59704874600004,
                49.048416719000045
              ],
              [
                18.602392757000075,
                49.052718328000026
              ],
              [
                18.60018840600003,
                49.059407031000035
              ],
              [
                18.60180937100006,
                49.06459894900007
              ],
              [
                18.598104630000023,
                49.07232925300008
              ],
              [
                18.586451623000073,
                49.08218309400007
              ],
              [
                18.57472319900006,
                49.08717481600007
              ],
              [
                18.565421971000035,
                49.087392806000025
              ],
              [
                18.55700312700003,
                49.08759011500007
              ],
              [
                18.561180445000048,
                49.09429034000004
              ],
              [
                18.56654694200006,
                49.097220777000075
              ],
              [
                18.580746517000023,
                49.10497461800003
              ],
              [
                18.586054304000072,
                49.10851378000007
              ],
              [
                18.590399498000068,
                49.11405528000006
              ],
              [
                18.587574180000047,
                49.12006075800008
              ],
              [
                18.583518527000024,
                49.12139605700003
              ],
              [
                18.574691303000066,
                49.12430236800003
              ],
              [
                18.576959179000028,
                49.13242309100008
              ],
              [
                18.577269613000055,
                49.13353468200006
              ],
              [
                18.574406569000075,
                49.14240172900003
              ],
              [
                18.568404805000057,
                49.14365044300007
              ],
              [
                18.553365204000045,
                49.14677954800004
              ],
              [
                18.554742601000044,
                49.153065810000044
              ],
              [
                18.555130226000074,
                49.15483488000007
              ],
              [
                18.53321188800004,
                49.16376010000005
              ],
              [
                18.532519859000047,
                49.163845765000076
              ],
              [
                18.519922776000044,
                49.16540513100006
              ],
              [
                18.508931064000024,
                49.17374569000003
              ],
              [
                18.508260805000077,
                49.174254285000075
              ],
              [
                18.50557391800004,
                49.17515464200005
              ],
              [
                18.48783414600007,
                49.18109911600004
              ],
              [
                18.486590540000066,
                49.18163746000005
              ],
              [
                18.482468663000077,
                49.18485163100007
              ],
              [
                18.480075493000072,
                49.18671778500004
              ],
              [
                18.475816028000054,
                49.18764366000005
              ],
              [
                18.468100965000076,
                49.189320673000054
              ],
              [
                18.462822177000078,
                49.19801451400008
              ],
              [
                18.46276156500005,
                49.20103490900004
              ],
              [
                18.46267584700007,
                49.20530633200008
              ],
              [
                18.459046733000037,
                49.206691609000075
              ],
              [
                18.44807970000005,
                49.21087786000004
              ],
              [
                18.446650301000034,
                49.21233693000005
              ],
              [
                18.449721734000036,
                49.21793486300004
              ],
              [
                18.442526903000044,
                49.22483566400007
              ],
              [
                18.442408056000033,
                49.22935384400006
              ],
              [
                18.436037886000065,
                49.24058277200004
              ],
              [
                18.42833906000004,
                49.24756569900006
              ],
              [
                18.429410241000028,
                49.251820104000046
              ],
              [
                18.430017228000054,
                49.25423087400003
              ],
              [
                18.425572663000025,
                49.26022591000003
              ],
              [
                18.418995813000038,
                49.26589271600005
              ],
              [
                18.39856578000007,
                49.28349583100004
              ],
              [
                18.39220273500007,
                49.29486224200008
              ],
              [
                18.391830002000063,
                49.29552806200007
              ],
              [
                18.391483236000056,
                49.29564018700006
              ],
              [
                18.383740339000042,
                49.29814382500007
              ],
              [
                18.376758554000048,
                49.30496084200007
              ],
              [
                18.374628854000036,
                49.313863680000054
              ],
              [
                18.373403890000077,
                49.31898442900007
              ],
              [
                18.35366456500003,
                49.31929617700007
              ],
              [
                18.335868514000026,
                49.31556596200005
              ],
              [
                18.32509153500007,
                49.31330700800004
              ],
              [
                18.322436011000036,
                49.31505901100007
              ],
              [
                18.329396211000073,
                49.318691099000034
              ],
              [
                18.367244752000033,
                49.32537685200003
              ],
              [
                18.37898717300004,
                49.331083085000046
              ],
              [
                18.393164674000047,
                49.34704097600007
              ],
              [
                18.40288507500003,
                49.35041588200005
              ],
              [
                18.399514535000037,
                49.35658020600005
              ],
              [
                18.407495296000036,
                49.360415612000054
              ],
              [
                18.414944856000034,
                49.36837600500007
              ],
              [
                18.40359555400005,
                49.396745484000064
              ],
              [
                18.41268049300004,
                49.39879109000003
              ],
              [
                18.42678988800003,
                49.395084620000034
              ],
              [
                18.43571176200004,
                49.39274088700006
              ],
              [
                18.450015031000078,
                49.39505554900006
              ],
              [
                18.453375107000056,
                49.399650973000064
              ],
              [
                18.45527702800007,
                49.402252143000055
              ],
              [
                18.46652927200006,
                49.40617340500006
              ],
              [
                18.475868381000055,
                49.40942796400003
              ],
              [
                18.477303241000072,
                49.414488402000075
              ],
              [
                18.478766501000052,
                49.419649
              ],
              [
                18.484214269000063,
                49.42502797900005
              ],
              [
                18.488020566000046,
                49.42639992100004
              ],
              [
                18.493231765000075,
                49.42827824700004
              ],
              [
                18.492145469000036,
                49.43098444900005
              ],
              [
                18.491270366000037,
                49.43316452400006
              ],
              [
                18.495838176000063,
                49.435825614000066
              ],
              [
                18.502669883000067,
                49.43993993700008
              ],
              [
                18.51460895300005,
                49.44713011600004
              ],
              [
                18.522982255000045,
                49.449214049000034
              ],
              [
                18.524781494000024,
                49.45450692700007
              ],
              [
                18.52532651100006,
                49.45611022200006
              ],
              [
                18.53638531400003,
                49.46215145100007
              ],
              [
                18.54717924700003,
                49.468047986000045
              ],
              [
                18.540804046000062,
                49.47705815900008
              ],
              [
                18.534914637000043,
                49.48538175400006
              ],
              [
                18.535966957000028,
                49.49006446900006
              ],
              [
                18.542194723000023,
                49.49469305200006
              ],
              [
                18.542732620000038,
                49.496722430000034
              ],
              [
                18.544420728000034,
                49.49829241400005
              ],
              [
                18.545682314000032,
                49.50026390700003
              ],
              [
                18.56837472500007,
                49.507612032000054
              ],
              [
                18.577087668000047,
                49.50706431100008
              ],
              [
                18.581810345000065,
                49.50676743000008
              ],
              [
                18.58721901800004,
                49.50798348600006
              ],
              [
                18.596961844000077,
                49.51017400900008
              ],
              [
                18.601683055000024,
                49.50598744000007
              ],
              [
                18.601729411000065,
                49.50570916400005
              ],
              [
                18.603062038000076,
                49.497709343000054
              ],
              [
                18.62148985500005,
                49.495778468000026
              ],
              [
                18.627772769000046,
                49.49743332000003
              ],
              [
                18.631250954000052,
                49.49834943700006
              ],
              [
                18.633138056000064,
                49.497994670000026
              ],
              [
                18.638923845000022,
                49.496906968000076
              ],
              [
                18.642615496000076,
                49.49970611700007
              ],
              [
                18.643933681000078,
                49.500705614000026
              ],
              [
                18.65997422500004,
                49.50306952900007
              ],
              [
                18.661641983000038,
                49.503141940000035
              ],
              [
                18.661886581000033,
                49.503152560000046
              ],
              [
                18.664375292000045,
                49.502335867000056
              ],
              [
                18.669396136000046,
                49.50454219300008
              ],
              [
                18.676427785000044,
                49.50763213400006
              ],
              [
                18.68262084400004,
                49.50624990600005
              ],
              [
                18.686102531000074,
                49.503655894000076
              ],
              [
                18.690396286000066,
                49.50045685500004
              ],
              [
                18.69867660700004,
                49.500872310000034
              ],
              [
                18.713029764000055,
                49.501592462000076
              ],
              [
                18.727646624000045,
                49.494459078000034
              ],
              [
                18.736402077000037,
                49.490186203000064
              ],
              [
                18.75486687600005,
                49.488500920000035
              ],
              [
                18.775273982000044,
                49.50073049700006
              ],
              [
                18.787620668000045,
                49.50812962300006
              ],
              [
                18.788799347000065,
                49.50865013200007
              ],
              [
                18.81930316100005,
                49.51628752400006
              ],
              [
                18.851551020000045,
                49.51718893800006
              ],
              [
                18.867020909000075,
                49.51932379700003
              ],
              [
                18.87815074200006,
                49.517585600000075
              ],
              [
                18.89658905500005,
                49.51470600500005
              ],
              [
                18.92252083300008,
                49.51824725900008
              ],
              [
                18.93081447800006,
                49.51937984300008
              ],
              [
                18.946590008000044,
                49.51737084000007
              ],
              [
                18.94954202200006,
                49.51325243900004
              ],
              [
                18.97190413800007,
                49.50267365700006
              ],
              [
                18.972482022000065,
                49.497225567000044
              ],
              [
                18.967019048000054,
                49.49260177100007
              ],
              [
                18.965866995000056,
                49.491626687000064
              ],
              [
                18.96174327500006,
                49.48321045200004
              ],
              [
                18.963336240000046,
                49.48139913400007
              ],
              [
                18.965937722000035,
                49.47925808400004
              ],
              [
                18.969047757000055,
                49.47669848800007
              ],
              [
                18.965519223000058,
                49.47251518100006
              ],
              [
                18.965309024000078,
                49.47149987900008
              ],
              [
                18.961920814000052,
                49.455134212000075
              ],
              [
                18.96784996100007,
                49.45301294300003
              ],
              [
                18.973568207000028,
                49.45096712700007
              ],
              [
                18.97956554800004,
                49.438520175000065
              ],
              [
                18.987979408000058,
                49.43068412300005
              ],
              [
                18.985396361000028,
                49.42240688100003
              ],
              [
                18.97942071400007,
                49.41838996900003
              ],
              [
                18.975972660000025,
                49.41668601400005
              ],
              [
                18.97040009600005,
                49.413932171000056
              ],
              [
                18.96917919200007,
                49.40999803100004
              ],
              [
                18.972459376000074,
                49.401554694000026
              ],
              [
                18.979868212000042,
                49.39521710200006
              ],
              [
                18.988147335000065,
                49.397124699000074
              ],
              [
                18.992607681000038,
                49.39815241000008
              ],
              [
                19.011292196000056,
                49.39643791200007
              ],
              [
                19.029820865000033,
                49.394737715000076
              ],
              [
                19.043942611000034,
                49.40059641800008
              ],
              [
                19.045430074000024,
                49.40256874600004
              ],
              [
                19.054399400000023,
                49.414461783000036
              ],
              [
                19.069020255000055,
                49.413252569000065
              ],
              [
                19.07274512300006,
                49.417974094000044
              ],
              [
                19.09041015500003,
                49.41569733100005
              ],
              [
                19.102086099000076,
                49.408014224000055
              ],
              [
                19.107857359000036,
                49.40421656800004
              ],
              [
                19.121507973000064,
                49.40267686100003
              ],
              [
                19.125592201000075,
                49.40445600100003
              ],
              [
                19.127329777000057,
                49.405212911000035
              ],
              [
                19.137127450000037,
                49.40948089900007
              ],
              [
                19.146444891000044,
                49.405521287000056
              ],
              [
                19.147118771000066,
                49.40523491000005
              ],
              [
                19.15462522000007,
                49.404429219000065
              ],
              [
                19.161149437000063,
                49.407191616000034
              ],
              [
                19.17592422200005,
                49.41344735900003
              ],
              [
                19.181566462000035,
                49.41190799000003
              ],
              [
                19.187587360000066,
                49.410265312000035
              ],
              [
                19.194137392000073,
                49.412614559000076
              ],
              [
                19.196201718000054,
                49.41467239600007
              ],
              [
                19.192116379000026,
                49.42041680700004
              ],
              [
                19.192333348000034,
                49.427354309000066
              ],
              [
                19.19116215500003,
                49.428785479000055
              ],
              [
                19.186426760000074,
                49.43457201700005
              ],
              [
                19.197838208000064,
                49.44718762300005
              ],
              [
                19.208204955000042,
                49.45130262500004
              ],
              [
                19.21297307100002,
                49.45036900200006
              ],
              [
                19.218164367000043,
                49.44935251700008
              ],
              [
                19.22524195400007,
                49.455062901000076
              ],
              [
                19.227575767000076,
                49.46504410600005
              ],
              [
                19.224729697000043,
                49.467795859000034
              ],
              [
                19.220557647000078,
                49.471829651000064
              ],
              [
                19.227672193000046,
                49.48428163400007
              ],
              [
                19.230397691000064,
                49.48739015400008
              ],
              [
                19.23051947700003,
                49.48752905500004
              ],
              [
                19.230476690000046,
                49.48766325400004
              ],
              [
                19.229097222000064,
                49.491989861000036
              ],
              [
                19.232797057000028,
                49.495684779000044
              ],
              [
                19.23613699300006,
                49.49902027700006
              ],
              [
                19.23543909800003,
                49.50481833600003
              ],
              [
                19.234704519000047,
                49.51092116500007
              ],
              [
                19.252004371000055,
                49.52212809000008
              ],
              [
                19.259047854000073,
                49.526690891000044
              ],
              [
                19.259495508000043,
                49.52791296000004
              ],
              [
                19.260707969000066,
                49.531222909000064
              ],
              [
                19.311634706000063,
                49.536813677000055
              ],
              [
                19.317053611000063,
                49.535236947000044
              ],
              [
                19.317450895000036,
                49.534295857000075
              ],
              [
                19.318806856000037,
                49.53108384700005
              ],
              [
                19.36517439100004,
                49.538015073000054
              ],
              [
                19.368085105000034,
                49.54507617200005
              ],
              [
                19.36744833700004,
                49.55123513700005
              ],
              [
                19.367274295000072,
                49.552918515000044
              ],
              [
                19.36928627700007,
                49.55495495100007
              ],
              [
                19.37280887000003,
                49.55852035700008
              ],
              [
                19.37293143100004,
                49.56233239000005
              ],
              [
                19.373118802000022,
                49.56816024300008
              ],
              [
                19.379700565000064,
                49.56984294800003
              ],
              [
                19.401228097000057,
                49.575346714000034
              ],
              [
                19.406746145000056,
                49.58049736700008
              ],
              [
                19.407716503000074,
                49.586660265000035
              ],
              [
                19.407957236000072,
                49.58818920200008
              ],
              [
                19.41160345800006,
                49.59230420700004
              ],
              [
                19.420287681000048,
                49.59420645100005
              ],
              [
                19.442105768000033,
                49.59898561600005
              ],
              [
                19.442920186000038,
                49.60779221900003
              ],
              [
                19.442949448000036,
                49.60810864300004
              ],
              [
                19.44680529900006,
                49.61290322200006
              ],
              [
                19.452233559000035,
                49.61197191600007
              ],
              [
                19.45555170800003,
                49.61140263300007
              ],
              [
                19.467386340000076,
                49.61376686800003
              ]
            ]
          ]
        ]
      }
    },
    {
      "type": "Feature",
      "properties": {
        "NUTS_ID": "SK032",
        "LEVL_CODE": 3,
        "CNTR_CODE": "SK",
        "NAME_LATN": "Banskobystrický kraj",
        "NUTS_NAME": "Banskobystrický kraj",
        "MOUNT_TYPE": 1,
        "URBN_TYPE": 3,
        "COAST_TYPE": null,
        "NAME_ENGL": "Slovakia",
        "NAME_FREN": "Slovaquie",
        "ISO3_CODE": "SVK",
        "SVRG_UN": "UN Member State",
        "CAPT": "Bratislava",
        "EU_STAT": "T",
        "EFTA_STAT": "F",
        "CC_STAT": "F",
        "NAME_GERM": "Slowakei",
        "region_id": "slovakia_banska_bystrica",
        "region_code": "SK032",
        "region_name": "Banskobystrický kraj",
        "source_dataset": "Eurostat GISCO NUTS 2024",
        "geometry_version": "NUTS 2024 / 1:1M / EPSG:4326",
        "source_url": "https://gisco-services.ec.europa.eu/distribution/v2/nuts/geojson/NUTS_RG_01M_2024_4326_LEVL_3.geojson",
        "attribution": "European Commission - Eurostat/GISCO"
      },
      "geometry": {
        "type": "MultiPolygon",
        "coordinates": [
          [
            [
              [
                19.547494543000028,
                48.94198711800004
              ],
              [
                19.572771233000026,
                48.940536988000076
              ],
              [
                19.58342103800004,
                48.94224411600004
              ],
              [
                19.590207261000046,
                48.94333192400006
              ],
              [
                19.593806038000025,
                48.94298417400006
              ],
              [
                19.62988322600006,
                48.939498032000074
              ],
              [
                19.640261095000028,
                48.93639612700008
              ],
              [
                19.64710046500005,
                48.933030752000036
              ],
              [
                19.649946328000055,
                48.92893427200005
              ],
              [
                19.652036889000044,
                48.92592501200005
              ],
              [
                19.670377495000025,
                48.91910365000007
              ],
              [
                19.678907732000027,
                48.92108717800005
              ],
              [
                19.69013619900005,
                48.923698124000055
              ],
              [
                19.702295976000073,
                48.92105100400005
              ],
              [
                19.70629464600006,
                48.91786183700003
              ],
              [
                19.712851147000038,
                48.91263265300006
              ],
              [
                19.72402871500003,
                48.90821688700004
              ],
              [
                19.72745156700006,
                48.90778492600003
              ],
              [
                19.733889199000032,
                48.90697250200003
              ],
              [
                19.735636790000058,
                48.903886355000054
              ],
              [
                19.737589754000055,
                48.900437529000044
              ],
              [
                19.744494279000037,
                48.89679735300007
              ],
              [
                19.753038150000066,
                48.90072866600008
              ],
              [
                19.760945975000027,
                48.90436731300008
              ],
              [
                19.777002346000074,
                48.906101498000055
              ],
              [
                19.797851980000075,
                48.91239487800004
              ],
              [
                19.816986150000048,
                48.91553375500007
              ],
              [
                19.820944018000034,
                48.91129138800005
              ],
              [
                19.82328248600004,
                48.908784826000044
              ],
              [
                19.838552020000066,
                48.90460705800007
              ],
              [
                19.84589443300007,
                48.90573402100006
              ],
              [
                19.862804399000026,
                48.90832947600006
              ],
              [
                19.868713998000032,
                48.90711855400008
              ],
              [
                19.872887646000038,
                48.906263342000045
              ],
              [
                19.876165556000046,
                48.90757066300006
              ],
              [
                19.88133491800005,
                48.90963234800006
              ],
              [
                19.89951291500006,
                48.90898722000003
              ],
              [
                19.916945509000072,
                48.90836854500003
              ],
              [
                19.93327021300007,
                48.90673934100005
              ],
              [
                19.95771300900003,
                48.907735184000046
              ],
              [
                19.97152747900003,
                48.91335656500007
              ],
              [
                19.976559343000076,
                48.91540413000007
              ],
              [
                19.992254608000053,
                48.907499949000055
              ],
              [
                19.99553892700004,
                48.904830383000046
              ],
              [
                20.058340635000036,
                48.89696305000007
              ],
              [
                20.090048009000043,
                48.89672101300005
              ],
              [
                20.092143442000065,
                48.89626921000007
              ],
              [
                20.095196739000073,
                48.89561087900006
              ],
              [
                20.105036711000025,
                48.89518402400006
              ],
              [
                20.112018386000045,
                48.89439893000008
              ],
              [
                20.119644839000046,
                48.893307133000064
              ],
              [
                20.129973763000066,
                48.89240149800003
              ],
              [
                20.136576863000073,
                48.891591075000065
              ],
              [
                20.158058788000062,
                48.88920143400003
              ],
              [
                20.16327044700006,
                48.89456934700007
              ],
              [
                20.16536045400005,
                48.89626921000007
              ],
              [
                20.16721302800005,
                48.897775962000026
              ],
              [
                20.169049330000064,
                48.90025548600005
              ],
              [
                20.17116659800007,
                48.90311439300007
              ],
              [
                20.175653569000076,
                48.90797298500007
              ],
              [
                20.18227441500005,
                48.90358338200008
              ],
              [
                20.187660504000064,
                48.90001242000005
              ],
              [
                20.20099734300004,
                48.89709662300004
              ],
              [
                20.20478192400003,
                48.89626921000007
              ],
              [
                20.216430029000037,
                48.89372261600005
              ],
              [
                20.235485054000037,
                48.88550296100004
              ],
              [
                20.24716707500005,
                48.88439914800006
              ],
              [
                20.267450690000032,
                48.87407314700005
              ],
              [
                20.247330222000073,
                48.868997396000054
              ],
              [
                20.242596251000066,
                48.852140690000056
              ],
              [
                20.24084655300004,
                48.84591037200005
              ],
              [
                20.230720854000026,
                48.83760996700005
              ],
              [
                20.22334130200005,
                48.835149426000044
              ],
              [
                20.219902481000076,
                48.83400283100008
              ],
              [
                20.200653206000027,
                48.82040991200006
              ],
              [
                20.198193364000076,
                48.81867288900003
              ],
              [
                20.19976834000005,
                48.80714022600006
              ],
              [
                20.196313590000045,
                48.801486441000065
              ],
              [
                20.199350623000043,
                48.796424743000046
              ],
              [
                20.19431165800006,
                48.79058784500006
              ],
              [
                20.201597021000055,
                48.78127016900004
              ],
              [
                20.207622241000024,
                48.77356416300006
              ],
              [
                20.193251971000052,
                48.76383578200006
              ],
              [
                20.182796883000037,
                48.756757900000025
              ],
              [
                20.18233558000003,
                48.73794283700005
              ],
              [
                20.183113218000074,
                48.72808993600006
              ],
              [
                20.189604897000038,
                48.72173529000003
              ],
              [
                20.210180292000075,
                48.721350234000056
              ],
              [
                20.21077976500004,
                48.72133901500007
              ],
              [
                20.235366647000035,
                48.70585796000006
              ],
              [
                20.23707197600004,
                48.70446887400004
              ],
              [
                20.237108195000076,
                48.704439371000035
              ],
              [
                20.237144812000054,
                48.704423150000025
              ],
              [
                20.263515600000062,
                48.69274141400007
              ],
              [
                20.27601758900005,
                48.682127930000036
              ],
              [
                20.275504804000036,
                48.68208320100007
              ],
              [
                20.276410342000077,
                48.67858730800003
              ],
              [
                20.277055811000025,
                48.67609543100008
              ],
              [
                20.286614219000057,
                48.66639845100008
              ],
              [
                20.290786836000052,
                48.66216534200004
              ],
              [
                20.301185863000057,
                48.657354414000054
              ],
              [
                20.297292323000022,
                48.650289274000045
              ],
              [
                20.294197990000043,
                48.64467435900008
              ],
              [
                20.296681930000034,
                48.63731498400006
              ],
              [
                20.298026922000076,
                48.62995946800004
              ],
              [
                20.302986889000067,
                48.62259945900007
              ],
              [
                20.29724387600004,
                48.61167085400007
              ],
              [
                20.316434293000043,
                48.60638654100006
              ],
              [
                20.320357251000075,
                48.606779188000075
              ],
              [
                20.33339038500003,
                48.60808366800006
              ],
              [
                20.342662182000026,
                48.60043525800006
              ],
              [
                20.35597847500003,
                48.59883891000004
              ],
              [
                20.348613054000054,
                48.58411568900004
              ],
              [
                20.350510603000032,
                48.57479311700007
              ],
              [
                20.34007019200004,
                48.56791447400008
              ],
              [
                20.34003434400006,
                48.567890856000076
              ],
              [
                20.33127316300005,
                48.55062314500003
              ],
              [
                20.331644828000037,
                48.54506127600007
              ],
              [
                20.332096740000054,
                48.53829854300005
              ],
              [
                20.32422721000006,
                48.53480749400006
              ],
              [
                20.317287798000052,
                48.52349122600003
              ],
              [
                20.31290447500004,
                48.52213353900004
              ],
              [
                20.304007329000058,
                48.51937774400005
              ],
              [
                20.29944583200006,
                48.50122035600003
              ],
              [
                20.30924464800006,
                48.49520146300006
              ],
              [
                20.30960045200004,
                48.49498291200007
              ],
              [
                20.309456730000022,
                48.494292417000054
              ],
              [
                20.30641402300006,
                48.47967414500005
              ],
              [
                20.319095342000026,
                48.47458406000004
              ],
              [
                20.32304577000008,
                48.47466384100005
              ],
              [
                20.33622461300007,
                48.47492999500008
              ],
              [
                20.339103387000023,
                48.47359662700006
              ],
              [
                20.341592597000044,
                48.47278009900003
              ],
              [
                20.33911821600003,
                48.46776146500008
              ],
              [
                20.336640978000048,
                48.46273703900005
              ],
              [
                20.352086305000057,
                48.46232252100003
              ],
              [
                20.368655730000057,
                48.46187783400006
              ],
              [
                20.380673134000062,
                48.467613576000076
              ],
              [
                20.389338931000054,
                48.46397316800005
              ],
              [
                20.392228355000043,
                48.460151249000035
              ],
              [
                20.39309987200005,
                48.45899847100003
              ],
              [
                20.400969220000036,
                48.45725851100008
              ],
              [
                20.413144867000028,
                48.46177706000003
              ],
              [
                20.41351400600007,
                48.462233688000026
              ],
              [
                20.420297142000038,
                48.47062448300005
              ],
              [
                20.42733938200007,
                48.467720394000025
              ],
              [
                20.437295711000047,
                48.46822228800005
              ],
              [
                20.45569097500004,
                48.47350490900004
              ],
              [
                20.463011520000066,
                48.469240427000045
              ],
              [
                20.463936983000053,
                48.46396699100006
              ],
              [
                20.469024217000026,
                48.45929553800005
              ],
              [
                20.469899301000055,
                48.452440154000044
              ],
              [
                20.463195308000024,
                48.45074677400004
              ],
              [
                20.450640892000024,
                48.447575621000055
              ],
              [
                20.43424026100007,
                48.430569811000055
              ],
              [
                20.41780673200003,
                48.42005741500003
              ],
              [
                20.41502562900007,
                48.41246825200005
              ],
              [
                20.417366325000046,
                48.40840226700004
              ],
              [
                20.419642235000026,
                48.404448821000074
              ],
              [
                20.416502145000038,
                48.39381460000004
              ],
              [
                20.412947521000035,
                48.39012242600006
              ],
              [
                20.407984690000035,
                48.38496755300008
              ],
              [
                20.40581761900006,
                48.38378009100006
              ],
              [
                20.403896299000053,
                48.38191599600003
              ],
              [
                20.409049743000026,
                48.37399798400003
              ],
              [
                20.411823388000073,
                48.36973641600008
              ],
              [
                20.396316872000057,
                48.355765845000064
              ],
              [
                20.390830356000038,
                48.353714436000075
              ],
              [
                20.38406549700005,
                48.35118505400004
              ],
              [
                20.384774589000074,
                48.34912902700006
              ],
              [
                20.385444032000066,
                48.34718796300007
              ],
              [
                20.379836237000063,
                48.34057744800003
              ],
              [
                20.378213818000063,
                48.33946379900004
              ],
              [
                20.36761793000005,
                48.33219064600007
              ],
              [
                20.37163429800006,
                48.32905147500003
              ],
              [
                20.374267478000036,
                48.326993396000034
              ],
              [
                20.356383622000067,
                48.309553478000055
              ],
              [
                20.345268660000045,
                48.30393390300003
              ],
              [
                20.336430415000052,
                48.29946540600008
              ],
              [
                20.332306956000025,
                48.292020713000056
              ],
              [
                20.33235475500004,
                48.29196140800008
              ],
              [
                20.33484066400007,
                48.28887711900006
              ],
              [
                20.330295657000022,
                48.28830068700006
              ],
              [
                20.328022805000046,
                48.28801242700007
              ],
              [
                20.327001950000067,
                48.28244504500003
              ],
              [
                20.325426650000054,
                48.27385391800004
              ],
              [
                20.317383767000024,
                48.27321309100006
              ],
              [
                20.30876851100004,
                48.27252666000004
              ],
              [
                20.30691679000006,
                48.270128913000065
              ],
              [
                20.307392126000025,
                48.26959514100008
              ],
              [
                20.310953935000043,
                48.26559546000004
              ],
              [
                20.286442650000026,
                48.261971978000076
              ],
              [
                20.27651034300004,
                48.266912355000045
              ],
              [
                20.260605362000035,
                48.274823569000034
              ],
              [
                20.24028978700005,
                48.28022095600005
              ],
              [
                20.227972434000037,
                48.277236120000055
              ],
              [
                20.231296522000036,
                48.27438157200004
              ],
              [
                20.233386633000066,
                48.272586697000065
              ],
              [
                20.23313393500007,
                48.26939945400005
              ],
              [
                20.22741967500008,
                48.26319045300005
              ],
              [
                20.215112073000057,
                48.25946637900006
              ],
              [
                20.212144527000078,
                48.25986831100005
              ],
              [
                20.204310744000054,
                48.26092933900003
              ],
              [
                20.20544807600004,
                48.254793783000025
              ],
              [
                20.206154386000037,
                48.25098345600003
              ],
              [
                20.188588710000033,
                48.24803976700008
              ],
              [
                20.17260473600004,
                48.25071374800007
              ],
              [
                20.154096027000037,
                48.25074291100003
              ],
              [
                20.14931299500006,
                48.25285411700003
              ],
              [
                20.143439672000056,
                48.25544657200004
              ],
              [
                20.133847563000074,
                48.253004978000035
              ],
              [
                20.133149693000064,
                48.24753713900003
              ],
              [
                20.13611361200003,
                48.24462664300006
              ],
              [
                20.13892227200006,
                48.24186860800006
              ],
              [
                20.13325558500003,
                48.22787883400008
              ],
              [
                20.130440617000033,
                48.22277236000008
              ],
              [
                20.118973206000078,
                48.21805066500008
              ],
              [
                20.112787221000076,
                48.21550359200006
              ],
              [
                20.108600618000025,
                48.212215161000074
              ],
              [
                20.10077648500004,
                48.20606957800004
              ],
              [
                20.095437369000024,
                48.20401716100008
              ],
              [
                20.08988087000006,
                48.197176056000046
              ],
              [
                20.07970550700003,
                48.19595909000003
              ],
              [
                20.076382324000065,
                48.19556164000005
              ],
              [
                20.068506573000036,
                48.18881338400007
              ],
              [
                20.07358120300006,
                48.18528736800005
              ],
              [
                20.077191927000058,
                48.182778522000035
              ],
              [
                20.06991118600007,
                48.18035527200004
              ],
              [
                20.061195844000054,
                48.17745454300007
              ],
              [
                20.05187878600003,
                48.16770414700005
              ],
              [
                20.04750468800006,
                48.16735638700004
              ],
              [
                20.044524135000074,
                48.17035780600003
              ],
              [
                20.041932874000054,
                48.172967208000046
              ],
              [
                20.028616449000026,
                48.177323097000055
              ],
              [
                20.00361267900007,
                48.17235545300008
              ],
              [
                19.997193853000056,
                48.16994691100007
              ],
              [
                19.992685126000026,
                48.16825509700004
              ],
              [
                19.987570090000077,
                48.16268814100005
              ],
              [
                19.979105591000064,
                48.16482111900007
              ],
              [
                19.974389131000066,
                48.16600962500007
              ],
              [
                19.969235966000042,
                48.159607823000044
              ],
              [
                19.963818588000038,
                48.15287778900006
              ],
              [
                19.959844262000047,
                48.15232682300007
              ],
              [
                19.952890724000042,
                48.15136284400006
              ],
              [
                19.938704510000036,
                48.13741189600006
              ],
              [
                19.93806180200005,
                48.13543977900008
              ],
              [
                19.936925615000064,
                48.131953450000026
              ],
              [
                19.921095381000043,
                48.13031451400008
              ],
              [
                19.91008927400003,
                48.129175029000066
              ],
              [
                19.90698843000007,
                48.127914840000074
              ],
              [
                19.899318764000043,
                48.12479787400008
              ],
              [
                19.898702940000078,
                48.12915502300007
              ],
              [
                19.90288941600005,
                48.13617406900005
              ],
              [
                19.90744662000003,
                48.14040541300005
              ],
              [
                19.911413209000045,
                48.144088374000034
              ],
              [
                19.913256217000026,
                48.14705639300007
              ],
              [
                19.906697718000032,
                48.15164054100006
              ],
              [
                19.905571275000057,
                48.15242788300003
              ],
              [
                19.904729544000077,
                48.154139376000046
              ],
              [
                19.898740412000052,
                48.16631708800003
              ],
              [
                19.893823975000032,
                48.16528714300006
              ],
              [
                19.89105053000003,
                48.16470613300004
              ],
              [
                19.889069250000034,
                48.16409151900007
              ],
              [
                19.88291257800006,
                48.16476704200005
              ],
              [
                19.879877012000065,
                48.16836785700008
              ],
              [
                19.878721641000027,
                48.169738367000036
              ],
              [
                19.873040743000047,
                48.16987790500008
              ],
              [
                19.858708598000078,
                48.17022994000007
              ],
              [
                19.85684137800007,
                48.17345614700008
              ],
              [
                19.85435160800006,
                48.177758005000044
              ],
              [
                19.844906921000074,
                48.16794471800006
              ],
              [
                19.845019927000067,
                48.16635663300008
              ],
              [
                19.845276830000046,
                48.162746336000055
              ],
              [
                19.834071166000058,
                48.162666116000025
              ],
              [
                19.831196540000064,
                48.16493980700005
              ],
              [
                19.82810038200006,
                48.167388720000076
              ],
              [
                19.82062293000007,
                48.168691599000056
              ],
              [
                19.80882406300003,
                48.16177714100007
              ],
              [
                19.80859586100007,
                48.16132916300006
              ],
              [
                19.805016971000043,
                48.154303524000056
              ],
              [
                19.795716390000052,
                48.153857851000055
              ],
              [
                19.789672147000033,
                48.15825614400006
              ],
              [
                19.782469969000033,
                48.16516733900005
              ],
              [
                19.788378831000045,
                48.16816080000007
              ],
              [
                19.78839214000004,
                48.16816754200005
              ],
              [
                19.78839609700003,
                48.168180085000074
              ],
              [
                19.79026126100007,
                48.174092528000074
              ],
              [
                19.798786094000036,
                48.17978561700005
              ],
              [
                19.804401304000066,
                48.183535590000076
              ],
              [
                19.801275143000055,
                48.19300506900004
              ],
              [
                19.79568615100004,
                48.193085610000026
              ],
              [
                19.788060270000074,
                48.19319550400007
              ],
              [
                19.78238373000005,
                48.19945373100006
              ],
              [
                19.78117921000006,
                48.20078168100008
              ],
              [
                19.773528772000077,
                48.20369276800005
              ],
              [
                19.76583853300008,
                48.20661899900006
              ],
              [
                19.764932070000043,
                48.20780817200006
              ],
              [
                19.760758526000075,
                48.21328336900007
              ],
              [
                19.751522402000035,
                48.21500092900004
              ],
              [
                19.735202193000077,
                48.215361345000076
              ],
              [
                19.72435972900007,
                48.20467122300005
              ],
              [
                19.721119975000022,
                48.20147699000006
              ],
              [
                19.692274611000073,
                48.20460187900005
              ],
              [
                19.686087237000038,
                48.20952714600003
              ],
              [
                19.68052347200006,
                48.21256214400006
              ],
              [
                19.674164099000052,
                48.22148604000006
              ],
              [
                19.673848539000062,
                48.22993887300004
              ],
              [
                19.67376304900006,
                48.23222885800004
              ],
              [
                19.670484723000072,
                48.23525851800008
              ],
              [
                19.66558346200003,
                48.24096904700008
              ],
              [
                19.65899913900006,
                48.24022437600007
              ],
              [
                19.646557305000044,
                48.23881723400007
              ],
              [
                19.637117141000033,
                48.24557396600005
              ],
              [
                19.63082217400006,
                48.25007954500006
              ],
              [
                19.60636458400006,
                48.236903848000054
              ],
              [
                19.593806038000025,
                48.22781286600008
              ],
              [
                19.58640828800003,
                48.22245772300005
              ],
              [
                19.57764826700003,
                48.21611644800004
              ],
              [
                19.575121275000072,
                48.21564615800003
              ],
              [
                19.571404871000027,
                48.21554583400007
              ],
              [
                19.568181783000057,
                48.21545882700008
              ],
              [
                19.562852848000034,
                48.213431108000066
              ],
              [
                19.56112907200003,
                48.21241313500008
              ],
              [
                19.55600652100003,
                48.20938802200004
              ],
              [
                19.54658139000003,
                48.20616620700008
              ],
              [
                19.544574543000067,
                48.207366292000074
              ],
              [
                19.54130000300006,
                48.20932445100004
              ],
              [
                19.52745217100005,
                48.203115971000045
              ],
              [
                19.527741116000072,
                48.19963157900003
              ],
              [
                19.528473201000054,
                48.190803352000046
              ],
              [
                19.520845809000036,
                48.18368744300005
              ],
              [
                19.514150920000077,
                48.18235656600007
              ],
              [
                19.512792452000042,
                48.18208651600003
              ],
              [
                19.50605630700005,
                48.173073843000054
              ],
              [
                19.510002215000043,
                48.163276120000035
              ],
              [
                19.512674584000024,
                48.156640605000064
              ],
              [
                19.510193365000077,
                48.15230815000007
              ],
              [
                19.50801761500003,
                48.14835585000003
              ],
              [
                19.500694426000052,
                48.14414910100004
              ],
              [
                19.49446997700005,
                48.14057351500003
              ],
              [
                19.49517103100004,
                48.134243885000046
              ],
              [
                19.496350439000025,
                48.12359533400007
              ],
              [
                19.491143914000077,
                48.11203571000004
              ],
              [
                19.49449146300003,
                48.110758926000074
              ],
              [
                19.48796911900007,
                48.10660306700004
              ],
              [
                19.48584579800007,
                48.10525014500007
              ],
              [
                19.485662352000077,
                48.10358174900006
              ],
              [
                19.485186059000057,
                48.09924998000008
              ],
              [
                19.473661177000054,
                48.094673010000065
              ],
              [
                19.470318422000048,
                48.093345474000046
              ],
              [
                19.469800736000025,
                48.091807318000065
              ],
              [
                19.467427155000053,
                48.08475490400008
              ],
              [
                19.461671245000048,
                48.08307390900006
              ],
              [
                19.452033162000077,
                48.092348859000026
              ],
              [
                19.45285242700004,
                48.09477775500005
              ],
              [
                19.45457402200003,
                48.09988181400007
              ],
              [
                19.442639075000045,
                48.10127308800003
              ],
              [
                19.43339245100003,
                48.09568738000007
              ],
              [
                19.423203357000034,
                48.08953234400008
              ],
              [
                19.413483089000067,
                48.088896506000026
              ],
              [
                19.41329396200007,
                48.08888413500006
              ],
              [
                19.410349418000067,
                48.08782764400007
              ],
              [
                19.400573638000026,
                48.08432013300006
              ],
              [
                19.39740650500005,
                48.08582310200006
              ],
              [
                19.384801517000028,
                48.09180482200003
              ],
              [
                19.370483560000025,
                48.086561946000074
              ],
              [
                19.370453439000073,
                48.08655091600008
              ],
              [
                19.370410169000024,
                48.086563960000035
              ],
              [
                19.35765222200007,
                48.09040976700004
              ],
              [
                19.35282972600004,
                48.08887012300005
              ],
              [
                19.351534677000075,
                48.08867462500007
              ],
              [
                19.327803773000028,
                48.09038304300003
              ],
              [
                19.325839475000066,
                48.090309984000044
              ],
              [
                19.30109171400005,
                48.08797746600004
              ],
              [
                19.285346309000033,
                48.08244663800008
              ],
              [
                19.27699572100005,
                48.07450139300005
              ],
              [
                19.261103026000058,
                48.07325658900004
              ],
              [
                19.25341674300006,
                48.06920323800006
              ],
              [
                19.248243623000064,
                48.06006473600007
              ],
              [
                19.24636004900003,
                48.05673733400005
              ],
              [
                19.238835429000062,
                48.05419764000004
              ],
              [
                19.232177297000078,
                48.056892309000034
              ],
              [
                19.224846659000036,
                48.05985915300005
              ],
              [
                19.222662607000075,
                48.06205786500004
              ],
              [
                19.21660739300006,
                48.06298946100003
              ],
              [
                19.197286794000036,
                48.062100900000075
              ],
              [
                19.18243541000004,
                48.06141788000008
              ],
              [
                19.163450468000065,
                48.065684350000026
              ],
              [
                19.155062368000074,
                48.06599642000003
              ],
              [
                19.149333788000035,
                48.067364163000036
              ],
              [
                19.145058206000044,
                48.06989778900004
              ],
              [
                19.14392984500006,
                48.07056643400006
              ],
              [
                19.138189216000058,
                48.07352795300005
              ],
              [
                19.129180475000055,
                48.07364365400008
              ],
              [
                19.127329777000057,
                48.07234940700005
              ],
              [
                19.12650031800007,
                48.07176934200004
              ],
              [
                19.120642243000077,
                48.06767261700003
              ],
              [
                19.107265265000024,
                48.06556428700003
              ],
              [
                19.097083846000032,
                48.06859202900006
              ],
              [
                19.092612141000075,
                48.07069422300003
              ],
              [
                19.08959457000003,
                48.07211281300005
              ],
              [
                19.08202821900005,
                48.071914449000076
              ],
              [
                19.075368619000074,
                48.06768104200006
              ],
              [
                19.071768717000054,
                48.06539263900004
              ],
              [
                19.057597032000047,
                48.05834560300008
              ],
              [
                19.049880898000026,
                48.06351571700003
              ],
              [
                19.046471634000056,
                48.065800058000036
              ],
              [
                19.044204329000024,
                48.06578594400003
              ],
              [
                19.032240469000044,
                48.065711469000064
              ],
              [
                19.014322598000035,
                48.07773653000004
              ],
              [
                19.013903371000026,
                48.092620157000056
              ],
              [
                19.02081101500005,
                48.095332547000055
              ],
              [
                19.025866062000034,
                48.097317487000055
              ],
              [
                19.02512243700005,
                48.09947529800007
              ],
              [
                19.02410199800005,
                48.10243635300003
              ],
              [
                19.03006245800003,
                48.10893113000003
              ],
              [
                19.039121212000055,
                48.112583322000035
              ],
              [
                19.050490065000076,
                48.11716687100005
              ],
              [
                19.06550477600007,
                48.13533307300003
              ],
              [
                19.060481867000078,
                48.150201931000026
              ],
              [
                19.055265964000057,
                48.15515053200005
              ],
              [
                19.049523648000047,
                48.16059856900006
              ],
              [
                19.055571130000033,
                48.16377681900008
              ],
              [
                19.058294200000034,
                48.16520792700004
              ],
              [
                19.058227355000042,
                48.17364303200003
              ],
              [
                19.058201035000025,
                48.17696431500008
              ],
              [
                19.059350275000043,
                48.17781397600004
              ],
              [
                19.068377935000058,
                48.18448834800006
              ],
              [
                19.065128626000046,
                48.18940652400005
              ],
              [
                19.072114929000065,
                48.19424498400008
              ],
              [
                19.070158522000042,
                48.19539950700005
              ],
              [
                19.054678870000032,
                48.20252955700005
              ],
              [
                19.050139957000056,
                48.20463262900006
              ],
              [
                19.044418913000072,
                48.200808865000056
              ],
              [
                19.032293424000045,
                48.192704572000025
              ],
              [
                19.02134714300007,
                48.19003134800005
              ],
              [
                19.01660329300006,
                48.19257674200003
              ],
              [
                18.967554969000048,
                48.18126890900004
              ],
              [
                18.96499636300007,
                48.181459106000034
              ],
              [
                18.958966559000032,
                48.181907340000066
              ],
              [
                18.949180091000073,
                48.17449079000005
              ],
              [
                18.94336032800004,
                48.17727536700005
              ],
              [
                18.93821908900003,
                48.17698655400005
              ],
              [
                18.929915850000043,
                48.16649232300006
              ],
              [
                18.930256954000072,
                48.16498012100004
              ],
              [
                18.93166123900005,
                48.15875455500003
              ],
              [
                18.89996044700007,
                48.159054154000046
              ],
              [
                18.894151969000063,
                48.16043314600006
              ],
              [
                18.889213393000034,
                48.16160561500004
              ],
              [
                18.887980319000064,
                48.16064115000006
              ],
              [
                18.886239844000045,
                48.15927981400006
              ],
              [
                18.87619425400004,
                48.15973844000007
              ],
              [
                18.87165261800004,
                48.16345767900003
              ],
              [
                18.86788998000003,
                48.16653898000004
              ],
              [
                18.86025151900003,
                48.16762337000006
              ],
              [
                18.857780055000035,
                48.16783757600007
              ],
              [
                18.854895621000026,
                48.16808757500007
              ],
              [
                18.853398554000023,
                48.16922092000004
              ],
              [
                18.847576159000027,
                48.17362872700005
              ],
              [
                18.82977706400004,
                48.17734908700004
              ],
              [
                18.824073455000075,
                48.17411842800004
              ],
              [
                18.823553486000037,
                48.17261505400006
              ],
              [
                18.82161686300003,
                48.167015744000025
              ],
              [
                18.808853872000043,
                48.16483305300005
              ],
              [
                18.802973765000047,
                48.17274965200005
              ],
              [
                18.798404583000035,
                48.18738742100004
              ],
              [
                18.80780167100005,
                48.195627408000064
              ],
              [
                18.811199731000045,
                48.19583767700004
              ],
              [
                18.81714293700003,
                48.19620543700006
              ],
              [
                18.82061350300006,
                48.20166260500008
              ],
              [
                18.824129252000034,
                48.201533580000046
              ],
              [
                18.830321586000025,
                48.207097212000065
              ],
              [
                18.823051966000037,
                48.21531142900005
              ],
              [
                18.81000048100003,
                48.23005879300007
              ],
              [
                18.816494214000045,
                48.23321375900008
              ],
              [
                18.820523863000062,
                48.23517155600007
              ],
              [
                18.814217823000035,
                48.23942819000007
              ],
              [
                18.80571089400007,
                48.24517044500004
              ],
              [
                18.80927140400007,
                48.24809806900004
              ],
              [
                18.815260942000066,
                48.25880682800005
              ],
              [
                18.826633945000026,
                48.26556254600007
              ],
              [
                18.832120454000062,
                48.26654978300007
              ],
              [
                18.84058531000005,
                48.26807294200006
              ],
              [
                18.843267404000073,
                48.27566201600007
              ],
              [
                18.841092729000025,
                48.28228865600005
              ],
              [
                18.84030731400003,
                48.28468196000006
              ],
              [
                18.84271771300007,
                48.28850141800007
              ],
              [
                18.84412003400007,
                48.29072350200005
              ],
              [
                18.844138410000028,
                48.29393313600008
              ],
              [
                18.844156807000047,
                48.297146446000056
              ],
              [
                18.845076034000044,
                48.29751793300005
              ],
              [
                18.847309773000063,
                48.29842065200006
              ],
              [
                18.852511444000072,
                48.30583766400008
              ],
              [
                18.84470301700003,
                48.320113175000074
              ],
              [
                18.839443842000037,
                48.32088778100007
              ],
              [
                18.833000636000065,
                48.32183677800003
              ],
              [
                18.828072312000074,
                48.32668959600005
              ],
              [
                18.824617716000034,
                48.33279738400006
              ],
              [
                18.824231351000037,
                48.344560612000066
              ],
              [
                18.82418369100003,
                48.34601164900005
              ],
              [
                18.823003179000068,
                48.34647182400005
              ],
              [
                18.820633158000078,
                48.34739568200007
              ],
              [
                18.81904215700007,
                48.35263574600003
              ],
              [
                18.81594089200007,
                48.36284995800003
              ],
              [
                18.809206477000032,
                48.370736418000035
              ],
              [
                18.801465176000022,
                48.37268581600006
              ],
              [
                18.78436431800003,
                48.37699211900008
              ],
              [
                18.783786965000047,
                48.37688397100004
              ],
              [
                18.777828483000064,
                48.38342123800004
              ],
              [
                18.776190978000045,
                48.390159555000025
              ],
              [
                18.769777841000064,
                48.39236332300004
              ],
              [
                18.76185186600003,
                48.40214814900003
              ],
              [
                18.756922065000026,
                48.40823411900004
              ],
              [
                18.75064760500004,
                48.411163944000066
              ],
              [
                18.74544643400003,
                48.41656343400007
              ],
              [
                18.731325896000044,
                48.41583683300007
              ],
              [
                18.720346490000054,
                48.40600589300004
              ],
              [
                18.71309302700007,
                48.39951115700006
              ],
              [
                18.709578124000075,
                48.39798845400003
              ],
              [
                18.69831675300003,
                48.393109878000075
              ],
              [
                18.69989498500007,
                48.39230863800003
              ],
              [
                18.70105588000007,
                48.38983589000003
              ],
              [
                18.701177057000052,
                48.38957778000008
              ],
              [
                18.699802329000022,
                48.388636715000075
              ],
              [
                18.689168409000047,
                48.38135730800008
              ],
              [
                18.68852240700005,
                48.37784609700003
              ],
              [
                18.687968888000057,
                48.374837555000056
              ],
              [
                18.684993349000024,
                48.37447012200005
              ],
              [
                18.679168963000052,
                48.37375090200004
              ],
              [
                18.679331965000074,
                48.36905432000003
              ],
              [
                18.67966865300002,
                48.35935335800008
              ],
              [
                18.652785581000046,
                48.345258597000054
              ],
              [
                18.651268402000028,
                48.35067620500007
              ],
              [
                18.65121292300006,
                48.35087431000005
              ],
              [
                18.63500453200004,
                48.35341960800008
              ],
              [
                18.628087677000053,
                48.34895131600007
              ],
              [
                18.62731804300006,
                48.34845413200003
              ],
              [
                18.605855876000078,
                48.34492585100003
              ],
              [
                18.581523447000052,
                48.345024110000054
              ],
              [
                18.58064963100003,
                48.345421429000055
              ],
              [
                18.575207225000042,
                48.34789605600008
              ],
              [
                18.56563607100003,
                48.34010452700005
              ],
              [
                18.559418433000076,
                48.33882789100005
              ],
              [
                18.558540137000023,
                48.333583016000034
              ],
              [
                18.55782965800006,
                48.32934028400007
              ],
              [
                18.545132627000044,
                48.32249745300004
              ],
              [
                18.53744804200005,
                48.309815994000076
              ],
              [
                18.534582182000065,
                48.321787363000055
              ],
              [
                18.538698599000043,
                48.32655501900007
              ],
              [
                18.52522124500007,
                48.33300445300006
              ],
              [
                18.530455824000057,
                48.335106772000074
              ],
              [
                18.53762066200005,
                48.33323549800008
              ],
              [
                18.539554896000027,
                48.335515445000055
              ],
              [
                18.53980610800005,
                48.335811557000056
              ],
              [
                18.539496645000042,
                48.336501629000054
              ],
              [
                18.537565440000037,
                48.340808035000066
              ],
              [
                18.543070525000076,
                48.34317544700008
              ],
              [
                18.547132868000062,
                48.344922421000035
              ],
              [
                18.54690809500005,
                48.34779828300003
              ],
              [
                18.546647239000038,
                48.35113581300004
              ],
              [
                18.55116646600004,
                48.352928027000075
              ],
              [
                18.56582459300006,
                48.35874107700005
              ],
              [
                18.569482141000037,
                48.36370646300003
              ],
              [
                18.56679525900006,
                48.36931004200005
              ],
              [
                18.575330821000023,
                48.37663678000007
              ],
              [
                18.569548454000028,
                48.393968665000045
              ],
              [
                18.56898043800004,
                48.395671218000075
              ],
              [
                18.56918750500006,
                48.39732902000003
              ],
              [
                18.569927990000053,
                48.40325743900007
              ],
              [
                18.563745071000028,
                48.41291698500004
              ],
              [
                18.559447585000044,
                48.417849028000035
              ],
              [
                18.553432514000065,
                48.41773403500008
              ],
              [
                18.53925901300005,
                48.41746307200003
              ],
              [
                18.53824356000007,
                48.42069586100007
              ],
              [
                18.543176772000038,
                48.43101672000006
              ],
              [
                18.54531631800006,
                48.43549290100003
              ],
              [
                18.53590359900005,
                48.44043654200004
              ],
              [
                18.535688006000044,
                48.44054977300004
              ],
              [
                18.535599052000066,
                48.44083097500004
              ],
              [
                18.532211148000044,
                48.45154082000005
              ],
              [
                18.527765877000036,
                48.45134381500003
              ],
              [
                18.520976502000053,
                48.45104292500008
              ],
              [
                18.531979548000038,
                48.46625406700008
              ],
              [
                18.533600356000022,
                48.46723480900005
              ],
              [
                18.54191296700003,
                48.47226472500006
              ],
              [
                18.54502405200003,
                48.477697773000045
              ],
              [
                18.53569242100002,
                48.47575540200006
              ],
              [
                18.53206278700003,
                48.47499989700003
              ],
              [
                18.534764169000027,
                48.48510781700003
              ],
              [
                18.538237284000047,
                48.498103377000064
              ],
              [
                18.533095299000024,
                48.50518415400006
              ],
              [
                18.510318136000024,
                48.50933282500006
              ],
              [
                18.497143892000054,
                48.50665188200003
              ],
              [
                18.496684513000048,
                48.505576363000046
              ],
              [
                18.494281018000038,
                48.49994918800007
              ],
              [
                18.482855349000033,
                48.49963027500007
              ],
              [
                18.48206816100003,
                48.50283918700006
              ],
              [
                18.486669308000046,
                48.508915812000055
              ],
              [
                18.489211402000024,
                48.51189950400004
              ],
              [
                18.49540636300003,
                48.51677638800004
              ],
              [
                18.50223180100005,
                48.52214960500004
              ],
              [
                18.51805327900007,
                48.528948109000055
              ],
              [
                18.502810273000023,
                48.526489971000046
              ],
              [
                18.489088129000038,
                48.54315764100005
              ],
              [
                18.478676909000058,
                48.54860407900003
              ],
              [
                18.48758133700005,
                48.550373653000065
              ],
              [
                18.49377090200005,
                48.56130149400008
              ],
              [
                18.49789287300007,
                48.568578943000034
              ],
              [
                18.499985198000047,
                48.56552045900003
              ],
              [
                18.50107521500007,
                48.563927112000044
              ],
              [
                18.507278556000074,
                48.562394039000026
              ],
              [
                18.51512402700007,
                48.56443651200004
              ],
              [
                18.515750746000037,
                48.56459967100005
              ],
              [
                18.51771317400005,
                48.56425112800008
              ],
              [
                18.530179412000052,
                48.56203702600004
              ],
              [
                18.54603981400004,
                48.56351240600003
              ],
              [
                18.553476579000062,
                48.56694992600006
              ],
              [
                18.56622606700006,
                48.567428868000036
              ],
              [
                18.566914750000024,
                48.57033240000004
              ],
              [
                18.56709275700007,
                48.57108289000007
              ],
              [
                18.577221327000075,
                48.576857199000074
              ],
              [
                18.59016351100007,
                48.575857847000066
              ],
              [
                18.597700017000022,
                48.57527590300003
              ],
              [
                18.60003689800004,
                48.57923946500006
              ],
              [
                18.600568802000055,
                48.580226424000045
              ],
              [
                18.600952704000065,
                48.58286869600005
              ],
              [
                18.60244270100003,
                48.59312385100003
              ],
              [
                18.609861887000022,
                48.599849928000026
              ],
              [
                18.620113695000043,
                48.60693621000007
              ],
              [
                18.63458368000005,
                48.62441761600007
              ],
              [
                18.64386627700003,
                48.63315298600003
              ],
              [
                18.645412544000067,
                48.63321206900008
              ],
              [
                18.645991395000067,
                48.633714431000044
              ],
              [
                18.656616238000026,
                48.639840235000065
              ],
              [
                18.666798437000068,
                48.63574543300007
              ],
              [
                18.669813540000064,
                48.63453290000007
              ],
              [
                18.684110030000056,
                48.633524057000045
              ],
              [
                18.698623112000064,
                48.63249993100004
              ],
              [
                18.702584985000044,
                48.63115340300004
              ],
              [
                18.71638150800004,
                48.62646435600004
              ],
              [
                18.719113978000053,
                48.63309439300008
              ],
              [
                18.717116932000067,
                48.64011403200004
              ],
              [
                18.71517533900004,
                48.64693875000006
              ],
              [
                18.72499300800007,
                48.65155322000004
              ],
              [
                18.734289937000028,
                48.655922933000056
              ],
              [
                18.746298678000073,
                48.668920910000054
              ],
              [
                18.750308097000072,
                48.68005323300008
              ],
              [
                18.754223385000046,
                48.69092419900005
              ],
              [
                18.764702972000066,
                48.69697963700003
              ],
              [
                18.772571210000024,
                48.695417097000075
              ],
              [
                18.78056807200005,
                48.69382901300003
              ],
              [
                18.795250316000022,
                48.700455600000055
              ],
              [
                18.80175632600003,
                48.70920849100003
              ],
              [
                18.81188197800003,
                48.72154809700004
              ],
              [
                18.82382259600007,
                48.734979622000026
              ],
              [
                18.82635076300005,
                48.744059105000076
              ],
              [
                18.84259695700007,
                48.750836099000026
              ],
              [
                18.84591748400004,
                48.75398246900005
              ],
              [
                18.855624488000046,
                48.76318035300005
              ],
              [
                18.87351140900006,
                48.76938840100007
              ],
              [
                18.88315076200007,
                48.76865721200005
              ],
              [
                18.883643452000058,
                48.76382554300005
              ],
              [
                18.883937724000077,
                48.76093969800007
              ],
              [
                18.890878013000076,
                48.75874230000005
              ],
              [
                18.89357650900007,
                48.75094735500005
              ],
              [
                18.908786767000038,
                48.75036537200003
              ],
              [
                18.914579140000058,
                48.74431328400004
              ],
              [
                18.923517366000056,
                48.74115586400006
              ],
              [
                18.92996248700007,
                48.74359661200003
              ],
              [
                18.943135193000046,
                48.74858507600004
              ],
              [
                18.967493498000067,
                48.74699349800005
              ],
              [
                18.985918681000044,
                48.74578959200005
              ],
              [
                18.995529660000045,
                48.74828110200008
              ],
              [
                18.998314539000035,
                48.748996040000065
              ],
              [
                19.003778915000055,
                48.756311468000035
              ],
              [
                19.011488560000032,
                48.76654600300003
              ],
              [
                19.01597424700003,
                48.790655627000035
              ],
              [
                19.002540641000053,
                48.797398257000054
              ],
              [
                18.99438789000004,
                48.80149030700005
              ],
              [
                18.991117605000056,
                48.806093985000075
              ],
              [
                18.99413516900006,
                48.81342777000003
              ],
              [
                18.99608648800006,
                48.81468793500005
              ],
              [
                19.001797859000078,
                48.81837634500005
              ],
              [
                19.00240454300007,
                48.82040991200006
              ],
              [
                19.003054861000066,
                48.82258973900008
              ],
              [
                19.00229691900006,
                48.83251543100005
              ],
              [
                18.997310563000042,
                48.838840505000064
              ],
              [
                18.99419765300007,
                48.84278915800007
              ],
              [
                18.99596291200004,
                48.847543072000065
              ],
              [
                19.00370700700006,
                48.849104855000064
              ],
              [
                19.008344856000065,
                48.850040189000026
              ],
              [
                19.017469755000036,
                48.856647407000025
              ],
              [
                19.02500735500007,
                48.86720246100003
              ],
              [
                19.024434235000058,
                48.871798160000026
              ],
              [
                19.024009996000075,
                48.87520002200006
              ],
              [
                19.02929282100007,
                48.878004032000035
              ],
              [
                19.04741591100003,
                48.883170343000074
              ],
              [
                19.055417782000063,
                48.87963520800008
              ],
              [
                19.060202180000033,
                48.87752151600006
              ],
              [
                19.07356988300006,
                48.87697667000003
              ],
              [
                19.07875388900004,
                48.87676537800007
              ],
              [
                19.07944609200007,
                48.87611604600005
              ],
              [
                19.08104082600005,
                48.87462008000006
              ],
              [
                19.10477350800005,
                48.87744257500003
              ],
              [
                19.127329777000057,
                48.880125160000034
              ],
              [
                19.14217828900007,
                48.88189107300008
              ],
              [
                19.143043901000055,
                48.881648616000064
              ],
              [
                19.15487312600004,
                48.87833526700007
              ],
              [
                19.16697027300006,
                48.88403229900007
              ],
              [
                19.182302898000046,
                48.88097546300003
              ],
              [
                19.19501609100007,
                48.88551511400004
              ],
              [
                19.20431407700005,
                48.88838240900003
              ],
              [
                19.213237555000035,
                48.89113421500008
              ],
              [
                19.222731031000023,
                48.89082037400004
              ],
              [
                19.224051963000022,
                48.89055166800006
              ],
              [
                19.22990453400007,
                48.889361128000075
              ],
              [
                19.231627537000065,
                48.891384248000065
              ],
              [
                19.233778292000068,
                48.893909628000074
              ],
              [
                19.24554665000005,
                48.89459705200005
              ],
              [
                19.251904249000063,
                48.891735718000064
              ],
              [
                19.255557667000062,
                48.88546396400005
              ],
              [
                19.25580349200004,
                48.88504196100007
              ],
              [
                19.256547278000028,
                48.88487661000005
              ],
              [
                19.26429316800005,
                48.88315461700006
              ],
              [
                19.266110518000062,
                48.86591377900004
              ],
              [
                19.265732179000054,
                48.86563228600005
              ],
              [
                19.25293917600004,
                48.85611400700003
              ],
              [
                19.275118430000077,
                48.859436376000076
              ],
              [
                19.28402105400005,
                48.86076995600007
              ],
              [
                19.292338235000045,
                48.85998940600007
              ],
              [
                19.295628832000034,
                48.85968059000004
              ],
              [
                19.312575251000055,
                48.866493055000035
              ],
              [
                19.31840081100006,
                48.876863591000074
              ],
              [
                19.31926627400003,
                48.87871208100006
              ],
              [
                19.32182347500003,
                48.88417385000008
              ],
              [
                19.335519016000035,
                48.89549121200008
              ],
              [
                19.341079422000064,
                48.89626921000007
              ],
              [
                19.345384250000052,
                48.896871531000045
              ],
              [
                19.35043091400007,
                48.89757764800004
              ],
              [
                19.370326144000046,
                48.914213268000026
              ],
              [
                19.384606613000074,
                48.926154043000054
              ],
              [
                19.39615734700004,
                48.92652741400008
              ],
              [
                19.445448273000068,
                48.92812071800006
              ],
              [
                19.470379166000043,
                48.93640924400006
              ],
              [
                19.491008366000074,
                48.94326762900005
              ],
              [
                19.50575208400005,
                48.941118764000066
              ],
              [
                19.50729711100007,
                48.94089358000008
              ],
              [
                19.517286915000057,
                48.93886356000007
              ],
              [
                19.533269285000074,
                48.94478238100004
              ],
              [
                19.539924045000078,
                48.94724686700005
              ],
              [
                19.543162505000055,
                48.94499688500008
              ],
              [
                19.547494543000028,
                48.94198711800004
              ]
            ]
          ]
        ]
      }
    },
    {
      "type": "Feature",
      "properties": {
        "NUTS_ID": "SK010",
        "LEVL_CODE": 3,
        "CNTR_CODE": "SK",
        "NAME_LATN": "Bratislavský kraj",
        "NUTS_NAME": "Bratislavský kraj",
        "MOUNT_TYPE": null,
        "URBN_TYPE": 1,
        "COAST_TYPE": null,
        "NAME_ENGL": "Slovakia",
        "NAME_FREN": "Slovaquie",
        "ISO3_CODE": "SVK",
        "SVRG_UN": "UN Member State",
        "CAPT": "Bratislava",
        "EU_STAT": "T",
        "EFTA_STAT": "F",
        "CC_STAT": "F",
        "NAME_GERM": "Slowakei",
        "region_id": "slovakia_bratislava",
        "region_code": "SK010",
        "region_name": "Bratislavský kraj",
        "source_dataset": "Eurostat GISCO NUTS 2024",
        "geometry_version": "NUTS 2024 / 1:1M / EPSG:4326",
        "source_url": "https://gisco-services.ec.europa.eu/distribution/v2/nuts/geojson/NUTS_RG_01M_2024_4326_LEVL_3.geojson",
        "attribution": "European Commission - Eurostat/GISCO"
      },
      "geometry": {
        "type": "MultiPolygon",
        "coordinates": [
          [
            [
              [
                17.321068280000077,
                48.56576262400006
              ],
              [
                17.316913980000038,
                48.56142345300003
              ],
              [
                17.305292,
                48.558165290000034
              ],
              [
                17.304008386000078,
                48.55780543600008
              ],
              [
                17.279697988000066,
                48.543501337000066
              ],
              [
                17.303027719000056,
                48.534240261000036
              ],
              [
                17.30909779600006,
                48.53183065600007
              ],
              [
                17.311397081000052,
                48.52789792400006
              ],
              [
                17.314389267000024,
                48.52278004400006
              ],
              [
                17.326256371000056,
                48.51541357000008
              ],
              [
                17.327946376000057,
                48.51535680000006
              ],
              [
                17.335871502000032,
                48.51509058100004
              ],
              [
                17.340103706000036,
                48.509539966000034
              ],
              [
                17.35505917200004,
                48.506586120000065
              ],
              [
                17.337650346000032,
                48.49746465000004
              ],
              [
                17.340699736000033,
                48.492087215000026
              ],
              [
                17.33455328900004,
                48.483441740000046
              ],
              [
                17.323232809000046,
                48.48172082900004
              ],
              [
                17.31544333900007,
                48.48053669400008
              ],
              [
                17.31438275900007,
                48.477821102000064
              ],
              [
                17.303138024000077,
                48.465611609000064
              ],
              [
                17.31432232700007,
                48.45597115100003
              ],
              [
                17.31504671500005,
                48.45576598900004
              ],
              [
                17.319098745000076,
                48.45166338900003
              ],
              [
                17.327013453000063,
                48.45172711600003
              ],
              [
                17.346495769000057,
                48.45188398300007
              ],
              [
                17.35544419300004,
                48.44455468600006
              ],
              [
                17.36225502800005,
                48.43897620300004
              ],
              [
                17.37856465400006,
                48.438721918000056
              ],
              [
                17.391289905000065,
                48.43852351800007
              ],
              [
                17.393895647000022,
                48.43294204700004
              ],
              [
                17.389537379000046,
                48.43102078700008
              ],
              [
                17.383999876000075,
                48.428579683000066
              ],
              [
                17.386810137000055,
                48.421879895000075
              ],
              [
                17.39904383000004,
                48.41855234900004
              ],
              [
                17.401621513000066,
                48.41785122300007
              ],
              [
                17.402456952000023,
                48.41407577800004
              ],
              [
                17.403551712000024,
                48.40912843400008
              ],
              [
                17.40702987000003,
                48.40807804600007
              ],
              [
                17.417235490000053,
                48.404995996000025
              ],
              [
                17.41232860100007,
                48.40112835600007
              ],
              [
                17.411226224000075,
                48.40025945600007
              ],
              [
                17.41296483900004,
                48.40029388000005
              ],
              [
                17.416262209000024,
                48.40035916700003
              ],
              [
                17.423322755000072,
                48.39137574800003
              ],
              [
                17.422370027000056,
                48.38795825700004
              ],
              [
                17.42192305900005,
                48.38635495600005
              ],
              [
                17.42519690200004,
                48.384250595000026
              ],
              [
                17.429681285000072,
                48.381368122000026
              ],
              [
                17.428774067000063,
                48.37955887000004
              ],
              [
                17.426444169000035,
                48.37491238900003
              ],
              [
                17.437144206000028,
                48.37071303100004
              ],
              [
                17.441222453000023,
                48.371735243000046
              ],
              [
                17.452166841000064,
                48.37447845200006
              ],
              [
                17.467287395000028,
                48.358914973000026
              ],
              [
                17.477536908000047,
                48.352578392000055
              ],
              [
                17.46195866100004,
                48.32648640700006
              ],
              [
                17.458853746000045,
                48.326324158000034
              ],
              [
                17.455976408000026,
                48.32617380200003
              ],
              [
                17.449279078000075,
                48.31961233900006
              ],
              [
                17.459014076000074,
                48.312756139000044
              ],
              [
                17.45971038700003,
                48.30581208400008
              ],
              [
                17.465890718000026,
                48.30941674400003
              ],
              [
                17.47663392000004,
                48.29752655100003
              ],
              [
                17.493316724000067,
                48.288807
              ],
              [
                17.493675577000033,
                48.288804328000026
              ],
              [
                17.501163421000058,
                48.28874856700003
              ],
              [
                17.50619479100004,
                48.28488353100005
              ],
              [
                17.50767563100004,
                48.283569105000026
              ],
              [
                17.51375581700006,
                48.27907686800006
              ],
              [
                17.501224601000047,
                48.26852696800006
              ],
              [
                17.48423462900007,
                48.25422328800005
              ],
              [
                17.47844189400007,
                48.243573111000046
              ],
              [
                17.474578803000043,
                48.23510391500008
              ],
              [
                17.48625314000003,
                48.23065191300003
              ],
              [
                17.487083709000046,
                48.23231302700003
              ],
              [
                17.48889867500003,
                48.23190049800007
              ],
              [
                17.49186485100006,
                48.23186789500005
              ],
              [
                17.495978365000042,
                48.23070108300004
              ],
              [
                17.49900185200005,
                48.22984346000004
              ],
              [
                17.51141244300004,
                48.226559947000055
              ],
              [
                17.51358051400007,
                48.22611543000005
              ],
              [
                17.52057018000005,
                48.22554846600008
              ],
              [
                17.50810542800002,
                48.21283790600006
              ],
              [
                17.50069895000007,
                48.20528536900008
              ],
              [
                17.507044413000074,
                48.20037441200003
              ],
              [
                17.512650996000048,
                48.20105139200007
              ],
              [
                17.521683062000022,
                48.202141991000076
              ],
              [
                17.529254348000052,
                48.19646112100003
              ],
              [
                17.52213480200004,
                48.193608211000026
              ],
              [
                17.522092740000062,
                48.19359135600007
              ],
              [
                17.52136878700003,
                48.191849614000034
              ],
              [
                17.514364735000072,
                48.17499871700005
              ],
              [
                17.50942615100007,
                48.17603294300005
              ],
              [
                17.507121253000037,
                48.17651562900005
              ],
              [
                17.504608748000066,
                48.173881977000065
              ],
              [
                17.50014264400005,
                48.16920052800003
              ],
              [
                17.495735583000055,
                48.16992011700006
              ],
              [
                17.484892312000056,
                48.17169061800007
              ],
              [
                17.47969598900005,
                48.165552923000064
              ],
              [
                17.480758782000066,
                48.16323299000004
              ],
              [
                17.48118837800007,
                48.16229524000005
              ],
              [
                17.47735231400003,
                48.16171200500003
              ],
              [
                17.47500767300005,
                48.16135552600008
              ],
              [
                17.474082816000077,
                48.160252177000075
              ],
              [
                17.46743173400006,
                48.15231747900003
              ],
              [
                17.463461683000048,
                48.15499602800003
              ],
              [
                17.446422092000034,
                48.14596607900006
              ],
              [
                17.435207348000063,
                48.14409603900003
              ],
              [
                17.423245790000067,
                48.15132461600007
              ],
              [
                17.42079949500004,
                48.15280295400004
              ],
              [
                17.412887875000024,
                48.15299901000003
              ],
              [
                17.400113780000027,
                48.153315561000056
              ],
              [
                17.398905257000024,
                48.15691190600006
              ],
              [
                17.404028077000078,
                48.16096168200005
              ],
              [
                17.408997077000038,
                48.16488985900003
              ],
              [
                17.40044923000005,
                48.17303888300006
              ],
              [
                17.396261496000022,
                48.16824743500007
              ],
              [
                17.389799238000023,
                48.168948605000026
              ],
              [
                17.381443709000052,
                48.16959673000008
              ],
              [
                17.378177762000064,
                48.16573747000007
              ],
              [
                17.37666445800005,
                48.161947472000065
              ],
              [
                17.375580762000027,
                48.16021058800004
              ],
              [
                17.380099105000056,
                48.15734498900008
              ],
              [
                17.374853203000043,
                48.15295826600004
              ],
              [
                17.379203113000074,
                48.15120790200007
              ],
              [
                17.37776272800005,
                48.14746048400008
              ],
              [
                17.380420996000055,
                48.14630421800007
              ],
              [
                17.38968535500004,
                48.14227450100003
              ],
              [
                17.37896687800003,
                48.13051918300005
              ],
              [
                17.37119827600003,
                48.13203544900006
              ],
              [
                17.366790945000048,
                48.13289566600008
              ],
              [
                17.362728854000068,
                48.12919821200006
              ],
              [
                17.360917810000046,
                48.12754973800003
              ],
              [
                17.340483507000044,
                48.11844489600003
              ],
              [
                17.335748806000026,
                48.120159958000045
              ],
              [
                17.334218029000056,
                48.12071445500004
              ],
              [
                17.328268620000074,
                48.11858932600006
              ],
              [
                17.310298336000074,
                48.12132858900003
              ],
              [
                17.306527063000033,
                48.122390136000035
              ],
              [
                17.304380469000023,
                48.12318061500008
              ],
              [
                17.30332665000003,
                48.12143361100004
              ],
              [
                17.312625741000033,
                48.114660506000064
              ],
              [
                17.308668967000074,
                48.09912160700003
              ],
              [
                17.316417886000067,
                48.09741225000005
              ],
              [
                17.327009015000044,
                48.08956131700006
              ],
              [
                17.330293819000076,
                48.090657528000065
              ],
              [
                17.343789033000064,
                48.095161175000044
              ],
              [
                17.352592204000075,
                48.09150901000004
              ],
              [
                17.349727647000066,
                48.08507244700007
              ],
              [
                17.343454560000055,
                48.08377625000003
              ],
              [
                17.33714823100007,
                48.08247318400004
              ],
              [
                17.33566780900003,
                48.079424922000044
              ],
              [
                17.33106712600005,
                48.06995189100007
              ],
              [
                17.324018460000048,
                48.07082841400006
              ],
              [
                17.318931661000022,
                48.06272109900004
              ],
              [
                17.31402855600004,
                48.05996082900003
              ],
              [
                17.308119349000037,
                48.064428752000026
              ],
              [
                17.304212534000044,
                48.06738267600008
              ],
              [
                17.298013080000032,
                48.06644375800005
              ],
              [
                17.299510981000026,
                48.056763301000046
              ],
              [
                17.300674618000073,
                48.05533945600007
              ],
              [
                17.305335684000056,
                48.04963610200008
              ],
              [
                17.29960482100006,
                48.045910648000074
              ],
              [
                17.29222356200006,
                48.04447675100005
              ],
              [
                17.282452679000073,
                48.04257864200008
              ],
              [
                17.267168533000074,
                48.02815828000007
              ],
              [
                17.25506844000006,
                48.02812575200005
              ],
              [
                17.25757364900005,
                48.02161188300005
              ],
              [
                17.24742729700006,
                48.012008999000045
              ],
              [
                17.241788117000056,
                48.02246534000005
              ],
              [
                17.22589184800006,
                48.016372974000035
              ],
              [
                17.201369890000024,
                48.01953374300007
              ],
              [
                17.160797385000023,
                48.00665656500007
              ],
              [
                17.15006491400004,
                48.01357195500003
              ],
              [
                17.14826942600007,
                48.01507038500006
              ],
              [
                17.14384338600007,
                48.020188103000066
              ],
              [
                17.13452999900005,
                48.022866072000056
              ],
              [
                17.127269607000073,
                48.02193790800004
              ],
              [
                17.12623635600005,
                48.021805818000075
              ],
              [
                17.121341113000028,
                48.02464000600003
              ],
              [
                17.11112050400004,
                48.030557411000075
              ],
              [
                17.09896209300007,
                48.02475280800007
              ],
              [
                17.090246296000032,
                48.02059175900007
              ],
              [
                17.075625839000054,
                48.02755059400005
              ],
              [
                17.068734686000028,
                48.03176314500007
              ],
              [
                17.079847737000023,
                48.04073725200004
              ],
              [
                17.086773366000045,
                48.04632989700008
              ],
              [
                17.083348854000064,
                48.05035642300004
              ],
              [
                17.077569310000058,
                48.05227306200004
              ],
              [
                17.070066353000072,
                48.05476122700003
              ],
              [
                17.070161963000032,
                48.05701207000004
              ],
              [
                17.077851921000047,
                48.06132808000007
              ],
              [
                17.084277677000046,
                48.06493455200007
              ],
              [
                17.07956431200006,
                48.067414048000046
              ],
              [
                17.073417892000066,
                48.07064741100004
              ],
              [
                17.07635724900007,
                48.07543930500003
              ],
              [
                17.07779053400003,
                48.07777592200006
              ],
              [
                17.075770673000022,
                48.081148400000075
              ],
              [
                17.074145816000055,
                48.083861357000046
              ],
              [
                17.081121284000062,
                48.087701321000054
              ],
              [
                17.087487848000023,
                48.09120608500007
              ],
              [
                17.093165182000064,
                48.09142254600005
              ],
              [
                17.088897020000047,
                48.09621491300004
              ],
              [
                17.091209579000065,
                48.099971792000076
              ],
              [
                17.081988410000065,
                48.10419288600008
              ],
              [
                17.078915530000074,
                48.10559953100005
              ],
              [
                17.066740797000023,
                48.11868162600007
              ],
              [
                17.062178410000058,
                48.12302858800007
              ],
              [
                17.06440702200007,
                48.12407284200003
              ],
              [
                17.068000505000043,
                48.12575663000007
              ],
              [
                17.057375792000073,
                48.141790521000075
              ],
              [
                17.057190001000038,
                48.14372912300007
              ],
              [
                17.047511090000057,
                48.14143679000006
              ],
              [
                17.04502513400007,
                48.14084802100007
              ],
              [
                17.03904134000004,
                48.13986284300006
              ],
              [
                17.033803211000077,
                48.139799520000054
              ],
              [
                17.03071667000006,
                48.14013846800003
              ],
              [
                17.027365925000026,
                48.14074437100004
              ],
              [
                17.02515740000007,
                48.14156389600004
              ],
              [
                17.02335342200007,
                48.142748
              ],
              [
                17.02065416800002,
                48.14595879900003
              ],
              [
                17.01849836300005,
                48.148523158000046
              ],
              [
                17.01325074400006,
                48.15289791600003
              ],
              [
                17.009492456000032,
                48.15488940800003
              ],
              [
                16.999671463000027,
                48.158714909000025
              ],
              [
                16.995944757000075,
                48.16057034000005
              ],
              [
                16.993805038000062,
                48.16163565200003
              ],
              [
                16.991120649000038,
                48.16342300500003
              ],
              [
                16.984014011000056,
                48.16815483400006
              ],
              [
                16.978454741000064,
                48.17106604500003
              ],
              [
                16.97620276500004,
                48.172244473000035
              ],
              [
                16.97661979700007,
                48.18710139400008
              ],
              [
                16.976400543000068,
                48.18949144700008
              ],
              [
                16.97546059700005,
                48.19134600900003
              ],
              [
                16.972921978000045,
                48.19438255100005
              ],
              [
                16.971966013000042,
                48.195526018000066
              ],
              [
                16.971485426000072,
                48.19691442700008
              ],
              [
                16.969903824000028,
                48.20148364700003
              ],
              [
                16.967121442000064,
                48.20513291900005
              ],
              [
                16.965216078000026,
                48.21023041400008
              ],
              [
                16.962499123000043,
                48.21347803300006
              ],
              [
                16.96194424500004,
                48.215384974000074
              ],
              [
                16.961971215000062,
                48.217491178000046
              ],
              [
                16.95426053700004,
                48.227272723000056
              ],
              [
                16.946396711000034,
                48.237248546000046
              ],
              [
                16.950902927000072,
                48.254872316000046
              ],
              [
                16.951987790000032,
                48.25635947200004
              ],
              [
                16.95718208200003,
                48.26347993100006
              ],
              [
                16.949728435000054,
                48.268204592000075
              ],
              [
                16.933664486000055,
                48.270741970000074
              ],
              [
                16.932451298000046,
                48.270933599000045
              ],
              [
                16.92103796500004,
                48.27342533500007
              ],
              [
                16.90072335600007,
                48.29792193800006
              ],
              [
                16.895253342000046,
                48.31185674000005
              ],
              [
                16.899515802000053,
                48.31529067400004
              ],
              [
                16.90719768300005,
                48.32147937000008
              ],
              [
                16.907275300000038,
                48.32605888100005
              ],
              [
                16.896353374000057,
                48.32983965000005
              ],
              [
                16.872524270000042,
                48.33808840800003
              ],
              [
                16.87056110000003,
                48.34057803500008
              ],
              [
                16.87170701900004,
                48.342139720000034
              ],
              [
                16.874236637000024,
                48.34558714000008
              ],
              [
                16.87262064300006,
                48.34813796600008
              ],
              [
                16.858091331000026,
                48.34893479900006
              ],
              [
                16.846657255000025,
                48.34956187900008
              ],
              [
                16.843239280000034,
                48.357339945000035
              ],
              [
                16.842195450000077,
                48.360131555000066
              ],
              [
                16.840621217000034,
                48.369779089000076
              ],
              [
                16.840245254000024,
                48.372083144000044
              ],
              [
                16.839335815000027,
                48.373644253000066
              ],
              [
                16.83466387900006,
                48.381663926000044
              ],
              [
                16.84286553800007,
                48.38260330000003
              ],
              [
                16.85066395900003,
                48.38349648900004
              ],
              [
                16.854963523000038,
                48.39698450100008
              ],
              [
                16.854368536000038,
                48.39887766700008
              ],
              [
                16.85112827300003,
                48.40918772400005
              ],
              [
                16.85871041300004,
                48.416189323000026
              ],
              [
                16.862425054000028,
                48.419619546000035
              ],
              [
                16.855225647000054,
                48.42994873400005
              ],
              [
                16.851640365000037,
                48.435092636000036
              ],
              [
                16.851042834000054,
                48.438639882000075
              ],
              [
                16.85100325800005,
                48.44903737900006
              ],
              [
                16.86192243000005,
                48.452783844000066
              ],
              [
                16.86160605300006,
                48.46182331300008
              ],
              [
                16.87369507300002,
                48.468098379000025
              ],
              [
                16.880763725000065,
                48.47746684100008
              ],
              [
                16.882609642000034,
                48.477377653000076
              ],
              [
                16.88914914000003,
                48.47706168900004
              ],
              [
                16.894927490000043,
                48.485492366000074
              ],
              [
                16.892720652000037,
                48.48978555900004
              ],
              [
                16.891341571000055,
                48.49246843100008
              ],
              [
                16.896184307000055,
                48.49636195800008
              ],
              [
                16.904158516000052,
                48.49817679100005
              ],
              [
                16.90710210900005,
                48.49730215500006
              ],
              [
                16.914220502000035,
                48.49518705100007
              ],
              [
                16.91697414400005,
                48.49790795700005
              ],
              [
                16.91519827700006,
                48.50413868600003
              ],
              [
                16.913555015000043,
                48.509904160000076
              ],
              [
                16.91827030500002,
                48.513488910000035
              ],
              [
                16.921350653000047,
                48.51583071200008
              ],
              [
                16.921598757000027,
                48.51718838900007
              ],
              [
                16.92207479600006,
                48.51979337200004
              ],
              [
                16.926169850000065,
                48.52020616100003
              ],
              [
                16.932568779000064,
                48.52085118600007
              ],
              [
                16.942154539000057,
                48.521995909000054
              ],
              [
                16.94322572300007,
                48.530339886000036
              ],
              [
                16.949777880000056,
                48.53579185800004
              ],
              [
                16.970900207000057,
                48.537641129000065
              ],
              [
                16.969135700000038,
                48.54419647900005
              ],
              [
                16.96836896800005,
                48.54704497700004
              ],
              [
                16.985743214000024,
                48.551670466000076
              ],
              [
                16.999757817000045,
                48.55242472600003
              ],
              [
                17.05465872800005,
                48.55537946800007
              ],
              [
                17.053194956000027,
                48.56065953600006
              ],
              [
                17.052321457000062,
                48.56381039200005
              ],
              [
                17.068344169000056,
                48.56172319500007
              ],
              [
                17.091342827000062,
                48.55872727600007
              ],
              [
                17.09858652300005,
                48.56060832500003
              ],
              [
                17.106440804000044,
                48.56264793100007
              ],
              [
                17.113560068000027,
                48.55662850300007
              ],
              [
                17.125270202000024,
                48.54672743500004
              ],
              [
                17.15285628500004,
                48.551928040000064
              ],
              [
                17.19697633900006,
                48.56102599500008
              ],
              [
                17.20024880400007,
                48.56297583700007
              ],
              [
                17.201653531000034,
                48.56381281900008
              ],
              [
                17.202551008000057,
                48.56344701800003
              ],
              [
                17.204139311000063,
                48.56279964400005
              ],
              [
                17.214249583000026,
                48.565841309000064
              ],
              [
                17.219662115000062,
                48.56746966400004
              ],
              [
                17.221391641000025,
                48.56798999000006
              ],
              [
                17.232777036000073,
                48.56813386600004
              ],
              [
                17.233807297000055,
                48.57565837400006
              ],
              [
                17.234504780000066,
                48.58075244200006
              ],
              [
                17.25016068700006,
                48.58512542700004
              ],
              [
                17.26308392800007,
                48.588735127000064
              ],
              [
                17.266909963000046,
                48.592519012000025
              ],
              [
                17.267790407000064,
                48.59533135200007
              ],
              [
                17.26915831100007,
                48.59970075000007
              ],
              [
                17.282460035000042,
                48.60846703500005
              ],
              [
                17.291449890000024,
                48.60902793500003
              ],
              [
                17.296120033000022,
                48.60931931700003
              ],
              [
                17.308580403000065,
                48.62620167500006
              ],
              [
                17.32864767600006,
                48.65339050600005
              ],
              [
                17.33691146900003,
                48.65115277000007
              ],
              [
                17.344550296000023,
                48.645071597000026
              ],
              [
                17.356189321000045,
                48.64438585700003
              ],
              [
                17.37047089300006,
                48.63000759100004
              ],
              [
                17.376258663000044,
                48.61211116100003
              ],
              [
                17.371876789000055,
                48.603514431000065
              ],
              [
                17.345447444000058,
                48.58414003900003
              ],
              [
                17.33561870500006,
                48.57720163500005
              ],
              [
                17.334545631000026,
                48.576444120000076
              ],
              [
                17.326189554000052,
                48.57572788300007
              ],
              [
                17.325450532000048,
                48.57033989300004
              ],
              [
                17.321068280000077,
                48.56576262400006
              ]
            ]
          ],
          [
            [
              [
                17.33375440900005,
                48.56220184500006
              ],
              [
                17.333730255000035,
                48.56215850500007
              ],
              [
                17.333279179000044,
                48.562335234000045
              ],
              [
                17.32906041500007,
                48.563988119000044
              ],
              [
                17.331549730000063,
                48.56766211000007
              ],
              [
                17.33570953700007,
                48.565709893000076
              ],
              [
                17.33375440900005,
                48.56220184500006
              ]
            ]
          ]
        ]
      }
    }
  ]
}