"result_id","country","geography","election_id","contestant_ref","vote_type","valid_second_votes","total_seats","second_votes","published_vote_share","derived_vote_share","seats","derived_seat_share","result_vintage","provenance"
"er-ct-de-0001","germany","national","el-de-bt-2002-09-22","ct-de-0001","second_vote","47996480","603","18488668","38.5","38.520883198101195","251","41.62520729684909","final","[{""source_id"":""src-de-bwl-final-archive"",""source_url"":""https://www.bundeswahlleiterin.de/dam/jcr/ce2d2b6a-f211-4355-8eea-355c98cd4e47/btw_kerg.zip"",""source_record_id"":""2407b62efac5c001dd189d58489c955c4a8d07dfab797d985d1d56fe2ecf9cb5:btw2002_kerg.csv:340:10"",""retrieved_at"":""2026-10-01T23:21:39.584Z"",""raw_snapshot"":{""path"":""docs/political-data/raw/germany/2026-10-01T23-21-39-584Z_02e7077f9358c9ef/final-results.zip"",""sha256"":""02e7077f9358c9ef408741ee5d17123a43c28ea766b26a7ab338c08fcaeb7512""},""parser_version"":""germany-production-v1"",""parser_sha256"":""2a8eb3487f392ef83303e7fb9ff246e4c111a7e64a469a6aa9eb21461ae9b1a0"",""fields_covered"":[""second_votes"",""registered_label_native""],""published_or_derived"":""published"",""source_member"":""btw2002_kerg.csv"",""source_member_sha256"":""2407b62efac5c001dd189d58489c955c4a8d07dfab797d985d1d56fe2ecf9cb5"",""source_column"":10},{""source_id"":""src-de-bwl-historical-results"",""source_url"":""https://www.bundeswahlleiterin.de/dam/jcr/24d8e745-920d-431a-893a-12805bc7ef40/btw_ab49_datenbank_ergebnisse.csv"",""source_record_id"":""csv-record-107"",""retrieved_at"":""2026-10-01T23:20:00.007Z"",""raw_snapshot"":{""path"":""docs/political-data/raw/germany/2026-10-01T23-20-00-007Z_9efffc24b559679a/results.csv"",""sha256"":""9efffc24b559679ade291d8da63462e5523b43ac62064e759737c3ae01418484""},""parser_version"":""germany-production-v1"",""parser_sha256"":""2a8eb3487f392ef83303e7fb9ff246e4c111a7e64a469a6aa9eb21461ae9b1a0"",""fields_covered"":[""published_vote_share"",""seats""],""published_or_derived"":""published"",""columns"":[6,79],""compilation_label"":""SPD"",""alignment_basis"":""unique exact national second-vote count in the same election; not party identity""},{""source_id"":""src-de-bwl-historical-results"",""source_url"":""https://www.bundeswahlleiterin.de/dam/jcr/24d8e745-920d-431a-893a-12805bc7ef40/btw_ab49_datenbank_ergebnisse.csv"",""source_record_id"":""csv-record-86"",""retrieved_at"":""2026-10-01T23:20:00.007Z"",""raw_snapshot"":{""path"":""docs/political-data/raw/germany/2026-10-01T23-20-00-007Z_9efffc24b559679a/results.csv"",""sha256"":""9efffc24b559679ade291d8da63462e5523b43ac62064e759737c3ae01418484""},""parser_version"":""germany-production-v1"",""parser_sha256"":""2a8eb3487f392ef83303e7fb9ff246e4c111a7e64a469a6aa9eb21461ae9b1a0"",""fields_covered"":[""total_seats"",""valid_second_votes""],""published_or_derived"":""published"",""columns"":[4,79]},{""source_id"":""src-de-bwl-final-archive"",""source_url"":""https://www.bundeswahlleiterin.de/dam/jcr/ce2d2b6a-f211-4355-8eea-355c98cd4e47/btw_kerg.zip"",""source_record_id"":""2407b62efac5c001dd189d58489c955c4a8d07dfab797d985d1d56fe2ecf9cb5:btw2002_kerg.csv:340:10"",""retrieved_at"":""2026-10-01T23:21:39.584Z"",""raw_snapshot"":{""path"":""docs/political-data/raw/germany/2026-10-01T23-21-39-584Z_02e7077f9358c9ef/final-results.zip"",""sha256"":""02e7077f9358c9ef408741ee5d17123a43c28ea766b26a7ab338c08fcaeb7512""},""parser_version"":""germany-production-v1"",""parser_sha256"":""2a8eb3487f392ef83303e7fb9ff246e4c111a7e64a469a6aa9eb21461ae9b1a0"",""fields_covered"":[""derived_vote_share""],""published_or_derived"":""derived"",""formula"":""100 * second_votes / valid_second_votes"",""input_fields"":[""second_votes"",""el-de-bt-2002-09-22:valid_second_votes""]},{""source_id"":""src-de-bwl-historical-results"",""source_url"":""https://www.bundeswahlleiterin.de/dam/jcr/24d8e745-920d-431a-893a-12805bc7ef40/btw_ab49_datenbank_ergebnisse.csv"",""source_record_id"":""csv-record-107"",""retrieved_at"":""2026-10-01T23:20:00.007Z"",""raw_snapshot"":{""path"":""docs/political-data/raw/germany/2026-10-01T23-20-00-007Z_9efffc24b559679a/results.csv"",""sha256"":""9efffc24b559679ade291d8da63462e5523b43ac62064e759737c3ae01418484""},""parser_version"":""germany-production-v1"",""parser_sha256"":""2a8eb3487f392ef83303e7fb9ff246e4c111a7e64a469a6aa9eb21461ae9b1a0"",""fields_covered"":[""derived_seat_share""],""published_or_derived"":""derived"",""formula"":""100 * seats / total_seats; null remains null"",""input_fields"":[""seats"",""lg-de-bt-15:total_seats""]}]"
"er-ct-de-0002","germany","national","el-de-bt-2002-09-22","ct-de-0002","second_vote","47996480","603","14167561","29.5","29.51791673056024","190","31.509121061359867","final","[{""source_id"":""src-de-bwl-final-archive"",""source_url"":""https://www.bundeswahlleiterin.de/dam/jcr/ce2d2b6a-f211-4355-8eea-355c98cd4e47/btw_kerg.zip"",""source_record_id"":""2407b62efac5c001dd189d58489c955c4a8d07dfab797d985d1d56fe2ecf9cb5:btw2002_kerg.csv:340:12"",""retrieved_at"":""2026-10-01T23:21:39.584Z"",""raw_snapshot"":{""path"":""docs/political-data/raw/germany/2026-10-01T23-21-39-584Z_02e7077f9358c9ef/final-results.zip"",""sha256"":""02e7077f9358c9ef408741ee5d17123a43c28ea766b26a7ab338c08fcaeb7512""},""parser_version"":""germany-production-v1"",""parser_sha256"":""2a8eb3487f392ef83303e7fb9ff246e4c111a7e64a469a6aa9eb21461ae9b1a0"",""fields_covered"":[""second_votes"",""registered_label_native""],""published_or_derived"":""published"",""source_member"":""btw2002_kerg.csv"",""source_member_sha256"":""2407b62efac5c001dd189d58489c955c4a8d07dfab797d985d1d56fe2ecf9cb5"",""source_column"":12},{""source_id"":""src-de-bwl-historical-results"",""source_url"":""https://www.bundeswahlleiterin.de/dam/jcr/24d8e745-920d-431a-893a-12805bc7ef40/btw_ab49_datenbank_ergebnisse.csv"",""source_record_id"":""csv-record-128"",""retrieved_at"":""2026-10-01T23:20:00.007Z"",""raw_snapshot"":{""path"":""docs/political-data/raw/germany/2026-10-01T23-20-00-007Z_9efffc24b559679a/results.csv"",""sha256"":""9efffc24b559679ade291d8da63462e5523b43ac62064e759737c3ae01418484""},""parser_version"":""germany-production-v1"",""parser_sha256"":""2a8eb3487f392ef83303e7fb9ff246e4c111a7e64a469a6aa9eb21461ae9b1a0"",""fields_covered"":[""published_vote_share"",""seats""],""published_or_derived"":""published"",""columns"":[6,79],""compilation_label"":""CDU"",""alignment_basis"":""unique exact national second-vote count in the same election; not party identity""},{""source_id"":""src-de-bwl-historical-results"",""source_url"":""https://www.bundeswahlleiterin.de/dam/jcr/24d8e745-920d-431a-893a-12805bc7ef40/btw_ab49_datenbank_ergebnisse.csv"",""source_record_id"":""csv-record-86"",""retrieved_at"":""2026-10-01T23:20:00.007Z"",""raw_snapshot"":{""path"":""docs/political-data/raw/germany/2026-10-01T23-20-00-007Z_9efffc24b559679a/results.csv"",""sha256"":""9efffc24b559679ade291d8da63462e5523b43ac62064e759737c3ae01418484""},""parser_version"":""germany-production-v1"",""parser_sha256"":""2a8eb3487f392ef83303e7fb9ff246e4c111a7e64a469a6aa9eb21461ae9b1a0"",""fields_covered"":[""total_seats"",""valid_second_votes""],""published_or_derived"":""published"",""columns"":[4,79]},{""source_id"":""src-de-bwl-final-archive"",""source_url"":""https://www.bundeswahlleiterin.de/dam/jcr/ce2d2b6a-f211-4355-8eea-355c98cd4e47/btw_kerg.zip"",""source_record_id"":""2407b62efac5c001dd189d58489c955c4a8d07dfab797d985d1d56fe2ecf9cb5:btw2002_kerg.csv:340:12"",""retrieved_at"":""2026-10-01T23:21:39.584Z"",""raw_snapshot"":{""path"":""docs/political-data/raw/germany/2026-10-01T23-21-39-584Z_02e7077f9358c9ef/final-results.zip"",""sha256"":""02e7077f9358c9ef408741ee5d17123a43c28ea766b26a7ab338c08fcaeb7512""},""parser_version"":""germany-production-v1"",""parser_sha256"":""2a8eb3487f392ef83303e7fb9ff246e4c111a7e64a469a6aa9eb21461ae9b1a0"",""fields_covered"":[""derived_vote_share""],""published_or_derived"":""derived"",""formula"":""100 * second_votes / valid_second_votes"",""input_fields"":[""second_votes"",""el-de-bt-2002-09-22:valid_second_votes""]},{""source_id"":""src-de-bwl-historical-results"",""source_url"":""https://www.bundeswahlleiterin.de/dam/jcr/24d8e745-920d-431a-893a-12805bc7ef40/btw_ab49_datenbank_ergebnisse.csv"",""source_record_id"":""csv-record-128"",""retrieved_at"":""2026-10-01T23:20:00.007Z"",""raw_snapshot"":{""path"":""docs/political-data/raw/germany/2026-10-01T23-20-00-007Z_9efffc24b559679a/results.csv"",""sha256"":""9efffc24b559679ade291d8da63462e5523b43ac62064e759737c3ae01418484""},""parser_version"":""germany-production-v1"",""parser_sha256"":""2a8eb3487f392ef83303e7fb9ff246e4c111a7e64a469a6aa9eb21461ae9b1a0"",""fields_covered"":[""derived_seat_share""],""published_or_derived"":""derived"",""formula"":""100 * seats / total_seats; null remains null"",""input_fields"":[""seats"",""lg-de-bt-15:total_seats""]}]"
"er-ct-de-0003","germany","national","el-de-bt-2002-09-22","ct-de-0003","second_vote","47996480","603","4315080","9","8.990409296681756","58","9.618573797678275","final","[{""source_id"":""src-de-bwl-final-archive"",""source_url"":""https://www.bundeswahlleiterin.de/dam/jcr/ce2d2b6a-f211-4355-8eea-355c98cd4e47/btw_kerg.zip"",""source_record_id"":""2407b62efac5c001dd189d58489c955c4a8d07dfab797d985d1d56fe2ecf9cb5:btw2002_kerg.csv:340:14"",""retrieved_at"":""2026-10-01T23:21:39.584Z"",""raw_snapshot"":{""path"":""docs/political-data/raw/germany/2026-10-01T23-21-39-584Z_02e7077f9358c9ef/final-results.zip"",""sha256"":""02e7077f9358c9ef408741ee5d17123a43c28ea766b26a7ab338c08fcaeb7512""},""parser_version"":""germany-production-v1"",""parser_sha256"":""2a8eb3487f392ef83303e7fb9ff246e4c111a7e64a469a6aa9eb21461ae9b1a0"",""fields_covered"":[""second_votes"",""registered_label_native""],""published_or_derived"":""published"",""source_member"":""btw2002_kerg.csv"",""source_member_sha256"":""2407b62efac5c001dd189d58489c955c4a8d07dfab797d985d1d56fe2ecf9cb5"",""source_column"":14},{""source_id"":""src-de-bwl-historical-results"",""source_url"":""https://www.bundeswahlleiterin.de/dam/jcr/24d8e745-920d-431a-893a-12805bc7ef40/btw_ab49_datenbank_ergebnisse.csv"",""source_record_id"":""csv-record-188"",""retrieved_at"":""2026-10-01T23:20:00.007Z"",""raw_snapshot"":{""path"":""docs/political-data/raw/germany/2026-10-01T23-20-00-007Z_9efffc24b559679a/results.csv"",""sha256"":""9efffc24b559679ade291d8da63462e5523b43ac62064e759737c3ae01418484""},""parser_version"":""germany-production-v1"",""parser_sha256"":""2a8eb3487f392ef83303e7fb9ff246e4c111a7e64a469a6aa9eb21461ae9b1a0"",""fields_covered"":[""published_vote_share"",""seats""],""published_or_derived"":""published"",""columns"":[6,79],""compilation_label"":""CSU"",""alignment_basis"":""unique exact national second-vote count in the same election; not party identity""},{""source_id"":""src-de-bwl-historical-results"",""source_url"":""https://www.bundeswahlleiterin.de/dam/jcr/24d8e745-920d-431a-893a-12805bc7ef40/btw_ab49_datenbank_ergebnisse.csv"",""source_record_id"":""csv-record-86"",""retrieved_at"":""2026-10-01T23:20:00.007Z"",""raw_snapshot"":{""path"":""docs/political-data/raw/germany/2026-10-01T23-20-00-007Z_9efffc24b559679a/results.csv"",""sha256"":""9efffc24b559679ade291d8da63462e5523b43ac62064e759737c3ae01418484""},""parser_version"":""germany-production-v1"",""parser_sha256"":""2a8eb3487f392ef83303e7fb9ff246e4c111a7e64a469a6aa9eb21461ae9b1a0"",""fields_covered"":[""total_seats"",""valid_second_votes""],""published_or_derived"":""published"",""columns"":[4,79]},{""source_id"":""src-de-bwl-final-archive"",""source_url"":""https://www.bundeswahlleiterin.de/dam/jcr/ce2d2b6a-f211-4355-8eea-355c98cd4e47/btw_kerg.zip"",""source_record_id"":""2407b62efac5c001dd189d58489c955c4a8d07dfab797d985d1d56fe2ecf9cb5:btw2002_kerg.csv:340:14"",""retrieved_at"":""2026-10-01T23:21:39.584Z"",""raw_snapshot"":{""path"":""docs/political-data/raw/germany/2026-10-01T23-21-39-584Z_02e7077f9358c9ef/final-results.zip"",""sha256"":""02e7077f9358c9ef408741ee5d17123a43c28ea766b26a7ab338c08fcaeb7512""},""parser_version"":""germany-production-v1"",""parser_sha256"":""2a8eb3487f392ef83303e7fb9ff246e4c111a7e64a469a6aa9eb21461ae9b1a0"",""fields_covered"":[""derived_vote_share""],""published_or_derived"":""derived"",""formula"":""100 * second_votes / valid_second_votes"",""input_fields"":[""second_votes"",""el-de-bt-2002-09-22:valid_second_votes""]},{""source_id"":""src-de-bwl-historical-results"",""source_url"":""https://www.bundeswahlleiterin.de/dam/jcr/24d8e745-920d-431a-893a-12805bc7ef40/btw_ab49_datenbank_ergebnisse.csv"",""source_record_id"":""csv-record-188"",""retrieved_at"":""2026-10-01T23:20:00.007Z"",""raw_snapshot"":{""path"":""docs/political-data/raw/germany/2026-10-01T23-20-00-007Z_9efffc24b559679a/results.csv"",""sha256"":""9efffc24b559679ade291d8da63462e5523b43ac62064e759737c3ae01418484""},""parser_version"":""germany-production-v1"",""parser_sha256"":""2a8eb3487f392ef83303e7fb9ff246e4c111a7e64a469a6aa9eb21461ae9b1a0"",""fields_covered"":[""derived_seat_share""],""published_or_derived"":""derived"",""formula"":""100 * seats / total_seats; null remains null"",""input_fields"":[""seats"",""lg-de-bt-15:total_seats""]}]"
"er-ct-de-0004","germany","national","el-de-bt-2002-09-22","ct-de-0004","second_vote","47996480","603","4110355","8.6","8.563867600290688","55","9.12106135986733","final","[{""source_id"":""src-de-bwl-final-archive"",""source_url"":""https://www.bundeswahlleiterin.de/dam/jcr/ce2d2b6a-f211-4355-8eea-355c98cd4e47/btw_kerg.zip"",""source_record_id"":""2407b62efac5c001dd189d58489c955c4a8d07dfab797d985d1d56fe2ecf9cb5:btw2002_kerg.csv:340:16"",""retrieved_at"":""2026-10-01T23:21:39.584Z"",""raw_snapshot"":{""path"":""docs/political-data/raw/germany/2026-10-01T23-21-39-584Z_02e7077f9358c9ef/final-results.zip"",""sha256"":""02e7077f9358c9ef408741ee5d17123a43c28ea766b26a7ab338c08fcaeb7512""},""parser_version"":""germany-production-v1"",""parser_sha256"":""2a8eb3487f392ef83303e7fb9ff246e4c111a7e64a469a6aa9eb21461ae9b1a0"",""fields_covered"":[""second_votes"",""registered_label_native""],""published_or_derived"":""published"",""source_member"":""btw2002_kerg.csv"",""source_member_sha256"":""2407b62efac5c001dd189d58489c955c4a8d07dfab797d985d1d56fe2ecf9cb5"",""source_column"":16},{""source_id"":""src-de-bwl-historical-results"",""source_url"":""https://www.bundeswahlleiterin.de/dam/jcr/24d8e745-920d-431a-893a-12805bc7ef40/btw_ab49_datenbank_ergebnisse.csv"",""source_record_id"":""csv-record-142"",""retrieved_at"":""2026-10-01T23:20:00.007Z"",""raw_snapshot"":{""path"":""docs/political-data/raw/germany/2026-10-01T23-20-00-007Z_9efffc24b559679a/results.csv"",""sha256"":""9efffc24b559679ade291d8da63462e5523b43ac62064e759737c3ae01418484""},""parser_version"":""germany-production-v1"",""parser_sha256"":""2a8eb3487f392ef83303e7fb9ff246e4c111a7e64a469a6aa9eb21461ae9b1a0"",""fields_covered"":[""published_vote_share"",""seats""],""published_or_derived"":""published"",""columns"":[6,79],""compilation_label"":""GRÜNE"",""alignment_basis"":""unique exact national second-vote count in the same election; not party identity""},{""source_id"":""src-de-bwl-historical-results"",""source_url"":""https://www.bundeswahlleiterin.de/dam/jcr/24d8e745-920d-431a-893a-12805bc7ef40/btw_ab49_datenbank_ergebnisse.csv"",""source_record_id"":""csv-record-86"",""retrieved_at"":""2026-10-01T23:20:00.007Z"",""raw_snapshot"":{""path"":""docs/political-data/raw/germany/2026-10-01T23-20-00-007Z_9efffc24b559679a/results.csv"",""sha256"":""9efffc24b559679ade291d8da63462e5523b43ac62064e759737c3ae01418484""},""parser_version"":""germany-production-v1"",""parser_sha256"":""2a8eb3487f392ef83303e7fb9ff246e4c111a7e64a469a6aa9eb21461ae9b1a0"",""fields_covered"":[""total_seats"",""valid_second_votes""],""published_or_derived"":""published"",""columns"":[4,79]},{""source_id"":""src-de-bwl-final-archive"",""source_url"":""https://www.bundeswahlleiterin.de/dam/jcr/ce2d2b6a-f211-4355-8eea-355c98cd4e47/btw_kerg.zip"",""source_record_id"":""2407b62efac5c001dd189d58489c955c4a8d07dfab797d985d1d56fe2ecf9cb5:btw2002_kerg.csv:340:16"",""retrieved_at"":""2026-10-01T23:21:39.584Z"",""raw_snapshot"":{""path"":""docs/political-data/raw/germany/2026-10-01T23-21-39-584Z_02e7077f9358c9ef/final-results.zip"",""sha256"":""02e7077f9358c9ef408741ee5d17123a43c28ea766b26a7ab338c08fcaeb7512""},""parser_version"":""germany-production-v1"",""parser_sha256"":""2a8eb3487f392ef83303e7fb9ff246e4c111a7e64a469a6aa9eb21461ae9b1a0"",""fields_covered"":[""derived_vote_share""],""published_or_derived"":""derived"",""formula"":""100 * second_votes / valid_second_votes"",""input_fields"":[""second_votes"",""el-de-bt-2002-09-22:valid_second_votes""]},{""source_id"":""src-de-bwl-historical-results"",""source_url"":""https://www.bundeswahlleiterin.de/dam/jcr/24d8e745-920d-431a-893a-12805bc7ef40/btw_ab49_datenbank_ergebnisse.csv"",""source_record_id"":""csv-record-142"",""retrieved_at"":""2026-10-01T23:20:00.007Z"",""raw_snapshot"":{""path"":""docs/political-data/raw/germany/2026-10-01T23-20-00-007Z_9efffc24b559679a/results.csv"",""sha256"":""9efffc24b559679ade291d8da63462e5523b43ac62064e759737c3ae01418484""},""parser_version"":""germany-production-v1"",""parser_sha256"":""2a8eb3487f392ef83303e7fb9ff246e4c111a7e64a469a6aa9eb21461ae9b1a0"",""fields_covered"":[""derived_seat_share""],""published_or_derived"":""derived"",""formula"":""100 * seats / total_seats; null remains null"",""input_fields"":[""seats"",""lg-de-bt-15:total_seats""]}]"
"er-ct-de-0005","germany","national","el-de-bt-2002-09-22","ct-de-0005","second_vote","47996480","603","3538815","7.4","7.373071941942409","47","7.794361525704809","final","[{""source_id"":""src-de-bwl-final-archive"",""source_url"":""https://www.bundeswahlleiterin.de/dam/jcr/ce2d2b6a-f211-4355-8eea-355c98cd4e47/btw_kerg.zip"",""source_record_id"":""2407b62efac5c001dd189d58489c955c4a8d07dfab797d985d1d56fe2ecf9cb5:btw2002_kerg.csv:340:18"",""retrieved_at"":""2026-10-01T23:21:39.584Z"",""raw_snapshot"":{""path"":""docs/political-data/raw/germany/2026-10-01T23-21-39-584Z_02e7077f9358c9ef/final-results.zip"",""sha256"":""02e7077f9358c9ef408741ee5d17123a43c28ea766b26a7ab338c08fcaeb7512""},""parser_version"":""germany-production-v1"",""parser_sha256"":""2a8eb3487f392ef83303e7fb9ff246e4c111a7e64a469a6aa9eb21461ae9b1a0"",""fields_covered"":[""second_votes"",""registered_label_native""],""published_or_derived"":""published"",""source_member"":""btw2002_kerg.csv"",""source_member_sha256"":""2407b62efac5c001dd189d58489c955c4a8d07dfab797d985d1d56fe2ecf9cb5"",""source_column"":18},{""source_id"":""src-de-bwl-historical-results"",""source_url"":""https://www.bundeswahlleiterin.de/dam/jcr/24d8e745-920d-431a-893a-12805bc7ef40/btw_ab49_datenbank_ergebnisse.csv"",""source_record_id"":""csv-record-163"",""retrieved_at"":""2026-10-01T23:20:00.007Z"",""raw_snapshot"":{""path"":""docs/political-data/raw/germany/2026-10-01T23-20-00-007Z_9efffc24b559679a/results.csv"",""sha256"":""9efffc24b559679ade291d8da63462e5523b43ac62064e759737c3ae01418484""},""parser_version"":""germany-production-v1"",""parser_sha256"":""2a8eb3487f392ef83303e7fb9ff246e4c111a7e64a469a6aa9eb21461ae9b1a0"",""fields_covered"":[""published_vote_share"",""seats""],""published_or_derived"":""published"",""columns"":[6,79],""compilation_label"":""FDP"",""alignment_basis"":""unique exact national second-vote count in the same election; not party identity""},{""source_id"":""src-de-bwl-historical-results"",""source_url"":""https://www.bundeswahlleiterin.de/dam/jcr/24d8e745-920d-431a-893a-12805bc7ef40/btw_ab49_datenbank_ergebnisse.csv"",""source_record_id"":""csv-record-86"",""retrieved_at"":""2026-10-01T23:20:00.007Z"",""raw_snapshot"":{""path"":""docs/political-data/raw/germany/2026-10-01T23-20-00-007Z_9efffc24b559679a/results.csv"",""sha256"":""9efffc24b559679ade291d8da63462e5523b43ac62064e759737c3ae01418484""},""parser_version"":""germany-production-v1"",""parser_sha256"":""2a8eb3487f392ef83303e7fb9ff246e4c111a7e64a469a6aa9eb21461ae9b1a0"",""fields_covered"":[""total_seats"",""valid_second_votes""],""published_or_derived"":""published"",""columns"":[4,79]},{""source_id"":""src-de-bwl-final-archive"",""source_url"":""https://www.bundeswahlleiterin.de/dam/jcr/ce2d2b6a-f211-4355-8eea-355c98cd4e47/btw_kerg.zip"",""source_record_id"":""2407b62efac5c001dd189d58489c955c4a8d07dfab797d985d1d56fe2ecf9cb5:btw2002_kerg.csv:340:18"",""retrieved_at"":""2026-10-01T23:21:39.584Z"",""raw_snapshot"":{""path"":""docs/political-data/raw/germany/2026-10-01T23-21-39-584Z_02e7077f9358c9ef/final-results.zip"",""sha256"":""02e7077f9358c9ef408741ee5d17123a43c28ea766b26a7ab338c08fcaeb7512""},""parser_version"":""germany-production-v1"",""parser_sha256"":""2a8eb3487f392ef83303e7fb9ff246e4c111a7e64a469a6aa9eb21461ae9b1a0"",""fields_covered"":[""derived_vote_share""],""published_or_derived"":""derived"",""formula"":""100 * second_votes / valid_second_votes"",""input_fields"":[""second_votes"",""el-de-bt-2002-09-22:valid_second_votes""]},{""source_id"":""src-de-bwl-historical-results"",""source_url"":""https://www.bundeswahlleiterin.de/dam/jcr/24d8e745-920d-431a-893a-12805bc7ef40/btw_ab49_datenbank_ergebnisse.csv"",""source_record_id"":""csv-record-163"",""retrieved_at"":""2026-10-01T23:20:00.007Z"",""raw_snapshot"":{""path"":""docs/political-data/raw/germany/2026-10-01T23-20-00-007Z_9efffc24b559679a/results.csv"",""sha256"":""9efffc24b559679ade291d8da63462e5523b43ac62064e759737c3ae01418484""},""parser_version"":""germany-production-v1"",""parser_sha256"":""2a8eb3487f392ef83303e7fb9ff246e4c111a7e64a469a6aa9eb21461ae9b1a0"",""fields_covered"":[""derived_seat_share""],""published_or_derived"":""derived"",""formula"":""100 * seats / total_seats; null remains null"",""input_fields"":[""seats"",""lg-de-bt-15:total_seats""]}]"
"er-ct-de-0006","germany","national","el-de-bt-2002-09-22","ct-de-0006","second_vote","47996480","603","1916702","4","3.993422017614625","2","0.33167495854063017","final","[{""source_id"":""src-de-bwl-final-archive"",""source_url"":""https://www.bundeswahlleiterin.de/dam/jcr/ce2d2b6a-f211-4355-8eea-355c98cd4e47/btw_kerg.zip"",""source_record_id"":""2407b62efac5c001dd189d58489c955c4a8d07dfab797d985d1d56fe2ecf9cb5:btw2002_kerg.csv:340:20"",""retrieved_at"":""2026-10-01T23:21:39.584Z"",""raw_snapshot"":{""path"":""docs/political-data/raw/germany/2026-10-01T23-21-39-584Z_02e7077f9358c9ef/final-results.zip"",""sha256"":""02e7077f9358c9ef408741ee5d17123a43c28ea766b26a7ab338c08fcaeb7512""},""parser_version"":""germany-production-v1"",""parser_sha256"":""2a8eb3487f392ef83303e7fb9ff246e4c111a7e64a469a6aa9eb21461ae9b1a0"",""fields_covered"":[""second_votes"",""registered_label_native""],""published_or_derived"":""published"",""source_member"":""btw2002_kerg.csv"",""source_member_sha256"":""2407b62efac5c001dd189d58489c955c4a8d07dfab797d985d1d56fe2ecf9cb5"",""source_column"":20},{""source_id"":""src-de-bwl-historical-results"",""source_url"":""https://www.bundeswahlleiterin.de/dam/jcr/24d8e745-920d-431a-893a-12805bc7ef40/btw_ab49_datenbank_ergebnisse.csv"",""source_record_id"":""csv-record-198"",""retrieved_at"":""2026-10-01T23:20:00.007Z"",""raw_snapshot"":{""path"":""docs/political-data/raw/germany/2026-10-01T23-20-00-007Z_9efffc24b559679a/results.csv"",""sha256"":""9efffc24b559679ade291d8da63462e5523b43ac62064e759737c3ae01418484""},""parser_version"":""germany-production-v1"",""parser_sha256"":""2a8eb3487f392ef83303e7fb9ff246e4c111a7e64a469a6aa9eb21461ae9b1a0"",""fields_covered"":[""published_vote_share"",""seats""],""published_or_derived"":""published"",""columns"":[6,79],""compilation_label"":""Die Linke"",""alignment_basis"":""unique exact national second-vote count in the same election; not party identity""},{""source_id"":""src-de-bwl-historical-results"",""source_url"":""https://www.bundeswahlleiterin.de/dam/jcr/24d8e745-920d-431a-893a-12805bc7ef40/btw_ab49_datenbank_ergebnisse.csv"",""source_record_id"":""csv-record-86"",""retrieved_at"":""2026-10-01T23:20:00.007Z"",""raw_snapshot"":{""path"":""docs/political-data/raw/germany/2026-10-01T23-20-00-007Z_9efffc24b559679a/results.csv"",""sha256"":""9efffc24b559679ade291d8da63462e5523b43ac62064e759737c3ae01418484""},""parser_version"":""germany-production-v1"",""parser_sha256"":""2a8eb3487f392ef83303e7fb9ff246e4c111a7e64a469a6aa9eb21461ae9b1a0"",""fields_covered"":[""total_seats"",""valid_second_votes""],""published_or_derived"":""published"",""columns"":[4,79]},{""source_id"":""src-de-bwl-final-archive"",""source_url"":""https://www.bundeswahlleiterin.de/dam/jcr/ce2d2b6a-f211-4355-8eea-355c98cd4e47/btw_kerg.zip"",""source_record_id"":""2407b62efac5c001dd189d58489c955c4a8d07dfab797d985d1d56fe2ecf9cb5:btw2002_kerg.csv:340:20"",""retrieved_at"":""2026-10-01T23:21:39.584Z"",""raw_snapshot"":{""path"":""docs/political-data/raw/germany/2026-10-01T23-21-39-584Z_02e7077f9358c9ef/final-results.zip"",""sha256"":""02e7077f9358c9ef408741ee5d17123a43c28ea766b26a7ab338c08fcaeb7512""},""parser_version"":""germany-production-v1"",""parser_sha256"":""2a8eb3487f392ef83303e7fb9ff246e4c111a7e64a469a6aa9eb21461ae9b1a0"",""fields_covered"":[""derived_vote_share""],""published_or_derived"":""derived"",""formula"":""100 * second_votes / valid_second_votes"",""input_fields"":[""second_votes"",""el-de-bt-2002-09-22:valid_second_votes""]},{""source_id"":""src-de-bwl-historical-results"",""source_url"":""https://www.bundeswahlleiterin.de/dam/jcr/24d8e745-920d-431a-893a-12805bc7ef40/btw_ab49_datenbank_ergebnisse.csv"",""source_record_id"":""csv-record-198"",""retrieved_at"":""2026-10-01T23:20:00.007Z"",""raw_snapshot"":{""path"":""docs/political-data/raw/germany/2026-10-01T23-20-00-007Z_9efffc24b559679a/results.csv"",""sha256"":""9efffc24b559679ade291d8da63462e5523b43ac62064e759737c3ae01418484""},""parser_version"":""germany-production-v1"",""parser_sha256"":""2a8eb3487f392ef83303e7fb9ff246e4c111a7e64a469a6aa9eb21461ae9b1a0"",""fields_covered"":[""derived_seat_share""],""published_or_derived"":""derived"",""formula"":""100 * seats / total_seats; null remains null"",""input_fields"":[""seats"",""lg-de-bt-15:total_seats""]}]"
"er-ct-de-0007","germany","national","el-de-bt-2002-09-22","ct-de-0007","second_vote","47996480","603","280671","0.6","0.584774133436452",,,"final","[{""source_id"":""src-de-bwl-final-archive"",""source_url"":""https://www.bundeswahlleiterin.de/dam/jcr/ce2d2b6a-f211-4355-8eea-355c98cd4e47/btw_kerg.zip"",""source_record_id"":""2407b62efac5c001dd189d58489c955c4a8d07dfab797d985d1d56fe2ecf9cb5:btw2002_kerg.csv:340:22"",""retrieved_at"":""2026-10-01T23:21:39.584Z"",""raw_snapshot"":{""path"":""docs/political-data/raw/germany/2026-10-01T23-21-39-584Z_02e7077f9358c9ef/final-results.zip"",""sha256"":""02e7077f9358c9ef408741ee5d17123a43c28ea766b26a7ab338c08fcaeb7512""},""parser_version"":""germany-production-v1"",""parser_sha256"":""2a8eb3487f392ef83303e7fb9ff246e4c111a7e64a469a6aa9eb21461ae9b1a0"",""fields_covered"":[""second_votes"",""registered_label_native""],""published_or_derived"":""published"",""source_member"":""btw2002_kerg.csv"",""source_member_sha256"":""2407b62efac5c001dd189d58489c955c4a8d07dfab797d985d1d56fe2ecf9cb5"",""source_column"":22},{""source_id"":""src-de-bwl-historical-results"",""source_url"":""https://www.bundeswahlleiterin.de/dam/jcr/24d8e745-920d-431a-893a-12805bc7ef40/btw_ab49_datenbank_ergebnisse.csv"",""source_record_id"":""csv-record-498"",""retrieved_at"":""2026-10-01T23:20:00.007Z"",""raw_snapshot"":{""path"":""docs/political-data/raw/germany/2026-10-01T23-20-00-007Z_9efffc24b559679a/results.csv"",""sha256"":""9efffc24b559679ade291d8da63462e5523b43ac62064e759737c3ae01418484""},""parser_version"":""germany-production-v1"",""parser_sha256"":""2a8eb3487f392ef83303e7fb9ff246e4c111a7e64a469a6aa9eb21461ae9b1a0"",""fields_covered"":[""published_vote_share"",""seats""],""published_or_derived"":""published"",""columns"":[6,79],""compilation_label"":""REP"",""alignment_basis"":""unique exact national second-vote count in the same election; not party identity""},{""source_id"":""src-de-bwl-historical-results"",""source_url"":""https://www.bundeswahlleiterin.de/dam/jcr/24d8e745-920d-431a-893a-12805bc7ef40/btw_ab49_datenbank_ergebnisse.csv"",""source_record_id"":""csv-record-86"",""retrieved_at"":""2026-10-01T23:20:00.007Z"",""raw_snapshot"":{""path"":""docs/political-data/raw/germany/2026-10-01T23-20-00-007Z_9efffc24b559679a/results.csv"",""sha256"":""9efffc24b559679ade291d8da63462e5523b43ac62064e759737c3ae01418484""},""parser_version"":""germany-production-v1"",""parser_sha256"":""2a8eb3487f392ef83303e7fb9ff246e4c111a7e64a469a6aa9eb21461ae9b1a0"",""fields_covered"":[""total_seats"",""valid_second_votes""],""published_or_derived"":""published"",""columns"":[4,79]},{""source_id"":""src-de-bwl-final-archive"",""source_url"":""https://www.bundeswahlleiterin.de/dam/jcr/ce2d2b6a-f211-4355-8eea-355c98cd4e47/btw_kerg.zip"",""source_record_id"":""2407b62efac5c001dd189d58489c955c4a8d07dfab797d985d1d56fe2ecf9cb5:btw2002_kerg.csv:340:22"",""retrieved_at"":""2026-10-01T23:21:39.584Z"",""raw_snapshot"":{""path"":""docs/political-data/raw/germany/2026-10-01T23-21-39-584Z_02e7077f9358c9ef/final-results.zip"",""sha256"":""02e7077f9358c9ef408741ee5d17123a43c28ea766b26a7ab338c08fcaeb7512""},""parser_version"":""germany-production-v1"",""parser_sha256"":""2a8eb3487f392ef83303e7fb9ff246e4c111a7e64a469a6aa9eb21461ae9b1a0"",""fields_covered"":[""derived_vote_share""],""published_or_derived"":""derived"",""formula"":""100 * second_votes / valid_second_votes"",""input_fields"":[""second_votes"",""el-de-bt-2002-09-22:valid_second_votes""]},{""source_id"":""src-de-bwl-historical-results"",""source_url"":""https://www.bundeswahlleiterin.de/dam/jcr/24d8e745-920d-431a-893a-12805bc7ef40/btw_ab49_datenbank_ergebnisse.csv"",""source_record_id"":""csv-record-498"",""retrieved_at"":""2026-10-01T23:20:00.007Z"",""raw_snapshot"":{""path"":""docs/political-data/raw/germany/2026-10-01T23-20-00-007Z_9efffc24b559679a/results.csv"",""sha256"":""9efffc24b559679ade291d8da63462e5523b43ac62064e759737c3ae01418484""},""parser_version"":""germany-production-v1"",""parser_sha256"":""2a8eb3487f392ef83303e7fb9ff246e4c111a7e64a469a6aa9eb21461ae9b1a0"",""fields_covered"":[""derived_seat_share""],""published_or_derived"":""derived"",""formula"":""100 * seats / total_seats; null remains null"",""input_fields"":[""seats"",""lg-de-bt-15:total_seats""]}]"
"er-ct-de-0008","germany","national","el-de-bt-2002-09-22","ct-de-0008","second_vote","47996480","603","114224","0.2","0.23798411883538126",,,"final","[{""source_id"":""src-de-bwl-final-archive"",""source_url"":""https://www.bundeswahlleiterin.de/dam/jcr/ce2d2b6a-f211-4355-8eea-355c98cd4e47/btw_kerg.zip"",""source_record_id"":""2407b62efac5c001dd189d58489c955c4a8d07dfab797d985d1d56fe2ecf9cb5:btw2002_kerg.csv:340:24"",""retrieved_at"":""2026-10-01T23:21:39.584Z"",""raw_snapshot"":{""path"":""docs/political-data/raw/germany/2026-10-01T23-21-39-584Z_02e7077f9358c9ef/final-results.zip"",""sha256"":""02e7077f9358c9ef408741ee5d17123a43c28ea766b26a7ab338c08fcaeb7512""},""parser_version"":""germany-production-v1"",""parser_sha256"":""2a8eb3487f392ef83303e7fb9ff246e4c111a7e64a469a6aa9eb21461ae9b1a0"",""fields_covered"":[""second_votes"",""registered_label_native""],""published_or_derived"":""published"",""source_member"":""btw2002_kerg.csv"",""source_member_sha256"":""2407b62efac5c001dd189d58489c955c4a8d07dfab797d985d1d56fe2ecf9cb5"",""source_column"":24},{""source_id"":""src-de-bwl-historical-results"",""source_url"":""https://www.bundeswahlleiterin.de/dam/jcr/24d8e745-920d-431a-893a-12805bc7ef40/btw_ab49_datenbank_ergebnisse.csv"",""source_record_id"":""csv-record-384"",""retrieved_at"":""2026-10-01T23:20:00.007Z"",""raw_snapshot"":{""path"":""docs/political-data/raw/germany/2026-10-01T23-20-00-007Z_9efffc24b559679a/results.csv"",""sha256"":""9efffc24b559679ade291d8da63462e5523b43ac62064e759737c3ae01418484""},""parser_version"":""germany-production-v1"",""parser_sha256"":""2a8eb3487f392ef83303e7fb9ff246e4c111a7e64a469a6aa9eb21461ae9b1a0"",""fields_covered"":[""published_vote_share"",""seats""],""published_or_derived"":""published"",""columns"":[6,79],""compilation_label"":""GRAUE"",""alignment_basis"":""unique exact national second-vote count in the same election; not party identity""},{""source_id"":""src-de-bwl-historical-results"",""source_url"":""https://www.bundeswahlleiterin.de/dam/jcr/24d8e745-920d-431a-893a-12805bc7ef40/btw_ab49_datenbank_ergebnisse.csv"",""source_record_id"":""csv-record-86"",""retrieved_at"":""2026-10-01T23:20:00.007Z"",""raw_snapshot"":{""path"":""docs/political-data/raw/germany/2026-10-01T23-20-00-007Z_9efffc24b559679a/results.csv"",""sha256"":""9efffc24b559679ade291d8da63462e5523b43ac62064e759737c3ae01418484""},""parser_version"":""germany-production-v1"",""parser_sha256"":""2a8eb3487f392ef83303e7fb9ff246e4c111a7e64a469a6aa9eb21461ae9b1a0"",""fields_covered"":[""total_seats"",""valid_second_votes""],""published_or_derived"":""published"",""columns"":[4,79]},{""source_id"":""src-de-bwl-final-archive"",""source_url"":""https://www.bundeswahlleiterin.de/dam/jcr/ce2d2b6a-f211-4355-8eea-355c98cd4e47/btw_kerg.zip"",""source_record_id"":""2407b62efac5c001dd189d58489c955c4a8d07dfab797d985d1d56fe2ecf9cb5:btw2002_kerg.csv:340:24"",""retrieved_at"":""2026-10-01T23:21:39.584Z"",""raw_snapshot"":{""path"":""docs/political-data/raw/germany/2026-10-01T23-21-39-584Z_02e7077f9358c9ef/final-results.zip"",""sha256"":""02e7077f9358c9ef408741ee5d17123a43c28ea766b26a7ab338c08fcaeb7512""},""parser_version"":""germany-production-v1"",""parser_sha256"":""2a8eb3487f392ef83303e7fb9ff246e4c111a7e64a469a6aa9eb21461ae9b1a0"",""fields_covered"":[""derived_vote_share""],""published_or_derived"":""derived"",""formula"":""100 * second_votes / valid_second_votes"",""input_fields"":[""second_votes"",""el-de-bt-2002-09-22:valid_second_votes""]},{""source_id"":""src-de-bwl-historical-results"",""source_url"":""https://www.bundeswahlleiterin.de/dam/jcr/24d8e745-920d-431a-893a-12805bc7ef40/btw_ab49_datenbank_ergebnisse.csv"",""source_record_id"":""csv-record-384"",""retrieved_at"":""2026-10-01T23:20:00.007Z"",""raw_snapshot"":{""path"":""docs/political-data/raw/germany/2026-10-01T23-20-00-007Z_9efffc24b559679a/results.csv"",""sha256"":""9efffc24b559679ade291d8da63462e5523b43ac62064e759737c3ae01418484""},""parser_version"":""germany-production-v1"",""parser_sha256"":""2a8eb3487f392ef83303e7fb9ff246e4c111a7e64a469a6aa9eb21461ae9b1a0"",""fields_covered"":[""derived_seat_share""],""published_or_derived"":""derived"",""formula"":""100 * seats / total_seats; null remains null"",""input_fields"":[""seats"",""lg-de-bt-15:total_seats""]}]"
"er-ct-de-0009","germany","national","el-de-bt-2002-09-22","ct-de-0009","second_vote","47996480","603","159655","0.3","0.33263897685830296",,,"final","[{""source_id"":""src-de-bwl-final-archive"",""source_url"":""https://www.bundeswahlleiterin.de/dam/jcr/ce2d2b6a-f211-4355-8eea-355c98cd4e47/btw_kerg.zip"",""source_record_id"":""2407b62efac5c001dd189d58489c955c4a8d07dfab797d985d1d56fe2ecf9cb5:btw2002_kerg.csv:340:26"",""retrieved_at"":""2026-10-01T23:21:39.584Z"",""raw_snapshot"":{""path"":""docs/political-data/raw/germany/2026-10-01T23-21-39-584Z_02e7077f9358c9ef/final-results.zip"",""sha256"":""02e7077f9358c9ef408741ee5d17123a43c28ea766b26a7ab338c08fcaeb7512""},""parser_version"":""germany-production-v1"",""parser_sha256"":""2a8eb3487f392ef83303e7fb9ff246e4c111a7e64a469a6aa9eb21461ae9b1a0"",""fields_covered"":[""second_votes"",""registered_label_native""],""published_or_derived"":""published"",""source_member"":""btw2002_kerg.csv"",""source_member_sha256"":""2407b62efac5c001dd189d58489c955c4a8d07dfab797d985d1d56fe2ecf9cb5"",""source_column"":26},{""source_id"":""src-de-bwl-historical-results"",""source_url"":""https://www.bundeswahlleiterin.de/dam/jcr/24d8e745-920d-431a-893a-12805bc7ef40/btw_ab49_datenbank_ergebnisse.csv"",""source_record_id"":""csv-record-533"",""retrieved_at"":""2026-10-01T23:20:00.007Z"",""raw_snapshot"":{""path"":""docs/political-data/raw/germany/2026-10-01T23-20-00-007Z_9efffc24b559679a/results.csv"",""sha256"":""9efffc24b559679ade291d8da63462e5523b43ac62064e759737c3ae01418484""},""parser_version"":""germany-production-v1"",""parser_sha256"":""2a8eb3487f392ef83303e7fb9ff246e4c111a7e64a469a6aa9eb21461ae9b1a0"",""fields_covered"":[""published_vote_share"",""seats""],""published_or_derived"":""published"",""columns"":[6,79],""compilation_label"":""Tierschutzpartei"",""alignment_basis"":""unique exact national second-vote count in the same election; not party identity""},{""source_id"":""src-de-bwl-historical-results"",""source_url"":""https://www.bundeswahlleiterin.de/dam/jcr/24d8e745-920d-431a-893a-12805bc7ef40/btw_ab49_datenbank_ergebnisse.csv"",""source_record_id"":""csv-record-86"",""retrieved_at"":""2026-10-01T23:20:00.007Z"",""raw_snapshot"":{""path"":""docs/political-data/raw/germany/2026-10-01T23-20-00-007Z_9efffc24b559679a/results.csv"",""sha256"":""9efffc24b559679ade291d8da63462e5523b43ac62064e759737c3ae01418484""},""parser_version"":""germany-production-v1"",""parser_sha256"":""2a8eb3487f392ef83303e7fb9ff246e4c111a7e64a469a6aa9eb21461ae9b1a0"",""fields_covered"":[""total_seats"",""valid_second_votes""],""published_or_derived"":""published"",""columns"":[4,79]},{""source_id"":""src-de-bwl-final-archive"",""source_url"":""https://www.bundeswahlleiterin.de/dam/jcr/ce2d2b6a-f211-4355-8eea-355c98cd4e47/btw_kerg.zip"",""source_record_id"":""2407b62efac5c001dd189d58489c955c4a8d07dfab797d985d1d56fe2ecf9cb5:btw2002_kerg.csv:340:26"",""retrieved_at"":""2026-10-01T23:21:39.584Z"",""raw_snapshot"":{""path"":""docs/political-data/raw/germany/2026-10-01T23-21-39-584Z_02e7077f9358c9ef/final-results.zip"",""sha256"":""02e7077f9358c9ef408741ee5d17123a43c28ea766b26a7ab338c08fcaeb7512""},""parser_version"":""germany-production-v1"",""parser_sha256"":""2a8eb3487f392ef83303e7fb9ff246e4c111a7e64a469a6aa9eb21461ae9b1a0"",""fields_covered"":[""derived_vote_share""],""published_or_derived"":""derived"",""formula"":""100 * second_votes / valid_second_votes"",""input_fields"":[""second_votes"",""el-de-bt-2002-09-22:valid_second_votes""]},{""source_id"":""src-de-bwl-historical-results"",""source_url"":""https://www.bundeswahlleiterin.de/dam/jcr/24d8e745-920d-431a-893a-12805bc7ef40/btw_ab49_datenbank_ergebnisse.csv"",""source_record_id"":""csv-record-533"",""retrieved_at"":""2026-10-01T23:20:00.007Z"",""raw_snapshot"":{""path"":""docs/political-data/raw/germany/2026-10-01T23-20-00-007Z_9efffc24b559679a/results.csv"",""sha256"":""9efffc24b559679ade291d8da63462e5523b43ac62064e759737c3ae01418484""},""parser_version"":""germany-production-v1"",""parser_sha256"":""2a8eb3487f392ef83303e7fb9ff246e4c111a7e64a469a6aa9eb21461ae9b1a0"",""fields_covered"":[""derived_seat_share""],""published_or_derived"":""derived"",""formula"":""100 * seats / total_seats; null remains null"",""input_fields"":[""seats"",""lg-de-bt-15:total_seats""]}]"
"er-ct-de-0010","germany","national","el-de-bt-2002-09-22","ct-de-0010","second_vote","47996480","603","215232","0.4","0.4484328850782391",,,"final","[{""source_id"":""src-de-bwl-final-archive"",""source_url"":""https://www.bundeswahlleiterin.de/dam/jcr/ce2d2b6a-f211-4355-8eea-355c98cd4e47/btw_kerg.zip"",""source_record_id"":""2407b62efac5c001dd189d58489c955c4a8d07dfab797d985d1d56fe2ecf9cb5:btw2002_kerg.csv:340:28"",""retrieved_at"":""2026-10-01T23:21:39.584Z"",""raw_snapshot"":{""path"":""docs/political-data/raw/germany/2026-10-01T23-21-39-584Z_02e7077f9358c9ef/final-results.zip"",""sha256"":""02e7077f9358c9ef408741ee5d17123a43c28ea766b26a7ab338c08fcaeb7512""},""parser_version"":""germany-production-v1"",""parser_sha256"":""2a8eb3487f392ef83303e7fb9ff246e4c111a7e64a469a6aa9eb21461ae9b1a0"",""fields_covered"":[""second_votes"",""registered_label_native""],""published_or_derived"":""published"",""source_member"":""btw2002_kerg.csv"",""source_member_sha256"":""2407b62efac5c001dd189d58489c955c4a8d07dfab797d985d1d56fe2ecf9cb5"",""source_column"":28},{""source_id"":""src-de-bwl-historical-results"",""source_url"":""https://www.bundeswahlleiterin.de/dam/jcr/24d8e745-920d-431a-893a-12805bc7ef40/btw_ab49_datenbank_ergebnisse.csv"",""source_record_id"":""csv-record-397"",""retrieved_at"":""2026-10-01T23:20:00.007Z"",""raw_snapshot"":{""path"":""docs/political-data/raw/germany/2026-10-01T23-20-00-007Z_9efffc24b559679a/results.csv"",""sha256"":""9efffc24b559679ade291d8da63462e5523b43ac62064e759737c3ae01418484""},""parser_version"":""germany-production-v1"",""parser_sha256"":""2a8eb3487f392ef83303e7fb9ff246e4c111a7e64a469a6aa9eb21461ae9b1a0"",""fields_covered"":[""published_vote_share"",""seats""],""published_or_derived"":""published"",""columns"":[6,79],""compilation_label"":""HEIMAT"",""alignment_basis"":""unique exact national second-vote count in the same election; not party identity""},{""source_id"":""src-de-bwl-historical-results"",""source_url"":""https://www.bundeswahlleiterin.de/dam/jcr/24d8e745-920d-431a-893a-12805bc7ef40/btw_ab49_datenbank_ergebnisse.csv"",""source_record_id"":""csv-record-86"",""retrieved_at"":""2026-10-01T23:20:00.007Z"",""raw_snapshot"":{""path"":""docs/political-data/raw/germany/2026-10-01T23-20-00-007Z_9efffc24b559679a/results.csv"",""sha256"":""9efffc24b559679ade291d8da63462e5523b43ac62064e759737c3ae01418484""},""parser_version"":""germany-production-v1"",""parser_sha256"":""2a8eb3487f392ef83303e7fb9ff246e4c111a7e64a469a6aa9eb21461ae9b1a0"",""fields_covered"":[""total_seats"",""valid_second_votes""],""published_or_derived"":""published"",""columns"":[4,79]},{""source_id"":""src-de-bwl-final-archive"",""source_url"":""https://www.bundeswahlleiterin.de/dam/jcr/ce2d2b6a-f211-4355-8eea-355c98cd4e47/btw_kerg.zip"",""source_record_id"":""2407b62efac5c001dd189d58489c955c4a8d07dfab797d985d1d56fe2ecf9cb5:btw2002_kerg.csv:340:28"",""retrieved_at"":""2026-10-01T23:21:39.584Z"",""raw_snapshot"":{""path"":""docs/political-data/raw/germany/2026-10-01T23-21-39-584Z_02e7077f9358c9ef/final-results.zip"",""sha256"":""02e7077f9358c9ef408741ee5d17123a43c28ea766b26a7ab338c08fcaeb7512""},""parser_version"":""germany-production-v1"",""parser_sha256"":""2a8eb3487f392ef83303e7fb9ff246e4c111a7e64a469a6aa9eb21461ae9b1a0"",""fields_covered"":[""derived_vote_share""],""published_or_derived"":""derived"",""formula"":""100 * second_votes / valid_second_votes"",""input_fields"":[""second_votes"",""el-de-bt-2002-09-22:valid_second_votes""]},{""source_id"":""src-de-bwl-historical-results"",""source_url"":""https://www.bundeswahlleiterin.de/dam/jcr/24d8e745-920d-431a-893a-12805bc7ef40/btw_ab49_datenbank_ergebnisse.csv"",""source_record_id"":""csv-record-397"",""retrieved_at"":""2026-10-01T23:20:00.007Z"",""raw_snapshot"":{""path"":""docs/political-data/raw/germany/2026-10-01T23-20-00-007Z_9efffc24b559679a/results.csv"",""sha256"":""9efffc24b559679ade291d8da63462e5523b43ac62064e759737c3ae01418484""},""parser_version"":""germany-production-v1"",""parser_sha256"":""2a8eb3487f392ef83303e7fb9ff246e4c111a7e64a469a6aa9eb21461ae9b1a0"",""fields_covered"":[""derived_seat_share""],""published_or_derived"":""derived"",""formula"":""100 * seats / total_seats; null remains null"",""input_fields"":[""seats"",""lg-de-bt-15:total_seats""]}]"
"er-ct-de-0011","germany","national","el-de-bt-2002-09-22","ct-de-0011","second_vote","47996480","603","56898","0.1","0.11854619338751508",,,"final","[{""source_id"":""src-de-bwl-final-archive"",""source_url"":""https://www.bundeswahlleiterin.de/dam/jcr/ce2d2b6a-f211-4355-8eea-355c98cd4e47/btw_kerg.zip"",""source_record_id"":""2407b62efac5c001dd189d58489c955c4a8d07dfab797d985d1d56fe2ecf9cb5:btw2002_kerg.csv:340:30"",""retrieved_at"":""2026-10-01T23:21:39.584Z"",""raw_snapshot"":{""path"":""docs/political-data/raw/germany/2026-10-01T23-21-39-584Z_02e7077f9358c9ef/final-results.zip"",""sha256"":""02e7077f9358c9ef408741ee5d17123a43c28ea766b26a7ab338c08fcaeb7512""},""parser_version"":""germany-production-v1"",""parser_sha256"":""2a8eb3487f392ef83303e7fb9ff246e4c111a7e64a469a6aa9eb21461ae9b1a0"",""fields_covered"":[""second_votes"",""registered_label_native""],""published_or_derived"":""published"",""source_member"":""btw2002_kerg.csv"",""source_member_sha256"":""2407b62efac5c001dd189d58489c955c4a8d07dfab797d985d1d56fe2ecf9cb5"",""source_column"":30},{""source_id"":""src-de-bwl-historical-results"",""source_url"":""https://www.bundeswahlleiterin.de/dam/jcr/24d8e745-920d-431a-893a-12805bc7ef40/btw_ab49_datenbank_ergebnisse.csv"",""source_record_id"":""csv-record-457"",""retrieved_at"":""2026-10-01T23:20:00.007Z"",""raw_snapshot"":{""path"":""docs/political-data/raw/germany/2026-10-01T23-20-00-007Z_9efffc24b559679a/results.csv"",""sha256"":""9efffc24b559679ade291d8da63462e5523b43ac62064e759737c3ae01418484""},""parser_version"":""germany-production-v1"",""parser_sha256"":""2a8eb3487f392ef83303e7fb9ff246e4c111a7e64a469a6aa9eb21461ae9b1a0"",""fields_covered"":[""published_vote_share"",""seats""],""published_or_derived"":""published"",""columns"":[6,79],""compilation_label"":""ödp"",""alignment_basis"":""unique exact national second-vote count in the same election; not party identity""},{""source_id"":""src-de-bwl-historical-results"",""source_url"":""https://www.bundeswahlleiterin.de/dam/jcr/24d8e745-920d-431a-893a-12805bc7ef40/btw_ab49_datenbank_ergebnisse.csv"",""source_record_id"":""csv-record-86"",""retrieved_at"":""2026-10-01T23:20:00.007Z"",""raw_snapshot"":{""path"":""docs/political-data/raw/germany/2026-10-01T23-20-00-007Z_9efffc24b559679a/results.csv"",""sha256"":""9efffc24b559679ade291d8da63462e5523b43ac62064e759737c3ae01418484""},""parser_version"":""germany-production-v1"",""parser_sha256"":""2a8eb3487f392ef83303e7fb9ff246e4c111a7e64a469a6aa9eb21461ae9b1a0"",""fields_covered"":[""total_seats"",""valid_second_votes""],""published_or_derived"":""published"",""columns"":[4,79]},{""source_id"":""src-de-bwl-final-archive"",""source_url"":""https://www.bundeswahlleiterin.de/dam/jcr/ce2d2b6a-f211-4355-8eea-355c98cd4e47/btw_kerg.zip"",""source_record_id"":""2407b62efac5c001dd189d58489c955c4a8d07dfab797d985d1d56fe2ecf9cb5:btw2002_kerg.csv:340:30"",""retrieved_at"":""2026-10-01T23:21:39.584Z"",""raw_snapshot"":{""path"":""docs/political-data/raw/germany/2026-10-01T23-21-39-584Z_02e7077f9358c9ef/final-results.zip"",""sha256"":""02e7077f9358c9ef408741ee5d17123a43c28ea766b26a7ab338c08fcaeb7512""},""parser_version"":""germany-production-v1"",""parser_sha256"":""2a8eb3487f392ef83303e7fb9ff246e4c111a7e64a469a6aa9eb21461ae9b1a0"",""fields_covered"":[""derived_vote_share""],""published_or_derived"":""derived"",""formula"":""100 * second_votes / valid_second_votes"",""input_fields"":[""second_votes"",""el-de-bt-2002-09-22:valid_second_votes""]},{""source_id"":""src-de-bwl-historical-results"",""source_url"":""https://www.bundeswahlleiterin.de/dam/jcr/24d8e745-920d-431a-893a-12805bc7ef40/btw_ab49_datenbank_ergebnisse.csv"",""source_record_id"":""csv-record-457"",""retrieved_at"":""2026-10-01T23:20:00.007Z"",""raw_snapshot"":{""path"":""docs/political-data/raw/germany/2026-10-01T23-20-00-007Z_9efffc24b559679a/results.csv"",""sha256"":""9efffc24b559679ade291d8da63462e5523b43ac62064e759737c3ae01418484""},""parser_version"":""germany-production-v1"",""parser_sha256"":""2a8eb3487f392ef83303e7fb9ff246e4c111a7e64a469a6aa9eb21461ae9b1a0"",""fields_covered"":[""derived_seat_share""],""published_or_derived"":""derived"",""formula"":""100 * seats / total_seats; null remains null"",""input_fields"":[""seats"",""lg-de-bt-15:total_seats""]}]"
"er-ct-de-0012","germany","national","el-de-bt-2002-09-22","ct-de-0012","second_vote","47996480","603","101645","0.2","0.21177594690277288",,,"final","[{""source_id"":""src-de-bwl-final-archive"",""source_url"":""https://www.bundeswahlleiterin.de/dam/jcr/ce2d2b6a-f211-4355-8eea-355c98cd4e47/btw_kerg.zip"",""source_record_id"":""2407b62efac5c001dd189d58489c955c4a8d07dfab797d985d1d56fe2ecf9cb5:btw2002_kerg.csv:340:32"",""retrieved_at"":""2026-10-01T23:21:39.584Z"",""raw_snapshot"":{""path"":""docs/political-data/raw/germany/2026-10-01T23-21-39-584Z_02e7077f9358c9ef/final-results.zip"",""sha256"":""02e7077f9358c9ef408741ee5d17123a43c28ea766b26a7ab338c08fcaeb7512""},""parser_version"":""germany-production-v1"",""parser_sha256"":""2a8eb3487f392ef83303e7fb9ff246e4c111a7e64a469a6aa9eb21461ae9b1a0"",""fields_covered"":[""second_votes"",""registered_label_native""],""published_or_derived"":""published"",""source_member"":""btw2002_kerg.csv"",""source_member_sha256"":""2407b62efac5c001dd189d58489c955c4a8d07dfab797d985d1d56fe2ecf9cb5"",""source_column"":32},{""source_id"":""src-de-bwl-historical-results"",""source_url"":""https://www.bundeswahlleiterin.de/dam/jcr/24d8e745-920d-431a-893a-12805bc7ef40/btw_ab49_datenbank_ergebnisse.csv"",""source_record_id"":""csv-record-471"",""retrieved_at"":""2026-10-01T23:20:00.007Z"",""raw_snapshot"":{""path"":""docs/political-data/raw/germany/2026-10-01T23-20-00-007Z_9efffc24b559679a/results.csv"",""sha256"":""9efffc24b559679ade291d8da63462e5523b43ac62064e759737c3ae01418484""},""parser_version"":""germany-production-v1"",""parser_sha256"":""2a8eb3487f392ef83303e7fb9ff246e4c111a7e64a469a6aa9eb21461ae9b1a0"",""fields_covered"":[""published_vote_share"",""seats""],""published_or_derived"":""published"",""columns"":[6,79],""compilation_label"":""PBC"",""alignment_basis"":""unique exact national second-vote count in the same election; not party identity""},{""source_id"":""src-de-bwl-historical-results"",""source_url"":""https://www.bundeswahlleiterin.de/dam/jcr/24d8e745-920d-431a-893a-12805bc7ef40/btw_ab49_datenbank_ergebnisse.csv"",""source_record_id"":""csv-record-86"",""retrieved_at"":""2026-10-01T23:20:00.007Z"",""raw_snapshot"":{""path"":""docs/political-data/raw/germany/2026-10-01T23-20-00-007Z_9efffc24b559679a/results.csv"",""sha256"":""9efffc24b559679ade291d8da63462e5523b43ac62064e759737c3ae01418484""},""parser_version"":""germany-production-v1"",""parser_sha256"":""2a8eb3487f392ef83303e7fb9ff246e4c111a7e64a469a6aa9eb21461ae9b1a0"",""fields_covered"":[""total_seats"",""valid_second_votes""],""published_or_derived"":""published"",""columns"":[4,79]},{""source_id"":""src-de-bwl-final-archive"",""source_url"":""https://www.bundeswahlleiterin.de/dam/jcr/ce2d2b6a-f211-4355-8eea-355c98cd4e47/btw_kerg.zip"",""source_record_id"":""2407b62efac5c001dd189d58489c955c4a8d07dfab797d985d1d56fe2ecf9cb5:btw2002_kerg.csv:340:32"",""retrieved_at"":""2026-10-01T23:21:39.584Z"",""raw_snapshot"":{""path"":""docs/political-data/raw/germany/2026-10-01T23-21-39-584Z_02e7077f9358c9ef/final-results.zip"",""sha256"":""02e7077f9358c9ef408741ee5d17123a43c28ea766b26a7ab338c08fcaeb7512""},""parser_version"":""germany-production-v1"",""parser_sha256"":""2a8eb3487f392ef83303e7fb9ff246e4c111a7e64a469a6aa9eb21461ae9b1a0"",""fields_covered"":[""derived_vote_share""],""published_or_derived"":""derived"",""formula"":""100 * second_votes / valid_second_votes"",""input_fields"":[""second_votes"",""el-de-bt-2002-09-22:valid_second_votes""]},{""source_id"":""src-de-bwl-historical-results"",""source_url"":""https://www.bundeswahlleiterin.de/dam/jcr/24d8e745-920d-431a-893a-12805bc7ef40/btw_ab49_datenbank_ergebnisse.csv"",""source_record_id"":""csv-record-471"",""retrieved_at"":""2026-10-01T23:20:00.007Z"",""raw_snapshot"":{""path"":""docs/political-data/raw/germany/2026-10-01T23-20-00-007Z_9efffc24b559679a/results.csv"",""sha256"":""9efffc24b559679ade291d8da63462e5523b43ac62064e759737c3ae01418484""},""parser_version"":""germany-production-v1"",""parser_sha256"":""2a8eb3487f392ef83303e7fb9ff246e4c111a7e64a469a6aa9eb21461ae9b1a0"",""fields_covered"":[""derived_seat_share""],""published_or_derived"":""derived"",""formula"":""100 * seats / total_seats; null remains null"",""input_fields"":[""seats"",""lg-de-bt-15:total_seats""]}]"
"er-ct-de-0013","germany","national","el-de-bt-2002-09-22","ct-de-0013","second_vote","47996480","603","36832","0.1","0.07673896085712953",,,"final","[{""source_id"":""src-de-bwl-final-archive"",""source_url"":""https://www.bundeswahlleiterin.de/dam/jcr/ce2d2b6a-f211-4355-8eea-355c98cd4e47/btw_kerg.zip"",""source_record_id"":""2407b62efac5c001dd189d58489c955c4a8d07dfab797d985d1d56fe2ecf9cb5:btw2002_kerg.csv:340:34"",""retrieved_at"":""2026-10-01T23:21:39.584Z"",""raw_snapshot"":{""path"":""docs/political-data/raw/germany/2026-10-01T23-21-39-584Z_02e7077f9358c9ef/final-results.zip"",""sha256"":""02e7077f9358c9ef408741ee5d17123a43c28ea766b26a7ab338c08fcaeb7512""},""parser_version"":""germany-production-v1"",""parser_sha256"":""2a8eb3487f392ef83303e7fb9ff246e4c111a7e64a469a6aa9eb21461ae9b1a0"",""fields_covered"":[""second_votes"",""registered_label_native""],""published_or_derived"":""published"",""source_member"":""btw2002_kerg.csv"",""source_member_sha256"":""2407b62efac5c001dd189d58489c955c4a8d07dfab797d985d1d56fe2ecf9cb5"",""source_column"":34},{""source_id"":""src-de-bwl-historical-results"",""source_url"":""https://www.bundeswahlleiterin.de/dam/jcr/24d8e745-920d-431a-893a-12805bc7ef40/btw_ab49_datenbank_ergebnisse.csv"",""source_record_id"":""csv-record-290"",""retrieved_at"":""2026-10-01T23:20:00.007Z"",""raw_snapshot"":{""path"":""docs/political-data/raw/germany/2026-10-01T23-20-00-007Z_9efffc24b559679a/results.csv"",""sha256"":""9efffc24b559679ade291d8da63462e5523b43ac62064e759737c3ae01418484""},""parser_version"":""germany-production-v1"",""parser_sha256"":""2a8eb3487f392ef83303e7fb9ff246e4c111a7e64a469a6aa9eb21461ae9b1a0"",""fields_covered"":[""published_vote_share"",""seats""],""published_or_derived"":""published"",""columns"":[6,79],""compilation_label"":""DIE FRAUEN"",""alignment_basis"":""unique exact national second-vote count in the same election; not party identity""},{""source_id"":""src-de-bwl-historical-results"",""source_url"":""https://www.bundeswahlleiterin.de/dam/jcr/24d8e745-920d-431a-893a-12805bc7ef40/btw_ab49_datenbank_ergebnisse.csv"",""source_record_id"":""csv-record-86"",""retrieved_at"":""2026-10-01T23:20:00.007Z"",""raw_snapshot"":{""path"":""docs/political-data/raw/germany/2026-10-01T23-20-00-007Z_9efffc24b559679a/results.csv"",""sha256"":""9efffc24b559679ade291d8da63462e5523b43ac62064e759737c3ae01418484""},""parser_version"":""germany-production-v1"",""parser_sha256"":""2a8eb3487f392ef83303e7fb9ff246e4c111a7e64a469a6aa9eb21461ae9b1a0"",""fields_covered"":[""total_seats"",""valid_second_votes""],""published_or_derived"":""published"",""columns"":[4,79]},{""source_id"":""src-de-bwl-final-archive"",""source_url"":""https://www.bundeswahlleiterin.de/dam/jcr/ce2d2b6a-f211-4355-8eea-355c98cd4e47/btw_kerg.zip"",""source_record_id"":""2407b62efac5c001dd189d58489c955c4a8d07dfab797d985d1d56fe2ecf9cb5:btw2002_kerg.csv:340:34"",""retrieved_at"":""2026-10-01T23:21:39.584Z"",""raw_snapshot"":{""path"":""docs/political-data/raw/germany/2026-10-01T23-21-39-584Z_02e7077f9358c9ef/final-results.zip"",""sha256"":""02e7077f9358c9ef408741ee5d17123a43c28ea766b26a7ab338c08fcaeb7512""},""parser_version"":""germany-production-v1"",""parser_sha256"":""2a8eb3487f392ef83303e7fb9ff246e4c111a7e64a469a6aa9eb21461ae9b1a0"",""fields_covered"":[""derived_vote_share""],""published_or_derived"":""derived"",""formula"":""100 * second_votes / valid_second_votes"",""input_fields"":[""second_votes"",""el-de-bt-2002-09-22:valid_second_votes""]},{""source_id"":""src-de-bwl-historical-results"",""source_url"":""https://www.bundeswahlleiterin.de/dam/jcr/24d8e745-920d-431a-893a-12805bc7ef40/btw_ab49_datenbank_ergebnisse.csv"",""source_record_id"":""csv-record-290"",""retrieved_at"":""2026-10-01T23:20:00.007Z"",""raw_snapshot"":{""path"":""docs/political-data/raw/germany/2026-10-01T23-20-00-007Z_9efffc24b559679a/results.csv"",""sha256"":""9efffc24b559679ade291d8da63462e5523b43ac62064e759737c3ae01418484""},""parser_version"":""germany-production-v1"",""parser_sha256"":""2a8eb3487f392ef83303e7fb9ff246e4c111a7e64a469a6aa9eb21461ae9b1a0"",""fields_covered"":[""derived_seat_share""],""published_or_derived"":""derived"",""formula"":""100 * seats / total_seats; null remains null"",""input_fields"":[""seats"",""lg-de-bt-15:total_seats""]}]"
"er-ct-de-0014","germany","national","el-de-bt-2002-09-22","ct-de-0014","second_vote","47996480","603","9379","0","0.019541016341198356",,,"final","[{""source_id"":""src-de-bwl-final-archive"",""source_url"":""https://www.bundeswahlleiterin.de/dam/jcr/ce2d2b6a-f211-4355-8eea-355c98cd4e47/btw_kerg.zip"",""source_record_id"":""2407b62efac5c001dd189d58489c955c4a8d07dfab797d985d1d56fe2ecf9cb5:btw2002_kerg.csv:340:36"",""retrieved_at"":""2026-10-01T23:21:39.584Z"",""raw_snapshot"":{""path"":""docs/political-data/raw/germany/2026-10-01T23-21-39-584Z_02e7077f9358c9ef/final-results.zip"",""sha256"":""02e7077f9358c9ef408741ee5d17123a43c28ea766b26a7ab338c08fcaeb7512""},""parser_version"":""germany-production-v1"",""parser_sha256"":""2a8eb3487f392ef83303e7fb9ff246e4c111a7e64a469a6aa9eb21461ae9b1a0"",""fields_covered"":[""second_votes"",""registered_label_native""],""published_or_derived"":""published"",""source_member"":""btw2002_kerg.csv"",""source_member_sha256"":""2407b62efac5c001dd189d58489c955c4a8d07dfab797d985d1d56fe2ecf9cb5"",""source_column"":36},{""source_id"":""src-de-bwl-historical-results"",""source_url"":""https://www.bundeswahlleiterin.de/dam/jcr/24d8e745-920d-431a-893a-12805bc7ef40/btw_ab49_datenbank_ergebnisse.csv"",""source_record_id"":""csv-record-238"",""retrieved_at"":""2026-10-01T23:20:00.007Z"",""raw_snapshot"":{""path"":""docs/political-data/raw/germany/2026-10-01T23-20-00-007Z_9efffc24b559679a/results.csv"",""sha256"":""9efffc24b559679ade291d8da63462e5523b43ac62064e759737c3ae01418484""},""parser_version"":""germany-production-v1"",""parser_sha256"":""2a8eb3487f392ef83303e7fb9ff246e4c111a7e64a469a6aa9eb21461ae9b1a0"",""fields_covered"":[""published_vote_share"",""seats""],""published_or_derived"":""published"",""columns"":[6,79],""compilation_label"":""BP"",""alignment_basis"":""unique exact national second-vote count in the same election; not party identity""},{""source_id"":""src-de-bwl-historical-results"",""source_url"":""https://www.bundeswahlleiterin.de/dam/jcr/24d8e745-920d-431a-893a-12805bc7ef40/btw_ab49_datenbank_ergebnisse.csv"",""source_record_id"":""csv-record-86"",""retrieved_at"":""2026-10-01T23:20:00.007Z"",""raw_snapshot"":{""path"":""docs/political-data/raw/germany/2026-10-01T23-20-00-007Z_9efffc24b559679a/results.csv"",""sha256"":""9efffc24b559679ade291d8da63462e5523b43ac62064e759737c3ae01418484""},""parser_version"":""germany-production-v1"",""parser_sha256"":""2a8eb3487f392ef83303e7fb9ff246e4c111a7e64a469a6aa9eb21461ae9b1a0"",""fields_covered"":[""total_seats"",""valid_second_votes""],""published_or_derived"":""published"",""columns"":[4,79]},{""source_id"":""src-de-bwl-final-archive"",""source_url"":""https://www.bundeswahlleiterin.de/dam/jcr/ce2d2b6a-f211-4355-8eea-355c98cd4e47/btw_kerg.zip"",""source_record_id"":""2407b62efac5c001dd189d58489c955c4a8d07dfab797d985d1d56fe2ecf9cb5:btw2002_kerg.csv:340:36"",""retrieved_at"":""2026-10-01T23:21:39.584Z"",""raw_snapshot"":{""path"":""docs/political-data/raw/germany/2026-10-01T23-21-39-584Z_02e7077f9358c9ef/final-results.zip"",""sha256"":""02e7077f9358c9ef408741ee5d17123a43c28ea766b26a7ab338c08fcaeb7512""},""parser_version"":""germany-production-v1"",""parser_sha256"":""2a8eb3487f392ef83303e7fb9ff246e4c111a7e64a469a6aa9eb21461ae9b1a0"",""fields_covered"":[""derived_vote_share""],""published_or_derived"":""derived"",""formula"":""100 * second_votes / valid_second_votes"",""input_fields"":[""second_votes"",""el-de-bt-2002-09-22:valid_second_votes""]},{""source_id"":""src-de-bwl-historical-results"",""source_url"":""https://www.bundeswahlleiterin.de/dam/jcr/24d8e745-920d-431a-893a-12805bc7ef40/btw_ab49_datenbank_ergebnisse.csv"",""source_record_id"":""csv-record-238"",""retrieved_at"":""2026-10-01T23:20:00.007Z"",""raw_snapshot"":{""path"":""docs/political-data/raw/germany/2026-10-01T23-20-00-007Z_9efffc24b559679a/results.csv"",""sha256"":""9efffc24b559679ade291d8da63462e5523b43ac62064e759737c3ae01418484""},""parser_version"":""germany-production-v1"",""parser_sha256"":""2a8eb3487f392ef83303e7fb9ff246e4c111a7e64a469a6aa9eb21461ae9b1a0"",""fields_covered"":[""derived_seat_share""],""published_or_derived"":""derived"",""formula"":""100 * seats / total_seats; null remains null"",""input_fields"":[""seats"",""lg-de-bt-15:total_seats""]}]"
"er-ct-de-0015","germany","national","el-de-bt-2002-09-22","ct-de-0015","second_vote","47996480","603","30045","0.1","0.0625983405449733",,,"final","[{""source_id"":""src-de-bwl-final-archive"",""source_url"":""https://www.bundeswahlleiterin.de/dam/jcr/ce2d2b6a-f211-4355-8eea-355c98cd4e47/btw_kerg.zip"",""source_record_id"":""2407b62efac5c001dd189d58489c955c4a8d07dfab797d985d1d56fe2ecf9cb5:btw2002_kerg.csv:340:38"",""retrieved_at"":""2026-10-01T23:21:39.584Z"",""raw_snapshot"":{""path"":""docs/political-data/raw/germany/2026-10-01T23-21-39-584Z_02e7077f9358c9ef/final-results.zip"",""sha256"":""02e7077f9358c9ef408741ee5d17123a43c28ea766b26a7ab338c08fcaeb7512""},""parser_version"":""germany-production-v1"",""parser_sha256"":""2a8eb3487f392ef83303e7fb9ff246e4c111a7e64a469a6aa9eb21461ae9b1a0"",""fields_covered"":[""second_votes"",""registered_label_native""],""published_or_derived"":""published"",""source_member"":""btw2002_kerg.csv"",""source_member_sha256"":""2407b62efac5c001dd189d58489c955c4a8d07dfab797d985d1d56fe2ecf9cb5"",""source_column"":38},{""source_id"":""src-de-bwl-historical-results"",""source_url"":""https://www.bundeswahlleiterin.de/dam/jcr/24d8e745-920d-431a-893a-12805bc7ef40/btw_ab49_datenbank_ergebnisse.csv"",""source_record_id"":""csv-record-353"",""retrieved_at"":""2026-10-01T23:20:00.007Z"",""raw_snapshot"":{""path"":""docs/political-data/raw/germany/2026-10-01T23-20-00-007Z_9efffc24b559679a/results.csv"",""sha256"":""9efffc24b559679ade291d8da63462e5523b43ac62064e759737c3ae01418484""},""parser_version"":""germany-production-v1"",""parser_sha256"":""2a8eb3487f392ef83303e7fb9ff246e4c111a7e64a469a6aa9eb21461ae9b1a0"",""fields_covered"":[""published_vote_share"",""seats""],""published_or_derived"":""published"",""columns"":[6,79],""compilation_label"":""FAMILIE"",""alignment_basis"":""unique exact national second-vote count in the same election; not party identity""},{""source_id"":""src-de-bwl-historical-results"",""source_url"":""https://www.bundeswahlleiterin.de/dam/jcr/24d8e745-920d-431a-893a-12805bc7ef40/btw_ab49_datenbank_ergebnisse.csv"",""source_record_id"":""csv-record-86"",""retrieved_at"":""2026-10-01T23:20:00.007Z"",""raw_snapshot"":{""path"":""docs/political-data/raw/germany/2026-10-01T23-20-00-007Z_9efffc24b559679a/results.csv"",""sha256"":""9efffc24b559679ade291d8da63462e5523b43ac62064e759737c3ae01418484""},""parser_version"":""germany-production-v1"",""parser_sha256"":""2a8eb3487f392ef83303e7fb9ff246e4c111a7e64a469a6aa9eb21461ae9b1a0"",""fields_covered"":[""total_seats"",""valid_second_votes""],""published_or_derived"":""published"",""columns"":[4,79]},{""source_id"":""src-de-bwl-final-archive"",""source_url"":""https://www.bundeswahlleiterin.de/dam/jcr/ce2d2b6a-f211-4355-8eea-355c98cd4e47/btw_kerg.zip"",""source_record_id"":""2407b62efac5c001dd189d58489c955c4a8d07dfab797d985d1d56fe2ecf9cb5:btw2002_kerg.csv:340:38"",""retrieved_at"":""2026-10-01T23:21:39.584Z"",""raw_snapshot"":{""path"":""docs/political-data/raw/germany/2026-10-01T23-21-39-584Z_02e7077f9358c9ef/final-results.zip"",""sha256"":""02e7077f9358c9ef408741ee5d17123a43c28ea766b26a7ab338c08fcaeb7512""},""parser_version"":""germany-production-v1"",""parser_sha256"":""2a8eb3487f392ef83303e7fb9ff246e4c111a7e64a469a6aa9eb21461ae9b1a0"",""fields_covered"":[""derived_vote_share""],""published_or_derived"":""derived"",""formula"":""100 * second_votes / valid_second_votes"",""input_fields"":[""second_votes"",""el-de-bt-2002-09-22:valid_second_votes""]},{""source_id"":""src-de-bwl-historical-results"",""source_url"":""https://www.bundeswahlleiterin.de/dam/jcr/24d8e745-920d-431a-893a-12805bc7ef40/btw_ab49_datenbank_ergebnisse.csv"",""source_record_id"":""csv-record-353"",""retrieved_at"":""2026-10-01T23:20:00.007Z"",""raw_snapshot"":{""path"":""docs/political-data/raw/germany/2026-10-01T23-20-00-007Z_9efffc24b559679a/results.csv"",""sha256"":""9efffc24b559679ade291d8da63462e5523b43ac62064e759737c3ae01418484""},""parser_version"":""germany-production-v1"",""parser_sha256"":""2a8eb3487f392ef83303e7fb9ff246e4c111a7e64a469a6aa9eb21461ae9b1a0"",""fields_covered"":[""derived_seat_share""],""published_or_derived"":""derived"",""formula"":""100 * seats / total_seats; null remains null"",""input_fields"":[""seats"",""lg-de-bt-15:total_seats""]}]"
"er-ct-de-0016","germany","national","el-de-bt-2002-09-22","ct-de-0016","second_vote","47996480","603","15440","0","0.03216902572855343",,,"final","[{""source_id"":""src-de-bwl-final-archive"",""source_url"":""https://www.bundeswahlleiterin.de/dam/jcr/ce2d2b6a-f211-4355-8eea-355c98cd4e47/btw_kerg.zip"",""source_record_id"":""2407b62efac5c001dd189d58489c955c4a8d07dfab797d985d1d56fe2ecf9cb5:btw2002_kerg.csv:340:40"",""retrieved_at"":""2026-10-01T23:21:39.584Z"",""raw_snapshot"":{""path"":""docs/political-data/raw/germany/2026-10-01T23-21-39-584Z_02e7077f9358c9ef/final-results.zip"",""sha256"":""02e7077f9358c9ef408741ee5d17123a43c28ea766b26a7ab338c08fcaeb7512""},""parser_version"":""germany-production-v1"",""parser_sha256"":""2a8eb3487f392ef83303e7fb9ff246e4c111a7e64a469a6aa9eb21461ae9b1a0"",""fields_covered"":[""second_votes"",""registered_label_native""],""published_or_derived"":""published"",""source_member"":""btw2002_kerg.csv"",""source_member_sha256"":""2407b62efac5c001dd189d58489c955c4a8d07dfab797d985d1d56fe2ecf9cb5"",""source_column"":40},{""source_id"":""src-de-bwl-historical-results"",""source_url"":""https://www.bundeswahlleiterin.de/dam/jcr/24d8e745-920d-431a-893a-12805bc7ef40/btw_ab49_datenbank_ergebnisse.csv"",""source_record_id"":""csv-record-275"",""retrieved_at"":""2026-10-01T23:20:00.007Z"",""raw_snapshot"":{""path"":""docs/political-data/raw/germany/2026-10-01T23-20-00-007Z_9efffc24b559679a/results.csv"",""sha256"":""9efffc24b559679ade291d8da63462e5523b43ac62064e759737c3ae01418484""},""parser_version"":""germany-production-v1"",""parser_sha256"":""2a8eb3487f392ef83303e7fb9ff246e4c111a7e64a469a6aa9eb21461ae9b1a0"",""fields_covered"":[""published_vote_share"",""seats""],""published_or_derived"":""published"",""columns"":[6,79],""compilation_label"":""CM"",""alignment_basis"":""unique exact national second-vote count in the same election; not party identity""},{""source_id"":""src-de-bwl-historical-results"",""source_url"":""https://www.bundeswahlleiterin.de/dam/jcr/24d8e745-920d-431a-893a-12805bc7ef40/btw_ab49_datenbank_ergebnisse.csv"",""source_record_id"":""csv-record-86"",""retrieved_at"":""2026-10-01T23:20:00.007Z"",""raw_snapshot"":{""path"":""docs/political-data/raw/germany/2026-10-01T23-20-00-007Z_9efffc24b559679a/results.csv"",""sha256"":""9efffc24b559679ade291d8da63462e5523b43ac62064e759737c3ae01418484""},""parser_version"":""germany-production-v1"",""parser_sha256"":""2a8eb3487f392ef83303e7fb9ff246e4c111a7e64a469a6aa9eb21461ae9b1a0"",""fields_covered"":[""total_seats"",""valid_second_votes""],""published_or_derived"":""published"",""columns"":[4,79]},{""source_id"":""src-de-bwl-final-archive"",""source_url"":""https://www.bundeswahlleiterin.de/dam/jcr/ce2d2b6a-f211-4355-8eea-355c98cd4e47/btw_kerg.zip"",""source_record_id"":""2407b62efac5c001dd189d58489c955c4a8d07dfab797d985d1d56fe2ecf9cb5:btw2002_kerg.csv:340:40"",""retrieved_at"":""2026-10-01T23:21:39.584Z"",""raw_snapshot"":{""path"":""docs/political-data/raw/germany/2026-10-01T23-21-39-584Z_02e7077f9358c9ef/final-results.zip"",""sha256"":""02e7077f9358c9ef408741ee5d17123a43c28ea766b26a7ab338c08fcaeb7512""},""parser_version"":""germany-production-v1"",""parser_sha256"":""2a8eb3487f392ef83303e7fb9ff246e4c111a7e64a469a6aa9eb21461ae9b1a0"",""fields_covered"":[""derived_vote_share""],""published_or_derived"":""derived"",""formula"":""100 * second_votes / valid_second_votes"",""input_fields"":[""second_votes"",""el-de-bt-2002-09-22:valid_second_votes""]},{""source_id"":""src-de-bwl-historical-results"",""source_url"":""https://www.bundeswahlleiterin.de/dam/jcr/24d8e745-920d-431a-893a-12805bc7ef40/btw_ab49_datenbank_ergebnisse.csv"",""source_record_id"":""csv-record-275"",""retrieved_at"":""2026-10-01T23:20:00.007Z"",""raw_snapshot"":{""path"":""docs/political-data/raw/germany/2026-10-01T23-20-00-007Z_9efffc24b559679a/results.csv"",""sha256"":""9efffc24b559679ade291d8da63462e5523b43ac62064e759737c3ae01418484""},""parser_version"":""germany-production-v1"",""parser_sha256"":""2a8eb3487f392ef83303e7fb9ff246e4c111a7e64a469a6aa9eb21461ae9b1a0"",""fields_covered"":[""derived_seat_share""],""published_or_derived"":""derived"",""formula"":""100 * seats / total_seats; null remains null"",""input_fields"":[""seats"",""lg-de-bt-15:total_seats""]}]"
"er-ct-de-0017","germany","national","el-de-bt-2002-09-22","ct-de-0017","second_vote","47996480","603","16958","0","0.03533175766222856",,,"final","[{""source_id"":""src-de-bwl-final-archive"",""source_url"":""https://www.bundeswahlleiterin.de/dam/jcr/ce2d2b6a-f211-4355-8eea-355c98cd4e47/btw_kerg.zip"",""source_record_id"":""2407b62efac5c001dd189d58489c955c4a8d07dfab797d985d1d56fe2ecf9cb5:btw2002_kerg.csv:340:42"",""retrieved_at"":""2026-10-01T23:21:39.584Z"",""raw_snapshot"":{""path"":""docs/political-data/raw/germany/2026-10-01T23-21-39-584Z_02e7077f9358c9ef/final-results.zip"",""sha256"":""02e7077f9358c9ef408741ee5d17123a43c28ea766b26a7ab338c08fcaeb7512""},""parser_version"":""germany-production-v1"",""parser_sha256"":""2a8eb3487f392ef83303e7fb9ff246e4c111a7e64a469a6aa9eb21461ae9b1a0"",""fields_covered"":[""second_votes"",""registered_label_native""],""published_or_derived"":""published"",""source_member"":""btw2002_kerg.csv"",""source_member_sha256"":""2407b62efac5c001dd189d58489c955c4a8d07dfab797d985d1d56fe2ecf9cb5"",""source_column"":42},{""source_id"":""src-de-bwl-historical-results"",""source_url"":""https://www.bundeswahlleiterin.de/dam/jcr/24d8e745-920d-431a-893a-12805bc7ef40/btw_ab49_datenbank_ergebnisse.csv"",""source_record_id"":""csv-record-259"",""retrieved_at"":""2026-10-01T23:20:00.007Z"",""raw_snapshot"":{""path"":""docs/political-data/raw/germany/2026-10-01T23-20-00-007Z_9efffc24b559679a/results.csv"",""sha256"":""9efffc24b559679ade291d8da63462e5523b43ac62064e759737c3ae01418484""},""parser_version"":""germany-production-v1"",""parser_sha256"":""2a8eb3487f392ef83303e7fb9ff246e4c111a7e64a469a6aa9eb21461ae9b1a0"",""fields_covered"":[""published_vote_share"",""seats""],""published_or_derived"":""published"",""columns"":[6,79],""compilation_label"":""BüSo"",""alignment_basis"":""unique exact national second-vote count in the same election; not party identity""},{""source_id"":""src-de-bwl-historical-results"",""source_url"":""https://www.bundeswahlleiterin.de/dam/jcr/24d8e745-920d-431a-893a-12805bc7ef40/btw_ab49_datenbank_ergebnisse.csv"",""source_record_id"":""csv-record-86"",""retrieved_at"":""2026-10-01T23:20:00.007Z"",""raw_snapshot"":{""path"":""docs/political-data/raw/germany/2026-10-01T23-20-00-007Z_9efffc24b559679a/results.csv"",""sha256"":""9efffc24b559679ade291d8da63462e5523b43ac62064e759737c3ae01418484""},""parser_version"":""germany-production-v1"",""parser_sha256"":""2a8eb3487f392ef83303e7fb9ff246e4c111a7e64a469a6aa9eb21461ae9b1a0"",""fields_covered"":[""total_seats"",""valid_second_votes""],""published_or_derived"":""published"",""columns"":[4,79]},{""source_id"":""src-de-bwl-final-archive"",""source_url"":""https://www.bundeswahlleiterin.de/dam/jcr/ce2d2b6a-f211-4355-8eea-355c98cd4e47/btw_kerg.zip"",""source_record_id"":""2407b62efac5c001dd189d58489c955c4a8d07dfab797d985d1d56fe2ecf9cb5:btw2002_kerg.csv:340:42"",""retrieved_at"":""2026-10-01T23:21:39.584Z"",""raw_snapshot"":{""path"":""docs/political-data/raw/germany/2026-10-01T23-21-39-584Z_02e7077f9358c9ef/final-results.zip"",""sha256"":""02e7077f9358c9ef408741ee5d17123a43c28ea766b26a7ab338c08fcaeb7512""},""parser_version"":""germany-production-v1"",""parser_sha256"":""2a8eb3487f392ef83303e7fb9ff246e4c111a7e64a469a6aa9eb21461ae9b1a0"",""fields_covered"":[""derived_vote_share""],""published_or_derived"":""derived"",""formula"":""100 * second_votes / valid_second_votes"",""input_fields"":[""second_votes"",""el-de-bt-2002-09-22:valid_second_votes""]},{""source_id"":""src-de-bwl-historical-results"",""source_url"":""https://www.bundeswahlleiterin.de/dam/jcr/24d8e745-920d-431a-893a-12805bc7ef40/btw_ab49_datenbank_ergebnisse.csv"",""source_record_id"":""csv-record-259"",""retrieved_at"":""2026-10-01T23:20:00.007Z"",""raw_snapshot"":{""path"":""docs/political-data/raw/germany/2026-10-01T23-20-00-007Z_9efffc24b559679a/results.csv"",""sha256"":""9efffc24b559679ade291d8da63462e5523b43ac62064e759737c3ae01418484""},""parser_version"":""germany-production-v1"",""parser_sha256"":""2a8eb3487f392ef83303e7fb9ff246e4c111a7e64a469a6aa9eb21461ae9b1a0"",""fields_covered"":[""derived_seat_share""],""published_or_derived"":""derived"",""formula"":""100 * seats / total_seats; null remains null"",""input_fields"":[""seats"",""lg-de-bt-15:total_seats""]}]"
"er-ct-de-0018","germany","national","el-de-bt-2002-09-22","ct-de-0018","second_vote","47996480","603","2485","0","0.005177463013954357",,,"final","[{""source_id"":""src-de-bwl-final-archive"",""source_url"":""https://www.bundeswahlleiterin.de/dam/jcr/ce2d2b6a-f211-4355-8eea-355c98cd4e47/btw_kerg.zip"",""source_record_id"":""2407b62efac5c001dd189d58489c955c4a8d07dfab797d985d1d56fe2ecf9cb5:btw2002_kerg.csv:340:44"",""retrieved_at"":""2026-10-01T23:21:39.584Z"",""raw_snapshot"":{""path"":""docs/political-data/raw/germany/2026-10-01T23-21-39-584Z_02e7077f9358c9ef/final-results.zip"",""sha256"":""02e7077f9358c9ef408741ee5d17123a43c28ea766b26a7ab338c08fcaeb7512""},""parser_version"":""germany-production-v1"",""parser_sha256"":""2a8eb3487f392ef83303e7fb9ff246e4c111a7e64a469a6aa9eb21461ae9b1a0"",""fields_covered"":[""second_votes"",""registered_label_native""],""published_or_derived"":""published"",""source_member"":""btw2002_kerg.csv"",""source_member_sha256"":""2407b62efac5c001dd189d58489c955c4a8d07dfab797d985d1d56fe2ecf9cb5"",""source_column"":44},{""source_id"":""src-de-bwl-historical-results"",""source_url"":""https://www.bundeswahlleiterin.de/dam/jcr/24d8e745-920d-431a-893a-12805bc7ef40/btw_ab49_datenbank_ergebnisse.csv"",""source_record_id"":""csv-record-405"",""retrieved_at"":""2026-10-01T23:20:00.007Z"",""raw_snapshot"":{""path"":""docs/political-data/raw/germany/2026-10-01T23-20-00-007Z_9efffc24b559679a/results.csv"",""sha256"":""9efffc24b559679ade291d8da63462e5523b43ac62064e759737c3ae01418484""},""parser_version"":""germany-production-v1"",""parser_sha256"":""2a8eb3487f392ef83303e7fb9ff246e4c111a7e64a469a6aa9eb21461ae9b1a0"",""fields_covered"":[""published_vote_share"",""seats""],""published_or_derived"":""published"",""columns"":[6,79],""compilation_label"":""HP"",""alignment_basis"":""unique exact national second-vote count in the same election; not party identity""},{""source_id"":""src-de-bwl-historical-results"",""source_url"":""https://www.bundeswahlleiterin.de/dam/jcr/24d8e745-920d-431a-893a-12805bc7ef40/btw_ab49_datenbank_ergebnisse.csv"",""source_record_id"":""csv-record-86"",""retrieved_at"":""2026-10-01T23:20:00.007Z"",""raw_snapshot"":{""path"":""docs/political-data/raw/germany/2026-10-01T23-20-00-007Z_9efffc24b559679a/results.csv"",""sha256"":""9efffc24b559679ade291d8da63462e5523b43ac62064e759737c3ae01418484""},""parser_version"":""germany-production-v1"",""parser_sha256"":""2a8eb3487f392ef83303e7fb9ff246e4c111a7e64a469a6aa9eb21461ae9b1a0"",""fields_covered"":[""total_seats"",""valid_second_votes""],""published_or_derived"":""published"",""columns"":[4,79]},{""source_id"":""src-de-bwl-final-archive"",""source_url"":""https://www.bundeswahlleiterin.de/dam/jcr/ce2d2b6a-f211-4355-8eea-355c98cd4e47/btw_kerg.zip"",""source_record_id"":""2407b62efac5c001dd189d58489c955c4a8d07dfab797d985d1d56fe2ecf9cb5:btw2002_kerg.csv:340:44"",""retrieved_at"":""2026-10-01T23:21:39.584Z"",""raw_snapshot"":{""path"":""docs/political-data/raw/germany/2026-10-01T23-21-39-584Z_02e7077f9358c9ef/final-results.zip"",""sha256"":""02e7077f9358c9ef408741ee5d17123a43c28ea766b26a7ab338c08fcaeb7512""},""parser_version"":""germany-production-v1"",""parser_sha256"":""2a8eb3487f392ef83303e7fb9ff246e4c111a7e64a469a6aa9eb21461ae9b1a0"",""fields_covered"":[""derived_vote_share""],""published_or_derived"":""derived"",""formula"":""100 * second_votes / valid_second_votes"",""input_fields"":[""second_votes"",""el-de-bt-2002-09-22:valid_second_votes""]},{""source_id"":""src-de-bwl-historical-results"",""source_url"":""https://www.bundeswahlleiterin.de/dam/jcr/24d8e745-920d-431a-893a-12805bc7ef40/btw_ab49_datenbank_ergebnisse.csv"",""source_record_id"":""csv-record-405"",""retrieved_at"":""2026-10-01T23:20:00.007Z"",""raw_snapshot"":{""path"":""docs/political-data/raw/germany/2026-10-01T23-20-00-007Z_9efffc24b559679a/results.csv"",""sha256"":""9efffc24b559679ade291d8da63462e5523b43ac62064e759737c3ae01418484""},""parser_version"":""germany-production-v1"",""parser_sha256"":""2a8eb3487f392ef83303e7fb9ff246e4c111a7e64a469a6aa9eb21461ae9b1a0"",""fields_covered"":[""derived_seat_share""],""published_or_derived"":""derived"",""formula"":""100 * seats / total_seats; null remains null"",""input_fields"":[""seats"",""lg-de-bt-15:total_seats""]}]"
"er-ct-de-0019","germany","national","el-de-bt-2002-09-22","ct-de-0019","second_vote","47996480","603","2412","0","0.005025368527025315",,,"final","[{""source_id"":""src-de-bwl-final-archive"",""source_url"":""https://www.bundeswahlleiterin.de/dam/jcr/ce2d2b6a-f211-4355-8eea-355c98cd4e47/btw_kerg.zip"",""source_record_id"":""2407b62efac5c001dd189d58489c955c4a8d07dfab797d985d1d56fe2ecf9cb5:btw2002_kerg.csv:340:46"",""retrieved_at"":""2026-10-01T23:21:39.584Z"",""raw_snapshot"":{""path"":""docs/political-data/raw/germany/2026-10-01T23-21-39-584Z_02e7077f9358c9ef/final-results.zip"",""sha256"":""02e7077f9358c9ef408741ee5d17123a43c28ea766b26a7ab338c08fcaeb7512""},""parser_version"":""germany-production-v1"",""parser_sha256"":""2a8eb3487f392ef83303e7fb9ff246e4c111a7e64a469a6aa9eb21461ae9b1a0"",""fields_covered"":[""second_votes"",""registered_label_native""],""published_or_derived"":""published"",""source_member"":""btw2002_kerg.csv"",""source_member_sha256"":""2407b62efac5c001dd189d58489c955c4a8d07dfab797d985d1d56fe2ecf9cb5"",""source_column"":46},{""source_id"":""src-de-bwl-historical-results"",""source_url"":""https://www.bundeswahlleiterin.de/dam/jcr/24d8e745-920d-431a-893a-12805bc7ef40/btw_ab49_datenbank_ergebnisse.csv"",""source_record_id"":""csv-record-303"",""retrieved_at"":""2026-10-01T23:20:00.007Z"",""raw_snapshot"":{""path"":""docs/political-data/raw/germany/2026-10-01T23-20-00-007Z_9efffc24b559679a/results.csv"",""sha256"":""9efffc24b559679ade291d8da63462e5523b43ac62064e759737c3ae01418484""},""parser_version"":""germany-production-v1"",""parser_sha256"":""2a8eb3487f392ef83303e7fb9ff246e4c111a7e64a469a6aa9eb21461ae9b1a0"",""fields_covered"":[""published_vote_share"",""seats""],""published_or_derived"":""published"",""columns"":[6,79],""compilation_label"":""Die Violetten"",""alignment_basis"":""unique exact national second-vote count in the same election; not party identity""},{""source_id"":""src-de-bwl-historical-results"",""source_url"":""https://www.bundeswahlleiterin.de/dam/jcr/24d8e745-920d-431a-893a-12805bc7ef40/btw_ab49_datenbank_ergebnisse.csv"",""source_record_id"":""csv-record-86"",""retrieved_at"":""2026-10-01T23:20:00.007Z"",""raw_snapshot"":{""path"":""docs/political-data/raw/germany/2026-10-01T23-20-00-007Z_9efffc24b559679a/results.csv"",""sha256"":""9efffc24b559679ade291d8da63462e5523b43ac62064e759737c3ae01418484""},""parser_version"":""germany-production-v1"",""parser_sha256"":""2a8eb3487f392ef83303e7fb9ff246e4c111a7e64a469a6aa9eb21461ae9b1a0"",""fields_covered"":[""total_seats"",""valid_second_votes""],""published_or_derived"":""published"",""columns"":[4,79]},{""source_id"":""src-de-bwl-final-archive"",""source_url"":""https://www.bundeswahlleiterin.de/dam/jcr/ce2d2b6a-f211-4355-8eea-355c98cd4e47/btw_kerg.zip"",""source_record_id"":""2407b62efac5c001dd189d58489c955c4a8d07dfab797d985d1d56fe2ecf9cb5:btw2002_kerg.csv:340:46"",""retrieved_at"":""2026-10-01T23:21:39.584Z"",""raw_snapshot"":{""path"":""docs/political-data/raw/germany/2026-10-01T23-21-39-584Z_02e7077f9358c9ef/final-results.zip"",""sha256"":""02e7077f9358c9ef408741ee5d17123a43c28ea766b26a7ab338c08fcaeb7512""},""parser_version"":""germany-production-v1"",""parser_sha256"":""2a8eb3487f392ef83303e7fb9ff246e4c111a7e64a469a6aa9eb21461ae9b1a0"",""fields_covered"":[""derived_vote_share""],""published_or_derived"":""derived"",""formula"":""100 * second_votes / valid_second_votes"",""input_fields"":[""second_votes"",""el-de-bt-2002-09-22:valid_second_votes""]},{""source_id"":""src-de-bwl-historical-results"",""source_url"":""https://www.bundeswahlleiterin.de/dam/jcr/24d8e745-920d-431a-893a-12805bc7ef40/btw_ab49_datenbank_ergebnisse.csv"",""source_record_id"":""csv-record-303"",""retrieved_at"":""2026-10-01T23:20:00.007Z"",""raw_snapshot"":{""path"":""docs/political-data/raw/germany/2026-10-01T23-20-00-007Z_9efffc24b559679a/results.csv"",""sha256"":""9efffc24b559679ade291d8da63462e5523b43ac62064e759737c3ae01418484""},""parser_version"":""germany-production-v1"",""parser_sha256"":""2a8eb3487f392ef83303e7fb9ff246e4c111a7e64a469a6aa9eb21461ae9b1a0"",""fields_covered"":[""derived_seat_share""],""published_or_derived"":""derived"",""formula"":""100 * seats / total_seats; null remains null"",""input_fields"":[""seats"",""lg-de-bt-15:total_seats""]}]"
"er-ct-de-0020","germany","national","el-de-bt-2002-09-22","ct-de-0020","second_vote","47996480","603","4697","0","0.009786134316516544",,,"final","[{""source_id"":""src-de-bwl-final-archive"",""source_url"":""https://www.bundeswahlleiterin.de/dam/jcr/ce2d2b6a-f211-4355-8eea-355c98cd4e47/btw_kerg.zip"",""source_record_id"":""2407b62efac5c001dd189d58489c955c4a8d07dfab797d985d1d56fe2ecf9cb5:btw2002_kerg.csv:340:48"",""retrieved_at"":""2026-10-01T23:21:39.584Z"",""raw_snapshot"":{""path"":""docs/political-data/raw/germany/2026-10-01T23-21-39-584Z_02e7077f9358c9ef/final-results.zip"",""sha256"":""02e7077f9358c9ef408741ee5d17123a43c28ea766b26a7ab338c08fcaeb7512""},""parser_version"":""germany-production-v1"",""parser_sha256"":""2a8eb3487f392ef83303e7fb9ff246e4c111a7e64a469a6aa9eb21461ae9b1a0"",""fields_covered"":[""second_votes"",""registered_label_native""],""published_or_derived"":""published"",""source_member"":""btw2002_kerg.csv"",""source_member_sha256"":""2407b62efac5c001dd189d58489c955c4a8d07dfab797d985d1d56fe2ecf9cb5"",""source_column"":48},{""source_id"":""src-de-bwl-historical-results"",""source_url"":""https://www.bundeswahlleiterin.de/dam/jcr/24d8e745-920d-431a-893a-12805bc7ef40/btw_ab49_datenbank_ergebnisse.csv"",""source_record_id"":""csv-record-220"",""retrieved_at"":""2026-10-01T23:20:00.007Z"",""raw_snapshot"":{""path"":""docs/political-data/raw/germany/2026-10-01T23-20-00-007Z_9efffc24b559679a/results.csv"",""sha256"":""9efffc24b559679ade291d8da63462e5523b43ac62064e759737c3ae01418484""},""parser_version"":""germany-production-v1"",""parser_sha256"":""2a8eb3487f392ef83303e7fb9ff246e4c111a7e64a469a6aa9eb21461ae9b1a0"",""fields_covered"":[""published_vote_share"",""seats""],""published_or_derived"":""published"",""columns"":[6,79],""compilation_label"":""AUFBRUCH"",""alignment_basis"":""unique exact national second-vote count in the same election; not party identity""},{""source_id"":""src-de-bwl-historical-results"",""source_url"":""https://www.bundeswahlleiterin.de/dam/jcr/24d8e745-920d-431a-893a-12805bc7ef40/btw_ab49_datenbank_ergebnisse.csv"",""source_record_id"":""csv-record-86"",""retrieved_at"":""2026-10-01T23:20:00.007Z"",""raw_snapshot"":{""path"":""docs/political-data/raw/germany/2026-10-01T23-20-00-007Z_9efffc24b559679a/results.csv"",""sha256"":""9efffc24b559679ade291d8da63462e5523b43ac62064e759737c3ae01418484""},""parser_version"":""germany-production-v1"",""parser_sha256"":""2a8eb3487f392ef83303e7fb9ff246e4c111a7e64a469a6aa9eb21461ae9b1a0"",""fields_covered"":[""total_seats"",""valid_second_votes""],""published_or_derived"":""published"",""columns"":[4,79]},{""source_id"":""src-de-bwl-final-archive"",""source_url"":""https://www.bundeswahlleiterin.de/dam/jcr/ce2d2b6a-f211-4355-8eea-355c98cd4e47/btw_kerg.zip"",""source_record_id"":""2407b62efac5c001dd189d58489c955c4a8d07dfab797d985d1d56fe2ecf9cb5:btw2002_kerg.csv:340:48"",""retrieved_at"":""2026-10-01T23:21:39.584Z"",""raw_snapshot"":{""path"":""docs/political-data/raw/germany/2026-10-01T23-21-39-584Z_02e7077f9358c9ef/final-results.zip"",""sha256"":""02e7077f9358c9ef408741ee5d17123a43c28ea766b26a7ab338c08fcaeb7512""},""parser_version"":""germany-production-v1"",""parser_sha256"":""2a8eb3487f392ef83303e7fb9ff246e4c111a7e64a469a6aa9eb21461ae9b1a0"",""fields_covered"":[""derived_vote_share""],""published_or_derived"":""derived"",""formula"":""100 * second_votes / valid_second_votes"",""input_fields"":[""second_votes"",""el-de-bt-2002-09-22:valid_second_votes""]},{""source_id"":""src-de-bwl-historical-results"",""source_url"":""https://www.bundeswahlleiterin.de/dam/jcr/24d8e745-920d-431a-893a-12805bc7ef40/btw_ab49_datenbank_ergebnisse.csv"",""source_record_id"":""csv-record-220"",""retrieved_at"":""2026-10-01T23:20:00.007Z"",""raw_snapshot"":{""path"":""docs/political-data/raw/germany/2026-10-01T23-20-00-007Z_9efffc24b559679a/results.csv"",""sha256"":""9efffc24b559679ade291d8da63462e5523b43ac62064e759737c3ae01418484""},""parser_version"":""germany-production-v1"",""parser_sha256"":""2a8eb3487f392ef83303e7fb9ff246e4c111a7e64a469a6aa9eb21461ae9b1a0"",""fields_covered"":[""derived_seat_share""],""published_or_derived"":""derived"",""formula"":""100 * seats / total_seats; null remains null"",""input_fields"":[""seats"",""lg-de-bt-15:total_seats""]}]"
"er-ct-de-0021","germany","national","el-de-bt-2002-09-22","ct-de-0021","second_vote","47996480","603","3127","0","0.006515061104480995",,,"final","[{""source_id"":""src-de-bwl-final-archive"",""source_url"":""https://www.bundeswahlleiterin.de/dam/jcr/ce2d2b6a-f211-4355-8eea-355c98cd4e47/btw_kerg.zip"",""source_record_id"":""2407b62efac5c001dd189d58489c955c4a8d07dfab797d985d1d56fe2ecf9cb5:btw2002_kerg.csv:340:50"",""retrieved_at"":""2026-10-01T23:21:39.584Z"",""raw_snapshot"":{""path"":""docs/political-data/raw/germany/2026-10-01T23-21-39-584Z_02e7077f9358c9ef/final-results.zip"",""sha256"":""02e7077f9358c9ef408741ee5d17123a43c28ea766b26a7ab338c08fcaeb7512""},""parser_version"":""germany-production-v1"",""parser_sha256"":""2a8eb3487f392ef83303e7fb9ff246e4c111a7e64a469a6aa9eb21461ae9b1a0"",""fields_covered"":[""second_votes"",""registered_label_native""],""published_or_derived"":""published"",""source_member"":""btw2002_kerg.csv"",""source_member_sha256"":""2407b62efac5c001dd189d58489c955c4a8d07dfab797d985d1d56fe2ecf9cb5"",""source_column"":50},{""source_id"":""src-de-bwl-historical-results"",""source_url"":""https://www.bundeswahlleiterin.de/dam/jcr/24d8e745-920d-431a-893a-12805bc7ef40/btw_ab49_datenbank_ergebnisse.csv"",""source_record_id"":""csv-record-579"",""retrieved_at"":""2026-10-01T23:20:00.007Z"",""raw_snapshot"":{""path"":""docs/political-data/raw/germany/2026-10-01T23-20-00-007Z_9efffc24b559679a/results.csv"",""sha256"":""9efffc24b559679ade291d8da63462e5523b43ac62064e759737c3ae01418484""},""parser_version"":""germany-production-v1"",""parser_sha256"":""2a8eb3487f392ef83303e7fb9ff246e4c111a7e64a469a6aa9eb21461ae9b1a0"",""fields_covered"":[""published_vote_share"",""seats""],""published_or_derived"":""published"",""columns"":[6,79],""compilation_label"":""ZENTRUM"",""alignment_basis"":""unique exact national second-vote count in the same election; not party identity""},{""source_id"":""src-de-bwl-historical-results"",""source_url"":""https://www.bundeswahlleiterin.de/dam/jcr/24d8e745-920d-431a-893a-12805bc7ef40/btw_ab49_datenbank_ergebnisse.csv"",""source_record_id"":""csv-record-86"",""retrieved_at"":""2026-10-01T23:20:00.007Z"",""raw_snapshot"":{""path"":""docs/political-data/raw/germany/2026-10-01T23-20-00-007Z_9efffc24b559679a/results.csv"",""sha256"":""9efffc24b559679ade291d8da63462e5523b43ac62064e759737c3ae01418484""},""parser_version"":""germany-production-v1"",""parser_sha256"":""2a8eb3487f392ef83303e7fb9ff246e4c111a7e64a469a6aa9eb21461ae9b1a0"",""fields_covered"":[""total_seats"",""valid_second_votes""],""published_or_derived"":""published"",""columns"":[4,79]},{""source_id"":""src-de-bwl-final-archive"",""source_url"":""https://www.bundeswahlleiterin.de/dam/jcr/ce2d2b6a-f211-4355-8eea-355c98cd4e47/btw_kerg.zip"",""source_record_id"":""2407b62efac5c001dd189d58489c955c4a8d07dfab797d985d1d56fe2ecf9cb5:btw2002_kerg.csv:340:50"",""retrieved_at"":""2026-10-01T23:21:39.584Z"",""raw_snapshot"":{""path"":""docs/political-data/raw/germany/2026-10-01T23-21-39-584Z_02e7077f9358c9ef/final-results.zip"",""sha256"":""02e7077f9358c9ef408741ee5d17123a43c28ea766b26a7ab338c08fcaeb7512""},""parser_version"":""germany-production-v1"",""parser_sha256"":""2a8eb3487f392ef83303e7fb9ff246e4c111a7e64a469a6aa9eb21461ae9b1a0"",""fields_covered"":[""derived_vote_share""],""published_or_derived"":""derived"",""formula"":""100 * second_votes / valid_second_votes"",""input_fields"":[""second_votes"",""el-de-bt-2002-09-22:valid_second_votes""]},{""source_id"":""src-de-bwl-historical-results"",""source_url"":""https://www.bundeswahlleiterin.de/dam/jcr/24d8e745-920d-431a-893a-12805bc7ef40/btw_ab49_datenbank_ergebnisse.csv"",""source_record_id"":""csv-record-579"",""retrieved_at"":""2026-10-01T23:20:00.007Z"",""raw_snapshot"":{""path"":""docs/political-data/raw/germany/2026-10-01T23-20-00-007Z_9efffc24b559679a/results.csv"",""sha256"":""9efffc24b559679ade291d8da63462e5523b43ac62064e759737c3ae01418484""},""parser_version"":""germany-production-v1"",""parser_sha256"":""2a8eb3487f392ef83303e7fb9ff246e4c111a7e64a469a6aa9eb21461ae9b1a0"",""fields_covered"":[""derived_seat_share""],""published_or_derived"":""derived"",""formula"":""100 * seats / total_seats; null remains null"",""input_fields"":[""seats"",""lg-de-bt-15:total_seats""]}]"
"er-ct-de-0022","germany","national","el-de-bt-2002-09-22","ct-de-0022","second_vote","47996480","603","1624","0","0.0033835814626405935",,,"final","[{""source_id"":""src-de-bwl-final-archive"",""source_url"":""https://www.bundeswahlleiterin.de/dam/jcr/ce2d2b6a-f211-4355-8eea-355c98cd4e47/btw_kerg.zip"",""source_record_id"":""2407b62efac5c001dd189d58489c955c4a8d07dfab797d985d1d56fe2ecf9cb5:btw2002_kerg.csv:340:52"",""retrieved_at"":""2026-10-01T23:21:39.584Z"",""raw_snapshot"":{""path"":""docs/political-data/raw/germany/2026-10-01T23-21-39-584Z_02e7077f9358c9ef/final-results.zip"",""sha256"":""02e7077f9358c9ef408741ee5d17123a43c28ea766b26a7ab338c08fcaeb7512""},""parser_version"":""germany-production-v1"",""parser_sha256"":""2a8eb3487f392ef83303e7fb9ff246e4c111a7e64a469a6aa9eb21461ae9b1a0"",""fields_covered"":[""second_votes"",""registered_label_native""],""published_or_derived"":""published"",""source_member"":""btw2002_kerg.csv"",""source_member_sha256"":""2407b62efac5c001dd189d58489c955c4a8d07dfab797d985d1d56fe2ecf9cb5"",""source_column"":52},{""source_id"":""src-de-bwl-historical-results"",""source_url"":""https://www.bundeswahlleiterin.de/dam/jcr/24d8e745-920d-431a-893a-12805bc7ef40/btw_ab49_datenbank_ergebnisse.csv"",""source_record_id"":""csv-record-423"",""retrieved_at"":""2026-10-01T23:20:00.007Z"",""raw_snapshot"":{""path"":""docs/political-data/raw/germany/2026-10-01T23-20-00-007Z_9efffc24b559679a/results.csv"",""sha256"":""9efffc24b559679ade291d8da63462e5523b43ac62064e759737c3ae01418484""},""parser_version"":""germany-production-v1"",""parser_sha256"":""2a8eb3487f392ef83303e7fb9ff246e4c111a7e64a469a6aa9eb21461ae9b1a0"",""fields_covered"":[""published_vote_share"",""seats""],""published_or_derived"":""published"",""columns"":[6,79],""compilation_label"":""KPD (Ost)"",""alignment_basis"":""unique exact national second-vote count in the same election; not party identity""},{""source_id"":""src-de-bwl-historical-results"",""source_url"":""https://www.bundeswahlleiterin.de/dam/jcr/24d8e745-920d-431a-893a-12805bc7ef40/btw_ab49_datenbank_ergebnisse.csv"",""source_record_id"":""csv-record-86"",""retrieved_at"":""2026-10-01T23:20:00.007Z"",""raw_snapshot"":{""path"":""docs/political-data/raw/germany/2026-10-01T23-20-00-007Z_9efffc24b559679a/results.csv"",""sha256"":""9efffc24b559679ade291d8da63462e5523b43ac62064e759737c3ae01418484""},""parser_version"":""germany-production-v1"",""parser_sha256"":""2a8eb3487f392ef83303e7fb9ff246e4c111a7e64a469a6aa9eb21461ae9b1a0"",""fields_covered"":[""total_seats"",""valid_second_votes""],""published_or_derived"":""published"",""columns"":[4,79]},{""source_id"":""src-de-bwl-final-archive"",""source_url"":""https://www.bundeswahlleiterin.de/dam/jcr/ce2d2b6a-f211-4355-8eea-355c98cd4e47/btw_kerg.zip"",""source_record_id"":""2407b62efac5c001dd189d58489c955c4a8d07dfab797d985d1d56fe2ecf9cb5:btw2002_kerg.csv:340:52"",""retrieved_at"":""2026-10-01T23:21:39.584Z"",""raw_snapshot"":{""path"":""docs/political-data/raw/germany/2026-10-01T23-21-39-584Z_02e7077f9358c9ef/final-results.zip"",""sha256"":""02e7077f9358c9ef408741ee5d17123a43c28ea766b26a7ab338c08fcaeb7512""},""parser_version"":""germany-production-v1"",""parser_sha256"":""2a8eb3487f392ef83303e7fb9ff246e4c111a7e64a469a6aa9eb21461ae9b1a0"",""fields_covered"":[""derived_vote_share""],""published_or_derived"":""derived"",""formula"":""100 * second_votes / valid_second_votes"",""input_fields"":[""second_votes"",""el-de-bt-2002-09-22:valid_second_votes""]},{""source_id"":""src-de-bwl-historical-results"",""source_url"":""https://www.bundeswahlleiterin.de/dam/jcr/24d8e745-920d-431a-893a-12805bc7ef40/btw_ab49_datenbank_ergebnisse.csv"",""source_record_id"":""csv-record-423"",""retrieved_at"":""2026-10-01T23:20:00.007Z"",""raw_snapshot"":{""path"":""docs/political-data/raw/germany/2026-10-01T23-20-00-007Z_9efffc24b559679a/results.csv"",""sha256"":""9efffc24b559679ade291d8da63462e5523b43ac62064e759737c3ae01418484""},""parser_version"":""germany-production-v1"",""parser_sha256"":""2a8eb3487f392ef83303e7fb9ff246e4c111a7e64a469a6aa9eb21461ae9b1a0"",""fields_covered"":[""derived_seat_share""],""published_or_derived"":""derived"",""formula"":""100 * seats / total_seats; null remains null"",""input_fields"":[""seats"",""lg-de-bt-15:total_seats""]}]"
"er-ct-de-0023","germany","national","el-de-bt-2002-09-22","ct-de-0023","second_vote","47996480","603","7499","0","0.015624062431244957",,,"final","[{""source_id"":""src-de-bwl-final-archive"",""source_url"":""https://www.bundeswahlleiterin.de/dam/jcr/ce2d2b6a-f211-4355-8eea-355c98cd4e47/btw_kerg.zip"",""source_record_id"":""2407b62efac5c001dd189d58489c955c4a8d07dfab797d985d1d56fe2ecf9cb5:btw2002_kerg.csv:340:54"",""retrieved_at"":""2026-10-01T23:21:39.584Z"",""raw_snapshot"":{""path"":""docs/political-data/raw/germany/2026-10-01T23-21-39-584Z_02e7077f9358c9ef/final-results.zip"",""sha256"":""02e7077f9358c9ef408741ee5d17123a43c28ea766b26a7ab338c08fcaeb7512""},""parser_version"":""germany-production-v1"",""parser_sha256"":""2a8eb3487f392ef83303e7fb9ff246e4c111a7e64a469a6aa9eb21461ae9b1a0"",""fields_covered"":[""second_votes"",""registered_label_native""],""published_or_derived"":""published"",""source_member"":""btw2002_kerg.csv"",""source_member_sha256"":""2407b62efac5c001dd189d58489c955c4a8d07dfab797d985d1d56fe2ecf9cb5"",""source_column"":54},{""source_id"":""src-de-bwl-historical-results"",""source_url"":""https://www.bundeswahlleiterin.de/dam/jcr/24d8e745-920d-431a-893a-12805bc7ef40/btw_ab49_datenbank_ergebnisse.csv"",""source_record_id"":""csv-record-489"",""retrieved_at"":""2026-10-01T23:20:00.007Z"",""raw_snapshot"":{""path"":""docs/political-data/raw/germany/2026-10-01T23-20-00-007Z_9efffc24b559679a/results.csv"",""sha256"":""9efffc24b559679ade291d8da63462e5523b43ac62064e759737c3ae01418484""},""parser_version"":""germany-production-v1"",""parser_sha256"":""2a8eb3487f392ef83303e7fb9ff246e4c111a7e64a469a6aa9eb21461ae9b1a0"",""fields_covered"":[""published_vote_share"",""seats""],""published_or_derived"":""published"",""columns"":[6,79],""compilation_label"":""PRG"",""alignment_basis"":""unique exact national second-vote count in the same election; not party identity""},{""source_id"":""src-de-bwl-historical-results"",""source_url"":""https://www.bundeswahlleiterin.de/dam/jcr/24d8e745-920d-431a-893a-12805bc7ef40/btw_ab49_datenbank_ergebnisse.csv"",""source_record_id"":""csv-record-86"",""retrieved_at"":""2026-10-01T23:20:00.007Z"",""raw_snapshot"":{""path"":""docs/political-data/raw/germany/2026-10-01T23-20-00-007Z_9efffc24b559679a/results.csv"",""sha256"":""9efffc24b559679ade291d8da63462e5523b43ac62064e759737c3ae01418484""},""parser_version"":""germany-production-v1"",""parser_sha256"":""2a8eb3487f392ef83303e7fb9ff246e4c111a7e64a469a6aa9eb21461ae9b1a0"",""fields_covered"":[""total_seats"",""valid_second_votes""],""published_or_derived"":""published"",""columns"":[4,79]},{""source_id"":""src-de-bwl-final-archive"",""source_url"":""https://www.bundeswahlleiterin.de/dam/jcr/ce2d2b6a-f211-4355-8eea-355c98cd4e47/btw_kerg.zip"",""source_record_id"":""2407b62efac5c001dd189d58489c955c4a8d07dfab797d985d1d56fe2ecf9cb5:btw2002_kerg.csv:340:54"",""retrieved_at"":""2026-10-01T23:21:39.584Z"",""raw_snapshot"":{""path"":""docs/political-data/raw/germany/2026-10-01T23-21-39-584Z_02e7077f9358c9ef/final-results.zip"",""sha256"":""02e7077f9358c9ef408741ee5d17123a43c28ea766b26a7ab338c08fcaeb7512""},""parser_version"":""germany-production-v1"",""parser_sha256"":""2a8eb3487f392ef83303e7fb9ff246e4c111a7e64a469a6aa9eb21461ae9b1a0"",""fields_covered"":[""derived_vote_share""],""published_or_derived"":""derived"",""formula"":""100 * second_votes / valid_second_votes"",""input_fields"":[""second_votes"",""el-de-bt-2002-09-22:valid_second_votes""]},{""source_id"":""src-de-bwl-historical-results"",""source_url"":""https://www.bundeswahlleiterin.de/dam/jcr/24d8e745-920d-431a-893a-12805bc7ef40/btw_ab49_datenbank_ergebnisse.csv"",""source_record_id"":""csv-record-489"",""retrieved_at"":""2026-10-01T23:20:00.007Z"",""raw_snapshot"":{""path"":""docs/political-data/raw/germany/2026-10-01T23-20-00-007Z_9efffc24b559679a/results.csv"",""sha256"":""9efffc24b559679ade291d8da63462e5523b43ac62064e759737c3ae01418484""},""parser_version"":""germany-production-v1"",""parser_sha256"":""2a8eb3487f392ef83303e7fb9ff246e4c111a7e64a469a6aa9eb21461ae9b1a0"",""fields_covered"":[""derived_seat_share""],""published_or_derived"":""derived"",""formula"":""100 * seats / total_seats; null remains null"",""input_fields"":[""seats"",""lg-de-bt-15:total_seats""]}]"
"er-ct-de-0024","germany","national","el-de-bt-2002-09-22","ct-de-0024","second_vote","47996480","603","400476","0.8","0.8343861883204768",,,"final","[{""source_id"":""src-de-bwl-final-archive"",""source_url"":""https://www.bundeswahlleiterin.de/dam/jcr/ce2d2b6a-f211-4355-8eea-355c98cd4e47/btw_kerg.zip"",""source_record_id"":""2407b62efac5c001dd189d58489c955c4a8d07dfab797d985d1d56fe2ecf9cb5:btw2002_kerg.csv:340:56"",""retrieved_at"":""2026-10-01T23:21:39.584Z"",""raw_snapshot"":{""path"":""docs/political-data/raw/germany/2026-10-01T23-21-39-584Z_02e7077f9358c9ef/final-results.zip"",""sha256"":""02e7077f9358c9ef408741ee5d17123a43c28ea766b26a7ab338c08fcaeb7512""},""parser_version"":""germany-production-v1"",""parser_sha256"":""2a8eb3487f392ef83303e7fb9ff246e4c111a7e64a469a6aa9eb21461ae9b1a0"",""fields_covered"":[""second_votes"",""registered_label_native""],""published_or_derived"":""published"",""source_member"":""btw2002_kerg.csv"",""source_member_sha256"":""2407b62efac5c001dd189d58489c955c4a8d07dfab797d985d1d56fe2ecf9cb5"",""source_column"":56},{""source_id"":""src-de-bwl-historical-results"",""source_url"":""https://www.bundeswahlleiterin.de/dam/jcr/24d8e745-920d-431a-893a-12805bc7ef40/btw_ab49_datenbank_ergebnisse.csv"",""source_record_id"":""csv-record-463"",""retrieved_at"":""2026-10-01T23:20:00.007Z"",""raw_snapshot"":{""path"":""docs/political-data/raw/germany/2026-10-01T23-20-00-007Z_9efffc24b559679a/results.csv"",""sha256"":""9efffc24b559679ade291d8da63462e5523b43ac62064e759737c3ae01418484""},""parser_version"":""germany-production-v1"",""parser_sha256"":""2a8eb3487f392ef83303e7fb9ff246e4c111a7e64a469a6aa9eb21461ae9b1a0"",""fields_covered"":[""published_vote_share"",""seats""],""published_or_derived"":""published"",""columns"":[6,79],""compilation_label"":""Offensive D"",""alignment_basis"":""unique exact national second-vote count in the same election; not party identity""},{""source_id"":""src-de-bwl-historical-results"",""source_url"":""https://www.bundeswahlleiterin.de/dam/jcr/24d8e745-920d-431a-893a-12805bc7ef40/btw_ab49_datenbank_ergebnisse.csv"",""source_record_id"":""csv-record-86"",""retrieved_at"":""2026-10-01T23:20:00.007Z"",""raw_snapshot"":{""path"":""docs/political-data/raw/germany/2026-10-01T23-20-00-007Z_9efffc24b559679a/results.csv"",""sha256"":""9efffc24b559679ade291d8da63462e5523b43ac62064e759737c3ae01418484""},""parser_version"":""germany-production-v1"",""parser_sha256"":""2a8eb3487f392ef83303e7fb9ff246e4c111a7e64a469a6aa9eb21461ae9b1a0"",""fields_covered"":[""total_seats"",""valid_second_votes""],""published_or_derived"":""published"",""columns"":[4,79]},{""source_id"":""src-de-bwl-final-archive"",""source_url"":""https://www.bundeswahlleiterin.de/dam/jcr/ce2d2b6a-f211-4355-8eea-355c98cd4e47/btw_kerg.zip"",""source_record_id"":""2407b62efac5c001dd189d58489c955c4a8d07dfab797d985d1d56fe2ecf9cb5:btw2002_kerg.csv:340:56"",""retrieved_at"":""2026-10-01T23:21:39.584Z"",""raw_snapshot"":{""path"":""docs/political-data/raw/germany/2026-10-01T23-21-39-584Z_02e7077f9358c9ef/final-results.zip"",""sha256"":""02e7077f9358c9ef408741ee5d17123a43c28ea766b26a7ab338c08fcaeb7512""},""parser_version"":""germany-production-v1"",""parser_sha256"":""2a8eb3487f392ef83303e7fb9ff246e4c111a7e64a469a6aa9eb21461ae9b1a0"",""fields_covered"":[""derived_vote_share""],""published_or_derived"":""derived"",""formula"":""100 * second_votes / valid_second_votes"",""input_fields"":[""second_votes"",""el-de-bt-2002-09-22:valid_second_votes""]},{""source_id"":""src-de-bwl-historical-results"",""source_url"":""https://www.bundeswahlleiterin.de/dam/jcr/24d8e745-920d-431a-893a-12805bc7ef40/btw_ab49_datenbank_ergebnisse.csv"",""source_record_id"":""csv-record-463"",""retrieved_at"":""2026-10-01T23:20:00.007Z"",""raw_snapshot"":{""path"":""docs/political-data/raw/germany/2026-10-01T23-20-00-007Z_9efffc24b559679a/results.csv"",""sha256"":""9efffc24b559679ade291d8da63462e5523b43ac62064e759737c3ae01418484""},""parser_version"":""germany-production-v1"",""parser_sha256"":""2a8eb3487f392ef83303e7fb9ff246e4c111a7e64a469a6aa9eb21461ae9b1a0"",""fields_covered"":[""derived_seat_share""],""published_or_derived"":""derived"",""formula"":""100 * seats / total_seats; null remains null"",""input_fields"":[""seats"",""lg-de-bt-15:total_seats""]}]"
"er-ct-de-0025","germany","national","el-de-bt-2005-09-18","ct-de-0025","second_vote","47287988","614","16194665","34.2","34.2468895060623","222","36.156351791530945","final","[{""source_id"":""src-de-bwl-final-archive"",""source_url"":""https://www.bundeswahlleiterin.de/dam/jcr/ce2d2b6a-f211-4355-8eea-355c98cd4e47/btw_kerg.zip"",""source_record_id"":""995e59d1e6aadaa37bc453bf3c82f736fc99d3cdf0fc0b976f938dcd800b82c0:btw2005_kerg.csv:340:21"",""retrieved_at"":""2026-10-01T23:21:39.584Z"",""raw_snapshot"":{""path"":""docs/political-data/raw/germany/2026-10-01T23-21-39-584Z_02e7077f9358c9ef/final-results.zip"",""sha256"":""02e7077f9358c9ef408741ee5d17123a43c28ea766b26a7ab338c08fcaeb7512""},""parser_version"":""germany-production-v1"",""parser_sha256"":""2a8eb3487f392ef83303e7fb9ff246e4c111a7e64a469a6aa9eb21461ae9b1a0"",""fields_covered"":[""second_votes"",""registered_label_native""],""published_or_derived"":""published"",""source_member"":""btw2005_kerg.csv"",""source_member_sha256"":""995e59d1e6aadaa37bc453bf3c82f736fc99d3cdf0fc0b976f938dcd800b82c0"",""source_column"":21},{""source_id"":""src-de-bwl-historical-results"",""source_url"":""https://www.bundeswahlleiterin.de/dam/jcr/24d8e745-920d-431a-893a-12805bc7ef40/btw_ab49_datenbank_ergebnisse.csv"",""source_record_id"":""csv-record-108"",""retrieved_at"":""2026-10-01T23:20:00.007Z"",""raw_snapshot"":{""path"":""docs/political-data/raw/germany/2026-10-01T23-20-00-007Z_9efffc24b559679a/results.csv"",""sha256"":""9efffc24b559679ade291d8da63462e5523b43ac62064e759737c3ae01418484""},""parser_version"":""germany-production-v1"",""parser_sha256"":""2a8eb3487f392ef83303e7fb9ff246e4c111a7e64a469a6aa9eb21461ae9b1a0"",""fields_covered"":[""published_vote_share"",""seats""],""published_or_derived"":""published"",""columns"":[6,79],""compilation_label"":""SPD"",""alignment_basis"":""unique exact national second-vote count in the same election; not party identity""},{""source_id"":""src-de-bwl-historical-results"",""source_url"":""https://www.bundeswahlleiterin.de/dam/jcr/24d8e745-920d-431a-893a-12805bc7ef40/btw_ab49_datenbank_ergebnisse.csv"",""source_record_id"":""csv-record-87"",""retrieved_at"":""2026-10-01T23:20:00.007Z"",""raw_snapshot"":{""path"":""docs/political-data/raw/germany/2026-10-01T23-20-00-007Z_9efffc24b559679a/results.csv"",""sha256"":""9efffc24b559679ade291d8da63462e5523b43ac62064e759737c3ae01418484""},""parser_version"":""germany-production-v1"",""parser_sha256"":""2a8eb3487f392ef83303e7fb9ff246e4c111a7e64a469a6aa9eb21461ae9b1a0"",""fields_covered"":[""total_seats"",""valid_second_votes""],""published_or_derived"":""published"",""columns"":[4,79]},{""source_id"":""src-de-bwl-final-archive"",""source_url"":""https://www.bundeswahlleiterin.de/dam/jcr/ce2d2b6a-f211-4355-8eea-355c98cd4e47/btw_kerg.zip"",""source_record_id"":""995e59d1e6aadaa37bc453bf3c82f736fc99d3cdf0fc0b976f938dcd800b82c0:btw2005_kerg.csv:340:21"",""retrieved_at"":""2026-10-01T23:21:39.584Z"",""raw_snapshot"":{""path"":""docs/political-data/raw/germany/2026-10-01T23-21-39-584Z_02e7077f9358c9ef/final-results.zip"",""sha256"":""02e7077f9358c9ef408741ee5d17123a43c28ea766b26a7ab338c08fcaeb7512""},""parser_version"":""germany-production-v1"",""parser_sha256"":""2a8eb3487f392ef83303e7fb9ff246e4c111a7e64a469a6aa9eb21461ae9b1a0"",""fields_covered"":[""derived_vote_share""],""published_or_derived"":""derived"",""formula"":""100 * second_votes / valid_second_votes"",""input_fields"":[""second_votes"",""el-de-bt-2005-09-18:valid_second_votes""]},{""source_id"":""src-de-bwl-historical-results"",""source_url"":""https://www.bundeswahlleiterin.de/dam/jcr/24d8e745-920d-431a-893a-12805bc7ef40/btw_ab49_datenbank_ergebnisse.csv"",""source_record_id"":""csv-record-108"",""retrieved_at"":""2026-10-01T23:20:00.007Z"",""raw_snapshot"":{""path"":""docs/political-data/raw/germany/2026-10-01T23-20-00-007Z_9efffc24b559679a/results.csv"",""sha256"":""9efffc24b559679ade291d8da63462e5523b43ac62064e759737c3ae01418484""},""parser_version"":""germany-production-v1"",""parser_sha256"":""2a8eb3487f392ef83303e7fb9ff246e4c111a7e64a469a6aa9eb21461ae9b1a0"",""fields_covered"":[""derived_seat_share""],""published_or_derived"":""derived"",""formula"":""100 * seats / total_seats; null remains null"",""input_fields"":[""seats"",""lg-de-bt-16:total_seats""]}]"
"er-ct-de-0026","germany","national","el-de-bt-2005-09-18","ct-de-0026","second_vote","47287988","614","13136740","27.8","27.78028957374968","180","29.315960912052116","final","[{""source_id"":""src-de-bwl-final-archive"",""source_url"":""https://www.bundeswahlleiterin.de/dam/jcr/ce2d2b6a-f211-4355-8eea-355c98cd4e47/btw_kerg.zip"",""source_record_id"":""995e59d1e6aadaa37bc453bf3c82f736fc99d3cdf0fc0b976f938dcd800b82c0:btw2005_kerg.csv:340:25"",""retrieved_at"":""2026-10-01T23:21:39.584Z"",""raw_snapshot"":{""path"":""docs/political-data/raw/germany/2026-10-01T23-21-39-584Z_02e7077f9358c9ef/final-results.zip"",""sha256"":""02e7077f9358c9ef408741ee5d17123a43c28ea766b26a7ab338c08fcaeb7512""},""parser_version"":""germany-production-v1"",""parser_sha256"":""2a8eb3487f392ef83303e7fb9ff246e4c111a7e64a469a6aa9eb21461ae9b1a0"",""fields_covered"":[""second_votes"",""registered_label_native""],""published_or_derived"":""published"",""source_member"":""btw2005_kerg.csv"",""source_member_sha256"":""995e59d1e6aadaa37bc453bf3c82f736fc99d3cdf0fc0b976f938dcd800b82c0"",""source_column"":25},{""source_id"":""src-de-bwl-historical-results"",""source_url"":""https://www.bundeswahlleiterin.de/dam/jcr/24d8e745-920d-431a-893a-12805bc7ef40/btw_ab49_datenbank_ergebnisse.csv"",""source_record_id"":""csv-record-129"",""retrieved_at"":""2026-10-01T23:20:00.007Z"",""raw_snapshot"":{""path"":""docs/political-data/raw/germany/2026-10-01T23-20-00-007Z_9efffc24b559679a/results.csv"",""sha256"":""9efffc24b559679ade291d8da63462e5523b43ac62064e759737c3ae01418484""},""parser_version"":""germany-production-v1"",""parser_sha256"":""2a8eb3487f392ef83303e7fb9ff246e4c111a7e64a469a6aa9eb21461ae9b1a0"",""fields_covered"":[""published_vote_share"",""seats""],""published_or_derived"":""published"",""columns"":[6,79],""compilation_label"":""CDU"",""alignment_basis"":""unique exact national second-vote count in the same election; not party identity""},{""source_id"":""src-de-bwl-historical-results"",""source_url"":""https://www.bundeswahlleiterin.de/dam/jcr/24d8e745-920d-431a-893a-12805bc7ef40/btw_ab49_datenbank_ergebnisse.csv"",""source_record_id"":""csv-record-87"",""retrieved_at"":""2026-10-01T23:20:00.007Z"",""raw_snapshot"":{""path"":""docs/political-data/raw/germany/2026-10-01T23-20-00-007Z_9efffc24b559679a/results.csv"",""sha256"":""9efffc24b559679ade291d8da63462e5523b43ac62064e759737c3ae01418484""},""parser_version"":""germany-production-v1"",""parser_sha256"":""2a8eb3487f392ef83303e7fb9ff246e4c111a7e64a469a6aa9eb21461ae9b1a0"",""fields_covered"":[""total_seats"",""valid_second_votes""],""published_or_derived"":""published"",""columns"":[4,79]},{""source_id"":""src-de-bwl-final-archive"",""source_url"":""https://www.bundeswahlleiterin.de/dam/jcr/ce2d2b6a-f211-4355-8eea-355c98cd4e47/btw_kerg.zip"",""source_record_id"":""995e59d1e6aadaa37bc453bf3c82f736fc99d3cdf0fc0b976f938dcd800b82c0:btw2005_kerg.csv:340:25"",""retrieved_at"":""2026-10-01T23:21:39.584Z"",""raw_snapshot"":{""path"":""docs/political-data/raw/germany/2026-10-01T23-21-39-584Z_02e7077f9358c9ef/final-results.zip"",""sha256"":""02e7077f9358c9ef408741ee5d17123a43c28ea766b26a7ab338c08fcaeb7512""},""parser_version"":""germany-production-v1"",""parser_sha256"":""2a8eb3487f392ef83303e7fb9ff246e4c111a7e64a469a6aa9eb21461ae9b1a0"",""fields_covered"":[""derived_vote_share""],""published_or_derived"":""derived"",""formula"":""100 * second_votes / valid_second_votes"",""input_fields"":[""second_votes"",""el-de-bt-2005-09-18:valid_second_votes""]},{""source_id"":""src-de-bwl-historical-results"",""source_url"":""https://www.bundeswahlleiterin.de/dam/jcr/24d8e745-920d-431a-893a-12805bc7ef40/btw_ab49_datenbank_ergebnisse.csv"",""source_record_id"":""csv-record-129"",""retrieved_at"":""2026-10-01T23:20:00.007Z"",""raw_snapshot"":{""path"":""docs/political-data/raw/germany/2026-10-01T23-20-00-007Z_9efffc24b559679a/results.csv"",""sha256"":""9efffc24b559679ade291d8da63462e5523b43ac62064e759737c3ae01418484""},""parser_version"":""germany-production-v1"",""parser_sha256"":""2a8eb3487f392ef83303e7fb9ff246e4c111a7e64a469a6aa9eb21461ae9b1a0"",""fields_covered"":[""derived_seat_share""],""published_or_derived"":""derived"",""formula"":""100 * seats / total_seats; null remains null"",""input_fields"":[""seats"",""lg-de-bt-16:total_seats""]}]"
"er-ct-de-0027","germany","national","el-de-bt-2005-09-18","ct-de-0027","second_vote","47287988","614","3494309","7.4","7.389422024045515","46","7.49185667752443","final","[{""source_id"":""src-de-bwl-final-archive"",""source_url"":""https://www.bundeswahlleiterin.de/dam/jcr/ce2d2b6a-f211-4355-8eea-355c98cd4e47/btw_kerg.zip"",""source_record_id"":""995e59d1e6aadaa37bc453bf3c82f736fc99d3cdf0fc0b976f938dcd800b82c0:btw2005_kerg.csv:340:29"",""retrieved_at"":""2026-10-01T23:21:39.584Z"",""raw_snapshot"":{""path"":""docs/political-data/raw/germany/2026-10-01T23-21-39-584Z_02e7077f9358c9ef/final-results.zip"",""sha256"":""02e7077f9358c9ef408741ee5d17123a43c28ea766b26a7ab338c08fcaeb7512""},""parser_version"":""germany-production-v1"",""parser_sha256"":""2a8eb3487f392ef83303e7fb9ff246e4c111a7e64a469a6aa9eb21461ae9b1a0"",""fields_covered"":[""second_votes"",""registered_label_native""],""published_or_derived"":""published"",""source_member"":""btw2005_kerg.csv"",""source_member_sha256"":""995e59d1e6aadaa37bc453bf3c82f736fc99d3cdf0fc0b976f938dcd800b82c0"",""source_column"":29},{""source_id"":""src-de-bwl-historical-results"",""source_url"":""https://www.bundeswahlleiterin.de/dam/jcr/24d8e745-920d-431a-893a-12805bc7ef40/btw_ab49_datenbank_ergebnisse.csv"",""source_record_id"":""csv-record-189"",""retrieved_at"":""2026-10-01T23:20:00.007Z"",""raw_snapshot"":{""path"":""docs/political-data/raw/germany/2026-10-01T23-20-00-007Z_9efffc24b559679a/results.csv"",""sha256"":""9efffc24b559679ade291d8da63462e5523b43ac62064e759737c3ae01418484""},""parser_version"":""germany-production-v1"",""parser_sha256"":""2a8eb3487f392ef83303e7fb9ff246e4c111a7e64a469a6aa9eb21461ae9b1a0"",""fields_covered"":[""published_vote_share"",""seats""],""published_or_derived"":""published"",""columns"":[6,79],""compilation_label"":""CSU"",""alignment_basis"":""unique exact national second-vote count in the same election; not party identity""},{""source_id"":""src-de-bwl-historical-results"",""source_url"":""https://www.bundeswahlleiterin.de/dam/jcr/24d8e745-920d-431a-893a-12805bc7ef40/btw_ab49_datenbank_ergebnisse.csv"",""source_record_id"":""csv-record-87"",""retrieved_at"":""2026-10-01T23:20:00.007Z"",""raw_snapshot"":{""path"":""docs/political-data/raw/germany/2026-10-01T23-20-00-007Z_9efffc24b559679a/results.csv"",""sha256"":""9efffc24b559679ade291d8da63462e5523b43ac62064e759737c3ae01418484""},""parser_version"":""germany-production-v1"",""parser_sha256"":""2a8eb3487f392ef83303e7fb9ff246e4c111a7e64a469a6aa9eb21461ae9b1a0"",""fields_covered"":[""total_seats"",""valid_second_votes""],""published_or_derived"":""published"",""columns"":[4,79]},{""source_id"":""src-de-bwl-final-archive"",""source_url"":""https://www.bundeswahlleiterin.de/dam/jcr/ce2d2b6a-f211-4355-8eea-355c98cd4e47/btw_kerg.zip"",""source_record_id"":""995e59d1e6aadaa37bc453bf3c82f736fc99d3cdf0fc0b976f938dcd800b82c0:btw2005_kerg.csv:340:29"",""retrieved_at"":""2026-10-01T23:21:39.584Z"",""raw_snapshot"":{""path"":""docs/political-data/raw/germany/2026-10-01T23-21-39-584Z_02e7077f9358c9ef/final-results.zip"",""sha256"":""02e7077f9358c9ef408741ee5d17123a43c28ea766b26a7ab338c08fcaeb7512""},""parser_version"":""germany-production-v1"",""parser_sha256"":""2a8eb3487f392ef83303e7fb9ff246e4c111a7e64a469a6aa9eb21461ae9b1a0"",""fields_covered"":[""derived_vote_share""],""published_or_derived"":""derived"",""formula"":""100 * second_votes / valid_second_votes"",""input_fields"":[""second_votes"",""el-de-bt-2005-09-18:valid_second_votes""]},{""source_id"":""src-de-bwl-historical-results"",""source_url"":""https://www.bundeswahlleiterin.de/dam/jcr/24d8e745-920d-431a-893a-12805bc7ef40/btw_ab49_datenbank_ergebnisse.csv"",""source_record_id"":""csv-record-189"",""retrieved_at"":""2026-10-01T23:20:00.007Z"",""raw_snapshot"":{""path"":""docs/political-data/raw/germany/2026-10-01T23-20-00-007Z_9efffc24b559679a/results.csv"",""sha256"":""9efffc24b559679ade291d8da63462e5523b43ac62064e759737c3ae01418484""},""parser_version"":""germany-production-v1"",""parser_sha256"":""2a8eb3487f392ef83303e7fb9ff246e4c111a7e64a469a6aa9eb21461ae9b1a0"",""fields_covered"":[""derived_seat_share""],""published_or_derived"":""derived"",""formula"":""100 * seats / total_seats; null remains null"",""input_fields"":[""seats"",""lg-de-bt-16:total_seats""]}]"
"er-ct-de-0028","germany","national","el-de-bt-2005-09-18","ct-de-0028","second_vote","47287988","614","3838326","8.1","8.116915441612784","51","8.306188925081432","final","[{""source_id"":""src-de-bwl-final-archive"",""source_url"":""https://www.bundeswahlleiterin.de/dam/jcr/ce2d2b6a-f211-4355-8eea-355c98cd4e47/btw_kerg.zip"",""source_record_id"":""995e59d1e6aadaa37bc453bf3c82f736fc99d3cdf0fc0b976f938dcd800b82c0:btw2005_kerg.csv:340:33"",""retrieved_at"":""2026-10-01T23:21:39.584Z"",""raw_snapshot"":{""path"":""docs/political-data/raw/germany/2026-10-01T23-21-39-584Z_02e7077f9358c9ef/final-results.zip"",""sha256"":""02e7077f9358c9ef408741ee5d17123a43c28ea766b26a7ab338c08fcaeb7512""},""parser_version"":""germany-production-v1"",""parser_sha256"":""2a8eb3487f392ef83303e7fb9ff246e4c111a7e64a469a6aa9eb21461ae9b1a0"",""fields_covered"":[""second_votes"",""registered_label_native""],""published_or_derived"":""published"",""source_member"":""btw2005_kerg.csv"",""source_member_sha256"":""995e59d1e6aadaa37bc453bf3c82f736fc99d3cdf0fc0b976f938dcd800b82c0"",""source_column"":33},{""source_id"":""src-de-bwl-historical-results"",""source_url"":""https://www.bundeswahlleiterin.de/dam/jcr/24d8e745-920d-431a-893a-12805bc7ef40/btw_ab49_datenbank_ergebnisse.csv"",""source_record_id"":""csv-record-143"",""retrieved_at"":""2026-10-01T23:20:00.007Z"",""raw_snapshot"":{""path"":""docs/political-data/raw/germany/2026-10-01T23-20-00-007Z_9efffc24b559679a/results.csv"",""sha256"":""9efffc24b559679ade291d8da63462e5523b43ac62064e759737c3ae01418484""},""parser_version"":""germany-production-v1"",""parser_sha256"":""2a8eb3487f392ef83303e7fb9ff246e4c111a7e64a469a6aa9eb21461ae9b1a0"",""fields_covered"":[""published_vote_share"",""seats""],""published_or_derived"":""published"",""columns"":[6,79],""compilation_label"":""GRÜNE"",""alignment_basis"":""unique exact national second-vote count in the same election; not party identity""},{""source_id"":""src-de-bwl-historical-results"",""source_url"":""https://www.bundeswahlleiterin.de/dam/jcr/24d8e745-920d-431a-893a-12805bc7ef40/btw_ab49_datenbank_ergebnisse.csv"",""source_record_id"":""csv-record-87"",""retrieved_at"":""2026-10-01T23:20:00.007Z"",""raw_snapshot"":{""path"":""docs/political-data/raw/germany/2026-10-01T23-20-00-007Z_9efffc24b559679a/results.csv"",""sha256"":""9efffc24b559679ade291d8da63462e5523b43ac62064e759737c3ae01418484""},""parser_version"":""germany-production-v1"",""parser_sha256"":""2a8eb3487f392ef83303e7fb9ff246e4c111a7e64a469a6aa9eb21461ae9b1a0"",""fields_covered"":[""total_seats"",""valid_second_votes""],""published_or_derived"":""published"",""columns"":[4,79]},{""source_id"":""src-de-bwl-final-archive"",""source_url"":""https://www.bundeswahlleiterin.de/dam/jcr/ce2d2b6a-f211-4355-8eea-355c98cd4e47/btw_kerg.zip"",""source_record_id"":""995e59d1e6aadaa37bc453bf3c82f736fc99d3cdf0fc0b976f938dcd800b82c0:btw2005_kerg.csv:340:33"",""retrieved_at"":""2026-10-01T23:21:39.584Z"",""raw_snapshot"":{""path"":""docs/political-data/raw/germany/2026-10-01T23-21-39-584Z_02e7077f9358c9ef/final-results.zip"",""sha256"":""02e7077f9358c9ef408741ee5d17123a43c28ea766b26a7ab338c08fcaeb7512""},""parser_version"":""germany-production-v1"",""parser_sha256"":""2a8eb3487f392ef83303e7fb9ff246e4c111a7e64a469a6aa9eb21461ae9b1a0"",""fields_covered"":[""derived_vote_share""],""published_or_derived"":""derived"",""formula"":""100 * second_votes / valid_second_votes"",""input_fields"":[""second_votes"",""el-de-bt-2005-09-18:valid_second_votes""]},{""source_id"":""src-de-bwl-historical-results"",""source_url"":""https://www.bundeswahlleiterin.de/dam/jcr/24d8e745-920d-431a-893a-12805bc7ef40/btw_ab49_datenbank_ergebnisse.csv"",""source_record_id"":""csv-record-143"",""retrieved_at"":""2026-10-01T23:20:00.007Z"",""raw_snapshot"":{""path"":""docs/political-data/raw/germany/2026-10-01T23-20-00-007Z_9efffc24b559679a/results.csv"",""sha256"":""9efffc24b559679ade291d8da63462e5523b43ac62064e759737c3ae01418484""},""parser_version"":""germany-production-v1"",""parser_sha256"":""2a8eb3487f392ef83303e7fb9ff246e4c111a7e64a469a6aa9eb21461ae9b1a0"",""fields_covered"":[""derived_seat_share""],""published_or_derived"":""derived"",""formula"":""100 * seats / total_seats; null remains null"",""input_fields"":[""seats"",""lg-de-bt-16:total_seats""]}]"
"er-ct-de-0029","germany","national","el-de-bt-2005-09-18","ct-de-0029","second_vote","47287988","614","4648144","9.8","9.82943913790538","61","9.93485342019544","final","[{""source_id"":""src-de-bwl-final-archive"",""source_url"":""https://www.bundeswahlleiterin.de/dam/jcr/ce2d2b6a-f211-4355-8eea-355c98cd4e47/btw_kerg.zip"",""source_record_id"":""995e59d1e6aadaa37bc453bf3c82f736fc99d3cdf0fc0b976f938dcd800b82c0:btw2005_kerg.csv:340:37"",""retrieved_at"":""2026-10-01T23:21:39.584Z"",""raw_snapshot"":{""path"":""docs/political-data/raw/germany/2026-10-01T23-21-39-584Z_02e7077f9358c9ef/final-results.zip"",""sha256"":""02e7077f9358c9ef408741ee5d17123a43c28ea766b26a7ab338c08fcaeb7512""},""parser_version"":""germany-production-v1"",""parser_sha256"":""2a8eb3487f392ef83303e7fb9ff246e4c111a7e64a469a6aa9eb21461ae9b1a0"",""fields_covered"":[""second_votes"",""registered_label_native""],""published_or_derived"":""published"",""source_member"":""btw2005_kerg.csv"",""source_member_sha256"":""995e59d1e6aadaa37bc453bf3c82f736fc99d3cdf0fc0b976f938dcd800b82c0"",""source_column"":37},{""source_id"":""src-de-bwl-historical-results"",""source_url"":""https://www.bundeswahlleiterin.de/dam/jcr/24d8e745-920d-431a-893a-12805bc7ef40/btw_ab49_datenbank_ergebnisse.csv"",""source_record_id"":""csv-record-164"",""retrieved_at"":""2026-10-01T23:20:00.007Z"",""raw_snapshot"":{""path"":""docs/political-data/raw/germany/2026-10-01T23-20-00-007Z_9efffc24b559679a/results.csv"",""sha256"":""9efffc24b559679ade291d8da63462e5523b43ac62064e759737c3ae01418484""},""parser_version"":""germany-production-v1"",""parser_sha256"":""2a8eb3487f392ef83303e7fb9ff246e4c111a7e64a469a6aa9eb21461ae9b1a0"",""fields_covered"":[""published_vote_share"",""seats""],""published_or_derived"":""published"",""columns"":[6,79],""compilation_label"":""FDP"",""alignment_basis"":""unique exact national second-vote count in the same election; not party identity""},{""source_id"":""src-de-bwl-historical-results"",""source_url"":""https://www.bundeswahlleiterin.de/dam/jcr/24d8e745-920d-431a-893a-12805bc7ef40/btw_ab49_datenbank_ergebnisse.csv"",""source_record_id"":""csv-record-87"",""retrieved_at"":""2026-10-01T23:20:00.007Z"",""raw_snapshot"":{""path"":""docs/political-data/raw/germany/2026-10-01T23-20-00-007Z_9efffc24b559679a/results.csv"",""sha256"":""9efffc24b559679ade291d8da63462e5523b43ac62064e759737c3ae01418484""},""parser_version"":""germany-production-v1"",""parser_sha256"":""2a8eb3487f392ef83303e7fb9ff246e4c111a7e64a469a6aa9eb21461ae9b1a0"",""fields_covered"":[""total_seats"",""valid_second_votes""],""published_or_derived"":""published"",""columns"":[4,79]},{""source_id"":""src-de-bwl-final-archive"",""source_url"":""https://www.bundeswahlleiterin.de/dam/jcr/ce2d2b6a-f211-4355-8eea-355c98cd4e47/btw_kerg.zip"",""source_record_id"":""995e59d1e6aadaa37bc453bf3c82f736fc99d3cdf0fc0b976f938dcd800b82c0:btw2005_kerg.csv:340:37"",""retrieved_at"":""2026-10-01T23:21:39.584Z"",""raw_snapshot"":{""path"":""docs/political-data/raw/germany/2026-10-01T23-21-39-584Z_02e7077f9358c9ef/final-results.zip"",""sha256"":""02e7077f9358c9ef408741ee5d17123a43c28ea766b26a7ab338c08fcaeb7512""},""parser_version"":""germany-production-v1"",""parser_sha256"":""2a8eb3487f392ef83303e7fb9ff246e4c111a7e64a469a6aa9eb21461ae9b1a0"",""fields_covered"":[""derived_vote_share""],""published_or_derived"":""derived"",""formula"":""100 * second_votes / valid_second_votes"",""input_fields"":[""second_votes"",""el-de-bt-2005-09-18:valid_second_votes""]},{""source_id"":""src-de-bwl-historical-results"",""source_url"":""https://www.bundeswahlleiterin.de/dam/jcr/24d8e745-920d-431a-893a-12805bc7ef40/btw_ab49_datenbank_ergebnisse.csv"",""source_record_id"":""csv-record-164"",""retrieved_at"":""2026-10-01T23:20:00.007Z"",""raw_snapshot"":{""path"":""docs/political-data/raw/germany/2026-10-01T23-20-00-007Z_9efffc24b559679a/results.csv"",""sha256"":""9efffc24b559679ade291d8da63462e5523b43ac62064e759737c3ae01418484""},""parser_version"":""germany-production-v1"",""parser_sha256"":""2a8eb3487f392ef83303e7fb9ff246e4c111a7e64a469a6aa9eb21461ae9b1a0"",""fields_covered"":[""derived_seat_share""],""published_or_derived"":""derived"",""formula"":""100 * seats / total_seats; null remains null"",""input_fields"":[""seats"",""lg-de-bt-16:total_seats""]}]"
"er-ct-de-0030","germany","national","el-de-bt-2005-09-18","ct-de-0030","second_vote","47287988","614","4118194","8.7","8.708752844379845","54","8.794788273615636","final","[{""source_id"":""src-de-bwl-final-archive"",""source_url"":""https://www.bundeswahlleiterin.de/dam/jcr/ce2d2b6a-f211-4355-8eea-355c98cd4e47/btw_kerg.zip"",""source_record_id"":""995e59d1e6aadaa37bc453bf3c82f736fc99d3cdf0fc0b976f938dcd800b82c0:btw2005_kerg.csv:340:41"",""retrieved_at"":""2026-10-01T23:21:39.584Z"",""raw_snapshot"":{""path"":""docs/political-data/raw/germany/2026-10-01T23-21-39-584Z_02e7077f9358c9ef/final-results.zip"",""sha256"":""02e7077f9358c9ef408741ee5d17123a43c28ea766b26a7ab338c08fcaeb7512""},""parser_version"":""germany-production-v1"",""parser_sha256"":""2a8eb3487f392ef83303e7fb9ff246e4c111a7e64a469a6aa9eb21461ae9b1a0"",""fields_covered"":[""second_votes"",""registered_label_native""],""published_or_derived"":""published"",""source_member"":""btw2005_kerg.csv"",""source_member_sha256"":""995e59d1e6aadaa37bc453bf3c82f736fc99d3cdf0fc0b976f938dcd800b82c0"",""source_column"":41},{""source_id"":""src-de-bwl-historical-results"",""source_url"":""https://www.bundeswahlleiterin.de/dam/jcr/24d8e745-920d-431a-893a-12805bc7ef40/btw_ab49_datenbank_ergebnisse.csv"",""source_record_id"":""csv-record-199"",""retrieved_at"":""2026-10-01T23:20:00.007Z"",""raw_snapshot"":{""path"":""docs/political-data/raw/germany/2026-10-01T23-20-00-007Z_9efffc24b559679a/results.csv"",""sha256"":""9efffc24b559679ade291d8da63462e5523b43ac62064e759737c3ae01418484""},""parser_version"":""germany-production-v1"",""parser_sha256"":""2a8eb3487f392ef83303e7fb9ff246e4c111a7e64a469a6aa9eb21461ae9b1a0"",""fields_covered"":[""published_vote_share"",""seats""],""published_or_derived"":""published"",""columns"":[6,79],""compilation_label"":""Die Linke"",""alignment_basis"":""unique exact national second-vote count in the same election; not party identity""},{""source_id"":""src-de-bwl-historical-results"",""source_url"":""https://www.bundeswahlleiterin.de/dam/jcr/24d8e745-920d-431a-893a-12805bc7ef40/btw_ab49_datenbank_ergebnisse.csv"",""source_record_id"":""csv-record-87"",""retrieved_at"":""2026-10-01T23:20:00.007Z"",""raw_snapshot"":{""path"":""docs/political-data/raw/germany/2026-10-01T23-20-00-007Z_9efffc24b559679a/results.csv"",""sha256"":""9efffc24b559679ade291d8da63462e5523b43ac62064e759737c3ae01418484""},""parser_version"":""germany-production-v1"",""parser_sha256"":""2a8eb3487f392ef83303e7fb9ff246e4c111a7e64a469a6aa9eb21461ae9b1a0"",""fields_covered"":[""total_seats"",""valid_second_votes""],""published_or_derived"":""published"",""columns"":[4,79]},{""source_id"":""src-de-bwl-final-archive"",""source_url"":""https://www.bundeswahlleiterin.de/dam/jcr/ce2d2b6a-f211-4355-8eea-355c98cd4e47/btw_kerg.zip"",""source_record_id"":""995e59d1e6aadaa37bc453bf3c82f736fc99d3cdf0fc0b976f938dcd800b82c0:btw2005_kerg.csv:340:41"",""retrieved_at"":""2026-10-01T23:21:39.584Z"",""raw_snapshot"":{""path"":""docs/political-data/raw/germany/2026-10-01T23-21-39-584Z_02e7077f9358c9ef/final-results.zip"",""sha256"":""02e7077f9358c9ef408741ee5d17123a43c28ea766b26a7ab338c08fcaeb7512""},""parser_version"":""germany-production-v1"",""parser_sha256"":""2a8eb3487f392ef83303e7fb9ff246e4c111a7e64a469a6aa9eb21461ae9b1a0"",""fields_covered"":[""derived_vote_share""],""published_or_derived"":""derived"",""formula"":""100 * second_votes / valid_second_votes"",""input_fields"":[""second_votes"",""el-de-bt-2005-09-18:valid_second_votes""]},{""source_id"":""src-de-bwl-historical-results"",""source_url"":""https://www.bundeswahlleiterin.de/dam/jcr/24d8e745-920d-431a-893a-12805bc7ef40/btw_ab49_datenbank_ergebnisse.csv"",""source_record_id"":""csv-record-199"",""retrieved_at"":""2026-10-01T23:20:00.007Z"",""raw_snapshot"":{""path"":""docs/political-data/raw/germany/2026-10-01T23-20-00-007Z_9efffc24b559679a/results.csv"",""sha256"":""9efffc24b559679ade291d8da63462e5523b43ac62064e759737c3ae01418484""},""parser_version"":""germany-production-v1"",""parser_sha256"":""2a8eb3487f392ef83303e7fb9ff246e4c111a7e64a469a6aa9eb21461ae9b1a0"",""fields_covered"":[""derived_seat_share""],""published_or_derived"":""derived"",""formula"":""100 * seats / total_seats; null remains null"",""input_fields"":[""seats"",""lg-de-bt-16:total_seats""]}]"
"er-ct-de-0031","germany","national","el-de-bt-2005-09-18","ct-de-0031","second_vote","47287988","614","3338","0","0.007058875078381427",,,"final","[{""source_id"":""src-de-bwl-final-archive"",""source_url"":""https://www.bundeswahlleiterin.de/dam/jcr/ce2d2b6a-f211-4355-8eea-355c98cd4e47/btw_kerg.zip"",""source_record_id"":""995e59d1e6aadaa37bc453bf3c82f736fc99d3cdf0fc0b976f938dcd800b82c0:btw2005_kerg.csv:340:45"",""retrieved_at"":""2026-10-01T23:21:39.584Z"",""raw_snapshot"":{""path"":""docs/political-data/raw/germany/2026-10-01T23-21-39-584Z_02e7077f9358c9ef/final-results.zip"",""sha256"":""02e7077f9358c9ef408741ee5d17123a43c28ea766b26a7ab338c08fcaeb7512""},""parser_version"":""germany-production-v1"",""parser_sha256"":""2a8eb3487f392ef83303e7fb9ff246e4c111a7e64a469a6aa9eb21461ae9b1a0"",""fields_covered"":[""second_votes"",""registered_label_native""],""published_or_derived"":""published"",""source_member"":""btw2005_kerg.csv"",""source_member_sha256"":""995e59d1e6aadaa37bc453bf3c82f736fc99d3cdf0fc0b976f938dcd800b82c0"",""source_column"":45},{""source_id"":""src-de-bwl-historical-results"",""source_url"":""https://www.bundeswahlleiterin.de/dam/jcr/24d8e745-920d-431a-893a-12805bc7ef40/btw_ab49_datenbank_ergebnisse.csv"",""source_record_id"":""csv-record-464"",""retrieved_at"":""2026-10-01T23:20:00.007Z"",""raw_snapshot"":{""path"":""docs/political-data/raw/germany/2026-10-01T23-20-00-007Z_9efffc24b559679a/results.csv"",""sha256"":""9efffc24b559679ade291d8da63462e5523b43ac62064e759737c3ae01418484""},""parser_version"":""germany-production-v1"",""parser_sha256"":""2a8eb3487f392ef83303e7fb9ff246e4c111a7e64a469a6aa9eb21461ae9b1a0"",""fields_covered"":[""published_vote_share"",""seats""],""published_or_derived"":""published"",""columns"":[6,79],""compilation_label"":""Offensive D"",""alignment_basis"":""unique exact national second-vote count in the same election; not party identity""},{""source_id"":""src-de-bwl-historical-results"",""source_url"":""https://www.bundeswahlleiterin.de/dam/jcr/24d8e745-920d-431a-893a-12805bc7ef40/btw_ab49_datenbank_ergebnisse.csv"",""source_record_id"":""csv-record-87"",""retrieved_at"":""2026-10-01T23:20:00.007Z"",""raw_snapshot"":{""path"":""docs/political-data/raw/germany/2026-10-01T23-20-00-007Z_9efffc24b559679a/results.csv"",""sha256"":""9efffc24b559679ade291d8da63462e5523b43ac62064e759737c3ae01418484""},""parser_version"":""germany-production-v1"",""parser_sha256"":""2a8eb3487f392ef83303e7fb9ff246e4c111a7e64a469a6aa9eb21461ae9b1a0"",""fields_covered"":[""total_seats"",""valid_second_votes""],""published_or_derived"":""published"",""columns"":[4,79]},{""source_id"":""src-de-bwl-final-archive"",""source_url"":""https://www.bundeswahlleiterin.de/dam/jcr/ce2d2b6a-f211-4355-8eea-355c98cd4e47/btw_kerg.zip"",""source_record_id"":""995e59d1e6aadaa37bc453bf3c82f736fc99d3cdf0fc0b976f938dcd800b82c0:btw2005_kerg.csv:340:45"",""retrieved_at"":""2026-10-01T23:21:39.584Z"",""raw_snapshot"":{""path"":""docs/political-data/raw/germany/2026-10-01T23-21-39-584Z_02e7077f9358c9ef/final-results.zip"",""sha256"":""02e7077f9358c9ef408741ee5d17123a43c28ea766b26a7ab338c08fcaeb7512""},""parser_version"":""germany-production-v1"",""parser_sha256"":""2a8eb3487f392ef83303e7fb9ff246e4c111a7e64a469a6aa9eb21461ae9b1a0"",""fields_covered"":[""derived_vote_share""],""published_or_derived"":""derived"",""formula"":""100 * second_votes / valid_second_votes"",""input_fields"":[""second_votes"",""el-de-bt-2005-09-18:valid_second_votes""]},{""source_id"":""src-de-bwl-historical-results"",""source_url"":""https://www.bundeswahlleiterin.de/dam/jcr/24d8e745-920d-431a-893a-12805bc7ef40/btw_ab49_datenbank_ergebnisse.csv"",""source_record_id"":""csv-record-464"",""retrieved_at"":""2026-10-01T23:20:00.007Z"",""raw_snapshot"":{""path"":""docs/political-data/raw/germany/2026-10-01T23-20-00-007Z_9efffc24b559679a/results.csv"",""sha256"":""9efffc24b559679ade291d8da63462e5523b43ac62064e759737c3ae01418484""},""parser_version"":""germany-production-v1"",""parser_sha256"":""2a8eb3487f392ef83303e7fb9ff246e4c111a7e64a469a6aa9eb21461ae9b1a0"",""fields_covered"":[""derived_seat_share""],""published_or_derived"":""derived"",""formula"":""100 * seats / total_seats; null remains null"",""input_fields"":[""seats"",""lg-de-bt-16:total_seats""]}]"
"er-ct-de-0032","germany","national","el-de-bt-2005-09-18","ct-de-0032","second_vote","47287988","614","266101","0.6","0.5627243011481056",,,"final","[{""source_id"":""src-de-bwl-final-archive"",""source_url"":""https://www.bundeswahlleiterin.de/dam/jcr/ce2d2b6a-f211-4355-8eea-355c98cd4e47/btw_kerg.zip"",""source_record_id"":""995e59d1e6aadaa37bc453bf3c82f736fc99d3cdf0fc0b976f938dcd800b82c0:btw2005_kerg.csv:340:49"",""retrieved_at"":""2026-10-01T23:21:39.584Z"",""raw_snapshot"":{""path"":""docs/political-data/raw/germany/2026-10-01T23-21-39-584Z_02e7077f9358c9ef/final-results.zip"",""sha256"":""02e7077f9358c9ef408741ee5d17123a43c28ea766b26a7ab338c08fcaeb7512""},""parser_version"":""germany-production-v1"",""parser_sha256"":""2a8eb3487f392ef83303e7fb9ff246e4c111a7e64a469a6aa9eb21461ae9b1a0"",""fields_covered"":[""second_votes"",""registered_label_native""],""published_or_derived"":""published"",""source_member"":""btw2005_kerg.csv"",""source_member_sha256"":""995e59d1e6aadaa37bc453bf3c82f736fc99d3cdf0fc0b976f938dcd800b82c0"",""source_column"":49},{""source_id"":""src-de-bwl-historical-results"",""source_url"":""https://www.bundeswahlleiterin.de/dam/jcr/24d8e745-920d-431a-893a-12805bc7ef40/btw_ab49_datenbank_ergebnisse.csv"",""source_record_id"":""csv-record-499"",""retrieved_at"":""2026-10-01T23:20:00.007Z"",""raw_snapshot"":{""path"":""docs/political-data/raw/germany/2026-10-01T23-20-00-007Z_9efffc24b559679a/results.csv"",""sha256"":""9efffc24b559679ade291d8da63462e5523b43ac62064e759737c3ae01418484""},""parser_version"":""germany-production-v1"",""parser_sha256"":""2a8eb3487f392ef83303e7fb9ff246e4c111a7e64a469a6aa9eb21461ae9b1a0"",""fields_covered"":[""published_vote_share"",""seats""],""published_or_derived"":""published"",""columns"":[6,79],""compilation_label"":""REP"",""alignment_basis"":""unique exact national second-vote count in the same election; not party identity""},{""source_id"":""src-de-bwl-historical-results"",""source_url"":""https://www.bundeswahlleiterin.de/dam/jcr/24d8e745-920d-431a-893a-12805bc7ef40/btw_ab49_datenbank_ergebnisse.csv"",""source_record_id"":""csv-record-87"",""retrieved_at"":""2026-10-01T23:20:00.007Z"",""raw_snapshot"":{""path"":""docs/political-data/raw/germany/2026-10-01T23-20-00-007Z_9efffc24b559679a/results.csv"",""sha256"":""9efffc24b559679ade291d8da63462e5523b43ac62064e759737c3ae01418484""},""parser_version"":""germany-production-v1"",""parser_sha256"":""2a8eb3487f392ef83303e7fb9ff246e4c111a7e64a469a6aa9eb21461ae9b1a0"",""fields_covered"":[""total_seats"",""valid_second_votes""],""published_or_derived"":""published"",""columns"":[4,79]},{""source_id"":""src-de-bwl-final-archive"",""source_url"":""https://www.bundeswahlleiterin.de/dam/jcr/ce2d2b6a-f211-4355-8eea-355c98cd4e47/btw_kerg.zip"",""source_record_id"":""995e59d1e6aadaa37bc453bf3c82f736fc99d3cdf0fc0b976f938dcd800b82c0:btw2005_kerg.csv:340:49"",""retrieved_at"":""2026-10-01T23:21:39.584Z"",""raw_snapshot"":{""path"":""docs/political-data/raw/germany/2026-10-01T23-21-39-584Z_02e7077f9358c9ef/final-results.zip"",""sha256"":""02e7077f9358c9ef408741ee5d17123a43c28ea766b26a7ab338c08fcaeb7512""},""parser_version"":""germany-production-v1"",""parser_sha256"":""2a8eb3487f392ef83303e7fb9ff246e4c111a7e64a469a6aa9eb21461ae9b1a0"",""fields_covered"":[""derived_vote_share""],""published_or_derived"":""derived"",""formula"":""100 * second_votes / valid_second_votes"",""input_fields"":[""second_votes"",""el-de-bt-2005-09-18:valid_second_votes""]},{""source_id"":""src-de-bwl-historical-results"",""source_url"":""https://www.bundeswahlleiterin.de/dam/jcr/24d8e745-920d-431a-893a-12805bc7ef40/btw_ab49_datenbank_ergebnisse.csv"",""source_record_id"":""csv-record-499"",""retrieved_at"":""2026-10-01T23:20:00.007Z"",""raw_snapshot"":{""path"":""docs/political-data/raw/germany/2026-10-01T23-20-00-007Z_9efffc24b559679a/results.csv"",""sha256"":""9efffc24b559679ade291d8da63462e5523b43ac62064e759737c3ae01418484""},""parser_version"":""germany-production-v1"",""parser_sha256"":""2a8eb3487f392ef83303e7fb9ff246e4c111a7e64a469a6aa9eb21461ae9b1a0"",""fields_covered"":[""derived_seat_share""],""published_or_derived"":""derived"",""formula"":""100 * seats / total_seats; null remains null"",""input_fields"":[""seats"",""lg-de-bt-16:total_seats""]}]"
"er-ct-de-0033","germany","national","el-de-bt-2005-09-18","ct-de-0033","second_vote","47287988","614","748568","1.6","1.5829982024187623",,,"final","[{""source_id"":""src-de-bwl-final-archive"",""source_url"":""https://www.bundeswahlleiterin.de/dam/jcr/ce2d2b6a-f211-4355-8eea-355c98cd4e47/btw_kerg.zip"",""source_record_id"":""995e59d1e6aadaa37bc453bf3c82f736fc99d3cdf0fc0b976f938dcd800b82c0:btw2005_kerg.csv:340:53"",""retrieved_at"":""2026-10-01T23:21:39.584Z"",""raw_snapshot"":{""path"":""docs/political-data/raw/germany/2026-10-01T23-21-39-584Z_02e7077f9358c9ef/final-results.zip"",""sha256"":""02e7077f9358c9ef408741ee5d17123a43c28ea766b26a7ab338c08fcaeb7512""},""parser_version"":""germany-production-v1"",""parser_sha256"":""2a8eb3487f392ef83303e7fb9ff246e4c111a7e64a469a6aa9eb21461ae9b1a0"",""fields_covered"":[""second_votes"",""registered_label_native""],""published_or_derived"":""published"",""source_member"":""btw2005_kerg.csv"",""source_member_sha256"":""995e59d1e6aadaa37bc453bf3c82f736fc99d3cdf0fc0b976f938dcd800b82c0"",""source_column"":53},{""source_id"":""src-de-bwl-historical-results"",""source_url"":""https://www.bundeswahlleiterin.de/dam/jcr/24d8e745-920d-431a-893a-12805bc7ef40/btw_ab49_datenbank_ergebnisse.csv"",""source_record_id"":""csv-record-398"",""retrieved_at"":""2026-10-01T23:20:00.007Z"",""raw_snapshot"":{""path"":""docs/political-data/raw/germany/2026-10-01T23-20-00-007Z_9efffc24b559679a/results.csv"",""sha256"":""9efffc24b559679ade291d8da63462e5523b43ac62064e759737c3ae01418484""},""parser_version"":""germany-production-v1"",""parser_sha256"":""2a8eb3487f392ef83303e7fb9ff246e4c111a7e64a469a6aa9eb21461ae9b1a0"",""fields_covered"":[""published_vote_share"",""seats""],""published_or_derived"":""published"",""columns"":[6,79],""compilation_label"":""HEIMAT"",""alignment_basis"":""unique exact national second-vote count in the same election; not party identity""},{""source_id"":""src-de-bwl-historical-results"",""source_url"":""https://www.bundeswahlleiterin.de/dam/jcr/24d8e745-920d-431a-893a-12805bc7ef40/btw_ab49_datenbank_ergebnisse.csv"",""source_record_id"":""csv-record-87"",""retrieved_at"":""2026-10-01T23:20:00.007Z"",""raw_snapshot"":{""path"":""docs/political-data/raw/germany/2026-10-01T23-20-00-007Z_9efffc24b559679a/results.csv"",""sha256"":""9efffc24b559679ade291d8da63462e5523b43ac62064e759737c3ae01418484""},""parser_version"":""germany-production-v1"",""parser_sha256"":""2a8eb3487f392ef83303e7fb9ff246e4c111a7e64a469a6aa9eb21461ae9b1a0"",""fields_covered"":[""total_seats"",""valid_second_votes""],""published_or_derived"":""published"",""columns"":[4,79]},{""source_id"":""src-de-bwl-final-archive"",""source_url"":""https://www.bundeswahlleiterin.de/dam/jcr/ce2d2b6a-f211-4355-8eea-355c98cd4e47/btw_kerg.zip"",""source_record_id"":""995e59d1e6aadaa37bc453bf3c82f736fc99d3cdf0fc0b976f938dcd800b82c0:btw2005_kerg.csv:340:53"",""retrieved_at"":""2026-10-01T23:21:39.584Z"",""raw_snapshot"":{""path"":""docs/political-data/raw/germany/2026-10-01T23-21-39-584Z_02e7077f9358c9ef/final-results.zip"",""sha256"":""02e7077f9358c9ef408741ee5d17123a43c28ea766b26a7ab338c08fcaeb7512""},""parser_version"":""germany-production-v1"",""parser_sha256"":""2a8eb3487f392ef83303e7fb9ff246e4c111a7e64a469a6aa9eb21461ae9b1a0"",""fields_covered"":[""derived_vote_share""],""published_or_derived"":""derived"",""formula"":""100 * second_votes / valid_second_votes"",""input_fields"":[""second_votes"",""el-de-bt-2005-09-18:valid_second_votes""]},{""source_id"":""src-de-bwl-historical-results"",""source_url"":""https://www.bundeswahlleiterin.de/dam/jcr/24d8e745-920d-431a-893a-12805bc7ef40/btw_ab49_datenbank_ergebnisse.csv"",""source_record_id"":""csv-record-398"",""retrieved_at"":""2026-10-01T23:20:00.007Z"",""raw_snapshot"":{""path"":""docs/political-data/raw/germany/2026-10-01T23-20-00-007Z_9efffc24b559679a/results.csv"",""sha256"":""9efffc24b559679ade291d8da63462e5523b43ac62064e759737c3ae01418484""},""parser_version"":""germany-production-v1"",""parser_sha256"":""2a8eb3487f392ef83303e7fb9ff246e4c111a7e64a469a6aa9eb21461ae9b1a0"",""fields_covered"":[""derived_seat_share""],""published_or_derived"":""derived"",""formula"":""100 * seats / total_seats; null remains null"",""input_fields"":[""seats"",""lg-de-bt-16:total_seats""]}]"
"er-ct-de-0034","germany","national","el-de-bt-2005-09-18","ct-de-0034","second_vote","47287988","614","110603","0.2","0.2338923787580051",,,"final","[{""source_id"":""src-de-bwl-final-archive"",""source_url"":""https://www.bundeswahlleiterin.de/dam/jcr/ce2d2b6a-f211-4355-8eea-355c98cd4e47/btw_kerg.zip"",""source_record_id"":""995e59d1e6aadaa37bc453bf3c82f736fc99d3cdf0fc0b976f938dcd800b82c0:btw2005_kerg.csv:340:57"",""retrieved_at"":""2026-10-01T23:21:39.584Z"",""raw_snapshot"":{""path"":""docs/political-data/raw/germany/2026-10-01T23-21-39-584Z_02e7077f9358c9ef/final-results.zip"",""sha256"":""02e7077f9358c9ef408741ee5d17123a43c28ea766b26a7ab338c08fcaeb7512""},""parser_version"":""germany-production-v1"",""parser_sha256"":""2a8eb3487f392ef83303e7fb9ff246e4c111a7e64a469a6aa9eb21461ae9b1a0"",""fields_covered"":[""second_votes"",""registered_label_native""],""published_or_derived"":""published"",""source_member"":""btw2005_kerg.csv"",""source_member_sha256"":""995e59d1e6aadaa37bc453bf3c82f736fc99d3cdf0fc0b976f938dcd800b82c0"",""source_column"":57},{""source_id"":""src-de-bwl-historical-results"",""source_url"":""https://www.bundeswahlleiterin.de/dam/jcr/24d8e745-920d-431a-893a-12805bc7ef40/btw_ab49_datenbank_ergebnisse.csv"",""source_record_id"":""csv-record-534"",""retrieved_at"":""2026-10-01T23:20:00.007Z"",""raw_snapshot"":{""path"":""docs/political-data/raw/germany/2026-10-01T23-20-00-007Z_9efffc24b559679a/results.csv"",""sha256"":""9efffc24b559679ade291d8da63462e5523b43ac62064e759737c3ae01418484""},""parser_version"":""germany-production-v1"",""parser_sha256"":""2a8eb3487f392ef83303e7fb9ff246e4c111a7e64a469a6aa9eb21461ae9b1a0"",""fields_covered"":[""published_vote_share"",""seats""],""published_or_derived"":""published"",""columns"":[6,79],""compilation_label"":""Tierschutzpartei"",""alignment_basis"":""unique exact national second-vote count in the same election; not party identity""},{""source_id"":""src-de-bwl-historical-results"",""source_url"":""https://www.bundeswahlleiterin.de/dam/jcr/24d8e745-920d-431a-893a-12805bc7ef40/btw_ab49_datenbank_ergebnisse.csv"",""source_record_id"":""csv-record-87"",""retrieved_at"":""2026-10-01T23:20:00.007Z"",""raw_snapshot"":{""path"":""docs/political-data/raw/germany/2026-10-01T23-20-00-007Z_9efffc24b559679a/results.csv"",""sha256"":""9efffc24b559679ade291d8da63462e5523b43ac62064e759737c3ae01418484""},""parser_version"":""germany-production-v1"",""parser_sha256"":""2a8eb3487f392ef83303e7fb9ff246e4c111a7e64a469a6aa9eb21461ae9b1a0"",""fields_covered"":[""total_seats"",""valid_second_votes""],""published_or_derived"":""published"",""columns"":[4,79]},{""source_id"":""src-de-bwl-final-archive"",""source_url"":""https://www.bundeswahlleiterin.de/dam/jcr/ce2d2b6a-f211-4355-8eea-355c98cd4e47/btw_kerg.zip"",""source_record_id"":""995e59d1e6aadaa37bc453bf3c82f736fc99d3cdf0fc0b976f938dcd800b82c0:btw2005_kerg.csv:340:57"",""retrieved_at"":""2026-10-01T23:21:39.584Z"",""raw_snapshot"":{""path"":""docs/political-data/raw/germany/2026-10-01T23-21-39-584Z_02e7077f9358c9ef/final-results.zip"",""sha256"":""02e7077f9358c9ef408741ee5d17123a43c28ea766b26a7ab338c08fcaeb7512""},""parser_version"":""germany-production-v1"",""parser_sha256"":""2a8eb3487f392ef83303e7fb9ff246e4c111a7e64a469a6aa9eb21461ae9b1a0"",""fields_covered"":[""derived_vote_share""],""published_or_derived"":""derived"",""formula"":""100 * second_votes / valid_second_votes"",""input_fields"":[""second_votes"",""el-de-bt-2005-09-18:valid_second_votes""]},{""source_id"":""src-de-bwl-historical-results"",""source_url"":""https://www.bundeswahlleiterin.de/dam/jcr/24d8e745-920d-431a-893a-12805bc7ef40/btw_ab49_datenbank_ergebnisse.csv"",""source_record_id"":""csv-record-534"",""retrieved_at"":""2026-10-01T23:20:00.007Z"",""raw_snapshot"":{""path"":""docs/political-data/raw/germany/2026-10-01T23-20-00-007Z_9efffc24b559679a/results.csv"",""sha256"":""9efffc24b559679ade291d8da63462e5523b43ac62064e759737c3ae01418484""},""parser_version"":""germany-production-v1"",""parser_sha256"":""2a8eb3487f392ef83303e7fb9ff246e4c111a7e64a469a6aa9eb21461ae9b1a0"",""fields_covered"":[""derived_seat_share""],""published_or_derived"":""derived"",""formula"":""100 * seats / total_seats; null remains null"",""input_fields"":[""seats"",""lg-de-bt-16:total_seats""]}]"
"er-ct-de-0035","germany","national","el-de-bt-2005-09-18","ct-de-0035","second_vote","47287988","614","198601","0.4","0.419981920144287",,,"final","[{""source_id"":""src-de-bwl-final-archive"",""source_url"":""https://www.bundeswahlleiterin.de/dam/jcr/ce2d2b6a-f211-4355-8eea-355c98cd4e47/btw_kerg.zip"",""source_record_id"":""995e59d1e6aadaa37bc453bf3c82f736fc99d3cdf0fc0b976f938dcd800b82c0:btw2005_kerg.csv:340:61"",""retrieved_at"":""2026-10-01T23:21:39.584Z"",""raw_snapshot"":{""path"":""docs/political-data/raw/germany/2026-10-01T23-21-39-584Z_02e7077f9358c9ef/final-results.zip"",""sha256"":""02e7077f9358c9ef408741ee5d17123a43c28ea766b26a7ab338c08fcaeb7512""},""parser_version"":""germany-production-v1"",""parser_sha256"":""2a8eb3487f392ef83303e7fb9ff246e4c111a7e64a469a6aa9eb21461ae9b1a0"",""fields_covered"":[""second_votes"",""registered_label_native""],""published_or_derived"":""published"",""source_member"":""btw2005_kerg.csv"",""source_member_sha256"":""995e59d1e6aadaa37bc453bf3c82f736fc99d3cdf0fc0b976f938dcd800b82c0"",""source_column"":61},{""source_id"":""src-de-bwl-historical-results"",""source_url"":""https://www.bundeswahlleiterin.de/dam/jcr/24d8e745-920d-431a-893a-12805bc7ef40/btw_ab49_datenbank_ergebnisse.csv"",""source_record_id"":""csv-record-385"",""retrieved_at"":""2026-10-01T23:20:00.007Z"",""raw_snapshot"":{""path"":""docs/political-data/raw/germany/2026-10-01T23-20-00-007Z_9efffc24b559679a/results.csv"",""sha256"":""9efffc24b559679ade291d8da63462e5523b43ac62064e759737c3ae01418484""},""parser_version"":""germany-production-v1"",""parser_sha256"":""2a8eb3487f392ef83303e7fb9ff246e4c111a7e64a469a6aa9eb21461ae9b1a0"",""fields_covered"":[""published_vote_share"",""seats""],""published_or_derived"":""published"",""columns"":[6,79],""compilation_label"":""GRAUE"",""alignment_basis"":""unique exact national second-vote count in the same election; not party identity""},{""source_id"":""src-de-bwl-historical-results"",""source_url"":""https://www.bundeswahlleiterin.de/dam/jcr/24d8e745-920d-431a-893a-12805bc7ef40/btw_ab49_datenbank_ergebnisse.csv"",""source_record_id"":""csv-record-87"",""retrieved_at"":""2026-10-01T23:20:00.007Z"",""raw_snapshot"":{""path"":""docs/political-data/raw/germany/2026-10-01T23-20-00-007Z_9efffc24b559679a/results.csv"",""sha256"":""9efffc24b559679ade291d8da63462e5523b43ac62064e759737c3ae01418484""},""parser_version"":""germany-production-v1"",""parser_sha256"":""2a8eb3487f392ef83303e7fb9ff246e4c111a7e64a469a6aa9eb21461ae9b1a0"",""fields_covered"":[""total_seats"",""valid_second_votes""],""published_or_derived"":""published"",""columns"":[4,79]},{""source_id"":""src-de-bwl-final-archive"",""source_url"":""https://www.bundeswahlleiterin.de/dam/jcr/ce2d2b6a-f211-4355-8eea-355c98cd4e47/btw_kerg.zip"",""source_record_id"":""995e59d1e6aadaa37bc453bf3c82f736fc99d3cdf0fc0b976f938dcd800b82c0:btw2005_kerg.csv:340:61"",""retrieved_at"":""2026-10-01T23:21:39.584Z"",""raw_snapshot"":{""path"":""docs/political-data/raw/germany/2026-10-01T23-21-39-584Z_02e7077f9358c9ef/final-results.zip"",""sha256"":""02e7077f9358c9ef408741ee5d17123a43c28ea766b26a7ab338c08fcaeb7512""},""parser_version"":""germany-production-v1"",""parser_sha256"":""2a8eb3487f392ef83303e7fb9ff246e4c111a7e64a469a6aa9eb21461ae9b1a0"",""fields_covered"":[""derived_vote_share""],""published_or_derived"":""derived"",""formula"":""100 * second_votes / valid_second_votes"",""input_fields"":[""second_votes"",""el-de-bt-2005-09-18:valid_second_votes""]},{""source_id"":""src-de-bwl-historical-results"",""source_url"":""https://www.bundeswahlleiterin.de/dam/jcr/24d8e745-920d-431a-893a-12805bc7ef40/btw_ab49_datenbank_ergebnisse.csv"",""source_record_id"":""csv-record-385"",""retrieved_at"":""2026-10-01T23:20:00.007Z"",""raw_snapshot"":{""path"":""docs/political-data/raw/germany/2026-10-01T23-20-00-007Z_9efffc24b559679a/results.csv"",""sha256"":""9efffc24b559679ade291d8da63462e5523b43ac62064e759737c3ae01418484""},""parser_version"":""germany-production-v1"",""parser_sha256"":""2a8eb3487f392ef83303e7fb9ff246e4c111a7e64a469a6aa9eb21461ae9b1a0"",""fields_covered"":[""derived_seat_share""],""published_or_derived"":""derived"",""formula"":""100 * seats / total_seats; null remains null"",""input_fields"":[""seats"",""lg-de-bt-16:total_seats""]}]"
"er-ct-de-0036","germany","national","el-de-bt-2005-09-18","ct-de-0036","second_vote","47287988","614","108605","0.2","0.22966720428029208",,,"final","[{""source_id"":""src-de-bwl-final-archive"",""source_url"":""https://www.bundeswahlleiterin.de/dam/jcr/ce2d2b6a-f211-4355-8eea-355c98cd4e47/btw_kerg.zip"",""source_record_id"":""995e59d1e6aadaa37bc453bf3c82f736fc99d3cdf0fc0b976f938dcd800b82c0:btw2005_kerg.csv:340:65"",""retrieved_at"":""2026-10-01T23:21:39.584Z"",""raw_snapshot"":{""path"":""docs/political-data/raw/germany/2026-10-01T23-21-39-584Z_02e7077f9358c9ef/final-results.zip"",""sha256"":""02e7077f9358c9ef408741ee5d17123a43c28ea766b26a7ab338c08fcaeb7512""},""parser_version"":""germany-production-v1"",""parser_sha256"":""2a8eb3487f392ef83303e7fb9ff246e4c111a7e64a469a6aa9eb21461ae9b1a0"",""fields_covered"":[""second_votes"",""registered_label_native""],""published_or_derived"":""published"",""source_member"":""btw2005_kerg.csv"",""source_member_sha256"":""995e59d1e6aadaa37bc453bf3c82f736fc99d3cdf0fc0b976f938dcd800b82c0"",""source_column"":65},{""source_id"":""src-de-bwl-historical-results"",""source_url"":""https://www.bundeswahlleiterin.de/dam/jcr/24d8e745-920d-431a-893a-12805bc7ef40/btw_ab49_datenbank_ergebnisse.csv"",""source_record_id"":""csv-record-472"",""retrieved_at"":""2026-10-01T23:20:00.007Z"",""raw_snapshot"":{""path"":""docs/political-data/raw/germany/2026-10-01T23-20-00-007Z_9efffc24b559679a/results.csv"",""sha256"":""9efffc24b559679ade291d8da63462e5523b43ac62064e759737c3ae01418484""},""parser_version"":""germany-production-v1"",""parser_sha256"":""2a8eb3487f392ef83303e7fb9ff246e4c111a7e64a469a6aa9eb21461ae9b1a0"",""fields_covered"":[""published_vote_share"",""seats""],""published_or_derived"":""published"",""columns"":[6,79],""compilation_label"":""PBC"",""alignment_basis"":""unique exact national second-vote count in the same election; not party identity""},{""source_id"":""src-de-bwl-historical-results"",""source_url"":""https://www.bundeswahlleiterin.de/dam/jcr/24d8e745-920d-431a-893a-12805bc7ef40/btw_ab49_datenbank_ergebnisse.csv"",""source_record_id"":""csv-record-87"",""retrieved_at"":""2026-10-01T23:20:00.007Z"",""raw_snapshot"":{""path"":""docs/political-data/raw/germany/2026-10-01T23-20-00-007Z_9efffc24b559679a/results.csv"",""sha256"":""9efffc24b559679ade291d8da63462e5523b43ac62064e759737c3ae01418484""},""parser_version"":""germany-production-v1"",""parser_sha256"":""2a8eb3487f392ef83303e7fb9ff246e4c111a7e64a469a6aa9eb21461ae9b1a0"",""fields_covered"":[""total_seats"",""valid_second_votes""],""published_or_derived"":""published"",""columns"":[4,79]},{""source_id"":""src-de-bwl-final-archive"",""source_url"":""https://www.bundeswahlleiterin.de/dam/jcr/ce2d2b6a-f211-4355-8eea-355c98cd4e47/btw_kerg.zip"",""source_record_id"":""995e59d1e6aadaa37bc453bf3c82f736fc99d3cdf0fc0b976f938dcd800b82c0:btw2005_kerg.csv:340:65"",""retrieved_at"":""2026-10-01T23:21:39.584Z"",""raw_snapshot"":{""path"":""docs/political-data/raw/germany/2026-10-01T23-21-39-584Z_02e7077f9358c9ef/final-results.zip"",""sha256"":""02e7077f9358c9ef408741ee5d17123a43c28ea766b26a7ab338c08fcaeb7512""},""parser_version"":""germany-production-v1"",""parser_sha256"":""2a8eb3487f392ef83303e7fb9ff246e4c111a7e64a469a6aa9eb21461ae9b1a0"",""fields_covered"":[""derived_vote_share""],""published_or_derived"":""derived"",""formula"":""100 * second_votes / valid_second_votes"",""input_fields"":[""second_votes"",""el-de-bt-2005-09-18:valid_second_votes""]},{""source_id"":""src-de-bwl-historical-results"",""source_url"":""https://www.bundeswahlleiterin.de/dam/jcr/24d8e745-920d-431a-893a-12805bc7ef40/btw_ab49_datenbank_ergebnisse.csv"",""source_record_id"":""csv-record-472"",""retrieved_at"":""2026-10-01T23:20:00.007Z"",""raw_snapshot"":{""path"":""docs/political-data/raw/germany/2026-10-01T23-20-00-007Z_9efffc24b559679a/results.csv"",""sha256"":""9efffc24b559679ade291d8da63462e5523b43ac62064e759737c3ae01418484""},""parser_version"":""germany-production-v1"",""parser_sha256"":""2a8eb3487f392ef83303e7fb9ff246e4c111a7e64a469a6aa9eb21461ae9b1a0"",""fields_covered"":[""derived_seat_share""],""published_or_derived"":""derived"",""formula"":""100 * seats / total_seats; null remains null"",""input_fields"":[""seats"",""lg-de-bt-16:total_seats""]}]"
"er-ct-de-0037","germany","national","el-de-bt-2005-09-18","ct-de-0037","second_vote","47287988","614","27497","0.1","0.05814795926610369",,,"final","[{""source_id"":""src-de-bwl-final-archive"",""source_url"":""https://www.bundeswahlleiterin.de/dam/jcr/ce2d2b6a-f211-4355-8eea-355c98cd4e47/btw_kerg.zip"",""source_record_id"":""995e59d1e6aadaa37bc453bf3c82f736fc99d3cdf0fc0b976f938dcd800b82c0:btw2005_kerg.csv:340:69"",""retrieved_at"":""2026-10-01T23:21:39.584Z"",""raw_snapshot"":{""path"":""docs/political-data/raw/germany/2026-10-01T23-21-39-584Z_02e7077f9358c9ef/final-results.zip"",""sha256"":""02e7077f9358c9ef408741ee5d17123a43c28ea766b26a7ab338c08fcaeb7512""},""parser_version"":""germany-production-v1"",""parser_sha256"":""2a8eb3487f392ef83303e7fb9ff246e4c111a7e64a469a6aa9eb21461ae9b1a0"",""fields_covered"":[""second_votes"",""registered_label_native""],""published_or_derived"":""published"",""source_member"":""btw2005_kerg.csv"",""source_member_sha256"":""995e59d1e6aadaa37bc453bf3c82f736fc99d3cdf0fc0b976f938dcd800b82c0"",""source_column"":69},{""source_id"":""src-de-bwl-historical-results"",""source_url"":""https://www.bundeswahlleiterin.de/dam/jcr/24d8e745-920d-431a-893a-12805bc7ef40/btw_ab49_datenbank_ergebnisse.csv"",""source_record_id"":""csv-record-291"",""retrieved_at"":""2026-10-01T23:20:00.007Z"",""raw_snapshot"":{""path"":""docs/political-data/raw/germany/2026-10-01T23-20-00-007Z_9efffc24b559679a/results.csv"",""sha256"":""9efffc24b559679ade291d8da63462e5523b43ac62064e759737c3ae01418484""},""parser_version"":""germany-production-v1"",""parser_sha256"":""2a8eb3487f392ef83303e7fb9ff246e4c111a7e64a469a6aa9eb21461ae9b1a0"",""fields_covered"":[""published_vote_share"",""seats""],""published_or_derived"":""published"",""columns"":[6,79],""compilation_label"":""DIE FRAUEN"",""alignment_basis"":""unique exact national second-vote count in the same election; not party identity""},{""source_id"":""src-de-bwl-historical-results"",""source_url"":""https://www.bundeswahlleiterin.de/dam/jcr/24d8e745-920d-431a-893a-12805bc7ef40/btw_ab49_datenbank_ergebnisse.csv"",""source_record_id"":""csv-record-87"",""retrieved_at"":""2026-10-01T23:20:00.007Z"",""raw_snapshot"":{""path"":""docs/political-data/raw/germany/2026-10-01T23-20-00-007Z_9efffc24b559679a/results.csv"",""sha256"":""9efffc24b559679ade291d8da63462e5523b43ac62064e759737c3ae01418484""},""parser_version"":""germany-production-v1"",""parser_sha256"":""2a8eb3487f392ef83303e7fb9ff246e4c111a7e64a469a6aa9eb21461ae9b1a0"",""fields_covered"":[""total_seats"",""valid_second_votes""],""published_or_derived"":""published"",""columns"":[4,79]},{""source_id"":""src-de-bwl-final-archive"",""source_url"":""https://www.bundeswahlleiterin.de/dam/jcr/ce2d2b6a-f211-4355-8eea-355c98cd4e47/btw_kerg.zip"",""source_record_id"":""995e59d1e6aadaa37bc453bf3c82f736fc99d3cdf0fc0b976f938dcd800b82c0:btw2005_kerg.csv:340:69"",""retrieved_at"":""2026-10-01T23:21:39.584Z"",""raw_snapshot"":{""path"":""docs/political-data/raw/germany/2026-10-01T23-21-39-584Z_02e7077f9358c9ef/final-results.zip"",""sha256"":""02e7077f9358c9ef408741ee5d17123a43c28ea766b26a7ab338c08fcaeb7512""},""parser_version"":""germany-production-v1"",""parser_sha256"":""2a8eb3487f392ef83303e7fb9ff246e4c111a7e64a469a6aa9eb21461ae9b1a0"",""fields_covered"":[""derived_vote_share""],""published_or_derived"":""derived"",""formula"":""100 * second_votes / valid_second_votes"",""input_fields"":[""second_votes"",""el-de-bt-2005-09-18:valid_second_votes""]},{""source_id"":""src-de-bwl-historical-results"",""source_url"":""https://www.bundeswahlleiterin.de/dam/jcr/24d8e745-920d-431a-893a-12805bc7ef40/btw_ab49_datenbank_ergebnisse.csv"",""source_record_id"":""csv-record-291"",""retrieved_at"":""2026-10-01T23:20:00.007Z"",""raw_snapshot"":{""path"":""docs/political-data/raw/germany/2026-10-01T23-20-00-007Z_9efffc24b559679a/results.csv"",""sha256"":""9efffc24b559679ade291d8da63462e5523b43ac62064e759737c3ae01418484""},""parser_version"":""germany-production-v1"",""parser_sha256"":""2a8eb3487f392ef83303e7fb9ff246e4c111a7e64a469a6aa9eb21461ae9b1a0"",""fields_covered"":[""derived_seat_share""],""published_or_derived"":""derived"",""formula"":""100 * seats / total_seats; null remains null"",""input_fields"":[""seats"",""lg-de-bt-16:total_seats""]}]"
"er-ct-de-0038","germany","national","el-de-bt-2005-09-18","ct-de-0038","second_vote","47287988","614","191842","0.4","0.4056886497264379",,,"final","[{""source_id"":""src-de-bwl-final-archive"",""source_url"":""https://www.bundeswahlleiterin.de/dam/jcr/ce2d2b6a-f211-4355-8eea-355c98cd4e47/btw_kerg.zip"",""source_record_id"":""995e59d1e6aadaa37bc453bf3c82f736fc99d3cdf0fc0b976f938dcd800b82c0:btw2005_kerg.csv:340:73"",""retrieved_at"":""2026-10-01T23:21:39.584Z"",""raw_snapshot"":{""path"":""docs/political-data/raw/germany/2026-10-01T23-21-39-584Z_02e7077f9358c9ef/final-results.zip"",""sha256"":""02e7077f9358c9ef408741ee5d17123a43c28ea766b26a7ab338c08fcaeb7512""},""parser_version"":""germany-production-v1"",""parser_sha256"":""2a8eb3487f392ef83303e7fb9ff246e4c111a7e64a469a6aa9eb21461ae9b1a0"",""fields_covered"":[""second_votes"",""registered_label_native""],""published_or_derived"":""published"",""source_member"":""btw2005_kerg.csv"",""source_member_sha256"":""995e59d1e6aadaa37bc453bf3c82f736fc99d3cdf0fc0b976f938dcd800b82c0"",""source_column"":73},{""source_id"":""src-de-bwl-historical-results"",""source_url"":""https://www.bundeswahlleiterin.de/dam/jcr/24d8e745-920d-431a-893a-12805bc7ef40/btw_ab49_datenbank_ergebnisse.csv"",""source_record_id"":""csv-record-354"",""retrieved_at"":""2026-10-01T23:20:00.007Z"",""raw_snapshot"":{""path"":""docs/political-data/raw/germany/2026-10-01T23-20-00-007Z_9efffc24b559679a/results.csv"",""sha256"":""9efffc24b559679ade291d8da63462e5523b43ac62064e759737c3ae01418484""},""parser_version"":""germany-production-v1"",""parser_sha256"":""2a8eb3487f392ef83303e7fb9ff246e4c111a7e64a469a6aa9eb21461ae9b1a0"",""fields_covered"":[""published_vote_share"",""seats""],""published_or_derived"":""published"",""columns"":[6,79],""compilation_label"":""FAMILIE"",""alignment_basis"":""unique exact national second-vote count in the same election; not party identity""},{""source_id"":""src-de-bwl-historical-results"",""source_url"":""https://www.bundeswahlleiterin.de/dam/jcr/24d8e745-920d-431a-893a-12805bc7ef40/btw_ab49_datenbank_ergebnisse.csv"",""source_record_id"":""csv-record-87"",""retrieved_at"":""2026-10-01T23:20:00.007Z"",""raw_snapshot"":{""path"":""docs/political-data/raw/germany/2026-10-01T23-20-00-007Z_9efffc24b559679a/results.csv"",""sha256"":""9efffc24b559679ade291d8da63462e5523b43ac62064e759737c3ae01418484""},""parser_version"":""germany-production-v1"",""parser_sha256"":""2a8eb3487f392ef83303e7fb9ff246e4c111a7e64a469a6aa9eb21461ae9b1a0"",""fields_covered"":[""total_seats"",""valid_second_votes""],""published_or_derived"":""published"",""columns"":[4,79]},{""source_id"":""src-de-bwl-final-archive"",""source_url"":""https://www.bundeswahlleiterin.de/dam/jcr/ce2d2b6a-f211-4355-8eea-355c98cd4e47/btw_kerg.zip"",""source_record_id"":""995e59d1e6aadaa37bc453bf3c82f736fc99d3cdf0fc0b976f938dcd800b82c0:btw2005_kerg.csv:340:73"",""retrieved_at"":""2026-10-01T23:21:39.584Z"",""raw_snapshot"":{""path"":""docs/political-data/raw/germany/2026-10-01T23-21-39-584Z_02e7077f9358c9ef/final-results.zip"",""sha256"":""02e7077f9358c9ef408741ee5d17123a43c28ea766b26a7ab338c08fcaeb7512""},""parser_version"":""germany-production-v1"",""parser_sha256"":""2a8eb3487f392ef83303e7fb9ff246e4c111a7e64a469a6aa9eb21461ae9b1a0"",""fields_covered"":[""derived_vote_share""],""published_or_derived"":""derived"",""formula"":""100 * second_votes / valid_second_votes"",""input_fields"":[""second_votes"",""el-de-bt-2005-09-18:valid_second_votes""]},{""source_id"":""src-de-bwl-historical-results"",""source_url"":""https://www.bundeswahlleiterin.de/dam/jcr/24d8e745-920d-431a-893a-12805bc7ef40/btw_ab49_datenbank_ergebnisse.csv"",""source_record_id"":""csv-record-354"",""retrieved_at"":""2026-10-01T23:20:00.007Z"",""raw_snapshot"":{""path"":""docs/political-data/raw/germany/2026-10-01T23-20-00-007Z_9efffc24b559679a/results.csv"",""sha256"":""9efffc24b559679ade291d8da63462e5523b43ac62064e759737c3ae01418484""},""parser_version"":""germany-production-v1"",""parser_sha256"":""2a8eb3487f392ef83303e7fb9ff246e4c111a7e64a469a6aa9eb21461ae9b1a0"",""fields_covered"":[""derived_seat_share""],""published_or_derived"":""derived"",""formula"":""100 * seats / total_seats; null remains null"",""input_fields"":[""seats"",""lg-de-bt-16:total_seats""]}]"
"er-ct-de-0039","germany","national","el-de-bt-2005-09-18","ct-de-0039","second_vote","47287988","614","35649","0.1","0.07538700948748338",,,"final","[{""source_id"":""src-de-bwl-final-archive"",""source_url"":""https://www.bundeswahlleiterin.de/dam/jcr/ce2d2b6a-f211-4355-8eea-355c98cd4e47/btw_kerg.zip"",""source_record_id"":""995e59d1e6aadaa37bc453bf3c82f736fc99d3cdf0fc0b976f938dcd800b82c0:btw2005_kerg.csv:340:77"",""retrieved_at"":""2026-10-01T23:21:39.584Z"",""raw_snapshot"":{""path"":""docs/political-data/raw/germany/2026-10-01T23-21-39-584Z_02e7077f9358c9ef/final-results.zip"",""sha256"":""02e7077f9358c9ef408741ee5d17123a43c28ea766b26a7ab338c08fcaeb7512""},""parser_version"":""germany-production-v1"",""parser_sha256"":""2a8eb3487f392ef83303e7fb9ff246e4c111a7e64a469a6aa9eb21461ae9b1a0"",""fields_covered"":[""second_votes"",""registered_label_native""],""published_or_derived"":""published"",""source_member"":""btw2005_kerg.csv"",""source_member_sha256"":""995e59d1e6aadaa37bc453bf3c82f736fc99d3cdf0fc0b976f938dcd800b82c0"",""source_column"":77},{""source_id"":""src-de-bwl-historical-results"",""source_url"":""https://www.bundeswahlleiterin.de/dam/jcr/24d8e745-920d-431a-893a-12805bc7ef40/btw_ab49_datenbank_ergebnisse.csv"",""source_record_id"":""csv-record-260"",""retrieved_at"":""2026-10-01T23:20:00.007Z"",""raw_snapshot"":{""path"":""docs/political-data/raw/germany/2026-10-01T23-20-00-007Z_9efffc24b559679a/results.csv"",""sha256"":""9efffc24b559679ade291d8da63462e5523b43ac62064e759737c3ae01418484""},""parser_version"":""germany-production-v1"",""parser_sha256"":""2a8eb3487f392ef83303e7fb9ff246e4c111a7e64a469a6aa9eb21461ae9b1a0"",""fields_covered"":[""published_vote_share"",""seats""],""published_or_derived"":""published"",""columns"":[6,79],""compilation_label"":""BüSo"",""alignment_basis"":""unique exact national second-vote count in the same election; not party identity""},{""source_id"":""src-de-bwl-historical-results"",""source_url"":""https://www.bundeswahlleiterin.de/dam/jcr/24d8e745-920d-431a-893a-12805bc7ef40/btw_ab49_datenbank_ergebnisse.csv"",""source_record_id"":""csv-record-87"",""retrieved_at"":""2026-10-01T23:20:00.007Z"",""raw_snapshot"":{""path"":""docs/political-data/raw/germany/2026-10-01T23-20-00-007Z_9efffc24b559679a/results.csv"",""sha256"":""9efffc24b559679ade291d8da63462e5523b43ac62064e759737c3ae01418484""},""parser_version"":""germany-production-v1"",""parser_sha256"":""2a8eb3487f392ef83303e7fb9ff246e4c111a7e64a469a6aa9eb21461ae9b1a0"",""fields_covered"":[""total_seats"",""valid_second_votes""],""published_or_derived"":""published"",""columns"":[4,79]},{""source_id"":""src-de-bwl-final-archive"",""source_url"":""https://www.bundeswahlleiterin.de/dam/jcr/ce2d2b6a-f211-4355-8eea-355c98cd4e47/btw_kerg.zip"",""source_record_id"":""995e59d1e6aadaa37bc453bf3c82f736fc99d3cdf0fc0b976f938dcd800b82c0:btw2005_kerg.csv:340:77"",""retrieved_at"":""2026-10-01T23:21:39.584Z"",""raw_snapshot"":{""path"":""docs/political-data/raw/germany/2026-10-01T23-21-39-584Z_02e7077f9358c9ef/final-results.zip"",""sha256"":""02e7077f9358c9ef408741ee5d17123a43c28ea766b26a7ab338c08fcaeb7512""},""parser_version"":""germany-production-v1"",""parser_sha256"":""2a8eb3487f392ef83303e7fb9ff246e4c111a7e64a469a6aa9eb21461ae9b1a0"",""fields_covered"":[""derived_vote_share""],""published_or_derived"":""derived"",""formula"":""100 * second_votes / valid_second_votes"",""input_fields"":[""second_votes"",""el-de-bt-2005-09-18:valid_second_votes""]},{""source_id"":""src-de-bwl-historical-results"",""source_url"":""https://www.bundeswahlleiterin.de/dam/jcr/24d8e745-920d-431a-893a-12805bc7ef40/btw_ab49_datenbank_ergebnisse.csv"",""source_record_id"":""csv-record-260"",""retrieved_at"":""2026-10-01T23:20:00.007Z"",""raw_snapshot"":{""path"":""docs/political-data/raw/germany/2026-10-01T23-20-00-007Z_9efffc24b559679a/results.csv"",""sha256"":""9efffc24b559679ade291d8da63462e5523b43ac62064e759737c3ae01418484""},""parser_version"":""germany-production-v1"",""parser_sha256"":""2a8eb3487f392ef83303e7fb9ff246e4c111a7e64a469a6aa9eb21461ae9b1a0"",""fields_covered"":[""derived_seat_share""],""published_or_derived"":""derived"",""formula"":""100 * seats / total_seats; null remains null"",""input_fields"":[""seats"",""lg-de-bt-16:total_seats""]}]"
"er-ct-de-0040","germany","national","el-de-bt-2005-09-18","ct-de-0040","second_vote","47287988","614","35543","0.1","0.07516285108175887",,,"final","[{""source_id"":""src-de-bwl-final-archive"",""source_url"":""https://www.bundeswahlleiterin.de/dam/jcr/ce2d2b6a-f211-4355-8eea-355c98cd4e47/btw_kerg.zip"",""source_record_id"":""995e59d1e6aadaa37bc453bf3c82f736fc99d3cdf0fc0b976f938dcd800b82c0:btw2005_kerg.csv:340:81"",""retrieved_at"":""2026-10-01T23:21:39.584Z"",""raw_snapshot"":{""path"":""docs/political-data/raw/germany/2026-10-01T23-21-39-584Z_02e7077f9358c9ef/final-results.zip"",""sha256"":""02e7077f9358c9ef408741ee5d17123a43c28ea766b26a7ab338c08fcaeb7512""},""parser_version"":""germany-production-v1"",""parser_sha256"":""2a8eb3487f392ef83303e7fb9ff246e4c111a7e64a469a6aa9eb21461ae9b1a0"",""fields_covered"":[""second_votes"",""registered_label_native""],""published_or_derived"":""published"",""source_member"":""btw2005_kerg.csv"",""source_member_sha256"":""995e59d1e6aadaa37bc453bf3c82f736fc99d3cdf0fc0b976f938dcd800b82c0"",""source_column"":81},{""source_id"":""src-de-bwl-historical-results"",""source_url"":""https://www.bundeswahlleiterin.de/dam/jcr/24d8e745-920d-431a-893a-12805bc7ef40/btw_ab49_datenbank_ergebnisse.csv"",""source_record_id"":""csv-record-239"",""retrieved_at"":""2026-10-01T23:20:00.007Z"",""raw_snapshot"":{""path"":""docs/political-data/raw/germany/2026-10-01T23-20-00-007Z_9efffc24b559679a/results.csv"",""sha256"":""9efffc24b559679ade291d8da63462e5523b43ac62064e759737c3ae01418484""},""parser_version"":""germany-production-v1"",""parser_sha256"":""2a8eb3487f392ef83303e7fb9ff246e4c111a7e64a469a6aa9eb21461ae9b1a0"",""fields_covered"":[""published_vote_share"",""seats""],""published_or_derived"":""published"",""columns"":[6,79],""compilation_label"":""BP"",""alignment_basis"":""unique exact national second-vote count in the same election; not party identity""},{""source_id"":""src-de-bwl-historical-results"",""source_url"":""https://www.bundeswahlleiterin.de/dam/jcr/24d8e745-920d-431a-893a-12805bc7ef40/btw_ab49_datenbank_ergebnisse.csv"",""source_record_id"":""csv-record-87"",""retrieved_at"":""2026-10-01T23:20:00.007Z"",""raw_snapshot"":{""path"":""docs/political-data/raw/germany/2026-10-01T23-20-00-007Z_9efffc24b559679a/results.csv"",""sha256"":""9efffc24b559679ade291d8da63462e5523b43ac62064e759737c3ae01418484""},""parser_version"":""germany-production-v1"",""parser_sha256"":""2a8eb3487f392ef83303e7fb9ff246e4c111a7e64a469a6aa9eb21461ae9b1a0"",""fields_covered"":[""total_seats"",""valid_second_votes""],""published_or_derived"":""published"",""columns"":[4,79]},{""source_id"":""src-de-bwl-final-archive"",""source_url"":""https://www.bundeswahlleiterin.de/dam/jcr/ce2d2b6a-f211-4355-8eea-355c98cd4e47/btw_kerg.zip"",""source_record_id"":""995e59d1e6aadaa37bc453bf3c82f736fc99d3cdf0fc0b976f938dcd800b82c0:btw2005_kerg.csv:340:81"",""retrieved_at"":""2026-10-01T23:21:39.584Z"",""raw_snapshot"":{""path"":""docs/political-data/raw/germany/2026-10-01T23-21-39-584Z_02e7077f9358c9ef/final-results.zip"",""sha256"":""02e7077f9358c9ef408741ee5d17123a43c28ea766b26a7ab338c08fcaeb7512""},""parser_version"":""germany-production-v1"",""parser_sha256"":""2a8eb3487f392ef83303e7fb9ff246e4c111a7e64a469a6aa9eb21461ae9b1a0"",""fields_covered"":[""derived_vote_share""],""published_or_derived"":""derived"",""formula"":""100 * second_votes / valid_second_votes"",""input_fields"":[""second_votes"",""el-de-bt-2005-09-18:valid_second_votes""]},{""source_id"":""src-de-bwl-historical-results"",""source_url"":""https://www.bundeswahlleiterin.de/dam/jcr/24d8e745-920d-431a-893a-12805bc7ef40/btw_ab49_datenbank_ergebnisse.csv"",""source_record_id"":""csv-record-239"",""retrieved_at"":""2026-10-01T23:20:00.007Z"",""raw_snapshot"":{""path"":""docs/political-data/raw/germany/2026-10-01T23-20-00-007Z_9efffc24b559679a/results.csv"",""sha256"":""9efffc24b559679ade291d8da63462e5523b43ac62064e759737c3ae01418484""},""parser_version"":""germany-production-v1"",""parser_sha256"":""2a8eb3487f392ef83303e7fb9ff246e4c111a7e64a469a6aa9eb21461ae9b1a0"",""fields_covered"":[""derived_seat_share""],""published_or_derived"":""derived"",""formula"":""100 * seats / total_seats; null remains null"",""input_fields"":[""seats"",""lg-de-bt-16:total_seats""]}]"
"er-ct-de-0041","germany","national","el-de-bt-2005-09-18","ct-de-0041","second_vote","47287988","614","4010","0","0.008479954782597221",,,"final","[{""source_id"":""src-de-bwl-final-archive"",""source_url"":""https://www.bundeswahlleiterin.de/dam/jcr/ce2d2b6a-f211-4355-8eea-355c98cd4e47/btw_kerg.zip"",""source_record_id"":""995e59d1e6aadaa37bc453bf3c82f736fc99d3cdf0fc0b976f938dcd800b82c0:btw2005_kerg.csv:340:85"",""retrieved_at"":""2026-10-01T23:21:39.584Z"",""raw_snapshot"":{""path"":""docs/political-data/raw/germany/2026-10-01T23-21-39-584Z_02e7077f9358c9ef/final-results.zip"",""sha256"":""02e7077f9358c9ef408741ee5d17123a43c28ea766b26a7ab338c08fcaeb7512""},""parser_version"":""germany-production-v1"",""parser_sha256"":""2a8eb3487f392ef83303e7fb9ff246e4c111a7e64a469a6aa9eb21461ae9b1a0"",""fields_covered"":[""second_votes"",""registered_label_native""],""published_or_derived"":""published"",""source_member"":""btw2005_kerg.csv"",""source_member_sha256"":""995e59d1e6aadaa37bc453bf3c82f736fc99d3cdf0fc0b976f938dcd800b82c0"",""source_column"":85},{""source_id"":""src-de-bwl-historical-results"",""source_url"":""https://www.bundeswahlleiterin.de/dam/jcr/24d8e745-920d-431a-893a-12805bc7ef40/btw_ab49_datenbank_ergebnisse.csv"",""source_record_id"":""csv-record-580"",""retrieved_at"":""2026-10-01T23:20:00.007Z"",""raw_snapshot"":{""path"":""docs/political-data/raw/germany/2026-10-01T23-20-00-007Z_9efffc24b559679a/results.csv"",""sha256"":""9efffc24b559679ade291d8da63462e5523b43ac62064e759737c3ae01418484""},""parser_version"":""germany-production-v1"",""parser_sha256"":""2a8eb3487f392ef83303e7fb9ff246e4c111a7e64a469a6aa9eb21461ae9b1a0"",""fields_covered"":[""published_vote_share"",""seats""],""published_or_derived"":""published"",""columns"":[6,79],""compilation_label"":""ZENTRUM"",""alignment_basis"":""unique exact national second-vote count in the same election; not party identity""},{""source_id"":""src-de-bwl-historical-results"",""source_url"":""https://www.bundeswahlleiterin.de/dam/jcr/24d8e745-920d-431a-893a-12805bc7ef40/btw_ab49_datenbank_ergebnisse.csv"",""source_record_id"":""csv-record-87"",""retrieved_at"":""2026-10-01T23:20:00.007Z"",""raw_snapshot"":{""path"":""docs/political-data/raw/germany/2026-10-01T23-20-00-007Z_9efffc24b559679a/results.csv"",""sha256"":""9efffc24b559679ade291d8da63462e5523b43ac62064e759737c3ae01418484""},""parser_version"":""germany-production-v1"",""parser_sha256"":""2a8eb3487f392ef83303e7fb9ff246e4c111a7e64a469a6aa9eb21461ae9b1a0"",""fields_covered"":[""total_seats"",""valid_second_votes""],""published_or_derived"":""published"",""columns"":[4,79]},{""source_id"":""src-de-bwl-final-archive"",""source_url"":""https://www.bundeswahlleiterin.de/dam/jcr/ce2d2b6a-f211-4355-8eea-355c98cd4e47/btw_kerg.zip"",""source_record_id"":""995e59d1e6aadaa37bc453bf3c82f736fc99d3cdf0fc0b976f938dcd800b82c0:btw2005_kerg.csv:340:85"",""retrieved_at"":""2026-10-01T23:21:39.584Z"",""raw_snapshot"":{""path"":""docs/political-data/raw/germany/2026-10-01T23-21-39-584Z_02e7077f9358c9ef/final-results.zip"",""sha256"":""02e7077f9358c9ef408741ee5d17123a43c28ea766b26a7ab338c08fcaeb7512""},""parser_version"":""germany-production-v1"",""parser_sha256"":""2a8eb3487f392ef83303e7fb9ff246e4c111a7e64a469a6aa9eb21461ae9b1a0"",""fields_covered"":[""derived_vote_share""],""published_or_derived"":""derived"",""formula"":""100 * second_votes / valid_second_votes"",""input_fields"":[""second_votes"",""el-de-bt-2005-09-18:valid_second_votes""]},{""source_id"":""src-de-bwl-historical-results"",""source_url"":""https://www.bundeswahlleiterin.de/dam/jcr/24d8e745-920d-431a-893a-12805bc7ef40/btw_ab49_datenbank_ergebnisse.csv"",""source_record_id"":""csv-record-580"",""retrieved_at"":""2026-10-01T23:20:00.007Z"",""raw_snapshot"":{""path"":""docs/political-data/raw/germany/2026-10-01T23-20-00-007Z_9efffc24b559679a/results.csv"",""sha256"":""9efffc24b559679ade291d8da63462e5523b43ac62064e759737c3ae01418484""},""parser_version"":""germany-production-v1"",""parser_sha256"":""2a8eb3487f392ef83303e7fb9ff246e4c111a7e64a469a6aa9eb21461ae9b1a0"",""fields_covered"":[""derived_seat_share""],""published_or_derived"":""derived"",""formula"":""100 * seats / total_seats; null remains null"",""input_fields"":[""seats"",""lg-de-bt-16:total_seats""]}]"
"er-ct-de-0042","germany","national","el-de-bt-2005-09-18","ct-de-0042","second_vote","47287988","614","9643","0","0.02039207081510848",,,"final","[{""source_id"":""src-de-bwl-final-archive"",""source_url"":""https://www.bundeswahlleiterin.de/dam/jcr/ce2d2b6a-f211-4355-8eea-355c98cd4e47/btw_kerg.zip"",""source_record_id"":""995e59d1e6aadaa37bc453bf3c82f736fc99d3cdf0fc0b976f938dcd800b82c0:btw2005_kerg.csv:340:89"",""retrieved_at"":""2026-10-01T23:21:39.584Z"",""raw_snapshot"":{""path"":""docs/political-data/raw/germany/2026-10-01T23-21-39-584Z_02e7077f9358c9ef/final-results.zip"",""sha256"":""02e7077f9358c9ef408741ee5d17123a43c28ea766b26a7ab338c08fcaeb7512""},""parser_version"":""germany-production-v1"",""parser_sha256"":""2a8eb3487f392ef83303e7fb9ff246e4c111a7e64a469a6aa9eb21461ae9b1a0"",""fields_covered"":[""second_votes"",""registered_label_native""],""published_or_derived"":""published"",""source_member"":""btw2005_kerg.csv"",""source_member_sha256"":""995e59d1e6aadaa37bc453bf3c82f736fc99d3cdf0fc0b976f938dcd800b82c0"",""source_column"":89},{""source_id"":""src-de-bwl-historical-results"",""source_url"":""https://www.bundeswahlleiterin.de/dam/jcr/24d8e745-920d-431a-893a-12805bc7ef40/btw_ab49_datenbank_ergebnisse.csv"",""source_record_id"":""csv-record-558"",""retrieved_at"":""2026-10-01T23:20:00.007Z"",""raw_snapshot"":{""path"":""docs/political-data/raw/germany/2026-10-01T23-20-00-007Z_9efffc24b559679a/results.csv"",""sha256"":""9efffc24b559679ade291d8da63462e5523b43ac62064e759737c3ae01418484""},""parser_version"":""germany-production-v1"",""parser_sha256"":""2a8eb3487f392ef83303e7fb9ff246e4c111a7e64a469a6aa9eb21461ae9b1a0"",""fields_covered"":[""published_vote_share"",""seats""],""published_or_derived"":""published"",""columns"":[6,79],""compilation_label"":""Volksabstimmung"",""alignment_basis"":""unique exact national second-vote count in the same election; not party identity""},{""source_id"":""src-de-bwl-historical-results"",""source_url"":""https://www.bundeswahlleiterin.de/dam/jcr/24d8e745-920d-431a-893a-12805bc7ef40/btw_ab49_datenbank_ergebnisse.csv"",""source_record_id"":""csv-record-87"",""retrieved_at"":""2026-10-01T23:20:00.007Z"",""raw_snapshot"":{""path"":""docs/political-data/raw/germany/2026-10-01T23-20-00-007Z_9efffc24b559679a/results.csv"",""sha256"":""9efffc24b559679ade291d8da63462e5523b43ac62064e759737c3ae01418484""},""parser_version"":""germany-production-v1"",""parser_sha256"":""2a8eb3487f392ef83303e7fb9ff246e4c111a7e64a469a6aa9eb21461ae9b1a0"",""fields_covered"":[""total_seats"",""valid_second_votes""],""published_or_derived"":""published"",""columns"":[4,79]},{""source_id"":""src-de-bwl-final-archive"",""source_url"":""https://www.bundeswahlleiterin.de/dam/jcr/ce2d2b6a-f211-4355-8eea-355c98cd4e47/btw_kerg.zip"",""source_record_id"":""995e59d1e6aadaa37bc453bf3c82f736fc99d3cdf0fc0b976f938dcd800b82c0:btw2005_kerg.csv:340:89"",""retrieved_at"":""2026-10-01T23:21:39.584Z"",""raw_snapshot"":{""path"":""docs/political-data/raw/germany/2026-10-01T23-21-39-584Z_02e7077f9358c9ef/final-results.zip"",""sha256"":""02e7077f9358c9ef408741ee5d17123a43c28ea766b26a7ab338c08fcaeb7512""},""parser_version"":""germany-production-v1"",""parser_sha256"":""2a8eb3487f392ef83303e7fb9ff246e4c111a7e64a469a6aa9eb21461ae9b1a0"",""fields_covered"":[""derived_vote_share""],""published_or_derived"":""derived"",""formula"":""100 * second_votes / valid_second_votes"",""input_fields"":[""second_votes"",""el-de-bt-2005-09-18:valid_second_votes""]},{""source_id"":""src-de-bwl-historical-results"",""source_url"":""https://www.bundeswahlleiterin.de/dam/jcr/24d8e745-920d-431a-893a-12805bc7ef40/btw_ab49_datenbank_ergebnisse.csv"",""source_record_id"":""csv-record-558"",""retrieved_at"":""2026-10-01T23:20:00.007Z"",""raw_snapshot"":{""path"":""docs/political-data/raw/germany/2026-10-01T23-20-00-007Z_9efffc24b559679a/results.csv"",""sha256"":""9efffc24b559679ade291d8da63462e5523b43ac62064e759737c3ae01418484""},""parser_version"":""germany-production-v1"",""parser_sha256"":""2a8eb3487f392ef83303e7fb9ff246e4c111a7e64a469a6aa9eb21461ae9b1a0"",""fields_covered"":[""derived_seat_share""],""published_or_derived"":""derived"",""formula"":""100 * seats / total_seats; null remains null"",""input_fields"":[""seats"",""lg-de-bt-16:total_seats""]}]"
"er-ct-de-0043","germany","national","el-de-bt-2005-09-18","ct-de-0043","second_vote","47287988","614","21350","0","0.04514888643602261",,,"final","[{""source_id"":""src-de-bwl-final-archive"",""source_url"":""https://www.bundeswahlleiterin.de/dam/jcr/ce2d2b6a-f211-4355-8eea-355c98cd4e47/btw_kerg.zip"",""source_record_id"":""995e59d1e6aadaa37bc453bf3c82f736fc99d3cdf0fc0b976f938dcd800b82c0:btw2005_kerg.csv:340:93"",""retrieved_at"":""2026-10-01T23:21:39.584Z"",""raw_snapshot"":{""path"":""docs/political-data/raw/germany/2026-10-01T23-21-39-584Z_02e7077f9358c9ef/final-results.zip"",""sha256"":""02e7077f9358c9ef408741ee5d17123a43c28ea766b26a7ab338c08fcaeb7512""},""parser_version"":""germany-production-v1"",""parser_sha256"":""2a8eb3487f392ef83303e7fb9ff246e4c111a7e64a469a6aa9eb21461ae9b1a0"",""fields_covered"":[""second_votes"",""registered_label_native""],""published_or_derived"":""published"",""source_member"":""btw2005_kerg.csv"",""source_member_sha256"":""995e59d1e6aadaa37bc453bf3c82f736fc99d3cdf0fc0b976f938dcd800b82c0"",""source_column"":93},{""source_id"":""src-de-bwl-historical-results"",""source_url"":""https://www.bundeswahlleiterin.de/dam/jcr/24d8e745-920d-431a-893a-12805bc7ef40/btw_ab49_datenbank_ergebnisse.csv"",""source_record_id"":""csv-record-212"",""retrieved_at"":""2026-10-01T23:20:00.007Z"",""raw_snapshot"":{""path"":""docs/political-data/raw/germany/2026-10-01T23-20-00-007Z_9efffc24b559679a/results.csv"",""sha256"":""9efffc24b559679ade291d8da63462e5523b43ac62064e759737c3ae01418484""},""parser_version"":""germany-production-v1"",""parser_sha256"":""2a8eb3487f392ef83303e7fb9ff246e4c111a7e64a469a6aa9eb21461ae9b1a0"",""fields_covered"":[""published_vote_share"",""seats""],""published_or_derived"":""published"",""columns"":[6,79],""compilation_label"":""AGFG"",""alignment_basis"":""unique exact national second-vote count in the same election; not party identity""},{""source_id"":""src-de-bwl-historical-results"",""source_url"":""https://www.bundeswahlleiterin.de/dam/jcr/24d8e745-920d-431a-893a-12805bc7ef40/btw_ab49_datenbank_ergebnisse.csv"",""source_record_id"":""csv-record-87"",""retrieved_at"":""2026-10-01T23:20:00.007Z"",""raw_snapshot"":{""path"":""docs/political-data/raw/germany/2026-10-01T23-20-00-007Z_9efffc24b559679a/results.csv"",""sha256"":""9efffc24b559679ade291d8da63462e5523b43ac62064e759737c3ae01418484""},""parser_version"":""germany-production-v1"",""parser_sha256"":""2a8eb3487f392ef83303e7fb9ff246e4c111a7e64a469a6aa9eb21461ae9b1a0"",""fields_covered"":[""total_seats"",""valid_second_votes""],""published_or_derived"":""published"",""columns"":[4,79]},{""source_id"":""src-de-bwl-final-archive"",""source_url"":""https://www.bundeswahlleiterin.de/dam/jcr/ce2d2b6a-f211-4355-8eea-355c98cd4e47/btw_kerg.zip"",""source_record_id"":""995e59d1e6aadaa37bc453bf3c82f736fc99d3cdf0fc0b976f938dcd800b82c0:btw2005_kerg.csv:340:93"",""retrieved_at"":""2026-10-01T23:21:39.584Z"",""raw_snapshot"":{""path"":""docs/political-data/raw/germany/2026-10-01T23-21-39-584Z_02e7077f9358c9ef/final-results.zip"",""sha256"":""02e7077f9358c9ef408741ee5d17123a43c28ea766b26a7ab338c08fcaeb7512""},""parser_version"":""germany-production-v1"",""parser_sha256"":""2a8eb3487f392ef83303e7fb9ff246e4c111a7e64a469a6aa9eb21461ae9b1a0"",""fields_covered"":[""derived_vote_share""],""published_or_derived"":""derived"",""formula"":""100 * second_votes / valid_second_votes"",""input_fields"":[""second_votes"",""el-de-bt-2005-09-18:valid_second_votes""]},{""source_id"":""src-de-bwl-historical-results"",""source_url"":""https://www.bundeswahlleiterin.de/dam/jcr/24d8e745-920d-431a-893a-12805bc7ef40/btw_ab49_datenbank_ergebnisse.csv"",""source_record_id"":""csv-record-212"",""retrieved_at"":""2026-10-01T23:20:00.007Z"",""raw_snapshot"":{""path"":""docs/political-data/raw/germany/2026-10-01T23-20-00-007Z_9efffc24b559679a/results.csv"",""sha256"":""9efffc24b559679ade291d8da63462e5523b43ac62064e759737c3ae01418484""},""parser_version"":""germany-production-v1"",""parser_sha256"":""2a8eb3487f392ef83303e7fb9ff246e4c111a7e64a469a6aa9eb21461ae9b1a0"",""fields_covered"":[""derived_seat_share""],""published_or_derived"":""derived"",""formula"":""100 * seats / total_seats; null remains null"",""input_fields"":[""seats"",""lg-de-bt-16:total_seats""]}]"
"er-ct-de-0044","germany","national","el-de-bt-2005-09-18","ct-de-0044","second_vote","47287988","614","4233","0","0.008951533315395022",,,"final","[{""source_id"":""src-de-bwl-final-archive"",""source_url"":""https://www.bundeswahlleiterin.de/dam/jcr/ce2d2b6a-f211-4355-8eea-355c98cd4e47/btw_kerg.zip"",""source_record_id"":""995e59d1e6aadaa37bc453bf3c82f736fc99d3cdf0fc0b976f938dcd800b82c0:btw2005_kerg.csv:340:97"",""retrieved_at"":""2026-10-01T23:21:39.584Z"",""raw_snapshot"":{""path"":""docs/political-data/raw/germany/2026-10-01T23-21-39-584Z_02e7077f9358c9ef/final-results.zip"",""sha256"":""02e7077f9358c9ef408741ee5d17123a43c28ea766b26a7ab338c08fcaeb7512""},""parser_version"":""germany-production-v1"",""parser_sha256"":""2a8eb3487f392ef83303e7fb9ff246e4c111a7e64a469a6aa9eb21461ae9b1a0"",""fields_covered"":[""second_votes"",""registered_label_native""],""published_or_derived"":""published"",""source_member"":""btw2005_kerg.csv"",""source_member_sha256"":""995e59d1e6aadaa37bc453bf3c82f736fc99d3cdf0fc0b976f938dcd800b82c0"",""source_column"":97},{""source_id"":""src-de-bwl-historical-results"",""source_url"":""https://www.bundeswahlleiterin.de/dam/jcr/24d8e745-920d-431a-893a-12805bc7ef40/btw_ab49_datenbank_ergebnisse.csv"",""source_record_id"":""csv-record-216"",""retrieved_at"":""2026-10-01T23:20:00.007Z"",""raw_snapshot"":{""path"":""docs/political-data/raw/germany/2026-10-01T23-20-00-007Z_9efffc24b559679a/results.csv"",""sha256"":""9efffc24b559679ade291d8da63462e5523b43ac62064e759737c3ae01418484""},""parser_version"":""germany-production-v1"",""parser_sha256"":""2a8eb3487f392ef83303e7fb9ff246e4c111a7e64a469a6aa9eb21461ae9b1a0"",""fields_covered"":[""published_vote_share"",""seats""],""published_or_derived"":""published"",""columns"":[6,79],""compilation_label"":""APPD"",""alignment_basis"":""unique exact national second-vote count in the same election; not party identity""},{""source_id"":""src-de-bwl-historical-results"",""source_url"":""https://www.bundeswahlleiterin.de/dam/jcr/24d8e745-920d-431a-893a-12805bc7ef40/btw_ab49_datenbank_ergebnisse.csv"",""source_record_id"":""csv-record-87"",""retrieved_at"":""2026-10-01T23:20:00.007Z"",""raw_snapshot"":{""path"":""docs/political-data/raw/germany/2026-10-01T23-20-00-007Z_9efffc24b559679a/results.csv"",""sha256"":""9efffc24b559679ade291d8da63462e5523b43ac62064e759737c3ae01418484""},""parser_version"":""germany-production-v1"",""parser_sha256"":""2a8eb3487f392ef83303e7fb9ff246e4c111a7e64a469a6aa9eb21461ae9b1a0"",""fields_covered"":[""total_seats"",""valid_second_votes""],""published_or_derived"":""published"",""columns"":[4,79]},{""source_id"":""src-de-bwl-final-archive"",""source_url"":""https://www.bundeswahlleiterin.de/dam/jcr/ce2d2b6a-f211-4355-8eea-355c98cd4e47/btw_kerg.zip"",""source_record_id"":""995e59d1e6aadaa37bc453bf3c82f736fc99d3cdf0fc0b976f938dcd800b82c0:btw2005_kerg.csv:340:97"",""retrieved_at"":""2026-10-01T23:21:39.584Z"",""raw_snapshot"":{""path"":""docs/political-data/raw/germany/2026-10-01T23-21-39-584Z_02e7077f9358c9ef/final-results.zip"",""sha256"":""02e7077f9358c9ef408741ee5d17123a43c28ea766b26a7ab338c08fcaeb7512""},""parser_version"":""germany-production-v1"",""parser_sha256"":""2a8eb3487f392ef83303e7fb9ff246e4c111a7e64a469a6aa9eb21461ae9b1a0"",""fields_covered"":[""derived_vote_share""],""published_or_derived"":""derived"",""formula"":""100 * second_votes / valid_second_votes"",""input_fields"":[""second_votes"",""el-de-bt-2005-09-18:valid_second_votes""]},{""source_id"":""src-de-bwl-historical-results"",""source_url"":""https://www.bundeswahlleiterin.de/dam/jcr/24d8e745-920d-431a-893a-12805bc7ef40/btw_ab49_datenbank_ergebnisse.csv"",""source_record_id"":""csv-record-216"",""retrieved_at"":""2026-10-01T23:20:00.007Z"",""raw_snapshot"":{""path"":""docs/political-data/raw/germany/2026-10-01T23-20-00-007Z_9efffc24b559679a/results.csv"",""sha256"":""9efffc24b559679ade291d8da63462e5523b43ac62064e759737c3ae01418484""},""parser_version"":""germany-production-v1"",""parser_sha256"":""2a8eb3487f392ef83303e7fb9ff246e4c111a7e64a469a6aa9eb21461ae9b1a0"",""fields_covered"":[""derived_seat_share""],""published_or_derived"":""derived"",""formula"":""100 * seats / total_seats; null remains null"",""input_fields"":[""seats"",""lg-de-bt-16:total_seats""]}]"
"er-ct-de-0045","germany","national","el-de-bt-2005-09-18","ct-de-0045","second_vote","47287988","614","10536","0","0.02228049964824048",,,"final","[{""source_id"":""src-de-bwl-final-archive"",""source_url"":""https://www.bundeswahlleiterin.de/dam/jcr/ce2d2b6a-f211-4355-8eea-355c98cd4e47/btw_kerg.zip"",""source_record_id"":""995e59d1e6aadaa37bc453bf3c82f736fc99d3cdf0fc0b976f938dcd800b82c0:btw2005_kerg.csv:340:101"",""retrieved_at"":""2026-10-01T23:21:39.584Z"",""raw_snapshot"":{""path"":""docs/political-data/raw/germany/2026-10-01T23-21-39-584Z_02e7077f9358c9ef/final-results.zip"",""sha256"":""02e7077f9358c9ef408741ee5d17123a43c28ea766b26a7ab338c08fcaeb7512""},""parser_version"":""germany-production-v1"",""parser_sha256"":""2a8eb3487f392ef83303e7fb9ff246e4c111a7e64a469a6aa9eb21461ae9b1a0"",""fields_covered"":[""second_votes"",""registered_label_native""],""published_or_derived"":""published"",""source_member"":""btw2005_kerg.csv"",""source_member_sha256"":""995e59d1e6aadaa37bc453bf3c82f736fc99d3cdf0fc0b976f938dcd800b82c0"",""source_column"":101},{""source_id"":""src-de-bwl-historical-results"",""source_url"":""https://www.bundeswahlleiterin.de/dam/jcr/24d8e745-920d-431a-893a-12805bc7ef40/btw_ab49_datenbank_ergebnisse.csv"",""source_record_id"":""csv-record-207"",""retrieved_at"":""2026-10-01T23:20:00.007Z"",""raw_snapshot"":{""path"":""docs/political-data/raw/germany/2026-10-01T23-20-00-007Z_9efffc24b559679a/results.csv"",""sha256"":""9efffc24b559679ade291d8da63462e5523b43ac62064e759737c3ae01418484""},""parser_version"":""germany-production-v1"",""parser_sha256"":""2a8eb3487f392ef83303e7fb9ff246e4c111a7e64a469a6aa9eb21461ae9b1a0"",""fields_covered"":[""published_vote_share"",""seats""],""published_or_derived"":""published"",""columns"":[6,79],""compilation_label"":""50Plus"",""alignment_basis"":""unique exact national second-vote count in the same election; not party identity""},{""source_id"":""src-de-bwl-historical-results"",""source_url"":""https://www.bundeswahlleiterin.de/dam/jcr/24d8e745-920d-431a-893a-12805bc7ef40/btw_ab49_datenbank_ergebnisse.csv"",""source_record_id"":""csv-record-87"",""retrieved_at"":""2026-10-01T23:20:00.007Z"",""raw_snapshot"":{""path"":""docs/political-data/raw/germany/2026-10-01T23-20-00-007Z_9efffc24b559679a/results.csv"",""sha256"":""9efffc24b559679ade291d8da63462e5523b43ac62064e759737c3ae01418484""},""parser_version"":""germany-production-v1"",""parser_sha256"":""2a8eb3487f392ef83303e7fb9ff246e4c111a7e64a469a6aa9eb21461ae9b1a0"",""fields_covered"":[""total_seats"",""valid_second_votes""],""published_or_derived"":""published"",""columns"":[4,79]},{""source_id"":""src-de-bwl-final-archive"",""source_url"":""https://www.bundeswahlleiterin.de/dam/jcr/ce2d2b6a-f211-4355-8eea-355c98cd4e47/btw_kerg.zip"",""source_record_id"":""995e59d1e6aadaa37bc453bf3c82f736fc99d3cdf0fc0b976f938dcd800b82c0:btw2005_kerg.csv:340:101"",""retrieved_at"":""2026-10-01T23:21:39.584Z"",""raw_snapshot"":{""path"":""docs/political-data/raw/germany/2026-10-01T23-21-39-584Z_02e7077f9358c9ef/final-results.zip"",""sha256"":""02e7077f9358c9ef408741ee5d17123a43c28ea766b26a7ab338c08fcaeb7512""},""parser_version"":""germany-production-v1"",""parser_sha256"":""2a8eb3487f392ef83303e7fb9ff246e4c111a7e64a469a6aa9eb21461ae9b1a0"",""fields_covered"":[""derived_vote_share""],""published_or_derived"":""derived"",""formula"":""100 * second_votes / valid_second_votes"",""input_fields"":[""second_votes"",""el-de-bt-2005-09-18:valid_second_votes""]},{""source_id"":""src-de-bwl-historical-results"",""source_url"":""https://www.bundeswahlleiterin.de/dam/jcr/24d8e745-920d-431a-893a-12805bc7ef40/btw_ab49_datenbank_ergebnisse.csv"",""source_record_id"":""csv-record-207"",""retrieved_at"":""2026-10-01T23:20:00.007Z"",""raw_snapshot"":{""path"":""docs/political-data/raw/germany/2026-10-01T23-20-00-007Z_9efffc24b559679a/results.csv"",""sha256"":""9efffc24b559679ade291d8da63462e5523b43ac62064e759737c3ae01418484""},""parser_version"":""germany-production-v1"",""parser_sha256"":""2a8eb3487f392ef83303e7fb9ff246e4c111a7e64a469a6aa9eb21461ae9b1a0"",""fields_covered"":[""derived_seat_share""],""published_or_derived"":""derived"",""formula"":""100 * seats / total_seats; null remains null"",""input_fields"":[""seats"",""lg-de-bt-16:total_seats""]}]"
"er-ct-de-0046","germany","national","el-de-bt-2005-09-18","ct-de-0046","second_vote","47287988","614","45238","0.1","0.0956648863977888",,,"final","[{""source_id"":""src-de-bwl-final-archive"",""source_url"":""https://www.bundeswahlleiterin.de/dam/jcr/ce2d2b6a-f211-4355-8eea-355c98cd4e47/btw_kerg.zip"",""source_record_id"":""995e59d1e6aadaa37bc453bf3c82f736fc99d3cdf0fc0b976f938dcd800b82c0:btw2005_kerg.csv:340:105"",""retrieved_at"":""2026-10-01T23:21:39.584Z"",""raw_snapshot"":{""path"":""docs/political-data/raw/germany/2026-10-01T23-21-39-584Z_02e7077f9358c9ef/final-results.zip"",""sha256"":""02e7077f9358c9ef408741ee5d17123a43c28ea766b26a7ab338c08fcaeb7512""},""parser_version"":""germany-production-v1"",""parser_sha256"":""2a8eb3487f392ef83303e7fb9ff246e4c111a7e64a469a6aa9eb21461ae9b1a0"",""fields_covered"":[""second_votes"",""registered_label_native""],""published_or_derived"":""published"",""source_member"":""btw2005_kerg.csv"",""source_member_sha256"":""995e59d1e6aadaa37bc453bf3c82f736fc99d3cdf0fc0b976f938dcd800b82c0"",""source_column"":105},{""source_id"":""src-de-bwl-historical-results"",""source_url"":""https://www.bundeswahlleiterin.de/dam/jcr/24d8e745-920d-431a-893a-12805bc7ef40/btw_ab49_datenbank_ergebnisse.csv"",""source_record_id"":""csv-record-438"",""retrieved_at"":""2026-10-01T23:20:00.007Z"",""raw_snapshot"":{""path"":""docs/political-data/raw/germany/2026-10-01T23-20-00-007Z_9efffc24b559679a/results.csv"",""sha256"":""9efffc24b559679ade291d8da63462e5523b43ac62064e759737c3ae01418484""},""parser_version"":""germany-production-v1"",""parser_sha256"":""2a8eb3487f392ef83303e7fb9ff246e4c111a7e64a469a6aa9eb21461ae9b1a0"",""fields_covered"":[""published_vote_share"",""seats""],""published_or_derived"":""published"",""columns"":[6,79],""compilation_label"":""MLPD"",""alignment_basis"":""unique exact national second-vote count in the same election; not party identity""},{""source_id"":""src-de-bwl-historical-results"",""source_url"":""https://www.bundeswahlleiterin.de/dam/jcr/24d8e745-920d-431a-893a-12805bc7ef40/btw_ab49_datenbank_ergebnisse.csv"",""source_record_id"":""csv-record-87"",""retrieved_at"":""2026-10-01T23:20:00.007Z"",""raw_snapshot"":{""path"":""docs/political-data/raw/germany/2026-10-01T23-20-00-007Z_9efffc24b559679a/results.csv"",""sha256"":""9efffc24b559679ade291d8da63462e5523b43ac62064e759737c3ae01418484""},""parser_version"":""germany-production-v1"",""parser_sha256"":""2a8eb3487f392ef83303e7fb9ff246e4c111a7e64a469a6aa9eb21461ae9b1a0"",""fields_covered"":[""total_seats"",""valid_second_votes""],""published_or_derived"":""published"",""columns"":[4,79]},{""source_id"":""src-de-bwl-final-archive"",""source_url"":""https://www.bundeswahlleiterin.de/dam/jcr/ce2d2b6a-f211-4355-8eea-355c98cd4e47/btw_kerg.zip"",""source_record_id"":""995e59d1e6aadaa37bc453bf3c82f736fc99d3cdf0fc0b976f938dcd800b82c0:btw2005_kerg.csv:340:105"",""retrieved_at"":""2026-10-01T23:21:39.584Z"",""raw_snapshot"":{""path"":""docs/political-data/raw/germany/2026-10-01T23-21-39-584Z_02e7077f9358c9ef/final-results.zip"",""sha256"":""02e7077f9358c9ef408741ee5d17123a43c28ea766b26a7ab338c08fcaeb7512""},""parser_version"":""germany-production-v1"",""parser_sha256"":""2a8eb3487f392ef83303e7fb9ff246e4c111a7e64a469a6aa9eb21461ae9b1a0"",""fields_covered"":[""derived_vote_share""],""published_or_derived"":""derived"",""formula"":""100 * second_votes / valid_second_votes"",""input_fields"":[""second_votes"",""el-de-bt-2005-09-18:valid_second_votes""]},{""source_id"":""src-de-bwl-historical-results"",""source_url"":""https://www.bundeswahlleiterin.de/dam/jcr/24d8e745-920d-431a-893a-12805bc7ef40/btw_ab49_datenbank_ergebnisse.csv"",""source_record_id"":""csv-record-438"",""retrieved_at"":""2026-10-01T23:20:00.007Z"",""raw_snapshot"":{""path"":""docs/political-data/raw/germany/2026-10-01T23-20-00-007Z_9efffc24b559679a/results.csv"",""sha256"":""9efffc24b559679ade291d8da63462e5523b43ac62064e759737c3ae01418484""},""parser_version"":""germany-production-v1"",""parser_sha256"":""2a8eb3487f392ef83303e7fb9ff246e4c111a7e64a469a6aa9eb21461ae9b1a0"",""fields_covered"":[""derived_seat_share""],""published_or_derived"":""derived"",""formula"":""100 * seats / total_seats; null remains null"",""input_fields"":[""seats"",""lg-de-bt-16:total_seats""]}]"
"er-ct-de-0047","germany","national","el-de-bt-2005-09-18","ct-de-0047","second_vote","47287988","614","10379","0","0.021948491443535303",,,"final","[{""source_id"":""src-de-bwl-final-archive"",""source_url"":""https://www.bundeswahlleiterin.de/dam/jcr/ce2d2b6a-f211-4355-8eea-355c98cd4e47/btw_kerg.zip"",""source_record_id"":""995e59d1e6aadaa37bc453bf3c82f736fc99d3cdf0fc0b976f938dcd800b82c0:btw2005_kerg.csv:340:109"",""retrieved_at"":""2026-10-01T23:21:39.584Z"",""raw_snapshot"":{""path"":""docs/political-data/raw/germany/2026-10-01T23-21-39-584Z_02e7077f9358c9ef/final-results.zip"",""sha256"":""02e7077f9358c9ef408741ee5d17123a43c28ea766b26a7ab338c08fcaeb7512""},""parser_version"":""germany-production-v1"",""parser_sha256"":""2a8eb3487f392ef83303e7fb9ff246e4c111a7e64a469a6aa9eb21461ae9b1a0"",""fields_covered"":[""second_votes"",""registered_label_native""],""published_or_derived"":""published"",""source_member"":""btw2005_kerg.csv"",""source_member_sha256"":""995e59d1e6aadaa37bc453bf3c82f736fc99d3cdf0fc0b976f938dcd800b82c0"",""source_column"":109},{""source_id"":""src-de-bwl-historical-results"",""source_url"":""https://www.bundeswahlleiterin.de/dam/jcr/24d8e745-920d-431a-893a-12805bc7ef40/btw_ab49_datenbank_ergebnisse.csv"",""source_record_id"":""csv-record-296"",""retrieved_at"":""2026-10-01T23:20:00.007Z"",""raw_snapshot"":{""path"":""docs/political-data/raw/germany/2026-10-01T23-20-00-007Z_9efffc24b559679a/results.csv"",""sha256"":""9efffc24b559679ade291d8da63462e5523b43ac62064e759737c3ae01418484""},""parser_version"":""germany-production-v1"",""parser_sha256"":""2a8eb3487f392ef83303e7fb9ff246e4c111a7e64a469a6aa9eb21461ae9b1a0"",""fields_covered"":[""published_vote_share"",""seats""],""published_or_derived"":""published"",""columns"":[6,79],""compilation_label"":""Die PARTEI"",""alignment_basis"":""unique exact national second-vote count in the same election; not party identity""},{""source_id"":""src-de-bwl-historical-results"",""source_url"":""https://www.bundeswahlleiterin.de/dam/jcr/24d8e745-920d-431a-893a-12805bc7ef40/btw_ab49_datenbank_ergebnisse.csv"",""source_record_id"":""csv-record-87"",""retrieved_at"":""2026-10-01T23:20:00.007Z"",""raw_snapshot"":{""path"":""docs/political-data/raw/germany/2026-10-01T23-20-00-007Z_9efffc24b559679a/results.csv"",""sha256"":""9efffc24b559679ade291d8da63462e5523b43ac62064e759737c3ae01418484""},""parser_version"":""germany-production-v1"",""parser_sha256"":""2a8eb3487f392ef83303e7fb9ff246e4c111a7e64a469a6aa9eb21461ae9b1a0"",""fields_covered"":[""total_seats"",""valid_second_votes""],""published_or_derived"":""published"",""columns"":[4,79]},{""source_id"":""src-de-bwl-final-archive"",""source_url"":""https://www.bundeswahlleiterin.de/dam/jcr/ce2d2b6a-f211-4355-8eea-355c98cd4e47/btw_kerg.zip"",""source_record_id"":""995e59d1e6aadaa37bc453bf3c82f736fc99d3cdf0fc0b976f938dcd800b82c0:btw2005_kerg.csv:340:109"",""retrieved_at"":""2026-10-01T23:21:39.584Z"",""raw_snapshot"":{""path"":""docs/political-data/raw/germany/2026-10-01T23-21-39-584Z_02e7077f9358c9ef/final-results.zip"",""sha256"":""02e7077f9358c9ef408741ee5d17123a43c28ea766b26a7ab338c08fcaeb7512""},""parser_version"":""germany-production-v1"",""parser_sha256"":""2a8eb3487f392ef83303e7fb9ff246e4c111a7e64a469a6aa9eb21461ae9b1a0"",""fields_covered"":[""derived_vote_share""],""published_or_derived"":""derived"",""formula"":""100 * second_votes / valid_second_votes"",""input_fields"":[""second_votes"",""el-de-bt-2005-09-18:valid_second_votes""]},{""source_id"":""src-de-bwl-historical-results"",""source_url"":""https://www.bundeswahlleiterin.de/dam/jcr/24d8e745-920d-431a-893a-12805bc7ef40/btw_ab49_datenbank_ergebnisse.csv"",""source_record_id"":""csv-record-296"",""retrieved_at"":""2026-10-01T23:20:00.007Z"",""raw_snapshot"":{""path"":""docs/political-data/raw/germany/2026-10-01T23-20-00-007Z_9efffc24b559679a/results.csv"",""sha256"":""9efffc24b559679ade291d8da63462e5523b43ac62064e759737c3ae01418484""},""parser_version"":""germany-production-v1"",""parser_sha256"":""2a8eb3487f392ef83303e7fb9ff246e4c111a7e64a469a6aa9eb21461ae9b1a0"",""fields_covered"":[""derived_seat_share""],""published_or_derived"":""derived"",""formula"":""100 * seats / total_seats; null remains null"",""input_fields"":[""seats"",""lg-de-bt-16:total_seats""]}]"
"er-ct-de-0048","germany","national","el-de-bt-2005-09-18","ct-de-0048","second_vote","47287988","614","15605","0","0.032999923786142055",,,"final","[{""source_id"":""src-de-bwl-final-archive"",""source_url"":""https://www.bundeswahlleiterin.de/dam/jcr/ce2d2b6a-f211-4355-8eea-355c98cd4e47/btw_kerg.zip"",""source_record_id"":""995e59d1e6aadaa37bc453bf3c82f736fc99d3cdf0fc0b976f938dcd800b82c0:btw2005_kerg.csv:340:113"",""retrieved_at"":""2026-10-01T23:21:39.584Z"",""raw_snapshot"":{""path"":""docs/political-data/raw/germany/2026-10-01T23-21-39-584Z_02e7077f9358c9ef/final-results.zip"",""sha256"":""02e7077f9358c9ef408741ee5d17123a43c28ea766b26a7ab338c08fcaeb7512""},""parser_version"":""germany-production-v1"",""parser_sha256"":""2a8eb3487f392ef83303e7fb9ff246e4c111a7e64a469a6aa9eb21461ae9b1a0"",""fields_covered"":[""second_votes"",""registered_label_native""],""published_or_derived"":""published"",""source_member"":""btw2005_kerg.csv"",""source_member_sha256"":""995e59d1e6aadaa37bc453bf3c82f736fc99d3cdf0fc0b976f938dcd800b82c0"",""source_column"":113},{""source_id"":""src-de-bwl-historical-results"",""source_url"":""https://www.bundeswahlleiterin.de/dam/jcr/24d8e745-920d-431a-893a-12805bc7ef40/btw_ab49_datenbank_ergebnisse.csv"",""source_record_id"":""csv-record-508"",""retrieved_at"":""2026-10-01T23:20:00.007Z"",""raw_snapshot"":{""path"":""docs/political-data/raw/germany/2026-10-01T23-20-00-007Z_9efffc24b559679a/results.csv"",""sha256"":""9efffc24b559679ade291d8da63462e5523b43ac62064e759737c3ae01418484""},""parser_version"":""germany-production-v1"",""parser_sha256"":""2a8eb3487f392ef83303e7fb9ff246e4c111a7e64a469a6aa9eb21461ae9b1a0"",""fields_covered"":[""published_vote_share"",""seats""],""published_or_derived"":""published"",""columns"":[6,79],""compilation_label"":""SGP"",""alignment_basis"":""unique exact national second-vote count in the same election; not party identity""},{""source_id"":""src-de-bwl-historical-results"",""source_url"":""https://www.bundeswahlleiterin.de/dam/jcr/24d8e745-920d-431a-893a-12805bc7ef40/btw_ab49_datenbank_ergebnisse.csv"",""source_record_id"":""csv-record-87"",""retrieved_at"":""2026-10-01T23:20:00.007Z"",""raw_snapshot"":{""path"":""docs/political-data/raw/germany/2026-10-01T23-20-00-007Z_9efffc24b559679a/results.csv"",""sha256"":""9efffc24b559679ade291d8da63462e5523b43ac62064e759737c3ae01418484""},""parser_version"":""germany-production-v1"",""parser_sha256"":""2a8eb3487f392ef83303e7fb9ff246e4c111a7e64a469a6aa9eb21461ae9b1a0"",""fields_covered"":[""total_seats"",""valid_second_votes""],""published_or_derived"":""published"",""columns"":[4,79]},{""source_id"":""src-de-bwl-final-archive"",""source_url"":""https://www.bundeswahlleiterin.de/dam/jcr/ce2d2b6a-f211-4355-8eea-355c98cd4e47/btw_kerg.zip"",""source_record_id"":""995e59d1e6aadaa37bc453bf3c82f736fc99d3cdf0fc0b976f938dcd800b82c0:btw2005_kerg.csv:340:113"",""retrieved_at"":""2026-10-01T23:21:39.584Z"",""raw_snapshot"":{""path"":""docs/political-data/raw/germany/2026-10-01T23-21-39-584Z_02e7077f9358c9ef/final-results.zip"",""sha256"":""02e7077f9358c9ef408741ee5d17123a43c28ea766b26a7ab338c08fcaeb7512""},""parser_version"":""germany-production-v1"",""parser_sha256"":""2a8eb3487f392ef83303e7fb9ff246e4c111a7e64a469a6aa9eb21461ae9b1a0"",""fields_covered"":[""derived_vote_share""],""published_or_derived"":""derived"",""formula"":""100 * second_votes / valid_second_votes"",""input_fields"":[""second_votes"",""el-de-bt-2005-09-18:valid_second_votes""]},{""source_id"":""src-de-bwl-historical-results"",""source_url"":""https://www.bundeswahlleiterin.de/dam/jcr/24d8e745-920d-431a-893a-12805bc7ef40/btw_ab49_datenbank_ergebnisse.csv"",""source_record_id"":""csv-record-508"",""retrieved_at"":""2026-10-01T23:20:00.007Z"",""raw_snapshot"":{""path"":""docs/political-data/raw/germany/2026-10-01T23-20-00-007Z_9efffc24b559679a/results.csv"",""sha256"":""9efffc24b559679ade291d8da63462e5523b43ac62064e759737c3ae01418484""},""parser_version"":""germany-production-v1"",""parser_sha256"":""2a8eb3487f392ef83303e7fb9ff246e4c111a7e64a469a6aa9eb21461ae9b1a0"",""fields_covered"":[""derived_seat_share""],""published_or_derived"":""derived"",""formula"":""100 * seats / total_seats; null remains null"",""input_fields"":[""seats"",""lg-de-bt-16:total_seats""]}]"
"er-ct-de-0049","germany","national","el-de-bt-2005-09-18","ct-de-0049","second_vote","47287988","614","10269","0","0.021715874230047595",,,"final","[{""source_id"":""src-de-bwl-final-archive"",""source_url"":""https://www.bundeswahlleiterin.de/dam/jcr/ce2d2b6a-f211-4355-8eea-355c98cd4e47/btw_kerg.zip"",""source_record_id"":""995e59d1e6aadaa37bc453bf3c82f736fc99d3cdf0fc0b976f938dcd800b82c0:btw2005_kerg.csv:340:117"",""retrieved_at"":""2026-10-01T23:21:39.584Z"",""raw_snapshot"":{""path"":""docs/political-data/raw/germany/2026-10-01T23-21-39-584Z_02e7077f9358c9ef/final-results.zip"",""sha256"":""02e7077f9358c9ef408741ee5d17123a43c28ea766b26a7ab338c08fcaeb7512""},""parser_version"":""germany-production-v1"",""parser_sha256"":""2a8eb3487f392ef83303e7fb9ff246e4c111a7e64a469a6aa9eb21461ae9b1a0"",""fields_covered"":[""second_votes"",""registered_label_native""],""published_or_derived"":""published"",""source_member"":""btw2005_kerg.csv"",""source_member_sha256"":""995e59d1e6aadaa37bc453bf3c82f736fc99d3cdf0fc0b976f938dcd800b82c0"",""source_column"":117},{""source_id"":""src-de-bwl-historical-results"",""source_url"":""https://www.bundeswahlleiterin.de/dam/jcr/24d8e745-920d-431a-893a-12805bc7ef40/btw_ab49_datenbank_ergebnisse.csv"",""source_record_id"":""csv-record-492"",""retrieved_at"":""2026-10-01T23:20:00.007Z"",""raw_snapshot"":{""path"":""docs/political-data/raw/germany/2026-10-01T23-20-00-007Z_9efffc24b559679a/results.csv"",""sha256"":""9efffc24b559679ade291d8da63462e5523b43ac62064e759737c3ae01418484""},""parser_version"":""germany-production-v1"",""parser_sha256"":""2a8eb3487f392ef83303e7fb9ff246e4c111a7e64a469a6aa9eb21461ae9b1a0"",""fields_covered"":[""published_vote_share"",""seats""],""published_or_derived"":""published"",""columns"":[6,79],""compilation_label"":""Pro DM"",""alignment_basis"":""unique exact national second-vote count in the same election; not party identity""},{""source_id"":""src-de-bwl-historical-results"",""source_url"":""https://www.bundeswahlleiterin.de/dam/jcr/24d8e745-920d-431a-893a-12805bc7ef40/btw_ab49_datenbank_ergebnisse.csv"",""source_record_id"":""csv-record-87"",""retrieved_at"":""2026-10-01T23:20:00.007Z"",""raw_snapshot"":{""path"":""docs/political-data/raw/germany/2026-10-01T23-20-00-007Z_9efffc24b559679a/results.csv"",""sha256"":""9efffc24b559679ade291d8da63462e5523b43ac62064e759737c3ae01418484""},""parser_version"":""germany-production-v1"",""parser_sha256"":""2a8eb3487f392ef83303e7fb9ff246e4c111a7e64a469a6aa9eb21461ae9b1a0"",""fields_covered"":[""total_seats"",""valid_second_votes""],""published_or_derived"":""published"",""columns"":[4,79]},{""source_id"":""src-de-bwl-final-archive"",""source_url"":""https://www.bundeswahlleiterin.de/dam/jcr/ce2d2b6a-f211-4355-8eea-355c98cd4e47/btw_kerg.zip"",""source_record_id"":""995e59d1e6aadaa37bc453bf3c82f736fc99d3cdf0fc0b976f938dcd800b82c0:btw2005_kerg.csv:340:117"",""retrieved_at"":""2026-10-01T23:21:39.584Z"",""raw_snapshot"":{""path"":""docs/political-data/raw/germany/2026-10-01T23-21-39-584Z_02e7077f9358c9ef/final-results.zip"",""sha256"":""02e7077f9358c9ef408741ee5d17123a43c28ea766b26a7ab338c08fcaeb7512""},""parser_version"":""germany-production-v1"",""parser_sha256"":""2a8eb3487f392ef83303e7fb9ff246e4c111a7e64a469a6aa9eb21461ae9b1a0"",""fields_covered"":[""derived_vote_share""],""published_or_derived"":""derived"",""formula"":""100 * second_votes / valid_second_votes"",""input_fields"":[""second_votes"",""el-de-bt-2005-09-18:valid_second_votes""]},{""source_id"":""src-de-bwl-historical-results"",""source_url"":""https://www.bundeswahlleiterin.de/dam/jcr/24d8e745-920d-431a-893a-12805bc7ef40/btw_ab49_datenbank_ergebnisse.csv"",""source_record_id"":""csv-record-492"",""retrieved_at"":""2026-10-01T23:20:00.007Z"",""raw_snapshot"":{""path"":""docs/political-data/raw/germany/2026-10-01T23-20-00-007Z_9efffc24b559679a/results.csv"",""sha256"":""9efffc24b559679ade291d8da63462e5523b43ac62064e759737c3ae01418484""},""parser_version"":""germany-production-v1"",""parser_sha256"":""2a8eb3487f392ef83303e7fb9ff246e4c111a7e64a469a6aa9eb21461ae9b1a0"",""fields_covered"":[""derived_seat_share""],""published_or_derived"":""derived"",""formula"":""100 * seats / total_seats; null remains null"",""input_fields"":[""seats"",""lg-de-bt-16:total_seats""]}]"
"er-ct-de-0050","germany","national","el-de-bt-2009-09-27","ct-de-0050","second_vote","43371190","622","9990488","23","23.03484870947742","146","23.472668810289388","final","[{""source_id"":""src-de-bwl-final-archive"",""source_url"":""https://www.bundeswahlleiterin.de/dam/jcr/ce2d2b6a-f211-4355-8eea-355c98cd4e47/btw_kerg.zip"",""source_record_id"":""6d6ea227b02a7407c594634f335b64604f1e4ec64686996cb21b4c24010a2e89:btw2009_kerg.csv:340:21"",""retrieved_at"":""2026-10-01T23:21:39.584Z"",""raw_snapshot"":{""path"":""docs/political-data/raw/germany/2026-10-01T23-21-39-584Z_02e7077f9358c9ef/final-results.zip"",""sha256"":""02e7077f9358c9ef408741ee5d17123a43c28ea766b26a7ab338c08fcaeb7512""},""parser_version"":""germany-production-v1"",""parser_sha256"":""2a8eb3487f392ef83303e7fb9ff246e4c111a7e64a469a6aa9eb21461ae9b1a0"",""fields_covered"":[""second_votes"",""registered_label_native""],""published_or_derived"":""published"",""source_member"":""btw2009_kerg.csv"",""source_member_sha256"":""6d6ea227b02a7407c594634f335b64604f1e4ec64686996cb21b4c24010a2e89"",""source_column"":21},{""source_id"":""src-de-bwl-historical-results"",""source_url"":""https://www.bundeswahlleiterin.de/dam/jcr/24d8e745-920d-431a-893a-12805bc7ef40/btw_ab49_datenbank_ergebnisse.csv"",""source_record_id"":""csv-record-109"",""retrieved_at"":""2026-10-01T23:20:00.007Z"",""raw_snapshot"":{""path"":""docs/political-data/raw/germany/2026-10-01T23-20-00-007Z_9efffc24b559679a/results.csv"",""sha256"":""9efffc24b559679ade291d8da63462e5523b43ac62064e759737c3ae01418484""},""parser_version"":""germany-production-v1"",""parser_sha256"":""2a8eb3487f392ef83303e7fb9ff246e4c111a7e64a469a6aa9eb21461ae9b1a0"",""fields_covered"":[""published_vote_share"",""seats""],""published_or_derived"":""published"",""columns"":[6,79],""compilation_label"":""SPD"",""alignment_basis"":""unique exact national second-vote count in the same election; not party identity""},{""source_id"":""src-de-bwl-historical-results"",""source_url"":""https://www.bundeswahlleiterin.de/dam/jcr/24d8e745-920d-431a-893a-12805bc7ef40/btw_ab49_datenbank_ergebnisse.csv"",""source_record_id"":""csv-record-88"",""retrieved_at"":""2026-10-01T23:20:00.007Z"",""raw_snapshot"":{""path"":""docs/political-data/raw/germany/2026-10-01T23-20-00-007Z_9efffc24b559679a/results.csv"",""sha256"":""9efffc24b559679ade291d8da63462e5523b43ac62064e759737c3ae01418484""},""parser_version"":""germany-production-v1"",""parser_sha256"":""2a8eb3487f392ef83303e7fb9ff246e4c111a7e64a469a6aa9eb21461ae9b1a0"",""fields_covered"":[""total_seats"",""valid_second_votes""],""published_or_derived"":""published"",""columns"":[4,79]},{""source_id"":""src-de-bwl-final-archive"",""source_url"":""https://www.bundeswahlleiterin.de/dam/jcr/ce2d2b6a-f211-4355-8eea-355c98cd4e47/btw_kerg.zip"",""source_record_id"":""6d6ea227b02a7407c594634f335b64604f1e4ec64686996cb21b4c24010a2e89:btw2009_kerg.csv:340:21"",""retrieved_at"":""2026-10-01T23:21:39.584Z"",""raw_snapshot"":{""path"":""docs/political-data/raw/germany/2026-10-01T23-21-39-584Z_02e7077f9358c9ef/final-results.zip"",""sha256"":""02e7077f9358c9ef408741ee5d17123a43c28ea766b26a7ab338c08fcaeb7512""},""parser_version"":""germany-production-v1"",""parser_sha256"":""2a8eb3487f392ef83303e7fb9ff246e4c111a7e64a469a6aa9eb21461ae9b1a0"",""fields_covered"":[""derived_vote_share""],""published_or_derived"":""derived"",""formula"":""100 * second_votes / valid_second_votes"",""input_fields"":[""second_votes"",""el-de-bt-2009-09-27:valid_second_votes""]},{""source_id"":""src-de-bwl-historical-results"",""source_url"":""https://www.bundeswahlleiterin.de/dam/jcr/24d8e745-920d-431a-893a-12805bc7ef40/btw_ab49_datenbank_ergebnisse.csv"",""source_record_id"":""csv-record-109"",""retrieved_at"":""2026-10-01T23:20:00.007Z"",""raw_snapshot"":{""path"":""docs/political-data/raw/germany/2026-10-01T23-20-00-007Z_9efffc24b559679a/results.csv"",""sha256"":""9efffc24b559679ade291d8da63462e5523b43ac62064e759737c3ae01418484""},""parser_version"":""germany-production-v1"",""parser_sha256"":""2a8eb3487f392ef83303e7fb9ff246e4c111a7e64a469a6aa9eb21461ae9b1a0"",""fields_covered"":[""derived_seat_share""],""published_or_derived"":""derived"",""formula"":""100 * seats / total_seats; null remains null"",""input_fields"":[""seats"",""lg-de-bt-17:total_seats""]}]"
"er-ct-de-0051","germany","national","el-de-bt-2009-09-27","ct-de-0051","second_vote","43371190","622","11828277","27.3","27.272198434029594","194","31.189710610932476","final","[{""source_id"":""src-de-bwl-final-archive"",""source_url"":""https://www.bundeswahlleiterin.de/dam/jcr/ce2d2b6a-f211-4355-8eea-355c98cd4e47/btw_kerg.zip"",""source_record_id"":""6d6ea227b02a7407c594634f335b64604f1e4ec64686996cb21b4c24010a2e89:btw2009_kerg.csv:340:25"",""retrieved_at"":""2026-10-01T23:21:39.584Z"",""raw_snapshot"":{""path"":""docs/political-data/raw/germany/2026-10-01T23-21-39-584Z_02e7077f9358c9ef/final-results.zip"",""sha256"":""02e7077f9358c9ef408741ee5d17123a43c28ea766b26a7ab338c08fcaeb7512""},""parser_version"":""germany-production-v1"",""parser_sha256"":""2a8eb3487f392ef83303e7fb9ff246e4c111a7e64a469a6aa9eb21461ae9b1a0"",""fields_covered"":[""second_votes"",""registered_label_native""],""published_or_derived"":""published"",""source_member"":""btw2009_kerg.csv"",""source_member_sha256"":""6d6ea227b02a7407c594634f335b64604f1e4ec64686996cb21b4c24010a2e89"",""source_column"":25},{""source_id"":""src-de-bwl-historical-results"",""source_url"":""https://www.bundeswahlleiterin.de/dam/jcr/24d8e745-920d-431a-893a-12805bc7ef40/btw_ab49_datenbank_ergebnisse.csv"",""source_record_id"":""csv-record-130"",""retrieved_at"":""2026-10-01T23:20:00.007Z"",""raw_snapshot"":{""path"":""docs/political-data/raw/germany/2026-10-01T23-20-00-007Z_9efffc24b559679a/results.csv"",""sha256"":""9efffc24b559679ade291d8da63462e5523b43ac62064e759737c3ae01418484""},""parser_version"":""germany-production-v1"",""parser_sha256"":""2a8eb3487f392ef83303e7fb9ff246e4c111a7e64a469a6aa9eb21461ae9b1a0"",""fields_covered"":[""published_vote_share"",""seats""],""published_or_derived"":""published"",""columns"":[6,79],""compilation_label"":""CDU"",""alignment_basis"":""unique exact national second-vote count in the same election; not party identity""},{""source_id"":""src-de-bwl-historical-results"",""source_url"":""https://www.bundeswahlleiterin.de/dam/jcr/24d8e745-920d-431a-893a-12805bc7ef40/btw_ab49_datenbank_ergebnisse.csv"",""source_record_id"":""csv-record-88"",""retrieved_at"":""2026-10-01T23:20:00.007Z"",""raw_snapshot"":{""path"":""docs/political-data/raw/germany/2026-10-01T23-20-00-007Z_9efffc24b559679a/results.csv"",""sha256"":""9efffc24b559679ade291d8da63462e5523b43ac62064e759737c3ae01418484""},""parser_version"":""germany-production-v1"",""parser_sha256"":""2a8eb3487f392ef83303e7fb9ff246e4c111a7e64a469a6aa9eb21461ae9b1a0"",""fields_covered"":[""total_seats"",""valid_second_votes""],""published_or_derived"":""published"",""columns"":[4,79]},{""source_id"":""src-de-bwl-final-archive"",""source_url"":""https://www.bundeswahlleiterin.de/dam/jcr/ce2d2b6a-f211-4355-8eea-355c98cd4e47/btw_kerg.zip"",""source_record_id"":""6d6ea227b02a7407c594634f335b64604f1e4ec64686996cb21b4c24010a2e89:btw2009_kerg.csv:340:25"",""retrieved_at"":""2026-10-01T23:21:39.584Z"",""raw_snapshot"":{""path"":""docs/political-data/raw/germany/2026-10-01T23-21-39-584Z_02e7077f9358c9ef/final-results.zip"",""sha256"":""02e7077f9358c9ef408741ee5d17123a43c28ea766b26a7ab338c08fcaeb7512""},""parser_version"":""germany-production-v1"",""parser_sha256"":""2a8eb3487f392ef83303e7fb9ff246e4c111a7e64a469a6aa9eb21461ae9b1a0"",""fields_covered"":[""derived_vote_share""],""published_or_derived"":""derived"",""formula"":""100 * second_votes / valid_second_votes"",""input_fields"":[""second_votes"",""el-de-bt-2009-09-27:valid_second_votes""]},{""source_id"":""src-de-bwl-historical-results"",""source_url"":""https://www.bundeswahlleiterin.de/dam/jcr/24d8e745-920d-431a-893a-12805bc7ef40/btw_ab49_datenbank_ergebnisse.csv"",""source_record_id"":""csv-record-130"",""retrieved_at"":""2026-10-01T23:20:00.007Z"",""raw_snapshot"":{""path"":""docs/political-data/raw/germany/2026-10-01T23-20-00-007Z_9efffc24b559679a/results.csv"",""sha256"":""9efffc24b559679ade291d8da63462e5523b43ac62064e759737c3ae01418484""},""parser_version"":""germany-production-v1"",""parser_sha256"":""2a8eb3487f392ef83303e7fb9ff246e4c111a7e64a469a6aa9eb21461ae9b1a0"",""fields_covered"":[""derived_seat_share""],""published_or_derived"":""derived"",""formula"":""100 * seats / total_seats; null remains null"",""input_fields"":[""seats"",""lg-de-bt-17:total_seats""]}]"
"er-ct-de-0052","germany","national","el-de-bt-2009-09-27","ct-de-0052","second_vote","43371190","622","6316080","14.6","14.562846903670385","93","14.95176848874598","final","[{""source_id"":""src-de-bwl-final-archive"",""source_url"":""https://www.bundeswahlleiterin.de/dam/jcr/ce2d2b6a-f211-4355-8eea-355c98cd4e47/btw_kerg.zip"",""source_record_id"":""6d6ea227b02a7407c594634f335b64604f1e4ec64686996cb21b4c24010a2e89:btw2009_kerg.csv:340:29"",""retrieved_at"":""2026-10-01T23:21:39.584Z"",""raw_snapshot"":{""path"":""docs/political-data/raw/germany/2026-10-01T23-21-39-584Z_02e7077f9358c9ef/final-results.zip"",""sha256"":""02e7077f9358c9ef408741ee5d17123a43c28ea766b26a7ab338c08fcaeb7512""},""parser_version"":""germany-production-v1"",""parser_sha256"":""2a8eb3487f392ef83303e7fb9ff246e4c111a7e64a469a6aa9eb21461ae9b1a0"",""fields_covered"":[""second_votes"",""registered_label_native""],""published_or_derived"":""published"",""source_member"":""btw2009_kerg.csv"",""source_member_sha256"":""6d6ea227b02a7407c594634f335b64604f1e4ec64686996cb21b4c24010a2e89"",""source_column"":29},{""source_id"":""src-de-bwl-historical-results"",""source_url"":""https://www.bundeswahlleiterin.de/dam/jcr/24d8e745-920d-431a-893a-12805bc7ef40/btw_ab49_datenbank_ergebnisse.csv"",""source_record_id"":""csv-record-165"",""retrieved_at"":""2026-10-01T23:20:00.007Z"",""raw_snapshot"":{""path"":""docs/political-data/raw/germany/2026-10-01T23-20-00-007Z_9efffc24b559679a/results.csv"",""sha256"":""9efffc24b559679ade291d8da63462e5523b43ac62064e759737c3ae01418484""},""parser_version"":""germany-production-v1"",""parser_sha256"":""2a8eb3487f392ef83303e7fb9ff246e4c111a7e64a469a6aa9eb21461ae9b1a0"",""fields_covered"":[""published_vote_share"",""seats""],""published_or_derived"":""published"",""columns"":[6,79],""compilation_label"":""FDP"",""alignment_basis"":""unique exact national second-vote count in the same election; not party identity""},{""source_id"":""src-de-bwl-historical-results"",""source_url"":""https://www.bundeswahlleiterin.de/dam/jcr/24d8e745-920d-431a-893a-12805bc7ef40/btw_ab49_datenbank_ergebnisse.csv"",""source_record_id"":""csv-record-88"",""retrieved_at"":""2026-10-01T23:20:00.007Z"",""raw_snapshot"":{""path"":""docs/political-data/raw/germany/2026-10-01T23-20-00-007Z_9efffc24b559679a/results.csv"",""sha256"":""9efffc24b559679ade291d8da63462e5523b43ac62064e759737c3ae01418484""},""parser_version"":""germany-production-v1"",""parser_sha256"":""2a8eb3487f392ef83303e7fb9ff246e4c111a7e64a469a6aa9eb21461ae9b1a0"",""fields_covered"":[""total_seats"",""valid_second_votes""],""published_or_derived"":""published"",""columns"":[4,79]},{""source_id"":""src-de-bwl-final-archive"",""source_url"":""https://www.bundeswahlleiterin.de/dam/jcr/ce2d2b6a-f211-4355-8eea-355c98cd4e47/btw_kerg.zip"",""source_record_id"":""6d6ea227b02a7407c594634f335b64604f1e4ec64686996cb21b4c24010a2e89:btw2009_kerg.csv:340:29"",""retrieved_at"":""2026-10-01T23:21:39.584Z"",""raw_snapshot"":{""path"":""docs/political-data/raw/germany/2026-10-01T23-21-39-584Z_02e7077f9358c9ef/final-results.zip"",""sha256"":""02e7077f9358c9ef408741ee5d17123a43c28ea766b26a7ab338c08fcaeb7512""},""parser_version"":""germany-production-v1"",""parser_sha256"":""2a8eb3487f392ef83303e7fb9ff246e4c111a7e64a469a6aa9eb21461ae9b1a0"",""fields_covered"":[""derived_vote_share""],""published_or_derived"":""derived"",""formula"":""100 * second_votes / valid_second_votes"",""input_fields"":[""second_votes"",""el-de-bt-2009-09-27:valid_second_votes""]},{""source_id"":""src-de-bwl-historical-results"",""source_url"":""https://www.bundeswahlleiterin.de/dam/jcr/24d8e745-920d-431a-893a-12805bc7ef40/btw_ab49_datenbank_ergebnisse.csv"",""source_record_id"":""csv-record-165"",""retrieved_at"":""2026-10-01T23:20:00.007Z"",""raw_snapshot"":{""path"":""docs/political-data/raw/germany/2026-10-01T23-20-00-007Z_9efffc24b559679a/results.csv"",""sha256"":""9efffc24b559679ade291d8da63462e5523b43ac62064e759737c3ae01418484""},""parser_version"":""germany-production-v1"",""parser_sha256"":""2a8eb3487f392ef83303e7fb9ff246e4c111a7e64a469a6aa9eb21461ae9b1a0"",""fields_covered"":[""derived_seat_share""],""published_or_derived"":""derived"",""formula"":""100 * seats / total_seats; null remains null"",""input_fields"":[""seats"",""lg-de-bt-17:total_seats""]}]"
"er-ct-de-0053","germany","national","el-de-bt-2009-09-27","ct-de-0053","second_vote","43371190","622","5155933","11.9","11.887921452005353","76","12.218649517684888","final","[{""source_id"":""src-de-bwl-final-archive"",""source_url"":""https://www.bundeswahlleiterin.de/dam/jcr/ce2d2b6a-f211-4355-8eea-355c98cd4e47/btw_kerg.zip"",""source_record_id"":""6d6ea227b02a7407c594634f335b64604f1e4ec64686996cb21b4c24010a2e89:btw2009_kerg.csv:340:33"",""retrieved_at"":""2026-10-01T23:21:39.584Z"",""raw_snapshot"":{""path"":""docs/political-data/raw/germany/2026-10-01T23-21-39-584Z_02e7077f9358c9ef/final-results.zip"",""sha256"":""02e7077f9358c9ef408741ee5d17123a43c28ea766b26a7ab338c08fcaeb7512""},""parser_version"":""germany-production-v1"",""parser_sha256"":""2a8eb3487f392ef83303e7fb9ff246e4c111a7e64a469a6aa9eb21461ae9b1a0"",""fields_covered"":[""second_votes"",""registered_label_native""],""published_or_derived"":""published"",""source_member"":""btw2009_kerg.csv"",""source_member_sha256"":""6d6ea227b02a7407c594634f335b64604f1e4ec64686996cb21b4c24010a2e89"",""source_column"":33},{""source_id"":""src-de-bwl-historical-results"",""source_url"":""https://www.bundeswahlleiterin.de/dam/jcr/24d8e745-920d-431a-893a-12805bc7ef40/btw_ab49_datenbank_ergebnisse.csv"",""source_record_id"":""csv-record-200"",""retrieved_at"":""2026-10-01T23:20:00.007Z"",""raw_snapshot"":{""path"":""docs/political-data/raw/germany/2026-10-01T23-20-00-007Z_9efffc24b559679a/results.csv"",""sha256"":""9efffc24b559679ade291d8da63462e5523b43ac62064e759737c3ae01418484""},""parser_version"":""germany-production-v1"",""parser_sha256"":""2a8eb3487f392ef83303e7fb9ff246e4c111a7e64a469a6aa9eb21461ae9b1a0"",""fields_covered"":[""published_vote_share"",""seats""],""published_or_derived"":""published"",""columns"":[6,79],""compilation_label"":""Die Linke"",""alignment_basis"":""unique exact national second-vote count in the same election; not party identity""},{""source_id"":""src-de-bwl-historical-results"",""source_url"":""https://www.bundeswahlleiterin.de/dam/jcr/24d8e745-920d-431a-893a-12805bc7ef40/btw_ab49_datenbank_ergebnisse.csv"",""source_record_id"":""csv-record-88"",""retrieved_at"":""2026-10-01T23:20:00.007Z"",""raw_snapshot"":{""path"":""docs/political-data/raw/germany/2026-10-01T23-20-00-007Z_9efffc24b559679a/results.csv"",""sha256"":""9efffc24b559679ade291d8da63462e5523b43ac62064e759737c3ae01418484""},""parser_version"":""germany-production-v1"",""parser_sha256"":""2a8eb3487f392ef83303e7fb9ff246e4c111a7e64a469a6aa9eb21461ae9b1a0"",""fields_covered"":[""total_seats"",""valid_second_votes""],""published_or_derived"":""published"",""columns"":[4,79]},{""source_id"":""src-de-bwl-final-archive"",""source_url"":""https://www.bundeswahlleiterin.de/dam/jcr/ce2d2b6a-f211-4355-8eea-355c98cd4e47/btw_kerg.zip"",""source_record_id"":""6d6ea227b02a7407c594634f335b64604f1e4ec64686996cb21b4c24010a2e89:btw2009_kerg.csv:340:33"",""retrieved_at"":""2026-10-01T23:21:39.584Z"",""raw_snapshot"":{""path"":""docs/political-data/raw/germany/2026-10-01T23-21-39-584Z_02e7077f9358c9ef/final-results.zip"",""sha256"":""02e7077f9358c9ef408741ee5d17123a43c28ea766b26a7ab338c08fcaeb7512""},""parser_version"":""germany-production-v1"",""parser_sha256"":""2a8eb3487f392ef83303e7fb9ff246e4c111a7e64a469a6aa9eb21461ae9b1a0"",""fields_covered"":[""derived_vote_share""],""published_or_derived"":""derived"",""formula"":""100 * second_votes / valid_second_votes"",""input_fields"":[""second_votes"",""el-de-bt-2009-09-27:valid_second_votes""]},{""source_id"":""src-de-bwl-historical-results"",""source_url"":""https://www.bundeswahlleiterin.de/dam/jcr/24d8e745-920d-431a-893a-12805bc7ef40/btw_ab49_datenbank_ergebnisse.csv"",""source_record_id"":""csv-record-200"",""retrieved_at"":""2026-10-01T23:20:00.007Z"",""raw_snapshot"":{""path"":""docs/political-data/raw/germany/2026-10-01T23-20-00-007Z_9efffc24b559679a/results.csv"",""sha256"":""9efffc24b559679ade291d8da63462e5523b43ac62064e759737c3ae01418484""},""parser_version"":""germany-production-v1"",""parser_sha256"":""2a8eb3487f392ef83303e7fb9ff246e4c111a7e64a469a6aa9eb21461ae9b1a0"",""fields_covered"":[""derived_seat_share""],""published_or_derived"":""derived"",""formula"":""100 * seats / total_seats; null remains null"",""input_fields"":[""seats"",""lg-de-bt-17:total_seats""]}]"
"er-ct-de-0054","germany","national","el-de-bt-2009-09-27","ct-de-0054","second_vote","43371190","622","4643272","10.7","10.705890246497733","68","10.932475884244372","final","[{""source_id"":""src-de-bwl-final-archive"",""source_url"":""https://www.bundeswahlleiterin.de/dam/jcr/ce2d2b6a-f211-4355-8eea-355c98cd4e47/btw_kerg.zip"",""source_record_id"":""6d6ea227b02a7407c594634f335b64604f1e4ec64686996cb21b4c24010a2e89:btw2009_kerg.csv:340:37"",""retrieved_at"":""2026-10-01T23:21:39.584Z"",""raw_snapshot"":{""path"":""docs/political-data/raw/germany/2026-10-01T23-21-39-584Z_02e7077f9358c9ef/final-results.zip"",""sha256"":""02e7077f9358c9ef408741ee5d17123a43c28ea766b26a7ab338c08fcaeb7512""},""parser_version"":""germany-production-v1"",""parser_sha256"":""2a8eb3487f392ef83303e7fb9ff246e4c111a7e64a469a6aa9eb21461ae9b1a0"",""fields_covered"":[""second_votes"",""registered_label_native""],""published_or_derived"":""published"",""source_member"":""btw2009_kerg.csv"",""source_member_sha256"":""6d6ea227b02a7407c594634f335b64604f1e4ec64686996cb21b4c24010a2e89"",""source_column"":37},{""source_id"":""src-de-bwl-historical-results"",""source_url"":""https://www.bundeswahlleiterin.de/dam/jcr/24d8e745-920d-431a-893a-12805bc7ef40/btw_ab49_datenbank_ergebnisse.csv"",""source_record_id"":""csv-record-144"",""retrieved_at"":""2026-10-01T23:20:00.007Z"",""raw_snapshot"":{""path"":""docs/political-data/raw/germany/2026-10-01T23-20-00-007Z_9efffc24b559679a/results.csv"",""sha256"":""9efffc24b559679ade291d8da63462e5523b43ac62064e759737c3ae01418484""},""parser_version"":""germany-production-v1"",""parser_sha256"":""2a8eb3487f392ef83303e7fb9ff246e4c111a7e64a469a6aa9eb21461ae9b1a0"",""fields_covered"":[""published_vote_share"",""seats""],""published_or_derived"":""published"",""columns"":[6,79],""compilation_label"":""GRÜNE"",""alignment_basis"":""unique exact national second-vote count in the same election; not party identity""},{""source_id"":""src-de-bwl-historical-results"",""source_url"":""https://www.bundeswahlleiterin.de/dam/jcr/24d8e745-920d-431a-893a-12805bc7ef40/btw_ab49_datenbank_ergebnisse.csv"",""source_record_id"":""csv-record-88"",""retrieved_at"":""2026-10-01T23:20:00.007Z"",""raw_snapshot"":{""path"":""docs/political-data/raw/germany/2026-10-01T23-20-00-007Z_9efffc24b559679a/results.csv"",""sha256"":""9efffc24b559679ade291d8da63462e5523b43ac62064e759737c3ae01418484""},""parser_version"":""germany-production-v1"",""parser_sha256"":""2a8eb3487f392ef83303e7fb9ff246e4c111a7e64a469a6aa9eb21461ae9b1a0"",""fields_covered"":[""total_seats"",""valid_second_votes""],""published_or_derived"":""published"",""columns"":[4,79]},{""source_id"":""src-de-bwl-final-archive"",""source_url"":""https://www.bundeswahlleiterin.de/dam/jcr/ce2d2b6a-f211-4355-8eea-355c98cd4e47/btw_kerg.zip"",""source_record_id"":""6d6ea227b02a7407c594634f335b64604f1e4ec64686996cb21b4c24010a2e89:btw2009_kerg.csv:340:37"",""retrieved_at"":""2026-10-01T23:21:39.584Z"",""raw_snapshot"":{""path"":""docs/political-data/raw/germany/2026-10-01T23-21-39-584Z_02e7077f9358c9ef/final-results.zip"",""sha256"":""02e7077f9358c9ef408741ee5d17123a43c28ea766b26a7ab338c08fcaeb7512""},""parser_version"":""germany-production-v1"",""parser_sha256"":""2a8eb3487f392ef83303e7fb9ff246e4c111a7e64a469a6aa9eb21461ae9b1a0"",""fields_covered"":[""derived_vote_share""],""published_or_derived"":""derived"",""formula"":""100 * second_votes / valid_second_votes"",""input_fields"":[""second_votes"",""el-de-bt-2009-09-27:valid_second_votes""]},{""source_id"":""src-de-bwl-historical-results"",""source_url"":""https://www.bundeswahlleiterin.de/dam/jcr/24d8e745-920d-431a-893a-12805bc7ef40/btw_ab49_datenbank_ergebnisse.csv"",""source_record_id"":""csv-record-144"",""retrieved_at"":""2026-10-01T23:20:00.007Z"",""raw_snapshot"":{""path"":""docs/political-data/raw/germany/2026-10-01T23-20-00-007Z_9efffc24b559679a/results.csv"",""sha256"":""9efffc24b559679ade291d8da63462e5523b43ac62064e759737c3ae01418484""},""parser_version"":""germany-production-v1"",""parser_sha256"":""2a8eb3487f392ef83303e7fb9ff246e4c111a7e64a469a6aa9eb21461ae9b1a0"",""fields_covered"":[""derived_seat_share""],""published_or_derived"":""derived"",""formula"":""100 * seats / total_seats; null remains null"",""input_fields"":[""seats"",""lg-de-bt-17:total_seats""]}]"
"er-ct-de-0055","germany","national","el-de-bt-2009-09-27","ct-de-0055","second_vote","43371190","622","2830238","6.5","6.5256175816250375","45","7.234726688102894","final","[{""source_id"":""src-de-bwl-final-archive"",""source_url"":""https://www.bundeswahlleiterin.de/dam/jcr/ce2d2b6a-f211-4355-8eea-355c98cd4e47/btw_kerg.zip"",""source_record_id"":""6d6ea227b02a7407c594634f335b64604f1e4ec64686996cb21b4c24010a2e89:btw2009_kerg.csv:340:41"",""retrieved_at"":""2026-10-01T23:21:39.584Z"",""raw_snapshot"":{""path"":""docs/political-data/raw/germany/2026-10-01T23-21-39-584Z_02e7077f9358c9ef/final-results.zip"",""sha256"":""02e7077f9358c9ef408741ee5d17123a43c28ea766b26a7ab338c08fcaeb7512""},""parser_version"":""germany-production-v1"",""parser_sha256"":""2a8eb3487f392ef83303e7fb9ff246e4c111a7e64a469a6aa9eb21461ae9b1a0"",""fields_covered"":[""second_votes"",""registered_label_native""],""published_or_derived"":""published"",""source_member"":""btw2009_kerg.csv"",""source_member_sha256"":""6d6ea227b02a7407c594634f335b64604f1e4ec64686996cb21b4c24010a2e89"",""source_column"":41},{""source_id"":""src-de-bwl-historical-results"",""source_url"":""https://www.bundeswahlleiterin.de/dam/jcr/24d8e745-920d-431a-893a-12805bc7ef40/btw_ab49_datenbank_ergebnisse.csv"",""source_record_id"":""csv-record-190"",""retrieved_at"":""2026-10-01T23:20:00.007Z"",""raw_snapshot"":{""path"":""docs/political-data/raw/germany/2026-10-01T23-20-00-007Z_9efffc24b559679a/results.csv"",""sha256"":""9efffc24b559679ade291d8da63462e5523b43ac62064e759737c3ae01418484""},""parser_version"":""germany-production-v1"",""parser_sha256"":""2a8eb3487f392ef83303e7fb9ff246e4c111a7e64a469a6aa9eb21461ae9b1a0"",""fields_covered"":[""published_vote_share"",""seats""],""published_or_derived"":""published"",""columns"":[6,79],""compilation_label"":""CSU"",""alignment_basis"":""unique exact national second-vote count in the same election; not party identity""},{""source_id"":""src-de-bwl-historical-results"",""source_url"":""https://www.bundeswahlleiterin.de/dam/jcr/24d8e745-920d-431a-893a-12805bc7ef40/btw_ab49_datenbank_ergebnisse.csv"",""source_record_id"":""csv-record-88"",""retrieved_at"":""2026-10-01T23:20:00.007Z"",""raw_snapshot"":{""path"":""docs/political-data/raw/germany/2026-10-01T23-20-00-007Z_9efffc24b559679a/results.csv"",""sha256"":""9efffc24b559679ade291d8da63462e5523b43ac62064e759737c3ae01418484""},""parser_version"":""germany-production-v1"",""parser_sha256"":""2a8eb3487f392ef83303e7fb9ff246e4c111a7e64a469a6aa9eb21461ae9b1a0"",""fields_covered"":[""total_seats"",""valid_second_votes""],""published_or_derived"":""published"",""columns"":[4,79]},{""source_id"":""src-de-bwl-final-archive"",""source_url"":""https://www.bundeswahlleiterin.de/dam/jcr/ce2d2b6a-f211-4355-8eea-355c98cd4e47/btw_kerg.zip"",""source_record_id"":""6d6ea227b02a7407c594634f335b64604f1e4ec64686996cb21b4c24010a2e89:btw2009_kerg.csv:340:41"",""retrieved_at"":""2026-10-01T23:21:39.584Z"",""raw_snapshot"":{""path"":""docs/political-data/raw/germany/2026-10-01T23-21-39-584Z_02e7077f9358c9ef/final-results.zip"",""sha256"":""02e7077f9358c9ef408741ee5d17123a43c28ea766b26a7ab338c08fcaeb7512""},""parser_version"":""germany-production-v1"",""parser_sha256"":""2a8eb3487f392ef83303e7fb9ff246e4c111a7e64a469a6aa9eb21461ae9b1a0"",""fields_covered"":[""derived_vote_share""],""published_or_derived"":""derived"",""formula"":""100 * second_votes / valid_second_votes"",""input_fields"":[""second_votes"",""el-de-bt-2009-09-27:valid_second_votes""]},{""source_id"":""src-de-bwl-historical-results"",""source_url"":""https://www.bundeswahlleiterin.de/dam/jcr/24d8e745-920d-431a-893a-12805bc7ef40/btw_ab49_datenbank_ergebnisse.csv"",""source_record_id"":""csv-record-190"",""retrieved_at"":""2026-10-01T23:20:00.007Z"",""raw_snapshot"":{""path"":""docs/political-data/raw/germany/2026-10-01T23-20-00-007Z_9efffc24b559679a/results.csv"",""sha256"":""9efffc24b559679ade291d8da63462e5523b43ac62064e759737c3ae01418484""},""parser_version"":""germany-production-v1"",""parser_sha256"":""2a8eb3487f392ef83303e7fb9ff246e4c111a7e64a469a6aa9eb21461ae9b1a0"",""fields_covered"":[""derived_seat_share""],""published_or_derived"":""derived"",""formula"":""100 * seats / total_seats; null remains null"",""input_fields"":[""seats"",""lg-de-bt-17:total_seats""]}]"
"er-ct-de-0056","germany","national","el-de-bt-2009-09-27","ct-de-0056","second_vote","43371190","622","635525","1.5","1.4653160312179583",,,"final","[{""source_id"":""src-de-bwl-final-archive"",""source_url"":""https://www.bundeswahlleiterin.de/dam/jcr/ce2d2b6a-f211-4355-8eea-355c98cd4e47/btw_kerg.zip"",""source_record_id"":""6d6ea227b02a7407c594634f335b64604f1e4ec64686996cb21b4c24010a2e89:btw2009_kerg.csv:340:45"",""retrieved_at"":""2026-10-01T23:21:39.584Z"",""raw_snapshot"":{""path"":""docs/political-data/raw/germany/2026-10-01T23-21-39-584Z_02e7077f9358c9ef/final-results.zip"",""sha256"":""02e7077f9358c9ef408741ee5d17123a43c28ea766b26a7ab338c08fcaeb7512""},""parser_version"":""germany-production-v1"",""parser_sha256"":""2a8eb3487f392ef83303e7fb9ff246e4c111a7e64a469a6aa9eb21461ae9b1a0"",""fields_covered"":[""second_votes"",""registered_label_native""],""published_or_derived"":""published"",""source_member"":""btw2009_kerg.csv"",""source_member_sha256"":""6d6ea227b02a7407c594634f335b64604f1e4ec64686996cb21b4c24010a2e89"",""source_column"":45},{""source_id"":""src-de-bwl-historical-results"",""source_url"":""https://www.bundeswahlleiterin.de/dam/jcr/24d8e745-920d-431a-893a-12805bc7ef40/btw_ab49_datenbank_ergebnisse.csv"",""source_record_id"":""csv-record-399"",""retrieved_at"":""2026-10-01T23:20:00.007Z"",""raw_snapshot"":{""path"":""docs/political-data/raw/germany/2026-10-01T23-20-00-007Z_9efffc24b559679a/results.csv"",""sha256"":""9efffc24b559679ade291d8da63462e5523b43ac62064e759737c3ae01418484""},""parser_version"":""germany-production-v1"",""parser_sha256"":""2a8eb3487f392ef83303e7fb9ff246e4c111a7e64a469a6aa9eb21461ae9b1a0"",""fields_covered"":[""published_vote_share"",""seats""],""published_or_derived"":""published"",""columns"":[6,79],""compilation_label"":""HEIMAT"",""alignment_basis"":""unique exact national second-vote count in the same election; not party identity""},{""source_id"":""src-de-bwl-historical-results"",""source_url"":""https://www.bundeswahlleiterin.de/dam/jcr/24d8e745-920d-431a-893a-12805bc7ef40/btw_ab49_datenbank_ergebnisse.csv"",""source_record_id"":""csv-record-88"",""retrieved_at"":""2026-10-01T23:20:00.007Z"",""raw_snapshot"":{""path"":""docs/political-data/raw/germany/2026-10-01T23-20-00-007Z_9efffc24b559679a/results.csv"",""sha256"":""9efffc24b559679ade291d8da63462e5523b43ac62064e759737c3ae01418484""},""parser_version"":""germany-production-v1"",""parser_sha256"":""2a8eb3487f392ef83303e7fb9ff246e4c111a7e64a469a6aa9eb21461ae9b1a0"",""fields_covered"":[""total_seats"",""valid_second_votes""],""published_or_derived"":""published"",""columns"":[4,79]},{""source_id"":""src-de-bwl-final-archive"",""source_url"":""https://www.bundeswahlleiterin.de/dam/jcr/ce2d2b6a-f211-4355-8eea-355c98cd4e47/btw_kerg.zip"",""source_record_id"":""6d6ea227b02a7407c594634f335b64604f1e4ec64686996cb21b4c24010a2e89:btw2009_kerg.csv:340:45"",""retrieved_at"":""2026-10-01T23:21:39.584Z"",""raw_snapshot"":{""path"":""docs/political-data/raw/germany/2026-10-01T23-21-39-584Z_02e7077f9358c9ef/final-results.zip"",""sha256"":""02e7077f9358c9ef408741ee5d17123a43c28ea766b26a7ab338c08fcaeb7512""},""parser_version"":""germany-production-v1"",""parser_sha256"":""2a8eb3487f392ef83303e7fb9ff246e4c111a7e64a469a6aa9eb21461ae9b1a0"",""fields_covered"":[""derived_vote_share""],""published_or_derived"":""derived"",""formula"":""100 * second_votes / valid_second_votes"",""input_fields"":[""second_votes"",""el-de-bt-2009-09-27:valid_second_votes""]},{""source_id"":""src-de-bwl-historical-results"",""source_url"":""https://www.bundeswahlleiterin.de/dam/jcr/24d8e745-920d-431a-893a-12805bc7ef40/btw_ab49_datenbank_ergebnisse.csv"",""source_record_id"":""csv-record-399"",""retrieved_at"":""2026-10-01T23:20:00.007Z"",""raw_snapshot"":{""path"":""docs/political-data/raw/germany/2026-10-01T23-20-00-007Z_9efffc24b559679a/results.csv"",""sha256"":""9efffc24b559679ade291d8da63462e5523b43ac62064e759737c3ae01418484""},""parser_version"":""germany-production-v1"",""parser_sha256"":""2a8eb3487f392ef83303e7fb9ff246e4c111a7e64a469a6aa9eb21461ae9b1a0"",""fields_covered"":[""derived_seat_share""],""published_or_derived"":""derived"",""formula"":""100 * seats / total_seats; null remains null"",""input_fields"":[""seats"",""lg-de-bt-17:total_seats""]}]"
"er-ct-de-0057","germany","national","el-de-bt-2009-09-27","ct-de-0057","second_vote","43371190","622","193396","0.4","0.44590890865572286",,,"final","[{""source_id"":""src-de-bwl-final-archive"",""source_url"":""https://www.bundeswahlleiterin.de/dam/jcr/ce2d2b6a-f211-4355-8eea-355c98cd4e47/btw_kerg.zip"",""source_record_id"":""6d6ea227b02a7407c594634f335b64604f1e4ec64686996cb21b4c24010a2e89:btw2009_kerg.csv:340:49"",""retrieved_at"":""2026-10-01T23:21:39.584Z"",""raw_snapshot"":{""path"":""docs/political-data/raw/germany/2026-10-01T23-21-39-584Z_02e7077f9358c9ef/final-results.zip"",""sha256"":""02e7077f9358c9ef408741ee5d17123a43c28ea766b26a7ab338c08fcaeb7512""},""parser_version"":""germany-production-v1"",""parser_sha256"":""2a8eb3487f392ef83303e7fb9ff246e4c111a7e64a469a6aa9eb21461ae9b1a0"",""fields_covered"":[""second_votes"",""registered_label_native""],""published_or_derived"":""published"",""source_member"":""btw2009_kerg.csv"",""source_member_sha256"":""6d6ea227b02a7407c594634f335b64604f1e4ec64686996cb21b4c24010a2e89"",""source_column"":49},{""source_id"":""src-de-bwl-historical-results"",""source_url"":""https://www.bundeswahlleiterin.de/dam/jcr/24d8e745-920d-431a-893a-12805bc7ef40/btw_ab49_datenbank_ergebnisse.csv"",""source_record_id"":""csv-record-500"",""retrieved_at"":""2026-10-01T23:20:00.007Z"",""raw_snapshot"":{""path"":""docs/political-data/raw/germany/2026-10-01T23-20-00-007Z_9efffc24b559679a/results.csv"",""sha256"":""9efffc24b559679ade291d8da63462e5523b43ac62064e759737c3ae01418484""},""parser_version"":""germany-production-v1"",""parser_sha256"":""2a8eb3487f392ef83303e7fb9ff246e4c111a7e64a469a6aa9eb21461ae9b1a0"",""fields_covered"":[""published_vote_share"",""seats""],""published_or_derived"":""published"",""columns"":[6,79],""compilation_label"":""REP"",""alignment_basis"":""unique exact national second-vote count in the same election; not party identity""},{""source_id"":""src-de-bwl-historical-results"",""source_url"":""https://www.bundeswahlleiterin.de/dam/jcr/24d8e745-920d-431a-893a-12805bc7ef40/btw_ab49_datenbank_ergebnisse.csv"",""source_record_id"":""csv-record-88"",""retrieved_at"":""2026-10-01T23:20:00.007Z"",""raw_snapshot"":{""path"":""docs/political-data/raw/germany/2026-10-01T23-20-00-007Z_9efffc24b559679a/results.csv"",""sha256"":""9efffc24b559679ade291d8da63462e5523b43ac62064e759737c3ae01418484""},""parser_version"":""germany-production-v1"",""parser_sha256"":""2a8eb3487f392ef83303e7fb9ff246e4c111a7e64a469a6aa9eb21461ae9b1a0"",""fields_covered"":[""total_seats"",""valid_second_votes""],""published_or_derived"":""published"",""columns"":[4,79]},{""source_id"":""src-de-bwl-final-archive"",""source_url"":""https://www.bundeswahlleiterin.de/dam/jcr/ce2d2b6a-f211-4355-8eea-355c98cd4e47/btw_kerg.zip"",""source_record_id"":""6d6ea227b02a7407c594634f335b64604f1e4ec64686996cb21b4c24010a2e89:btw2009_kerg.csv:340:49"",""retrieved_at"":""2026-10-01T23:21:39.584Z"",""raw_snapshot"":{""path"":""docs/political-data/raw/germany/2026-10-01T23-21-39-584Z_02e7077f9358c9ef/final-results.zip"",""sha256"":""02e7077f9358c9ef408741ee5d17123a43c28ea766b26a7ab338c08fcaeb7512""},""parser_version"":""germany-production-v1"",""parser_sha256"":""2a8eb3487f392ef83303e7fb9ff246e4c111a7e64a469a6aa9eb21461ae9b1a0"",""fields_covered"":[""derived_vote_share""],""published_or_derived"":""derived"",""formula"":""100 * second_votes / valid_second_votes"",""input_fields"":[""second_votes"",""el-de-bt-2009-09-27:valid_second_votes""]},{""source_id"":""src-de-bwl-historical-results"",""source_url"":""https://www.bundeswahlleiterin.de/dam/jcr/24d8e745-920d-431a-893a-12805bc7ef40/btw_ab49_datenbank_ergebnisse.csv"",""source_record_id"":""csv-record-500"",""retrieved_at"":""2026-10-01T23:20:00.007Z"",""raw_snapshot"":{""path"":""docs/political-data/raw/germany/2026-10-01T23-20-00-007Z_9efffc24b559679a/results.csv"",""sha256"":""9efffc24b559679ade291d8da63462e5523b43ac62064e759737c3ae01418484""},""parser_version"":""germany-production-v1"",""parser_sha256"":""2a8eb3487f392ef83303e7fb9ff246e4c111a7e64a469a6aa9eb21461ae9b1a0"",""fields_covered"":[""derived_seat_share""],""published_or_derived"":""derived"",""formula"":""100 * seats / total_seats; null remains null"",""input_fields"":[""seats"",""lg-de-bt-17:total_seats""]}]"
"er-ct-de-0058","germany","national","el-de-bt-2009-09-27","ct-de-0058","second_vote","43371190","622","120718","0.3","0.2783368406538995",,,"final","[{""source_id"":""src-de-bwl-final-archive"",""source_url"":""https://www.bundeswahlleiterin.de/dam/jcr/ce2d2b6a-f211-4355-8eea-355c98cd4e47/btw_kerg.zip"",""source_record_id"":""6d6ea227b02a7407c594634f335b64604f1e4ec64686996cb21b4c24010a2e89:btw2009_kerg.csv:340:53"",""retrieved_at"":""2026-10-01T23:21:39.584Z"",""raw_snapshot"":{""path"":""docs/political-data/raw/germany/2026-10-01T23-21-39-584Z_02e7077f9358c9ef/final-results.zip"",""sha256"":""02e7077f9358c9ef408741ee5d17123a43c28ea766b26a7ab338c08fcaeb7512""},""parser_version"":""germany-production-v1"",""parser_sha256"":""2a8eb3487f392ef83303e7fb9ff246e4c111a7e64a469a6aa9eb21461ae9b1a0"",""fields_covered"":[""second_votes"",""registered_label_native""],""published_or_derived"":""published"",""source_member"":""btw2009_kerg.csv"",""source_member_sha256"":""6d6ea227b02a7407c594634f335b64604f1e4ec64686996cb21b4c24010a2e89"",""source_column"":53},{""source_id"":""src-de-bwl-historical-results"",""source_url"":""https://www.bundeswahlleiterin.de/dam/jcr/24d8e745-920d-431a-893a-12805bc7ef40/btw_ab49_datenbank_ergebnisse.csv"",""source_record_id"":""csv-record-355"",""retrieved_at"":""2026-10-01T23:20:00.007Z"",""raw_snapshot"":{""path"":""docs/political-data/raw/germany/2026-10-01T23-20-00-007Z_9efffc24b559679a/results.csv"",""sha256"":""9efffc24b559679ade291d8da63462e5523b43ac62064e759737c3ae01418484""},""parser_version"":""germany-production-v1"",""parser_sha256"":""2a8eb3487f392ef83303e7fb9ff246e4c111a7e64a469a6aa9eb21461ae9b1a0"",""fields_covered"":[""published_vote_share"",""seats""],""published_or_derived"":""published"",""columns"":[6,79],""compilation_label"":""FAMILIE"",""alignment_basis"":""unique exact national second-vote count in the same election; not party identity""},{""source_id"":""src-de-bwl-historical-results"",""source_url"":""https://www.bundeswahlleiterin.de/dam/jcr/24d8e745-920d-431a-893a-12805bc7ef40/btw_ab49_datenbank_ergebnisse.csv"",""source_record_id"":""csv-record-88"",""retrieved_at"":""2026-10-01T23:20:00.007Z"",""raw_snapshot"":{""path"":""docs/political-data/raw/germany/2026-10-01T23-20-00-007Z_9efffc24b559679a/results.csv"",""sha256"":""9efffc24b559679ade291d8da63462e5523b43ac62064e759737c3ae01418484""},""parser_version"":""germany-production-v1"",""parser_sha256"":""2a8eb3487f392ef83303e7fb9ff246e4c111a7e64a469a6aa9eb21461ae9b1a0"",""fields_covered"":[""total_seats"",""valid_second_votes""],""published_or_derived"":""published"",""columns"":[4,79]},{""source_id"":""src-de-bwl-final-archive"",""source_url"":""https://www.bundeswahlleiterin.de/dam/jcr/ce2d2b6a-f211-4355-8eea-355c98cd4e47/btw_kerg.zip"",""source_record_id"":""6d6ea227b02a7407c594634f335b64604f1e4ec64686996cb21b4c24010a2e89:btw2009_kerg.csv:340:53"",""retrieved_at"":""2026-10-01T23:21:39.584Z"",""raw_snapshot"":{""path"":""docs/political-data/raw/germany/2026-10-01T23-21-39-584Z_02e7077f9358c9ef/final-results.zip"",""sha256"":""02e7077f9358c9ef408741ee5d17123a43c28ea766b26a7ab338c08fcaeb7512""},""parser_version"":""germany-production-v1"",""parser_sha256"":""2a8eb3487f392ef83303e7fb9ff246e4c111a7e64a469a6aa9eb21461ae9b1a0"",""fields_covered"":[""derived_vote_share""],""published_or_derived"":""derived"",""formula"":""100 * second_votes / valid_second_votes"",""input_fields"":[""second_votes"",""el-de-bt-2009-09-27:valid_second_votes""]},{""source_id"":""src-de-bwl-historical-results"",""source_url"":""https://www.bundeswahlleiterin.de/dam/jcr/24d8e745-920d-431a-893a-12805bc7ef40/btw_ab49_datenbank_ergebnisse.csv"",""source_record_id"":""csv-record-355"",""retrieved_at"":""2026-10-01T23:20:00.007Z"",""raw_snapshot"":{""path"":""docs/political-data/raw/germany/2026-10-01T23-20-00-007Z_9efffc24b559679a/results.csv"",""sha256"":""9efffc24b559679ade291d8da63462e5523b43ac62064e759737c3ae01418484""},""parser_version"":""germany-production-v1"",""parser_sha256"":""2a8eb3487f392ef83303e7fb9ff246e4c111a7e64a469a6aa9eb21461ae9b1a0"",""fields_covered"":[""derived_seat_share""],""published_or_derived"":""derived"",""formula"":""100 * seats / total_seats; null remains null"",""input_fields"":[""seats"",""lg-de-bt-17:total_seats""]}]"
"er-ct-de-0059","germany","national","el-de-bt-2009-09-27","ct-de-0059","second_vote","43371190","622","230872","0.5","0.5323164985788953",,,"final","[{""source_id"":""src-de-bwl-final-archive"",""source_url"":""https://www.bundeswahlleiterin.de/dam/jcr/ce2d2b6a-f211-4355-8eea-355c98cd4e47/btw_kerg.zip"",""source_record_id"":""6d6ea227b02a7407c594634f335b64604f1e4ec64686996cb21b4c24010a2e89:btw2009_kerg.csv:340:57"",""retrieved_at"":""2026-10-01T23:21:39.584Z"",""raw_snapshot"":{""path"":""docs/political-data/raw/germany/2026-10-01T23-21-39-584Z_02e7077f9358c9ef/final-results.zip"",""sha256"":""02e7077f9358c9ef408741ee5d17123a43c28ea766b26a7ab338c08fcaeb7512""},""parser_version"":""germany-production-v1"",""parser_sha256"":""2a8eb3487f392ef83303e7fb9ff246e4c111a7e64a469a6aa9eb21461ae9b1a0"",""fields_covered"":[""second_votes"",""registered_label_native""],""published_or_derived"":""published"",""source_member"":""btw2009_kerg.csv"",""source_member_sha256"":""6d6ea227b02a7407c594634f335b64604f1e4ec64686996cb21b4c24010a2e89"",""source_column"":57},{""source_id"":""src-de-bwl-historical-results"",""source_url"":""https://www.bundeswahlleiterin.de/dam/jcr/24d8e745-920d-431a-893a-12805bc7ef40/btw_ab49_datenbank_ergebnisse.csv"",""source_record_id"":""csv-record-535"",""retrieved_at"":""2026-10-01T23:20:00.007Z"",""raw_snapshot"":{""path"":""docs/political-data/raw/germany/2026-10-01T23-20-00-007Z_9efffc24b559679a/results.csv"",""sha256"":""9efffc24b559679ade291d8da63462e5523b43ac62064e759737c3ae01418484""},""parser_version"":""germany-production-v1"",""parser_sha256"":""2a8eb3487f392ef83303e7fb9ff246e4c111a7e64a469a6aa9eb21461ae9b1a0"",""fields_covered"":[""published_vote_share"",""seats""],""published_or_derived"":""published"",""columns"":[6,79],""compilation_label"":""Tierschutzpartei"",""alignment_basis"":""unique exact national second-vote count in the same election; not party identity""},{""source_id"":""src-de-bwl-historical-results"",""source_url"":""https://www.bundeswahlleiterin.de/dam/jcr/24d8e745-920d-431a-893a-12805bc7ef40/btw_ab49_datenbank_ergebnisse.csv"",""source_record_id"":""csv-record-88"",""retrieved_at"":""2026-10-01T23:20:00.007Z"",""raw_snapshot"":{""path"":""docs/political-data/raw/germany/2026-10-01T23-20-00-007Z_9efffc24b559679a/results.csv"",""sha256"":""9efffc24b559679ade291d8da63462e5523b43ac62064e759737c3ae01418484""},""parser_version"":""germany-production-v1"",""parser_sha256"":""2a8eb3487f392ef83303e7fb9ff246e4c111a7e64a469a6aa9eb21461ae9b1a0"",""fields_covered"":[""total_seats"",""valid_second_votes""],""published_or_derived"":""published"",""columns"":[4,79]},{""source_id"":""src-de-bwl-final-archive"",""source_url"":""https://www.bundeswahlleiterin.de/dam/jcr/ce2d2b6a-f211-4355-8eea-355c98cd4e47/btw_kerg.zip"",""source_record_id"":""6d6ea227b02a7407c594634f335b64604f1e4ec64686996cb21b4c24010a2e89:btw2009_kerg.csv:340:57"",""retrieved_at"":""2026-10-01T23:21:39.584Z"",""raw_snapshot"":{""path"":""docs/political-data/raw/germany/2026-10-01T23-21-39-584Z_02e7077f9358c9ef/final-results.zip"",""sha256"":""02e7077f9358c9ef408741ee5d17123a43c28ea766b26a7ab338c08fcaeb7512""},""parser_version"":""germany-production-v1"",""parser_sha256"":""2a8eb3487f392ef83303e7fb9ff246e4c111a7e64a469a6aa9eb21461ae9b1a0"",""fields_covered"":[""derived_vote_share""],""published_or_derived"":""derived"",""formula"":""100 * second_votes / valid_second_votes"",""input_fields"":[""second_votes"",""el-de-bt-2009-09-27:valid_second_votes""]},{""source_id"":""src-de-bwl-historical-results"",""source_url"":""https://www.bundeswahlleiterin.de/dam/jcr/24d8e745-920d-431a-893a-12805bc7ef40/btw_ab49_datenbank_ergebnisse.csv"",""source_record_id"":""csv-record-535"",""retrieved_at"":""2026-10-01T23:20:00.007Z"",""raw_snapshot"":{""path"":""docs/political-data/raw/germany/2026-10-01T23-20-00-007Z_9efffc24b559679a/results.csv"",""sha256"":""9efffc24b559679ade291d8da63462e5523b43ac62064e759737c3ae01418484""},""parser_version"":""germany-production-v1"",""parser_sha256"":""2a8eb3487f392ef83303e7fb9ff246e4c111a7e64a469a6aa9eb21461ae9b1a0"",""fields_covered"":[""derived_seat_share""],""published_or_derived"":""derived"",""formula"":""100 * seats / total_seats; null remains null"",""input_fields"":[""seats"",""lg-de-bt-17:total_seats""]}]"
"er-ct-de-0060","germany","national","el-de-bt-2009-09-27","ct-de-0060","second_vote","43371190","622","40370","0.1","0.09308022214746701",,,"final","[{""source_id"":""src-de-bwl-final-archive"",""source_url"":""https://www.bundeswahlleiterin.de/dam/jcr/ce2d2b6a-f211-4355-8eea-355c98cd4e47/btw_kerg.zip"",""source_record_id"":""6d6ea227b02a7407c594634f335b64604f1e4ec64686996cb21b4c24010a2e89:btw2009_kerg.csv:340:61"",""retrieved_at"":""2026-10-01T23:21:39.584Z"",""raw_snapshot"":{""path"":""docs/political-data/raw/germany/2026-10-01T23-21-39-584Z_02e7077f9358c9ef/final-results.zip"",""sha256"":""02e7077f9358c9ef408741ee5d17123a43c28ea766b26a7ab338c08fcaeb7512""},""parser_version"":""germany-production-v1"",""parser_sha256"":""2a8eb3487f392ef83303e7fb9ff246e4c111a7e64a469a6aa9eb21461ae9b1a0"",""fields_covered"":[""second_votes"",""registered_label_native""],""published_or_derived"":""published"",""source_member"":""btw2009_kerg.csv"",""source_member_sha256"":""6d6ea227b02a7407c594634f335b64604f1e4ec64686996cb21b4c24010a2e89"",""source_column"":61},{""source_id"":""src-de-bwl-historical-results"",""source_url"":""https://www.bundeswahlleiterin.de/dam/jcr/24d8e745-920d-431a-893a-12805bc7ef40/btw_ab49_datenbank_ergebnisse.csv"",""source_record_id"":""csv-record-473"",""retrieved_at"":""2026-10-01T23:20:00.007Z"",""raw_snapshot"":{""path"":""docs/political-data/raw/germany/2026-10-01T23-20-00-007Z_9efffc24b559679a/results.csv"",""sha256"":""9efffc24b559679ade291d8da63462e5523b43ac62064e759737c3ae01418484""},""parser_version"":""germany-production-v1"",""parser_sha256"":""2a8eb3487f392ef83303e7fb9ff246e4c111a7e64a469a6aa9eb21461ae9b1a0"",""fields_covered"":[""published_vote_share"",""seats""],""published_or_derived"":""published"",""columns"":[6,79],""compilation_label"":""PBC"",""alignment_basis"":""unique exact national second-vote count in the same election; not party identity""},{""source_id"":""src-de-bwl-historical-results"",""source_url"":""https://www.bundeswahlleiterin.de/dam/jcr/24d8e745-920d-431a-893a-12805bc7ef40/btw_ab49_datenbank_ergebnisse.csv"",""source_record_id"":""csv-record-88"",""retrieved_at"":""2026-10-01T23:20:00.007Z"",""raw_snapshot"":{""path"":""docs/political-data/raw/germany/2026-10-01T23-20-00-007Z_9efffc24b559679a/results.csv"",""sha256"":""9efffc24b559679ade291d8da63462e5523b43ac62064e759737c3ae01418484""},""parser_version"":""germany-production-v1"",""parser_sha256"":""2a8eb3487f392ef83303e7fb9ff246e4c111a7e64a469a6aa9eb21461ae9b1a0"",""fields_covered"":[""total_seats"",""valid_second_votes""],""published_or_derived"":""published"",""columns"":[4,79]},{""source_id"":""src-de-bwl-final-archive"",""source_url"":""https://www.bundeswahlleiterin.de/dam/jcr/ce2d2b6a-f211-4355-8eea-355c98cd4e47/btw_kerg.zip"",""source_record_id"":""6d6ea227b02a7407c594634f335b64604f1e4ec64686996cb21b4c24010a2e89:btw2009_kerg.csv:340:61"",""retrieved_at"":""2026-10-01T23:21:39.584Z"",""raw_snapshot"":{""path"":""docs/political-data/raw/germany/2026-10-01T23-21-39-584Z_02e7077f9358c9ef/final-results.zip"",""sha256"":""02e7077f9358c9ef408741ee5d17123a43c28ea766b26a7ab338c08fcaeb7512""},""parser_version"":""germany-production-v1"",""parser_sha256"":""2a8eb3487f392ef83303e7fb9ff246e4c111a7e64a469a6aa9eb21461ae9b1a0"",""fields_covered"":[""derived_vote_share""],""published_or_derived"":""derived"",""formula"":""100 * second_votes / valid_second_votes"",""input_fields"":[""second_votes"",""el-de-bt-2009-09-27:valid_second_votes""]},{""source_id"":""src-de-bwl-historical-results"",""source_url"":""https://www.bundeswahlleiterin.de/dam/jcr/24d8e745-920d-431a-893a-12805bc7ef40/btw_ab49_datenbank_ergebnisse.csv"",""source_record_id"":""csv-record-473"",""retrieved_at"":""2026-10-01T23:20:00.007Z"",""raw_snapshot"":{""path"":""docs/political-data/raw/germany/2026-10-01T23-20-00-007Z_9efffc24b559679a/results.csv"",""sha256"":""9efffc24b559679ade291d8da63462e5523b43ac62064e759737c3ae01418484""},""parser_version"":""germany-production-v1"",""parser_sha256"":""2a8eb3487f392ef83303e7fb9ff246e4c111a7e64a469a6aa9eb21461ae9b1a0"",""fields_covered"":[""derived_seat_share""],""published_or_derived"":""derived"",""formula"":""100 * seats / total_seats; null remains null"",""input_fields"":[""seats"",""lg-de-bt-17:total_seats""]}]"
"er-ct-de-0061","germany","national","el-de-bt-2009-09-27","ct-de-0061","second_vote","43371190","622","29261","0.1","0.06746644489118238",,,"final","[{""source_id"":""src-de-bwl-final-archive"",""source_url"":""https://www.bundeswahlleiterin.de/dam/jcr/ce2d2b6a-f211-4355-8eea-355c98cd4e47/btw_kerg.zip"",""source_record_id"":""6d6ea227b02a7407c594634f335b64604f1e4ec64686996cb21b4c24010a2e89:btw2009_kerg.csv:340:65"",""retrieved_at"":""2026-10-01T23:21:39.584Z"",""raw_snapshot"":{""path"":""docs/political-data/raw/germany/2026-10-01T23-21-39-584Z_02e7077f9358c9ef/final-results.zip"",""sha256"":""02e7077f9358c9ef408741ee5d17123a43c28ea766b26a7ab338c08fcaeb7512""},""parser_version"":""germany-production-v1"",""parser_sha256"":""2a8eb3487f392ef83303e7fb9ff246e4c111a7e64a469a6aa9eb21461ae9b1a0"",""fields_covered"":[""second_votes"",""registered_label_native""],""published_or_derived"":""published"",""source_member"":""btw2009_kerg.csv"",""source_member_sha256"":""6d6ea227b02a7407c594634f335b64604f1e4ec64686996cb21b4c24010a2e89"",""source_column"":65},{""source_id"":""src-de-bwl-historical-results"",""source_url"":""https://www.bundeswahlleiterin.de/dam/jcr/24d8e745-920d-431a-893a-12805bc7ef40/btw_ab49_datenbank_ergebnisse.csv"",""source_record_id"":""csv-record-439"",""retrieved_at"":""2026-10-01T23:20:00.007Z"",""raw_snapshot"":{""path"":""docs/political-data/raw/germany/2026-10-01T23-20-00-007Z_9efffc24b559679a/results.csv"",""sha256"":""9efffc24b559679ade291d8da63462e5523b43ac62064e759737c3ae01418484""},""parser_version"":""germany-production-v1"",""parser_sha256"":""2a8eb3487f392ef83303e7fb9ff246e4c111a7e64a469a6aa9eb21461ae9b1a0"",""fields_covered"":[""published_vote_share"",""seats""],""published_or_derived"":""published"",""columns"":[6,79],""compilation_label"":""MLPD"",""alignment_basis"":""unique exact national second-vote count in the same election; not party identity""},{""source_id"":""src-de-bwl-historical-results"",""source_url"":""https://www.bundeswahlleiterin.de/dam/jcr/24d8e745-920d-431a-893a-12805bc7ef40/btw_ab49_datenbank_ergebnisse.csv"",""source_record_id"":""csv-record-88"",""retrieved_at"":""2026-10-01T23:20:00.007Z"",""raw_snapshot"":{""path"":""docs/political-data/raw/germany/2026-10-01T23-20-00-007Z_9efffc24b559679a/results.csv"",""sha256"":""9efffc24b559679ade291d8da63462e5523b43ac62064e759737c3ae01418484""},""parser_version"":""germany-production-v1"",""parser_sha256"":""2a8eb3487f392ef83303e7fb9ff246e4c111a7e64a469a6aa9eb21461ae9b1a0"",""fields_covered"":[""total_seats"",""valid_second_votes""],""published_or_derived"":""published"",""columns"":[4,79]},{""source_id"":""src-de-bwl-final-archive"",""source_url"":""https://www.bundeswahlleiterin.de/dam/jcr/ce2d2b6a-f211-4355-8eea-355c98cd4e47/btw_kerg.zip"",""source_record_id"":""6d6ea227b02a7407c594634f335b64604f1e4ec64686996cb21b4c24010a2e89:btw2009_kerg.csv:340:65"",""retrieved_at"":""2026-10-01T23:21:39.584Z"",""raw_snapshot"":{""path"":""docs/political-data/raw/germany/2026-10-01T23-21-39-584Z_02e7077f9358c9ef/final-results.zip"",""sha256"":""02e7077f9358c9ef408741ee5d17123a43c28ea766b26a7ab338c08fcaeb7512""},""parser_version"":""germany-production-v1"",""parser_sha256"":""2a8eb3487f392ef83303e7fb9ff246e4c111a7e64a469a6aa9eb21461ae9b1a0"",""fields_covered"":[""derived_vote_share""],""published_or_derived"":""derived"",""formula"":""100 * second_votes / valid_second_votes"",""input_fields"":[""second_votes"",""el-de-bt-2009-09-27:valid_second_votes""]},{""source_id"":""src-de-bwl-historical-results"",""source_url"":""https://www.bundeswahlleiterin.de/dam/jcr/24d8e745-920d-431a-893a-12805bc7ef40/btw_ab49_datenbank_ergebnisse.csv"",""source_record_id"":""csv-record-439"",""retrieved_at"":""2026-10-01T23:20:00.007Z"",""raw_snapshot"":{""path"":""docs/political-data/raw/germany/2026-10-01T23-20-00-007Z_9efffc24b559679a/results.csv"",""sha256"":""9efffc24b559679ade291d8da63462e5523b43ac62064e759737c3ae01418484""},""parser_version"":""germany-production-v1"",""parser_sha256"":""2a8eb3487f392ef83303e7fb9ff246e4c111a7e64a469a6aa9eb21461ae9b1a0"",""fields_covered"":[""derived_seat_share""],""published_or_derived"":""derived"",""formula"":""100 * seats / total_seats; null remains null"",""input_fields"":[""seats"",""lg-de-bt-17:total_seats""]}]"
"er-ct-de-0062","germany","national","el-de-bt-2009-09-27","ct-de-0062","second_vote","43371190","622","38706","0.1","0.08924357390239926",,,"final","[{""source_id"":""src-de-bwl-final-archive"",""source_url"":""https://www.bundeswahlleiterin.de/dam/jcr/ce2d2b6a-f211-4355-8eea-355c98cd4e47/btw_kerg.zip"",""source_record_id"":""6d6ea227b02a7407c594634f335b64604f1e4ec64686996cb21b4c24010a2e89:btw2009_kerg.csv:340:69"",""retrieved_at"":""2026-10-01T23:21:39.584Z"",""raw_snapshot"":{""path"":""docs/political-data/raw/germany/2026-10-01T23-21-39-584Z_02e7077f9358c9ef/final-results.zip"",""sha256"":""02e7077f9358c9ef408741ee5d17123a43c28ea766b26a7ab338c08fcaeb7512""},""parser_version"":""germany-production-v1"",""parser_sha256"":""2a8eb3487f392ef83303e7fb9ff246e4c111a7e64a469a6aa9eb21461ae9b1a0"",""fields_covered"":[""second_votes"",""registered_label_native""],""published_or_derived"":""published"",""source_member"":""btw2009_kerg.csv"",""source_member_sha256"":""6d6ea227b02a7407c594634f335b64604f1e4ec64686996cb21b4c24010a2e89"",""source_column"":69},{""source_id"":""src-de-bwl-historical-results"",""source_url"":""https://www.bundeswahlleiterin.de/dam/jcr/24d8e745-920d-431a-893a-12805bc7ef40/btw_ab49_datenbank_ergebnisse.csv"",""source_record_id"":""csv-record-261"",""retrieved_at"":""2026-10-01T23:20:00.007Z"",""raw_snapshot"":{""path"":""docs/political-data/raw/germany/2026-10-01T23-20-00-007Z_9efffc24b559679a/results.csv"",""sha256"":""9efffc24b559679ade291d8da63462e5523b43ac62064e759737c3ae01418484""},""parser_version"":""germany-production-v1"",""parser_sha256"":""2a8eb3487f392ef83303e7fb9ff246e4c111a7e64a469a6aa9eb21461ae9b1a0"",""fields_covered"":[""published_vote_share"",""seats""],""published_or_derived"":""published"",""columns"":[6,79],""compilation_label"":""BüSo"",""alignment_basis"":""unique exact national second-vote count in the same election; not party identity""},{""source_id"":""src-de-bwl-historical-results"",""source_url"":""https://www.bundeswahlleiterin.de/dam/jcr/24d8e745-920d-431a-893a-12805bc7ef40/btw_ab49_datenbank_ergebnisse.csv"",""source_record_id"":""csv-record-88"",""retrieved_at"":""2026-10-01T23:20:00.007Z"",""raw_snapshot"":{""path"":""docs/political-data/raw/germany/2026-10-01T23-20-00-007Z_9efffc24b559679a/results.csv"",""sha256"":""9efffc24b559679ade291d8da63462e5523b43ac62064e759737c3ae01418484""},""parser_version"":""germany-production-v1"",""parser_sha256"":""2a8eb3487f392ef83303e7fb9ff246e4c111a7e64a469a6aa9eb21461ae9b1a0"",""fields_covered"":[""total_seats"",""valid_second_votes""],""published_or_derived"":""published"",""columns"":[4,79]},{""source_id"":""src-de-bwl-final-archive"",""source_url"":""https://www.bundeswahlleiterin.de/dam/jcr/ce2d2b6a-f211-4355-8eea-355c98cd4e47/btw_kerg.zip"",""source_record_id"":""6d6ea227b02a7407c594634f335b64604f1e4ec64686996cb21b4c24010a2e89:btw2009_kerg.csv:340:69"",""retrieved_at"":""2026-10-01T23:21:39.584Z"",""raw_snapshot"":{""path"":""docs/political-data/raw/germany/2026-10-01T23-21-39-584Z_02e7077f9358c9ef/final-results.zip"",""sha256"":""02e7077f9358c9ef408741ee5d17123a43c28ea766b26a7ab338c08fcaeb7512""},""parser_version"":""germany-production-v1"",""parser_sha256"":""2a8eb3487f392ef83303e7fb9ff246e4c111a7e64a469a6aa9eb21461ae9b1a0"",""fields_covered"":[""derived_vote_share""],""published_or_derived"":""derived"",""formula"":""100 * second_votes / valid_second_votes"",""input_fields"":[""second_votes"",""el-de-bt-2009-09-27:valid_second_votes""]},{""source_id"":""src-de-bwl-historical-results"",""source_url"":""https://www.bundeswahlleiterin.de/dam/jcr/24d8e745-920d-431a-893a-12805bc7ef40/btw_ab49_datenbank_ergebnisse.csv"",""source_record_id"":""csv-record-261"",""retrieved_at"":""2026-10-01T23:20:00.007Z"",""raw_snapshot"":{""path"":""docs/political-data/raw/germany/2026-10-01T23-20-00-007Z_9efffc24b559679a/results.csv"",""sha256"":""9efffc24b559679ade291d8da63462e5523b43ac62064e759737c3ae01418484""},""parser_version"":""germany-production-v1"",""parser_sha256"":""2a8eb3487f392ef83303e7fb9ff246e4c111a7e64a469a6aa9eb21461ae9b1a0"",""fields_covered"":[""derived_seat_share""],""published_or_derived"":""derived"",""formula"":""100 * seats / total_seats; null remains null"",""input_fields"":[""seats"",""lg-de-bt-17:total_seats""]}]"
"er-ct-de-0063","germany","national","el-de-bt-2009-09-27","ct-de-0063","second_vote","43371190","622","48311","0.1","0.11138961139871882",,,"final","[{""source_id"":""src-de-bwl-final-archive"",""source_url"":""https://www.bundeswahlleiterin.de/dam/jcr/ce2d2b6a-f211-4355-8eea-355c98cd4e47/btw_kerg.zip"",""source_record_id"":""6d6ea227b02a7407c594634f335b64604f1e4ec64686996cb21b4c24010a2e89:btw2009_kerg.csv:340:73"",""retrieved_at"":""2026-10-01T23:21:39.584Z"",""raw_snapshot"":{""path"":""docs/political-data/raw/germany/2026-10-01T23-21-39-584Z_02e7077f9358c9ef/final-results.zip"",""sha256"":""02e7077f9358c9ef408741ee5d17123a43c28ea766b26a7ab338c08fcaeb7512""},""parser_version"":""germany-production-v1"",""parser_sha256"":""2a8eb3487f392ef83303e7fb9ff246e4c111a7e64a469a6aa9eb21461ae9b1a0"",""fields_covered"":[""second_votes"",""registered_label_native""],""published_or_derived"":""published"",""source_member"":""btw2009_kerg.csv"",""source_member_sha256"":""6d6ea227b02a7407c594634f335b64604f1e4ec64686996cb21b4c24010a2e89"",""source_column"":73},{""source_id"":""src-de-bwl-historical-results"",""source_url"":""https://www.bundeswahlleiterin.de/dam/jcr/24d8e745-920d-431a-893a-12805bc7ef40/btw_ab49_datenbank_ergebnisse.csv"",""source_record_id"":""csv-record-240"",""retrieved_at"":""2026-10-01T23:20:00.007Z"",""raw_snapshot"":{""path"":""docs/political-data/raw/germany/2026-10-01T23-20-00-007Z_9efffc24b559679a/results.csv"",""sha256"":""9efffc24b559679ade291d8da63462e5523b43ac62064e759737c3ae01418484""},""parser_version"":""germany-production-v1"",""parser_sha256"":""2a8eb3487f392ef83303e7fb9ff246e4c111a7e64a469a6aa9eb21461ae9b1a0"",""fields_covered"":[""published_vote_share"",""seats""],""published_or_derived"":""published"",""columns"":[6,79],""compilation_label"":""BP"",""alignment_basis"":""unique exact national second-vote count in the same election; not party identity""},{""source_id"":""src-de-bwl-historical-results"",""source_url"":""https://www.bundeswahlleiterin.de/dam/jcr/24d8e745-920d-431a-893a-12805bc7ef40/btw_ab49_datenbank_ergebnisse.csv"",""source_record_id"":""csv-record-88"",""retrieved_at"":""2026-10-01T23:20:00.007Z"",""raw_snapshot"":{""path"":""docs/political-data/raw/germany/2026-10-01T23-20-00-007Z_9efffc24b559679a/results.csv"",""sha256"":""9efffc24b559679ade291d8da63462e5523b43ac62064e759737c3ae01418484""},""parser_version"":""germany-production-v1"",""parser_sha256"":""2a8eb3487f392ef83303e7fb9ff246e4c111a7e64a469a6aa9eb21461ae9b1a0"",""fields_covered"":[""total_seats"",""valid_second_votes""],""published_or_derived"":""published"",""columns"":[4,79]},{""source_id"":""src-de-bwl-final-archive"",""source_url"":""https://www.bundeswahlleiterin.de/dam/jcr/ce2d2b6a-f211-4355-8eea-355c98cd4e47/btw_kerg.zip"",""source_record_id"":""6d6ea227b02a7407c594634f335b64604f1e4ec64686996cb21b4c24010a2e89:btw2009_kerg.csv:340:73"",""retrieved_at"":""2026-10-01T23:21:39.584Z"",""raw_snapshot"":{""path"":""docs/political-data/raw/germany/2026-10-01T23-21-39-584Z_02e7077f9358c9ef/final-results.zip"",""sha256"":""02e7077f9358c9ef408741ee5d17123a43c28ea766b26a7ab338c08fcaeb7512""},""parser_version"":""germany-production-v1"",""parser_sha256"":""2a8eb3487f392ef83303e7fb9ff246e4c111a7e64a469a6aa9eb21461ae9b1a0"",""fields_covered"":[""derived_vote_share""],""published_or_derived"":""derived"",""formula"":""100 * second_votes / valid_second_votes"",""input_fields"":[""second_votes"",""el-de-bt-2009-09-27:valid_second_votes""]},{""source_id"":""src-de-bwl-historical-results"",""source_url"":""https://www.bundeswahlleiterin.de/dam/jcr/24d8e745-920d-431a-893a-12805bc7ef40/btw_ab49_datenbank_ergebnisse.csv"",""source_record_id"":""csv-record-240"",""retrieved_at"":""2026-10-01T23:20:00.007Z"",""raw_snapshot"":{""path"":""docs/political-data/raw/germany/2026-10-01T23-20-00-007Z_9efffc24b559679a/results.csv"",""sha256"":""9efffc24b559679ade291d8da63462e5523b43ac62064e759737c3ae01418484""},""parser_version"":""germany-production-v1"",""parser_sha256"":""2a8eb3487f392ef83303e7fb9ff246e4c111a7e64a469a6aa9eb21461ae9b1a0"",""fields_covered"":[""derived_seat_share""],""published_or_derived"":""derived"",""formula"":""100 * seats / total_seats; null remains null"",""input_fields"":[""seats"",""lg-de-bt-17:total_seats""]}]"
"er-ct-de-0064","germany","national","el-de-bt-2009-09-27","ct-de-0064","second_vote","43371190","622","2957","0","0.00681788994030369",,,"final","[{""source_id"":""src-de-bwl-final-archive"",""source_url"":""https://www.bundeswahlleiterin.de/dam/jcr/ce2d2b6a-f211-4355-8eea-355c98cd4e47/btw_kerg.zip"",""source_record_id"":""6d6ea227b02a7407c594634f335b64604f1e4ec64686996cb21b4c24010a2e89:btw2009_kerg.csv:340:77"",""retrieved_at"":""2026-10-01T23:21:39.584Z"",""raw_snapshot"":{""path"":""docs/political-data/raw/germany/2026-10-01T23-21-39-584Z_02e7077f9358c9ef/final-results.zip"",""sha256"":""02e7077f9358c9ef408741ee5d17123a43c28ea766b26a7ab338c08fcaeb7512""},""parser_version"":""germany-production-v1"",""parser_sha256"":""2a8eb3487f392ef83303e7fb9ff246e4c111a7e64a469a6aa9eb21461ae9b1a0"",""fields_covered"":[""second_votes"",""registered_label_native""],""published_or_derived"":""published"",""source_member"":""btw2009_kerg.csv"",""source_member_sha256"":""6d6ea227b02a7407c594634f335b64604f1e4ec64686996cb21b4c24010a2e89"",""source_column"":77},{""source_id"":""src-de-bwl-historical-results"",""source_url"":""https://www.bundeswahlleiterin.de/dam/jcr/24d8e745-920d-431a-893a-12805bc7ef40/btw_ab49_datenbank_ergebnisse.csv"",""source_record_id"":""csv-record-509"",""retrieved_at"":""2026-10-01T23:20:00.007Z"",""raw_snapshot"":{""path"":""docs/political-data/raw/germany/2026-10-01T23-20-00-007Z_9efffc24b559679a/results.csv"",""sha256"":""9efffc24b559679ade291d8da63462e5523b43ac62064e759737c3ae01418484""},""parser_version"":""germany-production-v1"",""parser_sha256"":""2a8eb3487f392ef83303e7fb9ff246e4c111a7e64a469a6aa9eb21461ae9b1a0"",""fields_covered"":[""published_vote_share"",""seats""],""published_or_derived"":""published"",""columns"":[6,79],""compilation_label"":""SGP"",""alignment_basis"":""unique exact national second-vote count in the same election; not party identity""},{""source_id"":""src-de-bwl-historical-results"",""source_url"":""https://www.bundeswahlleiterin.de/dam/jcr/24d8e745-920d-431a-893a-12805bc7ef40/btw_ab49_datenbank_ergebnisse.csv"",""source_record_id"":""csv-record-88"",""retrieved_at"":""2026-10-01T23:20:00.007Z"",""raw_snapshot"":{""path"":""docs/political-data/raw/germany/2026-10-01T23-20-00-007Z_9efffc24b559679a/results.csv"",""sha256"":""9efffc24b559679ade291d8da63462e5523b43ac62064e759737c3ae01418484""},""parser_version"":""germany-production-v1"",""parser_sha256"":""2a8eb3487f392ef83303e7fb9ff246e4c111a7e64a469a6aa9eb21461ae9b1a0"",""fields_covered"":[""total_seats"",""valid_second_votes""],""published_or_derived"":""published"",""columns"":[4,79]},{""source_id"":""src-de-bwl-final-archive"",""source_url"":""https://www.bundeswahlleiterin.de/dam/jcr/ce2d2b6a-f211-4355-8eea-355c98cd4e47/btw_kerg.zip"",""source_record_id"":""6d6ea227b02a7407c594634f335b64604f1e4ec64686996cb21b4c24010a2e89:btw2009_kerg.csv:340:77"",""retrieved_at"":""2026-10-01T23:21:39.584Z"",""raw_snapshot"":{""path"":""docs/political-data/raw/germany/2026-10-01T23-21-39-584Z_02e7077f9358c9ef/final-results.zip"",""sha256"":""02e7077f9358c9ef408741ee5d17123a43c28ea766b26a7ab338c08fcaeb7512""},""parser_version"":""germany-production-v1"",""parser_sha256"":""2a8eb3487f392ef83303e7fb9ff246e4c111a7e64a469a6aa9eb21461ae9b1a0"",""fields_covered"":[""derived_vote_share""],""published_or_derived"":""derived"",""formula"":""100 * second_votes / valid_second_votes"",""input_fields"":[""second_votes"",""el-de-bt-2009-09-27:valid_second_votes""]},{""source_id"":""src-de-bwl-historical-results"",""source_url"":""https://www.bundeswahlleiterin.de/dam/jcr/24d8e745-920d-431a-893a-12805bc7ef40/btw_ab49_datenbank_ergebnisse.csv"",""source_record_id"":""csv-record-509"",""retrieved_at"":""2026-10-01T23:20:00.007Z"",""raw_snapshot"":{""path"":""docs/political-data/raw/germany/2026-10-01T23-20-00-007Z_9efffc24b559679a/results.csv"",""sha256"":""9efffc24b559679ade291d8da63462e5523b43ac62064e759737c3ae01418484""},""parser_version"":""germany-production-v1"",""parser_sha256"":""2a8eb3487f392ef83303e7fb9ff246e4c111a7e64a469a6aa9eb21461ae9b1a0"",""fields_covered"":[""derived_seat_share""],""published_or_derived"":""derived"",""formula"":""100 * seats / total_seats; null remains null"",""input_fields"":[""seats"",""lg-de-bt-17:total_seats""]}]"
"er-ct-de-0065","germany","national","el-de-bt-2009-09-27","ct-de-0065","second_vote","43371190","622","23015","0.1","0.05306517990398696",,,"final","[{""source_id"":""src-de-bwl-final-archive"",""source_url"":""https://www.bundeswahlleiterin.de/dam/jcr/ce2d2b6a-f211-4355-8eea-355c98cd4e47/btw_kerg.zip"",""source_record_id"":""6d6ea227b02a7407c594634f335b64604f1e4ec64686996cb21b4c24010a2e89:btw2009_kerg.csv:340:81"",""retrieved_at"":""2026-10-01T23:21:39.584Z"",""raw_snapshot"":{""path"":""docs/political-data/raw/germany/2026-10-01T23-21-39-584Z_02e7077f9358c9ef/final-results.zip"",""sha256"":""02e7077f9358c9ef408741ee5d17123a43c28ea766b26a7ab338c08fcaeb7512""},""parser_version"":""germany-production-v1"",""parser_sha256"":""2a8eb3487f392ef83303e7fb9ff246e4c111a7e64a469a6aa9eb21461ae9b1a0"",""fields_covered"":[""second_votes"",""registered_label_native""],""published_or_derived"":""published"",""source_member"":""btw2009_kerg.csv"",""source_member_sha256"":""6d6ea227b02a7407c594634f335b64604f1e4ec64686996cb21b4c24010a2e89"",""source_column"":81},{""source_id"":""src-de-bwl-historical-results"",""source_url"":""https://www.bundeswahlleiterin.de/dam/jcr/24d8e745-920d-431a-893a-12805bc7ef40/btw_ab49_datenbank_ergebnisse.csv"",""source_record_id"":""csv-record-559"",""retrieved_at"":""2026-10-01T23:20:00.007Z"",""raw_snapshot"":{""path"":""docs/political-data/raw/germany/2026-10-01T23-20-00-007Z_9efffc24b559679a/results.csv"",""sha256"":""9efffc24b559679ade291d8da63462e5523b43ac62064e759737c3ae01418484""},""parser_version"":""germany-production-v1"",""parser_sha256"":""2a8eb3487f392ef83303e7fb9ff246e4c111a7e64a469a6aa9eb21461ae9b1a0"",""fields_covered"":[""published_vote_share"",""seats""],""published_or_derived"":""published"",""columns"":[6,79],""compilation_label"":""Volksabstimmung"",""alignment_basis"":""unique exact national second-vote count in the same election; not party identity""},{""source_id"":""src-de-bwl-historical-results"",""source_url"":""https://www.bundeswahlleiterin.de/dam/jcr/24d8e745-920d-431a-893a-12805bc7ef40/btw_ab49_datenbank_ergebnisse.csv"",""source_record_id"":""csv-record-88"",""retrieved_at"":""2026-10-01T23:20:00.007Z"",""raw_snapshot"":{""path"":""docs/political-data/raw/germany/2026-10-01T23-20-00-007Z_9efffc24b559679a/results.csv"",""sha256"":""9efffc24b559679ade291d8da63462e5523b43ac62064e759737c3ae01418484""},""parser_version"":""germany-production-v1"",""parser_sha256"":""2a8eb3487f392ef83303e7fb9ff246e4c111a7e64a469a6aa9eb21461ae9b1a0"",""fields_covered"":[""total_seats"",""valid_second_votes""],""published_or_derived"":""published"",""columns"":[4,79]},{""source_id"":""src-de-bwl-final-archive"",""source_url"":""https://www.bundeswahlleiterin.de/dam/jcr/ce2d2b6a-f211-4355-8eea-355c98cd4e47/btw_kerg.zip"",""source_record_id"":""6d6ea227b02a7407c594634f335b64604f1e4ec64686996cb21b4c24010a2e89:btw2009_kerg.csv:340:81"",""retrieved_at"":""2026-10-01T23:21:39.584Z"",""raw_snapshot"":{""path"":""docs/political-data/raw/germany/2026-10-01T23-21-39-584Z_02e7077f9358c9ef/final-results.zip"",""sha256"":""02e7077f9358c9ef408741ee5d17123a43c28ea766b26a7ab338c08fcaeb7512""},""parser_version"":""germany-production-v1"",""parser_sha256"":""2a8eb3487f392ef83303e7fb9ff246e4c111a7e64a469a6aa9eb21461ae9b1a0"",""fields_covered"":[""derived_vote_share""],""published_or_derived"":""derived"",""formula"":""100 * second_votes / valid_second_votes"",""input_fields"":[""second_votes"",""el-de-bt-2009-09-27:valid_second_votes""]},{""source_id"":""src-de-bwl-historical-results"",""source_url"":""https://www.bundeswahlleiterin.de/dam/jcr/24d8e745-920d-431a-893a-12805bc7ef40/btw_ab49_datenbank_ergebnisse.csv"",""source_record_id"":""csv-record-559"",""retrieved_at"":""2026-10-01T23:20:00.007Z"",""raw_snapshot"":{""path"":""docs/political-data/raw/germany/2026-10-01T23-20-00-007Z_9efffc24b559679a/results.csv"",""sha256"":""9efffc24b559679ade291d8da63462e5523b43ac62064e759737c3ae01418484""},""parser_version"":""germany-production-v1"",""parser_sha256"":""2a8eb3487f392ef83303e7fb9ff246e4c111a7e64a469a6aa9eb21461ae9b1a0"",""fields_covered"":[""derived_seat_share""],""published_or_derived"":""derived"",""formula"":""100 * seats / total_seats; null remains null"",""input_fields"":[""seats"",""lg-de-bt-17:total_seats""]}]"
"er-ct-de-0066","germany","national","el-de-bt-2009-09-27","ct-de-0066","second_vote","43371190","622","6087","0","0.01403466218012464",,,"final","[{""source_id"":""src-de-bwl-final-archive"",""source_url"":""https://www.bundeswahlleiterin.de/dam/jcr/ce2d2b6a-f211-4355-8eea-355c98cd4e47/btw_kerg.zip"",""source_record_id"":""6d6ea227b02a7407c594634f335b64604f1e4ec64686996cb21b4c24010a2e89:btw2009_kerg.csv:340:85"",""retrieved_at"":""2026-10-01T23:21:39.584Z"",""raw_snapshot"":{""path"":""docs/political-data/raw/germany/2026-10-01T23-21-39-584Z_02e7077f9358c9ef/final-results.zip"",""sha256"":""02e7077f9358c9ef408741ee5d17123a43c28ea766b26a7ab338c08fcaeb7512""},""parser_version"":""germany-production-v1"",""parser_sha256"":""2a8eb3487f392ef83303e7fb9ff246e4c111a7e64a469a6aa9eb21461ae9b1a0"",""fields_covered"":[""second_votes"",""registered_label_native""],""published_or_derived"":""published"",""source_member"":""btw2009_kerg.csv"",""source_member_sha256"":""6d6ea227b02a7407c594634f335b64604f1e4ec64686996cb21b4c24010a2e89"",""source_column"":85},{""source_id"":""src-de-bwl-historical-results"",""source_url"":""https://www.bundeswahlleiterin.de/dam/jcr/24d8e745-920d-431a-893a-12805bc7ef40/btw_ab49_datenbank_ergebnisse.csv"",""source_record_id"":""csv-record-581"",""retrieved_at"":""2026-10-01T23:20:00.007Z"",""raw_snapshot"":{""path"":""docs/political-data/raw/germany/2026-10-01T23-20-00-007Z_9efffc24b559679a/results.csv"",""sha256"":""9efffc24b559679ade291d8da63462e5523b43ac62064e759737c3ae01418484""},""parser_version"":""germany-production-v1"",""parser_sha256"":""2a8eb3487f392ef83303e7fb9ff246e4c111a7e64a469a6aa9eb21461ae9b1a0"",""fields_covered"":[""published_vote_share"",""seats""],""published_or_derived"":""published"",""columns"":[6,79],""compilation_label"":""ZENTRUM"",""alignment_basis"":""unique exact national second-vote count in the same election; not party identity""},{""source_id"":""src-de-bwl-historical-results"",""source_url"":""https://www.bundeswahlleiterin.de/dam/jcr/24d8e745-920d-431a-893a-12805bc7ef40/btw_ab49_datenbank_ergebnisse.csv"",""source_record_id"":""csv-record-88"",""retrieved_at"":""2026-10-01T23:20:00.007Z"",""raw_snapshot"":{""path"":""docs/political-data/raw/germany/2026-10-01T23-20-00-007Z_9efffc24b559679a/results.csv"",""sha256"":""9efffc24b559679ade291d8da63462e5523b43ac62064e759737c3ae01418484""},""parser_version"":""germany-production-v1"",""parser_sha256"":""2a8eb3487f392ef83303e7fb9ff246e4c111a7e64a469a6aa9eb21461ae9b1a0"",""fields_covered"":[""total_seats"",""valid_second_votes""],""published_or_derived"":""published"",""columns"":[4,79]},{""source_id"":""src-de-bwl-final-archive"",""source_url"":""https://www.bundeswahlleiterin.de/dam/jcr/ce2d2b6a-f211-4355-8eea-355c98cd4e47/btw_kerg.zip"",""source_record_id"":""6d6ea227b02a7407c594634f335b64604f1e4ec64686996cb21b4c24010a2e89:btw2009_kerg.csv:340:85"",""retrieved_at"":""2026-10-01T23:21:39.584Z"",""raw_snapshot"":{""path"":""docs/political-data/raw/germany/2026-10-01T23-21-39-584Z_02e7077f9358c9ef/final-results.zip"",""sha256"":""02e7077f9358c9ef408741ee5d17123a43c28ea766b26a7ab338c08fcaeb7512""},""parser_version"":""germany-production-v1"",""parser_sha256"":""2a8eb3487f392ef83303e7fb9ff246e4c111a7e64a469a6aa9eb21461ae9b1a0"",""fields_covered"":[""derived_vote_share""],""published_or_derived"":""derived"",""formula"":""100 * second_votes / valid_second_votes"",""input_fields"":[""second_votes"",""el-de-bt-2009-09-27:valid_second_votes""]},{""source_id"":""src-de-bwl-historical-results"",""source_url"":""https://www.bundeswahlleiterin.de/dam/jcr/24d8e745-920d-431a-893a-12805bc7ef40/btw_ab49_datenbank_ergebnisse.csv"",""source_record_id"":""csv-record-581"",""retrieved_at"":""2026-10-01T23:20:00.007Z"",""raw_snapshot"":{""path"":""docs/political-data/raw/germany/2026-10-01T23-20-00-007Z_9efffc24b559679a/results.csv"",""sha256"":""9efffc24b559679ade291d8da63462e5523b43ac62064e759737c3ae01418484""},""parser_version"":""germany-production-v1"",""parser_sha256"":""2a8eb3487f392ef83303e7fb9ff246e4c111a7e64a469a6aa9eb21461ae9b1a0"",""fields_covered"":[""derived_seat_share""],""published_or_derived"":""derived"",""formula"":""100 * seats / total_seats; null remains null"",""input_fields"":[""seats"",""lg-de-bt-17:total_seats""]}]"
"er-ct-de-0067","germany","national","el-de-bt-2009-09-27","ct-de-0067","second_vote","43371190","622","2889","0","0.006661103834135056",,,"final","[{""source_id"":""src-de-bwl-final-archive"",""source_url"":""https://www.bundeswahlleiterin.de/dam/jcr/ce2d2b6a-f211-4355-8eea-355c98cd4e47/btw_kerg.zip"",""source_record_id"":""6d6ea227b02a7407c594634f335b64604f1e4ec64686996cb21b4c24010a2e89:btw2009_kerg.csv:340:89"",""retrieved_at"":""2026-10-01T23:21:39.584Z"",""raw_snapshot"":{""path"":""docs/political-data/raw/germany/2026-10-01T23-21-39-584Z_02e7077f9358c9ef/final-results.zip"",""sha256"":""02e7077f9358c9ef408741ee5d17123a43c28ea766b26a7ab338c08fcaeb7512""},""parser_version"":""germany-production-v1"",""parser_sha256"":""2a8eb3487f392ef83303e7fb9ff246e4c111a7e64a469a6aa9eb21461ae9b1a0"",""fields_covered"":[""second_votes"",""registered_label_native""],""published_or_derived"":""published"",""source_member"":""btw2009_kerg.csv"",""source_member_sha256"":""6d6ea227b02a7407c594634f335b64604f1e4ec64686996cb21b4c24010a2e89"",""source_column"":89},{""source_id"":""src-de-bwl-historical-results"",""source_url"":""https://www.bundeswahlleiterin.de/dam/jcr/24d8e745-920d-431a-893a-12805bc7ef40/btw_ab49_datenbank_ergebnisse.csv"",""source_record_id"":""csv-record-211"",""retrieved_at"":""2026-10-01T23:20:00.007Z"",""raw_snapshot"":{""path"":""docs/political-data/raw/germany/2026-10-01T23-20-00-007Z_9efffc24b559679a/results.csv"",""sha256"":""9efffc24b559679ade291d8da63462e5523b43ac62064e759737c3ae01418484""},""parser_version"":""germany-production-v1"",""parser_sha256"":""2a8eb3487f392ef83303e7fb9ff246e4c111a7e64a469a6aa9eb21461ae9b1a0"",""fields_covered"":[""published_vote_share"",""seats""],""published_or_derived"":""published"",""columns"":[6,79],""compilation_label"":""ADM"",""alignment_basis"":""unique exact national second-vote count in the same election; not party identity""},{""source_id"":""src-de-bwl-historical-results"",""source_url"":""https://www.bundeswahlleiterin.de/dam/jcr/24d8e745-920d-431a-893a-12805bc7ef40/btw_ab49_datenbank_ergebnisse.csv"",""source_record_id"":""csv-record-88"",""retrieved_at"":""2026-10-01T23:20:00.007Z"",""raw_snapshot"":{""path"":""docs/political-data/raw/germany/2026-10-01T23-20-00-007Z_9efffc24b559679a/results.csv"",""sha256"":""9efffc24b559679ade291d8da63462e5523b43ac62064e759737c3ae01418484""},""parser_version"":""germany-production-v1"",""parser_sha256"":""2a8eb3487f392ef83303e7fb9ff246e4c111a7e64a469a6aa9eb21461ae9b1a0"",""fields_covered"":[""total_seats"",""valid_second_votes""],""published_or_derived"":""published"",""columns"":[4,79]},{""source_id"":""src-de-bwl-final-archive"",""source_url"":""https://www.bundeswahlleiterin.de/dam/jcr/ce2d2b6a-f211-4355-8eea-355c98cd4e47/btw_kerg.zip"",""source_record_id"":""6d6ea227b02a7407c594634f335b64604f1e4ec64686996cb21b4c24010a2e89:btw2009_kerg.csv:340:89"",""retrieved_at"":""2026-10-01T23:21:39.584Z"",""raw_snapshot"":{""path"":""docs/political-data/raw/germany/2026-10-01T23-21-39-584Z_02e7077f9358c9ef/final-results.zip"",""sha256"":""02e7077f9358c9ef408741ee5d17123a43c28ea766b26a7ab338c08fcaeb7512""},""parser_version"":""germany-production-v1"",""parser_sha256"":""2a8eb3487f392ef83303e7fb9ff246e4c111a7e64a469a6aa9eb21461ae9b1a0"",""fields_covered"":[""derived_vote_share""],""published_or_derived"":""derived"",""formula"":""100 * second_votes / valid_second_votes"",""input_fields"":[""second_votes"",""el-de-bt-2009-09-27:valid_second_votes""]},{""source_id"":""src-de-bwl-historical-results"",""source_url"":""https://www.bundeswahlleiterin.de/dam/jcr/24d8e745-920d-431a-893a-12805bc7ef40/btw_ab49_datenbank_ergebnisse.csv"",""source_record_id"":""csv-record-211"",""retrieved_at"":""2026-10-01T23:20:00.007Z"",""raw_snapshot"":{""path"":""docs/political-data/raw/germany/2026-10-01T23-20-00-007Z_9efffc24b559679a/results.csv"",""sha256"":""9efffc24b559679ade291d8da63462e5523b43ac62064e759737c3ae01418484""},""parser_version"":""germany-production-v1"",""parser_sha256"":""2a8eb3487f392ef83303e7fb9ff246e4c111a7e64a469a6aa9eb21461ae9b1a0"",""fields_covered"":[""derived_seat_share""],""published_or_derived"":""derived"",""formula"":""100 * seats / total_seats; null remains null"",""input_fields"":[""seats"",""lg-de-bt-17:total_seats""]}]"
"er-ct-de-0068","germany","national","el-de-bt-2009-09-27","ct-de-0068","second_vote","43371190","622","6826","0","0.01573855824569259",,,"final","[{""source_id"":""src-de-bwl-final-archive"",""source_url"":""https://www.bundeswahlleiterin.de/dam/jcr/ce2d2b6a-f211-4355-8eea-355c98cd4e47/btw_kerg.zip"",""source_record_id"":""6d6ea227b02a7407c594634f335b64604f1e4ec64686996cb21b4c24010a2e89:btw2009_kerg.csv:340:93"",""retrieved_at"":""2026-10-01T23:21:39.584Z"",""raw_snapshot"":{""path"":""docs/political-data/raw/germany/2026-10-01T23-21-39-584Z_02e7077f9358c9ef/final-results.zip"",""sha256"":""02e7077f9358c9ef408741ee5d17123a43c28ea766b26a7ab338c08fcaeb7512""},""parser_version"":""germany-production-v1"",""parser_sha256"":""2a8eb3487f392ef83303e7fb9ff246e4c111a7e64a469a6aa9eb21461ae9b1a0"",""fields_covered"":[""second_votes"",""registered_label_native""],""published_or_derived"":""published"",""source_member"":""btw2009_kerg.csv"",""source_member_sha256"":""6d6ea227b02a7407c594634f335b64604f1e4ec64686996cb21b4c24010a2e89"",""source_column"":93},{""source_id"":""src-de-bwl-historical-results"",""source_url"":""https://www.bundeswahlleiterin.de/dam/jcr/24d8e745-920d-431a-893a-12805bc7ef40/btw_ab49_datenbank_ergebnisse.csv"",""source_record_id"":""csv-record-277"",""retrieved_at"":""2026-10-01T23:20:00.007Z"",""raw_snapshot"":{""path"":""docs/political-data/raw/germany/2026-10-01T23-20-00-007Z_9efffc24b559679a/results.csv"",""sha256"":""9efffc24b559679ade291d8da63462e5523b43ac62064e759737c3ae01418484""},""parser_version"":""germany-production-v1"",""parser_sha256"":""2a8eb3487f392ef83303e7fb9ff246e4c111a7e64a469a6aa9eb21461ae9b1a0"",""fields_covered"":[""published_vote_share"",""seats""],""published_or_derived"":""published"",""columns"":[6,79],""compilation_label"":""CM"",""alignment_basis"":""unique exact national second-vote count in the same election; not party identity""},{""source_id"":""src-de-bwl-historical-results"",""source_url"":""https://www.bundeswahlleiterin.de/dam/jcr/24d8e745-920d-431a-893a-12805bc7ef40/btw_ab49_datenbank_ergebnisse.csv"",""source_record_id"":""csv-record-88"",""retrieved_at"":""2026-10-01T23:20:00.007Z"",""raw_snapshot"":{""path"":""docs/political-data/raw/germany/2026-10-01T23-20-00-007Z_9efffc24b559679a/results.csv"",""sha256"":""9efffc24b559679ade291d8da63462e5523b43ac62064e759737c3ae01418484""},""parser_version"":""germany-production-v1"",""parser_sha256"":""2a8eb3487f392ef83303e7fb9ff246e4c111a7e64a469a6aa9eb21461ae9b1a0"",""fields_covered"":[""total_seats"",""valid_second_votes""],""published_or_derived"":""published"",""columns"":[4,79]},{""source_id"":""src-de-bwl-final-archive"",""source_url"":""https://www.bundeswahlleiterin.de/dam/jcr/ce2d2b6a-f211-4355-8eea-355c98cd4e47/btw_kerg.zip"",""source_record_id"":""6d6ea227b02a7407c594634f335b64604f1e4ec64686996cb21b4c24010a2e89:btw2009_kerg.csv:340:93"",""retrieved_at"":""2026-10-01T23:21:39.584Z"",""raw_snapshot"":{""path"":""docs/political-data/raw/germany/2026-10-01T23-21-39-584Z_02e7077f9358c9ef/final-results.zip"",""sha256"":""02e7077f9358c9ef408741ee5d17123a43c28ea766b26a7ab338c08fcaeb7512""},""parser_version"":""germany-production-v1"",""parser_sha256"":""2a8eb3487f392ef83303e7fb9ff246e4c111a7e64a469a6aa9eb21461ae9b1a0"",""fields_covered"":[""derived_vote_share""],""published_or_derived"":""derived"",""formula"":""100 * second_votes / valid_second_votes"",""input_fields"":[""second_votes"",""el-de-bt-2009-09-27:valid_second_votes""]},{""source_id"":""src-de-bwl-historical-results"",""source_url"":""https://www.bundeswahlleiterin.de/dam/jcr/24d8e745-920d-431a-893a-12805bc7ef40/btw_ab49_datenbank_ergebnisse.csv"",""source_record_id"":""csv-record-277"",""retrieved_at"":""2026-10-01T23:20:00.007Z"",""raw_snapshot"":{""path"":""docs/political-data/raw/germany/2026-10-01T23-20-00-007Z_9efffc24b559679a/results.csv"",""sha256"":""9efffc24b559679ade291d8da63462e5523b43ac62064e759737c3ae01418484""},""parser_version"":""germany-production-v1"",""parser_sha256"":""2a8eb3487f392ef83303e7fb9ff246e4c111a7e64a469a6aa9eb21461ae9b1a0"",""fields_covered"":[""derived_seat_share""],""published_or_derived"":""derived"",""formula"":""100 * seats / total_seats; null remains null"",""input_fields"":[""seats"",""lg-de-bt-17:total_seats""]}]"
"er-ct-de-0069","germany","national","el-de-bt-2009-09-27","ct-de-0069","second_vote","43371190","622","1894","0","0.004366954192402837",,,"final","[{""source_id"":""src-de-bwl-final-archive"",""source_url"":""https://www.bundeswahlleiterin.de/dam/jcr/ce2d2b6a-f211-4355-8eea-355c98cd4e47/btw_kerg.zip"",""source_record_id"":""6d6ea227b02a7407c594634f335b64604f1e4ec64686996cb21b4c24010a2e89:btw2009_kerg.csv:340:97"",""retrieved_at"":""2026-10-01T23:21:39.584Z"",""raw_snapshot"":{""path"":""docs/political-data/raw/germany/2026-10-01T23-21-39-584Z_02e7077f9358c9ef/final-results.zip"",""sha256"":""02e7077f9358c9ef408741ee5d17123a43c28ea766b26a7ab338c08fcaeb7512""},""parser_version"":""germany-production-v1"",""parser_sha256"":""2a8eb3487f392ef83303e7fb9ff246e4c111a7e64a469a6aa9eb21461ae9b1a0"",""fields_covered"":[""second_votes"",""registered_label_native""],""published_or_derived"":""published"",""source_member"":""btw2009_kerg.csv"",""source_member_sha256"":""6d6ea227b02a7407c594634f335b64604f1e4ec64686996cb21b4c24010a2e89"",""source_column"":97},{""source_id"":""src-de-bwl-historical-results"",""source_url"":""https://www.bundeswahlleiterin.de/dam/jcr/24d8e745-920d-431a-893a-12805bc7ef40/btw_ab49_datenbank_ergebnisse.csv"",""source_record_id"":""csv-record-316"",""retrieved_at"":""2026-10-01T23:20:00.007Z"",""raw_snapshot"":{""path"":""docs/political-data/raw/germany/2026-10-01T23-20-00-007Z_9efffc24b559679a/results.csv"",""sha256"":""9efffc24b559679ade291d8da63462e5523b43ac62064e759737c3ae01418484""},""parser_version"":""germany-production-v1"",""parser_sha256"":""2a8eb3487f392ef83303e7fb9ff246e4c111a7e64a469a6aa9eb21461ae9b1a0"",""fields_covered"":[""published_vote_share"",""seats""],""published_or_derived"":""published"",""columns"":[6,79],""compilation_label"":""DKP"",""alignment_basis"":""unique exact national second-vote count in the same election; not party identity""},{""source_id"":""src-de-bwl-historical-results"",""source_url"":""https://www.bundeswahlleiterin.de/dam/jcr/24d8e745-920d-431a-893a-12805bc7ef40/btw_ab49_datenbank_ergebnisse.csv"",""source_record_id"":""csv-record-88"",""retrieved_at"":""2026-10-01T23:20:00.007Z"",""raw_snapshot"":{""path"":""docs/political-data/raw/germany/2026-10-01T23-20-00-007Z_9efffc24b559679a/results.csv"",""sha256"":""9efffc24b559679ade291d8da63462e5523b43ac62064e759737c3ae01418484""},""parser_version"":""germany-production-v1"",""parser_sha256"":""2a8eb3487f392ef83303e7fb9ff246e4c111a7e64a469a6aa9eb21461ae9b1a0"",""fields_covered"":[""total_seats"",""valid_second_votes""],""published_or_derived"":""published"",""columns"":[4,79]},{""source_id"":""src-de-bwl-final-archive"",""source_url"":""https://www.bundeswahlleiterin.de/dam/jcr/ce2d2b6a-f211-4355-8eea-355c98cd4e47/btw_kerg.zip"",""source_record_id"":""6d6ea227b02a7407c594634f335b64604f1e4ec64686996cb21b4c24010a2e89:btw2009_kerg.csv:340:97"",""retrieved_at"":""2026-10-01T23:21:39.584Z"",""raw_snapshot"":{""path"":""docs/political-data/raw/germany/2026-10-01T23-21-39-584Z_02e7077f9358c9ef/final-results.zip"",""sha256"":""02e7077f9358c9ef408741ee5d17123a43c28ea766b26a7ab338c08fcaeb7512""},""parser_version"":""germany-production-v1"",""parser_sha256"":""2a8eb3487f392ef83303e7fb9ff246e4c111a7e64a469a6aa9eb21461ae9b1a0"",""fields_covered"":[""derived_vote_share""],""published_or_derived"":""derived"",""formula"":""100 * second_votes / valid_second_votes"",""input_fields"":[""second_votes"",""el-de-bt-2009-09-27:valid_second_votes""]},{""source_id"":""src-de-bwl-historical-results"",""source_url"":""https://www.bundeswahlleiterin.de/dam/jcr/24d8e745-920d-431a-893a-12805bc7ef40/btw_ab49_datenbank_ergebnisse.csv"",""source_record_id"":""csv-record-316"",""retrieved_at"":""2026-10-01T23:20:00.007Z"",""raw_snapshot"":{""path"":""docs/political-data/raw/germany/2026-10-01T23-20-00-007Z_9efffc24b559679a/results.csv"",""sha256"":""9efffc24b559679ade291d8da63462e5523b43ac62064e759737c3ae01418484""},""parser_version"":""germany-production-v1"",""parser_sha256"":""2a8eb3487f392ef83303e7fb9ff246e4c111a7e64a469a6aa9eb21461ae9b1a0"",""fields_covered"":[""derived_seat_share""],""published_or_derived"":""derived"",""formula"":""100 * seats / total_seats; null remains null"",""input_fields"":[""seats"",""lg-de-bt-17:total_seats""]}]"
"er-ct-de-0070","germany","national","el-de-bt-2009-09-27","ct-de-0070","second_vote","43371190","622","45752","0.1","0.10548938131510803",,,"final","[{""source_id"":""src-de-bwl-final-archive"",""source_url"":""https://www.bundeswahlleiterin.de/dam/jcr/ce2d2b6a-f211-4355-8eea-355c98cd4e47/btw_kerg.zip"",""source_record_id"":""6d6ea227b02a7407c594634f335b64604f1e4ec64686996cb21b4c24010a2e89:btw2009_kerg.csv:340:101"",""retrieved_at"":""2026-10-01T23:21:39.584Z"",""raw_snapshot"":{""path"":""docs/political-data/raw/germany/2026-10-01T23-21-39-584Z_02e7077f9358c9ef/final-results.zip"",""sha256"":""02e7077f9358c9ef408741ee5d17123a43c28ea766b26a7ab338c08fcaeb7512""},""parser_version"":""germany-production-v1"",""parser_sha256"":""2a8eb3487f392ef83303e7fb9ff246e4c111a7e64a469a6aa9eb21461ae9b1a0"",""fields_covered"":[""second_votes"",""registered_label_native""],""published_or_derived"":""published"",""source_member"":""btw2009_kerg.csv"",""source_member_sha256"":""6d6ea227b02a7407c594634f335b64604f1e4ec64686996cb21b4c24010a2e89"",""source_column"":101},{""source_id"":""src-de-bwl-historical-results"",""source_url"":""https://www.bundeswahlleiterin.de/dam/jcr/24d8e745-920d-431a-893a-12805bc7ef40/btw_ab49_datenbank_ergebnisse.csv"",""source_record_id"":""csv-record-342"",""retrieved_at"":""2026-10-01T23:20:00.007Z"",""raw_snapshot"":{""path"":""docs/political-data/raw/germany/2026-10-01T23-20-00-007Z_9efffc24b559679a/results.csv"",""sha256"":""9efffc24b559679ade291d8da63462e5523b43ac62064e759737c3ae01418484""},""parser_version"":""germany-production-v1"",""parser_sha256"":""2a8eb3487f392ef83303e7fb9ff246e4c111a7e64a469a6aa9eb21461ae9b1a0"",""fields_covered"":[""published_vote_share"",""seats""],""published_or_derived"":""published"",""columns"":[6,79],""compilation_label"":""DVU"",""alignment_basis"":""unique exact national second-vote count in the same election; not party identity""},{""source_id"":""src-de-bwl-historical-results"",""source_url"":""https://www.bundeswahlleiterin.de/dam/jcr/24d8e745-920d-431a-893a-12805bc7ef40/btw_ab49_datenbank_ergebnisse.csv"",""source_record_id"":""csv-record-88"",""retrieved_at"":""2026-10-01T23:20:00.007Z"",""raw_snapshot"":{""path"":""docs/political-data/raw/germany/2026-10-01T23-20-00-007Z_9efffc24b559679a/results.csv"",""sha256"":""9efffc24b559679ade291d8da63462e5523b43ac62064e759737c3ae01418484""},""parser_version"":""germany-production-v1"",""parser_sha256"":""2a8eb3487f392ef83303e7fb9ff246e4c111a7e64a469a6aa9eb21461ae9b1a0"",""fields_covered"":[""total_seats"",""valid_second_votes""],""published_or_derived"":""published"",""columns"":[4,79]},{""source_id"":""src-de-bwl-final-archive"",""source_url"":""https://www.bundeswahlleiterin.de/dam/jcr/ce2d2b6a-f211-4355-8eea-355c98cd4e47/btw_kerg.zip"",""source_record_id"":""6d6ea227b02a7407c594634f335b64604f1e4ec64686996cb21b4c24010a2e89:btw2009_kerg.csv:340:101"",""retrieved_at"":""2026-10-01T23:21:39.584Z"",""raw_snapshot"":{""path"":""docs/political-data/raw/germany/2026-10-01T23-21-39-584Z_02e7077f9358c9ef/final-results.zip"",""sha256"":""02e7077f9358c9ef408741ee5d17123a43c28ea766b26a7ab338c08fcaeb7512""},""parser_version"":""germany-production-v1"",""parser_sha256"":""2a8eb3487f392ef83303e7fb9ff246e4c111a7e64a469a6aa9eb21461ae9b1a0"",""fields_covered"":[""derived_vote_share""],""published_or_derived"":""derived"",""formula"":""100 * second_votes / valid_second_votes"",""input_fields"":[""second_votes"",""el-de-bt-2009-09-27:valid_second_votes""]},{""source_id"":""src-de-bwl-historical-results"",""source_url"":""https://www.bundeswahlleiterin.de/dam/jcr/24d8e745-920d-431a-893a-12805bc7ef40/btw_ab49_datenbank_ergebnisse.csv"",""source_record_id"":""csv-record-342"",""retrieved_at"":""2026-10-01T23:20:00.007Z"",""raw_snapshot"":{""path"":""docs/political-data/raw/germany/2026-10-01T23-20-00-007Z_9efffc24b559679a/results.csv"",""sha256"":""9efffc24b559679ade291d8da63462e5523b43ac62064e759737c3ae01418484""},""parser_version"":""germany-production-v1"",""parser_sha256"":""2a8eb3487f392ef83303e7fb9ff246e4c111a7e64a469a6aa9eb21461ae9b1a0"",""fields_covered"":[""derived_seat_share""],""published_or_derived"":""derived"",""formula"":""100 * seats / total_seats; null remains null"",""input_fields"":[""seats"",""lg-de-bt-17:total_seats""]}]"
"er-ct-de-0071","germany","national","el-de-bt-2009-09-27","ct-de-0071","second_vote","43371190","622","31957","0.1","0.07368255286516233",,,"final","[{""source_id"":""src-de-bwl-final-archive"",""source_url"":""https://www.bundeswahlleiterin.de/dam/jcr/ce2d2b6a-f211-4355-8eea-355c98cd4e47/btw_kerg.zip"",""source_record_id"":""6d6ea227b02a7407c594634f335b64604f1e4ec64686996cb21b4c24010a2e89:btw2009_kerg.csv:340:105"",""retrieved_at"":""2026-10-01T23:21:39.584Z"",""raw_snapshot"":{""path"":""docs/political-data/raw/germany/2026-10-01T23-21-39-584Z_02e7077f9358c9ef/final-results.zip"",""sha256"":""02e7077f9358c9ef408741ee5d17123a43c28ea766b26a7ab338c08fcaeb7512""},""parser_version"":""germany-production-v1"",""parser_sha256"":""2a8eb3487f392ef83303e7fb9ff246e4c111a7e64a469a6aa9eb21461ae9b1a0"",""fields_covered"":[""second_votes"",""registered_label_native""],""published_or_derived"":""published"",""source_member"":""btw2009_kerg.csv"",""source_member_sha256"":""6d6ea227b02a7407c594634f335b64604f1e4ec64686996cb21b4c24010a2e89"",""source_column"":105},{""source_id"":""src-de-bwl-historical-results"",""source_url"":""https://www.bundeswahlleiterin.de/dam/jcr/24d8e745-920d-431a-893a-12805bc7ef40/btw_ab49_datenbank_ergebnisse.csv"",""source_record_id"":""csv-record-304"",""retrieved_at"":""2026-10-01T23:20:00.007Z"",""raw_snapshot"":{""path"":""docs/political-data/raw/germany/2026-10-01T23-20-00-007Z_9efffc24b559679a/results.csv"",""sha256"":""9efffc24b559679ade291d8da63462e5523b43ac62064e759737c3ae01418484""},""parser_version"":""germany-production-v1"",""parser_sha256"":""2a8eb3487f392ef83303e7fb9ff246e4c111a7e64a469a6aa9eb21461ae9b1a0"",""fields_covered"":[""published_vote_share"",""seats""],""published_or_derived"":""published"",""columns"":[6,79],""compilation_label"":""DIE VIOLETTEN"",""alignment_basis"":""unique exact national second-vote count in the same election; not party identity""},{""source_id"":""src-de-bwl-historical-results"",""source_url"":""https://www.bundeswahlleiterin.de/dam/jcr/24d8e745-920d-431a-893a-12805bc7ef40/btw_ab49_datenbank_ergebnisse.csv"",""source_record_id"":""csv-record-88"",""retrieved_at"":""2026-10-01T23:20:00.007Z"",""raw_snapshot"":{""path"":""docs/political-data/raw/germany/2026-10-01T23-20-00-007Z_9efffc24b559679a/results.csv"",""sha256"":""9efffc24b559679ade291d8da63462e5523b43ac62064e759737c3ae01418484""},""parser_version"":""germany-production-v1"",""parser_sha256"":""2a8eb3487f392ef83303e7fb9ff246e4c111a7e64a469a6aa9eb21461ae9b1a0"",""fields_covered"":[""total_seats"",""valid_second_votes""],""published_or_derived"":""published"",""columns"":[4,79]},{""source_id"":""src-de-bwl-final-archive"",""source_url"":""https://www.bundeswahlleiterin.de/dam/jcr/ce2d2b6a-f211-4355-8eea-355c98cd4e47/btw_kerg.zip"",""source_record_id"":""6d6ea227b02a7407c594634f335b64604f1e4ec64686996cb21b4c24010a2e89:btw2009_kerg.csv:340:105"",""retrieved_at"":""2026-10-01T23:21:39.584Z"",""raw_snapshot"":{""path"":""docs/political-data/raw/germany/2026-10-01T23-21-39-584Z_02e7077f9358c9ef/final-results.zip"",""sha256"":""02e7077f9358c9ef408741ee5d17123a43c28ea766b26a7ab338c08fcaeb7512""},""parser_version"":""germany-production-v1"",""parser_sha256"":""2a8eb3487f392ef83303e7fb9ff246e4c111a7e64a469a6aa9eb21461ae9b1a0"",""fields_covered"":[""derived_vote_share""],""published_or_derived"":""derived"",""formula"":""100 * second_votes / valid_second_votes"",""input_fields"":[""second_votes"",""el-de-bt-2009-09-27:valid_second_votes""]},{""source_id"":""src-de-bwl-historical-results"",""source_url"":""https://www.bundeswahlleiterin.de/dam/jcr/24d8e745-920d-431a-893a-12805bc7ef40/btw_ab49_datenbank_ergebnisse.csv"",""source_record_id"":""csv-record-304"",""retrieved_at"":""2026-10-01T23:20:00.007Z"",""raw_snapshot"":{""path"":""docs/political-data/raw/germany/2026-10-01T23-20-00-007Z_9efffc24b559679a/results.csv"",""sha256"":""9efffc24b559679ade291d8da63462e5523b43ac62064e759737c3ae01418484""},""parser_version"":""germany-production-v1"",""parser_sha256"":""2a8eb3487f392ef83303e7fb9ff246e4c111a7e64a469a6aa9eb21461ae9b1a0"",""fields_covered"":[""derived_seat_share""],""published_or_derived"":""derived"",""formula"":""100 * seats / total_seats; null remains null"",""input_fields"":[""seats"",""lg-de-bt-17:total_seats""]}]"
"er-ct-de-0072","germany","national","el-de-bt-2009-09-27","ct-de-0072","second_vote","43371190","622","11243","0","0.02592273811255813",,,"final","[{""source_id"":""src-de-bwl-final-archive"",""source_url"":""https://www.bundeswahlleiterin.de/dam/jcr/ce2d2b6a-f211-4355-8eea-355c98cd4e47/btw_kerg.zip"",""source_record_id"":""6d6ea227b02a7407c594634f335b64604f1e4ec64686996cb21b4c24010a2e89:btw2009_kerg.csv:340:109"",""retrieved_at"":""2026-10-01T23:21:39.584Z"",""raw_snapshot"":{""path"":""docs/political-data/raw/germany/2026-10-01T23-21-39-584Z_02e7077f9358c9ef/final-results.zip"",""sha256"":""02e7077f9358c9ef408741ee5d17123a43c28ea766b26a7ab338c08fcaeb7512""},""parser_version"":""germany-production-v1"",""parser_sha256"":""2a8eb3487f392ef83303e7fb9ff246e4c111a7e64a469a6aa9eb21461ae9b1a0"",""fields_covered"":[""second_votes"",""registered_label_native""],""published_or_derived"":""published"",""source_member"":""btw2009_kerg.csv"",""source_member_sha256"":""6d6ea227b02a7407c594634f335b64604f1e4ec64686996cb21b4c24010a2e89"",""source_column"":109},{""source_id"":""src-de-bwl-historical-results"",""source_url"":""https://www.bundeswahlleiterin.de/dam/jcr/24d8e745-920d-431a-893a-12805bc7ef40/btw_ab49_datenbank_ergebnisse.csv"",""source_record_id"":""csv-record-373"",""retrieved_at"":""2026-10-01T23:20:00.007Z"",""raw_snapshot"":{""path"":""docs/political-data/raw/germany/2026-10-01T23-20-00-007Z_9efffc24b559679a/results.csv"",""sha256"":""9efffc24b559679ade291d8da63462e5523b43ac62064e759737c3ae01418484""},""parser_version"":""germany-production-v1"",""parser_sha256"":""2a8eb3487f392ef83303e7fb9ff246e4c111a7e64a469a6aa9eb21461ae9b1a0"",""fields_covered"":[""published_vote_share"",""seats""],""published_or_derived"":""published"",""columns"":[6,79],""compilation_label"":""FWD"",""alignment_basis"":""unique exact national second-vote count in the same election; not party identity""},{""source_id"":""src-de-bwl-historical-results"",""source_url"":""https://www.bundeswahlleiterin.de/dam/jcr/24d8e745-920d-431a-893a-12805bc7ef40/btw_ab49_datenbank_ergebnisse.csv"",""source_record_id"":""csv-record-88"",""retrieved_at"":""2026-10-01T23:20:00.007Z"",""raw_snapshot"":{""path"":""docs/political-data/raw/germany/2026-10-01T23-20-00-007Z_9efffc24b559679a/results.csv"",""sha256"":""9efffc24b559679ade291d8da63462e5523b43ac62064e759737c3ae01418484""},""parser_version"":""germany-production-v1"",""parser_sha256"":""2a8eb3487f392ef83303e7fb9ff246e4c111a7e64a469a6aa9eb21461ae9b1a0"",""fields_covered"":[""total_seats"",""valid_second_votes""],""published_or_derived"":""published"",""columns"":[4,79]},{""source_id"":""src-de-bwl-final-archive"",""source_url"":""https://www.bundeswahlleiterin.de/dam/jcr/ce2d2b6a-f211-4355-8eea-355c98cd4e47/btw_kerg.zip"",""source_record_id"":""6d6ea227b02a7407c594634f335b64604f1e4ec64686996cb21b4c24010a2e89:btw2009_kerg.csv:340:109"",""retrieved_at"":""2026-10-01T23:21:39.584Z"",""raw_snapshot"":{""path"":""docs/political-data/raw/germany/2026-10-01T23-21-39-584Z_02e7077f9358c9ef/final-results.zip"",""sha256"":""02e7077f9358c9ef408741ee5d17123a43c28ea766b26a7ab338c08fcaeb7512""},""parser_version"":""germany-production-v1"",""parser_sha256"":""2a8eb3487f392ef83303e7fb9ff246e4c111a7e64a469a6aa9eb21461ae9b1a0"",""fields_covered"":[""derived_vote_share""],""published_or_derived"":""derived"",""formula"":""100 * second_votes / valid_second_votes"",""input_fields"":[""second_votes"",""el-de-bt-2009-09-27:valid_second_votes""]},{""source_id"":""src-de-bwl-historical-results"",""source_url"":""https://www.bundeswahlleiterin.de/dam/jcr/24d8e745-920d-431a-893a-12805bc7ef40/btw_ab49_datenbank_ergebnisse.csv"",""source_record_id"":""csv-record-373"",""retrieved_at"":""2026-10-01T23:20:00.007Z"",""raw_snapshot"":{""path"":""docs/political-data/raw/germany/2026-10-01T23-20-00-007Z_9efffc24b559679a/results.csv"",""sha256"":""9efffc24b559679ade291d8da63462e5523b43ac62064e759737c3ae01418484""},""parser_version"":""germany-production-v1"",""parser_sha256"":""2a8eb3487f392ef83303e7fb9ff246e4c111a7e64a469a6aa9eb21461ae9b1a0"",""fields_covered"":[""derived_seat_share""],""published_or_derived"":""derived"",""formula"":""100 * seats / total_seats; null remains null"",""input_fields"":[""seats"",""lg-de-bt-17:total_seats""]}]"
"er-ct-de-0073","germany","national","el-de-bt-2009-09-27","ct-de-0073","second_vote","43371190","622","132249","0.3","0.30492361403964247",,,"final","[{""source_id"":""src-de-bwl-final-archive"",""source_url"":""https://www.bundeswahlleiterin.de/dam/jcr/ce2d2b6a-f211-4355-8eea-355c98cd4e47/btw_kerg.zip"",""source_record_id"":""6d6ea227b02a7407c594634f335b64604f1e4ec64686996cb21b4c24010a2e89:btw2009_kerg.csv:340:113"",""retrieved_at"":""2026-10-01T23:21:39.584Z"",""raw_snapshot"":{""path"":""docs/political-data/raw/germany/2026-10-01T23-21-39-584Z_02e7077f9358c9ef/final-results.zip"",""sha256"":""02e7077f9358c9ef408741ee5d17123a43c28ea766b26a7ab338c08fcaeb7512""},""parser_version"":""germany-production-v1"",""parser_sha256"":""2a8eb3487f392ef83303e7fb9ff246e4c111a7e64a469a6aa9eb21461ae9b1a0"",""fields_covered"":[""second_votes"",""registered_label_native""],""published_or_derived"":""published"",""source_member"":""btw2009_kerg.csv"",""source_member_sha256"":""6d6ea227b02a7407c594634f335b64604f1e4ec64686996cb21b4c24010a2e89"",""source_column"":113},{""source_id"":""src-de-bwl-historical-results"",""source_url"":""https://www.bundeswahlleiterin.de/dam/jcr/24d8e745-920d-431a-893a-12805bc7ef40/btw_ab49_datenbank_ergebnisse.csv"",""source_record_id"":""csv-record-458"",""retrieved_at"":""2026-10-01T23:20:00.007Z"",""raw_snapshot"":{""path"":""docs/political-data/raw/germany/2026-10-01T23-20-00-007Z_9efffc24b559679a/results.csv"",""sha256"":""9efffc24b559679ade291d8da63462e5523b43ac62064e759737c3ae01418484""},""parser_version"":""germany-production-v1"",""parser_sha256"":""2a8eb3487f392ef83303e7fb9ff246e4c111a7e64a469a6aa9eb21461ae9b1a0"",""fields_covered"":[""published_vote_share"",""seats""],""published_or_derived"":""published"",""columns"":[6,79],""compilation_label"":""ödp"",""alignment_basis"":""unique exact national second-vote count in the same election; not party identity""},{""source_id"":""src-de-bwl-historical-results"",""source_url"":""https://www.bundeswahlleiterin.de/dam/jcr/24d8e745-920d-431a-893a-12805bc7ef40/btw_ab49_datenbank_ergebnisse.csv"",""source_record_id"":""csv-record-88"",""retrieved_at"":""2026-10-01T23:20:00.007Z"",""raw_snapshot"":{""path"":""docs/political-data/raw/germany/2026-10-01T23-20-00-007Z_9efffc24b559679a/results.csv"",""sha256"":""9efffc24b559679ade291d8da63462e5523b43ac62064e759737c3ae01418484""},""parser_version"":""germany-production-v1"",""parser_sha256"":""2a8eb3487f392ef83303e7fb9ff246e4c111a7e64a469a6aa9eb21461ae9b1a0"",""fields_covered"":[""total_seats"",""valid_second_votes""],""published_or_derived"":""published"",""columns"":[4,79]},{""source_id"":""src-de-bwl-final-archive"",""source_url"":""https://www.bundeswahlleiterin.de/dam/jcr/ce2d2b6a-f211-4355-8eea-355c98cd4e47/btw_kerg.zip"",""source_record_id"":""6d6ea227b02a7407c594634f335b64604f1e4ec64686996cb21b4c24010a2e89:btw2009_kerg.csv:340:113"",""retrieved_at"":""2026-10-01T23:21:39.584Z"",""raw_snapshot"":{""path"":""docs/political-data/raw/germany/2026-10-01T23-21-39-584Z_02e7077f9358c9ef/final-results.zip"",""sha256"":""02e7077f9358c9ef408741ee5d17123a43c28ea766b26a7ab338c08fcaeb7512""},""parser_version"":""germany-production-v1"",""parser_sha256"":""2a8eb3487f392ef83303e7fb9ff246e4c111a7e64a469a6aa9eb21461ae9b1a0"",""fields_covered"":[""derived_vote_share""],""published_or_derived"":""derived"",""formula"":""100 * second_votes / valid_second_votes"",""input_fields"":[""second_votes"",""el-de-bt-2009-09-27:valid_second_votes""]},{""source_id"":""src-de-bwl-historical-results"",""source_url"":""https://www.bundeswahlleiterin.de/dam/jcr/24d8e745-920d-431a-893a-12805bc7ef40/btw_ab49_datenbank_ergebnisse.csv"",""source_record_id"":""csv-record-458"",""retrieved_at"":""2026-10-01T23:20:00.007Z"",""raw_snapshot"":{""path"":""docs/political-data/raw/germany/2026-10-01T23-20-00-007Z_9efffc24b559679a/results.csv"",""sha256"":""9efffc24b559679ade291d8da63462e5523b43ac62064e759737c3ae01418484""},""parser_version"":""germany-production-v1"",""parser_sha256"":""2a8eb3487f392ef83303e7fb9ff246e4c111a7e64a469a6aa9eb21461ae9b1a0"",""fields_covered"":[""derived_seat_share""],""published_or_derived"":""derived"",""formula"":""100 * seats / total_seats; null remains null"",""input_fields"":[""seats"",""lg-de-bt-17:total_seats""]}]"
"er-ct-de-0074","germany","national","el-de-bt-2009-09-27","ct-de-0074","second_vote","43371190","622","847870","2","1.9549152328999966",,,"final","[{""source_id"":""src-de-bwl-final-archive"",""source_url"":""https://www.bundeswahlleiterin.de/dam/jcr/ce2d2b6a-f211-4355-8eea-355c98cd4e47/btw_kerg.zip"",""source_record_id"":""6d6ea227b02a7407c594634f335b64604f1e4ec64686996cb21b4c24010a2e89:btw2009_kerg.csv:340:117"",""retrieved_at"":""2026-10-01T23:21:39.584Z"",""raw_snapshot"":{""path"":""docs/political-data/raw/germany/2026-10-01T23-21-39-584Z_02e7077f9358c9ef/final-results.zip"",""sha256"":""02e7077f9358c9ef408741ee5d17123a43c28ea766b26a7ab338c08fcaeb7512""},""parser_version"":""germany-production-v1"",""parser_sha256"":""2a8eb3487f392ef83303e7fb9ff246e4c111a7e64a469a6aa9eb21461ae9b1a0"",""fields_covered"":[""second_votes"",""registered_label_native""],""published_or_derived"":""published"",""source_member"":""btw2009_kerg.csv"",""source_member_sha256"":""6d6ea227b02a7407c594634f335b64604f1e4ec64686996cb21b4c24010a2e89"",""source_column"":117},{""source_id"":""src-de-bwl-historical-results"",""source_url"":""https://www.bundeswahlleiterin.de/dam/jcr/24d8e745-920d-431a-893a-12805bc7ef40/btw_ab49_datenbank_ergebnisse.csv"",""source_record_id"":""csv-record-484"",""retrieved_at"":""2026-10-01T23:20:00.007Z"",""raw_snapshot"":{""path"":""docs/political-data/raw/germany/2026-10-01T23-20-00-007Z_9efffc24b559679a/results.csv"",""sha256"":""9efffc24b559679ade291d8da63462e5523b43ac62064e759737c3ae01418484""},""parser_version"":""germany-production-v1"",""parser_sha256"":""2a8eb3487f392ef83303e7fb9ff246e4c111a7e64a469a6aa9eb21461ae9b1a0"",""fields_covered"":[""published_vote_share"",""seats""],""published_or_derived"":""published"",""columns"":[6,79],""compilation_label"":""PIRATEN"",""alignment_basis"":""unique exact national second-vote count in the same election; not party identity""},{""source_id"":""src-de-bwl-historical-results"",""source_url"":""https://www.bundeswahlleiterin.de/dam/jcr/24d8e745-920d-431a-893a-12805bc7ef40/btw_ab49_datenbank_ergebnisse.csv"",""source_record_id"":""csv-record-88"",""retrieved_at"":""2026-10-01T23:20:00.007Z"",""raw_snapshot"":{""path"":""docs/political-data/raw/germany/2026-10-01T23-20-00-007Z_9efffc24b559679a/results.csv"",""sha256"":""9efffc24b559679ade291d8da63462e5523b43ac62064e759737c3ae01418484""},""parser_version"":""germany-production-v1"",""parser_sha256"":""2a8eb3487f392ef83303e7fb9ff246e4c111a7e64a469a6aa9eb21461ae9b1a0"",""fields_covered"":[""total_seats"",""valid_second_votes""],""published_or_derived"":""published"",""columns"":[4,79]},{""source_id"":""src-de-bwl-final-archive"",""source_url"":""https://www.bundeswahlleiterin.de/dam/jcr/ce2d2b6a-f211-4355-8eea-355c98cd4e47/btw_kerg.zip"",""source_record_id"":""6d6ea227b02a7407c594634f335b64604f1e4ec64686996cb21b4c24010a2e89:btw2009_kerg.csv:340:117"",""retrieved_at"":""2026-10-01T23:21:39.584Z"",""raw_snapshot"":{""path"":""docs/political-data/raw/germany/2026-10-01T23-21-39-584Z_02e7077f9358c9ef/final-results.zip"",""sha256"":""02e7077f9358c9ef408741ee5d17123a43c28ea766b26a7ab338c08fcaeb7512""},""parser_version"":""germany-production-v1"",""parser_sha256"":""2a8eb3487f392ef83303e7fb9ff246e4c111a7e64a469a6aa9eb21461ae9b1a0"",""fields_covered"":[""derived_vote_share""],""published_or_derived"":""derived"",""formula"":""100 * second_votes / valid_second_votes"",""input_fields"":[""second_votes"",""el-de-bt-2009-09-27:valid_second_votes""]},{""source_id"":""src-de-bwl-historical-results"",""source_url"":""https://www.bundeswahlleiterin.de/dam/jcr/24d8e745-920d-431a-893a-12805bc7ef40/btw_ab49_datenbank_ergebnisse.csv"",""source_record_id"":""csv-record-484"",""retrieved_at"":""2026-10-01T23:20:00.007Z"",""raw_snapshot"":{""path"":""docs/political-data/raw/germany/2026-10-01T23-20-00-007Z_9efffc24b559679a/results.csv"",""sha256"":""9efffc24b559679ade291d8da63462e5523b43ac62064e759737c3ae01418484""},""parser_version"":""germany-production-v1"",""parser_sha256"":""2a8eb3487f392ef83303e7fb9ff246e4c111a7e64a469a6aa9eb21461ae9b1a0"",""fields_covered"":[""derived_seat_share""],""published_or_derived"":""derived"",""formula"":""100 * seats / total_seats; null remains null"",""input_fields"":[""seats"",""lg-de-bt-17:total_seats""]}]"
"er-ct-de-0075","germany","national","el-de-bt-2009-09-27","ct-de-0075","second_vote","43371190","622","100605","0.2","0.2319627383984622",,,"final","[{""source_id"":""src-de-bwl-final-archive"",""source_url"":""https://www.bundeswahlleiterin.de/dam/jcr/ce2d2b6a-f211-4355-8eea-355c98cd4e47/btw_kerg.zip"",""source_record_id"":""6d6ea227b02a7407c594634f335b64604f1e4ec64686996cb21b4c24010a2e89:btw2009_kerg.csv:340:121"",""retrieved_at"":""2026-10-01T23:21:39.584Z"",""raw_snapshot"":{""path"":""docs/political-data/raw/germany/2026-10-01T23-21-39-584Z_02e7077f9358c9ef/final-results.zip"",""sha256"":""02e7077f9358c9ef408741ee5d17123a43c28ea766b26a7ab338c08fcaeb7512""},""parser_version"":""germany-production-v1"",""parser_sha256"":""2a8eb3487f392ef83303e7fb9ff246e4c111a7e64a469a6aa9eb21461ae9b1a0"",""fields_covered"":[""second_votes"",""registered_label_native""],""published_or_derived"":""published"",""source_member"":""btw2009_kerg.csv"",""source_member_sha256"":""6d6ea227b02a7407c594634f335b64604f1e4ec64686996cb21b4c24010a2e89"",""source_column"":121},{""source_id"":""src-de-bwl-historical-results"",""source_url"":""https://www.bundeswahlleiterin.de/dam/jcr/24d8e745-920d-431a-893a-12805bc7ef40/btw_ab49_datenbank_ergebnisse.csv"",""source_record_id"":""csv-record-246"",""retrieved_at"":""2026-10-01T23:20:00.007Z"",""raw_snapshot"":{""path"":""docs/political-data/raw/germany/2026-10-01T23-20-00-007Z_9efffc24b559679a/results.csv"",""sha256"":""9efffc24b559679ade291d8da63462e5523b43ac62064e759737c3ae01418484""},""parser_version"":""germany-production-v1"",""parser_sha256"":""2a8eb3487f392ef83303e7fb9ff246e4c111a7e64a469a6aa9eb21461ae9b1a0"",""fields_covered"":[""published_vote_share"",""seats""],""published_or_derived"":""published"",""columns"":[6,79],""compilation_label"":""Bündnis 21/RRP"",""alignment_basis"":""unique exact national second-vote count in the same election; not party identity""},{""source_id"":""src-de-bwl-historical-results"",""source_url"":""https://www.bundeswahlleiterin.de/dam/jcr/24d8e745-920d-431a-893a-12805bc7ef40/btw_ab49_datenbank_ergebnisse.csv"",""source_record_id"":""csv-record-88"",""retrieved_at"":""2026-10-01T23:20:00.007Z"",""raw_snapshot"":{""path"":""docs/political-data/raw/germany/2026-10-01T23-20-00-007Z_9efffc24b559679a/results.csv"",""sha256"":""9efffc24b559679ade291d8da63462e5523b43ac62064e759737c3ae01418484""},""parser_version"":""germany-production-v1"",""parser_sha256"":""2a8eb3487f392ef83303e7fb9ff246e4c111a7e64a469a6aa9eb21461ae9b1a0"",""fields_covered"":[""total_seats"",""valid_second_votes""],""published_or_derived"":""published"",""columns"":[4,79]},{""source_id"":""src-de-bwl-final-archive"",""source_url"":""https://www.bundeswahlleiterin.de/dam/jcr/ce2d2b6a-f211-4355-8eea-355c98cd4e47/btw_kerg.zip"",""source_record_id"":""6d6ea227b02a7407c594634f335b64604f1e4ec64686996cb21b4c24010a2e89:btw2009_kerg.csv:340:121"",""retrieved_at"":""2026-10-01T23:21:39.584Z"",""raw_snapshot"":{""path"":""docs/political-data/raw/germany/2026-10-01T23-21-39-584Z_02e7077f9358c9ef/final-results.zip"",""sha256"":""02e7077f9358c9ef408741ee5d17123a43c28ea766b26a7ab338c08fcaeb7512""},""parser_version"":""germany-production-v1"",""parser_sha256"":""2a8eb3487f392ef83303e7fb9ff246e4c111a7e64a469a6aa9eb21461ae9b1a0"",""fields_covered"":[""derived_vote_share""],""published_or_derived"":""derived"",""formula"":""100 * second_votes / valid_second_votes"",""input_fields"":[""second_votes"",""el-de-bt-2009-09-27:valid_second_votes""]},{""source_id"":""src-de-bwl-historical-results"",""source_url"":""https://www.bundeswahlleiterin.de/dam/jcr/24d8e745-920d-431a-893a-12805bc7ef40/btw_ab49_datenbank_ergebnisse.csv"",""source_record_id"":""csv-record-246"",""retrieved_at"":""2026-10-01T23:20:00.007Z"",""raw_snapshot"":{""path"":""docs/political-data/raw/germany/2026-10-01T23-20-00-007Z_9efffc24b559679a/results.csv"",""sha256"":""9efffc24b559679ade291d8da63462e5523b43ac62064e759737c3ae01418484""},""parser_version"":""germany-production-v1"",""parser_sha256"":""2a8eb3487f392ef83303e7fb9ff246e4c111a7e64a469a6aa9eb21461ae9b1a0"",""fields_covered"":[""derived_seat_share""],""published_or_derived"":""derived"",""formula"":""100 * seats / total_seats; null remains null"",""input_fields"":[""seats"",""lg-de-bt-17:total_seats""]}]"
"er-ct-de-0076","germany","national","el-de-bt-2009-09-27","ct-de-0076","second_vote","43371190","622","56399","0.1","0.13003793532065872",,,"final","[{""source_id"":""src-de-bwl-final-archive"",""source_url"":""https://www.bundeswahlleiterin.de/dam/jcr/ce2d2b6a-f211-4355-8eea-355c98cd4e47/btw_kerg.zip"",""source_record_id"":""6d6ea227b02a7407c594634f335b64604f1e4ec64686996cb21b4c24010a2e89:btw2009_kerg.csv:340:125"",""retrieved_at"":""2026-10-01T23:21:39.584Z"",""raw_snapshot"":{""path"":""docs/political-data/raw/germany/2026-10-01T23-21-39-584Z_02e7077f9358c9ef/final-results.zip"",""sha256"":""02e7077f9358c9ef408741ee5d17123a43c28ea766b26a7ab338c08fcaeb7512""},""parser_version"":""germany-production-v1"",""parser_sha256"":""2a8eb3487f392ef83303e7fb9ff246e4c111a7e64a469a6aa9eb21461ae9b1a0"",""fields_covered"":[""second_votes"",""registered_label_native""],""published_or_derived"":""published"",""source_member"":""btw2009_kerg.csv"",""source_member_sha256"":""6d6ea227b02a7407c594634f335b64604f1e4ec64686996cb21b4c24010a2e89"",""source_column"":125},{""source_id"":""src-de-bwl-historical-results"",""source_url"":""https://www.bundeswahlleiterin.de/dam/jcr/24d8e745-920d-431a-893a-12805bc7ef40/btw_ab49_datenbank_ergebnisse.csv"",""source_record_id"":""csv-record-493"",""retrieved_at"":""2026-10-01T23:20:00.007Z"",""raw_snapshot"":{""path"":""docs/political-data/raw/germany/2026-10-01T23-20-00-007Z_9efffc24b559679a/results.csv"",""sha256"":""9efffc24b559679ade291d8da63462e5523b43ac62064e759737c3ae01418484""},""parser_version"":""germany-production-v1"",""parser_sha256"":""2a8eb3487f392ef83303e7fb9ff246e4c111a7e64a469a6aa9eb21461ae9b1a0"",""fields_covered"":[""published_vote_share"",""seats""],""published_or_derived"":""published"",""columns"":[6,79],""compilation_label"":""RENTNER"",""alignment_basis"":""unique exact national second-vote count in the same election; not party identity""},{""source_id"":""src-de-bwl-historical-results"",""source_url"":""https://www.bundeswahlleiterin.de/dam/jcr/24d8e745-920d-431a-893a-12805bc7ef40/btw_ab49_datenbank_ergebnisse.csv"",""source_record_id"":""csv-record-88"",""retrieved_at"":""2026-10-01T23:20:00.007Z"",""raw_snapshot"":{""path"":""docs/political-data/raw/germany/2026-10-01T23-20-00-007Z_9efffc24b559679a/results.csv"",""sha256"":""9efffc24b559679ade291d8da63462e5523b43ac62064e759737c3ae01418484""},""parser_version"":""germany-production-v1"",""parser_sha256"":""2a8eb3487f392ef83303e7fb9ff246e4c111a7e64a469a6aa9eb21461ae9b1a0"",""fields_covered"":[""total_seats"",""valid_second_votes""],""published_or_derived"":""published"",""columns"":[4,79]},{""source_id"":""src-de-bwl-final-archive"",""source_url"":""https://www.bundeswahlleiterin.de/dam/jcr/ce2d2b6a-f211-4355-8eea-355c98cd4e47/btw_kerg.zip"",""source_record_id"":""6d6ea227b02a7407c594634f335b64604f1e4ec64686996cb21b4c24010a2e89:btw2009_kerg.csv:340:125"",""retrieved_at"":""2026-10-01T23:21:39.584Z"",""raw_snapshot"":{""path"":""docs/political-data/raw/germany/2026-10-01T23-21-39-584Z_02e7077f9358c9ef/final-results.zip"",""sha256"":""02e7077f9358c9ef408741ee5d17123a43c28ea766b26a7ab338c08fcaeb7512""},""parser_version"":""germany-production-v1"",""parser_sha256"":""2a8eb3487f392ef83303e7fb9ff246e4c111a7e64a469a6aa9eb21461ae9b1a0"",""fields_covered"":[""derived_vote_share""],""published_or_derived"":""derived"",""formula"":""100 * second_votes / valid_second_votes"",""input_fields"":[""second_votes"",""el-de-bt-2009-09-27:valid_second_votes""]},{""source_id"":""src-de-bwl-historical-results"",""source_url"":""https://www.bundeswahlleiterin.de/dam/jcr/24d8e745-920d-431a-893a-12805bc7ef40/btw_ab49_datenbank_ergebnisse.csv"",""source_record_id"":""csv-record-493"",""retrieved_at"":""2026-10-01T23:20:00.007Z"",""raw_snapshot"":{""path"":""docs/political-data/raw/germany/2026-10-01T23-20-00-007Z_9efffc24b559679a/results.csv"",""sha256"":""9efffc24b559679ade291d8da63462e5523b43ac62064e759737c3ae01418484""},""parser_version"":""germany-production-v1"",""parser_sha256"":""2a8eb3487f392ef83303e7fb9ff246e4c111a7e64a469a6aa9eb21461ae9b1a0"",""fields_covered"":[""derived_seat_share""],""published_or_derived"":""derived"",""formula"":""100 * seats / total_seats; null remains null"",""input_fields"":[""seats"",""lg-de-bt-17:total_seats""]}]"
"er-ct-de-0077","germany","national","el-de-bt-2013-09-22","ct-de-0077","second_vote","43726856","631","14921877","34.1","34.125199854295495","255","40.41204437400951","final","[{""source_id"":""src-de-bwl-final-archive"",""source_url"":""https://www.bundeswahlleiterin.de/dam/jcr/ce2d2b6a-f211-4355-8eea-355c98cd4e47/btw_kerg.zip"",""source_record_id"":""af1d7f449974be160ffbbcc359bee00b73fb538a279f7ded5ea99b5b13bfcfbe:btw2013_kerg.csv:340:21"",""retrieved_at"":""2026-10-01T23:21:39.584Z"",""raw_snapshot"":{""path"":""docs/political-data/raw/germany/2026-10-01T23-21-39-584Z_02e7077f9358c9ef/final-results.zip"",""sha256"":""02e7077f9358c9ef408741ee5d17123a43c28ea766b26a7ab338c08fcaeb7512""},""parser_version"":""germany-production-v1"",""parser_sha256"":""2a8eb3487f392ef83303e7fb9ff246e4c111a7e64a469a6aa9eb21461ae9b1a0"",""fields_covered"":[""second_votes"",""registered_label_native""],""published_or_derived"":""published"",""source_member"":""btw2013_kerg.csv"",""source_member_sha256"":""af1d7f449974be160ffbbcc359bee00b73fb538a279f7ded5ea99b5b13bfcfbe"",""source_column"":21},{""source_id"":""src-de-bwl-historical-results"",""source_url"":""https://www.bundeswahlleiterin.de/dam/jcr/24d8e745-920d-431a-893a-12805bc7ef40/btw_ab49_datenbank_ergebnisse.csv"",""source_record_id"":""csv-record-131"",""retrieved_at"":""2026-10-01T23:20:00.007Z"",""raw_snapshot"":{""path"":""docs/political-data/raw/germany/2026-10-01T23-20-00-007Z_9efffc24b559679a/results.csv"",""sha256"":""9efffc24b559679ade291d8da63462e5523b43ac62064e759737c3ae01418484""},""parser_version"":""germany-production-v1"",""parser_sha256"":""2a8eb3487f392ef83303e7fb9ff246e4c111a7e64a469a6aa9eb21461ae9b1a0"",""fields_covered"":[""published_vote_share"",""seats""],""published_or_derived"":""published"",""columns"":[6,79],""compilation_label"":""CDU"",""alignment_basis"":""unique exact national second-vote count in the same election; not party identity""},{""source_id"":""src-de-bwl-historical-results"",""source_url"":""https://www.bundeswahlleiterin.de/dam/jcr/24d8e745-920d-431a-893a-12805bc7ef40/btw_ab49_datenbank_ergebnisse.csv"",""source_record_id"":""csv-record-89"",""retrieved_at"":""2026-10-01T23:20:00.007Z"",""raw_snapshot"":{""path"":""docs/political-data/raw/germany/2026-10-01T23-20-00-007Z_9efffc24b559679a/results.csv"",""sha256"":""9efffc24b559679ade291d8da63462e5523b43ac62064e759737c3ae01418484""},""parser_version"":""germany-production-v1"",""parser_sha256"":""2a8eb3487f392ef83303e7fb9ff246e4c111a7e64a469a6aa9eb21461ae9b1a0"",""fields_covered"":[""total_seats"",""valid_second_votes""],""published_or_derived"":""published"",""columns"":[4,79]},{""source_id"":""src-de-bwl-final-archive"",""source_url"":""https://www.bundeswahlleiterin.de/dam/jcr/ce2d2b6a-f211-4355-8eea-355c98cd4e47/btw_kerg.zip"",""source_record_id"":""af1d7f449974be160ffbbcc359bee00b73fb538a279f7ded5ea99b5b13bfcfbe:btw2013_kerg.csv:340:21"",""retrieved_at"":""2026-10-01T23:21:39.584Z"",""raw_snapshot"":{""path"":""docs/political-data/raw/germany/2026-10-01T23-21-39-584Z_02e7077f9358c9ef/final-results.zip"",""sha256"":""02e7077f9358c9ef408741ee5d17123a43c28ea766b26a7ab338c08fcaeb7512""},""parser_version"":""germany-production-v1"",""parser_sha256"":""2a8eb3487f392ef83303e7fb9ff246e4c111a7e64a469a6aa9eb21461ae9b1a0"",""fields_covered"":[""derived_vote_share""],""published_or_derived"":""derived"",""formula"":""100 * second_votes / valid_second_votes"",""input_fields"":[""second_votes"",""el-de-bt-2013-09-22:valid_second_votes""]},{""source_id"":""src-de-bwl-historical-results"",""source_url"":""https://www.bundeswahlleiterin.de/dam/jcr/24d8e745-920d-431a-893a-12805bc7ef40/btw_ab49_datenbank_ergebnisse.csv"",""source_record_id"":""csv-record-131"",""retrieved_at"":""2026-10-01T23:20:00.007Z"",""raw_snapshot"":{""path"":""docs/political-data/raw/germany/2026-10-01T23-20-00-007Z_9efffc24b559679a/results.csv"",""sha256"":""9efffc24b559679ade291d8da63462e5523b43ac62064e759737c3ae01418484""},""parser_version"":""germany-production-v1"",""parser_sha256"":""2a8eb3487f392ef83303e7fb9ff246e4c111a7e64a469a6aa9eb21461ae9b1a0"",""fields_covered"":[""derived_seat_share""],""published_or_derived"":""derived"",""formula"":""100 * seats / total_seats; null remains null"",""input_fields"":[""seats"",""lg-de-bt-18:total_seats""]}]"
"er-ct-de-0078","germany","national","el-de-bt-2013-09-22","ct-de-0078","second_vote","43726856","631","11252215","25.7","25.732961455083803","193","30.58637083993661","final","[{""source_id"":""src-de-bwl-final-archive"",""source_url"":""https://www.bundeswahlleiterin.de/dam/jcr/ce2d2b6a-f211-4355-8eea-355c98cd4e47/btw_kerg.zip"",""source_record_id"":""af1d7f449974be160ffbbcc359bee00b73fb538a279f7ded5ea99b5b13bfcfbe:btw2013_kerg.csv:340:25"",""retrieved_at"":""2026-10-01T23:21:39.584Z"",""raw_snapshot"":{""path"":""docs/political-data/raw/germany/2026-10-01T23-21-39-584Z_02e7077f9358c9ef/final-results.zip"",""sha256"":""02e7077f9358c9ef408741ee5d17123a43c28ea766b26a7ab338c08fcaeb7512""},""parser_version"":""germany-production-v1"",""parser_sha256"":""2a8eb3487f392ef83303e7fb9ff246e4c111a7e64a469a6aa9eb21461ae9b1a0"",""fields_covered"":[""second_votes"",""registered_label_native""],""published_or_derived"":""published"",""source_member"":""btw2013_kerg.csv"",""source_member_sha256"":""af1d7f449974be160ffbbcc359bee00b73fb538a279f7ded5ea99b5b13bfcfbe"",""source_column"":25},{""source_id"":""src-de-bwl-historical-results"",""source_url"":""https://www.bundeswahlleiterin.de/dam/jcr/24d8e745-920d-431a-893a-12805bc7ef40/btw_ab49_datenbank_ergebnisse.csv"",""source_record_id"":""csv-record-110"",""retrieved_at"":""2026-10-01T23:20:00.007Z"",""raw_snapshot"":{""path"":""docs/political-data/raw/germany/2026-10-01T23-20-00-007Z_9efffc24b559679a/results.csv"",""sha256"":""9efffc24b559679ade291d8da63462e5523b43ac62064e759737c3ae01418484""},""parser_version"":""germany-production-v1"",""parser_sha256"":""2a8eb3487f392ef83303e7fb9ff246e4c111a7e64a469a6aa9eb21461ae9b1a0"",""fields_covered"":[""published_vote_share"",""seats""],""published_or_derived"":""published"",""columns"":[6,79],""compilation_label"":""SPD"",""alignment_basis"":""unique exact national second-vote count in the same election; not party identity""},{""source_id"":""src-de-bwl-historical-results"",""source_url"":""https://www.bundeswahlleiterin.de/dam/jcr/24d8e745-920d-431a-893a-12805bc7ef40/btw_ab49_datenbank_ergebnisse.csv"",""source_record_id"":""csv-record-89"",""retrieved_at"":""2026-10-01T23:20:00.007Z"",""raw_snapshot"":{""path"":""docs/political-data/raw/germany/2026-10-01T23-20-00-007Z_9efffc24b559679a/results.csv"",""sha256"":""9efffc24b559679ade291d8da63462e5523b43ac62064e759737c3ae01418484""},""parser_version"":""germany-production-v1"",""parser_sha256"":""2a8eb3487f392ef83303e7fb9ff246e4c111a7e64a469a6aa9eb21461ae9b1a0"",""fields_covered"":[""total_seats"",""valid_second_votes""],""published_or_derived"":""published"",""columns"":[4,79]},{""source_id"":""src-de-bwl-final-archive"",""source_url"":""https://www.bundeswahlleiterin.de/dam/jcr/ce2d2b6a-f211-4355-8eea-355c98cd4e47/btw_kerg.zip"",""source_record_id"":""af1d7f449974be160ffbbcc359bee00b73fb538a279f7ded5ea99b5b13bfcfbe:btw2013_kerg.csv:340:25"",""retrieved_at"":""2026-10-01T23:21:39.584Z"",""raw_snapshot"":{""path"":""docs/political-data/raw/germany/2026-10-01T23-21-39-584Z_02e7077f9358c9ef/final-results.zip"",""sha256"":""02e7077f9358c9ef408741ee5d17123a43c28ea766b26a7ab338c08fcaeb7512""},""parser_version"":""germany-production-v1"",""parser_sha256"":""2a8eb3487f392ef83303e7fb9ff246e4c111a7e64a469a6aa9eb21461ae9b1a0"",""fields_covered"":[""derived_vote_share""],""published_or_derived"":""derived"",""formula"":""100 * second_votes / valid_second_votes"",""input_fields"":[""second_votes"",""el-de-bt-2013-09-22:valid_second_votes""]},{""source_id"":""src-de-bwl-historical-results"",""source_url"":""https://www.bundeswahlleiterin.de/dam/jcr/24d8e745-920d-431a-893a-12805bc7ef40/btw_ab49_datenbank_ergebnisse.csv"",""source_record_id"":""csv-record-110"",""retrieved_at"":""2026-10-01T23:20:00.007Z"",""raw_snapshot"":{""path"":""docs/political-data/raw/germany/2026-10-01T23-20-00-007Z_9efffc24b559679a/results.csv"",""sha256"":""9efffc24b559679ade291d8da63462e5523b43ac62064e759737c3ae01418484""},""parser_version"":""germany-production-v1"",""parser_sha256"":""2a8eb3487f392ef83303e7fb9ff246e4c111a7e64a469a6aa9eb21461ae9b1a0"",""fields_covered"":[""derived_seat_share""],""published_or_derived"":""derived"",""formula"":""100 * seats / total_seats; null remains null"",""input_fields"":[""seats"",""lg-de-bt-18:total_seats""]}]"
"er-ct-de-0079","germany","national","el-de-bt-2013-09-22","ct-de-0079","second_vote","43726856","631","2083533","4.8","4.764881792553299",,,"final","[{""source_id"":""src-de-bwl-final-archive"",""source_url"":""https://www.bundeswahlleiterin.de/dam/jcr/ce2d2b6a-f211-4355-8eea-355c98cd4e47/btw_kerg.zip"",""source_record_id"":""af1d7f449974be160ffbbcc359bee00b73fb538a279f7ded5ea99b5b13bfcfbe:btw2013_kerg.csv:340:29"",""retrieved_at"":""2026-10-01T23:21:39.584Z"",""raw_snapshot"":{""path"":""docs/political-data/raw/germany/2026-10-01T23-21-39-584Z_02e7077f9358c9ef/final-results.zip"",""sha256"":""02e7077f9358c9ef408741ee5d17123a43c28ea766b26a7ab338c08fcaeb7512""},""parser_version"":""germany-production-v1"",""parser_sha256"":""2a8eb3487f392ef83303e7fb9ff246e4c111a7e64a469a6aa9eb21461ae9b1a0"",""fields_covered"":[""second_votes"",""registered_label_native""],""published_or_derived"":""published"",""source_member"":""btw2013_kerg.csv"",""source_member_sha256"":""af1d7f449974be160ffbbcc359bee00b73fb538a279f7ded5ea99b5b13bfcfbe"",""source_column"":29},{""source_id"":""src-de-bwl-historical-results"",""source_url"":""https://www.bundeswahlleiterin.de/dam/jcr/24d8e745-920d-431a-893a-12805bc7ef40/btw_ab49_datenbank_ergebnisse.csv"",""source_record_id"":""csv-record-166"",""retrieved_at"":""2026-10-01T23:20:00.007Z"",""raw_snapshot"":{""path"":""docs/political-data/raw/germany/2026-10-01T23-20-00-007Z_9efffc24b559679a/results.csv"",""sha256"":""9efffc24b559679ade291d8da63462e5523b43ac62064e759737c3ae01418484""},""parser_version"":""germany-production-v1"",""parser_sha256"":""2a8eb3487f392ef83303e7fb9ff246e4c111a7e64a469a6aa9eb21461ae9b1a0"",""fields_covered"":[""published_vote_share"",""seats""],""published_or_derived"":""published"",""columns"":[6,79],""compilation_label"":""FDP"",""alignment_basis"":""unique exact national second-vote count in the same election; not party identity""},{""source_id"":""src-de-bwl-historical-results"",""source_url"":""https://www.bundeswahlleiterin.de/dam/jcr/24d8e745-920d-431a-893a-12805bc7ef40/btw_ab49_datenbank_ergebnisse.csv"",""source_record_id"":""csv-record-89"",""retrieved_at"":""2026-10-01T23:20:00.007Z"",""raw_snapshot"":{""path"":""docs/political-data/raw/germany/2026-10-01T23-20-00-007Z_9efffc24b559679a/results.csv"",""sha256"":""9efffc24b559679ade291d8da63462e5523b43ac62064e759737c3ae01418484""},""parser_version"":""germany-production-v1"",""parser_sha256"":""2a8eb3487f392ef83303e7fb9ff246e4c111a7e64a469a6aa9eb21461ae9b1a0"",""fields_covered"":[""total_seats"",""valid_second_votes""],""published_or_derived"":""published"",""columns"":[4,79]},{""source_id"":""src-de-bwl-final-archive"",""source_url"":""https://www.bundeswahlleiterin.de/dam/jcr/ce2d2b6a-f211-4355-8eea-355c98cd4e47/btw_kerg.zip"",""source_record_id"":""af1d7f449974be160ffbbcc359bee00b73fb538a279f7ded5ea99b5b13bfcfbe:btw2013_kerg.csv:340:29"",""retrieved_at"":""2026-10-01T23:21:39.584Z"",""raw_snapshot"":{""path"":""docs/political-data/raw/germany/2026-10-01T23-21-39-584Z_02e7077f9358c9ef/final-results.zip"",""sha256"":""02e7077f9358c9ef408741ee5d17123a43c28ea766b26a7ab338c08fcaeb7512""},""parser_version"":""germany-production-v1"",""parser_sha256"":""2a8eb3487f392ef83303e7fb9ff246e4c111a7e64a469a6aa9eb21461ae9b1a0"",""fields_covered"":[""derived_vote_share""],""published_or_derived"":""derived"",""formula"":""100 * second_votes / valid_second_votes"",""input_fields"":[""second_votes"",""el-de-bt-2013-09-22:valid_second_votes""]},{""source_id"":""src-de-bwl-historical-results"",""source_url"":""https://www.bundeswahlleiterin.de/dam/jcr/24d8e745-920d-431a-893a-12805bc7ef40/btw_ab49_datenbank_ergebnisse.csv"",""source_record_id"":""csv-record-166"",""retrieved_at"":""2026-10-01T23:20:00.007Z"",""raw_snapshot"":{""path"":""docs/political-data/raw/germany/2026-10-01T23-20-00-007Z_9efffc24b559679a/results.csv"",""sha256"":""9efffc24b559679ade291d8da63462e5523b43ac62064e759737c3ae01418484""},""parser_version"":""germany-production-v1"",""parser_sha256"":""2a8eb3487f392ef83303e7fb9ff246e4c111a7e64a469a6aa9eb21461ae9b1a0"",""fields_covered"":[""derived_seat_share""],""published_or_derived"":""derived"",""formula"":""100 * seats / total_seats; null remains null"",""input_fields"":[""seats"",""lg-de-bt-18:total_seats""]}]"
"er-ct-de-0080","germany","national","el-de-bt-2013-09-22","ct-de-0080","second_vote","43726856","631","3755699","8.6","8.588998486422167","64","10.142630744849445","final","[{""source_id"":""src-de-bwl-final-archive"",""source_url"":""https://www.bundeswahlleiterin.de/dam/jcr/ce2d2b6a-f211-4355-8eea-355c98cd4e47/btw_kerg.zip"",""source_record_id"":""af1d7f449974be160ffbbcc359bee00b73fb538a279f7ded5ea99b5b13bfcfbe:btw2013_kerg.csv:340:33"",""retrieved_at"":""2026-10-01T23:21:39.584Z"",""raw_snapshot"":{""path"":""docs/political-data/raw/germany/2026-10-01T23-21-39-584Z_02e7077f9358c9ef/final-results.zip"",""sha256"":""02e7077f9358c9ef408741ee5d17123a43c28ea766b26a7ab338c08fcaeb7512""},""parser_version"":""germany-production-v1"",""parser_sha256"":""2a8eb3487f392ef83303e7fb9ff246e4c111a7e64a469a6aa9eb21461ae9b1a0"",""fields_covered"":[""second_votes"",""registered_label_native""],""published_or_derived"":""published"",""source_member"":""btw2013_kerg.csv"",""source_member_sha256"":""af1d7f449974be160ffbbcc359bee00b73fb538a279f7ded5ea99b5b13bfcfbe"",""source_column"":33},{""source_id"":""src-de-bwl-historical-results"",""source_url"":""https://www.bundeswahlleiterin.de/dam/jcr/24d8e745-920d-431a-893a-12805bc7ef40/btw_ab49_datenbank_ergebnisse.csv"",""source_record_id"":""csv-record-201"",""retrieved_at"":""2026-10-01T23:20:00.007Z"",""raw_snapshot"":{""path"":""docs/political-data/raw/germany/2026-10-01T23-20-00-007Z_9efffc24b559679a/results.csv"",""sha256"":""9efffc24b559679ade291d8da63462e5523b43ac62064e759737c3ae01418484""},""parser_version"":""germany-production-v1"",""parser_sha256"":""2a8eb3487f392ef83303e7fb9ff246e4c111a7e64a469a6aa9eb21461ae9b1a0"",""fields_covered"":[""published_vote_share"",""seats""],""published_or_derived"":""published"",""columns"":[6,79],""compilation_label"":""Die Linke"",""alignment_basis"":""unique exact national second-vote count in the same election; not party identity""},{""source_id"":""src-de-bwl-historical-results"",""source_url"":""https://www.bundeswahlleiterin.de/dam/jcr/24d8e745-920d-431a-893a-12805bc7ef40/btw_ab49_datenbank_ergebnisse.csv"",""source_record_id"":""csv-record-89"",""retrieved_at"":""2026-10-01T23:20:00.007Z"",""raw_snapshot"":{""path"":""docs/political-data/raw/germany/2026-10-01T23-20-00-007Z_9efffc24b559679a/results.csv"",""sha256"":""9efffc24b559679ade291d8da63462e5523b43ac62064e759737c3ae01418484""},""parser_version"":""germany-production-v1"",""parser_sha256"":""2a8eb3487f392ef83303e7fb9ff246e4c111a7e64a469a6aa9eb21461ae9b1a0"",""fields_covered"":[""total_seats"",""valid_second_votes""],""published_or_derived"":""published"",""columns"":[4,79]},{""source_id"":""src-de-bwl-final-archive"",""source_url"":""https://www.bundeswahlleiterin.de/dam/jcr/ce2d2b6a-f211-4355-8eea-355c98cd4e47/btw_kerg.zip"",""source_record_id"":""af1d7f449974be160ffbbcc359bee00b73fb538a279f7ded5ea99b5b13bfcfbe:btw2013_kerg.csv:340:33"",""retrieved_at"":""2026-10-01T23:21:39.584Z"",""raw_snapshot"":{""path"":""docs/political-data/raw/germany/2026-10-01T23-21-39-584Z_02e7077f9358c9ef/final-results.zip"",""sha256"":""02e7077f9358c9ef408741ee5d17123a43c28ea766b26a7ab338c08fcaeb7512""},""parser_version"":""germany-production-v1"",""parser_sha256"":""2a8eb3487f392ef83303e7fb9ff246e4c111a7e64a469a6aa9eb21461ae9b1a0"",""fields_covered"":[""derived_vote_share""],""published_or_derived"":""derived"",""formula"":""100 * second_votes / valid_second_votes"",""input_fields"":[""second_votes"",""el-de-bt-2013-09-22:valid_second_votes""]},{""source_id"":""src-de-bwl-historical-results"",""source_url"":""https://www.bundeswahlleiterin.de/dam/jcr/24d8e745-920d-431a-893a-12805bc7ef40/btw_ab49_datenbank_ergebnisse.csv"",""source_record_id"":""csv-record-201"",""retrieved_at"":""2026-10-01T23:20:00.007Z"",""raw_snapshot"":{""path"":""docs/political-data/raw/germany/2026-10-01T23-20-00-007Z_9efffc24b559679a/results.csv"",""sha256"":""9efffc24b559679ade291d8da63462e5523b43ac62064e759737c3ae01418484""},""parser_version"":""germany-production-v1"",""parser_sha256"":""2a8eb3487f392ef83303e7fb9ff246e4c111a7e64a469a6aa9eb21461ae9b1a0"",""fields_covered"":[""derived_seat_share""],""published_or_derived"":""derived"",""formula"":""100 * seats / total_seats; null remains null"",""input_fields"":[""seats"",""lg-de-bt-18:total_seats""]}]"
"er-ct-de-0081","germany","national","el-de-bt-2013-09-22","ct-de-0081","second_vote","43726856","631","3694057","8.4","8.448027912182846","63","9.984152139461173","final","[{""source_id"":""src-de-bwl-final-archive"",""source_url"":""https://www.bundeswahlleiterin.de/dam/jcr/ce2d2b6a-f211-4355-8eea-355c98cd4e47/btw_kerg.zip"",""source_record_id"":""af1d7f449974be160ffbbcc359bee00b73fb538a279f7ded5ea99b5b13bfcfbe:btw2013_kerg.csv:340:37"",""retrieved_at"":""2026-10-01T23:21:39.584Z"",""raw_snapshot"":{""path"":""docs/political-data/raw/germany/2026-10-01T23-21-39-584Z_02e7077f9358c9ef/final-results.zip"",""sha256"":""02e7077f9358c9ef408741ee5d17123a43c28ea766b26a7ab338c08fcaeb7512""},""parser_version"":""germany-production-v1"",""parser_sha256"":""2a8eb3487f392ef83303e7fb9ff246e4c111a7e64a469a6aa9eb21461ae9b1a0"",""fields_covered"":[""second_votes"",""registered_label_native""],""published_or_derived"":""published"",""source_member"":""btw2013_kerg.csv"",""source_member_sha256"":""af1d7f449974be160ffbbcc359bee00b73fb538a279f7ded5ea99b5b13bfcfbe"",""source_column"":37},{""source_id"":""src-de-bwl-historical-results"",""source_url"":""https://www.bundeswahlleiterin.de/dam/jcr/24d8e745-920d-431a-893a-12805bc7ef40/btw_ab49_datenbank_ergebnisse.csv"",""source_record_id"":""csv-record-145"",""retrieved_at"":""2026-10-01T23:20:00.007Z"",""raw_snapshot"":{""path"":""docs/political-data/raw/germany/2026-10-01T23-20-00-007Z_9efffc24b559679a/results.csv"",""sha256"":""9efffc24b559679ade291d8da63462e5523b43ac62064e759737c3ae01418484""},""parser_version"":""germany-production-v1"",""parser_sha256"":""2a8eb3487f392ef83303e7fb9ff246e4c111a7e64a469a6aa9eb21461ae9b1a0"",""fields_covered"":[""published_vote_share"",""seats""],""published_or_derived"":""published"",""columns"":[6,79],""compilation_label"":""GRÜNE"",""alignment_basis"":""unique exact national second-vote count in the same election; not party identity""},{""source_id"":""src-de-bwl-historical-results"",""source_url"":""https://www.bundeswahlleiterin.de/dam/jcr/24d8e745-920d-431a-893a-12805bc7ef40/btw_ab49_datenbank_ergebnisse.csv"",""source_record_id"":""csv-record-89"",""retrieved_at"":""2026-10-01T23:20:00.007Z"",""raw_snapshot"":{""path"":""docs/political-data/raw/germany/2026-10-01T23-20-00-007Z_9efffc24b559679a/results.csv"",""sha256"":""9efffc24b559679ade291d8da63462e5523b43ac62064e759737c3ae01418484""},""parser_version"":""germany-production-v1"",""parser_sha256"":""2a8eb3487f392ef83303e7fb9ff246e4c111a7e64a469a6aa9eb21461ae9b1a0"",""fields_covered"":[""total_seats"",""valid_second_votes""],""published_or_derived"":""published"",""columns"":[4,79]},{""source_id"":""src-de-bwl-final-archive"",""source_url"":""https://www.bundeswahlleiterin.de/dam/jcr/ce2d2b6a-f211-4355-8eea-355c98cd4e47/btw_kerg.zip"",""source_record_id"":""af1d7f449974be160ffbbcc359bee00b73fb538a279f7ded5ea99b5b13bfcfbe:btw2013_kerg.csv:340:37"",""retrieved_at"":""2026-10-01T23:21:39.584Z"",""raw_snapshot"":{""path"":""docs/political-data/raw/germany/2026-10-01T23-21-39-584Z_02e7077f9358c9ef/final-results.zip"",""sha256"":""02e7077f9358c9ef408741ee5d17123a43c28ea766b26a7ab338c08fcaeb7512""},""parser_version"":""germany-production-v1"",""parser_sha256"":""2a8eb3487f392ef83303e7fb9ff246e4c111a7e64a469a6aa9eb21461ae9b1a0"",""fields_covered"":[""derived_vote_share""],""published_or_derived"":""derived"",""formula"":""100 * second_votes / valid_second_votes"",""input_fields"":[""second_votes"",""el-de-bt-2013-09-22:valid_second_votes""]},{""source_id"":""src-de-bwl-historical-results"",""source_url"":""https://www.bundeswahlleiterin.de/dam/jcr/24d8e745-920d-431a-893a-12805bc7ef40/btw_ab49_datenbank_ergebnisse.csv"",""source_record_id"":""csv-record-145"",""retrieved_at"":""2026-10-01T23:20:00.007Z"",""raw_snapshot"":{""path"":""docs/political-data/raw/germany/2026-10-01T23-20-00-007Z_9efffc24b559679a/results.csv"",""sha256"":""9efffc24b559679ade291d8da63462e5523b43ac62064e759737c3ae01418484""},""parser_version"":""germany-production-v1"",""parser_sha256"":""2a8eb3487f392ef83303e7fb9ff246e4c111a7e64a469a6aa9eb21461ae9b1a0"",""fields_covered"":[""derived_seat_share""],""published_or_derived"":""derived"",""formula"":""100 * seats / total_seats; null remains null"",""input_fields"":[""seats"",""lg-de-bt-18:total_seats""]}]"
"er-ct-de-0082","germany","national","el-de-bt-2013-09-22","ct-de-0082","second_vote","43726856","631","3243569","7.4","7.417796056501295","56","8.874801901743265","final","[{""source_id"":""src-de-bwl-final-archive"",""source_url"":""https://www.bundeswahlleiterin.de/dam/jcr/ce2d2b6a-f211-4355-8eea-355c98cd4e47/btw_kerg.zip"",""source_record_id"":""af1d7f449974be160ffbbcc359bee00b73fb538a279f7ded5ea99b5b13bfcfbe:btw2013_kerg.csv:340:41"",""retrieved_at"":""2026-10-01T23:21:39.584Z"",""raw_snapshot"":{""path"":""docs/political-data/raw/germany/2026-10-01T23-21-39-584Z_02e7077f9358c9ef/final-results.zip"",""sha256"":""02e7077f9358c9ef408741ee5d17123a43c28ea766b26a7ab338c08fcaeb7512""},""parser_version"":""germany-production-v1"",""parser_sha256"":""2a8eb3487f392ef83303e7fb9ff246e4c111a7e64a469a6aa9eb21461ae9b1a0"",""fields_covered"":[""second_votes"",""registered_label_native""],""published_or_derived"":""published"",""source_member"":""btw2013_kerg.csv"",""source_member_sha256"":""af1d7f449974be160ffbbcc359bee00b73fb538a279f7ded5ea99b5b13bfcfbe"",""source_column"":41},{""source_id"":""src-de-bwl-historical-results"",""source_url"":""https://www.bundeswahlleiterin.de/dam/jcr/24d8e745-920d-431a-893a-12805bc7ef40/btw_ab49_datenbank_ergebnisse.csv"",""source_record_id"":""csv-record-191"",""retrieved_at"":""2026-10-01T23:20:00.007Z"",""raw_snapshot"":{""path"":""docs/political-data/raw/germany/2026-10-01T23-20-00-007Z_9efffc24b559679a/results.csv"",""sha256"":""9efffc24b559679ade291d8da63462e5523b43ac62064e759737c3ae01418484""},""parser_version"":""germany-production-v1"",""parser_sha256"":""2a8eb3487f392ef83303e7fb9ff246e4c111a7e64a469a6aa9eb21461ae9b1a0"",""fields_covered"":[""published_vote_share"",""seats""],""published_or_derived"":""published"",""columns"":[6,79],""compilation_label"":""CSU"",""alignment_basis"":""unique exact national second-vote count in the same election; not party identity""},{""source_id"":""src-de-bwl-historical-results"",""source_url"":""https://www.bundeswahlleiterin.de/dam/jcr/24d8e745-920d-431a-893a-12805bc7ef40/btw_ab49_datenbank_ergebnisse.csv"",""source_record_id"":""csv-record-89"",""retrieved_at"":""2026-10-01T23:20:00.007Z"",""raw_snapshot"":{""path"":""docs/political-data/raw/germany/2026-10-01T23-20-00-007Z_9efffc24b559679a/results.csv"",""sha256"":""9efffc24b559679ade291d8da63462e5523b43ac62064e759737c3ae01418484""},""parser_version"":""germany-production-v1"",""parser_sha256"":""2a8eb3487f392ef83303e7fb9ff246e4c111a7e64a469a6aa9eb21461ae9b1a0"",""fields_covered"":[""total_seats"",""valid_second_votes""],""published_or_derived"":""published"",""columns"":[4,79]},{""source_id"":""src-de-bwl-final-archive"",""source_url"":""https://www.bundeswahlleiterin.de/dam/jcr/ce2d2b6a-f211-4355-8eea-355c98cd4e47/btw_kerg.zip"",""source_record_id"":""af1d7f449974be160ffbbcc359bee00b73fb538a279f7ded5ea99b5b13bfcfbe:btw2013_kerg.csv:340:41"",""retrieved_at"":""2026-10-01T23:21:39.584Z"",""raw_snapshot"":{""path"":""docs/political-data/raw/germany/2026-10-01T23-21-39-584Z_02e7077f9358c9ef/final-results.zip"",""sha256"":""02e7077f9358c9ef408741ee5d17123a43c28ea766b26a7ab338c08fcaeb7512""},""parser_version"":""germany-production-v1"",""parser_sha256"":""2a8eb3487f392ef83303e7fb9ff246e4c111a7e64a469a6aa9eb21461ae9b1a0"",""fields_covered"":[""derived_vote_share""],""published_or_derived"":""derived"",""formula"":""100 * second_votes / valid_second_votes"",""input_fields"":[""second_votes"",""el-de-bt-2013-09-22:valid_second_votes""]},{""source_id"":""src-de-bwl-historical-results"",""source_url"":""https://www.bundeswahlleiterin.de/dam/jcr/24d8e745-920d-431a-893a-12805bc7ef40/btw_ab49_datenbank_ergebnisse.csv"",""source_record_id"":""csv-record-191"",""retrieved_at"":""2026-10-01T23:20:00.007Z"",""raw_snapshot"":{""path"":""docs/political-data/raw/germany/2026-10-01T23-20-00-007Z_9efffc24b559679a/results.csv"",""sha256"":""9efffc24b559679ade291d8da63462e5523b43ac62064e759737c3ae01418484""},""parser_version"":""germany-production-v1"",""parser_sha256"":""2a8eb3487f392ef83303e7fb9ff246e4c111a7e64a469a6aa9eb21461ae9b1a0"",""fields_covered"":[""derived_seat_share""],""published_or_derived"":""derived"",""formula"":""100 * seats / total_seats; null remains null"",""input_fields"":[""seats"",""lg-de-bt-18:total_seats""]}]"
"er-ct-de-0083","germany","national","el-de-bt-2013-09-22","ct-de-0083","second_vote","43726856","631","959177","2.2","2.1935649798375625",,,"final","[{""source_id"":""src-de-bwl-final-archive"",""source_url"":""https://www.bundeswahlleiterin.de/dam/jcr/ce2d2b6a-f211-4355-8eea-355c98cd4e47/btw_kerg.zip"",""source_record_id"":""af1d7f449974be160ffbbcc359bee00b73fb538a279f7ded5ea99b5b13bfcfbe:btw2013_kerg.csv:340:45"",""retrieved_at"":""2026-10-01T23:21:39.584Z"",""raw_snapshot"":{""path"":""docs/political-data/raw/germany/2026-10-01T23-21-39-584Z_02e7077f9358c9ef/final-results.zip"",""sha256"":""02e7077f9358c9ef408741ee5d17123a43c28ea766b26a7ab338c08fcaeb7512""},""parser_version"":""germany-production-v1"",""parser_sha256"":""2a8eb3487f392ef83303e7fb9ff246e4c111a7e64a469a6aa9eb21461ae9b1a0"",""fields_covered"":[""second_votes"",""registered_label_native""],""published_or_derived"":""published"",""source_member"":""btw2013_kerg.csv"",""source_member_sha256"":""af1d7f449974be160ffbbcc359bee00b73fb538a279f7ded5ea99b5b13bfcfbe"",""source_column"":45},{""source_id"":""src-de-bwl-historical-results"",""source_url"":""https://www.bundeswahlleiterin.de/dam/jcr/24d8e745-920d-431a-893a-12805bc7ef40/btw_ab49_datenbank_ergebnisse.csv"",""source_record_id"":""csv-record-485"",""retrieved_at"":""2026-10-01T23:20:00.007Z"",""raw_snapshot"":{""path"":""docs/political-data/raw/germany/2026-10-01T23-20-00-007Z_9efffc24b559679a/results.csv"",""sha256"":""9efffc24b559679ade291d8da63462e5523b43ac62064e759737c3ae01418484""},""parser_version"":""germany-production-v1"",""parser_sha256"":""2a8eb3487f392ef83303e7fb9ff246e4c111a7e64a469a6aa9eb21461ae9b1a0"",""fields_covered"":[""published_vote_share"",""seats""],""published_or_derived"":""published"",""columns"":[6,79],""compilation_label"":""PIRATEN"",""alignment_basis"":""unique exact national second-vote count in the same election; not party identity""},{""source_id"":""src-de-bwl-historical-results"",""source_url"":""https://www.bundeswahlleiterin.de/dam/jcr/24d8e745-920d-431a-893a-12805bc7ef40/btw_ab49_datenbank_ergebnisse.csv"",""source_record_id"":""csv-record-89"",""retrieved_at"":""2026-10-01T23:20:00.007Z"",""raw_snapshot"":{""path"":""docs/political-data/raw/germany/2026-10-01T23-20-00-007Z_9efffc24b559679a/results.csv"",""sha256"":""9efffc24b559679ade291d8da63462e5523b43ac62064e759737c3ae01418484""},""parser_version"":""germany-production-v1"",""parser_sha256"":""2a8eb3487f392ef83303e7fb9ff246e4c111a7e64a469a6aa9eb21461ae9b1a0"",""fields_covered"":[""total_seats"",""valid_second_votes""],""published_or_derived"":""published"",""columns"":[4,79]},{""source_id"":""src-de-bwl-final-archive"",""source_url"":""https://www.bundeswahlleiterin.de/dam/jcr/ce2d2b6a-f211-4355-8eea-355c98cd4e47/btw_kerg.zip"",""source_record_id"":""af1d7f449974be160ffbbcc359bee00b73fb538a279f7ded5ea99b5b13bfcfbe:btw2013_kerg.csv:340:45"",""retrieved_at"":""2026-10-01T23:21:39.584Z"",""raw_snapshot"":{""path"":""docs/political-data/raw/germany/2026-10-01T23-21-39-584Z_02e7077f9358c9ef/final-results.zip"",""sha256"":""02e7077f9358c9ef408741ee5d17123a43c28ea766b26a7ab338c08fcaeb7512""},""parser_version"":""germany-production-v1"",""parser_sha256"":""2a8eb3487f392ef83303e7fb9ff246e4c111a7e64a469a6aa9eb21461ae9b1a0"",""fields_covered"":[""derived_vote_share""],""published_or_derived"":""derived"",""formula"":""100 * second_votes / valid_second_votes"",""input_fields"":[""second_votes"",""el-de-bt-2013-09-22:valid_second_votes""]},{""source_id"":""src-de-bwl-historical-results"",""source_url"":""https://www.bundeswahlleiterin.de/dam/jcr/24d8e745-920d-431a-893a-12805bc7ef40/btw_ab49_datenbank_ergebnisse.csv"",""source_record_id"":""csv-record-485"",""retrieved_at"":""2026-10-01T23:20:00.007Z"",""raw_snapshot"":{""path"":""docs/political-data/raw/germany/2026-10-01T23-20-00-007Z_9efffc24b559679a/results.csv"",""sha256"":""9efffc24b559679ade291d8da63462e5523b43ac62064e759737c3ae01418484""},""parser_version"":""germany-production-v1"",""parser_sha256"":""2a8eb3487f392ef83303e7fb9ff246e4c111a7e64a469a6aa9eb21461ae9b1a0"",""fields_covered"":[""derived_seat_share""],""published_or_derived"":""derived"",""formula"":""100 * seats / total_seats; null remains null"",""input_fields"":[""seats"",""lg-de-bt-18:total_seats""]}]"
"er-ct-de-0084","germany","national","el-de-bt-2013-09-22","ct-de-0084","second_vote","43726856","631","560828","1.3","1.2825710588476793",,,"final","[{""source_id"":""src-de-bwl-final-archive"",""source_url"":""https://www.bundeswahlleiterin.de/dam/jcr/ce2d2b6a-f211-4355-8eea-355c98cd4e47/btw_kerg.zip"",""source_record_id"":""af1d7f449974be160ffbbcc359bee00b73fb538a279f7ded5ea99b5b13bfcfbe:btw2013_kerg.csv:340:49"",""retrieved_at"":""2026-10-01T23:21:39.584Z"",""raw_snapshot"":{""path"":""docs/political-data/raw/germany/2026-10-01T23-21-39-584Z_02e7077f9358c9ef/final-results.zip"",""sha256"":""02e7077f9358c9ef408741ee5d17123a43c28ea766b26a7ab338c08fcaeb7512""},""parser_version"":""germany-production-v1"",""parser_sha256"":""2a8eb3487f392ef83303e7fb9ff246e4c111a7e64a469a6aa9eb21461ae9b1a0"",""fields_covered"":[""second_votes"",""registered_label_native""],""published_or_derived"":""published"",""source_member"":""btw2013_kerg.csv"",""source_member_sha256"":""af1d7f449974be160ffbbcc359bee00b73fb538a279f7ded5ea99b5b13bfcfbe"",""source_column"":49},{""source_id"":""src-de-bwl-historical-results"",""source_url"":""https://www.bundeswahlleiterin.de/dam/jcr/24d8e745-920d-431a-893a-12805bc7ef40/btw_ab49_datenbank_ergebnisse.csv"",""source_record_id"":""csv-record-400"",""retrieved_at"":""2026-10-01T23:20:00.007Z"",""raw_snapshot"":{""path"":""docs/political-data/raw/germany/2026-10-01T23-20-00-007Z_9efffc24b559679a/results.csv"",""sha256"":""9efffc24b559679ade291d8da63462e5523b43ac62064e759737c3ae01418484""},""parser_version"":""germany-production-v1"",""parser_sha256"":""2a8eb3487f392ef83303e7fb9ff246e4c111a7e64a469a6aa9eb21461ae9b1a0"",""fields_covered"":[""published_vote_share"",""seats""],""published_or_derived"":""published"",""columns"":[6,79],""compilation_label"":""HEIMAT"",""alignment_basis"":""unique exact national second-vote count in the same election; not party identity""},{""source_id"":""src-de-bwl-historical-results"",""source_url"":""https://www.bundeswahlleiterin.de/dam/jcr/24d8e745-920d-431a-893a-12805bc7ef40/btw_ab49_datenbank_ergebnisse.csv"",""source_record_id"":""csv-record-89"",""retrieved_at"":""2026-10-01T23:20:00.007Z"",""raw_snapshot"":{""path"":""docs/political-data/raw/germany/2026-10-01T23-20-00-007Z_9efffc24b559679a/results.csv"",""sha256"":""9efffc24b559679ade291d8da63462e5523b43ac62064e759737c3ae01418484""},""parser_version"":""germany-production-v1"",""parser_sha256"":""2a8eb3487f392ef83303e7fb9ff246e4c111a7e64a469a6aa9eb21461ae9b1a0"",""fields_covered"":[""total_seats"",""valid_second_votes""],""published_or_derived"":""published"",""columns"":[4,79]},{""source_id"":""src-de-bwl-final-archive"",""source_url"":""https://www.bundeswahlleiterin.de/dam/jcr/ce2d2b6a-f211-4355-8eea-355c98cd4e47/btw_kerg.zip"",""source_record_id"":""af1d7f449974be160ffbbcc359bee00b73fb538a279f7ded5ea99b5b13bfcfbe:btw2013_kerg.csv:340:49"",""retrieved_at"":""2026-10-01T23:21:39.584Z"",""raw_snapshot"":{""path"":""docs/political-data/raw/germany/2026-10-01T23-21-39-584Z_02e7077f9358c9ef/final-results.zip"",""sha256"":""02e7077f9358c9ef408741ee5d17123a43c28ea766b26a7ab338c08fcaeb7512""},""parser_version"":""germany-production-v1"",""parser_sha256"":""2a8eb3487f392ef83303e7fb9ff246e4c111a7e64a469a6aa9eb21461ae9b1a0"",""fields_covered"":[""derived_vote_share""],""published_or_derived"":""derived"",""formula"":""100 * second_votes / valid_second_votes"",""input_fields"":[""second_votes"",""el-de-bt-2013-09-22:valid_second_votes""]},{""source_id"":""src-de-bwl-historical-results"",""source_url"":""https://www.bundeswahlleiterin.de/dam/jcr/24d8e745-920d-431a-893a-12805bc7ef40/btw_ab49_datenbank_ergebnisse.csv"",""source_record_id"":""csv-record-400"",""retrieved_at"":""2026-10-01T23:20:00.007Z"",""raw_snapshot"":{""path"":""docs/political-data/raw/germany/2026-10-01T23-20-00-007Z_9efffc24b559679a/results.csv"",""sha256"":""9efffc24b559679ade291d8da63462e5523b43ac62064e759737c3ae01418484""},""parser_version"":""germany-production-v1"",""parser_sha256"":""2a8eb3487f392ef83303e7fb9ff246e4c111a7e64a469a6aa9eb21461ae9b1a0"",""fields_covered"":[""derived_seat_share""],""published_or_derived"":""derived"",""formula"":""100 * seats / total_seats; null remains null"",""input_fields"":[""seats"",""lg-de-bt-18:total_seats""]}]"
"er-ct-de-0085","germany","national","el-de-bt-2013-09-22","ct-de-0085","second_vote","43726856","631","140366","0.3","0.3210063856408977",,,"final","[{""source_id"":""src-de-bwl-final-archive"",""source_url"":""https://www.bundeswahlleiterin.de/dam/jcr/ce2d2b6a-f211-4355-8eea-355c98cd4e47/btw_kerg.zip"",""source_record_id"":""af1d7f449974be160ffbbcc359bee00b73fb538a279f7ded5ea99b5b13bfcfbe:btw2013_kerg.csv:340:53"",""retrieved_at"":""2026-10-01T23:21:39.584Z"",""raw_snapshot"":{""path"":""docs/political-data/raw/germany/2026-10-01T23-21-39-584Z_02e7077f9358c9ef/final-results.zip"",""sha256"":""02e7077f9358c9ef408741ee5d17123a43c28ea766b26a7ab338c08fcaeb7512""},""parser_version"":""germany-production-v1"",""parser_sha256"":""2a8eb3487f392ef83303e7fb9ff246e4c111a7e64a469a6aa9eb21461ae9b1a0"",""fields_covered"":[""second_votes"",""registered_label_native""],""published_or_derived"":""published"",""source_member"":""btw2013_kerg.csv"",""source_member_sha256"":""af1d7f449974be160ffbbcc359bee00b73fb538a279f7ded5ea99b5b13bfcfbe"",""source_column"":53},{""source_id"":""src-de-bwl-historical-results"",""source_url"":""https://www.bundeswahlleiterin.de/dam/jcr/24d8e745-920d-431a-893a-12805bc7ef40/btw_ab49_datenbank_ergebnisse.csv"",""source_record_id"":""csv-record-536"",""retrieved_at"":""2026-10-01T23:20:00.007Z"",""raw_snapshot"":{""path"":""docs/political-data/raw/germany/2026-10-01T23-20-00-007Z_9efffc24b559679a/results.csv"",""sha256"":""9efffc24b559679ade291d8da63462e5523b43ac62064e759737c3ae01418484""},""parser_version"":""germany-production-v1"",""parser_sha256"":""2a8eb3487f392ef83303e7fb9ff246e4c111a7e64a469a6aa9eb21461ae9b1a0"",""fields_covered"":[""published_vote_share"",""seats""],""published_or_derived"":""published"",""columns"":[6,79],""compilation_label"":""Tierschutzpartei"",""alignment_basis"":""unique exact national second-vote count in the same election; not party identity""},{""source_id"":""src-de-bwl-historical-results"",""source_url"":""https://www.bundeswahlleiterin.de/dam/jcr/24d8e745-920d-431a-893a-12805bc7ef40/btw_ab49_datenbank_ergebnisse.csv"",""source_record_id"":""csv-record-89"",""retrieved_at"":""2026-10-01T23:20:00.007Z"",""raw_snapshot"":{""path"":""docs/political-data/raw/germany/2026-10-01T23-20-00-007Z_9efffc24b559679a/results.csv"",""sha256"":""9efffc24b559679ade291d8da63462e5523b43ac62064e759737c3ae01418484""},""parser_version"":""germany-production-v1"",""parser_sha256"":""2a8eb3487f392ef83303e7fb9ff246e4c111a7e64a469a6aa9eb21461ae9b1a0"",""fields_covered"":[""total_seats"",""valid_second_votes""],""published_or_derived"":""published"",""columns"":[4,79]},{""source_id"":""src-de-bwl-final-archive"",""source_url"":""https://www.bundeswahlleiterin.de/dam/jcr/ce2d2b6a-f211-4355-8eea-355c98cd4e47/btw_kerg.zip"",""source_record_id"":""af1d7f449974be160ffbbcc359bee00b73fb538a279f7ded5ea99b5b13bfcfbe:btw2013_kerg.csv:340:53"",""retrieved_at"":""2026-10-01T23:21:39.584Z"",""raw_snapshot"":{""path"":""docs/political-data/raw/germany/2026-10-01T23-21-39-584Z_02e7077f9358c9ef/final-results.zip"",""sha256"":""02e7077f9358c9ef408741ee5d17123a43c28ea766b26a7ab338c08fcaeb7512""},""parser_version"":""germany-production-v1"",""parser_sha256"":""2a8eb3487f392ef83303e7fb9ff246e4c111a7e64a469a6aa9eb21461ae9b1a0"",""fields_covered"":[""derived_vote_share""],""published_or_derived"":""derived"",""formula"":""100 * second_votes / valid_second_votes"",""input_fields"":[""second_votes"",""el-de-bt-2013-09-22:valid_second_votes""]},{""source_id"":""src-de-bwl-historical-results"",""source_url"":""https://www.bundeswahlleiterin.de/dam/jcr/24d8e745-920d-431a-893a-12805bc7ef40/btw_ab49_datenbank_ergebnisse.csv"",""source_record_id"":""csv-record-536"",""retrieved_at"":""2026-10-01T23:20:00.007Z"",""raw_snapshot"":{""path"":""docs/political-data/raw/germany/2026-10-01T23-20-00-007Z_9efffc24b559679a/results.csv"",""sha256"":""9efffc24b559679ade291d8da63462e5523b43ac62064e759737c3ae01418484""},""parser_version"":""germany-production-v1"",""parser_sha256"":""2a8eb3487f392ef83303e7fb9ff246e4c111a7e64a469a6aa9eb21461ae9b1a0"",""fields_covered"":[""derived_seat_share""],""published_or_derived"":""derived"",""formula"":""100 * seats / total_seats; null remains null"",""input_fields"":[""seats"",""lg-de-bt-18:total_seats""]}]"
"er-ct-de-0086","germany","national","el-de-bt-2013-09-22","ct-de-0086","second_vote","43726856","631","91193","0.2","0.20855146777531866",,,"final","[{""source_id"":""src-de-bwl-final-archive"",""source_url"":""https://www.bundeswahlleiterin.de/dam/jcr/ce2d2b6a-f211-4355-8eea-355c98cd4e47/btw_kerg.zip"",""source_record_id"":""af1d7f449974be160ffbbcc359bee00b73fb538a279f7ded5ea99b5b13bfcfbe:btw2013_kerg.csv:340:57"",""retrieved_at"":""2026-10-01T23:21:39.584Z"",""raw_snapshot"":{""path"":""docs/political-data/raw/germany/2026-10-01T23-21-39-584Z_02e7077f9358c9ef/final-results.zip"",""sha256"":""02e7077f9358c9ef408741ee5d17123a43c28ea766b26a7ab338c08fcaeb7512""},""parser_version"":""germany-production-v1"",""parser_sha256"":""2a8eb3487f392ef83303e7fb9ff246e4c111a7e64a469a6aa9eb21461ae9b1a0"",""fields_covered"":[""second_votes"",""registered_label_native""],""published_or_derived"":""published"",""source_member"":""btw2013_kerg.csv"",""source_member_sha256"":""af1d7f449974be160ffbbcc359bee00b73fb538a279f7ded5ea99b5b13bfcfbe"",""source_column"":57},{""source_id"":""src-de-bwl-historical-results"",""source_url"":""https://www.bundeswahlleiterin.de/dam/jcr/24d8e745-920d-431a-893a-12805bc7ef40/btw_ab49_datenbank_ergebnisse.csv"",""source_record_id"":""csv-record-501"",""retrieved_at"":""2026-10-01T23:20:00.007Z"",""raw_snapshot"":{""path"":""docs/political-data/raw/germany/2026-10-01T23-20-00-007Z_9efffc24b559679a/results.csv"",""sha256"":""9efffc24b559679ade291d8da63462e5523b43ac62064e759737c3ae01418484""},""parser_version"":""germany-production-v1"",""parser_sha256"":""2a8eb3487f392ef83303e7fb9ff246e4c111a7e64a469a6aa9eb21461ae9b1a0"",""fields_covered"":[""published_vote_share"",""seats""],""published_or_derived"":""published"",""columns"":[6,79],""compilation_label"":""REP"",""alignment_basis"":""unique exact national second-vote count in the same election; not party identity""},{""source_id"":""src-de-bwl-historical-results"",""source_url"":""https://www.bundeswahlleiterin.de/dam/jcr/24d8e745-920d-431a-893a-12805bc7ef40/btw_ab49_datenbank_ergebnisse.csv"",""source_record_id"":""csv-record-89"",""retrieved_at"":""2026-10-01T23:20:00.007Z"",""raw_snapshot"":{""path"":""docs/political-data/raw/germany/2026-10-01T23-20-00-007Z_9efffc24b559679a/results.csv"",""sha256"":""9efffc24b559679ade291d8da63462e5523b43ac62064e759737c3ae01418484""},""parser_version"":""germany-production-v1"",""parser_sha256"":""2a8eb3487f392ef83303e7fb9ff246e4c111a7e64a469a6aa9eb21461ae9b1a0"",""fields_covered"":[""total_seats"",""valid_second_votes""],""published_or_derived"":""published"",""columns"":[4,79]},{""source_id"":""src-de-bwl-final-archive"",""source_url"":""https://www.bundeswahlleiterin.de/dam/jcr/ce2d2b6a-f211-4355-8eea-355c98cd4e47/btw_kerg.zip"",""source_record_id"":""af1d7f449974be160ffbbcc359bee00b73fb538a279f7ded5ea99b5b13bfcfbe:btw2013_kerg.csv:340:57"",""retrieved_at"":""2026-10-01T23:21:39.584Z"",""raw_snapshot"":{""path"":""docs/political-data/raw/germany/2026-10-01T23-21-39-584Z_02e7077f9358c9ef/final-results.zip"",""sha256"":""02e7077f9358c9ef408741ee5d17123a43c28ea766b26a7ab338c08fcaeb7512""},""parser_version"":""germany-production-v1"",""parser_sha256"":""2a8eb3487f392ef83303e7fb9ff246e4c111a7e64a469a6aa9eb21461ae9b1a0"",""fields_covered"":[""derived_vote_share""],""published_or_derived"":""derived"",""formula"":""100 * second_votes / valid_second_votes"",""input_fields"":[""second_votes"",""el-de-bt-2013-09-22:valid_second_votes""]},{""source_id"":""src-de-bwl-historical-results"",""source_url"":""https://www.bundeswahlleiterin.de/dam/jcr/24d8e745-920d-431a-893a-12805bc7ef40/btw_ab49_datenbank_ergebnisse.csv"",""source_record_id"":""csv-record-501"",""retrieved_at"":""2026-10-01T23:20:00.007Z"",""raw_snapshot"":{""path"":""docs/political-data/raw/germany/2026-10-01T23-20-00-007Z_9efffc24b559679a/results.csv"",""sha256"":""9efffc24b559679ade291d8da63462e5523b43ac62064e759737c3ae01418484""},""parser_version"":""germany-production-v1"",""parser_sha256"":""2a8eb3487f392ef83303e7fb9ff246e4c111a7e64a469a6aa9eb21461ae9b1a0"",""fields_covered"":[""derived_seat_share""],""published_or_derived"":""derived"",""formula"":""100 * seats / total_seats; null remains null"",""input_fields"":[""seats"",""lg-de-bt-18:total_seats""]}]"
"er-ct-de-0087","germany","national","el-de-bt-2013-09-22","ct-de-0087","second_vote","43726856","631","127088","0.3","0.29064060768512606",,,"final","[{""source_id"":""src-de-bwl-final-archive"",""source_url"":""https://www.bundeswahlleiterin.de/dam/jcr/ce2d2b6a-f211-4355-8eea-355c98cd4e47/btw_kerg.zip"",""source_record_id"":""af1d7f449974be160ffbbcc359bee00b73fb538a279f7ded5ea99b5b13bfcfbe:btw2013_kerg.csv:340:61"",""retrieved_at"":""2026-10-01T23:21:39.584Z"",""raw_snapshot"":{""path"":""docs/political-data/raw/germany/2026-10-01T23-21-39-584Z_02e7077f9358c9ef/final-results.zip"",""sha256"":""02e7077f9358c9ef408741ee5d17123a43c28ea766b26a7ab338c08fcaeb7512""},""parser_version"":""germany-production-v1"",""parser_sha256"":""2a8eb3487f392ef83303e7fb9ff246e4c111a7e64a469a6aa9eb21461ae9b1a0"",""fields_covered"":[""second_votes"",""registered_label_native""],""published_or_derived"":""published"",""source_member"":""btw2013_kerg.csv"",""source_member_sha256"":""af1d7f449974be160ffbbcc359bee00b73fb538a279f7ded5ea99b5b13bfcfbe"",""source_column"":61},{""source_id"":""src-de-bwl-historical-results"",""source_url"":""https://www.bundeswahlleiterin.de/dam/jcr/24d8e745-920d-431a-893a-12805bc7ef40/btw_ab49_datenbank_ergebnisse.csv"",""source_record_id"":""csv-record-459"",""retrieved_at"":""2026-10-01T23:20:00.007Z"",""raw_snapshot"":{""path"":""docs/political-data/raw/germany/2026-10-01T23-20-00-007Z_9efffc24b559679a/results.csv"",""sha256"":""9efffc24b559679ade291d8da63462e5523b43ac62064e759737c3ae01418484""},""parser_version"":""germany-production-v1"",""parser_sha256"":""2a8eb3487f392ef83303e7fb9ff246e4c111a7e64a469a6aa9eb21461ae9b1a0"",""fields_covered"":[""published_vote_share"",""seats""],""published_or_derived"":""published"",""columns"":[6,79],""compilation_label"":""ÖDP"",""alignment_basis"":""unique exact national second-vote count in the same election; not party identity""},{""source_id"":""src-de-bwl-historical-results"",""source_url"":""https://www.bundeswahlleiterin.de/dam/jcr/24d8e745-920d-431a-893a-12805bc7ef40/btw_ab49_datenbank_ergebnisse.csv"",""source_record_id"":""csv-record-89"",""retrieved_at"":""2026-10-01T23:20:00.007Z"",""raw_snapshot"":{""path"":""docs/political-data/raw/germany/2026-10-01T23-20-00-007Z_9efffc24b559679a/results.csv"",""sha256"":""9efffc24b559679ade291d8da63462e5523b43ac62064e759737c3ae01418484""},""parser_version"":""germany-production-v1"",""parser_sha256"":""2a8eb3487f392ef83303e7fb9ff246e4c111a7e64a469a6aa9eb21461ae9b1a0"",""fields_covered"":[""total_seats"",""valid_second_votes""],""published_or_derived"":""published"",""columns"":[4,79]},{""source_id"":""src-de-bwl-final-archive"",""source_url"":""https://www.bundeswahlleiterin.de/dam/jcr/ce2d2b6a-f211-4355-8eea-355c98cd4e47/btw_kerg.zip"",""source_record_id"":""af1d7f449974be160ffbbcc359bee00b73fb538a279f7ded5ea99b5b13bfcfbe:btw2013_kerg.csv:340:61"",""retrieved_at"":""2026-10-01T23:21:39.584Z"",""raw_snapshot"":{""path"":""docs/political-data/raw/germany/2026-10-01T23-21-39-584Z_02e7077f9358c9ef/final-results.zip"",""sha256"":""02e7077f9358c9ef408741ee5d17123a43c28ea766b26a7ab338c08fcaeb7512""},""parser_version"":""germany-production-v1"",""parser_sha256"":""2a8eb3487f392ef83303e7fb9ff246e4c111a7e64a469a6aa9eb21461ae9b1a0"",""fields_covered"":[""derived_vote_share""],""published_or_derived"":""derived"",""formula"":""100 * second_votes / valid_second_votes"",""input_fields"":[""second_votes"",""el-de-bt-2013-09-22:valid_second_votes""]},{""source_id"":""src-de-bwl-historical-results"",""source_url"":""https://www.bundeswahlleiterin.de/dam/jcr/24d8e745-920d-431a-893a-12805bc7ef40/btw_ab49_datenbank_ergebnisse.csv"",""source_record_id"":""csv-record-459"",""retrieved_at"":""2026-10-01T23:20:00.007Z"",""raw_snapshot"":{""path"":""docs/political-data/raw/germany/2026-10-01T23-20-00-007Z_9efffc24b559679a/results.csv"",""sha256"":""9efffc24b559679ade291d8da63462e5523b43ac62064e759737c3ae01418484""},""parser_version"":""germany-production-v1"",""parser_sha256"":""2a8eb3487f392ef83303e7fb9ff246e4c111a7e64a469a6aa9eb21461ae9b1a0"",""fields_covered"":[""derived_seat_share""],""published_or_derived"":""derived"",""formula"":""100 * seats / total_seats; null remains null"",""input_fields"":[""seats"",""lg-de-bt-18:total_seats""]}]"
"er-ct-de-0088","germany","national","el-de-bt-2013-09-22","ct-de-0088","second_vote","43726856","631","7449","0","0.017035297483999307",,,"final","[{""source_id"":""src-de-bwl-final-archive"",""source_url"":""https://www.bundeswahlleiterin.de/dam/jcr/ce2d2b6a-f211-4355-8eea-355c98cd4e47/btw_kerg.zip"",""source_record_id"":""af1d7f449974be160ffbbcc359bee00b73fb538a279f7ded5ea99b5b13bfcfbe:btw2013_kerg.csv:340:65"",""retrieved_at"":""2026-10-01T23:21:39.584Z"",""raw_snapshot"":{""path"":""docs/political-data/raw/germany/2026-10-01T23-21-39-584Z_02e7077f9358c9ef/final-results.zip"",""sha256"":""02e7077f9358c9ef408741ee5d17123a43c28ea766b26a7ab338c08fcaeb7512""},""parser_version"":""germany-production-v1"",""parser_sha256"":""2a8eb3487f392ef83303e7fb9ff246e4c111a7e64a469a6aa9eb21461ae9b1a0"",""fields_covered"":[""second_votes"",""registered_label_native""],""published_or_derived"":""published"",""source_member"":""btw2013_kerg.csv"",""source_member_sha256"":""af1d7f449974be160ffbbcc359bee00b73fb538a279f7ded5ea99b5b13bfcfbe"",""source_column"":65},{""source_id"":""src-de-bwl-historical-results"",""source_url"":""https://www.bundeswahlleiterin.de/dam/jcr/24d8e745-920d-431a-893a-12805bc7ef40/btw_ab49_datenbank_ergebnisse.csv"",""source_record_id"":""csv-record-356"",""retrieved_at"":""2026-10-01T23:20:00.007Z"",""raw_snapshot"":{""path"":""docs/political-data/raw/germany/2026-10-01T23-20-00-007Z_9efffc24b559679a/results.csv"",""sha256"":""9efffc24b559679ade291d8da63462e5523b43ac62064e759737c3ae01418484""},""parser_version"":""germany-production-v1"",""parser_sha256"":""2a8eb3487f392ef83303e7fb9ff246e4c111a7e64a469a6aa9eb21461ae9b1a0"",""fields_covered"":[""published_vote_share"",""seats""],""published_or_derived"":""published"",""columns"":[6,79],""compilation_label"":""FAMILIE"",""alignment_basis"":""unique exact national second-vote count in the same election; not party identity""},{""source_id"":""src-de-bwl-historical-results"",""source_url"":""https://www.bundeswahlleiterin.de/dam/jcr/24d8e745-920d-431a-893a-12805bc7ef40/btw_ab49_datenbank_ergebnisse.csv"",""source_record_id"":""csv-record-89"",""retrieved_at"":""2026-10-01T23:20:00.007Z"",""raw_snapshot"":{""path"":""docs/political-data/raw/germany/2026-10-01T23-20-00-007Z_9efffc24b559679a/results.csv"",""sha256"":""9efffc24b559679ade291d8da63462e5523b43ac62064e759737c3ae01418484""},""parser_version"":""germany-production-v1"",""parser_sha256"":""2a8eb3487f392ef83303e7fb9ff246e4c111a7e64a469a6aa9eb21461ae9b1a0"",""fields_covered"":[""total_seats"",""valid_second_votes""],""published_or_derived"":""published"",""columns"":[4,79]},{""source_id"":""src-de-bwl-final-archive"",""source_url"":""https://www.bundeswahlleiterin.de/dam/jcr/ce2d2b6a-f211-4355-8eea-355c98cd4e47/btw_kerg.zip"",""source_record_id"":""af1d7f449974be160ffbbcc359bee00b73fb538a279f7ded5ea99b5b13bfcfbe:btw2013_kerg.csv:340:65"",""retrieved_at"":""2026-10-01T23:21:39.584Z"",""raw_snapshot"":{""path"":""docs/political-data/raw/germany/2026-10-01T23-21-39-584Z_02e7077f9358c9ef/final-results.zip"",""sha256"":""02e7077f9358c9ef408741ee5d17123a43c28ea766b26a7ab338c08fcaeb7512""},""parser_version"":""germany-production-v1"",""parser_sha256"":""2a8eb3487f392ef83303e7fb9ff246e4c111a7e64a469a6aa9eb21461ae9b1a0"",""fields_covered"":[""derived_vote_share""],""published_or_derived"":""derived"",""formula"":""100 * second_votes / valid_second_votes"",""input_fields"":[""second_votes"",""el-de-bt-2013-09-22:valid_second_votes""]},{""source_id"":""src-de-bwl-historical-results"",""source_url"":""https://www.bundeswahlleiterin.de/dam/jcr/24d8e745-920d-431a-893a-12805bc7ef40/btw_ab49_datenbank_ergebnisse.csv"",""source_record_id"":""csv-record-356"",""retrieved_at"":""2026-10-01T23:20:00.007Z"",""raw_snapshot"":{""path"":""docs/political-data/raw/germany/2026-10-01T23-20-00-007Z_9efffc24b559679a/results.csv"",""sha256"":""9efffc24b559679ade291d8da63462e5523b43ac62064e759737c3ae01418484""},""parser_version"":""germany-production-v1"",""parser_sha256"":""2a8eb3487f392ef83303e7fb9ff246e4c111a7e64a469a6aa9eb21461ae9b1a0"",""fields_covered"":[""derived_seat_share""],""published_or_derived"":""derived"",""formula"":""100 * seats / total_seats; null remains null"",""input_fields"":[""seats"",""lg-de-bt-18:total_seats""]}]"
"er-ct-de-0089","germany","national","el-de-bt-2013-09-22","ct-de-0089","second_vote","43726856","631","8578","0","0.019617234772150095",,,"final","[{""source_id"":""src-de-bwl-final-archive"",""source_url"":""https://www.bundeswahlleiterin.de/dam/jcr/ce2d2b6a-f211-4355-8eea-355c98cd4e47/btw_kerg.zip"",""source_record_id"":""af1d7f449974be160ffbbcc359bee00b73fb538a279f7ded5ea99b5b13bfcfbe:btw2013_kerg.csv:340:69"",""retrieved_at"":""2026-10-01T23:21:39.584Z"",""raw_snapshot"":{""path"":""docs/political-data/raw/germany/2026-10-01T23-21-39-584Z_02e7077f9358c9ef/final-results.zip"",""sha256"":""02e7077f9358c9ef408741ee5d17123a43c28ea766b26a7ab338c08fcaeb7512""},""parser_version"":""germany-production-v1"",""parser_sha256"":""2a8eb3487f392ef83303e7fb9ff246e4c111a7e64a469a6aa9eb21461ae9b1a0"",""fields_covered"":[""second_votes"",""registered_label_native""],""published_or_derived"":""published"",""source_member"":""btw2013_kerg.csv"",""source_member_sha256"":""af1d7f449974be160ffbbcc359bee00b73fb538a279f7ded5ea99b5b13bfcfbe"",""source_column"":69},{""source_id"":""src-de-bwl-historical-results"",""source_url"":""https://www.bundeswahlleiterin.de/dam/jcr/24d8e745-920d-431a-893a-12805bc7ef40/btw_ab49_datenbank_ergebnisse.csv"",""source_record_id"":""csv-record-247"",""retrieved_at"":""2026-10-01T23:20:00.007Z"",""raw_snapshot"":{""path"":""docs/political-data/raw/germany/2026-10-01T23-20-00-007Z_9efffc24b559679a/results.csv"",""sha256"":""9efffc24b559679ade291d8da63462e5523b43ac62064e759737c3ae01418484""},""parser_version"":""germany-production-v1"",""parser_sha256"":""2a8eb3487f392ef83303e7fb9ff246e4c111a7e64a469a6aa9eb21461ae9b1a0"",""fields_covered"":[""published_vote_share"",""seats""],""published_or_derived"":""published"",""columns"":[6,79],""compilation_label"":""Bündnis 21/RRP"",""alignment_basis"":""unique exact national second-vote count in the same election; not party identity""},{""source_id"":""src-de-bwl-historical-results"",""source_url"":""https://www.bundeswahlleiterin.de/dam/jcr/24d8e745-920d-431a-893a-12805bc7ef40/btw_ab49_datenbank_ergebnisse.csv"",""source_record_id"":""csv-record-89"",""retrieved_at"":""2026-10-01T23:20:00.007Z"",""raw_snapshot"":{""path"":""docs/political-data/raw/germany/2026-10-01T23-20-00-007Z_9efffc24b559679a/results.csv"",""sha256"":""9efffc24b559679ade291d8da63462e5523b43ac62064e759737c3ae01418484""},""parser_version"":""germany-production-v1"",""parser_sha256"":""2a8eb3487f392ef83303e7fb9ff246e4c111a7e64a469a6aa9eb21461ae9b1a0"",""fields_covered"":[""total_seats"",""valid_second_votes""],""published_or_derived"":""published"",""columns"":[4,79]},{""source_id"":""src-de-bwl-final-archive"",""source_url"":""https://www.bundeswahlleiterin.de/dam/jcr/ce2d2b6a-f211-4355-8eea-355c98cd4e47/btw_kerg.zip"",""source_record_id"":""af1d7f449974be160ffbbcc359bee00b73fb538a279f7ded5ea99b5b13bfcfbe:btw2013_kerg.csv:340:69"",""retrieved_at"":""2026-10-01T23:21:39.584Z"",""raw_snapshot"":{""path"":""docs/political-data/raw/germany/2026-10-01T23-21-39-584Z_02e7077f9358c9ef/final-results.zip"",""sha256"":""02e7077f9358c9ef408741ee5d17123a43c28ea766b26a7ab338c08fcaeb7512""},""parser_version"":""germany-production-v1"",""parser_sha256"":""2a8eb3487f392ef83303e7fb9ff246e4c111a7e64a469a6aa9eb21461ae9b1a0"",""fields_covered"":[""derived_vote_share""],""published_or_derived"":""derived"",""formula"":""100 * second_votes / valid_second_votes"",""input_fields"":[""second_votes"",""el-de-bt-2013-09-22:valid_second_votes""]},{""source_id"":""src-de-bwl-historical-results"",""source_url"":""https://www.bundeswahlleiterin.de/dam/jcr/24d8e745-920d-431a-893a-12805bc7ef40/btw_ab49_datenbank_ergebnisse.csv"",""source_record_id"":""csv-record-247"",""retrieved_at"":""2026-10-01T23:20:00.007Z"",""raw_snapshot"":{""path"":""docs/political-data/raw/germany/2026-10-01T23-20-00-007Z_9efffc24b559679a/results.csv"",""sha256"":""9efffc24b559679ade291d8da63462e5523b43ac62064e759737c3ae01418484""},""parser_version"":""germany-production-v1"",""parser_sha256"":""2a8eb3487f392ef83303e7fb9ff246e4c111a7e64a469a6aa9eb21461ae9b1a0"",""fields_covered"":[""derived_seat_share""],""published_or_derived"":""derived"",""formula"":""100 * seats / total_seats; null remains null"",""input_fields"":[""seats"",""lg-de-bt-18:total_seats""]}]"
"er-ct-de-0090","germany","national","el-de-bt-2013-09-22","ct-de-0090","second_vote","43726856","631","25134","0.1","0.057479549867477324",,,"final","[{""source_id"":""src-de-bwl-final-archive"",""source_url"":""https://www.bundeswahlleiterin.de/dam/jcr/ce2d2b6a-f211-4355-8eea-355c98cd4e47/btw_kerg.zip"",""source_record_id"":""af1d7f449974be160ffbbcc359bee00b73fb538a279f7ded5ea99b5b13bfcfbe:btw2013_kerg.csv:340:73"",""retrieved_at"":""2026-10-01T23:21:39.584Z"",""raw_snapshot"":{""path"":""docs/political-data/raw/germany/2026-10-01T23-21-39-584Z_02e7077f9358c9ef/final-results.zip"",""sha256"":""02e7077f9358c9ef408741ee5d17123a43c28ea766b26a7ab338c08fcaeb7512""},""parser_version"":""germany-production-v1"",""parser_sha256"":""2a8eb3487f392ef83303e7fb9ff246e4c111a7e64a469a6aa9eb21461ae9b1a0"",""fields_covered"":[""second_votes"",""registered_label_native""],""published_or_derived"":""published"",""source_member"":""btw2013_kerg.csv"",""source_member_sha256"":""af1d7f449974be160ffbbcc359bee00b73fb538a279f7ded5ea99b5b13bfcfbe"",""source_column"":73},{""source_id"":""src-de-bwl-historical-results"",""source_url"":""https://www.bundeswahlleiterin.de/dam/jcr/24d8e745-920d-431a-893a-12805bc7ef40/btw_ab49_datenbank_ergebnisse.csv"",""source_record_id"":""csv-record-494"",""retrieved_at"":""2026-10-01T23:20:00.007Z"",""raw_snapshot"":{""path"":""docs/political-data/raw/germany/2026-10-01T23-20-00-007Z_9efffc24b559679a/results.csv"",""sha256"":""9efffc24b559679ade291d8da63462e5523b43ac62064e759737c3ae01418484""},""parser_version"":""germany-production-v1"",""parser_sha256"":""2a8eb3487f392ef83303e7fb9ff246e4c111a7e64a469a6aa9eb21461ae9b1a0"",""fields_covered"":[""published_vote_share"",""seats""],""published_or_derived"":""published"",""columns"":[6,79],""compilation_label"":""RENTNER"",""alignment_basis"":""unique exact national second-vote count in the same election; not party identity""},{""source_id"":""src-de-bwl-historical-results"",""source_url"":""https://www.bundeswahlleiterin.de/dam/jcr/24d8e745-920d-431a-893a-12805bc7ef40/btw_ab49_datenbank_ergebnisse.csv"",""source_record_id"":""csv-record-89"",""retrieved_at"":""2026-10-01T23:20:00.007Z"",""raw_snapshot"":{""path"":""docs/political-data/raw/germany/2026-10-01T23-20-00-007Z_9efffc24b559679a/results.csv"",""sha256"":""9efffc24b559679ade291d8da63462e5523b43ac62064e759737c3ae01418484""},""parser_version"":""germany-production-v1"",""parser_sha256"":""2a8eb3487f392ef83303e7fb9ff246e4c111a7e64a469a6aa9eb21461ae9b1a0"",""fields_covered"":[""total_seats"",""valid_second_votes""],""published_or_derived"":""published"",""columns"":[4,79]},{""source_id"":""src-de-bwl-final-archive"",""source_url"":""https://www.bundeswahlleiterin.de/dam/jcr/ce2d2b6a-f211-4355-8eea-355c98cd4e47/btw_kerg.zip"",""source_record_id"":""af1d7f449974be160ffbbcc359bee00b73fb538a279f7ded5ea99b5b13bfcfbe:btw2013_kerg.csv:340:73"",""retrieved_at"":""2026-10-01T23:21:39.584Z"",""raw_snapshot"":{""path"":""docs/political-data/raw/germany/2026-10-01T23-21-39-584Z_02e7077f9358c9ef/final-results.zip"",""sha256"":""02e7077f9358c9ef408741ee5d17123a43c28ea766b26a7ab338c08fcaeb7512""},""parser_version"":""germany-production-v1"",""parser_sha256"":""2a8eb3487f392ef83303e7fb9ff246e4c111a7e64a469a6aa9eb21461ae9b1a0"",""fields_covered"":[""derived_vote_share""],""published_or_derived"":""derived"",""formula"":""100 * second_votes / valid_second_votes"",""input_fields"":[""second_votes"",""el-de-bt-2013-09-22:valid_second_votes""]},{""source_id"":""src-de-bwl-historical-results"",""source_url"":""https://www.bundeswahlleiterin.de/dam/jcr/24d8e745-920d-431a-893a-12805bc7ef40/btw_ab49_datenbank_ergebnisse.csv"",""source_record_id"":""csv-record-494"",""retrieved_at"":""2026-10-01T23:20:00.007Z"",""raw_snapshot"":{""path"":""docs/political-data/raw/germany/2026-10-01T23-20-00-007Z_9efffc24b559679a/results.csv"",""sha256"":""9efffc24b559679ade291d8da63462e5523b43ac62064e759737c3ae01418484""},""parser_version"":""germany-production-v1"",""parser_sha256"":""2a8eb3487f392ef83303e7fb9ff246e4c111a7e64a469a6aa9eb21461ae9b1a0"",""fields_covered"":[""derived_seat_share""],""published_or_derived"":""derived"",""formula"":""100 * seats / total_seats; null remains null"",""input_fields"":[""seats"",""lg-de-bt-18:total_seats""]}]"
"er-ct-de-0091","germany","national","el-de-bt-2013-09-22","ct-de-0091","second_vote","43726856","631","57395","0.1","0.1312580076646718",,,"final","[{""source_id"":""src-de-bwl-final-archive"",""source_url"":""https://www.bundeswahlleiterin.de/dam/jcr/ce2d2b6a-f211-4355-8eea-355c98cd4e47/btw_kerg.zip"",""source_record_id"":""af1d7f449974be160ffbbcc359bee00b73fb538a279f7ded5ea99b5b13bfcfbe:btw2013_kerg.csv:340:77"",""retrieved_at"":""2026-10-01T23:21:39.584Z"",""raw_snapshot"":{""path"":""docs/political-data/raw/germany/2026-10-01T23-21-39-584Z_02e7077f9358c9ef/final-results.zip"",""sha256"":""02e7077f9358c9ef408741ee5d17123a43c28ea766b26a7ab338c08fcaeb7512""},""parser_version"":""germany-production-v1"",""parser_sha256"":""2a8eb3487f392ef83303e7fb9ff246e4c111a7e64a469a6aa9eb21461ae9b1a0"",""fields_covered"":[""second_votes"",""registered_label_native""],""published_or_derived"":""published"",""source_member"":""btw2013_kerg.csv"",""source_member_sha256"":""af1d7f449974be160ffbbcc359bee00b73fb538a279f7ded5ea99b5b13bfcfbe"",""source_column"":77},{""source_id"":""src-de-bwl-historical-results"",""source_url"":""https://www.bundeswahlleiterin.de/dam/jcr/24d8e745-920d-431a-893a-12805bc7ef40/btw_ab49_datenbank_ergebnisse.csv"",""source_record_id"":""csv-record-241"",""retrieved_at"":""2026-10-01T23:20:00.007Z"",""raw_snapshot"":{""path"":""docs/political-data/raw/germany/2026-10-01T23-20-00-007Z_9efffc24b559679a/results.csv"",""sha256"":""9efffc24b559679ade291d8da63462e5523b43ac62064e759737c3ae01418484""},""parser_version"":""germany-production-v1"",""parser_sha256"":""2a8eb3487f392ef83303e7fb9ff246e4c111a7e64a469a6aa9eb21461ae9b1a0"",""fields_covered"":[""published_vote_share"",""seats""],""published_or_derived"":""published"",""columns"":[6,79],""compilation_label"":""BP"",""alignment_basis"":""unique exact national second-vote count in the same election; not party identity""},{""source_id"":""src-de-bwl-historical-results"",""source_url"":""https://www.bundeswahlleiterin.de/dam/jcr/24d8e745-920d-431a-893a-12805bc7ef40/btw_ab49_datenbank_ergebnisse.csv"",""source_record_id"":""csv-record-89"",""retrieved_at"":""2026-10-01T23:20:00.007Z"",""raw_snapshot"":{""path"":""docs/political-data/raw/germany/2026-10-01T23-20-00-007Z_9efffc24b559679a/results.csv"",""sha256"":""9efffc24b559679ade291d8da63462e5523b43ac62064e759737c3ae01418484""},""parser_version"":""germany-production-v1"",""parser_sha256"":""2a8eb3487f392ef83303e7fb9ff246e4c111a7e64a469a6aa9eb21461ae9b1a0"",""fields_covered"":[""total_seats"",""valid_second_votes""],""published_or_derived"":""published"",""columns"":[4,79]},{""source_id"":""src-de-bwl-final-archive"",""source_url"":""https://www.bundeswahlleiterin.de/dam/jcr/ce2d2b6a-f211-4355-8eea-355c98cd4e47/btw_kerg.zip"",""source_record_id"":""af1d7f449974be160ffbbcc359bee00b73fb538a279f7ded5ea99b5b13bfcfbe:btw2013_kerg.csv:340:77"",""retrieved_at"":""2026-10-01T23:21:39.584Z"",""raw_snapshot"":{""path"":""docs/political-data/raw/germany/2026-10-01T23-21-39-584Z_02e7077f9358c9ef/final-results.zip"",""sha256"":""02e7077f9358c9ef408741ee5d17123a43c28ea766b26a7ab338c08fcaeb7512""},""parser_version"":""germany-production-v1"",""parser_sha256"":""2a8eb3487f392ef83303e7fb9ff246e4c111a7e64a469a6aa9eb21461ae9b1a0"",""fields_covered"":[""derived_vote_share""],""published_or_derived"":""derived"",""formula"":""100 * second_votes / valid_second_votes"",""input_fields"":[""second_votes"",""el-de-bt-2013-09-22:valid_second_votes""]},{""source_id"":""src-de-bwl-historical-results"",""source_url"":""https://www.bundeswahlleiterin.de/dam/jcr/24d8e745-920d-431a-893a-12805bc7ef40/btw_ab49_datenbank_ergebnisse.csv"",""source_record_id"":""csv-record-241"",""retrieved_at"":""2026-10-01T23:20:00.007Z"",""raw_snapshot"":{""path"":""docs/political-data/raw/germany/2026-10-01T23-20-00-007Z_9efffc24b559679a/results.csv"",""sha256"":""9efffc24b559679ade291d8da63462e5523b43ac62064e759737c3ae01418484""},""parser_version"":""germany-production-v1"",""parser_sha256"":""2a8eb3487f392ef83303e7fb9ff246e4c111a7e64a469a6aa9eb21461ae9b1a0"",""fields_covered"":[""derived_seat_share""],""published_or_derived"":""derived"",""formula"":""100 * seats / total_seats; null remains null"",""input_fields"":[""seats"",""lg-de-bt-18:total_seats""]}]"
"er-ct-de-0092","germany","national","el-de-bt-2013-09-22","ct-de-0092","second_vote","43726856","631","18542","0","0.04240414632142773",,,"final","[{""source_id"":""src-de-bwl-final-archive"",""source_url"":""https://www.bundeswahlleiterin.de/dam/jcr/ce2d2b6a-f211-4355-8eea-355c98cd4e47/btw_kerg.zip"",""source_record_id"":""af1d7f449974be160ffbbcc359bee00b73fb538a279f7ded5ea99b5b13bfcfbe:btw2013_kerg.csv:340:81"",""retrieved_at"":""2026-10-01T23:21:39.584Z"",""raw_snapshot"":{""path"":""docs/political-data/raw/germany/2026-10-01T23-21-39-584Z_02e7077f9358c9ef/final-results.zip"",""sha256"":""02e7077f9358c9ef408741ee5d17123a43c28ea766b26a7ab338c08fcaeb7512""},""parser_version"":""germany-production-v1"",""parser_sha256"":""2a8eb3487f392ef83303e7fb9ff246e4c111a7e64a469a6aa9eb21461ae9b1a0"",""fields_covered"":[""second_votes"",""registered_label_native""],""published_or_derived"":""published"",""source_member"":""btw2013_kerg.csv"",""source_member_sha256"":""af1d7f449974be160ffbbcc359bee00b73fb538a279f7ded5ea99b5b13bfcfbe"",""source_column"":81},{""source_id"":""src-de-bwl-historical-results"",""source_url"":""https://www.bundeswahlleiterin.de/dam/jcr/24d8e745-920d-431a-893a-12805bc7ef40/btw_ab49_datenbank_ergebnisse.csv"",""source_record_id"":""csv-record-474"",""retrieved_at"":""2026-10-01T23:20:00.007Z"",""raw_snapshot"":{""path"":""docs/political-data/raw/germany/2026-10-01T23-20-00-007Z_9efffc24b559679a/results.csv"",""sha256"":""9efffc24b559679ade291d8da63462e5523b43ac62064e759737c3ae01418484""},""parser_version"":""germany-production-v1"",""parser_sha256"":""2a8eb3487f392ef83303e7fb9ff246e4c111a7e64a469a6aa9eb21461ae9b1a0"",""fields_covered"":[""published_vote_share"",""seats""],""published_or_derived"":""published"",""columns"":[6,79],""compilation_label"":""PBC"",""alignment_basis"":""unique exact national second-vote count in the same election; not party identity""},{""source_id"":""src-de-bwl-historical-results"",""source_url"":""https://www.bundeswahlleiterin.de/dam/jcr/24d8e745-920d-431a-893a-12805bc7ef40/btw_ab49_datenbank_ergebnisse.csv"",""source_record_id"":""csv-record-89"",""retrieved_at"":""2026-10-01T23:20:00.007Z"",""raw_snapshot"":{""path"":""docs/political-data/raw/germany/2026-10-01T23-20-00-007Z_9efffc24b559679a/results.csv"",""sha256"":""9efffc24b559679ade291d8da63462e5523b43ac62064e759737c3ae01418484""},""parser_version"":""germany-production-v1"",""parser_sha256"":""2a8eb3487f392ef83303e7fb9ff246e4c111a7e64a469a6aa9eb21461ae9b1a0"",""fields_covered"":[""total_seats"",""valid_second_votes""],""published_or_derived"":""published"",""columns"":[4,79]},{""source_id"":""src-de-bwl-final-archive"",""source_url"":""https://www.bundeswahlleiterin.de/dam/jcr/ce2d2b6a-f211-4355-8eea-355c98cd4e47/btw_kerg.zip"",""source_record_id"":""af1d7f449974be160ffbbcc359bee00b73fb538a279f7ded5ea99b5b13bfcfbe:btw2013_kerg.csv:340:81"",""retrieved_at"":""2026-10-01T23:21:39.584Z"",""raw_snapshot"":{""path"":""docs/political-data/raw/germany/2026-10-01T23-21-39-584Z_02e7077f9358c9ef/final-results.zip"",""sha256"":""02e7077f9358c9ef408741ee5d17123a43c28ea766b26a7ab338c08fcaeb7512""},""parser_version"":""germany-production-v1"",""parser_sha256"":""2a8eb3487f392ef83303e7fb9ff246e4c111a7e64a469a6aa9eb21461ae9b1a0"",""fields_covered"":[""derived_vote_share""],""published_or_derived"":""derived"",""formula"":""100 * second_votes / valid_second_votes"",""input_fields"":[""second_votes"",""el-de-bt-2013-09-22:valid_second_votes""]},{""source_id"":""src-de-bwl-historical-results"",""source_url"":""https://www.bundeswahlleiterin.de/dam/jcr/24d8e745-920d-431a-893a-12805bc7ef40/btw_ab49_datenbank_ergebnisse.csv"",""source_record_id"":""csv-record-474"",""retrieved_at"":""2026-10-01T23:20:00.007Z"",""raw_snapshot"":{""path"":""docs/political-data/raw/germany/2026-10-01T23-20-00-007Z_9efffc24b559679a/results.csv"",""sha256"":""9efffc24b559679ade291d8da63462e5523b43ac62064e759737c3ae01418484""},""parser_version"":""germany-production-v1"",""parser_sha256"":""2a8eb3487f392ef83303e7fb9ff246e4c111a7e64a469a6aa9eb21461ae9b1a0"",""fields_covered"":[""derived_seat_share""],""published_or_derived"":""derived"",""formula"":""100 * seats / total_seats; null remains null"",""input_fields"":[""seats"",""lg-de-bt-18:total_seats""]}]"
"er-ct-de-0093","germany","national","el-de-bt-2013-09-22","ct-de-0093","second_vote","43726856","631","12814","0","0.029304645181899198",,,"final","[{""source_id"":""src-de-bwl-final-archive"",""source_url"":""https://www.bundeswahlleiterin.de/dam/jcr/ce2d2b6a-f211-4355-8eea-355c98cd4e47/btw_kerg.zip"",""source_record_id"":""af1d7f449974be160ffbbcc359bee00b73fb538a279f7ded5ea99b5b13bfcfbe:btw2013_kerg.csv:340:85"",""retrieved_at"":""2026-10-01T23:21:39.584Z"",""raw_snapshot"":{""path"":""docs/political-data/raw/germany/2026-10-01T23-21-39-584Z_02e7077f9358c9ef/final-results.zip"",""sha256"":""02e7077f9358c9ef408741ee5d17123a43c28ea766b26a7ab338c08fcaeb7512""},""parser_version"":""germany-production-v1"",""parser_sha256"":""2a8eb3487f392ef83303e7fb9ff246e4c111a7e64a469a6aa9eb21461ae9b1a0"",""fields_covered"":[""second_votes"",""registered_label_native""],""published_or_derived"":""published"",""source_member"":""btw2013_kerg.csv"",""source_member_sha256"":""af1d7f449974be160ffbbcc359bee00b73fb538a279f7ded5ea99b5b13bfcfbe"",""source_column"":85},{""source_id"":""src-de-bwl-historical-results"",""source_url"":""https://www.bundeswahlleiterin.de/dam/jcr/24d8e745-920d-431a-893a-12805bc7ef40/btw_ab49_datenbank_ergebnisse.csv"",""source_record_id"":""csv-record-262"",""retrieved_at"":""2026-10-01T23:20:00.007Z"",""raw_snapshot"":{""path"":""docs/political-data/raw/germany/2026-10-01T23-20-00-007Z_9efffc24b559679a/results.csv"",""sha256"":""9efffc24b559679ade291d8da63462e5523b43ac62064e759737c3ae01418484""},""parser_version"":""germany-production-v1"",""parser_sha256"":""2a8eb3487f392ef83303e7fb9ff246e4c111a7e64a469a6aa9eb21461ae9b1a0"",""fields_covered"":[""published_vote_share"",""seats""],""published_or_derived"":""published"",""columns"":[6,79],""compilation_label"":""BüSo"",""alignment_basis"":""unique exact national second-vote count in the same election; not party identity""},{""source_id"":""src-de-bwl-historical-results"",""source_url"":""https://www.bundeswahlleiterin.de/dam/jcr/24d8e745-920d-431a-893a-12805bc7ef40/btw_ab49_datenbank_ergebnisse.csv"",""source_record_id"":""csv-record-89"",""retrieved_at"":""2026-10-01T23:20:00.007Z"",""raw_snapshot"":{""path"":""docs/political-data/raw/germany/2026-10-01T23-20-00-007Z_9efffc24b559679a/results.csv"",""sha256"":""9efffc24b559679ade291d8da63462e5523b43ac62064e759737c3ae01418484""},""parser_version"":""germany-production-v1"",""parser_sha256"":""2a8eb3487f392ef83303e7fb9ff246e4c111a7e64a469a6aa9eb21461ae9b1a0"",""fields_covered"":[""total_seats"",""valid_second_votes""],""published_or_derived"":""published"",""columns"":[4,79]},{""source_id"":""src-de-bwl-final-archive"",""source_url"":""https://www.bundeswahlleiterin.de/dam/jcr/ce2d2b6a-f211-4355-8eea-355c98cd4e47/btw_kerg.zip"",""source_record_id"":""af1d7f449974be160ffbbcc359bee00b73fb538a279f7ded5ea99b5b13bfcfbe:btw2013_kerg.csv:340:85"",""retrieved_at"":""2026-10-01T23:21:39.584Z"",""raw_snapshot"":{""path"":""docs/political-data/raw/germany/2026-10-01T23-21-39-584Z_02e7077f9358c9ef/final-results.zip"",""sha256"":""02e7077f9358c9ef408741ee5d17123a43c28ea766b26a7ab338c08fcaeb7512""},""parser_version"":""germany-production-v1"",""parser_sha256"":""2a8eb3487f392ef83303e7fb9ff246e4c111a7e64a469a6aa9eb21461ae9b1a0"",""fields_covered"":[""derived_vote_share""],""published_or_derived"":""derived"",""formula"":""100 * second_votes / valid_second_votes"",""input_fields"":[""second_votes"",""el-de-bt-2013-09-22:valid_second_votes""]},{""source_id"":""src-de-bwl-historical-results"",""source_url"":""https://www.bundeswahlleiterin.de/dam/jcr/24d8e745-920d-431a-893a-12805bc7ef40/btw_ab49_datenbank_ergebnisse.csv"",""source_record_id"":""csv-record-262"",""retrieved_at"":""2026-10-01T23:20:00.007Z"",""raw_snapshot"":{""path"":""docs/political-data/raw/germany/2026-10-01T23-20-00-007Z_9efffc24b559679a/results.csv"",""sha256"":""9efffc24b559679ade291d8da63462e5523b43ac62064e759737c3ae01418484""},""parser_version"":""germany-production-v1"",""parser_sha256"":""2a8eb3487f392ef83303e7fb9ff246e4c111a7e64a469a6aa9eb21461ae9b1a0"",""fields_covered"":[""derived_seat_share""],""published_or_derived"":""derived"",""formula"":""100 * seats / total_seats; null remains null"",""input_fields"":[""seats"",""lg-de-bt-18:total_seats""]}]"
"er-ct-de-0094","germany","national","el-de-bt-2013-09-22","ct-de-0094","second_vote","43726856","631","8211","0","0.018777933634194967",,,"final","[{""source_id"":""src-de-bwl-final-archive"",""source_url"":""https://www.bundeswahlleiterin.de/dam/jcr/ce2d2b6a-f211-4355-8eea-355c98cd4e47/btw_kerg.zip"",""source_record_id"":""af1d7f449974be160ffbbcc359bee00b73fb538a279f7ded5ea99b5b13bfcfbe:btw2013_kerg.csv:340:89"",""retrieved_at"":""2026-10-01T23:21:39.584Z"",""raw_snapshot"":{""path"":""docs/political-data/raw/germany/2026-10-01T23-21-39-584Z_02e7077f9358c9ef/final-results.zip"",""sha256"":""02e7077f9358c9ef408741ee5d17123a43c28ea766b26a7ab338c08fcaeb7512""},""parser_version"":""germany-production-v1"",""parser_sha256"":""2a8eb3487f392ef83303e7fb9ff246e4c111a7e64a469a6aa9eb21461ae9b1a0"",""fields_covered"":[""second_votes"",""registered_label_native""],""published_or_derived"":""published"",""source_member"":""btw2013_kerg.csv"",""source_member_sha256"":""af1d7f449974be160ffbbcc359bee00b73fb538a279f7ded5ea99b5b13bfcfbe"",""source_column"":89},{""source_id"":""src-de-bwl-historical-results"",""source_url"":""https://www.bundeswahlleiterin.de/dam/jcr/24d8e745-920d-431a-893a-12805bc7ef40/btw_ab49_datenbank_ergebnisse.csv"",""source_record_id"":""csv-record-305"",""retrieved_at"":""2026-10-01T23:20:00.007Z"",""raw_snapshot"":{""path"":""docs/political-data/raw/germany/2026-10-01T23-20-00-007Z_9efffc24b559679a/results.csv"",""sha256"":""9efffc24b559679ade291d8da63462e5523b43ac62064e759737c3ae01418484""},""parser_version"":""germany-production-v1"",""parser_sha256"":""2a8eb3487f392ef83303e7fb9ff246e4c111a7e64a469a6aa9eb21461ae9b1a0"",""fields_covered"":[""published_vote_share"",""seats""],""published_or_derived"":""published"",""columns"":[6,79],""compilation_label"":""DIE VIOLETTEN"",""alignment_basis"":""unique exact national second-vote count in the same election; not party identity""},{""source_id"":""src-de-bwl-historical-results"",""source_url"":""https://www.bundeswahlleiterin.de/dam/jcr/24d8e745-920d-431a-893a-12805bc7ef40/btw_ab49_datenbank_ergebnisse.csv"",""source_record_id"":""csv-record-89"",""retrieved_at"":""2026-10-01T23:20:00.007Z"",""raw_snapshot"":{""path"":""docs/political-data/raw/germany/2026-10-01T23-20-00-007Z_9efffc24b559679a/results.csv"",""sha256"":""9efffc24b559679ade291d8da63462e5523b43ac62064e759737c3ae01418484""},""parser_version"":""germany-production-v1"",""parser_sha256"":""2a8eb3487f392ef83303e7fb9ff246e4c111a7e64a469a6aa9eb21461ae9b1a0"",""fields_covered"":[""total_seats"",""valid_second_votes""],""published_or_derived"":""published"",""columns"":[4,79]},{""source_id"":""src-de-bwl-final-archive"",""source_url"":""https://www.bundeswahlleiterin.de/dam/jcr/ce2d2b6a-f211-4355-8eea-355c98cd4e47/btw_kerg.zip"",""source_record_id"":""af1d7f449974be160ffbbcc359bee00b73fb538a279f7ded5ea99b5b13bfcfbe:btw2013_kerg.csv:340:89"",""retrieved_at"":""2026-10-01T23:21:39.584Z"",""raw_snapshot"":{""path"":""docs/political-data/raw/germany/2026-10-01T23-21-39-584Z_02e7077f9358c9ef/final-results.zip"",""sha256"":""02e7077f9358c9ef408741ee5d17123a43c28ea766b26a7ab338c08fcaeb7512""},""parser_version"":""germany-production-v1"",""parser_sha256"":""2a8eb3487f392ef83303e7fb9ff246e4c111a7e64a469a6aa9eb21461ae9b1a0"",""fields_covered"":[""derived_vote_share""],""published_or_derived"":""derived"",""formula"":""100 * second_votes / valid_second_votes"",""input_fields"":[""second_votes"",""el-de-bt-2013-09-22:valid_second_votes""]},{""source_id"":""src-de-bwl-historical-results"",""source_url"":""https://www.bundeswahlleiterin.de/dam/jcr/24d8e745-920d-431a-893a-12805bc7ef40/btw_ab49_datenbank_ergebnisse.csv"",""source_record_id"":""csv-record-305"",""retrieved_at"":""2026-10-01T23:20:00.007Z"",""raw_snapshot"":{""path"":""docs/political-data/raw/germany/2026-10-01T23-20-00-007Z_9efffc24b559679a/results.csv"",""sha256"":""9efffc24b559679ade291d8da63462e5523b43ac62064e759737c3ae01418484""},""parser_version"":""germany-production-v1"",""parser_sha256"":""2a8eb3487f392ef83303e7fb9ff246e4c111a7e64a469a6aa9eb21461ae9b1a0"",""fields_covered"":[""derived_seat_share""],""published_or_derived"":""derived"",""formula"":""100 * seats / total_seats; null remains null"",""input_fields"":[""seats"",""lg-de-bt-18:total_seats""]}]"
"er-ct-de-0095","germany","national","el-de-bt-2013-09-22","ct-de-0095","second_vote","43726856","631","24219","0.1","0.055387014332793555",,,"final","[{""source_id"":""src-de-bwl-final-archive"",""source_url"":""https://www.bundeswahlleiterin.de/dam/jcr/ce2d2b6a-f211-4355-8eea-355c98cd4e47/btw_kerg.zip"",""source_record_id"":""af1d7f449974be160ffbbcc359bee00b73fb538a279f7ded5ea99b5b13bfcfbe:btw2013_kerg.csv:340:93"",""retrieved_at"":""2026-10-01T23:21:39.584Z"",""raw_snapshot"":{""path"":""docs/political-data/raw/germany/2026-10-01T23-21-39-584Z_02e7077f9358c9ef/final-results.zip"",""sha256"":""02e7077f9358c9ef408741ee5d17123a43c28ea766b26a7ab338c08fcaeb7512""},""parser_version"":""germany-production-v1"",""parser_sha256"":""2a8eb3487f392ef83303e7fb9ff246e4c111a7e64a469a6aa9eb21461ae9b1a0"",""fields_covered"":[""second_votes"",""registered_label_native""],""published_or_derived"":""published"",""source_member"":""btw2013_kerg.csv"",""source_member_sha256"":""af1d7f449974be160ffbbcc359bee00b73fb538a279f7ded5ea99b5b13bfcfbe"",""source_column"":93},{""source_id"":""src-de-bwl-historical-results"",""source_url"":""https://www.bundeswahlleiterin.de/dam/jcr/24d8e745-920d-431a-893a-12805bc7ef40/btw_ab49_datenbank_ergebnisse.csv"",""source_record_id"":""csv-record-440"",""retrieved_at"":""2026-10-01T23:20:00.007Z"",""raw_snapshot"":{""path"":""docs/political-data/raw/germany/2026-10-01T23-20-00-007Z_9efffc24b559679a/results.csv"",""sha256"":""9efffc24b559679ade291d8da63462e5523b43ac62064e759737c3ae01418484""},""parser_version"":""germany-production-v1"",""parser_sha256"":""2a8eb3487f392ef83303e7fb9ff246e4c111a7e64a469a6aa9eb21461ae9b1a0"",""fields_covered"":[""published_vote_share"",""seats""],""published_or_derived"":""published"",""columns"":[6,79],""compilation_label"":""MLPD"",""alignment_basis"":""unique exact national second-vote count in the same election; not party identity""},{""source_id"":""src-de-bwl-historical-results"",""source_url"":""https://www.bundeswahlleiterin.de/dam/jcr/24d8e745-920d-431a-893a-12805bc7ef40/btw_ab49_datenbank_ergebnisse.csv"",""source_record_id"":""csv-record-89"",""retrieved_at"":""2026-10-01T23:20:00.007Z"",""raw_snapshot"":{""path"":""docs/political-data/raw/germany/2026-10-01T23-20-00-007Z_9efffc24b559679a/results.csv"",""sha256"":""9efffc24b559679ade291d8da63462e5523b43ac62064e759737c3ae01418484""},""parser_version"":""germany-production-v1"",""parser_sha256"":""2a8eb3487f392ef83303e7fb9ff246e4c111a7e64a469a6aa9eb21461ae9b1a0"",""fields_covered"":[""total_seats"",""valid_second_votes""],""published_or_derived"":""published"",""columns"":[4,79]},{""source_id"":""src-de-bwl-final-archive"",""source_url"":""https://www.bundeswahlleiterin.de/dam/jcr/ce2d2b6a-f211-4355-8eea-355c98cd4e47/btw_kerg.zip"",""source_record_id"":""af1d7f449974be160ffbbcc359bee00b73fb538a279f7ded5ea99b5b13bfcfbe:btw2013_kerg.csv:340:93"",""retrieved_at"":""2026-10-01T23:21:39.584Z"",""raw_snapshot"":{""path"":""docs/political-data/raw/germany/2026-10-01T23-21-39-584Z_02e7077f9358c9ef/final-results.zip"",""sha256"":""02e7077f9358c9ef408741ee5d17123a43c28ea766b26a7ab338c08fcaeb7512""},""parser_version"":""germany-production-v1"",""parser_sha256"":""2a8eb3487f392ef83303e7fb9ff246e4c111a7e64a469a6aa9eb21461ae9b1a0"",""fields_covered"":[""derived_vote_share""],""published_or_derived"":""derived"",""formula"":""100 * second_votes / valid_second_votes"",""input_fields"":[""second_votes"",""el-de-bt-2013-09-22:valid_second_votes""]},{""source_id"":""src-de-bwl-historical-results"",""source_url"":""https://www.bundeswahlleiterin.de/dam/jcr/24d8e745-920d-431a-893a-12805bc7ef40/btw_ab49_datenbank_ergebnisse.csv"",""source_record_id"":""csv-record-440"",""retrieved_at"":""2026-10-01T23:20:00.007Z"",""raw_snapshot"":{""path"":""docs/political-data/raw/germany/2026-10-01T23-20-00-007Z_9efffc24b559679a/results.csv"",""sha256"":""9efffc24b559679ade291d8da63462e5523b43ac62064e759737c3ae01418484""},""parser_version"":""germany-production-v1"",""parser_sha256"":""2a8eb3487f392ef83303e7fb9ff246e4c111a7e64a469a6aa9eb21461ae9b1a0"",""fields_covered"":[""derived_seat_share""],""published_or_derived"":""derived"",""formula"":""100 * seats / total_seats; null remains null"",""input_fields"":[""seats"",""lg-de-bt-18:total_seats""]}]"
"er-ct-de-0096","germany","national","el-de-bt-2013-09-22","ct-de-0096","second_vote","43726856","631","28654","0.1","0.06552952263478536",,,"final","[{""source_id"":""src-de-bwl-final-archive"",""source_url"":""https://www.bundeswahlleiterin.de/dam/jcr/ce2d2b6a-f211-4355-8eea-355c98cd4e47/btw_kerg.zip"",""source_record_id"":""af1d7f449974be160ffbbcc359bee00b73fb538a279f7ded5ea99b5b13bfcfbe:btw2013_kerg.csv:340:97"",""retrieved_at"":""2026-10-01T23:21:39.584Z"",""raw_snapshot"":{""path"":""docs/political-data/raw/germany/2026-10-01T23-21-39-584Z_02e7077f9358c9ef/final-results.zip"",""sha256"":""02e7077f9358c9ef408741ee5d17123a43c28ea766b26a7ab338c08fcaeb7512""},""parser_version"":""germany-production-v1"",""parser_sha256"":""2a8eb3487f392ef83303e7fb9ff246e4c111a7e64a469a6aa9eb21461ae9b1a0"",""fields_covered"":[""second_votes"",""registered_label_native""],""published_or_derived"":""published"",""source_member"":""btw2013_kerg.csv"",""source_member_sha256"":""af1d7f449974be160ffbbcc359bee00b73fb538a279f7ded5ea99b5b13bfcfbe"",""source_column"":97},{""source_id"":""src-de-bwl-historical-results"",""source_url"":""https://www.bundeswahlleiterin.de/dam/jcr/24d8e745-920d-431a-893a-12805bc7ef40/btw_ab49_datenbank_ergebnisse.csv"",""source_record_id"":""csv-record-560"",""retrieved_at"":""2026-10-01T23:20:00.007Z"",""raw_snapshot"":{""path"":""docs/political-data/raw/germany/2026-10-01T23-20-00-007Z_9efffc24b559679a/results.csv"",""sha256"":""9efffc24b559679ade291d8da63462e5523b43ac62064e759737c3ae01418484""},""parser_version"":""germany-production-v1"",""parser_sha256"":""2a8eb3487f392ef83303e7fb9ff246e4c111a7e64a469a6aa9eb21461ae9b1a0"",""fields_covered"":[""published_vote_share"",""seats""],""published_or_derived"":""published"",""columns"":[6,79],""compilation_label"":""Volksabstimmung"",""alignment_basis"":""unique exact national second-vote count in the same election; not party identity""},{""source_id"":""src-de-bwl-historical-results"",""source_url"":""https://www.bundeswahlleiterin.de/dam/jcr/24d8e745-920d-431a-893a-12805bc7ef40/btw_ab49_datenbank_ergebnisse.csv"",""source_record_id"":""csv-record-89"",""retrieved_at"":""2026-10-01T23:20:00.007Z"",""raw_snapshot"":{""path"":""docs/political-data/raw/germany/2026-10-01T23-20-00-007Z_9efffc24b559679a/results.csv"",""sha256"":""9efffc24b559679ade291d8da63462e5523b43ac62064e759737c3ae01418484""},""parser_version"":""germany-production-v1"",""parser_sha256"":""2a8eb3487f392ef83303e7fb9ff246e4c111a7e64a469a6aa9eb21461ae9b1a0"",""fields_covered"":[""total_seats"",""valid_second_votes""],""published_or_derived"":""published"",""columns"":[4,79]},{""source_id"":""src-de-bwl-final-archive"",""source_url"":""https://www.bundeswahlleiterin.de/dam/jcr/ce2d2b6a-f211-4355-8eea-355c98cd4e47/btw_kerg.zip"",""source_record_id"":""af1d7f449974be160ffbbcc359bee00b73fb538a279f7ded5ea99b5b13bfcfbe:btw2013_kerg.csv:340:97"",""retrieved_at"":""2026-10-01T23:21:39.584Z"",""raw_snapshot"":{""path"":""docs/political-data/raw/germany/2026-10-01T23-21-39-584Z_02e7077f9358c9ef/final-results.zip"",""sha256"":""02e7077f9358c9ef408741ee5d17123a43c28ea766b26a7ab338c08fcaeb7512""},""parser_version"":""germany-production-v1"",""parser_sha256"":""2a8eb3487f392ef83303e7fb9ff246e4c111a7e64a469a6aa9eb21461ae9b1a0"",""fields_covered"":[""derived_vote_share""],""published_or_derived"":""derived"",""formula"":""100 * second_votes / valid_second_votes"",""input_fields"":[""second_votes"",""el-de-bt-2013-09-22:valid_second_votes""]},{""source_id"":""src-de-bwl-historical-results"",""source_url"":""https://www.bundeswahlleiterin.de/dam/jcr/24d8e745-920d-431a-893a-12805bc7ef40/btw_ab49_datenbank_ergebnisse.csv"",""source_record_id"":""csv-record-560"",""retrieved_at"":""2026-10-01T23:20:00.007Z"",""raw_snapshot"":{""path"":""docs/political-data/raw/germany/2026-10-01T23-20-00-007Z_9efffc24b559679a/results.csv"",""sha256"":""9efffc24b559679ade291d8da63462e5523b43ac62064e759737c3ae01418484""},""parser_version"":""germany-production-v1"",""parser_sha256"":""2a8eb3487f392ef83303e7fb9ff246e4c111a7e64a469a6aa9eb21461ae9b1a0"",""fields_covered"":[""derived_seat_share""],""published_or_derived"":""derived"",""formula"":""100 * seats / total_seats; null remains null"",""input_fields"":[""seats"",""lg-de-bt-18:total_seats""]}]"
"er-ct-de-0097","germany","national","el-de-bt-2013-09-22","ct-de-0097","second_vote","43726856","631","4564","0","0.010437521508520987",,,"final","[{""source_id"":""src-de-bwl-final-archive"",""source_url"":""https://www.bundeswahlleiterin.de/dam/jcr/ce2d2b6a-f211-4355-8eea-355c98cd4e47/btw_kerg.zip"",""source_record_id"":""af1d7f449974be160ffbbcc359bee00b73fb538a279f7ded5ea99b5b13bfcfbe:btw2013_kerg.csv:340:101"",""retrieved_at"":""2026-10-01T23:21:39.584Z"",""raw_snapshot"":{""path"":""docs/political-data/raw/germany/2026-10-01T23-21-39-584Z_02e7077f9358c9ef/final-results.zip"",""sha256"":""02e7077f9358c9ef408741ee5d17123a43c28ea766b26a7ab338c08fcaeb7512""},""parser_version"":""germany-production-v1"",""parser_sha256"":""2a8eb3487f392ef83303e7fb9ff246e4c111a7e64a469a6aa9eb21461ae9b1a0"",""fields_covered"":[""second_votes"",""registered_label_native""],""published_or_derived"":""published"",""source_member"":""btw2013_kerg.csv"",""source_member_sha256"":""af1d7f449974be160ffbbcc359bee00b73fb538a279f7ded5ea99b5b13bfcfbe"",""source_column"":101},{""source_id"":""src-de-bwl-historical-results"",""source_url"":""https://www.bundeswahlleiterin.de/dam/jcr/24d8e745-920d-431a-893a-12805bc7ef40/btw_ab49_datenbank_ergebnisse.csv"",""source_record_id"":""csv-record-510"",""retrieved_at"":""2026-10-01T23:20:00.007Z"",""raw_snapshot"":{""path"":""docs/political-data/raw/germany/2026-10-01T23-20-00-007Z_9efffc24b559679a/results.csv"",""sha256"":""9efffc24b559679ade291d8da63462e5523b43ac62064e759737c3ae01418484""},""parser_version"":""germany-production-v1"",""parser_sha256"":""2a8eb3487f392ef83303e7fb9ff246e4c111a7e64a469a6aa9eb21461ae9b1a0"",""fields_covered"":[""published_vote_share"",""seats""],""published_or_derived"":""published"",""columns"":[6,79],""compilation_label"":""SGP"",""alignment_basis"":""unique exact national second-vote count in the same election; not party identity""},{""source_id"":""src-de-bwl-historical-results"",""source_url"":""https://www.bundeswahlleiterin.de/dam/jcr/24d8e745-920d-431a-893a-12805bc7ef40/btw_ab49_datenbank_ergebnisse.csv"",""source_record_id"":""csv-record-89"",""retrieved_at"":""2026-10-01T23:20:00.007Z"",""raw_snapshot"":{""path"":""docs/political-data/raw/germany/2026-10-01T23-20-00-007Z_9efffc24b559679a/results.csv"",""sha256"":""9efffc24b559679ade291d8da63462e5523b43ac62064e759737c3ae01418484""},""parser_version"":""germany-production-v1"",""parser_sha256"":""2a8eb3487f392ef83303e7fb9ff246e4c111a7e64a469a6aa9eb21461ae9b1a0"",""fields_covered"":[""total_seats"",""valid_second_votes""],""published_or_derived"":""published"",""columns"":[4,79]},{""source_id"":""src-de-bwl-final-archive"",""source_url"":""https://www.bundeswahlleiterin.de/dam/jcr/ce2d2b6a-f211-4355-8eea-355c98cd4e47/btw_kerg.zip"",""source_record_id"":""af1d7f449974be160ffbbcc359bee00b73fb538a279f7ded5ea99b5b13bfcfbe:btw2013_kerg.csv:340:101"",""retrieved_at"":""2026-10-01T23:21:39.584Z"",""raw_snapshot"":{""path"":""docs/political-data/raw/germany/2026-10-01T23-21-39-584Z_02e7077f9358c9ef/final-results.zip"",""sha256"":""02e7077f9358c9ef408741ee5d17123a43c28ea766b26a7ab338c08fcaeb7512""},""parser_version"":""germany-production-v1"",""parser_sha256"":""2a8eb3487f392ef83303e7fb9ff246e4c111a7e64a469a6aa9eb21461ae9b1a0"",""fields_covered"":[""derived_vote_share""],""published_or_derived"":""derived"",""formula"":""100 * second_votes / valid_second_votes"",""input_fields"":[""second_votes"",""el-de-bt-2013-09-22:valid_second_votes""]},{""source_id"":""src-de-bwl-historical-results"",""source_url"":""https://www.bundeswahlleiterin.de/dam/jcr/24d8e745-920d-431a-893a-12805bc7ef40/btw_ab49_datenbank_ergebnisse.csv"",""source_record_id"":""csv-record-510"",""retrieved_at"":""2026-10-01T23:20:00.007Z"",""raw_snapshot"":{""path"":""docs/political-data/raw/germany/2026-10-01T23-20-00-007Z_9efffc24b559679a/results.csv"",""sha256"":""9efffc24b559679ade291d8da63462e5523b43ac62064e759737c3ae01418484""},""parser_version"":""germany-production-v1"",""parser_sha256"":""2a8eb3487f392ef83303e7fb9ff246e4c111a7e64a469a6aa9eb21461ae9b1a0"",""fields_covered"":[""derived_seat_share""],""published_or_derived"":""derived"",""formula"":""100 * seats / total_seats; null remains null"",""input_fields"":[""seats"",""lg-de-bt-18:total_seats""]}]"
"er-ct-de-0098","germany","national","el-de-bt-2013-09-22","ct-de-0098","second_vote","43726856","631","2056985","4.7","4.7041685320344095",,,"final","[{""source_id"":""src-de-bwl-final-archive"",""source_url"":""https://www.bundeswahlleiterin.de/dam/jcr/ce2d2b6a-f211-4355-8eea-355c98cd4e47/btw_kerg.zip"",""source_record_id"":""af1d7f449974be160ffbbcc359bee00b73fb538a279f7ded5ea99b5b13bfcfbe:btw2013_kerg.csv:340:105"",""retrieved_at"":""2026-10-01T23:21:39.584Z"",""raw_snapshot"":{""path"":""docs/political-data/raw/germany/2026-10-01T23-21-39-584Z_02e7077f9358c9ef/final-results.zip"",""sha256"":""02e7077f9358c9ef408741ee5d17123a43c28ea766b26a7ab338c08fcaeb7512""},""parser_version"":""germany-production-v1"",""parser_sha256"":""2a8eb3487f392ef83303e7fb9ff246e4c111a7e64a469a6aa9eb21461ae9b1a0"",""fields_covered"":[""second_votes"",""registered_label_native""],""published_or_derived"":""published"",""source_member"":""btw2013_kerg.csv"",""source_member_sha256"":""af1d7f449974be160ffbbcc359bee00b73fb538a279f7ded5ea99b5b13bfcfbe"",""source_column"":105},{""source_id"":""src-de-bwl-historical-results"",""source_url"":""https://www.bundeswahlleiterin.de/dam/jcr/24d8e745-920d-431a-893a-12805bc7ef40/btw_ab49_datenbank_ergebnisse.csv"",""source_record_id"":""csv-record-170"",""retrieved_at"":""2026-10-01T23:20:00.007Z"",""raw_snapshot"":{""path"":""docs/political-data/raw/germany/2026-10-01T23-20-00-007Z_9efffc24b559679a/results.csv"",""sha256"":""9efffc24b559679ade291d8da63462e5523b43ac62064e759737c3ae01418484""},""parser_version"":""germany-production-v1"",""parser_sha256"":""2a8eb3487f392ef83303e7fb9ff246e4c111a7e64a469a6aa9eb21461ae9b1a0"",""fields_covered"":[""published_vote_share"",""seats""],""published_or_derived"":""published"",""columns"":[6,79],""compilation_label"":""AfD"",""alignment_basis"":""unique exact national second-vote count in the same election; not party identity""},{""source_id"":""src-de-bwl-historical-results"",""source_url"":""https://www.bundeswahlleiterin.de/dam/jcr/24d8e745-920d-431a-893a-12805bc7ef40/btw_ab49_datenbank_ergebnisse.csv"",""source_record_id"":""csv-record-89"",""retrieved_at"":""2026-10-01T23:20:00.007Z"",""raw_snapshot"":{""path"":""docs/political-data/raw/germany/2026-10-01T23-20-00-007Z_9efffc24b559679a/results.csv"",""sha256"":""9efffc24b559679ade291d8da63462e5523b43ac62064e759737c3ae01418484""},""parser_version"":""germany-production-v1"",""parser_sha256"":""2a8eb3487f392ef83303e7fb9ff246e4c111a7e64a469a6aa9eb21461ae9b1a0"",""fields_covered"":[""total_seats"",""valid_second_votes""],""published_or_derived"":""published"",""columns"":[4,79]},{""source_id"":""src-de-bwl-final-archive"",""source_url"":""https://www.bundeswahlleiterin.de/dam/jcr/ce2d2b6a-f211-4355-8eea-355c98cd4e47/btw_kerg.zip"",""source_record_id"":""af1d7f449974be160ffbbcc359bee00b73fb538a279f7ded5ea99b5b13bfcfbe:btw2013_kerg.csv:340:105"",""retrieved_at"":""2026-10-01T23:21:39.584Z"",""raw_snapshot"":{""path"":""docs/political-data/raw/germany/2026-10-01T23-21-39-584Z_02e7077f9358c9ef/final-results.zip"",""sha256"":""02e7077f9358c9ef408741ee5d17123a43c28ea766b26a7ab338c08fcaeb7512""},""parser_version"":""germany-production-v1"",""parser_sha256"":""2a8eb3487f392ef83303e7fb9ff246e4c111a7e64a469a6aa9eb21461ae9b1a0"",""fields_covered"":[""derived_vote_share""],""published_or_derived"":""derived"",""formula"":""100 * second_votes / valid_second_votes"",""input_fields"":[""second_votes"",""el-de-bt-2013-09-22:valid_second_votes""]},{""source_id"":""src-de-bwl-historical-results"",""source_url"":""https://www.bundeswahlleiterin.de/dam/jcr/24d8e745-920d-431a-893a-12805bc7ef40/btw_ab49_datenbank_ergebnisse.csv"",""source_record_id"":""csv-record-170"",""retrieved_at"":""2026-10-01T23:20:00.007Z"",""raw_snapshot"":{""path"":""docs/political-data/raw/germany/2026-10-01T23-20-00-007Z_9efffc24b559679a/results.csv"",""sha256"":""9efffc24b559679ade291d8da63462e5523b43ac62064e759737c3ae01418484""},""parser_version"":""germany-production-v1"",""parser_sha256"":""2a8eb3487f392ef83303e7fb9ff246e4c111a7e64a469a6aa9eb21461ae9b1a0"",""fields_covered"":[""derived_seat_share""],""published_or_derived"":""derived"",""formula"":""100 * seats / total_seats; null remains null"",""input_fields"":[""seats"",""lg-de-bt-18:total_seats""]}]"
"er-ct-de-0099","germany","national","el-de-bt-2013-09-22","ct-de-0099","second_vote","43726856","631","17743","0","0.04057689398021207",,,"final","[{""source_id"":""src-de-bwl-final-archive"",""source_url"":""https://www.bundeswahlleiterin.de/dam/jcr/ce2d2b6a-f211-4355-8eea-355c98cd4e47/btw_kerg.zip"",""source_record_id"":""af1d7f449974be160ffbbcc359bee00b73fb538a279f7ded5ea99b5b13bfcfbe:btw2013_kerg.csv:340:109"",""retrieved_at"":""2026-10-01T23:21:39.584Z"",""raw_snapshot"":{""path"":""docs/political-data/raw/germany/2026-10-01T23-21-39-584Z_02e7077f9358c9ef/final-results.zip"",""sha256"":""02e7077f9358c9ef408741ee5d17123a43c28ea766b26a7ab338c08fcaeb7512""},""parser_version"":""germany-production-v1"",""parser_sha256"":""2a8eb3487f392ef83303e7fb9ff246e4c111a7e64a469a6aa9eb21461ae9b1a0"",""fields_covered"":[""second_votes"",""registered_label_native""],""published_or_derived"":""published"",""source_member"":""btw2013_kerg.csv"",""source_member_sha256"":""af1d7f449974be160ffbbcc359bee00b73fb538a279f7ded5ea99b5b13bfcfbe"",""source_column"":109},{""source_id"":""src-de-bwl-historical-results"",""source_url"":""https://www.bundeswahlleiterin.de/dam/jcr/24d8e745-920d-431a-893a-12805bc7ef40/btw_ab49_datenbank_ergebnisse.csv"",""source_record_id"":""csv-record-230"",""retrieved_at"":""2026-10-01T23:20:00.007Z"",""raw_snapshot"":{""path"":""docs/political-data/raw/germany/2026-10-01T23-20-00-007Z_9efffc24b559679a/results.csv"",""sha256"":""9efffc24b559679ade291d8da63462e5523b43ac62064e759737c3ae01418484""},""parser_version"":""germany-production-v1"",""parser_sha256"":""2a8eb3487f392ef83303e7fb9ff246e4c111a7e64a469a6aa9eb21461ae9b1a0"",""fields_covered"":[""published_vote_share"",""seats""],""published_or_derived"":""published"",""columns"":[6,79],""compilation_label"":""BIG"",""alignment_basis"":""unique exact national second-vote count in the same election; not party identity""},{""source_id"":""src-de-bwl-historical-results"",""source_url"":""https://www.bundeswahlleiterin.de/dam/jcr/24d8e745-920d-431a-893a-12805bc7ef40/btw_ab49_datenbank_ergebnisse.csv"",""source_record_id"":""csv-record-89"",""retrieved_at"":""2026-10-01T23:20:00.007Z"",""raw_snapshot"":{""path"":""docs/political-data/raw/germany/2026-10-01T23-20-00-007Z_9efffc24b559679a/results.csv"",""sha256"":""9efffc24b559679ade291d8da63462e5523b43ac62064e759737c3ae01418484""},""parser_version"":""germany-production-v1"",""parser_sha256"":""2a8eb3487f392ef83303e7fb9ff246e4c111a7e64a469a6aa9eb21461ae9b1a0"",""fields_covered"":[""total_seats"",""valid_second_votes""],""published_or_derived"":""published"",""columns"":[4,79]},{""source_id"":""src-de-bwl-final-archive"",""source_url"":""https://www.bundeswahlleiterin.de/dam/jcr/ce2d2b6a-f211-4355-8eea-355c98cd4e47/btw_kerg.zip"",""source_record_id"":""af1d7f449974be160ffbbcc359bee00b73fb538a279f7ded5ea99b5b13bfcfbe:btw2013_kerg.csv:340:109"",""retrieved_at"":""2026-10-01T23:21:39.584Z"",""raw_snapshot"":{""path"":""docs/political-data/raw/germany/2026-10-01T23-21-39-584Z_02e7077f9358c9ef/final-results.zip"",""sha256"":""02e7077f9358c9ef408741ee5d17123a43c28ea766b26a7ab338c08fcaeb7512""},""parser_version"":""germany-production-v1"",""parser_sha256"":""2a8eb3487f392ef83303e7fb9ff246e4c111a7e64a469a6aa9eb21461ae9b1a0"",""fields_covered"":[""derived_vote_share""],""published_or_derived"":""derived"",""formula"":""100 * second_votes / valid_second_votes"",""input_fields"":[""second_votes"",""el-de-bt-2013-09-22:valid_second_votes""]},{""source_id"":""src-de-bwl-historical-results"",""source_url"":""https://www.bundeswahlleiterin.de/dam/jcr/24d8e745-920d-431a-893a-12805bc7ef40/btw_ab49_datenbank_ergebnisse.csv"",""source_record_id"":""csv-record-230"",""retrieved_at"":""2026-10-01T23:20:00.007Z"",""raw_snapshot"":{""path"":""docs/political-data/raw/germany/2026-10-01T23-20-00-007Z_9efffc24b559679a/results.csv"",""sha256"":""9efffc24b559679ade291d8da63462e5523b43ac62064e759737c3ae01418484""},""parser_version"":""germany-production-v1"",""parser_sha256"":""2a8eb3487f392ef83303e7fb9ff246e4c111a7e64a469a6aa9eb21461ae9b1a0"",""fields_covered"":[""derived_seat_share""],""published_or_derived"":""derived"",""formula"":""100 * seats / total_seats; null remains null"",""input_fields"":[""seats"",""lg-de-bt-18:total_seats""]}]"
"er-ct-de-0100","germany","national","el-de-bt-2013-09-22","ct-de-0100","second_vote","43726856","631","73854","0.2","0.16889849112408173",,,"final","[{""source_id"":""src-de-bwl-final-archive"",""source_url"":""https://www.bundeswahlleiterin.de/dam/jcr/ce2d2b6a-f211-4355-8eea-355c98cd4e47/btw_kerg.zip"",""source_record_id"":""af1d7f449974be160ffbbcc359bee00b73fb538a279f7ded5ea99b5b13bfcfbe:btw2013_kerg.csv:340:113"",""retrieved_at"":""2026-10-01T23:21:39.584Z"",""raw_snapshot"":{""path"":""docs/political-data/raw/germany/2026-10-01T23-21-39-584Z_02e7077f9358c9ef/final-results.zip"",""sha256"":""02e7077f9358c9ef408741ee5d17123a43c28ea766b26a7ab338c08fcaeb7512""},""parser_version"":""germany-production-v1"",""parser_sha256"":""2a8eb3487f392ef83303e7fb9ff246e4c111a7e64a469a6aa9eb21461ae9b1a0"",""fields_covered"":[""second_votes"",""registered_label_native""],""published_or_derived"":""published"",""source_member"":""btw2013_kerg.csv"",""source_member_sha256"":""af1d7f449974be160ffbbcc359bee00b73fb538a279f7ded5ea99b5b13bfcfbe"",""source_column"":113},{""source_id"":""src-de-bwl-historical-results"",""source_url"":""https://www.bundeswahlleiterin.de/dam/jcr/24d8e745-920d-431a-893a-12805bc7ef40/btw_ab49_datenbank_ergebnisse.csv"",""source_record_id"":""csv-record-490"",""retrieved_at"":""2026-10-01T23:20:00.007Z"",""raw_snapshot"":{""path"":""docs/political-data/raw/germany/2026-10-01T23-20-00-007Z_9efffc24b559679a/results.csv"",""sha256"":""9efffc24b559679ade291d8da63462e5523b43ac62064e759737c3ae01418484""},""parser_version"":""germany-production-v1"",""parser_sha256"":""2a8eb3487f392ef83303e7fb9ff246e4c111a7e64a469a6aa9eb21461ae9b1a0"",""fields_covered"":[""published_vote_share"",""seats""],""published_or_derived"":""published"",""columns"":[6,79],""compilation_label"":""pro Deutschland"",""alignment_basis"":""unique exact national second-vote count in the same election; not party identity""},{""source_id"":""src-de-bwl-historical-results"",""source_url"":""https://www.bundeswahlleiterin.de/dam/jcr/24d8e745-920d-431a-893a-12805bc7ef40/btw_ab49_datenbank_ergebnisse.csv"",""source_record_id"":""csv-record-89"",""retrieved_at"":""2026-10-01T23:20:00.007Z"",""raw_snapshot"":{""path"":""docs/political-data/raw/germany/2026-10-01T23-20-00-007Z_9efffc24b559679a/results.csv"",""sha256"":""9efffc24b559679ade291d8da63462e5523b43ac62064e759737c3ae01418484""},""parser_version"":""germany-production-v1"",""parser_sha256"":""2a8eb3487f392ef83303e7fb9ff246e4c111a7e64a469a6aa9eb21461ae9b1a0"",""fields_covered"":[""total_seats"",""valid_second_votes""],""published_or_derived"":""published"",""columns"":[4,79]},{""source_id"":""src-de-bwl-final-archive"",""source_url"":""https://www.bundeswahlleiterin.de/dam/jcr/ce2d2b6a-f211-4355-8eea-355c98cd4e47/btw_kerg.zip"",""source_record_id"":""af1d7f449974be160ffbbcc359bee00b73fb538a279f7ded5ea99b5b13bfcfbe:btw2013_kerg.csv:340:113"",""retrieved_at"":""2026-10-01T23:21:39.584Z"",""raw_snapshot"":{""path"":""docs/political-data/raw/germany/2026-10-01T23-21-39-584Z_02e7077f9358c9ef/final-results.zip"",""sha256"":""02e7077f9358c9ef408741ee5d17123a43c28ea766b26a7ab338c08fcaeb7512""},""parser_version"":""germany-production-v1"",""parser_sha256"":""2a8eb3487f392ef83303e7fb9ff246e4c111a7e64a469a6aa9eb21461ae9b1a0"",""fields_covered"":[""derived_vote_share""],""published_or_derived"":""derived"",""formula"":""100 * second_votes / valid_second_votes"",""input_fields"":[""second_votes"",""el-de-bt-2013-09-22:valid_second_votes""]},{""source_id"":""src-de-bwl-historical-results"",""source_url"":""https://www.bundeswahlleiterin.de/dam/jcr/24d8e745-920d-431a-893a-12805bc7ef40/btw_ab49_datenbank_ergebnisse.csv"",""source_record_id"":""csv-record-490"",""retrieved_at"":""2026-10-01T23:20:00.007Z"",""raw_snapshot"":{""path"":""docs/political-data/raw/germany/2026-10-01T23-20-00-007Z_9efffc24b559679a/results.csv"",""sha256"":""9efffc24b559679ade291d8da63462e5523b43ac62064e759737c3ae01418484""},""parser_version"":""germany-production-v1"",""parser_sha256"":""2a8eb3487f392ef83303e7fb9ff246e4c111a7e64a469a6aa9eb21461ae9b1a0"",""fields_covered"":[""derived_seat_share""],""published_or_derived"":""derived"",""formula"":""100 * seats / total_seats; null remains null"",""input_fields"":[""seats"",""lg-de-bt-18:total_seats""]}]"
"er-ct-de-0101","germany","national","el-de-bt-2013-09-22","ct-de-0101","second_vote","43726856","631","2245","0","0.005134144563240494",,,"final","[{""source_id"":""src-de-bwl-final-archive"",""source_url"":""https://www.bundeswahlleiterin.de/dam/jcr/ce2d2b6a-f211-4355-8eea-355c98cd4e47/btw_kerg.zip"",""source_record_id"":""af1d7f449974be160ffbbcc359bee00b73fb538a279f7ded5ea99b5b13bfcfbe:btw2013_kerg.csv:340:117"",""retrieved_at"":""2026-10-01T23:21:39.584Z"",""raw_snapshot"":{""path"":""docs/political-data/raw/germany/2026-10-01T23-21-39-584Z_02e7077f9358c9ef/final-results.zip"",""sha256"":""02e7077f9358c9ef408741ee5d17123a43c28ea766b26a7ab338c08fcaeb7512""},""parser_version"":""germany-production-v1"",""parser_sha256"":""2a8eb3487f392ef83303e7fb9ff246e4c111a7e64a469a6aa9eb21461ae9b1a0"",""fields_covered"":[""second_votes"",""registered_label_native""],""published_or_derived"":""published"",""source_member"":""btw2013_kerg.csv"",""source_member_sha256"":""af1d7f449974be160ffbbcc359bee00b73fb538a279f7ded5ea99b5b13bfcfbe"",""source_column"":117},{""source_id"":""src-de-bwl-historical-results"",""source_url"":""https://www.bundeswahlleiterin.de/dam/jcr/24d8e745-920d-431a-893a-12805bc7ef40/btw_ab49_datenbank_ergebnisse.csv"",""source_record_id"":""csv-record-301"",""retrieved_at"":""2026-10-01T23:20:00.007Z"",""raw_snapshot"":{""path"":""docs/political-data/raw/germany/2026-10-01T23-20-00-007Z_9efffc24b559679a/results.csv"",""sha256"":""9efffc24b559679ade291d8da63462e5523b43ac62064e759737c3ae01418484""},""parser_version"":""germany-production-v1"",""parser_sha256"":""2a8eb3487f392ef83303e7fb9ff246e4c111a7e64a469a6aa9eb21461ae9b1a0"",""fields_covered"":[""published_vote_share"",""seats""],""published_or_derived"":""published"",""columns"":[6,79],""compilation_label"":""DIE RECHTE"",""alignment_basis"":""unique exact national second-vote count in the same election; not party identity""},{""source_id"":""src-de-bwl-historical-results"",""source_url"":""https://www.bundeswahlleiterin.de/dam/jcr/24d8e745-920d-431a-893a-12805bc7ef40/btw_ab49_datenbank_ergebnisse.csv"",""source_record_id"":""csv-record-89"",""retrieved_at"":""2026-10-01T23:20:00.007Z"",""raw_snapshot"":{""path"":""docs/political-data/raw/germany/2026-10-01T23-20-00-007Z_9efffc24b559679a/results.csv"",""sha256"":""9efffc24b559679ade291d8da63462e5523b43ac62064e759737c3ae01418484""},""parser_version"":""germany-production-v1"",""parser_sha256"":""2a8eb3487f392ef83303e7fb9ff246e4c111a7e64a469a6aa9eb21461ae9b1a0"",""fields_covered"":[""total_seats"",""valid_second_votes""],""published_or_derived"":""published"",""columns"":[4,79]},{""source_id"":""src-de-bwl-final-archive"",""source_url"":""https://www.bundeswahlleiterin.de/dam/jcr/ce2d2b6a-f211-4355-8eea-355c98cd4e47/btw_kerg.zip"",""source_record_id"":""af1d7f449974be160ffbbcc359bee00b73fb538a279f7ded5ea99b5b13bfcfbe:btw2013_kerg.csv:340:117"",""retrieved_at"":""2026-10-01T23:21:39.584Z"",""raw_snapshot"":{""path"":""docs/political-data/raw/germany/2026-10-01T23-21-39-584Z_02e7077f9358c9ef/final-results.zip"",""sha256"":""02e7077f9358c9ef408741ee5d17123a43c28ea766b26a7ab338c08fcaeb7512""},""parser_version"":""germany-production-v1"",""parser_sha256"":""2a8eb3487f392ef83303e7fb9ff246e4c111a7e64a469a6aa9eb21461ae9b1a0"",""fields_covered"":[""derived_vote_share""],""published_or_derived"":""derived"",""formula"":""100 * second_votes / valid_second_votes"",""input_fields"":[""second_votes"",""el-de-bt-2013-09-22:valid_second_votes""]},{""source_id"":""src-de-bwl-historical-results"",""source_url"":""https://www.bundeswahlleiterin.de/dam/jcr/24d8e745-920d-431a-893a-12805bc7ef40/btw_ab49_datenbank_ergebnisse.csv"",""source_record_id"":""csv-record-301"",""retrieved_at"":""2026-10-01T23:20:00.007Z"",""raw_snapshot"":{""path"":""docs/political-data/raw/germany/2026-10-01T23-20-00-007Z_9efffc24b559679a/results.csv"",""sha256"":""9efffc24b559679ade291d8da63462e5523b43ac62064e759737c3ae01418484""},""parser_version"":""germany-production-v1"",""parser_sha256"":""2a8eb3487f392ef83303e7fb9ff246e4c111a7e64a469a6aa9eb21461ae9b1a0"",""fields_covered"":[""derived_seat_share""],""published_or_derived"":""derived"",""formula"":""100 * seats / total_seats; null remains null"",""input_fields"":[""seats"",""lg-de-bt-18:total_seats""]}]"
"er-ct-de-0102","germany","national","el-de-bt-2013-09-22","ct-de-0102","second_vote","43726856","631","12148","0","0.02778155374353921",,,"final","[{""source_id"":""src-de-bwl-final-archive"",""source_url"":""https://www.bundeswahlleiterin.de/dam/jcr/ce2d2b6a-f211-4355-8eea-355c98cd4e47/btw_kerg.zip"",""source_record_id"":""af1d7f449974be160ffbbcc359bee00b73fb538a279f7ded5ea99b5b13bfcfbe:btw2013_kerg.csv:340:121"",""retrieved_at"":""2026-10-01T23:21:39.584Z"",""raw_snapshot"":{""path"":""docs/political-data/raw/germany/2026-10-01T23-21-39-584Z_02e7077f9358c9ef/final-results.zip"",""sha256"":""02e7077f9358c9ef408741ee5d17123a43c28ea766b26a7ab338c08fcaeb7512""},""parser_version"":""germany-production-v1"",""parser_sha256"":""2a8eb3487f392ef83303e7fb9ff246e4c111a7e64a469a6aa9eb21461ae9b1a0"",""fields_covered"":[""second_votes"",""registered_label_native""],""published_or_derived"":""published"",""source_member"":""btw2013_kerg.csv"",""source_member_sha256"":""af1d7f449974be160ffbbcc359bee00b73fb538a279f7ded5ea99b5b13bfcfbe"",""source_column"":121},{""source_id"":""src-de-bwl-historical-results"",""source_url"":""https://www.bundeswahlleiterin.de/dam/jcr/24d8e745-920d-431a-893a-12805bc7ef40/btw_ab49_datenbank_ergebnisse.csv"",""source_record_id"":""csv-record-292"",""retrieved_at"":""2026-10-01T23:20:00.007Z"",""raw_snapshot"":{""path"":""docs/political-data/raw/germany/2026-10-01T23-20-00-007Z_9efffc24b559679a/results.csv"",""sha256"":""9efffc24b559679ade291d8da63462e5523b43ac62064e759737c3ae01418484""},""parser_version"":""germany-production-v1"",""parser_sha256"":""2a8eb3487f392ef83303e7fb9ff246e4c111a7e64a469a6aa9eb21461ae9b1a0"",""fields_covered"":[""published_vote_share"",""seats""],""published_or_derived"":""published"",""columns"":[6,79],""compilation_label"":""DIE FRAUEN"",""alignment_basis"":""unique exact national second-vote count in the same election; not party identity""},{""source_id"":""src-de-bwl-historical-results"",""source_url"":""https://www.bundeswahlleiterin.de/dam/jcr/24d8e745-920d-431a-893a-12805bc7ef40/btw_ab49_datenbank_ergebnisse.csv"",""source_record_id"":""csv-record-89"",""retrieved_at"":""2026-10-01T23:20:00.007Z"",""raw_snapshot"":{""path"":""docs/political-data/raw/germany/2026-10-01T23-20-00-007Z_9efffc24b559679a/results.csv"",""sha256"":""9efffc24b559679ade291d8da63462e5523b43ac62064e759737c3ae01418484""},""parser_version"":""germany-production-v1"",""parser_sha256"":""2a8eb3487f392ef83303e7fb9ff246e4c111a7e64a469a6aa9eb21461ae9b1a0"",""fields_covered"":[""total_seats"",""valid_second_votes""],""published_or_derived"":""published"",""columns"":[4,79]},{""source_id"":""src-de-bwl-final-archive"",""source_url"":""https://www.bundeswahlleiterin.de/dam/jcr/ce2d2b6a-f211-4355-8eea-355c98cd4e47/btw_kerg.zip"",""source_record_id"":""af1d7f449974be160ffbbcc359bee00b73fb538a279f7ded5ea99b5b13bfcfbe:btw2013_kerg.csv:340:121"",""retrieved_at"":""2026-10-01T23:21:39.584Z"",""raw_snapshot"":{""path"":""docs/political-data/raw/germany/2026-10-01T23-21-39-584Z_02e7077f9358c9ef/final-results.zip"",""sha256"":""02e7077f9358c9ef408741ee5d17123a43c28ea766b26a7ab338c08fcaeb7512""},""parser_version"":""germany-production-v1"",""parser_sha256"":""2a8eb3487f392ef83303e7fb9ff246e4c111a7e64a469a6aa9eb21461ae9b1a0"",""fields_covered"":[""derived_vote_share""],""published_or_derived"":""derived"",""formula"":""100 * second_votes / valid_second_votes"",""input_fields"":[""second_votes"",""el-de-bt-2013-09-22:valid_second_votes""]},{""source_id"":""src-de-bwl-historical-results"",""source_url"":""https://www.bundeswahlleiterin.de/dam/jcr/24d8e745-920d-431a-893a-12805bc7ef40/btw_ab49_datenbank_ergebnisse.csv"",""source_record_id"":""csv-record-292"",""retrieved_at"":""2026-10-01T23:20:00.007Z"",""raw_snapshot"":{""path"":""docs/political-data/raw/germany/2026-10-01T23-20-00-007Z_9efffc24b559679a/results.csv"",""sha256"":""9efffc24b559679ade291d8da63462e5523b43ac62064e759737c3ae01418484""},""parser_version"":""germany-production-v1"",""parser_sha256"":""2a8eb3487f392ef83303e7fb9ff246e4c111a7e64a469a6aa9eb21461ae9b1a0"",""fields_covered"":[""derived_seat_share""],""published_or_derived"":""derived"",""formula"":""100 * seats / total_seats; null remains null"",""input_fields"":[""seats"",""lg-de-bt-18:total_seats""]}]"
"er-ct-de-0103","germany","national","el-de-bt-2013-09-22","ct-de-0103","second_vote","43726856","631","423977","1","0.9696032113536815",,,"final","[{""source_id"":""src-de-bwl-final-archive"",""source_url"":""https://www.bundeswahlleiterin.de/dam/jcr/ce2d2b6a-f211-4355-8eea-355c98cd4e47/btw_kerg.zip"",""source_record_id"":""af1d7f449974be160ffbbcc359bee00b73fb538a279f7ded5ea99b5b13bfcfbe:btw2013_kerg.csv:340:125"",""retrieved_at"":""2026-10-01T23:21:39.584Z"",""raw_snapshot"":{""path"":""docs/political-data/raw/germany/2026-10-01T23-21-39-584Z_02e7077f9358c9ef/final-results.zip"",""sha256"":""02e7077f9358c9ef408741ee5d17123a43c28ea766b26a7ab338c08fcaeb7512""},""parser_version"":""germany-production-v1"",""parser_sha256"":""2a8eb3487f392ef83303e7fb9ff246e4c111a7e64a469a6aa9eb21461ae9b1a0"",""fields_covered"":[""second_votes"",""registered_label_native""],""published_or_derived"":""published"",""source_member"":""btw2013_kerg.csv"",""source_member_sha256"":""af1d7f449974be160ffbbcc359bee00b73fb538a279f7ded5ea99b5b13bfcfbe"",""source_column"":125},{""source_id"":""src-de-bwl-historical-results"",""source_url"":""https://www.bundeswahlleiterin.de/dam/jcr/24d8e745-920d-431a-893a-12805bc7ef40/btw_ab49_datenbank_ergebnisse.csv"",""source_record_id"":""csv-record-368"",""retrieved_at"":""2026-10-01T23:20:00.007Z"",""raw_snapshot"":{""path"":""docs/political-data/raw/germany/2026-10-01T23-20-00-007Z_9efffc24b559679a/results.csv"",""sha256"":""9efffc24b559679ade291d8da63462e5523b43ac62064e759737c3ae01418484""},""parser_version"":""germany-production-v1"",""parser_sha256"":""2a8eb3487f392ef83303e7fb9ff246e4c111a7e64a469a6aa9eb21461ae9b1a0"",""fields_covered"":[""published_vote_share"",""seats""],""published_or_derived"":""published"",""columns"":[6,79],""compilation_label"":""FREIE WÄHLER"",""alignment_basis"":""unique exact national second-vote count in the same election; not party identity""},{""source_id"":""src-de-bwl-historical-results"",""source_url"":""https://www.bundeswahlleiterin.de/dam/jcr/24d8e745-920d-431a-893a-12805bc7ef40/btw_ab49_datenbank_ergebnisse.csv"",""source_record_id"":""csv-record-89"",""retrieved_at"":""2026-10-01T23:20:00.007Z"",""raw_snapshot"":{""path"":""docs/political-data/raw/germany/2026-10-01T23-20-00-007Z_9efffc24b559679a/results.csv"",""sha256"":""9efffc24b559679ade291d8da63462e5523b43ac62064e759737c3ae01418484""},""parser_version"":""germany-production-v1"",""parser_sha256"":""2a8eb3487f392ef83303e7fb9ff246e4c111a7e64a469a6aa9eb21461ae9b1a0"",""fields_covered"":[""total_seats"",""valid_second_votes""],""published_or_derived"":""published"",""columns"":[4,79]},{""source_id"":""src-de-bwl-final-archive"",""source_url"":""https://www.bundeswahlleiterin.de/dam/jcr/ce2d2b6a-f211-4355-8eea-355c98cd4e47/btw_kerg.zip"",""source_record_id"":""af1d7f449974be160ffbbcc359bee00b73fb538a279f7ded5ea99b5b13bfcfbe:btw2013_kerg.csv:340:125"",""retrieved_at"":""2026-10-01T23:21:39.584Z"",""raw_snapshot"":{""path"":""docs/political-data/raw/germany/2026-10-01T23-21-39-584Z_02e7077f9358c9ef/final-results.zip"",""sha256"":""02e7077f9358c9ef408741ee5d17123a43c28ea766b26a7ab338c08fcaeb7512""},""parser_version"":""germany-production-v1"",""parser_sha256"":""2a8eb3487f392ef83303e7fb9ff246e4c111a7e64a469a6aa9eb21461ae9b1a0"",""fields_covered"":[""derived_vote_share""],""published_or_derived"":""derived"",""formula"":""100 * second_votes / valid_second_votes"",""input_fields"":[""second_votes"",""el-de-bt-2013-09-22:valid_second_votes""]},{""source_id"":""src-de-bwl-historical-results"",""source_url"":""https://www.bundeswahlleiterin.de/dam/jcr/24d8e745-920d-431a-893a-12805bc7ef40/btw_ab49_datenbank_ergebnisse.csv"",""source_record_id"":""csv-record-368"",""retrieved_at"":""2026-10-01T23:20:00.007Z"",""raw_snapshot"":{""path"":""docs/political-data/raw/germany/2026-10-01T23-20-00-007Z_9efffc24b559679a/results.csv"",""sha256"":""9efffc24b559679ade291d8da63462e5523b43ac62064e759737c3ae01418484""},""parser_version"":""germany-production-v1"",""parser_sha256"":""2a8eb3487f392ef83303e7fb9ff246e4c111a7e64a469a6aa9eb21461ae9b1a0"",""fields_covered"":[""derived_seat_share""],""published_or_derived"":""derived"",""formula"":""100 * seats / total_seats; null remains null"",""input_fields"":[""seats"",""lg-de-bt-18:total_seats""]}]"
"er-ct-de-0104","germany","national","el-de-bt-2013-09-22","ct-de-0104","second_vote","43726856","631","11349","0","0.025954301402323552",,,"final","[{""source_id"":""src-de-bwl-final-archive"",""source_url"":""https://www.bundeswahlleiterin.de/dam/jcr/ce2d2b6a-f211-4355-8eea-355c98cd4e47/btw_kerg.zip"",""source_record_id"":""af1d7f449974be160ffbbcc359bee00b73fb538a279f7ded5ea99b5b13bfcfbe:btw2013_kerg.csv:340:129"",""retrieved_at"":""2026-10-01T23:21:39.584Z"",""raw_snapshot"":{""path"":""docs/political-data/raw/germany/2026-10-01T23-21-39-584Z_02e7077f9358c9ef/final-results.zip"",""sha256"":""02e7077f9358c9ef408741ee5d17123a43c28ea766b26a7ab338c08fcaeb7512""},""parser_version"":""germany-production-v1"",""parser_sha256"":""2a8eb3487f392ef83303e7fb9ff246e4c111a7e64a469a6aa9eb21461ae9b1a0"",""fields_covered"":[""second_votes"",""registered_label_native""],""published_or_derived"":""published"",""source_member"":""btw2013_kerg.csv"",""source_member_sha256"":""af1d7f449974be160ffbbcc359bee00b73fb538a279f7ded5ea99b5b13bfcfbe"",""source_column"":129},{""source_id"":""src-de-bwl-historical-results"",""source_url"":""https://www.bundeswahlleiterin.de/dam/jcr/24d8e745-920d-431a-893a-12805bc7ef40/btw_ab49_datenbank_ergebnisse.csv"",""source_record_id"":""csv-record-451"",""retrieved_at"":""2026-10-01T23:20:00.007Z"",""raw_snapshot"":{""path"":""docs/political-data/raw/germany/2026-10-01T23-20-00-007Z_9efffc24b559679a/results.csv"",""sha256"":""9efffc24b559679ade291d8da63462e5523b43ac62064e759737c3ae01418484""},""parser_version"":""germany-production-v1"",""parser_sha256"":""2a8eb3487f392ef83303e7fb9ff246e4c111a7e64a469a6aa9eb21461ae9b1a0"",""fields_covered"":[""published_vote_share"",""seats""],""published_or_derived"":""published"",""columns"":[6,79],""compilation_label"":""Nichtwähler"",""alignment_basis"":""unique exact national second-vote count in the same election; not party identity""},{""source_id"":""src-de-bwl-historical-results"",""source_url"":""https://www.bundeswahlleiterin.de/dam/jcr/24d8e745-920d-431a-893a-12805bc7ef40/btw_ab49_datenbank_ergebnisse.csv"",""source_record_id"":""csv-record-89"",""retrieved_at"":""2026-10-01T23:20:00.007Z"",""raw_snapshot"":{""path"":""docs/political-data/raw/germany/2026-10-01T23-20-00-007Z_9efffc24b559679a/results.csv"",""sha256"":""9efffc24b559679ade291d8da63462e5523b43ac62064e759737c3ae01418484""},""parser_version"":""germany-production-v1"",""parser_sha256"":""2a8eb3487f392ef83303e7fb9ff246e4c111a7e64a469a6aa9eb21461ae9b1a0"",""fields_covered"":[""total_seats"",""valid_second_votes""],""published_or_derived"":""published"",""columns"":[4,79]},{""source_id"":""src-de-bwl-final-archive"",""source_url"":""https://www.bundeswahlleiterin.de/dam/jcr/ce2d2b6a-f211-4355-8eea-355c98cd4e47/btw_kerg.zip"",""source_record_id"":""af1d7f449974be160ffbbcc359bee00b73fb538a279f7ded5ea99b5b13bfcfbe:btw2013_kerg.csv:340:129"",""retrieved_at"":""2026-10-01T23:21:39.584Z"",""raw_snapshot"":{""path"":""docs/political-data/raw/germany/2026-10-01T23-21-39-584Z_02e7077f9358c9ef/final-results.zip"",""sha256"":""02e7077f9358c9ef408741ee5d17123a43c28ea766b26a7ab338c08fcaeb7512""},""parser_version"":""germany-production-v1"",""parser_sha256"":""2a8eb3487f392ef83303e7fb9ff246e4c111a7e64a469a6aa9eb21461ae9b1a0"",""fields_covered"":[""derived_vote_share""],""published_or_derived"":""derived"",""formula"":""100 * second_votes / valid_second_votes"",""input_fields"":[""second_votes"",""el-de-bt-2013-09-22:valid_second_votes""]},{""source_id"":""src-de-bwl-historical-results"",""source_url"":""https://www.bundeswahlleiterin.de/dam/jcr/24d8e745-920d-431a-893a-12805bc7ef40/btw_ab49_datenbank_ergebnisse.csv"",""source_record_id"":""csv-record-451"",""retrieved_at"":""2026-10-01T23:20:00.007Z"",""raw_snapshot"":{""path"":""docs/political-data/raw/germany/2026-10-01T23-20-00-007Z_9efffc24b559679a/results.csv"",""sha256"":""9efffc24b559679ade291d8da63462e5523b43ac62064e759737c3ae01418484""},""parser_version"":""germany-production-v1"",""parser_sha256"":""2a8eb3487f392ef83303e7fb9ff246e4c111a7e64a469a6aa9eb21461ae9b1a0"",""fields_covered"":[""derived_seat_share""],""published_or_derived"":""derived"",""formula"":""100 * seats / total_seats; null remains null"",""input_fields"":[""seats"",""lg-de-bt-18:total_seats""]}]"
"er-ct-de-0105","germany","national","el-de-bt-2013-09-22","ct-de-0105","second_vote","43726856","631","24719","0.1","0.05653047637360436",,,"final","[{""source_id"":""src-de-bwl-final-archive"",""source_url"":""https://www.bundeswahlleiterin.de/dam/jcr/ce2d2b6a-f211-4355-8eea-355c98cd4e47/btw_kerg.zip"",""source_record_id"":""af1d7f449974be160ffbbcc359bee00b73fb538a279f7ded5ea99b5b13bfcfbe:btw2013_kerg.csv:340:133"",""retrieved_at"":""2026-10-01T23:21:39.584Z"",""raw_snapshot"":{""path"":""docs/political-data/raw/germany/2026-10-01T23-21-39-584Z_02e7077f9358c9ef/final-results.zip"",""sha256"":""02e7077f9358c9ef408741ee5d17123a43c28ea766b26a7ab338c08fcaeb7512""},""parser_version"":""germany-production-v1"",""parser_sha256"":""2a8eb3487f392ef83303e7fb9ff246e4c111a7e64a469a6aa9eb21461ae9b1a0"",""fields_covered"":[""second_votes"",""registered_label_native""],""published_or_derived"":""published"",""source_member"":""btw2013_kerg.csv"",""source_member_sha256"":""af1d7f449974be160ffbbcc359bee00b73fb538a279f7ded5ea99b5b13bfcfbe"",""source_column"":133},{""source_id"":""src-de-bwl-historical-results"",""source_url"":""https://www.bundeswahlleiterin.de/dam/jcr/24d8e745-920d-431a-893a-12805bc7ef40/btw_ab49_datenbank_ergebnisse.csv"",""source_record_id"":""csv-record-482"",""retrieved_at"":""2026-10-01T23:20:00.007Z"",""raw_snapshot"":{""path"":""docs/political-data/raw/germany/2026-10-01T23-20-00-007Z_9efffc24b559679a/results.csv"",""sha256"":""9efffc24b559679ade291d8da63462e5523b43ac62064e759737c3ae01418484""},""parser_version"":""germany-production-v1"",""parser_sha256"":""2a8eb3487f392ef83303e7fb9ff246e4c111a7e64a469a6aa9eb21461ae9b1a0"",""fields_covered"":[""published_vote_share"",""seats""],""published_or_derived"":""published"",""columns"":[6,79],""compilation_label"":""PDV"",""alignment_basis"":""unique exact national second-vote count in the same election; not party identity""},{""source_id"":""src-de-bwl-historical-results"",""source_url"":""https://www.bundeswahlleiterin.de/dam/jcr/24d8e745-920d-431a-893a-12805bc7ef40/btw_ab49_datenbank_ergebnisse.csv"",""source_record_id"":""csv-record-89"",""retrieved_at"":""2026-10-01T23:20:00.007Z"",""raw_snapshot"":{""path"":""docs/political-data/raw/germany/2026-10-01T23-20-00-007Z_9efffc24b559679a/results.csv"",""sha256"":""9efffc24b559679ade291d8da63462e5523b43ac62064e759737c3ae01418484""},""parser_version"":""germany-production-v1"",""parser_sha256"":""2a8eb3487f392ef83303e7fb9ff246e4c111a7e64a469a6aa9eb21461ae9b1a0"",""fields_covered"":[""total_seats"",""valid_second_votes""],""published_or_derived"":""published"",""columns"":[4,79]},{""source_id"":""src-de-bwl-final-archive"",""source_url"":""https://www.bundeswahlleiterin.de/dam/jcr/ce2d2b6a-f211-4355-8eea-355c98cd4e47/btw_kerg.zip"",""source_record_id"":""af1d7f449974be160ffbbcc359bee00b73fb538a279f7ded5ea99b5b13bfcfbe:btw2013_kerg.csv:340:133"",""retrieved_at"":""2026-10-01T23:21:39.584Z"",""raw_snapshot"":{""path"":""docs/political-data/raw/germany/2026-10-01T23-21-39-584Z_02e7077f9358c9ef/final-results.zip"",""sha256"":""02e7077f9358c9ef408741ee5d17123a43c28ea766b26a7ab338c08fcaeb7512""},""parser_version"":""germany-production-v1"",""parser_sha256"":""2a8eb3487f392ef83303e7fb9ff246e4c111a7e64a469a6aa9eb21461ae9b1a0"",""fields_covered"":[""derived_vote_share""],""published_or_derived"":""derived"",""formula"":""100 * second_votes / valid_second_votes"",""input_fields"":[""second_votes"",""el-de-bt-2013-09-22:valid_second_votes""]},{""source_id"":""src-de-bwl-historical-results"",""source_url"":""https://www.bundeswahlleiterin.de/dam/jcr/24d8e745-920d-431a-893a-12805bc7ef40/btw_ab49_datenbank_ergebnisse.csv"",""source_record_id"":""csv-record-482"",""retrieved_at"":""2026-10-01T23:20:00.007Z"",""raw_snapshot"":{""path"":""docs/political-data/raw/germany/2026-10-01T23-20-00-007Z_9efffc24b559679a/results.csv"",""sha256"":""9efffc24b559679ade291d8da63462e5523b43ac62064e759737c3ae01418484""},""parser_version"":""germany-production-v1"",""parser_sha256"":""2a8eb3487f392ef83303e7fb9ff246e4c111a7e64a469a6aa9eb21461ae9b1a0"",""fields_covered"":[""derived_seat_share""],""published_or_derived"":""derived"",""formula"":""100 * seats / total_seats; null remains null"",""input_fields"":[""seats"",""lg-de-bt-18:total_seats""]}]"
"er-ct-de-0106","germany","national","el-de-bt-2013-09-22","ct-de-0106","second_vote","43726856","631","78674","0.2","0.17992146519749785",,,"final","[{""source_id"":""src-de-bwl-final-archive"",""source_url"":""https://www.bundeswahlleiterin.de/dam/jcr/ce2d2b6a-f211-4355-8eea-355c98cd4e47/btw_kerg.zip"",""source_record_id"":""af1d7f449974be160ffbbcc359bee00b73fb538a279f7ded5ea99b5b13bfcfbe:btw2013_kerg.csv:340:137"",""retrieved_at"":""2026-10-01T23:21:39.584Z"",""raw_snapshot"":{""path"":""docs/political-data/raw/germany/2026-10-01T23-21-39-584Z_02e7077f9358c9ef/final-results.zip"",""sha256"":""02e7077f9358c9ef408741ee5d17123a43c28ea766b26a7ab338c08fcaeb7512""},""parser_version"":""germany-production-v1"",""parser_sha256"":""2a8eb3487f392ef83303e7fb9ff246e4c111a7e64a469a6aa9eb21461ae9b1a0"",""fields_covered"":[""second_votes"",""registered_label_native""],""published_or_derived"":""published"",""source_member"":""btw2013_kerg.csv"",""source_member_sha256"":""af1d7f449974be160ffbbcc359bee00b73fb538a279f7ded5ea99b5b13bfcfbe"",""source_column"":137},{""source_id"":""src-de-bwl-historical-results"",""source_url"":""https://www.bundeswahlleiterin.de/dam/jcr/24d8e745-920d-431a-893a-12805bc7ef40/btw_ab49_datenbank_ergebnisse.csv"",""source_record_id"":""csv-record-297"",""retrieved_at"":""2026-10-01T23:20:00.007Z"",""raw_snapshot"":{""path"":""docs/political-data/raw/germany/2026-10-01T23-20-00-007Z_9efffc24b559679a/results.csv"",""sha256"":""9efffc24b559679ade291d8da63462e5523b43ac62064e759737c3ae01418484""},""parser_version"":""germany-production-v1"",""parser_sha256"":""2a8eb3487f392ef83303e7fb9ff246e4c111a7e64a469a6aa9eb21461ae9b1a0"",""fields_covered"":[""published_vote_share"",""seats""],""published_or_derived"":""published"",""columns"":[6,79],""compilation_label"":""Die PARTEI"",""alignment_basis"":""unique exact national second-vote count in the same election; not party identity""},{""source_id"":""src-de-bwl-historical-results"",""source_url"":""https://www.bundeswahlleiterin.de/dam/jcr/24d8e745-920d-431a-893a-12805bc7ef40/btw_ab49_datenbank_ergebnisse.csv"",""source_record_id"":""csv-record-89"",""retrieved_at"":""2026-10-01T23:20:00.007Z"",""raw_snapshot"":{""path"":""docs/political-data/raw/germany/2026-10-01T23-20-00-007Z_9efffc24b559679a/results.csv"",""sha256"":""9efffc24b559679ade291d8da63462e5523b43ac62064e759737c3ae01418484""},""parser_version"":""germany-production-v1"",""parser_sha256"":""2a8eb3487f392ef83303e7fb9ff246e4c111a7e64a469a6aa9eb21461ae9b1a0"",""fields_covered"":[""total_seats"",""valid_second_votes""],""published_or_derived"":""published"",""columns"":[4,79]},{""source_id"":""src-de-bwl-final-archive"",""source_url"":""https://www.bundeswahlleiterin.de/dam/jcr/ce2d2b6a-f211-4355-8eea-355c98cd4e47/btw_kerg.zip"",""source_record_id"":""af1d7f449974be160ffbbcc359bee00b73fb538a279f7ded5ea99b5b13bfcfbe:btw2013_kerg.csv:340:137"",""retrieved_at"":""2026-10-01T23:21:39.584Z"",""raw_snapshot"":{""path"":""docs/political-data/raw/germany/2026-10-01T23-21-39-584Z_02e7077f9358c9ef/final-results.zip"",""sha256"":""02e7077f9358c9ef408741ee5d17123a43c28ea766b26a7ab338c08fcaeb7512""},""parser_version"":""germany-production-v1"",""parser_sha256"":""2a8eb3487f392ef83303e7fb9ff246e4c111a7e64a469a6aa9eb21461ae9b1a0"",""fields_covered"":[""derived_vote_share""],""published_or_derived"":""derived"",""formula"":""100 * second_votes / valid_second_votes"",""input_fields"":[""second_votes"",""el-de-bt-2013-09-22:valid_second_votes""]},{""source_id"":""src-de-bwl-historical-results"",""source_url"":""https://www.bundeswahlleiterin.de/dam/jcr/24d8e745-920d-431a-893a-12805bc7ef40/btw_ab49_datenbank_ergebnisse.csv"",""source_record_id"":""csv-record-297"",""retrieved_at"":""2026-10-01T23:20:00.007Z"",""raw_snapshot"":{""path"":""docs/political-data/raw/germany/2026-10-01T23-20-00-007Z_9efffc24b559679a/results.csv"",""sha256"":""9efffc24b559679ade291d8da63462e5523b43ac62064e759737c3ae01418484""},""parser_version"":""germany-production-v1"",""parser_sha256"":""2a8eb3487f392ef83303e7fb9ff246e4c111a7e64a469a6aa9eb21461ae9b1a0"",""fields_covered"":[""derived_seat_share""],""published_or_derived"":""derived"",""formula"":""100 * seats / total_seats; null remains null"",""input_fields"":[""seats"",""lg-de-bt-18:total_seats""]}]"
"er-ct-de-0107","germany","national","el-de-bt-2017-09-24","ct-de-0107","second_vote","46515492","709","12447656","26.8","26.760237213012818","200","28.208744710860366","final","[{""source_id"":""src-de-bwl-final-archive"",""source_url"":""https://www.bundeswahlleiterin.de/dam/jcr/ce2d2b6a-f211-4355-8eea-355c98cd4e47/btw_kerg.zip"",""source_record_id"":""d5d5009b8cbe5cc2e4a75760a057bda2b29f656a41b157e28557aa47b0e34c4f:btw2017_kerg.csv:340:21"",""retrieved_at"":""2026-10-01T23:21:39.584Z"",""raw_snapshot"":{""path"":""docs/political-data/raw/germany/2026-10-01T23-21-39-584Z_02e7077f9358c9ef/final-results.zip"",""sha256"":""02e7077f9358c9ef408741ee5d17123a43c28ea766b26a7ab338c08fcaeb7512""},""parser_version"":""germany-production-v1"",""parser_sha256"":""2a8eb3487f392ef83303e7fb9ff246e4c111a7e64a469a6aa9eb21461ae9b1a0"",""fields_covered"":[""second_votes"",""registered_label_native""],""published_or_derived"":""published"",""source_member"":""btw2017_kerg.csv"",""source_member_sha256"":""d5d5009b8cbe5cc2e4a75760a057bda2b29f656a41b157e28557aa47b0e34c4f"",""source_column"":21},{""source_id"":""src-de-bwl-historical-results"",""source_url"":""https://www.bundeswahlleiterin.de/dam/jcr/24d8e745-920d-431a-893a-12805bc7ef40/btw_ab49_datenbank_ergebnisse.csv"",""source_record_id"":""csv-record-132"",""retrieved_at"":""2026-10-01T23:20:00.007Z"",""raw_snapshot"":{""path"":""docs/political-data/raw/germany/2026-10-01T23-20-00-007Z_9efffc24b559679a/results.csv"",""sha256"":""9efffc24b559679ade291d8da63462e5523b43ac62064e759737c3ae01418484""},""parser_version"":""germany-production-v1"",""parser_sha256"":""2a8eb3487f392ef83303e7fb9ff246e4c111a7e64a469a6aa9eb21461ae9b1a0"",""fields_covered"":[""published_vote_share"",""seats""],""published_or_derived"":""published"",""columns"":[6,79],""compilation_label"":""CDU"",""alignment_basis"":""unique exact national second-vote count in the same election; not party identity""},{""source_id"":""src-de-bwl-historical-results"",""source_url"":""https://www.bundeswahlleiterin.de/dam/jcr/24d8e745-920d-431a-893a-12805bc7ef40/btw_ab49_datenbank_ergebnisse.csv"",""source_record_id"":""csv-record-90"",""retrieved_at"":""2026-10-01T23:20:00.007Z"",""raw_snapshot"":{""path"":""docs/political-data/raw/germany/2026-10-01T23-20-00-007Z_9efffc24b559679a/results.csv"",""sha256"":""9efffc24b559679ade291d8da63462e5523b43ac62064e759737c3ae01418484""},""parser_version"":""germany-production-v1"",""parser_sha256"":""2a8eb3487f392ef83303e7fb9ff246e4c111a7e64a469a6aa9eb21461ae9b1a0"",""fields_covered"":[""total_seats"",""valid_second_votes""],""published_or_derived"":""published"",""columns"":[4,79]},{""source_id"":""src-de-bwl-final-archive"",""source_url"":""https://www.bundeswahlleiterin.de/dam/jcr/ce2d2b6a-f211-4355-8eea-355c98cd4e47/btw_kerg.zip"",""source_record_id"":""d5d5009b8cbe5cc2e4a75760a057bda2b29f656a41b157e28557aa47b0e34c4f:btw2017_kerg.csv:340:21"",""retrieved_at"":""2026-10-01T23:21:39.584Z"",""raw_snapshot"":{""path"":""docs/political-data/raw/germany/2026-10-01T23-21-39-584Z_02e7077f9358c9ef/final-results.zip"",""sha256"":""02e7077f9358c9ef408741ee5d17123a43c28ea766b26a7ab338c08fcaeb7512""},""parser_version"":""germany-production-v1"",""parser_sha256"":""2a8eb3487f392ef83303e7fb9ff246e4c111a7e64a469a6aa9eb21461ae9b1a0"",""fields_covered"":[""derived_vote_share""],""published_or_derived"":""derived"",""formula"":""100 * second_votes / valid_second_votes"",""input_fields"":[""second_votes"",""el-de-bt-2017-09-24:valid_second_votes""]},{""source_id"":""src-de-bwl-historical-results"",""source_url"":""https://www.bundeswahlleiterin.de/dam/jcr/24d8e745-920d-431a-893a-12805bc7ef40/btw_ab49_datenbank_ergebnisse.csv"",""source_record_id"":""csv-record-132"",""retrieved_at"":""2026-10-01T23:20:00.007Z"",""raw_snapshot"":{""path"":""docs/political-data/raw/germany/2026-10-01T23-20-00-007Z_9efffc24b559679a/results.csv"",""sha256"":""9efffc24b559679ade291d8da63462e5523b43ac62064e759737c3ae01418484""},""parser_version"":""germany-production-v1"",""parser_sha256"":""2a8eb3487f392ef83303e7fb9ff246e4c111a7e64a469a6aa9eb21461ae9b1a0"",""fields_covered"":[""derived_seat_share""],""published_or_derived"":""derived"",""formula"":""100 * seats / total_seats; null remains null"",""input_fields"":[""seats"",""lg-de-bt-19:total_seats""]}]"
"er-ct-de-0108","germany","national","el-de-bt-2017-09-24","ct-de-0108","second_vote","46515492","709","9539381","20.5","20.507965389251392","153","21.57968970380818","final","[{""source_id"":""src-de-bwl-final-archive"",""source_url"":""https://www.bundeswahlleiterin.de/dam/jcr/ce2d2b6a-f211-4355-8eea-355c98cd4e47/btw_kerg.zip"",""source_record_id"":""d5d5009b8cbe5cc2e4a75760a057bda2b29f656a41b157e28557aa47b0e34c4f:btw2017_kerg.csv:340:25"",""retrieved_at"":""2026-10-01T23:21:39.584Z"",""raw_snapshot"":{""path"":""docs/political-data/raw/germany/2026-10-01T23-21-39-584Z_02e7077f9358c9ef/final-results.zip"",""sha256"":""02e7077f9358c9ef408741ee5d17123a43c28ea766b26a7ab338c08fcaeb7512""},""parser_version"":""germany-production-v1"",""parser_sha256"":""2a8eb3487f392ef83303e7fb9ff246e4c111a7e64a469a6aa9eb21461ae9b1a0"",""fields_covered"":[""second_votes"",""registered_label_native""],""published_or_derived"":""published"",""source_member"":""btw2017_kerg.csv"",""source_member_sha256"":""d5d5009b8cbe5cc2e4a75760a057bda2b29f656a41b157e28557aa47b0e34c4f"",""source_column"":25},{""source_id"":""src-de-bwl-historical-results"",""source_url"":""https://www.bundeswahlleiterin.de/dam/jcr/24d8e745-920d-431a-893a-12805bc7ef40/btw_ab49_datenbank_ergebnisse.csv"",""source_record_id"":""csv-record-111"",""retrieved_at"":""2026-10-01T23:20:00.007Z"",""raw_snapshot"":{""path"":""docs/political-data/raw/germany/2026-10-01T23-20-00-007Z_9efffc24b559679a/results.csv"",""sha256"":""9efffc24b559679ade291d8da63462e5523b43ac62064e759737c3ae01418484""},""parser_version"":""germany-production-v1"",""parser_sha256"":""2a8eb3487f392ef83303e7fb9ff246e4c111a7e64a469a6aa9eb21461ae9b1a0"",""fields_covered"":[""published_vote_share"",""seats""],""published_or_derived"":""published"",""columns"":[6,79],""compilation_label"":""SPD"",""alignment_basis"":""unique exact national second-vote count in the same election; not party identity""},{""source_id"":""src-de-bwl-historical-results"",""source_url"":""https://www.bundeswahlleiterin.de/dam/jcr/24d8e745-920d-431a-893a-12805bc7ef40/btw_ab49_datenbank_ergebnisse.csv"",""source_record_id"":""csv-record-90"",""retrieved_at"":""2026-10-01T23:20:00.007Z"",""raw_snapshot"":{""path"":""docs/political-data/raw/germany/2026-10-01T23-20-00-007Z_9efffc24b559679a/results.csv"",""sha256"":""9efffc24b559679ade291d8da63462e5523b43ac62064e759737c3ae01418484""},""parser_version"":""germany-production-v1"",""parser_sha256"":""2a8eb3487f392ef83303e7fb9ff246e4c111a7e64a469a6aa9eb21461ae9b1a0"",""fields_covered"":[""total_seats"",""valid_second_votes""],""published_or_derived"":""published"",""columns"":[4,79]},{""source_id"":""src-de-bwl-final-archive"",""source_url"":""https://www.bundeswahlleiterin.de/dam/jcr/ce2d2b6a-f211-4355-8eea-355c98cd4e47/btw_kerg.zip"",""source_record_id"":""d5d5009b8cbe5cc2e4a75760a057bda2b29f656a41b157e28557aa47b0e34c4f:btw2017_kerg.csv:340:25"",""retrieved_at"":""2026-10-01T23:21:39.584Z"",""raw_snapshot"":{""path"":""docs/political-data/raw/germany/2026-10-01T23-21-39-584Z_02e7077f9358c9ef/final-results.zip"",""sha256"":""02e7077f9358c9ef408741ee5d17123a43c28ea766b26a7ab338c08fcaeb7512""},""parser_version"":""germany-production-v1"",""parser_sha256"":""2a8eb3487f392ef83303e7fb9ff246e4c111a7e64a469a6aa9eb21461ae9b1a0"",""fields_covered"":[""derived_vote_share""],""published_or_derived"":""derived"",""formula"":""100 * second_votes / valid_second_votes"",""input_fields"":[""second_votes"",""el-de-bt-2017-09-24:valid_second_votes""]},{""source_id"":""src-de-bwl-historical-results"",""source_url"":""https://www.bundeswahlleiterin.de/dam/jcr/24d8e745-920d-431a-893a-12805bc7ef40/btw_ab49_datenbank_ergebnisse.csv"",""source_record_id"":""csv-record-111"",""retrieved_at"":""2026-10-01T23:20:00.007Z"",""raw_snapshot"":{""path"":""docs/political-data/raw/germany/2026-10-01T23-20-00-007Z_9efffc24b559679a/results.csv"",""sha256"":""9efffc24b559679ade291d8da63462e5523b43ac62064e759737c3ae01418484""},""parser_version"":""germany-production-v1"",""parser_sha256"":""2a8eb3487f392ef83303e7fb9ff246e4c111a7e64a469a6aa9eb21461ae9b1a0"",""fields_covered"":[""derived_seat_share""],""published_or_derived"":""derived"",""formula"":""100 * seats / total_seats; null remains null"",""input_fields"":[""seats"",""lg-de-bt-19:total_seats""]}]"
"er-ct-de-0109","germany","national","el-de-bt-2017-09-24","ct-de-0109","second_vote","46515492","709","4297270","9.2","9.238362995279077","69","9.732016925246826","final","[{""source_id"":""src-de-bwl-final-archive"",""source_url"":""https://www.bundeswahlleiterin.de/dam/jcr/ce2d2b6a-f211-4355-8eea-355c98cd4e47/btw_kerg.zip"",""source_record_id"":""d5d5009b8cbe5cc2e4a75760a057bda2b29f656a41b157e28557aa47b0e34c4f:btw2017_kerg.csv:340:29"",""retrieved_at"":""2026-10-01T23:21:39.584Z"",""raw_snapshot"":{""path"":""docs/political-data/raw/germany/2026-10-01T23-21-39-584Z_02e7077f9358c9ef/final-results.zip"",""sha256"":""02e7077f9358c9ef408741ee5d17123a43c28ea766b26a7ab338c08fcaeb7512""},""parser_version"":""germany-production-v1"",""parser_sha256"":""2a8eb3487f392ef83303e7fb9ff246e4c111a7e64a469a6aa9eb21461ae9b1a0"",""fields_covered"":[""second_votes"",""registered_label_native""],""published_or_derived"":""published"",""source_member"":""btw2017_kerg.csv"",""source_member_sha256"":""d5d5009b8cbe5cc2e4a75760a057bda2b29f656a41b157e28557aa47b0e34c4f"",""source_column"":29},{""source_id"":""src-de-bwl-historical-results"",""source_url"":""https://www.bundeswahlleiterin.de/dam/jcr/24d8e745-920d-431a-893a-12805bc7ef40/btw_ab49_datenbank_ergebnisse.csv"",""source_record_id"":""csv-record-202"",""retrieved_at"":""2026-10-01T23:20:00.007Z"",""raw_snapshot"":{""path"":""docs/political-data/raw/germany/2026-10-01T23-20-00-007Z_9efffc24b559679a/results.csv"",""sha256"":""9efffc24b559679ade291d8da63462e5523b43ac62064e759737c3ae01418484""},""parser_version"":""germany-production-v1"",""parser_sha256"":""2a8eb3487f392ef83303e7fb9ff246e4c111a7e64a469a6aa9eb21461ae9b1a0"",""fields_covered"":[""published_vote_share"",""seats""],""published_or_derived"":""published"",""columns"":[6,79],""compilation_label"":""Die Linke"",""alignment_basis"":""unique exact national second-vote count in the same election; not party identity""},{""source_id"":""src-de-bwl-historical-results"",""source_url"":""https://www.bundeswahlleiterin.de/dam/jcr/24d8e745-920d-431a-893a-12805bc7ef40/btw_ab49_datenbank_ergebnisse.csv"",""source_record_id"":""csv-record-90"",""retrieved_at"":""2026-10-01T23:20:00.007Z"",""raw_snapshot"":{""path"":""docs/political-data/raw/germany/2026-10-01T23-20-00-007Z_9efffc24b559679a/results.csv"",""sha256"":""9efffc24b559679ade291d8da63462e5523b43ac62064e759737c3ae01418484""},""parser_version"":""germany-production-v1"",""parser_sha256"":""2a8eb3487f392ef83303e7fb9ff246e4c111a7e64a469a6aa9eb21461ae9b1a0"",""fields_covered"":[""total_seats"",""valid_second_votes""],""published_or_derived"":""published"",""columns"":[4,79]},{""source_id"":""src-de-bwl-final-archive"",""source_url"":""https://www.bundeswahlleiterin.de/dam/jcr/ce2d2b6a-f211-4355-8eea-355c98cd4e47/btw_kerg.zip"",""source_record_id"":""d5d5009b8cbe5cc2e4a75760a057bda2b29f656a41b157e28557aa47b0e34c4f:btw2017_kerg.csv:340:29"",""retrieved_at"":""2026-10-01T23:21:39.584Z"",""raw_snapshot"":{""path"":""docs/political-data/raw/germany/2026-10-01T23-21-39-584Z_02e7077f9358c9ef/final-results.zip"",""sha256"":""02e7077f9358c9ef408741ee5d17123a43c28ea766b26a7ab338c08fcaeb7512""},""parser_version"":""germany-production-v1"",""parser_sha256"":""2a8eb3487f392ef83303e7fb9ff246e4c111a7e64a469a6aa9eb21461ae9b1a0"",""fields_covered"":[""derived_vote_share""],""published_or_derived"":""derived"",""formula"":""100 * second_votes / valid_second_votes"",""input_fields"":[""second_votes"",""el-de-bt-2017-09-24:valid_second_votes""]},{""source_id"":""src-de-bwl-historical-results"",""source_url"":""https://www.bundeswahlleiterin.de/dam/jcr/24d8e745-920d-431a-893a-12805bc7ef40/btw_ab49_datenbank_ergebnisse.csv"",""source_record_id"":""csv-record-202"",""retrieved_at"":""2026-10-01T23:20:00.007Z"",""raw_snapshot"":{""path"":""docs/political-data/raw/germany/2026-10-01T23-20-00-007Z_9efffc24b559679a/results.csv"",""sha256"":""9efffc24b559679ade291d8da63462e5523b43ac62064e759737c3ae01418484""},""parser_version"":""germany-production-v1"",""parser_sha256"":""2a8eb3487f392ef83303e7fb9ff246e4c111a7e64a469a6aa9eb21461ae9b1a0"",""fields_covered"":[""derived_seat_share""],""published_or_derived"":""derived"",""formula"":""100 * seats / total_seats; null remains null"",""input_fields"":[""seats"",""lg-de-bt-19:total_seats""]}]"
"er-ct-de-0110","germany","national","el-de-bt-2017-09-24","ct-de-0110","second_vote","46515492","709","4158400","8.9","8.939817297858529","67","9.449929478138223","final","[{""source_id"":""src-de-bwl-final-archive"",""source_url"":""https://www.bundeswahlleiterin.de/dam/jcr/ce2d2b6a-f211-4355-8eea-355c98cd4e47/btw_kerg.zip"",""source_record_id"":""d5d5009b8cbe5cc2e4a75760a057bda2b29f656a41b157e28557aa47b0e34c4f:btw2017_kerg.csv:340:33"",""retrieved_at"":""2026-10-01T23:21:39.584Z"",""raw_snapshot"":{""path"":""docs/political-data/raw/germany/2026-10-01T23-21-39-584Z_02e7077f9358c9ef/final-results.zip"",""sha256"":""02e7077f9358c9ef408741ee5d17123a43c28ea766b26a7ab338c08fcaeb7512""},""parser_version"":""germany-production-v1"",""parser_sha256"":""2a8eb3487f392ef83303e7fb9ff246e4c111a7e64a469a6aa9eb21461ae9b1a0"",""fields_covered"":[""second_votes"",""registered_label_native""],""published_or_derived"":""published"",""source_member"":""btw2017_kerg.csv"",""source_member_sha256"":""d5d5009b8cbe5cc2e4a75760a057bda2b29f656a41b157e28557aa47b0e34c4f"",""source_column"":33},{""source_id"":""src-de-bwl-historical-results"",""source_url"":""https://www.bundeswahlleiterin.de/dam/jcr/24d8e745-920d-431a-893a-12805bc7ef40/btw_ab49_datenbank_ergebnisse.csv"",""source_record_id"":""csv-record-146"",""retrieved_at"":""2026-10-01T23:20:00.007Z"",""raw_snapshot"":{""path"":""docs/political-data/raw/germany/2026-10-01T23-20-00-007Z_9efffc24b559679a/results.csv"",""sha256"":""9efffc24b559679ade291d8da63462e5523b43ac62064e759737c3ae01418484""},""parser_version"":""germany-production-v1"",""parser_sha256"":""2a8eb3487f392ef83303e7fb9ff246e4c111a7e64a469a6aa9eb21461ae9b1a0"",""fields_covered"":[""published_vote_share"",""seats""],""published_or_derived"":""published"",""columns"":[6,79],""compilation_label"":""GRÜNE"",""alignment_basis"":""unique exact national second-vote count in the same election; not party identity""},{""source_id"":""src-de-bwl-historical-results"",""source_url"":""https://www.bundeswahlleiterin.de/dam/jcr/24d8e745-920d-431a-893a-12805bc7ef40/btw_ab49_datenbank_ergebnisse.csv"",""source_record_id"":""csv-record-90"",""retrieved_at"":""2026-10-01T23:20:00.007Z"",""raw_snapshot"":{""path"":""docs/political-data/raw/germany/2026-10-01T23-20-00-007Z_9efffc24b559679a/results.csv"",""sha256"":""9efffc24b559679ade291d8da63462e5523b43ac62064e759737c3ae01418484""},""parser_version"":""germany-production-v1"",""parser_sha256"":""2a8eb3487f392ef83303e7fb9ff246e4c111a7e64a469a6aa9eb21461ae9b1a0"",""fields_covered"":[""total_seats"",""valid_second_votes""],""published_or_derived"":""published"",""columns"":[4,79]},{""source_id"":""src-de-bwl-final-archive"",""source_url"":""https://www.bundeswahlleiterin.de/dam/jcr/ce2d2b6a-f211-4355-8eea-355c98cd4e47/btw_kerg.zip"",""source_record_id"":""d5d5009b8cbe5cc2e4a75760a057bda2b29f656a41b157e28557aa47b0e34c4f:btw2017_kerg.csv:340:33"",""retrieved_at"":""2026-10-01T23:21:39.584Z"",""raw_snapshot"":{""path"":""docs/political-data/raw/germany/2026-10-01T23-21-39-584Z_02e7077f9358c9ef/final-results.zip"",""sha256"":""02e7077f9358c9ef408741ee5d17123a43c28ea766b26a7ab338c08fcaeb7512""},""parser_version"":""germany-production-v1"",""parser_sha256"":""2a8eb3487f392ef83303e7fb9ff246e4c111a7e64a469a6aa9eb21461ae9b1a0"",""fields_covered"":[""derived_vote_share""],""published_or_derived"":""derived"",""formula"":""100 * second_votes / valid_second_votes"",""input_fields"":[""second_votes"",""el-de-bt-2017-09-24:valid_second_votes""]},{""source_id"":""src-de-bwl-historical-results"",""source_url"":""https://www.bundeswahlleiterin.de/dam/jcr/24d8e745-920d-431a-893a-12805bc7ef40/btw_ab49_datenbank_ergebnisse.csv"",""source_record_id"":""csv-record-146"",""retrieved_at"":""2026-10-01T23:20:00.007Z"",""raw_snapshot"":{""path"":""docs/political-data/raw/germany/2026-10-01T23-20-00-007Z_9efffc24b559679a/results.csv"",""sha256"":""9efffc24b559679ade291d8da63462e5523b43ac62064e759737c3ae01418484""},""parser_version"":""germany-production-v1"",""parser_sha256"":""2a8eb3487f392ef83303e7fb9ff246e4c111a7e64a469a6aa9eb21461ae9b1a0"",""fields_covered"":[""derived_seat_share""],""published_or_derived"":""derived"",""formula"":""100 * seats / total_seats; null remains null"",""input_fields"":[""seats"",""lg-de-bt-19:total_seats""]}]"
"er-ct-de-0111","germany","national","el-de-bt-2017-09-24","ct-de-0111","second_vote","46515492","709","2869688","6.2","6.169316665510062","46","6.488011283497884","final","[{""source_id"":""src-de-bwl-final-archive"",""source_url"":""https://www.bundeswahlleiterin.de/dam/jcr/ce2d2b6a-f211-4355-8eea-355c98cd4e47/btw_kerg.zip"",""source_record_id"":""d5d5009b8cbe5cc2e4a75760a057bda2b29f656a41b157e28557aa47b0e34c4f:btw2017_kerg.csv:340:37"",""retrieved_at"":""2026-10-01T23:21:39.584Z"",""raw_snapshot"":{""path"":""docs/political-data/raw/germany/2026-10-01T23-21-39-584Z_02e7077f9358c9ef/final-results.zip"",""sha256"":""02e7077f9358c9ef408741ee5d17123a43c28ea766b26a7ab338c08fcaeb7512""},""parser_version"":""germany-production-v1"",""parser_sha256"":""2a8eb3487f392ef83303e7fb9ff246e4c111a7e64a469a6aa9eb21461ae9b1a0"",""fields_covered"":[""second_votes"",""registered_label_native""],""published_or_derived"":""published"",""source_member"":""btw2017_kerg.csv"",""source_member_sha256"":""d5d5009b8cbe5cc2e4a75760a057bda2b29f656a41b157e28557aa47b0e34c4f"",""source_column"":37},{""source_id"":""src-de-bwl-historical-results"",""source_url"":""https://www.bundeswahlleiterin.de/dam/jcr/24d8e745-920d-431a-893a-12805bc7ef40/btw_ab49_datenbank_ergebnisse.csv"",""source_record_id"":""csv-record-192"",""retrieved_at"":""2026-10-01T23:20:00.007Z"",""raw_snapshot"":{""path"":""docs/political-data/raw/germany/2026-10-01T23-20-00-007Z_9efffc24b559679a/results.csv"",""sha256"":""9efffc24b559679ade291d8da63462e5523b43ac62064e759737c3ae01418484""},""parser_version"":""germany-production-v1"",""parser_sha256"":""2a8eb3487f392ef83303e7fb9ff246e4c111a7e64a469a6aa9eb21461ae9b1a0"",""fields_covered"":[""published_vote_share"",""seats""],""published_or_derived"":""published"",""columns"":[6,79],""compilation_label"":""CSU"",""alignment_basis"":""unique exact national second-vote count in the same election; not party identity""},{""source_id"":""src-de-bwl-historical-results"",""source_url"":""https://www.bundeswahlleiterin.de/dam/jcr/24d8e745-920d-431a-893a-12805bc7ef40/btw_ab49_datenbank_ergebnisse.csv"",""source_record_id"":""csv-record-90"",""retrieved_at"":""2026-10-01T23:20:00.007Z"",""raw_snapshot"":{""path"":""docs/political-data/raw/germany/2026-10-01T23-20-00-007Z_9efffc24b559679a/results.csv"",""sha256"":""9efffc24b559679ade291d8da63462e5523b43ac62064e759737c3ae01418484""},""parser_version"":""germany-production-v1"",""parser_sha256"":""2a8eb3487f392ef83303e7fb9ff246e4c111a7e64a469a6aa9eb21461ae9b1a0"",""fields_covered"":[""total_seats"",""valid_second_votes""],""published_or_derived"":""published"",""columns"":[4,79]},{""source_id"":""src-de-bwl-final-archive"",""source_url"":""https://www.bundeswahlleiterin.de/dam/jcr/ce2d2b6a-f211-4355-8eea-355c98cd4e47/btw_kerg.zip"",""source_record_id"":""d5d5009b8cbe5cc2e4a75760a057bda2b29f656a41b157e28557aa47b0e34c4f:btw2017_kerg.csv:340:37"",""retrieved_at"":""2026-10-01T23:21:39.584Z"",""raw_snapshot"":{""path"":""docs/political-data/raw/germany/2026-10-01T23-21-39-584Z_02e7077f9358c9ef/final-results.zip"",""sha256"":""02e7077f9358c9ef408741ee5d17123a43c28ea766b26a7ab338c08fcaeb7512""},""parser_version"":""germany-production-v1"",""parser_sha256"":""2a8eb3487f392ef83303e7fb9ff246e4c111a7e64a469a6aa9eb21461ae9b1a0"",""fields_covered"":[""derived_vote_share""],""published_or_derived"":""derived"",""formula"":""100 * second_votes / valid_second_votes"",""input_fields"":[""second_votes"",""el-de-bt-2017-09-24:valid_second_votes""]},{""source_id"":""src-de-bwl-historical-results"",""source_url"":""https://www.bundeswahlleiterin.de/dam/jcr/24d8e745-920d-431a-893a-12805bc7ef40/btw_ab49_datenbank_ergebnisse.csv"",""source_record_id"":""csv-record-192"",""retrieved_at"":""2026-10-01T23:20:00.007Z"",""raw_snapshot"":{""path"":""docs/political-data/raw/germany/2026-10-01T23-20-00-007Z_9efffc24b559679a/results.csv"",""sha256"":""9efffc24b559679ade291d8da63462e5523b43ac62064e759737c3ae01418484""},""parser_version"":""germany-production-v1"",""parser_sha256"":""2a8eb3487f392ef83303e7fb9ff246e4c111a7e64a469a6aa9eb21461ae9b1a0"",""fields_covered"":[""derived_seat_share""],""published_or_derived"":""derived"",""formula"":""100 * seats / total_seats; null remains null"",""input_fields"":[""seats"",""lg-de-bt-19:total_seats""]}]"
"er-ct-de-0112","germany","national","el-de-bt-2017-09-24","ct-de-0112","second_vote","46515492","709","4999449","10.7","10.747922434100019","80","11.283497884344147","final","[{""source_id"":""src-de-bwl-final-archive"",""source_url"":""https://www.bundeswahlleiterin.de/dam/jcr/ce2d2b6a-f211-4355-8eea-355c98cd4e47/btw_kerg.zip"",""source_record_id"":""d5d5009b8cbe5cc2e4a75760a057bda2b29f656a41b157e28557aa47b0e34c4f:btw2017_kerg.csv:340:41"",""retrieved_at"":""2026-10-01T23:21:39.584Z"",""raw_snapshot"":{""path"":""docs/political-data/raw/germany/2026-10-01T23-21-39-584Z_02e7077f9358c9ef/final-results.zip"",""sha256"":""02e7077f9358c9ef408741ee5d17123a43c28ea766b26a7ab338c08fcaeb7512""},""parser_version"":""germany-production-v1"",""parser_sha256"":""2a8eb3487f392ef83303e7fb9ff246e4c111a7e64a469a6aa9eb21461ae9b1a0"",""fields_covered"":[""second_votes"",""registered_label_native""],""published_or_derived"":""published"",""source_member"":""btw2017_kerg.csv"",""source_member_sha256"":""d5d5009b8cbe5cc2e4a75760a057bda2b29f656a41b157e28557aa47b0e34c4f"",""source_column"":41},{""source_id"":""src-de-bwl-historical-results"",""source_url"":""https://www.bundeswahlleiterin.de/dam/jcr/24d8e745-920d-431a-893a-12805bc7ef40/btw_ab49_datenbank_ergebnisse.csv"",""source_record_id"":""csv-record-167"",""retrieved_at"":""2026-10-01T23:20:00.007Z"",""raw_snapshot"":{""path"":""docs/political-data/raw/germany/2026-10-01T23-20-00-007Z_9efffc24b559679a/results.csv"",""sha256"":""9efffc24b559679ade291d8da63462e5523b43ac62064e759737c3ae01418484""},""parser_version"":""germany-production-v1"",""parser_sha256"":""2a8eb3487f392ef83303e7fb9ff246e4c111a7e64a469a6aa9eb21461ae9b1a0"",""fields_covered"":[""published_vote_share"",""seats""],""published_or_derived"":""published"",""columns"":[6,79],""compilation_label"":""FDP"",""alignment_basis"":""unique exact national second-vote count in the same election; not party identity""},{""source_id"":""src-de-bwl-historical-results"",""source_url"":""https://www.bundeswahlleiterin.de/dam/jcr/24d8e745-920d-431a-893a-12805bc7ef40/btw_ab49_datenbank_ergebnisse.csv"",""source_record_id"":""csv-record-90"",""retrieved_at"":""2026-10-01T23:20:00.007Z"",""raw_snapshot"":{""path"":""docs/political-data/raw/germany/2026-10-01T23-20-00-007Z_9efffc24b559679a/results.csv"",""sha256"":""9efffc24b559679ade291d8da63462e5523b43ac62064e759737c3ae01418484""},""parser_version"":""germany-production-v1"",""parser_sha256"":""2a8eb3487f392ef83303e7fb9ff246e4c111a7e64a469a6aa9eb21461ae9b1a0"",""fields_covered"":[""total_seats"",""valid_second_votes""],""published_or_derived"":""published"",""columns"":[4,79]},{""source_id"":""src-de-bwl-final-archive"",""source_url"":""https://www.bundeswahlleiterin.de/dam/jcr/ce2d2b6a-f211-4355-8eea-355c98cd4e47/btw_kerg.zip"",""source_record_id"":""d5d5009b8cbe5cc2e4a75760a057bda2b29f656a41b157e28557aa47b0e34c4f:btw2017_kerg.csv:340:41"",""retrieved_at"":""2026-10-01T23:21:39.584Z"",""raw_snapshot"":{""path"":""docs/political-data/raw/germany/2026-10-01T23-21-39-584Z_02e7077f9358c9ef/final-results.zip"",""sha256"":""02e7077f9358c9ef408741ee5d17123a43c28ea766b26a7ab338c08fcaeb7512""},""parser_version"":""germany-production-v1"",""parser_sha256"":""2a8eb3487f392ef83303e7fb9ff246e4c111a7e64a469a6aa9eb21461ae9b1a0"",""fields_covered"":[""derived_vote_share""],""published_or_derived"":""derived"",""formula"":""100 * second_votes / valid_second_votes"",""input_fields"":[""second_votes"",""el-de-bt-2017-09-24:valid_second_votes""]},{""source_id"":""src-de-bwl-historical-results"",""source_url"":""https://www.bundeswahlleiterin.de/dam/jcr/24d8e745-920d-431a-893a-12805bc7ef40/btw_ab49_datenbank_ergebnisse.csv"",""source_record_id"":""csv-record-167"",""retrieved_at"":""2026-10-01T23:20:00.007Z"",""raw_snapshot"":{""path"":""docs/political-data/raw/germany/2026-10-01T23-20-00-007Z_9efffc24b559679a/results.csv"",""sha256"":""9efffc24b559679ade291d8da63462e5523b43ac62064e759737c3ae01418484""},""parser_version"":""germany-production-v1"",""parser_sha256"":""2a8eb3487f392ef83303e7fb9ff246e4c111a7e64a469a6aa9eb21461ae9b1a0"",""fields_covered"":[""derived_seat_share""],""published_or_derived"":""derived"",""formula"":""100 * seats / total_seats; null remains null"",""input_fields"":[""seats"",""lg-de-bt-19:total_seats""]}]"
"er-ct-de-0113","germany","national","el-de-bt-2017-09-24","ct-de-0113","second_vote","46515492","709","5878115","12.6","12.63689740183765","94","13.258110014104373","final","[{""source_id"":""src-de-bwl-final-archive"",""source_url"":""https://www.bundeswahlleiterin.de/dam/jcr/ce2d2b6a-f211-4355-8eea-355c98cd4e47/btw_kerg.zip"",""source_record_id"":""d5d5009b8cbe5cc2e4a75760a057bda2b29f656a41b157e28557aa47b0e34c4f:btw2017_kerg.csv:340:45"",""retrieved_at"":""2026-10-01T23:21:39.584Z"",""raw_snapshot"":{""path"":""docs/political-data/raw/germany/2026-10-01T23-21-39-584Z_02e7077f9358c9ef/final-results.zip"",""sha256"":""02e7077f9358c9ef408741ee5d17123a43c28ea766b26a7ab338c08fcaeb7512""},""parser_version"":""germany-production-v1"",""parser_sha256"":""2a8eb3487f392ef83303e7fb9ff246e4c111a7e64a469a6aa9eb21461ae9b1a0"",""fields_covered"":[""second_votes"",""registered_label_native""],""published_or_derived"":""published"",""source_member"":""btw2017_kerg.csv"",""source_member_sha256"":""d5d5009b8cbe5cc2e4a75760a057bda2b29f656a41b157e28557aa47b0e34c4f"",""source_column"":45},{""source_id"":""src-de-bwl-historical-results"",""source_url"":""https://www.bundeswahlleiterin.de/dam/jcr/24d8e745-920d-431a-893a-12805bc7ef40/btw_ab49_datenbank_ergebnisse.csv"",""source_record_id"":""csv-record-171"",""retrieved_at"":""2026-10-01T23:20:00.007Z"",""raw_snapshot"":{""path"":""docs/political-data/raw/germany/2026-10-01T23-20-00-007Z_9efffc24b559679a/results.csv"",""sha256"":""9efffc24b559679ade291d8da63462e5523b43ac62064e759737c3ae01418484""},""parser_version"":""germany-production-v1"",""parser_sha256"":""2a8eb3487f392ef83303e7fb9ff246e4c111a7e64a469a6aa9eb21461ae9b1a0"",""fields_covered"":[""published_vote_share"",""seats""],""published_or_derived"":""published"",""columns"":[6,79],""compilation_label"":""AfD"",""alignment_basis"":""unique exact national second-vote count in the same election; not party identity""},{""source_id"":""src-de-bwl-historical-results"",""source_url"":""https://www.bundeswahlleiterin.de/dam/jcr/24d8e745-920d-431a-893a-12805bc7ef40/btw_ab49_datenbank_ergebnisse.csv"",""source_record_id"":""csv-record-90"",""retrieved_at"":""2026-10-01T23:20:00.007Z"",""raw_snapshot"":{""path"":""docs/political-data/raw/germany/2026-10-01T23-20-00-007Z_9efffc24b559679a/results.csv"",""sha256"":""9efffc24b559679ade291d8da63462e5523b43ac62064e759737c3ae01418484""},""parser_version"":""germany-production-v1"",""parser_sha256"":""2a8eb3487f392ef83303e7fb9ff246e4c111a7e64a469a6aa9eb21461ae9b1a0"",""fields_covered"":[""total_seats"",""valid_second_votes""],""published_or_derived"":""published"",""columns"":[4,79]},{""source_id"":""src-de-bwl-final-archive"",""source_url"":""https://www.bundeswahlleiterin.de/dam/jcr/ce2d2b6a-f211-4355-8eea-355c98cd4e47/btw_kerg.zip"",""source_record_id"":""d5d5009b8cbe5cc2e4a75760a057bda2b29f656a41b157e28557aa47b0e34c4f:btw2017_kerg.csv:340:45"",""retrieved_at"":""2026-10-01T23:21:39.584Z"",""raw_snapshot"":{""path"":""docs/political-data/raw/germany/2026-10-01T23-21-39-584Z_02e7077f9358c9ef/final-results.zip"",""sha256"":""02e7077f9358c9ef408741ee5d17123a43c28ea766b26a7ab338c08fcaeb7512""},""parser_version"":""germany-production-v1"",""parser_sha256"":""2a8eb3487f392ef83303e7fb9ff246e4c111a7e64a469a6aa9eb21461ae9b1a0"",""fields_covered"":[""derived_vote_share""],""published_or_derived"":""derived"",""formula"":""100 * second_votes / valid_second_votes"",""input_fields"":[""second_votes"",""el-de-bt-2017-09-24:valid_second_votes""]},{""source_id"":""src-de-bwl-historical-results"",""source_url"":""https://www.bundeswahlleiterin.de/dam/jcr/24d8e745-920d-431a-893a-12805bc7ef40/btw_ab49_datenbank_ergebnisse.csv"",""source_record_id"":""csv-record-171"",""retrieved_at"":""2026-10-01T23:20:00.007Z"",""raw_snapshot"":{""path"":""docs/political-data/raw/germany/2026-10-01T23-20-00-007Z_9efffc24b559679a/results.csv"",""sha256"":""9efffc24b559679ade291d8da63462e5523b43ac62064e759737c3ae01418484""},""parser_version"":""germany-production-v1"",""parser_sha256"":""2a8eb3487f392ef83303e7fb9ff246e4c111a7e64a469a6aa9eb21461ae9b1a0"",""fields_covered"":[""derived_seat_share""],""published_or_derived"":""derived"",""formula"":""100 * seats / total_seats; null remains null"",""input_fields"":[""seats"",""lg-de-bt-19:total_seats""]}]"
"er-ct-de-0114","germany","national","el-de-bt-2017-09-24","ct-de-0114","second_vote","46515492","709","173476","0.4","0.37294241668990624",,,"final","[{""source_id"":""src-de-bwl-final-archive"",""source_url"":""https://www.bundeswahlleiterin.de/dam/jcr/ce2d2b6a-f211-4355-8eea-355c98cd4e47/btw_kerg.zip"",""source_record_id"":""d5d5009b8cbe5cc2e4a75760a057bda2b29f656a41b157e28557aa47b0e34c4f:btw2017_kerg.csv:340:49"",""retrieved_at"":""2026-10-01T23:21:39.584Z"",""raw_snapshot"":{""path"":""docs/political-data/raw/germany/2026-10-01T23-21-39-584Z_02e7077f9358c9ef/final-results.zip"",""sha256"":""02e7077f9358c9ef408741ee5d17123a43c28ea766b26a7ab338c08fcaeb7512""},""parser_version"":""germany-production-v1"",""parser_sha256"":""2a8eb3487f392ef83303e7fb9ff246e4c111a7e64a469a6aa9eb21461ae9b1a0"",""fields_covered"":[""second_votes"",""registered_label_native""],""published_or_derived"":""published"",""source_member"":""btw2017_kerg.csv"",""source_member_sha256"":""d5d5009b8cbe5cc2e4a75760a057bda2b29f656a41b157e28557aa47b0e34c4f"",""source_column"":49},{""source_id"":""src-de-bwl-historical-results"",""source_url"":""https://www.bundeswahlleiterin.de/dam/jcr/24d8e745-920d-431a-893a-12805bc7ef40/btw_ab49_datenbank_ergebnisse.csv"",""source_record_id"":""csv-record-486"",""retrieved_at"":""2026-10-01T23:20:00.007Z"",""raw_snapshot"":{""path"":""docs/political-data/raw/germany/2026-10-01T23-20-00-007Z_9efffc24b559679a/results.csv"",""sha256"":""9efffc24b559679ade291d8da63462e5523b43ac62064e759737c3ae01418484""},""parser_version"":""germany-production-v1"",""parser_sha256"":""2a8eb3487f392ef83303e7fb9ff246e4c111a7e64a469a6aa9eb21461ae9b1a0"",""fields_covered"":[""published_vote_share"",""seats""],""published_or_derived"":""published"",""columns"":[6,79],""compilation_label"":""PIRATEN"",""alignment_basis"":""unique exact national second-vote count in the same election; not party identity""},{""source_id"":""src-de-bwl-historical-results"",""source_url"":""https://www.bundeswahlleiterin.de/dam/jcr/24d8e745-920d-431a-893a-12805bc7ef40/btw_ab49_datenbank_ergebnisse.csv"",""source_record_id"":""csv-record-90"",""retrieved_at"":""2026-10-01T23:20:00.007Z"",""raw_snapshot"":{""path"":""docs/political-data/raw/germany/2026-10-01T23-20-00-007Z_9efffc24b559679a/results.csv"",""sha256"":""9efffc24b559679ade291d8da63462e5523b43ac62064e759737c3ae01418484""},""parser_version"":""germany-production-v1"",""parser_sha256"":""2a8eb3487f392ef83303e7fb9ff246e4c111a7e64a469a6aa9eb21461ae9b1a0"",""fields_covered"":[""total_seats"",""valid_second_votes""],""published_or_derived"":""published"",""columns"":[4,79]},{""source_id"":""src-de-bwl-final-archive"",""source_url"":""https://www.bundeswahlleiterin.de/dam/jcr/ce2d2b6a-f211-4355-8eea-355c98cd4e47/btw_kerg.zip"",""source_record_id"":""d5d5009b8cbe5cc2e4a75760a057bda2b29f656a41b157e28557aa47b0e34c4f:btw2017_kerg.csv:340:49"",""retrieved_at"":""2026-10-01T23:21:39.584Z"",""raw_snapshot"":{""path"":""docs/political-data/raw/germany/2026-10-01T23-21-39-584Z_02e7077f9358c9ef/final-results.zip"",""sha256"":""02e7077f9358c9ef408741ee5d17123a43c28ea766b26a7ab338c08fcaeb7512""},""parser_version"":""germany-production-v1"",""parser_sha256"":""2a8eb3487f392ef83303e7fb9ff246e4c111a7e64a469a6aa9eb21461ae9b1a0"",""fields_covered"":[""derived_vote_share""],""published_or_derived"":""derived"",""formula"":""100 * second_votes / valid_second_votes"",""input_fields"":[""second_votes"",""el-de-bt-2017-09-24:valid_second_votes""]},{""source_id"":""src-de-bwl-historical-results"",""source_url"":""https://www.bundeswahlleiterin.de/dam/jcr/24d8e745-920d-431a-893a-12805bc7ef40/btw_ab49_datenbank_ergebnisse.csv"",""source_record_id"":""csv-record-486"",""retrieved_at"":""2026-10-01T23:20:00.007Z"",""raw_snapshot"":{""path"":""docs/political-data/raw/germany/2026-10-01T23-20-00-007Z_9efffc24b559679a/results.csv"",""sha256"":""9efffc24b559679ade291d8da63462e5523b43ac62064e759737c3ae01418484""},""parser_version"":""germany-production-v1"",""parser_sha256"":""2a8eb3487f392ef83303e7fb9ff246e4c111a7e64a469a6aa9eb21461ae9b1a0"",""fields_covered"":[""derived_seat_share""],""published_or_derived"":""derived"",""formula"":""100 * seats / total_seats; null remains null"",""input_fields"":[""seats"",""lg-de-bt-19:total_seats""]}]"
"er-ct-de-0115","germany","national","el-de-bt-2017-09-24","ct-de-0115","second_vote","46515492","709","176020","0.4","0.37841156232422524",,,"final","[{""source_id"":""src-de-bwl-final-archive"",""source_url"":""https://www.bundeswahlleiterin.de/dam/jcr/ce2d2b6a-f211-4355-8eea-355c98cd4e47/btw_kerg.zip"",""source_record_id"":""d5d5009b8cbe5cc2e4a75760a057bda2b29f656a41b157e28557aa47b0e34c4f:btw2017_kerg.csv:340:53"",""retrieved_at"":""2026-10-01T23:21:39.584Z"",""raw_snapshot"":{""path"":""docs/political-data/raw/germany/2026-10-01T23-21-39-584Z_02e7077f9358c9ef/final-results.zip"",""sha256"":""02e7077f9358c9ef408741ee5d17123a43c28ea766b26a7ab338c08fcaeb7512""},""parser_version"":""germany-production-v1"",""parser_sha256"":""2a8eb3487f392ef83303e7fb9ff246e4c111a7e64a469a6aa9eb21461ae9b1a0"",""fields_covered"":[""second_votes"",""registered_label_native""],""published_or_derived"":""published"",""source_member"":""btw2017_kerg.csv"",""source_member_sha256"":""d5d5009b8cbe5cc2e4a75760a057bda2b29f656a41b157e28557aa47b0e34c4f"",""source_column"":53},{""source_id"":""src-de-bwl-historical-results"",""source_url"":""https://www.bundeswahlleiterin.de/dam/jcr/24d8e745-920d-431a-893a-12805bc7ef40/btw_ab49_datenbank_ergebnisse.csv"",""source_record_id"":""csv-record-401"",""retrieved_at"":""2026-10-01T23:20:00.007Z"",""raw_snapshot"":{""path"":""docs/political-data/raw/germany/2026-10-01T23-20-00-007Z_9efffc24b559679a/results.csv"",""sha256"":""9efffc24b559679ade291d8da63462e5523b43ac62064e759737c3ae01418484""},""parser_version"":""germany-production-v1"",""parser_sha256"":""2a8eb3487f392ef83303e7fb9ff246e4c111a7e64a469a6aa9eb21461ae9b1a0"",""fields_covered"":[""published_vote_share"",""seats""],""published_or_derived"":""published"",""columns"":[6,79],""compilation_label"":""HEIMAT"",""alignment_basis"":""unique exact national second-vote count in the same election; not party identity""},{""source_id"":""src-de-bwl-historical-results"",""source_url"":""https://www.bundeswahlleiterin.de/dam/jcr/24d8e745-920d-431a-893a-12805bc7ef40/btw_ab49_datenbank_ergebnisse.csv"",""source_record_id"":""csv-record-90"",""retrieved_at"":""2026-10-01T23:20:00.007Z"",""raw_snapshot"":{""path"":""docs/political-data/raw/germany/2026-10-01T23-20-00-007Z_9efffc24b559679a/results.csv"",""sha256"":""9efffc24b559679ade291d8da63462e5523b43ac62064e759737c3ae01418484""},""parser_version"":""germany-production-v1"",""parser_sha256"":""2a8eb3487f392ef83303e7fb9ff246e4c111a7e64a469a6aa9eb21461ae9b1a0"",""fields_covered"":[""total_seats"",""valid_second_votes""],""published_or_derived"":""published"",""columns"":[4,79]},{""source_id"":""src-de-bwl-final-archive"",""source_url"":""https://www.bundeswahlleiterin.de/dam/jcr/ce2d2b6a-f211-4355-8eea-355c98cd4e47/btw_kerg.zip"",""source_record_id"":""d5d5009b8cbe5cc2e4a75760a057bda2b29f656a41b157e28557aa47b0e34c4f:btw2017_kerg.csv:340:53"",""retrieved_at"":""2026-10-01T23:21:39.584Z"",""raw_snapshot"":{""path"":""docs/political-data/raw/germany/2026-10-01T23-21-39-584Z_02e7077f9358c9ef/final-results.zip"",""sha256"":""02e7077f9358c9ef408741ee5d17123a43c28ea766b26a7ab338c08fcaeb7512""},""parser_version"":""germany-production-v1"",""parser_sha256"":""2a8eb3487f392ef83303e7fb9ff246e4c111a7e64a469a6aa9eb21461ae9b1a0"",""fields_covered"":[""derived_vote_share""],""published_or_derived"":""derived"",""formula"":""100 * second_votes / valid_second_votes"",""input_fields"":[""second_votes"",""el-de-bt-2017-09-24:valid_second_votes""]},{""source_id"":""src-de-bwl-historical-results"",""source_url"":""https://www.bundeswahlleiterin.de/dam/jcr/24d8e745-920d-431a-893a-12805bc7ef40/btw_ab49_datenbank_ergebnisse.csv"",""source_record_id"":""csv-record-401"",""retrieved_at"":""2026-10-01T23:20:00.007Z"",""raw_snapshot"":{""path"":""docs/political-data/raw/germany/2026-10-01T23-20-00-007Z_9efffc24b559679a/results.csv"",""sha256"":""9efffc24b559679ade291d8da63462e5523b43ac62064e759737c3ae01418484""},""parser_version"":""germany-production-v1"",""parser_sha256"":""2a8eb3487f392ef83303e7fb9ff246e4c111a7e64a469a6aa9eb21461ae9b1a0"",""fields_covered"":[""derived_seat_share""],""published_or_derived"":""derived"",""formula"":""100 * seats / total_seats; null remains null"",""input_fields"":[""seats"",""lg-de-bt-19:total_seats""]}]"
"er-ct-de-0116","germany","national","el-de-bt-2017-09-24","ct-de-0116","second_vote","46515492","709","463292","1","0.9959950547228438",,,"final","[{""source_id"":""src-de-bwl-final-archive"",""source_url"":""https://www.bundeswahlleiterin.de/dam/jcr/ce2d2b6a-f211-4355-8eea-355c98cd4e47/btw_kerg.zip"",""source_record_id"":""d5d5009b8cbe5cc2e4a75760a057bda2b29f656a41b157e28557aa47b0e34c4f:btw2017_kerg.csv:340:57"",""retrieved_at"":""2026-10-01T23:21:39.584Z"",""raw_snapshot"":{""path"":""docs/political-data/raw/germany/2026-10-01T23-21-39-584Z_02e7077f9358c9ef/final-results.zip"",""sha256"":""02e7077f9358c9ef408741ee5d17123a43c28ea766b26a7ab338c08fcaeb7512""},""parser_version"":""germany-production-v1"",""parser_sha256"":""2a8eb3487f392ef83303e7fb9ff246e4c111a7e64a469a6aa9eb21461ae9b1a0"",""fields_covered"":[""second_votes"",""registered_label_native""],""published_or_derived"":""published"",""source_member"":""btw2017_kerg.csv"",""source_member_sha256"":""d5d5009b8cbe5cc2e4a75760a057bda2b29f656a41b157e28557aa47b0e34c4f"",""source_column"":57},{""source_id"":""src-de-bwl-historical-results"",""source_url"":""https://www.bundeswahlleiterin.de/dam/jcr/24d8e745-920d-431a-893a-12805bc7ef40/btw_ab49_datenbank_ergebnisse.csv"",""source_record_id"":""csv-record-369"",""retrieved_at"":""2026-10-01T23:20:00.007Z"",""raw_snapshot"":{""path"":""docs/political-data/raw/germany/2026-10-01T23-20-00-007Z_9efffc24b559679a/results.csv"",""sha256"":""9efffc24b559679ade291d8da63462e5523b43ac62064e759737c3ae01418484""},""parser_version"":""germany-production-v1"",""parser_sha256"":""2a8eb3487f392ef83303e7fb9ff246e4c111a7e64a469a6aa9eb21461ae9b1a0"",""fields_covered"":[""published_vote_share"",""seats""],""published_or_derived"":""published"",""columns"":[6,79],""compilation_label"":""FREIE WÄHLER"",""alignment_basis"":""unique exact national second-vote count in the same election; not party identity""},{""source_id"":""src-de-bwl-historical-results"",""source_url"":""https://www.bundeswahlleiterin.de/dam/jcr/24d8e745-920d-431a-893a-12805bc7ef40/btw_ab49_datenbank_ergebnisse.csv"",""source_record_id"":""csv-record-90"",""retrieved_at"":""2026-10-01T23:20:00.007Z"",""raw_snapshot"":{""path"":""docs/political-data/raw/germany/2026-10-01T23-20-00-007Z_9efffc24b559679a/results.csv"",""sha256"":""9efffc24b559679ade291d8da63462e5523b43ac62064e759737c3ae01418484""},""parser_version"":""germany-production-v1"",""parser_sha256"":""2a8eb3487f392ef83303e7fb9ff246e4c111a7e64a469a6aa9eb21461ae9b1a0"",""fields_covered"":[""total_seats"",""valid_second_votes""],""published_or_derived"":""published"",""columns"":[4,79]},{""source_id"":""src-de-bwl-final-archive"",""source_url"":""https://www.bundeswahlleiterin.de/dam/jcr/ce2d2b6a-f211-4355-8eea-355c98cd4e47/btw_kerg.zip"",""source_record_id"":""d5d5009b8cbe5cc2e4a75760a057bda2b29f656a41b157e28557aa47b0e34c4f:btw2017_kerg.csv:340:57"",""retrieved_at"":""2026-10-01T23:21:39.584Z"",""raw_snapshot"":{""path"":""docs/political-data/raw/germany/2026-10-01T23-21-39-584Z_02e7077f9358c9ef/final-results.zip"",""sha256"":""02e7077f9358c9ef408741ee5d17123a43c28ea766b26a7ab338c08fcaeb7512""},""parser_version"":""germany-production-v1"",""parser_sha256"":""2a8eb3487f392ef83303e7fb9ff246e4c111a7e64a469a6aa9eb21461ae9b1a0"",""fields_covered"":[""derived_vote_share""],""published_or_derived"":""derived"",""formula"":""100 * second_votes / valid_second_votes"",""input_fields"":[""second_votes"",""el-de-bt-2017-09-24:valid_second_votes""]},{""source_id"":""src-de-bwl-historical-results"",""source_url"":""https://www.bundeswahlleiterin.de/dam/jcr/24d8e745-920d-431a-893a-12805bc7ef40/btw_ab49_datenbank_ergebnisse.csv"",""source_record_id"":""csv-record-369"",""retrieved_at"":""2026-10-01T23:20:00.007Z"",""raw_snapshot"":{""path"":""docs/political-data/raw/germany/2026-10-01T23-20-00-007Z_9efffc24b559679a/results.csv"",""sha256"":""9efffc24b559679ade291d8da63462e5523b43ac62064e759737c3ae01418484""},""parser_version"":""germany-production-v1"",""parser_sha256"":""2a8eb3487f392ef83303e7fb9ff246e4c111a7e64a469a6aa9eb21461ae9b1a0"",""fields_covered"":[""derived_seat_share""],""published_or_derived"":""derived"",""formula"":""100 * seats / total_seats; null remains null"",""input_fields"":[""seats"",""lg-de-bt-19:total_seats""]}]"
"er-ct-de-0117","germany","national","el-de-bt-2017-09-24","ct-de-0117","second_vote","46515492","709","374179","0.8","0.8044180205596879",,,"final","[{""source_id"":""src-de-bwl-final-archive"",""source_url"":""https://www.bundeswahlleiterin.de/dam/jcr/ce2d2b6a-f211-4355-8eea-355c98cd4e47/btw_kerg.zip"",""source_record_id"":""d5d5009b8cbe5cc2e4a75760a057bda2b29f656a41b157e28557aa47b0e34c4f:btw2017_kerg.csv:340:61"",""retrieved_at"":""2026-10-01T23:21:39.584Z"",""raw_snapshot"":{""path"":""docs/political-data/raw/germany/2026-10-01T23-21-39-584Z_02e7077f9358c9ef/final-results.zip"",""sha256"":""02e7077f9358c9ef408741ee5d17123a43c28ea766b26a7ab338c08fcaeb7512""},""parser_version"":""germany-production-v1"",""parser_sha256"":""2a8eb3487f392ef83303e7fb9ff246e4c111a7e64a469a6aa9eb21461ae9b1a0"",""fields_covered"":[""second_votes"",""registered_label_native""],""published_or_derived"":""published"",""source_member"":""btw2017_kerg.csv"",""source_member_sha256"":""d5d5009b8cbe5cc2e4a75760a057bda2b29f656a41b157e28557aa47b0e34c4f"",""source_column"":61},{""source_id"":""src-de-bwl-historical-results"",""source_url"":""https://www.bundeswahlleiterin.de/dam/jcr/24d8e745-920d-431a-893a-12805bc7ef40/btw_ab49_datenbank_ergebnisse.csv"",""source_record_id"":""csv-record-537"",""retrieved_at"":""2026-10-01T23:20:00.007Z"",""raw_snapshot"":{""path"":""docs/political-data/raw/germany/2026-10-01T23-20-00-007Z_9efffc24b559679a/results.csv"",""sha256"":""9efffc24b559679ade291d8da63462e5523b43ac62064e759737c3ae01418484""},""parser_version"":""germany-production-v1"",""parser_sha256"":""2a8eb3487f392ef83303e7fb9ff246e4c111a7e64a469a6aa9eb21461ae9b1a0"",""fields_covered"":[""published_vote_share"",""seats""],""published_or_derived"":""published"",""columns"":[6,79],""compilation_label"":""Tierschutzpartei"",""alignment_basis"":""unique exact national second-vote count in the same election; not party identity""},{""source_id"":""src-de-bwl-historical-results"",""source_url"":""https://www.bundeswahlleiterin.de/dam/jcr/24d8e745-920d-431a-893a-12805bc7ef40/btw_ab49_datenbank_ergebnisse.csv"",""source_record_id"":""csv-record-90"",""retrieved_at"":""2026-10-01T23:20:00.007Z"",""raw_snapshot"":{""path"":""docs/political-data/raw/germany/2026-10-01T23-20-00-007Z_9efffc24b559679a/results.csv"",""sha256"":""9efffc24b559679ade291d8da63462e5523b43ac62064e759737c3ae01418484""},""parser_version"":""germany-production-v1"",""parser_sha256"":""2a8eb3487f392ef83303e7fb9ff246e4c111a7e64a469a6aa9eb21461ae9b1a0"",""fields_covered"":[""total_seats"",""valid_second_votes""],""published_or_derived"":""published"",""columns"":[4,79]},{""source_id"":""src-de-bwl-final-archive"",""source_url"":""https://www.bundeswahlleiterin.de/dam/jcr/ce2d2b6a-f211-4355-8eea-355c98cd4e47/btw_kerg.zip"",""source_record_id"":""d5d5009b8cbe5cc2e4a75760a057bda2b29f656a41b157e28557aa47b0e34c4f:btw2017_kerg.csv:340:61"",""retrieved_at"":""2026-10-01T23:21:39.584Z"",""raw_snapshot"":{""path"":""docs/political-data/raw/germany/2026-10-01T23-21-39-584Z_02e7077f9358c9ef/final-results.zip"",""sha256"":""02e7077f9358c9ef408741ee5d17123a43c28ea766b26a7ab338c08fcaeb7512""},""parser_version"":""germany-production-v1"",""parser_sha256"":""2a8eb3487f392ef83303e7fb9ff246e4c111a7e64a469a6aa9eb21461ae9b1a0"",""fields_covered"":[""derived_vote_share""],""published_or_derived"":""derived"",""formula"":""100 * second_votes / valid_second_votes"",""input_fields"":[""second_votes"",""el-de-bt-2017-09-24:valid_second_votes""]},{""source_id"":""src-de-bwl-historical-results"",""source_url"":""https://www.bundeswahlleiterin.de/dam/jcr/24d8e745-920d-431a-893a-12805bc7ef40/btw_ab49_datenbank_ergebnisse.csv"",""source_record_id"":""csv-record-537"",""retrieved_at"":""2026-10-01T23:20:00.007Z"",""raw_snapshot"":{""path"":""docs/political-data/raw/germany/2026-10-01T23-20-00-007Z_9efffc24b559679a/results.csv"",""sha256"":""9efffc24b559679ade291d8da63462e5523b43ac62064e759737c3ae01418484""},""parser_version"":""germany-production-v1"",""parser_sha256"":""2a8eb3487f392ef83303e7fb9ff246e4c111a7e64a469a6aa9eb21461ae9b1a0"",""fields_covered"":[""derived_seat_share""],""published_or_derived"":""derived"",""formula"":""100 * seats / total_seats; null remains null"",""input_fields"":[""seats"",""lg-de-bt-19:total_seats""]}]"
"er-ct-de-0118","germany","national","el-de-bt-2017-09-24","ct-de-0118","second_vote","46515492","709","144809","0.3","0.31131348669815206",,,"final","[{""source_id"":""src-de-bwl-final-archive"",""source_url"":""https://www.bundeswahlleiterin.de/dam/jcr/ce2d2b6a-f211-4355-8eea-355c98cd4e47/btw_kerg.zip"",""source_record_id"":""d5d5009b8cbe5cc2e4a75760a057bda2b29f656a41b157e28557aa47b0e34c4f:btw2017_kerg.csv:340:65"",""retrieved_at"":""2026-10-01T23:21:39.584Z"",""raw_snapshot"":{""path"":""docs/political-data/raw/germany/2026-10-01T23-21-39-584Z_02e7077f9358c9ef/final-results.zip"",""sha256"":""02e7077f9358c9ef408741ee5d17123a43c28ea766b26a7ab338c08fcaeb7512""},""parser_version"":""germany-production-v1"",""parser_sha256"":""2a8eb3487f392ef83303e7fb9ff246e4c111a7e64a469a6aa9eb21461ae9b1a0"",""fields_covered"":[""second_votes"",""registered_label_native""],""published_or_derived"":""published"",""source_member"":""btw2017_kerg.csv"",""source_member_sha256"":""d5d5009b8cbe5cc2e4a75760a057bda2b29f656a41b157e28557aa47b0e34c4f"",""source_column"":65},{""source_id"":""src-de-bwl-historical-results"",""source_url"":""https://www.bundeswahlleiterin.de/dam/jcr/24d8e745-920d-431a-893a-12805bc7ef40/btw_ab49_datenbank_ergebnisse.csv"",""source_record_id"":""csv-record-460"",""retrieved_at"":""2026-10-01T23:20:00.007Z"",""raw_snapshot"":{""path"":""docs/political-data/raw/germany/2026-10-01T23-20-00-007Z_9efffc24b559679a/results.csv"",""sha256"":""9efffc24b559679ade291d8da63462e5523b43ac62064e759737c3ae01418484""},""parser_version"":""germany-production-v1"",""parser_sha256"":""2a8eb3487f392ef83303e7fb9ff246e4c111a7e64a469a6aa9eb21461ae9b1a0"",""fields_covered"":[""published_vote_share"",""seats""],""published_or_derived"":""published"",""columns"":[6,79],""compilation_label"":""ÖDP"",""alignment_basis"":""unique exact national second-vote count in the same election; not party identity""},{""source_id"":""src-de-bwl-historical-results"",""source_url"":""https://www.bundeswahlleiterin.de/dam/jcr/24d8e745-920d-431a-893a-12805bc7ef40/btw_ab49_datenbank_ergebnisse.csv"",""source_record_id"":""csv-record-90"",""retrieved_at"":""2026-10-01T23:20:00.007Z"",""raw_snapshot"":{""path"":""docs/political-data/raw/germany/2026-10-01T23-20-00-007Z_9efffc24b559679a/results.csv"",""sha256"":""9efffc24b559679ade291d8da63462e5523b43ac62064e759737c3ae01418484""},""parser_version"":""germany-production-v1"",""parser_sha256"":""2a8eb3487f392ef83303e7fb9ff246e4c111a7e64a469a6aa9eb21461ae9b1a0"",""fields_covered"":[""total_seats"",""valid_second_votes""],""published_or_derived"":""published"",""columns"":[4,79]},{""source_id"":""src-de-bwl-final-archive"",""source_url"":""https://www.bundeswahlleiterin.de/dam/jcr/ce2d2b6a-f211-4355-8eea-355c98cd4e47/btw_kerg.zip"",""source_record_id"":""d5d5009b8cbe5cc2e4a75760a057bda2b29f656a41b157e28557aa47b0e34c4f:btw2017_kerg.csv:340:65"",""retrieved_at"":""2026-10-01T23:21:39.584Z"",""raw_snapshot"":{""path"":""docs/political-data/raw/germany/2026-10-01T23-21-39-584Z_02e7077f9358c9ef/final-results.zip"",""sha256"":""02e7077f9358c9ef408741ee5d17123a43c28ea766b26a7ab338c08fcaeb7512""},""parser_version"":""germany-production-v1"",""parser_sha256"":""2a8eb3487f392ef83303e7fb9ff246e4c111a7e64a469a6aa9eb21461ae9b1a0"",""fields_covered"":[""derived_vote_share""],""published_or_derived"":""derived"",""formula"":""100 * second_votes / valid_second_votes"",""input_fields"":[""second_votes"",""el-de-bt-2017-09-24:valid_second_votes""]},{""source_id"":""src-de-bwl-historical-results"",""source_url"":""https://www.bundeswahlleiterin.de/dam/jcr/24d8e745-920d-431a-893a-12805bc7ef40/btw_ab49_datenbank_ergebnisse.csv"",""source_record_id"":""csv-record-460"",""retrieved_at"":""2026-10-01T23:20:00.007Z"",""raw_snapshot"":{""path"":""docs/political-data/raw/germany/2026-10-01T23-20-00-007Z_9efffc24b559679a/results.csv"",""sha256"":""9efffc24b559679ade291d8da63462e5523b43ac62064e759737c3ae01418484""},""parser_version"":""germany-production-v1"",""parser_sha256"":""2a8eb3487f392ef83303e7fb9ff246e4c111a7e64a469a6aa9eb21461ae9b1a0"",""fields_covered"":[""derived_seat_share""],""published_or_derived"":""derived"",""formula"":""100 * seats / total_seats; null remains null"",""input_fields"":[""seats"",""lg-de-bt-19:total_seats""]}]"
"er-ct-de-0119","germany","national","el-de-bt-2017-09-24","ct-de-0119","second_vote","46515492","709","454349","1","0.9767692019682389",,,"final","[{""source_id"":""src-de-bwl-final-archive"",""source_url"":""https://www.bundeswahlleiterin.de/dam/jcr/ce2d2b6a-f211-4355-8eea-355c98cd4e47/btw_kerg.zip"",""source_record_id"":""d5d5009b8cbe5cc2e4a75760a057bda2b29f656a41b157e28557aa47b0e34c4f:btw2017_kerg.csv:340:69"",""retrieved_at"":""2026-10-01T23:21:39.584Z"",""raw_snapshot"":{""path"":""docs/political-data/raw/germany/2026-10-01T23-21-39-584Z_02e7077f9358c9ef/final-results.zip"",""sha256"":""02e7077f9358c9ef408741ee5d17123a43c28ea766b26a7ab338c08fcaeb7512""},""parser_version"":""germany-production-v1"",""parser_sha256"":""2a8eb3487f392ef83303e7fb9ff246e4c111a7e64a469a6aa9eb21461ae9b1a0"",""fields_covered"":[""second_votes"",""registered_label_native""],""published_or_derived"":""published"",""source_member"":""btw2017_kerg.csv"",""source_member_sha256"":""d5d5009b8cbe5cc2e4a75760a057bda2b29f656a41b157e28557aa47b0e34c4f"",""source_column"":69},{""source_id"":""src-de-bwl-historical-results"",""source_url"":""https://www.bundeswahlleiterin.de/dam/jcr/24d8e745-920d-431a-893a-12805bc7ef40/btw_ab49_datenbank_ergebnisse.csv"",""source_record_id"":""csv-record-298"",""retrieved_at"":""2026-10-01T23:20:00.007Z"",""raw_snapshot"":{""path"":""docs/political-data/raw/germany/2026-10-01T23-20-00-007Z_9efffc24b559679a/results.csv"",""sha256"":""9efffc24b559679ade291d8da63462e5523b43ac62064e759737c3ae01418484""},""parser_version"":""germany-production-v1"",""parser_sha256"":""2a8eb3487f392ef83303e7fb9ff246e4c111a7e64a469a6aa9eb21461ae9b1a0"",""fields_covered"":[""published_vote_share"",""seats""],""published_or_derived"":""published"",""columns"":[6,79],""compilation_label"":""Die PARTEI"",""alignment_basis"":""unique exact national second-vote count in the same election; not party identity""},{""source_id"":""src-de-bwl-historical-results"",""source_url"":""https://www.bundeswahlleiterin.de/dam/jcr/24d8e745-920d-431a-893a-12805bc7ef40/btw_ab49_datenbank_ergebnisse.csv"",""source_record_id"":""csv-record-90"",""retrieved_at"":""2026-10-01T23:20:00.007Z"",""raw_snapshot"":{""path"":""docs/political-data/raw/germany/2026-10-01T23-20-00-007Z_9efffc24b559679a/results.csv"",""sha256"":""9efffc24b559679ade291d8da63462e5523b43ac62064e759737c3ae01418484""},""parser_version"":""germany-production-v1"",""parser_sha256"":""2a8eb3487f392ef83303e7fb9ff246e4c111a7e64a469a6aa9eb21461ae9b1a0"",""fields_covered"":[""total_seats"",""valid_second_votes""],""published_or_derived"":""published"",""columns"":[4,79]},{""source_id"":""src-de-bwl-final-archive"",""source_url"":""https://www.bundeswahlleiterin.de/dam/jcr/ce2d2b6a-f211-4355-8eea-355c98cd4e47/btw_kerg.zip"",""source_record_id"":""d5d5009b8cbe5cc2e4a75760a057bda2b29f656a41b157e28557aa47b0e34c4f:btw2017_kerg.csv:340:69"",""retrieved_at"":""2026-10-01T23:21:39.584Z"",""raw_snapshot"":{""path"":""docs/political-data/raw/germany/2026-10-01T23-21-39-584Z_02e7077f9358c9ef/final-results.zip"",""sha256"":""02e7077f9358c9ef408741ee5d17123a43c28ea766b26a7ab338c08fcaeb7512""},""parser_version"":""germany-production-v1"",""parser_sha256"":""2a8eb3487f392ef83303e7fb9ff246e4c111a7e64a469a6aa9eb21461ae9b1a0"",""fields_covered"":[""derived_vote_share""],""published_or_derived"":""derived"",""formula"":""100 * second_votes / valid_second_votes"",""input_fields"":[""second_votes"",""el-de-bt-2017-09-24:valid_second_votes""]},{""source_id"":""src-de-bwl-historical-results"",""source_url"":""https://www.bundeswahlleiterin.de/dam/jcr/24d8e745-920d-431a-893a-12805bc7ef40/btw_ab49_datenbank_ergebnisse.csv"",""source_record_id"":""csv-record-298"",""retrieved_at"":""2026-10-01T23:20:00.007Z"",""raw_snapshot"":{""path"":""docs/political-data/raw/germany/2026-10-01T23-20-00-007Z_9efffc24b559679a/results.csv"",""sha256"":""9efffc24b559679ade291d8da63462e5523b43ac62064e759737c3ae01418484""},""parser_version"":""germany-production-v1"",""parser_sha256"":""2a8eb3487f392ef83303e7fb9ff246e4c111a7e64a469a6aa9eb21461ae9b1a0"",""fields_covered"":[""derived_seat_share""],""published_or_derived"":""derived"",""formula"":""100 * seats / total_seats; null remains null"",""input_fields"":[""seats"",""lg-de-bt-19:total_seats""]}]"
"er-ct-de-0120","germany","national","el-de-bt-2017-09-24","ct-de-0120","second_vote","46515492","709","58037","0.1","0.12476918442569628",,,"final","[{""source_id"":""src-de-bwl-final-archive"",""source_url"":""https://www.bundeswahlleiterin.de/dam/jcr/ce2d2b6a-f211-4355-8eea-355c98cd4e47/btw_kerg.zip"",""source_record_id"":""d5d5009b8cbe5cc2e4a75760a057bda2b29f656a41b157e28557aa47b0e34c4f:btw2017_kerg.csv:340:73"",""retrieved_at"":""2026-10-01T23:21:39.584Z"",""raw_snapshot"":{""path"":""docs/political-data/raw/germany/2026-10-01T23-21-39-584Z_02e7077f9358c9ef/final-results.zip"",""sha256"":""02e7077f9358c9ef408741ee5d17123a43c28ea766b26a7ab338c08fcaeb7512""},""parser_version"":""germany-production-v1"",""parser_sha256"":""2a8eb3487f392ef83303e7fb9ff246e4c111a7e64a469a6aa9eb21461ae9b1a0"",""fields_covered"":[""second_votes"",""registered_label_native""],""published_or_derived"":""published"",""source_member"":""btw2017_kerg.csv"",""source_member_sha256"":""d5d5009b8cbe5cc2e4a75760a057bda2b29f656a41b157e28557aa47b0e34c4f"",""source_column"":73},{""source_id"":""src-de-bwl-historical-results"",""source_url"":""https://www.bundeswahlleiterin.de/dam/jcr/24d8e745-920d-431a-893a-12805bc7ef40/btw_ab49_datenbank_ergebnisse.csv"",""source_record_id"":""csv-record-242"",""retrieved_at"":""2026-10-01T23:20:00.007Z"",""raw_snapshot"":{""path"":""docs/political-data/raw/germany/2026-10-01T23-20-00-007Z_9efffc24b559679a/results.csv"",""sha256"":""9efffc24b559679ade291d8da63462e5523b43ac62064e759737c3ae01418484""},""parser_version"":""germany-production-v1"",""parser_sha256"":""2a8eb3487f392ef83303e7fb9ff246e4c111a7e64a469a6aa9eb21461ae9b1a0"",""fields_covered"":[""published_vote_share"",""seats""],""published_or_derived"":""published"",""columns"":[6,79],""compilation_label"":""BP"",""alignment_basis"":""unique exact national second-vote count in the same election; not party identity""},{""source_id"":""src-de-bwl-historical-results"",""source_url"":""https://www.bundeswahlleiterin.de/dam/jcr/24d8e745-920d-431a-893a-12805bc7ef40/btw_ab49_datenbank_ergebnisse.csv"",""source_record_id"":""csv-record-90"",""retrieved_at"":""2026-10-01T23:20:00.007Z"",""raw_snapshot"":{""path"":""docs/political-data/raw/germany/2026-10-01T23-20-00-007Z_9efffc24b559679a/results.csv"",""sha256"":""9efffc24b559679ade291d8da63462e5523b43ac62064e759737c3ae01418484""},""parser_version"":""germany-production-v1"",""parser_sha256"":""2a8eb3487f392ef83303e7fb9ff246e4c111a7e64a469a6aa9eb21461ae9b1a0"",""fields_covered"":[""total_seats"",""valid_second_votes""],""published_or_derived"":""published"",""columns"":[4,79]},{""source_id"":""src-de-bwl-final-archive"",""source_url"":""https://www.bundeswahlleiterin.de/dam/jcr/ce2d2b6a-f211-4355-8eea-355c98cd4e47/btw_kerg.zip"",""source_record_id"":""d5d5009b8cbe5cc2e4a75760a057bda2b29f656a41b157e28557aa47b0e34c4f:btw2017_kerg.csv:340:73"",""retrieved_at"":""2026-10-01T23:21:39.584Z"",""raw_snapshot"":{""path"":""docs/political-data/raw/germany/2026-10-01T23-21-39-584Z_02e7077f9358c9ef/final-results.zip"",""sha256"":""02e7077f9358c9ef408741ee5d17123a43c28ea766b26a7ab338c08fcaeb7512""},""parser_version"":""germany-production-v1"",""parser_sha256"":""2a8eb3487f392ef83303e7fb9ff246e4c111a7e64a469a6aa9eb21461ae9b1a0"",""fields_covered"":[""derived_vote_share""],""published_or_derived"":""derived"",""formula"":""100 * second_votes / valid_second_votes"",""input_fields"":[""second_votes"",""el-de-bt-2017-09-24:valid_second_votes""]},{""source_id"":""src-de-bwl-historical-results"",""source_url"":""https://www.bundeswahlleiterin.de/dam/jcr/24d8e745-920d-431a-893a-12805bc7ef40/btw_ab49_datenbank_ergebnisse.csv"",""source_record_id"":""csv-record-242"",""retrieved_at"":""2026-10-01T23:20:00.007Z"",""raw_snapshot"":{""path"":""docs/political-data/raw/germany/2026-10-01T23-20-00-007Z_9efffc24b559679a/results.csv"",""sha256"":""9efffc24b559679ade291d8da63462e5523b43ac62064e759737c3ae01418484""},""parser_version"":""germany-production-v1"",""parser_sha256"":""2a8eb3487f392ef83303e7fb9ff246e4c111a7e64a469a6aa9eb21461ae9b1a0"",""fields_covered"":[""derived_seat_share""],""published_or_derived"":""derived"",""formula"":""100 * seats / total_seats; null remains null"",""input_fields"":[""seats"",""lg-de-bt-19:total_seats""]}]"
"er-ct-de-0121","germany","national","el-de-bt-2017-09-24","ct-de-0121","second_vote","46515492","709","9631","0","0.020704929875835776",,,"final","[{""source_id"":""src-de-bwl-final-archive"",""source_url"":""https://www.bundeswahlleiterin.de/dam/jcr/ce2d2b6a-f211-4355-8eea-355c98cd4e47/btw_kerg.zip"",""source_record_id"":""d5d5009b8cbe5cc2e4a75760a057bda2b29f656a41b157e28557aa47b0e34c4f:btw2017_kerg.csv:340:77"",""retrieved_at"":""2026-10-01T23:21:39.584Z"",""raw_snapshot"":{""path"":""docs/political-data/raw/germany/2026-10-01T23-21-39-584Z_02e7077f9358c9ef/final-results.zip"",""sha256"":""02e7077f9358c9ef408741ee5d17123a43c28ea766b26a7ab338c08fcaeb7512""},""parser_version"":""germany-production-v1"",""parser_sha256"":""2a8eb3487f392ef83303e7fb9ff246e4c111a7e64a469a6aa9eb21461ae9b1a0"",""fields_covered"":[""second_votes"",""registered_label_native""],""published_or_derived"":""published"",""source_member"":""btw2017_kerg.csv"",""source_member_sha256"":""d5d5009b8cbe5cc2e4a75760a057bda2b29f656a41b157e28557aa47b0e34c4f"",""source_column"":77},{""source_id"":""src-de-bwl-historical-results"",""source_url"":""https://www.bundeswahlleiterin.de/dam/jcr/24d8e745-920d-431a-893a-12805bc7ef40/btw_ab49_datenbank_ergebnisse.csv"",""source_record_id"":""csv-record-561"",""retrieved_at"":""2026-10-01T23:20:00.007Z"",""raw_snapshot"":{""path"":""docs/political-data/raw/germany/2026-10-01T23-20-00-007Z_9efffc24b559679a/results.csv"",""sha256"":""9efffc24b559679ade291d8da63462e5523b43ac62064e759737c3ae01418484""},""parser_version"":""germany-production-v1"",""parser_sha256"":""2a8eb3487f392ef83303e7fb9ff246e4c111a7e64a469a6aa9eb21461ae9b1a0"",""fields_covered"":[""published_vote_share"",""seats""],""published_or_derived"":""published"",""columns"":[6,79],""compilation_label"":""Volksabstimmung"",""alignment_basis"":""unique exact national second-vote count in the same election; not party identity""},{""source_id"":""src-de-bwl-historical-results"",""source_url"":""https://www.bundeswahlleiterin.de/dam/jcr/24d8e745-920d-431a-893a-12805bc7ef40/btw_ab49_datenbank_ergebnisse.csv"",""source_record_id"":""csv-record-90"",""retrieved_at"":""2026-10-01T23:20:00.007Z"",""raw_snapshot"":{""path"":""docs/political-data/raw/germany/2026-10-01T23-20-00-007Z_9efffc24b559679a/results.csv"",""sha256"":""9efffc24b559679ade291d8da63462e5523b43ac62064e759737c3ae01418484""},""parser_version"":""germany-production-v1"",""parser_sha256"":""2a8eb3487f392ef83303e7fb9ff246e4c111a7e64a469a6aa9eb21461ae9b1a0"",""fields_covered"":[""total_seats"",""valid_second_votes""],""published_or_derived"":""published"",""columns"":[4,79]},{""source_id"":""src-de-bwl-final-archive"",""source_url"":""https://www.bundeswahlleiterin.de/dam/jcr/ce2d2b6a-f211-4355-8eea-355c98cd4e47/btw_kerg.zip"",""source_record_id"":""d5d5009b8cbe5cc2e4a75760a057bda2b29f656a41b157e28557aa47b0e34c4f:btw2017_kerg.csv:340:77"",""retrieved_at"":""2026-10-01T23:21:39.584Z"",""raw_snapshot"":{""path"":""docs/political-data/raw/germany/2026-10-01T23-21-39-584Z_02e7077f9358c9ef/final-results.zip"",""sha256"":""02e7077f9358c9ef408741ee5d17123a43c28ea766b26a7ab338c08fcaeb7512""},""parser_version"":""germany-production-v1"",""parser_sha256"":""2a8eb3487f392ef83303e7fb9ff246e4c111a7e64a469a6aa9eb21461ae9b1a0"",""fields_covered"":[""derived_vote_share""],""published_or_derived"":""derived"",""formula"":""100 * second_votes / valid_second_votes"",""input_fields"":[""second_votes"",""el-de-bt-2017-09-24:valid_second_votes""]},{""source_id"":""src-de-bwl-historical-results"",""source_url"":""https://www.bundeswahlleiterin.de/dam/jcr/24d8e745-920d-431a-893a-12805bc7ef40/btw_ab49_datenbank_ergebnisse.csv"",""source_record_id"":""csv-record-561"",""retrieved_at"":""2026-10-01T23:20:00.007Z"",""raw_snapshot"":{""path"":""docs/political-data/raw/germany/2026-10-01T23-20-00-007Z_9efffc24b559679a/results.csv"",""sha256"":""9efffc24b559679ade291d8da63462e5523b43ac62064e759737c3ae01418484""},""parser_version"":""germany-production-v1"",""parser_sha256"":""2a8eb3487f392ef83303e7fb9ff246e4c111a7e64a469a6aa9eb21461ae9b1a0"",""fields_covered"":[""derived_seat_share""],""published_or_derived"":""derived"",""formula"":""100 * seats / total_seats; null remains null"",""input_fields"":[""seats"",""lg-de-bt-19:total_seats""]}]"
"er-ct-de-0122","germany","national","el-de-bt-2017-09-24","ct-de-0122","second_vote","46515492","709","533","0","0.0011458548046745373",,,"final","[{""source_id"":""src-de-bwl-final-archive"",""source_url"":""https://www.bundeswahlleiterin.de/dam/jcr/ce2d2b6a-f211-4355-8eea-355c98cd4e47/btw_kerg.zip"",""source_record_id"":""d5d5009b8cbe5cc2e4a75760a057bda2b29f656a41b157e28557aa47b0e34c4f:btw2017_kerg.csv:340:81"",""retrieved_at"":""2026-10-01T23:21:39.584Z"",""raw_snapshot"":{""path"":""docs/political-data/raw/germany/2026-10-01T23-21-39-584Z_02e7077f9358c9ef/final-results.zip"",""sha256"":""02e7077f9358c9ef408741ee5d17123a43c28ea766b26a7ab338c08fcaeb7512""},""parser_version"":""germany-production-v1"",""parser_sha256"":""2a8eb3487f392ef83303e7fb9ff246e4c111a7e64a469a6aa9eb21461ae9b1a0"",""fields_covered"":[""second_votes"",""registered_label_native""],""published_or_derived"":""published"",""source_member"":""btw2017_kerg.csv"",""source_member_sha256"":""d5d5009b8cbe5cc2e4a75760a057bda2b29f656a41b157e28557aa47b0e34c4f"",""source_column"":81},{""source_id"":""src-de-bwl-historical-results"",""source_url"":""https://www.bundeswahlleiterin.de/dam/jcr/24d8e745-920d-431a-893a-12805bc7ef40/btw_ab49_datenbank_ergebnisse.csv"",""source_record_id"":""csv-record-483"",""retrieved_at"":""2026-10-01T23:20:00.007Z"",""raw_snapshot"":{""path"":""docs/political-data/raw/germany/2026-10-01T23-20-00-007Z_9efffc24b559679a/results.csv"",""sha256"":""9efffc24b559679ade291d8da63462e5523b43ac62064e759737c3ae01418484""},""parser_version"":""germany-production-v1"",""parser_sha256"":""2a8eb3487f392ef83303e7fb9ff246e4c111a7e64a469a6aa9eb21461ae9b1a0"",""fields_covered"":[""published_vote_share"",""seats""],""published_or_derived"":""published"",""columns"":[6,79],""compilation_label"":""PDV"",""alignment_basis"":""unique exact national second-vote count in the same election; not party identity""},{""source_id"":""src-de-bwl-historical-results"",""source_url"":""https://www.bundeswahlleiterin.de/dam/jcr/24d8e745-920d-431a-893a-12805bc7ef40/btw_ab49_datenbank_ergebnisse.csv"",""source_record_id"":""csv-record-90"",""retrieved_at"":""2026-10-01T23:20:00.007Z"",""raw_snapshot"":{""path"":""docs/political-data/raw/germany/2026-10-01T23-20-00-007Z_9efffc24b559679a/results.csv"",""sha256"":""9efffc24b559679ade291d8da63462e5523b43ac62064e759737c3ae01418484""},""parser_version"":""germany-production-v1"",""parser_sha256"":""2a8eb3487f392ef83303e7fb9ff246e4c111a7e64a469a6aa9eb21461ae9b1a0"",""fields_covered"":[""total_seats"",""valid_second_votes""],""published_or_derived"":""published"",""columns"":[4,79]},{""source_id"":""src-de-bwl-final-archive"",""source_url"":""https://www.bundeswahlleiterin.de/dam/jcr/ce2d2b6a-f211-4355-8eea-355c98cd4e47/btw_kerg.zip"",""source_record_id"":""d5d5009b8cbe5cc2e4a75760a057bda2b29f656a41b157e28557aa47b0e34c4f:btw2017_kerg.csv:340:81"",""retrieved_at"":""2026-10-01T23:21:39.584Z"",""raw_snapshot"":{""path"":""docs/political-data/raw/germany/2026-10-01T23-21-39-584Z_02e7077f9358c9ef/final-results.zip"",""sha256"":""02e7077f9358c9ef408741ee5d17123a43c28ea766b26a7ab338c08fcaeb7512""},""parser_version"":""germany-production-v1"",""parser_sha256"":""2a8eb3487f392ef83303e7fb9ff246e4c111a7e64a469a6aa9eb21461ae9b1a0"",""fields_covered"":[""derived_vote_share""],""published_or_derived"":""derived"",""formula"":""100 * second_votes / valid_second_votes"",""input_fields"":[""second_votes"",""el-de-bt-2017-09-24:valid_second_votes""]},{""source_id"":""src-de-bwl-historical-results"",""source_url"":""https://www.bundeswahlleiterin.de/dam/jcr/24d8e745-920d-431a-893a-12805bc7ef40/btw_ab49_datenbank_ergebnisse.csv"",""source_record_id"":""csv-record-483"",""retrieved_at"":""2026-10-01T23:20:00.007Z"",""raw_snapshot"":{""path"":""docs/political-data/raw/germany/2026-10-01T23-20-00-007Z_9efffc24b559679a/results.csv"",""sha256"":""9efffc24b559679ade291d8da63462e5523b43ac62064e759737c3ae01418484""},""parser_version"":""germany-production-v1"",""parser_sha256"":""2a8eb3487f392ef83303e7fb9ff246e4c111a7e64a469a6aa9eb21461ae9b1a0"",""fields_covered"":[""derived_seat_share""],""published_or_derived"":""derived"",""formula"":""100 * seats / total_seats; null remains null"",""input_fields"":[""seats"",""lg-de-bt-19:total_seats""]}]"
"er-ct-de-0123","germany","national","el-de-bt-2017-09-24","ct-de-0123","second_vote","46515492","709","29785","0.1","0.0640324303137544",,,"final","[{""source_id"":""src-de-bwl-final-archive"",""source_url"":""https://www.bundeswahlleiterin.de/dam/jcr/ce2d2b6a-f211-4355-8eea-355c98cd4e47/btw_kerg.zip"",""source_record_id"":""d5d5009b8cbe5cc2e4a75760a057bda2b29f656a41b157e28557aa47b0e34c4f:btw2017_kerg.csv:340:85"",""retrieved_at"":""2026-10-01T23:21:39.584Z"",""raw_snapshot"":{""path"":""docs/political-data/raw/germany/2026-10-01T23-21-39-584Z_02e7077f9358c9ef/final-results.zip"",""sha256"":""02e7077f9358c9ef408741ee5d17123a43c28ea766b26a7ab338c08fcaeb7512""},""parser_version"":""germany-production-v1"",""parser_sha256"":""2a8eb3487f392ef83303e7fb9ff246e4c111a7e64a469a6aa9eb21461ae9b1a0"",""fields_covered"":[""second_votes"",""registered_label_native""],""published_or_derived"":""published"",""source_member"":""btw2017_kerg.csv"",""source_member_sha256"":""d5d5009b8cbe5cc2e4a75760a057bda2b29f656a41b157e28557aa47b0e34c4f"",""source_column"":85},{""source_id"":""src-de-bwl-historical-results"",""source_url"":""https://www.bundeswahlleiterin.de/dam/jcr/24d8e745-920d-431a-893a-12805bc7ef40/btw_ab49_datenbank_ergebnisse.csv"",""source_record_id"":""csv-record-441"",""retrieved_at"":""2026-10-01T23:20:00.007Z"",""raw_snapshot"":{""path"":""docs/political-data/raw/germany/2026-10-01T23-20-00-007Z_9efffc24b559679a/results.csv"",""sha256"":""9efffc24b559679ade291d8da63462e5523b43ac62064e759737c3ae01418484""},""parser_version"":""germany-production-v1"",""parser_sha256"":""2a8eb3487f392ef83303e7fb9ff246e4c111a7e64a469a6aa9eb21461ae9b1a0"",""fields_covered"":[""published_vote_share"",""seats""],""published_or_derived"":""published"",""columns"":[6,79],""compilation_label"":""MLPD"",""alignment_basis"":""unique exact national second-vote count in the same election; not party identity""},{""source_id"":""src-de-bwl-historical-results"",""source_url"":""https://www.bundeswahlleiterin.de/dam/jcr/24d8e745-920d-431a-893a-12805bc7ef40/btw_ab49_datenbank_ergebnisse.csv"",""source_record_id"":""csv-record-90"",""retrieved_at"":""2026-10-01T23:20:00.007Z"",""raw_snapshot"":{""path"":""docs/political-data/raw/germany/2026-10-01T23-20-00-007Z_9efffc24b559679a/results.csv"",""sha256"":""9efffc24b559679ade291d8da63462e5523b43ac62064e759737c3ae01418484""},""parser_version"":""germany-production-v1"",""parser_sha256"":""2a8eb3487f392ef83303e7fb9ff246e4c111a7e64a469a6aa9eb21461ae9b1a0"",""fields_covered"":[""total_seats"",""valid_second_votes""],""published_or_derived"":""published"",""columns"":[4,79]},{""source_id"":""src-de-bwl-final-archive"",""source_url"":""https://www.bundeswahlleiterin.de/dam/jcr/ce2d2b6a-f211-4355-8eea-355c98cd4e47/btw_kerg.zip"",""source_record_id"":""d5d5009b8cbe5cc2e4a75760a057bda2b29f656a41b157e28557aa47b0e34c4f:btw2017_kerg.csv:340:85"",""retrieved_at"":""2026-10-01T23:21:39.584Z"",""raw_snapshot"":{""path"":""docs/political-data/raw/germany/2026-10-01T23-21-39-584Z_02e7077f9358c9ef/final-results.zip"",""sha256"":""02e7077f9358c9ef408741ee5d17123a43c28ea766b26a7ab338c08fcaeb7512""},""parser_version"":""germany-production-v1"",""parser_sha256"":""2a8eb3487f392ef83303e7fb9ff246e4c111a7e64a469a6aa9eb21461ae9b1a0"",""fields_covered"":[""derived_vote_share""],""published_or_derived"":""derived"",""formula"":""100 * second_votes / valid_second_votes"",""input_fields"":[""second_votes"",""el-de-bt-2017-09-24:valid_second_votes""]},{""source_id"":""src-de-bwl-historical-results"",""source_url"":""https://www.bundeswahlleiterin.de/dam/jcr/24d8e745-920d-431a-893a-12805bc7ef40/btw_ab49_datenbank_ergebnisse.csv"",""source_record_id"":""csv-record-441"",""retrieved_at"":""2026-10-01T23:20:00.007Z"",""raw_snapshot"":{""path"":""docs/political-data/raw/germany/2026-10-01T23-20-00-007Z_9efffc24b559679a/results.csv"",""sha256"":""9efffc24b559679ade291d8da63462e5523b43ac62064e759737c3ae01418484""},""parser_version"":""germany-production-v1"",""parser_sha256"":""2a8eb3487f392ef83303e7fb9ff246e4c111a7e64a469a6aa9eb21461ae9b1a0"",""fields_covered"":[""derived_seat_share""],""published_or_derived"":""derived"",""formula"":""100 * seats / total_seats; null remains null"",""input_fields"":[""seats"",""lg-de-bt-19:total_seats""]}]"
"er-ct-de-0124","germany","national","el-de-bt-2017-09-24","ct-de-0124","second_vote","46515492","709","6693","0","0.014388754611044424",,,"final","[{""source_id"":""src-de-bwl-final-archive"",""source_url"":""https://www.bundeswahlleiterin.de/dam/jcr/ce2d2b6a-f211-4355-8eea-355c98cd4e47/btw_kerg.zip"",""source_record_id"":""d5d5009b8cbe5cc2e4a75760a057bda2b29f656a41b157e28557aa47b0e34c4f:btw2017_kerg.csv:340:89"",""retrieved_at"":""2026-10-01T23:21:39.584Z"",""raw_snapshot"":{""path"":""docs/political-data/raw/germany/2026-10-01T23-21-39-584Z_02e7077f9358c9ef/final-results.zip"",""sha256"":""02e7077f9358c9ef408741ee5d17123a43c28ea766b26a7ab338c08fcaeb7512""},""parser_version"":""germany-production-v1"",""parser_sha256"":""2a8eb3487f392ef83303e7fb9ff246e4c111a7e64a469a6aa9eb21461ae9b1a0"",""fields_covered"":[""second_votes"",""registered_label_native""],""published_or_derived"":""published"",""source_member"":""btw2017_kerg.csv"",""source_member_sha256"":""d5d5009b8cbe5cc2e4a75760a057bda2b29f656a41b157e28557aa47b0e34c4f"",""source_column"":89},{""source_id"":""src-de-bwl-historical-results"",""source_url"":""https://www.bundeswahlleiterin.de/dam/jcr/24d8e745-920d-431a-893a-12805bc7ef40/btw_ab49_datenbank_ergebnisse.csv"",""source_record_id"":""csv-record-263"",""retrieved_at"":""2026-10-01T23:20:00.007Z"",""raw_snapshot"":{""path"":""docs/political-data/raw/germany/2026-10-01T23-20-00-007Z_9efffc24b559679a/results.csv"",""sha256"":""9efffc24b559679ade291d8da63462e5523b43ac62064e759737c3ae01418484""},""parser_version"":""germany-production-v1"",""parser_sha256"":""2a8eb3487f392ef83303e7fb9ff246e4c111a7e64a469a6aa9eb21461ae9b1a0"",""fields_covered"":[""published_vote_share"",""seats""],""published_or_derived"":""published"",""columns"":[6,79],""compilation_label"":""BüSo"",""alignment_basis"":""unique exact national second-vote count in the same election; not party identity""},{""source_id"":""src-de-bwl-historical-results"",""source_url"":""https://www.bundeswahlleiterin.de/dam/jcr/24d8e745-920d-431a-893a-12805bc7ef40/btw_ab49_datenbank_ergebnisse.csv"",""source_record_id"":""csv-record-90"",""retrieved_at"":""2026-10-01T23:20:00.007Z"",""raw_snapshot"":{""path"":""docs/political-data/raw/germany/2026-10-01T23-20-00-007Z_9efffc24b559679a/results.csv"",""sha256"":""9efffc24b559679ade291d8da63462e5523b43ac62064e759737c3ae01418484""},""parser_version"":""germany-production-v1"",""parser_sha256"":""2a8eb3487f392ef83303e7fb9ff246e4c111a7e64a469a6aa9eb21461ae9b1a0"",""fields_covered"":[""total_seats"",""valid_second_votes""],""published_or_derived"":""published"",""columns"":[4,79]},{""source_id"":""src-de-bwl-final-archive"",""source_url"":""https://www.bundeswahlleiterin.de/dam/jcr/ce2d2b6a-f211-4355-8eea-355c98cd4e47/btw_kerg.zip"",""source_record_id"":""d5d5009b8cbe5cc2e4a75760a057bda2b29f656a41b157e28557aa47b0e34c4f:btw2017_kerg.csv:340:89"",""retrieved_at"":""2026-10-01T23:21:39.584Z"",""raw_snapshot"":{""path"":""docs/political-data/raw/germany/2026-10-01T23-21-39-584Z_02e7077f9358c9ef/final-results.zip"",""sha256"":""02e7077f9358c9ef408741ee5d17123a43c28ea766b26a7ab338c08fcaeb7512""},""parser_version"":""germany-production-v1"",""parser_sha256"":""2a8eb3487f392ef83303e7fb9ff246e4c111a7e64a469a6aa9eb21461ae9b1a0"",""fields_covered"":[""derived_vote_share""],""published_or_derived"":""derived"",""formula"":""100 * second_votes / valid_second_votes"",""input_fields"":[""second_votes"",""el-de-bt-2017-09-24:valid_second_votes""]},{""source_id"":""src-de-bwl-historical-results"",""source_url"":""https://www.bundeswahlleiterin.de/dam/jcr/24d8e745-920d-431a-893a-12805bc7ef40/btw_ab49_datenbank_ergebnisse.csv"",""source_record_id"":""csv-record-263"",""retrieved_at"":""2026-10-01T23:20:00.007Z"",""raw_snapshot"":{""path"":""docs/political-data/raw/germany/2026-10-01T23-20-00-007Z_9efffc24b559679a/results.csv"",""sha256"":""9efffc24b559679ade291d8da63462e5523b43ac62064e759737c3ae01418484""},""parser_version"":""germany-production-v1"",""parser_sha256"":""2a8eb3487f392ef83303e7fb9ff246e4c111a7e64a469a6aa9eb21461ae9b1a0"",""fields_covered"":[""derived_seat_share""],""published_or_derived"":""derived"",""formula"":""100 * seats / total_seats; null remains null"",""input_fields"":[""seats"",""lg-de-bt-19:total_seats""]}]"
"er-ct-de-0125","germany","national","el-de-bt-2017-09-24","ct-de-0125","second_vote","46515492","709","1291","0","0.0027754194237051173",,,"final","[{""source_id"":""src-de-bwl-final-archive"",""source_url"":""https://www.bundeswahlleiterin.de/dam/jcr/ce2d2b6a-f211-4355-8eea-355c98cd4e47/btw_kerg.zip"",""source_record_id"":""d5d5009b8cbe5cc2e4a75760a057bda2b29f656a41b157e28557aa47b0e34c4f:btw2017_kerg.csv:340:93"",""retrieved_at"":""2026-10-01T23:21:39.584Z"",""raw_snapshot"":{""path"":""docs/political-data/raw/germany/2026-10-01T23-21-39-584Z_02e7077f9358c9ef/final-results.zip"",""sha256"":""02e7077f9358c9ef408741ee5d17123a43c28ea766b26a7ab338c08fcaeb7512""},""parser_version"":""germany-production-v1"",""parser_sha256"":""2a8eb3487f392ef83303e7fb9ff246e4c111a7e64a469a6aa9eb21461ae9b1a0"",""fields_covered"":[""second_votes"",""registered_label_native""],""published_or_derived"":""published"",""source_member"":""btw2017_kerg.csv"",""source_member_sha256"":""d5d5009b8cbe5cc2e4a75760a057bda2b29f656a41b157e28557aa47b0e34c4f"",""source_column"":93},{""source_id"":""src-de-bwl-historical-results"",""source_url"":""https://www.bundeswahlleiterin.de/dam/jcr/24d8e745-920d-431a-893a-12805bc7ef40/btw_ab49_datenbank_ergebnisse.csv"",""source_record_id"":""csv-record-511"",""retrieved_at"":""2026-10-01T23:20:00.007Z"",""raw_snapshot"":{""path"":""docs/political-data/raw/germany/2026-10-01T23-20-00-007Z_9efffc24b559679a/results.csv"",""sha256"":""9efffc24b559679ade291d8da63462e5523b43ac62064e759737c3ae01418484""},""parser_version"":""germany-production-v1"",""parser_sha256"":""2a8eb3487f392ef83303e7fb9ff246e4c111a7e64a469a6aa9eb21461ae9b1a0"",""fields_covered"":[""published_vote_share"",""seats""],""published_or_derived"":""published"",""columns"":[6,79],""compilation_label"":""SGP"",""alignment_basis"":""unique exact national second-vote count in the same election; not party identity""},{""source_id"":""src-de-bwl-historical-results"",""source_url"":""https://www.bundeswahlleiterin.de/dam/jcr/24d8e745-920d-431a-893a-12805bc7ef40/btw_ab49_datenbank_ergebnisse.csv"",""source_record_id"":""csv-record-90"",""retrieved_at"":""2026-10-01T23:20:00.007Z"",""raw_snapshot"":{""path"":""docs/political-data/raw/germany/2026-10-01T23-20-00-007Z_9efffc24b559679a/results.csv"",""sha256"":""9efffc24b559679ade291d8da63462e5523b43ac62064e759737c3ae01418484""},""parser_version"":""germany-production-v1"",""parser_sha256"":""2a8eb3487f392ef83303e7fb9ff246e4c111a7e64a469a6aa9eb21461ae9b1a0"",""fields_covered"":[""total_seats"",""valid_second_votes""],""published_or_derived"":""published"",""columns"":[4,79]},{""source_id"":""src-de-bwl-final-archive"",""source_url"":""https://www.bundeswahlleiterin.de/dam/jcr/ce2d2b6a-f211-4355-8eea-355c98cd4e47/btw_kerg.zip"",""source_record_id"":""d5d5009b8cbe5cc2e4a75760a057bda2b29f656a41b157e28557aa47b0e34c4f:btw2017_kerg.csv:340:93"",""retrieved_at"":""2026-10-01T23:21:39.584Z"",""raw_snapshot"":{""path"":""docs/political-data/raw/germany/2026-10-01T23-21-39-584Z_02e7077f9358c9ef/final-results.zip"",""sha256"":""02e7077f9358c9ef408741ee5d17123a43c28ea766b26a7ab338c08fcaeb7512""},""parser_version"":""germany-production-v1"",""parser_sha256"":""2a8eb3487f392ef83303e7fb9ff246e4c111a7e64a469a6aa9eb21461ae9b1a0"",""fields_covered"":[""derived_vote_share""],""published_or_derived"":""derived"",""formula"":""100 * second_votes / valid_second_votes"",""input_fields"":[""second_votes"",""el-de-bt-2017-09-24:valid_second_votes""]},{""source_id"":""src-de-bwl-historical-results"",""source_url"":""https://www.bundeswahlleiterin.de/dam/jcr/24d8e745-920d-431a-893a-12805bc7ef40/btw_ab49_datenbank_ergebnisse.csv"",""source_record_id"":""csv-record-511"",""retrieved_at"":""2026-10-01T23:20:00.007Z"",""raw_snapshot"":{""path"":""docs/political-data/raw/germany/2026-10-01T23-20-00-007Z_9efffc24b559679a/results.csv"",""sha256"":""9efffc24b559679ade291d8da63462e5523b43ac62064e759737c3ae01418484""},""parser_version"":""germany-production-v1"",""parser_sha256"":""2a8eb3487f392ef83303e7fb9ff246e4c111a7e64a469a6aa9eb21461ae9b1a0"",""fields_covered"":[""derived_seat_share""],""published_or_derived"":""derived"",""formula"":""100 * seats / total_seats; null remains null"",""input_fields"":[""seats"",""lg-de-bt-19:total_seats""]}]"
"er-ct-de-0126","germany","national","el-de-bt-2017-09-24","ct-de-0126","second_vote","46515492","709","2054","0","0.004415733149721388",,,"final","[{""source_id"":""src-de-bwl-final-archive"",""source_url"":""https://www.bundeswahlleiterin.de/dam/jcr/ce2d2b6a-f211-4355-8eea-355c98cd4e47/btw_kerg.zip"",""source_record_id"":""d5d5009b8cbe5cc2e4a75760a057bda2b29f656a41b157e28557aa47b0e34c4f:btw2017_kerg.csv:340:97"",""retrieved_at"":""2026-10-01T23:21:39.584Z"",""raw_snapshot"":{""path"":""docs/political-data/raw/germany/2026-10-01T23-21-39-584Z_02e7077f9358c9ef/final-results.zip"",""sha256"":""02e7077f9358c9ef408741ee5d17123a43c28ea766b26a7ab338c08fcaeb7512""},""parser_version"":""germany-production-v1"",""parser_sha256"":""2a8eb3487f392ef83303e7fb9ff246e4c111a7e64a469a6aa9eb21461ae9b1a0"",""fields_covered"":[""second_votes"",""registered_label_native""],""published_or_derived"":""published"",""source_member"":""btw2017_kerg.csv"",""source_member_sha256"":""d5d5009b8cbe5cc2e4a75760a057bda2b29f656a41b157e28557aa47b0e34c4f"",""source_column"":97},{""source_id"":""src-de-bwl-historical-results"",""source_url"":""https://www.bundeswahlleiterin.de/dam/jcr/24d8e745-920d-431a-893a-12805bc7ef40/btw_ab49_datenbank_ergebnisse.csv"",""source_record_id"":""csv-record-302"",""retrieved_at"":""2026-10-01T23:20:00.007Z"",""raw_snapshot"":{""path"":""docs/political-data/raw/germany/2026-10-01T23-20-00-007Z_9efffc24b559679a/results.csv"",""sha256"":""9efffc24b559679ade291d8da63462e5523b43ac62064e759737c3ae01418484""},""parser_version"":""germany-production-v1"",""parser_sha256"":""2a8eb3487f392ef83303e7fb9ff246e4c111a7e64a469a6aa9eb21461ae9b1a0"",""fields_covered"":[""published_vote_share"",""seats""],""published_or_derived"":""published"",""columns"":[6,79],""compilation_label"":""DIE RECHTE"",""alignment_basis"":""unique exact national second-vote count in the same election; not party identity""},{""source_id"":""src-de-bwl-historical-results"",""source_url"":""https://www.bundeswahlleiterin.de/dam/jcr/24d8e745-920d-431a-893a-12805bc7ef40/btw_ab49_datenbank_ergebnisse.csv"",""source_record_id"":""csv-record-90"",""retrieved_at"":""2026-10-01T23:20:00.007Z"",""raw_snapshot"":{""path"":""docs/political-data/raw/germany/2026-10-01T23-20-00-007Z_9efffc24b559679a/results.csv"",""sha256"":""9efffc24b559679ade291d8da63462e5523b43ac62064e759737c3ae01418484""},""parser_version"":""germany-production-v1"",""parser_sha256"":""2a8eb3487f392ef83303e7fb9ff246e4c111a7e64a469a6aa9eb21461ae9b1a0"",""fields_covered"":[""total_seats"",""valid_second_votes""],""published_or_derived"":""published"",""columns"":[4,79]},{""source_id"":""src-de-bwl-final-archive"",""source_url"":""https://www.bundeswahlleiterin.de/dam/jcr/ce2d2b6a-f211-4355-8eea-355c98cd4e47/btw_kerg.zip"",""source_record_id"":""d5d5009b8cbe5cc2e4a75760a057bda2b29f656a41b157e28557aa47b0e34c4f:btw2017_kerg.csv:340:97"",""retrieved_at"":""2026-10-01T23:21:39.584Z"",""raw_snapshot"":{""path"":""docs/political-data/raw/germany/2026-10-01T23-21-39-584Z_02e7077f9358c9ef/final-results.zip"",""sha256"":""02e7077f9358c9ef408741ee5d17123a43c28ea766b26a7ab338c08fcaeb7512""},""parser_version"":""germany-production-v1"",""parser_sha256"":""2a8eb3487f392ef83303e7fb9ff246e4c111a7e64a469a6aa9eb21461ae9b1a0"",""fields_covered"":[""derived_vote_share""],""published_or_derived"":""derived"",""formula"":""100 * second_votes / valid_second_votes"",""input_fields"":[""second_votes"",""el-de-bt-2017-09-24:valid_second_votes""]},{""source_id"":""src-de-bwl-historical-results"",""source_url"":""https://www.bundeswahlleiterin.de/dam/jcr/24d8e745-920d-431a-893a-12805bc7ef40/btw_ab49_datenbank_ergebnisse.csv"",""source_record_id"":""csv-record-302"",""retrieved_at"":""2026-10-01T23:20:00.007Z"",""raw_snapshot"":{""path"":""docs/political-data/raw/germany/2026-10-01T23-20-00-007Z_9efffc24b559679a/results.csv"",""sha256"":""9efffc24b559679ade291d8da63462e5523b43ac62064e759737c3ae01418484""},""parser_version"":""germany-production-v1"",""parser_sha256"":""2a8eb3487f392ef83303e7fb9ff246e4c111a7e64a469a6aa9eb21461ae9b1a0"",""fields_covered"":[""derived_seat_share""],""published_or_derived"":""derived"",""formula"":""100 * seats / total_seats; null remains null"",""input_fields"":[""seats"",""lg-de-bt-19:total_seats""]}]"
"er-ct-de-0127","germany","national","el-de-bt-2017-09-24","ct-de-0127","second_vote","46515492","709","41251","0.1","0.08868228245333834",,,"final","[{""source_id"":""src-de-bwl-final-archive"",""source_url"":""https://www.bundeswahlleiterin.de/dam/jcr/ce2d2b6a-f211-4355-8eea-355c98cd4e47/btw_kerg.zip"",""source_record_id"":""d5d5009b8cbe5cc2e4a75760a057bda2b29f656a41b157e28557aa47b0e34c4f:btw2017_kerg.csv:340:101"",""retrieved_at"":""2026-10-01T23:21:39.584Z"",""raw_snapshot"":{""path"":""docs/political-data/raw/germany/2026-10-01T23-21-39-584Z_02e7077f9358c9ef/final-results.zip"",""sha256"":""02e7077f9358c9ef408741ee5d17123a43c28ea766b26a7ab338c08fcaeb7512""},""parser_version"":""germany-production-v1"",""parser_sha256"":""2a8eb3487f392ef83303e7fb9ff246e4c111a7e64a469a6aa9eb21461ae9b1a0"",""fields_covered"":[""second_votes"",""registered_label_native""],""published_or_derived"":""published"",""source_member"":""btw2017_kerg.csv"",""source_member_sha256"":""d5d5009b8cbe5cc2e4a75760a057bda2b29f656a41b157e28557aa47b0e34c4f"",""source_column"":101},{""source_id"":""src-de-bwl-historical-results"",""source_url"":""https://www.bundeswahlleiterin.de/dam/jcr/24d8e745-920d-431a-893a-12805bc7ef40/btw_ab49_datenbank_ergebnisse.csv"",""source_record_id"":""csv-record-209"",""retrieved_at"":""2026-10-01T23:20:00.007Z"",""raw_snapshot"":{""path"":""docs/political-data/raw/germany/2026-10-01T23-20-00-007Z_9efffc24b559679a/results.csv"",""sha256"":""9efffc24b559679ade291d8da63462e5523b43ac62064e759737c3ae01418484""},""parser_version"":""germany-production-v1"",""parser_sha256"":""2a8eb3487f392ef83303e7fb9ff246e4c111a7e64a469a6aa9eb21461ae9b1a0"",""fields_covered"":[""published_vote_share"",""seats""],""published_or_derived"":""published"",""columns"":[6,79],""compilation_label"":""AD-DEMOKRATEN"",""alignment_basis"":""unique exact national second-vote count in the same election; not party identity""},{""source_id"":""src-de-bwl-historical-results"",""source_url"":""https://www.bundeswahlleiterin.de/dam/jcr/24d8e745-920d-431a-893a-12805bc7ef40/btw_ab49_datenbank_ergebnisse.csv"",""source_record_id"":""csv-record-90"",""retrieved_at"":""2026-10-01T23:20:00.007Z"",""raw_snapshot"":{""path"":""docs/political-data/raw/germany/2026-10-01T23-20-00-007Z_9efffc24b559679a/results.csv"",""sha256"":""9efffc24b559679ade291d8da63462e5523b43ac62064e759737c3ae01418484""},""parser_version"":""germany-production-v1"",""parser_sha256"":""2a8eb3487f392ef83303e7fb9ff246e4c111a7e64a469a6aa9eb21461ae9b1a0"",""fields_covered"":[""total_seats"",""valid_second_votes""],""published_or_derived"":""published"",""columns"":[4,79]},{""source_id"":""src-de-bwl-final-archive"",""source_url"":""https://www.bundeswahlleiterin.de/dam/jcr/ce2d2b6a-f211-4355-8eea-355c98cd4e47/btw_kerg.zip"",""source_record_id"":""d5d5009b8cbe5cc2e4a75760a057bda2b29f656a41b157e28557aa47b0e34c4f:btw2017_kerg.csv:340:101"",""retrieved_at"":""2026-10-01T23:21:39.584Z"",""raw_snapshot"":{""path"":""docs/political-data/raw/germany/2026-10-01T23-21-39-584Z_02e7077f9358c9ef/final-results.zip"",""sha256"":""02e7077f9358c9ef408741ee5d17123a43c28ea766b26a7ab338c08fcaeb7512""},""parser_version"":""germany-production-v1"",""parser_sha256"":""2a8eb3487f392ef83303e7fb9ff246e4c111a7e64a469a6aa9eb21461ae9b1a0"",""fields_covered"":[""derived_vote_share""],""published_or_derived"":""derived"",""formula"":""100 * second_votes / valid_second_votes"",""input_fields"":[""second_votes"",""el-de-bt-2017-09-24:valid_second_votes""]},{""source_id"":""src-de-bwl-historical-results"",""source_url"":""https://www.bundeswahlleiterin.de/dam/jcr/24d8e745-920d-431a-893a-12805bc7ef40/btw_ab49_datenbank_ergebnisse.csv"",""source_record_id"":""csv-record-209"",""retrieved_at"":""2026-10-01T23:20:00.007Z"",""raw_snapshot"":{""path"":""docs/political-data/raw/germany/2026-10-01T23-20-00-007Z_9efffc24b559679a/results.csv"",""sha256"":""9efffc24b559679ade291d8da63462e5523b43ac62064e759737c3ae01418484""},""parser_version"":""germany-production-v1"",""parser_sha256"":""2a8eb3487f392ef83303e7fb9ff246e4c111a7e64a469a6aa9eb21461ae9b1a0"",""fields_covered"":[""derived_seat_share""],""published_or_derived"":""derived"",""formula"":""100 * seats / total_seats; null remains null"",""input_fields"":[""seats"",""lg-de-bt-19:total_seats""]}]"
"er-ct-de-0128","germany","national","el-de-bt-2017-09-24","ct-de-0128","second_vote","46515492","709","32221","0.1","0.06926939523718248",,,"final","[{""source_id"":""src-de-bwl-final-archive"",""source_url"":""https://www.bundeswahlleiterin.de/dam/jcr/ce2d2b6a-f211-4355-8eea-355c98cd4e47/btw_kerg.zip"",""source_record_id"":""d5d5009b8cbe5cc2e4a75760a057bda2b29f656a41b157e28557aa47b0e34c4f:btw2017_kerg.csv:340:105"",""retrieved_at"":""2026-10-01T23:21:39.584Z"",""raw_snapshot"":{""path"":""docs/political-data/raw/germany/2026-10-01T23-21-39-584Z_02e7077f9358c9ef/final-results.zip"",""sha256"":""02e7077f9358c9ef408741ee5d17123a43c28ea766b26a7ab338c08fcaeb7512""},""parser_version"":""germany-production-v1"",""parser_sha256"":""2a8eb3487f392ef83303e7fb9ff246e4c111a7e64a469a6aa9eb21461ae9b1a0"",""fields_covered"":[""second_votes"",""registered_label_native""],""published_or_derived"":""published"",""source_member"":""btw2017_kerg.csv"",""source_member_sha256"":""d5d5009b8cbe5cc2e4a75760a057bda2b29f656a41b157e28557aa47b0e34c4f"",""source_column"":105},{""source_id"":""src-de-bwl-historical-results"",""source_url"":""https://www.bundeswahlleiterin.de/dam/jcr/24d8e745-920d-431a-893a-12805bc7ef40/btw_ab49_datenbank_ergebnisse.csv"",""source_record_id"":""csv-record-529"",""retrieved_at"":""2026-10-01T23:20:00.007Z"",""raw_snapshot"":{""path"":""docs/political-data/raw/germany/2026-10-01T23-20-00-007Z_9efffc24b559679a/results.csv"",""sha256"":""9efffc24b559679ade291d8da63462e5523b43ac62064e759737c3ae01418484""},""parser_version"":""germany-production-v1"",""parser_sha256"":""2a8eb3487f392ef83303e7fb9ff246e4c111a7e64a469a6aa9eb21461ae9b1a0"",""fields_covered"":[""published_vote_share"",""seats""],""published_or_derived"":""published"",""columns"":[6,79],""compilation_label"":""Tierschutzallianz"",""alignment_basis"":""unique exact national second-vote count in the same election; not party identity""},{""source_id"":""src-de-bwl-historical-results"",""source_url"":""https://www.bundeswahlleiterin.de/dam/jcr/24d8e745-920d-431a-893a-12805bc7ef40/btw_ab49_datenbank_ergebnisse.csv"",""source_record_id"":""csv-record-90"",""retrieved_at"":""2026-10-01T23:20:00.007Z"",""raw_snapshot"":{""path"":""docs/political-data/raw/germany/2026-10-01T23-20-00-007Z_9efffc24b559679a/results.csv"",""sha256"":""9efffc24b559679ade291d8da63462e5523b43ac62064e759737c3ae01418484""},""parser_version"":""germany-production-v1"",""parser_sha256"":""2a8eb3487f392ef83303e7fb9ff246e4c111a7e64a469a6aa9eb21461ae9b1a0"",""fields_covered"":[""total_seats"",""valid_second_votes""],""published_or_derived"":""published"",""columns"":[4,79]},{""source_id"":""src-de-bwl-final-archive"",""source_url"":""https://www.bundeswahlleiterin.de/dam/jcr/ce2d2b6a-f211-4355-8eea-355c98cd4e47/btw_kerg.zip"",""source_record_id"":""d5d5009b8cbe5cc2e4a75760a057bda2b29f656a41b157e28557aa47b0e34c4f:btw2017_kerg.csv:340:105"",""retrieved_at"":""2026-10-01T23:21:39.584Z"",""raw_snapshot"":{""path"":""docs/political-data/raw/germany/2026-10-01T23-21-39-584Z_02e7077f9358c9ef/final-results.zip"",""sha256"":""02e7077f9358c9ef408741ee5d17123a43c28ea766b26a7ab338c08fcaeb7512""},""parser_version"":""germany-production-v1"",""parser_sha256"":""2a8eb3487f392ef83303e7fb9ff246e4c111a7e64a469a6aa9eb21461ae9b1a0"",""fields_covered"":[""derived_vote_share""],""published_or_derived"":""derived"",""formula"":""100 * second_votes / valid_second_votes"",""input_fields"":[""second_votes"",""el-de-bt-2017-09-24:valid_second_votes""]},{""source_id"":""src-de-bwl-historical-results"",""source_url"":""https://www.bundeswahlleiterin.de/dam/jcr/24d8e745-920d-431a-893a-12805bc7ef40/btw_ab49_datenbank_ergebnisse.csv"",""source_record_id"":""csv-record-529"",""retrieved_at"":""2026-10-01T23:20:00.007Z"",""raw_snapshot"":{""path"":""docs/political-data/raw/germany/2026-10-01T23-20-00-007Z_9efffc24b559679a/results.csv"",""sha256"":""9efffc24b559679ade291d8da63462e5523b43ac62064e759737c3ae01418484""},""parser_version"":""germany-production-v1"",""parser_sha256"":""2a8eb3487f392ef83303e7fb9ff246e4c111a7e64a469a6aa9eb21461ae9b1a0"",""fields_covered"":[""derived_seat_share""],""published_or_derived"":""derived"",""formula"":""100 * seats / total_seats; null remains null"",""input_fields"":[""seats"",""lg-de-bt-19:total_seats""]}]"
"er-ct-de-0129","germany","national","el-de-bt-2017-09-24","ct-de-0129","second_vote","46515492","709","911","0","0.0019584872927926895",,,"final","[{""source_id"":""src-de-bwl-final-archive"",""source_url"":""https://www.bundeswahlleiterin.de/dam/jcr/ce2d2b6a-f211-4355-8eea-355c98cd4e47/btw_kerg.zip"",""source_record_id"":""d5d5009b8cbe5cc2e4a75760a057bda2b29f656a41b157e28557aa47b0e34c4f:btw2017_kerg.csv:340:109"",""retrieved_at"":""2026-10-01T23:21:39.584Z"",""raw_snapshot"":{""path"":""docs/political-data/raw/germany/2026-10-01T23-21-39-584Z_02e7077f9358c9ef/final-results.zip"",""sha256"":""02e7077f9358c9ef408741ee5d17123a43c28ea766b26a7ab338c08fcaeb7512""},""parser_version"":""germany-production-v1"",""parser_sha256"":""2a8eb3487f392ef83303e7fb9ff246e4c111a7e64a469a6aa9eb21461ae9b1a0"",""fields_covered"":[""second_votes"",""registered_label_native""],""published_or_derived"":""published"",""source_member"":""btw2017_kerg.csv"",""source_member_sha256"":""d5d5009b8cbe5cc2e4a75760a057bda2b29f656a41b157e28557aa47b0e34c4f"",""source_column"":109},{""source_id"":""src-de-bwl-historical-results"",""source_url"":""https://www.bundeswahlleiterin.de/dam/jcr/24d8e745-920d-431a-893a-12805bc7ef40/btw_ab49_datenbank_ergebnisse.csv"",""source_record_id"":""csv-record-223"",""retrieved_at"":""2026-10-01T23:20:00.007Z"",""raw_snapshot"":{""path"":""docs/political-data/raw/germany/2026-10-01T23-20-00-007Z_9efffc24b559679a/results.csv"",""sha256"":""9efffc24b559679ade291d8da63462e5523b43ac62064e759737c3ae01418484""},""parser_version"":""germany-production-v1"",""parser_sha256"":""2a8eb3487f392ef83303e7fb9ff246e4c111a7e64a469a6aa9eb21461ae9b1a0"",""fields_covered"":[""published_vote_share"",""seats""],""published_or_derived"":""published"",""columns"":[6,79],""compilation_label"":""B* "",""alignment_basis"":""unique exact national second-vote count in the same election; not party identity""},{""source_id"":""src-de-bwl-historical-results"",""source_url"":""https://www.bundeswahlleiterin.de/dam/jcr/24d8e745-920d-431a-893a-12805bc7ef40/btw_ab49_datenbank_ergebnisse.csv"",""source_record_id"":""csv-record-90"",""retrieved_at"":""2026-10-01T23:20:00.007Z"",""raw_snapshot"":{""path"":""docs/political-data/raw/germany/2026-10-01T23-20-00-007Z_9efffc24b559679a/results.csv"",""sha256"":""9efffc24b559679ade291d8da63462e5523b43ac62064e759737c3ae01418484""},""parser_version"":""germany-production-v1"",""parser_sha256"":""2a8eb3487f392ef83303e7fb9ff246e4c111a7e64a469a6aa9eb21461ae9b1a0"",""fields_covered"":[""total_seats"",""valid_second_votes""],""published_or_derived"":""published"",""columns"":[4,79]},{""source_id"":""src-de-bwl-final-archive"",""source_url"":""https://www.bundeswahlleiterin.de/dam/jcr/ce2d2b6a-f211-4355-8eea-355c98cd4e47/btw_kerg.zip"",""source_record_id"":""d5d5009b8cbe5cc2e4a75760a057bda2b29f656a41b157e28557aa47b0e34c4f:btw2017_kerg.csv:340:109"",""retrieved_at"":""2026-10-01T23:21:39.584Z"",""raw_snapshot"":{""path"":""docs/political-data/raw/germany/2026-10-01T23-21-39-584Z_02e7077f9358c9ef/final-results.zip"",""sha256"":""02e7077f9358c9ef408741ee5d17123a43c28ea766b26a7ab338c08fcaeb7512""},""parser_version"":""germany-production-v1"",""parser_sha256"":""2a8eb3487f392ef83303e7fb9ff246e4c111a7e64a469a6aa9eb21461ae9b1a0"",""fields_covered"":[""derived_vote_share""],""published_or_derived"":""derived"",""formula"":""100 * second_votes / valid_second_votes"",""input_fields"":[""second_votes"",""el-de-bt-2017-09-24:valid_second_votes""]},{""source_id"":""src-de-bwl-historical-results"",""source_url"":""https://www.bundeswahlleiterin.de/dam/jcr/24d8e745-920d-431a-893a-12805bc7ef40/btw_ab49_datenbank_ergebnisse.csv"",""source_record_id"":""csv-record-223"",""retrieved_at"":""2026-10-01T23:20:00.007Z"",""raw_snapshot"":{""path"":""docs/political-data/raw/germany/2026-10-01T23-20-00-007Z_9efffc24b559679a/results.csv"",""sha256"":""9efffc24b559679ade291d8da63462e5523b43ac62064e759737c3ae01418484""},""parser_version"":""germany-production-v1"",""parser_sha256"":""2a8eb3487f392ef83303e7fb9ff246e4c111a7e64a469a6aa9eb21461ae9b1a0"",""fields_covered"":[""derived_seat_share""],""published_or_derived"":""derived"",""formula"":""100 * seats / total_seats; null remains null"",""input_fields"":[""seats"",""lg-de-bt-19:total_seats""]}]"
"er-ct-de-0130","germany","national","el-de-bt-2017-09-24","ct-de-0130","second_vote","46515492","709","97539","0.2","0.20969142925544032",,,"final","[{""source_id"":""src-de-bwl-final-archive"",""source_url"":""https://www.bundeswahlleiterin.de/dam/jcr/ce2d2b6a-f211-4355-8eea-355c98cd4e47/btw_kerg.zip"",""source_record_id"":""d5d5009b8cbe5cc2e4a75760a057bda2b29f656a41b157e28557aa47b0e34c4f:btw2017_kerg.csv:340:113"",""retrieved_at"":""2026-10-01T23:21:39.584Z"",""raw_snapshot"":{""path"":""docs/political-data/raw/germany/2026-10-01T23-21-39-584Z_02e7077f9358c9ef/final-results.zip"",""sha256"":""02e7077f9358c9ef408741ee5d17123a43c28ea766b26a7ab338c08fcaeb7512""},""parser_version"":""germany-production-v1"",""parser_sha256"":""2a8eb3487f392ef83303e7fb9ff246e4c111a7e64a469a6aa9eb21461ae9b1a0"",""fields_covered"":[""second_votes"",""registered_label_native""],""published_or_derived"":""published"",""source_member"":""btw2017_kerg.csv"",""source_member_sha256"":""d5d5009b8cbe5cc2e4a75760a057bda2b29f656a41b157e28557aa47b0e34c4f"",""source_column"":113},{""source_id"":""src-de-bwl-historical-results"",""source_url"":""https://www.bundeswahlleiterin.de/dam/jcr/24d8e745-920d-431a-893a-12805bc7ef40/btw_ab49_datenbank_ergebnisse.csv"",""source_record_id"":""csv-record-229"",""retrieved_at"":""2026-10-01T23:20:00.007Z"",""raw_snapshot"":{""path"":""docs/political-data/raw/germany/2026-10-01T23-20-00-007Z_9efffc24b559679a/results.csv"",""sha256"":""9efffc24b559679ade291d8da63462e5523b43ac62064e759737c3ae01418484""},""parser_version"":""germany-production-v1"",""parser_sha256"":""2a8eb3487f392ef83303e7fb9ff246e4c111a7e64a469a6aa9eb21461ae9b1a0"",""fields_covered"":[""published_vote_share"",""seats""],""published_or_derived"":""published"",""columns"":[6,79],""compilation_label"":""BGE"",""alignment_basis"":""unique exact national second-vote count in the same election; not party identity""},{""source_id"":""src-de-bwl-historical-results"",""source_url"":""https://www.bundeswahlleiterin.de/dam/jcr/24d8e745-920d-431a-893a-12805bc7ef40/btw_ab49_datenbank_ergebnisse.csv"",""source_record_id"":""csv-record-90"",""retrieved_at"":""2026-10-01T23:20:00.007Z"",""raw_snapshot"":{""path"":""docs/political-data/raw/germany/2026-10-01T23-20-00-007Z_9efffc24b559679a/results.csv"",""sha256"":""9efffc24b559679ade291d8da63462e5523b43ac62064e759737c3ae01418484""},""parser_version"":""germany-production-v1"",""parser_sha256"":""2a8eb3487f392ef83303e7fb9ff246e4c111a7e64a469a6aa9eb21461ae9b1a0"",""fields_covered"":[""total_seats"",""valid_second_votes""],""published_or_derived"":""published"",""columns"":[4,79]},{""source_id"":""src-de-bwl-final-archive"",""source_url"":""https://www.bundeswahlleiterin.de/dam/jcr/ce2d2b6a-f211-4355-8eea-355c98cd4e47/btw_kerg.zip"",""source_record_id"":""d5d5009b8cbe5cc2e4a75760a057bda2b29f656a41b157e28557aa47b0e34c4f:btw2017_kerg.csv:340:113"",""retrieved_at"":""2026-10-01T23:21:39.584Z"",""raw_snapshot"":{""path"":""docs/political-data/raw/germany/2026-10-01T23-21-39-584Z_02e7077f9358c9ef/final-results.zip"",""sha256"":""02e7077f9358c9ef408741ee5d17123a43c28ea766b26a7ab338c08fcaeb7512""},""parser_version"":""germany-production-v1"",""parser_sha256"":""2a8eb3487f392ef83303e7fb9ff246e4c111a7e64a469a6aa9eb21461ae9b1a0"",""fields_covered"":[""derived_vote_share""],""published_or_derived"":""derived"",""formula"":""100 * second_votes / valid_second_votes"",""input_fields"":[""second_votes"",""el-de-bt-2017-09-24:valid_second_votes""]},{""source_id"":""src-de-bwl-historical-results"",""source_url"":""https://www.bundeswahlleiterin.de/dam/jcr/24d8e745-920d-431a-893a-12805bc7ef40/btw_ab49_datenbank_ergebnisse.csv"",""source_record_id"":""csv-record-229"",""retrieved_at"":""2026-10-01T23:20:00.007Z"",""raw_snapshot"":{""path"":""docs/political-data/raw/germany/2026-10-01T23-20-00-007Z_9efffc24b559679a/results.csv"",""sha256"":""9efffc24b559679ade291d8da63462e5523b43ac62064e759737c3ae01418484""},""parser_version"":""germany-production-v1"",""parser_sha256"":""2a8eb3487f392ef83303e7fb9ff246e4c111a7e64a469a6aa9eb21461ae9b1a0"",""fields_covered"":[""derived_seat_share""],""published_or_derived"":""derived"",""formula"":""100 * seats / total_seats; null remains null"",""input_fields"":[""seats"",""lg-de-bt-19:total_seats""]}]"
"er-ct-de-0131","germany","national","el-de-bt-2017-09-24","ct-de-0131","second_vote","46515492","709","60914","0.1","0.1309542205852622",,,"final","[{""source_id"":""src-de-bwl-final-archive"",""source_url"":""https://www.bundeswahlleiterin.de/dam/jcr/ce2d2b6a-f211-4355-8eea-355c98cd4e47/btw_kerg.zip"",""source_record_id"":""d5d5009b8cbe5cc2e4a75760a057bda2b29f656a41b157e28557aa47b0e34c4f:btw2017_kerg.csv:340:117"",""retrieved_at"":""2026-10-01T23:21:39.584Z"",""raw_snapshot"":{""path"":""docs/political-data/raw/germany/2026-10-01T23-21-39-584Z_02e7077f9358c9ef/final-results.zip"",""sha256"":""02e7077f9358c9ef408741ee5d17123a43c28ea766b26a7ab338c08fcaeb7512""},""parser_version"":""germany-production-v1"",""parser_sha256"":""2a8eb3487f392ef83303e7fb9ff246e4c111a7e64a469a6aa9eb21461ae9b1a0"",""fields_covered"":[""second_votes"",""registered_label_native""],""published_or_derived"":""published"",""source_member"":""btw2017_kerg.csv"",""source_member_sha256"":""d5d5009b8cbe5cc2e4a75760a057bda2b29f656a41b157e28557aa47b0e34c4f"",""source_column"":117},{""source_id"":""src-de-bwl-historical-results"",""source_url"":""https://www.bundeswahlleiterin.de/dam/jcr/24d8e745-920d-431a-893a-12805bc7ef40/btw_ab49_datenbank_ergebnisse.csv"",""source_record_id"":""csv-record-286"",""retrieved_at"":""2026-10-01T23:20:00.007Z"",""raw_snapshot"":{""path"":""docs/political-data/raw/germany/2026-10-01T23-20-00-007Z_9efffc24b559679a/results.csv"",""sha256"":""9efffc24b559679ade291d8da63462e5523b43ac62064e759737c3ae01418484""},""parser_version"":""germany-production-v1"",""parser_sha256"":""2a8eb3487f392ef83303e7fb9ff246e4c111a7e64a469a6aa9eb21461ae9b1a0"",""fields_covered"":[""published_vote_share"",""seats""],""published_or_derived"":""published"",""columns"":[6,79],""compilation_label"":""DiB"",""alignment_basis"":""unique exact national second-vote count in the same election; not party identity""},{""source_id"":""src-de-bwl-historical-results"",""source_url"":""https://www.bundeswahlleiterin.de/dam/jcr/24d8e745-920d-431a-893a-12805bc7ef40/btw_ab49_datenbank_ergebnisse.csv"",""source_record_id"":""csv-record-90"",""retrieved_at"":""2026-10-01T23:20:00.007Z"",""raw_snapshot"":{""path"":""docs/political-data/raw/germany/2026-10-01T23-20-00-007Z_9efffc24b559679a/results.csv"",""sha256"":""9efffc24b559679ade291d8da63462e5523b43ac62064e759737c3ae01418484""},""parser_version"":""germany-production-v1"",""parser_sha256"":""2a8eb3487f392ef83303e7fb9ff246e4c111a7e64a469a6aa9eb21461ae9b1a0"",""fields_covered"":[""total_seats"",""valid_second_votes""],""published_or_derived"":""published"",""columns"":[4,79]},{""source_id"":""src-de-bwl-final-archive"",""source_url"":""https://www.bundeswahlleiterin.de/dam/jcr/ce2d2b6a-f211-4355-8eea-355c98cd4e47/btw_kerg.zip"",""source_record_id"":""d5d5009b8cbe5cc2e4a75760a057bda2b29f656a41b157e28557aa47b0e34c4f:btw2017_kerg.csv:340:117"",""retrieved_at"":""2026-10-01T23:21:39.584Z"",""raw_snapshot"":{""path"":""docs/political-data/raw/germany/2026-10-01T23-21-39-584Z_02e7077f9358c9ef/final-results.zip"",""sha256"":""02e7077f9358c9ef408741ee5d17123a43c28ea766b26a7ab338c08fcaeb7512""},""parser_version"":""germany-production-v1"",""parser_sha256"":""2a8eb3487f392ef83303e7fb9ff246e4c111a7e64a469a6aa9eb21461ae9b1a0"",""fields_covered"":[""derived_vote_share""],""published_or_derived"":""derived"",""formula"":""100 * second_votes / valid_second_votes"",""input_fields"":[""second_votes"",""el-de-bt-2017-09-24:valid_second_votes""]},{""source_id"":""src-de-bwl-historical-results"",""source_url"":""https://www.bundeswahlleiterin.de/dam/jcr/24d8e745-920d-431a-893a-12805bc7ef40/btw_ab49_datenbank_ergebnisse.csv"",""source_record_id"":""csv-record-286"",""retrieved_at"":""2026-10-01T23:20:00.007Z"",""raw_snapshot"":{""path"":""docs/political-data/raw/germany/2026-10-01T23-20-00-007Z_9efffc24b559679a/results.csv"",""sha256"":""9efffc24b559679ade291d8da63462e5523b43ac62064e759737c3ae01418484""},""parser_version"":""germany-production-v1"",""parser_sha256"":""2a8eb3487f392ef83303e7fb9ff246e4c111a7e64a469a6aa9eb21461ae9b1a0"",""fields_covered"":[""derived_seat_share""],""published_or_derived"":""derived"",""formula"":""100 * seats / total_seats; null remains null"",""input_fields"":[""seats"",""lg-de-bt-19:total_seats""]}]"
"er-ct-de-0132","germany","national","el-de-bt-2017-09-24","ct-de-0132","second_vote","46515492","709","11558","0","0.024847635708120642",,,"final","[{""source_id"":""src-de-bwl-final-archive"",""source_url"":""https://www.bundeswahlleiterin.de/dam/jcr/ce2d2b6a-f211-4355-8eea-355c98cd4e47/btw_kerg.zip"",""source_record_id"":""d5d5009b8cbe5cc2e4a75760a057bda2b29f656a41b157e28557aa47b0e34c4f:btw2017_kerg.csv:340:121"",""retrieved_at"":""2026-10-01T23:21:39.584Z"",""raw_snapshot"":{""path"":""docs/political-data/raw/germany/2026-10-01T23-21-39-584Z_02e7077f9358c9ef/final-results.zip"",""sha256"":""02e7077f9358c9ef408741ee5d17123a43c28ea766b26a7ab338c08fcaeb7512""},""parser_version"":""germany-production-v1"",""parser_sha256"":""2a8eb3487f392ef83303e7fb9ff246e4c111a7e64a469a6aa9eb21461ae9b1a0"",""fields_covered"":[""second_votes"",""registered_label_native""],""published_or_derived"":""published"",""source_member"":""btw2017_kerg.csv"",""source_member_sha256"":""d5d5009b8cbe5cc2e4a75760a057bda2b29f656a41b157e28557aa47b0e34c4f"",""source_column"":121},{""source_id"":""src-de-bwl-historical-results"",""source_url"":""https://www.bundeswahlleiterin.de/dam/jcr/24d8e745-920d-431a-893a-12805bc7ef40/btw_ab49_datenbank_ergebnisse.csv"",""source_record_id"":""csv-record-318"",""retrieved_at"":""2026-10-01T23:20:00.007Z"",""raw_snapshot"":{""path"":""docs/political-data/raw/germany/2026-10-01T23-20-00-007Z_9efffc24b559679a/results.csv"",""sha256"":""9efffc24b559679ade291d8da63462e5523b43ac62064e759737c3ae01418484""},""parser_version"":""germany-production-v1"",""parser_sha256"":""2a8eb3487f392ef83303e7fb9ff246e4c111a7e64a469a6aa9eb21461ae9b1a0"",""fields_covered"":[""published_vote_share"",""seats""],""published_or_derived"":""published"",""columns"":[6,79],""compilation_label"":""DKP"",""alignment_basis"":""unique exact national second-vote count in the same election; not party identity""},{""source_id"":""src-de-bwl-historical-results"",""source_url"":""https://www.bundeswahlleiterin.de/dam/jcr/24d8e745-920d-431a-893a-12805bc7ef40/btw_ab49_datenbank_ergebnisse.csv"",""source_record_id"":""csv-record-90"",""retrieved_at"":""2026-10-01T23:20:00.007Z"",""raw_snapshot"":{""path"":""docs/political-data/raw/germany/2026-10-01T23-20-00-007Z_9efffc24b559679a/results.csv"",""sha256"":""9efffc24b559679ade291d8da63462e5523b43ac62064e759737c3ae01418484""},""parser_version"":""germany-production-v1"",""parser_sha256"":""2a8eb3487f392ef83303e7fb9ff246e4c111a7e64a469a6aa9eb21461ae9b1a0"",""fields_covered"":[""total_seats"",""valid_second_votes""],""published_or_derived"":""published"",""columns"":[4,79]},{""source_id"":""src-de-bwl-final-archive"",""source_url"":""https://www.bundeswahlleiterin.de/dam/jcr/ce2d2b6a-f211-4355-8eea-355c98cd4e47/btw_kerg.zip"",""source_record_id"":""d5d5009b8cbe5cc2e4a75760a057bda2b29f656a41b157e28557aa47b0e34c4f:btw2017_kerg.csv:340:121"",""retrieved_at"":""2026-10-01T23:21:39.584Z"",""raw_snapshot"":{""path"":""docs/political-data/raw/germany/2026-10-01T23-21-39-584Z_02e7077f9358c9ef/final-results.zip"",""sha256"":""02e7077f9358c9ef408741ee5d17123a43c28ea766b26a7ab338c08fcaeb7512""},""parser_version"":""germany-production-v1"",""parser_sha256"":""2a8eb3487f392ef83303e7fb9ff246e4c111a7e64a469a6aa9eb21461ae9b1a0"",""fields_covered"":[""derived_vote_share""],""published_or_derived"":""derived"",""formula"":""100 * second_votes / valid_second_votes"",""input_fields"":[""second_votes"",""el-de-bt-2017-09-24:valid_second_votes""]},{""source_id"":""src-de-bwl-historical-results"",""source_url"":""https://www.bundeswahlleiterin.de/dam/jcr/24d8e745-920d-431a-893a-12805bc7ef40/btw_ab49_datenbank_ergebnisse.csv"",""source_record_id"":""csv-record-318"",""retrieved_at"":""2026-10-01T23:20:00.007Z"",""raw_snapshot"":{""path"":""docs/political-data/raw/germany/2026-10-01T23-20-00-007Z_9efffc24b559679a/results.csv"",""sha256"":""9efffc24b559679ade291d8da63462e5523b43ac62064e759737c3ae01418484""},""parser_version"":""germany-production-v1"",""parser_sha256"":""2a8eb3487f392ef83303e7fb9ff246e4c111a7e64a469a6aa9eb21461ae9b1a0"",""fields_covered"":[""derived_seat_share""],""published_or_derived"":""derived"",""formula"":""100 * seats / total_seats; null remains null"",""input_fields"":[""seats"",""lg-de-bt-19:total_seats""]}]"
"er-ct-de-0133","germany","national","el-de-bt-2017-09-24","ct-de-0133","second_vote","46515492","709","63203","0.1","0.13587516176331102",,,"final","[{""source_id"":""src-de-bwl-final-archive"",""source_url"":""https://www.bundeswahlleiterin.de/dam/jcr/ce2d2b6a-f211-4355-8eea-355c98cd4e47/btw_kerg.zip"",""source_record_id"":""d5d5009b8cbe5cc2e4a75760a057bda2b29f656a41b157e28557aa47b0e34c4f:btw2017_kerg.csv:340:125"",""retrieved_at"":""2026-10-01T23:21:39.584Z"",""raw_snapshot"":{""path"":""docs/political-data/raw/germany/2026-10-01T23-21-39-584Z_02e7077f9358c9ef/final-results.zip"",""sha256"":""02e7077f9358c9ef408741ee5d17123a43c28ea766b26a7ab338c08fcaeb7512""},""parser_version"":""germany-production-v1"",""parser_sha256"":""2a8eb3487f392ef83303e7fb9ff246e4c111a7e64a469a6aa9eb21461ae9b1a0"",""fields_covered"":[""second_votes"",""registered_label_native""],""published_or_derived"":""published"",""source_member"":""btw2017_kerg.csv"",""source_member_sha256"":""d5d5009b8cbe5cc2e4a75760a057bda2b29f656a41b157e28557aa47b0e34c4f"",""source_column"":125},{""source_id"":""src-de-bwl-historical-results"",""source_url"":""https://www.bundeswahlleiterin.de/dam/jcr/24d8e745-920d-431a-893a-12805bc7ef40/btw_ab49_datenbank_ergebnisse.csv"",""source_record_id"":""csv-record-321"",""retrieved_at"":""2026-10-01T23:20:00.007Z"",""raw_snapshot"":{""path"":""docs/political-data/raw/germany/2026-10-01T23-20-00-007Z_9efffc24b559679a/results.csv"",""sha256"":""9efffc24b559679ade291d8da63462e5523b43ac62064e759737c3ae01418484""},""parser_version"":""germany-production-v1"",""parser_sha256"":""2a8eb3487f392ef83303e7fb9ff246e4c111a7e64a469a6aa9eb21461ae9b1a0"",""fields_covered"":[""published_vote_share"",""seats""],""published_or_derived"":""published"",""columns"":[6,79],""compilation_label"":""DM"",""alignment_basis"":""unique exact national second-vote count in the same election; not party identity""},{""source_id"":""src-de-bwl-historical-results"",""source_url"":""https://www.bundeswahlleiterin.de/dam/jcr/24d8e745-920d-431a-893a-12805bc7ef40/btw_ab49_datenbank_ergebnisse.csv"",""source_record_id"":""csv-record-90"",""retrieved_at"":""2026-10-01T23:20:00.007Z"",""raw_snapshot"":{""path"":""docs/political-data/raw/germany/2026-10-01T23-20-00-007Z_9efffc24b559679a/results.csv"",""sha256"":""9efffc24b559679ade291d8da63462e5523b43ac62064e759737c3ae01418484""},""parser_version"":""germany-production-v1"",""parser_sha256"":""2a8eb3487f392ef83303e7fb9ff246e4c111a7e64a469a6aa9eb21461ae9b1a0"",""fields_covered"":[""total_seats"",""valid_second_votes""],""published_or_derived"":""published"",""columns"":[4,79]},{""source_id"":""src-de-bwl-final-archive"",""source_url"":""https://www.bundeswahlleiterin.de/dam/jcr/ce2d2b6a-f211-4355-8eea-355c98cd4e47/btw_kerg.zip"",""source_record_id"":""d5d5009b8cbe5cc2e4a75760a057bda2b29f656a41b157e28557aa47b0e34c4f:btw2017_kerg.csv:340:125"",""retrieved_at"":""2026-10-01T23:21:39.584Z"",""raw_snapshot"":{""path"":""docs/political-data/raw/germany/2026-10-01T23-21-39-584Z_02e7077f9358c9ef/final-results.zip"",""sha256"":""02e7077f9358c9ef408741ee5d17123a43c28ea766b26a7ab338c08fcaeb7512""},""parser_version"":""germany-production-v1"",""parser_sha256"":""2a8eb3487f392ef83303e7fb9ff246e4c111a7e64a469a6aa9eb21461ae9b1a0"",""fields_covered"":[""derived_vote_share""],""published_or_derived"":""derived"",""formula"":""100 * second_votes / valid_second_votes"",""input_fields"":[""second_votes"",""el-de-bt-2017-09-24:valid_second_votes""]},{""source_id"":""src-de-bwl-historical-results"",""source_url"":""https://www.bundeswahlleiterin.de/dam/jcr/24d8e745-920d-431a-893a-12805bc7ef40/btw_ab49_datenbank_ergebnisse.csv"",""source_record_id"":""csv-record-321"",""retrieved_at"":""2026-10-01T23:20:00.007Z"",""raw_snapshot"":{""path"":""docs/political-data/raw/germany/2026-10-01T23-20-00-007Z_9efffc24b559679a/results.csv"",""sha256"":""9efffc24b559679ade291d8da63462e5523b43ac62064e759737c3ae01418484""},""parser_version"":""germany-production-v1"",""parser_sha256"":""2a8eb3487f392ef83303e7fb9ff246e4c111a7e64a469a6aa9eb21461ae9b1a0"",""fields_covered"":[""derived_seat_share""],""published_or_derived"":""derived"",""formula"":""100 * seats / total_seats; null remains null"",""input_fields"":[""seats"",""lg-de-bt-19:total_seats""]}]"
"er-ct-de-0134","germany","national","el-de-bt-2017-09-24","ct-de-0134","second_vote","46515492","709","10009","0","0.021517562363953927",,,"final","[{""source_id"":""src-de-bwl-final-archive"",""source_url"":""https://www.bundeswahlleiterin.de/dam/jcr/ce2d2b6a-f211-4355-8eea-355c98cd4e47/btw_kerg.zip"",""source_record_id"":""d5d5009b8cbe5cc2e4a75760a057bda2b29f656a41b157e28557aa47b0e34c4f:btw2017_kerg.csv:340:129"",""retrieved_at"":""2026-10-01T23:21:39.584Z"",""raw_snapshot"":{""path"":""docs/political-data/raw/germany/2026-10-01T23-21-39-584Z_02e7077f9358c9ef/final-results.zip"",""sha256"":""02e7077f9358c9ef408741ee5d17123a43c28ea766b26a7ab338c08fcaeb7512""},""parser_version"":""germany-production-v1"",""parser_sha256"":""2a8eb3487f392ef83303e7fb9ff246e4c111a7e64a469a6aa9eb21461ae9b1a0"",""fields_covered"":[""second_votes"",""registered_label_native""],""published_or_derived"":""published"",""source_member"":""btw2017_kerg.csv"",""source_member_sha256"":""d5d5009b8cbe5cc2e4a75760a057bda2b29f656a41b157e28557aa47b0e34c4f"",""source_column"":129},{""source_id"":""src-de-bwl-historical-results"",""source_url"":""https://www.bundeswahlleiterin.de/dam/jcr/24d8e745-920d-431a-893a-12805bc7ef40/btw_ab49_datenbank_ergebnisse.csv"",""source_record_id"":""csv-record-294"",""retrieved_at"":""2026-10-01T23:20:00.007Z"",""raw_snapshot"":{""path"":""docs/political-data/raw/germany/2026-10-01T23-20-00-007Z_9efffc24b559679a/results.csv"",""sha256"":""9efffc24b559679ade291d8da63462e5523b43ac62064e759737c3ae01418484""},""parser_version"":""germany-production-v1"",""parser_sha256"":""2a8eb3487f392ef83303e7fb9ff246e4c111a7e64a469a6aa9eb21461ae9b1a0"",""fields_covered"":[""published_vote_share"",""seats""],""published_or_derived"":""published"",""columns"":[6,79],""compilation_label"":""Die Grauen"",""alignment_basis"":""unique exact national second-vote count in the same election; not party identity""},{""source_id"":""src-de-bwl-historical-results"",""source_url"":""https://www.bundeswahlleiterin.de/dam/jcr/24d8e745-920d-431a-893a-12805bc7ef40/btw_ab49_datenbank_ergebnisse.csv"",""source_record_id"":""csv-record-90"",""retrieved_at"":""2026-10-01T23:20:00.007Z"",""raw_snapshot"":{""path"":""docs/political-data/raw/germany/2026-10-01T23-20-00-007Z_9efffc24b559679a/results.csv"",""sha256"":""9efffc24b559679ade291d8da63462e5523b43ac62064e759737c3ae01418484""},""parser_version"":""germany-production-v1"",""parser_sha256"":""2a8eb3487f392ef83303e7fb9ff246e4c111a7e64a469a6aa9eb21461ae9b1a0"",""fields_covered"":[""total_seats"",""valid_second_votes""],""published_or_derived"":""published"",""columns"":[4,79]},{""source_id"":""src-de-bwl-final-archive"",""source_url"":""https://www.bundeswahlleiterin.de/dam/jcr/ce2d2b6a-f211-4355-8eea-355c98cd4e47/btw_kerg.zip"",""source_record_id"":""d5d5009b8cbe5cc2e4a75760a057bda2b29f656a41b157e28557aa47b0e34c4f:btw2017_kerg.csv:340:129"",""retrieved_at"":""2026-10-01T23:21:39.584Z"",""raw_snapshot"":{""path"":""docs/political-data/raw/germany/2026-10-01T23-21-39-584Z_02e7077f9358c9ef/final-results.zip"",""sha256"":""02e7077f9358c9ef408741ee5d17123a43c28ea766b26a7ab338c08fcaeb7512""},""parser_version"":""germany-production-v1"",""parser_sha256"":""2a8eb3487f392ef83303e7fb9ff246e4c111a7e64a469a6aa9eb21461ae9b1a0"",""fields_covered"":[""derived_vote_share""],""published_or_derived"":""derived"",""formula"":""100 * second_votes / valid_second_votes"",""input_fields"":[""second_votes"",""el-de-bt-2017-09-24:valid_second_votes""]},{""source_id"":""src-de-bwl-historical-results"",""source_url"":""https://www.bundeswahlleiterin.de/dam/jcr/24d8e745-920d-431a-893a-12805bc7ef40/btw_ab49_datenbank_ergebnisse.csv"",""source_record_id"":""csv-record-294"",""retrieved_at"":""2026-10-01T23:20:00.007Z"",""raw_snapshot"":{""path"":""docs/political-data/raw/germany/2026-10-01T23-20-00-007Z_9efffc24b559679a/results.csv"",""sha256"":""9efffc24b559679ade291d8da63462e5523b43ac62064e759737c3ae01418484""},""parser_version"":""germany-production-v1"",""parser_sha256"":""2a8eb3487f392ef83303e7fb9ff246e4c111a7e64a469a6aa9eb21461ae9b1a0"",""fields_covered"":[""derived_seat_share""],""published_or_derived"":""derived"",""formula"":""100 * seats / total_seats; null remains null"",""input_fields"":[""seats"",""lg-de-bt-19:total_seats""]}]"
"er-ct-de-0135","germany","national","el-de-bt-2017-09-24","ct-de-0135","second_vote","46515492","709","3032","0","0.006518258476122321",,,"final","[{""source_id"":""src-de-bwl-final-archive"",""source_url"":""https://www.bundeswahlleiterin.de/dam/jcr/ce2d2b6a-f211-4355-8eea-355c98cd4e47/btw_kerg.zip"",""source_record_id"":""d5d5009b8cbe5cc2e4a75760a057bda2b29f656a41b157e28557aa47b0e34c4f:btw2017_kerg.csv:340:133"",""retrieved_at"":""2026-10-01T23:21:39.584Z"",""raw_snapshot"":{""path"":""docs/political-data/raw/germany/2026-10-01T23-21-39-584Z_02e7077f9358c9ef/final-results.zip"",""sha256"":""02e7077f9358c9ef408741ee5d17123a43c28ea766b26a7ab338c08fcaeb7512""},""parser_version"":""germany-production-v1"",""parser_sha256"":""2a8eb3487f392ef83303e7fb9ff246e4c111a7e64a469a6aa9eb21461ae9b1a0"",""fields_covered"":[""second_votes"",""registered_label_native""],""published_or_derived"":""published"",""source_member"":""btw2017_kerg.csv"",""source_member_sha256"":""d5d5009b8cbe5cc2e4a75760a057bda2b29f656a41b157e28557aa47b0e34c4f"",""source_column"":133},{""source_id"":""src-de-bwl-historical-results"",""source_url"":""https://www.bundeswahlleiterin.de/dam/jcr/24d8e745-920d-431a-893a-12805bc7ef40/btw_ab49_datenbank_ergebnisse.csv"",""source_record_id"":""csv-record-337"",""retrieved_at"":""2026-10-01T23:20:00.007Z"",""raw_snapshot"":{""path"":""docs/political-data/raw/germany/2026-10-01T23-20-00-007Z_9efffc24b559679a/results.csv"",""sha256"":""9efffc24b559679ade291d8da63462e5523b43ac62064e759737c3ae01418484""},""parser_version"":""germany-production-v1"",""parser_sha256"":""2a8eb3487f392ef83303e7fb9ff246e4c111a7e64a469a6aa9eb21461ae9b1a0"",""fields_covered"":[""published_vote_share"",""seats""],""published_or_derived"":""published"",""columns"":[6,79],""compilation_label"":""du."",""alignment_basis"":""unique exact national second-vote count in the same election; not party identity""},{""source_id"":""src-de-bwl-historical-results"",""source_url"":""https://www.bundeswahlleiterin.de/dam/jcr/24d8e745-920d-431a-893a-12805bc7ef40/btw_ab49_datenbank_ergebnisse.csv"",""source_record_id"":""csv-record-90"",""retrieved_at"":""2026-10-01T23:20:00.007Z"",""raw_snapshot"":{""path"":""docs/political-data/raw/germany/2026-10-01T23-20-00-007Z_9efffc24b559679a/results.csv"",""sha256"":""9efffc24b559679ade291d8da63462e5523b43ac62064e759737c3ae01418484""},""parser_version"":""germany-production-v1"",""parser_sha256"":""2a8eb3487f392ef83303e7fb9ff246e4c111a7e64a469a6aa9eb21461ae9b1a0"",""fields_covered"":[""total_seats"",""valid_second_votes""],""published_or_derived"":""published"",""columns"":[4,79]},{""source_id"":""src-de-bwl-final-archive"",""source_url"":""https://www.bundeswahlleiterin.de/dam/jcr/ce2d2b6a-f211-4355-8eea-355c98cd4e47/btw_kerg.zip"",""source_record_id"":""d5d5009b8cbe5cc2e4a75760a057bda2b29f656a41b157e28557aa47b0e34c4f:btw2017_kerg.csv:340:133"",""retrieved_at"":""2026-10-01T23:21:39.584Z"",""raw_snapshot"":{""path"":""docs/political-data/raw/germany/2026-10-01T23-21-39-584Z_02e7077f9358c9ef/final-results.zip"",""sha256"":""02e7077f9358c9ef408741ee5d17123a43c28ea766b26a7ab338c08fcaeb7512""},""parser_version"":""germany-production-v1"",""parser_sha256"":""2a8eb3487f392ef83303e7fb9ff246e4c111a7e64a469a6aa9eb21461ae9b1a0"",""fields_covered"":[""derived_vote_share""],""published_or_derived"":""derived"",""formula"":""100 * second_votes / valid_second_votes"",""input_fields"":[""second_votes"",""el-de-bt-2017-09-24:valid_second_votes""]},{""source_id"":""src-de-bwl-historical-results"",""source_url"":""https://www.bundeswahlleiterin.de/dam/jcr/24d8e745-920d-431a-893a-12805bc7ef40/btw_ab49_datenbank_ergebnisse.csv"",""source_record_id"":""csv-record-337"",""retrieved_at"":""2026-10-01T23:20:00.007Z"",""raw_snapshot"":{""path"":""docs/political-data/raw/germany/2026-10-01T23-20-00-007Z_9efffc24b559679a/results.csv"",""sha256"":""9efffc24b559679ade291d8da63462e5523b43ac62064e759737c3ae01418484""},""parser_version"":""germany-production-v1"",""parser_sha256"":""2a8eb3487f392ef83303e7fb9ff246e4c111a7e64a469a6aa9eb21461ae9b1a0"",""fields_covered"":[""derived_seat_share""],""published_or_derived"":""derived"",""formula"":""100 * seats / total_seats; null remains null"",""input_fields"":[""seats"",""lg-de-bt-19:total_seats""]}]"
"er-ct-de-0136","germany","national","el-de-bt-2017-09-24","ct-de-0136","second_vote","46515492","709","5617","0","0.012075546787723969",,,"final","[{""source_id"":""src-de-bwl-final-archive"",""source_url"":""https://www.bundeswahlleiterin.de/dam/jcr/ce2d2b6a-f211-4355-8eea-355c98cd4e47/btw_kerg.zip"",""source_record_id"":""d5d5009b8cbe5cc2e4a75760a057bda2b29f656a41b157e28557aa47b0e34c4f:btw2017_kerg.csv:340:137"",""retrieved_at"":""2026-10-01T23:21:39.584Z"",""raw_snapshot"":{""path"":""docs/political-data/raw/germany/2026-10-01T23-21-39-584Z_02e7077f9358c9ef/final-results.zip"",""sha256"":""02e7077f9358c9ef408741ee5d17123a43c28ea766b26a7ab338c08fcaeb7512""},""parser_version"":""germany-production-v1"",""parser_sha256"":""2a8eb3487f392ef83303e7fb9ff246e4c111a7e64a469a6aa9eb21461ae9b1a0"",""fields_covered"":[""second_votes"",""registered_label_native""],""published_or_derived"":""published"",""source_member"":""btw2017_kerg.csv"",""source_member_sha256"":""d5d5009b8cbe5cc2e4a75760a057bda2b29f656a41b157e28557aa47b0e34c4f"",""source_column"":137},{""source_id"":""src-de-bwl-historical-results"",""source_url"":""https://www.bundeswahlleiterin.de/dam/jcr/24d8e745-920d-431a-893a-12805bc7ef40/btw_ab49_datenbank_ergebnisse.csv"",""source_record_id"":""csv-record-374"",""retrieved_at"":""2026-10-01T23:20:00.007Z"",""raw_snapshot"":{""path"":""docs/political-data/raw/germany/2026-10-01T23-20-00-007Z_9efffc24b559679a/results.csv"",""sha256"":""9efffc24b559679ade291d8da63462e5523b43ac62064e759737c3ae01418484""},""parser_version"":""germany-production-v1"",""parser_sha256"":""2a8eb3487f392ef83303e7fb9ff246e4c111a7e64a469a6aa9eb21461ae9b1a0"",""fields_covered"":[""published_vote_share"",""seats""],""published_or_derived"":""published"",""columns"":[6,79],""compilation_label"":""Gartenpartei"",""alignment_basis"":""unique exact national second-vote count in the same election; not party identity""},{""source_id"":""src-de-bwl-historical-results"",""source_url"":""https://www.bundeswahlleiterin.de/dam/jcr/24d8e745-920d-431a-893a-12805bc7ef40/btw_ab49_datenbank_ergebnisse.csv"",""source_record_id"":""csv-record-90"",""retrieved_at"":""2026-10-01T23:20:00.007Z"",""raw_snapshot"":{""path"":""docs/political-data/raw/germany/2026-10-01T23-20-00-007Z_9efffc24b559679a/results.csv"",""sha256"":""9efffc24b559679ade291d8da63462e5523b43ac62064e759737c3ae01418484""},""parser_version"":""germany-production-v1"",""parser_sha256"":""2a8eb3487f392ef83303e7fb9ff246e4c111a7e64a469a6aa9eb21461ae9b1a0"",""fields_covered"":[""total_seats"",""valid_second_votes""],""published_or_derived"":""published"",""columns"":[4,79]},{""source_id"":""src-de-bwl-final-archive"",""source_url"":""https://www.bundeswahlleiterin.de/dam/jcr/ce2d2b6a-f211-4355-8eea-355c98cd4e47/btw_kerg.zip"",""source_record_id"":""d5d5009b8cbe5cc2e4a75760a057bda2b29f656a41b157e28557aa47b0e34c4f:btw2017_kerg.csv:340:137"",""retrieved_at"":""2026-10-01T23:21:39.584Z"",""raw_snapshot"":{""path"":""docs/political-data/raw/germany/2026-10-01T23-21-39-584Z_02e7077f9358c9ef/final-results.zip"",""sha256"":""02e7077f9358c9ef408741ee5d17123a43c28ea766b26a7ab338c08fcaeb7512""},""parser_version"":""germany-production-v1"",""parser_sha256"":""2a8eb3487f392ef83303e7fb9ff246e4c111a7e64a469a6aa9eb21461ae9b1a0"",""fields_covered"":[""derived_vote_share""],""published_or_derived"":""derived"",""formula"":""100 * second_votes / valid_second_votes"",""input_fields"":[""second_votes"",""el-de-bt-2017-09-24:valid_second_votes""]},{""source_id"":""src-de-bwl-historical-results"",""source_url"":""https://www.bundeswahlleiterin.de/dam/jcr/24d8e745-920d-431a-893a-12805bc7ef40/btw_ab49_datenbank_ergebnisse.csv"",""source_record_id"":""csv-record-374"",""retrieved_at"":""2026-10-01T23:20:00.007Z"",""raw_snapshot"":{""path"":""docs/political-data/raw/germany/2026-10-01T23-20-00-007Z_9efffc24b559679a/results.csv"",""sha256"":""9efffc24b559679ade291d8da63462e5523b43ac62064e759737c3ae01418484""},""parser_version"":""germany-production-v1"",""parser_sha256"":""2a8eb3487f392ef83303e7fb9ff246e4c111a7e64a469a6aa9eb21461ae9b1a0"",""fields_covered"":[""derived_seat_share""],""published_or_derived"":""derived"",""formula"":""100 * seats / total_seats; null remains null"",""input_fields"":[""seats"",""lg-de-bt-19:total_seats""]}]"
"er-ct-de-0137","germany","national","el-de-bt-2017-09-24","ct-de-0137","second_vote","46515492","709","11661","0","0.02506906731202585",,,"final","[{""source_id"":""src-de-bwl-final-archive"",""source_url"":""https://www.bundeswahlleiterin.de/dam/jcr/ce2d2b6a-f211-4355-8eea-355c98cd4e47/btw_kerg.zip"",""source_record_id"":""d5d5009b8cbe5cc2e4a75760a057bda2b29f656a41b157e28557aa47b0e34c4f:btw2017_kerg.csv:340:141"",""retrieved_at"":""2026-10-01T23:21:39.584Z"",""raw_snapshot"":{""path"":""docs/political-data/raw/germany/2026-10-01T23-21-39-584Z_02e7077f9358c9ef/final-results.zip"",""sha256"":""02e7077f9358c9ef408741ee5d17123a43c28ea766b26a7ab338c08fcaeb7512""},""parser_version"":""germany-production-v1"",""parser_sha256"":""2a8eb3487f392ef83303e7fb9ff246e4c111a7e64a469a6aa9eb21461ae9b1a0"",""fields_covered"":[""second_votes"",""registered_label_native""],""published_or_derived"":""published"",""source_member"":""btw2017_kerg.csv"",""source_member_sha256"":""d5d5009b8cbe5cc2e4a75760a057bda2b29f656a41b157e28557aa47b0e34c4f"",""source_column"":141},{""source_id"":""src-de-bwl-historical-results"",""source_url"":""https://www.bundeswahlleiterin.de/dam/jcr/24d8e745-920d-431a-893a-12805bc7ef40/btw_ab49_datenbank_ergebnisse.csv"",""source_record_id"":""csv-record-429"",""retrieved_at"":""2026-10-01T23:20:00.007Z"",""raw_snapshot"":{""path"":""docs/political-data/raw/germany/2026-10-01T23-20-00-007Z_9efffc24b559679a/results.csv"",""sha256"":""9efffc24b559679ade291d8da63462e5523b43ac62064e759737c3ae01418484""},""parser_version"":""germany-production-v1"",""parser_sha256"":""2a8eb3487f392ef83303e7fb9ff246e4c111a7e64a469a6aa9eb21461ae9b1a0"",""fields_covered"":[""published_vote_share"",""seats""],""published_or_derived"":""published"",""columns"":[6,79],""compilation_label"":""MENSCHLICHE WELT"",""alignment_basis"":""unique exact national second-vote count in the same election; not party identity""},{""source_id"":""src-de-bwl-historical-results"",""source_url"":""https://www.bundeswahlleiterin.de/dam/jcr/24d8e745-920d-431a-893a-12805bc7ef40/btw_ab49_datenbank_ergebnisse.csv"",""source_record_id"":""csv-record-90"",""retrieved_at"":""2026-10-01T23:20:00.007Z"",""raw_snapshot"":{""path"":""docs/political-data/raw/germany/2026-10-01T23-20-00-007Z_9efffc24b559679a/results.csv"",""sha256"":""9efffc24b559679ade291d8da63462e5523b43ac62064e759737c3ae01418484""},""parser_version"":""germany-production-v1"",""parser_sha256"":""2a8eb3487f392ef83303e7fb9ff246e4c111a7e64a469a6aa9eb21461ae9b1a0"",""fields_covered"":[""total_seats"",""valid_second_votes""],""published_or_derived"":""published"",""columns"":[4,79]},{""source_id"":""src-de-bwl-final-archive"",""source_url"":""https://www.bundeswahlleiterin.de/dam/jcr/ce2d2b6a-f211-4355-8eea-355c98cd4e47/btw_kerg.zip"",""source_record_id"":""d5d5009b8cbe5cc2e4a75760a057bda2b29f656a41b157e28557aa47b0e34c4f:btw2017_kerg.csv:340:141"",""retrieved_at"":""2026-10-01T23:21:39.584Z"",""raw_snapshot"":{""path"":""docs/political-data/raw/germany/2026-10-01T23-21-39-584Z_02e7077f9358c9ef/final-results.zip"",""sha256"":""02e7077f9358c9ef408741ee5d17123a43c28ea766b26a7ab338c08fcaeb7512""},""parser_version"":""germany-production-v1"",""parser_sha256"":""2a8eb3487f392ef83303e7fb9ff246e4c111a7e64a469a6aa9eb21461ae9b1a0"",""fields_covered"":[""derived_vote_share""],""published_or_derived"":""derived"",""formula"":""100 * second_votes / valid_second_votes"",""input_fields"":[""second_votes"",""el-de-bt-2017-09-24:valid_second_votes""]},{""source_id"":""src-de-bwl-historical-results"",""source_url"":""https://www.bundeswahlleiterin.de/dam/jcr/24d8e745-920d-431a-893a-12805bc7ef40/btw_ab49_datenbank_ergebnisse.csv"",""source_record_id"":""csv-record-429"",""retrieved_at"":""2026-10-01T23:20:00.007Z"",""raw_snapshot"":{""path"":""docs/political-data/raw/germany/2026-10-01T23-20-00-007Z_9efffc24b559679a/results.csv"",""sha256"":""9efffc24b559679ade291d8da63462e5523b43ac62064e759737c3ae01418484""},""parser_version"":""germany-production-v1"",""parser_sha256"":""2a8eb3487f392ef83303e7fb9ff246e4c111a7e64a469a6aa9eb21461ae9b1a0"",""fields_covered"":[""derived_seat_share""],""published_or_derived"":""derived"",""formula"":""100 * seats / total_seats; null remains null"",""input_fields"":[""seats"",""lg-de-bt-19:total_seats""]}]"
"er-ct-de-0138","germany","national","el-de-bt-2017-09-24","ct-de-0138","second_vote","46515492","709","5991","0","0.01287957999025357",,,"final","[{""source_id"":""src-de-bwl-final-archive"",""source_url"":""https://www.bundeswahlleiterin.de/dam/jcr/ce2d2b6a-f211-4355-8eea-355c98cd4e47/btw_kerg.zip"",""source_record_id"":""d5d5009b8cbe5cc2e4a75760a057bda2b29f656a41b157e28557aa47b0e34c4f:btw2017_kerg.csv:340:145"",""retrieved_at"":""2026-10-01T23:21:39.584Z"",""raw_snapshot"":{""path"":""docs/political-data/raw/germany/2026-10-01T23-21-39-584Z_02e7077f9358c9ef/final-results.zip"",""sha256"":""02e7077f9358c9ef408741ee5d17123a43c28ea766b26a7ab338c08fcaeb7512""},""parser_version"":""germany-production-v1"",""parser_sha256"":""2a8eb3487f392ef83303e7fb9ff246e4c111a7e64a469a6aa9eb21461ae9b1a0"",""fields_covered"":[""second_votes"",""registered_label_native""],""published_or_derived"":""published"",""source_member"":""btw2017_kerg.csv"",""source_member_sha256"":""d5d5009b8cbe5cc2e4a75760a057bda2b29f656a41b157e28557aa47b0e34c4f"",""source_column"":145},{""source_id"":""src-de-bwl-historical-results"",""source_url"":""https://www.bundeswahlleiterin.de/dam/jcr/24d8e745-920d-431a-893a-12805bc7ef40/btw_ab49_datenbank_ergebnisse.csv"",""source_record_id"":""csv-record-479"",""retrieved_at"":""2026-10-01T23:20:00.007Z"",""raw_snapshot"":{""path"":""docs/political-data/raw/germany/2026-10-01T23-20-00-007Z_9efffc24b559679a/results.csv"",""sha256"":""9efffc24b559679ade291d8da63462e5523b43ac62064e759737c3ae01418484""},""parser_version"":""germany-production-v1"",""parser_sha256"":""2a8eb3487f392ef83303e7fb9ff246e4c111a7e64a469a6aa9eb21461ae9b1a0"",""fields_covered"":[""published_vote_share"",""seats""],""published_or_derived"":""published"",""columns"":[6,79],""compilation_label"":""PdH"",""alignment_basis"":""unique exact national second-vote count in the same election; not party identity""},{""source_id"":""src-de-bwl-historical-results"",""source_url"":""https://www.bundeswahlleiterin.de/dam/jcr/24d8e745-920d-431a-893a-12805bc7ef40/btw_ab49_datenbank_ergebnisse.csv"",""source_record_id"":""csv-record-90"",""retrieved_at"":""2026-10-01T23:20:00.007Z"",""raw_snapshot"":{""path"":""docs/political-data/raw/germany/2026-10-01T23-20-00-007Z_9efffc24b559679a/results.csv"",""sha256"":""9efffc24b559679ade291d8da63462e5523b43ac62064e759737c3ae01418484""},""parser_version"":""germany-production-v1"",""parser_sha256"":""2a8eb3487f392ef83303e7fb9ff246e4c111a7e64a469a6aa9eb21461ae9b1a0"",""fields_covered"":[""total_seats"",""valid_second_votes""],""published_or_derived"":""published"",""columns"":[4,79]},{""source_id"":""src-de-bwl-final-archive"",""source_url"":""https://www.bundeswahlleiterin.de/dam/jcr/ce2d2b6a-f211-4355-8eea-355c98cd4e47/btw_kerg.zip"",""source_record_id"":""d5d5009b8cbe5cc2e4a75760a057bda2b29f656a41b157e28557aa47b0e34c4f:btw2017_kerg.csv:340:145"",""retrieved_at"":""2026-10-01T23:21:39.584Z"",""raw_snapshot"":{""path"":""docs/political-data/raw/germany/2026-10-01T23-21-39-584Z_02e7077f9358c9ef/final-results.zip"",""sha256"":""02e7077f9358c9ef408741ee5d17123a43c28ea766b26a7ab338c08fcaeb7512""},""parser_version"":""germany-production-v1"",""parser_sha256"":""2a8eb3487f392ef83303e7fb9ff246e4c111a7e64a469a6aa9eb21461ae9b1a0"",""fields_covered"":[""derived_vote_share""],""published_or_derived"":""derived"",""formula"":""100 * second_votes / valid_second_votes"",""input_fields"":[""second_votes"",""el-de-bt-2017-09-24:valid_second_votes""]},{""source_id"":""src-de-bwl-historical-results"",""source_url"":""https://www.bundeswahlleiterin.de/dam/jcr/24d8e745-920d-431a-893a-12805bc7ef40/btw_ab49_datenbank_ergebnisse.csv"",""source_record_id"":""csv-record-479"",""retrieved_at"":""2026-10-01T23:20:00.007Z"",""raw_snapshot"":{""path"":""docs/political-data/raw/germany/2026-10-01T23-20-00-007Z_9efffc24b559679a/results.csv"",""sha256"":""9efffc24b559679ade291d8da63462e5523b43ac62064e759737c3ae01418484""},""parser_version"":""germany-production-v1"",""parser_sha256"":""2a8eb3487f392ef83303e7fb9ff246e4c111a7e64a469a6aa9eb21461ae9b1a0"",""fields_covered"":[""derived_seat_share""],""published_or_derived"":""derived"",""formula"":""100 * seats / total_seats; null remains null"",""input_fields"":[""seats"",""lg-de-bt-19:total_seats""]}]"
"er-ct-de-0139","germany","national","el-de-bt-2017-09-24","ct-de-0139","second_vote","46515492","709","23404","0.1","0.05031441997861702",,,"final","[{""source_id"":""src-de-bwl-final-archive"",""source_url"":""https://www.bundeswahlleiterin.de/dam/jcr/ce2d2b6a-f211-4355-8eea-355c98cd4e47/btw_kerg.zip"",""source_record_id"":""d5d5009b8cbe5cc2e4a75760a057bda2b29f656a41b157e28557aa47b0e34c4f:btw2017_kerg.csv:340:149"",""retrieved_at"":""2026-10-01T23:21:39.584Z"",""raw_snapshot"":{""path"":""docs/political-data/raw/germany/2026-10-01T23-21-39-584Z_02e7077f9358c9ef/final-results.zip"",""sha256"":""02e7077f9358c9ef408741ee5d17123a43c28ea766b26a7ab338c08fcaeb7512""},""parser_version"":""germany-production-v1"",""parser_sha256"":""2a8eb3487f392ef83303e7fb9ff246e4c111a7e64a469a6aa9eb21461ae9b1a0"",""fields_covered"":[""second_votes"",""registered_label_native""],""published_or_derived"":""published"",""source_member"":""btw2017_kerg.csv"",""source_member_sha256"":""d5d5009b8cbe5cc2e4a75760a057bda2b29f656a41b157e28557aa47b0e34c4f"",""source_column"":149},{""source_id"":""src-de-bwl-historical-results"",""source_url"":""https://www.bundeswahlleiterin.de/dam/jcr/24d8e745-920d-431a-893a-12805bc7ef40/btw_ab49_datenbank_ergebnisse.csv"",""source_record_id"":""csv-record-552"",""retrieved_at"":""2026-10-01T23:20:00.007Z"",""raw_snapshot"":{""path"":""docs/political-data/raw/germany/2026-10-01T23-20-00-007Z_9efffc24b559679a/results.csv"",""sha256"":""9efffc24b559679ade291d8da63462e5523b43ac62064e759737c3ae01418484""},""parser_version"":""germany-production-v1"",""parser_sha256"":""2a8eb3487f392ef83303e7fb9ff246e4c111a7e64a469a6aa9eb21461ae9b1a0"",""fields_covered"":[""published_vote_share"",""seats""],""published_or_derived"":""published"",""columns"":[6,79],""compilation_label"":""Verjüngungsforschung"",""alignment_basis"":""unique exact national second-vote count in the same election; not party identity""},{""source_id"":""src-de-bwl-historical-results"",""source_url"":""https://www.bundeswahlleiterin.de/dam/jcr/24d8e745-920d-431a-893a-12805bc7ef40/btw_ab49_datenbank_ergebnisse.csv"",""source_record_id"":""csv-record-90"",""retrieved_at"":""2026-10-01T23:20:00.007Z"",""raw_snapshot"":{""path"":""docs/political-data/raw/germany/2026-10-01T23-20-00-007Z_9efffc24b559679a/results.csv"",""sha256"":""9efffc24b559679ade291d8da63462e5523b43ac62064e759737c3ae01418484""},""parser_version"":""germany-production-v1"",""parser_sha256"":""2a8eb3487f392ef83303e7fb9ff246e4c111a7e64a469a6aa9eb21461ae9b1a0"",""fields_covered"":[""total_seats"",""valid_second_votes""],""published_or_derived"":""published"",""columns"":[4,79]},{""source_id"":""src-de-bwl-final-archive"",""source_url"":""https://www.bundeswahlleiterin.de/dam/jcr/ce2d2b6a-f211-4355-8eea-355c98cd4e47/btw_kerg.zip"",""source_record_id"":""d5d5009b8cbe5cc2e4a75760a057bda2b29f656a41b157e28557aa47b0e34c4f:btw2017_kerg.csv:340:149"",""retrieved_at"":""2026-10-01T23:21:39.584Z"",""raw_snapshot"":{""path"":""docs/political-data/raw/germany/2026-10-01T23-21-39-584Z_02e7077f9358c9ef/final-results.zip"",""sha256"":""02e7077f9358c9ef408741ee5d17123a43c28ea766b26a7ab338c08fcaeb7512""},""parser_version"":""germany-production-v1"",""parser_sha256"":""2a8eb3487f392ef83303e7fb9ff246e4c111a7e64a469a6aa9eb21461ae9b1a0"",""fields_covered"":[""derived_vote_share""],""published_or_derived"":""derived"",""formula"":""100 * second_votes / valid_second_votes"",""input_fields"":[""second_votes"",""el-de-bt-2017-09-24:valid_second_votes""]},{""source_id"":""src-de-bwl-historical-results"",""source_url"":""https://www.bundeswahlleiterin.de/dam/jcr/24d8e745-920d-431a-893a-12805bc7ef40/btw_ab49_datenbank_ergebnisse.csv"",""source_record_id"":""csv-record-552"",""retrieved_at"":""2026-10-01T23:20:00.007Z"",""raw_snapshot"":{""path"":""docs/political-data/raw/germany/2026-10-01T23-20-00-007Z_9efffc24b559679a/results.csv"",""sha256"":""9efffc24b559679ade291d8da63462e5523b43ac62064e759737c3ae01418484""},""parser_version"":""germany-production-v1"",""parser_sha256"":""2a8eb3487f392ef83303e7fb9ff246e4c111a7e64a469a6aa9eb21461ae9b1a0"",""fields_covered"":[""derived_seat_share""],""published_or_derived"":""derived"",""formula"":""100 * seats / total_seats; null remains null"",""input_fields"":[""seats"",""lg-de-bt-19:total_seats""]}]"
"er-ct-de-0140","germany","national","el-de-bt-2017-09-24","ct-de-0140","second_vote","46515492","709","64073","0.1","0.13774550637882105",,,"final","[{""source_id"":""src-de-bwl-final-archive"",""source_url"":""https://www.bundeswahlleiterin.de/dam/jcr/ce2d2b6a-f211-4355-8eea-355c98cd4e47/btw_kerg.zip"",""source_record_id"":""d5d5009b8cbe5cc2e4a75760a057bda2b29f656a41b157e28557aa47b0e34c4f:btw2017_kerg.csv:340:153"",""retrieved_at"":""2026-10-01T23:21:39.584Z"",""raw_snapshot"":{""path"":""docs/political-data/raw/germany/2026-10-01T23-21-39-584Z_02e7077f9358c9ef/final-results.zip"",""sha256"":""02e7077f9358c9ef408741ee5d17123a43c28ea766b26a7ab338c08fcaeb7512""},""parser_version"":""germany-production-v1"",""parser_sha256"":""2a8eb3487f392ef83303e7fb9ff246e4c111a7e64a469a6aa9eb21461ae9b1a0"",""fields_covered"":[""second_votes"",""registered_label_native""],""published_or_derived"":""published"",""source_member"":""btw2017_kerg.csv"",""source_member_sha256"":""d5d5009b8cbe5cc2e4a75760a057bda2b29f656a41b157e28557aa47b0e34c4f"",""source_column"":153},{""source_id"":""src-de-bwl-historical-results"",""source_url"":""https://www.bundeswahlleiterin.de/dam/jcr/24d8e745-920d-431a-893a-12805bc7ef40/btw_ab49_datenbank_ergebnisse.csv"",""source_record_id"":""csv-record-565"",""retrieved_at"":""2026-10-01T23:20:00.007Z"",""raw_snapshot"":{""path"":""docs/political-data/raw/germany/2026-10-01T23-20-00-007Z_9efffc24b559679a/results.csv"",""sha256"":""9efffc24b559679ade291d8da63462e5523b43ac62064e759737c3ae01418484""},""parser_version"":""germany-production-v1"",""parser_sha256"":""2a8eb3487f392ef83303e7fb9ff246e4c111a7e64a469a6aa9eb21461ae9b1a0"",""fields_covered"":[""published_vote_share"",""seats""],""published_or_derived"":""published"",""columns"":[6,79],""compilation_label"":""V-Partei³"",""alignment_basis"":""unique exact national second-vote count in the same election; not party identity""},{""source_id"":""src-de-bwl-historical-results"",""source_url"":""https://www.bundeswahlleiterin.de/dam/jcr/24d8e745-920d-431a-893a-12805bc7ef40/btw_ab49_datenbank_ergebnisse.csv"",""source_record_id"":""csv-record-90"",""retrieved_at"":""2026-10-01T23:20:00.007Z"",""raw_snapshot"":{""path"":""docs/political-data/raw/germany/2026-10-01T23-20-00-007Z_9efffc24b559679a/results.csv"",""sha256"":""9efffc24b559679ade291d8da63462e5523b43ac62064e759737c3ae01418484""},""parser_version"":""germany-production-v1"",""parser_sha256"":""2a8eb3487f392ef83303e7fb9ff246e4c111a7e64a469a6aa9eb21461ae9b1a0"",""fields_covered"":[""total_seats"",""valid_second_votes""],""published_or_derived"":""published"",""columns"":[4,79]},{""source_id"":""src-de-bwl-final-archive"",""source_url"":""https://www.bundeswahlleiterin.de/dam/jcr/ce2d2b6a-f211-4355-8eea-355c98cd4e47/btw_kerg.zip"",""source_record_id"":""d5d5009b8cbe5cc2e4a75760a057bda2b29f656a41b157e28557aa47b0e34c4f:btw2017_kerg.csv:340:153"",""retrieved_at"":""2026-10-01T23:21:39.584Z"",""raw_snapshot"":{""path"":""docs/political-data/raw/germany/2026-10-01T23-21-39-584Z_02e7077f9358c9ef/final-results.zip"",""sha256"":""02e7077f9358c9ef408741ee5d17123a43c28ea766b26a7ab338c08fcaeb7512""},""parser_version"":""germany-production-v1"",""parser_sha256"":""2a8eb3487f392ef83303e7fb9ff246e4c111a7e64a469a6aa9eb21461ae9b1a0"",""fields_covered"":[""derived_vote_share""],""published_or_derived"":""derived"",""formula"":""100 * second_votes / valid_second_votes"",""input_fields"":[""second_votes"",""el-de-bt-2017-09-24:valid_second_votes""]},{""source_id"":""src-de-bwl-historical-results"",""source_url"":""https://www.bundeswahlleiterin.de/dam/jcr/24d8e745-920d-431a-893a-12805bc7ef40/btw_ab49_datenbank_ergebnisse.csv"",""source_record_id"":""csv-record-565"",""retrieved_at"":""2026-10-01T23:20:00.007Z"",""raw_snapshot"":{""path"":""docs/political-data/raw/germany/2026-10-01T23-20-00-007Z_9efffc24b559679a/results.csv"",""sha256"":""9efffc24b559679ade291d8da63462e5523b43ac62064e759737c3ae01418484""},""parser_version"":""germany-production-v1"",""parser_sha256"":""2a8eb3487f392ef83303e7fb9ff246e4c111a7e64a469a6aa9eb21461ae9b1a0"",""fields_covered"":[""derived_seat_share""],""published_or_derived"":""derived"",""formula"":""100 * seats / total_seats; null remains null"",""input_fields"":[""seats"",""lg-de-bt-19:total_seats""]}]"
"er-ct-de-0141","germany","national","el-de-bt-2021-09-26","ct-de-0141","second_vote","46298387","735","8774920","19","18.952971298978515","152","20.68027210884354","corrected_final_after_2024_02_11_repeat","[{""source_id"":""src-de-bwl-final-archive"",""source_url"":""https://www.bundeswahlleiterin.de/dam/jcr/ce2d2b6a-f211-4355-8eea-355c98cd4e47/btw_kerg.zip"",""source_record_id"":""ac5d62cc9df7c681cb39baecb6602a8a766e43fea3000c50fb434225cc007ca8:btw2021-w_kerg.csv:337:21"",""retrieved_at"":""2026-10-01T23:21:39.584Z"",""raw_snapshot"":{""path"":""docs/political-data/raw/germany/2026-10-01T23-21-39-584Z_02e7077f9358c9ef/final-results.zip"",""sha256"":""02e7077f9358c9ef408741ee5d17123a43c28ea766b26a7ab338c08fcaeb7512""},""parser_version"":""germany-production-v1"",""parser_sha256"":""2a8eb3487f392ef83303e7fb9ff246e4c111a7e64a469a6aa9eb21461ae9b1a0"",""fields_covered"":[""second_votes"",""registered_label_native""],""published_or_derived"":""published"",""source_member"":""btw2021-w_kerg.csv"",""source_member_sha256"":""ac5d62cc9df7c681cb39baecb6602a8a766e43fea3000c50fb434225cc007ca8"",""source_column"":21},{""source_id"":""src-de-bwl-historical-results"",""source_url"":""https://www.bundeswahlleiterin.de/dam/jcr/24d8e745-920d-431a-893a-12805bc7ef40/btw_ab49_datenbank_ergebnisse.csv"",""source_record_id"":""csv-record-133"",""retrieved_at"":""2026-10-01T23:20:00.007Z"",""raw_snapshot"":{""path"":""docs/political-data/raw/germany/2026-10-01T23-20-00-007Z_9efffc24b559679a/results.csv"",""sha256"":""9efffc24b559679ade291d8da63462e5523b43ac62064e759737c3ae01418484""},""parser_version"":""germany-production-v1"",""parser_sha256"":""2a8eb3487f392ef83303e7fb9ff246e4c111a7e64a469a6aa9eb21461ae9b1a0"",""fields_covered"":[""published_vote_share"",""seats""],""published_or_derived"":""published"",""columns"":[6,79],""compilation_label"":""CDU"",""alignment_basis"":""unique exact national second-vote count in the same election; not party identity""},{""source_id"":""src-de-bwl-historical-results"",""source_url"":""https://www.bundeswahlleiterin.de/dam/jcr/24d8e745-920d-431a-893a-12805bc7ef40/btw_ab49_datenbank_ergebnisse.csv"",""source_record_id"":""csv-record-91"",""retrieved_at"":""2026-10-01T23:20:00.007Z"",""raw_snapshot"":{""path"":""docs/political-data/raw/germany/2026-10-01T23-20-00-007Z_9efffc24b559679a/results.csv"",""sha256"":""9efffc24b559679ade291d8da63462e5523b43ac62064e759737c3ae01418484""},""parser_version"":""germany-production-v1"",""parser_sha256"":""2a8eb3487f392ef83303e7fb9ff246e4c111a7e64a469a6aa9eb21461ae9b1a0"",""fields_covered"":[""total_seats"",""valid_second_votes""],""published_or_derived"":""published"",""columns"":[4,79]},{""source_id"":""src-de-bwl-final-archive"",""source_url"":""https://www.bundeswahlleiterin.de/dam/jcr/ce2d2b6a-f211-4355-8eea-355c98cd4e47/btw_kerg.zip"",""source_record_id"":""ac5d62cc9df7c681cb39baecb6602a8a766e43fea3000c50fb434225cc007ca8:btw2021-w_kerg.csv:337:21"",""retrieved_at"":""2026-10-01T23:21:39.584Z"",""raw_snapshot"":{""path"":""docs/political-data/raw/germany/2026-10-01T23-21-39-584Z_02e7077f9358c9ef/final-results.zip"",""sha256"":""02e7077f9358c9ef408741ee5d17123a43c28ea766b26a7ab338c08fcaeb7512""},""parser_version"":""germany-production-v1"",""parser_sha256"":""2a8eb3487f392ef83303e7fb9ff246e4c111a7e64a469a6aa9eb21461ae9b1a0"",""fields_covered"":[""derived_vote_share""],""published_or_derived"":""derived"",""formula"":""100 * second_votes / valid_second_votes"",""input_fields"":[""second_votes"",""el-de-bt-2021-09-26:valid_second_votes""]},{""source_id"":""src-de-bwl-historical-results"",""source_url"":""https://www.bundeswahlleiterin.de/dam/jcr/24d8e745-920d-431a-893a-12805bc7ef40/btw_ab49_datenbank_ergebnisse.csv"",""source_record_id"":""csv-record-133"",""retrieved_at"":""2026-10-01T23:20:00.007Z"",""raw_snapshot"":{""path"":""docs/political-data/raw/germany/2026-10-01T23-20-00-007Z_9efffc24b559679a/results.csv"",""sha256"":""9efffc24b559679ade291d8da63462e5523b43ac62064e759737c3ae01418484""},""parser_version"":""germany-production-v1"",""parser_sha256"":""2a8eb3487f392ef83303e7fb9ff246e4c111a7e64a469a6aa9eb21461ae9b1a0"",""fields_covered"":[""derived_seat_share""],""published_or_derived"":""derived"",""formula"":""100 * seats / total_seats; null remains null"",""input_fields"":[""seats"",""lg-de-bt-20:total_seats""]}]"
"er-ct-de-0142","germany","national","el-de-bt-2021-09-26","ct-de-0142","second_vote","46298387","735","11901558","25.7","25.706204408373882","206","28.027210884353742","corrected_final_after_2024_02_11_repeat","[{""source_id"":""src-de-bwl-final-archive"",""source_url"":""https://www.bundeswahlleiterin.de/dam/jcr/ce2d2b6a-f211-4355-8eea-355c98cd4e47/btw_kerg.zip"",""source_record_id"":""ac5d62cc9df7c681cb39baecb6602a8a766e43fea3000c50fb434225cc007ca8:btw2021-w_kerg.csv:337:25"",""retrieved_at"":""2026-10-01T23:21:39.584Z"",""raw_snapshot"":{""path"":""docs/political-data/raw/germany/2026-10-01T23-21-39-584Z_02e7077f9358c9ef/final-results.zip"",""sha256"":""02e7077f9358c9ef408741ee5d17123a43c28ea766b26a7ab338c08fcaeb7512""},""parser_version"":""germany-production-v1"",""parser_sha256"":""2a8eb3487f392ef83303e7fb9ff246e4c111a7e64a469a6aa9eb21461ae9b1a0"",""fields_covered"":[""second_votes"",""registered_label_native""],""published_or_derived"":""published"",""source_member"":""btw2021-w_kerg.csv"",""source_member_sha256"":""ac5d62cc9df7c681cb39baecb6602a8a766e43fea3000c50fb434225cc007ca8"",""source_column"":25},{""source_id"":""src-de-bwl-historical-results"",""source_url"":""https://www.bundeswahlleiterin.de/dam/jcr/24d8e745-920d-431a-893a-12805bc7ef40/btw_ab49_datenbank_ergebnisse.csv"",""source_record_id"":""csv-record-112"",""retrieved_at"":""2026-10-01T23:20:00.007Z"",""raw_snapshot"":{""path"":""docs/political-data/raw/germany/2026-10-01T23-20-00-007Z_9efffc24b559679a/results.csv"",""sha256"":""9efffc24b559679ade291d8da63462e5523b43ac62064e759737c3ae01418484""},""parser_version"":""germany-production-v1"",""parser_sha256"":""2a8eb3487f392ef83303e7fb9ff246e4c111a7e64a469a6aa9eb21461ae9b1a0"",""fields_covered"":[""published_vote_share"",""seats""],""published_or_derived"":""published"",""columns"":[6,79],""compilation_label"":""SPD"",""alignment_basis"":""unique exact national second-vote count in the same election; not party identity""},{""source_id"":""src-de-bwl-historical-results"",""source_url"":""https://www.bundeswahlleiterin.de/dam/jcr/24d8e745-920d-431a-893a-12805bc7ef40/btw_ab49_datenbank_ergebnisse.csv"",""source_record_id"":""csv-record-91"",""retrieved_at"":""2026-10-01T23:20:00.007Z"",""raw_snapshot"":{""path"":""docs/political-data/raw/germany/2026-10-01T23-20-00-007Z_9efffc24b559679a/results.csv"",""sha256"":""9efffc24b559679ade291d8da63462e5523b43ac62064e759737c3ae01418484""},""parser_version"":""germany-production-v1"",""parser_sha256"":""2a8eb3487f392ef83303e7fb9ff246e4c111a7e64a469a6aa9eb21461ae9b1a0"",""fields_covered"":[""total_seats"",""valid_second_votes""],""published_or_derived"":""published"",""columns"":[4,79]},{""source_id"":""src-de-bwl-final-archive"",""source_url"":""https://www.bundeswahlleiterin.de/dam/jcr/ce2d2b6a-f211-4355-8eea-355c98cd4e47/btw_kerg.zip"",""source_record_id"":""ac5d62cc9df7c681cb39baecb6602a8a766e43fea3000c50fb434225cc007ca8:btw2021-w_kerg.csv:337:25"",""retrieved_at"":""2026-10-01T23:21:39.584Z"",""raw_snapshot"":{""path"":""docs/political-data/raw/germany/2026-10-01T23-21-39-584Z_02e7077f9358c9ef/final-results.zip"",""sha256"":""02e7077f9358c9ef408741ee5d17123a43c28ea766b26a7ab338c08fcaeb7512""},""parser_version"":""germany-production-v1"",""parser_sha256"":""2a8eb3487f392ef83303e7fb9ff246e4c111a7e64a469a6aa9eb21461ae9b1a0"",""fields_covered"":[""derived_vote_share""],""published_or_derived"":""derived"",""formula"":""100 * second_votes / valid_second_votes"",""input_fields"":[""second_votes"",""el-de-bt-2021-09-26:valid_second_votes""]},{""source_id"":""src-de-bwl-historical-results"",""source_url"":""https://www.bundeswahlleiterin.de/dam/jcr/24d8e745-920d-431a-893a-12805bc7ef40/btw_ab49_datenbank_ergebnisse.csv"",""source_record_id"":""csv-record-112"",""retrieved_at"":""2026-10-01T23:20:00.007Z"",""raw_snapshot"":{""path"":""docs/political-data/raw/germany/2026-10-01T23-20-00-007Z_9efffc24b559679a/results.csv"",""sha256"":""9efffc24b559679ade291d8da63462e5523b43ac62064e759737c3ae01418484""},""parser_version"":""germany-production-v1"",""parser_sha256"":""2a8eb3487f392ef83303e7fb9ff246e4c111a7e64a469a6aa9eb21461ae9b1a0"",""fields_covered"":[""derived_seat_share""],""published_or_derived"":""derived"",""formula"":""100 * seats / total_seats; null remains null"",""input_fields"":[""seats"",""lg-de-bt-20:total_seats""]}]"
"er-ct-de-0143","germany","national","el-de-bt-2021-09-26","ct-de-0143","second_vote","46298387","735","4809233","10.4","10.38747418997556","83","11.29251700680272","corrected_final_after_2024_02_11_repeat","[{""source_id"":""src-de-bwl-final-archive"",""source_url"":""https://www.bundeswahlleiterin.de/dam/jcr/ce2d2b6a-f211-4355-8eea-355c98cd4e47/btw_kerg.zip"",""source_record_id"":""ac5d62cc9df7c681cb39baecb6602a8a766e43fea3000c50fb434225cc007ca8:btw2021-w_kerg.csv:337:29"",""retrieved_at"":""2026-10-01T23:21:39.584Z"",""raw_snapshot"":{""path"":""docs/political-data/raw/germany/2026-10-01T23-21-39-584Z_02e7077f9358c9ef/final-results.zip"",""sha256"":""02e7077f9358c9ef408741ee5d17123a43c28ea766b26a7ab338c08fcaeb7512""},""parser_version"":""germany-production-v1"",""parser_sha256"":""2a8eb3487f392ef83303e7fb9ff246e4c111a7e64a469a6aa9eb21461ae9b1a0"",""fields_covered"":[""second_votes"",""registered_label_native""],""published_or_derived"":""published"",""source_member"":""btw2021-w_kerg.csv"",""source_member_sha256"":""ac5d62cc9df7c681cb39baecb6602a8a766e43fea3000c50fb434225cc007ca8"",""source_column"":29},{""source_id"":""src-de-bwl-historical-results"",""source_url"":""https://www.bundeswahlleiterin.de/dam/jcr/24d8e745-920d-431a-893a-12805bc7ef40/btw_ab49_datenbank_ergebnisse.csv"",""source_record_id"":""csv-record-172"",""retrieved_at"":""2026-10-01T23:20:00.007Z"",""raw_snapshot"":{""path"":""docs/political-data/raw/germany/2026-10-01T23-20-00-007Z_9efffc24b559679a/results.csv"",""sha256"":""9efffc24b559679ade291d8da63462e5523b43ac62064e759737c3ae01418484""},""parser_version"":""germany-production-v1"",""parser_sha256"":""2a8eb3487f392ef83303e7fb9ff246e4c111a7e64a469a6aa9eb21461ae9b1a0"",""fields_covered"":[""published_vote_share"",""seats""],""published_or_derived"":""published"",""columns"":[6,79],""compilation_label"":""AfD"",""alignment_basis"":""unique exact national second-vote count in the same election; not party identity""},{""source_id"":""src-de-bwl-historical-results"",""source_url"":""https://www.bundeswahlleiterin.de/dam/jcr/24d8e745-920d-431a-893a-12805bc7ef40/btw_ab49_datenbank_ergebnisse.csv"",""source_record_id"":""csv-record-91"",""retrieved_at"":""2026-10-01T23:20:00.007Z"",""raw_snapshot"":{""path"":""docs/political-data/raw/germany/2026-10-01T23-20-00-007Z_9efffc24b559679a/results.csv"",""sha256"":""9efffc24b559679ade291d8da63462e5523b43ac62064e759737c3ae01418484""},""parser_version"":""germany-production-v1"",""parser_sha256"":""2a8eb3487f392ef83303e7fb9ff246e4c111a7e64a469a6aa9eb21461ae9b1a0"",""fields_covered"":[""total_seats"",""valid_second_votes""],""published_or_derived"":""published"",""columns"":[4,79]},{""source_id"":""src-de-bwl-final-archive"",""source_url"":""https://www.bundeswahlleiterin.de/dam/jcr/ce2d2b6a-f211-4355-8eea-355c98cd4e47/btw_kerg.zip"",""source_record_id"":""ac5d62cc9df7c681cb39baecb6602a8a766e43fea3000c50fb434225cc007ca8:btw2021-w_kerg.csv:337:29"",""retrieved_at"":""2026-10-01T23:21:39.584Z"",""raw_snapshot"":{""path"":""docs/political-data/raw/germany/2026-10-01T23-21-39-584Z_02e7077f9358c9ef/final-results.zip"",""sha256"":""02e7077f9358c9ef408741ee5d17123a43c28ea766b26a7ab338c08fcaeb7512""},""parser_version"":""germany-production-v1"",""parser_sha256"":""2a8eb3487f392ef83303e7fb9ff246e4c111a7e64a469a6aa9eb21461ae9b1a0"",""fields_covered"":[""derived_vote_share""],""published_or_derived"":""derived"",""formula"":""100 * second_votes / valid_second_votes"",""input_fields"":[""second_votes"",""el-de-bt-2021-09-26:valid_second_votes""]},{""source_id"":""src-de-bwl-historical-results"",""source_url"":""https://www.bundeswahlleiterin.de/dam/jcr/24d8e745-920d-431a-893a-12805bc7ef40/btw_ab49_datenbank_ergebnisse.csv"",""source_record_id"":""csv-record-172"",""retrieved_at"":""2026-10-01T23:20:00.007Z"",""raw_snapshot"":{""path"":""docs/political-data/raw/germany/2026-10-01T23-20-00-007Z_9efffc24b559679a/results.csv"",""sha256"":""9efffc24b559679ade291d8da63462e5523b43ac62064e759737c3ae01418484""},""parser_version"":""germany-production-v1"",""parser_sha256"":""2a8eb3487f392ef83303e7fb9ff246e4c111a7e64a469a6aa9eb21461ae9b1a0"",""fields_covered"":[""derived_seat_share""],""published_or_derived"":""derived"",""formula"":""100 * seats / total_seats; null remains null"",""input_fields"":[""seats"",""lg-de-bt-20:total_seats""]}]"
"er-ct-de-0144","germany","national","el-de-bt-2021-09-26","ct-de-0144","second_vote","46298387","735","5291013","11.4","11.428071997411054","91","12.380952380952381","corrected_final_after_2024_02_11_repeat","[{""source_id"":""src-de-bwl-final-archive"",""source_url"":""https://www.bundeswahlleiterin.de/dam/jcr/ce2d2b6a-f211-4355-8eea-355c98cd4e47/btw_kerg.zip"",""source_record_id"":""ac5d62cc9df7c681cb39baecb6602a8a766e43fea3000c50fb434225cc007ca8:btw2021-w_kerg.csv:337:33"",""retrieved_at"":""2026-10-01T23:21:39.584Z"",""raw_snapshot"":{""path"":""docs/political-data/raw/germany/2026-10-01T23-21-39-584Z_02e7077f9358c9ef/final-results.zip"",""sha256"":""02e7077f9358c9ef408741ee5d17123a43c28ea766b26a7ab338c08fcaeb7512""},""parser_version"":""germany-production-v1"",""parser_sha256"":""2a8eb3487f392ef83303e7fb9ff246e4c111a7e64a469a6aa9eb21461ae9b1a0"",""fields_covered"":[""second_votes"",""registered_label_native""],""published_or_derived"":""published"",""source_member"":""btw2021-w_kerg.csv"",""source_member_sha256"":""ac5d62cc9df7c681cb39baecb6602a8a766e43fea3000c50fb434225cc007ca8"",""source_column"":33},{""source_id"":""src-de-bwl-historical-results"",""source_url"":""https://www.bundeswahlleiterin.de/dam/jcr/24d8e745-920d-431a-893a-12805bc7ef40/btw_ab49_datenbank_ergebnisse.csv"",""source_record_id"":""csv-record-168"",""retrieved_at"":""2026-10-01T23:20:00.007Z"",""raw_snapshot"":{""path"":""docs/political-data/raw/germany/2026-10-01T23-20-00-007Z_9efffc24b559679a/results.csv"",""sha256"":""9efffc24b559679ade291d8da63462e5523b43ac62064e759737c3ae01418484""},""parser_version"":""germany-production-v1"",""parser_sha256"":""2a8eb3487f392ef83303e7fb9ff246e4c111a7e64a469a6aa9eb21461ae9b1a0"",""fields_covered"":[""published_vote_share"",""seats""],""published_or_derived"":""published"",""columns"":[6,79],""compilation_label"":""FDP"",""alignment_basis"":""unique exact national second-vote count in the same election; not party identity""},{""source_id"":""src-de-bwl-historical-results"",""source_url"":""https://www.bundeswahlleiterin.de/dam/jcr/24d8e745-920d-431a-893a-12805bc7ef40/btw_ab49_datenbank_ergebnisse.csv"",""source_record_id"":""csv-record-91"",""retrieved_at"":""2026-10-01T23:20:00.007Z"",""raw_snapshot"":{""path"":""docs/political-data/raw/germany/2026-10-01T23-20-00-007Z_9efffc24b559679a/results.csv"",""sha256"":""9efffc24b559679ade291d8da63462e5523b43ac62064e759737c3ae01418484""},""parser_version"":""germany-production-v1"",""parser_sha256"":""2a8eb3487f392ef83303e7fb9ff246e4c111a7e64a469a6aa9eb21461ae9b1a0"",""fields_covered"":[""total_seats"",""valid_second_votes""],""published_or_derived"":""published"",""columns"":[4,79]},{""source_id"":""src-de-bwl-final-archive"",""source_url"":""https://www.bundeswahlleiterin.de/dam/jcr/ce2d2b6a-f211-4355-8eea-355c98cd4e47/btw_kerg.zip"",""source_record_id"":""ac5d62cc9df7c681cb39baecb6602a8a766e43fea3000c50fb434225cc007ca8:btw2021-w_kerg.csv:337:33"",""retrieved_at"":""2026-10-01T23:21:39.584Z"",""raw_snapshot"":{""path"":""docs/political-data/raw/germany/2026-10-01T23-21-39-584Z_02e7077f9358c9ef/final-results.zip"",""sha256"":""02e7077f9358c9ef408741ee5d17123a43c28ea766b26a7ab338c08fcaeb7512""},""parser_version"":""germany-production-v1"",""parser_sha256"":""2a8eb3487f392ef83303e7fb9ff246e4c111a7e64a469a6aa9eb21461ae9b1a0"",""fields_covered"":[""derived_vote_share""],""published_or_derived"":""derived"",""formula"":""100 * second_votes / valid_second_votes"",""input_fields"":[""second_votes"",""el-de-bt-2021-09-26:valid_second_votes""]},{""source_id"":""src-de-bwl-historical-results"",""source_url"":""https://www.bundeswahlleiterin.de/dam/jcr/24d8e745-920d-431a-893a-12805bc7ef40/btw_ab49_datenbank_ergebnisse.csv"",""source_record_id"":""csv-record-168"",""retrieved_at"":""2026-10-01T23:20:00.007Z"",""raw_snapshot"":{""path"":""docs/political-data/raw/germany/2026-10-01T23-20-00-007Z_9efffc24b559679a/results.csv"",""sha256"":""9efffc24b559679ade291d8da63462e5523b43ac62064e759737c3ae01418484""},""parser_version"":""germany-production-v1"",""parser_sha256"":""2a8eb3487f392ef83303e7fb9ff246e4c111a7e64a469a6aa9eb21461ae9b1a0"",""fields_covered"":[""derived_seat_share""],""published_or_derived"":""derived"",""formula"":""100 * seats / total_seats; null remains null"",""input_fields"":[""seats"",""lg-de-bt-20:total_seats""]}]"
"er-ct-de-0145","germany","national","el-de-bt-2021-09-26","ct-de-0145","second_vote","46298387","735","2255864","4.9","4.872446204227374","39","5.3061224489795915","corrected_final_after_2024_02_11_repeat","[{""source_id"":""src-de-bwl-final-archive"",""source_url"":""https://www.bundeswahlleiterin.de/dam/jcr/ce2d2b6a-f211-4355-8eea-355c98cd4e47/btw_kerg.zip"",""source_record_id"":""ac5d62cc9df7c681cb39baecb6602a8a766e43fea3000c50fb434225cc007ca8:btw2021-w_kerg.csv:337:37"",""retrieved_at"":""2026-10-01T23:21:39.584Z"",""raw_snapshot"":{""path"":""docs/political-data/raw/germany/2026-10-01T23-21-39-584Z_02e7077f9358c9ef/final-results.zip"",""sha256"":""02e7077f9358c9ef408741ee5d17123a43c28ea766b26a7ab338c08fcaeb7512""},""parser_version"":""germany-production-v1"",""parser_sha256"":""2a8eb3487f392ef83303e7fb9ff246e4c111a7e64a469a6aa9eb21461ae9b1a0"",""fields_covered"":[""second_votes"",""registered_label_native""],""published_or_derived"":""published"",""source_member"":""btw2021-w_kerg.csv"",""source_member_sha256"":""ac5d62cc9df7c681cb39baecb6602a8a766e43fea3000c50fb434225cc007ca8"",""source_column"":37},{""source_id"":""src-de-bwl-historical-results"",""source_url"":""https://www.bundeswahlleiterin.de/dam/jcr/24d8e745-920d-431a-893a-12805bc7ef40/btw_ab49_datenbank_ergebnisse.csv"",""source_record_id"":""csv-record-203"",""retrieved_at"":""2026-10-01T23:20:00.007Z"",""raw_snapshot"":{""path"":""docs/political-data/raw/germany/2026-10-01T23-20-00-007Z_9efffc24b559679a/results.csv"",""sha256"":""9efffc24b559679ade291d8da63462e5523b43ac62064e759737c3ae01418484""},""parser_version"":""germany-production-v1"",""parser_sha256"":""2a8eb3487f392ef83303e7fb9ff246e4c111a7e64a469a6aa9eb21461ae9b1a0"",""fields_covered"":[""published_vote_share"",""seats""],""published_or_derived"":""published"",""columns"":[6,79],""compilation_label"":""Die Linke"",""alignment_basis"":""unique exact national second-vote count in the same election; not party identity""},{""source_id"":""src-de-bwl-historical-results"",""source_url"":""https://www.bundeswahlleiterin.de/dam/jcr/24d8e745-920d-431a-893a-12805bc7ef40/btw_ab49_datenbank_ergebnisse.csv"",""source_record_id"":""csv-record-91"",""retrieved_at"":""2026-10-01T23:20:00.007Z"",""raw_snapshot"":{""path"":""docs/political-data/raw/germany/2026-10-01T23-20-00-007Z_9efffc24b559679a/results.csv"",""sha256"":""9efffc24b559679ade291d8da63462e5523b43ac62064e759737c3ae01418484""},""parser_version"":""germany-production-v1"",""parser_sha256"":""2a8eb3487f392ef83303e7fb9ff246e4c111a7e64a469a6aa9eb21461ae9b1a0"",""fields_covered"":[""total_seats"",""valid_second_votes""],""published_or_derived"":""published"",""columns"":[4,79]},{""source_id"":""src-de-bwl-final-archive"",""source_url"":""https://www.bundeswahlleiterin.de/dam/jcr/ce2d2b6a-f211-4355-8eea-355c98cd4e47/btw_kerg.zip"",""source_record_id"":""ac5d62cc9df7c681cb39baecb6602a8a766e43fea3000c50fb434225cc007ca8:btw2021-w_kerg.csv:337:37"",""retrieved_at"":""2026-10-01T23:21:39.584Z"",""raw_snapshot"":{""path"":""docs/political-data/raw/germany/2026-10-01T23-21-39-584Z_02e7077f9358c9ef/final-results.zip"",""sha256"":""02e7077f9358c9ef408741ee5d17123a43c28ea766b26a7ab338c08fcaeb7512""},""parser_version"":""germany-production-v1"",""parser_sha256"":""2a8eb3487f392ef83303e7fb9ff246e4c111a7e64a469a6aa9eb21461ae9b1a0"",""fields_covered"":[""derived_vote_share""],""published_or_derived"":""derived"",""formula"":""100 * second_votes / valid_second_votes"",""input_fields"":[""second_votes"",""el-de-bt-2021-09-26:valid_second_votes""]},{""source_id"":""src-de-bwl-historical-results"",""source_url"":""https://www.bundeswahlleiterin.de/dam/jcr/24d8e745-920d-431a-893a-12805bc7ef40/btw_ab49_datenbank_ergebnisse.csv"",""source_record_id"":""csv-record-203"",""retrieved_at"":""2026-10-01T23:20:00.007Z"",""raw_snapshot"":{""path"":""docs/political-data/raw/germany/2026-10-01T23-20-00-007Z_9efffc24b559679a/results.csv"",""sha256"":""9efffc24b559679ade291d8da63462e5523b43ac62064e759737c3ae01418484""},""parser_version"":""germany-production-v1"",""parser_sha256"":""2a8eb3487f392ef83303e7fb9ff246e4c111a7e64a469a6aa9eb21461ae9b1a0"",""fields_covered"":[""derived_seat_share""],""published_or_derived"":""derived"",""formula"":""100 * seats / total_seats; null remains null"",""input_fields"":[""seats"",""lg-de-bt-20:total_seats""]}]"
"er-ct-de-0146","germany","national","el-de-bt-2021-09-26","ct-de-0146","second_vote","46298387","735","6814408","14.7","14.718456606274426","118","16.05442176870748","corrected_final_after_2024_02_11_repeat","[{""source_id"":""src-de-bwl-final-archive"",""source_url"":""https://www.bundeswahlleiterin.de/dam/jcr/ce2d2b6a-f211-4355-8eea-355c98cd4e47/btw_kerg.zip"",""source_record_id"":""ac5d62cc9df7c681cb39baecb6602a8a766e43fea3000c50fb434225cc007ca8:btw2021-w_kerg.csv:337:41"",""retrieved_at"":""2026-10-01T23:21:39.584Z"",""raw_snapshot"":{""path"":""docs/political-data/raw/germany/2026-10-01T23-21-39-584Z_02e7077f9358c9ef/final-results.zip"",""sha256"":""02e7077f9358c9ef408741ee5d17123a43c28ea766b26a7ab338c08fcaeb7512""},""parser_version"":""germany-production-v1"",""parser_sha256"":""2a8eb3487f392ef83303e7fb9ff246e4c111a7e64a469a6aa9eb21461ae9b1a0"",""fields_covered"":[""second_votes"",""registered_label_native""],""published_or_derived"":""published"",""source_member"":""btw2021-w_kerg.csv"",""source_member_sha256"":""ac5d62cc9df7c681cb39baecb6602a8a766e43fea3000c50fb434225cc007ca8"",""source_column"":41},{""source_id"":""src-de-bwl-historical-results"",""source_url"":""https://www.bundeswahlleiterin.de/dam/jcr/24d8e745-920d-431a-893a-12805bc7ef40/btw_ab49_datenbank_ergebnisse.csv"",""source_record_id"":""csv-record-147"",""retrieved_at"":""2026-10-01T23:20:00.007Z"",""raw_snapshot"":{""path"":""docs/political-data/raw/germany/2026-10-01T23-20-00-007Z_9efffc24b559679a/results.csv"",""sha256"":""9efffc24b559679ade291d8da63462e5523b43ac62064e759737c3ae01418484""},""parser_version"":""germany-production-v1"",""parser_sha256"":""2a8eb3487f392ef83303e7fb9ff246e4c111a7e64a469a6aa9eb21461ae9b1a0"",""fields_covered"":[""published_vote_share"",""seats""],""published_or_derived"":""published"",""columns"":[6,79],""compilation_label"":""GRÜNE"",""alignment_basis"":""unique exact national second-vote count in the same election; not party identity""},{""source_id"":""src-de-bwl-historical-results"",""source_url"":""https://www.bundeswahlleiterin.de/dam/jcr/24d8e745-920d-431a-893a-12805bc7ef40/btw_ab49_datenbank_ergebnisse.csv"",""source_record_id"":""csv-record-91"",""retrieved_at"":""2026-10-01T23:20:00.007Z"",""raw_snapshot"":{""path"":""docs/political-data/raw/germany/2026-10-01T23-20-00-007Z_9efffc24b559679a/results.csv"",""sha256"":""9efffc24b559679ade291d8da63462e5523b43ac62064e759737c3ae01418484""},""parser_version"":""germany-production-v1"",""parser_sha256"":""2a8eb3487f392ef83303e7fb9ff246e4c111a7e64a469a6aa9eb21461ae9b1a0"",""fields_covered"":[""total_seats"",""valid_second_votes""],""published_or_derived"":""published"",""columns"":[4,79]},{""source_id"":""src-de-bwl-final-archive"",""source_url"":""https://www.bundeswahlleiterin.de/dam/jcr/ce2d2b6a-f211-4355-8eea-355c98cd4e47/btw_kerg.zip"",""source_record_id"":""ac5d62cc9df7c681cb39baecb6602a8a766e43fea3000c50fb434225cc007ca8:btw2021-w_kerg.csv:337:41"",""retrieved_at"":""2026-10-01T23:21:39.584Z"",""raw_snapshot"":{""path"":""docs/political-data/raw/germany/2026-10-01T23-21-39-584Z_02e7077f9358c9ef/final-results.zip"",""sha256"":""02e7077f9358c9ef408741ee5d17123a43c28ea766b26a7ab338c08fcaeb7512""},""parser_version"":""germany-production-v1"",""parser_sha256"":""2a8eb3487f392ef83303e7fb9ff246e4c111a7e64a469a6aa9eb21461ae9b1a0"",""fields_covered"":[""derived_vote_share""],""published_or_derived"":""derived"",""formula"":""100 * second_votes / valid_second_votes"",""input_fields"":[""second_votes"",""el-de-bt-2021-09-26:valid_second_votes""]},{""source_id"":""src-de-bwl-historical-results"",""source_url"":""https://www.bundeswahlleiterin.de/dam/jcr/24d8e745-920d-431a-893a-12805bc7ef40/btw_ab49_datenbank_ergebnisse.csv"",""source_record_id"":""csv-record-147"",""retrieved_at"":""2026-10-01T23:20:00.007Z"",""raw_snapshot"":{""path"":""docs/political-data/raw/germany/2026-10-01T23-20-00-007Z_9efffc24b559679a/results.csv"",""sha256"":""9efffc24b559679ade291d8da63462e5523b43ac62064e759737c3ae01418484""},""parser_version"":""germany-production-v1"",""parser_sha256"":""2a8eb3487f392ef83303e7fb9ff246e4c111a7e64a469a6aa9eb21461ae9b1a0"",""fields_covered"":[""derived_seat_share""],""published_or_derived"":""derived"",""formula"":""100 * seats / total_seats; null remains null"",""input_fields"":[""seats"",""lg-de-bt-20:total_seats""]}]"
"er-ct-de-0147","germany","national","el-de-bt-2021-09-26","ct-de-0147","second_vote","46298387","735","2402827","5.2","5.189871949534656","45","6.122448979591836","corrected_final_after_2024_02_11_repeat","[{""source_id"":""src-de-bwl-final-archive"",""source_url"":""https://www.bundeswahlleiterin.de/dam/jcr/ce2d2b6a-f211-4355-8eea-355c98cd4e47/btw_kerg.zip"",""source_record_id"":""ac5d62cc9df7c681cb39baecb6602a8a766e43fea3000c50fb434225cc007ca8:btw2021-w_kerg.csv:337:45"",""retrieved_at"":""2026-10-01T23:21:39.584Z"",""raw_snapshot"":{""path"":""docs/political-data/raw/germany/2026-10-01T23-21-39-584Z_02e7077f9358c9ef/final-results.zip"",""sha256"":""02e7077f9358c9ef408741ee5d17123a43c28ea766b26a7ab338c08fcaeb7512""},""parser_version"":""germany-production-v1"",""parser_sha256"":""2a8eb3487f392ef83303e7fb9ff246e4c111a7e64a469a6aa9eb21461ae9b1a0"",""fields_covered"":[""second_votes"",""registered_label_native""],""published_or_derived"":""published"",""source_member"":""btw2021-w_kerg.csv"",""source_member_sha256"":""ac5d62cc9df7c681cb39baecb6602a8a766e43fea3000c50fb434225cc007ca8"",""source_column"":45},{""source_id"":""src-de-bwl-historical-results"",""source_url"":""https://www.bundeswahlleiterin.de/dam/jcr/24d8e745-920d-431a-893a-12805bc7ef40/btw_ab49_datenbank_ergebnisse.csv"",""source_record_id"":""csv-record-193"",""retrieved_at"":""2026-10-01T23:20:00.007Z"",""raw_snapshot"":{""path"":""docs/political-data/raw/germany/2026-10-01T23-20-00-007Z_9efffc24b559679a/results.csv"",""sha256"":""9efffc24b559679ade291d8da63462e5523b43ac62064e759737c3ae01418484""},""parser_version"":""germany-production-v1"",""parser_sha256"":""2a8eb3487f392ef83303e7fb9ff246e4c111a7e64a469a6aa9eb21461ae9b1a0"",""fields_covered"":[""published_vote_share"",""seats""],""published_or_derived"":""published"",""columns"":[6,79],""compilation_label"":""CSU"",""alignment_basis"":""unique exact national second-vote count in the same election; not party identity""},{""source_id"":""src-de-bwl-historical-results"",""source_url"":""https://www.bundeswahlleiterin.de/dam/jcr/24d8e745-920d-431a-893a-12805bc7ef40/btw_ab49_datenbank_ergebnisse.csv"",""source_record_id"":""csv-record-91"",""retrieved_at"":""2026-10-01T23:20:00.007Z"",""raw_snapshot"":{""path"":""docs/political-data/raw/germany/2026-10-01T23-20-00-007Z_9efffc24b559679a/results.csv"",""sha256"":""9efffc24b559679ade291d8da63462e5523b43ac62064e759737c3ae01418484""},""parser_version"":""germany-production-v1"",""parser_sha256"":""2a8eb3487f392ef83303e7fb9ff246e4c111a7e64a469a6aa9eb21461ae9b1a0"",""fields_covered"":[""total_seats"",""valid_second_votes""],""published_or_derived"":""published"",""columns"":[4,79]},{""source_id"":""src-de-bwl-final-archive"",""source_url"":""https://www.bundeswahlleiterin.de/dam/jcr/ce2d2b6a-f211-4355-8eea-355c98cd4e47/btw_kerg.zip"",""source_record_id"":""ac5d62cc9df7c681cb39baecb6602a8a766e43fea3000c50fb434225cc007ca8:btw2021-w_kerg.csv:337:45"",""retrieved_at"":""2026-10-01T23:21:39.584Z"",""raw_snapshot"":{""path"":""docs/political-data/raw/germany/2026-10-01T23-21-39-584Z_02e7077f9358c9ef/final-results.zip"",""sha256"":""02e7077f9358c9ef408741ee5d17123a43c28ea766b26a7ab338c08fcaeb7512""},""parser_version"":""germany-production-v1"",""parser_sha256"":""2a8eb3487f392ef83303e7fb9ff246e4c111a7e64a469a6aa9eb21461ae9b1a0"",""fields_covered"":[""derived_vote_share""],""published_or_derived"":""derived"",""formula"":""100 * second_votes / valid_second_votes"",""input_fields"":[""second_votes"",""el-de-bt-2021-09-26:valid_second_votes""]},{""source_id"":""src-de-bwl-historical-results"",""source_url"":""https://www.bundeswahlleiterin.de/dam/jcr/24d8e745-920d-431a-893a-12805bc7ef40/btw_ab49_datenbank_ergebnisse.csv"",""source_record_id"":""csv-record-193"",""retrieved_at"":""2026-10-01T23:20:00.007Z"",""raw_snapshot"":{""path"":""docs/political-data/raw/germany/2026-10-01T23-20-00-007Z_9efffc24b559679a/results.csv"",""sha256"":""9efffc24b559679ade291d8da63462e5523b43ac62064e759737c3ae01418484""},""parser_version"":""germany-production-v1"",""parser_sha256"":""2a8eb3487f392ef83303e7fb9ff246e4c111a7e64a469a6aa9eb21461ae9b1a0"",""fields_covered"":[""derived_seat_share""],""published_or_derived"":""derived"",""formula"":""100 * seats / total_seats; null remains null"",""input_fields"":[""seats"",""lg-de-bt-20:total_seats""]}]"
"er-ct-de-0148","germany","national","el-de-bt-2021-09-26","ct-de-0148","second_vote","46298387","735","1125667","2.4","2.4313309230405804",,,"corrected_final_after_2024_02_11_repeat","[{""source_id"":""src-de-bwl-final-archive"",""source_url"":""https://www.bundeswahlleiterin.de/dam/jcr/ce2d2b6a-f211-4355-8eea-355c98cd4e47/btw_kerg.zip"",""source_record_id"":""ac5d62cc9df7c681cb39baecb6602a8a766e43fea3000c50fb434225cc007ca8:btw2021-w_kerg.csv:337:49"",""retrieved_at"":""2026-10-01T23:21:39.584Z"",""raw_snapshot"":{""path"":""docs/political-data/raw/germany/2026-10-01T23-21-39-584Z_02e7077f9358c9ef/final-results.zip"",""sha256"":""02e7077f9358c9ef408741ee5d17123a43c28ea766b26a7ab338c08fcaeb7512""},""parser_version"":""germany-production-v1"",""parser_sha256"":""2a8eb3487f392ef83303e7fb9ff246e4c111a7e64a469a6aa9eb21461ae9b1a0"",""fields_covered"":[""second_votes"",""registered_label_native""],""published_or_derived"":""published"",""source_member"":""btw2021-w_kerg.csv"",""source_member_sha256"":""ac5d62cc9df7c681cb39baecb6602a8a766e43fea3000c50fb434225cc007ca8"",""source_column"":49},{""source_id"":""src-de-bwl-historical-results"",""source_url"":""https://www.bundeswahlleiterin.de/dam/jcr/24d8e745-920d-431a-893a-12805bc7ef40/btw_ab49_datenbank_ergebnisse.csv"",""source_record_id"":""csv-record-370"",""retrieved_at"":""2026-10-01T23:20:00.007Z"",""raw_snapshot"":{""path"":""docs/political-data/raw/germany/2026-10-01T23-20-00-007Z_9efffc24b559679a/results.csv"",""sha256"":""9efffc24b559679ade291d8da63462e5523b43ac62064e759737c3ae01418484""},""parser_version"":""germany-production-v1"",""parser_sha256"":""2a8eb3487f392ef83303e7fb9ff246e4c111a7e64a469a6aa9eb21461ae9b1a0"",""fields_covered"":[""published_vote_share"",""seats""],""published_or_derived"":""published"",""columns"":[6,79],""compilation_label"":""FREIE WÄHLER"",""alignment_basis"":""unique exact national second-vote count in the same election; not party identity""},{""source_id"":""src-de-bwl-historical-results"",""source_url"":""https://www.bundeswahlleiterin.de/dam/jcr/24d8e745-920d-431a-893a-12805bc7ef40/btw_ab49_datenbank_ergebnisse.csv"",""source_record_id"":""csv-record-91"",""retrieved_at"":""2026-10-01T23:20:00.007Z"",""raw_snapshot"":{""path"":""docs/political-data/raw/germany/2026-10-01T23-20-00-007Z_9efffc24b559679a/results.csv"",""sha256"":""9efffc24b559679ade291d8da63462e5523b43ac62064e759737c3ae01418484""},""parser_version"":""germany-production-v1"",""parser_sha256"":""2a8eb3487f392ef83303e7fb9ff246e4c111a7e64a469a6aa9eb21461ae9b1a0"",""fields_covered"":[""total_seats"",""valid_second_votes""],""published_or_derived"":""published"",""columns"":[4,79]},{""source_id"":""src-de-bwl-final-archive"",""source_url"":""https://www.bundeswahlleiterin.de/dam/jcr/ce2d2b6a-f211-4355-8eea-355c98cd4e47/btw_kerg.zip"",""source_record_id"":""ac5d62cc9df7c681cb39baecb6602a8a766e43fea3000c50fb434225cc007ca8:btw2021-w_kerg.csv:337:49"",""retrieved_at"":""2026-10-01T23:21:39.584Z"",""raw_snapshot"":{""path"":""docs/political-data/raw/germany/2026-10-01T23-21-39-584Z_02e7077f9358c9ef/final-results.zip"",""sha256"":""02e7077f9358c9ef408741ee5d17123a43c28ea766b26a7ab338c08fcaeb7512""},""parser_version"":""germany-production-v1"",""parser_sha256"":""2a8eb3487f392ef83303e7fb9ff246e4c111a7e64a469a6aa9eb21461ae9b1a0"",""fields_covered"":[""derived_vote_share""],""published_or_derived"":""derived"",""formula"":""100 * second_votes / valid_second_votes"",""input_fields"":[""second_votes"",""el-de-bt-2021-09-26:valid_second_votes""]},{""source_id"":""src-de-bwl-historical-results"",""source_url"":""https://www.bundeswahlleiterin.de/dam/jcr/24d8e745-920d-431a-893a-12805bc7ef40/btw_ab49_datenbank_ergebnisse.csv"",""source_record_id"":""csv-record-370"",""retrieved_at"":""2026-10-01T23:20:00.007Z"",""raw_snapshot"":{""path"":""docs/political-data/raw/germany/2026-10-01T23-20-00-007Z_9efffc24b559679a/results.csv"",""sha256"":""9efffc24b559679ade291d8da63462e5523b43ac62064e759737c3ae01418484""},""parser_version"":""germany-production-v1"",""parser_sha256"":""2a8eb3487f392ef83303e7fb9ff246e4c111a7e64a469a6aa9eb21461ae9b1a0"",""fields_covered"":[""derived_seat_share""],""published_or_derived"":""derived"",""formula"":""100 * seats / total_seats; null remains null"",""input_fields"":[""seats"",""lg-de-bt-20:total_seats""]}]"
"er-ct-de-0149","germany","national","el-de-bt-2021-09-26","ct-de-0149","second_vote","46298387","735","460431","1","0.9944860498055796",,,"corrected_final_after_2024_02_11_repeat","[{""source_id"":""src-de-bwl-final-archive"",""source_url"":""https://www.bundeswahlleiterin.de/dam/jcr/ce2d2b6a-f211-4355-8eea-355c98cd4e47/btw_kerg.zip"",""source_record_id"":""ac5d62cc9df7c681cb39baecb6602a8a766e43fea3000c50fb434225cc007ca8:btw2021-w_kerg.csv:337:53"",""retrieved_at"":""2026-10-01T23:21:39.584Z"",""raw_snapshot"":{""path"":""docs/political-data/raw/germany/2026-10-01T23-21-39-584Z_02e7077f9358c9ef/final-results.zip"",""sha256"":""02e7077f9358c9ef408741ee5d17123a43c28ea766b26a7ab338c08fcaeb7512""},""parser_version"":""germany-production-v1"",""parser_sha256"":""2a8eb3487f392ef83303e7fb9ff246e4c111a7e64a469a6aa9eb21461ae9b1a0"",""fields_covered"":[""second_votes"",""registered_label_native""],""published_or_derived"":""published"",""source_member"":""btw2021-w_kerg.csv"",""source_member_sha256"":""ac5d62cc9df7c681cb39baecb6602a8a766e43fea3000c50fb434225cc007ca8"",""source_column"":53},{""source_id"":""src-de-bwl-historical-results"",""source_url"":""https://www.bundeswahlleiterin.de/dam/jcr/24d8e745-920d-431a-893a-12805bc7ef40/btw_ab49_datenbank_ergebnisse.csv"",""source_record_id"":""csv-record-299"",""retrieved_at"":""2026-10-01T23:20:00.007Z"",""raw_snapshot"":{""path"":""docs/political-data/raw/germany/2026-10-01T23-20-00-007Z_9efffc24b559679a/results.csv"",""sha256"":""9efffc24b559679ade291d8da63462e5523b43ac62064e759737c3ae01418484""},""parser_version"":""germany-production-v1"",""parser_sha256"":""2a8eb3487f392ef83303e7fb9ff246e4c111a7e64a469a6aa9eb21461ae9b1a0"",""fields_covered"":[""published_vote_share"",""seats""],""published_or_derived"":""published"",""columns"":[6,79],""compilation_label"":""Die PARTEI"",""alignment_basis"":""unique exact national second-vote count in the same election; not party identity""},{""source_id"":""src-de-bwl-historical-results"",""source_url"":""https://www.bundeswahlleiterin.de/dam/jcr/24d8e745-920d-431a-893a-12805bc7ef40/btw_ab49_datenbank_ergebnisse.csv"",""source_record_id"":""csv-record-91"",""retrieved_at"":""2026-10-01T23:20:00.007Z"",""raw_snapshot"":{""path"":""docs/political-data/raw/germany/2026-10-01T23-20-00-007Z_9efffc24b559679a/results.csv"",""sha256"":""9efffc24b559679ade291d8da63462e5523b43ac62064e759737c3ae01418484""},""parser_version"":""germany-production-v1"",""parser_sha256"":""2a8eb3487f392ef83303e7fb9ff246e4c111a7e64a469a6aa9eb21461ae9b1a0"",""fields_covered"":[""total_seats"",""valid_second_votes""],""published_or_derived"":""published"",""columns"":[4,79]},{""source_id"":""src-de-bwl-final-archive"",""source_url"":""https://www.bundeswahlleiterin.de/dam/jcr/ce2d2b6a-f211-4355-8eea-355c98cd4e47/btw_kerg.zip"",""source_record_id"":""ac5d62cc9df7c681cb39baecb6602a8a766e43fea3000c50fb434225cc007ca8:btw2021-w_kerg.csv:337:53"",""retrieved_at"":""2026-10-01T23:21:39.584Z"",""raw_snapshot"":{""path"":""docs/political-data/raw/germany/2026-10-01T23-21-39-584Z_02e7077f9358c9ef/final-results.zip"",""sha256"":""02e7077f9358c9ef408741ee5d17123a43c28ea766b26a7ab338c08fcaeb7512""},""parser_version"":""germany-production-v1"",""parser_sha256"":""2a8eb3487f392ef83303e7fb9ff246e4c111a7e64a469a6aa9eb21461ae9b1a0"",""fields_covered"":[""derived_vote_share""],""published_or_derived"":""derived"",""formula"":""100 * second_votes / valid_second_votes"",""input_fields"":[""second_votes"",""el-de-bt-2021-09-26:valid_second_votes""]},{""source_id"":""src-de-bwl-historical-results"",""source_url"":""https://www.bundeswahlleiterin.de/dam/jcr/24d8e745-920d-431a-893a-12805bc7ef40/btw_ab49_datenbank_ergebnisse.csv"",""source_record_id"":""csv-record-299"",""retrieved_at"":""2026-10-01T23:20:00.007Z"",""raw_snapshot"":{""path"":""docs/political-data/raw/germany/2026-10-01T23-20-00-007Z_9efffc24b559679a/results.csv"",""sha256"":""9efffc24b559679ade291d8da63462e5523b43ac62064e759737c3ae01418484""},""parser_version"":""germany-production-v1"",""parser_sha256"":""2a8eb3487f392ef83303e7fb9ff246e4c111a7e64a469a6aa9eb21461ae9b1a0"",""fields_covered"":[""derived_seat_share""],""published_or_derived"":""derived"",""formula"":""100 * seats / total_seats; null remains null"",""input_fields"":[""seats"",""lg-de-bt-20:total_seats""]}]"
"er-ct-de-0150","germany","national","el-de-bt-2021-09-26","ct-de-0150","second_vote","46298387","735","673669","1.5","1.4550593306846737",,,"corrected_final_after_2024_02_11_repeat","[{""source_id"":""src-de-bwl-final-archive"",""source_url"":""https://www.bundeswahlleiterin.de/dam/jcr/ce2d2b6a-f211-4355-8eea-355c98cd4e47/btw_kerg.zip"",""source_record_id"":""ac5d62cc9df7c681cb39baecb6602a8a766e43fea3000c50fb434225cc007ca8:btw2021-w_kerg.csv:337:57"",""retrieved_at"":""2026-10-01T23:21:39.584Z"",""raw_snapshot"":{""path"":""docs/political-data/raw/germany/2026-10-01T23-21-39-584Z_02e7077f9358c9ef/final-results.zip"",""sha256"":""02e7077f9358c9ef408741ee5d17123a43c28ea766b26a7ab338c08fcaeb7512""},""parser_version"":""germany-production-v1"",""parser_sha256"":""2a8eb3487f392ef83303e7fb9ff246e4c111a7e64a469a6aa9eb21461ae9b1a0"",""fields_covered"":[""second_votes"",""registered_label_native""],""published_or_derived"":""published"",""source_member"":""btw2021-w_kerg.csv"",""source_member_sha256"":""ac5d62cc9df7c681cb39baecb6602a8a766e43fea3000c50fb434225cc007ca8"",""source_column"":57},{""source_id"":""src-de-bwl-historical-results"",""source_url"":""https://www.bundeswahlleiterin.de/dam/jcr/24d8e745-920d-431a-893a-12805bc7ef40/btw_ab49_datenbank_ergebnisse.csv"",""source_record_id"":""csv-record-538"",""retrieved_at"":""2026-10-01T23:20:00.007Z"",""raw_snapshot"":{""path"":""docs/political-data/raw/germany/2026-10-01T23-20-00-007Z_9efffc24b559679a/results.csv"",""sha256"":""9efffc24b559679ade291d8da63462e5523b43ac62064e759737c3ae01418484""},""parser_version"":""germany-production-v1"",""parser_sha256"":""2a8eb3487f392ef83303e7fb9ff246e4c111a7e64a469a6aa9eb21461ae9b1a0"",""fields_covered"":[""published_vote_share"",""seats""],""published_or_derived"":""published"",""columns"":[6,79],""compilation_label"":""Tierschutzpartei"",""alignment_basis"":""unique exact national second-vote count in the same election; not party identity""},{""source_id"":""src-de-bwl-historical-results"",""source_url"":""https://www.bundeswahlleiterin.de/dam/jcr/24d8e745-920d-431a-893a-12805bc7ef40/btw_ab49_datenbank_ergebnisse.csv"",""source_record_id"":""csv-record-91"",""retrieved_at"":""2026-10-01T23:20:00.007Z"",""raw_snapshot"":{""path"":""docs/political-data/raw/germany/2026-10-01T23-20-00-007Z_9efffc24b559679a/results.csv"",""sha256"":""9efffc24b559679ade291d8da63462e5523b43ac62064e759737c3ae01418484""},""parser_version"":""germany-production-v1"",""parser_sha256"":""2a8eb3487f392ef83303e7fb9ff246e4c111a7e64a469a6aa9eb21461ae9b1a0"",""fields_covered"":[""total_seats"",""valid_second_votes""],""published_or_derived"":""published"",""columns"":[4,79]},{""source_id"":""src-de-bwl-final-archive"",""source_url"":""https://www.bundeswahlleiterin.de/dam/jcr/ce2d2b6a-f211-4355-8eea-355c98cd4e47/btw_kerg.zip"",""source_record_id"":""ac5d62cc9df7c681cb39baecb6602a8a766e43fea3000c50fb434225cc007ca8:btw2021-w_kerg.csv:337:57"",""retrieved_at"":""2026-10-01T23:21:39.584Z"",""raw_snapshot"":{""path"":""docs/political-data/raw/germany/2026-10-01T23-21-39-584Z_02e7077f9358c9ef/final-results.zip"",""sha256"":""02e7077f9358c9ef408741ee5d17123a43c28ea766b26a7ab338c08fcaeb7512""},""parser_version"":""germany-production-v1"",""parser_sha256"":""2a8eb3487f392ef83303e7fb9ff246e4c111a7e64a469a6aa9eb21461ae9b1a0"",""fields_covered"":[""derived_vote_share""],""published_or_derived"":""derived"",""formula"":""100 * second_votes / valid_second_votes"",""input_fields"":[""second_votes"",""el-de-bt-2021-09-26:valid_second_votes""]},{""source_id"":""src-de-bwl-historical-results"",""source_url"":""https://www.bundeswahlleiterin.de/dam/jcr/24d8e745-920d-431a-893a-12805bc7ef40/btw_ab49_datenbank_ergebnisse.csv"",""source_record_id"":""csv-record-538"",""retrieved_at"":""2026-10-01T23:20:00.007Z"",""raw_snapshot"":{""path"":""docs/political-data/raw/germany/2026-10-01T23-20-00-007Z_9efffc24b559679a/results.csv"",""sha256"":""9efffc24b559679ade291d8da63462e5523b43ac62064e759737c3ae01418484""},""parser_version"":""germany-production-v1"",""parser_sha256"":""2a8eb3487f392ef83303e7fb9ff246e4c111a7e64a469a6aa9eb21461ae9b1a0"",""fields_covered"":[""derived_seat_share""],""published_or_derived"":""derived"",""formula"":""100 * seats / total_seats; null remains null"",""input_fields"":[""seats"",""lg-de-bt-20:total_seats""]}]"
"er-ct-de-0151","germany","national","el-de-bt-2021-09-26","ct-de-0151","second_vote","46298387","735","64360","0.1","0.13901132235989128",,,"corrected_final_after_2024_02_11_repeat","[{""source_id"":""src-de-bwl-final-archive"",""source_url"":""https://www.bundeswahlleiterin.de/dam/jcr/ce2d2b6a-f211-4355-8eea-355c98cd4e47/btw_kerg.zip"",""source_record_id"":""ac5d62cc9df7c681cb39baecb6602a8a766e43fea3000c50fb434225cc007ca8:btw2021-w_kerg.csv:337:61"",""retrieved_at"":""2026-10-01T23:21:39.584Z"",""raw_snapshot"":{""path"":""docs/political-data/raw/germany/2026-10-01T23-21-39-584Z_02e7077f9358c9ef/final-results.zip"",""sha256"":""02e7077f9358c9ef408741ee5d17123a43c28ea766b26a7ab338c08fcaeb7512""},""parser_version"":""germany-production-v1"",""parser_sha256"":""2a8eb3487f392ef83303e7fb9ff246e4c111a7e64a469a6aa9eb21461ae9b1a0"",""fields_covered"":[""second_votes"",""registered_label_native""],""published_or_derived"":""published"",""source_member"":""btw2021-w_kerg.csv"",""source_member_sha256"":""ac5d62cc9df7c681cb39baecb6602a8a766e43fea3000c50fb434225cc007ca8"",""source_column"":61},{""source_id"":""src-de-bwl-historical-results"",""source_url"":""https://www.bundeswahlleiterin.de/dam/jcr/24d8e745-920d-431a-893a-12805bc7ef40/btw_ab49_datenbank_ergebnisse.csv"",""source_record_id"":""csv-record-402"",""retrieved_at"":""2026-10-01T23:20:00.007Z"",""raw_snapshot"":{""path"":""docs/political-data/raw/germany/2026-10-01T23-20-00-007Z_9efffc24b559679a/results.csv"",""sha256"":""9efffc24b559679ade291d8da63462e5523b43ac62064e759737c3ae01418484""},""parser_version"":""germany-production-v1"",""parser_sha256"":""2a8eb3487f392ef83303e7fb9ff246e4c111a7e64a469a6aa9eb21461ae9b1a0"",""fields_covered"":[""published_vote_share"",""seats""],""published_or_derived"":""published"",""columns"":[6,79],""compilation_label"":""HEIMAT"",""alignment_basis"":""unique exact national second-vote count in the same election; not party identity""},{""source_id"":""src-de-bwl-historical-results"",""source_url"":""https://www.bundeswahlleiterin.de/dam/jcr/24d8e745-920d-431a-893a-12805bc7ef40/btw_ab49_datenbank_ergebnisse.csv"",""source_record_id"":""csv-record-91"",""retrieved_at"":""2026-10-01T23:20:00.007Z"",""raw_snapshot"":{""path"":""docs/political-data/raw/germany/2026-10-01T23-20-00-007Z_9efffc24b559679a/results.csv"",""sha256"":""9efffc24b559679ade291d8da63462e5523b43ac62064e759737c3ae01418484""},""parser_version"":""germany-production-v1"",""parser_sha256"":""2a8eb3487f392ef83303e7fb9ff246e4c111a7e64a469a6aa9eb21461ae9b1a0"",""fields_covered"":[""total_seats"",""valid_second_votes""],""published_or_derived"":""published"",""columns"":[4,79]},{""source_id"":""src-de-bwl-final-archive"",""source_url"":""https://www.bundeswahlleiterin.de/dam/jcr/ce2d2b6a-f211-4355-8eea-355c98cd4e47/btw_kerg.zip"",""source_record_id"":""ac5d62cc9df7c681cb39baecb6602a8a766e43fea3000c50fb434225cc007ca8:btw2021-w_kerg.csv:337:61"",""retrieved_at"":""2026-10-01T23:21:39.584Z"",""raw_snapshot"":{""path"":""docs/political-data/raw/germany/2026-10-01T23-21-39-584Z_02e7077f9358c9ef/final-results.zip"",""sha256"":""02e7077f9358c9ef408741ee5d17123a43c28ea766b26a7ab338c08fcaeb7512""},""parser_version"":""germany-production-v1"",""parser_sha256"":""2a8eb3487f392ef83303e7fb9ff246e4c111a7e64a469a6aa9eb21461ae9b1a0"",""fields_covered"":[""derived_vote_share""],""published_or_derived"":""derived"",""formula"":""100 * second_votes / valid_second_votes"",""input_fields"":[""second_votes"",""el-de-bt-2021-09-26:valid_second_votes""]},{""source_id"":""src-de-bwl-historical-results"",""source_url"":""https://www.bundeswahlleiterin.de/dam/jcr/24d8e745-920d-431a-893a-12805bc7ef40/btw_ab49_datenbank_ergebnisse.csv"",""source_record_id"":""csv-record-402"",""retrieved_at"":""2026-10-01T23:20:00.007Z"",""raw_snapshot"":{""path"":""docs/political-data/raw/germany/2026-10-01T23-20-00-007Z_9efffc24b559679a/results.csv"",""sha256"":""9efffc24b559679ade291d8da63462e5523b43ac62064e759737c3ae01418484""},""parser_version"":""germany-production-v1"",""parser_sha256"":""2a8eb3487f392ef83303e7fb9ff246e4c111a7e64a469a6aa9eb21461ae9b1a0"",""fields_covered"":[""derived_seat_share""],""published_or_derived"":""derived"",""formula"":""100 * seats / total_seats; null remains null"",""input_fields"":[""seats"",""lg-de-bt-20:total_seats""]}]"
"er-ct-de-0152","germany","national","el-de-bt-2021-09-26","ct-de-0152","second_vote","46298387","735","169587","0.4","0.36629137857437666",,,"corrected_final_after_2024_02_11_repeat","[{""source_id"":""src-de-bwl-final-archive"",""source_url"":""https://www.bundeswahlleiterin.de/dam/jcr/ce2d2b6a-f211-4355-8eea-355c98cd4e47/btw_kerg.zip"",""source_record_id"":""ac5d62cc9df7c681cb39baecb6602a8a766e43fea3000c50fb434225cc007ca8:btw2021-w_kerg.csv:337:65"",""retrieved_at"":""2026-10-01T23:21:39.584Z"",""raw_snapshot"":{""path"":""docs/political-data/raw/germany/2026-10-01T23-21-39-584Z_02e7077f9358c9ef/final-results.zip"",""sha256"":""02e7077f9358c9ef408741ee5d17123a43c28ea766b26a7ab338c08fcaeb7512""},""parser_version"":""germany-production-v1"",""parser_sha256"":""2a8eb3487f392ef83303e7fb9ff246e4c111a7e64a469a6aa9eb21461ae9b1a0"",""fields_covered"":[""second_votes"",""registered_label_native""],""published_or_derived"":""published"",""source_member"":""btw2021-w_kerg.csv"",""source_member_sha256"":""ac5d62cc9df7c681cb39baecb6602a8a766e43fea3000c50fb434225cc007ca8"",""source_column"":65},{""source_id"":""src-de-bwl-historical-results"",""source_url"":""https://www.bundeswahlleiterin.de/dam/jcr/24d8e745-920d-431a-893a-12805bc7ef40/btw_ab49_datenbank_ergebnisse.csv"",""source_record_id"":""csv-record-487"",""retrieved_at"":""2026-10-01T23:20:00.007Z"",""raw_snapshot"":{""path"":""docs/political-data/raw/germany/2026-10-01T23-20-00-007Z_9efffc24b559679a/results.csv"",""sha256"":""9efffc24b559679ade291d8da63462e5523b43ac62064e759737c3ae01418484""},""parser_version"":""germany-production-v1"",""parser_sha256"":""2a8eb3487f392ef83303e7fb9ff246e4c111a7e64a469a6aa9eb21461ae9b1a0"",""fields_covered"":[""published_vote_share"",""seats""],""published_or_derived"":""published"",""columns"":[6,79],""compilation_label"":""PIRATEN"",""alignment_basis"":""unique exact national second-vote count in the same election; not party identity""},{""source_id"":""src-de-bwl-historical-results"",""source_url"":""https://www.bundeswahlleiterin.de/dam/jcr/24d8e745-920d-431a-893a-12805bc7ef40/btw_ab49_datenbank_ergebnisse.csv"",""source_record_id"":""csv-record-91"",""retrieved_at"":""2026-10-01T23:20:00.007Z"",""raw_snapshot"":{""path"":""docs/political-data/raw/germany/2026-10-01T23-20-00-007Z_9efffc24b559679a/results.csv"",""sha256"":""9efffc24b559679ade291d8da63462e5523b43ac62064e759737c3ae01418484""},""parser_version"":""germany-production-v1"",""parser_sha256"":""2a8eb3487f392ef83303e7fb9ff246e4c111a7e64a469a6aa9eb21461ae9b1a0"",""fields_covered"":[""total_seats"",""valid_second_votes""],""published_or_derived"":""published"",""columns"":[4,79]},{""source_id"":""src-de-bwl-final-archive"",""source_url"":""https://www.bundeswahlleiterin.de/dam/jcr/ce2d2b6a-f211-4355-8eea-355c98cd4e47/btw_kerg.zip"",""source_record_id"":""ac5d62cc9df7c681cb39baecb6602a8a766e43fea3000c50fb434225cc007ca8:btw2021-w_kerg.csv:337:65"",""retrieved_at"":""2026-10-01T23:21:39.584Z"",""raw_snapshot"":{""path"":""docs/political-data/raw/germany/2026-10-01T23-21-39-584Z_02e7077f9358c9ef/final-results.zip"",""sha256"":""02e7077f9358c9ef408741ee5d17123a43c28ea766b26a7ab338c08fcaeb7512""},""parser_version"":""germany-production-v1"",""parser_sha256"":""2a8eb3487f392ef83303e7fb9ff246e4c111a7e64a469a6aa9eb21461ae9b1a0"",""fields_covered"":[""derived_vote_share""],""published_or_derived"":""derived"",""formula"":""100 * second_votes / valid_second_votes"",""input_fields"":[""second_votes"",""el-de-bt-2021-09-26:valid_second_votes""]},{""source_id"":""src-de-bwl-historical-results"",""source_url"":""https://www.bundeswahlleiterin.de/dam/jcr/24d8e745-920d-431a-893a-12805bc7ef40/btw_ab49_datenbank_ergebnisse.csv"",""source_record_id"":""csv-record-487"",""retrieved_at"":""2026-10-01T23:20:00.007Z"",""raw_snapshot"":{""path"":""docs/political-data/raw/germany/2026-10-01T23-20-00-007Z_9efffc24b559679a/results.csv"",""sha256"":""9efffc24b559679ade291d8da63462e5523b43ac62064e759737c3ae01418484""},""parser_version"":""germany-production-v1"",""parser_sha256"":""2a8eb3487f392ef83303e7fb9ff246e4c111a7e64a469a6aa9eb21461ae9b1a0"",""fields_covered"":[""derived_seat_share""],""published_or_derived"":""derived"",""formula"":""100 * seats / total_seats; null remains null"",""input_fields"":[""seats"",""lg-de-bt-20:total_seats""]}]"
"er-ct-de-0153","germany","national","el-de-bt-2021-09-26","ct-de-0153","second_vote","46298387","735","112129","0.2","0.2421877029970828",,,"corrected_final_after_2024_02_11_repeat","[{""source_id"":""src-de-bwl-final-archive"",""source_url"":""https://www.bundeswahlleiterin.de/dam/jcr/ce2d2b6a-f211-4355-8eea-355c98cd4e47/btw_kerg.zip"",""source_record_id"":""ac5d62cc9df7c681cb39baecb6602a8a766e43fea3000c50fb434225cc007ca8:btw2021-w_kerg.csv:337:69"",""retrieved_at"":""2026-10-01T23:21:39.584Z"",""raw_snapshot"":{""path"":""docs/political-data/raw/germany/2026-10-01T23-21-39-584Z_02e7077f9358c9ef/final-results.zip"",""sha256"":""02e7077f9358c9ef408741ee5d17123a43c28ea766b26a7ab338c08fcaeb7512""},""parser_version"":""germany-production-v1"",""parser_sha256"":""2a8eb3487f392ef83303e7fb9ff246e4c111a7e64a469a6aa9eb21461ae9b1a0"",""fields_covered"":[""second_votes"",""registered_label_native""],""published_or_derived"":""published"",""source_member"":""btw2021-w_kerg.csv"",""source_member_sha256"":""ac5d62cc9df7c681cb39baecb6602a8a766e43fea3000c50fb434225cc007ca8"",""source_column"":69},{""source_id"":""src-de-bwl-historical-results"",""source_url"":""https://www.bundeswahlleiterin.de/dam/jcr/24d8e745-920d-431a-893a-12805bc7ef40/btw_ab49_datenbank_ergebnisse.csv"",""source_record_id"":""csv-record-461"",""retrieved_at"":""2026-10-01T23:20:00.007Z"",""raw_snapshot"":{""path"":""docs/political-data/raw/germany/2026-10-01T23-20-00-007Z_9efffc24b559679a/results.csv"",""sha256"":""9efffc24b559679ade291d8da63462e5523b43ac62064e759737c3ae01418484""},""parser_version"":""germany-production-v1"",""parser_sha256"":""2a8eb3487f392ef83303e7fb9ff246e4c111a7e64a469a6aa9eb21461ae9b1a0"",""fields_covered"":[""published_vote_share"",""seats""],""published_or_derived"":""published"",""columns"":[6,79],""compilation_label"":""ÖDP"",""alignment_basis"":""unique exact national second-vote count in the same election; not party identity""},{""source_id"":""src-de-bwl-historical-results"",""source_url"":""https://www.bundeswahlleiterin.de/dam/jcr/24d8e745-920d-431a-893a-12805bc7ef40/btw_ab49_datenbank_ergebnisse.csv"",""source_record_id"":""csv-record-91"",""retrieved_at"":""2026-10-01T23:20:00.007Z"",""raw_snapshot"":{""path"":""docs/political-data/raw/germany/2026-10-01T23-20-00-007Z_9efffc24b559679a/results.csv"",""sha256"":""9efffc24b559679ade291d8da63462e5523b43ac62064e759737c3ae01418484""},""parser_version"":""germany-production-v1"",""parser_sha256"":""2a8eb3487f392ef83303e7fb9ff246e4c111a7e64a469a6aa9eb21461ae9b1a0"",""fields_covered"":[""total_seats"",""valid_second_votes""],""published_or_derived"":""published"",""columns"":[4,79]},{""source_id"":""src-de-bwl-final-archive"",""source_url"":""https://www.bundeswahlleiterin.de/dam/jcr/ce2d2b6a-f211-4355-8eea-355c98cd4e47/btw_kerg.zip"",""source_record_id"":""ac5d62cc9df7c681cb39baecb6602a8a766e43fea3000c50fb434225cc007ca8:btw2021-w_kerg.csv:337:69"",""retrieved_at"":""2026-10-01T23:21:39.584Z"",""raw_snapshot"":{""path"":""docs/political-data/raw/germany/2026-10-01T23-21-39-584Z_02e7077f9358c9ef/final-results.zip"",""sha256"":""02e7077f9358c9ef408741ee5d17123a43c28ea766b26a7ab338c08fcaeb7512""},""parser_version"":""germany-production-v1"",""parser_sha256"":""2a8eb3487f392ef83303e7fb9ff246e4c111a7e64a469a6aa9eb21461ae9b1a0"",""fields_covered"":[""derived_vote_share""],""published_or_derived"":""derived"",""formula"":""100 * second_votes / valid_second_votes"",""input_fields"":[""second_votes"",""el-de-bt-2021-09-26:valid_second_votes""]},{""source_id"":""src-de-bwl-historical-results"",""source_url"":""https://www.bundeswahlleiterin.de/dam/jcr/24d8e745-920d-431a-893a-12805bc7ef40/btw_ab49_datenbank_ergebnisse.csv"",""source_record_id"":""csv-record-461"",""retrieved_at"":""2026-10-01T23:20:00.007Z"",""raw_snapshot"":{""path"":""docs/political-data/raw/germany/2026-10-01T23-20-00-007Z_9efffc24b559679a/results.csv"",""sha256"":""9efffc24b559679ade291d8da63462e5523b43ac62064e759737c3ae01418484""},""parser_version"":""germany-production-v1"",""parser_sha256"":""2a8eb3487f392ef83303e7fb9ff246e4c111a7e64a469a6aa9eb21461ae9b1a0"",""fields_covered"":[""derived_seat_share""],""published_or_derived"":""derived"",""formula"":""100 * seats / total_seats; null remains null"",""input_fields"":[""seats"",""lg-de-bt-20:total_seats""]}]"
"er-ct-de-0154","germany","national","el-de-bt-2021-09-26","ct-de-0154","second_vote","46298387","735","31763","0.1","0.06860498185390346",,,"corrected_final_after_2024_02_11_repeat","[{""source_id"":""src-de-bwl-final-archive"",""source_url"":""https://www.bundeswahlleiterin.de/dam/jcr/ce2d2b6a-f211-4355-8eea-355c98cd4e47/btw_kerg.zip"",""source_record_id"":""ac5d62cc9df7c681cb39baecb6602a8a766e43fea3000c50fb434225cc007ca8:btw2021-w_kerg.csv:337:73"",""retrieved_at"":""2026-10-01T23:21:39.584Z"",""raw_snapshot"":{""path"":""docs/political-data/raw/germany/2026-10-01T23-21-39-584Z_02e7077f9358c9ef/final-results.zip"",""sha256"":""02e7077f9358c9ef408741ee5d17123a43c28ea766b26a7ab338c08fcaeb7512""},""parser_version"":""germany-production-v1"",""parser_sha256"":""2a8eb3487f392ef83303e7fb9ff246e4c111a7e64a469a6aa9eb21461ae9b1a0"",""fields_covered"":[""second_votes"",""registered_label_native""],""published_or_derived"":""published"",""source_member"":""btw2021-w_kerg.csv"",""source_member_sha256"":""ac5d62cc9df7c681cb39baecb6602a8a766e43fea3000c50fb434225cc007ca8"",""source_column"":73},{""source_id"":""src-de-bwl-historical-results"",""source_url"":""https://www.bundeswahlleiterin.de/dam/jcr/24d8e745-920d-431a-893a-12805bc7ef40/btw_ab49_datenbank_ergebnisse.csv"",""source_record_id"":""csv-record-566"",""retrieved_at"":""2026-10-01T23:20:00.007Z"",""raw_snapshot"":{""path"":""docs/political-data/raw/germany/2026-10-01T23-20-00-007Z_9efffc24b559679a/results.csv"",""sha256"":""9efffc24b559679ade291d8da63462e5523b43ac62064e759737c3ae01418484""},""parser_version"":""germany-production-v1"",""parser_sha256"":""2a8eb3487f392ef83303e7fb9ff246e4c111a7e64a469a6aa9eb21461ae9b1a0"",""fields_covered"":[""published_vote_share"",""seats""],""published_or_derived"":""published"",""columns"":[6,79],""compilation_label"":""V-Partei³"",""alignment_basis"":""unique exact national second-vote count in the same election; not party identity""},{""source_id"":""src-de-bwl-historical-results"",""source_url"":""https://www.bundeswahlleiterin.de/dam/jcr/24d8e745-920d-431a-893a-12805bc7ef40/btw_ab49_datenbank_ergebnisse.csv"",""source_record_id"":""csv-record-91"",""retrieved_at"":""2026-10-01T23:20:00.007Z"",""raw_snapshot"":{""path"":""docs/political-data/raw/germany/2026-10-01T23-20-00-007Z_9efffc24b559679a/results.csv"",""sha256"":""9efffc24b559679ade291d8da63462e5523b43ac62064e759737c3ae01418484""},""parser_version"":""germany-production-v1"",""parser_sha256"":""2a8eb3487f392ef83303e7fb9ff246e4c111a7e64a469a6aa9eb21461ae9b1a0"",""fields_covered"":[""total_seats"",""valid_second_votes""],""published_or_derived"":""published"",""columns"":[4,79]},{""source_id"":""src-de-bwl-final-archive"",""source_url"":""https://www.bundeswahlleiterin.de/dam/jcr/ce2d2b6a-f211-4355-8eea-355c98cd4e47/btw_kerg.zip"",""source_record_id"":""ac5d62cc9df7c681cb39baecb6602a8a766e43fea3000c50fb434225cc007ca8:btw2021-w_kerg.csv:337:73"",""retrieved_at"":""2026-10-01T23:21:39.584Z"",""raw_snapshot"":{""path"":""docs/political-data/raw/germany/2026-10-01T23-21-39-584Z_02e7077f9358c9ef/final-results.zip"",""sha256"":""02e7077f9358c9ef408741ee5d17123a43c28ea766b26a7ab338c08fcaeb7512""},""parser_version"":""germany-production-v1"",""parser_sha256"":""2a8eb3487f392ef83303e7fb9ff246e4c111a7e64a469a6aa9eb21461ae9b1a0"",""fields_covered"":[""derived_vote_share""],""published_or_derived"":""derived"",""formula"":""100 * second_votes / valid_second_votes"",""input_fields"":[""second_votes"",""el-de-bt-2021-09-26:valid_second_votes""]},{""source_id"":""src-de-bwl-historical-results"",""source_url"":""https://www.bundeswahlleiterin.de/dam/jcr/24d8e745-920d-431a-893a-12805bc7ef40/btw_ab49_datenbank_ergebnisse.csv"",""source_record_id"":""csv-record-566"",""retrieved_at"":""2026-10-01T23:20:00.007Z"",""raw_snapshot"":{""path"":""docs/political-data/raw/germany/2026-10-01T23-20-00-007Z_9efffc24b559679a/results.csv"",""sha256"":""9efffc24b559679ade291d8da63462e5523b43ac62064e759737c3ae01418484""},""parser_version"":""germany-production-v1"",""parser_sha256"":""2a8eb3487f392ef83303e7fb9ff246e4c111a7e64a469a6aa9eb21461ae9b1a0"",""fields_covered"":[""derived_seat_share""],""published_or_derived"":""derived"",""formula"":""100 * seats / total_seats; null remains null"",""input_fields"":[""seats"",""lg-de-bt-20:total_seats""]}]"
"er-ct-de-0155","germany","national","el-de-bt-2021-09-26","ct-de-0155","second_vote","46298387","735","7184","0","0.015516739276467666",,,"corrected_final_after_2024_02_11_repeat","[{""source_id"":""src-de-bwl-final-archive"",""source_url"":""https://www.bundeswahlleiterin.de/dam/jcr/ce2d2b6a-f211-4355-8eea-355c98cd4e47/btw_kerg.zip"",""source_record_id"":""ac5d62cc9df7c681cb39baecb6602a8a766e43fea3000c50fb434225cc007ca8:btw2021-w_kerg.csv:337:77"",""retrieved_at"":""2026-10-01T23:21:39.584Z"",""raw_snapshot"":{""path"":""docs/political-data/raw/germany/2026-10-01T23-21-39-584Z_02e7077f9358c9ef/final-results.zip"",""sha256"":""02e7077f9358c9ef408741ee5d17123a43c28ea766b26a7ab338c08fcaeb7512""},""parser_version"":""germany-production-v1"",""parser_sha256"":""2a8eb3487f392ef83303e7fb9ff246e4c111a7e64a469a6aa9eb21461ae9b1a0"",""fields_covered"":[""second_votes"",""registered_label_native""],""published_or_derived"":""published"",""source_member"":""btw2021-w_kerg.csv"",""source_member_sha256"":""ac5d62cc9df7c681cb39baecb6602a8a766e43fea3000c50fb434225cc007ca8"",""source_column"":77},{""source_id"":""src-de-bwl-historical-results"",""source_url"":""https://www.bundeswahlleiterin.de/dam/jcr/24d8e745-920d-431a-893a-12805bc7ef40/btw_ab49_datenbank_ergebnisse.csv"",""source_record_id"":""csv-record-287"",""retrieved_at"":""2026-10-01T23:20:00.007Z"",""raw_snapshot"":{""path"":""docs/political-data/raw/germany/2026-10-01T23-20-00-007Z_9efffc24b559679a/results.csv"",""sha256"":""9efffc24b559679ade291d8da63462e5523b43ac62064e759737c3ae01418484""},""parser_version"":""germany-production-v1"",""parser_sha256"":""2a8eb3487f392ef83303e7fb9ff246e4c111a7e64a469a6aa9eb21461ae9b1a0"",""fields_covered"":[""published_vote_share"",""seats""],""published_or_derived"":""published"",""columns"":[6,79],""compilation_label"":""DiB"",""alignment_basis"":""unique exact national second-vote count in the same election; not party identity""},{""source_id"":""src-de-bwl-historical-results"",""source_url"":""https://www.bundeswahlleiterin.de/dam/jcr/24d8e745-920d-431a-893a-12805bc7ef40/btw_ab49_datenbank_ergebnisse.csv"",""source_record_id"":""csv-record-91"",""retrieved_at"":""2026-10-01T23:20:00.007Z"",""raw_snapshot"":{""path"":""docs/political-data/raw/germany/2026-10-01T23-20-00-007Z_9efffc24b559679a/results.csv"",""sha256"":""9efffc24b559679ade291d8da63462e5523b43ac62064e759737c3ae01418484""},""parser_version"":""germany-production-v1"",""parser_sha256"":""2a8eb3487f392ef83303e7fb9ff246e4c111a7e64a469a6aa9eb21461ae9b1a0"",""fields_covered"":[""total_seats"",""valid_second_votes""],""published_or_derived"":""published"",""columns"":[4,79]},{""source_id"":""src-de-bwl-final-archive"",""source_url"":""https://www.bundeswahlleiterin.de/dam/jcr/ce2d2b6a-f211-4355-8eea-355c98cd4e47/btw_kerg.zip"",""source_record_id"":""ac5d62cc9df7c681cb39baecb6602a8a766e43fea3000c50fb434225cc007ca8:btw2021-w_kerg.csv:337:77"",""retrieved_at"":""2026-10-01T23:21:39.584Z"",""raw_snapshot"":{""path"":""docs/political-data/raw/germany/2026-10-01T23-21-39-584Z_02e7077f9358c9ef/final-results.zip"",""sha256"":""02e7077f9358c9ef408741ee5d17123a43c28ea766b26a7ab338c08fcaeb7512""},""parser_version"":""germany-production-v1"",""parser_sha256"":""2a8eb3487f392ef83303e7fb9ff246e4c111a7e64a469a6aa9eb21461ae9b1a0"",""fields_covered"":[""derived_vote_share""],""published_or_derived"":""derived"",""formula"":""100 * second_votes / valid_second_votes"",""input_fields"":[""second_votes"",""el-de-bt-2021-09-26:valid_second_votes""]},{""source_id"":""src-de-bwl-historical-results"",""source_url"":""https://www.bundeswahlleiterin.de/dam/jcr/24d8e745-920d-431a-893a-12805bc7ef40/btw_ab49_datenbank_ergebnisse.csv"",""source_record_id"":""csv-record-287"",""retrieved_at"":""2026-10-01T23:20:00.007Z"",""raw_snapshot"":{""path"":""docs/political-data/raw/germany/2026-10-01T23-20-00-007Z_9efffc24b559679a/results.csv"",""sha256"":""9efffc24b559679ade291d8da63462e5523b43ac62064e759737c3ae01418484""},""parser_version"":""germany-production-v1"",""parser_sha256"":""2a8eb3487f392ef83303e7fb9ff246e4c111a7e64a469a6aa9eb21461ae9b1a0"",""fields_covered"":[""derived_seat_share""],""published_or_derived"":""derived"",""formula"":""100 * seats / total_seats; null remains null"",""input_fields"":[""seats"",""lg-de-bt-20:total_seats""]}]"
"er-ct-de-0156","germany","national","el-de-bt-2021-09-26","ct-de-0156","second_vote","46298387","735","32790","0.1","0.07082320168087065",,,"corrected_final_after_2024_02_11_repeat","[{""source_id"":""src-de-bwl-final-archive"",""source_url"":""https://www.bundeswahlleiterin.de/dam/jcr/ce2d2b6a-f211-4355-8eea-355c98cd4e47/btw_kerg.zip"",""source_record_id"":""ac5d62cc9df7c681cb39baecb6602a8a766e43fea3000c50fb434225cc007ca8:btw2021-w_kerg.csv:337:81"",""retrieved_at"":""2026-10-01T23:21:39.584Z"",""raw_snapshot"":{""path"":""docs/political-data/raw/germany/2026-10-01T23-21-39-584Z_02e7077f9358c9ef/final-results.zip"",""sha256"":""02e7077f9358c9ef408741ee5d17123a43c28ea766b26a7ab338c08fcaeb7512""},""parser_version"":""germany-production-v1"",""parser_sha256"":""2a8eb3487f392ef83303e7fb9ff246e4c111a7e64a469a6aa9eb21461ae9b1a0"",""fields_covered"":[""second_votes"",""registered_label_native""],""published_or_derived"":""published"",""source_member"":""btw2021-w_kerg.csv"",""source_member_sha256"":""ac5d62cc9df7c681cb39baecb6602a8a766e43fea3000c50fb434225cc007ca8"",""source_column"":81},{""source_id"":""src-de-bwl-historical-results"",""source_url"":""https://www.bundeswahlleiterin.de/dam/jcr/24d8e745-920d-431a-893a-12805bc7ef40/btw_ab49_datenbank_ergebnisse.csv"",""source_record_id"":""csv-record-243"",""retrieved_at"":""2026-10-01T23:20:00.007Z"",""raw_snapshot"":{""path"":""docs/political-data/raw/germany/2026-10-01T23-20-00-007Z_9efffc24b559679a/results.csv"",""sha256"":""9efffc24b559679ade291d8da63462e5523b43ac62064e759737c3ae01418484""},""parser_version"":""germany-production-v1"",""parser_sha256"":""2a8eb3487f392ef83303e7fb9ff246e4c111a7e64a469a6aa9eb21461ae9b1a0"",""fields_covered"":[""published_vote_share"",""seats""],""published_or_derived"":""published"",""columns"":[6,79],""compilation_label"":""BP"",""alignment_basis"":""unique exact national second-vote count in the same election; not party identity""},{""source_id"":""src-de-bwl-historical-results"",""source_url"":""https://www.bundeswahlleiterin.de/dam/jcr/24d8e745-920d-431a-893a-12805bc7ef40/btw_ab49_datenbank_ergebnisse.csv"",""source_record_id"":""csv-record-91"",""retrieved_at"":""2026-10-01T23:20:00.007Z"",""raw_snapshot"":{""path"":""docs/political-data/raw/germany/2026-10-01T23-20-00-007Z_9efffc24b559679a/results.csv"",""sha256"":""9efffc24b559679ade291d8da63462e5523b43ac62064e759737c3ae01418484""},""parser_version"":""germany-production-v1"",""parser_sha256"":""2a8eb3487f392ef83303e7fb9ff246e4c111a7e64a469a6aa9eb21461ae9b1a0"",""fields_covered"":[""total_seats"",""valid_second_votes""],""published_or_derived"":""published"",""columns"":[4,79]},{""source_id"":""src-de-bwl-final-archive"",""source_url"":""https://www.bundeswahlleiterin.de/dam/jcr/ce2d2b6a-f211-4355-8eea-355c98cd4e47/btw_kerg.zip"",""source_record_id"":""ac5d62cc9df7c681cb39baecb6602a8a766e43fea3000c50fb434225cc007ca8:btw2021-w_kerg.csv:337:81"",""retrieved_at"":""2026-10-01T23:21:39.584Z"",""raw_snapshot"":{""path"":""docs/political-data/raw/germany/2026-10-01T23-21-39-584Z_02e7077f9358c9ef/final-results.zip"",""sha256"":""02e7077f9358c9ef408741ee5d17123a43c28ea766b26a7ab338c08fcaeb7512""},""parser_version"":""germany-production-v1"",""parser_sha256"":""2a8eb3487f392ef83303e7fb9ff246e4c111a7e64a469a6aa9eb21461ae9b1a0"",""fields_covered"":[""derived_vote_share""],""published_or_derived"":""derived"",""formula"":""100 * second_votes / valid_second_votes"",""input_fields"":[""second_votes"",""el-de-bt-2021-09-26:valid_second_votes""]},{""source_id"":""src-de-bwl-historical-results"",""source_url"":""https://www.bundeswahlleiterin.de/dam/jcr/24d8e745-920d-431a-893a-12805bc7ef40/btw_ab49_datenbank_ergebnisse.csv"",""source_record_id"":""csv-record-243"",""retrieved_at"":""2026-10-01T23:20:00.007Z"",""raw_snapshot"":{""path"":""docs/political-data/raw/germany/2026-10-01T23-20-00-007Z_9efffc24b559679a/results.csv"",""sha256"":""9efffc24b559679ade291d8da63462e5523b43ac62064e759737c3ae01418484""},""parser_version"":""germany-production-v1"",""parser_sha256"":""2a8eb3487f392ef83303e7fb9ff246e4c111a7e64a469a6aa9eb21461ae9b1a0"",""fields_covered"":[""derived_seat_share""],""published_or_derived"":""derived"",""formula"":""100 * seats / total_seats; null remains null"",""input_fields"":[""seats"",""lg-de-bt-20:total_seats""]}]"
"er-ct-de-0157","germany","national","el-de-bt-2021-09-26","ct-de-0157","second_vote","46298387","735","13672","0","0.0295301864404045",,,"corrected_final_after_2024_02_11_repeat","[{""source_id"":""src-de-bwl-final-archive"",""source_url"":""https://www.bundeswahlleiterin.de/dam/jcr/ce2d2b6a-f211-4355-8eea-355c98cd4e47/btw_kerg.zip"",""source_record_id"":""ac5d62cc9df7c681cb39baecb6602a8a766e43fea3000c50fb434225cc007ca8:btw2021-w_kerg.csv:337:85"",""retrieved_at"":""2026-10-01T23:21:39.584Z"",""raw_snapshot"":{""path"":""docs/political-data/raw/germany/2026-10-01T23-21-39-584Z_02e7077f9358c9ef/final-results.zip"",""sha256"":""02e7077f9358c9ef408741ee5d17123a43c28ea766b26a7ab338c08fcaeb7512""},""parser_version"":""germany-production-v1"",""parser_sha256"":""2a8eb3487f392ef83303e7fb9ff246e4c111a7e64a469a6aa9eb21461ae9b1a0"",""fields_covered"":[""second_votes"",""registered_label_native""],""published_or_derived"":""published"",""source_member"":""btw2021-w_kerg.csv"",""source_member_sha256"":""ac5d62cc9df7c681cb39baecb6602a8a766e43fea3000c50fb434225cc007ca8"",""source_column"":85},{""source_id"":""src-de-bwl-historical-results"",""source_url"":""https://www.bundeswahlleiterin.de/dam/jcr/24d8e745-920d-431a-893a-12805bc7ef40/btw_ab49_datenbank_ergebnisse.csv"",""source_record_id"":""csv-record-530"",""retrieved_at"":""2026-10-01T23:20:00.007Z"",""raw_snapshot"":{""path"":""docs/political-data/raw/germany/2026-10-01T23-20-00-007Z_9efffc24b559679a/results.csv"",""sha256"":""9efffc24b559679ade291d8da63462e5523b43ac62064e759737c3ae01418484""},""parser_version"":""germany-production-v1"",""parser_sha256"":""2a8eb3487f392ef83303e7fb9ff246e4c111a7e64a469a6aa9eb21461ae9b1a0"",""fields_covered"":[""published_vote_share"",""seats""],""published_or_derived"":""published"",""columns"":[6,79],""compilation_label"":""Tierschutzallianz"",""alignment_basis"":""unique exact national second-vote count in the same election; not party identity""},{""source_id"":""src-de-bwl-historical-results"",""source_url"":""https://www.bundeswahlleiterin.de/dam/jcr/24d8e745-920d-431a-893a-12805bc7ef40/btw_ab49_datenbank_ergebnisse.csv"",""source_record_id"":""csv-record-91"",""retrieved_at"":""2026-10-01T23:20:00.007Z"",""raw_snapshot"":{""path"":""docs/political-data/raw/germany/2026-10-01T23-20-00-007Z_9efffc24b559679a/results.csv"",""sha256"":""9efffc24b559679ade291d8da63462e5523b43ac62064e759737c3ae01418484""},""parser_version"":""germany-production-v1"",""parser_sha256"":""2a8eb3487f392ef83303e7fb9ff246e4c111a7e64a469a6aa9eb21461ae9b1a0"",""fields_covered"":[""total_seats"",""valid_second_votes""],""published_or_derived"":""published"",""columns"":[4,79]},{""source_id"":""src-de-bwl-final-archive"",""source_url"":""https://www.bundeswahlleiterin.de/dam/jcr/ce2d2b6a-f211-4355-8eea-355c98cd4e47/btw_kerg.zip"",""source_record_id"":""ac5d62cc9df7c681cb39baecb6602a8a766e43fea3000c50fb434225cc007ca8:btw2021-w_kerg.csv:337:85"",""retrieved_at"":""2026-10-01T23:21:39.584Z"",""raw_snapshot"":{""path"":""docs/political-data/raw/germany/2026-10-01T23-21-39-584Z_02e7077f9358c9ef/final-results.zip"",""sha256"":""02e7077f9358c9ef408741ee5d17123a43c28ea766b26a7ab338c08fcaeb7512""},""parser_version"":""germany-production-v1"",""parser_sha256"":""2a8eb3487f392ef83303e7fb9ff246e4c111a7e64a469a6aa9eb21461ae9b1a0"",""fields_covered"":[""derived_vote_share""],""published_or_derived"":""derived"",""formula"":""100 * second_votes / valid_second_votes"",""input_fields"":[""second_votes"",""el-de-bt-2021-09-26:valid_second_votes""]},{""source_id"":""src-de-bwl-historical-results"",""source_url"":""https://www.bundeswahlleiterin.de/dam/jcr/24d8e745-920d-431a-893a-12805bc7ef40/btw_ab49_datenbank_ergebnisse.csv"",""source_record_id"":""csv-record-530"",""retrieved_at"":""2026-10-01T23:20:00.007Z"",""raw_snapshot"":{""path"":""docs/political-data/raw/germany/2026-10-01T23-20-00-007Z_9efffc24b559679a/results.csv"",""sha256"":""9efffc24b559679ade291d8da63462e5523b43ac62064e759737c3ae01418484""},""parser_version"":""germany-production-v1"",""parser_sha256"":""2a8eb3487f392ef83303e7fb9ff246e4c111a7e64a469a6aa9eb21461ae9b1a0"",""fields_covered"":[""derived_seat_share""],""published_or_derived"":""derived"",""formula"":""100 * seats / total_seats; null remains null"",""input_fields"":[""seats"",""lg-de-bt-20:total_seats""]}]"
"er-ct-de-0158","germany","national","el-de-bt-2021-09-26","ct-de-0158","second_vote","46298387","735","17820","0","0.03848946184669457",,,"corrected_final_after_2024_02_11_repeat","[{""source_id"":""src-de-bwl-final-archive"",""source_url"":""https://www.bundeswahlleiterin.de/dam/jcr/ce2d2b6a-f211-4355-8eea-355c98cd4e47/btw_kerg.zip"",""source_record_id"":""ac5d62cc9df7c681cb39baecb6602a8a766e43fea3000c50fb434225cc007ca8:btw2021-w_kerg.csv:337:89"",""retrieved_at"":""2026-10-01T23:21:39.584Z"",""raw_snapshot"":{""path"":""docs/political-data/raw/germany/2026-10-01T23-21-39-584Z_02e7077f9358c9ef/final-results.zip"",""sha256"":""02e7077f9358c9ef408741ee5d17123a43c28ea766b26a7ab338c08fcaeb7512""},""parser_version"":""germany-production-v1"",""parser_sha256"":""2a8eb3487f392ef83303e7fb9ff246e4c111a7e64a469a6aa9eb21461ae9b1a0"",""fields_covered"":[""second_votes"",""registered_label_native""],""published_or_derived"":""published"",""source_member"":""btw2021-w_kerg.csv"",""source_member_sha256"":""ac5d62cc9df7c681cb39baecb6602a8a766e43fea3000c50fb434225cc007ca8"",""source_column"":89},{""source_id"":""src-de-bwl-historical-results"",""source_url"":""https://www.bundeswahlleiterin.de/dam/jcr/24d8e745-920d-431a-893a-12805bc7ef40/btw_ab49_datenbank_ergebnisse.csv"",""source_record_id"":""csv-record-442"",""retrieved_at"":""2026-10-01T23:20:00.007Z"",""raw_snapshot"":{""path"":""docs/political-data/raw/germany/2026-10-01T23-20-00-007Z_9efffc24b559679a/results.csv"",""sha256"":""9efffc24b559679ade291d8da63462e5523b43ac62064e759737c3ae01418484""},""parser_version"":""germany-production-v1"",""parser_sha256"":""2a8eb3487f392ef83303e7fb9ff246e4c111a7e64a469a6aa9eb21461ae9b1a0"",""fields_covered"":[""published_vote_share"",""seats""],""published_or_derived"":""published"",""columns"":[6,79],""compilation_label"":""MLPD"",""alignment_basis"":""unique exact national second-vote count in the same election; not party identity""},{""source_id"":""src-de-bwl-historical-results"",""source_url"":""https://www.bundeswahlleiterin.de/dam/jcr/24d8e745-920d-431a-893a-12805bc7ef40/btw_ab49_datenbank_ergebnisse.csv"",""source_record_id"":""csv-record-91"",""retrieved_at"":""2026-10-01T23:20:00.007Z"",""raw_snapshot"":{""path"":""docs/political-data/raw/germany/2026-10-01T23-20-00-007Z_9efffc24b559679a/results.csv"",""sha256"":""9efffc24b559679ade291d8da63462e5523b43ac62064e759737c3ae01418484""},""parser_version"":""germany-production-v1"",""parser_sha256"":""2a8eb3487f392ef83303e7fb9ff246e4c111a7e64a469a6aa9eb21461ae9b1a0"",""fields_covered"":[""total_seats"",""valid_second_votes""],""published_or_derived"":""published"",""columns"":[4,79]},{""source_id"":""src-de-bwl-final-archive"",""source_url"":""https://www.bundeswahlleiterin.de/dam/jcr/ce2d2b6a-f211-4355-8eea-355c98cd4e47/btw_kerg.zip"",""source_record_id"":""ac5d62cc9df7c681cb39baecb6602a8a766e43fea3000c50fb434225cc007ca8:btw2021-w_kerg.csv:337:89"",""retrieved_at"":""2026-10-01T23:21:39.584Z"",""raw_snapshot"":{""path"":""docs/political-data/raw/germany/2026-10-01T23-21-39-584Z_02e7077f9358c9ef/final-results.zip"",""sha256"":""02e7077f9358c9ef408741ee5d17123a43c28ea766b26a7ab338c08fcaeb7512""},""parser_version"":""germany-production-v1"",""parser_sha256"":""2a8eb3487f392ef83303e7fb9ff246e4c111a7e64a469a6aa9eb21461ae9b1a0"",""fields_covered"":[""derived_vote_share""],""published_or_derived"":""derived"",""formula"":""100 * second_votes / valid_second_votes"",""input_fields"":[""second_votes"",""el-de-bt-2021-09-26:valid_second_votes""]},{""source_id"":""src-de-bwl-historical-results"",""source_url"":""https://www.bundeswahlleiterin.de/dam/jcr/24d8e745-920d-431a-893a-12805bc7ef40/btw_ab49_datenbank_ergebnisse.csv"",""source_record_id"":""csv-record-442"",""retrieved_at"":""2026-10-01T23:20:00.007Z"",""raw_snapshot"":{""path"":""docs/political-data/raw/germany/2026-10-01T23-20-00-007Z_9efffc24b559679a/results.csv"",""sha256"":""9efffc24b559679ade291d8da63462e5523b43ac62064e759737c3ae01418484""},""parser_version"":""germany-production-v1"",""parser_sha256"":""2a8eb3487f392ef83303e7fb9ff246e4c111a7e64a469a6aa9eb21461ae9b1a0"",""fields_covered"":[""derived_seat_share""],""published_or_derived"":""derived"",""formula"":""100 * seats / total_seats; null remains null"",""input_fields"":[""seats"",""lg-de-bt-20:total_seats""]}]"
"er-ct-de-0159","germany","national","el-de-bt-2021-09-26","ct-de-0159","second_vote","46298387","735","48496","0.1","0.10474662972599888",,,"corrected_final_after_2024_02_11_repeat","[{""source_id"":""src-de-bwl-final-archive"",""source_url"":""https://www.bundeswahlleiterin.de/dam/jcr/ce2d2b6a-f211-4355-8eea-355c98cd4e47/btw_kerg.zip"",""source_record_id"":""ac5d62cc9df7c681cb39baecb6602a8a766e43fea3000c50fb434225cc007ca8:btw2021-w_kerg.csv:337:93"",""retrieved_at"":""2026-10-01T23:21:39.584Z"",""raw_snapshot"":{""path"":""docs/political-data/raw/germany/2026-10-01T23-21-39-584Z_02e7077f9358c9ef/final-results.zip"",""sha256"":""02e7077f9358c9ef408741ee5d17123a43c28ea766b26a7ab338c08fcaeb7512""},""parser_version"":""germany-production-v1"",""parser_sha256"":""2a8eb3487f392ef83303e7fb9ff246e4c111a7e64a469a6aa9eb21461ae9b1a0"",""fields_covered"":[""second_votes"",""registered_label_native""],""published_or_derived"":""published"",""source_member"":""btw2021-w_kerg.csv"",""source_member_sha256"":""ac5d62cc9df7c681cb39baecb6602a8a766e43fea3000c50fb434225cc007ca8"",""source_column"":93},{""source_id"":""src-de-bwl-historical-results"",""source_url"":""https://www.bundeswahlleiterin.de/dam/jcr/24d8e745-920d-431a-893a-12805bc7ef40/btw_ab49_datenbank_ergebnisse.csv"",""source_record_id"":""csv-record-553"",""retrieved_at"":""2026-10-01T23:20:00.007Z"",""raw_snapshot"":{""path"":""docs/political-data/raw/germany/2026-10-01T23-20-00-007Z_9efffc24b559679a/results.csv"",""sha256"":""9efffc24b559679ade291d8da63462e5523b43ac62064e759737c3ae01418484""},""parser_version"":""germany-production-v1"",""parser_sha256"":""2a8eb3487f392ef83303e7fb9ff246e4c111a7e64a469a6aa9eb21461ae9b1a0"",""fields_covered"":[""published_vote_share"",""seats""],""published_or_derived"":""published"",""columns"":[6,79],""compilation_label"":""Verjüngungsforschung"",""alignment_basis"":""unique exact national second-vote count in the same election; not party identity""},{""source_id"":""src-de-bwl-historical-results"",""source_url"":""https://www.bundeswahlleiterin.de/dam/jcr/24d8e745-920d-431a-893a-12805bc7ef40/btw_ab49_datenbank_ergebnisse.csv"",""source_record_id"":""csv-record-91"",""retrieved_at"":""2026-10-01T23:20:00.007Z"",""raw_snapshot"":{""path"":""docs/political-data/raw/germany/2026-10-01T23-20-00-007Z_9efffc24b559679a/results.csv"",""sha256"":""9efffc24b559679ade291d8da63462e5523b43ac62064e759737c3ae01418484""},""parser_version"":""germany-production-v1"",""parser_sha256"":""2a8eb3487f392ef83303e7fb9ff246e4c111a7e64a469a6aa9eb21461ae9b1a0"",""fields_covered"":[""total_seats"",""valid_second_votes""],""published_or_derived"":""published"",""columns"":[4,79]},{""source_id"":""src-de-bwl-final-archive"",""source_url"":""https://www.bundeswahlleiterin.de/dam/jcr/ce2d2b6a-f211-4355-8eea-355c98cd4e47/btw_kerg.zip"",""source_record_id"":""ac5d62cc9df7c681cb39baecb6602a8a766e43fea3000c50fb434225cc007ca8:btw2021-w_kerg.csv:337:93"",""retrieved_at"":""2026-10-01T23:21:39.584Z"",""raw_snapshot"":{""path"":""docs/political-data/raw/germany/2026-10-01T23-21-39-584Z_02e7077f9358c9ef/final-results.zip"",""sha256"":""02e7077f9358c9ef408741ee5d17123a43c28ea766b26a7ab338c08fcaeb7512""},""parser_version"":""germany-production-v1"",""parser_sha256"":""2a8eb3487f392ef83303e7fb9ff246e4c111a7e64a469a6aa9eb21461ae9b1a0"",""fields_covered"":[""derived_vote_share""],""published_or_derived"":""derived"",""formula"":""100 * second_votes / valid_second_votes"",""input_fields"":[""second_votes"",""el-de-bt-2021-09-26:valid_second_votes""]},{""source_id"":""src-de-bwl-historical-results"",""source_url"":""https://www.bundeswahlleiterin.de/dam/jcr/24d8e745-920d-431a-893a-12805bc7ef40/btw_ab49_datenbank_ergebnisse.csv"",""source_record_id"":""csv-record-553"",""retrieved_at"":""2026-10-01T23:20:00.007Z"",""raw_snapshot"":{""path"":""docs/political-data/raw/germany/2026-10-01T23-20-00-007Z_9efffc24b559679a/results.csv"",""sha256"":""9efffc24b559679ade291d8da63462e5523b43ac62064e759737c3ae01418484""},""parser_version"":""germany-production-v1"",""parser_sha256"":""2a8eb3487f392ef83303e7fb9ff246e4c111a7e64a469a6aa9eb21461ae9b1a0"",""fields_covered"":[""derived_seat_share""],""published_or_derived"":""derived"",""formula"":""100 * seats / total_seats; null remains null"",""input_fields"":[""seats"",""lg-de-bt-20:total_seats""]}]"
"er-ct-de-0160","germany","national","el-de-bt-2021-09-26","ct-de-0160","second_vote","46298387","735","3786","0","0.008177390715577198",,,"corrected_final_after_2024_02_11_repeat","[{""source_id"":""src-de-bwl-final-archive"",""source_url"":""https://www.bundeswahlleiterin.de/dam/jcr/ce2d2b6a-f211-4355-8eea-355c98cd4e47/btw_kerg.zip"",""source_record_id"":""ac5d62cc9df7c681cb39baecb6602a8a766e43fea3000c50fb434225cc007ca8:btw2021-w_kerg.csv:337:97"",""retrieved_at"":""2026-10-01T23:21:39.584Z"",""raw_snapshot"":{""path"":""docs/political-data/raw/germany/2026-10-01T23-21-39-584Z_02e7077f9358c9ef/final-results.zip"",""sha256"":""02e7077f9358c9ef408741ee5d17123a43c28ea766b26a7ab338c08fcaeb7512""},""parser_version"":""germany-production-v1"",""parser_sha256"":""2a8eb3487f392ef83303e7fb9ff246e4c111a7e64a469a6aa9eb21461ae9b1a0"",""fields_covered"":[""second_votes"",""registered_label_native""],""published_or_derived"":""published"",""source_member"":""btw2021-w_kerg.csv"",""source_member_sha256"":""ac5d62cc9df7c681cb39baecb6602a8a766e43fea3000c50fb434225cc007ca8"",""source_column"":97},{""source_id"":""src-de-bwl-historical-results"",""source_url"":""https://www.bundeswahlleiterin.de/dam/jcr/24d8e745-920d-431a-893a-12805bc7ef40/btw_ab49_datenbank_ergebnisse.csv"",""source_record_id"":""csv-record-430"",""retrieved_at"":""2026-10-01T23:20:00.007Z"",""raw_snapshot"":{""path"":""docs/political-data/raw/germany/2026-10-01T23-20-00-007Z_9efffc24b559679a/results.csv"",""sha256"":""9efffc24b559679ade291d8da63462e5523b43ac62064e759737c3ae01418484""},""parser_version"":""germany-production-v1"",""parser_sha256"":""2a8eb3487f392ef83303e7fb9ff246e4c111a7e64a469a6aa9eb21461ae9b1a0"",""fields_covered"":[""published_vote_share"",""seats""],""published_or_derived"":""published"",""columns"":[6,79],""compilation_label"":""MENSCHLICHE WELT"",""alignment_basis"":""unique exact national second-vote count in the same election; not party identity""},{""source_id"":""src-de-bwl-historical-results"",""source_url"":""https://www.bundeswahlleiterin.de/dam/jcr/24d8e745-920d-431a-893a-12805bc7ef40/btw_ab49_datenbank_ergebnisse.csv"",""source_record_id"":""csv-record-91"",""retrieved_at"":""2026-10-01T23:20:00.007Z"",""raw_snapshot"":{""path"":""docs/political-data/raw/germany/2026-10-01T23-20-00-007Z_9efffc24b559679a/results.csv"",""sha256"":""9efffc24b559679ade291d8da63462e5523b43ac62064e759737c3ae01418484""},""parser_version"":""germany-production-v1"",""parser_sha256"":""2a8eb3487f392ef83303e7fb9ff246e4c111a7e64a469a6aa9eb21461ae9b1a0"",""fields_covered"":[""total_seats"",""valid_second_votes""],""published_or_derived"":""published"",""columns"":[4,79]},{""source_id"":""src-de-bwl-final-archive"",""source_url"":""https://www.bundeswahlleiterin.de/dam/jcr/ce2d2b6a-f211-4355-8eea-355c98cd4e47/btw_kerg.zip"",""source_record_id"":""ac5d62cc9df7c681cb39baecb6602a8a766e43fea3000c50fb434225cc007ca8:btw2021-w_kerg.csv:337:97"",""retrieved_at"":""2026-10-01T23:21:39.584Z"",""raw_snapshot"":{""path"":""docs/political-data/raw/germany/2026-10-01T23-21-39-584Z_02e7077f9358c9ef/final-results.zip"",""sha256"":""02e7077f9358c9ef408741ee5d17123a43c28ea766b26a7ab338c08fcaeb7512""},""parser_version"":""germany-production-v1"",""parser_sha256"":""2a8eb3487f392ef83303e7fb9ff246e4c111a7e64a469a6aa9eb21461ae9b1a0"",""fields_covered"":[""derived_vote_share""],""published_or_derived"":""derived"",""formula"":""100 * second_votes / valid_second_votes"",""input_fields"":[""second_votes"",""el-de-bt-2021-09-26:valid_second_votes""]},{""source_id"":""src-de-bwl-historical-results"",""source_url"":""https://www.bundeswahlleiterin.de/dam/jcr/24d8e745-920d-431a-893a-12805bc7ef40/btw_ab49_datenbank_ergebnisse.csv"",""source_record_id"":""csv-record-430"",""retrieved_at"":""2026-10-01T23:20:00.007Z"",""raw_snapshot"":{""path"":""docs/political-data/raw/germany/2026-10-01T23-20-00-007Z_9efffc24b559679a/results.csv"",""sha256"":""9efffc24b559679ade291d8da63462e5523b43ac62064e759737c3ae01418484""},""parser_version"":""germany-production-v1"",""parser_sha256"":""2a8eb3487f392ef83303e7fb9ff246e4c111a7e64a469a6aa9eb21461ae9b1a0"",""fields_covered"":[""derived_seat_share""],""published_or_derived"":""derived"",""formula"":""100 * seats / total_seats; null remains null"",""input_fields"":[""seats"",""lg-de-bt-20:total_seats""]}]"
"er-ct-de-0161","germany","national","el-de-bt-2021-09-26","ct-de-0161","second_vote","46298387","735","14957","0","0.03230566110218915",,,"corrected_final_after_2024_02_11_repeat","[{""source_id"":""src-de-bwl-final-archive"",""source_url"":""https://www.bundeswahlleiterin.de/dam/jcr/ce2d2b6a-f211-4355-8eea-355c98cd4e47/btw_kerg.zip"",""source_record_id"":""ac5d62cc9df7c681cb39baecb6602a8a766e43fea3000c50fb434225cc007ca8:btw2021-w_kerg.csv:337:101"",""retrieved_at"":""2026-10-01T23:21:39.584Z"",""raw_snapshot"":{""path"":""docs/political-data/raw/germany/2026-10-01T23-21-39-584Z_02e7077f9358c9ef/final-results.zip"",""sha256"":""02e7077f9358c9ef408741ee5d17123a43c28ea766b26a7ab338c08fcaeb7512""},""parser_version"":""germany-production-v1"",""parser_sha256"":""2a8eb3487f392ef83303e7fb9ff246e4c111a7e64a469a6aa9eb21461ae9b1a0"",""fields_covered"":[""second_votes"",""registered_label_native""],""published_or_derived"":""published"",""source_member"":""btw2021-w_kerg.csv"",""source_member_sha256"":""ac5d62cc9df7c681cb39baecb6602a8a766e43fea3000c50fb434225cc007ca8"",""source_column"":101},{""source_id"":""src-de-bwl-historical-results"",""source_url"":""https://www.bundeswahlleiterin.de/dam/jcr/24d8e745-920d-431a-893a-12805bc7ef40/btw_ab49_datenbank_ergebnisse.csv"",""source_record_id"":""csv-record-319"",""retrieved_at"":""2026-10-01T23:20:00.007Z"",""raw_snapshot"":{""path"":""docs/political-data/raw/germany/2026-10-01T23-20-00-007Z_9efffc24b559679a/results.csv"",""sha256"":""9efffc24b559679ade291d8da63462e5523b43ac62064e759737c3ae01418484""},""parser_version"":""germany-production-v1"",""parser_sha256"":""2a8eb3487f392ef83303e7fb9ff246e4c111a7e64a469a6aa9eb21461ae9b1a0"",""fields_covered"":[""published_vote_share"",""seats""],""published_or_derived"":""published"",""columns"":[6,79],""compilation_label"":""DKP"",""alignment_basis"":""unique exact national second-vote count in the same election; not party identity""},{""source_id"":""src-de-bwl-historical-results"",""source_url"":""https://www.bundeswahlleiterin.de/dam/jcr/24d8e745-920d-431a-893a-12805bc7ef40/btw_ab49_datenbank_ergebnisse.csv"",""source_record_id"":""csv-record-91"",""retrieved_at"":""2026-10-01T23:20:00.007Z"",""raw_snapshot"":{""path"":""docs/political-data/raw/germany/2026-10-01T23-20-00-007Z_9efffc24b559679a/results.csv"",""sha256"":""9efffc24b559679ade291d8da63462e5523b43ac62064e759737c3ae01418484""},""parser_version"":""germany-production-v1"",""parser_sha256"":""2a8eb3487f392ef83303e7fb9ff246e4c111a7e64a469a6aa9eb21461ae9b1a0"",""fields_covered"":[""total_seats"",""valid_second_votes""],""published_or_derived"":""published"",""columns"":[4,79]},{""source_id"":""src-de-bwl-final-archive"",""source_url"":""https://www.bundeswahlleiterin.de/dam/jcr/ce2d2b6a-f211-4355-8eea-355c98cd4e47/btw_kerg.zip"",""source_record_id"":""ac5d62cc9df7c681cb39baecb6602a8a766e43fea3000c50fb434225cc007ca8:btw2021-w_kerg.csv:337:101"",""retrieved_at"":""2026-10-01T23:21:39.584Z"",""raw_snapshot"":{""path"":""docs/political-data/raw/germany/2026-10-01T23-21-39-584Z_02e7077f9358c9ef/final-results.zip"",""sha256"":""02e7077f9358c9ef408741ee5d17123a43c28ea766b26a7ab338c08fcaeb7512""},""parser_version"":""germany-production-v1"",""parser_sha256"":""2a8eb3487f392ef83303e7fb9ff246e4c111a7e64a469a6aa9eb21461ae9b1a0"",""fields_covered"":[""derived_vote_share""],""published_or_derived"":""derived"",""formula"":""100 * second_votes / valid_second_votes"",""input_fields"":[""second_votes"",""el-de-bt-2021-09-26:valid_second_votes""]},{""source_id"":""src-de-bwl-historical-results"",""source_url"":""https://www.bundeswahlleiterin.de/dam/jcr/24d8e745-920d-431a-893a-12805bc7ef40/btw_ab49_datenbank_ergebnisse.csv"",""source_record_id"":""csv-record-319"",""retrieved_at"":""2026-10-01T23:20:00.007Z"",""raw_snapshot"":{""path"":""docs/political-data/raw/germany/2026-10-01T23-20-00-007Z_9efffc24b559679a/results.csv"",""sha256"":""9efffc24b559679ade291d8da63462e5523b43ac62064e759737c3ae01418484""},""parser_version"":""germany-production-v1"",""parser_sha256"":""2a8eb3487f392ef83303e7fb9ff246e4c111a7e64a469a6aa9eb21461ae9b1a0"",""fields_covered"":[""derived_seat_share""],""published_or_derived"":""derived"",""formula"":""100 * seats / total_seats; null remains null"",""input_fields"":[""seats"",""lg-de-bt-20:total_seats""]}]"
"er-ct-de-0162","germany","national","el-de-bt-2021-09-26","ct-de-0162","second_vote","46298387","735","17304","0","0.03737495217705965",,,"corrected_final_after_2024_02_11_repeat","[{""source_id"":""src-de-bwl-final-archive"",""source_url"":""https://www.bundeswahlleiterin.de/dam/jcr/ce2d2b6a-f211-4355-8eea-355c98cd4e47/btw_kerg.zip"",""source_record_id"":""ac5d62cc9df7c681cb39baecb6602a8a766e43fea3000c50fb434225cc007ca8:btw2021-w_kerg.csv:337:105"",""retrieved_at"":""2026-10-01T23:21:39.584Z"",""raw_snapshot"":{""path"":""docs/political-data/raw/germany/2026-10-01T23-21-39-584Z_02e7077f9358c9ef/final-results.zip"",""sha256"":""02e7077f9358c9ef408741ee5d17123a43c28ea766b26a7ab338c08fcaeb7512""},""parser_version"":""germany-production-v1"",""parser_sha256"":""2a8eb3487f392ef83303e7fb9ff246e4c111a7e64a469a6aa9eb21461ae9b1a0"",""fields_covered"":[""second_votes"",""registered_label_native""],""published_or_derived"":""published"",""source_member"":""btw2021-w_kerg.csv"",""source_member_sha256"":""ac5d62cc9df7c681cb39baecb6602a8a766e43fea3000c50fb434225cc007ca8"",""source_column"":105},{""source_id"":""src-de-bwl-historical-results"",""source_url"":""https://www.bundeswahlleiterin.de/dam/jcr/24d8e745-920d-431a-893a-12805bc7ef40/btw_ab49_datenbank_ergebnisse.csv"",""source_record_id"":""csv-record-295"",""retrieved_at"":""2026-10-01T23:20:00.007Z"",""raw_snapshot"":{""path"":""docs/political-data/raw/germany/2026-10-01T23-20-00-007Z_9efffc24b559679a/results.csv"",""sha256"":""9efffc24b559679ade291d8da63462e5523b43ac62064e759737c3ae01418484""},""parser_version"":""germany-production-v1"",""parser_sha256"":""2a8eb3487f392ef83303e7fb9ff246e4c111a7e64a469a6aa9eb21461ae9b1a0"",""fields_covered"":[""published_vote_share"",""seats""],""published_or_derived"":""published"",""columns"":[6,79],""compilation_label"":""Die Grauen"",""alignment_basis"":""unique exact national second-vote count in the same election; not party identity""},{""source_id"":""src-de-bwl-historical-results"",""source_url"":""https://www.bundeswahlleiterin.de/dam/jcr/24d8e745-920d-431a-893a-12805bc7ef40/btw_ab49_datenbank_ergebnisse.csv"",""source_record_id"":""csv-record-91"",""retrieved_at"":""2026-10-01T23:20:00.007Z"",""raw_snapshot"":{""path"":""docs/political-data/raw/germany/2026-10-01T23-20-00-007Z_9efffc24b559679a/results.csv"",""sha256"":""9efffc24b559679ade291d8da63462e5523b43ac62064e759737c3ae01418484""},""parser_version"":""germany-production-v1"",""parser_sha256"":""2a8eb3487f392ef83303e7fb9ff246e4c111a7e64a469a6aa9eb21461ae9b1a0"",""fields_covered"":[""total_seats"",""valid_second_votes""],""published_or_derived"":""published"",""columns"":[4,79]},{""source_id"":""src-de-bwl-final-archive"",""source_url"":""https://www.bundeswahlleiterin.de/dam/jcr/ce2d2b6a-f211-4355-8eea-355c98cd4e47/btw_kerg.zip"",""source_record_id"":""ac5d62cc9df7c681cb39baecb6602a8a766e43fea3000c50fb434225cc007ca8:btw2021-w_kerg.csv:337:105"",""retrieved_at"":""2026-10-01T23:21:39.584Z"",""raw_snapshot"":{""path"":""docs/political-data/raw/germany/2026-10-01T23-21-39-584Z_02e7077f9358c9ef/final-results.zip"",""sha256"":""02e7077f9358c9ef408741ee5d17123a43c28ea766b26a7ab338c08fcaeb7512""},""parser_version"":""germany-production-v1"",""parser_sha256"":""2a8eb3487f392ef83303e7fb9ff246e4c111a7e64a469a6aa9eb21461ae9b1a0"",""fields_covered"":[""derived_vote_share""],""published_or_derived"":""derived"",""formula"":""100 * second_votes / valid_second_votes"",""input_fields"":[""second_votes"",""el-de-bt-2021-09-26:valid_second_votes""]},{""source_id"":""src-de-bwl-historical-results"",""source_url"":""https://www.bundeswahlleiterin.de/dam/jcr/24d8e745-920d-431a-893a-12805bc7ef40/btw_ab49_datenbank_ergebnisse.csv"",""source_record_id"":""csv-record-295"",""retrieved_at"":""2026-10-01T23:20:00.007Z"",""raw_snapshot"":{""path"":""docs/political-data/raw/germany/2026-10-01T23-20-00-007Z_9efffc24b559679a/results.csv"",""sha256"":""9efffc24b559679ade291d8da63462e5523b43ac62064e759737c3ae01418484""},""parser_version"":""germany-production-v1"",""parser_sha256"":""2a8eb3487f392ef83303e7fb9ff246e4c111a7e64a469a6aa9eb21461ae9b1a0"",""fields_covered"":[""derived_seat_share""],""published_or_derived"":""derived"",""formula"":""100 * seats / total_seats; null remains null"",""input_fields"":[""seats"",""lg-de-bt-20:total_seats""]}]"
"er-ct-de-0163","germany","national","el-de-bt-2021-09-26","ct-de-0163","second_vote","46298387","735","665","0","0.0014363351362543149",,,"corrected_final_after_2024_02_11_repeat","[{""source_id"":""src-de-bwl-final-archive"",""source_url"":""https://www.bundeswahlleiterin.de/dam/jcr/ce2d2b6a-f211-4355-8eea-355c98cd4e47/btw_kerg.zip"",""source_record_id"":""ac5d62cc9df7c681cb39baecb6602a8a766e43fea3000c50fb434225cc007ca8:btw2021-w_kerg.csv:337:109"",""retrieved_at"":""2026-10-01T23:21:39.584Z"",""raw_snapshot"":{""path"":""docs/political-data/raw/germany/2026-10-01T23-21-39-584Z_02e7077f9358c9ef/final-results.zip"",""sha256"":""02e7077f9358c9ef408741ee5d17123a43c28ea766b26a7ab338c08fcaeb7512""},""parser_version"":""germany-production-v1"",""parser_sha256"":""2a8eb3487f392ef83303e7fb9ff246e4c111a7e64a469a6aa9eb21461ae9b1a0"",""fields_covered"":[""second_votes"",""registered_label_native""],""published_or_derived"":""published"",""source_member"":""btw2021-w_kerg.csv"",""source_member_sha256"":""ac5d62cc9df7c681cb39baecb6602a8a766e43fea3000c50fb434225cc007ca8"",""source_column"":109},{""source_id"":""src-de-bwl-historical-results"",""source_url"":""https://www.bundeswahlleiterin.de/dam/jcr/24d8e745-920d-431a-893a-12805bc7ef40/btw_ab49_datenbank_ergebnisse.csv"",""source_record_id"":""csv-record-264"",""retrieved_at"":""2026-10-01T23:20:00.007Z"",""raw_snapshot"":{""path"":""docs/political-data/raw/germany/2026-10-01T23-20-00-007Z_9efffc24b559679a/results.csv"",""sha256"":""9efffc24b559679ade291d8da63462e5523b43ac62064e759737c3ae01418484""},""parser_version"":""germany-production-v1"",""parser_sha256"":""2a8eb3487f392ef83303e7fb9ff246e4c111a7e64a469a6aa9eb21461ae9b1a0"",""fields_covered"":[""published_vote_share"",""seats""],""published_or_derived"":""published"",""columns"":[6,79],""compilation_label"":""BüSo"",""alignment_basis"":""unique exact national second-vote count in the same election; not party identity""},{""source_id"":""src-de-bwl-historical-results"",""source_url"":""https://www.bundeswahlleiterin.de/dam/jcr/24d8e745-920d-431a-893a-12805bc7ef40/btw_ab49_datenbank_ergebnisse.csv"",""source_record_id"":""csv-record-91"",""retrieved_at"":""2026-10-01T23:20:00.007Z"",""raw_snapshot"":{""path"":""docs/political-data/raw/germany/2026-10-01T23-20-00-007Z_9efffc24b559679a/results.csv"",""sha256"":""9efffc24b559679ade291d8da63462e5523b43ac62064e759737c3ae01418484""},""parser_version"":""germany-production-v1"",""parser_sha256"":""2a8eb3487f392ef83303e7fb9ff246e4c111a7e64a469a6aa9eb21461ae9b1a0"",""fields_covered"":[""total_seats"",""valid_second_votes""],""published_or_derived"":""published"",""columns"":[4,79]},{""source_id"":""src-de-bwl-final-archive"",""source_url"":""https://www.bundeswahlleiterin.de/dam/jcr/ce2d2b6a-f211-4355-8eea-355c98cd4e47/btw_kerg.zip"",""source_record_id"":""ac5d62cc9df7c681cb39baecb6602a8a766e43fea3000c50fb434225cc007ca8:btw2021-w_kerg.csv:337:109"",""retrieved_at"":""2026-10-01T23:21:39.584Z"",""raw_snapshot"":{""path"":""docs/political-data/raw/germany/2026-10-01T23-21-39-584Z_02e7077f9358c9ef/final-results.zip"",""sha256"":""02e7077f9358c9ef408741ee5d17123a43c28ea766b26a7ab338c08fcaeb7512""},""parser_version"":""germany-production-v1"",""parser_sha256"":""2a8eb3487f392ef83303e7fb9ff246e4c111a7e64a469a6aa9eb21461ae9b1a0"",""fields_covered"":[""derived_vote_share""],""published_or_derived"":""derived"",""formula"":""100 * second_votes / valid_second_votes"",""input_fields"":[""second_votes"",""el-de-bt-2021-09-26:valid_second_votes""]},{""source_id"":""src-de-bwl-historical-results"",""source_url"":""https://www.bundeswahlleiterin.de/dam/jcr/24d8e745-920d-431a-893a-12805bc7ef40/btw_ab49_datenbank_ergebnisse.csv"",""source_record_id"":""csv-record-264"",""retrieved_at"":""2026-10-01T23:20:00.007Z"",""raw_snapshot"":{""path"":""docs/political-data/raw/germany/2026-10-01T23-20-00-007Z_9efffc24b559679a/results.csv"",""sha256"":""9efffc24b559679ade291d8da63462e5523b43ac62064e759737c3ae01418484""},""parser_version"":""germany-production-v1"",""parser_sha256"":""2a8eb3487f392ef83303e7fb9ff246e4c111a7e64a469a6aa9eb21461ae9b1a0"",""fields_covered"":[""derived_seat_share""],""published_or_derived"":""derived"",""formula"":""100 * seats / total_seats; null remains null"",""input_fields"":[""seats"",""lg-de-bt-20:total_seats""]}]"
"er-ct-de-0164","germany","national","el-de-bt-2021-09-26","ct-de-0164","second_vote","46298387","735","47524","0.1","0.10264720453436099",,,"corrected_final_after_2024_02_11_repeat","[{""source_id"":""src-de-bwl-final-archive"",""source_url"":""https://www.bundeswahlleiterin.de/dam/jcr/ce2d2b6a-f211-4355-8eea-355c98cd4e47/btw_kerg.zip"",""source_record_id"":""ac5d62cc9df7c681cb39baecb6602a8a766e43fea3000c50fb434225cc007ca8:btw2021-w_kerg.csv:337:113"",""retrieved_at"":""2026-10-01T23:21:39.584Z"",""raw_snapshot"":{""path"":""docs/political-data/raw/germany/2026-10-01T23-21-39-584Z_02e7077f9358c9ef/final-results.zip"",""sha256"":""02e7077f9358c9ef408741ee5d17123a43c28ea766b26a7ab338c08fcaeb7512""},""parser_version"":""germany-production-v1"",""parser_sha256"":""2a8eb3487f392ef83303e7fb9ff246e4c111a7e64a469a6aa9eb21461ae9b1a0"",""fields_covered"":[""second_votes"",""registered_label_native""],""published_or_derived"":""published"",""source_member"":""btw2021-w_kerg.csv"",""source_member_sha256"":""ac5d62cc9df7c681cb39baecb6602a8a766e43fea3000c50fb434225cc007ca8"",""source_column"":113},{""source_id"":""src-de-bwl-historical-results"",""source_url"":""https://www.bundeswahlleiterin.de/dam/jcr/24d8e745-920d-431a-893a-12805bc7ef40/btw_ab49_datenbank_ergebnisse.csv"",""source_record_id"":""csv-record-480"",""retrieved_at"":""2026-10-01T23:20:00.007Z"",""raw_snapshot"":{""path"":""docs/political-data/raw/germany/2026-10-01T23-20-00-007Z_9efffc24b559679a/results.csv"",""sha256"":""9efffc24b559679ade291d8da63462e5523b43ac62064e759737c3ae01418484""},""parser_version"":""germany-production-v1"",""parser_sha256"":""2a8eb3487f392ef83303e7fb9ff246e4c111a7e64a469a6aa9eb21461ae9b1a0"",""fields_covered"":[""published_vote_share"",""seats""],""published_or_derived"":""published"",""columns"":[6,79],""compilation_label"":""PdH"",""alignment_basis"":""unique exact national second-vote count in the same election; not party identity""},{""source_id"":""src-de-bwl-historical-results"",""source_url"":""https://www.bundeswahlleiterin.de/dam/jcr/24d8e745-920d-431a-893a-12805bc7ef40/btw_ab49_datenbank_ergebnisse.csv"",""source_record_id"":""csv-record-91"",""retrieved_at"":""2026-10-01T23:20:00.007Z"",""raw_snapshot"":{""path"":""docs/political-data/raw/germany/2026-10-01T23-20-00-007Z_9efffc24b559679a/results.csv"",""sha256"":""9efffc24b559679ade291d8da63462e5523b43ac62064e759737c3ae01418484""},""parser_version"":""germany-production-v1"",""parser_sha256"":""2a8eb3487f392ef83303e7fb9ff246e4c111a7e64a469a6aa9eb21461ae9b1a0"",""fields_covered"":[""total_seats"",""valid_second_votes""],""published_or_derived"":""published"",""columns"":[4,79]},{""source_id"":""src-de-bwl-final-archive"",""source_url"":""https://www.bundeswahlleiterin.de/dam/jcr/ce2d2b6a-f211-4355-8eea-355c98cd4e47/btw_kerg.zip"",""source_record_id"":""ac5d62cc9df7c681cb39baecb6602a8a766e43fea3000c50fb434225cc007ca8:btw2021-w_kerg.csv:337:113"",""retrieved_at"":""2026-10-01T23:21:39.584Z"",""raw_snapshot"":{""path"":""docs/political-data/raw/germany/2026-10-01T23-21-39-584Z_02e7077f9358c9ef/final-results.zip"",""sha256"":""02e7077f9358c9ef408741ee5d17123a43c28ea766b26a7ab338c08fcaeb7512""},""parser_version"":""germany-production-v1"",""parser_sha256"":""2a8eb3487f392ef83303e7fb9ff246e4c111a7e64a469a6aa9eb21461ae9b1a0"",""fields_covered"":[""derived_vote_share""],""published_or_derived"":""derived"",""formula"":""100 * second_votes / valid_second_votes"",""input_fields"":[""second_votes"",""el-de-bt-2021-09-26:valid_second_votes""]},{""source_id"":""src-de-bwl-historical-results"",""source_url"":""https://www.bundeswahlleiterin.de/dam/jcr/24d8e745-920d-431a-893a-12805bc7ef40/btw_ab49_datenbank_ergebnisse.csv"",""source_record_id"":""csv-record-480"",""retrieved_at"":""2026-10-01T23:20:00.007Z"",""raw_snapshot"":{""path"":""docs/political-data/raw/germany/2026-10-01T23-20-00-007Z_9efffc24b559679a/results.csv"",""sha256"":""9efffc24b559679ade291d8da63462e5523b43ac62064e759737c3ae01418484""},""parser_version"":""germany-production-v1"",""parser_sha256"":""2a8eb3487f392ef83303e7fb9ff246e4c111a7e64a469a6aa9eb21461ae9b1a0"",""fields_covered"":[""derived_seat_share""],""published_or_derived"":""derived"",""formula"":""100 * seats / total_seats; null remains null"",""input_fields"":[""seats"",""lg-de-bt-20:total_seats""]}]"
"er-ct-de-0165","germany","national","el-de-bt-2021-09-26","ct-de-0165","second_vote","46298387","735","7611","0","0.016439017627115173",,,"corrected_final_after_2024_02_11_repeat","[{""source_id"":""src-de-bwl-final-archive"",""source_url"":""https://www.bundeswahlleiterin.de/dam/jcr/ce2d2b6a-f211-4355-8eea-355c98cd4e47/btw_kerg.zip"",""source_record_id"":""ac5d62cc9df7c681cb39baecb6602a8a766e43fea3000c50fb434225cc007ca8:btw2021-w_kerg.csv:337:117"",""retrieved_at"":""2026-10-01T23:21:39.584Z"",""raw_snapshot"":{""path"":""docs/political-data/raw/germany/2026-10-01T23-21-39-584Z_02e7077f9358c9ef/final-results.zip"",""sha256"":""02e7077f9358c9ef408741ee5d17123a43c28ea766b26a7ab338c08fcaeb7512""},""parser_version"":""germany-production-v1"",""parser_sha256"":""2a8eb3487f392ef83303e7fb9ff246e4c111a7e64a469a6aa9eb21461ae9b1a0"",""fields_covered"":[""second_votes"",""registered_label_native""],""published_or_derived"":""published"",""source_member"":""btw2021-w_kerg.csv"",""source_member_sha256"":""ac5d62cc9df7c681cb39baecb6602a8a766e43fea3000c50fb434225cc007ca8"",""source_column"":117},{""source_id"":""src-de-bwl-historical-results"",""source_url"":""https://www.bundeswahlleiterin.de/dam/jcr/24d8e745-920d-431a-893a-12805bc7ef40/btw_ab49_datenbank_ergebnisse.csv"",""source_record_id"":""csv-record-375"",""retrieved_at"":""2026-10-01T23:20:00.007Z"",""raw_snapshot"":{""path"":""docs/political-data/raw/germany/2026-10-01T23-20-00-007Z_9efffc24b559679a/results.csv"",""sha256"":""9efffc24b559679ade291d8da63462e5523b43ac62064e759737c3ae01418484""},""parser_version"":""germany-production-v1"",""parser_sha256"":""2a8eb3487f392ef83303e7fb9ff246e4c111a7e64a469a6aa9eb21461ae9b1a0"",""fields_covered"":[""published_vote_share"",""seats""],""published_or_derived"":""published"",""columns"":[6,79],""compilation_label"":""Gartenpartei"",""alignment_basis"":""unique exact national second-vote count in the same election; not party identity""},{""source_id"":""src-de-bwl-historical-results"",""source_url"":""https://www.bundeswahlleiterin.de/dam/jcr/24d8e745-920d-431a-893a-12805bc7ef40/btw_ab49_datenbank_ergebnisse.csv"",""source_record_id"":""csv-record-91"",""retrieved_at"":""2026-10-01T23:20:00.007Z"",""raw_snapshot"":{""path"":""docs/political-data/raw/germany/2026-10-01T23-20-00-007Z_9efffc24b559679a/results.csv"",""sha256"":""9efffc24b559679ade291d8da63462e5523b43ac62064e759737c3ae01418484""},""parser_version"":""germany-production-v1"",""parser_sha256"":""2a8eb3487f392ef83303e7fb9ff246e4c111a7e64a469a6aa9eb21461ae9b1a0"",""fields_covered"":[""total_seats"",""valid_second_votes""],""published_or_derived"":""published"",""columns"":[4,79]},{""source_id"":""src-de-bwl-final-archive"",""source_url"":""https://www.bundeswahlleiterin.de/dam/jcr/ce2d2b6a-f211-4355-8eea-355c98cd4e47/btw_kerg.zip"",""source_record_id"":""ac5d62cc9df7c681cb39baecb6602a8a766e43fea3000c50fb434225cc007ca8:btw2021-w_kerg.csv:337:117"",""retrieved_at"":""2026-10-01T23:21:39.584Z"",""raw_snapshot"":{""path"":""docs/political-data/raw/germany/2026-10-01T23-21-39-584Z_02e7077f9358c9ef/final-results.zip"",""sha256"":""02e7077f9358c9ef408741ee5d17123a43c28ea766b26a7ab338c08fcaeb7512""},""parser_version"":""germany-production-v1"",""parser_sha256"":""2a8eb3487f392ef83303e7fb9ff246e4c111a7e64a469a6aa9eb21461ae9b1a0"",""fields_covered"":[""derived_vote_share""],""published_or_derived"":""derived"",""formula"":""100 * second_votes / valid_second_votes"",""input_fields"":[""second_votes"",""el-de-bt-2021-09-26:valid_second_votes""]},{""source_id"":""src-de-bwl-historical-results"",""source_url"":""https://www.bundeswahlleiterin.de/dam/jcr/24d8e745-920d-431a-893a-12805bc7ef40/btw_ab49_datenbank_ergebnisse.csv"",""source_record_id"":""csv-record-375"",""retrieved_at"":""2026-10-01T23:20:00.007Z"",""raw_snapshot"":{""path"":""docs/political-data/raw/germany/2026-10-01T23-20-00-007Z_9efffc24b559679a/results.csv"",""sha256"":""9efffc24b559679ade291d8da63462e5523b43ac62064e759737c3ae01418484""},""parser_version"":""germany-production-v1"",""parser_sha256"":""2a8eb3487f392ef83303e7fb9ff246e4c111a7e64a469a6aa9eb21461ae9b1a0"",""fields_covered"":[""derived_seat_share""],""published_or_derived"":""derived"",""formula"":""100 * seats / total_seats; null remains null"",""input_fields"":[""seats"",""lg-de-bt-20:total_seats""]}]"
"er-ct-de-0166","germany","national","el-de-bt-2021-09-26","ct-de-0166","second_vote","46298387","735","17738","0","0.038312349844930885",,,"corrected_final_after_2024_02_11_repeat","[{""source_id"":""src-de-bwl-final-archive"",""source_url"":""https://www.bundeswahlleiterin.de/dam/jcr/ce2d2b6a-f211-4355-8eea-355c98cd4e47/btw_kerg.zip"",""source_record_id"":""ac5d62cc9df7c681cb39baecb6602a8a766e43fea3000c50fb434225cc007ca8:btw2021-w_kerg.csv:337:121"",""retrieved_at"":""2026-10-01T23:21:39.584Z"",""raw_snapshot"":{""path"":""docs/political-data/raw/germany/2026-10-01T23-21-39-584Z_02e7077f9358c9ef/final-results.zip"",""sha256"":""02e7077f9358c9ef408741ee5d17123a43c28ea766b26a7ab338c08fcaeb7512""},""parser_version"":""germany-production-v1"",""parser_sha256"":""2a8eb3487f392ef83303e7fb9ff246e4c111a7e64a469a6aa9eb21461ae9b1a0"",""fields_covered"":[""second_votes"",""registered_label_native""],""published_or_derived"":""published"",""source_member"":""btw2021-w_kerg.csv"",""source_member_sha256"":""ac5d62cc9df7c681cb39baecb6602a8a766e43fea3000c50fb434225cc007ca8"",""source_column"":121},{""source_id"":""src-de-bwl-historical-results"",""source_url"":""https://www.bundeswahlleiterin.de/dam/jcr/24d8e745-920d-431a-893a-12805bc7ef40/btw_ab49_datenbank_ergebnisse.csv"",""source_record_id"":""csv-record-338"",""retrieved_at"":""2026-10-01T23:20:00.007Z"",""raw_snapshot"":{""path"":""docs/political-data/raw/germany/2026-10-01T23-20-00-007Z_9efffc24b559679a/results.csv"",""sha256"":""9efffc24b559679ade291d8da63462e5523b43ac62064e759737c3ae01418484""},""parser_version"":""germany-production-v1"",""parser_sha256"":""2a8eb3487f392ef83303e7fb9ff246e4c111a7e64a469a6aa9eb21461ae9b1a0"",""fields_covered"":[""published_vote_share"",""seats""],""published_or_derived"":""published"",""columns"":[6,79],""compilation_label"":""du."",""alignment_basis"":""unique exact national second-vote count in the same election; not party identity""},{""source_id"":""src-de-bwl-historical-results"",""source_url"":""https://www.bundeswahlleiterin.de/dam/jcr/24d8e745-920d-431a-893a-12805bc7ef40/btw_ab49_datenbank_ergebnisse.csv"",""source_record_id"":""csv-record-91"",""retrieved_at"":""2026-10-01T23:20:00.007Z"",""raw_snapshot"":{""path"":""docs/political-data/raw/germany/2026-10-01T23-20-00-007Z_9efffc24b559679a/results.csv"",""sha256"":""9efffc24b559679ade291d8da63462e5523b43ac62064e759737c3ae01418484""},""parser_version"":""germany-production-v1"",""parser_sha256"":""2a8eb3487f392ef83303e7fb9ff246e4c111a7e64a469a6aa9eb21461ae9b1a0"",""fields_covered"":[""total_seats"",""valid_second_votes""],""published_or_derived"":""published"",""columns"":[4,79]},{""source_id"":""src-de-bwl-final-archive"",""source_url"":""https://www.bundeswahlleiterin.de/dam/jcr/ce2d2b6a-f211-4355-8eea-355c98cd4e47/btw_kerg.zip"",""source_record_id"":""ac5d62cc9df7c681cb39baecb6602a8a766e43fea3000c50fb434225cc007ca8:btw2021-w_kerg.csv:337:121"",""retrieved_at"":""2026-10-01T23:21:39.584Z"",""raw_snapshot"":{""path"":""docs/political-data/raw/germany/2026-10-01T23-21-39-584Z_02e7077f9358c9ef/final-results.zip"",""sha256"":""02e7077f9358c9ef408741ee5d17123a43c28ea766b26a7ab338c08fcaeb7512""},""parser_version"":""germany-production-v1"",""parser_sha256"":""2a8eb3487f392ef83303e7fb9ff246e4c111a7e64a469a6aa9eb21461ae9b1a0"",""fields_covered"":[""derived_vote_share""],""published_or_derived"":""derived"",""formula"":""100 * second_votes / valid_second_votes"",""input_fields"":[""second_votes"",""el-de-bt-2021-09-26:valid_second_votes""]},{""source_id"":""src-de-bwl-historical-results"",""source_url"":""https://www.bundeswahlleiterin.de/dam/jcr/24d8e745-920d-431a-893a-12805bc7ef40/btw_ab49_datenbank_ergebnisse.csv"",""source_record_id"":""csv-record-338"",""retrieved_at"":""2026-10-01T23:20:00.007Z"",""raw_snapshot"":{""path"":""docs/political-data/raw/germany/2026-10-01T23-20-00-007Z_9efffc24b559679a/results.csv"",""sha256"":""9efffc24b559679ade291d8da63462e5523b43ac62064e759737c3ae01418484""},""parser_version"":""germany-production-v1"",""parser_sha256"":""2a8eb3487f392ef83303e7fb9ff246e4c111a7e64a469a6aa9eb21461ae9b1a0"",""fields_covered"":[""derived_seat_share""],""published_or_derived"":""derived"",""formula"":""100 * seats / total_seats; null remains null"",""input_fields"":[""seats"",""lg-de-bt-20:total_seats""]}]"
"er-ct-de-0167","germany","national","el-de-bt-2021-09-26","ct-de-0167","second_vote","46298387","735","1399","0","0.0030217035422853934",,,"corrected_final_after_2024_02_11_repeat","[{""source_id"":""src-de-bwl-final-archive"",""source_url"":""https://www.bundeswahlleiterin.de/dam/jcr/ce2d2b6a-f211-4355-8eea-355c98cd4e47/btw_kerg.zip"",""source_record_id"":""ac5d62cc9df7c681cb39baecb6602a8a766e43fea3000c50fb434225cc007ca8:btw2021-w_kerg.csv:337:125"",""retrieved_at"":""2026-10-01T23:21:39.584Z"",""raw_snapshot"":{""path"":""docs/political-data/raw/germany/2026-10-01T23-21-39-584Z_02e7077f9358c9ef/final-results.zip"",""sha256"":""02e7077f9358c9ef408741ee5d17123a43c28ea766b26a7ab338c08fcaeb7512""},""parser_version"":""germany-production-v1"",""parser_sha256"":""2a8eb3487f392ef83303e7fb9ff246e4c111a7e64a469a6aa9eb21461ae9b1a0"",""fields_covered"":[""second_votes"",""registered_label_native""],""published_or_derived"":""published"",""source_member"":""btw2021-w_kerg.csv"",""source_member_sha256"":""ac5d62cc9df7c681cb39baecb6602a8a766e43fea3000c50fb434225cc007ca8"",""source_column"":125},{""source_id"":""src-de-bwl-historical-results"",""source_url"":""https://www.bundeswahlleiterin.de/dam/jcr/24d8e745-920d-431a-893a-12805bc7ef40/btw_ab49_datenbank_ergebnisse.csv"",""source_record_id"":""csv-record-512"",""retrieved_at"":""2026-10-01T23:20:00.007Z"",""raw_snapshot"":{""path"":""docs/political-data/raw/germany/2026-10-01T23-20-00-007Z_9efffc24b559679a/results.csv"",""sha256"":""9efffc24b559679ade291d8da63462e5523b43ac62064e759737c3ae01418484""},""parser_version"":""germany-production-v1"",""parser_sha256"":""2a8eb3487f392ef83303e7fb9ff246e4c111a7e64a469a6aa9eb21461ae9b1a0"",""fields_covered"":[""published_vote_share"",""seats""],""published_or_derived"":""published"",""columns"":[6,79],""compilation_label"":""SGP"",""alignment_basis"":""unique exact national second-vote count in the same election; not party identity""},{""source_id"":""src-de-bwl-historical-results"",""source_url"":""https://www.bundeswahlleiterin.de/dam/jcr/24d8e745-920d-431a-893a-12805bc7ef40/btw_ab49_datenbank_ergebnisse.csv"",""source_record_id"":""csv-record-91"",""retrieved_at"":""2026-10-01T23:20:00.007Z"",""raw_snapshot"":{""path"":""docs/political-data/raw/germany/2026-10-01T23-20-00-007Z_9efffc24b559679a/results.csv"",""sha256"":""9efffc24b559679ade291d8da63462e5523b43ac62064e759737c3ae01418484""},""parser_version"":""germany-production-v1"",""parser_sha256"":""2a8eb3487f392ef83303e7fb9ff246e4c111a7e64a469a6aa9eb21461ae9b1a0"",""fields_covered"":[""total_seats"",""valid_second_votes""],""published_or_derived"":""published"",""columns"":[4,79]},{""source_id"":""src-de-bwl-final-archive"",""source_url"":""https://www.bundeswahlleiterin.de/dam/jcr/ce2d2b6a-f211-4355-8eea-355c98cd4e47/btw_kerg.zip"",""source_record_id"":""ac5d62cc9df7c681cb39baecb6602a8a766e43fea3000c50fb434225cc007ca8:btw2021-w_kerg.csv:337:125"",""retrieved_at"":""2026-10-01T23:21:39.584Z"",""raw_snapshot"":{""path"":""docs/political-data/raw/germany/2026-10-01T23-21-39-584Z_02e7077f9358c9ef/final-results.zip"",""sha256"":""02e7077f9358c9ef408741ee5d17123a43c28ea766b26a7ab338c08fcaeb7512""},""parser_version"":""germany-production-v1"",""parser_sha256"":""2a8eb3487f392ef83303e7fb9ff246e4c111a7e64a469a6aa9eb21461ae9b1a0"",""fields_covered"":[""derived_vote_share""],""published_or_derived"":""derived"",""formula"":""100 * second_votes / valid_second_votes"",""input_fields"":[""second_votes"",""el-de-bt-2021-09-26:valid_second_votes""]},{""source_id"":""src-de-bwl-historical-results"",""source_url"":""https://www.bundeswahlleiterin.de/dam/jcr/24d8e745-920d-431a-893a-12805bc7ef40/btw_ab49_datenbank_ergebnisse.csv"",""source_record_id"":""csv-record-512"",""retrieved_at"":""2026-10-01T23:20:00.007Z"",""raw_snapshot"":{""path"":""docs/political-data/raw/germany/2026-10-01T23-20-00-007Z_9efffc24b559679a/results.csv"",""sha256"":""9efffc24b559679ade291d8da63462e5523b43ac62064e759737c3ae01418484""},""parser_version"":""germany-production-v1"",""parser_sha256"":""2a8eb3487f392ef83303e7fb9ff246e4c111a7e64a469a6aa9eb21461ae9b1a0"",""fields_covered"":[""derived_seat_share""],""published_or_derived"":""derived"",""formula"":""100 * seats / total_seats; null remains null"",""input_fields"":[""seats"",""lg-de-bt-20:total_seats""]}]"
"er-ct-de-0168","germany","national","el-de-bt-2021-09-26","ct-de-0168","second_vote","46298387","735","630153","1.4","1.3610690152121283",,,"corrected_final_after_2024_02_11_repeat","[{""source_id"":""src-de-bwl-final-archive"",""source_url"":""https://www.bundeswahlleiterin.de/dam/jcr/ce2d2b6a-f211-4355-8eea-355c98cd4e47/btw_kerg.zip"",""source_record_id"":""ac5d62cc9df7c681cb39baecb6602a8a766e43fea3000c50fb434225cc007ca8:btw2021-w_kerg.csv:337:129"",""retrieved_at"":""2026-10-01T23:21:39.584Z"",""raw_snapshot"":{""path"":""docs/political-data/raw/germany/2026-10-01T23-21-39-584Z_02e7077f9358c9ef/final-results.zip"",""sha256"":""02e7077f9358c9ef408741ee5d17123a43c28ea766b26a7ab338c08fcaeb7512""},""parser_version"":""germany-production-v1"",""parser_sha256"":""2a8eb3487f392ef83303e7fb9ff246e4c111a7e64a469a6aa9eb21461ae9b1a0"",""fields_covered"":[""second_votes"",""registered_label_native""],""published_or_derived"":""published"",""source_member"":""btw2021-w_kerg.csv"",""source_member_sha256"":""ac5d62cc9df7c681cb39baecb6602a8a766e43fea3000c50fb434225cc007ca8"",""source_column"":129},{""source_id"":""src-de-bwl-historical-results"",""source_url"":""https://www.bundeswahlleiterin.de/dam/jcr/24d8e745-920d-431a-893a-12805bc7ef40/btw_ab49_datenbank_ergebnisse.csv"",""source_record_id"":""csv-record-307"",""retrieved_at"":""2026-10-01T23:20:00.007Z"",""raw_snapshot"":{""path"":""docs/political-data/raw/germany/2026-10-01T23-20-00-007Z_9efffc24b559679a/results.csv"",""sha256"":""9efffc24b559679ade291d8da63462e5523b43ac62064e759737c3ae01418484""},""parser_version"":""germany-production-v1"",""parser_sha256"":""2a8eb3487f392ef83303e7fb9ff246e4c111a7e64a469a6aa9eb21461ae9b1a0"",""fields_covered"":[""published_vote_share"",""seats""],""published_or_derived"":""published"",""columns"":[6,79],""compilation_label"":""dieBasis"",""alignment_basis"":""unique exact national second-vote count in the same election; not party identity""},{""source_id"":""src-de-bwl-historical-results"",""source_url"":""https://www.bundeswahlleiterin.de/dam/jcr/24d8e745-920d-431a-893a-12805bc7ef40/btw_ab49_datenbank_ergebnisse.csv"",""source_record_id"":""csv-record-91"",""retrieved_at"":""2026-10-01T23:20:00.007Z"",""raw_snapshot"":{""path"":""docs/political-data/raw/germany/2026-10-01T23-20-00-007Z_9efffc24b559679a/results.csv"",""sha256"":""9efffc24b559679ade291d8da63462e5523b43ac62064e759737c3ae01418484""},""parser_version"":""germany-production-v1"",""parser_sha256"":""2a8eb3487f392ef83303e7fb9ff246e4c111a7e64a469a6aa9eb21461ae9b1a0"",""fields_covered"":[""total_seats"",""valid_second_votes""],""published_or_derived"":""published"",""columns"":[4,79]},{""source_id"":""src-de-bwl-final-archive"",""source_url"":""https://www.bundeswahlleiterin.de/dam/jcr/ce2d2b6a-f211-4355-8eea-355c98cd4e47/btw_kerg.zip"",""source_record_id"":""ac5d62cc9df7c681cb39baecb6602a8a766e43fea3000c50fb434225cc007ca8:btw2021-w_kerg.csv:337:129"",""retrieved_at"":""2026-10-01T23:21:39.584Z"",""raw_snapshot"":{""path"":""docs/political-data/raw/germany/2026-10-01T23-21-39-584Z_02e7077f9358c9ef/final-results.zip"",""sha256"":""02e7077f9358c9ef408741ee5d17123a43c28ea766b26a7ab338c08fcaeb7512""},""parser_version"":""germany-production-v1"",""parser_sha256"":""2a8eb3487f392ef83303e7fb9ff246e4c111a7e64a469a6aa9eb21461ae9b1a0"",""fields_covered"":[""derived_vote_share""],""published_or_derived"":""derived"",""formula"":""100 * second_votes / valid_second_votes"",""input_fields"":[""second_votes"",""el-de-bt-2021-09-26:valid_second_votes""]},{""source_id"":""src-de-bwl-historical-results"",""source_url"":""https://www.bundeswahlleiterin.de/dam/jcr/24d8e745-920d-431a-893a-12805bc7ef40/btw_ab49_datenbank_ergebnisse.csv"",""source_record_id"":""csv-record-307"",""retrieved_at"":""2026-10-01T23:20:00.007Z"",""raw_snapshot"":{""path"":""docs/political-data/raw/germany/2026-10-01T23-20-00-007Z_9efffc24b559679a/results.csv"",""sha256"":""9efffc24b559679ade291d8da63462e5523b43ac62064e759737c3ae01418484""},""parser_version"":""germany-production-v1"",""parser_sha256"":""2a8eb3487f392ef83303e7fb9ff246e4c111a7e64a469a6aa9eb21461ae9b1a0"",""fields_covered"":[""derived_seat_share""],""published_or_derived"":""derived"",""formula"":""100 * seats / total_seats; null remains null"",""input_fields"":[""seats"",""lg-de-bt-20:total_seats""]}]"
"er-ct-de-0169","germany","national","el-de-bt-2021-09-26","ct-de-0169","second_vote","46298387","735","39868","0.1","0.08611099129652185",,,"corrected_final_after_2024_02_11_repeat","[{""source_id"":""src-de-bwl-final-archive"",""source_url"":""https://www.bundeswahlleiterin.de/dam/jcr/ce2d2b6a-f211-4355-8eea-355c98cd4e47/btw_kerg.zip"",""source_record_id"":""ac5d62cc9df7c681cb39baecb6602a8a766e43fea3000c50fb434225cc007ca8:btw2021-w_kerg.csv:337:133"",""retrieved_at"":""2026-10-01T23:21:39.584Z"",""raw_snapshot"":{""path"":""docs/political-data/raw/germany/2026-10-01T23-21-39-584Z_02e7077f9358c9ef/final-results.zip"",""sha256"":""02e7077f9358c9ef408741ee5d17123a43c28ea766b26a7ab338c08fcaeb7512""},""parser_version"":""germany-production-v1"",""parser_sha256"":""2a8eb3487f392ef83303e7fb9ff246e4c111a7e64a469a6aa9eb21461ae9b1a0"",""fields_covered"":[""second_votes"",""registered_label_native""],""published_or_derived"":""published"",""source_member"":""btw2021-w_kerg.csv"",""source_member_sha256"":""ac5d62cc9df7c681cb39baecb6602a8a766e43fea3000c50fb434225cc007ca8"",""source_column"":133},{""source_id"":""src-de-bwl-historical-results"",""source_url"":""https://www.bundeswahlleiterin.de/dam/jcr/24d8e745-920d-431a-893a-12805bc7ef40/btw_ab49_datenbank_ergebnisse.csv"",""source_record_id"":""csv-record-249"",""retrieved_at"":""2026-10-01T23:20:00.007Z"",""raw_snapshot"":{""path"":""docs/political-data/raw/germany/2026-10-01T23-20-00-007Z_9efffc24b559679a/results.csv"",""sha256"":""9efffc24b559679ade291d8da63462e5523b43ac62064e759737c3ae01418484""},""parser_version"":""germany-production-v1"",""parser_sha256"":""2a8eb3487f392ef83303e7fb9ff246e4c111a7e64a469a6aa9eb21461ae9b1a0"",""fields_covered"":[""published_vote_share"",""seats""],""published_or_derived"":""published"",""columns"":[6,79],""compilation_label"":""Bündnis C"",""alignment_basis"":""unique exact national second-vote count in the same election; not party identity""},{""source_id"":""src-de-bwl-historical-results"",""source_url"":""https://www.bundeswahlleiterin.de/dam/jcr/24d8e745-920d-431a-893a-12805bc7ef40/btw_ab49_datenbank_ergebnisse.csv"",""source_record_id"":""csv-record-91"",""retrieved_at"":""2026-10-01T23:20:00.007Z"",""raw_snapshot"":{""path"":""docs/political-data/raw/germany/2026-10-01T23-20-00-007Z_9efffc24b559679a/results.csv"",""sha256"":""9efffc24b559679ade291d8da63462e5523b43ac62064e759737c3ae01418484""},""parser_version"":""germany-production-v1"",""parser_sha256"":""2a8eb3487f392ef83303e7fb9ff246e4c111a7e64a469a6aa9eb21461ae9b1a0"",""fields_covered"":[""total_seats"",""valid_second_votes""],""published_or_derived"":""published"",""columns"":[4,79]},{""source_id"":""src-de-bwl-final-archive"",""source_url"":""https://www.bundeswahlleiterin.de/dam/jcr/ce2d2b6a-f211-4355-8eea-355c98cd4e47/btw_kerg.zip"",""source_record_id"":""ac5d62cc9df7c681cb39baecb6602a8a766e43fea3000c50fb434225cc007ca8:btw2021-w_kerg.csv:337:133"",""retrieved_at"":""2026-10-01T23:21:39.584Z"",""raw_snapshot"":{""path"":""docs/political-data/raw/germany/2026-10-01T23-21-39-584Z_02e7077f9358c9ef/final-results.zip"",""sha256"":""02e7077f9358c9ef408741ee5d17123a43c28ea766b26a7ab338c08fcaeb7512""},""parser_version"":""germany-production-v1"",""parser_sha256"":""2a8eb3487f392ef83303e7fb9ff246e4c111a7e64a469a6aa9eb21461ae9b1a0"",""fields_covered"":[""derived_vote_share""],""published_or_derived"":""derived"",""formula"":""100 * second_votes / valid_second_votes"",""input_fields"":[""second_votes"",""el-de-bt-2021-09-26:valid_second_votes""]},{""source_id"":""src-de-bwl-historical-results"",""source_url"":""https://www.bundeswahlleiterin.de/dam/jcr/24d8e745-920d-431a-893a-12805bc7ef40/btw_ab49_datenbank_ergebnisse.csv"",""source_record_id"":""csv-record-249"",""retrieved_at"":""2026-10-01T23:20:00.007Z"",""raw_snapshot"":{""path"":""docs/political-data/raw/germany/2026-10-01T23-20-00-007Z_9efffc24b559679a/results.csv"",""sha256"":""9efffc24b559679ade291d8da63462e5523b43ac62064e759737c3ae01418484""},""parser_version"":""germany-production-v1"",""parser_sha256"":""2a8eb3487f392ef83303e7fb9ff246e4c111a7e64a469a6aa9eb21461ae9b1a0"",""fields_covered"":[""derived_seat_share""],""published_or_derived"":""derived"",""formula"":""100 * seats / total_seats; null remains null"",""input_fields"":[""seats"",""lg-de-bt-20:total_seats""]}]"
"er-ct-de-0170","germany","national","el-de-bt-2021-09-26","ct-de-0170","second_vote","46298387","735","7491","0","0.016179829331851237",,,"corrected_final_after_2024_02_11_repeat","[{""source_id"":""src-de-bwl-final-archive"",""source_url"":""https://www.bundeswahlleiterin.de/dam/jcr/ce2d2b6a-f211-4355-8eea-355c98cd4e47/btw_kerg.zip"",""source_record_id"":""ac5d62cc9df7c681cb39baecb6602a8a766e43fea3000c50fb434225cc007ca8:btw2021-w_kerg.csv:337:137"",""retrieved_at"":""2026-10-01T23:21:39.584Z"",""raw_snapshot"":{""path"":""docs/political-data/raw/germany/2026-10-01T23-21-39-584Z_02e7077f9358c9ef/final-results.zip"",""sha256"":""02e7077f9358c9ef408741ee5d17123a43c28ea766b26a7ab338c08fcaeb7512""},""parser_version"":""germany-production-v1"",""parser_sha256"":""2a8eb3487f392ef83303e7fb9ff246e4c111a7e64a469a6aa9eb21461ae9b1a0"",""fields_covered"":[""second_votes"",""registered_label_native""],""published_or_derived"":""published"",""source_member"":""btw2021-w_kerg.csv"",""source_member_sha256"":""ac5d62cc9df7c681cb39baecb6602a8a766e43fea3000c50fb434225cc007ca8"",""source_column"":137},{""source_id"":""src-de-bwl-historical-results"",""source_url"":""https://www.bundeswahlleiterin.de/dam/jcr/24d8e745-920d-431a-893a-12805bc7ef40/btw_ab49_datenbank_ergebnisse.csv"",""source_record_id"":""csv-record-253"",""retrieved_at"":""2026-10-01T23:20:00.007Z"",""raw_snapshot"":{""path"":""docs/political-data/raw/germany/2026-10-01T23-20-00-007Z_9efffc24b559679a/results.csv"",""sha256"":""9efffc24b559679ade291d8da63462e5523b43ac62064e759737c3ae01418484""},""parser_version"":""germany-production-v1"",""parser_sha256"":""2a8eb3487f392ef83303e7fb9ff246e4c111a7e64a469a6aa9eb21461ae9b1a0"",""fields_covered"":[""published_vote_share"",""seats""],""published_or_derived"":""published"",""columns"":[6,79],""compilation_label"":""BÜRGERBEWEGUNG"",""alignment_basis"":""unique exact national second-vote count in the same election; not party identity""},{""source_id"":""src-de-bwl-historical-results"",""source_url"":""https://www.bundeswahlleiterin.de/dam/jcr/24d8e745-920d-431a-893a-12805bc7ef40/btw_ab49_datenbank_ergebnisse.csv"",""source_record_id"":""csv-record-91"",""retrieved_at"":""2026-10-01T23:20:00.007Z"",""raw_snapshot"":{""path"":""docs/political-data/raw/germany/2026-10-01T23-20-00-007Z_9efffc24b559679a/results.csv"",""sha256"":""9efffc24b559679ade291d8da63462e5523b43ac62064e759737c3ae01418484""},""parser_version"":""germany-production-v1"",""parser_sha256"":""2a8eb3487f392ef83303e7fb9ff246e4c111a7e64a469a6aa9eb21461ae9b1a0"",""fields_covered"":[""total_seats"",""valid_second_votes""],""published_or_derived"":""published"",""columns"":[4,79]},{""source_id"":""src-de-bwl-final-archive"",""source_url"":""https://www.bundeswahlleiterin.de/dam/jcr/ce2d2b6a-f211-4355-8eea-355c98cd4e47/btw_kerg.zip"",""source_record_id"":""ac5d62cc9df7c681cb39baecb6602a8a766e43fea3000c50fb434225cc007ca8:btw2021-w_kerg.csv:337:137"",""retrieved_at"":""2026-10-01T23:21:39.584Z"",""raw_snapshot"":{""path"":""docs/political-data/raw/germany/2026-10-01T23-21-39-584Z_02e7077f9358c9ef/final-results.zip"",""sha256"":""02e7077f9358c9ef408741ee5d17123a43c28ea766b26a7ab338c08fcaeb7512""},""parser_version"":""germany-production-v1"",""parser_sha256"":""2a8eb3487f392ef83303e7fb9ff246e4c111a7e64a469a6aa9eb21461ae9b1a0"",""fields_covered"":[""derived_vote_share""],""published_or_derived"":""derived"",""formula"":""100 * second_votes / valid_second_votes"",""input_fields"":[""second_votes"",""el-de-bt-2021-09-26:valid_second_votes""]},{""source_id"":""src-de-bwl-historical-results"",""source_url"":""https://www.bundeswahlleiterin.de/dam/jcr/24d8e745-920d-431a-893a-12805bc7ef40/btw_ab49_datenbank_ergebnisse.csv"",""source_record_id"":""csv-record-253"",""retrieved_at"":""2026-10-01T23:20:00.007Z"",""raw_snapshot"":{""path"":""docs/political-data/raw/germany/2026-10-01T23-20-00-007Z_9efffc24b559679a/results.csv"",""sha256"":""9efffc24b559679ade291d8da63462e5523b43ac62064e759737c3ae01418484""},""parser_version"":""germany-production-v1"",""parser_sha256"":""2a8eb3487f392ef83303e7fb9ff246e4c111a7e64a469a6aa9eb21461ae9b1a0"",""fields_covered"":[""derived_seat_share""],""published_or_derived"":""derived"",""formula"":""100 * seats / total_seats; null remains null"",""input_fields"":[""seats"",""lg-de-bt-20:total_seats""]}]"
"er-ct-de-0171","germany","national","el-de-bt-2021-09-26","ct-de-0171","second_vote","46298387","735","7832","0","0.016916356070892924",,,"corrected_final_after_2024_02_11_repeat","[{""source_id"":""src-de-bwl-final-archive"",""source_url"":""https://www.bundeswahlleiterin.de/dam/jcr/ce2d2b6a-f211-4355-8eea-355c98cd4e47/btw_kerg.zip"",""source_record_id"":""ac5d62cc9df7c681cb39baecb6602a8a766e43fea3000c50fb434225cc007ca8:btw2021-w_kerg.csv:337:141"",""retrieved_at"":""2026-10-01T23:21:39.584Z"",""raw_snapshot"":{""path"":""docs/political-data/raw/germany/2026-10-01T23-21-39-584Z_02e7077f9358c9ef/final-results.zip"",""sha256"":""02e7077f9358c9ef408741ee5d17123a43c28ea766b26a7ab338c08fcaeb7512""},""parser_version"":""germany-production-v1"",""parser_sha256"":""2a8eb3487f392ef83303e7fb9ff246e4c111a7e64a469a6aa9eb21461ae9b1a0"",""fields_covered"":[""second_votes"",""registered_label_native""],""published_or_derived"":""published"",""source_member"":""btw2021-w_kerg.csv"",""source_member_sha256"":""ac5d62cc9df7c681cb39baecb6602a8a766e43fea3000c50fb434225cc007ca8"",""source_column"":141},{""source_id"":""src-de-bwl-historical-results"",""source_url"":""https://www.bundeswahlleiterin.de/dam/jcr/24d8e745-920d-431a-893a-12805bc7ef40/btw_ab49_datenbank_ergebnisse.csv"",""source_record_id"":""csv-record-205"",""retrieved_at"":""2026-10-01T23:20:00.007Z"",""raw_snapshot"":{""path"":""docs/political-data/raw/germany/2026-10-01T23-20-00-007Z_9efffc24b559679a/results.csv"",""sha256"":""9efffc24b559679ade291d8da63462e5523b43ac62064e759737c3ae01418484""},""parser_version"":""germany-production-v1"",""parser_sha256"":""2a8eb3487f392ef83303e7fb9ff246e4c111a7e64a469a6aa9eb21461ae9b1a0"",""fields_covered"":[""published_vote_share"",""seats""],""published_or_derived"":""published"",""columns"":[6,79],""compilation_label"":""III. Weg"",""alignment_basis"":""unique exact national second-vote count in the same election; not party identity""},{""source_id"":""src-de-bwl-historical-results"",""source_url"":""https://www.bundeswahlleiterin.de/dam/jcr/24d8e745-920d-431a-893a-12805bc7ef40/btw_ab49_datenbank_ergebnisse.csv"",""source_record_id"":""csv-record-91"",""retrieved_at"":""2026-10-01T23:20:00.007Z"",""raw_snapshot"":{""path"":""docs/political-data/raw/germany/2026-10-01T23-20-00-007Z_9efffc24b559679a/results.csv"",""sha256"":""9efffc24b559679ade291d8da63462e5523b43ac62064e759737c3ae01418484""},""parser_version"":""germany-production-v1"",""parser_sha256"":""2a8eb3487f392ef83303e7fb9ff246e4c111a7e64a469a6aa9eb21461ae9b1a0"",""fields_covered"":[""total_seats"",""valid_second_votes""],""published_or_derived"":""published"",""columns"":[4,79]},{""source_id"":""src-de-bwl-final-archive"",""source_url"":""https://www.bundeswahlleiterin.de/dam/jcr/ce2d2b6a-f211-4355-8eea-355c98cd4e47/btw_kerg.zip"",""source_record_id"":""ac5d62cc9df7c681cb39baecb6602a8a766e43fea3000c50fb434225cc007ca8:btw2021-w_kerg.csv:337:141"",""retrieved_at"":""2026-10-01T23:21:39.584Z"",""raw_snapshot"":{""path"":""docs/political-data/raw/germany/2026-10-01T23-21-39-584Z_02e7077f9358c9ef/final-results.zip"",""sha256"":""02e7077f9358c9ef408741ee5d17123a43c28ea766b26a7ab338c08fcaeb7512""},""parser_version"":""germany-production-v1"",""parser_sha256"":""2a8eb3487f392ef83303e7fb9ff246e4c111a7e64a469a6aa9eb21461ae9b1a0"",""fields_covered"":[""derived_vote_share""],""published_or_derived"":""derived"",""formula"":""100 * second_votes / valid_second_votes"",""input_fields"":[""second_votes"",""el-de-bt-2021-09-26:valid_second_votes""]},{""source_id"":""src-de-bwl-historical-results"",""source_url"":""https://www.bundeswahlleiterin.de/dam/jcr/24d8e745-920d-431a-893a-12805bc7ef40/btw_ab49_datenbank_ergebnisse.csv"",""source_record_id"":""csv-record-205"",""retrieved_at"":""2026-10-01T23:20:00.007Z"",""raw_snapshot"":{""path"":""docs/political-data/raw/germany/2026-10-01T23-20-00-007Z_9efffc24b559679a/results.csv"",""sha256"":""9efffc24b559679ade291d8da63462e5523b43ac62064e759737c3ae01418484""},""parser_version"":""germany-production-v1"",""parser_sha256"":""2a8eb3487f392ef83303e7fb9ff246e4c111a7e64a469a6aa9eb21461ae9b1a0"",""fields_covered"":[""derived_seat_share""],""published_or_derived"":""derived"",""formula"":""100 * seats / total_seats; null remains null"",""input_fields"":[""seats"",""lg-de-bt-20:total_seats""]}]"
"er-ct-de-0172","germany","national","el-de-bt-2021-09-26","ct-de-0172","second_vote","46298387","735","3488","0","0.007533739782338422",,,"corrected_final_after_2024_02_11_repeat","[{""source_id"":""src-de-bwl-final-archive"",""source_url"":""https://www.bundeswahlleiterin.de/dam/jcr/ce2d2b6a-f211-4355-8eea-355c98cd4e47/btw_kerg.zip"",""source_record_id"":""ac5d62cc9df7c681cb39baecb6602a8a766e43fea3000c50fb434225cc007ca8:btw2021-w_kerg.csv:337:145"",""retrieved_at"":""2026-10-01T23:21:39.584Z"",""raw_snapshot"":{""path"":""docs/political-data/raw/germany/2026-10-01T23-21-39-584Z_02e7077f9358c9ef/final-results.zip"",""sha256"":""02e7077f9358c9ef408741ee5d17123a43c28ea766b26a7ab338c08fcaeb7512""},""parser_version"":""germany-production-v1"",""parser_sha256"":""2a8eb3487f392ef83303e7fb9ff246e4c111a7e64a469a6aa9eb21461ae9b1a0"",""fields_covered"":[""second_votes"",""registered_label_native""],""published_or_derived"":""published"",""source_member"":""btw2021-w_kerg.csv"",""source_member_sha256"":""ac5d62cc9df7c681cb39baecb6602a8a766e43fea3000c50fb434225cc007ca8"",""source_column"":145},{""source_id"":""src-de-bwl-historical-results"",""source_url"":""https://www.bundeswahlleiterin.de/dam/jcr/24d8e745-920d-431a-893a-12805bc7ef40/btw_ab49_datenbank_ergebnisse.csv"",""source_record_id"":""csv-record-252"",""retrieved_at"":""2026-10-01T23:20:00.007Z"",""raw_snapshot"":{""path"":""docs/political-data/raw/germany/2026-10-01T23-20-00-007Z_9efffc24b559679a/results.csv"",""sha256"":""9efffc24b559679ade291d8da63462e5523b43ac62064e759737c3ae01418484""},""parser_version"":""germany-production-v1"",""parser_sha256"":""2a8eb3487f392ef83303e7fb9ff246e4c111a7e64a469a6aa9eb21461ae9b1a0"",""fields_covered"":[""published_vote_share"",""seats""],""published_or_derived"":""published"",""columns"":[6,79],""compilation_label"":""BÜNDNIS21"",""alignment_basis"":""unique exact national second-vote count in the same election; not party identity""},{""source_id"":""src-de-bwl-historical-results"",""source_url"":""https://www.bundeswahlleiterin.de/dam/jcr/24d8e745-920d-431a-893a-12805bc7ef40/btw_ab49_datenbank_ergebnisse.csv"",""source_record_id"":""csv-record-91"",""retrieved_at"":""2026-10-01T23:20:00.007Z"",""raw_snapshot"":{""path"":""docs/political-data/raw/germany/2026-10-01T23-20-00-007Z_9efffc24b559679a/results.csv"",""sha256"":""9efffc24b559679ade291d8da63462e5523b43ac62064e759737c3ae01418484""},""parser_version"":""germany-production-v1"",""parser_sha256"":""2a8eb3487f392ef83303e7fb9ff246e4c111a7e64a469a6aa9eb21461ae9b1a0"",""fields_covered"":[""total_seats"",""valid_second_votes""],""published_or_derived"":""published"",""columns"":[4,79]},{""source_id"":""src-de-bwl-final-archive"",""source_url"":""https://www.bundeswahlleiterin.de/dam/jcr/ce2d2b6a-f211-4355-8eea-355c98cd4e47/btw_kerg.zip"",""source_record_id"":""ac5d62cc9df7c681cb39baecb6602a8a766e43fea3000c50fb434225cc007ca8:btw2021-w_kerg.csv:337:145"",""retrieved_at"":""2026-10-01T23:21:39.584Z"",""raw_snapshot"":{""path"":""docs/political-data/raw/germany/2026-10-01T23-21-39-584Z_02e7077f9358c9ef/final-results.zip"",""sha256"":""02e7077f9358c9ef408741ee5d17123a43c28ea766b26a7ab338c08fcaeb7512""},""parser_version"":""germany-production-v1"",""parser_sha256"":""2a8eb3487f392ef83303e7fb9ff246e4c111a7e64a469a6aa9eb21461ae9b1a0"",""fields_covered"":[""derived_vote_share""],""published_or_derived"":""derived"",""formula"":""100 * second_votes / valid_second_votes"",""input_fields"":[""second_votes"",""el-de-bt-2021-09-26:valid_second_votes""]},{""source_id"":""src-de-bwl-historical-results"",""source_url"":""https://www.bundeswahlleiterin.de/dam/jcr/24d8e745-920d-431a-893a-12805bc7ef40/btw_ab49_datenbank_ergebnisse.csv"",""source_record_id"":""csv-record-252"",""retrieved_at"":""2026-10-01T23:20:00.007Z"",""raw_snapshot"":{""path"":""docs/political-data/raw/germany/2026-10-01T23-20-00-007Z_9efffc24b559679a/results.csv"",""sha256"":""9efffc24b559679ade291d8da63462e5523b43ac62064e759737c3ae01418484""},""parser_version"":""germany-production-v1"",""parser_sha256"":""2a8eb3487f392ef83303e7fb9ff246e4c111a7e64a469a6aa9eb21461ae9b1a0"",""fields_covered"":[""derived_seat_share""],""published_or_derived"":""derived"",""formula"":""100 * seats / total_seats; null remains null"",""input_fields"":[""seats"",""lg-de-bt-20:total_seats""]}]"
"er-ct-de-0173","germany","national","el-de-bt-2021-09-26","ct-de-0173","second_vote","46298387","735","12967","0","0.028007455205728872",,,"corrected_final_after_2024_02_11_repeat","[{""source_id"":""src-de-bwl-final-archive"",""source_url"":""https://www.bundeswahlleiterin.de/dam/jcr/ce2d2b6a-f211-4355-8eea-355c98cd4e47/btw_kerg.zip"",""source_record_id"":""ac5d62cc9df7c681cb39baecb6602a8a766e43fea3000c50fb434225cc007ca8:btw2021-w_kerg.csv:337:149"",""retrieved_at"":""2026-10-01T23:21:39.584Z"",""raw_snapshot"":{""path"":""docs/political-data/raw/germany/2026-10-01T23-21-39-584Z_02e7077f9358c9ef/final-results.zip"",""sha256"":""02e7077f9358c9ef408741ee5d17123a43c28ea766b26a7ab338c08fcaeb7512""},""parser_version"":""germany-production-v1"",""parser_sha256"":""2a8eb3487f392ef83303e7fb9ff246e4c111a7e64a469a6aa9eb21461ae9b1a0"",""fields_covered"":[""second_votes"",""registered_label_native""],""published_or_derived"":""published"",""source_member"":""btw2021-w_kerg.csv"",""source_member_sha256"":""ac5d62cc9df7c681cb39baecb6602a8a766e43fea3000c50fb434225cc007ca8"",""source_column"":149},{""source_id"":""src-de-bwl-historical-results"",""source_url"":""https://www.bundeswahlleiterin.de/dam/jcr/24d8e745-920d-431a-893a-12805bc7ef40/btw_ab49_datenbank_ergebnisse.csv"",""source_record_id"":""csv-record-426"",""retrieved_at"":""2026-10-01T23:20:00.007Z"",""raw_snapshot"":{""path"":""docs/political-data/raw/germany/2026-10-01T23-20-00-007Z_9efffc24b559679a/results.csv"",""sha256"":""9efffc24b559679ade291d8da63462e5523b43ac62064e759737c3ae01418484""},""parser_version"":""germany-production-v1"",""parser_sha256"":""2a8eb3487f392ef83303e7fb9ff246e4c111a7e64a469a6aa9eb21461ae9b1a0"",""fields_covered"":[""published_vote_share"",""seats""],""published_or_derived"":""published"",""columns"":[6,79],""compilation_label"":""LIEBE"",""alignment_basis"":""unique exact national second-vote count in the same election; not party identity""},{""source_id"":""src-de-bwl-historical-results"",""source_url"":""https://www.bundeswahlleiterin.de/dam/jcr/24d8e745-920d-431a-893a-12805bc7ef40/btw_ab49_datenbank_ergebnisse.csv"",""source_record_id"":""csv-record-91"",""retrieved_at"":""2026-10-01T23:20:00.007Z"",""raw_snapshot"":{""path"":""docs/political-data/raw/germany/2026-10-01T23-20-00-007Z_9efffc24b559679a/results.csv"",""sha256"":""9efffc24b559679ade291d8da63462e5523b43ac62064e759737c3ae01418484""},""parser_version"":""germany-production-v1"",""parser_sha256"":""2a8eb3487f392ef83303e7fb9ff246e4c111a7e64a469a6aa9eb21461ae9b1a0"",""fields_covered"":[""total_seats"",""valid_second_votes""],""published_or_derived"":""published"",""columns"":[4,79]},{""source_id"":""src-de-bwl-final-archive"",""source_url"":""https://www.bundeswahlleiterin.de/dam/jcr/ce2d2b6a-f211-4355-8eea-355c98cd4e47/btw_kerg.zip"",""source_record_id"":""ac5d62cc9df7c681cb39baecb6602a8a766e43fea3000c50fb434225cc007ca8:btw2021-w_kerg.csv:337:149"",""retrieved_at"":""2026-10-01T23:21:39.584Z"",""raw_snapshot"":{""path"":""docs/political-data/raw/germany/2026-10-01T23-21-39-584Z_02e7077f9358c9ef/final-results.zip"",""sha256"":""02e7077f9358c9ef408741ee5d17123a43c28ea766b26a7ab338c08fcaeb7512""},""parser_version"":""germany-production-v1"",""parser_sha256"":""2a8eb3487f392ef83303e7fb9ff246e4c111a7e64a469a6aa9eb21461ae9b1a0"",""fields_covered"":[""derived_vote_share""],""published_or_derived"":""derived"",""formula"":""100 * second_votes / valid_second_votes"",""input_fields"":[""second_votes"",""el-de-bt-2021-09-26:valid_second_votes""]},{""source_id"":""src-de-bwl-historical-results"",""source_url"":""https://www.bundeswahlleiterin.de/dam/jcr/24d8e745-920d-431a-893a-12805bc7ef40/btw_ab49_datenbank_ergebnisse.csv"",""source_record_id"":""csv-record-426"",""retrieved_at"":""2026-10-01T23:20:00.007Z"",""raw_snapshot"":{""path"":""docs/political-data/raw/germany/2026-10-01T23-20-00-007Z_9efffc24b559679a/results.csv"",""sha256"":""9efffc24b559679ade291d8da63462e5523b43ac62064e759737c3ae01418484""},""parser_version"":""germany-production-v1"",""parser_sha256"":""2a8eb3487f392ef83303e7fb9ff246e4c111a7e64a469a6aa9eb21461ae9b1a0"",""fields_covered"":[""derived_seat_share""],""published_or_derived"":""derived"",""formula"":""100 * seats / total_seats; null remains null"",""input_fields"":[""seats"",""lg-de-bt-20:total_seats""]}]"
"er-ct-de-0174","germany","national","el-de-bt-2021-09-26","ct-de-0174","second_vote","46298387","735","11328","0","0.024467375072915607",,,"corrected_final_after_2024_02_11_repeat","[{""source_id"":""src-de-bwl-final-archive"",""source_url"":""https://www.bundeswahlleiterin.de/dam/jcr/ce2d2b6a-f211-4355-8eea-355c98cd4e47/btw_kerg.zip"",""source_record_id"":""ac5d62cc9df7c681cb39baecb6602a8a766e43fea3000c50fb434225cc007ca8:btw2021-w_kerg.csv:337:153"",""retrieved_at"":""2026-10-01T23:21:39.584Z"",""raw_snapshot"":{""path"":""docs/political-data/raw/germany/2026-10-01T23-21-39-584Z_02e7077f9358c9ef/final-results.zip"",""sha256"":""02e7077f9358c9ef408741ee5d17123a43c28ea766b26a7ab338c08fcaeb7512""},""parser_version"":""germany-production-v1"",""parser_sha256"":""2a8eb3487f392ef83303e7fb9ff246e4c111a7e64a469a6aa9eb21461ae9b1a0"",""fields_covered"":[""second_votes"",""registered_label_native""],""published_or_derived"":""published"",""source_member"":""btw2021-w_kerg.csv"",""source_member_sha256"":""ac5d62cc9df7c681cb39baecb6602a8a766e43fea3000c50fb434225cc007ca8"",""source_column"":153},{""source_id"":""src-de-bwl-historical-results"",""source_url"":""https://www.bundeswahlleiterin.de/dam/jcr/24d8e745-920d-431a-893a-12805bc7ef40/btw_ab49_datenbank_ergebnisse.csv"",""source_record_id"":""csv-record-572"",""retrieved_at"":""2026-10-01T23:20:00.007Z"",""raw_snapshot"":{""path"":""docs/political-data/raw/germany/2026-10-01T23-20-00-007Z_9efffc24b559679a/results.csv"",""sha256"":""9efffc24b559679ade291d8da63462e5523b43ac62064e759737c3ae01418484""},""parser_version"":""germany-production-v1"",""parser_sha256"":""2a8eb3487f392ef83303e7fb9ff246e4c111a7e64a469a6aa9eb21461ae9b1a0"",""fields_covered"":[""published_vote_share"",""seats""],""published_or_derived"":""published"",""columns"":[6,79],""compilation_label"":""Wir Bürger"",""alignment_basis"":""unique exact national second-vote count in the same election; not party identity""},{""source_id"":""src-de-bwl-historical-results"",""source_url"":""https://www.bundeswahlleiterin.de/dam/jcr/24d8e745-920d-431a-893a-12805bc7ef40/btw_ab49_datenbank_ergebnisse.csv"",""source_record_id"":""csv-record-91"",""retrieved_at"":""2026-10-01T23:20:00.007Z"",""raw_snapshot"":{""path"":""docs/political-data/raw/germany/2026-10-01T23-20-00-007Z_9efffc24b559679a/results.csv"",""sha256"":""9efffc24b559679ade291d8da63462e5523b43ac62064e759737c3ae01418484""},""parser_version"":""germany-production-v1"",""parser_sha256"":""2a8eb3487f392ef83303e7fb9ff246e4c111a7e64a469a6aa9eb21461ae9b1a0"",""fields_covered"":[""total_seats"",""valid_second_votes""],""published_or_derived"":""published"",""columns"":[4,79]},{""source_id"":""src-de-bwl-final-archive"",""source_url"":""https://www.bundeswahlleiterin.de/dam/jcr/ce2d2b6a-f211-4355-8eea-355c98cd4e47/btw_kerg.zip"",""source_record_id"":""ac5d62cc9df7c681cb39baecb6602a8a766e43fea3000c50fb434225cc007ca8:btw2021-w_kerg.csv:337:153"",""retrieved_at"":""2026-10-01T23:21:39.584Z"",""raw_snapshot"":{""path"":""docs/political-data/raw/germany/2026-10-01T23-21-39-584Z_02e7077f9358c9ef/final-results.zip"",""sha256"":""02e7077f9358c9ef408741ee5d17123a43c28ea766b26a7ab338c08fcaeb7512""},""parser_version"":""germany-production-v1"",""parser_sha256"":""2a8eb3487f392ef83303e7fb9ff246e4c111a7e64a469a6aa9eb21461ae9b1a0"",""fields_covered"":[""derived_vote_share""],""published_or_derived"":""derived"",""formula"":""100 * second_votes / valid_second_votes"",""input_fields"":[""second_votes"",""el-de-bt-2021-09-26:valid_second_votes""]},{""source_id"":""src-de-bwl-historical-results"",""source_url"":""https://www.bundeswahlleiterin.de/dam/jcr/24d8e745-920d-431a-893a-12805bc7ef40/btw_ab49_datenbank_ergebnisse.csv"",""source_record_id"":""csv-record-572"",""retrieved_at"":""2026-10-01T23:20:00.007Z"",""raw_snapshot"":{""path"":""docs/political-data/raw/germany/2026-10-01T23-20-00-007Z_9efffc24b559679a/results.csv"",""sha256"":""9efffc24b559679ade291d8da63462e5523b43ac62064e759737c3ae01418484""},""parser_version"":""germany-production-v1"",""parser_sha256"":""2a8eb3487f392ef83303e7fb9ff246e4c111a7e64a469a6aa9eb21461ae9b1a0"",""fields_covered"":[""derived_seat_share""],""published_or_derived"":""derived"",""formula"":""100 * seats / total_seats; null remains null"",""input_fields"":[""seats"",""lg-de-bt-20:total_seats""]}]"
"er-ct-de-0175","germany","national","el-de-bt-2021-09-26","ct-de-0175","second_vote","46298387","735","3228","0","0.006972165142599893",,,"corrected_final_after_2024_02_11_repeat","[{""source_id"":""src-de-bwl-final-archive"",""source_url"":""https://www.bundeswahlleiterin.de/dam/jcr/ce2d2b6a-f211-4355-8eea-355c98cd4e47/btw_kerg.zip"",""source_record_id"":""ac5d62cc9df7c681cb39baecb6602a8a766e43fea3000c50fb434225cc007ca8:btw2021-w_kerg.csv:337:157"",""retrieved_at"":""2026-10-01T23:21:39.584Z"",""raw_snapshot"":{""path"":""docs/political-data/raw/germany/2026-10-01T23-21-39-584Z_02e7077f9358c9ef/final-results.zip"",""sha256"":""02e7077f9358c9ef408741ee5d17123a43c28ea766b26a7ab338c08fcaeb7512""},""parser_version"":""germany-production-v1"",""parser_sha256"":""2a8eb3487f392ef83303e7fb9ff246e4c111a7e64a469a6aa9eb21461ae9b1a0"",""fields_covered"":[""second_votes"",""registered_label_native""],""published_or_derived"":""published"",""source_member"":""btw2021-w_kerg.csv"",""source_member_sha256"":""ac5d62cc9df7c681cb39baecb6602a8a766e43fea3000c50fb434225cc007ca8"",""source_column"":157},{""source_id"":""src-de-bwl-historical-results"",""source_url"":""https://www.bundeswahlleiterin.de/dam/jcr/24d8e745-920d-431a-893a-12805bc7ef40/btw_ab49_datenbank_ergebnisse.csv"",""source_record_id"":""csv-record-475"",""retrieved_at"":""2026-10-01T23:20:00.007Z"",""raw_snapshot"":{""path"":""docs/political-data/raw/germany/2026-10-01T23-20-00-007Z_9efffc24b559679a/results.csv"",""sha256"":""9efffc24b559679ade291d8da63462e5523b43ac62064e759737c3ae01418484""},""parser_version"":""germany-production-v1"",""parser_sha256"":""2a8eb3487f392ef83303e7fb9ff246e4c111a7e64a469a6aa9eb21461ae9b1a0"",""fields_covered"":[""published_vote_share"",""seats""],""published_or_derived"":""published"",""columns"":[6,79],""compilation_label"":""PdF"",""alignment_basis"":""unique exact national second-vote count in the same election; not party identity""},{""source_id"":""src-de-bwl-historical-results"",""source_url"":""https://www.bundeswahlleiterin.de/dam/jcr/24d8e745-920d-431a-893a-12805bc7ef40/btw_ab49_datenbank_ergebnisse.csv"",""source_record_id"":""csv-record-91"",""retrieved_at"":""2026-10-01T23:20:00.007Z"",""raw_snapshot"":{""path"":""docs/political-data/raw/germany/2026-10-01T23-20-00-007Z_9efffc24b559679a/results.csv"",""sha256"":""9efffc24b559679ade291d8da63462e5523b43ac62064e759737c3ae01418484""},""parser_version"":""germany-production-v1"",""parser_sha256"":""2a8eb3487f392ef83303e7fb9ff246e4c111a7e64a469a6aa9eb21461ae9b1a0"",""fields_covered"":[""total_seats"",""valid_second_votes""],""published_or_derived"":""published"",""columns"":[4,79]},{""source_id"":""src-de-bwl-final-archive"",""source_url"":""https://www.bundeswahlleiterin.de/dam/jcr/ce2d2b6a-f211-4355-8eea-355c98cd4e47/btw_kerg.zip"",""source_record_id"":""ac5d62cc9df7c681cb39baecb6602a8a766e43fea3000c50fb434225cc007ca8:btw2021-w_kerg.csv:337:157"",""retrieved_at"":""2026-10-01T23:21:39.584Z"",""raw_snapshot"":{""path"":""docs/political-data/raw/germany/2026-10-01T23-21-39-584Z_02e7077f9358c9ef/final-results.zip"",""sha256"":""02e7077f9358c9ef408741ee5d17123a43c28ea766b26a7ab338c08fcaeb7512""},""parser_version"":""germany-production-v1"",""parser_sha256"":""2a8eb3487f392ef83303e7fb9ff246e4c111a7e64a469a6aa9eb21461ae9b1a0"",""fields_covered"":[""derived_vote_share""],""published_or_derived"":""derived"",""formula"":""100 * second_votes / valid_second_votes"",""input_fields"":[""second_votes"",""el-de-bt-2021-09-26:valid_second_votes""]},{""source_id"":""src-de-bwl-historical-results"",""source_url"":""https://www.bundeswahlleiterin.de/dam/jcr/24d8e745-920d-431a-893a-12805bc7ef40/btw_ab49_datenbank_ergebnisse.csv"",""source_record_id"":""csv-record-475"",""retrieved_at"":""2026-10-01T23:20:00.007Z"",""raw_snapshot"":{""path"":""docs/political-data/raw/germany/2026-10-01T23-20-00-007Z_9efffc24b559679a/results.csv"",""sha256"":""9efffc24b559679ade291d8da63462e5523b43ac62064e759737c3ae01418484""},""parser_version"":""germany-production-v1"",""parser_sha256"":""2a8eb3487f392ef83303e7fb9ff246e4c111a7e64a469a6aa9eb21461ae9b1a0"",""fields_covered"":[""derived_seat_share""],""published_or_derived"":""derived"",""formula"":""100 * seats / total_seats; null remains null"",""input_fields"":[""seats"",""lg-de-bt-20:total_seats""]}]"
"er-ct-de-0176","germany","national","el-de-bt-2021-09-26","ct-de-0176","second_vote","46298387","735","9189","0","0.01984734370983594",,,"corrected_final_after_2024_02_11_repeat","[{""source_id"":""src-de-bwl-final-archive"",""source_url"":""https://www.bundeswahlleiterin.de/dam/jcr/ce2d2b6a-f211-4355-8eea-355c98cd4e47/btw_kerg.zip"",""source_record_id"":""ac5d62cc9df7c681cb39baecb6602a8a766e43fea3000c50fb434225cc007ca8:btw2021-w_kerg.csv:337:161"",""retrieved_at"":""2026-10-01T23:21:39.584Z"",""raw_snapshot"":{""path"":""docs/political-data/raw/germany/2026-10-01T23-21-39-584Z_02e7077f9358c9ef/final-results.zip"",""sha256"":""02e7077f9358c9ef408741ee5d17123a43c28ea766b26a7ab338c08fcaeb7512""},""parser_version"":""germany-production-v1"",""parser_sha256"":""2a8eb3487f392ef83303e7fb9ff246e4c111a7e64a469a6aa9eb21461ae9b1a0"",""fields_covered"":[""second_votes"",""registered_label_native""],""published_or_derived"":""published"",""source_member"":""btw2021-w_kerg.csv"",""source_member_sha256"":""ac5d62cc9df7c681cb39baecb6602a8a766e43fea3000c50fb434225cc007ca8"",""source_column"":161},{""source_id"":""src-de-bwl-historical-results"",""source_url"":""https://www.bundeswahlleiterin.de/dam/jcr/24d8e745-920d-431a-893a-12805bc7ef40/btw_ab49_datenbank_ergebnisse.csv"",""source_record_id"":""csv-record-425"",""retrieved_at"":""2026-10-01T23:20:00.007Z"",""raw_snapshot"":{""path"":""docs/political-data/raw/germany/2026-10-01T23-20-00-007Z_9efffc24b559679a/results.csv"",""sha256"":""9efffc24b559679ade291d8da63462e5523b43ac62064e759737c3ae01418484""},""parser_version"":""germany-production-v1"",""parser_sha256"":""2a8eb3487f392ef83303e7fb9ff246e4c111a7e64a469a6aa9eb21461ae9b1a0"",""fields_covered"":[""published_vote_share"",""seats""],""published_or_derived"":""published"",""columns"":[6,79],""compilation_label"":""LfK"",""alignment_basis"":""unique exact national second-vote count in the same election; not party identity""},{""source_id"":""src-de-bwl-historical-results"",""source_url"":""https://www.bundeswahlleiterin.de/dam/jcr/24d8e745-920d-431a-893a-12805bc7ef40/btw_ab49_datenbank_ergebnisse.csv"",""source_record_id"":""csv-record-91"",""retrieved_at"":""2026-10-01T23:20:00.007Z"",""raw_snapshot"":{""path"":""docs/political-data/raw/germany/2026-10-01T23-20-00-007Z_9efffc24b559679a/results.csv"",""sha256"":""9efffc24b559679ade291d8da63462e5523b43ac62064e759737c3ae01418484""},""parser_version"":""germany-production-v1"",""parser_sha256"":""2a8eb3487f392ef83303e7fb9ff246e4c111a7e64a469a6aa9eb21461ae9b1a0"",""fields_covered"":[""total_seats"",""valid_second_votes""],""published_or_derived"":""published"",""columns"":[4,79]},{""source_id"":""src-de-bwl-final-archive"",""source_url"":""https://www.bundeswahlleiterin.de/dam/jcr/ce2d2b6a-f211-4355-8eea-355c98cd4e47/btw_kerg.zip"",""source_record_id"":""ac5d62cc9df7c681cb39baecb6602a8a766e43fea3000c50fb434225cc007ca8:btw2021-w_kerg.csv:337:161"",""retrieved_at"":""2026-10-01T23:21:39.584Z"",""raw_snapshot"":{""path"":""docs/political-data/raw/germany/2026-10-01T23-21-39-584Z_02e7077f9358c9ef/final-results.zip"",""sha256"":""02e7077f9358c9ef408741ee5d17123a43c28ea766b26a7ab338c08fcaeb7512""},""parser_version"":""germany-production-v1"",""parser_sha256"":""2a8eb3487f392ef83303e7fb9ff246e4c111a7e64a469a6aa9eb21461ae9b1a0"",""fields_covered"":[""derived_vote_share""],""published_or_derived"":""derived"",""formula"":""100 * second_votes / valid_second_votes"",""input_fields"":[""second_votes"",""el-de-bt-2021-09-26:valid_second_votes""]},{""source_id"":""src-de-bwl-historical-results"",""source_url"":""https://www.bundeswahlleiterin.de/dam/jcr/24d8e745-920d-431a-893a-12805bc7ef40/btw_ab49_datenbank_ergebnisse.csv"",""source_record_id"":""csv-record-425"",""retrieved_at"":""2026-10-01T23:20:00.007Z"",""raw_snapshot"":{""path"":""docs/political-data/raw/germany/2026-10-01T23-20-00-007Z_9efffc24b559679a/results.csv"",""sha256"":""9efffc24b559679ade291d8da63462e5523b43ac62064e759737c3ae01418484""},""parser_version"":""germany-production-v1"",""parser_sha256"":""2a8eb3487f392ef83303e7fb9ff246e4c111a7e64a469a6aa9eb21461ae9b1a0"",""fields_covered"":[""derived_seat_share""],""published_or_derived"":""derived"",""formula"":""100 * seats / total_seats; null remains null"",""input_fields"":[""seats"",""lg-de-bt-20:total_seats""]}]"
"er-ct-de-0177","germany","national","el-de-bt-2021-09-26","ct-de-0177","second_vote","46298387","735","55578","0.1","0.1200430589514922","1","0.1360544217687075","corrected_final_after_2024_02_11_repeat","[{""source_id"":""src-de-bwl-final-archive"",""source_url"":""https://www.bundeswahlleiterin.de/dam/jcr/ce2d2b6a-f211-4355-8eea-355c98cd4e47/btw_kerg.zip"",""source_record_id"":""ac5d62cc9df7c681cb39baecb6602a8a766e43fea3000c50fb434225cc007ca8:btw2021-w_kerg.csv:337:165"",""retrieved_at"":""2026-10-01T23:21:39.584Z"",""raw_snapshot"":{""path"":""docs/political-data/raw/germany/2026-10-01T23-21-39-584Z_02e7077f9358c9ef/final-results.zip"",""sha256"":""02e7077f9358c9ef408741ee5d17123a43c28ea766b26a7ab338c08fcaeb7512""},""parser_version"":""germany-production-v1"",""parser_sha256"":""2a8eb3487f392ef83303e7fb9ff246e4c111a7e64a469a6aa9eb21461ae9b1a0"",""fields_covered"":[""second_votes"",""registered_label_native""],""published_or_derived"":""published"",""source_member"":""btw2021-w_kerg.csv"",""source_member_sha256"":""ac5d62cc9df7c681cb39baecb6602a8a766e43fea3000c50fb434225cc007ca8"",""source_column"":165},{""source_id"":""src-de-bwl-historical-results"",""source_url"":""https://www.bundeswahlleiterin.de/dam/jcr/24d8e745-920d-431a-893a-12805bc7ef40/btw_ab49_datenbank_ergebnisse.csv"",""source_record_id"":""csv-record-521"",""retrieved_at"":""2026-10-01T23:20:00.007Z"",""raw_snapshot"":{""path"":""docs/political-data/raw/germany/2026-10-01T23-20-00-007Z_9efffc24b559679a/results.csv"",""sha256"":""9efffc24b559679ade291d8da63462e5523b43ac62064e759737c3ae01418484""},""parser_version"":""germany-production-v1"",""parser_sha256"":""2a8eb3487f392ef83303e7fb9ff246e4c111a7e64a469a6aa9eb21461ae9b1a0"",""fields_covered"":[""published_vote_share"",""seats""],""published_or_derived"":""published"",""columns"":[6,79],""compilation_label"":""SSW"",""alignment_basis"":""unique exact national second-vote count in the same election; not party identity""},{""source_id"":""src-de-bwl-historical-results"",""source_url"":""https://www.bundeswahlleiterin.de/dam/jcr/24d8e745-920d-431a-893a-12805bc7ef40/btw_ab49_datenbank_ergebnisse.csv"",""source_record_id"":""csv-record-91"",""retrieved_at"":""2026-10-01T23:20:00.007Z"",""raw_snapshot"":{""path"":""docs/political-data/raw/germany/2026-10-01T23-20-00-007Z_9efffc24b559679a/results.csv"",""sha256"":""9efffc24b559679ade291d8da63462e5523b43ac62064e759737c3ae01418484""},""parser_version"":""germany-production-v1"",""parser_sha256"":""2a8eb3487f392ef83303e7fb9ff246e4c111a7e64a469a6aa9eb21461ae9b1a0"",""fields_covered"":[""total_seats"",""valid_second_votes""],""published_or_derived"":""published"",""columns"":[4,79]},{""source_id"":""src-de-bwl-final-archive"",""source_url"":""https://www.bundeswahlleiterin.de/dam/jcr/ce2d2b6a-f211-4355-8eea-355c98cd4e47/btw_kerg.zip"",""source_record_id"":""ac5d62cc9df7c681cb39baecb6602a8a766e43fea3000c50fb434225cc007ca8:btw2021-w_kerg.csv:337:165"",""retrieved_at"":""2026-10-01T23:21:39.584Z"",""raw_snapshot"":{""path"":""docs/political-data/raw/germany/2026-10-01T23-21-39-584Z_02e7077f9358c9ef/final-results.zip"",""sha256"":""02e7077f9358c9ef408741ee5d17123a43c28ea766b26a7ab338c08fcaeb7512""},""parser_version"":""germany-production-v1"",""parser_sha256"":""2a8eb3487f392ef83303e7fb9ff246e4c111a7e64a469a6aa9eb21461ae9b1a0"",""fields_covered"":[""derived_vote_share""],""published_or_derived"":""derived"",""formula"":""100 * second_votes / valid_second_votes"",""input_fields"":[""second_votes"",""el-de-bt-2021-09-26:valid_second_votes""]},{""source_id"":""src-de-bwl-historical-results"",""source_url"":""https://www.bundeswahlleiterin.de/dam/jcr/24d8e745-920d-431a-893a-12805bc7ef40/btw_ab49_datenbank_ergebnisse.csv"",""source_record_id"":""csv-record-521"",""retrieved_at"":""2026-10-01T23:20:00.007Z"",""raw_snapshot"":{""path"":""docs/political-data/raw/germany/2026-10-01T23-20-00-007Z_9efffc24b559679a/results.csv"",""sha256"":""9efffc24b559679ade291d8da63462e5523b43ac62064e759737c3ae01418484""},""parser_version"":""germany-production-v1"",""parser_sha256"":""2a8eb3487f392ef83303e7fb9ff246e4c111a7e64a469a6aa9eb21461ae9b1a0"",""fields_covered"":[""derived_seat_share""],""published_or_derived"":""derived"",""formula"":""100 * seats / total_seats; null remains null"",""input_fields"":[""seats"",""lg-de-bt-20:total_seats""]}]"
"er-ct-de-0178","germany","national","el-de-bt-2021-09-26","ct-de-0178","second_vote","46298387","735","211854","0.5","0.45758397587371674",,,"corrected_final_after_2024_02_11_repeat","[{""source_id"":""src-de-bwl-final-archive"",""source_url"":""https://www.bundeswahlleiterin.de/dam/jcr/ce2d2b6a-f211-4355-8eea-355c98cd4e47/btw_kerg.zip"",""source_record_id"":""ac5d62cc9df7c681cb39baecb6602a8a766e43fea3000c50fb434225cc007ca8:btw2021-w_kerg.csv:337:169"",""retrieved_at"":""2026-10-01T23:21:39.584Z"",""raw_snapshot"":{""path"":""docs/political-data/raw/germany/2026-10-01T23-21-39-584Z_02e7077f9358c9ef/final-results.zip"",""sha256"":""02e7077f9358c9ef408741ee5d17123a43c28ea766b26a7ab338c08fcaeb7512""},""parser_version"":""germany-production-v1"",""parser_sha256"":""2a8eb3487f392ef83303e7fb9ff246e4c111a7e64a469a6aa9eb21461ae9b1a0"",""fields_covered"":[""second_votes"",""registered_label_native""],""published_or_derived"":""published"",""source_member"":""btw2021-w_kerg.csv"",""source_member_sha256"":""ac5d62cc9df7c681cb39baecb6602a8a766e43fea3000c50fb434225cc007ca8"",""source_column"":169},{""source_id"":""src-de-bwl-historical-results"",""source_url"":""https://www.bundeswahlleiterin.de/dam/jcr/24d8e745-920d-431a-893a-12805bc7ef40/btw_ab49_datenbank_ergebnisse.csv"",""source_record_id"":""csv-record-526"",""retrieved_at"":""2026-10-01T23:20:00.007Z"",""raw_snapshot"":{""path"":""docs/political-data/raw/germany/2026-10-01T23-20-00-007Z_9efffc24b559679a/results.csv"",""sha256"":""9efffc24b559679ade291d8da63462e5523b43ac62064e759737c3ae01418484""},""parser_version"":""germany-production-v1"",""parser_sha256"":""2a8eb3487f392ef83303e7fb9ff246e4c111a7e64a469a6aa9eb21461ae9b1a0"",""fields_covered"":[""published_vote_share"",""seats""],""published_or_derived"":""published"",""columns"":[6,79],""compilation_label"":""Team Todenhöfer"",""alignment_basis"":""unique exact national second-vote count in the same election; not party identity""},{""source_id"":""src-de-bwl-historical-results"",""source_url"":""https://www.bundeswahlleiterin.de/dam/jcr/24d8e745-920d-431a-893a-12805bc7ef40/btw_ab49_datenbank_ergebnisse.csv"",""source_record_id"":""csv-record-91"",""retrieved_at"":""2026-10-01T23:20:00.007Z"",""raw_snapshot"":{""path"":""docs/political-data/raw/germany/2026-10-01T23-20-00-007Z_9efffc24b559679a/results.csv"",""sha256"":""9efffc24b559679ade291d8da63462e5523b43ac62064e759737c3ae01418484""},""parser_version"":""germany-production-v1"",""parser_sha256"":""2a8eb3487f392ef83303e7fb9ff246e4c111a7e64a469a6aa9eb21461ae9b1a0"",""fields_covered"":[""total_seats"",""valid_second_votes""],""published_or_derived"":""published"",""columns"":[4,79]},{""source_id"":""src-de-bwl-final-archive"",""source_url"":""https://www.bundeswahlleiterin.de/dam/jcr/ce2d2b6a-f211-4355-8eea-355c98cd4e47/btw_kerg.zip"",""source_record_id"":""ac5d62cc9df7c681cb39baecb6602a8a766e43fea3000c50fb434225cc007ca8:btw2021-w_kerg.csv:337:169"",""retrieved_at"":""2026-10-01T23:21:39.584Z"",""raw_snapshot"":{""path"":""docs/political-data/raw/germany/2026-10-01T23-21-39-584Z_02e7077f9358c9ef/final-results.zip"",""sha256"":""02e7077f9358c9ef408741ee5d17123a43c28ea766b26a7ab338c08fcaeb7512""},""parser_version"":""germany-production-v1"",""parser_sha256"":""2a8eb3487f392ef83303e7fb9ff246e4c111a7e64a469a6aa9eb21461ae9b1a0"",""fields_covered"":[""derived_vote_share""],""published_or_derived"":""derived"",""formula"":""100 * second_votes / valid_second_votes"",""input_fields"":[""second_votes"",""el-de-bt-2021-09-26:valid_second_votes""]},{""source_id"":""src-de-bwl-historical-results"",""source_url"":""https://www.bundeswahlleiterin.de/dam/jcr/24d8e745-920d-431a-893a-12805bc7ef40/btw_ab49_datenbank_ergebnisse.csv"",""source_record_id"":""csv-record-526"",""retrieved_at"":""2026-10-01T23:20:00.007Z"",""raw_snapshot"":{""path"":""docs/political-data/raw/germany/2026-10-01T23-20-00-007Z_9efffc24b559679a/results.csv"",""sha256"":""9efffc24b559679ade291d8da63462e5523b43ac62064e759737c3ae01418484""},""parser_version"":""germany-production-v1"",""parser_sha256"":""2a8eb3487f392ef83303e7fb9ff246e4c111a7e64a469a6aa9eb21461ae9b1a0"",""fields_covered"":[""derived_seat_share""],""published_or_derived"":""derived"",""formula"":""100 * seats / total_seats; null remains null"",""input_fields"":[""seats"",""lg-de-bt-20:total_seats""]}]"
"er-ct-de-0179","germany","national","el-de-bt-2021-09-26","ct-de-0179","second_vote","46298387","735","22736","0","0.04910754234267384",,,"corrected_final_after_2024_02_11_repeat","[{""source_id"":""src-de-bwl-final-archive"",""source_url"":""https://www.bundeswahlleiterin.de/dam/jcr/ce2d2b6a-f211-4355-8eea-355c98cd4e47/btw_kerg.zip"",""source_record_id"":""ac5d62cc9df7c681cb39baecb6602a8a766e43fea3000c50fb434225cc007ca8:btw2021-w_kerg.csv:337:173"",""retrieved_at"":""2026-10-01T23:21:39.584Z"",""raw_snapshot"":{""path"":""docs/political-data/raw/germany/2026-10-01T23-21-39-584Z_02e7077f9358c9ef/final-results.zip"",""sha256"":""02e7077f9358c9ef408741ee5d17123a43c28ea766b26a7ab338c08fcaeb7512""},""parser_version"":""germany-production-v1"",""parser_sha256"":""2a8eb3487f392ef83303e7fb9ff246e4c111a7e64a469a6aa9eb21461ae9b1a0"",""fields_covered"":[""second_votes"",""registered_label_native""],""published_or_derived"":""published"",""source_member"":""btw2021-w_kerg.csv"",""source_member_sha256"":""ac5d62cc9df7c681cb39baecb6602a8a766e43fea3000c50fb434225cc007ca8"",""source_column"":173},{""source_id"":""src-de-bwl-historical-results"",""source_url"":""https://www.bundeswahlleiterin.de/dam/jcr/24d8e745-920d-431a-893a-12805bc7ef40/btw_ab49_datenbank_ergebnisse.csv"",""source_record_id"":""csv-record-548"",""retrieved_at"":""2026-10-01T23:20:00.007Z"",""raw_snapshot"":{""path"":""docs/political-data/raw/germany/2026-10-01T23-20-00-007Z_9efffc24b559679a/results.csv"",""sha256"":""9efffc24b559679ade291d8da63462e5523b43ac62064e759737c3ae01418484""},""parser_version"":""germany-production-v1"",""parser_sha256"":""2a8eb3487f392ef83303e7fb9ff246e4c111a7e64a469a6aa9eb21461ae9b1a0"",""fields_covered"":[""published_vote_share"",""seats""],""published_or_derived"":""published"",""columns"":[6,79],""compilation_label"":""UNABHÄNGIGE"",""alignment_basis"":""unique exact national second-vote count in the same election; not party identity""},{""source_id"":""src-de-bwl-historical-results"",""source_url"":""https://www.bundeswahlleiterin.de/dam/jcr/24d8e745-920d-431a-893a-12805bc7ef40/btw_ab49_datenbank_ergebnisse.csv"",""source_record_id"":""csv-record-91"",""retrieved_at"":""2026-10-01T23:20:00.007Z"",""raw_snapshot"":{""path"":""docs/political-data/raw/germany/2026-10-01T23-20-00-007Z_9efffc24b559679a/results.csv"",""sha256"":""9efffc24b559679ade291d8da63462e5523b43ac62064e759737c3ae01418484""},""parser_version"":""germany-production-v1"",""parser_sha256"":""2a8eb3487f392ef83303e7fb9ff246e4c111a7e64a469a6aa9eb21461ae9b1a0"",""fields_covered"":[""total_seats"",""valid_second_votes""],""published_or_derived"":""published"",""columns"":[4,79]},{""source_id"":""src-de-bwl-final-archive"",""source_url"":""https://www.bundeswahlleiterin.de/dam/jcr/ce2d2b6a-f211-4355-8eea-355c98cd4e47/btw_kerg.zip"",""source_record_id"":""ac5d62cc9df7c681cb39baecb6602a8a766e43fea3000c50fb434225cc007ca8:btw2021-w_kerg.csv:337:173"",""retrieved_at"":""2026-10-01T23:21:39.584Z"",""raw_snapshot"":{""path"":""docs/political-data/raw/germany/2026-10-01T23-21-39-584Z_02e7077f9358c9ef/final-results.zip"",""sha256"":""02e7077f9358c9ef408741ee5d17123a43c28ea766b26a7ab338c08fcaeb7512""},""parser_version"":""germany-production-v1"",""parser_sha256"":""2a8eb3487f392ef83303e7fb9ff246e4c111a7e64a469a6aa9eb21461ae9b1a0"",""fields_covered"":[""derived_vote_share""],""published_or_derived"":""derived"",""formula"":""100 * second_votes / valid_second_votes"",""input_fields"":[""second_votes"",""el-de-bt-2021-09-26:valid_second_votes""]},{""source_id"":""src-de-bwl-historical-results"",""source_url"":""https://www.bundeswahlleiterin.de/dam/jcr/24d8e745-920d-431a-893a-12805bc7ef40/btw_ab49_datenbank_ergebnisse.csv"",""source_record_id"":""csv-record-548"",""retrieved_at"":""2026-10-01T23:20:00.007Z"",""raw_snapshot"":{""path"":""docs/political-data/raw/germany/2026-10-01T23-20-00-007Z_9efffc24b559679a/results.csv"",""sha256"":""9efffc24b559679ade291d8da63462e5523b43ac62064e759737c3ae01418484""},""parser_version"":""germany-production-v1"",""parser_sha256"":""2a8eb3487f392ef83303e7fb9ff246e4c111a7e64a469a6aa9eb21461ae9b1a0"",""fields_covered"":[""derived_seat_share""],""published_or_derived"":""derived"",""formula"":""100 * seats / total_seats; null remains null"",""input_fields"":[""seats"",""lg-de-bt-20:total_seats""]}]"
"er-ct-de-0180","germany","national","el-de-bt-2021-09-26","ct-de-0180","second_vote","46298387","735","164300","0.4","0.35487197426553974",,,"corrected_final_after_2024_02_11_repeat","[{""source_id"":""src-de-bwl-final-archive"",""source_url"":""https://www.bundeswahlleiterin.de/dam/jcr/ce2d2b6a-f211-4355-8eea-355c98cd4e47/btw_kerg.zip"",""source_record_id"":""ac5d62cc9df7c681cb39baecb6602a8a766e43fea3000c50fb434225cc007ca8:btw2021-w_kerg.csv:337:177"",""retrieved_at"":""2026-10-01T23:21:39.584Z"",""raw_snapshot"":{""path"":""docs/political-data/raw/germany/2026-10-01T23-21-39-584Z_02e7077f9358c9ef/final-results.zip"",""sha256"":""02e7077f9358c9ef408741ee5d17123a43c28ea766b26a7ab338c08fcaeb7512""},""parser_version"":""germany-production-v1"",""parser_sha256"":""2a8eb3487f392ef83303e7fb9ff246e4c111a7e64a469a6aa9eb21461ae9b1a0"",""fields_covered"":[""second_votes"",""registered_label_native""],""published_or_derived"":""published"",""source_member"":""btw2021-w_kerg.csv"",""source_member_sha256"":""ac5d62cc9df7c681cb39baecb6602a8a766e43fea3000c50fb434225cc007ca8"",""source_column"":177},{""source_id"":""src-de-bwl-historical-results"",""source_url"":""https://www.bundeswahlleiterin.de/dam/jcr/24d8e745-920d-431a-893a-12805bc7ef40/btw_ab49_datenbank_ergebnisse.csv"",""source_record_id"":""csv-record-563"",""retrieved_at"":""2026-10-01T23:20:00.007Z"",""raw_snapshot"":{""path"":""docs/political-data/raw/germany/2026-10-01T23-20-00-007Z_9efffc24b559679a/results.csv"",""sha256"":""9efffc24b559679ade291d8da63462e5523b43ac62064e759737c3ae01418484""},""parser_version"":""germany-production-v1"",""parser_sha256"":""2a8eb3487f392ef83303e7fb9ff246e4c111a7e64a469a6aa9eb21461ae9b1a0"",""fields_covered"":[""published_vote_share"",""seats""],""published_or_derived"":""published"",""columns"":[6,79],""compilation_label"":""Volt"",""alignment_basis"":""unique exact national second-vote count in the same election; not party identity""},{""source_id"":""src-de-bwl-historical-results"",""source_url"":""https://www.bundeswahlleiterin.de/dam/jcr/24d8e745-920d-431a-893a-12805bc7ef40/btw_ab49_datenbank_ergebnisse.csv"",""source_record_id"":""csv-record-91"",""retrieved_at"":""2026-10-01T23:20:00.007Z"",""raw_snapshot"":{""path"":""docs/political-data/raw/germany/2026-10-01T23-20-00-007Z_9efffc24b559679a/results.csv"",""sha256"":""9efffc24b559679ade291d8da63462e5523b43ac62064e759737c3ae01418484""},""parser_version"":""germany-production-v1"",""parser_sha256"":""2a8eb3487f392ef83303e7fb9ff246e4c111a7e64a469a6aa9eb21461ae9b1a0"",""fields_covered"":[""total_seats"",""valid_second_votes""],""published_or_derived"":""published"",""columns"":[4,79]},{""source_id"":""src-de-bwl-final-archive"",""source_url"":""https://www.bundeswahlleiterin.de/dam/jcr/ce2d2b6a-f211-4355-8eea-355c98cd4e47/btw_kerg.zip"",""source_record_id"":""ac5d62cc9df7c681cb39baecb6602a8a766e43fea3000c50fb434225cc007ca8:btw2021-w_kerg.csv:337:177"",""retrieved_at"":""2026-10-01T23:21:39.584Z"",""raw_snapshot"":{""path"":""docs/political-data/raw/germany/2026-10-01T23-21-39-584Z_02e7077f9358c9ef/final-results.zip"",""sha256"":""02e7077f9358c9ef408741ee5d17123a43c28ea766b26a7ab338c08fcaeb7512""},""parser_version"":""germany-production-v1"",""parser_sha256"":""2a8eb3487f392ef83303e7fb9ff246e4c111a7e64a469a6aa9eb21461ae9b1a0"",""fields_covered"":[""derived_vote_share""],""published_or_derived"":""derived"",""formula"":""100 * second_votes / valid_second_votes"",""input_fields"":[""second_votes"",""el-de-bt-2021-09-26:valid_second_votes""]},{""source_id"":""src-de-bwl-historical-results"",""source_url"":""https://www.bundeswahlleiterin.de/dam/jcr/24d8e745-920d-431a-893a-12805bc7ef40/btw_ab49_datenbank_ergebnisse.csv"",""source_record_id"":""csv-record-563"",""retrieved_at"":""2026-10-01T23:20:00.007Z"",""raw_snapshot"":{""path"":""docs/political-data/raw/germany/2026-10-01T23-20-00-007Z_9efffc24b559679a/results.csv"",""sha256"":""9efffc24b559679ade291d8da63462e5523b43ac62064e759737c3ae01418484""},""parser_version"":""germany-production-v1"",""parser_sha256"":""2a8eb3487f392ef83303e7fb9ff246e4c111a7e64a469a6aa9eb21461ae9b1a0"",""fields_covered"":[""derived_seat_share""],""published_or_derived"":""derived"",""formula"":""100 * seats / total_seats; null remains null"",""input_fields"":[""seats"",""lg-de-bt-20:total_seats""]}]"
"er-ct-de-0181","germany","national","el-de-bt-2025-02-23","ct-de-0181","second_vote","49649512","630","8149124","16.4","16.413301302941306","120","19.047619047619047","final","[{""source_id"":""src-de-bwl-final-archive"",""source_url"":""https://www.bundeswahlleiterin.de/dam/jcr/ce2d2b6a-f211-4355-8eea-355c98cd4e47/btw_kerg.zip"",""source_record_id"":""31ab27391d5753a6a972936d436092879f5c9cca11570272cd72e3e272d16731:btw2025_kerg.csv:340:22"",""retrieved_at"":""2026-10-01T23:21:39.584Z"",""raw_snapshot"":{""path"":""docs/political-data/raw/germany/2026-10-01T23-21-39-584Z_02e7077f9358c9ef/final-results.zip"",""sha256"":""02e7077f9358c9ef408741ee5d17123a43c28ea766b26a7ab338c08fcaeb7512""},""parser_version"":""germany-production-v1"",""parser_sha256"":""2a8eb3487f392ef83303e7fb9ff246e4c111a7e64a469a6aa9eb21461ae9b1a0"",""fields_covered"":[""second_votes"",""registered_label_native""],""published_or_derived"":""published"",""source_member"":""btw2025_kerg.csv"",""source_member_sha256"":""31ab27391d5753a6a972936d436092879f5c9cca11570272cd72e3e272d16731"",""source_column"":22},{""source_id"":""src-de-bwl-historical-results"",""source_url"":""https://www.bundeswahlleiterin.de/dam/jcr/24d8e745-920d-431a-893a-12805bc7ef40/btw_ab49_datenbank_ergebnisse.csv"",""source_record_id"":""csv-record-113"",""retrieved_at"":""2026-10-01T23:20:00.007Z"",""raw_snapshot"":{""path"":""docs/political-data/raw/germany/2026-10-01T23-20-00-007Z_9efffc24b559679a/results.csv"",""sha256"":""9efffc24b559679ade291d8da63462e5523b43ac62064e759737c3ae01418484""},""parser_version"":""germany-production-v1"",""parser_sha256"":""2a8eb3487f392ef83303e7fb9ff246e4c111a7e64a469a6aa9eb21461ae9b1a0"",""fields_covered"":[""published_vote_share"",""seats""],""published_or_derived"":""published"",""columns"":[6,79],""compilation_label"":""SPD"",""alignment_basis"":""unique exact national second-vote count in the same election; not party identity""},{""source_id"":""src-de-bwl-historical-results"",""source_url"":""https://www.bundeswahlleiterin.de/dam/jcr/24d8e745-920d-431a-893a-12805bc7ef40/btw_ab49_datenbank_ergebnisse.csv"",""source_record_id"":""csv-record-92"",""retrieved_at"":""2026-10-01T23:20:00.007Z"",""raw_snapshot"":{""path"":""docs/political-data/raw/germany/2026-10-01T23-20-00-007Z_9efffc24b559679a/results.csv"",""sha256"":""9efffc24b559679ade291d8da63462e5523b43ac62064e759737c3ae01418484""},""parser_version"":""germany-production-v1"",""parser_sha256"":""2a8eb3487f392ef83303e7fb9ff246e4c111a7e64a469a6aa9eb21461ae9b1a0"",""fields_covered"":[""total_seats"",""valid_second_votes""],""published_or_derived"":""published"",""columns"":[4,79]},{""source_id"":""src-de-bwl-final-archive"",""source_url"":""https://www.bundeswahlleiterin.de/dam/jcr/ce2d2b6a-f211-4355-8eea-355c98cd4e47/btw_kerg.zip"",""source_record_id"":""31ab27391d5753a6a972936d436092879f5c9cca11570272cd72e3e272d16731:btw2025_kerg.csv:340:22"",""retrieved_at"":""2026-10-01T23:21:39.584Z"",""raw_snapshot"":{""path"":""docs/political-data/raw/germany/2026-10-01T23-21-39-584Z_02e7077f9358c9ef/final-results.zip"",""sha256"":""02e7077f9358c9ef408741ee5d17123a43c28ea766b26a7ab338c08fcaeb7512""},""parser_version"":""germany-production-v1"",""parser_sha256"":""2a8eb3487f392ef83303e7fb9ff246e4c111a7e64a469a6aa9eb21461ae9b1a0"",""fields_covered"":[""derived_vote_share""],""published_or_derived"":""derived"",""formula"":""100 * second_votes / valid_second_votes"",""input_fields"":[""second_votes"",""el-de-bt-2025-02-23:valid_second_votes""]},{""source_id"":""src-de-bwl-historical-results"",""source_url"":""https://www.bundeswahlleiterin.de/dam/jcr/24d8e745-920d-431a-893a-12805bc7ef40/btw_ab49_datenbank_ergebnisse.csv"",""source_record_id"":""csv-record-113"",""retrieved_at"":""2026-10-01T23:20:00.007Z"",""raw_snapshot"":{""path"":""docs/political-data/raw/germany/2026-10-01T23-20-00-007Z_9efffc24b559679a/results.csv"",""sha256"":""9efffc24b559679ade291d8da63462e5523b43ac62064e759737c3ae01418484""},""parser_version"":""germany-production-v1"",""parser_sha256"":""2a8eb3487f392ef83303e7fb9ff246e4c111a7e64a469a6aa9eb21461ae9b1a0"",""fields_covered"":[""derived_seat_share""],""published_or_derived"":""derived"",""formula"":""100 * seats / total_seats; null remains null"",""input_fields"":[""seats"",""lg-de-bt-21:total_seats""]}]"
"er-ct-de-0182","germany","national","el-de-bt-2025-02-23","ct-de-0182","second_vote","49649512","630","11196374","22.6","22.55082386308248","164","26.03174603174603","final","[{""source_id"":""src-de-bwl-final-archive"",""source_url"":""https://www.bundeswahlleiterin.de/dam/jcr/ce2d2b6a-f211-4355-8eea-355c98cd4e47/btw_kerg.zip"",""source_record_id"":""31ab27391d5753a6a972936d436092879f5c9cca11570272cd72e3e272d16731:btw2025_kerg.csv:340:26"",""retrieved_at"":""2026-10-01T23:21:39.584Z"",""raw_snapshot"":{""path"":""docs/political-data/raw/germany/2026-10-01T23-21-39-584Z_02e7077f9358c9ef/final-results.zip"",""sha256"":""02e7077f9358c9ef408741ee5d17123a43c28ea766b26a7ab338c08fcaeb7512""},""parser_version"":""germany-production-v1"",""parser_sha256"":""2a8eb3487f392ef83303e7fb9ff246e4c111a7e64a469a6aa9eb21461ae9b1a0"",""fields_covered"":[""second_votes"",""registered_label_native""],""published_or_derived"":""published"",""source_member"":""btw2025_kerg.csv"",""source_member_sha256"":""31ab27391d5753a6a972936d436092879f5c9cca11570272cd72e3e272d16731"",""source_column"":26},{""source_id"":""src-de-bwl-historical-results"",""source_url"":""https://www.bundeswahlleiterin.de/dam/jcr/24d8e745-920d-431a-893a-12805bc7ef40/btw_ab49_datenbank_ergebnisse.csv"",""source_record_id"":""csv-record-134"",""retrieved_at"":""2026-10-01T23:20:00.007Z"",""raw_snapshot"":{""path"":""docs/political-data/raw/germany/2026-10-01T23-20-00-007Z_9efffc24b559679a/results.csv"",""sha256"":""9efffc24b559679ade291d8da63462e5523b43ac62064e759737c3ae01418484""},""parser_version"":""germany-production-v1"",""parser_sha256"":""2a8eb3487f392ef83303e7fb9ff246e4c111a7e64a469a6aa9eb21461ae9b1a0"",""fields_covered"":[""published_vote_share"",""seats""],""published_or_derived"":""published"",""columns"":[6,79],""compilation_label"":""CDU"",""alignment_basis"":""unique exact national second-vote count in the same election; not party identity""},{""source_id"":""src-de-bwl-historical-results"",""source_url"":""https://www.bundeswahlleiterin.de/dam/jcr/24d8e745-920d-431a-893a-12805bc7ef40/btw_ab49_datenbank_ergebnisse.csv"",""source_record_id"":""csv-record-92"",""retrieved_at"":""2026-10-01T23:20:00.007Z"",""raw_snapshot"":{""path"":""docs/political-data/raw/germany/2026-10-01T23-20-00-007Z_9efffc24b559679a/results.csv"",""sha256"":""9efffc24b559679ade291d8da63462e5523b43ac62064e759737c3ae01418484""},""parser_version"":""germany-production-v1"",""parser_sha256"":""2a8eb3487f392ef83303e7fb9ff246e4c111a7e64a469a6aa9eb21461ae9b1a0"",""fields_covered"":[""total_seats"",""valid_second_votes""],""published_or_derived"":""published"",""columns"":[4,79]},{""source_id"":""src-de-bwl-final-archive"",""source_url"":""https://www.bundeswahlleiterin.de/dam/jcr/ce2d2b6a-f211-4355-8eea-355c98cd4e47/btw_kerg.zip"",""source_record_id"":""31ab27391d5753a6a972936d436092879f5c9cca11570272cd72e3e272d16731:btw2025_kerg.csv:340:26"",""retrieved_at"":""2026-10-01T23:21:39.584Z"",""raw_snapshot"":{""path"":""docs/political-data/raw/germany/2026-10-01T23-21-39-584Z_02e7077f9358c9ef/final-results.zip"",""sha256"":""02e7077f9358c9ef408741ee5d17123a43c28ea766b26a7ab338c08fcaeb7512""},""parser_version"":""germany-production-v1"",""parser_sha256"":""2a8eb3487f392ef83303e7fb9ff246e4c111a7e64a469a6aa9eb21461ae9b1a0"",""fields_covered"":[""derived_vote_share""],""published_or_derived"":""derived"",""formula"":""100 * second_votes / valid_second_votes"",""input_fields"":[""second_votes"",""el-de-bt-2025-02-23:valid_second_votes""]},{""source_id"":""src-de-bwl-historical-results"",""source_url"":""https://www.bundeswahlleiterin.de/dam/jcr/24d8e745-920d-431a-893a-12805bc7ef40/btw_ab49_datenbank_ergebnisse.csv"",""source_record_id"":""csv-record-134"",""retrieved_at"":""2026-10-01T23:20:00.007Z"",""raw_snapshot"":{""path"":""docs/political-data/raw/germany/2026-10-01T23-20-00-007Z_9efffc24b559679a/results.csv"",""sha256"":""9efffc24b559679ade291d8da63462e5523b43ac62064e759737c3ae01418484""},""parser_version"":""germany-production-v1"",""parser_sha256"":""2a8eb3487f392ef83303e7fb9ff246e4c111a7e64a469a6aa9eb21461ae9b1a0"",""fields_covered"":[""derived_seat_share""],""published_or_derived"":""derived"",""formula"":""100 * seats / total_seats; null remains null"",""input_fields"":[""seats"",""lg-de-bt-21:total_seats""]}]"
"er-ct-de-0183","germany","national","el-de-bt-2025-02-23","ct-de-0183","second_vote","49649512","630","5762380","11.6","11.6061160883112","85","13.492063492063492","final","[{""source_id"":""src-de-bwl-final-archive"",""source_url"":""https://www.bundeswahlleiterin.de/dam/jcr/ce2d2b6a-f211-4355-8eea-355c98cd4e47/btw_kerg.zip"",""source_record_id"":""31ab27391d5753a6a972936d436092879f5c9cca11570272cd72e3e272d16731:btw2025_kerg.csv:340:30"",""retrieved_at"":""2026-10-01T23:21:39.584Z"",""raw_snapshot"":{""path"":""docs/political-data/raw/germany/2026-10-01T23-21-39-584Z_02e7077f9358c9ef/final-results.zip"",""sha256"":""02e7077f9358c9ef408741ee5d17123a43c28ea766b26a7ab338c08fcaeb7512""},""parser_version"":""germany-production-v1"",""parser_sha256"":""2a8eb3487f392ef83303e7fb9ff246e4c111a7e64a469a6aa9eb21461ae9b1a0"",""fields_covered"":[""second_votes"",""registered_label_native""],""published_or_derived"":""published"",""source_member"":""btw2025_kerg.csv"",""source_member_sha256"":""31ab27391d5753a6a972936d436092879f5c9cca11570272cd72e3e272d16731"",""source_column"":30},{""source_id"":""src-de-bwl-historical-results"",""source_url"":""https://www.bundeswahlleiterin.de/dam/jcr/24d8e745-920d-431a-893a-12805bc7ef40/btw_ab49_datenbank_ergebnisse.csv"",""source_record_id"":""csv-record-148"",""retrieved_at"":""2026-10-01T23:20:00.007Z"",""raw_snapshot"":{""path"":""docs/political-data/raw/germany/2026-10-01T23-20-00-007Z_9efffc24b559679a/results.csv"",""sha256"":""9efffc24b559679ade291d8da63462e5523b43ac62064e759737c3ae01418484""},""parser_version"":""germany-production-v1"",""parser_sha256"":""2a8eb3487f392ef83303e7fb9ff246e4c111a7e64a469a6aa9eb21461ae9b1a0"",""fields_covered"":[""published_vote_share"",""seats""],""published_or_derived"":""published"",""columns"":[6,79],""compilation_label"":""GRÜNE"",""alignment_basis"":""unique exact national second-vote count in the same election; not party identity""},{""source_id"":""src-de-bwl-historical-results"",""source_url"":""https://www.bundeswahlleiterin.de/dam/jcr/24d8e745-920d-431a-893a-12805bc7ef40/btw_ab49_datenbank_ergebnisse.csv"",""source_record_id"":""csv-record-92"",""retrieved_at"":""2026-10-01T23:20:00.007Z"",""raw_snapshot"":{""path"":""docs/political-data/raw/germany/2026-10-01T23-20-00-007Z_9efffc24b559679a/results.csv"",""sha256"":""9efffc24b559679ade291d8da63462e5523b43ac62064e759737c3ae01418484""},""parser_version"":""germany-production-v1"",""parser_sha256"":""2a8eb3487f392ef83303e7fb9ff246e4c111a7e64a469a6aa9eb21461ae9b1a0"",""fields_covered"":[""total_seats"",""valid_second_votes""],""published_or_derived"":""published"",""columns"":[4,79]},{""source_id"":""src-de-bwl-final-archive"",""source_url"":""https://www.bundeswahlleiterin.de/dam/jcr/ce2d2b6a-f211-4355-8eea-355c98cd4e47/btw_kerg.zip"",""source_record_id"":""31ab27391d5753a6a972936d436092879f5c9cca11570272cd72e3e272d16731:btw2025_kerg.csv:340:30"",""retrieved_at"":""2026-10-01T23:21:39.584Z"",""raw_snapshot"":{""path"":""docs/political-data/raw/germany/2026-10-01T23-21-39-584Z_02e7077f9358c9ef/final-results.zip"",""sha256"":""02e7077f9358c9ef408741ee5d17123a43c28ea766b26a7ab338c08fcaeb7512""},""parser_version"":""germany-production-v1"",""parser_sha256"":""2a8eb3487f392ef83303e7fb9ff246e4c111a7e64a469a6aa9eb21461ae9b1a0"",""fields_covered"":[""derived_vote_share""],""published_or_derived"":""derived"",""formula"":""100 * second_votes / valid_second_votes"",""input_fields"":[""second_votes"",""el-de-bt-2025-02-23:valid_second_votes""]},{""source_id"":""src-de-bwl-historical-results"",""source_url"":""https://www.bundeswahlleiterin.de/dam/jcr/24d8e745-920d-431a-893a-12805bc7ef40/btw_ab49_datenbank_ergebnisse.csv"",""source_record_id"":""csv-record-148"",""retrieved_at"":""2026-10-01T23:20:00.007Z"",""raw_snapshot"":{""path"":""docs/political-data/raw/germany/2026-10-01T23-20-00-007Z_9efffc24b559679a/results.csv"",""sha256"":""9efffc24b559679ade291d8da63462e5523b43ac62064e759737c3ae01418484""},""parser_version"":""germany-production-v1"",""parser_sha256"":""2a8eb3487f392ef83303e7fb9ff246e4c111a7e64a469a6aa9eb21461ae9b1a0"",""fields_covered"":[""derived_seat_share""],""published_or_derived"":""derived"",""formula"":""100 * seats / total_seats; null remains null"",""input_fields"":[""seats"",""lg-de-bt-21:total_seats""]}]"
"er-ct-de-0184","germany","national","el-de-bt-2025-02-23","ct-de-0184","second_vote","49649512","630","2148757","4.3","4.327851198215201",,,"final","[{""source_id"":""src-de-bwl-final-archive"",""source_url"":""https://www.bundeswahlleiterin.de/dam/jcr/ce2d2b6a-f211-4355-8eea-355c98cd4e47/btw_kerg.zip"",""source_record_id"":""31ab27391d5753a6a972936d436092879f5c9cca11570272cd72e3e272d16731:btw2025_kerg.csv:340:34"",""retrieved_at"":""2026-10-01T23:21:39.584Z"",""raw_snapshot"":{""path"":""docs/political-data/raw/germany/2026-10-01T23-21-39-584Z_02e7077f9358c9ef/final-results.zip"",""sha256"":""02e7077f9358c9ef408741ee5d17123a43c28ea766b26a7ab338c08fcaeb7512""},""parser_version"":""germany-production-v1"",""parser_sha256"":""2a8eb3487f392ef83303e7fb9ff246e4c111a7e64a469a6aa9eb21461ae9b1a0"",""fields_covered"":[""second_votes"",""registered_label_native""],""published_or_derived"":""published"",""source_member"":""btw2025_kerg.csv"",""source_member_sha256"":""31ab27391d5753a6a972936d436092879f5c9cca11570272cd72e3e272d16731"",""source_column"":34},{""source_id"":""src-de-bwl-historical-results"",""source_url"":""https://www.bundeswahlleiterin.de/dam/jcr/24d8e745-920d-431a-893a-12805bc7ef40/btw_ab49_datenbank_ergebnisse.csv"",""source_record_id"":""csv-record-169"",""retrieved_at"":""2026-10-01T23:20:00.007Z"",""raw_snapshot"":{""path"":""docs/political-data/raw/germany/2026-10-01T23-20-00-007Z_9efffc24b559679a/results.csv"",""sha256"":""9efffc24b559679ade291d8da63462e5523b43ac62064e759737c3ae01418484""},""parser_version"":""germany-production-v1"",""parser_sha256"":""2a8eb3487f392ef83303e7fb9ff246e4c111a7e64a469a6aa9eb21461ae9b1a0"",""fields_covered"":[""published_vote_share"",""seats""],""published_or_derived"":""published"",""columns"":[6,79],""compilation_label"":""FDP"",""alignment_basis"":""unique exact national second-vote count in the same election; not party identity""},{""source_id"":""src-de-bwl-historical-results"",""source_url"":""https://www.bundeswahlleiterin.de/dam/jcr/24d8e745-920d-431a-893a-12805bc7ef40/btw_ab49_datenbank_ergebnisse.csv"",""source_record_id"":""csv-record-92"",""retrieved_at"":""2026-10-01T23:20:00.007Z"",""raw_snapshot"":{""path"":""docs/political-data/raw/germany/2026-10-01T23-20-00-007Z_9efffc24b559679a/results.csv"",""sha256"":""9efffc24b559679ade291d8da63462e5523b43ac62064e759737c3ae01418484""},""parser_version"":""germany-production-v1"",""parser_sha256"":""2a8eb3487f392ef83303e7fb9ff246e4c111a7e64a469a6aa9eb21461ae9b1a0"",""fields_covered"":[""total_seats"",""valid_second_votes""],""published_or_derived"":""published"",""columns"":[4,79]},{""source_id"":""src-de-bwl-final-archive"",""source_url"":""https://www.bundeswahlleiterin.de/dam/jcr/ce2d2b6a-f211-4355-8eea-355c98cd4e47/btw_kerg.zip"",""source_record_id"":""31ab27391d5753a6a972936d436092879f5c9cca11570272cd72e3e272d16731:btw2025_kerg.csv:340:34"",""retrieved_at"":""2026-10-01T23:21:39.584Z"",""raw_snapshot"":{""path"":""docs/political-data/raw/germany/2026-10-01T23-21-39-584Z_02e7077f9358c9ef/final-results.zip"",""sha256"":""02e7077f9358c9ef408741ee5d17123a43c28ea766b26a7ab338c08fcaeb7512""},""parser_version"":""germany-production-v1"",""parser_sha256"":""2a8eb3487f392ef83303e7fb9ff246e4c111a7e64a469a6aa9eb21461ae9b1a0"",""fields_covered"":[""derived_vote_share""],""published_or_derived"":""derived"",""formula"":""100 * second_votes / valid_second_votes"",""input_fields"":[""second_votes"",""el-de-bt-2025-02-23:valid_second_votes""]},{""source_id"":""src-de-bwl-historical-results"",""source_url"":""https://www.bundeswahlleiterin.de/dam/jcr/24d8e745-920d-431a-893a-12805bc7ef40/btw_ab49_datenbank_ergebnisse.csv"",""source_record_id"":""csv-record-169"",""retrieved_at"":""2026-10-01T23:20:00.007Z"",""raw_snapshot"":{""path"":""docs/political-data/raw/germany/2026-10-01T23-20-00-007Z_9efffc24b559679a/results.csv"",""sha256"":""9efffc24b559679ade291d8da63462e5523b43ac62064e759737c3ae01418484""},""parser_version"":""germany-production-v1"",""parser_sha256"":""2a8eb3487f392ef83303e7fb9ff246e4c111a7e64a469a6aa9eb21461ae9b1a0"",""fields_covered"":[""derived_seat_share""],""published_or_derived"":""derived"",""formula"":""100 * seats / total_seats; null remains null"",""input_fields"":[""seats"",""lg-de-bt-21:total_seats""]}]"
"er-ct-de-0185","germany","national","el-de-bt-2025-02-23","ct-de-0185","second_vote","49649512","630","10328780","20.8","20.803386748292713","152","24.126984126984127","final","[{""source_id"":""src-de-bwl-final-archive"",""source_url"":""https://www.bundeswahlleiterin.de/dam/jcr/ce2d2b6a-f211-4355-8eea-355c98cd4e47/btw_kerg.zip"",""source_record_id"":""31ab27391d5753a6a972936d436092879f5c9cca11570272cd72e3e272d16731:btw2025_kerg.csv:340:38"",""retrieved_at"":""2026-10-01T23:21:39.584Z"",""raw_snapshot"":{""path"":""docs/political-data/raw/germany/2026-10-01T23-21-39-584Z_02e7077f9358c9ef/final-results.zip"",""sha256"":""02e7077f9358c9ef408741ee5d17123a43c28ea766b26a7ab338c08fcaeb7512""},""parser_version"":""germany-production-v1"",""parser_sha256"":""2a8eb3487f392ef83303e7fb9ff246e4c111a7e64a469a6aa9eb21461ae9b1a0"",""fields_covered"":[""second_votes"",""registered_label_native""],""published_or_derived"":""published"",""source_member"":""btw2025_kerg.csv"",""source_member_sha256"":""31ab27391d5753a6a972936d436092879f5c9cca11570272cd72e3e272d16731"",""source_column"":38},{""source_id"":""src-de-bwl-historical-results"",""source_url"":""https://www.bundeswahlleiterin.de/dam/jcr/24d8e745-920d-431a-893a-12805bc7ef40/btw_ab49_datenbank_ergebnisse.csv"",""source_record_id"":""csv-record-173"",""retrieved_at"":""2026-10-01T23:20:00.007Z"",""raw_snapshot"":{""path"":""docs/political-data/raw/germany/2026-10-01T23-20-00-007Z_9efffc24b559679a/results.csv"",""sha256"":""9efffc24b559679ade291d8da63462e5523b43ac62064e759737c3ae01418484""},""parser_version"":""germany-production-v1"",""parser_sha256"":""2a8eb3487f392ef83303e7fb9ff246e4c111a7e64a469a6aa9eb21461ae9b1a0"",""fields_covered"":[""published_vote_share"",""seats""],""published_or_derived"":""published"",""columns"":[6,79],""compilation_label"":""AfD"",""alignment_basis"":""unique exact national second-vote count in the same election; not party identity""},{""source_id"":""src-de-bwl-historical-results"",""source_url"":""https://www.bundeswahlleiterin.de/dam/jcr/24d8e745-920d-431a-893a-12805bc7ef40/btw_ab49_datenbank_ergebnisse.csv"",""source_record_id"":""csv-record-92"",""retrieved_at"":""2026-10-01T23:20:00.007Z"",""raw_snapshot"":{""path"":""docs/political-data/raw/germany/2026-10-01T23-20-00-007Z_9efffc24b559679a/results.csv"",""sha256"":""9efffc24b559679ade291d8da63462e5523b43ac62064e759737c3ae01418484""},""parser_version"":""germany-production-v1"",""parser_sha256"":""2a8eb3487f392ef83303e7fb9ff246e4c111a7e64a469a6aa9eb21461ae9b1a0"",""fields_covered"":[""total_seats"",""valid_second_votes""],""published_or_derived"":""published"",""columns"":[4,79]},{""source_id"":""src-de-bwl-final-archive"",""source_url"":""https://www.bundeswahlleiterin.de/dam/jcr/ce2d2b6a-f211-4355-8eea-355c98cd4e47/btw_kerg.zip"",""source_record_id"":""31ab27391d5753a6a972936d436092879f5c9cca11570272cd72e3e272d16731:btw2025_kerg.csv:340:38"",""retrieved_at"":""2026-10-01T23:21:39.584Z"",""raw_snapshot"":{""path"":""docs/political-data/raw/germany/2026-10-01T23-21-39-584Z_02e7077f9358c9ef/final-results.zip"",""sha256"":""02e7077f9358c9ef408741ee5d17123a43c28ea766b26a7ab338c08fcaeb7512""},""parser_version"":""germany-production-v1"",""parser_sha256"":""2a8eb3487f392ef83303e7fb9ff246e4c111a7e64a469a6aa9eb21461ae9b1a0"",""fields_covered"":[""derived_vote_share""],""published_or_derived"":""derived"",""formula"":""100 * second_votes / valid_second_votes"",""input_fields"":[""second_votes"",""el-de-bt-2025-02-23:valid_second_votes""]},{""source_id"":""src-de-bwl-historical-results"",""source_url"":""https://www.bundeswahlleiterin.de/dam/jcr/24d8e745-920d-431a-893a-12805bc7ef40/btw_ab49_datenbank_ergebnisse.csv"",""source_record_id"":""csv-record-173"",""retrieved_at"":""2026-10-01T23:20:00.007Z"",""raw_snapshot"":{""path"":""docs/political-data/raw/germany/2026-10-01T23-20-00-007Z_9efffc24b559679a/results.csv"",""sha256"":""9efffc24b559679ade291d8da63462e5523b43ac62064e759737c3ae01418484""},""parser_version"":""germany-production-v1"",""parser_sha256"":""2a8eb3487f392ef83303e7fb9ff246e4c111a7e64a469a6aa9eb21461ae9b1a0"",""fields_covered"":[""derived_seat_share""],""published_or_derived"":""derived"",""formula"":""100 * seats / total_seats; null remains null"",""input_fields"":[""seats"",""lg-de-bt-21:total_seats""]}]"
"er-ct-de-0186","germany","national","el-de-bt-2025-02-23","ct-de-0186","second_vote","49649512","630","2964028","6","5.969903591398844","44","6.984126984126984","final","[{""source_id"":""src-de-bwl-final-archive"",""source_url"":""https://www.bundeswahlleiterin.de/dam/jcr/ce2d2b6a-f211-4355-8eea-355c98cd4e47/btw_kerg.zip"",""source_record_id"":""31ab27391d5753a6a972936d436092879f5c9cca11570272cd72e3e272d16731:btw2025_kerg.csv:340:42"",""retrieved_at"":""2026-10-01T23:21:39.584Z"",""raw_snapshot"":{""path"":""docs/political-data/raw/germany/2026-10-01T23-21-39-584Z_02e7077f9358c9ef/final-results.zip"",""sha256"":""02e7077f9358c9ef408741ee5d17123a43c28ea766b26a7ab338c08fcaeb7512""},""parser_version"":""germany-production-v1"",""parser_sha256"":""2a8eb3487f392ef83303e7fb9ff246e4c111a7e64a469a6aa9eb21461ae9b1a0"",""fields_covered"":[""second_votes"",""registered_label_native""],""published_or_derived"":""published"",""source_member"":""btw2025_kerg.csv"",""source_member_sha256"":""31ab27391d5753a6a972936d436092879f5c9cca11570272cd72e3e272d16731"",""source_column"":42},{""source_id"":""src-de-bwl-historical-results"",""source_url"":""https://www.bundeswahlleiterin.de/dam/jcr/24d8e745-920d-431a-893a-12805bc7ef40/btw_ab49_datenbank_ergebnisse.csv"",""source_record_id"":""csv-record-194"",""retrieved_at"":""2026-10-01T23:20:00.007Z"",""raw_snapshot"":{""path"":""docs/political-data/raw/germany/2026-10-01T23-20-00-007Z_9efffc24b559679a/results.csv"",""sha256"":""9efffc24b559679ade291d8da63462e5523b43ac62064e759737c3ae01418484""},""parser_version"":""germany-production-v1"",""parser_sha256"":""2a8eb3487f392ef83303e7fb9ff246e4c111a7e64a469a6aa9eb21461ae9b1a0"",""fields_covered"":[""published_vote_share"",""seats""],""published_or_derived"":""published"",""columns"":[6,79],""compilation_label"":""CSU"",""alignment_basis"":""unique exact national second-vote count in the same election; not party identity""},{""source_id"":""src-de-bwl-historical-results"",""source_url"":""https://www.bundeswahlleiterin.de/dam/jcr/24d8e745-920d-431a-893a-12805bc7ef40/btw_ab49_datenbank_ergebnisse.csv"",""source_record_id"":""csv-record-92"",""retrieved_at"":""2026-10-01T23:20:00.007Z"",""raw_snapshot"":{""path"":""docs/political-data/raw/germany/2026-10-01T23-20-00-007Z_9efffc24b559679a/results.csv"",""sha256"":""9efffc24b559679ade291d8da63462e5523b43ac62064e759737c3ae01418484""},""parser_version"":""germany-production-v1"",""parser_sha256"":""2a8eb3487f392ef83303e7fb9ff246e4c111a7e64a469a6aa9eb21461ae9b1a0"",""fields_covered"":[""total_seats"",""valid_second_votes""],""published_or_derived"":""published"",""columns"":[4,79]},{""source_id"":""src-de-bwl-final-archive"",""source_url"":""https://www.bundeswahlleiterin.de/dam/jcr/ce2d2b6a-f211-4355-8eea-355c98cd4e47/btw_kerg.zip"",""source_record_id"":""31ab27391d5753a6a972936d436092879f5c9cca11570272cd72e3e272d16731:btw2025_kerg.csv:340:42"",""retrieved_at"":""2026-10-01T23:21:39.584Z"",""raw_snapshot"":{""path"":""docs/political-data/raw/germany/2026-10-01T23-21-39-584Z_02e7077f9358c9ef/final-results.zip"",""sha256"":""02e7077f9358c9ef408741ee5d17123a43c28ea766b26a7ab338c08fcaeb7512""},""parser_version"":""germany-production-v1"",""parser_sha256"":""2a8eb3487f392ef83303e7fb9ff246e4c111a7e64a469a6aa9eb21461ae9b1a0"",""fields_covered"":[""derived_vote_share""],""published_or_derived"":""derived"",""formula"":""100 * second_votes / valid_second_votes"",""input_fields"":[""second_votes"",""el-de-bt-2025-02-23:valid_second_votes""]},{""source_id"":""src-de-bwl-historical-results"",""source_url"":""https://www.bundeswahlleiterin.de/dam/jcr/24d8e745-920d-431a-893a-12805bc7ef40/btw_ab49_datenbank_ergebnisse.csv"",""source_record_id"":""csv-record-194"",""retrieved_at"":""2026-10-01T23:20:00.007Z"",""raw_snapshot"":{""path"":""docs/political-data/raw/germany/2026-10-01T23-20-00-007Z_9efffc24b559679a/results.csv"",""sha256"":""9efffc24b559679ade291d8da63462e5523b43ac62064e759737c3ae01418484""},""parser_version"":""germany-production-v1"",""parser_sha256"":""2a8eb3487f392ef83303e7fb9ff246e4c111a7e64a469a6aa9eb21461ae9b1a0"",""fields_covered"":[""derived_seat_share""],""published_or_derived"":""derived"",""formula"":""100 * seats / total_seats; null remains null"",""input_fields"":[""seats"",""lg-de-bt-21:total_seats""]}]"
"er-ct-de-0187","germany","national","el-de-bt-2025-02-23","ct-de-0187","second_vote","49649512","630","4356532","8.8","8.774571641308377","64","10.158730158730158","final","[{""source_id"":""src-de-bwl-final-archive"",""source_url"":""https://www.bundeswahlleiterin.de/dam/jcr/ce2d2b6a-f211-4355-8eea-355c98cd4e47/btw_kerg.zip"",""source_record_id"":""31ab27391d5753a6a972936d436092879f5c9cca11570272cd72e3e272d16731:btw2025_kerg.csv:340:46"",""retrieved_at"":""2026-10-01T23:21:39.584Z"",""raw_snapshot"":{""path"":""docs/political-data/raw/germany/2026-10-01T23-21-39-584Z_02e7077f9358c9ef/final-results.zip"",""sha256"":""02e7077f9358c9ef408741ee5d17123a43c28ea766b26a7ab338c08fcaeb7512""},""parser_version"":""germany-production-v1"",""parser_sha256"":""2a8eb3487f392ef83303e7fb9ff246e4c111a7e64a469a6aa9eb21461ae9b1a0"",""fields_covered"":[""second_votes"",""registered_label_native""],""published_or_derived"":""published"",""source_member"":""btw2025_kerg.csv"",""source_member_sha256"":""31ab27391d5753a6a972936d436092879f5c9cca11570272cd72e3e272d16731"",""source_column"":46},{""source_id"":""src-de-bwl-historical-results"",""source_url"":""https://www.bundeswahlleiterin.de/dam/jcr/24d8e745-920d-431a-893a-12805bc7ef40/btw_ab49_datenbank_ergebnisse.csv"",""source_record_id"":""csv-record-204"",""retrieved_at"":""2026-10-01T23:20:00.007Z"",""raw_snapshot"":{""path"":""docs/political-data/raw/germany/2026-10-01T23-20-00-007Z_9efffc24b559679a/results.csv"",""sha256"":""9efffc24b559679ade291d8da63462e5523b43ac62064e759737c3ae01418484""},""parser_version"":""germany-production-v1"",""parser_sha256"":""2a8eb3487f392ef83303e7fb9ff246e4c111a7e64a469a6aa9eb21461ae9b1a0"",""fields_covered"":[""published_vote_share"",""seats""],""published_or_derived"":""published"",""columns"":[6,79],""compilation_label"":""Die Linke"",""alignment_basis"":""unique exact national second-vote count in the same election; not party identity""},{""source_id"":""src-de-bwl-historical-results"",""source_url"":""https://www.bundeswahlleiterin.de/dam/jcr/24d8e745-920d-431a-893a-12805bc7ef40/btw_ab49_datenbank_ergebnisse.csv"",""source_record_id"":""csv-record-92"",""retrieved_at"":""2026-10-01T23:20:00.007Z"",""raw_snapshot"":{""path"":""docs/political-data/raw/germany/2026-10-01T23-20-00-007Z_9efffc24b559679a/results.csv"",""sha256"":""9efffc24b559679ade291d8da63462e5523b43ac62064e759737c3ae01418484""},""parser_version"":""germany-production-v1"",""parser_sha256"":""2a8eb3487f392ef83303e7fb9ff246e4c111a7e64a469a6aa9eb21461ae9b1a0"",""fields_covered"":[""total_seats"",""valid_second_votes""],""published_or_derived"":""published"",""columns"":[4,79]},{""source_id"":""src-de-bwl-final-archive"",""source_url"":""https://www.bundeswahlleiterin.de/dam/jcr/ce2d2b6a-f211-4355-8eea-355c98cd4e47/btw_kerg.zip"",""source_record_id"":""31ab27391d5753a6a972936d436092879f5c9cca11570272cd72e3e272d16731:btw2025_kerg.csv:340:46"",""retrieved_at"":""2026-10-01T23:21:39.584Z"",""raw_snapshot"":{""path"":""docs/political-data/raw/germany/2026-10-01T23-21-39-584Z_02e7077f9358c9ef/final-results.zip"",""sha256"":""02e7077f9358c9ef408741ee5d17123a43c28ea766b26a7ab338c08fcaeb7512""},""parser_version"":""germany-production-v1"",""parser_sha256"":""2a8eb3487f392ef83303e7fb9ff246e4c111a7e64a469a6aa9eb21461ae9b1a0"",""fields_covered"":[""derived_vote_share""],""published_or_derived"":""derived"",""formula"":""100 * second_votes / valid_second_votes"",""input_fields"":[""second_votes"",""el-de-bt-2025-02-23:valid_second_votes""]},{""source_id"":""src-de-bwl-historical-results"",""source_url"":""https://www.bundeswahlleiterin.de/dam/jcr/24d8e745-920d-431a-893a-12805bc7ef40/btw_ab49_datenbank_ergebnisse.csv"",""source_record_id"":""csv-record-204"",""retrieved_at"":""2026-10-01T23:20:00.007Z"",""raw_snapshot"":{""path"":""docs/political-data/raw/germany/2026-10-01T23-20-00-007Z_9efffc24b559679a/results.csv"",""sha256"":""9efffc24b559679ade291d8da63462e5523b43ac62064e759737c3ae01418484""},""parser_version"":""germany-production-v1"",""parser_sha256"":""2a8eb3487f392ef83303e7fb9ff246e4c111a7e64a469a6aa9eb21461ae9b1a0"",""fields_covered"":[""derived_seat_share""],""published_or_derived"":""derived"",""formula"":""100 * seats / total_seats; null remains null"",""input_fields"":[""seats"",""lg-de-bt-21:total_seats""]}]"
"er-ct-de-0188","germany","national","el-de-bt-2025-02-23","ct-de-0188","second_vote","49649512","630","769279","1.5","1.549419055720024",,,"final","[{""source_id"":""src-de-bwl-final-archive"",""source_url"":""https://www.bundeswahlleiterin.de/dam/jcr/ce2d2b6a-f211-4355-8eea-355c98cd4e47/btw_kerg.zip"",""source_record_id"":""31ab27391d5753a6a972936d436092879f5c9cca11570272cd72e3e272d16731:btw2025_kerg.csv:340:50"",""retrieved_at"":""2026-10-01T23:21:39.584Z"",""raw_snapshot"":{""path"":""docs/political-data/raw/germany/2026-10-01T23-21-39-584Z_02e7077f9358c9ef/final-results.zip"",""sha256"":""02e7077f9358c9ef408741ee5d17123a43c28ea766b26a7ab338c08fcaeb7512""},""parser_version"":""germany-production-v1"",""parser_sha256"":""2a8eb3487f392ef83303e7fb9ff246e4c111a7e64a469a6aa9eb21461ae9b1a0"",""fields_covered"":[""second_votes"",""registered_label_native""],""published_or_derived"":""published"",""source_member"":""btw2025_kerg.csv"",""source_member_sha256"":""31ab27391d5753a6a972936d436092879f5c9cca11570272cd72e3e272d16731"",""source_column"":50},{""source_id"":""src-de-bwl-historical-results"",""source_url"":""https://www.bundeswahlleiterin.de/dam/jcr/24d8e745-920d-431a-893a-12805bc7ef40/btw_ab49_datenbank_ergebnisse.csv"",""source_record_id"":""csv-record-371"",""retrieved_at"":""2026-10-01T23:20:00.007Z"",""raw_snapshot"":{""path"":""docs/political-data/raw/germany/2026-10-01T23-20-00-007Z_9efffc24b559679a/results.csv"",""sha256"":""9efffc24b559679ade291d8da63462e5523b43ac62064e759737c3ae01418484""},""parser_version"":""germany-production-v1"",""parser_sha256"":""2a8eb3487f392ef83303e7fb9ff246e4c111a7e64a469a6aa9eb21461ae9b1a0"",""fields_covered"":[""published_vote_share"",""seats""],""published_or_derived"":""published"",""columns"":[6,79],""compilation_label"":""FREIE WÄHLER"",""alignment_basis"":""unique exact national second-vote count in the same election; not party identity""},{""source_id"":""src-de-bwl-historical-results"",""source_url"":""https://www.bundeswahlleiterin.de/dam/jcr/24d8e745-920d-431a-893a-12805bc7ef40/btw_ab49_datenbank_ergebnisse.csv"",""source_record_id"":""csv-record-92"",""retrieved_at"":""2026-10-01T23:20:00.007Z"",""raw_snapshot"":{""path"":""docs/political-data/raw/germany/2026-10-01T23-20-00-007Z_9efffc24b559679a/results.csv"",""sha256"":""9efffc24b559679ade291d8da63462e5523b43ac62064e759737c3ae01418484""},""parser_version"":""germany-production-v1"",""parser_sha256"":""2a8eb3487f392ef83303e7fb9ff246e4c111a7e64a469a6aa9eb21461ae9b1a0"",""fields_covered"":[""total_seats"",""valid_second_votes""],""published_or_derived"":""published"",""columns"":[4,79]},{""source_id"":""src-de-bwl-final-archive"",""source_url"":""https://www.bundeswahlleiterin.de/dam/jcr/ce2d2b6a-f211-4355-8eea-355c98cd4e47/btw_kerg.zip"",""source_record_id"":""31ab27391d5753a6a972936d436092879f5c9cca11570272cd72e3e272d16731:btw2025_kerg.csv:340:50"",""retrieved_at"":""2026-10-01T23:21:39.584Z"",""raw_snapshot"":{""path"":""docs/political-data/raw/germany/2026-10-01T23-21-39-584Z_02e7077f9358c9ef/final-results.zip"",""sha256"":""02e7077f9358c9ef408741ee5d17123a43c28ea766b26a7ab338c08fcaeb7512""},""parser_version"":""germany-production-v1"",""parser_sha256"":""2a8eb3487f392ef83303e7fb9ff246e4c111a7e64a469a6aa9eb21461ae9b1a0"",""fields_covered"":[""derived_vote_share""],""published_or_derived"":""derived"",""formula"":""100 * second_votes / valid_second_votes"",""input_fields"":[""second_votes"",""el-de-bt-2025-02-23:valid_second_votes""]},{""source_id"":""src-de-bwl-historical-results"",""source_url"":""https://www.bundeswahlleiterin.de/dam/jcr/24d8e745-920d-431a-893a-12805bc7ef40/btw_ab49_datenbank_ergebnisse.csv"",""source_record_id"":""csv-record-371"",""retrieved_at"":""2026-10-01T23:20:00.007Z"",""raw_snapshot"":{""path"":""docs/political-data/raw/germany/2026-10-01T23-20-00-007Z_9efffc24b559679a/results.csv"",""sha256"":""9efffc24b559679ade291d8da63462e5523b43ac62064e759737c3ae01418484""},""parser_version"":""germany-production-v1"",""parser_sha256"":""2a8eb3487f392ef83303e7fb9ff246e4c111a7e64a469a6aa9eb21461ae9b1a0"",""fields_covered"":[""derived_seat_share""],""published_or_derived"":""derived"",""formula"":""100 * seats / total_seats; null remains null"",""input_fields"":[""seats"",""lg-de-bt-21:total_seats""]}]"
"er-ct-de-0189","germany","national","el-de-bt-2025-02-23","ct-de-0189","second_vote","49649512","630","482201","1","0.9712099486496464",,,"final","[{""source_id"":""src-de-bwl-final-archive"",""source_url"":""https://www.bundeswahlleiterin.de/dam/jcr/ce2d2b6a-f211-4355-8eea-355c98cd4e47/btw_kerg.zip"",""source_record_id"":""31ab27391d5753a6a972936d436092879f5c9cca11570272cd72e3e272d16731:btw2025_kerg.csv:340:54"",""retrieved_at"":""2026-10-01T23:21:39.584Z"",""raw_snapshot"":{""path"":""docs/political-data/raw/germany/2026-10-01T23-21-39-584Z_02e7077f9358c9ef/final-results.zip"",""sha256"":""02e7077f9358c9ef408741ee5d17123a43c28ea766b26a7ab338c08fcaeb7512""},""parser_version"":""germany-production-v1"",""parser_sha256"":""2a8eb3487f392ef83303e7fb9ff246e4c111a7e64a469a6aa9eb21461ae9b1a0"",""fields_covered"":[""second_votes"",""registered_label_native""],""published_or_derived"":""published"",""source_member"":""btw2025_kerg.csv"",""source_member_sha256"":""31ab27391d5753a6a972936d436092879f5c9cca11570272cd72e3e272d16731"",""source_column"":54},{""source_id"":""src-de-bwl-historical-results"",""source_url"":""https://www.bundeswahlleiterin.de/dam/jcr/24d8e745-920d-431a-893a-12805bc7ef40/btw_ab49_datenbank_ergebnisse.csv"",""source_record_id"":""csv-record-539"",""retrieved_at"":""2026-10-01T23:20:00.007Z"",""raw_snapshot"":{""path"":""docs/political-data/raw/germany/2026-10-01T23-20-00-007Z_9efffc24b559679a/results.csv"",""sha256"":""9efffc24b559679ade291d8da63462e5523b43ac62064e759737c3ae01418484""},""parser_version"":""germany-production-v1"",""parser_sha256"":""2a8eb3487f392ef83303e7fb9ff246e4c111a7e64a469a6aa9eb21461ae9b1a0"",""fields_covered"":[""published_vote_share"",""seats""],""published_or_derived"":""published"",""columns"":[6,79],""compilation_label"":""Tierschutzpartei"",""alignment_basis"":""unique exact national second-vote count in the same election; not party identity""},{""source_id"":""src-de-bwl-historical-results"",""source_url"":""https://www.bundeswahlleiterin.de/dam/jcr/24d8e745-920d-431a-893a-12805bc7ef40/btw_ab49_datenbank_ergebnisse.csv"",""source_record_id"":""csv-record-92"",""retrieved_at"":""2026-10-01T23:20:00.007Z"",""raw_snapshot"":{""path"":""docs/political-data/raw/germany/2026-10-01T23-20-00-007Z_9efffc24b559679a/results.csv"",""sha256"":""9efffc24b559679ade291d8da63462e5523b43ac62064e759737c3ae01418484""},""parser_version"":""germany-production-v1"",""parser_sha256"":""2a8eb3487f392ef83303e7fb9ff246e4c111a7e64a469a6aa9eb21461ae9b1a0"",""fields_covered"":[""total_seats"",""valid_second_votes""],""published_or_derived"":""published"",""columns"":[4,79]},{""source_id"":""src-de-bwl-final-archive"",""source_url"":""https://www.bundeswahlleiterin.de/dam/jcr/ce2d2b6a-f211-4355-8eea-355c98cd4e47/btw_kerg.zip"",""source_record_id"":""31ab27391d5753a6a972936d436092879f5c9cca11570272cd72e3e272d16731:btw2025_kerg.csv:340:54"",""retrieved_at"":""2026-10-01T23:21:39.584Z"",""raw_snapshot"":{""path"":""docs/political-data/raw/germany/2026-10-01T23-21-39-584Z_02e7077f9358c9ef/final-results.zip"",""sha256"":""02e7077f9358c9ef408741ee5d17123a43c28ea766b26a7ab338c08fcaeb7512""},""parser_version"":""germany-production-v1"",""parser_sha256"":""2a8eb3487f392ef83303e7fb9ff246e4c111a7e64a469a6aa9eb21461ae9b1a0"",""fields_covered"":[""derived_vote_share""],""published_or_derived"":""derived"",""formula"":""100 * second_votes / valid_second_votes"",""input_fields"":[""second_votes"",""el-de-bt-2025-02-23:valid_second_votes""]},{""source_id"":""src-de-bwl-historical-results"",""source_url"":""https://www.bundeswahlleiterin.de/dam/jcr/24d8e745-920d-431a-893a-12805bc7ef40/btw_ab49_datenbank_ergebnisse.csv"",""source_record_id"":""csv-record-539"",""retrieved_at"":""2026-10-01T23:20:00.007Z"",""raw_snapshot"":{""path"":""docs/political-data/raw/germany/2026-10-01T23-20-00-007Z_9efffc24b559679a/results.csv"",""sha256"":""9efffc24b559679ade291d8da63462e5523b43ac62064e759737c3ae01418484""},""parser_version"":""germany-production-v1"",""parser_sha256"":""2a8eb3487f392ef83303e7fb9ff246e4c111a7e64a469a6aa9eb21461ae9b1a0"",""fields_covered"":[""derived_seat_share""],""published_or_derived"":""derived"",""formula"":""100 * seats / total_seats; null remains null"",""input_fields"":[""seats"",""lg-de-bt-21:total_seats""]}]"
"er-ct-de-0190","germany","national","el-de-bt-2025-02-23","ct-de-0190","second_vote","49649512","630","85373","0.2","0.17195133760831324",,,"final","[{""source_id"":""src-de-bwl-final-archive"",""source_url"":""https://www.bundeswahlleiterin.de/dam/jcr/ce2d2b6a-f211-4355-8eea-355c98cd4e47/btw_kerg.zip"",""source_record_id"":""31ab27391d5753a6a972936d436092879f5c9cca11570272cd72e3e272d16731:btw2025_kerg.csv:340:58"",""retrieved_at"":""2026-10-01T23:21:39.584Z"",""raw_snapshot"":{""path"":""docs/political-data/raw/germany/2026-10-01T23-21-39-584Z_02e7077f9358c9ef/final-results.zip"",""sha256"":""02e7077f9358c9ef408741ee5d17123a43c28ea766b26a7ab338c08fcaeb7512""},""parser_version"":""germany-production-v1"",""parser_sha256"":""2a8eb3487f392ef83303e7fb9ff246e4c111a7e64a469a6aa9eb21461ae9b1a0"",""fields_covered"":[""second_votes"",""registered_label_native""],""published_or_derived"":""published"",""source_member"":""btw2025_kerg.csv"",""source_member_sha256"":""31ab27391d5753a6a972936d436092879f5c9cca11570272cd72e3e272d16731"",""source_column"":58},{""source_id"":""src-de-bwl-historical-results"",""source_url"":""https://www.bundeswahlleiterin.de/dam/jcr/24d8e745-920d-431a-893a-12805bc7ef40/btw_ab49_datenbank_ergebnisse.csv"",""source_record_id"":""csv-record-308"",""retrieved_at"":""2026-10-01T23:20:00.007Z"",""raw_snapshot"":{""path"":""docs/political-data/raw/germany/2026-10-01T23-20-00-007Z_9efffc24b559679a/results.csv"",""sha256"":""9efffc24b559679ade291d8da63462e5523b43ac62064e759737c3ae01418484""},""parser_version"":""germany-production-v1"",""parser_sha256"":""2a8eb3487f392ef83303e7fb9ff246e4c111a7e64a469a6aa9eb21461ae9b1a0"",""fields_covered"":[""published_vote_share"",""seats""],""published_or_derived"":""published"",""columns"":[6,79],""compilation_label"":""dieBasis"",""alignment_basis"":""unique exact national second-vote count in the same election; not party identity""},{""source_id"":""src-de-bwl-historical-results"",""source_url"":""https://www.bundeswahlleiterin.de/dam/jcr/24d8e745-920d-431a-893a-12805bc7ef40/btw_ab49_datenbank_ergebnisse.csv"",""source_record_id"":""csv-record-92"",""retrieved_at"":""2026-10-01T23:20:00.007Z"",""raw_snapshot"":{""path"":""docs/political-data/raw/germany/2026-10-01T23-20-00-007Z_9efffc24b559679a/results.csv"",""sha256"":""9efffc24b559679ade291d8da63462e5523b43ac62064e759737c3ae01418484""},""parser_version"":""germany-production-v1"",""parser_sha256"":""2a8eb3487f392ef83303e7fb9ff246e4c111a7e64a469a6aa9eb21461ae9b1a0"",""fields_covered"":[""total_seats"",""valid_second_votes""],""published_or_derived"":""published"",""columns"":[4,79]},{""source_id"":""src-de-bwl-final-archive"",""source_url"":""https://www.bundeswahlleiterin.de/dam/jcr/ce2d2b6a-f211-4355-8eea-355c98cd4e47/btw_kerg.zip"",""source_record_id"":""31ab27391d5753a6a972936d436092879f5c9cca11570272cd72e3e272d16731:btw2025_kerg.csv:340:58"",""retrieved_at"":""2026-10-01T23:21:39.584Z"",""raw_snapshot"":{""path"":""docs/political-data/raw/germany/2026-10-01T23-21-39-584Z_02e7077f9358c9ef/final-results.zip"",""sha256"":""02e7077f9358c9ef408741ee5d17123a43c28ea766b26a7ab338c08fcaeb7512""},""parser_version"":""germany-production-v1"",""parser_sha256"":""2a8eb3487f392ef83303e7fb9ff246e4c111a7e64a469a6aa9eb21461ae9b1a0"",""fields_covered"":[""derived_vote_share""],""published_or_derived"":""derived"",""formula"":""100 * second_votes / valid_second_votes"",""input_fields"":[""second_votes"",""el-de-bt-2025-02-23:valid_second_votes""]},{""source_id"":""src-de-bwl-historical-results"",""source_url"":""https://www.bundeswahlleiterin.de/dam/jcr/24d8e745-920d-431a-893a-12805bc7ef40/btw_ab49_datenbank_ergebnisse.csv"",""source_record_id"":""csv-record-308"",""retrieved_at"":""2026-10-01T23:20:00.007Z"",""raw_snapshot"":{""path"":""docs/political-data/raw/germany/2026-10-01T23-20-00-007Z_9efffc24b559679a/results.csv"",""sha256"":""9efffc24b559679ade291d8da63462e5523b43ac62064e759737c3ae01418484""},""parser_version"":""germany-production-v1"",""parser_sha256"":""2a8eb3487f392ef83303e7fb9ff246e4c111a7e64a469a6aa9eb21461ae9b1a0"",""fields_covered"":[""derived_seat_share""],""published_or_derived"":""derived"",""formula"":""100 * seats / total_seats; null remains null"",""input_fields"":[""seats"",""lg-de-bt-21:total_seats""]}]"
"er-ct-de-0191","germany","national","el-de-bt-2025-02-23","ct-de-0191","second_vote","49649512","630","242741","0.5","0.4889091357030861",,,"final","[{""source_id"":""src-de-bwl-final-archive"",""source_url"":""https://www.bundeswahlleiterin.de/dam/jcr/ce2d2b6a-f211-4355-8eea-355c98cd4e47/btw_kerg.zip"",""source_record_id"":""31ab27391d5753a6a972936d436092879f5c9cca11570272cd72e3e272d16731:btw2025_kerg.csv:340:62"",""retrieved_at"":""2026-10-01T23:21:39.584Z"",""raw_snapshot"":{""path"":""docs/political-data/raw/germany/2026-10-01T23-21-39-584Z_02e7077f9358c9ef/final-results.zip"",""sha256"":""02e7077f9358c9ef408741ee5d17123a43c28ea766b26a7ab338c08fcaeb7512""},""parser_version"":""germany-production-v1"",""parser_sha256"":""2a8eb3487f392ef83303e7fb9ff246e4c111a7e64a469a6aa9eb21461ae9b1a0"",""fields_covered"":[""second_votes"",""registered_label_native""],""published_or_derived"":""published"",""source_member"":""btw2025_kerg.csv"",""source_member_sha256"":""31ab27391d5753a6a972936d436092879f5c9cca11570272cd72e3e272d16731"",""source_column"":62},{""source_id"":""src-de-bwl-historical-results"",""source_url"":""https://www.bundeswahlleiterin.de/dam/jcr/24d8e745-920d-431a-893a-12805bc7ef40/btw_ab49_datenbank_ergebnisse.csv"",""source_record_id"":""csv-record-300"",""retrieved_at"":""2026-10-01T23:20:00.007Z"",""raw_snapshot"":{""path"":""docs/political-data/raw/germany/2026-10-01T23-20-00-007Z_9efffc24b559679a/results.csv"",""sha256"":""9efffc24b559679ade291d8da63462e5523b43ac62064e759737c3ae01418484""},""parser_version"":""germany-production-v1"",""parser_sha256"":""2a8eb3487f392ef83303e7fb9ff246e4c111a7e64a469a6aa9eb21461ae9b1a0"",""fields_covered"":[""published_vote_share"",""seats""],""published_or_derived"":""published"",""columns"":[6,79],""compilation_label"":""Die PARTEI"",""alignment_basis"":""unique exact national second-vote count in the same election; not party identity""},{""source_id"":""src-de-bwl-historical-results"",""source_url"":""https://www.bundeswahlleiterin.de/dam/jcr/24d8e745-920d-431a-893a-12805bc7ef40/btw_ab49_datenbank_ergebnisse.csv"",""source_record_id"":""csv-record-92"",""retrieved_at"":""2026-10-01T23:20:00.007Z"",""raw_snapshot"":{""path"":""docs/political-data/raw/germany/2026-10-01T23-20-00-007Z_9efffc24b559679a/results.csv"",""sha256"":""9efffc24b559679ade291d8da63462e5523b43ac62064e759737c3ae01418484""},""parser_version"":""germany-production-v1"",""parser_sha256"":""2a8eb3487f392ef83303e7fb9ff246e4c111a7e64a469a6aa9eb21461ae9b1a0"",""fields_covered"":[""total_seats"",""valid_second_votes""],""published_or_derived"":""published"",""columns"":[4,79]},{""source_id"":""src-de-bwl-final-archive"",""source_url"":""https://www.bundeswahlleiterin.de/dam/jcr/ce2d2b6a-f211-4355-8eea-355c98cd4e47/btw_kerg.zip"",""source_record_id"":""31ab27391d5753a6a972936d436092879f5c9cca11570272cd72e3e272d16731:btw2025_kerg.csv:340:62"",""retrieved_at"":""2026-10-01T23:21:39.584Z"",""raw_snapshot"":{""path"":""docs/political-data/raw/germany/2026-10-01T23-21-39-584Z_02e7077f9358c9ef/final-results.zip"",""sha256"":""02e7077f9358c9ef408741ee5d17123a43c28ea766b26a7ab338c08fcaeb7512""},""parser_version"":""germany-production-v1"",""parser_sha256"":""2a8eb3487f392ef83303e7fb9ff246e4c111a7e64a469a6aa9eb21461ae9b1a0"",""fields_covered"":[""derived_vote_share""],""published_or_derived"":""derived"",""formula"":""100 * second_votes / valid_second_votes"",""input_fields"":[""second_votes"",""el-de-bt-2025-02-23:valid_second_votes""]},{""source_id"":""src-de-bwl-historical-results"",""source_url"":""https://www.bundeswahlleiterin.de/dam/jcr/24d8e745-920d-431a-893a-12805bc7ef40/btw_ab49_datenbank_ergebnisse.csv"",""source_record_id"":""csv-record-300"",""retrieved_at"":""2026-10-01T23:20:00.007Z"",""raw_snapshot"":{""path"":""docs/political-data/raw/germany/2026-10-01T23-20-00-007Z_9efffc24b559679a/results.csv"",""sha256"":""9efffc24b559679ade291d8da63462e5523b43ac62064e759737c3ae01418484""},""parser_version"":""germany-production-v1"",""parser_sha256"":""2a8eb3487f392ef83303e7fb9ff246e4c111a7e64a469a6aa9eb21461ae9b1a0"",""fields_covered"":[""derived_seat_share""],""published_or_derived"":""derived"",""formula"":""100 * seats / total_seats; null remains null"",""input_fields"":[""seats"",""lg-de-bt-21:total_seats""]}]"
"er-ct-de-0192","germany","national","el-de-bt-2025-02-23","ct-de-0192","second_vote","49649512","630","24553","0","0.04945265121639061",,,"final","[{""source_id"":""src-de-bwl-final-archive"",""source_url"":""https://www.bundeswahlleiterin.de/dam/jcr/ce2d2b6a-f211-4355-8eea-355c98cd4e47/btw_kerg.zip"",""source_record_id"":""31ab27391d5753a6a972936d436092879f5c9cca11570272cd72e3e272d16731:btw2025_kerg.csv:340:66"",""retrieved_at"":""2026-10-01T23:21:39.584Z"",""raw_snapshot"":{""path"":""docs/political-data/raw/germany/2026-10-01T23-21-39-584Z_02e7077f9358c9ef/final-results.zip"",""sha256"":""02e7077f9358c9ef408741ee5d17123a43c28ea766b26a7ab338c08fcaeb7512""},""parser_version"":""germany-production-v1"",""parser_sha256"":""2a8eb3487f392ef83303e7fb9ff246e4c111a7e64a469a6aa9eb21461ae9b1a0"",""fields_covered"":[""second_votes"",""registered_label_native""],""published_or_derived"":""published"",""source_member"":""btw2025_kerg.csv"",""source_member_sha256"":""31ab27391d5753a6a972936d436092879f5c9cca11570272cd72e3e272d16731"",""source_column"":66},{""source_id"":""src-de-bwl-historical-results"",""source_url"":""https://www.bundeswahlleiterin.de/dam/jcr/24d8e745-920d-431a-893a-12805bc7ef40/btw_ab49_datenbank_ergebnisse.csv"",""source_record_id"":""csv-record-527"",""retrieved_at"":""2026-10-01T23:20:00.007Z"",""raw_snapshot"":{""path"":""docs/political-data/raw/germany/2026-10-01T23-20-00-007Z_9efffc24b559679a/results.csv"",""sha256"":""9efffc24b559679ade291d8da63462e5523b43ac62064e759737c3ae01418484""},""parser_version"":""germany-production-v1"",""parser_sha256"":""2a8eb3487f392ef83303e7fb9ff246e4c111a7e64a469a6aa9eb21461ae9b1a0"",""fields_covered"":[""published_vote_share"",""seats""],""published_or_derived"":""published"",""columns"":[6,79],""compilation_label"":""Team Todenhöfer"",""alignment_basis"":""unique exact national second-vote count in the same election; not party identity""},{""source_id"":""src-de-bwl-historical-results"",""source_url"":""https://www.bundeswahlleiterin.de/dam/jcr/24d8e745-920d-431a-893a-12805bc7ef40/btw_ab49_datenbank_ergebnisse.csv"",""source_record_id"":""csv-record-92"",""retrieved_at"":""2026-10-01T23:20:00.007Z"",""raw_snapshot"":{""path"":""docs/political-data/raw/germany/2026-10-01T23-20-00-007Z_9efffc24b559679a/results.csv"",""sha256"":""9efffc24b559679ade291d8da63462e5523b43ac62064e759737c3ae01418484""},""parser_version"":""germany-production-v1"",""parser_sha256"":""2a8eb3487f392ef83303e7fb9ff246e4c111a7e64a469a6aa9eb21461ae9b1a0"",""fields_covered"":[""total_seats"",""valid_second_votes""],""published_or_derived"":""published"",""columns"":[4,79]},{""source_id"":""src-de-bwl-final-archive"",""source_url"":""https://www.bundeswahlleiterin.de/dam/jcr/ce2d2b6a-f211-4355-8eea-355c98cd4e47/btw_kerg.zip"",""source_record_id"":""31ab27391d5753a6a972936d436092879f5c9cca11570272cd72e3e272d16731:btw2025_kerg.csv:340:66"",""retrieved_at"":""2026-10-01T23:21:39.584Z"",""raw_snapshot"":{""path"":""docs/political-data/raw/germany/2026-10-01T23-21-39-584Z_02e7077f9358c9ef/final-results.zip"",""sha256"":""02e7077f9358c9ef408741ee5d17123a43c28ea766b26a7ab338c08fcaeb7512""},""parser_version"":""germany-production-v1"",""parser_sha256"":""2a8eb3487f392ef83303e7fb9ff246e4c111a7e64a469a6aa9eb21461ae9b1a0"",""fields_covered"":[""derived_vote_share""],""published_or_derived"":""derived"",""formula"":""100 * second_votes / valid_second_votes"",""input_fields"":[""second_votes"",""el-de-bt-2025-02-23:valid_second_votes""]},{""source_id"":""src-de-bwl-historical-results"",""source_url"":""https://www.bundeswahlleiterin.de/dam/jcr/24d8e745-920d-431a-893a-12805bc7ef40/btw_ab49_datenbank_ergebnisse.csv"",""source_record_id"":""csv-record-527"",""retrieved_at"":""2026-10-01T23:20:00.007Z"",""raw_snapshot"":{""path"":""docs/political-data/raw/germany/2026-10-01T23-20-00-007Z_9efffc24b559679a/results.csv"",""sha256"":""9efffc24b559679ade291d8da63462e5523b43ac62064e759737c3ae01418484""},""parser_version"":""germany-production-v1"",""parser_sha256"":""2a8eb3487f392ef83303e7fb9ff246e4c111a7e64a469a6aa9eb21461ae9b1a0"",""fields_covered"":[""derived_seat_share""],""published_or_derived"":""derived"",""formula"":""100 * seats / total_seats; null remains null"",""input_fields"":[""seats"",""lg-de-bt-21:total_seats""]}]"
"er-ct-de-0193","germany","national","el-de-bt-2025-02-23","ct-de-0193","second_vote","49649512","630","13800","0","0.02779483512345499",,,"final","[{""source_id"":""src-de-bwl-final-archive"",""source_url"":""https://www.bundeswahlleiterin.de/dam/jcr/ce2d2b6a-f211-4355-8eea-355c98cd4e47/btw_kerg.zip"",""source_record_id"":""31ab27391d5753a6a972936d436092879f5c9cca11570272cd72e3e272d16731:btw2025_kerg.csv:340:70"",""retrieved_at"":""2026-10-01T23:21:39.584Z"",""raw_snapshot"":{""path"":""docs/political-data/raw/germany/2026-10-01T23-21-39-584Z_02e7077f9358c9ef/final-results.zip"",""sha256"":""02e7077f9358c9ef408741ee5d17123a43c28ea766b26a7ab338c08fcaeb7512""},""parser_version"":""germany-production-v1"",""parser_sha256"":""2a8eb3487f392ef83303e7fb9ff246e4c111a7e64a469a6aa9eb21461ae9b1a0"",""fields_covered"":[""second_votes"",""registered_label_native""],""published_or_derived"":""published"",""source_member"":""btw2025_kerg.csv"",""source_member_sha256"":""31ab27391d5753a6a972936d436092879f5c9cca11570272cd72e3e272d16731"",""source_column"":70},{""source_id"":""src-de-bwl-historical-results"",""source_url"":""https://www.bundeswahlleiterin.de/dam/jcr/24d8e745-920d-431a-893a-12805bc7ef40/btw_ab49_datenbank_ergebnisse.csv"",""source_record_id"":""csv-record-488"",""retrieved_at"":""2026-10-01T23:20:00.007Z"",""raw_snapshot"":{""path"":""docs/political-data/raw/germany/2026-10-01T23-20-00-007Z_9efffc24b559679a/results.csv"",""sha256"":""9efffc24b559679ade291d8da63462e5523b43ac62064e759737c3ae01418484""},""parser_version"":""germany-production-v1"",""parser_sha256"":""2a8eb3487f392ef83303e7fb9ff246e4c111a7e64a469a6aa9eb21461ae9b1a0"",""fields_covered"":[""published_vote_share"",""seats""],""published_or_derived"":""published"",""columns"":[6,79],""compilation_label"":""PIRATEN"",""alignment_basis"":""unique exact national second-vote count in the same election; not party identity""},{""source_id"":""src-de-bwl-historical-results"",""source_url"":""https://www.bundeswahlleiterin.de/dam/jcr/24d8e745-920d-431a-893a-12805bc7ef40/btw_ab49_datenbank_ergebnisse.csv"",""source_record_id"":""csv-record-92"",""retrieved_at"":""2026-10-01T23:20:00.007Z"",""raw_snapshot"":{""path"":""docs/political-data/raw/germany/2026-10-01T23-20-00-007Z_9efffc24b559679a/results.csv"",""sha256"":""9efffc24b559679ade291d8da63462e5523b43ac62064e759737c3ae01418484""},""parser_version"":""germany-production-v1"",""parser_sha256"":""2a8eb3487f392ef83303e7fb9ff246e4c111a7e64a469a6aa9eb21461ae9b1a0"",""fields_covered"":[""total_seats"",""valid_second_votes""],""published_or_derived"":""published"",""columns"":[4,79]},{""source_id"":""src-de-bwl-final-archive"",""source_url"":""https://www.bundeswahlleiterin.de/dam/jcr/ce2d2b6a-f211-4355-8eea-355c98cd4e47/btw_kerg.zip"",""source_record_id"":""31ab27391d5753a6a972936d436092879f5c9cca11570272cd72e3e272d16731:btw2025_kerg.csv:340:70"",""retrieved_at"":""2026-10-01T23:21:39.584Z"",""raw_snapshot"":{""path"":""docs/political-data/raw/germany/2026-10-01T23-21-39-584Z_02e7077f9358c9ef/final-results.zip"",""sha256"":""02e7077f9358c9ef408741ee5d17123a43c28ea766b26a7ab338c08fcaeb7512""},""parser_version"":""germany-production-v1"",""parser_sha256"":""2a8eb3487f392ef83303e7fb9ff246e4c111a7e64a469a6aa9eb21461ae9b1a0"",""fields_covered"":[""derived_vote_share""],""published_or_derived"":""derived"",""formula"":""100 * second_votes / valid_second_votes"",""input_fields"":[""second_votes"",""el-de-bt-2025-02-23:valid_second_votes""]},{""source_id"":""src-de-bwl-historical-results"",""source_url"":""https://www.bundeswahlleiterin.de/dam/jcr/24d8e745-920d-431a-893a-12805bc7ef40/btw_ab49_datenbank_ergebnisse.csv"",""source_record_id"":""csv-record-488"",""retrieved_at"":""2026-10-01T23:20:00.007Z"",""raw_snapshot"":{""path"":""docs/political-data/raw/germany/2026-10-01T23-20-00-007Z_9efffc24b559679a/results.csv"",""sha256"":""9efffc24b559679ade291d8da63462e5523b43ac62064e759737c3ae01418484""},""parser_version"":""germany-production-v1"",""parser_sha256"":""2a8eb3487f392ef83303e7fb9ff246e4c111a7e64a469a6aa9eb21461ae9b1a0"",""fields_covered"":[""derived_seat_share""],""published_or_derived"":""derived"",""formula"":""100 * seats / total_seats; null remains null"",""input_fields"":[""seats"",""lg-de-bt-21:total_seats""]}]"
"er-ct-de-0194","germany","national","el-de-bt-2025-02-23","ct-de-0194","second_vote","49649512","630","355262","0.7","0.7155397620020918",,,"final","[{""source_id"":""src-de-bwl-final-archive"",""source_url"":""https://www.bundeswahlleiterin.de/dam/jcr/ce2d2b6a-f211-4355-8eea-355c98cd4e47/btw_kerg.zip"",""source_record_id"":""31ab27391d5753a6a972936d436092879f5c9cca11570272cd72e3e272d16731:btw2025_kerg.csv:340:74"",""retrieved_at"":""2026-10-01T23:21:39.584Z"",""raw_snapshot"":{""path"":""docs/political-data/raw/germany/2026-10-01T23-21-39-584Z_02e7077f9358c9ef/final-results.zip"",""sha256"":""02e7077f9358c9ef408741ee5d17123a43c28ea766b26a7ab338c08fcaeb7512""},""parser_version"":""germany-production-v1"",""parser_sha256"":""2a8eb3487f392ef83303e7fb9ff246e4c111a7e64a469a6aa9eb21461ae9b1a0"",""fields_covered"":[""second_votes"",""registered_label_native""],""published_or_derived"":""published"",""source_member"":""btw2025_kerg.csv"",""source_member_sha256"":""31ab27391d5753a6a972936d436092879f5c9cca11570272cd72e3e272d16731"",""source_column"":74},{""source_id"":""src-de-bwl-historical-results"",""source_url"":""https://www.bundeswahlleiterin.de/dam/jcr/24d8e745-920d-431a-893a-12805bc7ef40/btw_ab49_datenbank_ergebnisse.csv"",""source_record_id"":""csv-record-564"",""retrieved_at"":""2026-10-01T23:20:00.007Z"",""raw_snapshot"":{""path"":""docs/political-data/raw/germany/2026-10-01T23-20-00-007Z_9efffc24b559679a/results.csv"",""sha256"":""9efffc24b559679ade291d8da63462e5523b43ac62064e759737c3ae01418484""},""parser_version"":""germany-production-v1"",""parser_sha256"":""2a8eb3487f392ef83303e7fb9ff246e4c111a7e64a469a6aa9eb21461ae9b1a0"",""fields_covered"":[""published_vote_share"",""seats""],""published_or_derived"":""published"",""columns"":[6,79],""compilation_label"":""Volt"",""alignment_basis"":""unique exact national second-vote count in the same election; not party identity""},{""source_id"":""src-de-bwl-historical-results"",""source_url"":""https://www.bundeswahlleiterin.de/dam/jcr/24d8e745-920d-431a-893a-12805bc7ef40/btw_ab49_datenbank_ergebnisse.csv"",""source_record_id"":""csv-record-92"",""retrieved_at"":""2026-10-01T23:20:00.007Z"",""raw_snapshot"":{""path"":""docs/political-data/raw/germany/2026-10-01T23-20-00-007Z_9efffc24b559679a/results.csv"",""sha256"":""9efffc24b559679ade291d8da63462e5523b43ac62064e759737c3ae01418484""},""parser_version"":""germany-production-v1"",""parser_sha256"":""2a8eb3487f392ef83303e7fb9ff246e4c111a7e64a469a6aa9eb21461ae9b1a0"",""fields_covered"":[""total_seats"",""valid_second_votes""],""published_or_derived"":""published"",""columns"":[4,79]},{""source_id"":""src-de-bwl-final-archive"",""source_url"":""https://www.bundeswahlleiterin.de/dam/jcr/ce2d2b6a-f211-4355-8eea-355c98cd4e47/btw_kerg.zip"",""source_record_id"":""31ab27391d5753a6a972936d436092879f5c9cca11570272cd72e3e272d16731:btw2025_kerg.csv:340:74"",""retrieved_at"":""2026-10-01T23:21:39.584Z"",""raw_snapshot"":{""path"":""docs/political-data/raw/germany/2026-10-01T23-21-39-584Z_02e7077f9358c9ef/final-results.zip"",""sha256"":""02e7077f9358c9ef408741ee5d17123a43c28ea766b26a7ab338c08fcaeb7512""},""parser_version"":""germany-production-v1"",""parser_sha256"":""2a8eb3487f392ef83303e7fb9ff246e4c111a7e64a469a6aa9eb21461ae9b1a0"",""fields_covered"":[""derived_vote_share""],""published_or_derived"":""derived"",""formula"":""100 * second_votes / valid_second_votes"",""input_fields"":[""second_votes"",""el-de-bt-2025-02-23:valid_second_votes""]},{""source_id"":""src-de-bwl-historical-results"",""source_url"":""https://www.bundeswahlleiterin.de/dam/jcr/24d8e745-920d-431a-893a-12805bc7ef40/btw_ab49_datenbank_ergebnisse.csv"",""source_record_id"":""csv-record-564"",""retrieved_at"":""2026-10-01T23:20:00.007Z"",""raw_snapshot"":{""path"":""docs/political-data/raw/germany/2026-10-01T23-20-00-007Z_9efffc24b559679a/results.csv"",""sha256"":""9efffc24b559679ade291d8da63462e5523b43ac62064e759737c3ae01418484""},""parser_version"":""germany-production-v1"",""parser_sha256"":""2a8eb3487f392ef83303e7fb9ff246e4c111a7e64a469a6aa9eb21461ae9b1a0"",""fields_covered"":[""derived_seat_share""],""published_or_derived"":""derived"",""formula"":""100 * seats / total_seats; null remains null"",""input_fields"":[""seats"",""lg-de-bt-21:total_seats""]}]"
"er-ct-de-0195","germany","national","el-de-bt-2025-02-23","ct-de-0195","second_vote","49649512","630","49764","0.1","0.10023059239736334",,,"final","[{""source_id"":""src-de-bwl-final-archive"",""source_url"":""https://www.bundeswahlleiterin.de/dam/jcr/ce2d2b6a-f211-4355-8eea-355c98cd4e47/btw_kerg.zip"",""source_record_id"":""31ab27391d5753a6a972936d436092879f5c9cca11570272cd72e3e272d16731:btw2025_kerg.csv:340:78"",""retrieved_at"":""2026-10-01T23:21:39.584Z"",""raw_snapshot"":{""path"":""docs/political-data/raw/germany/2026-10-01T23-21-39-584Z_02e7077f9358c9ef/final-results.zip"",""sha256"":""02e7077f9358c9ef408741ee5d17123a43c28ea766b26a7ab338c08fcaeb7512""},""parser_version"":""germany-production-v1"",""parser_sha256"":""2a8eb3487f392ef83303e7fb9ff246e4c111a7e64a469a6aa9eb21461ae9b1a0"",""fields_covered"":[""second_votes"",""registered_label_native""],""published_or_derived"":""published"",""source_member"":""btw2025_kerg.csv"",""source_member_sha256"":""31ab27391d5753a6a972936d436092879f5c9cca11570272cd72e3e272d16731"",""source_column"":78},{""source_id"":""src-de-bwl-historical-results"",""source_url"":""https://www.bundeswahlleiterin.de/dam/jcr/24d8e745-920d-431a-893a-12805bc7ef40/btw_ab49_datenbank_ergebnisse.csv"",""source_record_id"":""csv-record-462"",""retrieved_at"":""2026-10-01T23:20:00.007Z"",""raw_snapshot"":{""path"":""docs/political-data/raw/germany/2026-10-01T23-20-00-007Z_9efffc24b559679a/results.csv"",""sha256"":""9efffc24b559679ade291d8da63462e5523b43ac62064e759737c3ae01418484""},""parser_version"":""germany-production-v1"",""parser_sha256"":""2a8eb3487f392ef83303e7fb9ff246e4c111a7e64a469a6aa9eb21461ae9b1a0"",""fields_covered"":[""published_vote_share"",""seats""],""published_or_derived"":""published"",""columns"":[6,79],""compilation_label"":""ÖDP"",""alignment_basis"":""unique exact national second-vote count in the same election; not party identity""},{""source_id"":""src-de-bwl-historical-results"",""source_url"":""https://www.bundeswahlleiterin.de/dam/jcr/24d8e745-920d-431a-893a-12805bc7ef40/btw_ab49_datenbank_ergebnisse.csv"",""source_record_id"":""csv-record-92"",""retrieved_at"":""2026-10-01T23:20:00.007Z"",""raw_snapshot"":{""path"":""docs/political-data/raw/germany/2026-10-01T23-20-00-007Z_9efffc24b559679a/results.csv"",""sha256"":""9efffc24b559679ade291d8da63462e5523b43ac62064e759737c3ae01418484""},""parser_version"":""germany-production-v1"",""parser_sha256"":""2a8eb3487f392ef83303e7fb9ff246e4c111a7e64a469a6aa9eb21461ae9b1a0"",""fields_covered"":[""total_seats"",""valid_second_votes""],""published_or_derived"":""published"",""columns"":[4,79]},{""source_id"":""src-de-bwl-final-archive"",""source_url"":""https://www.bundeswahlleiterin.de/dam/jcr/ce2d2b6a-f211-4355-8eea-355c98cd4e47/btw_kerg.zip"",""source_record_id"":""31ab27391d5753a6a972936d436092879f5c9cca11570272cd72e3e272d16731:btw2025_kerg.csv:340:78"",""retrieved_at"":""2026-10-01T23:21:39.584Z"",""raw_snapshot"":{""path"":""docs/political-data/raw/germany/2026-10-01T23-21-39-584Z_02e7077f9358c9ef/final-results.zip"",""sha256"":""02e7077f9358c9ef408741ee5d17123a43c28ea766b26a7ab338c08fcaeb7512""},""parser_version"":""germany-production-v1"",""parser_sha256"":""2a8eb3487f392ef83303e7fb9ff246e4c111a7e64a469a6aa9eb21461ae9b1a0"",""fields_covered"":[""derived_vote_share""],""published_or_derived"":""derived"",""formula"":""100 * second_votes / valid_second_votes"",""input_fields"":[""second_votes"",""el-de-bt-2025-02-23:valid_second_votes""]},{""source_id"":""src-de-bwl-historical-results"",""source_url"":""https://www.bundeswahlleiterin.de/dam/jcr/24d8e745-920d-431a-893a-12805bc7ef40/btw_ab49_datenbank_ergebnisse.csv"",""source_record_id"":""csv-record-462"",""retrieved_at"":""2026-10-01T23:20:00.007Z"",""raw_snapshot"":{""path"":""docs/political-data/raw/germany/2026-10-01T23-20-00-007Z_9efffc24b559679a/results.csv"",""sha256"":""9efffc24b559679ade291d8da63462e5523b43ac62064e759737c3ae01418484""},""parser_version"":""germany-production-v1"",""parser_sha256"":""2a8eb3487f392ef83303e7fb9ff246e4c111a7e64a469a6aa9eb21461ae9b1a0"",""fields_covered"":[""derived_seat_share""],""published_or_derived"":""derived"",""formula"":""100 * seats / total_seats; null remains null"",""input_fields"":[""seats"",""lg-de-bt-21:total_seats""]}]"
"er-ct-de-0196","germany","national","el-de-bt-2025-02-23","ct-de-0196","second_vote","49649512","630","76138","0.2","0.15335095337895768","1","0.15873015873015872","final","[{""source_id"":""src-de-bwl-final-archive"",""source_url"":""https://www.bundeswahlleiterin.de/dam/jcr/ce2d2b6a-f211-4355-8eea-355c98cd4e47/btw_kerg.zip"",""source_record_id"":""31ab27391d5753a6a972936d436092879f5c9cca11570272cd72e3e272d16731:btw2025_kerg.csv:340:82"",""retrieved_at"":""2026-10-01T23:21:39.584Z"",""raw_snapshot"":{""path"":""docs/political-data/raw/germany/2026-10-01T23-21-39-584Z_02e7077f9358c9ef/final-results.zip"",""sha256"":""02e7077f9358c9ef408741ee5d17123a43c28ea766b26a7ab338c08fcaeb7512""},""parser_version"":""germany-production-v1"",""parser_sha256"":""2a8eb3487f392ef83303e7fb9ff246e4c111a7e64a469a6aa9eb21461ae9b1a0"",""fields_covered"":[""second_votes"",""registered_label_native""],""published_or_derived"":""published"",""source_member"":""btw2025_kerg.csv"",""source_member_sha256"":""31ab27391d5753a6a972936d436092879f5c9cca11570272cd72e3e272d16731"",""source_column"":82},{""source_id"":""src-de-bwl-historical-results"",""source_url"":""https://www.bundeswahlleiterin.de/dam/jcr/24d8e745-920d-431a-893a-12805bc7ef40/btw_ab49_datenbank_ergebnisse.csv"",""source_record_id"":""csv-record-522"",""retrieved_at"":""2026-10-01T23:20:00.007Z"",""raw_snapshot"":{""path"":""docs/political-data/raw/germany/2026-10-01T23-20-00-007Z_9efffc24b559679a/results.csv"",""sha256"":""9efffc24b559679ade291d8da63462e5523b43ac62064e759737c3ae01418484""},""parser_version"":""germany-production-v1"",""parser_sha256"":""2a8eb3487f392ef83303e7fb9ff246e4c111a7e64a469a6aa9eb21461ae9b1a0"",""fields_covered"":[""published_vote_share"",""seats""],""published_or_derived"":""published"",""columns"":[6,79],""compilation_label"":""SSW"",""alignment_basis"":""unique exact national second-vote count in the same election; not party identity""},{""source_id"":""src-de-bwl-historical-results"",""source_url"":""https://www.bundeswahlleiterin.de/dam/jcr/24d8e745-920d-431a-893a-12805bc7ef40/btw_ab49_datenbank_ergebnisse.csv"",""source_record_id"":""csv-record-92"",""retrieved_at"":""2026-10-01T23:20:00.007Z"",""raw_snapshot"":{""path"":""docs/political-data/raw/germany/2026-10-01T23-20-00-007Z_9efffc24b559679a/results.csv"",""sha256"":""9efffc24b559679ade291d8da63462e5523b43ac62064e759737c3ae01418484""},""parser_version"":""germany-production-v1"",""parser_sha256"":""2a8eb3487f392ef83303e7fb9ff246e4c111a7e64a469a6aa9eb21461ae9b1a0"",""fields_covered"":[""total_seats"",""valid_second_votes""],""published_or_derived"":""published"",""columns"":[4,79]},{""source_id"":""src-de-bwl-final-archive"",""source_url"":""https://www.bundeswahlleiterin.de/dam/jcr/ce2d2b6a-f211-4355-8eea-355c98cd4e47/btw_kerg.zip"",""source_record_id"":""31ab27391d5753a6a972936d436092879f5c9cca11570272cd72e3e272d16731:btw2025_kerg.csv:340:82"",""retrieved_at"":""2026-10-01T23:21:39.584Z"",""raw_snapshot"":{""path"":""docs/political-data/raw/germany/2026-10-01T23-21-39-584Z_02e7077f9358c9ef/final-results.zip"",""sha256"":""02e7077f9358c9ef408741ee5d17123a43c28ea766b26a7ab338c08fcaeb7512""},""parser_version"":""germany-production-v1"",""parser_sha256"":""2a8eb3487f392ef83303e7fb9ff246e4c111a7e64a469a6aa9eb21461ae9b1a0"",""fields_covered"":[""derived_vote_share""],""published_or_derived"":""derived"",""formula"":""100 * second_votes / valid_second_votes"",""input_fields"":[""second_votes"",""el-de-bt-2025-02-23:valid_second_votes""]},{""source_id"":""src-de-bwl-historical-results"",""source_url"":""https://www.bundeswahlleiterin.de/dam/jcr/24d8e745-920d-431a-893a-12805bc7ef40/btw_ab49_datenbank_ergebnisse.csv"",""source_record_id"":""csv-record-522"",""retrieved_at"":""2026-10-01T23:20:00.007Z"",""raw_snapshot"":{""path"":""docs/political-data/raw/germany/2026-10-01T23-20-00-007Z_9efffc24b559679a/results.csv"",""sha256"":""9efffc24b559679ade291d8da63462e5523b43ac62064e759737c3ae01418484""},""parser_version"":""germany-production-v1"",""parser_sha256"":""2a8eb3487f392ef83303e7fb9ff246e4c111a7e64a469a6aa9eb21461ae9b1a0"",""fields_covered"":[""derived_seat_share""],""published_or_derived"":""derived"",""formula"":""100 * seats / total_seats; null remains null"",""input_fields"":[""seats"",""lg-de-bt-21:total_seats""]}]"
"er-ct-de-0197","germany","national","el-de-bt-2025-02-23","ct-de-0197","second_vote","49649512","630","303","0","0.0006102779016236856",,,"final","[{""source_id"":""src-de-bwl-final-archive"",""source_url"":""https://www.bundeswahlleiterin.de/dam/jcr/ce2d2b6a-f211-4355-8eea-355c98cd4e47/btw_kerg.zip"",""source_record_id"":""31ab27391d5753a6a972936d436092879f5c9cca11570272cd72e3e272d16731:btw2025_kerg.csv:340:86"",""retrieved_at"":""2026-10-01T23:21:39.584Z"",""raw_snapshot"":{""path"":""docs/political-data/raw/germany/2026-10-01T23-21-39-584Z_02e7077f9358c9ef/final-results.zip"",""sha256"":""02e7077f9358c9ef408741ee5d17123a43c28ea766b26a7ab338c08fcaeb7512""},""parser_version"":""germany-production-v1"",""parser_sha256"":""2a8eb3487f392ef83303e7fb9ff246e4c111a7e64a469a6aa9eb21461ae9b1a0"",""fields_covered"":[""second_votes"",""registered_label_native""],""published_or_derived"":""published"",""source_member"":""btw2025_kerg.csv"",""source_member_sha256"":""31ab27391d5753a6a972936d436092879f5c9cca11570272cd72e3e272d16731"",""source_column"":86},{""source_id"":""src-de-bwl-historical-results"",""source_url"":""https://www.bundeswahlleiterin.de/dam/jcr/24d8e745-920d-431a-893a-12805bc7ef40/btw_ab49_datenbank_ergebnisse.csv"",""source_record_id"":""csv-record-554"",""retrieved_at"":""2026-10-01T23:20:00.007Z"",""raw_snapshot"":{""path"":""docs/political-data/raw/germany/2026-10-01T23-20-00-007Z_9efffc24b559679a/results.csv"",""sha256"":""9efffc24b559679ade291d8da63462e5523b43ac62064e759737c3ae01418484""},""parser_version"":""germany-production-v1"",""parser_sha256"":""2a8eb3487f392ef83303e7fb9ff246e4c111a7e64a469a6aa9eb21461ae9b1a0"",""fields_covered"":[""published_vote_share"",""seats""],""published_or_derived"":""published"",""columns"":[6,79],""compilation_label"":""Verjüngungsforschung"",""alignment_basis"":""unique exact national second-vote count in the same election; not party identity""},{""source_id"":""src-de-bwl-historical-results"",""source_url"":""https://www.bundeswahlleiterin.de/dam/jcr/24d8e745-920d-431a-893a-12805bc7ef40/btw_ab49_datenbank_ergebnisse.csv"",""source_record_id"":""csv-record-92"",""retrieved_at"":""2026-10-01T23:20:00.007Z"",""raw_snapshot"":{""path"":""docs/political-data/raw/germany/2026-10-01T23-20-00-007Z_9efffc24b559679a/results.csv"",""sha256"":""9efffc24b559679ade291d8da63462e5523b43ac62064e759737c3ae01418484""},""parser_version"":""germany-production-v1"",""parser_sha256"":""2a8eb3487f392ef83303e7fb9ff246e4c111a7e64a469a6aa9eb21461ae9b1a0"",""fields_covered"":[""total_seats"",""valid_second_votes""],""published_or_derived"":""published"",""columns"":[4,79]},{""source_id"":""src-de-bwl-final-archive"",""source_url"":""https://www.bundeswahlleiterin.de/dam/jcr/ce2d2b6a-f211-4355-8eea-355c98cd4e47/btw_kerg.zip"",""source_record_id"":""31ab27391d5753a6a972936d436092879f5c9cca11570272cd72e3e272d16731:btw2025_kerg.csv:340:86"",""retrieved_at"":""2026-10-01T23:21:39.584Z"",""raw_snapshot"":{""path"":""docs/political-data/raw/germany/2026-10-01T23-21-39-584Z_02e7077f9358c9ef/final-results.zip"",""sha256"":""02e7077f9358c9ef408741ee5d17123a43c28ea766b26a7ab338c08fcaeb7512""},""parser_version"":""germany-production-v1"",""parser_sha256"":""2a8eb3487f392ef83303e7fb9ff246e4c111a7e64a469a6aa9eb21461ae9b1a0"",""fields_covered"":[""derived_vote_share""],""published_or_derived"":""derived"",""formula"":""100 * second_votes / valid_second_votes"",""input_fields"":[""second_votes"",""el-de-bt-2025-02-23:valid_second_votes""]},{""source_id"":""src-de-bwl-historical-results"",""source_url"":""https://www.bundeswahlleiterin.de/dam/jcr/24d8e745-920d-431a-893a-12805bc7ef40/btw_ab49_datenbank_ergebnisse.csv"",""source_record_id"":""csv-record-554"",""retrieved_at"":""2026-10-01T23:20:00.007Z"",""raw_snapshot"":{""path"":""docs/political-data/raw/germany/2026-10-01T23-20-00-007Z_9efffc24b559679a/results.csv"",""sha256"":""9efffc24b559679ade291d8da63462e5523b43ac62064e759737c3ae01418484""},""parser_version"":""germany-production-v1"",""parser_sha256"":""2a8eb3487f392ef83303e7fb9ff246e4c111a7e64a469a6aa9eb21461ae9b1a0"",""fields_covered"":[""derived_seat_share""],""published_or_derived"":""derived"",""formula"":""100 * seats / total_seats; null remains null"",""input_fields"":[""seats"",""lg-de-bt-21:total_seats""]}]"
"er-ct-de-0198","germany","national","el-de-bt-2025-02-23","ct-de-0198","second_vote","49649512","630","14294","0","0.02878980965613519",,,"final","[{""source_id"":""src-de-bwl-final-archive"",""source_url"":""https://www.bundeswahlleiterin.de/dam/jcr/ce2d2b6a-f211-4355-8eea-355c98cd4e47/btw_kerg.zip"",""source_record_id"":""31ab27391d5753a6a972936d436092879f5c9cca11570272cd72e3e272d16731:btw2025_kerg.csv:340:90"",""retrieved_at"":""2026-10-01T23:21:39.584Z"",""raw_snapshot"":{""path"":""docs/political-data/raw/germany/2026-10-01T23-21-39-584Z_02e7077f9358c9ef/final-results.zip"",""sha256"":""02e7077f9358c9ef408741ee5d17123a43c28ea766b26a7ab338c08fcaeb7512""},""parser_version"":""germany-production-v1"",""parser_sha256"":""2a8eb3487f392ef83303e7fb9ff246e4c111a7e64a469a6aa9eb21461ae9b1a0"",""fields_covered"":[""second_votes"",""registered_label_native""],""published_or_derived"":""published"",""source_member"":""btw2025_kerg.csv"",""source_member_sha256"":""31ab27391d5753a6a972936d436092879f5c9cca11570272cd72e3e272d16731"",""source_column"":90},{""source_id"":""src-de-bwl-historical-results"",""source_url"":""https://www.bundeswahlleiterin.de/dam/jcr/24d8e745-920d-431a-893a-12805bc7ef40/btw_ab49_datenbank_ergebnisse.csv"",""source_record_id"":""csv-record-481"",""retrieved_at"":""2026-10-01T23:20:00.007Z"",""raw_snapshot"":{""path"":""docs/political-data/raw/germany/2026-10-01T23-20-00-007Z_9efffc24b559679a/results.csv"",""sha256"":""9efffc24b559679ade291d8da63462e5523b43ac62064e759737c3ae01418484""},""parser_version"":""germany-production-v1"",""parser_sha256"":""2a8eb3487f392ef83303e7fb9ff246e4c111a7e64a469a6aa9eb21461ae9b1a0"",""fields_covered"":[""published_vote_share"",""seats""],""published_or_derived"":""published"",""columns"":[6,79],""compilation_label"":""PdH"",""alignment_basis"":""unique exact national second-vote count in the same election; not party identity""},{""source_id"":""src-de-bwl-historical-results"",""source_url"":""https://www.bundeswahlleiterin.de/dam/jcr/24d8e745-920d-431a-893a-12805bc7ef40/btw_ab49_datenbank_ergebnisse.csv"",""source_record_id"":""csv-record-92"",""retrieved_at"":""2026-10-01T23:20:00.007Z"",""raw_snapshot"":{""path"":""docs/political-data/raw/germany/2026-10-01T23-20-00-007Z_9efffc24b559679a/results.csv"",""sha256"":""9efffc24b559679ade291d8da63462e5523b43ac62064e759737c3ae01418484""},""parser_version"":""germany-production-v1"",""parser_sha256"":""2a8eb3487f392ef83303e7fb9ff246e4c111a7e64a469a6aa9eb21461ae9b1a0"",""fields_covered"":[""total_seats"",""valid_second_votes""],""published_or_derived"":""published"",""columns"":[4,79]},{""source_id"":""src-de-bwl-final-archive"",""source_url"":""https://www.bundeswahlleiterin.de/dam/jcr/ce2d2b6a-f211-4355-8eea-355c98cd4e47/btw_kerg.zip"",""source_record_id"":""31ab27391d5753a6a972936d436092879f5c9cca11570272cd72e3e272d16731:btw2025_kerg.csv:340:90"",""retrieved_at"":""2026-10-01T23:21:39.584Z"",""raw_snapshot"":{""path"":""docs/political-data/raw/germany/2026-10-01T23-21-39-584Z_02e7077f9358c9ef/final-results.zip"",""sha256"":""02e7077f9358c9ef408741ee5d17123a43c28ea766b26a7ab338c08fcaeb7512""},""parser_version"":""germany-production-v1"",""parser_sha256"":""2a8eb3487f392ef83303e7fb9ff246e4c111a7e64a469a6aa9eb21461ae9b1a0"",""fields_covered"":[""derived_vote_share""],""published_or_derived"":""derived"",""formula"":""100 * second_votes / valid_second_votes"",""input_fields"":[""second_votes"",""el-de-bt-2025-02-23:valid_second_votes""]},{""source_id"":""src-de-bwl-historical-results"",""source_url"":""https://www.bundeswahlleiterin.de/dam/jcr/24d8e745-920d-431a-893a-12805bc7ef40/btw_ab49_datenbank_ergebnisse.csv"",""source_record_id"":""csv-record-481"",""retrieved_at"":""2026-10-01T23:20:00.007Z"",""raw_snapshot"":{""path"":""docs/political-data/raw/germany/2026-10-01T23-20-00-007Z_9efffc24b559679a/results.csv"",""sha256"":""9efffc24b559679ade291d8da63462e5523b43ac62064e759737c3ae01418484""},""parser_version"":""germany-production-v1"",""parser_sha256"":""2a8eb3487f392ef83303e7fb9ff246e4c111a7e64a469a6aa9eb21461ae9b1a0"",""fields_covered"":[""derived_seat_share""],""published_or_derived"":""derived"",""formula"":""100 * seats / total_seats; null remains null"",""input_fields"":[""seats"",""lg-de-bt-21:total_seats""]}]"
"er-ct-de-0199","germany","national","el-de-bt-2025-02-23","ct-de-0199","second_vote","49649512","630","11768","0","0.023702146357450604",,,"final","[{""source_id"":""src-de-bwl-final-archive"",""source_url"":""https://www.bundeswahlleiterin.de/dam/jcr/ce2d2b6a-f211-4355-8eea-355c98cd4e47/btw_kerg.zip"",""source_record_id"":""31ab27391d5753a6a972936d436092879f5c9cca11570272cd72e3e272d16731:btw2025_kerg.csv:340:94"",""retrieved_at"":""2026-10-01T23:21:39.584Z"",""raw_snapshot"":{""path"":""docs/political-data/raw/germany/2026-10-01T23-21-39-584Z_02e7077f9358c9ef/final-results.zip"",""sha256"":""02e7077f9358c9ef408741ee5d17123a43c28ea766b26a7ab338c08fcaeb7512""},""parser_version"":""germany-production-v1"",""parser_sha256"":""2a8eb3487f392ef83303e7fb9ff246e4c111a7e64a469a6aa9eb21461ae9b1a0"",""fields_covered"":[""second_votes"",""registered_label_native""],""published_or_derived"":""published"",""source_member"":""btw2025_kerg.csv"",""source_member_sha256"":""31ab27391d5753a6a972936d436092879f5c9cca11570272cd72e3e272d16731"",""source_column"":94},{""source_id"":""src-de-bwl-historical-results"",""source_url"":""https://www.bundeswahlleiterin.de/dam/jcr/24d8e745-920d-431a-893a-12805bc7ef40/btw_ab49_datenbank_ergebnisse.csv"",""source_record_id"":""csv-record-250"",""retrieved_at"":""2026-10-01T23:20:00.007Z"",""raw_snapshot"":{""path"":""docs/political-data/raw/germany/2026-10-01T23-20-00-007Z_9efffc24b559679a/results.csv"",""sha256"":""9efffc24b559679ade291d8da63462e5523b43ac62064e759737c3ae01418484""},""parser_version"":""germany-production-v1"",""parser_sha256"":""2a8eb3487f392ef83303e7fb9ff246e4c111a7e64a469a6aa9eb21461ae9b1a0"",""fields_covered"":[""published_vote_share"",""seats""],""published_or_derived"":""published"",""columns"":[6,79],""compilation_label"":""Bündnis C"",""alignment_basis"":""unique exact national second-vote count in the same election; not party identity""},{""source_id"":""src-de-bwl-historical-results"",""source_url"":""https://www.bundeswahlleiterin.de/dam/jcr/24d8e745-920d-431a-893a-12805bc7ef40/btw_ab49_datenbank_ergebnisse.csv"",""source_record_id"":""csv-record-92"",""retrieved_at"":""2026-10-01T23:20:00.007Z"",""raw_snapshot"":{""path"":""docs/political-data/raw/germany/2026-10-01T23-20-00-007Z_9efffc24b559679a/results.csv"",""sha256"":""9efffc24b559679ade291d8da63462e5523b43ac62064e759737c3ae01418484""},""parser_version"":""germany-production-v1"",""parser_sha256"":""2a8eb3487f392ef83303e7fb9ff246e4c111a7e64a469a6aa9eb21461ae9b1a0"",""fields_covered"":[""total_seats"",""valid_second_votes""],""published_or_derived"":""published"",""columns"":[4,79]},{""source_id"":""src-de-bwl-final-archive"",""source_url"":""https://www.bundeswahlleiterin.de/dam/jcr/ce2d2b6a-f211-4355-8eea-355c98cd4e47/btw_kerg.zip"",""source_record_id"":""31ab27391d5753a6a972936d436092879f5c9cca11570272cd72e3e272d16731:btw2025_kerg.csv:340:94"",""retrieved_at"":""2026-10-01T23:21:39.584Z"",""raw_snapshot"":{""path"":""docs/political-data/raw/germany/2026-10-01T23-21-39-584Z_02e7077f9358c9ef/final-results.zip"",""sha256"":""02e7077f9358c9ef408741ee5d17123a43c28ea766b26a7ab338c08fcaeb7512""},""parser_version"":""germany-production-v1"",""parser_sha256"":""2a8eb3487f392ef83303e7fb9ff246e4c111a7e64a469a6aa9eb21461ae9b1a0"",""fields_covered"":[""derived_vote_share""],""published_or_derived"":""derived"",""formula"":""100 * second_votes / valid_second_votes"",""input_fields"":[""second_votes"",""el-de-bt-2025-02-23:valid_second_votes""]},{""source_id"":""src-de-bwl-historical-results"",""source_url"":""https://www.bundeswahlleiterin.de/dam/jcr/24d8e745-920d-431a-893a-12805bc7ef40/btw_ab49_datenbank_ergebnisse.csv"",""source_record_id"":""csv-record-250"",""retrieved_at"":""2026-10-01T23:20:00.007Z"",""raw_snapshot"":{""path"":""docs/political-data/raw/germany/2026-10-01T23-20-00-007Z_9efffc24b559679a/results.csv"",""sha256"":""9efffc24b559679ade291d8da63462e5523b43ac62064e759737c3ae01418484""},""parser_version"":""germany-production-v1"",""parser_sha256"":""2a8eb3487f392ef83303e7fb9ff246e4c111a7e64a469a6aa9eb21461ae9b1a0"",""fields_covered"":[""derived_seat_share""],""published_or_derived"":""derived"",""formula"":""100 * seats / total_seats; null remains null"",""input_fields"":[""seats"",""lg-de-bt-21:total_seats""]}]"
"er-ct-de-0200","germany","national","el-de-bt-2025-02-23","ct-de-0200","second_vote","49649512","630","12278","0","0.024729346785926115",,,"final","[{""source_id"":""src-de-bwl-final-archive"",""source_url"":""https://www.bundeswahlleiterin.de/dam/jcr/ce2d2b6a-f211-4355-8eea-355c98cd4e47/btw_kerg.zip"",""source_record_id"":""31ab27391d5753a6a972936d436092879f5c9cca11570272cd72e3e272d16731:btw2025_kerg.csv:340:98"",""retrieved_at"":""2026-10-01T23:21:39.584Z"",""raw_snapshot"":{""path"":""docs/political-data/raw/germany/2026-10-01T23-21-39-584Z_02e7077f9358c9ef/final-results.zip"",""sha256"":""02e7077f9358c9ef408741ee5d17123a43c28ea766b26a7ab338c08fcaeb7512""},""parser_version"":""germany-production-v1"",""parser_sha256"":""2a8eb3487f392ef83303e7fb9ff246e4c111a7e64a469a6aa9eb21461ae9b1a0"",""fields_covered"":[""second_votes"",""registered_label_native""],""published_or_derived"":""published"",""source_member"":""btw2025_kerg.csv"",""source_member_sha256"":""31ab27391d5753a6a972936d436092879f5c9cca11570272cd72e3e272d16731"",""source_column"":98},{""source_id"":""src-de-bwl-historical-results"",""source_url"":""https://www.bundeswahlleiterin.de/dam/jcr/24d8e745-920d-431a-893a-12805bc7ef40/btw_ab49_datenbank_ergebnisse.csv"",""source_record_id"":""csv-record-244"",""retrieved_at"":""2026-10-01T23:20:00.007Z"",""raw_snapshot"":{""path"":""docs/political-data/raw/germany/2026-10-01T23-20-00-007Z_9efffc24b559679a/results.csv"",""sha256"":""9efffc24b559679ade291d8da63462e5523b43ac62064e759737c3ae01418484""},""parser_version"":""germany-production-v1"",""parser_sha256"":""2a8eb3487f392ef83303e7fb9ff246e4c111a7e64a469a6aa9eb21461ae9b1a0"",""fields_covered"":[""published_vote_share"",""seats""],""published_or_derived"":""published"",""columns"":[6,79],""compilation_label"":""BP"",""alignment_basis"":""unique exact national second-vote count in the same election; not party identity""},{""source_id"":""src-de-bwl-historical-results"",""source_url"":""https://www.bundeswahlleiterin.de/dam/jcr/24d8e745-920d-431a-893a-12805bc7ef40/btw_ab49_datenbank_ergebnisse.csv"",""source_record_id"":""csv-record-92"",""retrieved_at"":""2026-10-01T23:20:00.007Z"",""raw_snapshot"":{""path"":""docs/political-data/raw/germany/2026-10-01T23-20-00-007Z_9efffc24b559679a/results.csv"",""sha256"":""9efffc24b559679ade291d8da63462e5523b43ac62064e759737c3ae01418484""},""parser_version"":""germany-production-v1"",""parser_sha256"":""2a8eb3487f392ef83303e7fb9ff246e4c111a7e64a469a6aa9eb21461ae9b1a0"",""fields_covered"":[""total_seats"",""valid_second_votes""],""published_or_derived"":""published"",""columns"":[4,79]},{""source_id"":""src-de-bwl-final-archive"",""source_url"":""https://www.bundeswahlleiterin.de/dam/jcr/ce2d2b6a-f211-4355-8eea-355c98cd4e47/btw_kerg.zip"",""source_record_id"":""31ab27391d5753a6a972936d436092879f5c9cca11570272cd72e3e272d16731:btw2025_kerg.csv:340:98"",""retrieved_at"":""2026-10-01T23:21:39.584Z"",""raw_snapshot"":{""path"":""docs/political-data/raw/germany/2026-10-01T23-21-39-584Z_02e7077f9358c9ef/final-results.zip"",""sha256"":""02e7077f9358c9ef408741ee5d17123a43c28ea766b26a7ab338c08fcaeb7512""},""parser_version"":""germany-production-v1"",""parser_sha256"":""2a8eb3487f392ef83303e7fb9ff246e4c111a7e64a469a6aa9eb21461ae9b1a0"",""fields_covered"":[""derived_vote_share""],""published_or_derived"":""derived"",""formula"":""100 * second_votes / valid_second_votes"",""input_fields"":[""second_votes"",""el-de-bt-2025-02-23:valid_second_votes""]},{""source_id"":""src-de-bwl-historical-results"",""source_url"":""https://www.bundeswahlleiterin.de/dam/jcr/24d8e745-920d-431a-893a-12805bc7ef40/btw_ab49_datenbank_ergebnisse.csv"",""source_record_id"":""csv-record-244"",""retrieved_at"":""2026-10-01T23:20:00.007Z"",""raw_snapshot"":{""path"":""docs/political-data/raw/germany/2026-10-01T23-20-00-007Z_9efffc24b559679a/results.csv"",""sha256"":""9efffc24b559679ade291d8da63462e5523b43ac62064e759737c3ae01418484""},""parser_version"":""germany-production-v1"",""parser_sha256"":""2a8eb3487f392ef83303e7fb9ff246e4c111a7e64a469a6aa9eb21461ae9b1a0"",""fields_covered"":[""derived_seat_share""],""published_or_derived"":""derived"",""formula"":""100 * seats / total_seats; null remains null"",""input_fields"":[""seats"",""lg-de-bt-21:total_seats""]}]"
"er-ct-de-0201","germany","national","el-de-bt-2025-02-23","ct-de-0201","second_vote","49649512","630","19551","0","0.03937803054338178",,,"final","[{""source_id"":""src-de-bwl-final-archive"",""source_url"":""https://www.bundeswahlleiterin.de/dam/jcr/ce2d2b6a-f211-4355-8eea-355c98cd4e47/btw_kerg.zip"",""source_record_id"":""31ab27391d5753a6a972936d436092879f5c9cca11570272cd72e3e272d16731:btw2025_kerg.csv:340:102"",""retrieved_at"":""2026-10-01T23:21:39.584Z"",""raw_snapshot"":{""path"":""docs/political-data/raw/germany/2026-10-01T23-21-39-584Z_02e7077f9358c9ef/final-results.zip"",""sha256"":""02e7077f9358c9ef408741ee5d17123a43c28ea766b26a7ab338c08fcaeb7512""},""parser_version"":""germany-production-v1"",""parser_sha256"":""2a8eb3487f392ef83303e7fb9ff246e4c111a7e64a469a6aa9eb21461ae9b1a0"",""fields_covered"":[""second_votes"",""registered_label_native""],""published_or_derived"":""published"",""source_member"":""btw2025_kerg.csv"",""source_member_sha256"":""31ab27391d5753a6a972936d436092879f5c9cca11570272cd72e3e272d16731"",""source_column"":102},{""source_id"":""src-de-bwl-historical-results"",""source_url"":""https://www.bundeswahlleiterin.de/dam/jcr/24d8e745-920d-431a-893a-12805bc7ef40/btw_ab49_datenbank_ergebnisse.csv"",""source_record_id"":""csv-record-443"",""retrieved_at"":""2026-10-01T23:20:00.007Z"",""raw_snapshot"":{""path"":""docs/political-data/raw/germany/2026-10-01T23-20-00-007Z_9efffc24b559679a/results.csv"",""sha256"":""9efffc24b559679ade291d8da63462e5523b43ac62064e759737c3ae01418484""},""parser_version"":""germany-production-v1"",""parser_sha256"":""2a8eb3487f392ef83303e7fb9ff246e4c111a7e64a469a6aa9eb21461ae9b1a0"",""fields_covered"":[""published_vote_share"",""seats""],""published_or_derived"":""published"",""columns"":[6,79],""compilation_label"":""MLPD"",""alignment_basis"":""unique exact national second-vote count in the same election; not party identity""},{""source_id"":""src-de-bwl-historical-results"",""source_url"":""https://www.bundeswahlleiterin.de/dam/jcr/24d8e745-920d-431a-893a-12805bc7ef40/btw_ab49_datenbank_ergebnisse.csv"",""source_record_id"":""csv-record-92"",""retrieved_at"":""2026-10-01T23:20:00.007Z"",""raw_snapshot"":{""path"":""docs/political-data/raw/germany/2026-10-01T23-20-00-007Z_9efffc24b559679a/results.csv"",""sha256"":""9efffc24b559679ade291d8da63462e5523b43ac62064e759737c3ae01418484""},""parser_version"":""germany-production-v1"",""parser_sha256"":""2a8eb3487f392ef83303e7fb9ff246e4c111a7e64a469a6aa9eb21461ae9b1a0"",""fields_covered"":[""total_seats"",""valid_second_votes""],""published_or_derived"":""published"",""columns"":[4,79]},{""source_id"":""src-de-bwl-final-archive"",""source_url"":""https://www.bundeswahlleiterin.de/dam/jcr/ce2d2b6a-f211-4355-8eea-355c98cd4e47/btw_kerg.zip"",""source_record_id"":""31ab27391d5753a6a972936d436092879f5c9cca11570272cd72e3e272d16731:btw2025_kerg.csv:340:102"",""retrieved_at"":""2026-10-01T23:21:39.584Z"",""raw_snapshot"":{""path"":""docs/political-data/raw/germany/2026-10-01T23-21-39-584Z_02e7077f9358c9ef/final-results.zip"",""sha256"":""02e7077f9358c9ef408741ee5d17123a43c28ea766b26a7ab338c08fcaeb7512""},""parser_version"":""germany-production-v1"",""parser_sha256"":""2a8eb3487f392ef83303e7fb9ff246e4c111a7e64a469a6aa9eb21461ae9b1a0"",""fields_covered"":[""derived_vote_share""],""published_or_derived"":""derived"",""formula"":""100 * second_votes / valid_second_votes"",""input_fields"":[""second_votes"",""el-de-bt-2025-02-23:valid_second_votes""]},{""source_id"":""src-de-bwl-historical-results"",""source_url"":""https://www.bundeswahlleiterin.de/dam/jcr/24d8e745-920d-431a-893a-12805bc7ef40/btw_ab49_datenbank_ergebnisse.csv"",""source_record_id"":""csv-record-443"",""retrieved_at"":""2026-10-01T23:20:00.007Z"",""raw_snapshot"":{""path"":""docs/political-data/raw/germany/2026-10-01T23-20-00-007Z_9efffc24b559679a/results.csv"",""sha256"":""9efffc24b559679ade291d8da63462e5523b43ac62064e759737c3ae01418484""},""parser_version"":""germany-production-v1"",""parser_sha256"":""2a8eb3487f392ef83303e7fb9ff246e4c111a7e64a469a6aa9eb21461ae9b1a0"",""fields_covered"":[""derived_seat_share""],""published_or_derived"":""derived"",""formula"":""100 * seats / total_seats; null remains null"",""input_fields"":[""seats"",""lg-de-bt-21:total_seats""]}]"
"er-ct-de-0202","germany","national","el-de-bt-2025-02-23","ct-de-0202","second_vote","49649512","630","694","0","0.001397798230121577",,,"final","[{""source_id"":""src-de-bwl-final-archive"",""source_url"":""https://www.bundeswahlleiterin.de/dam/jcr/ce2d2b6a-f211-4355-8eea-355c98cd4e47/btw_kerg.zip"",""source_record_id"":""31ab27391d5753a6a972936d436092879f5c9cca11570272cd72e3e272d16731:btw2025_kerg.csv:340:106"",""retrieved_at"":""2026-10-01T23:21:39.584Z"",""raw_snapshot"":{""path"":""docs/political-data/raw/germany/2026-10-01T23-21-39-584Z_02e7077f9358c9ef/final-results.zip"",""sha256"":""02e7077f9358c9ef408741ee5d17123a43c28ea766b26a7ab338c08fcaeb7512""},""parser_version"":""germany-production-v1"",""parser_sha256"":""2a8eb3487f392ef83303e7fb9ff246e4c111a7e64a469a6aa9eb21461ae9b1a0"",""fields_covered"":[""second_votes"",""registered_label_native""],""published_or_derived"":""published"",""source_member"":""btw2025_kerg.csv"",""source_member_sha256"":""31ab27391d5753a6a972936d436092879f5c9cca11570272cd72e3e272d16731"",""source_column"":106},{""source_id"":""src-de-bwl-historical-results"",""source_url"":""https://www.bundeswahlleiterin.de/dam/jcr/24d8e745-920d-431a-893a-12805bc7ef40/btw_ab49_datenbank_ergebnisse.csv"",""source_record_id"":""csv-record-431"",""retrieved_at"":""2026-10-01T23:20:00.007Z"",""raw_snapshot"":{""path"":""docs/political-data/raw/germany/2026-10-01T23-20-00-007Z_9efffc24b559679a/results.csv"",""sha256"":""9efffc24b559679ade291d8da63462e5523b43ac62064e759737c3ae01418484""},""parser_version"":""germany-production-v1"",""parser_sha256"":""2a8eb3487f392ef83303e7fb9ff246e4c111a7e64a469a6aa9eb21461ae9b1a0"",""fields_covered"":[""published_vote_share"",""seats""],""published_or_derived"":""published"",""columns"":[6,79],""compilation_label"":""MENSCHLICHE WELT"",""alignment_basis"":""unique exact national second-vote count in the same election; not party identity""},{""source_id"":""src-de-bwl-historical-results"",""source_url"":""https://www.bundeswahlleiterin.de/dam/jcr/24d8e745-920d-431a-893a-12805bc7ef40/btw_ab49_datenbank_ergebnisse.csv"",""source_record_id"":""csv-record-92"",""retrieved_at"":""2026-10-01T23:20:00.007Z"",""raw_snapshot"":{""path"":""docs/political-data/raw/germany/2026-10-01T23-20-00-007Z_9efffc24b559679a/results.csv"",""sha256"":""9efffc24b559679ade291d8da63462e5523b43ac62064e759737c3ae01418484""},""parser_version"":""germany-production-v1"",""parser_sha256"":""2a8eb3487f392ef83303e7fb9ff246e4c111a7e64a469a6aa9eb21461ae9b1a0"",""fields_covered"":[""total_seats"",""valid_second_votes""],""published_or_derived"":""published"",""columns"":[4,79]},{""source_id"":""src-de-bwl-final-archive"",""source_url"":""https://www.bundeswahlleiterin.de/dam/jcr/ce2d2b6a-f211-4355-8eea-355c98cd4e47/btw_kerg.zip"",""source_record_id"":""31ab27391d5753a6a972936d436092879f5c9cca11570272cd72e3e272d16731:btw2025_kerg.csv:340:106"",""retrieved_at"":""2026-10-01T23:21:39.584Z"",""raw_snapshot"":{""path"":""docs/political-data/raw/germany/2026-10-01T23-21-39-584Z_02e7077f9358c9ef/final-results.zip"",""sha256"":""02e7077f9358c9ef408741ee5d17123a43c28ea766b26a7ab338c08fcaeb7512""},""parser_version"":""germany-production-v1"",""parser_sha256"":""2a8eb3487f392ef83303e7fb9ff246e4c111a7e64a469a6aa9eb21461ae9b1a0"",""fields_covered"":[""derived_vote_share""],""published_or_derived"":""derived"",""formula"":""100 * second_votes / valid_second_votes"",""input_fields"":[""second_votes"",""el-de-bt-2025-02-23:valid_second_votes""]},{""source_id"":""src-de-bwl-historical-results"",""source_url"":""https://www.bundeswahlleiterin.de/dam/jcr/24d8e745-920d-431a-893a-12805bc7ef40/btw_ab49_datenbank_ergebnisse.csv"",""source_record_id"":""csv-record-431"",""retrieved_at"":""2026-10-01T23:20:00.007Z"",""raw_snapshot"":{""path"":""docs/political-data/raw/germany/2026-10-01T23-20-00-007Z_9efffc24b559679a/results.csv"",""sha256"":""9efffc24b559679ade291d8da63462e5523b43ac62064e759737c3ae01418484""},""parser_version"":""germany-production-v1"",""parser_sha256"":""2a8eb3487f392ef83303e7fb9ff246e4c111a7e64a469a6aa9eb21461ae9b1a0"",""fields_covered"":[""derived_seat_share""],""published_or_derived"":""derived"",""formula"":""100 * seats / total_seats; null remains null"",""input_fields"":[""seats"",""lg-de-bt-21:total_seats""]}]"
"er-ct-de-0203","germany","national","el-de-bt-2025-02-23","ct-de-0203","second_vote","49649512","630","21388","0","0.04307796620438082",,,"final","[{""source_id"":""src-de-bwl-final-archive"",""source_url"":""https://www.bundeswahlleiterin.de/dam/jcr/ce2d2b6a-f211-4355-8eea-355c98cd4e47/btw_kerg.zip"",""source_record_id"":""31ab27391d5753a6a972936d436092879f5c9cca11570272cd72e3e272d16731:btw2025_kerg.csv:340:110"",""retrieved_at"":""2026-10-01T23:21:39.584Z"",""raw_snapshot"":{""path"":""docs/political-data/raw/germany/2026-10-01T23-21-39-584Z_02e7077f9358c9ef/final-results.zip"",""sha256"":""02e7077f9358c9ef408741ee5d17123a43c28ea766b26a7ab338c08fcaeb7512""},""parser_version"":""germany-production-v1"",""parser_sha256"":""2a8eb3487f392ef83303e7fb9ff246e4c111a7e64a469a6aa9eb21461ae9b1a0"",""fields_covered"":[""second_votes"",""registered_label_native""],""published_or_derived"":""published"",""source_member"":""btw2025_kerg.csv"",""source_member_sha256"":""31ab27391d5753a6a972936d436092879f5c9cca11570272cd72e3e272d16731"",""source_column"":110},{""source_id"":""src-de-bwl-historical-results"",""source_url"":""https://www.bundeswahlleiterin.de/dam/jcr/24d8e745-920d-431a-893a-12805bc7ef40/btw_ab49_datenbank_ergebnisse.csv"",""source_record_id"":""csv-record-476"",""retrieved_at"":""2026-10-01T23:20:00.007Z"",""raw_snapshot"":{""path"":""docs/political-data/raw/germany/2026-10-01T23-20-00-007Z_9efffc24b559679a/results.csv"",""sha256"":""9efffc24b559679ade291d8da63462e5523b43ac62064e759737c3ae01418484""},""parser_version"":""germany-production-v1"",""parser_sha256"":""2a8eb3487f392ef83303e7fb9ff246e4c111a7e64a469a6aa9eb21461ae9b1a0"",""fields_covered"":[""published_vote_share"",""seats""],""published_or_derived"":""published"",""columns"":[6,79],""compilation_label"":""PdF"",""alignment_basis"":""unique exact national second-vote count in the same election; not party identity""},{""source_id"":""src-de-bwl-historical-results"",""source_url"":""https://www.bundeswahlleiterin.de/dam/jcr/24d8e745-920d-431a-893a-12805bc7ef40/btw_ab49_datenbank_ergebnisse.csv"",""source_record_id"":""csv-record-92"",""retrieved_at"":""2026-10-01T23:20:00.007Z"",""raw_snapshot"":{""path"":""docs/political-data/raw/germany/2026-10-01T23-20-00-007Z_9efffc24b559679a/results.csv"",""sha256"":""9efffc24b559679ade291d8da63462e5523b43ac62064e759737c3ae01418484""},""parser_version"":""germany-production-v1"",""parser_sha256"":""2a8eb3487f392ef83303e7fb9ff246e4c111a7e64a469a6aa9eb21461ae9b1a0"",""fields_covered"":[""total_seats"",""valid_second_votes""],""published_or_derived"":""published"",""columns"":[4,79]},{""source_id"":""src-de-bwl-final-archive"",""source_url"":""https://www.bundeswahlleiterin.de/dam/jcr/ce2d2b6a-f211-4355-8eea-355c98cd4e47/btw_kerg.zip"",""source_record_id"":""31ab27391d5753a6a972936d436092879f5c9cca11570272cd72e3e272d16731:btw2025_kerg.csv:340:110"",""retrieved_at"":""2026-10-01T23:21:39.584Z"",""raw_snapshot"":{""path"":""docs/political-data/raw/germany/2026-10-01T23-21-39-584Z_02e7077f9358c9ef/final-results.zip"",""sha256"":""02e7077f9358c9ef408741ee5d17123a43c28ea766b26a7ab338c08fcaeb7512""},""parser_version"":""germany-production-v1"",""parser_sha256"":""2a8eb3487f392ef83303e7fb9ff246e4c111a7e64a469a6aa9eb21461ae9b1a0"",""fields_covered"":[""derived_vote_share""],""published_or_derived"":""derived"",""formula"":""100 * second_votes / valid_second_votes"",""input_fields"":[""second_votes"",""el-de-bt-2025-02-23:valid_second_votes""]},{""source_id"":""src-de-bwl-historical-results"",""source_url"":""https://www.bundeswahlleiterin.de/dam/jcr/24d8e745-920d-431a-893a-12805bc7ef40/btw_ab49_datenbank_ergebnisse.csv"",""source_record_id"":""csv-record-476"",""retrieved_at"":""2026-10-01T23:20:00.007Z"",""raw_snapshot"":{""path"":""docs/political-data/raw/germany/2026-10-01T23-20-00-007Z_9efffc24b559679a/results.csv"",""sha256"":""9efffc24b559679ade291d8da63462e5523b43ac62064e759737c3ae01418484""},""parser_version"":""germany-production-v1"",""parser_sha256"":""2a8eb3487f392ef83303e7fb9ff246e4c111a7e64a469a6aa9eb21461ae9b1a0"",""fields_covered"":[""derived_seat_share""],""published_or_derived"":""derived"",""formula"":""100 * seats / total_seats; null remains null"",""input_fields"":[""seats"",""lg-de-bt-21:total_seats""]}]"
"er-ct-de-0204","germany","national","el-de-bt-2025-02-23","ct-de-0204","second_vote","49649512","630","425","0","0.0008560003570629254",,,"final","[{""source_id"":""src-de-bwl-final-archive"",""source_url"":""https://www.bundeswahlleiterin.de/dam/jcr/ce2d2b6a-f211-4355-8eea-355c98cd4e47/btw_kerg.zip"",""source_record_id"":""31ab27391d5753a6a972936d436092879f5c9cca11570272cd72e3e272d16731:btw2025_kerg.csv:340:114"",""retrieved_at"":""2026-10-01T23:21:39.584Z"",""raw_snapshot"":{""path"":""docs/political-data/raw/germany/2026-10-01T23-21-39-584Z_02e7077f9358c9ef/final-results.zip"",""sha256"":""02e7077f9358c9ef408741ee5d17123a43c28ea766b26a7ab338c08fcaeb7512""},""parser_version"":""germany-production-v1"",""parser_sha256"":""2a8eb3487f392ef83303e7fb9ff246e4c111a7e64a469a6aa9eb21461ae9b1a0"",""fields_covered"":[""second_votes"",""registered_label_native""],""published_or_derived"":""published"",""source_member"":""btw2025_kerg.csv"",""source_member_sha256"":""31ab27391d5753a6a972936d436092879f5c9cca11570272cd72e3e272d16731"",""source_column"":114},{""source_id"":""src-de-bwl-historical-results"",""source_url"":""https://www.bundeswahlleiterin.de/dam/jcr/24d8e745-920d-431a-893a-12805bc7ef40/btw_ab49_datenbank_ergebnisse.csv"",""source_record_id"":""csv-record-513"",""retrieved_at"":""2026-10-01T23:20:00.007Z"",""raw_snapshot"":{""path"":""docs/political-data/raw/germany/2026-10-01T23-20-00-007Z_9efffc24b559679a/results.csv"",""sha256"":""9efffc24b559679ade291d8da63462e5523b43ac62064e759737c3ae01418484""},""parser_version"":""germany-production-v1"",""parser_sha256"":""2a8eb3487f392ef83303e7fb9ff246e4c111a7e64a469a6aa9eb21461ae9b1a0"",""fields_covered"":[""published_vote_share"",""seats""],""published_or_derived"":""published"",""columns"":[6,79],""compilation_label"":""SGP"",""alignment_basis"":""unique exact national second-vote count in the same election; not party identity""},{""source_id"":""src-de-bwl-historical-results"",""source_url"":""https://www.bundeswahlleiterin.de/dam/jcr/24d8e745-920d-431a-893a-12805bc7ef40/btw_ab49_datenbank_ergebnisse.csv"",""source_record_id"":""csv-record-92"",""retrieved_at"":""2026-10-01T23:20:00.007Z"",""raw_snapshot"":{""path"":""docs/political-data/raw/germany/2026-10-01T23-20-00-007Z_9efffc24b559679a/results.csv"",""sha256"":""9efffc24b559679ade291d8da63462e5523b43ac62064e759737c3ae01418484""},""parser_version"":""germany-production-v1"",""parser_sha256"":""2a8eb3487f392ef83303e7fb9ff246e4c111a7e64a469a6aa9eb21461ae9b1a0"",""fields_covered"":[""total_seats"",""valid_second_votes""],""published_or_derived"":""published"",""columns"":[4,79]},{""source_id"":""src-de-bwl-final-archive"",""source_url"":""https://www.bundeswahlleiterin.de/dam/jcr/ce2d2b6a-f211-4355-8eea-355c98cd4e47/btw_kerg.zip"",""source_record_id"":""31ab27391d5753a6a972936d436092879f5c9cca11570272cd72e3e272d16731:btw2025_kerg.csv:340:114"",""retrieved_at"":""2026-10-01T23:21:39.584Z"",""raw_snapshot"":{""path"":""docs/political-data/raw/germany/2026-10-01T23-21-39-584Z_02e7077f9358c9ef/final-results.zip"",""sha256"":""02e7077f9358c9ef408741ee5d17123a43c28ea766b26a7ab338c08fcaeb7512""},""parser_version"":""germany-production-v1"",""parser_sha256"":""2a8eb3487f392ef83303e7fb9ff246e4c111a7e64a469a6aa9eb21461ae9b1a0"",""fields_covered"":[""derived_vote_share""],""published_or_derived"":""derived"",""formula"":""100 * second_votes / valid_second_votes"",""input_fields"":[""second_votes"",""el-de-bt-2025-02-23:valid_second_votes""]},{""source_id"":""src-de-bwl-historical-results"",""source_url"":""https://www.bundeswahlleiterin.de/dam/jcr/24d8e745-920d-431a-893a-12805bc7ef40/btw_ab49_datenbank_ergebnisse.csv"",""source_record_id"":""csv-record-513"",""retrieved_at"":""2026-10-01T23:20:00.007Z"",""raw_snapshot"":{""path"":""docs/political-data/raw/germany/2026-10-01T23-20-00-007Z_9efffc24b559679a/results.csv"",""sha256"":""9efffc24b559679ade291d8da63462e5523b43ac62064e759737c3ae01418484""},""parser_version"":""germany-production-v1"",""parser_sha256"":""2a8eb3487f392ef83303e7fb9ff246e4c111a7e64a469a6aa9eb21461ae9b1a0"",""fields_covered"":[""derived_seat_share""],""published_or_derived"":""derived"",""formula"":""100 * seats / total_seats; null remains null"",""input_fields"":[""seats"",""lg-de-bt-21:total_seats""]}]"
"er-ct-de-0205","germany","national","el-de-bt-2025-02-23","ct-de-0205","second_vote","49649512","630","676","0","0.001361544097351853",,,"final","[{""source_id"":""src-de-bwl-final-archive"",""source_url"":""https://www.bundeswahlleiterin.de/dam/jcr/ce2d2b6a-f211-4355-8eea-355c98cd4e47/btw_kerg.zip"",""source_record_id"":""31ab27391d5753a6a972936d436092879f5c9cca11570272cd72e3e272d16731:btw2025_kerg.csv:340:118"",""retrieved_at"":""2026-10-01T23:21:39.584Z"",""raw_snapshot"":{""path"":""docs/political-data/raw/germany/2026-10-01T23-21-39-584Z_02e7077f9358c9ef/final-results.zip"",""sha256"":""02e7077f9358c9ef408741ee5d17123a43c28ea766b26a7ab338c08fcaeb7512""},""parser_version"":""germany-production-v1"",""parser_sha256"":""2a8eb3487f392ef83303e7fb9ff246e4c111a7e64a469a6aa9eb21461ae9b1a0"",""fields_covered"":[""second_votes"",""registered_label_native""],""published_or_derived"":""published"",""source_member"":""btw2025_kerg.csv"",""source_member_sha256"":""31ab27391d5753a6a972936d436092879f5c9cca11570272cd72e3e272d16731"",""source_column"":118},{""source_id"":""src-de-bwl-historical-results"",""source_url"":""https://www.bundeswahlleiterin.de/dam/jcr/24d8e745-920d-431a-893a-12805bc7ef40/btw_ab49_datenbank_ergebnisse.csv"",""source_record_id"":""csv-record-265"",""retrieved_at"":""2026-10-01T23:20:00.007Z"",""raw_snapshot"":{""path"":""docs/political-data/raw/germany/2026-10-01T23-20-00-007Z_9efffc24b559679a/results.csv"",""sha256"":""9efffc24b559679ade291d8da63462e5523b43ac62064e759737c3ae01418484""},""parser_version"":""germany-production-v1"",""parser_sha256"":""2a8eb3487f392ef83303e7fb9ff246e4c111a7e64a469a6aa9eb21461ae9b1a0"",""fields_covered"":[""published_vote_share"",""seats""],""published_or_derived"":""published"",""columns"":[6,79],""compilation_label"":""BüSo"",""alignment_basis"":""unique exact national second-vote count in the same election; not party identity""},{""source_id"":""src-de-bwl-historical-results"",""source_url"":""https://www.bundeswahlleiterin.de/dam/jcr/24d8e745-920d-431a-893a-12805bc7ef40/btw_ab49_datenbank_ergebnisse.csv"",""source_record_id"":""csv-record-92"",""retrieved_at"":""2026-10-01T23:20:00.007Z"",""raw_snapshot"":{""path"":""docs/political-data/raw/germany/2026-10-01T23-20-00-007Z_9efffc24b559679a/results.csv"",""sha256"":""9efffc24b559679ade291d8da63462e5523b43ac62064e759737c3ae01418484""},""parser_version"":""germany-production-v1"",""parser_sha256"":""2a8eb3487f392ef83303e7fb9ff246e4c111a7e64a469a6aa9eb21461ae9b1a0"",""fields_covered"":[""total_seats"",""valid_second_votes""],""published_or_derived"":""published"",""columns"":[4,79]},{""source_id"":""src-de-bwl-final-archive"",""source_url"":""https://www.bundeswahlleiterin.de/dam/jcr/ce2d2b6a-f211-4355-8eea-355c98cd4e47/btw_kerg.zip"",""source_record_id"":""31ab27391d5753a6a972936d436092879f5c9cca11570272cd72e3e272d16731:btw2025_kerg.csv:340:118"",""retrieved_at"":""2026-10-01T23:21:39.584Z"",""raw_snapshot"":{""path"":""docs/political-data/raw/germany/2026-10-01T23-21-39-584Z_02e7077f9358c9ef/final-results.zip"",""sha256"":""02e7077f9358c9ef408741ee5d17123a43c28ea766b26a7ab338c08fcaeb7512""},""parser_version"":""germany-production-v1"",""parser_sha256"":""2a8eb3487f392ef83303e7fb9ff246e4c111a7e64a469a6aa9eb21461ae9b1a0"",""fields_covered"":[""derived_vote_share""],""published_or_derived"":""derived"",""formula"":""100 * second_votes / valid_second_votes"",""input_fields"":[""second_votes"",""el-de-bt-2025-02-23:valid_second_votes""]},{""source_id"":""src-de-bwl-historical-results"",""source_url"":""https://www.bundeswahlleiterin.de/dam/jcr/24d8e745-920d-431a-893a-12805bc7ef40/btw_ab49_datenbank_ergebnisse.csv"",""source_record_id"":""csv-record-265"",""retrieved_at"":""2026-10-01T23:20:00.007Z"",""raw_snapshot"":{""path"":""docs/political-data/raw/germany/2026-10-01T23-20-00-007Z_9efffc24b559679a/results.csv"",""sha256"":""9efffc24b559679ade291d8da63462e5523b43ac62064e759737c3ae01418484""},""parser_version"":""germany-production-v1"",""parser_sha256"":""2a8eb3487f392ef83303e7fb9ff246e4c111a7e64a469a6aa9eb21461ae9b1a0"",""fields_covered"":[""derived_seat_share""],""published_or_derived"":""derived"",""formula"":""100 * seats / total_seats; null remains null"",""input_fields"":[""seats"",""lg-de-bt-21:total_seats""]}]"
"er-ct-de-0206","germany","national","el-de-bt-2025-02-23","ct-de-0206","second_vote","49649512","630","76372","0.2","0.15382225710496408",,,"final","[{""source_id"":""src-de-bwl-final-archive"",""source_url"":""https://www.bundeswahlleiterin.de/dam/jcr/ce2d2b6a-f211-4355-8eea-355c98cd4e47/btw_kerg.zip"",""source_record_id"":""31ab27391d5753a6a972936d436092879f5c9cca11570272cd72e3e272d16731:btw2025_kerg.csv:340:122"",""retrieved_at"":""2026-10-01T23:21:39.584Z"",""raw_snapshot"":{""path"":""docs/political-data/raw/germany/2026-10-01T23-21-39-584Z_02e7077f9358c9ef/final-results.zip"",""sha256"":""02e7077f9358c9ef408741ee5d17123a43c28ea766b26a7ab338c08fcaeb7512""},""parser_version"":""germany-production-v1"",""parser_sha256"":""2a8eb3487f392ef83303e7fb9ff246e4c111a7e64a469a6aa9eb21461ae9b1a0"",""fields_covered"":[""second_votes"",""registered_label_native""],""published_or_derived"":""published"",""source_member"":""btw2025_kerg.csv"",""source_member_sha256"":""31ab27391d5753a6a972936d436092879f5c9cca11570272cd72e3e272d16731"",""source_column"":122},{""source_id"":""src-de-bwl-historical-results"",""source_url"":""https://www.bundeswahlleiterin.de/dam/jcr/24d8e745-920d-431a-893a-12805bc7ef40/btw_ab49_datenbank_ergebnisse.csv"",""source_record_id"":""csv-record-251"",""retrieved_at"":""2026-10-01T23:20:00.007Z"",""raw_snapshot"":{""path"":""docs/political-data/raw/germany/2026-10-01T23-20-00-007Z_9efffc24b559679a/results.csv"",""sha256"":""9efffc24b559679ade291d8da63462e5523b43ac62064e759737c3ae01418484""},""parser_version"":""germany-production-v1"",""parser_sha256"":""2a8eb3487f392ef83303e7fb9ff246e4c111a7e64a469a6aa9eb21461ae9b1a0"",""fields_covered"":[""published_vote_share"",""seats""],""published_or_derived"":""published"",""columns"":[6,79],""compilation_label"":""BÜNDNIS DEUTSCHLAND"",""alignment_basis"":""unique exact national second-vote count in the same election; not party identity""},{""source_id"":""src-de-bwl-historical-results"",""source_url"":""https://www.bundeswahlleiterin.de/dam/jcr/24d8e745-920d-431a-893a-12805bc7ef40/btw_ab49_datenbank_ergebnisse.csv"",""source_record_id"":""csv-record-92"",""retrieved_at"":""2026-10-01T23:20:00.007Z"",""raw_snapshot"":{""path"":""docs/political-data/raw/germany/2026-10-01T23-20-00-007Z_9efffc24b559679a/results.csv"",""sha256"":""9efffc24b559679ade291d8da63462e5523b43ac62064e759737c3ae01418484""},""parser_version"":""germany-production-v1"",""parser_sha256"":""2a8eb3487f392ef83303e7fb9ff246e4c111a7e64a469a6aa9eb21461ae9b1a0"",""fields_covered"":[""total_seats"",""valid_second_votes""],""published_or_derived"":""published"",""columns"":[4,79]},{""source_id"":""src-de-bwl-final-archive"",""source_url"":""https://www.bundeswahlleiterin.de/dam/jcr/ce2d2b6a-f211-4355-8eea-355c98cd4e47/btw_kerg.zip"",""source_record_id"":""31ab27391d5753a6a972936d436092879f5c9cca11570272cd72e3e272d16731:btw2025_kerg.csv:340:122"",""retrieved_at"":""2026-10-01T23:21:39.584Z"",""raw_snapshot"":{""path"":""docs/political-data/raw/germany/2026-10-01T23-21-39-584Z_02e7077f9358c9ef/final-results.zip"",""sha256"":""02e7077f9358c9ef408741ee5d17123a43c28ea766b26a7ab338c08fcaeb7512""},""parser_version"":""germany-production-v1"",""parser_sha256"":""2a8eb3487f392ef83303e7fb9ff246e4c111a7e64a469a6aa9eb21461ae9b1a0"",""fields_covered"":[""derived_vote_share""],""published_or_derived"":""derived"",""formula"":""100 * second_votes / valid_second_votes"",""input_fields"":[""second_votes"",""el-de-bt-2025-02-23:valid_second_votes""]},{""source_id"":""src-de-bwl-historical-results"",""source_url"":""https://www.bundeswahlleiterin.de/dam/jcr/24d8e745-920d-431a-893a-12805bc7ef40/btw_ab49_datenbank_ergebnisse.csv"",""source_record_id"":""csv-record-251"",""retrieved_at"":""2026-10-01T23:20:00.007Z"",""raw_snapshot"":{""path"":""docs/political-data/raw/germany/2026-10-01T23-20-00-007Z_9efffc24b559679a/results.csv"",""sha256"":""9efffc24b559679ade291d8da63462e5523b43ac62064e759737c3ae01418484""},""parser_version"":""germany-production-v1"",""parser_sha256"":""2a8eb3487f392ef83303e7fb9ff246e4c111a7e64a469a6aa9eb21461ae9b1a0"",""fields_covered"":[""derived_seat_share""],""published_or_derived"":""derived"",""formula"":""100 * seats / total_seats; null remains null"",""input_fields"":[""seats"",""lg-de-bt-21:total_seats""]}]"
"er-ct-de-0207","germany","national","el-de-bt-2025-02-23","ct-de-0207","second_vote","49649512","630","2472947","5","4.9808082705828",,,"final","[{""source_id"":""src-de-bwl-final-archive"",""source_url"":""https://www.bundeswahlleiterin.de/dam/jcr/ce2d2b6a-f211-4355-8eea-355c98cd4e47/btw_kerg.zip"",""source_record_id"":""31ab27391d5753a6a972936d436092879f5c9cca11570272cd72e3e272d16731:btw2025_kerg.csv:340:126"",""retrieved_at"":""2026-10-01T23:21:39.584Z"",""raw_snapshot"":{""path"":""docs/political-data/raw/germany/2026-10-01T23-21-39-584Z_02e7077f9358c9ef/final-results.zip"",""sha256"":""02e7077f9358c9ef408741ee5d17123a43c28ea766b26a7ab338c08fcaeb7512""},""parser_version"":""germany-production-v1"",""parser_sha256"":""2a8eb3487f392ef83303e7fb9ff246e4c111a7e64a469a6aa9eb21461ae9b1a0"",""fields_covered"":[""second_votes"",""registered_label_native""],""published_or_derived"":""published"",""source_member"":""btw2025_kerg.csv"",""source_member_sha256"":""31ab27391d5753a6a972936d436092879f5c9cca11570272cd72e3e272d16731"",""source_column"":126},{""source_id"":""src-de-bwl-historical-results"",""source_url"":""https://www.bundeswahlleiterin.de/dam/jcr/24d8e745-920d-431a-893a-12805bc7ef40/btw_ab49_datenbank_ergebnisse.csv"",""source_record_id"":""csv-record-245"",""retrieved_at"":""2026-10-01T23:20:00.007Z"",""raw_snapshot"":{""path"":""docs/political-data/raw/germany/2026-10-01T23-20-00-007Z_9efffc24b559679a/results.csv"",""sha256"":""9efffc24b559679ade291d8da63462e5523b43ac62064e759737c3ae01418484""},""parser_version"":""germany-production-v1"",""parser_sha256"":""2a8eb3487f392ef83303e7fb9ff246e4c111a7e64a469a6aa9eb21461ae9b1a0"",""fields_covered"":[""published_vote_share"",""seats""],""published_or_derived"":""published"",""columns"":[6,79],""compilation_label"":""BSW"",""alignment_basis"":""unique exact national second-vote count in the same election; not party identity""},{""source_id"":""src-de-bwl-historical-results"",""source_url"":""https://www.bundeswahlleiterin.de/dam/jcr/24d8e745-920d-431a-893a-12805bc7ef40/btw_ab49_datenbank_ergebnisse.csv"",""source_record_id"":""csv-record-92"",""retrieved_at"":""2026-10-01T23:20:00.007Z"",""raw_snapshot"":{""path"":""docs/political-data/raw/germany/2026-10-01T23-20-00-007Z_9efffc24b559679a/results.csv"",""sha256"":""9efffc24b559679ade291d8da63462e5523b43ac62064e759737c3ae01418484""},""parser_version"":""germany-production-v1"",""parser_sha256"":""2a8eb3487f392ef83303e7fb9ff246e4c111a7e64a469a6aa9eb21461ae9b1a0"",""fields_covered"":[""total_seats"",""valid_second_votes""],""published_or_derived"":""published"",""columns"":[4,79]},{""source_id"":""src-de-bwl-final-archive"",""source_url"":""https://www.bundeswahlleiterin.de/dam/jcr/ce2d2b6a-f211-4355-8eea-355c98cd4e47/btw_kerg.zip"",""source_record_id"":""31ab27391d5753a6a972936d436092879f5c9cca11570272cd72e3e272d16731:btw2025_kerg.csv:340:126"",""retrieved_at"":""2026-10-01T23:21:39.584Z"",""raw_snapshot"":{""path"":""docs/political-data/raw/germany/2026-10-01T23-21-39-584Z_02e7077f9358c9ef/final-results.zip"",""sha256"":""02e7077f9358c9ef408741ee5d17123a43c28ea766b26a7ab338c08fcaeb7512""},""parser_version"":""germany-production-v1"",""parser_sha256"":""2a8eb3487f392ef83303e7fb9ff246e4c111a7e64a469a6aa9eb21461ae9b1a0"",""fields_covered"":[""derived_vote_share""],""published_or_derived"":""derived"",""formula"":""100 * second_votes / valid_second_votes"",""input_fields"":[""second_votes"",""el-de-bt-2025-02-23:valid_second_votes""]},{""source_id"":""src-de-bwl-historical-results"",""source_url"":""https://www.bundeswahlleiterin.de/dam/jcr/24d8e745-920d-431a-893a-12805bc7ef40/btw_ab49_datenbank_ergebnisse.csv"",""source_record_id"":""csv-record-245"",""retrieved_at"":""2026-10-01T23:20:00.007Z"",""raw_snapshot"":{""path"":""docs/political-data/raw/germany/2026-10-01T23-20-00-007Z_9efffc24b559679a/results.csv"",""sha256"":""9efffc24b559679ade291d8da63462e5523b43ac62064e759737c3ae01418484""},""parser_version"":""germany-production-v1"",""parser_sha256"":""2a8eb3487f392ef83303e7fb9ff246e4c111a7e64a469a6aa9eb21461ae9b1a0"",""fields_covered"":[""derived_seat_share""],""published_or_derived"":""derived"",""formula"":""100 * seats / total_seats; null remains null"",""input_fields"":[""seats"",""lg-de-bt-21:total_seats""]}]"
"er-ct-de-0208","germany","national","el-de-bt-2025-02-23","ct-de-0208","second_vote","49649512","630","6994","0","0.014086744699524941",,,"final","[{""source_id"":""src-de-bwl-final-archive"",""source_url"":""https://www.bundeswahlleiterin.de/dam/jcr/ce2d2b6a-f211-4355-8eea-355c98cd4e47/btw_kerg.zip"",""source_record_id"":""31ab27391d5753a6a972936d436092879f5c9cca11570272cd72e3e272d16731:btw2025_kerg.csv:340:130"",""retrieved_at"":""2026-10-01T23:21:39.584Z"",""raw_snapshot"":{""path"":""docs/political-data/raw/germany/2026-10-01T23-21-39-584Z_02e7077f9358c9ef/final-results.zip"",""sha256"":""02e7077f9358c9ef408741ee5d17123a43c28ea766b26a7ab338c08fcaeb7512""},""parser_version"":""germany-production-v1"",""parser_sha256"":""2a8eb3487f392ef83303e7fb9ff246e4c111a7e64a469a6aa9eb21461ae9b1a0"",""fields_covered"":[""second_votes"",""registered_label_native""],""published_or_derived"":""published"",""source_member"":""btw2025_kerg.csv"",""source_member_sha256"":""31ab27391d5753a6a972936d436092879f5c9cca11570272cd72e3e272d16731"",""source_column"":130},{""source_id"":""src-de-bwl-historical-results"",""source_url"":""https://www.bundeswahlleiterin.de/dam/jcr/24d8e745-920d-431a-893a-12805bc7ef40/btw_ab49_datenbank_ergebnisse.csv"",""source_record_id"":""csv-record-432"",""retrieved_at"":""2026-10-01T23:20:00.007Z"",""raw_snapshot"":{""path"":""docs/political-data/raw/germany/2026-10-01T23-20-00-007Z_9efffc24b559679a/results.csv"",""sha256"":""9efffc24b559679ade291d8da63462e5523b43ac62064e759737c3ae01418484""},""parser_version"":""germany-production-v1"",""parser_sha256"":""2a8eb3487f392ef83303e7fb9ff246e4c111a7e64a469a6aa9eb21461ae9b1a0"",""fields_covered"":[""published_vote_share"",""seats""],""published_or_derived"":""published"",""columns"":[6,79],""compilation_label"":""MERA25"",""alignment_basis"":""unique exact national second-vote count in the same election; not party identity""},{""source_id"":""src-de-bwl-historical-results"",""source_url"":""https://www.bundeswahlleiterin.de/dam/jcr/24d8e745-920d-431a-893a-12805bc7ef40/btw_ab49_datenbank_ergebnisse.csv"",""source_record_id"":""csv-record-92"",""retrieved_at"":""2026-10-01T23:20:00.007Z"",""raw_snapshot"":{""path"":""docs/political-data/raw/germany/2026-10-01T23-20-00-007Z_9efffc24b559679a/results.csv"",""sha256"":""9efffc24b559679ade291d8da63462e5523b43ac62064e759737c3ae01418484""},""parser_version"":""germany-production-v1"",""parser_sha256"":""2a8eb3487f392ef83303e7fb9ff246e4c111a7e64a469a6aa9eb21461ae9b1a0"",""fields_covered"":[""total_seats"",""valid_second_votes""],""published_or_derived"":""published"",""columns"":[4,79]},{""source_id"":""src-de-bwl-final-archive"",""source_url"":""https://www.bundeswahlleiterin.de/dam/jcr/ce2d2b6a-f211-4355-8eea-355c98cd4e47/btw_kerg.zip"",""source_record_id"":""31ab27391d5753a6a972936d436092879f5c9cca11570272cd72e3e272d16731:btw2025_kerg.csv:340:130"",""retrieved_at"":""2026-10-01T23:21:39.584Z"",""raw_snapshot"":{""path"":""docs/political-data/raw/germany/2026-10-01T23-21-39-584Z_02e7077f9358c9ef/final-results.zip"",""sha256"":""02e7077f9358c9ef408741ee5d17123a43c28ea766b26a7ab338c08fcaeb7512""},""parser_version"":""germany-production-v1"",""parser_sha256"":""2a8eb3487f392ef83303e7fb9ff246e4c111a7e64a469a6aa9eb21461ae9b1a0"",""fields_covered"":[""derived_vote_share""],""published_or_derived"":""derived"",""formula"":""100 * second_votes / valid_second_votes"",""input_fields"":[""second_votes"",""el-de-bt-2025-02-23:valid_second_votes""]},{""source_id"":""src-de-bwl-historical-results"",""source_url"":""https://www.bundeswahlleiterin.de/dam/jcr/24d8e745-920d-431a-893a-12805bc7ef40/btw_ab49_datenbank_ergebnisse.csv"",""source_record_id"":""csv-record-432"",""retrieved_at"":""2026-10-01T23:20:00.007Z"",""raw_snapshot"":{""path"":""docs/political-data/raw/germany/2026-10-01T23-20-00-007Z_9efffc24b559679a/results.csv"",""sha256"":""9efffc24b559679ade291d8da63462e5523b43ac62064e759737c3ae01418484""},""parser_version"":""germany-production-v1"",""parser_sha256"":""2a8eb3487f392ef83303e7fb9ff246e4c111a7e64a469a6aa9eb21461ae9b1a0"",""fields_covered"":[""derived_seat_share""],""published_or_derived"":""derived"",""formula"":""100 * seats / total_seats; null remains null"",""input_fields"":[""seats"",""lg-de-bt-21:total_seats""]}]"
"er-ct-de-0209","germany","national","el-de-bt-2025-02-23","ct-de-0209","second_vote","49649512","630","6736","0","0.013567102129825566",,,"final","[{""source_id"":""src-de-bwl-final-archive"",""source_url"":""https://www.bundeswahlleiterin.de/dam/jcr/ce2d2b6a-f211-4355-8eea-355c98cd4e47/btw_kerg.zip"",""source_record_id"":""31ab27391d5753a6a972936d436092879f5c9cca11570272cd72e3e272d16731:btw2025_kerg.csv:340:134"",""retrieved_at"":""2026-10-01T23:21:39.584Z"",""raw_snapshot"":{""path"":""docs/political-data/raw/germany/2026-10-01T23-21-39-584Z_02e7077f9358c9ef/final-results.zip"",""sha256"":""02e7077f9358c9ef408741ee5d17123a43c28ea766b26a7ab338c08fcaeb7512""},""parser_version"":""germany-production-v1"",""parser_sha256"":""2a8eb3487f392ef83303e7fb9ff246e4c111a7e64a469a6aa9eb21461ae9b1a0"",""fields_covered"":[""second_votes"",""registered_label_native""],""published_or_derived"":""published"",""source_member"":""btw2025_kerg.csv"",""source_member_sha256"":""31ab27391d5753a6a972936d436092879f5c9cca11570272cd72e3e272d16731"",""source_column"":134},{""source_id"":""src-de-bwl-historical-results"",""source_url"":""https://www.bundeswahlleiterin.de/dam/jcr/24d8e745-920d-431a-893a-12805bc7ef40/btw_ab49_datenbank_ergebnisse.csv"",""source_record_id"":""csv-record-570"",""retrieved_at"":""2026-10-01T23:20:00.007Z"",""raw_snapshot"":{""path"":""docs/political-data/raw/germany/2026-10-01T23-20-00-007Z_9efffc24b559679a/results.csv"",""sha256"":""9efffc24b559679ade291d8da63462e5523b43ac62064e759737c3ae01418484""},""parser_version"":""germany-production-v1"",""parser_sha256"":""2a8eb3487f392ef83303e7fb9ff246e4c111a7e64a469a6aa9eb21461ae9b1a0"",""fields_covered"":[""published_vote_share"",""seats""],""published_or_derived"":""published"",""columns"":[6,79],""compilation_label"":""WerteUnion"",""alignment_basis"":""unique exact national second-vote count in the same election; not party identity""},{""source_id"":""src-de-bwl-historical-results"",""source_url"":""https://www.bundeswahlleiterin.de/dam/jcr/24d8e745-920d-431a-893a-12805bc7ef40/btw_ab49_datenbank_ergebnisse.csv"",""source_record_id"":""csv-record-92"",""retrieved_at"":""2026-10-01T23:20:00.007Z"",""raw_snapshot"":{""path"":""docs/political-data/raw/germany/2026-10-01T23-20-00-007Z_9efffc24b559679a/results.csv"",""sha256"":""9efffc24b559679ade291d8da63462e5523b43ac62064e759737c3ae01418484""},""parser_version"":""germany-production-v1"",""parser_sha256"":""2a8eb3487f392ef83303e7fb9ff246e4c111a7e64a469a6aa9eb21461ae9b1a0"",""fields_covered"":[""total_seats"",""valid_second_votes""],""published_or_derived"":""published"",""columns"":[4,79]},{""source_id"":""src-de-bwl-final-archive"",""source_url"":""https://www.bundeswahlleiterin.de/dam/jcr/ce2d2b6a-f211-4355-8eea-355c98cd4e47/btw_kerg.zip"",""source_record_id"":""31ab27391d5753a6a972936d436092879f5c9cca11570272cd72e3e272d16731:btw2025_kerg.csv:340:134"",""retrieved_at"":""2026-10-01T23:21:39.584Z"",""raw_snapshot"":{""path"":""docs/political-data/raw/germany/2026-10-01T23-21-39-584Z_02e7077f9358c9ef/final-results.zip"",""sha256"":""02e7077f9358c9ef408741ee5d17123a43c28ea766b26a7ab338c08fcaeb7512""},""parser_version"":""germany-production-v1"",""parser_sha256"":""2a8eb3487f392ef83303e7fb9ff246e4c111a7e64a469a6aa9eb21461ae9b1a0"",""fields_covered"":[""derived_vote_share""],""published_or_derived"":""derived"",""formula"":""100 * second_votes / valid_second_votes"",""input_fields"":[""second_votes"",""el-de-bt-2025-02-23:valid_second_votes""]},{""source_id"":""src-de-bwl-historical-results"",""source_url"":""https://www.bundeswahlleiterin.de/dam/jcr/24d8e745-920d-431a-893a-12805bc7ef40/btw_ab49_datenbank_ergebnisse.csv"",""source_record_id"":""csv-record-570"",""retrieved_at"":""2026-10-01T23:20:00.007Z"",""raw_snapshot"":{""path"":""docs/political-data/raw/germany/2026-10-01T23-20-00-007Z_9efffc24b559679a/results.csv"",""sha256"":""9efffc24b559679ade291d8da63462e5523b43ac62064e759737c3ae01418484""},""parser_version"":""germany-production-v1"",""parser_sha256"":""2a8eb3487f392ef83303e7fb9ff246e4c111a7e64a469a6aa9eb21461ae9b1a0"",""fields_covered"":[""derived_seat_share""],""published_or_derived"":""derived"",""formula"":""100 * seats / total_seats; null remains null"",""input_fields"":[""seats"",""lg-de-bt-21:total_seats""]}]"
