"contestant_id","country","election_id","contestant_kind","registered_label_native","historical_display_label","lead_party_id","party_relation_status","continuous_series_eligible","provenance","production_review"
"ct-de-0001","germany","el-de-bt-2002-09-22","party_list","SPD","SPD",,"requires_manual_review","false","[{""source_id"":""src-de-bwl-final-archive"",""source_url"":""https://www.bundeswahlleiterin.de/dam/jcr/ce2d2b6a-f211-4355-8eea-355c98cd4e47/btw_kerg.zip"",""source_record_id"":""2407b62efac5c001dd189d58489c955c4a8d07dfab797d985d1d56fe2ecf9cb5:btw2002_kerg.csv:340:10"",""retrieved_at"":""2026-10-01T23:21:39.584Z"",""raw_snapshot"":{""path"":""docs/political-data/raw/germany/2026-10-01T23-21-39-584Z_02e7077f9358c9ef/final-results.zip"",""sha256"":""02e7077f9358c9ef408741ee5d17123a43c28ea766b26a7ab338c08fcaeb7512""},""parser_version"":""germany-production-v1"",""parser_sha256"":""2a8eb3487f392ef83303e7fb9ff246e4c111a7e64a469a6aa9eb21461ae9b1a0"",""fields_covered"":[""second_votes"",""registered_label_native""],""published_or_derived"":""published"",""source_member"":""btw2002_kerg.csv"",""source_member_sha256"":""2407b62efac5c001dd189d58489c955c4a8d07dfab797d985d1d56fe2ecf9cb5"",""source_column"":10},{""source_id"":""src-de-bwl-results-report-2002"",""source_url"":""https://www.statistischebibliothek.de/mir/servlets/MCRFileNodeServlet/DEHeft_derivate_00063162/15_Wahl_DB_2002_Heft_5.pdf"",""source_record_id"":""src-de-bwl-results-report-2002:pdf-page:18:table:2:row:1"",""retrieved_at"":""2026-10-02T09:56:58.971Z"",""raw_snapshot"":{""path"":""docs/political-data/raw/germany/identity_results-report-2002/source.pdf"",""sha256"":""052f83393c0c197a26c1ee7a6a60693558fb759edb89f92ff5e95ba7fc8d1d73""},""parser_version"":""germany-production-v1"",""parser_sha256"":""2a8eb3487f392ef83303e7fb9ff246e4c111a7e64a469a6aa9eb21461ae9b1a0"",""fields_covered"":[""contestant_kind"",""lead_party_id"",""membership""],""published_or_derived"":""published"",""decision_basis"":""manual review of official same-election recognition/participation and result column"",""evidence_note"":""Visually checked historical full name and Landesliste participation; printed page 18; OCR is not identity validation""},{""source_id"":""src-de-bwl-final-archive"",""source_url"":""https://www.bundeswahlleiterin.de/dam/jcr/ce2d2b6a-f211-4355-8eea-355c98cd4e47/btw_kerg.zip"",""source_record_id"":""2407b62efac5c001dd189d58489c955c4a8d07dfab797d985d1d56fe2ecf9cb5:btw2002_kerg.csv:340:10"",""retrieved_at"":""2026-10-01T23:21:39.584Z"",""raw_snapshot"":{""path"":""docs/political-data/raw/germany/2026-10-01T23-21-39-584Z_02e7077f9358c9ef/final-results.zip"",""sha256"":""02e7077f9358c9ef408741ee5d17123a43c28ea766b26a7ab338c08fcaeb7512""},""parser_version"":""germany-production-v1"",""parser_sha256"":""2a8eb3487f392ef83303e7fb9ff246e4c111a7e64a469a6aa9eb21461ae9b1a0"",""fields_covered"":[""historical_display_label""],""published_or_derived"":""published"",""label_basis"":""verbatim_election_specific_source"",""label_evidence"":[{""member"":""btw2002_kerg.csv"",""sha256"":""2407b62efac5c001dd189d58489c955c4a8d07dfab797d985d1d56fe2ecf9cb5"",""column"":10,""record_id"":""2407b62efac5c001dd189d58489c955c4a8d07dfab797d985d1d56fe2ecf9cb5:btw2002_kerg.csv:340:10""}]}]","{""decision_file"":""docs/political-data/germany_production_acceptance.json"",""reviewer"":""germany_source_review"",""reviewed_at"":""2026-10-02"",""scope"":""same_election_only_no_continuity""}"
"ct-de-0002","germany","el-de-bt-2002-09-22","party_list","CDU","CDU",,"requires_manual_review","false","[{""source_id"":""src-de-bwl-final-archive"",""source_url"":""https://www.bundeswahlleiterin.de/dam/jcr/ce2d2b6a-f211-4355-8eea-355c98cd4e47/btw_kerg.zip"",""source_record_id"":""2407b62efac5c001dd189d58489c955c4a8d07dfab797d985d1d56fe2ecf9cb5:btw2002_kerg.csv:340:12"",""retrieved_at"":""2026-10-01T23:21:39.584Z"",""raw_snapshot"":{""path"":""docs/political-data/raw/germany/2026-10-01T23-21-39-584Z_02e7077f9358c9ef/final-results.zip"",""sha256"":""02e7077f9358c9ef408741ee5d17123a43c28ea766b26a7ab338c08fcaeb7512""},""parser_version"":""germany-production-v1"",""parser_sha256"":""2a8eb3487f392ef83303e7fb9ff246e4c111a7e64a469a6aa9eb21461ae9b1a0"",""fields_covered"":[""second_votes"",""registered_label_native""],""published_or_derived"":""published"",""source_member"":""btw2002_kerg.csv"",""source_member_sha256"":""2407b62efac5c001dd189d58489c955c4a8d07dfab797d985d1d56fe2ecf9cb5"",""source_column"":12},{""source_id"":""src-de-bwl-results-report-2002"",""source_url"":""https://www.statistischebibliothek.de/mir/servlets/MCRFileNodeServlet/DEHeft_derivate_00063162/15_Wahl_DB_2002_Heft_5.pdf"",""source_record_id"":""src-de-bwl-results-report-2002:pdf-page:18:table:2:row:2"",""retrieved_at"":""2026-10-02T09:56:58.971Z"",""raw_snapshot"":{""path"":""docs/political-data/raw/germany/identity_results-report-2002/source.pdf"",""sha256"":""052f83393c0c197a26c1ee7a6a60693558fb759edb89f92ff5e95ba7fc8d1d73""},""parser_version"":""germany-production-v1"",""parser_sha256"":""2a8eb3487f392ef83303e7fb9ff246e4c111a7e64a469a6aa9eb21461ae9b1a0"",""fields_covered"":[""contestant_kind"",""lead_party_id"",""membership""],""published_or_derived"":""published"",""decision_basis"":""manual review of official same-election recognition/participation and result column"",""evidence_note"":""Visually checked historical full name and Landesliste participation; printed page 18; OCR is not identity validation""},{""source_id"":""src-de-bwl-final-archive"",""source_url"":""https://www.bundeswahlleiterin.de/dam/jcr/ce2d2b6a-f211-4355-8eea-355c98cd4e47/btw_kerg.zip"",""source_record_id"":""2407b62efac5c001dd189d58489c955c4a8d07dfab797d985d1d56fe2ecf9cb5:btw2002_kerg.csv:340:12"",""retrieved_at"":""2026-10-01T23:21:39.584Z"",""raw_snapshot"":{""path"":""docs/political-data/raw/germany/2026-10-01T23-21-39-584Z_02e7077f9358c9ef/final-results.zip"",""sha256"":""02e7077f9358c9ef408741ee5d17123a43c28ea766b26a7ab338c08fcaeb7512""},""parser_version"":""germany-production-v1"",""parser_sha256"":""2a8eb3487f392ef83303e7fb9ff246e4c111a7e64a469a6aa9eb21461ae9b1a0"",""fields_covered"":[""historical_display_label""],""published_or_derived"":""published"",""label_basis"":""verbatim_election_specific_source"",""label_evidence"":[{""member"":""btw2002_kerg.csv"",""sha256"":""2407b62efac5c001dd189d58489c955c4a8d07dfab797d985d1d56fe2ecf9cb5"",""column"":12,""record_id"":""2407b62efac5c001dd189d58489c955c4a8d07dfab797d985d1d56fe2ecf9cb5:btw2002_kerg.csv:340:12""}]}]","{""decision_file"":""docs/political-data/germany_production_acceptance.json"",""reviewer"":""germany_source_review"",""reviewed_at"":""2026-10-02"",""scope"":""same_election_only_no_continuity""}"
"ct-de-0003","germany","el-de-bt-2002-09-22","party_list","CSU","CSU",,"requires_manual_review","false","[{""source_id"":""src-de-bwl-final-archive"",""source_url"":""https://www.bundeswahlleiterin.de/dam/jcr/ce2d2b6a-f211-4355-8eea-355c98cd4e47/btw_kerg.zip"",""source_record_id"":""2407b62efac5c001dd189d58489c955c4a8d07dfab797d985d1d56fe2ecf9cb5:btw2002_kerg.csv:340:14"",""retrieved_at"":""2026-10-01T23:21:39.584Z"",""raw_snapshot"":{""path"":""docs/political-data/raw/germany/2026-10-01T23-21-39-584Z_02e7077f9358c9ef/final-results.zip"",""sha256"":""02e7077f9358c9ef408741ee5d17123a43c28ea766b26a7ab338c08fcaeb7512""},""parser_version"":""germany-production-v1"",""parser_sha256"":""2a8eb3487f392ef83303e7fb9ff246e4c111a7e64a469a6aa9eb21461ae9b1a0"",""fields_covered"":[""second_votes"",""registered_label_native""],""published_or_derived"":""published"",""source_member"":""btw2002_kerg.csv"",""source_member_sha256"":""2407b62efac5c001dd189d58489c955c4a8d07dfab797d985d1d56fe2ecf9cb5"",""source_column"":14},{""source_id"":""src-de-bwl-results-report-2002"",""source_url"":""https://www.statistischebibliothek.de/mir/servlets/MCRFileNodeServlet/DEHeft_derivate_00063162/15_Wahl_DB_2002_Heft_5.pdf"",""source_record_id"":""src-de-bwl-results-report-2002:pdf-page:18:table:2:row:3"",""retrieved_at"":""2026-10-02T09:56:58.971Z"",""raw_snapshot"":{""path"":""docs/political-data/raw/germany/identity_results-report-2002/source.pdf"",""sha256"":""052f83393c0c197a26c1ee7a6a60693558fb759edb89f92ff5e95ba7fc8d1d73""},""parser_version"":""germany-production-v1"",""parser_sha256"":""2a8eb3487f392ef83303e7fb9ff246e4c111a7e64a469a6aa9eb21461ae9b1a0"",""fields_covered"":[""contestant_kind"",""lead_party_id"",""membership""],""published_or_derived"":""published"",""decision_basis"":""manual review of official same-election recognition/participation and result column"",""evidence_note"":""Visually checked historical full name and Landesliste participation; printed page 18; OCR is not identity validation""},{""source_id"":""src-de-bwl-final-archive"",""source_url"":""https://www.bundeswahlleiterin.de/dam/jcr/ce2d2b6a-f211-4355-8eea-355c98cd4e47/btw_kerg.zip"",""source_record_id"":""2407b62efac5c001dd189d58489c955c4a8d07dfab797d985d1d56fe2ecf9cb5:btw2002_kerg.csv:340:14"",""retrieved_at"":""2026-10-01T23:21:39.584Z"",""raw_snapshot"":{""path"":""docs/political-data/raw/germany/2026-10-01T23-21-39-584Z_02e7077f9358c9ef/final-results.zip"",""sha256"":""02e7077f9358c9ef408741ee5d17123a43c28ea766b26a7ab338c08fcaeb7512""},""parser_version"":""germany-production-v1"",""parser_sha256"":""2a8eb3487f392ef83303e7fb9ff246e4c111a7e64a469a6aa9eb21461ae9b1a0"",""fields_covered"":[""historical_display_label""],""published_or_derived"":""published"",""label_basis"":""verbatim_election_specific_source"",""label_evidence"":[{""member"":""btw2002_kerg.csv"",""sha256"":""2407b62efac5c001dd189d58489c955c4a8d07dfab797d985d1d56fe2ecf9cb5"",""column"":14,""record_id"":""2407b62efac5c001dd189d58489c955c4a8d07dfab797d985d1d56fe2ecf9cb5:btw2002_kerg.csv:340:14""}]}]","{""decision_file"":""docs/political-data/germany_production_acceptance.json"",""reviewer"":""germany_source_review"",""reviewed_at"":""2026-10-02"",""scope"":""same_election_only_no_continuity""}"
"ct-de-0004","germany","el-de-bt-2002-09-22","party_list","GRÜNE","GRÜNE",,"requires_manual_review","false","[{""source_id"":""src-de-bwl-final-archive"",""source_url"":""https://www.bundeswahlleiterin.de/dam/jcr/ce2d2b6a-f211-4355-8eea-355c98cd4e47/btw_kerg.zip"",""source_record_id"":""2407b62efac5c001dd189d58489c955c4a8d07dfab797d985d1d56fe2ecf9cb5:btw2002_kerg.csv:340:16"",""retrieved_at"":""2026-10-01T23:21:39.584Z"",""raw_snapshot"":{""path"":""docs/political-data/raw/germany/2026-10-01T23-21-39-584Z_02e7077f9358c9ef/final-results.zip"",""sha256"":""02e7077f9358c9ef408741ee5d17123a43c28ea766b26a7ab338c08fcaeb7512""},""parser_version"":""germany-production-v1"",""parser_sha256"":""2a8eb3487f392ef83303e7fb9ff246e4c111a7e64a469a6aa9eb21461ae9b1a0"",""fields_covered"":[""second_votes"",""registered_label_native""],""published_or_derived"":""published"",""source_member"":""btw2002_kerg.csv"",""source_member_sha256"":""2407b62efac5c001dd189d58489c955c4a8d07dfab797d985d1d56fe2ecf9cb5"",""source_column"":16},{""source_id"":""src-de-bwl-results-report-2002"",""source_url"":""https://www.statistischebibliothek.de/mir/servlets/MCRFileNodeServlet/DEHeft_derivate_00063162/15_Wahl_DB_2002_Heft_5.pdf"",""source_record_id"":""src-de-bwl-results-report-2002:pdf-page:18:table:2:row:4"",""retrieved_at"":""2026-10-02T09:56:58.971Z"",""raw_snapshot"":{""path"":""docs/political-data/raw/germany/identity_results-report-2002/source.pdf"",""sha256"":""052f83393c0c197a26c1ee7a6a60693558fb759edb89f92ff5e95ba7fc8d1d73""},""parser_version"":""germany-production-v1"",""parser_sha256"":""2a8eb3487f392ef83303e7fb9ff246e4c111a7e64a469a6aa9eb21461ae9b1a0"",""fields_covered"":[""contestant_kind"",""lead_party_id"",""membership""],""published_or_derived"":""published"",""decision_basis"":""manual review of official same-election recognition/participation and result column"",""evidence_note"":""Visually checked historical full name and Landesliste participation; printed page 18; OCR is not identity validation""},{""source_id"":""src-de-bwl-final-archive"",""source_url"":""https://www.bundeswahlleiterin.de/dam/jcr/ce2d2b6a-f211-4355-8eea-355c98cd4e47/btw_kerg.zip"",""source_record_id"":""2407b62efac5c001dd189d58489c955c4a8d07dfab797d985d1d56fe2ecf9cb5:btw2002_kerg.csv:340:16"",""retrieved_at"":""2026-10-01T23:21:39.584Z"",""raw_snapshot"":{""path"":""docs/political-data/raw/germany/2026-10-01T23-21-39-584Z_02e7077f9358c9ef/final-results.zip"",""sha256"":""02e7077f9358c9ef408741ee5d17123a43c28ea766b26a7ab338c08fcaeb7512""},""parser_version"":""germany-production-v1"",""parser_sha256"":""2a8eb3487f392ef83303e7fb9ff246e4c111a7e64a469a6aa9eb21461ae9b1a0"",""fields_covered"":[""historical_display_label""],""published_or_derived"":""published"",""label_basis"":""verbatim_election_specific_source"",""label_evidence"":[{""member"":""btw2002_kerg.csv"",""sha256"":""2407b62efac5c001dd189d58489c955c4a8d07dfab797d985d1d56fe2ecf9cb5"",""column"":16,""record_id"":""2407b62efac5c001dd189d58489c955c4a8d07dfab797d985d1d56fe2ecf9cb5:btw2002_kerg.csv:340:16""}]}]","{""decision_file"":""docs/political-data/germany_production_acceptance.json"",""reviewer"":""germany_source_review"",""reviewed_at"":""2026-10-02"",""scope"":""same_election_only_no_continuity""}"
"ct-de-0005","germany","el-de-bt-2002-09-22","party_list","FDP","FDP",,"requires_manual_review","false","[{""source_id"":""src-de-bwl-final-archive"",""source_url"":""https://www.bundeswahlleiterin.de/dam/jcr/ce2d2b6a-f211-4355-8eea-355c98cd4e47/btw_kerg.zip"",""source_record_id"":""2407b62efac5c001dd189d58489c955c4a8d07dfab797d985d1d56fe2ecf9cb5:btw2002_kerg.csv:340:18"",""retrieved_at"":""2026-10-01T23:21:39.584Z"",""raw_snapshot"":{""path"":""docs/political-data/raw/germany/2026-10-01T23-21-39-584Z_02e7077f9358c9ef/final-results.zip"",""sha256"":""02e7077f9358c9ef408741ee5d17123a43c28ea766b26a7ab338c08fcaeb7512""},""parser_version"":""germany-production-v1"",""parser_sha256"":""2a8eb3487f392ef83303e7fb9ff246e4c111a7e64a469a6aa9eb21461ae9b1a0"",""fields_covered"":[""second_votes"",""registered_label_native""],""published_or_derived"":""published"",""source_member"":""btw2002_kerg.csv"",""source_member_sha256"":""2407b62efac5c001dd189d58489c955c4a8d07dfab797d985d1d56fe2ecf9cb5"",""source_column"":18},{""source_id"":""src-de-bwl-results-report-2002"",""source_url"":""https://www.statistischebibliothek.de/mir/servlets/MCRFileNodeServlet/DEHeft_derivate_00063162/15_Wahl_DB_2002_Heft_5.pdf"",""source_record_id"":""src-de-bwl-results-report-2002:pdf-page:18:table:2:row:5"",""retrieved_at"":""2026-10-02T09:56:58.971Z"",""raw_snapshot"":{""path"":""docs/political-data/raw/germany/identity_results-report-2002/source.pdf"",""sha256"":""052f83393c0c197a26c1ee7a6a60693558fb759edb89f92ff5e95ba7fc8d1d73""},""parser_version"":""germany-production-v1"",""parser_sha256"":""2a8eb3487f392ef83303e7fb9ff246e4c111a7e64a469a6aa9eb21461ae9b1a0"",""fields_covered"":[""contestant_kind"",""lead_party_id"",""membership""],""published_or_derived"":""published"",""decision_basis"":""manual review of official same-election recognition/participation and result column"",""evidence_note"":""Visually checked historical full name and Landesliste participation; printed page 18; OCR is not identity validation""},{""source_id"":""src-de-bwl-final-archive"",""source_url"":""https://www.bundeswahlleiterin.de/dam/jcr/ce2d2b6a-f211-4355-8eea-355c98cd4e47/btw_kerg.zip"",""source_record_id"":""2407b62efac5c001dd189d58489c955c4a8d07dfab797d985d1d56fe2ecf9cb5:btw2002_kerg.csv:340:18"",""retrieved_at"":""2026-10-01T23:21:39.584Z"",""raw_snapshot"":{""path"":""docs/political-data/raw/germany/2026-10-01T23-21-39-584Z_02e7077f9358c9ef/final-results.zip"",""sha256"":""02e7077f9358c9ef408741ee5d17123a43c28ea766b26a7ab338c08fcaeb7512""},""parser_version"":""germany-production-v1"",""parser_sha256"":""2a8eb3487f392ef83303e7fb9ff246e4c111a7e64a469a6aa9eb21461ae9b1a0"",""fields_covered"":[""historical_display_label""],""published_or_derived"":""published"",""label_basis"":""verbatim_election_specific_source"",""label_evidence"":[{""member"":""btw2002_kerg.csv"",""sha256"":""2407b62efac5c001dd189d58489c955c4a8d07dfab797d985d1d56fe2ecf9cb5"",""column"":18,""record_id"":""2407b62efac5c001dd189d58489c955c4a8d07dfab797d985d1d56fe2ecf9cb5:btw2002_kerg.csv:340:18""}]}]","{""decision_file"":""docs/political-data/germany_production_acceptance.json"",""reviewer"":""germany_source_review"",""reviewed_at"":""2026-10-02"",""scope"":""same_election_only_no_continuity""}"
"ct-de-0006","germany","el-de-bt-2002-09-22","party_list","PDS","PDS",,"requires_manual_review","false","[{""source_id"":""src-de-bwl-final-archive"",""source_url"":""https://www.bundeswahlleiterin.de/dam/jcr/ce2d2b6a-f211-4355-8eea-355c98cd4e47/btw_kerg.zip"",""source_record_id"":""2407b62efac5c001dd189d58489c955c4a8d07dfab797d985d1d56fe2ecf9cb5:btw2002_kerg.csv:340:20"",""retrieved_at"":""2026-10-01T23:21:39.584Z"",""raw_snapshot"":{""path"":""docs/political-data/raw/germany/2026-10-01T23-21-39-584Z_02e7077f9358c9ef/final-results.zip"",""sha256"":""02e7077f9358c9ef408741ee5d17123a43c28ea766b26a7ab338c08fcaeb7512""},""parser_version"":""germany-production-v1"",""parser_sha256"":""2a8eb3487f392ef83303e7fb9ff246e4c111a7e64a469a6aa9eb21461ae9b1a0"",""fields_covered"":[""second_votes"",""registered_label_native""],""published_or_derived"":""published"",""source_member"":""btw2002_kerg.csv"",""source_member_sha256"":""2407b62efac5c001dd189d58489c955c4a8d07dfab797d985d1d56fe2ecf9cb5"",""source_column"":20},{""source_id"":""src-de-bwl-results-report-2002"",""source_url"":""https://www.statistischebibliothek.de/mir/servlets/MCRFileNodeServlet/DEHeft_derivate_00063162/15_Wahl_DB_2002_Heft_5.pdf"",""source_record_id"":""src-de-bwl-results-report-2002:pdf-page:18:table:2:row:6"",""retrieved_at"":""2026-10-02T09:56:58.971Z"",""raw_snapshot"":{""path"":""docs/political-data/raw/germany/identity_results-report-2002/source.pdf"",""sha256"":""052f83393c0c197a26c1ee7a6a60693558fb759edb89f92ff5e95ba7fc8d1d73""},""parser_version"":""germany-production-v1"",""parser_sha256"":""2a8eb3487f392ef83303e7fb9ff246e4c111a7e64a469a6aa9eb21461ae9b1a0"",""fields_covered"":[""contestant_kind"",""lead_party_id"",""membership""],""published_or_derived"":""published"",""decision_basis"":""manual review of official same-election recognition/participation and result column"",""evidence_note"":""Visually checked historical full name and Landesliste participation; printed page 18; OCR is not identity validation""},{""source_id"":""src-de-bwl-final-archive"",""source_url"":""https://www.bundeswahlleiterin.de/dam/jcr/ce2d2b6a-f211-4355-8eea-355c98cd4e47/btw_kerg.zip"",""source_record_id"":""2407b62efac5c001dd189d58489c955c4a8d07dfab797d985d1d56fe2ecf9cb5:btw2002_kerg.csv:340:20"",""retrieved_at"":""2026-10-01T23:21:39.584Z"",""raw_snapshot"":{""path"":""docs/political-data/raw/germany/2026-10-01T23-21-39-584Z_02e7077f9358c9ef/final-results.zip"",""sha256"":""02e7077f9358c9ef408741ee5d17123a43c28ea766b26a7ab338c08fcaeb7512""},""parser_version"":""germany-production-v1"",""parser_sha256"":""2a8eb3487f392ef83303e7fb9ff246e4c111a7e64a469a6aa9eb21461ae9b1a0"",""fields_covered"":[""historical_display_label""],""published_or_derived"":""published"",""label_basis"":""verbatim_election_specific_source"",""label_evidence"":[{""member"":""btw2002_kerg.csv"",""sha256"":""2407b62efac5c001dd189d58489c955c4a8d07dfab797d985d1d56fe2ecf9cb5"",""column"":20,""record_id"":""2407b62efac5c001dd189d58489c955c4a8d07dfab797d985d1d56fe2ecf9cb5:btw2002_kerg.csv:340:20""}]}]","{""decision_file"":""docs/political-data/germany_production_acceptance.json"",""reviewer"":""germany_source_review"",""reviewed_at"":""2026-10-02"",""scope"":""same_election_only_no_continuity""}"
"ct-de-0007","germany","el-de-bt-2002-09-22","party_list","REP","REP",,"requires_manual_review","false","[{""source_id"":""src-de-bwl-final-archive"",""source_url"":""https://www.bundeswahlleiterin.de/dam/jcr/ce2d2b6a-f211-4355-8eea-355c98cd4e47/btw_kerg.zip"",""source_record_id"":""2407b62efac5c001dd189d58489c955c4a8d07dfab797d985d1d56fe2ecf9cb5:btw2002_kerg.csv:340:22"",""retrieved_at"":""2026-10-01T23:21:39.584Z"",""raw_snapshot"":{""path"":""docs/political-data/raw/germany/2026-10-01T23-21-39-584Z_02e7077f9358c9ef/final-results.zip"",""sha256"":""02e7077f9358c9ef408741ee5d17123a43c28ea766b26a7ab338c08fcaeb7512""},""parser_version"":""germany-production-v1"",""parser_sha256"":""2a8eb3487f392ef83303e7fb9ff246e4c111a7e64a469a6aa9eb21461ae9b1a0"",""fields_covered"":[""second_votes"",""registered_label_native""],""published_or_derived"":""published"",""source_member"":""btw2002_kerg.csv"",""source_member_sha256"":""2407b62efac5c001dd189d58489c955c4a8d07dfab797d985d1d56fe2ecf9cb5"",""source_column"":22},{""source_id"":""src-de-bwl-results-report-2002"",""source_url"":""https://www.statistischebibliothek.de/mir/servlets/MCRFileNodeServlet/DEHeft_derivate_00063162/15_Wahl_DB_2002_Heft_5.pdf"",""source_record_id"":""src-de-bwl-results-report-2002:pdf-page:18:table:2:row:7"",""retrieved_at"":""2026-10-02T09:56:58.971Z"",""raw_snapshot"":{""path"":""docs/political-data/raw/germany/identity_results-report-2002/source.pdf"",""sha256"":""052f83393c0c197a26c1ee7a6a60693558fb759edb89f92ff5e95ba7fc8d1d73""},""parser_version"":""germany-production-v1"",""parser_sha256"":""2a8eb3487f392ef83303e7fb9ff246e4c111a7e64a469a6aa9eb21461ae9b1a0"",""fields_covered"":[""contestant_kind"",""lead_party_id"",""membership""],""published_or_derived"":""published"",""decision_basis"":""manual review of official same-election recognition/participation and result column"",""evidence_note"":""Visually checked historical full name and Landesliste participation; printed page 18; OCR is not identity validation""},{""source_id"":""src-de-bwl-final-archive"",""source_url"":""https://www.bundeswahlleiterin.de/dam/jcr/ce2d2b6a-f211-4355-8eea-355c98cd4e47/btw_kerg.zip"",""source_record_id"":""2407b62efac5c001dd189d58489c955c4a8d07dfab797d985d1d56fe2ecf9cb5:btw2002_kerg.csv:340:22"",""retrieved_at"":""2026-10-01T23:21:39.584Z"",""raw_snapshot"":{""path"":""docs/political-data/raw/germany/2026-10-01T23-21-39-584Z_02e7077f9358c9ef/final-results.zip"",""sha256"":""02e7077f9358c9ef408741ee5d17123a43c28ea766b26a7ab338c08fcaeb7512""},""parser_version"":""germany-production-v1"",""parser_sha256"":""2a8eb3487f392ef83303e7fb9ff246e4c111a7e64a469a6aa9eb21461ae9b1a0"",""fields_covered"":[""historical_display_label""],""published_or_derived"":""published"",""label_basis"":""verbatim_election_specific_source"",""label_evidence"":[{""member"":""btw2002_kerg.csv"",""sha256"":""2407b62efac5c001dd189d58489c955c4a8d07dfab797d985d1d56fe2ecf9cb5"",""column"":22,""record_id"":""2407b62efac5c001dd189d58489c955c4a8d07dfab797d985d1d56fe2ecf9cb5:btw2002_kerg.csv:340:22""}]}]","{""decision_file"":""docs/political-data/germany_production_acceptance.json"",""reviewer"":""germany_source_review"",""reviewed_at"":""2026-10-02"",""scope"":""same_election_only_no_continuity""}"
"ct-de-0008","germany","el-de-bt-2002-09-22","party_list","GRAUE","GRAUE",,"requires_manual_review","false","[{""source_id"":""src-de-bwl-final-archive"",""source_url"":""https://www.bundeswahlleiterin.de/dam/jcr/ce2d2b6a-f211-4355-8eea-355c98cd4e47/btw_kerg.zip"",""source_record_id"":""2407b62efac5c001dd189d58489c955c4a8d07dfab797d985d1d56fe2ecf9cb5:btw2002_kerg.csv:340:24"",""retrieved_at"":""2026-10-01T23:21:39.584Z"",""raw_snapshot"":{""path"":""docs/political-data/raw/germany/2026-10-01T23-21-39-584Z_02e7077f9358c9ef/final-results.zip"",""sha256"":""02e7077f9358c9ef408741ee5d17123a43c28ea766b26a7ab338c08fcaeb7512""},""parser_version"":""germany-production-v1"",""parser_sha256"":""2a8eb3487f392ef83303e7fb9ff246e4c111a7e64a469a6aa9eb21461ae9b1a0"",""fields_covered"":[""second_votes"",""registered_label_native""],""published_or_derived"":""published"",""source_member"":""btw2002_kerg.csv"",""source_member_sha256"":""2407b62efac5c001dd189d58489c955c4a8d07dfab797d985d1d56fe2ecf9cb5"",""source_column"":24},{""source_id"":""src-de-bwl-results-report-2002"",""source_url"":""https://www.statistischebibliothek.de/mir/servlets/MCRFileNodeServlet/DEHeft_derivate_00063162/15_Wahl_DB_2002_Heft_5.pdf"",""source_record_id"":""src-de-bwl-results-report-2002:pdf-page:18:table:2:row:8"",""retrieved_at"":""2026-10-02T09:56:58.971Z"",""raw_snapshot"":{""path"":""docs/political-data/raw/germany/identity_results-report-2002/source.pdf"",""sha256"":""052f83393c0c197a26c1ee7a6a60693558fb759edb89f92ff5e95ba7fc8d1d73""},""parser_version"":""germany-production-v1"",""parser_sha256"":""2a8eb3487f392ef83303e7fb9ff246e4c111a7e64a469a6aa9eb21461ae9b1a0"",""fields_covered"":[""contestant_kind"",""lead_party_id"",""membership""],""published_or_derived"":""published"",""decision_basis"":""manual review of official same-election recognition/participation and result column"",""evidence_note"":""Visually checked historical full name and Landesliste participation; printed page 18; OCR is not identity validation""},{""source_id"":""src-de-bwl-final-archive"",""source_url"":""https://www.bundeswahlleiterin.de/dam/jcr/ce2d2b6a-f211-4355-8eea-355c98cd4e47/btw_kerg.zip"",""source_record_id"":""2407b62efac5c001dd189d58489c955c4a8d07dfab797d985d1d56fe2ecf9cb5:btw2002_kerg.csv:340:24"",""retrieved_at"":""2026-10-01T23:21:39.584Z"",""raw_snapshot"":{""path"":""docs/political-data/raw/germany/2026-10-01T23-21-39-584Z_02e7077f9358c9ef/final-results.zip"",""sha256"":""02e7077f9358c9ef408741ee5d17123a43c28ea766b26a7ab338c08fcaeb7512""},""parser_version"":""germany-production-v1"",""parser_sha256"":""2a8eb3487f392ef83303e7fb9ff246e4c111a7e64a469a6aa9eb21461ae9b1a0"",""fields_covered"":[""historical_display_label""],""published_or_derived"":""published"",""label_basis"":""verbatim_election_specific_source"",""label_evidence"":[{""member"":""btw2002_kerg.csv"",""sha256"":""2407b62efac5c001dd189d58489c955c4a8d07dfab797d985d1d56fe2ecf9cb5"",""column"":24,""record_id"":""2407b62efac5c001dd189d58489c955c4a8d07dfab797d985d1d56fe2ecf9cb5:btw2002_kerg.csv:340:24""}]}]","{""decision_file"":""docs/political-data/germany_production_acceptance.json"",""reviewer"":""germany_source_review"",""reviewed_at"":""2026-10-02"",""scope"":""same_election_only_no_continuity""}"
"ct-de-0009","germany","el-de-bt-2002-09-22","party_list","Tierschutz","Tierschutz",,"requires_manual_review","false","[{""source_id"":""src-de-bwl-final-archive"",""source_url"":""https://www.bundeswahlleiterin.de/dam/jcr/ce2d2b6a-f211-4355-8eea-355c98cd4e47/btw_kerg.zip"",""source_record_id"":""2407b62efac5c001dd189d58489c955c4a8d07dfab797d985d1d56fe2ecf9cb5:btw2002_kerg.csv:340:26"",""retrieved_at"":""2026-10-01T23:21:39.584Z"",""raw_snapshot"":{""path"":""docs/political-data/raw/germany/2026-10-01T23-21-39-584Z_02e7077f9358c9ef/final-results.zip"",""sha256"":""02e7077f9358c9ef408741ee5d17123a43c28ea766b26a7ab338c08fcaeb7512""},""parser_version"":""germany-production-v1"",""parser_sha256"":""2a8eb3487f392ef83303e7fb9ff246e4c111a7e64a469a6aa9eb21461ae9b1a0"",""fields_covered"":[""second_votes"",""registered_label_native""],""published_or_derived"":""published"",""source_member"":""btw2002_kerg.csv"",""source_member_sha256"":""2407b62efac5c001dd189d58489c955c4a8d07dfab797d985d1d56fe2ecf9cb5"",""source_column"":26},{""source_id"":""src-de-bwl-results-report-2002"",""source_url"":""https://www.statistischebibliothek.de/mir/servlets/MCRFileNodeServlet/DEHeft_derivate_00063162/15_Wahl_DB_2002_Heft_5.pdf"",""source_record_id"":""src-de-bwl-results-report-2002:pdf-page:18:table:2:row:9"",""retrieved_at"":""2026-10-02T09:56:58.971Z"",""raw_snapshot"":{""path"":""docs/political-data/raw/germany/identity_results-report-2002/source.pdf"",""sha256"":""052f83393c0c197a26c1ee7a6a60693558fb759edb89f92ff5e95ba7fc8d1d73""},""parser_version"":""germany-production-v1"",""parser_sha256"":""2a8eb3487f392ef83303e7fb9ff246e4c111a7e64a469a6aa9eb21461ae9b1a0"",""fields_covered"":[""contestant_kind"",""lead_party_id"",""membership""],""published_or_derived"":""published"",""decision_basis"":""manual review of official same-election recognition/participation and result column"",""evidence_note"":""Visually checked historical full name and Landesliste participation; printed page 18; OCR is not identity validation""},{""source_id"":""src-de-bwl-final-archive"",""source_url"":""https://www.bundeswahlleiterin.de/dam/jcr/ce2d2b6a-f211-4355-8eea-355c98cd4e47/btw_kerg.zip"",""source_record_id"":""2407b62efac5c001dd189d58489c955c4a8d07dfab797d985d1d56fe2ecf9cb5:btw2002_kerg.csv:340:26"",""retrieved_at"":""2026-10-01T23:21:39.584Z"",""raw_snapshot"":{""path"":""docs/political-data/raw/germany/2026-10-01T23-21-39-584Z_02e7077f9358c9ef/final-results.zip"",""sha256"":""02e7077f9358c9ef408741ee5d17123a43c28ea766b26a7ab338c08fcaeb7512""},""parser_version"":""germany-production-v1"",""parser_sha256"":""2a8eb3487f392ef83303e7fb9ff246e4c111a7e64a469a6aa9eb21461ae9b1a0"",""fields_covered"":[""historical_display_label""],""published_or_derived"":""published"",""label_basis"":""verbatim_election_specific_source"",""label_evidence"":[{""member"":""btw2002_kerg.csv"",""sha256"":""2407b62efac5c001dd189d58489c955c4a8d07dfab797d985d1d56fe2ecf9cb5"",""column"":26,""record_id"":""2407b62efac5c001dd189d58489c955c4a8d07dfab797d985d1d56fe2ecf9cb5:btw2002_kerg.csv:340:26""}]}]","{""decision_file"":""docs/political-data/germany_production_acceptance.json"",""reviewer"":""germany_source_review"",""reviewed_at"":""2026-10-02"",""scope"":""same_election_only_no_continuity""}"
"ct-de-0010","germany","el-de-bt-2002-09-22","party_list","NPD","NPD",,"requires_manual_review","false","[{""source_id"":""src-de-bwl-final-archive"",""source_url"":""https://www.bundeswahlleiterin.de/dam/jcr/ce2d2b6a-f211-4355-8eea-355c98cd4e47/btw_kerg.zip"",""source_record_id"":""2407b62efac5c001dd189d58489c955c4a8d07dfab797d985d1d56fe2ecf9cb5:btw2002_kerg.csv:340:28"",""retrieved_at"":""2026-10-01T23:21:39.584Z"",""raw_snapshot"":{""path"":""docs/political-data/raw/germany/2026-10-01T23-21-39-584Z_02e7077f9358c9ef/final-results.zip"",""sha256"":""02e7077f9358c9ef408741ee5d17123a43c28ea766b26a7ab338c08fcaeb7512""},""parser_version"":""germany-production-v1"",""parser_sha256"":""2a8eb3487f392ef83303e7fb9ff246e4c111a7e64a469a6aa9eb21461ae9b1a0"",""fields_covered"":[""second_votes"",""registered_label_native""],""published_or_derived"":""published"",""source_member"":""btw2002_kerg.csv"",""source_member_sha256"":""2407b62efac5c001dd189d58489c955c4a8d07dfab797d985d1d56fe2ecf9cb5"",""source_column"":28},{""source_id"":""src-de-bwl-results-report-2002"",""source_url"":""https://www.statistischebibliothek.de/mir/servlets/MCRFileNodeServlet/DEHeft_derivate_00063162/15_Wahl_DB_2002_Heft_5.pdf"",""source_record_id"":""src-de-bwl-results-report-2002:pdf-page:18:table:2:row:10"",""retrieved_at"":""2026-10-02T09:56:58.971Z"",""raw_snapshot"":{""path"":""docs/political-data/raw/germany/identity_results-report-2002/source.pdf"",""sha256"":""052f83393c0c197a26c1ee7a6a60693558fb759edb89f92ff5e95ba7fc8d1d73""},""parser_version"":""germany-production-v1"",""parser_sha256"":""2a8eb3487f392ef83303e7fb9ff246e4c111a7e64a469a6aa9eb21461ae9b1a0"",""fields_covered"":[""contestant_kind"",""lead_party_id"",""membership""],""published_or_derived"":""published"",""decision_basis"":""manual review of official same-election recognition/participation and result column"",""evidence_note"":""Visually checked historical full name and Landesliste participation; printed page 18; OCR is not identity validation""},{""source_id"":""src-de-bwl-final-archive"",""source_url"":""https://www.bundeswahlleiterin.de/dam/jcr/ce2d2b6a-f211-4355-8eea-355c98cd4e47/btw_kerg.zip"",""source_record_id"":""2407b62efac5c001dd189d58489c955c4a8d07dfab797d985d1d56fe2ecf9cb5:btw2002_kerg.csv:340:28"",""retrieved_at"":""2026-10-01T23:21:39.584Z"",""raw_snapshot"":{""path"":""docs/political-data/raw/germany/2026-10-01T23-21-39-584Z_02e7077f9358c9ef/final-results.zip"",""sha256"":""02e7077f9358c9ef408741ee5d17123a43c28ea766b26a7ab338c08fcaeb7512""},""parser_version"":""germany-production-v1"",""parser_sha256"":""2a8eb3487f392ef83303e7fb9ff246e4c111a7e64a469a6aa9eb21461ae9b1a0"",""fields_covered"":[""historical_display_label""],""published_or_derived"":""published"",""label_basis"":""verbatim_election_specific_source"",""label_evidence"":[{""member"":""btw2002_kerg.csv"",""sha256"":""2407b62efac5c001dd189d58489c955c4a8d07dfab797d985d1d56fe2ecf9cb5"",""column"":28,""record_id"":""2407b62efac5c001dd189d58489c955c4a8d07dfab797d985d1d56fe2ecf9cb5:btw2002_kerg.csv:340:28""}]}]","{""decision_file"":""docs/political-data/germany_production_acceptance.json"",""reviewer"":""germany_source_review"",""reviewed_at"":""2026-10-02"",""scope"":""same_election_only_no_continuity""}"
"ct-de-0011","germany","el-de-bt-2002-09-22","party_list","ödp","ödp",,"requires_manual_review","false","[{""source_id"":""src-de-bwl-final-archive"",""source_url"":""https://www.bundeswahlleiterin.de/dam/jcr/ce2d2b6a-f211-4355-8eea-355c98cd4e47/btw_kerg.zip"",""source_record_id"":""2407b62efac5c001dd189d58489c955c4a8d07dfab797d985d1d56fe2ecf9cb5:btw2002_kerg.csv:340:30"",""retrieved_at"":""2026-10-01T23:21:39.584Z"",""raw_snapshot"":{""path"":""docs/political-data/raw/germany/2026-10-01T23-21-39-584Z_02e7077f9358c9ef/final-results.zip"",""sha256"":""02e7077f9358c9ef408741ee5d17123a43c28ea766b26a7ab338c08fcaeb7512""},""parser_version"":""germany-production-v1"",""parser_sha256"":""2a8eb3487f392ef83303e7fb9ff246e4c111a7e64a469a6aa9eb21461ae9b1a0"",""fields_covered"":[""second_votes"",""registered_label_native""],""published_or_derived"":""published"",""source_member"":""btw2002_kerg.csv"",""source_member_sha256"":""2407b62efac5c001dd189d58489c955c4a8d07dfab797d985d1d56fe2ecf9cb5"",""source_column"":30},{""source_id"":""src-de-bwl-results-report-2002"",""source_url"":""https://www.statistischebibliothek.de/mir/servlets/MCRFileNodeServlet/DEHeft_derivate_00063162/15_Wahl_DB_2002_Heft_5.pdf"",""source_record_id"":""src-de-bwl-results-report-2002:pdf-page:18:table:2:row:11"",""retrieved_at"":""2026-10-02T09:56:58.971Z"",""raw_snapshot"":{""path"":""docs/political-data/raw/germany/identity_results-report-2002/source.pdf"",""sha256"":""052f83393c0c197a26c1ee7a6a60693558fb759edb89f92ff5e95ba7fc8d1d73""},""parser_version"":""germany-production-v1"",""parser_sha256"":""2a8eb3487f392ef83303e7fb9ff246e4c111a7e64a469a6aa9eb21461ae9b1a0"",""fields_covered"":[""contestant_kind"",""lead_party_id"",""membership""],""published_or_derived"":""published"",""decision_basis"":""manual review of official same-election recognition/participation and result column"",""evidence_note"":""Visually checked historical full name and Landesliste participation; printed page 18; OCR is not identity validation""},{""source_id"":""src-de-bwl-final-archive"",""source_url"":""https://www.bundeswahlleiterin.de/dam/jcr/ce2d2b6a-f211-4355-8eea-355c98cd4e47/btw_kerg.zip"",""source_record_id"":""2407b62efac5c001dd189d58489c955c4a8d07dfab797d985d1d56fe2ecf9cb5:btw2002_kerg.csv:340:30"",""retrieved_at"":""2026-10-01T23:21:39.584Z"",""raw_snapshot"":{""path"":""docs/political-data/raw/germany/2026-10-01T23-21-39-584Z_02e7077f9358c9ef/final-results.zip"",""sha256"":""02e7077f9358c9ef408741ee5d17123a43c28ea766b26a7ab338c08fcaeb7512""},""parser_version"":""germany-production-v1"",""parser_sha256"":""2a8eb3487f392ef83303e7fb9ff246e4c111a7e64a469a6aa9eb21461ae9b1a0"",""fields_covered"":[""historical_display_label""],""published_or_derived"":""published"",""label_basis"":""verbatim_election_specific_source"",""label_evidence"":[{""member"":""btw2002_kerg.csv"",""sha256"":""2407b62efac5c001dd189d58489c955c4a8d07dfab797d985d1d56fe2ecf9cb5"",""column"":30,""record_id"":""2407b62efac5c001dd189d58489c955c4a8d07dfab797d985d1d56fe2ecf9cb5:btw2002_kerg.csv:340:30""}]}]","{""decision_file"":""docs/political-data/germany_production_acceptance.json"",""reviewer"":""germany_source_review"",""reviewed_at"":""2026-10-02"",""scope"":""same_election_only_no_continuity""}"
"ct-de-0012","germany","el-de-bt-2002-09-22","party_list","PBC","PBC",,"requires_manual_review","false","[{""source_id"":""src-de-bwl-final-archive"",""source_url"":""https://www.bundeswahlleiterin.de/dam/jcr/ce2d2b6a-f211-4355-8eea-355c98cd4e47/btw_kerg.zip"",""source_record_id"":""2407b62efac5c001dd189d58489c955c4a8d07dfab797d985d1d56fe2ecf9cb5:btw2002_kerg.csv:340:32"",""retrieved_at"":""2026-10-01T23:21:39.584Z"",""raw_snapshot"":{""path"":""docs/political-data/raw/germany/2026-10-01T23-21-39-584Z_02e7077f9358c9ef/final-results.zip"",""sha256"":""02e7077f9358c9ef408741ee5d17123a43c28ea766b26a7ab338c08fcaeb7512""},""parser_version"":""germany-production-v1"",""parser_sha256"":""2a8eb3487f392ef83303e7fb9ff246e4c111a7e64a469a6aa9eb21461ae9b1a0"",""fields_covered"":[""second_votes"",""registered_label_native""],""published_or_derived"":""published"",""source_member"":""btw2002_kerg.csv"",""source_member_sha256"":""2407b62efac5c001dd189d58489c955c4a8d07dfab797d985d1d56fe2ecf9cb5"",""source_column"":32},{""source_id"":""src-de-bwl-results-report-2002"",""source_url"":""https://www.statistischebibliothek.de/mir/servlets/MCRFileNodeServlet/DEHeft_derivate_00063162/15_Wahl_DB_2002_Heft_5.pdf"",""source_record_id"":""src-de-bwl-results-report-2002:pdf-page:18:table:2:row:12"",""retrieved_at"":""2026-10-02T09:56:58.971Z"",""raw_snapshot"":{""path"":""docs/political-data/raw/germany/identity_results-report-2002/source.pdf"",""sha256"":""052f83393c0c197a26c1ee7a6a60693558fb759edb89f92ff5e95ba7fc8d1d73""},""parser_version"":""germany-production-v1"",""parser_sha256"":""2a8eb3487f392ef83303e7fb9ff246e4c111a7e64a469a6aa9eb21461ae9b1a0"",""fields_covered"":[""contestant_kind"",""lead_party_id"",""membership""],""published_or_derived"":""published"",""decision_basis"":""manual review of official same-election recognition/participation and result column"",""evidence_note"":""Visually checked historical full name and Landesliste participation; printed page 18; OCR is not identity validation""},{""source_id"":""src-de-bwl-final-archive"",""source_url"":""https://www.bundeswahlleiterin.de/dam/jcr/ce2d2b6a-f211-4355-8eea-355c98cd4e47/btw_kerg.zip"",""source_record_id"":""2407b62efac5c001dd189d58489c955c4a8d07dfab797d985d1d56fe2ecf9cb5:btw2002_kerg.csv:340:32"",""retrieved_at"":""2026-10-01T23:21:39.584Z"",""raw_snapshot"":{""path"":""docs/political-data/raw/germany/2026-10-01T23-21-39-584Z_02e7077f9358c9ef/final-results.zip"",""sha256"":""02e7077f9358c9ef408741ee5d17123a43c28ea766b26a7ab338c08fcaeb7512""},""parser_version"":""germany-production-v1"",""parser_sha256"":""2a8eb3487f392ef83303e7fb9ff246e4c111a7e64a469a6aa9eb21461ae9b1a0"",""fields_covered"":[""historical_display_label""],""published_or_derived"":""published"",""label_basis"":""verbatim_election_specific_source"",""label_evidence"":[{""member"":""btw2002_kerg.csv"",""sha256"":""2407b62efac5c001dd189d58489c955c4a8d07dfab797d985d1d56fe2ecf9cb5"",""column"":32,""record_id"":""2407b62efac5c001dd189d58489c955c4a8d07dfab797d985d1d56fe2ecf9cb5:btw2002_kerg.csv:340:32""}]}]","{""decision_file"":""docs/political-data/germany_production_acceptance.json"",""reviewer"":""germany_source_review"",""reviewed_at"":""2026-10-02"",""scope"":""same_election_only_no_continuity""}"
"ct-de-0013","germany","el-de-bt-2002-09-22","party_list","DIE FRAUEN","DIE FRAUEN",,"requires_manual_review","false","[{""source_id"":""src-de-bwl-final-archive"",""source_url"":""https://www.bundeswahlleiterin.de/dam/jcr/ce2d2b6a-f211-4355-8eea-355c98cd4e47/btw_kerg.zip"",""source_record_id"":""2407b62efac5c001dd189d58489c955c4a8d07dfab797d985d1d56fe2ecf9cb5:btw2002_kerg.csv:340:34"",""retrieved_at"":""2026-10-01T23:21:39.584Z"",""raw_snapshot"":{""path"":""docs/political-data/raw/germany/2026-10-01T23-21-39-584Z_02e7077f9358c9ef/final-results.zip"",""sha256"":""02e7077f9358c9ef408741ee5d17123a43c28ea766b26a7ab338c08fcaeb7512""},""parser_version"":""germany-production-v1"",""parser_sha256"":""2a8eb3487f392ef83303e7fb9ff246e4c111a7e64a469a6aa9eb21461ae9b1a0"",""fields_covered"":[""second_votes"",""registered_label_native""],""published_or_derived"":""published"",""source_member"":""btw2002_kerg.csv"",""source_member_sha256"":""2407b62efac5c001dd189d58489c955c4a8d07dfab797d985d1d56fe2ecf9cb5"",""source_column"":34},{""source_id"":""src-de-bwl-results-report-2002"",""source_url"":""https://www.statistischebibliothek.de/mir/servlets/MCRFileNodeServlet/DEHeft_derivate_00063162/15_Wahl_DB_2002_Heft_5.pdf"",""source_record_id"":""src-de-bwl-results-report-2002:pdf-page:18:table:2:row:13"",""retrieved_at"":""2026-10-02T09:56:58.971Z"",""raw_snapshot"":{""path"":""docs/political-data/raw/germany/identity_results-report-2002/source.pdf"",""sha256"":""052f83393c0c197a26c1ee7a6a60693558fb759edb89f92ff5e95ba7fc8d1d73""},""parser_version"":""germany-production-v1"",""parser_sha256"":""2a8eb3487f392ef83303e7fb9ff246e4c111a7e64a469a6aa9eb21461ae9b1a0"",""fields_covered"":[""contestant_kind"",""lead_party_id"",""membership""],""published_or_derived"":""published"",""decision_basis"":""manual review of official same-election recognition/participation and result column"",""evidence_note"":""Visually checked historical full name and Landesliste participation; printed page 18; OCR is not identity validation""},{""source_id"":""src-de-bwl-final-archive"",""source_url"":""https://www.bundeswahlleiterin.de/dam/jcr/ce2d2b6a-f211-4355-8eea-355c98cd4e47/btw_kerg.zip"",""source_record_id"":""2407b62efac5c001dd189d58489c955c4a8d07dfab797d985d1d56fe2ecf9cb5:btw2002_kerg.csv:340:34"",""retrieved_at"":""2026-10-01T23:21:39.584Z"",""raw_snapshot"":{""path"":""docs/political-data/raw/germany/2026-10-01T23-21-39-584Z_02e7077f9358c9ef/final-results.zip"",""sha256"":""02e7077f9358c9ef408741ee5d17123a43c28ea766b26a7ab338c08fcaeb7512""},""parser_version"":""germany-production-v1"",""parser_sha256"":""2a8eb3487f392ef83303e7fb9ff246e4c111a7e64a469a6aa9eb21461ae9b1a0"",""fields_covered"":[""historical_display_label""],""published_or_derived"":""published"",""label_basis"":""verbatim_election_specific_source"",""label_evidence"":[{""member"":""btw2002_kerg.csv"",""sha256"":""2407b62efac5c001dd189d58489c955c4a8d07dfab797d985d1d56fe2ecf9cb5"",""column"":34,""record_id"":""2407b62efac5c001dd189d58489c955c4a8d07dfab797d985d1d56fe2ecf9cb5:btw2002_kerg.csv:340:34""}]}]","{""decision_file"":""docs/political-data/germany_production_acceptance.json"",""reviewer"":""germany_source_review"",""reviewed_at"":""2026-10-02"",""scope"":""same_election_only_no_continuity""}"
"ct-de-0014","germany","el-de-bt-2002-09-22","party_list","BP","BP",,"requires_manual_review","false","[{""source_id"":""src-de-bwl-final-archive"",""source_url"":""https://www.bundeswahlleiterin.de/dam/jcr/ce2d2b6a-f211-4355-8eea-355c98cd4e47/btw_kerg.zip"",""source_record_id"":""2407b62efac5c001dd189d58489c955c4a8d07dfab797d985d1d56fe2ecf9cb5:btw2002_kerg.csv:340:36"",""retrieved_at"":""2026-10-01T23:21:39.584Z"",""raw_snapshot"":{""path"":""docs/political-data/raw/germany/2026-10-01T23-21-39-584Z_02e7077f9358c9ef/final-results.zip"",""sha256"":""02e7077f9358c9ef408741ee5d17123a43c28ea766b26a7ab338c08fcaeb7512""},""parser_version"":""germany-production-v1"",""parser_sha256"":""2a8eb3487f392ef83303e7fb9ff246e4c111a7e64a469a6aa9eb21461ae9b1a0"",""fields_covered"":[""second_votes"",""registered_label_native""],""published_or_derived"":""published"",""source_member"":""btw2002_kerg.csv"",""source_member_sha256"":""2407b62efac5c001dd189d58489c955c4a8d07dfab797d985d1d56fe2ecf9cb5"",""source_column"":36},{""source_id"":""src-de-bwl-results-report-2002"",""source_url"":""https://www.statistischebibliothek.de/mir/servlets/MCRFileNodeServlet/DEHeft_derivate_00063162/15_Wahl_DB_2002_Heft_5.pdf"",""source_record_id"":""src-de-bwl-results-report-2002:pdf-page:18:table:2:row:14"",""retrieved_at"":""2026-10-02T09:56:58.971Z"",""raw_snapshot"":{""path"":""docs/political-data/raw/germany/identity_results-report-2002/source.pdf"",""sha256"":""052f83393c0c197a26c1ee7a6a60693558fb759edb89f92ff5e95ba7fc8d1d73""},""parser_version"":""germany-production-v1"",""parser_sha256"":""2a8eb3487f392ef83303e7fb9ff246e4c111a7e64a469a6aa9eb21461ae9b1a0"",""fields_covered"":[""contestant_kind"",""lead_party_id"",""membership""],""published_or_derived"":""published"",""decision_basis"":""manual review of official same-election recognition/participation and result column"",""evidence_note"":""Visually checked historical full name and Landesliste participation; printed page 18; OCR is not identity validation""},{""source_id"":""src-de-bwl-final-archive"",""source_url"":""https://www.bundeswahlleiterin.de/dam/jcr/ce2d2b6a-f211-4355-8eea-355c98cd4e47/btw_kerg.zip"",""source_record_id"":""2407b62efac5c001dd189d58489c955c4a8d07dfab797d985d1d56fe2ecf9cb5:btw2002_kerg.csv:340:36"",""retrieved_at"":""2026-10-01T23:21:39.584Z"",""raw_snapshot"":{""path"":""docs/political-data/raw/germany/2026-10-01T23-21-39-584Z_02e7077f9358c9ef/final-results.zip"",""sha256"":""02e7077f9358c9ef408741ee5d17123a43c28ea766b26a7ab338c08fcaeb7512""},""parser_version"":""germany-production-v1"",""parser_sha256"":""2a8eb3487f392ef83303e7fb9ff246e4c111a7e64a469a6aa9eb21461ae9b1a0"",""fields_covered"":[""historical_display_label""],""published_or_derived"":""published"",""label_basis"":""verbatim_election_specific_source"",""label_evidence"":[{""member"":""btw2002_kerg.csv"",""sha256"":""2407b62efac5c001dd189d58489c955c4a8d07dfab797d985d1d56fe2ecf9cb5"",""column"":36,""record_id"":""2407b62efac5c001dd189d58489c955c4a8d07dfab797d985d1d56fe2ecf9cb5:btw2002_kerg.csv:340:36""}]}]","{""decision_file"":""docs/political-data/germany_production_acceptance.json"",""reviewer"":""germany_source_review"",""reviewed_at"":""2026-10-02"",""scope"":""same_election_only_no_continuity""}"
"ct-de-0015","germany","el-de-bt-2002-09-22","party_list","FAMILIE","FAMILIE",,"requires_manual_review","false","[{""source_id"":""src-de-bwl-final-archive"",""source_url"":""https://www.bundeswahlleiterin.de/dam/jcr/ce2d2b6a-f211-4355-8eea-355c98cd4e47/btw_kerg.zip"",""source_record_id"":""2407b62efac5c001dd189d58489c955c4a8d07dfab797d985d1d56fe2ecf9cb5:btw2002_kerg.csv:340:38"",""retrieved_at"":""2026-10-01T23:21:39.584Z"",""raw_snapshot"":{""path"":""docs/political-data/raw/germany/2026-10-01T23-21-39-584Z_02e7077f9358c9ef/final-results.zip"",""sha256"":""02e7077f9358c9ef408741ee5d17123a43c28ea766b26a7ab338c08fcaeb7512""},""parser_version"":""germany-production-v1"",""parser_sha256"":""2a8eb3487f392ef83303e7fb9ff246e4c111a7e64a469a6aa9eb21461ae9b1a0"",""fields_covered"":[""second_votes"",""registered_label_native""],""published_or_derived"":""published"",""source_member"":""btw2002_kerg.csv"",""source_member_sha256"":""2407b62efac5c001dd189d58489c955c4a8d07dfab797d985d1d56fe2ecf9cb5"",""source_column"":38},{""source_id"":""src-de-bwl-results-report-2002"",""source_url"":""https://www.statistischebibliothek.de/mir/servlets/MCRFileNodeServlet/DEHeft_derivate_00063162/15_Wahl_DB_2002_Heft_5.pdf"",""source_record_id"":""src-de-bwl-results-report-2002:pdf-page:18:table:2:row:15"",""retrieved_at"":""2026-10-02T09:56:58.971Z"",""raw_snapshot"":{""path"":""docs/political-data/raw/germany/identity_results-report-2002/source.pdf"",""sha256"":""052f83393c0c197a26c1ee7a6a60693558fb759edb89f92ff5e95ba7fc8d1d73""},""parser_version"":""germany-production-v1"",""parser_sha256"":""2a8eb3487f392ef83303e7fb9ff246e4c111a7e64a469a6aa9eb21461ae9b1a0"",""fields_covered"":[""contestant_kind"",""lead_party_id"",""membership""],""published_or_derived"":""published"",""decision_basis"":""manual review of official same-election recognition/participation and result column"",""evidence_note"":""Visually checked historical full name and Landesliste participation; printed page 18; OCR is not identity validation""},{""source_id"":""src-de-bwl-final-archive"",""source_url"":""https://www.bundeswahlleiterin.de/dam/jcr/ce2d2b6a-f211-4355-8eea-355c98cd4e47/btw_kerg.zip"",""source_record_id"":""2407b62efac5c001dd189d58489c955c4a8d07dfab797d985d1d56fe2ecf9cb5:btw2002_kerg.csv:340:38"",""retrieved_at"":""2026-10-01T23:21:39.584Z"",""raw_snapshot"":{""path"":""docs/political-data/raw/germany/2026-10-01T23-21-39-584Z_02e7077f9358c9ef/final-results.zip"",""sha256"":""02e7077f9358c9ef408741ee5d17123a43c28ea766b26a7ab338c08fcaeb7512""},""parser_version"":""germany-production-v1"",""parser_sha256"":""2a8eb3487f392ef83303e7fb9ff246e4c111a7e64a469a6aa9eb21461ae9b1a0"",""fields_covered"":[""historical_display_label""],""published_or_derived"":""published"",""label_basis"":""verbatim_election_specific_source"",""label_evidence"":[{""member"":""btw2002_kerg.csv"",""sha256"":""2407b62efac5c001dd189d58489c955c4a8d07dfab797d985d1d56fe2ecf9cb5"",""column"":38,""record_id"":""2407b62efac5c001dd189d58489c955c4a8d07dfab797d985d1d56fe2ecf9cb5:btw2002_kerg.csv:340:38""}]}]","{""decision_file"":""docs/political-data/germany_production_acceptance.json"",""reviewer"":""germany_source_review"",""reviewed_at"":""2026-10-02"",""scope"":""same_election_only_no_continuity""}"
"ct-de-0016","germany","el-de-bt-2002-09-22","party_list","CM","CM",,"requires_manual_review","false","[{""source_id"":""src-de-bwl-final-archive"",""source_url"":""https://www.bundeswahlleiterin.de/dam/jcr/ce2d2b6a-f211-4355-8eea-355c98cd4e47/btw_kerg.zip"",""source_record_id"":""2407b62efac5c001dd189d58489c955c4a8d07dfab797d985d1d56fe2ecf9cb5:btw2002_kerg.csv:340:40"",""retrieved_at"":""2026-10-01T23:21:39.584Z"",""raw_snapshot"":{""path"":""docs/political-data/raw/germany/2026-10-01T23-21-39-584Z_02e7077f9358c9ef/final-results.zip"",""sha256"":""02e7077f9358c9ef408741ee5d17123a43c28ea766b26a7ab338c08fcaeb7512""},""parser_version"":""germany-production-v1"",""parser_sha256"":""2a8eb3487f392ef83303e7fb9ff246e4c111a7e64a469a6aa9eb21461ae9b1a0"",""fields_covered"":[""second_votes"",""registered_label_native""],""published_or_derived"":""published"",""source_member"":""btw2002_kerg.csv"",""source_member_sha256"":""2407b62efac5c001dd189d58489c955c4a8d07dfab797d985d1d56fe2ecf9cb5"",""source_column"":40},{""source_id"":""src-de-bwl-results-report-2002"",""source_url"":""https://www.statistischebibliothek.de/mir/servlets/MCRFileNodeServlet/DEHeft_derivate_00063162/15_Wahl_DB_2002_Heft_5.pdf"",""source_record_id"":""src-de-bwl-results-report-2002:pdf-page:18:table:2:row:16"",""retrieved_at"":""2026-10-02T09:56:58.971Z"",""raw_snapshot"":{""path"":""docs/political-data/raw/germany/identity_results-report-2002/source.pdf"",""sha256"":""052f83393c0c197a26c1ee7a6a60693558fb759edb89f92ff5e95ba7fc8d1d73""},""parser_version"":""germany-production-v1"",""parser_sha256"":""2a8eb3487f392ef83303e7fb9ff246e4c111a7e64a469a6aa9eb21461ae9b1a0"",""fields_covered"":[""contestant_kind"",""lead_party_id"",""membership""],""published_or_derived"":""published"",""decision_basis"":""manual review of official same-election recognition/participation and result column"",""evidence_note"":""Visually checked historical full name and Landesliste participation; printed page 18; OCR is not identity validation""},{""source_id"":""src-de-bwl-final-archive"",""source_url"":""https://www.bundeswahlleiterin.de/dam/jcr/ce2d2b6a-f211-4355-8eea-355c98cd4e47/btw_kerg.zip"",""source_record_id"":""2407b62efac5c001dd189d58489c955c4a8d07dfab797d985d1d56fe2ecf9cb5:btw2002_kerg.csv:340:40"",""retrieved_at"":""2026-10-01T23:21:39.584Z"",""raw_snapshot"":{""path"":""docs/political-data/raw/germany/2026-10-01T23-21-39-584Z_02e7077f9358c9ef/final-results.zip"",""sha256"":""02e7077f9358c9ef408741ee5d17123a43c28ea766b26a7ab338c08fcaeb7512""},""parser_version"":""germany-production-v1"",""parser_sha256"":""2a8eb3487f392ef83303e7fb9ff246e4c111a7e64a469a6aa9eb21461ae9b1a0"",""fields_covered"":[""historical_display_label""],""published_or_derived"":""published"",""label_basis"":""verbatim_election_specific_source"",""label_evidence"":[{""member"":""btw2002_kerg.csv"",""sha256"":""2407b62efac5c001dd189d58489c955c4a8d07dfab797d985d1d56fe2ecf9cb5"",""column"":40,""record_id"":""2407b62efac5c001dd189d58489c955c4a8d07dfab797d985d1d56fe2ecf9cb5:btw2002_kerg.csv:340:40""}]}]","{""decision_file"":""docs/political-data/germany_production_acceptance.json"",""reviewer"":""germany_source_review"",""reviewed_at"":""2026-10-02"",""scope"":""same_election_only_no_continuity""}"
"ct-de-0017","germany","el-de-bt-2002-09-22","party_list","BüSo","BüSo",,"requires_manual_review","false","[{""source_id"":""src-de-bwl-final-archive"",""source_url"":""https://www.bundeswahlleiterin.de/dam/jcr/ce2d2b6a-f211-4355-8eea-355c98cd4e47/btw_kerg.zip"",""source_record_id"":""2407b62efac5c001dd189d58489c955c4a8d07dfab797d985d1d56fe2ecf9cb5:btw2002_kerg.csv:340:42"",""retrieved_at"":""2026-10-01T23:21:39.584Z"",""raw_snapshot"":{""path"":""docs/political-data/raw/germany/2026-10-01T23-21-39-584Z_02e7077f9358c9ef/final-results.zip"",""sha256"":""02e7077f9358c9ef408741ee5d17123a43c28ea766b26a7ab338c08fcaeb7512""},""parser_version"":""germany-production-v1"",""parser_sha256"":""2a8eb3487f392ef83303e7fb9ff246e4c111a7e64a469a6aa9eb21461ae9b1a0"",""fields_covered"":[""second_votes"",""registered_label_native""],""published_or_derived"":""published"",""source_member"":""btw2002_kerg.csv"",""source_member_sha256"":""2407b62efac5c001dd189d58489c955c4a8d07dfab797d985d1d56fe2ecf9cb5"",""source_column"":42},{""source_id"":""src-de-bwl-results-report-2002"",""source_url"":""https://www.statistischebibliothek.de/mir/servlets/MCRFileNodeServlet/DEHeft_derivate_00063162/15_Wahl_DB_2002_Heft_5.pdf"",""source_record_id"":""src-de-bwl-results-report-2002:pdf-page:18:table:2:row:17"",""retrieved_at"":""2026-10-02T09:56:58.971Z"",""raw_snapshot"":{""path"":""docs/political-data/raw/germany/identity_results-report-2002/source.pdf"",""sha256"":""052f83393c0c197a26c1ee7a6a60693558fb759edb89f92ff5e95ba7fc8d1d73""},""parser_version"":""germany-production-v1"",""parser_sha256"":""2a8eb3487f392ef83303e7fb9ff246e4c111a7e64a469a6aa9eb21461ae9b1a0"",""fields_covered"":[""contestant_kind"",""lead_party_id"",""membership""],""published_or_derived"":""published"",""decision_basis"":""manual review of official same-election recognition/participation and result column"",""evidence_note"":""Visually checked historical full name and Landesliste participation; printed page 18; OCR is not identity validation""},{""source_id"":""src-de-bwl-final-archive"",""source_url"":""https://www.bundeswahlleiterin.de/dam/jcr/ce2d2b6a-f211-4355-8eea-355c98cd4e47/btw_kerg.zip"",""source_record_id"":""2407b62efac5c001dd189d58489c955c4a8d07dfab797d985d1d56fe2ecf9cb5:btw2002_kerg.csv:340:42"",""retrieved_at"":""2026-10-01T23:21:39.584Z"",""raw_snapshot"":{""path"":""docs/political-data/raw/germany/2026-10-01T23-21-39-584Z_02e7077f9358c9ef/final-results.zip"",""sha256"":""02e7077f9358c9ef408741ee5d17123a43c28ea766b26a7ab338c08fcaeb7512""},""parser_version"":""germany-production-v1"",""parser_sha256"":""2a8eb3487f392ef83303e7fb9ff246e4c111a7e64a469a6aa9eb21461ae9b1a0"",""fields_covered"":[""historical_display_label""],""published_or_derived"":""published"",""label_basis"":""verbatim_election_specific_source"",""label_evidence"":[{""member"":""btw2002_kerg.csv"",""sha256"":""2407b62efac5c001dd189d58489c955c4a8d07dfab797d985d1d56fe2ecf9cb5"",""column"":42,""record_id"":""2407b62efac5c001dd189d58489c955c4a8d07dfab797d985d1d56fe2ecf9cb5:btw2002_kerg.csv:340:42""}]}]","{""decision_file"":""docs/political-data/germany_production_acceptance.json"",""reviewer"":""germany_source_review"",""reviewed_at"":""2026-10-02"",""scope"":""same_election_only_no_continuity""}"
"ct-de-0018","germany","el-de-bt-2002-09-22","party_list","HP","HP",,"requires_manual_review","false","[{""source_id"":""src-de-bwl-final-archive"",""source_url"":""https://www.bundeswahlleiterin.de/dam/jcr/ce2d2b6a-f211-4355-8eea-355c98cd4e47/btw_kerg.zip"",""source_record_id"":""2407b62efac5c001dd189d58489c955c4a8d07dfab797d985d1d56fe2ecf9cb5:btw2002_kerg.csv:340:44"",""retrieved_at"":""2026-10-01T23:21:39.584Z"",""raw_snapshot"":{""path"":""docs/political-data/raw/germany/2026-10-01T23-21-39-584Z_02e7077f9358c9ef/final-results.zip"",""sha256"":""02e7077f9358c9ef408741ee5d17123a43c28ea766b26a7ab338c08fcaeb7512""},""parser_version"":""germany-production-v1"",""parser_sha256"":""2a8eb3487f392ef83303e7fb9ff246e4c111a7e64a469a6aa9eb21461ae9b1a0"",""fields_covered"":[""second_votes"",""registered_label_native""],""published_or_derived"":""published"",""source_member"":""btw2002_kerg.csv"",""source_member_sha256"":""2407b62efac5c001dd189d58489c955c4a8d07dfab797d985d1d56fe2ecf9cb5"",""source_column"":44},{""source_id"":""src-de-bwl-results-report-2002"",""source_url"":""https://www.statistischebibliothek.de/mir/servlets/MCRFileNodeServlet/DEHeft_derivate_00063162/15_Wahl_DB_2002_Heft_5.pdf"",""source_record_id"":""src-de-bwl-results-report-2002:pdf-page:18:table:2:row:18"",""retrieved_at"":""2026-10-02T09:56:58.971Z"",""raw_snapshot"":{""path"":""docs/political-data/raw/germany/identity_results-report-2002/source.pdf"",""sha256"":""052f83393c0c197a26c1ee7a6a60693558fb759edb89f92ff5e95ba7fc8d1d73""},""parser_version"":""germany-production-v1"",""parser_sha256"":""2a8eb3487f392ef83303e7fb9ff246e4c111a7e64a469a6aa9eb21461ae9b1a0"",""fields_covered"":[""contestant_kind"",""lead_party_id"",""membership""],""published_or_derived"":""published"",""decision_basis"":""manual review of official same-election recognition/participation and result column"",""evidence_note"":""Visually checked historical full name and Landesliste participation; printed page 18; OCR is not identity validation""},{""source_id"":""src-de-bwl-final-archive"",""source_url"":""https://www.bundeswahlleiterin.de/dam/jcr/ce2d2b6a-f211-4355-8eea-355c98cd4e47/btw_kerg.zip"",""source_record_id"":""2407b62efac5c001dd189d58489c955c4a8d07dfab797d985d1d56fe2ecf9cb5:btw2002_kerg.csv:340:44"",""retrieved_at"":""2026-10-01T23:21:39.584Z"",""raw_snapshot"":{""path"":""docs/political-data/raw/germany/2026-10-01T23-21-39-584Z_02e7077f9358c9ef/final-results.zip"",""sha256"":""02e7077f9358c9ef408741ee5d17123a43c28ea766b26a7ab338c08fcaeb7512""},""parser_version"":""germany-production-v1"",""parser_sha256"":""2a8eb3487f392ef83303e7fb9ff246e4c111a7e64a469a6aa9eb21461ae9b1a0"",""fields_covered"":[""historical_display_label""],""published_or_derived"":""published"",""label_basis"":""verbatim_election_specific_source"",""label_evidence"":[{""member"":""btw2002_kerg.csv"",""sha256"":""2407b62efac5c001dd189d58489c955c4a8d07dfab797d985d1d56fe2ecf9cb5"",""column"":44,""record_id"":""2407b62efac5c001dd189d58489c955c4a8d07dfab797d985d1d56fe2ecf9cb5:btw2002_kerg.csv:340:44""}]}]","{""decision_file"":""docs/political-data/germany_production_acceptance.json"",""reviewer"":""germany_source_review"",""reviewed_at"":""2026-10-02"",""scope"":""same_election_only_no_continuity""}"
"ct-de-0019","germany","el-de-bt-2002-09-22","party_list","Violetten","Violetten",,"requires_manual_review","false","[{""source_id"":""src-de-bwl-final-archive"",""source_url"":""https://www.bundeswahlleiterin.de/dam/jcr/ce2d2b6a-f211-4355-8eea-355c98cd4e47/btw_kerg.zip"",""source_record_id"":""2407b62efac5c001dd189d58489c955c4a8d07dfab797d985d1d56fe2ecf9cb5:btw2002_kerg.csv:340:46"",""retrieved_at"":""2026-10-01T23:21:39.584Z"",""raw_snapshot"":{""path"":""docs/political-data/raw/germany/2026-10-01T23-21-39-584Z_02e7077f9358c9ef/final-results.zip"",""sha256"":""02e7077f9358c9ef408741ee5d17123a43c28ea766b26a7ab338c08fcaeb7512""},""parser_version"":""germany-production-v1"",""parser_sha256"":""2a8eb3487f392ef83303e7fb9ff246e4c111a7e64a469a6aa9eb21461ae9b1a0"",""fields_covered"":[""second_votes"",""registered_label_native""],""published_or_derived"":""published"",""source_member"":""btw2002_kerg.csv"",""source_member_sha256"":""2407b62efac5c001dd189d58489c955c4a8d07dfab797d985d1d56fe2ecf9cb5"",""source_column"":46},{""source_id"":""src-de-bwl-results-report-2002"",""source_url"":""https://www.statistischebibliothek.de/mir/servlets/MCRFileNodeServlet/DEHeft_derivate_00063162/15_Wahl_DB_2002_Heft_5.pdf"",""source_record_id"":""src-de-bwl-results-report-2002:pdf-page:18:table:2:row:19"",""retrieved_at"":""2026-10-02T09:56:58.971Z"",""raw_snapshot"":{""path"":""docs/political-data/raw/germany/identity_results-report-2002/source.pdf"",""sha256"":""052f83393c0c197a26c1ee7a6a60693558fb759edb89f92ff5e95ba7fc8d1d73""},""parser_version"":""germany-production-v1"",""parser_sha256"":""2a8eb3487f392ef83303e7fb9ff246e4c111a7e64a469a6aa9eb21461ae9b1a0"",""fields_covered"":[""contestant_kind"",""lead_party_id"",""membership""],""published_or_derived"":""published"",""decision_basis"":""manual review of official same-election recognition/participation and result column"",""evidence_note"":""Visually checked historical full name and Landesliste participation; printed page 18; OCR is not identity validation""},{""source_id"":""src-de-bwl-final-archive"",""source_url"":""https://www.bundeswahlleiterin.de/dam/jcr/ce2d2b6a-f211-4355-8eea-355c98cd4e47/btw_kerg.zip"",""source_record_id"":""2407b62efac5c001dd189d58489c955c4a8d07dfab797d985d1d56fe2ecf9cb5:btw2002_kerg.csv:340:46"",""retrieved_at"":""2026-10-01T23:21:39.584Z"",""raw_snapshot"":{""path"":""docs/political-data/raw/germany/2026-10-01T23-21-39-584Z_02e7077f9358c9ef/final-results.zip"",""sha256"":""02e7077f9358c9ef408741ee5d17123a43c28ea766b26a7ab338c08fcaeb7512""},""parser_version"":""germany-production-v1"",""parser_sha256"":""2a8eb3487f392ef83303e7fb9ff246e4c111a7e64a469a6aa9eb21461ae9b1a0"",""fields_covered"":[""historical_display_label""],""published_or_derived"":""published"",""label_basis"":""verbatim_election_specific_source"",""label_evidence"":[{""member"":""btw2002_kerg.csv"",""sha256"":""2407b62efac5c001dd189d58489c955c4a8d07dfab797d985d1d56fe2ecf9cb5"",""column"":46,""record_id"":""2407b62efac5c001dd189d58489c955c4a8d07dfab797d985d1d56fe2ecf9cb5:btw2002_kerg.csv:340:46""}]}]","{""decision_file"":""docs/political-data/germany_production_acceptance.json"",""reviewer"":""germany_source_review"",""reviewed_at"":""2026-10-02"",""scope"":""same_election_only_no_continuity""}"
"ct-de-0020","germany","el-de-bt-2002-09-22","party_list","AUFBRUCH","AUFBRUCH",,"requires_manual_review","false","[{""source_id"":""src-de-bwl-final-archive"",""source_url"":""https://www.bundeswahlleiterin.de/dam/jcr/ce2d2b6a-f211-4355-8eea-355c98cd4e47/btw_kerg.zip"",""source_record_id"":""2407b62efac5c001dd189d58489c955c4a8d07dfab797d985d1d56fe2ecf9cb5:btw2002_kerg.csv:340:48"",""retrieved_at"":""2026-10-01T23:21:39.584Z"",""raw_snapshot"":{""path"":""docs/political-data/raw/germany/2026-10-01T23-21-39-584Z_02e7077f9358c9ef/final-results.zip"",""sha256"":""02e7077f9358c9ef408741ee5d17123a43c28ea766b26a7ab338c08fcaeb7512""},""parser_version"":""germany-production-v1"",""parser_sha256"":""2a8eb3487f392ef83303e7fb9ff246e4c111a7e64a469a6aa9eb21461ae9b1a0"",""fields_covered"":[""second_votes"",""registered_label_native""],""published_or_derived"":""published"",""source_member"":""btw2002_kerg.csv"",""source_member_sha256"":""2407b62efac5c001dd189d58489c955c4a8d07dfab797d985d1d56fe2ecf9cb5"",""source_column"":48},{""source_id"":""src-de-bwl-results-report-2002"",""source_url"":""https://www.statistischebibliothek.de/mir/servlets/MCRFileNodeServlet/DEHeft_derivate_00063162/15_Wahl_DB_2002_Heft_5.pdf"",""source_record_id"":""src-de-bwl-results-report-2002:pdf-page:18:table:2:row:20"",""retrieved_at"":""2026-10-02T09:56:58.971Z"",""raw_snapshot"":{""path"":""docs/political-data/raw/germany/identity_results-report-2002/source.pdf"",""sha256"":""052f83393c0c197a26c1ee7a6a60693558fb759edb89f92ff5e95ba7fc8d1d73""},""parser_version"":""germany-production-v1"",""parser_sha256"":""2a8eb3487f392ef83303e7fb9ff246e4c111a7e64a469a6aa9eb21461ae9b1a0"",""fields_covered"":[""contestant_kind"",""lead_party_id"",""membership""],""published_or_derived"":""published"",""decision_basis"":""manual review of official same-election recognition/participation and result column"",""evidence_note"":""Visually checked historical full name and Landesliste participation; printed page 18; OCR is not identity validation""},{""source_id"":""src-de-bwl-final-archive"",""source_url"":""https://www.bundeswahlleiterin.de/dam/jcr/ce2d2b6a-f211-4355-8eea-355c98cd4e47/btw_kerg.zip"",""source_record_id"":""2407b62efac5c001dd189d58489c955c4a8d07dfab797d985d1d56fe2ecf9cb5:btw2002_kerg.csv:340:48"",""retrieved_at"":""2026-10-01T23:21:39.584Z"",""raw_snapshot"":{""path"":""docs/political-data/raw/germany/2026-10-01T23-21-39-584Z_02e7077f9358c9ef/final-results.zip"",""sha256"":""02e7077f9358c9ef408741ee5d17123a43c28ea766b26a7ab338c08fcaeb7512""},""parser_version"":""germany-production-v1"",""parser_sha256"":""2a8eb3487f392ef83303e7fb9ff246e4c111a7e64a469a6aa9eb21461ae9b1a0"",""fields_covered"":[""historical_display_label""],""published_or_derived"":""published"",""label_basis"":""verbatim_election_specific_source"",""label_evidence"":[{""member"":""btw2002_kerg.csv"",""sha256"":""2407b62efac5c001dd189d58489c955c4a8d07dfab797d985d1d56fe2ecf9cb5"",""column"":48,""record_id"":""2407b62efac5c001dd189d58489c955c4a8d07dfab797d985d1d56fe2ecf9cb5:btw2002_kerg.csv:340:48""}]}]","{""decision_file"":""docs/political-data/germany_production_acceptance.json"",""reviewer"":""germany_source_review"",""reviewed_at"":""2026-10-02"",""scope"":""same_election_only_no_continuity""}"
"ct-de-0021","germany","el-de-bt-2002-09-22","party_list","ZENTRUM","ZENTRUM",,"requires_manual_review","false","[{""source_id"":""src-de-bwl-final-archive"",""source_url"":""https://www.bundeswahlleiterin.de/dam/jcr/ce2d2b6a-f211-4355-8eea-355c98cd4e47/btw_kerg.zip"",""source_record_id"":""2407b62efac5c001dd189d58489c955c4a8d07dfab797d985d1d56fe2ecf9cb5:btw2002_kerg.csv:340:50"",""retrieved_at"":""2026-10-01T23:21:39.584Z"",""raw_snapshot"":{""path"":""docs/political-data/raw/germany/2026-10-01T23-21-39-584Z_02e7077f9358c9ef/final-results.zip"",""sha256"":""02e7077f9358c9ef408741ee5d17123a43c28ea766b26a7ab338c08fcaeb7512""},""parser_version"":""germany-production-v1"",""parser_sha256"":""2a8eb3487f392ef83303e7fb9ff246e4c111a7e64a469a6aa9eb21461ae9b1a0"",""fields_covered"":[""second_votes"",""registered_label_native""],""published_or_derived"":""published"",""source_member"":""btw2002_kerg.csv"",""source_member_sha256"":""2407b62efac5c001dd189d58489c955c4a8d07dfab797d985d1d56fe2ecf9cb5"",""source_column"":50},{""source_id"":""src-de-bwl-results-report-2002"",""source_url"":""https://www.statistischebibliothek.de/mir/servlets/MCRFileNodeServlet/DEHeft_derivate_00063162/15_Wahl_DB_2002_Heft_5.pdf"",""source_record_id"":""src-de-bwl-results-report-2002:pdf-page:18:table:2:row:21"",""retrieved_at"":""2026-10-02T09:56:58.971Z"",""raw_snapshot"":{""path"":""docs/political-data/raw/germany/identity_results-report-2002/source.pdf"",""sha256"":""052f83393c0c197a26c1ee7a6a60693558fb759edb89f92ff5e95ba7fc8d1d73""},""parser_version"":""germany-production-v1"",""parser_sha256"":""2a8eb3487f392ef83303e7fb9ff246e4c111a7e64a469a6aa9eb21461ae9b1a0"",""fields_covered"":[""contestant_kind"",""lead_party_id"",""membership""],""published_or_derived"":""published"",""decision_basis"":""manual review of official same-election recognition/participation and result column"",""evidence_note"":""Visually checked historical full name and Landesliste participation; printed page 18; OCR is not identity validation""},{""source_id"":""src-de-bwl-final-archive"",""source_url"":""https://www.bundeswahlleiterin.de/dam/jcr/ce2d2b6a-f211-4355-8eea-355c98cd4e47/btw_kerg.zip"",""source_record_id"":""2407b62efac5c001dd189d58489c955c4a8d07dfab797d985d1d56fe2ecf9cb5:btw2002_kerg.csv:340:50"",""retrieved_at"":""2026-10-01T23:21:39.584Z"",""raw_snapshot"":{""path"":""docs/political-data/raw/germany/2026-10-01T23-21-39-584Z_02e7077f9358c9ef/final-results.zip"",""sha256"":""02e7077f9358c9ef408741ee5d17123a43c28ea766b26a7ab338c08fcaeb7512""},""parser_version"":""germany-production-v1"",""parser_sha256"":""2a8eb3487f392ef83303e7fb9ff246e4c111a7e64a469a6aa9eb21461ae9b1a0"",""fields_covered"":[""historical_display_label""],""published_or_derived"":""published"",""label_basis"":""verbatim_election_specific_source"",""label_evidence"":[{""member"":""btw2002_kerg.csv"",""sha256"":""2407b62efac5c001dd189d58489c955c4a8d07dfab797d985d1d56fe2ecf9cb5"",""column"":50,""record_id"":""2407b62efac5c001dd189d58489c955c4a8d07dfab797d985d1d56fe2ecf9cb5:btw2002_kerg.csv:340:50""}]}]","{""decision_file"":""docs/political-data/germany_production_acceptance.json"",""reviewer"":""germany_source_review"",""reviewed_at"":""2026-10-02"",""scope"":""same_election_only_no_continuity""}"
"ct-de-0022","germany","el-de-bt-2002-09-22","party_list","KPD","KPD",,"requires_manual_review","false","[{""source_id"":""src-de-bwl-final-archive"",""source_url"":""https://www.bundeswahlleiterin.de/dam/jcr/ce2d2b6a-f211-4355-8eea-355c98cd4e47/btw_kerg.zip"",""source_record_id"":""2407b62efac5c001dd189d58489c955c4a8d07dfab797d985d1d56fe2ecf9cb5:btw2002_kerg.csv:340:52"",""retrieved_at"":""2026-10-01T23:21:39.584Z"",""raw_snapshot"":{""path"":""docs/political-data/raw/germany/2026-10-01T23-21-39-584Z_02e7077f9358c9ef/final-results.zip"",""sha256"":""02e7077f9358c9ef408741ee5d17123a43c28ea766b26a7ab338c08fcaeb7512""},""parser_version"":""germany-production-v1"",""parser_sha256"":""2a8eb3487f392ef83303e7fb9ff246e4c111a7e64a469a6aa9eb21461ae9b1a0"",""fields_covered"":[""second_votes"",""registered_label_native""],""published_or_derived"":""published"",""source_member"":""btw2002_kerg.csv"",""source_member_sha256"":""2407b62efac5c001dd189d58489c955c4a8d07dfab797d985d1d56fe2ecf9cb5"",""source_column"":52},{""source_id"":""src-de-bwl-results-report-2002"",""source_url"":""https://www.statistischebibliothek.de/mir/servlets/MCRFileNodeServlet/DEHeft_derivate_00063162/15_Wahl_DB_2002_Heft_5.pdf"",""source_record_id"":""src-de-bwl-results-report-2002:pdf-page:18:table:2:row:22"",""retrieved_at"":""2026-10-02T09:56:58.971Z"",""raw_snapshot"":{""path"":""docs/political-data/raw/germany/identity_results-report-2002/source.pdf"",""sha256"":""052f83393c0c197a26c1ee7a6a60693558fb759edb89f92ff5e95ba7fc8d1d73""},""parser_version"":""germany-production-v1"",""parser_sha256"":""2a8eb3487f392ef83303e7fb9ff246e4c111a7e64a469a6aa9eb21461ae9b1a0"",""fields_covered"":[""contestant_kind"",""lead_party_id"",""membership""],""published_or_derived"":""published"",""decision_basis"":""manual review of official same-election recognition/participation and result column"",""evidence_note"":""Visually checked historical full name and Landesliste participation; printed page 18; OCR is not identity validation""},{""source_id"":""src-de-bwl-final-archive"",""source_url"":""https://www.bundeswahlleiterin.de/dam/jcr/ce2d2b6a-f211-4355-8eea-355c98cd4e47/btw_kerg.zip"",""source_record_id"":""2407b62efac5c001dd189d58489c955c4a8d07dfab797d985d1d56fe2ecf9cb5:btw2002_kerg.csv:340:52"",""retrieved_at"":""2026-10-01T23:21:39.584Z"",""raw_snapshot"":{""path"":""docs/political-data/raw/germany/2026-10-01T23-21-39-584Z_02e7077f9358c9ef/final-results.zip"",""sha256"":""02e7077f9358c9ef408741ee5d17123a43c28ea766b26a7ab338c08fcaeb7512""},""parser_version"":""germany-production-v1"",""parser_sha256"":""2a8eb3487f392ef83303e7fb9ff246e4c111a7e64a469a6aa9eb21461ae9b1a0"",""fields_covered"":[""historical_display_label""],""published_or_derived"":""published"",""label_basis"":""verbatim_election_specific_source"",""label_evidence"":[{""member"":""btw2002_kerg.csv"",""sha256"":""2407b62efac5c001dd189d58489c955c4a8d07dfab797d985d1d56fe2ecf9cb5"",""column"":52,""record_id"":""2407b62efac5c001dd189d58489c955c4a8d07dfab797d985d1d56fe2ecf9cb5:btw2002_kerg.csv:340:52""}]}]","{""decision_file"":""docs/political-data/germany_production_acceptance.json"",""reviewer"":""germany_source_review"",""reviewed_at"":""2026-10-02"",""scope"":""same_election_only_no_continuity""}"
"ct-de-0023","germany","el-de-bt-2002-09-22","party_list","PRG","PRG",,"requires_manual_review","false","[{""source_id"":""src-de-bwl-final-archive"",""source_url"":""https://www.bundeswahlleiterin.de/dam/jcr/ce2d2b6a-f211-4355-8eea-355c98cd4e47/btw_kerg.zip"",""source_record_id"":""2407b62efac5c001dd189d58489c955c4a8d07dfab797d985d1d56fe2ecf9cb5:btw2002_kerg.csv:340:54"",""retrieved_at"":""2026-10-01T23:21:39.584Z"",""raw_snapshot"":{""path"":""docs/political-data/raw/germany/2026-10-01T23-21-39-584Z_02e7077f9358c9ef/final-results.zip"",""sha256"":""02e7077f9358c9ef408741ee5d17123a43c28ea766b26a7ab338c08fcaeb7512""},""parser_version"":""germany-production-v1"",""parser_sha256"":""2a8eb3487f392ef83303e7fb9ff246e4c111a7e64a469a6aa9eb21461ae9b1a0"",""fields_covered"":[""second_votes"",""registered_label_native""],""published_or_derived"":""published"",""source_member"":""btw2002_kerg.csv"",""source_member_sha256"":""2407b62efac5c001dd189d58489c955c4a8d07dfab797d985d1d56fe2ecf9cb5"",""source_column"":54},{""source_id"":""src-de-bwl-results-report-2002"",""source_url"":""https://www.statistischebibliothek.de/mir/servlets/MCRFileNodeServlet/DEHeft_derivate_00063162/15_Wahl_DB_2002_Heft_5.pdf"",""source_record_id"":""src-de-bwl-results-report-2002:pdf-page:18:table:2:row:23"",""retrieved_at"":""2026-10-02T09:56:58.971Z"",""raw_snapshot"":{""path"":""docs/political-data/raw/germany/identity_results-report-2002/source.pdf"",""sha256"":""052f83393c0c197a26c1ee7a6a60693558fb759edb89f92ff5e95ba7fc8d1d73""},""parser_version"":""germany-production-v1"",""parser_sha256"":""2a8eb3487f392ef83303e7fb9ff246e4c111a7e64a469a6aa9eb21461ae9b1a0"",""fields_covered"":[""contestant_kind"",""lead_party_id"",""membership""],""published_or_derived"":""published"",""decision_basis"":""manual review of official same-election recognition/participation and result column"",""evidence_note"":""Visually checked historical full name and Landesliste participation; printed page 18; OCR is not identity validation""},{""source_id"":""src-de-bwl-final-archive"",""source_url"":""https://www.bundeswahlleiterin.de/dam/jcr/ce2d2b6a-f211-4355-8eea-355c98cd4e47/btw_kerg.zip"",""source_record_id"":""2407b62efac5c001dd189d58489c955c4a8d07dfab797d985d1d56fe2ecf9cb5:btw2002_kerg.csv:340:54"",""retrieved_at"":""2026-10-01T23:21:39.584Z"",""raw_snapshot"":{""path"":""docs/political-data/raw/germany/2026-10-01T23-21-39-584Z_02e7077f9358c9ef/final-results.zip"",""sha256"":""02e7077f9358c9ef408741ee5d17123a43c28ea766b26a7ab338c08fcaeb7512""},""parser_version"":""germany-production-v1"",""parser_sha256"":""2a8eb3487f392ef83303e7fb9ff246e4c111a7e64a469a6aa9eb21461ae9b1a0"",""fields_covered"":[""historical_display_label""],""published_or_derived"":""published"",""label_basis"":""verbatim_election_specific_source"",""label_evidence"":[{""member"":""btw2002_kerg.csv"",""sha256"":""2407b62efac5c001dd189d58489c955c4a8d07dfab797d985d1d56fe2ecf9cb5"",""column"":54,""record_id"":""2407b62efac5c001dd189d58489c955c4a8d07dfab797d985d1d56fe2ecf9cb5:btw2002_kerg.csv:340:54""}]}]","{""decision_file"":""docs/political-data/germany_production_acceptance.json"",""reviewer"":""germany_source_review"",""reviewed_at"":""2026-10-02"",""scope"":""same_election_only_no_continuity""}"
"ct-de-0024","germany","el-de-bt-2002-09-22","party_list","Schill","Schill",,"requires_manual_review","false","[{""source_id"":""src-de-bwl-final-archive"",""source_url"":""https://www.bundeswahlleiterin.de/dam/jcr/ce2d2b6a-f211-4355-8eea-355c98cd4e47/btw_kerg.zip"",""source_record_id"":""2407b62efac5c001dd189d58489c955c4a8d07dfab797d985d1d56fe2ecf9cb5:btw2002_kerg.csv:340:56"",""retrieved_at"":""2026-10-01T23:21:39.584Z"",""raw_snapshot"":{""path"":""docs/political-data/raw/germany/2026-10-01T23-21-39-584Z_02e7077f9358c9ef/final-results.zip"",""sha256"":""02e7077f9358c9ef408741ee5d17123a43c28ea766b26a7ab338c08fcaeb7512""},""parser_version"":""germany-production-v1"",""parser_sha256"":""2a8eb3487f392ef83303e7fb9ff246e4c111a7e64a469a6aa9eb21461ae9b1a0"",""fields_covered"":[""second_votes"",""registered_label_native""],""published_or_derived"":""published"",""source_member"":""btw2002_kerg.csv"",""source_member_sha256"":""2407b62efac5c001dd189d58489c955c4a8d07dfab797d985d1d56fe2ecf9cb5"",""source_column"":56},{""source_id"":""src-de-bwl-results-report-2002"",""source_url"":""https://www.statistischebibliothek.de/mir/servlets/MCRFileNodeServlet/DEHeft_derivate_00063162/15_Wahl_DB_2002_Heft_5.pdf"",""source_record_id"":""src-de-bwl-results-report-2002:pdf-page:18:table:2:row:24"",""retrieved_at"":""2026-10-02T09:56:58.971Z"",""raw_snapshot"":{""path"":""docs/political-data/raw/germany/identity_results-report-2002/source.pdf"",""sha256"":""052f83393c0c197a26c1ee7a6a60693558fb759edb89f92ff5e95ba7fc8d1d73""},""parser_version"":""germany-production-v1"",""parser_sha256"":""2a8eb3487f392ef83303e7fb9ff246e4c111a7e64a469a6aa9eb21461ae9b1a0"",""fields_covered"":[""contestant_kind"",""lead_party_id"",""membership""],""published_or_derived"":""published"",""decision_basis"":""manual review of official same-election recognition/participation and result column"",""evidence_note"":""Visually checked historical full name and Landesliste participation; printed page 18; OCR is not identity validation""},{""source_id"":""src-de-bwl-final-archive"",""source_url"":""https://www.bundeswahlleiterin.de/dam/jcr/ce2d2b6a-f211-4355-8eea-355c98cd4e47/btw_kerg.zip"",""source_record_id"":""2407b62efac5c001dd189d58489c955c4a8d07dfab797d985d1d56fe2ecf9cb5:btw2002_kerg.csv:340:56"",""retrieved_at"":""2026-10-01T23:21:39.584Z"",""raw_snapshot"":{""path"":""docs/political-data/raw/germany/2026-10-01T23-21-39-584Z_02e7077f9358c9ef/final-results.zip"",""sha256"":""02e7077f9358c9ef408741ee5d17123a43c28ea766b26a7ab338c08fcaeb7512""},""parser_version"":""germany-production-v1"",""parser_sha256"":""2a8eb3487f392ef83303e7fb9ff246e4c111a7e64a469a6aa9eb21461ae9b1a0"",""fields_covered"":[""historical_display_label""],""published_or_derived"":""published"",""label_basis"":""verbatim_election_specific_source"",""label_evidence"":[{""member"":""btw2002_kerg.csv"",""sha256"":""2407b62efac5c001dd189d58489c955c4a8d07dfab797d985d1d56fe2ecf9cb5"",""column"":56,""record_id"":""2407b62efac5c001dd189d58489c955c4a8d07dfab797d985d1d56fe2ecf9cb5:btw2002_kerg.csv:340:56""}]}]","{""decision_file"":""docs/political-data/germany_production_acceptance.json"",""reviewer"":""germany_source_review"",""reviewed_at"":""2026-10-02"",""scope"":""same_election_only_no_continuity""}"
"ct-de-0025","germany","el-de-bt-2005-09-18","party_list","SPD","SPD",,"requires_manual_review","false","[{""source_id"":""src-de-bwl-final-archive"",""source_url"":""https://www.bundeswahlleiterin.de/dam/jcr/ce2d2b6a-f211-4355-8eea-355c98cd4e47/btw_kerg.zip"",""source_record_id"":""995e59d1e6aadaa37bc453bf3c82f736fc99d3cdf0fc0b976f938dcd800b82c0:btw2005_kerg.csv:340:21"",""retrieved_at"":""2026-10-01T23:21:39.584Z"",""raw_snapshot"":{""path"":""docs/political-data/raw/germany/2026-10-01T23-21-39-584Z_02e7077f9358c9ef/final-results.zip"",""sha256"":""02e7077f9358c9ef408741ee5d17123a43c28ea766b26a7ab338c08fcaeb7512""},""parser_version"":""germany-production-v1"",""parser_sha256"":""2a8eb3487f392ef83303e7fb9ff246e4c111a7e64a469a6aa9eb21461ae9b1a0"",""fields_covered"":[""second_votes"",""registered_label_native""],""published_or_derived"":""published"",""source_member"":""btw2005_kerg.csv"",""source_member_sha256"":""995e59d1e6aadaa37bc453bf3c82f736fc99d3cdf0fc0b976f938dcd800b82c0"",""source_column"":21},{""source_id"":""src-de-bwl-results-report-2005"",""source_url"":""https://www.statistischebibliothek.de/mir/servlets/MCRFileNodeServlet/DEHeft_derivate_00016115/Heft_5.pdf"",""source_record_id"":""src-de-bwl-results-report-2005:pdf-page:19:table:2:row:1"",""retrieved_at"":""2026-10-02T09:54:30.964Z"",""raw_snapshot"":{""path"":""docs/political-data/raw/germany/identity_results-report-2005/source.pdf"",""sha256"":""50c5b8da13796d7ae4c85124edb54582b360c76b5984ab113d756eadbe45eed9""},""parser_version"":""germany-production-v1"",""parser_sha256"":""2a8eb3487f392ef83303e7fb9ff246e4c111a7e64a469a6aa9eb21461ae9b1a0"",""fields_covered"":[""contestant_kind"",""lead_party_id"",""membership""],""published_or_derived"":""published"",""decision_basis"":""manual review of official same-election recognition/participation and result column"",""evidence_note"":""Visual transcription of raster party-name cell and Landesliste participation, printed page 18; not OCR/text validation""},{""source_id"":""src-de-bwl-final-archive"",""source_url"":""https://www.bundeswahlleiterin.de/dam/jcr/ce2d2b6a-f211-4355-8eea-355c98cd4e47/btw_kerg.zip"",""source_record_id"":""995e59d1e6aadaa37bc453bf3c82f736fc99d3cdf0fc0b976f938dcd800b82c0:btw2005_kerg.csv:340:21"",""retrieved_at"":""2026-10-01T23:21:39.584Z"",""raw_snapshot"":{""path"":""docs/political-data/raw/germany/2026-10-01T23-21-39-584Z_02e7077f9358c9ef/final-results.zip"",""sha256"":""02e7077f9358c9ef408741ee5d17123a43c28ea766b26a7ab338c08fcaeb7512""},""parser_version"":""germany-production-v1"",""parser_sha256"":""2a8eb3487f392ef83303e7fb9ff246e4c111a7e64a469a6aa9eb21461ae9b1a0"",""fields_covered"":[""historical_display_label""],""published_or_derived"":""published"",""label_basis"":""verbatim_election_specific_source"",""label_evidence"":[{""member"":""btw2005_kerg.csv"",""sha256"":""995e59d1e6aadaa37bc453bf3c82f736fc99d3cdf0fc0b976f938dcd800b82c0"",""column"":21,""record_id"":""995e59d1e6aadaa37bc453bf3c82f736fc99d3cdf0fc0b976f938dcd800b82c0:btw2005_kerg.csv:340:21""}]}]","{""decision_file"":""docs/political-data/germany_production_acceptance.json"",""reviewer"":""germany_source_review"",""reviewed_at"":""2026-10-02"",""scope"":""same_election_only_no_continuity""}"
"ct-de-0026","germany","el-de-bt-2005-09-18","party_list","CDU","CDU",,"requires_manual_review","false","[{""source_id"":""src-de-bwl-final-archive"",""source_url"":""https://www.bundeswahlleiterin.de/dam/jcr/ce2d2b6a-f211-4355-8eea-355c98cd4e47/btw_kerg.zip"",""source_record_id"":""995e59d1e6aadaa37bc453bf3c82f736fc99d3cdf0fc0b976f938dcd800b82c0:btw2005_kerg.csv:340:25"",""retrieved_at"":""2026-10-01T23:21:39.584Z"",""raw_snapshot"":{""path"":""docs/political-data/raw/germany/2026-10-01T23-21-39-584Z_02e7077f9358c9ef/final-results.zip"",""sha256"":""02e7077f9358c9ef408741ee5d17123a43c28ea766b26a7ab338c08fcaeb7512""},""parser_version"":""germany-production-v1"",""parser_sha256"":""2a8eb3487f392ef83303e7fb9ff246e4c111a7e64a469a6aa9eb21461ae9b1a0"",""fields_covered"":[""second_votes"",""registered_label_native""],""published_or_derived"":""published"",""source_member"":""btw2005_kerg.csv"",""source_member_sha256"":""995e59d1e6aadaa37bc453bf3c82f736fc99d3cdf0fc0b976f938dcd800b82c0"",""source_column"":25},{""source_id"":""src-de-bwl-results-report-2005"",""source_url"":""https://www.statistischebibliothek.de/mir/servlets/MCRFileNodeServlet/DEHeft_derivate_00016115/Heft_5.pdf"",""source_record_id"":""src-de-bwl-results-report-2005:pdf-page:19:table:2:row:2"",""retrieved_at"":""2026-10-02T09:54:30.964Z"",""raw_snapshot"":{""path"":""docs/political-data/raw/germany/identity_results-report-2005/source.pdf"",""sha256"":""50c5b8da13796d7ae4c85124edb54582b360c76b5984ab113d756eadbe45eed9""},""parser_version"":""germany-production-v1"",""parser_sha256"":""2a8eb3487f392ef83303e7fb9ff246e4c111a7e64a469a6aa9eb21461ae9b1a0"",""fields_covered"":[""contestant_kind"",""lead_party_id"",""membership""],""published_or_derived"":""published"",""decision_basis"":""manual review of official same-election recognition/participation and result column"",""evidence_note"":""Visual transcription of raster party-name cell and Landesliste participation, printed page 18; not OCR/text validation""},{""source_id"":""src-de-bwl-final-archive"",""source_url"":""https://www.bundeswahlleiterin.de/dam/jcr/ce2d2b6a-f211-4355-8eea-355c98cd4e47/btw_kerg.zip"",""source_record_id"":""995e59d1e6aadaa37bc453bf3c82f736fc99d3cdf0fc0b976f938dcd800b82c0:btw2005_kerg.csv:340:25"",""retrieved_at"":""2026-10-01T23:21:39.584Z"",""raw_snapshot"":{""path"":""docs/political-data/raw/germany/2026-10-01T23-21-39-584Z_02e7077f9358c9ef/final-results.zip"",""sha256"":""02e7077f9358c9ef408741ee5d17123a43c28ea766b26a7ab338c08fcaeb7512""},""parser_version"":""germany-production-v1"",""parser_sha256"":""2a8eb3487f392ef83303e7fb9ff246e4c111a7e64a469a6aa9eb21461ae9b1a0"",""fields_covered"":[""historical_display_label""],""published_or_derived"":""published"",""label_basis"":""verbatim_election_specific_source"",""label_evidence"":[{""member"":""btw2005_kerg.csv"",""sha256"":""995e59d1e6aadaa37bc453bf3c82f736fc99d3cdf0fc0b976f938dcd800b82c0"",""column"":25,""record_id"":""995e59d1e6aadaa37bc453bf3c82f736fc99d3cdf0fc0b976f938dcd800b82c0:btw2005_kerg.csv:340:25""}]}]","{""decision_file"":""docs/political-data/germany_production_acceptance.json"",""reviewer"":""germany_source_review"",""reviewed_at"":""2026-10-02"",""scope"":""same_election_only_no_continuity""}"
"ct-de-0027","germany","el-de-bt-2005-09-18","party_list","CSU","CSU",,"requires_manual_review","false","[{""source_id"":""src-de-bwl-final-archive"",""source_url"":""https://www.bundeswahlleiterin.de/dam/jcr/ce2d2b6a-f211-4355-8eea-355c98cd4e47/btw_kerg.zip"",""source_record_id"":""995e59d1e6aadaa37bc453bf3c82f736fc99d3cdf0fc0b976f938dcd800b82c0:btw2005_kerg.csv:340:29"",""retrieved_at"":""2026-10-01T23:21:39.584Z"",""raw_snapshot"":{""path"":""docs/political-data/raw/germany/2026-10-01T23-21-39-584Z_02e7077f9358c9ef/final-results.zip"",""sha256"":""02e7077f9358c9ef408741ee5d17123a43c28ea766b26a7ab338c08fcaeb7512""},""parser_version"":""germany-production-v1"",""parser_sha256"":""2a8eb3487f392ef83303e7fb9ff246e4c111a7e64a469a6aa9eb21461ae9b1a0"",""fields_covered"":[""second_votes"",""registered_label_native""],""published_or_derived"":""published"",""source_member"":""btw2005_kerg.csv"",""source_member_sha256"":""995e59d1e6aadaa37bc453bf3c82f736fc99d3cdf0fc0b976f938dcd800b82c0"",""source_column"":29},{""source_id"":""src-de-bwl-results-report-2005"",""source_url"":""https://www.statistischebibliothek.de/mir/servlets/MCRFileNodeServlet/DEHeft_derivate_00016115/Heft_5.pdf"",""source_record_id"":""src-de-bwl-results-report-2005:pdf-page:19:table:2:row:3"",""retrieved_at"":""2026-10-02T09:54:30.964Z"",""raw_snapshot"":{""path"":""docs/political-data/raw/germany/identity_results-report-2005/source.pdf"",""sha256"":""50c5b8da13796d7ae4c85124edb54582b360c76b5984ab113d756eadbe45eed9""},""parser_version"":""germany-production-v1"",""parser_sha256"":""2a8eb3487f392ef83303e7fb9ff246e4c111a7e64a469a6aa9eb21461ae9b1a0"",""fields_covered"":[""contestant_kind"",""lead_party_id"",""membership""],""published_or_derived"":""published"",""decision_basis"":""manual review of official same-election recognition/participation and result column"",""evidence_note"":""Visual transcription of raster party-name cell and Landesliste participation, printed page 18; not OCR/text validation""},{""source_id"":""src-de-bwl-final-archive"",""source_url"":""https://www.bundeswahlleiterin.de/dam/jcr/ce2d2b6a-f211-4355-8eea-355c98cd4e47/btw_kerg.zip"",""source_record_id"":""995e59d1e6aadaa37bc453bf3c82f736fc99d3cdf0fc0b976f938dcd800b82c0:btw2005_kerg.csv:340:29"",""retrieved_at"":""2026-10-01T23:21:39.584Z"",""raw_snapshot"":{""path"":""docs/political-data/raw/germany/2026-10-01T23-21-39-584Z_02e7077f9358c9ef/final-results.zip"",""sha256"":""02e7077f9358c9ef408741ee5d17123a43c28ea766b26a7ab338c08fcaeb7512""},""parser_version"":""germany-production-v1"",""parser_sha256"":""2a8eb3487f392ef83303e7fb9ff246e4c111a7e64a469a6aa9eb21461ae9b1a0"",""fields_covered"":[""historical_display_label""],""published_or_derived"":""published"",""label_basis"":""verbatim_election_specific_source"",""label_evidence"":[{""member"":""btw2005_kerg.csv"",""sha256"":""995e59d1e6aadaa37bc453bf3c82f736fc99d3cdf0fc0b976f938dcd800b82c0"",""column"":29,""record_id"":""995e59d1e6aadaa37bc453bf3c82f736fc99d3cdf0fc0b976f938dcd800b82c0:btw2005_kerg.csv:340:29""}]}]","{""decision_file"":""docs/political-data/germany_production_acceptance.json"",""reviewer"":""germany_source_review"",""reviewed_at"":""2026-10-02"",""scope"":""same_election_only_no_continuity""}"
"ct-de-0028","germany","el-de-bt-2005-09-18","party_list","GRÜNE","GRÜNE",,"requires_manual_review","false","[{""source_id"":""src-de-bwl-final-archive"",""source_url"":""https://www.bundeswahlleiterin.de/dam/jcr/ce2d2b6a-f211-4355-8eea-355c98cd4e47/btw_kerg.zip"",""source_record_id"":""995e59d1e6aadaa37bc453bf3c82f736fc99d3cdf0fc0b976f938dcd800b82c0:btw2005_kerg.csv:340:33"",""retrieved_at"":""2026-10-01T23:21:39.584Z"",""raw_snapshot"":{""path"":""docs/political-data/raw/germany/2026-10-01T23-21-39-584Z_02e7077f9358c9ef/final-results.zip"",""sha256"":""02e7077f9358c9ef408741ee5d17123a43c28ea766b26a7ab338c08fcaeb7512""},""parser_version"":""germany-production-v1"",""parser_sha256"":""2a8eb3487f392ef83303e7fb9ff246e4c111a7e64a469a6aa9eb21461ae9b1a0"",""fields_covered"":[""second_votes"",""registered_label_native""],""published_or_derived"":""published"",""source_member"":""btw2005_kerg.csv"",""source_member_sha256"":""995e59d1e6aadaa37bc453bf3c82f736fc99d3cdf0fc0b976f938dcd800b82c0"",""source_column"":33},{""source_id"":""src-de-bwl-results-report-2005"",""source_url"":""https://www.statistischebibliothek.de/mir/servlets/MCRFileNodeServlet/DEHeft_derivate_00016115/Heft_5.pdf"",""source_record_id"":""src-de-bwl-results-report-2005:pdf-page:19:table:2:row:4"",""retrieved_at"":""2026-10-02T09:54:30.964Z"",""raw_snapshot"":{""path"":""docs/political-data/raw/germany/identity_results-report-2005/source.pdf"",""sha256"":""50c5b8da13796d7ae4c85124edb54582b360c76b5984ab113d756eadbe45eed9""},""parser_version"":""germany-production-v1"",""parser_sha256"":""2a8eb3487f392ef83303e7fb9ff246e4c111a7e64a469a6aa9eb21461ae9b1a0"",""fields_covered"":[""contestant_kind"",""lead_party_id"",""membership""],""published_or_derived"":""published"",""decision_basis"":""manual review of official same-election recognition/participation and result column"",""evidence_note"":""Visual transcription of raster party-name cell and Landesliste participation, printed page 18; not OCR/text validation""},{""source_id"":""src-de-bwl-final-archive"",""source_url"":""https://www.bundeswahlleiterin.de/dam/jcr/ce2d2b6a-f211-4355-8eea-355c98cd4e47/btw_kerg.zip"",""source_record_id"":""995e59d1e6aadaa37bc453bf3c82f736fc99d3cdf0fc0b976f938dcd800b82c0:btw2005_kerg.csv:340:33"",""retrieved_at"":""2026-10-01T23:21:39.584Z"",""raw_snapshot"":{""path"":""docs/political-data/raw/germany/2026-10-01T23-21-39-584Z_02e7077f9358c9ef/final-results.zip"",""sha256"":""02e7077f9358c9ef408741ee5d17123a43c28ea766b26a7ab338c08fcaeb7512""},""parser_version"":""germany-production-v1"",""parser_sha256"":""2a8eb3487f392ef83303e7fb9ff246e4c111a7e64a469a6aa9eb21461ae9b1a0"",""fields_covered"":[""historical_display_label""],""published_or_derived"":""published"",""label_basis"":""verbatim_election_specific_source"",""label_evidence"":[{""member"":""btw2005_kerg.csv"",""sha256"":""995e59d1e6aadaa37bc453bf3c82f736fc99d3cdf0fc0b976f938dcd800b82c0"",""column"":33,""record_id"":""995e59d1e6aadaa37bc453bf3c82f736fc99d3cdf0fc0b976f938dcd800b82c0:btw2005_kerg.csv:340:33""}]}]","{""decision_file"":""docs/political-data/germany_production_acceptance.json"",""reviewer"":""germany_source_review"",""reviewed_at"":""2026-10-02"",""scope"":""same_election_only_no_continuity""}"
"ct-de-0029","germany","el-de-bt-2005-09-18","party_list","FDP","FDP",,"requires_manual_review","false","[{""source_id"":""src-de-bwl-final-archive"",""source_url"":""https://www.bundeswahlleiterin.de/dam/jcr/ce2d2b6a-f211-4355-8eea-355c98cd4e47/btw_kerg.zip"",""source_record_id"":""995e59d1e6aadaa37bc453bf3c82f736fc99d3cdf0fc0b976f938dcd800b82c0:btw2005_kerg.csv:340:37"",""retrieved_at"":""2026-10-01T23:21:39.584Z"",""raw_snapshot"":{""path"":""docs/political-data/raw/germany/2026-10-01T23-21-39-584Z_02e7077f9358c9ef/final-results.zip"",""sha256"":""02e7077f9358c9ef408741ee5d17123a43c28ea766b26a7ab338c08fcaeb7512""},""parser_version"":""germany-production-v1"",""parser_sha256"":""2a8eb3487f392ef83303e7fb9ff246e4c111a7e64a469a6aa9eb21461ae9b1a0"",""fields_covered"":[""second_votes"",""registered_label_native""],""published_or_derived"":""published"",""source_member"":""btw2005_kerg.csv"",""source_member_sha256"":""995e59d1e6aadaa37bc453bf3c82f736fc99d3cdf0fc0b976f938dcd800b82c0"",""source_column"":37},{""source_id"":""src-de-bwl-results-report-2005"",""source_url"":""https://www.statistischebibliothek.de/mir/servlets/MCRFileNodeServlet/DEHeft_derivate_00016115/Heft_5.pdf"",""source_record_id"":""src-de-bwl-results-report-2005:pdf-page:19:table:2:row:5"",""retrieved_at"":""2026-10-02T09:54:30.964Z"",""raw_snapshot"":{""path"":""docs/political-data/raw/germany/identity_results-report-2005/source.pdf"",""sha256"":""50c5b8da13796d7ae4c85124edb54582b360c76b5984ab113d756eadbe45eed9""},""parser_version"":""germany-production-v1"",""parser_sha256"":""2a8eb3487f392ef83303e7fb9ff246e4c111a7e64a469a6aa9eb21461ae9b1a0"",""fields_covered"":[""contestant_kind"",""lead_party_id"",""membership""],""published_or_derived"":""published"",""decision_basis"":""manual review of official same-election recognition/participation and result column"",""evidence_note"":""Visual transcription of raster party-name cell and Landesliste participation, printed page 18; not OCR/text validation""},{""source_id"":""src-de-bwl-final-archive"",""source_url"":""https://www.bundeswahlleiterin.de/dam/jcr/ce2d2b6a-f211-4355-8eea-355c98cd4e47/btw_kerg.zip"",""source_record_id"":""995e59d1e6aadaa37bc453bf3c82f736fc99d3cdf0fc0b976f938dcd800b82c0:btw2005_kerg.csv:340:37"",""retrieved_at"":""2026-10-01T23:21:39.584Z"",""raw_snapshot"":{""path"":""docs/political-data/raw/germany/2026-10-01T23-21-39-584Z_02e7077f9358c9ef/final-results.zip"",""sha256"":""02e7077f9358c9ef408741ee5d17123a43c28ea766b26a7ab338c08fcaeb7512""},""parser_version"":""germany-production-v1"",""parser_sha256"":""2a8eb3487f392ef83303e7fb9ff246e4c111a7e64a469a6aa9eb21461ae9b1a0"",""fields_covered"":[""historical_display_label""],""published_or_derived"":""published"",""label_basis"":""verbatim_election_specific_source"",""label_evidence"":[{""member"":""btw2005_kerg.csv"",""sha256"":""995e59d1e6aadaa37bc453bf3c82f736fc99d3cdf0fc0b976f938dcd800b82c0"",""column"":37,""record_id"":""995e59d1e6aadaa37bc453bf3c82f736fc99d3cdf0fc0b976f938dcd800b82c0:btw2005_kerg.csv:340:37""}]}]","{""decision_file"":""docs/political-data/germany_production_acceptance.json"",""reviewer"":""germany_source_review"",""reviewed_at"":""2026-10-02"",""scope"":""same_election_only_no_continuity""}"
"ct-de-0030","germany","el-de-bt-2005-09-18","party_list","Die Linke.","Die Linke.",,"requires_manual_review","false","[{""source_id"":""src-de-bwl-final-archive"",""source_url"":""https://www.bundeswahlleiterin.de/dam/jcr/ce2d2b6a-f211-4355-8eea-355c98cd4e47/btw_kerg.zip"",""source_record_id"":""995e59d1e6aadaa37bc453bf3c82f736fc99d3cdf0fc0b976f938dcd800b82c0:btw2005_kerg.csv:340:41"",""retrieved_at"":""2026-10-01T23:21:39.584Z"",""raw_snapshot"":{""path"":""docs/political-data/raw/germany/2026-10-01T23-21-39-584Z_02e7077f9358c9ef/final-results.zip"",""sha256"":""02e7077f9358c9ef408741ee5d17123a43c28ea766b26a7ab338c08fcaeb7512""},""parser_version"":""germany-production-v1"",""parser_sha256"":""2a8eb3487f392ef83303e7fb9ff246e4c111a7e64a469a6aa9eb21461ae9b1a0"",""fields_covered"":[""second_votes"",""registered_label_native""],""published_or_derived"":""published"",""source_member"":""btw2005_kerg.csv"",""source_member_sha256"":""995e59d1e6aadaa37bc453bf3c82f736fc99d3cdf0fc0b976f938dcd800b82c0"",""source_column"":41},{""source_id"":""src-de-bwl-results-report-2005"",""source_url"":""https://www.statistischebibliothek.de/mir/servlets/MCRFileNodeServlet/DEHeft_derivate_00016115/Heft_5.pdf"",""source_record_id"":""src-de-bwl-results-report-2005:pdf-page:19:table:2:row:6"",""retrieved_at"":""2026-10-02T09:54:30.964Z"",""raw_snapshot"":{""path"":""docs/political-data/raw/germany/identity_results-report-2005/source.pdf"",""sha256"":""50c5b8da13796d7ae4c85124edb54582b360c76b5984ab113d756eadbe45eed9""},""parser_version"":""germany-production-v1"",""parser_sha256"":""2a8eb3487f392ef83303e7fb9ff246e4c111a7e64a469a6aa9eb21461ae9b1a0"",""fields_covered"":[""contestant_kind"",""lead_party_id"",""membership""],""published_or_derived"":""published"",""decision_basis"":""manual review of official same-election recognition/participation and result column"",""evidence_note"":""Visual transcription of raster party-name cell and Landesliste participation, printed page 18; not OCR/text validation""},{""source_id"":""src-de-bwl-final-archive"",""source_url"":""https://www.bundeswahlleiterin.de/dam/jcr/ce2d2b6a-f211-4355-8eea-355c98cd4e47/btw_kerg.zip"",""source_record_id"":""995e59d1e6aadaa37bc453bf3c82f736fc99d3cdf0fc0b976f938dcd800b82c0:btw2005_kerg.csv:340:41"",""retrieved_at"":""2026-10-01T23:21:39.584Z"",""raw_snapshot"":{""path"":""docs/political-data/raw/germany/2026-10-01T23-21-39-584Z_02e7077f9358c9ef/final-results.zip"",""sha256"":""02e7077f9358c9ef408741ee5d17123a43c28ea766b26a7ab338c08fcaeb7512""},""parser_version"":""germany-production-v1"",""parser_sha256"":""2a8eb3487f392ef83303e7fb9ff246e4c111a7e64a469a6aa9eb21461ae9b1a0"",""fields_covered"":[""historical_display_label""],""published_or_derived"":""published"",""label_basis"":""verbatim_election_specific_source"",""label_evidence"":[{""member"":""btw2005_kerg.csv"",""sha256"":""995e59d1e6aadaa37bc453bf3c82f736fc99d3cdf0fc0b976f938dcd800b82c0"",""column"":41,""record_id"":""995e59d1e6aadaa37bc453bf3c82f736fc99d3cdf0fc0b976f938dcd800b82c0:btw2005_kerg.csv:340:41""}]}]","{""decision_file"":""docs/political-data/germany_production_acceptance.json"",""reviewer"":""germany_source_review"",""reviewed_at"":""2026-10-02"",""scope"":""same_election_only_no_continuity""}"
"ct-de-0031","germany","el-de-bt-2005-09-18","party_list","Offensive D","Offensive D",,"requires_manual_review","false","[{""source_id"":""src-de-bwl-final-archive"",""source_url"":""https://www.bundeswahlleiterin.de/dam/jcr/ce2d2b6a-f211-4355-8eea-355c98cd4e47/btw_kerg.zip"",""source_record_id"":""995e59d1e6aadaa37bc453bf3c82f736fc99d3cdf0fc0b976f938dcd800b82c0:btw2005_kerg.csv:340:45"",""retrieved_at"":""2026-10-01T23:21:39.584Z"",""raw_snapshot"":{""path"":""docs/political-data/raw/germany/2026-10-01T23-21-39-584Z_02e7077f9358c9ef/final-results.zip"",""sha256"":""02e7077f9358c9ef408741ee5d17123a43c28ea766b26a7ab338c08fcaeb7512""},""parser_version"":""germany-production-v1"",""parser_sha256"":""2a8eb3487f392ef83303e7fb9ff246e4c111a7e64a469a6aa9eb21461ae9b1a0"",""fields_covered"":[""second_votes"",""registered_label_native""],""published_or_derived"":""published"",""source_member"":""btw2005_kerg.csv"",""source_member_sha256"":""995e59d1e6aadaa37bc453bf3c82f736fc99d3cdf0fc0b976f938dcd800b82c0"",""source_column"":45},{""source_id"":""src-de-bwl-results-report-2005"",""source_url"":""https://www.statistischebibliothek.de/mir/servlets/MCRFileNodeServlet/DEHeft_derivate_00016115/Heft_5.pdf"",""source_record_id"":""src-de-bwl-results-report-2005:pdf-page:19:table:2:row:7"",""retrieved_at"":""2026-10-02T09:54:30.964Z"",""raw_snapshot"":{""path"":""docs/political-data/raw/germany/identity_results-report-2005/source.pdf"",""sha256"":""50c5b8da13796d7ae4c85124edb54582b360c76b5984ab113d756eadbe45eed9""},""parser_version"":""germany-production-v1"",""parser_sha256"":""2a8eb3487f392ef83303e7fb9ff246e4c111a7e64a469a6aa9eb21461ae9b1a0"",""fields_covered"":[""contestant_kind"",""lead_party_id"",""membership""],""published_or_derived"":""published"",""decision_basis"":""manual review of official same-election recognition/participation and result column"",""evidence_note"":""Visual transcription of raster party-name cell and Landesliste participation, printed page 18; not OCR/text validation""},{""source_id"":""src-de-bwl-final-archive"",""source_url"":""https://www.bundeswahlleiterin.de/dam/jcr/ce2d2b6a-f211-4355-8eea-355c98cd4e47/btw_kerg.zip"",""source_record_id"":""995e59d1e6aadaa37bc453bf3c82f736fc99d3cdf0fc0b976f938dcd800b82c0:btw2005_kerg.csv:340:45"",""retrieved_at"":""2026-10-01T23:21:39.584Z"",""raw_snapshot"":{""path"":""docs/political-data/raw/germany/2026-10-01T23-21-39-584Z_02e7077f9358c9ef/final-results.zip"",""sha256"":""02e7077f9358c9ef408741ee5d17123a43c28ea766b26a7ab338c08fcaeb7512""},""parser_version"":""germany-production-v1"",""parser_sha256"":""2a8eb3487f392ef83303e7fb9ff246e4c111a7e64a469a6aa9eb21461ae9b1a0"",""fields_covered"":[""historical_display_label""],""published_or_derived"":""published"",""label_basis"":""verbatim_election_specific_source"",""label_evidence"":[{""member"":""btw2005_kerg.csv"",""sha256"":""995e59d1e6aadaa37bc453bf3c82f736fc99d3cdf0fc0b976f938dcd800b82c0"",""column"":45,""record_id"":""995e59d1e6aadaa37bc453bf3c82f736fc99d3cdf0fc0b976f938dcd800b82c0:btw2005_kerg.csv:340:45""}]}]","{""decision_file"":""docs/political-data/germany_production_acceptance.json"",""reviewer"":""germany_source_review"",""reviewed_at"":""2026-10-02"",""scope"":""same_election_only_no_continuity""}"
"ct-de-0032","germany","el-de-bt-2005-09-18","party_list","REP","REP",,"requires_manual_review","false","[{""source_id"":""src-de-bwl-final-archive"",""source_url"":""https://www.bundeswahlleiterin.de/dam/jcr/ce2d2b6a-f211-4355-8eea-355c98cd4e47/btw_kerg.zip"",""source_record_id"":""995e59d1e6aadaa37bc453bf3c82f736fc99d3cdf0fc0b976f938dcd800b82c0:btw2005_kerg.csv:340:49"",""retrieved_at"":""2026-10-01T23:21:39.584Z"",""raw_snapshot"":{""path"":""docs/political-data/raw/germany/2026-10-01T23-21-39-584Z_02e7077f9358c9ef/final-results.zip"",""sha256"":""02e7077f9358c9ef408741ee5d17123a43c28ea766b26a7ab338c08fcaeb7512""},""parser_version"":""germany-production-v1"",""parser_sha256"":""2a8eb3487f392ef83303e7fb9ff246e4c111a7e64a469a6aa9eb21461ae9b1a0"",""fields_covered"":[""second_votes"",""registered_label_native""],""published_or_derived"":""published"",""source_member"":""btw2005_kerg.csv"",""source_member_sha256"":""995e59d1e6aadaa37bc453bf3c82f736fc99d3cdf0fc0b976f938dcd800b82c0"",""source_column"":49},{""source_id"":""src-de-bwl-results-report-2005"",""source_url"":""https://www.statistischebibliothek.de/mir/servlets/MCRFileNodeServlet/DEHeft_derivate_00016115/Heft_5.pdf"",""source_record_id"":""src-de-bwl-results-report-2005:pdf-page:19:table:2:row:8"",""retrieved_at"":""2026-10-02T09:54:30.964Z"",""raw_snapshot"":{""path"":""docs/political-data/raw/germany/identity_results-report-2005/source.pdf"",""sha256"":""50c5b8da13796d7ae4c85124edb54582b360c76b5984ab113d756eadbe45eed9""},""parser_version"":""germany-production-v1"",""parser_sha256"":""2a8eb3487f392ef83303e7fb9ff246e4c111a7e64a469a6aa9eb21461ae9b1a0"",""fields_covered"":[""contestant_kind"",""lead_party_id"",""membership""],""published_or_derived"":""published"",""decision_basis"":""manual review of official same-election recognition/participation and result column"",""evidence_note"":""Visual transcription of raster party-name cell and Landesliste participation, printed page 18; not OCR/text validation""},{""source_id"":""src-de-bwl-final-archive"",""source_url"":""https://www.bundeswahlleiterin.de/dam/jcr/ce2d2b6a-f211-4355-8eea-355c98cd4e47/btw_kerg.zip"",""source_record_id"":""995e59d1e6aadaa37bc453bf3c82f736fc99d3cdf0fc0b976f938dcd800b82c0:btw2005_kerg.csv:340:49"",""retrieved_at"":""2026-10-01T23:21:39.584Z"",""raw_snapshot"":{""path"":""docs/political-data/raw/germany/2026-10-01T23-21-39-584Z_02e7077f9358c9ef/final-results.zip"",""sha256"":""02e7077f9358c9ef408741ee5d17123a43c28ea766b26a7ab338c08fcaeb7512""},""parser_version"":""germany-production-v1"",""parser_sha256"":""2a8eb3487f392ef83303e7fb9ff246e4c111a7e64a469a6aa9eb21461ae9b1a0"",""fields_covered"":[""historical_display_label""],""published_or_derived"":""published"",""label_basis"":""verbatim_election_specific_source"",""label_evidence"":[{""member"":""btw2005_kerg.csv"",""sha256"":""995e59d1e6aadaa37bc453bf3c82f736fc99d3cdf0fc0b976f938dcd800b82c0"",""column"":49,""record_id"":""995e59d1e6aadaa37bc453bf3c82f736fc99d3cdf0fc0b976f938dcd800b82c0:btw2005_kerg.csv:340:49""}]}]","{""decision_file"":""docs/political-data/germany_production_acceptance.json"",""reviewer"":""germany_source_review"",""reviewed_at"":""2026-10-02"",""scope"":""same_election_only_no_continuity""}"
"ct-de-0033","germany","el-de-bt-2005-09-18","party_list","NPD","NPD",,"requires_manual_review","false","[{""source_id"":""src-de-bwl-final-archive"",""source_url"":""https://www.bundeswahlleiterin.de/dam/jcr/ce2d2b6a-f211-4355-8eea-355c98cd4e47/btw_kerg.zip"",""source_record_id"":""995e59d1e6aadaa37bc453bf3c82f736fc99d3cdf0fc0b976f938dcd800b82c0:btw2005_kerg.csv:340:53"",""retrieved_at"":""2026-10-01T23:21:39.584Z"",""raw_snapshot"":{""path"":""docs/political-data/raw/germany/2026-10-01T23-21-39-584Z_02e7077f9358c9ef/final-results.zip"",""sha256"":""02e7077f9358c9ef408741ee5d17123a43c28ea766b26a7ab338c08fcaeb7512""},""parser_version"":""germany-production-v1"",""parser_sha256"":""2a8eb3487f392ef83303e7fb9ff246e4c111a7e64a469a6aa9eb21461ae9b1a0"",""fields_covered"":[""second_votes"",""registered_label_native""],""published_or_derived"":""published"",""source_member"":""btw2005_kerg.csv"",""source_member_sha256"":""995e59d1e6aadaa37bc453bf3c82f736fc99d3cdf0fc0b976f938dcd800b82c0"",""source_column"":53},{""source_id"":""src-de-bwl-results-report-2005"",""source_url"":""https://www.statistischebibliothek.de/mir/servlets/MCRFileNodeServlet/DEHeft_derivate_00016115/Heft_5.pdf"",""source_record_id"":""src-de-bwl-results-report-2005:pdf-page:19:table:2:row:9"",""retrieved_at"":""2026-10-02T09:54:30.964Z"",""raw_snapshot"":{""path"":""docs/political-data/raw/germany/identity_results-report-2005/source.pdf"",""sha256"":""50c5b8da13796d7ae4c85124edb54582b360c76b5984ab113d756eadbe45eed9""},""parser_version"":""germany-production-v1"",""parser_sha256"":""2a8eb3487f392ef83303e7fb9ff246e4c111a7e64a469a6aa9eb21461ae9b1a0"",""fields_covered"":[""contestant_kind"",""lead_party_id"",""membership""],""published_or_derived"":""published"",""decision_basis"":""manual review of official same-election recognition/participation and result column"",""evidence_note"":""Visual transcription of raster party-name cell and Landesliste participation, printed page 18; not OCR/text validation""},{""source_id"":""src-de-bwl-final-archive"",""source_url"":""https://www.bundeswahlleiterin.de/dam/jcr/ce2d2b6a-f211-4355-8eea-355c98cd4e47/btw_kerg.zip"",""source_record_id"":""995e59d1e6aadaa37bc453bf3c82f736fc99d3cdf0fc0b976f938dcd800b82c0:btw2005_kerg.csv:340:53"",""retrieved_at"":""2026-10-01T23:21:39.584Z"",""raw_snapshot"":{""path"":""docs/political-data/raw/germany/2026-10-01T23-21-39-584Z_02e7077f9358c9ef/final-results.zip"",""sha256"":""02e7077f9358c9ef408741ee5d17123a43c28ea766b26a7ab338c08fcaeb7512""},""parser_version"":""germany-production-v1"",""parser_sha256"":""2a8eb3487f392ef83303e7fb9ff246e4c111a7e64a469a6aa9eb21461ae9b1a0"",""fields_covered"":[""historical_display_label""],""published_or_derived"":""published"",""label_basis"":""verbatim_election_specific_source"",""label_evidence"":[{""member"":""btw2005_kerg.csv"",""sha256"":""995e59d1e6aadaa37bc453bf3c82f736fc99d3cdf0fc0b976f938dcd800b82c0"",""column"":53,""record_id"":""995e59d1e6aadaa37bc453bf3c82f736fc99d3cdf0fc0b976f938dcd800b82c0:btw2005_kerg.csv:340:53""}]}]","{""decision_file"":""docs/political-data/germany_production_acceptance.json"",""reviewer"":""germany_source_review"",""reviewed_at"":""2026-10-02"",""scope"":""same_election_only_no_continuity""}"
"ct-de-0034","germany","el-de-bt-2005-09-18","party_list","Die Tierschutzpartei","Die Tierschutzpartei",,"requires_manual_review","false","[{""source_id"":""src-de-bwl-final-archive"",""source_url"":""https://www.bundeswahlleiterin.de/dam/jcr/ce2d2b6a-f211-4355-8eea-355c98cd4e47/btw_kerg.zip"",""source_record_id"":""995e59d1e6aadaa37bc453bf3c82f736fc99d3cdf0fc0b976f938dcd800b82c0:btw2005_kerg.csv:340:57"",""retrieved_at"":""2026-10-01T23:21:39.584Z"",""raw_snapshot"":{""path"":""docs/political-data/raw/germany/2026-10-01T23-21-39-584Z_02e7077f9358c9ef/final-results.zip"",""sha256"":""02e7077f9358c9ef408741ee5d17123a43c28ea766b26a7ab338c08fcaeb7512""},""parser_version"":""germany-production-v1"",""parser_sha256"":""2a8eb3487f392ef83303e7fb9ff246e4c111a7e64a469a6aa9eb21461ae9b1a0"",""fields_covered"":[""second_votes"",""registered_label_native""],""published_or_derived"":""published"",""source_member"":""btw2005_kerg.csv"",""source_member_sha256"":""995e59d1e6aadaa37bc453bf3c82f736fc99d3cdf0fc0b976f938dcd800b82c0"",""source_column"":57},{""source_id"":""src-de-bwl-results-report-2005"",""source_url"":""https://www.statistischebibliothek.de/mir/servlets/MCRFileNodeServlet/DEHeft_derivate_00016115/Heft_5.pdf"",""source_record_id"":""src-de-bwl-results-report-2005:pdf-page:19:table:2:row:10"",""retrieved_at"":""2026-10-02T09:54:30.964Z"",""raw_snapshot"":{""path"":""docs/political-data/raw/germany/identity_results-report-2005/source.pdf"",""sha256"":""50c5b8da13796d7ae4c85124edb54582b360c76b5984ab113d756eadbe45eed9""},""parser_version"":""germany-production-v1"",""parser_sha256"":""2a8eb3487f392ef83303e7fb9ff246e4c111a7e64a469a6aa9eb21461ae9b1a0"",""fields_covered"":[""contestant_kind"",""lead_party_id"",""membership""],""published_or_derived"":""published"",""decision_basis"":""manual review of official same-election recognition/participation and result column"",""evidence_note"":""Visual transcription of raster party-name cell and Landesliste participation, printed page 18; not OCR/text validation""},{""source_id"":""src-de-bwl-final-archive"",""source_url"":""https://www.bundeswahlleiterin.de/dam/jcr/ce2d2b6a-f211-4355-8eea-355c98cd4e47/btw_kerg.zip"",""source_record_id"":""995e59d1e6aadaa37bc453bf3c82f736fc99d3cdf0fc0b976f938dcd800b82c0:btw2005_kerg.csv:340:57"",""retrieved_at"":""2026-10-01T23:21:39.584Z"",""raw_snapshot"":{""path"":""docs/political-data/raw/germany/2026-10-01T23-21-39-584Z_02e7077f9358c9ef/final-results.zip"",""sha256"":""02e7077f9358c9ef408741ee5d17123a43c28ea766b26a7ab338c08fcaeb7512""},""parser_version"":""germany-production-v1"",""parser_sha256"":""2a8eb3487f392ef83303e7fb9ff246e4c111a7e64a469a6aa9eb21461ae9b1a0"",""fields_covered"":[""historical_display_label""],""published_or_derived"":""published"",""label_basis"":""verbatim_election_specific_source"",""label_evidence"":[{""member"":""btw2005_kerg.csv"",""sha256"":""995e59d1e6aadaa37bc453bf3c82f736fc99d3cdf0fc0b976f938dcd800b82c0"",""column"":57,""record_id"":""995e59d1e6aadaa37bc453bf3c82f736fc99d3cdf0fc0b976f938dcd800b82c0:btw2005_kerg.csv:340:57""}]}]","{""decision_file"":""docs/political-data/germany_production_acceptance.json"",""reviewer"":""germany_source_review"",""reviewed_at"":""2026-10-02"",""scope"":""same_election_only_no_continuity""}"
"ct-de-0035","germany","el-de-bt-2005-09-18","party_list","GRAUE","GRAUE",,"requires_manual_review","false","[{""source_id"":""src-de-bwl-final-archive"",""source_url"":""https://www.bundeswahlleiterin.de/dam/jcr/ce2d2b6a-f211-4355-8eea-355c98cd4e47/btw_kerg.zip"",""source_record_id"":""995e59d1e6aadaa37bc453bf3c82f736fc99d3cdf0fc0b976f938dcd800b82c0:btw2005_kerg.csv:340:61"",""retrieved_at"":""2026-10-01T23:21:39.584Z"",""raw_snapshot"":{""path"":""docs/political-data/raw/germany/2026-10-01T23-21-39-584Z_02e7077f9358c9ef/final-results.zip"",""sha256"":""02e7077f9358c9ef408741ee5d17123a43c28ea766b26a7ab338c08fcaeb7512""},""parser_version"":""germany-production-v1"",""parser_sha256"":""2a8eb3487f392ef83303e7fb9ff246e4c111a7e64a469a6aa9eb21461ae9b1a0"",""fields_covered"":[""second_votes"",""registered_label_native""],""published_or_derived"":""published"",""source_member"":""btw2005_kerg.csv"",""source_member_sha256"":""995e59d1e6aadaa37bc453bf3c82f736fc99d3cdf0fc0b976f938dcd800b82c0"",""source_column"":61},{""source_id"":""src-de-bwl-results-report-2005"",""source_url"":""https://www.statistischebibliothek.de/mir/servlets/MCRFileNodeServlet/DEHeft_derivate_00016115/Heft_5.pdf"",""source_record_id"":""src-de-bwl-results-report-2005:pdf-page:19:table:2:row:11"",""retrieved_at"":""2026-10-02T09:54:30.964Z"",""raw_snapshot"":{""path"":""docs/political-data/raw/germany/identity_results-report-2005/source.pdf"",""sha256"":""50c5b8da13796d7ae4c85124edb54582b360c76b5984ab113d756eadbe45eed9""},""parser_version"":""germany-production-v1"",""parser_sha256"":""2a8eb3487f392ef83303e7fb9ff246e4c111a7e64a469a6aa9eb21461ae9b1a0"",""fields_covered"":[""contestant_kind"",""lead_party_id"",""membership""],""published_or_derived"":""published"",""decision_basis"":""manual review of official same-election recognition/participation and result column"",""evidence_note"":""Visual transcription of raster party-name cell and Landesliste participation, printed page 18; not OCR/text validation""},{""source_id"":""src-de-bwl-final-archive"",""source_url"":""https://www.bundeswahlleiterin.de/dam/jcr/ce2d2b6a-f211-4355-8eea-355c98cd4e47/btw_kerg.zip"",""source_record_id"":""995e59d1e6aadaa37bc453bf3c82f736fc99d3cdf0fc0b976f938dcd800b82c0:btw2005_kerg.csv:340:61"",""retrieved_at"":""2026-10-01T23:21:39.584Z"",""raw_snapshot"":{""path"":""docs/political-data/raw/germany/2026-10-01T23-21-39-584Z_02e7077f9358c9ef/final-results.zip"",""sha256"":""02e7077f9358c9ef408741ee5d17123a43c28ea766b26a7ab338c08fcaeb7512""},""parser_version"":""germany-production-v1"",""parser_sha256"":""2a8eb3487f392ef83303e7fb9ff246e4c111a7e64a469a6aa9eb21461ae9b1a0"",""fields_covered"":[""historical_display_label""],""published_or_derived"":""published"",""label_basis"":""verbatim_election_specific_source"",""label_evidence"":[{""member"":""btw2005_kerg.csv"",""sha256"":""995e59d1e6aadaa37bc453bf3c82f736fc99d3cdf0fc0b976f938dcd800b82c0"",""column"":61,""record_id"":""995e59d1e6aadaa37bc453bf3c82f736fc99d3cdf0fc0b976f938dcd800b82c0:btw2005_kerg.csv:340:61""}]}]","{""decision_file"":""docs/political-data/germany_production_acceptance.json"",""reviewer"":""germany_source_review"",""reviewed_at"":""2026-10-02"",""scope"":""same_election_only_no_continuity""}"
"ct-de-0036","germany","el-de-bt-2005-09-18","party_list","PBC","PBC",,"requires_manual_review","false","[{""source_id"":""src-de-bwl-final-archive"",""source_url"":""https://www.bundeswahlleiterin.de/dam/jcr/ce2d2b6a-f211-4355-8eea-355c98cd4e47/btw_kerg.zip"",""source_record_id"":""995e59d1e6aadaa37bc453bf3c82f736fc99d3cdf0fc0b976f938dcd800b82c0:btw2005_kerg.csv:340:65"",""retrieved_at"":""2026-10-01T23:21:39.584Z"",""raw_snapshot"":{""path"":""docs/political-data/raw/germany/2026-10-01T23-21-39-584Z_02e7077f9358c9ef/final-results.zip"",""sha256"":""02e7077f9358c9ef408741ee5d17123a43c28ea766b26a7ab338c08fcaeb7512""},""parser_version"":""germany-production-v1"",""parser_sha256"":""2a8eb3487f392ef83303e7fb9ff246e4c111a7e64a469a6aa9eb21461ae9b1a0"",""fields_covered"":[""second_votes"",""registered_label_native""],""published_or_derived"":""published"",""source_member"":""btw2005_kerg.csv"",""source_member_sha256"":""995e59d1e6aadaa37bc453bf3c82f736fc99d3cdf0fc0b976f938dcd800b82c0"",""source_column"":65},{""source_id"":""src-de-bwl-results-report-2005"",""source_url"":""https://www.statistischebibliothek.de/mir/servlets/MCRFileNodeServlet/DEHeft_derivate_00016115/Heft_5.pdf"",""source_record_id"":""src-de-bwl-results-report-2005:pdf-page:19:table:2:row:12"",""retrieved_at"":""2026-10-02T09:54:30.964Z"",""raw_snapshot"":{""path"":""docs/political-data/raw/germany/identity_results-report-2005/source.pdf"",""sha256"":""50c5b8da13796d7ae4c85124edb54582b360c76b5984ab113d756eadbe45eed9""},""parser_version"":""germany-production-v1"",""parser_sha256"":""2a8eb3487f392ef83303e7fb9ff246e4c111a7e64a469a6aa9eb21461ae9b1a0"",""fields_covered"":[""contestant_kind"",""lead_party_id"",""membership""],""published_or_derived"":""published"",""decision_basis"":""manual review of official same-election recognition/participation and result column"",""evidence_note"":""Visual transcription of raster party-name cell and Landesliste participation, printed page 18; not OCR/text validation""},{""source_id"":""src-de-bwl-final-archive"",""source_url"":""https://www.bundeswahlleiterin.de/dam/jcr/ce2d2b6a-f211-4355-8eea-355c98cd4e47/btw_kerg.zip"",""source_record_id"":""995e59d1e6aadaa37bc453bf3c82f736fc99d3cdf0fc0b976f938dcd800b82c0:btw2005_kerg.csv:340:65"",""retrieved_at"":""2026-10-01T23:21:39.584Z"",""raw_snapshot"":{""path"":""docs/political-data/raw/germany/2026-10-01T23-21-39-584Z_02e7077f9358c9ef/final-results.zip"",""sha256"":""02e7077f9358c9ef408741ee5d17123a43c28ea766b26a7ab338c08fcaeb7512""},""parser_version"":""germany-production-v1"",""parser_sha256"":""2a8eb3487f392ef83303e7fb9ff246e4c111a7e64a469a6aa9eb21461ae9b1a0"",""fields_covered"":[""historical_display_label""],""published_or_derived"":""published"",""label_basis"":""verbatim_election_specific_source"",""label_evidence"":[{""member"":""btw2005_kerg.csv"",""sha256"":""995e59d1e6aadaa37bc453bf3c82f736fc99d3cdf0fc0b976f938dcd800b82c0"",""column"":65,""record_id"":""995e59d1e6aadaa37bc453bf3c82f736fc99d3cdf0fc0b976f938dcd800b82c0:btw2005_kerg.csv:340:65""}]}]","{""decision_file"":""docs/political-data/germany_production_acceptance.json"",""reviewer"":""germany_source_review"",""reviewed_at"":""2026-10-02"",""scope"":""same_election_only_no_continuity""}"
"ct-de-0037","germany","el-de-bt-2005-09-18","party_list","DIE FRAUEN","DIE FRAUEN",,"requires_manual_review","false","[{""source_id"":""src-de-bwl-final-archive"",""source_url"":""https://www.bundeswahlleiterin.de/dam/jcr/ce2d2b6a-f211-4355-8eea-355c98cd4e47/btw_kerg.zip"",""source_record_id"":""995e59d1e6aadaa37bc453bf3c82f736fc99d3cdf0fc0b976f938dcd800b82c0:btw2005_kerg.csv:340:69"",""retrieved_at"":""2026-10-01T23:21:39.584Z"",""raw_snapshot"":{""path"":""docs/political-data/raw/germany/2026-10-01T23-21-39-584Z_02e7077f9358c9ef/final-results.zip"",""sha256"":""02e7077f9358c9ef408741ee5d17123a43c28ea766b26a7ab338c08fcaeb7512""},""parser_version"":""germany-production-v1"",""parser_sha256"":""2a8eb3487f392ef83303e7fb9ff246e4c111a7e64a469a6aa9eb21461ae9b1a0"",""fields_covered"":[""second_votes"",""registered_label_native""],""published_or_derived"":""published"",""source_member"":""btw2005_kerg.csv"",""source_member_sha256"":""995e59d1e6aadaa37bc453bf3c82f736fc99d3cdf0fc0b976f938dcd800b82c0"",""source_column"":69},{""source_id"":""src-de-bwl-results-report-2005"",""source_url"":""https://www.statistischebibliothek.de/mir/servlets/MCRFileNodeServlet/DEHeft_derivate_00016115/Heft_5.pdf"",""source_record_id"":""src-de-bwl-results-report-2005:pdf-page:19:table:2:row:13"",""retrieved_at"":""2026-10-02T09:54:30.964Z"",""raw_snapshot"":{""path"":""docs/political-data/raw/germany/identity_results-report-2005/source.pdf"",""sha256"":""50c5b8da13796d7ae4c85124edb54582b360c76b5984ab113d756eadbe45eed9""},""parser_version"":""germany-production-v1"",""parser_sha256"":""2a8eb3487f392ef83303e7fb9ff246e4c111a7e64a469a6aa9eb21461ae9b1a0"",""fields_covered"":[""contestant_kind"",""lead_party_id"",""membership""],""published_or_derived"":""published"",""decision_basis"":""manual review of official same-election recognition/participation and result column"",""evidence_note"":""Visual transcription of raster party-name cell and Landesliste participation, printed page 18; not OCR/text validation""},{""source_id"":""src-de-bwl-final-archive"",""source_url"":""https://www.bundeswahlleiterin.de/dam/jcr/ce2d2b6a-f211-4355-8eea-355c98cd4e47/btw_kerg.zip"",""source_record_id"":""995e59d1e6aadaa37bc453bf3c82f736fc99d3cdf0fc0b976f938dcd800b82c0:btw2005_kerg.csv:340:69"",""retrieved_at"":""2026-10-01T23:21:39.584Z"",""raw_snapshot"":{""path"":""docs/political-data/raw/germany/2026-10-01T23-21-39-584Z_02e7077f9358c9ef/final-results.zip"",""sha256"":""02e7077f9358c9ef408741ee5d17123a43c28ea766b26a7ab338c08fcaeb7512""},""parser_version"":""germany-production-v1"",""parser_sha256"":""2a8eb3487f392ef83303e7fb9ff246e4c111a7e64a469a6aa9eb21461ae9b1a0"",""fields_covered"":[""historical_display_label""],""published_or_derived"":""published"",""label_basis"":""verbatim_election_specific_source"",""label_evidence"":[{""member"":""btw2005_kerg.csv"",""sha256"":""995e59d1e6aadaa37bc453bf3c82f736fc99d3cdf0fc0b976f938dcd800b82c0"",""column"":69,""record_id"":""995e59d1e6aadaa37bc453bf3c82f736fc99d3cdf0fc0b976f938dcd800b82c0:btw2005_kerg.csv:340:69""}]}]","{""decision_file"":""docs/political-data/germany_production_acceptance.json"",""reviewer"":""germany_source_review"",""reviewed_at"":""2026-10-02"",""scope"":""same_election_only_no_continuity""}"
"ct-de-0038","germany","el-de-bt-2005-09-18","party_list","FAMILIE","FAMILIE",,"requires_manual_review","false","[{""source_id"":""src-de-bwl-final-archive"",""source_url"":""https://www.bundeswahlleiterin.de/dam/jcr/ce2d2b6a-f211-4355-8eea-355c98cd4e47/btw_kerg.zip"",""source_record_id"":""995e59d1e6aadaa37bc453bf3c82f736fc99d3cdf0fc0b976f938dcd800b82c0:btw2005_kerg.csv:340:73"",""retrieved_at"":""2026-10-01T23:21:39.584Z"",""raw_snapshot"":{""path"":""docs/political-data/raw/germany/2026-10-01T23-21-39-584Z_02e7077f9358c9ef/final-results.zip"",""sha256"":""02e7077f9358c9ef408741ee5d17123a43c28ea766b26a7ab338c08fcaeb7512""},""parser_version"":""germany-production-v1"",""parser_sha256"":""2a8eb3487f392ef83303e7fb9ff246e4c111a7e64a469a6aa9eb21461ae9b1a0"",""fields_covered"":[""second_votes"",""registered_label_native""],""published_or_derived"":""published"",""source_member"":""btw2005_kerg.csv"",""source_member_sha256"":""995e59d1e6aadaa37bc453bf3c82f736fc99d3cdf0fc0b976f938dcd800b82c0"",""source_column"":73},{""source_id"":""src-de-bwl-results-report-2005"",""source_url"":""https://www.statistischebibliothek.de/mir/servlets/MCRFileNodeServlet/DEHeft_derivate_00016115/Heft_5.pdf"",""source_record_id"":""src-de-bwl-results-report-2005:pdf-page:19:table:2:row:14"",""retrieved_at"":""2026-10-02T09:54:30.964Z"",""raw_snapshot"":{""path"":""docs/political-data/raw/germany/identity_results-report-2005/source.pdf"",""sha256"":""50c5b8da13796d7ae4c85124edb54582b360c76b5984ab113d756eadbe45eed9""},""parser_version"":""germany-production-v1"",""parser_sha256"":""2a8eb3487f392ef83303e7fb9ff246e4c111a7e64a469a6aa9eb21461ae9b1a0"",""fields_covered"":[""contestant_kind"",""lead_party_id"",""membership""],""published_or_derived"":""published"",""decision_basis"":""manual review of official same-election recognition/participation and result column"",""evidence_note"":""Visual transcription of raster party-name cell and Landesliste participation, printed page 18; not OCR/text validation""},{""source_id"":""src-de-bwl-final-archive"",""source_url"":""https://www.bundeswahlleiterin.de/dam/jcr/ce2d2b6a-f211-4355-8eea-355c98cd4e47/btw_kerg.zip"",""source_record_id"":""995e59d1e6aadaa37bc453bf3c82f736fc99d3cdf0fc0b976f938dcd800b82c0:btw2005_kerg.csv:340:73"",""retrieved_at"":""2026-10-01T23:21:39.584Z"",""raw_snapshot"":{""path"":""docs/political-data/raw/germany/2026-10-01T23-21-39-584Z_02e7077f9358c9ef/final-results.zip"",""sha256"":""02e7077f9358c9ef408741ee5d17123a43c28ea766b26a7ab338c08fcaeb7512""},""parser_version"":""germany-production-v1"",""parser_sha256"":""2a8eb3487f392ef83303e7fb9ff246e4c111a7e64a469a6aa9eb21461ae9b1a0"",""fields_covered"":[""historical_display_label""],""published_or_derived"":""published"",""label_basis"":""verbatim_election_specific_source"",""label_evidence"":[{""member"":""btw2005_kerg.csv"",""sha256"":""995e59d1e6aadaa37bc453bf3c82f736fc99d3cdf0fc0b976f938dcd800b82c0"",""column"":73,""record_id"":""995e59d1e6aadaa37bc453bf3c82f736fc99d3cdf0fc0b976f938dcd800b82c0:btw2005_kerg.csv:340:73""}]}]","{""decision_file"":""docs/political-data/germany_production_acceptance.json"",""reviewer"":""germany_source_review"",""reviewed_at"":""2026-10-02"",""scope"":""same_election_only_no_continuity""}"
"ct-de-0039","germany","el-de-bt-2005-09-18","party_list","BüSo","BüSo",,"requires_manual_review","false","[{""source_id"":""src-de-bwl-final-archive"",""source_url"":""https://www.bundeswahlleiterin.de/dam/jcr/ce2d2b6a-f211-4355-8eea-355c98cd4e47/btw_kerg.zip"",""source_record_id"":""995e59d1e6aadaa37bc453bf3c82f736fc99d3cdf0fc0b976f938dcd800b82c0:btw2005_kerg.csv:340:77"",""retrieved_at"":""2026-10-01T23:21:39.584Z"",""raw_snapshot"":{""path"":""docs/political-data/raw/germany/2026-10-01T23-21-39-584Z_02e7077f9358c9ef/final-results.zip"",""sha256"":""02e7077f9358c9ef408741ee5d17123a43c28ea766b26a7ab338c08fcaeb7512""},""parser_version"":""germany-production-v1"",""parser_sha256"":""2a8eb3487f392ef83303e7fb9ff246e4c111a7e64a469a6aa9eb21461ae9b1a0"",""fields_covered"":[""second_votes"",""registered_label_native""],""published_or_derived"":""published"",""source_member"":""btw2005_kerg.csv"",""source_member_sha256"":""995e59d1e6aadaa37bc453bf3c82f736fc99d3cdf0fc0b976f938dcd800b82c0"",""source_column"":77},{""source_id"":""src-de-bwl-results-report-2005"",""source_url"":""https://www.statistischebibliothek.de/mir/servlets/MCRFileNodeServlet/DEHeft_derivate_00016115/Heft_5.pdf"",""source_record_id"":""src-de-bwl-results-report-2005:pdf-page:19:table:2:row:15"",""retrieved_at"":""2026-10-02T09:54:30.964Z"",""raw_snapshot"":{""path"":""docs/political-data/raw/germany/identity_results-report-2005/source.pdf"",""sha256"":""50c5b8da13796d7ae4c85124edb54582b360c76b5984ab113d756eadbe45eed9""},""parser_version"":""germany-production-v1"",""parser_sha256"":""2a8eb3487f392ef83303e7fb9ff246e4c111a7e64a469a6aa9eb21461ae9b1a0"",""fields_covered"":[""contestant_kind"",""lead_party_id"",""membership""],""published_or_derived"":""published"",""decision_basis"":""manual review of official same-election recognition/participation and result column"",""evidence_note"":""Visual transcription of raster party-name cell and Landesliste participation, printed page 18; not OCR/text validation""},{""source_id"":""src-de-bwl-final-archive"",""source_url"":""https://www.bundeswahlleiterin.de/dam/jcr/ce2d2b6a-f211-4355-8eea-355c98cd4e47/btw_kerg.zip"",""source_record_id"":""995e59d1e6aadaa37bc453bf3c82f736fc99d3cdf0fc0b976f938dcd800b82c0:btw2005_kerg.csv:340:77"",""retrieved_at"":""2026-10-01T23:21:39.584Z"",""raw_snapshot"":{""path"":""docs/political-data/raw/germany/2026-10-01T23-21-39-584Z_02e7077f9358c9ef/final-results.zip"",""sha256"":""02e7077f9358c9ef408741ee5d17123a43c28ea766b26a7ab338c08fcaeb7512""},""parser_version"":""germany-production-v1"",""parser_sha256"":""2a8eb3487f392ef83303e7fb9ff246e4c111a7e64a469a6aa9eb21461ae9b1a0"",""fields_covered"":[""historical_display_label""],""published_or_derived"":""published"",""label_basis"":""verbatim_election_specific_source"",""label_evidence"":[{""member"":""btw2005_kerg.csv"",""sha256"":""995e59d1e6aadaa37bc453bf3c82f736fc99d3cdf0fc0b976f938dcd800b82c0"",""column"":77,""record_id"":""995e59d1e6aadaa37bc453bf3c82f736fc99d3cdf0fc0b976f938dcd800b82c0:btw2005_kerg.csv:340:77""}]}]","{""decision_file"":""docs/political-data/germany_production_acceptance.json"",""reviewer"":""germany_source_review"",""reviewed_at"":""2026-10-02"",""scope"":""same_election_only_no_continuity""}"
"ct-de-0040","germany","el-de-bt-2005-09-18","party_list","BP","BP",,"requires_manual_review","false","[{""source_id"":""src-de-bwl-final-archive"",""source_url"":""https://www.bundeswahlleiterin.de/dam/jcr/ce2d2b6a-f211-4355-8eea-355c98cd4e47/btw_kerg.zip"",""source_record_id"":""995e59d1e6aadaa37bc453bf3c82f736fc99d3cdf0fc0b976f938dcd800b82c0:btw2005_kerg.csv:340:81"",""retrieved_at"":""2026-10-01T23:21:39.584Z"",""raw_snapshot"":{""path"":""docs/political-data/raw/germany/2026-10-01T23-21-39-584Z_02e7077f9358c9ef/final-results.zip"",""sha256"":""02e7077f9358c9ef408741ee5d17123a43c28ea766b26a7ab338c08fcaeb7512""},""parser_version"":""germany-production-v1"",""parser_sha256"":""2a8eb3487f392ef83303e7fb9ff246e4c111a7e64a469a6aa9eb21461ae9b1a0"",""fields_covered"":[""second_votes"",""registered_label_native""],""published_or_derived"":""published"",""source_member"":""btw2005_kerg.csv"",""source_member_sha256"":""995e59d1e6aadaa37bc453bf3c82f736fc99d3cdf0fc0b976f938dcd800b82c0"",""source_column"":81},{""source_id"":""src-de-bwl-results-report-2005"",""source_url"":""https://www.statistischebibliothek.de/mir/servlets/MCRFileNodeServlet/DEHeft_derivate_00016115/Heft_5.pdf"",""source_record_id"":""src-de-bwl-results-report-2005:pdf-page:19:table:2:row:16"",""retrieved_at"":""2026-10-02T09:54:30.964Z"",""raw_snapshot"":{""path"":""docs/political-data/raw/germany/identity_results-report-2005/source.pdf"",""sha256"":""50c5b8da13796d7ae4c85124edb54582b360c76b5984ab113d756eadbe45eed9""},""parser_version"":""germany-production-v1"",""parser_sha256"":""2a8eb3487f392ef83303e7fb9ff246e4c111a7e64a469a6aa9eb21461ae9b1a0"",""fields_covered"":[""contestant_kind"",""lead_party_id"",""membership""],""published_or_derived"":""published"",""decision_basis"":""manual review of official same-election recognition/participation and result column"",""evidence_note"":""Visual transcription of raster party-name cell and Landesliste participation, printed page 18; not OCR/text validation""},{""source_id"":""src-de-bwl-final-archive"",""source_url"":""https://www.bundeswahlleiterin.de/dam/jcr/ce2d2b6a-f211-4355-8eea-355c98cd4e47/btw_kerg.zip"",""source_record_id"":""995e59d1e6aadaa37bc453bf3c82f736fc99d3cdf0fc0b976f938dcd800b82c0:btw2005_kerg.csv:340:81"",""retrieved_at"":""2026-10-01T23:21:39.584Z"",""raw_snapshot"":{""path"":""docs/political-data/raw/germany/2026-10-01T23-21-39-584Z_02e7077f9358c9ef/final-results.zip"",""sha256"":""02e7077f9358c9ef408741ee5d17123a43c28ea766b26a7ab338c08fcaeb7512""},""parser_version"":""germany-production-v1"",""parser_sha256"":""2a8eb3487f392ef83303e7fb9ff246e4c111a7e64a469a6aa9eb21461ae9b1a0"",""fields_covered"":[""historical_display_label""],""published_or_derived"":""published"",""label_basis"":""verbatim_election_specific_source"",""label_evidence"":[{""member"":""btw2005_kerg.csv"",""sha256"":""995e59d1e6aadaa37bc453bf3c82f736fc99d3cdf0fc0b976f938dcd800b82c0"",""column"":81,""record_id"":""995e59d1e6aadaa37bc453bf3c82f736fc99d3cdf0fc0b976f938dcd800b82c0:btw2005_kerg.csv:340:81""}]}]","{""decision_file"":""docs/political-data/germany_production_acceptance.json"",""reviewer"":""germany_source_review"",""reviewed_at"":""2026-10-02"",""scope"":""same_election_only_no_continuity""}"
"ct-de-0041","germany","el-de-bt-2005-09-18","party_list","ZENTRUM","ZENTRUM",,"requires_manual_review","false","[{""source_id"":""src-de-bwl-final-archive"",""source_url"":""https://www.bundeswahlleiterin.de/dam/jcr/ce2d2b6a-f211-4355-8eea-355c98cd4e47/btw_kerg.zip"",""source_record_id"":""995e59d1e6aadaa37bc453bf3c82f736fc99d3cdf0fc0b976f938dcd800b82c0:btw2005_kerg.csv:340:85"",""retrieved_at"":""2026-10-01T23:21:39.584Z"",""raw_snapshot"":{""path"":""docs/political-data/raw/germany/2026-10-01T23-21-39-584Z_02e7077f9358c9ef/final-results.zip"",""sha256"":""02e7077f9358c9ef408741ee5d17123a43c28ea766b26a7ab338c08fcaeb7512""},""parser_version"":""germany-production-v1"",""parser_sha256"":""2a8eb3487f392ef83303e7fb9ff246e4c111a7e64a469a6aa9eb21461ae9b1a0"",""fields_covered"":[""second_votes"",""registered_label_native""],""published_or_derived"":""published"",""source_member"":""btw2005_kerg.csv"",""source_member_sha256"":""995e59d1e6aadaa37bc453bf3c82f736fc99d3cdf0fc0b976f938dcd800b82c0"",""source_column"":85},{""source_id"":""src-de-bwl-results-report-2005"",""source_url"":""https://www.statistischebibliothek.de/mir/servlets/MCRFileNodeServlet/DEHeft_derivate_00016115/Heft_5.pdf"",""source_record_id"":""src-de-bwl-results-report-2005:pdf-page:19:table:2:row:17"",""retrieved_at"":""2026-10-02T09:54:30.964Z"",""raw_snapshot"":{""path"":""docs/political-data/raw/germany/identity_results-report-2005/source.pdf"",""sha256"":""50c5b8da13796d7ae4c85124edb54582b360c76b5984ab113d756eadbe45eed9""},""parser_version"":""germany-production-v1"",""parser_sha256"":""2a8eb3487f392ef83303e7fb9ff246e4c111a7e64a469a6aa9eb21461ae9b1a0"",""fields_covered"":[""contestant_kind"",""lead_party_id"",""membership""],""published_or_derived"":""published"",""decision_basis"":""manual review of official same-election recognition/participation and result column"",""evidence_note"":""Visual transcription of raster party-name cell and Landesliste participation, printed page 18; not OCR/text validation""},{""source_id"":""src-de-bwl-final-archive"",""source_url"":""https://www.bundeswahlleiterin.de/dam/jcr/ce2d2b6a-f211-4355-8eea-355c98cd4e47/btw_kerg.zip"",""source_record_id"":""995e59d1e6aadaa37bc453bf3c82f736fc99d3cdf0fc0b976f938dcd800b82c0:btw2005_kerg.csv:340:85"",""retrieved_at"":""2026-10-01T23:21:39.584Z"",""raw_snapshot"":{""path"":""docs/political-data/raw/germany/2026-10-01T23-21-39-584Z_02e7077f9358c9ef/final-results.zip"",""sha256"":""02e7077f9358c9ef408741ee5d17123a43c28ea766b26a7ab338c08fcaeb7512""},""parser_version"":""germany-production-v1"",""parser_sha256"":""2a8eb3487f392ef83303e7fb9ff246e4c111a7e64a469a6aa9eb21461ae9b1a0"",""fields_covered"":[""historical_display_label""],""published_or_derived"":""published"",""label_basis"":""verbatim_election_specific_source"",""label_evidence"":[{""member"":""btw2005_kerg.csv"",""sha256"":""995e59d1e6aadaa37bc453bf3c82f736fc99d3cdf0fc0b976f938dcd800b82c0"",""column"":85,""record_id"":""995e59d1e6aadaa37bc453bf3c82f736fc99d3cdf0fc0b976f938dcd800b82c0:btw2005_kerg.csv:340:85""}]}]","{""decision_file"":""docs/political-data/germany_production_acceptance.json"",""reviewer"":""germany_source_review"",""reviewed_at"":""2026-10-02"",""scope"":""same_election_only_no_continuity""}"
"ct-de-0042","germany","el-de-bt-2005-09-18","party_list","Deutschland","Deutschland",,"requires_manual_review","false","[{""source_id"":""src-de-bwl-final-archive"",""source_url"":""https://www.bundeswahlleiterin.de/dam/jcr/ce2d2b6a-f211-4355-8eea-355c98cd4e47/btw_kerg.zip"",""source_record_id"":""995e59d1e6aadaa37bc453bf3c82f736fc99d3cdf0fc0b976f938dcd800b82c0:btw2005_kerg.csv:340:89"",""retrieved_at"":""2026-10-01T23:21:39.584Z"",""raw_snapshot"":{""path"":""docs/political-data/raw/germany/2026-10-01T23-21-39-584Z_02e7077f9358c9ef/final-results.zip"",""sha256"":""02e7077f9358c9ef408741ee5d17123a43c28ea766b26a7ab338c08fcaeb7512""},""parser_version"":""germany-production-v1"",""parser_sha256"":""2a8eb3487f392ef83303e7fb9ff246e4c111a7e64a469a6aa9eb21461ae9b1a0"",""fields_covered"":[""second_votes"",""registered_label_native""],""published_or_derived"":""published"",""source_member"":""btw2005_kerg.csv"",""source_member_sha256"":""995e59d1e6aadaa37bc453bf3c82f736fc99d3cdf0fc0b976f938dcd800b82c0"",""source_column"":89},{""source_id"":""src-de-bwl-results-report-2005"",""source_url"":""https://www.statistischebibliothek.de/mir/servlets/MCRFileNodeServlet/DEHeft_derivate_00016115/Heft_5.pdf"",""source_record_id"":""src-de-bwl-results-report-2005:pdf-page:19:table:2:row:18"",""retrieved_at"":""2026-10-02T09:54:30.964Z"",""raw_snapshot"":{""path"":""docs/political-data/raw/germany/identity_results-report-2005/source.pdf"",""sha256"":""50c5b8da13796d7ae4c85124edb54582b360c76b5984ab113d756eadbe45eed9""},""parser_version"":""germany-production-v1"",""parser_sha256"":""2a8eb3487f392ef83303e7fb9ff246e4c111a7e64a469a6aa9eb21461ae9b1a0"",""fields_covered"":[""contestant_kind"",""lead_party_id"",""membership""],""published_or_derived"":""published"",""decision_basis"":""manual review of official same-election recognition/participation and result column"",""evidence_note"":""Visual transcription of raster party-name cell and Landesliste participation, printed page 18; not OCR/text validation""},{""source_id"":""src-de-bwl-final-archive"",""source_url"":""https://www.bundeswahlleiterin.de/dam/jcr/ce2d2b6a-f211-4355-8eea-355c98cd4e47/btw_kerg.zip"",""source_record_id"":""995e59d1e6aadaa37bc453bf3c82f736fc99d3cdf0fc0b976f938dcd800b82c0:btw2005_kerg.csv:340:89"",""retrieved_at"":""2026-10-01T23:21:39.584Z"",""raw_snapshot"":{""path"":""docs/political-data/raw/germany/2026-10-01T23-21-39-584Z_02e7077f9358c9ef/final-results.zip"",""sha256"":""02e7077f9358c9ef408741ee5d17123a43c28ea766b26a7ab338c08fcaeb7512""},""parser_version"":""germany-production-v1"",""parser_sha256"":""2a8eb3487f392ef83303e7fb9ff246e4c111a7e64a469a6aa9eb21461ae9b1a0"",""fields_covered"":[""historical_display_label""],""published_or_derived"":""published"",""label_basis"":""verbatim_election_specific_source"",""label_evidence"":[{""member"":""btw2005_kerg.csv"",""sha256"":""995e59d1e6aadaa37bc453bf3c82f736fc99d3cdf0fc0b976f938dcd800b82c0"",""column"":89,""record_id"":""995e59d1e6aadaa37bc453bf3c82f736fc99d3cdf0fc0b976f938dcd800b82c0:btw2005_kerg.csv:340:89""}]}]","{""decision_file"":""docs/political-data/germany_production_acceptance.json"",""reviewer"":""germany_source_review"",""reviewed_at"":""2026-10-02"",""scope"":""same_election_only_no_continuity""}"
"ct-de-0043","germany","el-de-bt-2005-09-18","party_list","AGFG","AGFG",,"requires_manual_review","false","[{""source_id"":""src-de-bwl-final-archive"",""source_url"":""https://www.bundeswahlleiterin.de/dam/jcr/ce2d2b6a-f211-4355-8eea-355c98cd4e47/btw_kerg.zip"",""source_record_id"":""995e59d1e6aadaa37bc453bf3c82f736fc99d3cdf0fc0b976f938dcd800b82c0:btw2005_kerg.csv:340:93"",""retrieved_at"":""2026-10-01T23:21:39.584Z"",""raw_snapshot"":{""path"":""docs/political-data/raw/germany/2026-10-01T23-21-39-584Z_02e7077f9358c9ef/final-results.zip"",""sha256"":""02e7077f9358c9ef408741ee5d17123a43c28ea766b26a7ab338c08fcaeb7512""},""parser_version"":""germany-production-v1"",""parser_sha256"":""2a8eb3487f392ef83303e7fb9ff246e4c111a7e64a469a6aa9eb21461ae9b1a0"",""fields_covered"":[""second_votes"",""registered_label_native""],""published_or_derived"":""published"",""source_member"":""btw2005_kerg.csv"",""source_member_sha256"":""995e59d1e6aadaa37bc453bf3c82f736fc99d3cdf0fc0b976f938dcd800b82c0"",""source_column"":93},{""source_id"":""src-de-bwl-results-report-2005"",""source_url"":""https://www.statistischebibliothek.de/mir/servlets/MCRFileNodeServlet/DEHeft_derivate_00016115/Heft_5.pdf"",""source_record_id"":""src-de-bwl-results-report-2005:pdf-page:19:table:2:row:19"",""retrieved_at"":""2026-10-02T09:54:30.964Z"",""raw_snapshot"":{""path"":""docs/political-data/raw/germany/identity_results-report-2005/source.pdf"",""sha256"":""50c5b8da13796d7ae4c85124edb54582b360c76b5984ab113d756eadbe45eed9""},""parser_version"":""germany-production-v1"",""parser_sha256"":""2a8eb3487f392ef83303e7fb9ff246e4c111a7e64a469a6aa9eb21461ae9b1a0"",""fields_covered"":[""contestant_kind"",""lead_party_id"",""membership""],""published_or_derived"":""published"",""decision_basis"":""manual review of official same-election recognition/participation and result column"",""evidence_note"":""Visual transcription of raster party-name cell and Landesliste participation, printed page 18; not OCR/text validation""},{""source_id"":""src-de-bwl-final-archive"",""source_url"":""https://www.bundeswahlleiterin.de/dam/jcr/ce2d2b6a-f211-4355-8eea-355c98cd4e47/btw_kerg.zip"",""source_record_id"":""995e59d1e6aadaa37bc453bf3c82f736fc99d3cdf0fc0b976f938dcd800b82c0:btw2005_kerg.csv:340:93"",""retrieved_at"":""2026-10-01T23:21:39.584Z"",""raw_snapshot"":{""path"":""docs/political-data/raw/germany/2026-10-01T23-21-39-584Z_02e7077f9358c9ef/final-results.zip"",""sha256"":""02e7077f9358c9ef408741ee5d17123a43c28ea766b26a7ab338c08fcaeb7512""},""parser_version"":""germany-production-v1"",""parser_sha256"":""2a8eb3487f392ef83303e7fb9ff246e4c111a7e64a469a6aa9eb21461ae9b1a0"",""fields_covered"":[""historical_display_label""],""published_or_derived"":""published"",""label_basis"":""verbatim_election_specific_source"",""label_evidence"":[{""member"":""btw2005_kerg.csv"",""sha256"":""995e59d1e6aadaa37bc453bf3c82f736fc99d3cdf0fc0b976f938dcd800b82c0"",""column"":93,""record_id"":""995e59d1e6aadaa37bc453bf3c82f736fc99d3cdf0fc0b976f938dcd800b82c0:btw2005_kerg.csv:340:93""}]}]","{""decision_file"":""docs/political-data/germany_production_acceptance.json"",""reviewer"":""germany_source_review"",""reviewed_at"":""2026-10-02"",""scope"":""same_election_only_no_continuity""}"
"ct-de-0044","germany","el-de-bt-2005-09-18","party_list","APPD","APPD",,"requires_manual_review","false","[{""source_id"":""src-de-bwl-final-archive"",""source_url"":""https://www.bundeswahlleiterin.de/dam/jcr/ce2d2b6a-f211-4355-8eea-355c98cd4e47/btw_kerg.zip"",""source_record_id"":""995e59d1e6aadaa37bc453bf3c82f736fc99d3cdf0fc0b976f938dcd800b82c0:btw2005_kerg.csv:340:97"",""retrieved_at"":""2026-10-01T23:21:39.584Z"",""raw_snapshot"":{""path"":""docs/political-data/raw/germany/2026-10-01T23-21-39-584Z_02e7077f9358c9ef/final-results.zip"",""sha256"":""02e7077f9358c9ef408741ee5d17123a43c28ea766b26a7ab338c08fcaeb7512""},""parser_version"":""germany-production-v1"",""parser_sha256"":""2a8eb3487f392ef83303e7fb9ff246e4c111a7e64a469a6aa9eb21461ae9b1a0"",""fields_covered"":[""second_votes"",""registered_label_native""],""published_or_derived"":""published"",""source_member"":""btw2005_kerg.csv"",""source_member_sha256"":""995e59d1e6aadaa37bc453bf3c82f736fc99d3cdf0fc0b976f938dcd800b82c0"",""source_column"":97},{""source_id"":""src-de-bwl-results-report-2005"",""source_url"":""https://www.statistischebibliothek.de/mir/servlets/MCRFileNodeServlet/DEHeft_derivate_00016115/Heft_5.pdf"",""source_record_id"":""src-de-bwl-results-report-2005:pdf-page:19:table:2:row:20"",""retrieved_at"":""2026-10-02T09:54:30.964Z"",""raw_snapshot"":{""path"":""docs/political-data/raw/germany/identity_results-report-2005/source.pdf"",""sha256"":""50c5b8da13796d7ae4c85124edb54582b360c76b5984ab113d756eadbe45eed9""},""parser_version"":""germany-production-v1"",""parser_sha256"":""2a8eb3487f392ef83303e7fb9ff246e4c111a7e64a469a6aa9eb21461ae9b1a0"",""fields_covered"":[""contestant_kind"",""lead_party_id"",""membership""],""published_or_derived"":""published"",""decision_basis"":""manual review of official same-election recognition/participation and result column"",""evidence_note"":""Visual transcription of raster party-name cell and Landesliste participation, printed page 18; not OCR/text validation""},{""source_id"":""src-de-bwl-final-archive"",""source_url"":""https://www.bundeswahlleiterin.de/dam/jcr/ce2d2b6a-f211-4355-8eea-355c98cd4e47/btw_kerg.zip"",""source_record_id"":""995e59d1e6aadaa37bc453bf3c82f736fc99d3cdf0fc0b976f938dcd800b82c0:btw2005_kerg.csv:340:97"",""retrieved_at"":""2026-10-01T23:21:39.584Z"",""raw_snapshot"":{""path"":""docs/political-data/raw/germany/2026-10-01T23-21-39-584Z_02e7077f9358c9ef/final-results.zip"",""sha256"":""02e7077f9358c9ef408741ee5d17123a43c28ea766b26a7ab338c08fcaeb7512""},""parser_version"":""germany-production-v1"",""parser_sha256"":""2a8eb3487f392ef83303e7fb9ff246e4c111a7e64a469a6aa9eb21461ae9b1a0"",""fields_covered"":[""historical_display_label""],""published_or_derived"":""published"",""label_basis"":""verbatim_election_specific_source"",""label_evidence"":[{""member"":""btw2005_kerg.csv"",""sha256"":""995e59d1e6aadaa37bc453bf3c82f736fc99d3cdf0fc0b976f938dcd800b82c0"",""column"":97,""record_id"":""995e59d1e6aadaa37bc453bf3c82f736fc99d3cdf0fc0b976f938dcd800b82c0:btw2005_kerg.csv:340:97""}]}]","{""decision_file"":""docs/political-data/germany_production_acceptance.json"",""reviewer"":""germany_source_review"",""reviewed_at"":""2026-10-02"",""scope"":""same_election_only_no_continuity""}"
"ct-de-0045","germany","el-de-bt-2005-09-18","party_list","50Plus","50Plus",,"requires_manual_review","false","[{""source_id"":""src-de-bwl-final-archive"",""source_url"":""https://www.bundeswahlleiterin.de/dam/jcr/ce2d2b6a-f211-4355-8eea-355c98cd4e47/btw_kerg.zip"",""source_record_id"":""995e59d1e6aadaa37bc453bf3c82f736fc99d3cdf0fc0b976f938dcd800b82c0:btw2005_kerg.csv:340:101"",""retrieved_at"":""2026-10-01T23:21:39.584Z"",""raw_snapshot"":{""path"":""docs/political-data/raw/germany/2026-10-01T23-21-39-584Z_02e7077f9358c9ef/final-results.zip"",""sha256"":""02e7077f9358c9ef408741ee5d17123a43c28ea766b26a7ab338c08fcaeb7512""},""parser_version"":""germany-production-v1"",""parser_sha256"":""2a8eb3487f392ef83303e7fb9ff246e4c111a7e64a469a6aa9eb21461ae9b1a0"",""fields_covered"":[""second_votes"",""registered_label_native""],""published_or_derived"":""published"",""source_member"":""btw2005_kerg.csv"",""source_member_sha256"":""995e59d1e6aadaa37bc453bf3c82f736fc99d3cdf0fc0b976f938dcd800b82c0"",""source_column"":101},{""source_id"":""src-de-bwl-results-report-2005"",""source_url"":""https://www.statistischebibliothek.de/mir/servlets/MCRFileNodeServlet/DEHeft_derivate_00016115/Heft_5.pdf"",""source_record_id"":""src-de-bwl-results-report-2005:pdf-page:19:table:2:row:21"",""retrieved_at"":""2026-10-02T09:54:30.964Z"",""raw_snapshot"":{""path"":""docs/political-data/raw/germany/identity_results-report-2005/source.pdf"",""sha256"":""50c5b8da13796d7ae4c85124edb54582b360c76b5984ab113d756eadbe45eed9""},""parser_version"":""germany-production-v1"",""parser_sha256"":""2a8eb3487f392ef83303e7fb9ff246e4c111a7e64a469a6aa9eb21461ae9b1a0"",""fields_covered"":[""contestant_kind"",""lead_party_id"",""membership""],""published_or_derived"":""published"",""decision_basis"":""manual review of official same-election recognition/participation and result column"",""evidence_note"":""Visual transcription of raster party-name cell and Landesliste participation, printed page 18; not OCR/text validation""},{""source_id"":""src-de-bwl-final-archive"",""source_url"":""https://www.bundeswahlleiterin.de/dam/jcr/ce2d2b6a-f211-4355-8eea-355c98cd4e47/btw_kerg.zip"",""source_record_id"":""995e59d1e6aadaa37bc453bf3c82f736fc99d3cdf0fc0b976f938dcd800b82c0:btw2005_kerg.csv:340:101"",""retrieved_at"":""2026-10-01T23:21:39.584Z"",""raw_snapshot"":{""path"":""docs/political-data/raw/germany/2026-10-01T23-21-39-584Z_02e7077f9358c9ef/final-results.zip"",""sha256"":""02e7077f9358c9ef408741ee5d17123a43c28ea766b26a7ab338c08fcaeb7512""},""parser_version"":""germany-production-v1"",""parser_sha256"":""2a8eb3487f392ef83303e7fb9ff246e4c111a7e64a469a6aa9eb21461ae9b1a0"",""fields_covered"":[""historical_display_label""],""published_or_derived"":""published"",""label_basis"":""verbatim_election_specific_source"",""label_evidence"":[{""member"":""btw2005_kerg.csv"",""sha256"":""995e59d1e6aadaa37bc453bf3c82f736fc99d3cdf0fc0b976f938dcd800b82c0"",""column"":101,""record_id"":""995e59d1e6aadaa37bc453bf3c82f736fc99d3cdf0fc0b976f938dcd800b82c0:btw2005_kerg.csv:340:101""}]}]","{""decision_file"":""docs/political-data/germany_production_acceptance.json"",""reviewer"":""germany_source_review"",""reviewed_at"":""2026-10-02"",""scope"":""same_election_only_no_continuity""}"
"ct-de-0046","germany","el-de-bt-2005-09-18","party_list","MLPD","MLPD",,"requires_manual_review","false","[{""source_id"":""src-de-bwl-final-archive"",""source_url"":""https://www.bundeswahlleiterin.de/dam/jcr/ce2d2b6a-f211-4355-8eea-355c98cd4e47/btw_kerg.zip"",""source_record_id"":""995e59d1e6aadaa37bc453bf3c82f736fc99d3cdf0fc0b976f938dcd800b82c0:btw2005_kerg.csv:340:105"",""retrieved_at"":""2026-10-01T23:21:39.584Z"",""raw_snapshot"":{""path"":""docs/political-data/raw/germany/2026-10-01T23-21-39-584Z_02e7077f9358c9ef/final-results.zip"",""sha256"":""02e7077f9358c9ef408741ee5d17123a43c28ea766b26a7ab338c08fcaeb7512""},""parser_version"":""germany-production-v1"",""parser_sha256"":""2a8eb3487f392ef83303e7fb9ff246e4c111a7e64a469a6aa9eb21461ae9b1a0"",""fields_covered"":[""second_votes"",""registered_label_native""],""published_or_derived"":""published"",""source_member"":""btw2005_kerg.csv"",""source_member_sha256"":""995e59d1e6aadaa37bc453bf3c82f736fc99d3cdf0fc0b976f938dcd800b82c0"",""source_column"":105},{""source_id"":""src-de-bwl-results-report-2005"",""source_url"":""https://www.statistischebibliothek.de/mir/servlets/MCRFileNodeServlet/DEHeft_derivate_00016115/Heft_5.pdf"",""source_record_id"":""src-de-bwl-results-report-2005:pdf-page:19:table:2:row:22"",""retrieved_at"":""2026-10-02T09:54:30.964Z"",""raw_snapshot"":{""path"":""docs/political-data/raw/germany/identity_results-report-2005/source.pdf"",""sha256"":""50c5b8da13796d7ae4c85124edb54582b360c76b5984ab113d756eadbe45eed9""},""parser_version"":""germany-production-v1"",""parser_sha256"":""2a8eb3487f392ef83303e7fb9ff246e4c111a7e64a469a6aa9eb21461ae9b1a0"",""fields_covered"":[""contestant_kind"",""lead_party_id"",""membership""],""published_or_derived"":""published"",""decision_basis"":""manual review of official same-election recognition/participation and result column"",""evidence_note"":""Visual transcription of raster party-name cell and Landesliste participation, printed page 18; not OCR/text validation""},{""source_id"":""src-de-bwl-final-archive"",""source_url"":""https://www.bundeswahlleiterin.de/dam/jcr/ce2d2b6a-f211-4355-8eea-355c98cd4e47/btw_kerg.zip"",""source_record_id"":""995e59d1e6aadaa37bc453bf3c82f736fc99d3cdf0fc0b976f938dcd800b82c0:btw2005_kerg.csv:340:105"",""retrieved_at"":""2026-10-01T23:21:39.584Z"",""raw_snapshot"":{""path"":""docs/political-data/raw/germany/2026-10-01T23-21-39-584Z_02e7077f9358c9ef/final-results.zip"",""sha256"":""02e7077f9358c9ef408741ee5d17123a43c28ea766b26a7ab338c08fcaeb7512""},""parser_version"":""germany-production-v1"",""parser_sha256"":""2a8eb3487f392ef83303e7fb9ff246e4c111a7e64a469a6aa9eb21461ae9b1a0"",""fields_covered"":[""historical_display_label""],""published_or_derived"":""published"",""label_basis"":""verbatim_election_specific_source"",""label_evidence"":[{""member"":""btw2005_kerg.csv"",""sha256"":""995e59d1e6aadaa37bc453bf3c82f736fc99d3cdf0fc0b976f938dcd800b82c0"",""column"":105,""record_id"":""995e59d1e6aadaa37bc453bf3c82f736fc99d3cdf0fc0b976f938dcd800b82c0:btw2005_kerg.csv:340:105""}]}]","{""decision_file"":""docs/political-data/germany_production_acceptance.json"",""reviewer"":""germany_source_review"",""reviewed_at"":""2026-10-02"",""scope"":""same_election_only_no_continuity""}"
"ct-de-0047","germany","el-de-bt-2005-09-18","party_list","Die PARTEI","Die PARTEI",,"requires_manual_review","false","[{""source_id"":""src-de-bwl-final-archive"",""source_url"":""https://www.bundeswahlleiterin.de/dam/jcr/ce2d2b6a-f211-4355-8eea-355c98cd4e47/btw_kerg.zip"",""source_record_id"":""995e59d1e6aadaa37bc453bf3c82f736fc99d3cdf0fc0b976f938dcd800b82c0:btw2005_kerg.csv:340:109"",""retrieved_at"":""2026-10-01T23:21:39.584Z"",""raw_snapshot"":{""path"":""docs/political-data/raw/germany/2026-10-01T23-21-39-584Z_02e7077f9358c9ef/final-results.zip"",""sha256"":""02e7077f9358c9ef408741ee5d17123a43c28ea766b26a7ab338c08fcaeb7512""},""parser_version"":""germany-production-v1"",""parser_sha256"":""2a8eb3487f392ef83303e7fb9ff246e4c111a7e64a469a6aa9eb21461ae9b1a0"",""fields_covered"":[""second_votes"",""registered_label_native""],""published_or_derived"":""published"",""source_member"":""btw2005_kerg.csv"",""source_member_sha256"":""995e59d1e6aadaa37bc453bf3c82f736fc99d3cdf0fc0b976f938dcd800b82c0"",""source_column"":109},{""source_id"":""src-de-bwl-results-report-2005"",""source_url"":""https://www.statistischebibliothek.de/mir/servlets/MCRFileNodeServlet/DEHeft_derivate_00016115/Heft_5.pdf"",""source_record_id"":""src-de-bwl-results-report-2005:pdf-page:19:table:2:row:23"",""retrieved_at"":""2026-10-02T09:54:30.964Z"",""raw_snapshot"":{""path"":""docs/political-data/raw/germany/identity_results-report-2005/source.pdf"",""sha256"":""50c5b8da13796d7ae4c85124edb54582b360c76b5984ab113d756eadbe45eed9""},""parser_version"":""germany-production-v1"",""parser_sha256"":""2a8eb3487f392ef83303e7fb9ff246e4c111a7e64a469a6aa9eb21461ae9b1a0"",""fields_covered"":[""contestant_kind"",""lead_party_id"",""membership""],""published_or_derived"":""published"",""decision_basis"":""manual review of official same-election recognition/participation and result column"",""evidence_note"":""Visual transcription of raster party-name cell and Landesliste participation, printed page 18; not OCR/text validation""},{""source_id"":""src-de-bwl-final-archive"",""source_url"":""https://www.bundeswahlleiterin.de/dam/jcr/ce2d2b6a-f211-4355-8eea-355c98cd4e47/btw_kerg.zip"",""source_record_id"":""995e59d1e6aadaa37bc453bf3c82f736fc99d3cdf0fc0b976f938dcd800b82c0:btw2005_kerg.csv:340:109"",""retrieved_at"":""2026-10-01T23:21:39.584Z"",""raw_snapshot"":{""path"":""docs/political-data/raw/germany/2026-10-01T23-21-39-584Z_02e7077f9358c9ef/final-results.zip"",""sha256"":""02e7077f9358c9ef408741ee5d17123a43c28ea766b26a7ab338c08fcaeb7512""},""parser_version"":""germany-production-v1"",""parser_sha256"":""2a8eb3487f392ef83303e7fb9ff246e4c111a7e64a469a6aa9eb21461ae9b1a0"",""fields_covered"":[""historical_display_label""],""published_or_derived"":""published"",""label_basis"":""verbatim_election_specific_source"",""label_evidence"":[{""member"":""btw2005_kerg.csv"",""sha256"":""995e59d1e6aadaa37bc453bf3c82f736fc99d3cdf0fc0b976f938dcd800b82c0"",""column"":109,""record_id"":""995e59d1e6aadaa37bc453bf3c82f736fc99d3cdf0fc0b976f938dcd800b82c0:btw2005_kerg.csv:340:109""}]}]","{""decision_file"":""docs/political-data/germany_production_acceptance.json"",""reviewer"":""germany_source_review"",""reviewed_at"":""2026-10-02"",""scope"":""same_election_only_no_continuity""}"
"ct-de-0048","germany","el-de-bt-2005-09-18","party_list","PSG","PSG",,"requires_manual_review","false","[{""source_id"":""src-de-bwl-final-archive"",""source_url"":""https://www.bundeswahlleiterin.de/dam/jcr/ce2d2b6a-f211-4355-8eea-355c98cd4e47/btw_kerg.zip"",""source_record_id"":""995e59d1e6aadaa37bc453bf3c82f736fc99d3cdf0fc0b976f938dcd800b82c0:btw2005_kerg.csv:340:113"",""retrieved_at"":""2026-10-01T23:21:39.584Z"",""raw_snapshot"":{""path"":""docs/political-data/raw/germany/2026-10-01T23-21-39-584Z_02e7077f9358c9ef/final-results.zip"",""sha256"":""02e7077f9358c9ef408741ee5d17123a43c28ea766b26a7ab338c08fcaeb7512""},""parser_version"":""germany-production-v1"",""parser_sha256"":""2a8eb3487f392ef83303e7fb9ff246e4c111a7e64a469a6aa9eb21461ae9b1a0"",""fields_covered"":[""second_votes"",""registered_label_native""],""published_or_derived"":""published"",""source_member"":""btw2005_kerg.csv"",""source_member_sha256"":""995e59d1e6aadaa37bc453bf3c82f736fc99d3cdf0fc0b976f938dcd800b82c0"",""source_column"":113},{""source_id"":""src-de-bwl-results-report-2005"",""source_url"":""https://www.statistischebibliothek.de/mir/servlets/MCRFileNodeServlet/DEHeft_derivate_00016115/Heft_5.pdf"",""source_record_id"":""src-de-bwl-results-report-2005:pdf-page:19:table:2:row:24"",""retrieved_at"":""2026-10-02T09:54:30.964Z"",""raw_snapshot"":{""path"":""docs/political-data/raw/germany/identity_results-report-2005/source.pdf"",""sha256"":""50c5b8da13796d7ae4c85124edb54582b360c76b5984ab113d756eadbe45eed9""},""parser_version"":""germany-production-v1"",""parser_sha256"":""2a8eb3487f392ef83303e7fb9ff246e4c111a7e64a469a6aa9eb21461ae9b1a0"",""fields_covered"":[""contestant_kind"",""lead_party_id"",""membership""],""published_or_derived"":""published"",""decision_basis"":""manual review of official same-election recognition/participation and result column"",""evidence_note"":""Visual transcription of raster party-name cell and Landesliste participation, printed page 18; not OCR/text validation""},{""source_id"":""src-de-bwl-final-archive"",""source_url"":""https://www.bundeswahlleiterin.de/dam/jcr/ce2d2b6a-f211-4355-8eea-355c98cd4e47/btw_kerg.zip"",""source_record_id"":""995e59d1e6aadaa37bc453bf3c82f736fc99d3cdf0fc0b976f938dcd800b82c0:btw2005_kerg.csv:340:113"",""retrieved_at"":""2026-10-01T23:21:39.584Z"",""raw_snapshot"":{""path"":""docs/political-data/raw/germany/2026-10-01T23-21-39-584Z_02e7077f9358c9ef/final-results.zip"",""sha256"":""02e7077f9358c9ef408741ee5d17123a43c28ea766b26a7ab338c08fcaeb7512""},""parser_version"":""germany-production-v1"",""parser_sha256"":""2a8eb3487f392ef83303e7fb9ff246e4c111a7e64a469a6aa9eb21461ae9b1a0"",""fields_covered"":[""historical_display_label""],""published_or_derived"":""published"",""label_basis"":""verbatim_election_specific_source"",""label_evidence"":[{""member"":""btw2005_kerg.csv"",""sha256"":""995e59d1e6aadaa37bc453bf3c82f736fc99d3cdf0fc0b976f938dcd800b82c0"",""column"":113,""record_id"":""995e59d1e6aadaa37bc453bf3c82f736fc99d3cdf0fc0b976f938dcd800b82c0:btw2005_kerg.csv:340:113""}]}]","{""decision_file"":""docs/political-data/germany_production_acceptance.json"",""reviewer"":""germany_source_review"",""reviewed_at"":""2026-10-02"",""scope"":""same_election_only_no_continuity""}"
"ct-de-0049","germany","el-de-bt-2005-09-18","party_list","Pro DM","Pro DM",,"requires_manual_review","false","[{""source_id"":""src-de-bwl-final-archive"",""source_url"":""https://www.bundeswahlleiterin.de/dam/jcr/ce2d2b6a-f211-4355-8eea-355c98cd4e47/btw_kerg.zip"",""source_record_id"":""995e59d1e6aadaa37bc453bf3c82f736fc99d3cdf0fc0b976f938dcd800b82c0:btw2005_kerg.csv:340:117"",""retrieved_at"":""2026-10-01T23:21:39.584Z"",""raw_snapshot"":{""path"":""docs/political-data/raw/germany/2026-10-01T23-21-39-584Z_02e7077f9358c9ef/final-results.zip"",""sha256"":""02e7077f9358c9ef408741ee5d17123a43c28ea766b26a7ab338c08fcaeb7512""},""parser_version"":""germany-production-v1"",""parser_sha256"":""2a8eb3487f392ef83303e7fb9ff246e4c111a7e64a469a6aa9eb21461ae9b1a0"",""fields_covered"":[""second_votes"",""registered_label_native""],""published_or_derived"":""published"",""source_member"":""btw2005_kerg.csv"",""source_member_sha256"":""995e59d1e6aadaa37bc453bf3c82f736fc99d3cdf0fc0b976f938dcd800b82c0"",""source_column"":117},{""source_id"":""src-de-bwl-results-report-2005"",""source_url"":""https://www.statistischebibliothek.de/mir/servlets/MCRFileNodeServlet/DEHeft_derivate_00016115/Heft_5.pdf"",""source_record_id"":""src-de-bwl-results-report-2005:pdf-page:19:table:2:row:25"",""retrieved_at"":""2026-10-02T09:54:30.964Z"",""raw_snapshot"":{""path"":""docs/political-data/raw/germany/identity_results-report-2005/source.pdf"",""sha256"":""50c5b8da13796d7ae4c85124edb54582b360c76b5984ab113d756eadbe45eed9""},""parser_version"":""germany-production-v1"",""parser_sha256"":""2a8eb3487f392ef83303e7fb9ff246e4c111a7e64a469a6aa9eb21461ae9b1a0"",""fields_covered"":[""contestant_kind"",""lead_party_id"",""membership""],""published_or_derived"":""published"",""decision_basis"":""manual review of official same-election recognition/participation and result column"",""evidence_note"":""Visual transcription of raster party-name cell and Landesliste participation, printed page 18; not OCR/text validation""},{""source_id"":""src-de-bwl-final-archive"",""source_url"":""https://www.bundeswahlleiterin.de/dam/jcr/ce2d2b6a-f211-4355-8eea-355c98cd4e47/btw_kerg.zip"",""source_record_id"":""995e59d1e6aadaa37bc453bf3c82f736fc99d3cdf0fc0b976f938dcd800b82c0:btw2005_kerg.csv:340:117"",""retrieved_at"":""2026-10-01T23:21:39.584Z"",""raw_snapshot"":{""path"":""docs/political-data/raw/germany/2026-10-01T23-21-39-584Z_02e7077f9358c9ef/final-results.zip"",""sha256"":""02e7077f9358c9ef408741ee5d17123a43c28ea766b26a7ab338c08fcaeb7512""},""parser_version"":""germany-production-v1"",""parser_sha256"":""2a8eb3487f392ef83303e7fb9ff246e4c111a7e64a469a6aa9eb21461ae9b1a0"",""fields_covered"":[""historical_display_label""],""published_or_derived"":""published"",""label_basis"":""verbatim_election_specific_source"",""label_evidence"":[{""member"":""btw2005_kerg.csv"",""sha256"":""995e59d1e6aadaa37bc453bf3c82f736fc99d3cdf0fc0b976f938dcd800b82c0"",""column"":117,""record_id"":""995e59d1e6aadaa37bc453bf3c82f736fc99d3cdf0fc0b976f938dcd800b82c0:btw2005_kerg.csv:340:117""}]}]","{""decision_file"":""docs/political-data/germany_production_acceptance.json"",""reviewer"":""germany_source_review"",""reviewed_at"":""2026-10-02"",""scope"":""same_election_only_no_continuity""}"
"ct-de-0050","germany","el-de-bt-2009-09-27","party_list","SPD","SPD",,"requires_manual_review","false","[{""source_id"":""src-de-bwl-final-archive"",""source_url"":""https://www.bundeswahlleiterin.de/dam/jcr/ce2d2b6a-f211-4355-8eea-355c98cd4e47/btw_kerg.zip"",""source_record_id"":""6d6ea227b02a7407c594634f335b64604f1e4ec64686996cb21b4c24010a2e89:btw2009_kerg.csv:340:21"",""retrieved_at"":""2026-10-01T23:21:39.584Z"",""raw_snapshot"":{""path"":""docs/political-data/raw/germany/2026-10-01T23-21-39-584Z_02e7077f9358c9ef/final-results.zip"",""sha256"":""02e7077f9358c9ef408741ee5d17123a43c28ea766b26a7ab338c08fcaeb7512""},""parser_version"":""germany-production-v1"",""parser_sha256"":""2a8eb3487f392ef83303e7fb9ff246e4c111a7e64a469a6aa9eb21461ae9b1a0"",""fields_covered"":[""second_votes"",""registered_label_native""],""published_or_derived"":""published"",""source_member"":""btw2009_kerg.csv"",""source_member_sha256"":""6d6ea227b02a7407c594634f335b64604f1e4ec64686996cb21b4c24010a2e89"",""source_column"":21},{""source_id"":""src-de-bwl-results-report-2009"",""source_url"":""https://www.bundeswahlleiter.de/dam/jcr/97eabb5b-77d7-44f8-828d-5c4740cc535d/btw09_heft5.pdf"",""source_record_id"":""src-de-bwl-results-report-2009:pdf-page:18:table:3:row:1"",""retrieved_at"":""2026-10-02T09:49:46.922Z"",""raw_snapshot"":{""path"":""docs/political-data/raw/germany/identity_results-report-2009/source.pdf"",""sha256"":""34aeabcf3dbda280c8169d538a968828a98d9bd056949bc3ea50fd8a4cab2793""},""parser_version"":""germany-production-v1"",""parser_sha256"":""2a8eb3487f392ef83303e7fb9ff246e4c111a7e64a469a6aa9eb21461ae9b1a0"",""fields_covered"":[""contestant_kind"",""lead_party_id"",""membership""],""published_or_derived"":""published"",""decision_basis"":""manual review of official same-election recognition/participation and result column"",""evidence_note"":""Same-election participating-party table, printed page 17; full name, abbreviation and Landesliste column visually verified""},{""source_id"":""src-de-bwl-final-archive"",""source_url"":""https://www.bundeswahlleiterin.de/dam/jcr/ce2d2b6a-f211-4355-8eea-355c98cd4e47/btw_kerg.zip"",""source_record_id"":""6d6ea227b02a7407c594634f335b64604f1e4ec64686996cb21b4c24010a2e89:btw2009_kerg.csv:340:21"",""retrieved_at"":""2026-10-01T23:21:39.584Z"",""raw_snapshot"":{""path"":""docs/political-data/raw/germany/2026-10-01T23-21-39-584Z_02e7077f9358c9ef/final-results.zip"",""sha256"":""02e7077f9358c9ef408741ee5d17123a43c28ea766b26a7ab338c08fcaeb7512""},""parser_version"":""germany-production-v1"",""parser_sha256"":""2a8eb3487f392ef83303e7fb9ff246e4c111a7e64a469a6aa9eb21461ae9b1a0"",""fields_covered"":[""historical_display_label""],""published_or_derived"":""published"",""label_basis"":""verbatim_election_specific_source"",""label_evidence"":[{""member"":""btw2009_kerg.csv"",""sha256"":""6d6ea227b02a7407c594634f335b64604f1e4ec64686996cb21b4c24010a2e89"",""column"":21,""record_id"":""6d6ea227b02a7407c594634f335b64604f1e4ec64686996cb21b4c24010a2e89:btw2009_kerg.csv:340:21""}]}]","{""decision_file"":""docs/political-data/germany_production_acceptance.json"",""reviewer"":""germany_source_review"",""reviewed_at"":""2026-10-02"",""scope"":""same_election_only_no_continuity""}"
"ct-de-0051","germany","el-de-bt-2009-09-27","party_list","CDU","CDU",,"requires_manual_review","false","[{""source_id"":""src-de-bwl-final-archive"",""source_url"":""https://www.bundeswahlleiterin.de/dam/jcr/ce2d2b6a-f211-4355-8eea-355c98cd4e47/btw_kerg.zip"",""source_record_id"":""6d6ea227b02a7407c594634f335b64604f1e4ec64686996cb21b4c24010a2e89:btw2009_kerg.csv:340:25"",""retrieved_at"":""2026-10-01T23:21:39.584Z"",""raw_snapshot"":{""path"":""docs/political-data/raw/germany/2026-10-01T23-21-39-584Z_02e7077f9358c9ef/final-results.zip"",""sha256"":""02e7077f9358c9ef408741ee5d17123a43c28ea766b26a7ab338c08fcaeb7512""},""parser_version"":""germany-production-v1"",""parser_sha256"":""2a8eb3487f392ef83303e7fb9ff246e4c111a7e64a469a6aa9eb21461ae9b1a0"",""fields_covered"":[""second_votes"",""registered_label_native""],""published_or_derived"":""published"",""source_member"":""btw2009_kerg.csv"",""source_member_sha256"":""6d6ea227b02a7407c594634f335b64604f1e4ec64686996cb21b4c24010a2e89"",""source_column"":25},{""source_id"":""src-de-bwl-results-report-2009"",""source_url"":""https://www.bundeswahlleiter.de/dam/jcr/97eabb5b-77d7-44f8-828d-5c4740cc535d/btw09_heft5.pdf"",""source_record_id"":""src-de-bwl-results-report-2009:pdf-page:18:table:3:row:2"",""retrieved_at"":""2026-10-02T09:49:46.922Z"",""raw_snapshot"":{""path"":""docs/political-data/raw/germany/identity_results-report-2009/source.pdf"",""sha256"":""34aeabcf3dbda280c8169d538a968828a98d9bd056949bc3ea50fd8a4cab2793""},""parser_version"":""germany-production-v1"",""parser_sha256"":""2a8eb3487f392ef83303e7fb9ff246e4c111a7e64a469a6aa9eb21461ae9b1a0"",""fields_covered"":[""contestant_kind"",""lead_party_id"",""membership""],""published_or_derived"":""published"",""decision_basis"":""manual review of official same-election recognition/participation and result column"",""evidence_note"":""Same-election participating-party table, printed page 17; full name, abbreviation and Landesliste column visually verified""},{""source_id"":""src-de-bwl-final-archive"",""source_url"":""https://www.bundeswahlleiterin.de/dam/jcr/ce2d2b6a-f211-4355-8eea-355c98cd4e47/btw_kerg.zip"",""source_record_id"":""6d6ea227b02a7407c594634f335b64604f1e4ec64686996cb21b4c24010a2e89:btw2009_kerg.csv:340:25"",""retrieved_at"":""2026-10-01T23:21:39.584Z"",""raw_snapshot"":{""path"":""docs/political-data/raw/germany/2026-10-01T23-21-39-584Z_02e7077f9358c9ef/final-results.zip"",""sha256"":""02e7077f9358c9ef408741ee5d17123a43c28ea766b26a7ab338c08fcaeb7512""},""parser_version"":""germany-production-v1"",""parser_sha256"":""2a8eb3487f392ef83303e7fb9ff246e4c111a7e64a469a6aa9eb21461ae9b1a0"",""fields_covered"":[""historical_display_label""],""published_or_derived"":""published"",""label_basis"":""verbatim_election_specific_source"",""label_evidence"":[{""member"":""btw2009_kerg.csv"",""sha256"":""6d6ea227b02a7407c594634f335b64604f1e4ec64686996cb21b4c24010a2e89"",""column"":25,""record_id"":""6d6ea227b02a7407c594634f335b64604f1e4ec64686996cb21b4c24010a2e89:btw2009_kerg.csv:340:25""}]}]","{""decision_file"":""docs/political-data/germany_production_acceptance.json"",""reviewer"":""germany_source_review"",""reviewed_at"":""2026-10-02"",""scope"":""same_election_only_no_continuity""}"
"ct-de-0052","germany","el-de-bt-2009-09-27","party_list","FDP","FDP",,"requires_manual_review","false","[{""source_id"":""src-de-bwl-final-archive"",""source_url"":""https://www.bundeswahlleiterin.de/dam/jcr/ce2d2b6a-f211-4355-8eea-355c98cd4e47/btw_kerg.zip"",""source_record_id"":""6d6ea227b02a7407c594634f335b64604f1e4ec64686996cb21b4c24010a2e89:btw2009_kerg.csv:340:29"",""retrieved_at"":""2026-10-01T23:21:39.584Z"",""raw_snapshot"":{""path"":""docs/political-data/raw/germany/2026-10-01T23-21-39-584Z_02e7077f9358c9ef/final-results.zip"",""sha256"":""02e7077f9358c9ef408741ee5d17123a43c28ea766b26a7ab338c08fcaeb7512""},""parser_version"":""germany-production-v1"",""parser_sha256"":""2a8eb3487f392ef83303e7fb9ff246e4c111a7e64a469a6aa9eb21461ae9b1a0"",""fields_covered"":[""second_votes"",""registered_label_native""],""published_or_derived"":""published"",""source_member"":""btw2009_kerg.csv"",""source_member_sha256"":""6d6ea227b02a7407c594634f335b64604f1e4ec64686996cb21b4c24010a2e89"",""source_column"":29},{""source_id"":""src-de-bwl-results-report-2009"",""source_url"":""https://www.bundeswahlleiter.de/dam/jcr/97eabb5b-77d7-44f8-828d-5c4740cc535d/btw09_heft5.pdf"",""source_record_id"":""src-de-bwl-results-report-2009:pdf-page:18:table:3:row:3"",""retrieved_at"":""2026-10-02T09:49:46.922Z"",""raw_snapshot"":{""path"":""docs/political-data/raw/germany/identity_results-report-2009/source.pdf"",""sha256"":""34aeabcf3dbda280c8169d538a968828a98d9bd056949bc3ea50fd8a4cab2793""},""parser_version"":""germany-production-v1"",""parser_sha256"":""2a8eb3487f392ef83303e7fb9ff246e4c111a7e64a469a6aa9eb21461ae9b1a0"",""fields_covered"":[""contestant_kind"",""lead_party_id"",""membership""],""published_or_derived"":""published"",""decision_basis"":""manual review of official same-election recognition/participation and result column"",""evidence_note"":""Same-election participating-party table, printed page 17; full name, abbreviation and Landesliste column visually verified""},{""source_id"":""src-de-bwl-final-archive"",""source_url"":""https://www.bundeswahlleiterin.de/dam/jcr/ce2d2b6a-f211-4355-8eea-355c98cd4e47/btw_kerg.zip"",""source_record_id"":""6d6ea227b02a7407c594634f335b64604f1e4ec64686996cb21b4c24010a2e89:btw2009_kerg.csv:340:29"",""retrieved_at"":""2026-10-01T23:21:39.584Z"",""raw_snapshot"":{""path"":""docs/political-data/raw/germany/2026-10-01T23-21-39-584Z_02e7077f9358c9ef/final-results.zip"",""sha256"":""02e7077f9358c9ef408741ee5d17123a43c28ea766b26a7ab338c08fcaeb7512""},""parser_version"":""germany-production-v1"",""parser_sha256"":""2a8eb3487f392ef83303e7fb9ff246e4c111a7e64a469a6aa9eb21461ae9b1a0"",""fields_covered"":[""historical_display_label""],""published_or_derived"":""published"",""label_basis"":""verbatim_election_specific_source"",""label_evidence"":[{""member"":""btw2009_kerg.csv"",""sha256"":""6d6ea227b02a7407c594634f335b64604f1e4ec64686996cb21b4c24010a2e89"",""column"":29,""record_id"":""6d6ea227b02a7407c594634f335b64604f1e4ec64686996cb21b4c24010a2e89:btw2009_kerg.csv:340:29""}]}]","{""decision_file"":""docs/political-data/germany_production_acceptance.json"",""reviewer"":""germany_source_review"",""reviewed_at"":""2026-10-02"",""scope"":""same_election_only_no_continuity""}"
"ct-de-0053","germany","el-de-bt-2009-09-27","party_list","DIE LINKE","DIE LINKE",,"requires_manual_review","false","[{""source_id"":""src-de-bwl-final-archive"",""source_url"":""https://www.bundeswahlleiterin.de/dam/jcr/ce2d2b6a-f211-4355-8eea-355c98cd4e47/btw_kerg.zip"",""source_record_id"":""6d6ea227b02a7407c594634f335b64604f1e4ec64686996cb21b4c24010a2e89:btw2009_kerg.csv:340:33"",""retrieved_at"":""2026-10-01T23:21:39.584Z"",""raw_snapshot"":{""path"":""docs/political-data/raw/germany/2026-10-01T23-21-39-584Z_02e7077f9358c9ef/final-results.zip"",""sha256"":""02e7077f9358c9ef408741ee5d17123a43c28ea766b26a7ab338c08fcaeb7512""},""parser_version"":""germany-production-v1"",""parser_sha256"":""2a8eb3487f392ef83303e7fb9ff246e4c111a7e64a469a6aa9eb21461ae9b1a0"",""fields_covered"":[""second_votes"",""registered_label_native""],""published_or_derived"":""published"",""source_member"":""btw2009_kerg.csv"",""source_member_sha256"":""6d6ea227b02a7407c594634f335b64604f1e4ec64686996cb21b4c24010a2e89"",""source_column"":33},{""source_id"":""src-de-bwl-results-report-2009"",""source_url"":""https://www.bundeswahlleiter.de/dam/jcr/97eabb5b-77d7-44f8-828d-5c4740cc535d/btw09_heft5.pdf"",""source_record_id"":""src-de-bwl-results-report-2009:pdf-page:18:table:3:row:4"",""retrieved_at"":""2026-10-02T09:49:46.922Z"",""raw_snapshot"":{""path"":""docs/political-data/raw/germany/identity_results-report-2009/source.pdf"",""sha256"":""34aeabcf3dbda280c8169d538a968828a98d9bd056949bc3ea50fd8a4cab2793""},""parser_version"":""germany-production-v1"",""parser_sha256"":""2a8eb3487f392ef83303e7fb9ff246e4c111a7e64a469a6aa9eb21461ae9b1a0"",""fields_covered"":[""contestant_kind"",""lead_party_id"",""membership""],""published_or_derived"":""published"",""decision_basis"":""manual review of official same-election recognition/participation and result column"",""evidence_note"":""Same-election participating-party table, printed page 17; full name, abbreviation and Landesliste column visually verified""},{""source_id"":""src-de-bwl-final-archive"",""source_url"":""https://www.bundeswahlleiterin.de/dam/jcr/ce2d2b6a-f211-4355-8eea-355c98cd4e47/btw_kerg.zip"",""source_record_id"":""6d6ea227b02a7407c594634f335b64604f1e4ec64686996cb21b4c24010a2e89:btw2009_kerg.csv:340:33"",""retrieved_at"":""2026-10-01T23:21:39.584Z"",""raw_snapshot"":{""path"":""docs/political-data/raw/germany/2026-10-01T23-21-39-584Z_02e7077f9358c9ef/final-results.zip"",""sha256"":""02e7077f9358c9ef408741ee5d17123a43c28ea766b26a7ab338c08fcaeb7512""},""parser_version"":""germany-production-v1"",""parser_sha256"":""2a8eb3487f392ef83303e7fb9ff246e4c111a7e64a469a6aa9eb21461ae9b1a0"",""fields_covered"":[""historical_display_label""],""published_or_derived"":""published"",""label_basis"":""verbatim_election_specific_source"",""label_evidence"":[{""member"":""btw2009_kerg.csv"",""sha256"":""6d6ea227b02a7407c594634f335b64604f1e4ec64686996cb21b4c24010a2e89"",""column"":33,""record_id"":""6d6ea227b02a7407c594634f335b64604f1e4ec64686996cb21b4c24010a2e89:btw2009_kerg.csv:340:33""}]}]","{""decision_file"":""docs/political-data/germany_production_acceptance.json"",""reviewer"":""germany_source_review"",""reviewed_at"":""2026-10-02"",""scope"":""same_election_only_no_continuity""}"
"ct-de-0054","germany","el-de-bt-2009-09-27","party_list","GRÜNE","GRÜNE",,"requires_manual_review","false","[{""source_id"":""src-de-bwl-final-archive"",""source_url"":""https://www.bundeswahlleiterin.de/dam/jcr/ce2d2b6a-f211-4355-8eea-355c98cd4e47/btw_kerg.zip"",""source_record_id"":""6d6ea227b02a7407c594634f335b64604f1e4ec64686996cb21b4c24010a2e89:btw2009_kerg.csv:340:37"",""retrieved_at"":""2026-10-01T23:21:39.584Z"",""raw_snapshot"":{""path"":""docs/political-data/raw/germany/2026-10-01T23-21-39-584Z_02e7077f9358c9ef/final-results.zip"",""sha256"":""02e7077f9358c9ef408741ee5d17123a43c28ea766b26a7ab338c08fcaeb7512""},""parser_version"":""germany-production-v1"",""parser_sha256"":""2a8eb3487f392ef83303e7fb9ff246e4c111a7e64a469a6aa9eb21461ae9b1a0"",""fields_covered"":[""second_votes"",""registered_label_native""],""published_or_derived"":""published"",""source_member"":""btw2009_kerg.csv"",""source_member_sha256"":""6d6ea227b02a7407c594634f335b64604f1e4ec64686996cb21b4c24010a2e89"",""source_column"":37},{""source_id"":""src-de-bwl-results-report-2009"",""source_url"":""https://www.bundeswahlleiter.de/dam/jcr/97eabb5b-77d7-44f8-828d-5c4740cc535d/btw09_heft5.pdf"",""source_record_id"":""src-de-bwl-results-report-2009:pdf-page:18:table:3:row:5"",""retrieved_at"":""2026-10-02T09:49:46.922Z"",""raw_snapshot"":{""path"":""docs/political-data/raw/germany/identity_results-report-2009/source.pdf"",""sha256"":""34aeabcf3dbda280c8169d538a968828a98d9bd056949bc3ea50fd8a4cab2793""},""parser_version"":""germany-production-v1"",""parser_sha256"":""2a8eb3487f392ef83303e7fb9ff246e4c111a7e64a469a6aa9eb21461ae9b1a0"",""fields_covered"":[""contestant_kind"",""lead_party_id"",""membership""],""published_or_derived"":""published"",""decision_basis"":""manual review of official same-election recognition/participation and result column"",""evidence_note"":""Same-election participating-party table, printed page 17; full name, abbreviation and Landesliste column visually verified""},{""source_id"":""src-de-bwl-final-archive"",""source_url"":""https://www.bundeswahlleiterin.de/dam/jcr/ce2d2b6a-f211-4355-8eea-355c98cd4e47/btw_kerg.zip"",""source_record_id"":""6d6ea227b02a7407c594634f335b64604f1e4ec64686996cb21b4c24010a2e89:btw2009_kerg.csv:340:37"",""retrieved_at"":""2026-10-01T23:21:39.584Z"",""raw_snapshot"":{""path"":""docs/political-data/raw/germany/2026-10-01T23-21-39-584Z_02e7077f9358c9ef/final-results.zip"",""sha256"":""02e7077f9358c9ef408741ee5d17123a43c28ea766b26a7ab338c08fcaeb7512""},""parser_version"":""germany-production-v1"",""parser_sha256"":""2a8eb3487f392ef83303e7fb9ff246e4c111a7e64a469a6aa9eb21461ae9b1a0"",""fields_covered"":[""historical_display_label""],""published_or_derived"":""published"",""label_basis"":""verbatim_election_specific_source"",""label_evidence"":[{""member"":""btw2009_kerg.csv"",""sha256"":""6d6ea227b02a7407c594634f335b64604f1e4ec64686996cb21b4c24010a2e89"",""column"":37,""record_id"":""6d6ea227b02a7407c594634f335b64604f1e4ec64686996cb21b4c24010a2e89:btw2009_kerg.csv:340:37""}]}]","{""decision_file"":""docs/political-data/germany_production_acceptance.json"",""reviewer"":""germany_source_review"",""reviewed_at"":""2026-10-02"",""scope"":""same_election_only_no_continuity""}"
"ct-de-0055","germany","el-de-bt-2009-09-27","party_list","CSU","CSU",,"requires_manual_review","false","[{""source_id"":""src-de-bwl-final-archive"",""source_url"":""https://www.bundeswahlleiterin.de/dam/jcr/ce2d2b6a-f211-4355-8eea-355c98cd4e47/btw_kerg.zip"",""source_record_id"":""6d6ea227b02a7407c594634f335b64604f1e4ec64686996cb21b4c24010a2e89:btw2009_kerg.csv:340:41"",""retrieved_at"":""2026-10-01T23:21:39.584Z"",""raw_snapshot"":{""path"":""docs/political-data/raw/germany/2026-10-01T23-21-39-584Z_02e7077f9358c9ef/final-results.zip"",""sha256"":""02e7077f9358c9ef408741ee5d17123a43c28ea766b26a7ab338c08fcaeb7512""},""parser_version"":""germany-production-v1"",""parser_sha256"":""2a8eb3487f392ef83303e7fb9ff246e4c111a7e64a469a6aa9eb21461ae9b1a0"",""fields_covered"":[""second_votes"",""registered_label_native""],""published_or_derived"":""published"",""source_member"":""btw2009_kerg.csv"",""source_member_sha256"":""6d6ea227b02a7407c594634f335b64604f1e4ec64686996cb21b4c24010a2e89"",""source_column"":41},{""source_id"":""src-de-bwl-results-report-2009"",""source_url"":""https://www.bundeswahlleiter.de/dam/jcr/97eabb5b-77d7-44f8-828d-5c4740cc535d/btw09_heft5.pdf"",""source_record_id"":""src-de-bwl-results-report-2009:pdf-page:18:table:3:row:6"",""retrieved_at"":""2026-10-02T09:49:46.922Z"",""raw_snapshot"":{""path"":""docs/political-data/raw/germany/identity_results-report-2009/source.pdf"",""sha256"":""34aeabcf3dbda280c8169d538a968828a98d9bd056949bc3ea50fd8a4cab2793""},""parser_version"":""germany-production-v1"",""parser_sha256"":""2a8eb3487f392ef83303e7fb9ff246e4c111a7e64a469a6aa9eb21461ae9b1a0"",""fields_covered"":[""contestant_kind"",""lead_party_id"",""membership""],""published_or_derived"":""published"",""decision_basis"":""manual review of official same-election recognition/participation and result column"",""evidence_note"":""Same-election participating-party table, printed page 17; full name, abbreviation and Landesliste column visually verified""},{""source_id"":""src-de-bwl-final-archive"",""source_url"":""https://www.bundeswahlleiterin.de/dam/jcr/ce2d2b6a-f211-4355-8eea-355c98cd4e47/btw_kerg.zip"",""source_record_id"":""6d6ea227b02a7407c594634f335b64604f1e4ec64686996cb21b4c24010a2e89:btw2009_kerg.csv:340:41"",""retrieved_at"":""2026-10-01T23:21:39.584Z"",""raw_snapshot"":{""path"":""docs/political-data/raw/germany/2026-10-01T23-21-39-584Z_02e7077f9358c9ef/final-results.zip"",""sha256"":""02e7077f9358c9ef408741ee5d17123a43c28ea766b26a7ab338c08fcaeb7512""},""parser_version"":""germany-production-v1"",""parser_sha256"":""2a8eb3487f392ef83303e7fb9ff246e4c111a7e64a469a6aa9eb21461ae9b1a0"",""fields_covered"":[""historical_display_label""],""published_or_derived"":""published"",""label_basis"":""verbatim_election_specific_source"",""label_evidence"":[{""member"":""btw2009_kerg.csv"",""sha256"":""6d6ea227b02a7407c594634f335b64604f1e4ec64686996cb21b4c24010a2e89"",""column"":41,""record_id"":""6d6ea227b02a7407c594634f335b64604f1e4ec64686996cb21b4c24010a2e89:btw2009_kerg.csv:340:41""}]}]","{""decision_file"":""docs/political-data/germany_production_acceptance.json"",""reviewer"":""germany_source_review"",""reviewed_at"":""2026-10-02"",""scope"":""same_election_only_no_continuity""}"
"ct-de-0056","germany","el-de-bt-2009-09-27","party_list","NPD","NPD",,"requires_manual_review","false","[{""source_id"":""src-de-bwl-final-archive"",""source_url"":""https://www.bundeswahlleiterin.de/dam/jcr/ce2d2b6a-f211-4355-8eea-355c98cd4e47/btw_kerg.zip"",""source_record_id"":""6d6ea227b02a7407c594634f335b64604f1e4ec64686996cb21b4c24010a2e89:btw2009_kerg.csv:340:45"",""retrieved_at"":""2026-10-01T23:21:39.584Z"",""raw_snapshot"":{""path"":""docs/political-data/raw/germany/2026-10-01T23-21-39-584Z_02e7077f9358c9ef/final-results.zip"",""sha256"":""02e7077f9358c9ef408741ee5d17123a43c28ea766b26a7ab338c08fcaeb7512""},""parser_version"":""germany-production-v1"",""parser_sha256"":""2a8eb3487f392ef83303e7fb9ff246e4c111a7e64a469a6aa9eb21461ae9b1a0"",""fields_covered"":[""second_votes"",""registered_label_native""],""published_or_derived"":""published"",""source_member"":""btw2009_kerg.csv"",""source_member_sha256"":""6d6ea227b02a7407c594634f335b64604f1e4ec64686996cb21b4c24010a2e89"",""source_column"":45},{""source_id"":""src-de-bwl-results-report-2009"",""source_url"":""https://www.bundeswahlleiter.de/dam/jcr/97eabb5b-77d7-44f8-828d-5c4740cc535d/btw09_heft5.pdf"",""source_record_id"":""src-de-bwl-results-report-2009:pdf-page:18:table:3:row:7"",""retrieved_at"":""2026-10-02T09:49:46.922Z"",""raw_snapshot"":{""path"":""docs/political-data/raw/germany/identity_results-report-2009/source.pdf"",""sha256"":""34aeabcf3dbda280c8169d538a968828a98d9bd056949bc3ea50fd8a4cab2793""},""parser_version"":""germany-production-v1"",""parser_sha256"":""2a8eb3487f392ef83303e7fb9ff246e4c111a7e64a469a6aa9eb21461ae9b1a0"",""fields_covered"":[""contestant_kind"",""lead_party_id"",""membership""],""published_or_derived"":""published"",""decision_basis"":""manual review of official same-election recognition/participation and result column"",""evidence_note"":""Same-election participating-party table, printed page 17; full name, abbreviation and Landesliste column visually verified""},{""source_id"":""src-de-bwl-final-archive"",""source_url"":""https://www.bundeswahlleiterin.de/dam/jcr/ce2d2b6a-f211-4355-8eea-355c98cd4e47/btw_kerg.zip"",""source_record_id"":""6d6ea227b02a7407c594634f335b64604f1e4ec64686996cb21b4c24010a2e89:btw2009_kerg.csv:340:45"",""retrieved_at"":""2026-10-01T23:21:39.584Z"",""raw_snapshot"":{""path"":""docs/political-data/raw/germany/2026-10-01T23-21-39-584Z_02e7077f9358c9ef/final-results.zip"",""sha256"":""02e7077f9358c9ef408741ee5d17123a43c28ea766b26a7ab338c08fcaeb7512""},""parser_version"":""germany-production-v1"",""parser_sha256"":""2a8eb3487f392ef83303e7fb9ff246e4c111a7e64a469a6aa9eb21461ae9b1a0"",""fields_covered"":[""historical_display_label""],""published_or_derived"":""published"",""label_basis"":""verbatim_election_specific_source"",""label_evidence"":[{""member"":""btw2009_kerg.csv"",""sha256"":""6d6ea227b02a7407c594634f335b64604f1e4ec64686996cb21b4c24010a2e89"",""column"":45,""record_id"":""6d6ea227b02a7407c594634f335b64604f1e4ec64686996cb21b4c24010a2e89:btw2009_kerg.csv:340:45""}]}]","{""decision_file"":""docs/political-data/germany_production_acceptance.json"",""reviewer"":""germany_source_review"",""reviewed_at"":""2026-10-02"",""scope"":""same_election_only_no_continuity""}"
"ct-de-0057","germany","el-de-bt-2009-09-27","party_list","REP","REP",,"requires_manual_review","false","[{""source_id"":""src-de-bwl-final-archive"",""source_url"":""https://www.bundeswahlleiterin.de/dam/jcr/ce2d2b6a-f211-4355-8eea-355c98cd4e47/btw_kerg.zip"",""source_record_id"":""6d6ea227b02a7407c594634f335b64604f1e4ec64686996cb21b4c24010a2e89:btw2009_kerg.csv:340:49"",""retrieved_at"":""2026-10-01T23:21:39.584Z"",""raw_snapshot"":{""path"":""docs/political-data/raw/germany/2026-10-01T23-21-39-584Z_02e7077f9358c9ef/final-results.zip"",""sha256"":""02e7077f9358c9ef408741ee5d17123a43c28ea766b26a7ab338c08fcaeb7512""},""parser_version"":""germany-production-v1"",""parser_sha256"":""2a8eb3487f392ef83303e7fb9ff246e4c111a7e64a469a6aa9eb21461ae9b1a0"",""fields_covered"":[""second_votes"",""registered_label_native""],""published_or_derived"":""published"",""source_member"":""btw2009_kerg.csv"",""source_member_sha256"":""6d6ea227b02a7407c594634f335b64604f1e4ec64686996cb21b4c24010a2e89"",""source_column"":49},{""source_id"":""src-de-bwl-results-report-2009"",""source_url"":""https://www.bundeswahlleiter.de/dam/jcr/97eabb5b-77d7-44f8-828d-5c4740cc535d/btw09_heft5.pdf"",""source_record_id"":""src-de-bwl-results-report-2009:pdf-page:18:table:3:row:8"",""retrieved_at"":""2026-10-02T09:49:46.922Z"",""raw_snapshot"":{""path"":""docs/political-data/raw/germany/identity_results-report-2009/source.pdf"",""sha256"":""34aeabcf3dbda280c8169d538a968828a98d9bd056949bc3ea50fd8a4cab2793""},""parser_version"":""germany-production-v1"",""parser_sha256"":""2a8eb3487f392ef83303e7fb9ff246e4c111a7e64a469a6aa9eb21461ae9b1a0"",""fields_covered"":[""contestant_kind"",""lead_party_id"",""membership""],""published_or_derived"":""published"",""decision_basis"":""manual review of official same-election recognition/participation and result column"",""evidence_note"":""Same-election participating-party table, printed page 17; full name, abbreviation and Landesliste column visually verified""},{""source_id"":""src-de-bwl-final-archive"",""source_url"":""https://www.bundeswahlleiterin.de/dam/jcr/ce2d2b6a-f211-4355-8eea-355c98cd4e47/btw_kerg.zip"",""source_record_id"":""6d6ea227b02a7407c594634f335b64604f1e4ec64686996cb21b4c24010a2e89:btw2009_kerg.csv:340:49"",""retrieved_at"":""2026-10-01T23:21:39.584Z"",""raw_snapshot"":{""path"":""docs/political-data/raw/germany/2026-10-01T23-21-39-584Z_02e7077f9358c9ef/final-results.zip"",""sha256"":""02e7077f9358c9ef408741ee5d17123a43c28ea766b26a7ab338c08fcaeb7512""},""parser_version"":""germany-production-v1"",""parser_sha256"":""2a8eb3487f392ef83303e7fb9ff246e4c111a7e64a469a6aa9eb21461ae9b1a0"",""fields_covered"":[""historical_display_label""],""published_or_derived"":""published"",""label_basis"":""verbatim_election_specific_source"",""label_evidence"":[{""member"":""btw2009_kerg.csv"",""sha256"":""6d6ea227b02a7407c594634f335b64604f1e4ec64686996cb21b4c24010a2e89"",""column"":49,""record_id"":""6d6ea227b02a7407c594634f335b64604f1e4ec64686996cb21b4c24010a2e89:btw2009_kerg.csv:340:49""}]}]","{""decision_file"":""docs/political-data/germany_production_acceptance.json"",""reviewer"":""germany_source_review"",""reviewed_at"":""2026-10-02"",""scope"":""same_election_only_no_continuity""}"
"ct-de-0058","germany","el-de-bt-2009-09-27","party_list","FAMILIE","FAMILIE",,"requires_manual_review","false","[{""source_id"":""src-de-bwl-final-archive"",""source_url"":""https://www.bundeswahlleiterin.de/dam/jcr/ce2d2b6a-f211-4355-8eea-355c98cd4e47/btw_kerg.zip"",""source_record_id"":""6d6ea227b02a7407c594634f335b64604f1e4ec64686996cb21b4c24010a2e89:btw2009_kerg.csv:340:53"",""retrieved_at"":""2026-10-01T23:21:39.584Z"",""raw_snapshot"":{""path"":""docs/political-data/raw/germany/2026-10-01T23-21-39-584Z_02e7077f9358c9ef/final-results.zip"",""sha256"":""02e7077f9358c9ef408741ee5d17123a43c28ea766b26a7ab338c08fcaeb7512""},""parser_version"":""germany-production-v1"",""parser_sha256"":""2a8eb3487f392ef83303e7fb9ff246e4c111a7e64a469a6aa9eb21461ae9b1a0"",""fields_covered"":[""second_votes"",""registered_label_native""],""published_or_derived"":""published"",""source_member"":""btw2009_kerg.csv"",""source_member_sha256"":""6d6ea227b02a7407c594634f335b64604f1e4ec64686996cb21b4c24010a2e89"",""source_column"":53},{""source_id"":""src-de-bwl-results-report-2009"",""source_url"":""https://www.bundeswahlleiter.de/dam/jcr/97eabb5b-77d7-44f8-828d-5c4740cc535d/btw09_heft5.pdf"",""source_record_id"":""src-de-bwl-results-report-2009:pdf-page:18:table:3:row:9"",""retrieved_at"":""2026-10-02T09:49:46.922Z"",""raw_snapshot"":{""path"":""docs/political-data/raw/germany/identity_results-report-2009/source.pdf"",""sha256"":""34aeabcf3dbda280c8169d538a968828a98d9bd056949bc3ea50fd8a4cab2793""},""parser_version"":""germany-production-v1"",""parser_sha256"":""2a8eb3487f392ef83303e7fb9ff246e4c111a7e64a469a6aa9eb21461ae9b1a0"",""fields_covered"":[""contestant_kind"",""lead_party_id"",""membership""],""published_or_derived"":""published"",""decision_basis"":""manual review of official same-election recognition/participation and result column"",""evidence_note"":""Same-election participating-party table, printed page 17; full name, abbreviation and Landesliste column visually verified""},{""source_id"":""src-de-bwl-final-archive"",""source_url"":""https://www.bundeswahlleiterin.de/dam/jcr/ce2d2b6a-f211-4355-8eea-355c98cd4e47/btw_kerg.zip"",""source_record_id"":""6d6ea227b02a7407c594634f335b64604f1e4ec64686996cb21b4c24010a2e89:btw2009_kerg.csv:340:53"",""retrieved_at"":""2026-10-01T23:21:39.584Z"",""raw_snapshot"":{""path"":""docs/political-data/raw/germany/2026-10-01T23-21-39-584Z_02e7077f9358c9ef/final-results.zip"",""sha256"":""02e7077f9358c9ef408741ee5d17123a43c28ea766b26a7ab338c08fcaeb7512""},""parser_version"":""germany-production-v1"",""parser_sha256"":""2a8eb3487f392ef83303e7fb9ff246e4c111a7e64a469a6aa9eb21461ae9b1a0"",""fields_covered"":[""historical_display_label""],""published_or_derived"":""published"",""label_basis"":""verbatim_election_specific_source"",""label_evidence"":[{""member"":""btw2009_kerg.csv"",""sha256"":""6d6ea227b02a7407c594634f335b64604f1e4ec64686996cb21b4c24010a2e89"",""column"":53,""record_id"":""6d6ea227b02a7407c594634f335b64604f1e4ec64686996cb21b4c24010a2e89:btw2009_kerg.csv:340:53""}]}]","{""decision_file"":""docs/political-data/germany_production_acceptance.json"",""reviewer"":""germany_source_review"",""reviewed_at"":""2026-10-02"",""scope"":""same_election_only_no_continuity""}"
"ct-de-0059","germany","el-de-bt-2009-09-27","party_list","Die Tierschutzpartei","Die Tierschutzpartei",,"requires_manual_review","false","[{""source_id"":""src-de-bwl-final-archive"",""source_url"":""https://www.bundeswahlleiterin.de/dam/jcr/ce2d2b6a-f211-4355-8eea-355c98cd4e47/btw_kerg.zip"",""source_record_id"":""6d6ea227b02a7407c594634f335b64604f1e4ec64686996cb21b4c24010a2e89:btw2009_kerg.csv:340:57"",""retrieved_at"":""2026-10-01T23:21:39.584Z"",""raw_snapshot"":{""path"":""docs/political-data/raw/germany/2026-10-01T23-21-39-584Z_02e7077f9358c9ef/final-results.zip"",""sha256"":""02e7077f9358c9ef408741ee5d17123a43c28ea766b26a7ab338c08fcaeb7512""},""parser_version"":""germany-production-v1"",""parser_sha256"":""2a8eb3487f392ef83303e7fb9ff246e4c111a7e64a469a6aa9eb21461ae9b1a0"",""fields_covered"":[""second_votes"",""registered_label_native""],""published_or_derived"":""published"",""source_member"":""btw2009_kerg.csv"",""source_member_sha256"":""6d6ea227b02a7407c594634f335b64604f1e4ec64686996cb21b4c24010a2e89"",""source_column"":57},{""source_id"":""src-de-bwl-results-report-2009"",""source_url"":""https://www.bundeswahlleiter.de/dam/jcr/97eabb5b-77d7-44f8-828d-5c4740cc535d/btw09_heft5.pdf"",""source_record_id"":""src-de-bwl-results-report-2009:pdf-page:18:table:3:row:10"",""retrieved_at"":""2026-10-02T09:49:46.922Z"",""raw_snapshot"":{""path"":""docs/political-data/raw/germany/identity_results-report-2009/source.pdf"",""sha256"":""34aeabcf3dbda280c8169d538a968828a98d9bd056949bc3ea50fd8a4cab2793""},""parser_version"":""germany-production-v1"",""parser_sha256"":""2a8eb3487f392ef83303e7fb9ff246e4c111a7e64a469a6aa9eb21461ae9b1a0"",""fields_covered"":[""contestant_kind"",""lead_party_id"",""membership""],""published_or_derived"":""published"",""decision_basis"":""manual review of official same-election recognition/participation and result column"",""evidence_note"":""Same-election participating-party table, printed page 17; full name, abbreviation and Landesliste column visually verified""},{""source_id"":""src-de-bwl-final-archive"",""source_url"":""https://www.bundeswahlleiterin.de/dam/jcr/ce2d2b6a-f211-4355-8eea-355c98cd4e47/btw_kerg.zip"",""source_record_id"":""6d6ea227b02a7407c594634f335b64604f1e4ec64686996cb21b4c24010a2e89:btw2009_kerg.csv:340:57"",""retrieved_at"":""2026-10-01T23:21:39.584Z"",""raw_snapshot"":{""path"":""docs/political-data/raw/germany/2026-10-01T23-21-39-584Z_02e7077f9358c9ef/final-results.zip"",""sha256"":""02e7077f9358c9ef408741ee5d17123a43c28ea766b26a7ab338c08fcaeb7512""},""parser_version"":""germany-production-v1"",""parser_sha256"":""2a8eb3487f392ef83303e7fb9ff246e4c111a7e64a469a6aa9eb21461ae9b1a0"",""fields_covered"":[""historical_display_label""],""published_or_derived"":""published"",""label_basis"":""verbatim_election_specific_source"",""label_evidence"":[{""member"":""btw2009_kerg.csv"",""sha256"":""6d6ea227b02a7407c594634f335b64604f1e4ec64686996cb21b4c24010a2e89"",""column"":57,""record_id"":""6d6ea227b02a7407c594634f335b64604f1e4ec64686996cb21b4c24010a2e89:btw2009_kerg.csv:340:57""}]}]","{""decision_file"":""docs/political-data/germany_production_acceptance.json"",""reviewer"":""germany_source_review"",""reviewed_at"":""2026-10-02"",""scope"":""same_election_only_no_continuity""}"
"ct-de-0060","germany","el-de-bt-2009-09-27","party_list","PBC","PBC",,"requires_manual_review","false","[{""source_id"":""src-de-bwl-final-archive"",""source_url"":""https://www.bundeswahlleiterin.de/dam/jcr/ce2d2b6a-f211-4355-8eea-355c98cd4e47/btw_kerg.zip"",""source_record_id"":""6d6ea227b02a7407c594634f335b64604f1e4ec64686996cb21b4c24010a2e89:btw2009_kerg.csv:340:61"",""retrieved_at"":""2026-10-01T23:21:39.584Z"",""raw_snapshot"":{""path"":""docs/political-data/raw/germany/2026-10-01T23-21-39-584Z_02e7077f9358c9ef/final-results.zip"",""sha256"":""02e7077f9358c9ef408741ee5d17123a43c28ea766b26a7ab338c08fcaeb7512""},""parser_version"":""germany-production-v1"",""parser_sha256"":""2a8eb3487f392ef83303e7fb9ff246e4c111a7e64a469a6aa9eb21461ae9b1a0"",""fields_covered"":[""second_votes"",""registered_label_native""],""published_or_derived"":""published"",""source_member"":""btw2009_kerg.csv"",""source_member_sha256"":""6d6ea227b02a7407c594634f335b64604f1e4ec64686996cb21b4c24010a2e89"",""source_column"":61},{""source_id"":""src-de-bwl-results-report-2009"",""source_url"":""https://www.bundeswahlleiter.de/dam/jcr/97eabb5b-77d7-44f8-828d-5c4740cc535d/btw09_heft5.pdf"",""source_record_id"":""src-de-bwl-results-report-2009:pdf-page:18:table:3:row:11"",""retrieved_at"":""2026-10-02T09:49:46.922Z"",""raw_snapshot"":{""path"":""docs/political-data/raw/germany/identity_results-report-2009/source.pdf"",""sha256"":""34aeabcf3dbda280c8169d538a968828a98d9bd056949bc3ea50fd8a4cab2793""},""parser_version"":""germany-production-v1"",""parser_sha256"":""2a8eb3487f392ef83303e7fb9ff246e4c111a7e64a469a6aa9eb21461ae9b1a0"",""fields_covered"":[""contestant_kind"",""lead_party_id"",""membership""],""published_or_derived"":""published"",""decision_basis"":""manual review of official same-election recognition/participation and result column"",""evidence_note"":""Same-election participating-party table, printed page 17; full name, abbreviation and Landesliste column visually verified""},{""source_id"":""src-de-bwl-final-archive"",""source_url"":""https://www.bundeswahlleiterin.de/dam/jcr/ce2d2b6a-f211-4355-8eea-355c98cd4e47/btw_kerg.zip"",""source_record_id"":""6d6ea227b02a7407c594634f335b64604f1e4ec64686996cb21b4c24010a2e89:btw2009_kerg.csv:340:61"",""retrieved_at"":""2026-10-01T23:21:39.584Z"",""raw_snapshot"":{""path"":""docs/political-data/raw/germany/2026-10-01T23-21-39-584Z_02e7077f9358c9ef/final-results.zip"",""sha256"":""02e7077f9358c9ef408741ee5d17123a43c28ea766b26a7ab338c08fcaeb7512""},""parser_version"":""germany-production-v1"",""parser_sha256"":""2a8eb3487f392ef83303e7fb9ff246e4c111a7e64a469a6aa9eb21461ae9b1a0"",""fields_covered"":[""historical_display_label""],""published_or_derived"":""published"",""label_basis"":""verbatim_election_specific_source"",""label_evidence"":[{""member"":""btw2009_kerg.csv"",""sha256"":""6d6ea227b02a7407c594634f335b64604f1e4ec64686996cb21b4c24010a2e89"",""column"":61,""record_id"":""6d6ea227b02a7407c594634f335b64604f1e4ec64686996cb21b4c24010a2e89:btw2009_kerg.csv:340:61""}]}]","{""decision_file"":""docs/political-data/germany_production_acceptance.json"",""reviewer"":""germany_source_review"",""reviewed_at"":""2026-10-02"",""scope"":""same_election_only_no_continuity""}"
"ct-de-0061","germany","el-de-bt-2009-09-27","party_list","MLPD","MLPD",,"requires_manual_review","false","[{""source_id"":""src-de-bwl-final-archive"",""source_url"":""https://www.bundeswahlleiterin.de/dam/jcr/ce2d2b6a-f211-4355-8eea-355c98cd4e47/btw_kerg.zip"",""source_record_id"":""6d6ea227b02a7407c594634f335b64604f1e4ec64686996cb21b4c24010a2e89:btw2009_kerg.csv:340:65"",""retrieved_at"":""2026-10-01T23:21:39.584Z"",""raw_snapshot"":{""path"":""docs/political-data/raw/germany/2026-10-01T23-21-39-584Z_02e7077f9358c9ef/final-results.zip"",""sha256"":""02e7077f9358c9ef408741ee5d17123a43c28ea766b26a7ab338c08fcaeb7512""},""parser_version"":""germany-production-v1"",""parser_sha256"":""2a8eb3487f392ef83303e7fb9ff246e4c111a7e64a469a6aa9eb21461ae9b1a0"",""fields_covered"":[""second_votes"",""registered_label_native""],""published_or_derived"":""published"",""source_member"":""btw2009_kerg.csv"",""source_member_sha256"":""6d6ea227b02a7407c594634f335b64604f1e4ec64686996cb21b4c24010a2e89"",""source_column"":65},{""source_id"":""src-de-bwl-results-report-2009"",""source_url"":""https://www.bundeswahlleiter.de/dam/jcr/97eabb5b-77d7-44f8-828d-5c4740cc535d/btw09_heft5.pdf"",""source_record_id"":""src-de-bwl-results-report-2009:pdf-page:18:table:3:row:12"",""retrieved_at"":""2026-10-02T09:49:46.922Z"",""raw_snapshot"":{""path"":""docs/political-data/raw/germany/identity_results-report-2009/source.pdf"",""sha256"":""34aeabcf3dbda280c8169d538a968828a98d9bd056949bc3ea50fd8a4cab2793""},""parser_version"":""germany-production-v1"",""parser_sha256"":""2a8eb3487f392ef83303e7fb9ff246e4c111a7e64a469a6aa9eb21461ae9b1a0"",""fields_covered"":[""contestant_kind"",""lead_party_id"",""membership""],""published_or_derived"":""published"",""decision_basis"":""manual review of official same-election recognition/participation and result column"",""evidence_note"":""Same-election participating-party table, printed page 17; full name, abbreviation and Landesliste column visually verified""},{""source_id"":""src-de-bwl-final-archive"",""source_url"":""https://www.bundeswahlleiterin.de/dam/jcr/ce2d2b6a-f211-4355-8eea-355c98cd4e47/btw_kerg.zip"",""source_record_id"":""6d6ea227b02a7407c594634f335b64604f1e4ec64686996cb21b4c24010a2e89:btw2009_kerg.csv:340:65"",""retrieved_at"":""2026-10-01T23:21:39.584Z"",""raw_snapshot"":{""path"":""docs/political-data/raw/germany/2026-10-01T23-21-39-584Z_02e7077f9358c9ef/final-results.zip"",""sha256"":""02e7077f9358c9ef408741ee5d17123a43c28ea766b26a7ab338c08fcaeb7512""},""parser_version"":""germany-production-v1"",""parser_sha256"":""2a8eb3487f392ef83303e7fb9ff246e4c111a7e64a469a6aa9eb21461ae9b1a0"",""fields_covered"":[""historical_display_label""],""published_or_derived"":""published"",""label_basis"":""verbatim_election_specific_source"",""label_evidence"":[{""member"":""btw2009_kerg.csv"",""sha256"":""6d6ea227b02a7407c594634f335b64604f1e4ec64686996cb21b4c24010a2e89"",""column"":65,""record_id"":""6d6ea227b02a7407c594634f335b64604f1e4ec64686996cb21b4c24010a2e89:btw2009_kerg.csv:340:65""}]}]","{""decision_file"":""docs/political-data/germany_production_acceptance.json"",""reviewer"":""germany_source_review"",""reviewed_at"":""2026-10-02"",""scope"":""same_election_only_no_continuity""}"
"ct-de-0062","germany","el-de-bt-2009-09-27","party_list","BüSo","BüSo",,"requires_manual_review","false","[{""source_id"":""src-de-bwl-final-archive"",""source_url"":""https://www.bundeswahlleiterin.de/dam/jcr/ce2d2b6a-f211-4355-8eea-355c98cd4e47/btw_kerg.zip"",""source_record_id"":""6d6ea227b02a7407c594634f335b64604f1e4ec64686996cb21b4c24010a2e89:btw2009_kerg.csv:340:69"",""retrieved_at"":""2026-10-01T23:21:39.584Z"",""raw_snapshot"":{""path"":""docs/political-data/raw/germany/2026-10-01T23-21-39-584Z_02e7077f9358c9ef/final-results.zip"",""sha256"":""02e7077f9358c9ef408741ee5d17123a43c28ea766b26a7ab338c08fcaeb7512""},""parser_version"":""germany-production-v1"",""parser_sha256"":""2a8eb3487f392ef83303e7fb9ff246e4c111a7e64a469a6aa9eb21461ae9b1a0"",""fields_covered"":[""second_votes"",""registered_label_native""],""published_or_derived"":""published"",""source_member"":""btw2009_kerg.csv"",""source_member_sha256"":""6d6ea227b02a7407c594634f335b64604f1e4ec64686996cb21b4c24010a2e89"",""source_column"":69},{""source_id"":""src-de-bwl-results-report-2009"",""source_url"":""https://www.bundeswahlleiter.de/dam/jcr/97eabb5b-77d7-44f8-828d-5c4740cc535d/btw09_heft5.pdf"",""source_record_id"":""src-de-bwl-results-report-2009:pdf-page:18:table:3:row:13"",""retrieved_at"":""2026-10-02T09:49:46.922Z"",""raw_snapshot"":{""path"":""docs/political-data/raw/germany/identity_results-report-2009/source.pdf"",""sha256"":""34aeabcf3dbda280c8169d538a968828a98d9bd056949bc3ea50fd8a4cab2793""},""parser_version"":""germany-production-v1"",""parser_sha256"":""2a8eb3487f392ef83303e7fb9ff246e4c111a7e64a469a6aa9eb21461ae9b1a0"",""fields_covered"":[""contestant_kind"",""lead_party_id"",""membership""],""published_or_derived"":""published"",""decision_basis"":""manual review of official same-election recognition/participation and result column"",""evidence_note"":""Same-election participating-party table, printed page 17; full name, abbreviation and Landesliste column visually verified""},{""source_id"":""src-de-bwl-final-archive"",""source_url"":""https://www.bundeswahlleiterin.de/dam/jcr/ce2d2b6a-f211-4355-8eea-355c98cd4e47/btw_kerg.zip"",""source_record_id"":""6d6ea227b02a7407c594634f335b64604f1e4ec64686996cb21b4c24010a2e89:btw2009_kerg.csv:340:69"",""retrieved_at"":""2026-10-01T23:21:39.584Z"",""raw_snapshot"":{""path"":""docs/political-data/raw/germany/2026-10-01T23-21-39-584Z_02e7077f9358c9ef/final-results.zip"",""sha256"":""02e7077f9358c9ef408741ee5d17123a43c28ea766b26a7ab338c08fcaeb7512""},""parser_version"":""germany-production-v1"",""parser_sha256"":""2a8eb3487f392ef83303e7fb9ff246e4c111a7e64a469a6aa9eb21461ae9b1a0"",""fields_covered"":[""historical_display_label""],""published_or_derived"":""published"",""label_basis"":""verbatim_election_specific_source"",""label_evidence"":[{""member"":""btw2009_kerg.csv"",""sha256"":""6d6ea227b02a7407c594634f335b64604f1e4ec64686996cb21b4c24010a2e89"",""column"":69,""record_id"":""6d6ea227b02a7407c594634f335b64604f1e4ec64686996cb21b4c24010a2e89:btw2009_kerg.csv:340:69""}]}]","{""decision_file"":""docs/political-data/germany_production_acceptance.json"",""reviewer"":""germany_source_review"",""reviewed_at"":""2026-10-02"",""scope"":""same_election_only_no_continuity""}"
"ct-de-0063","germany","el-de-bt-2009-09-27","party_list","BP","BP",,"requires_manual_review","false","[{""source_id"":""src-de-bwl-final-archive"",""source_url"":""https://www.bundeswahlleiterin.de/dam/jcr/ce2d2b6a-f211-4355-8eea-355c98cd4e47/btw_kerg.zip"",""source_record_id"":""6d6ea227b02a7407c594634f335b64604f1e4ec64686996cb21b4c24010a2e89:btw2009_kerg.csv:340:73"",""retrieved_at"":""2026-10-01T23:21:39.584Z"",""raw_snapshot"":{""path"":""docs/political-data/raw/germany/2026-10-01T23-21-39-584Z_02e7077f9358c9ef/final-results.zip"",""sha256"":""02e7077f9358c9ef408741ee5d17123a43c28ea766b26a7ab338c08fcaeb7512""},""parser_version"":""germany-production-v1"",""parser_sha256"":""2a8eb3487f392ef83303e7fb9ff246e4c111a7e64a469a6aa9eb21461ae9b1a0"",""fields_covered"":[""second_votes"",""registered_label_native""],""published_or_derived"":""published"",""source_member"":""btw2009_kerg.csv"",""source_member_sha256"":""6d6ea227b02a7407c594634f335b64604f1e4ec64686996cb21b4c24010a2e89"",""source_column"":73},{""source_id"":""src-de-bwl-results-report-2009"",""source_url"":""https://www.bundeswahlleiter.de/dam/jcr/97eabb5b-77d7-44f8-828d-5c4740cc535d/btw09_heft5.pdf"",""source_record_id"":""src-de-bwl-results-report-2009:pdf-page:18:table:3:row:14"",""retrieved_at"":""2026-10-02T09:49:46.922Z"",""raw_snapshot"":{""path"":""docs/political-data/raw/germany/identity_results-report-2009/source.pdf"",""sha256"":""34aeabcf3dbda280c8169d538a968828a98d9bd056949bc3ea50fd8a4cab2793""},""parser_version"":""germany-production-v1"",""parser_sha256"":""2a8eb3487f392ef83303e7fb9ff246e4c111a7e64a469a6aa9eb21461ae9b1a0"",""fields_covered"":[""contestant_kind"",""lead_party_id"",""membership""],""published_or_derived"":""published"",""decision_basis"":""manual review of official same-election recognition/participation and result column"",""evidence_note"":""Same-election participating-party table, printed page 17; full name, abbreviation and Landesliste column visually verified""},{""source_id"":""src-de-bwl-final-archive"",""source_url"":""https://www.bundeswahlleiterin.de/dam/jcr/ce2d2b6a-f211-4355-8eea-355c98cd4e47/btw_kerg.zip"",""source_record_id"":""6d6ea227b02a7407c594634f335b64604f1e4ec64686996cb21b4c24010a2e89:btw2009_kerg.csv:340:73"",""retrieved_at"":""2026-10-01T23:21:39.584Z"",""raw_snapshot"":{""path"":""docs/political-data/raw/germany/2026-10-01T23-21-39-584Z_02e7077f9358c9ef/final-results.zip"",""sha256"":""02e7077f9358c9ef408741ee5d17123a43c28ea766b26a7ab338c08fcaeb7512""},""parser_version"":""germany-production-v1"",""parser_sha256"":""2a8eb3487f392ef83303e7fb9ff246e4c111a7e64a469a6aa9eb21461ae9b1a0"",""fields_covered"":[""historical_display_label""],""published_or_derived"":""published"",""label_basis"":""verbatim_election_specific_source"",""label_evidence"":[{""member"":""btw2009_kerg.csv"",""sha256"":""6d6ea227b02a7407c594634f335b64604f1e4ec64686996cb21b4c24010a2e89"",""column"":73,""record_id"":""6d6ea227b02a7407c594634f335b64604f1e4ec64686996cb21b4c24010a2e89:btw2009_kerg.csv:340:73""}]}]","{""decision_file"":""docs/political-data/germany_production_acceptance.json"",""reviewer"":""germany_source_review"",""reviewed_at"":""2026-10-02"",""scope"":""same_election_only_no_continuity""}"
"ct-de-0064","germany","el-de-bt-2009-09-27","party_list","PSG","PSG",,"requires_manual_review","false","[{""source_id"":""src-de-bwl-final-archive"",""source_url"":""https://www.bundeswahlleiterin.de/dam/jcr/ce2d2b6a-f211-4355-8eea-355c98cd4e47/btw_kerg.zip"",""source_record_id"":""6d6ea227b02a7407c594634f335b64604f1e4ec64686996cb21b4c24010a2e89:btw2009_kerg.csv:340:77"",""retrieved_at"":""2026-10-01T23:21:39.584Z"",""raw_snapshot"":{""path"":""docs/political-data/raw/germany/2026-10-01T23-21-39-584Z_02e7077f9358c9ef/final-results.zip"",""sha256"":""02e7077f9358c9ef408741ee5d17123a43c28ea766b26a7ab338c08fcaeb7512""},""parser_version"":""germany-production-v1"",""parser_sha256"":""2a8eb3487f392ef83303e7fb9ff246e4c111a7e64a469a6aa9eb21461ae9b1a0"",""fields_covered"":[""second_votes"",""registered_label_native""],""published_or_derived"":""published"",""source_member"":""btw2009_kerg.csv"",""source_member_sha256"":""6d6ea227b02a7407c594634f335b64604f1e4ec64686996cb21b4c24010a2e89"",""source_column"":77},{""source_id"":""src-de-bwl-results-report-2009"",""source_url"":""https://www.bundeswahlleiter.de/dam/jcr/97eabb5b-77d7-44f8-828d-5c4740cc535d/btw09_heft5.pdf"",""source_record_id"":""src-de-bwl-results-report-2009:pdf-page:18:table:3:row:15"",""retrieved_at"":""2026-10-02T09:49:46.922Z"",""raw_snapshot"":{""path"":""docs/political-data/raw/germany/identity_results-report-2009/source.pdf"",""sha256"":""34aeabcf3dbda280c8169d538a968828a98d9bd056949bc3ea50fd8a4cab2793""},""parser_version"":""germany-production-v1"",""parser_sha256"":""2a8eb3487f392ef83303e7fb9ff246e4c111a7e64a469a6aa9eb21461ae9b1a0"",""fields_covered"":[""contestant_kind"",""lead_party_id"",""membership""],""published_or_derived"":""published"",""decision_basis"":""manual review of official same-election recognition/participation and result column"",""evidence_note"":""Same-election participating-party table, printed page 17; full name, abbreviation and Landesliste column visually verified""},{""source_id"":""src-de-bwl-final-archive"",""source_url"":""https://www.bundeswahlleiterin.de/dam/jcr/ce2d2b6a-f211-4355-8eea-355c98cd4e47/btw_kerg.zip"",""source_record_id"":""6d6ea227b02a7407c594634f335b64604f1e4ec64686996cb21b4c24010a2e89:btw2009_kerg.csv:340:77"",""retrieved_at"":""2026-10-01T23:21:39.584Z"",""raw_snapshot"":{""path"":""docs/political-data/raw/germany/2026-10-01T23-21-39-584Z_02e7077f9358c9ef/final-results.zip"",""sha256"":""02e7077f9358c9ef408741ee5d17123a43c28ea766b26a7ab338c08fcaeb7512""},""parser_version"":""germany-production-v1"",""parser_sha256"":""2a8eb3487f392ef83303e7fb9ff246e4c111a7e64a469a6aa9eb21461ae9b1a0"",""fields_covered"":[""historical_display_label""],""published_or_derived"":""published"",""label_basis"":""verbatim_election_specific_source"",""label_evidence"":[{""member"":""btw2009_kerg.csv"",""sha256"":""6d6ea227b02a7407c594634f335b64604f1e4ec64686996cb21b4c24010a2e89"",""column"":77,""record_id"":""6d6ea227b02a7407c594634f335b64604f1e4ec64686996cb21b4c24010a2e89:btw2009_kerg.csv:340:77""}]}]","{""decision_file"":""docs/political-data/germany_production_acceptance.json"",""reviewer"":""germany_source_review"",""reviewed_at"":""2026-10-02"",""scope"":""same_election_only_no_continuity""}"
"ct-de-0065","germany","el-de-bt-2009-09-27","party_list","Volksabstimmung","Volksabstimmung",,"requires_manual_review","false","[{""source_id"":""src-de-bwl-final-archive"",""source_url"":""https://www.bundeswahlleiterin.de/dam/jcr/ce2d2b6a-f211-4355-8eea-355c98cd4e47/btw_kerg.zip"",""source_record_id"":""6d6ea227b02a7407c594634f335b64604f1e4ec64686996cb21b4c24010a2e89:btw2009_kerg.csv:340:81"",""retrieved_at"":""2026-10-01T23:21:39.584Z"",""raw_snapshot"":{""path"":""docs/political-data/raw/germany/2026-10-01T23-21-39-584Z_02e7077f9358c9ef/final-results.zip"",""sha256"":""02e7077f9358c9ef408741ee5d17123a43c28ea766b26a7ab338c08fcaeb7512""},""parser_version"":""germany-production-v1"",""parser_sha256"":""2a8eb3487f392ef83303e7fb9ff246e4c111a7e64a469a6aa9eb21461ae9b1a0"",""fields_covered"":[""second_votes"",""registered_label_native""],""published_or_derived"":""published"",""source_member"":""btw2009_kerg.csv"",""source_member_sha256"":""6d6ea227b02a7407c594634f335b64604f1e4ec64686996cb21b4c24010a2e89"",""source_column"":81},{""source_id"":""src-de-bwl-results-report-2009"",""source_url"":""https://www.bundeswahlleiter.de/dam/jcr/97eabb5b-77d7-44f8-828d-5c4740cc535d/btw09_heft5.pdf"",""source_record_id"":""src-de-bwl-results-report-2009:pdf-page:18:table:3:row:16"",""retrieved_at"":""2026-10-02T09:49:46.922Z"",""raw_snapshot"":{""path"":""docs/political-data/raw/germany/identity_results-report-2009/source.pdf"",""sha256"":""34aeabcf3dbda280c8169d538a968828a98d9bd056949bc3ea50fd8a4cab2793""},""parser_version"":""germany-production-v1"",""parser_sha256"":""2a8eb3487f392ef83303e7fb9ff246e4c111a7e64a469a6aa9eb21461ae9b1a0"",""fields_covered"":[""contestant_kind"",""lead_party_id"",""membership""],""published_or_derived"":""published"",""decision_basis"":""manual review of official same-election recognition/participation and result column"",""evidence_note"":""Same-election participating-party table, printed page 17; full name, abbreviation and Landesliste column visually verified""},{""source_id"":""src-de-bwl-final-archive"",""source_url"":""https://www.bundeswahlleiterin.de/dam/jcr/ce2d2b6a-f211-4355-8eea-355c98cd4e47/btw_kerg.zip"",""source_record_id"":""6d6ea227b02a7407c594634f335b64604f1e4ec64686996cb21b4c24010a2e89:btw2009_kerg.csv:340:81"",""retrieved_at"":""2026-10-01T23:21:39.584Z"",""raw_snapshot"":{""path"":""docs/political-data/raw/germany/2026-10-01T23-21-39-584Z_02e7077f9358c9ef/final-results.zip"",""sha256"":""02e7077f9358c9ef408741ee5d17123a43c28ea766b26a7ab338c08fcaeb7512""},""parser_version"":""germany-production-v1"",""parser_sha256"":""2a8eb3487f392ef83303e7fb9ff246e4c111a7e64a469a6aa9eb21461ae9b1a0"",""fields_covered"":[""historical_display_label""],""published_or_derived"":""published"",""label_basis"":""verbatim_election_specific_source"",""label_evidence"":[{""member"":""btw2009_kerg.csv"",""sha256"":""6d6ea227b02a7407c594634f335b64604f1e4ec64686996cb21b4c24010a2e89"",""column"":81,""record_id"":""6d6ea227b02a7407c594634f335b64604f1e4ec64686996cb21b4c24010a2e89:btw2009_kerg.csv:340:81""}]}]","{""decision_file"":""docs/political-data/germany_production_acceptance.json"",""reviewer"":""germany_source_review"",""reviewed_at"":""2026-10-02"",""scope"":""same_election_only_no_continuity""}"
"ct-de-0066","germany","el-de-bt-2009-09-27","party_list","ZENTRUM","ZENTRUM",,"requires_manual_review","false","[{""source_id"":""src-de-bwl-final-archive"",""source_url"":""https://www.bundeswahlleiterin.de/dam/jcr/ce2d2b6a-f211-4355-8eea-355c98cd4e47/btw_kerg.zip"",""source_record_id"":""6d6ea227b02a7407c594634f335b64604f1e4ec64686996cb21b4c24010a2e89:btw2009_kerg.csv:340:85"",""retrieved_at"":""2026-10-01T23:21:39.584Z"",""raw_snapshot"":{""path"":""docs/political-data/raw/germany/2026-10-01T23-21-39-584Z_02e7077f9358c9ef/final-results.zip"",""sha256"":""02e7077f9358c9ef408741ee5d17123a43c28ea766b26a7ab338c08fcaeb7512""},""parser_version"":""germany-production-v1"",""parser_sha256"":""2a8eb3487f392ef83303e7fb9ff246e4c111a7e64a469a6aa9eb21461ae9b1a0"",""fields_covered"":[""second_votes"",""registered_label_native""],""published_or_derived"":""published"",""source_member"":""btw2009_kerg.csv"",""source_member_sha256"":""6d6ea227b02a7407c594634f335b64604f1e4ec64686996cb21b4c24010a2e89"",""source_column"":85},{""source_id"":""src-de-bwl-results-report-2009"",""source_url"":""https://www.bundeswahlleiter.de/dam/jcr/97eabb5b-77d7-44f8-828d-5c4740cc535d/btw09_heft5.pdf"",""source_record_id"":""src-de-bwl-results-report-2009:pdf-page:18:table:3:row:17"",""retrieved_at"":""2026-10-02T09:49:46.922Z"",""raw_snapshot"":{""path"":""docs/political-data/raw/germany/identity_results-report-2009/source.pdf"",""sha256"":""34aeabcf3dbda280c8169d538a968828a98d9bd056949bc3ea50fd8a4cab2793""},""parser_version"":""germany-production-v1"",""parser_sha256"":""2a8eb3487f392ef83303e7fb9ff246e4c111a7e64a469a6aa9eb21461ae9b1a0"",""fields_covered"":[""contestant_kind"",""lead_party_id"",""membership""],""published_or_derived"":""published"",""decision_basis"":""manual review of official same-election recognition/participation and result column"",""evidence_note"":""Same-election participating-party table, printed page 17; full name, abbreviation and Landesliste column visually verified""},{""source_id"":""src-de-bwl-final-archive"",""source_url"":""https://www.bundeswahlleiterin.de/dam/jcr/ce2d2b6a-f211-4355-8eea-355c98cd4e47/btw_kerg.zip"",""source_record_id"":""6d6ea227b02a7407c594634f335b64604f1e4ec64686996cb21b4c24010a2e89:btw2009_kerg.csv:340:85"",""retrieved_at"":""2026-10-01T23:21:39.584Z"",""raw_snapshot"":{""path"":""docs/political-data/raw/germany/2026-10-01T23-21-39-584Z_02e7077f9358c9ef/final-results.zip"",""sha256"":""02e7077f9358c9ef408741ee5d17123a43c28ea766b26a7ab338c08fcaeb7512""},""parser_version"":""germany-production-v1"",""parser_sha256"":""2a8eb3487f392ef83303e7fb9ff246e4c111a7e64a469a6aa9eb21461ae9b1a0"",""fields_covered"":[""historical_display_label""],""published_or_derived"":""published"",""label_basis"":""verbatim_election_specific_source"",""label_evidence"":[{""member"":""btw2009_kerg.csv"",""sha256"":""6d6ea227b02a7407c594634f335b64604f1e4ec64686996cb21b4c24010a2e89"",""column"":85,""record_id"":""6d6ea227b02a7407c594634f335b64604f1e4ec64686996cb21b4c24010a2e89:btw2009_kerg.csv:340:85""}]}]","{""decision_file"":""docs/political-data/germany_production_acceptance.json"",""reviewer"":""germany_source_review"",""reviewed_at"":""2026-10-02"",""scope"":""same_election_only_no_continuity""}"
"ct-de-0067","germany","el-de-bt-2009-09-27","party_list","ADM","ADM",,"requires_manual_review","false","[{""source_id"":""src-de-bwl-final-archive"",""source_url"":""https://www.bundeswahlleiterin.de/dam/jcr/ce2d2b6a-f211-4355-8eea-355c98cd4e47/btw_kerg.zip"",""source_record_id"":""6d6ea227b02a7407c594634f335b64604f1e4ec64686996cb21b4c24010a2e89:btw2009_kerg.csv:340:89"",""retrieved_at"":""2026-10-01T23:21:39.584Z"",""raw_snapshot"":{""path"":""docs/political-data/raw/germany/2026-10-01T23-21-39-584Z_02e7077f9358c9ef/final-results.zip"",""sha256"":""02e7077f9358c9ef408741ee5d17123a43c28ea766b26a7ab338c08fcaeb7512""},""parser_version"":""germany-production-v1"",""parser_sha256"":""2a8eb3487f392ef83303e7fb9ff246e4c111a7e64a469a6aa9eb21461ae9b1a0"",""fields_covered"":[""second_votes"",""registered_label_native""],""published_or_derived"":""published"",""source_member"":""btw2009_kerg.csv"",""source_member_sha256"":""6d6ea227b02a7407c594634f335b64604f1e4ec64686996cb21b4c24010a2e89"",""source_column"":89},{""source_id"":""src-de-bwl-results-report-2009"",""source_url"":""https://www.bundeswahlleiter.de/dam/jcr/97eabb5b-77d7-44f8-828d-5c4740cc535d/btw09_heft5.pdf"",""source_record_id"":""src-de-bwl-results-report-2009:pdf-page:18:table:3:row:18"",""retrieved_at"":""2026-10-02T09:49:46.922Z"",""raw_snapshot"":{""path"":""docs/political-data/raw/germany/identity_results-report-2009/source.pdf"",""sha256"":""34aeabcf3dbda280c8169d538a968828a98d9bd056949bc3ea50fd8a4cab2793""},""parser_version"":""germany-production-v1"",""parser_sha256"":""2a8eb3487f392ef83303e7fb9ff246e4c111a7e64a469a6aa9eb21461ae9b1a0"",""fields_covered"":[""contestant_kind"",""lead_party_id"",""membership""],""published_or_derived"":""published"",""decision_basis"":""manual review of official same-election recognition/participation and result column"",""evidence_note"":""Same-election participating-party table, printed page 17; full name, abbreviation and Landesliste column visually verified""},{""source_id"":""src-de-bwl-final-archive"",""source_url"":""https://www.bundeswahlleiterin.de/dam/jcr/ce2d2b6a-f211-4355-8eea-355c98cd4e47/btw_kerg.zip"",""source_record_id"":""6d6ea227b02a7407c594634f335b64604f1e4ec64686996cb21b4c24010a2e89:btw2009_kerg.csv:340:89"",""retrieved_at"":""2026-10-01T23:21:39.584Z"",""raw_snapshot"":{""path"":""docs/political-data/raw/germany/2026-10-01T23-21-39-584Z_02e7077f9358c9ef/final-results.zip"",""sha256"":""02e7077f9358c9ef408741ee5d17123a43c28ea766b26a7ab338c08fcaeb7512""},""parser_version"":""germany-production-v1"",""parser_sha256"":""2a8eb3487f392ef83303e7fb9ff246e4c111a7e64a469a6aa9eb21461ae9b1a0"",""fields_covered"":[""historical_display_label""],""published_or_derived"":""published"",""label_basis"":""verbatim_election_specific_source"",""label_evidence"":[{""member"":""btw2009_kerg.csv"",""sha256"":""6d6ea227b02a7407c594634f335b64604f1e4ec64686996cb21b4c24010a2e89"",""column"":89,""record_id"":""6d6ea227b02a7407c594634f335b64604f1e4ec64686996cb21b4c24010a2e89:btw2009_kerg.csv:340:89""}]}]","{""decision_file"":""docs/political-data/germany_production_acceptance.json"",""reviewer"":""germany_source_review"",""reviewed_at"":""2026-10-02"",""scope"":""same_election_only_no_continuity""}"
"ct-de-0068","germany","el-de-bt-2009-09-27","party_list","CM","CM",,"requires_manual_review","false","[{""source_id"":""src-de-bwl-final-archive"",""source_url"":""https://www.bundeswahlleiterin.de/dam/jcr/ce2d2b6a-f211-4355-8eea-355c98cd4e47/btw_kerg.zip"",""source_record_id"":""6d6ea227b02a7407c594634f335b64604f1e4ec64686996cb21b4c24010a2e89:btw2009_kerg.csv:340:93"",""retrieved_at"":""2026-10-01T23:21:39.584Z"",""raw_snapshot"":{""path"":""docs/political-data/raw/germany/2026-10-01T23-21-39-584Z_02e7077f9358c9ef/final-results.zip"",""sha256"":""02e7077f9358c9ef408741ee5d17123a43c28ea766b26a7ab338c08fcaeb7512""},""parser_version"":""germany-production-v1"",""parser_sha256"":""2a8eb3487f392ef83303e7fb9ff246e4c111a7e64a469a6aa9eb21461ae9b1a0"",""fields_covered"":[""second_votes"",""registered_label_native""],""published_or_derived"":""published"",""source_member"":""btw2009_kerg.csv"",""source_member_sha256"":""6d6ea227b02a7407c594634f335b64604f1e4ec64686996cb21b4c24010a2e89"",""source_column"":93},{""source_id"":""src-de-bwl-results-report-2009"",""source_url"":""https://www.bundeswahlleiter.de/dam/jcr/97eabb5b-77d7-44f8-828d-5c4740cc535d/btw09_heft5.pdf"",""source_record_id"":""src-de-bwl-results-report-2009:pdf-page:18:table:3:row:19"",""retrieved_at"":""2026-10-02T09:49:46.922Z"",""raw_snapshot"":{""path"":""docs/political-data/raw/germany/identity_results-report-2009/source.pdf"",""sha256"":""34aeabcf3dbda280c8169d538a968828a98d9bd056949bc3ea50fd8a4cab2793""},""parser_version"":""germany-production-v1"",""parser_sha256"":""2a8eb3487f392ef83303e7fb9ff246e4c111a7e64a469a6aa9eb21461ae9b1a0"",""fields_covered"":[""contestant_kind"",""lead_party_id"",""membership""],""published_or_derived"":""published"",""decision_basis"":""manual review of official same-election recognition/participation and result column"",""evidence_note"":""Same-election participating-party table, printed page 17; full name, abbreviation and Landesliste column visually verified""},{""source_id"":""src-de-bwl-final-archive"",""source_url"":""https://www.bundeswahlleiterin.de/dam/jcr/ce2d2b6a-f211-4355-8eea-355c98cd4e47/btw_kerg.zip"",""source_record_id"":""6d6ea227b02a7407c594634f335b64604f1e4ec64686996cb21b4c24010a2e89:btw2009_kerg.csv:340:93"",""retrieved_at"":""2026-10-01T23:21:39.584Z"",""raw_snapshot"":{""path"":""docs/political-data/raw/germany/2026-10-01T23-21-39-584Z_02e7077f9358c9ef/final-results.zip"",""sha256"":""02e7077f9358c9ef408741ee5d17123a43c28ea766b26a7ab338c08fcaeb7512""},""parser_version"":""germany-production-v1"",""parser_sha256"":""2a8eb3487f392ef83303e7fb9ff246e4c111a7e64a469a6aa9eb21461ae9b1a0"",""fields_covered"":[""historical_display_label""],""published_or_derived"":""published"",""label_basis"":""verbatim_election_specific_source"",""label_evidence"":[{""member"":""btw2009_kerg.csv"",""sha256"":""6d6ea227b02a7407c594634f335b64604f1e4ec64686996cb21b4c24010a2e89"",""column"":93,""record_id"":""6d6ea227b02a7407c594634f335b64604f1e4ec64686996cb21b4c24010a2e89:btw2009_kerg.csv:340:93""}]}]","{""decision_file"":""docs/political-data/germany_production_acceptance.json"",""reviewer"":""germany_source_review"",""reviewed_at"":""2026-10-02"",""scope"":""same_election_only_no_continuity""}"
"ct-de-0069","germany","el-de-bt-2009-09-27","party_list","DKP","DKP",,"requires_manual_review","false","[{""source_id"":""src-de-bwl-final-archive"",""source_url"":""https://www.bundeswahlleiterin.de/dam/jcr/ce2d2b6a-f211-4355-8eea-355c98cd4e47/btw_kerg.zip"",""source_record_id"":""6d6ea227b02a7407c594634f335b64604f1e4ec64686996cb21b4c24010a2e89:btw2009_kerg.csv:340:97"",""retrieved_at"":""2026-10-01T23:21:39.584Z"",""raw_snapshot"":{""path"":""docs/political-data/raw/germany/2026-10-01T23-21-39-584Z_02e7077f9358c9ef/final-results.zip"",""sha256"":""02e7077f9358c9ef408741ee5d17123a43c28ea766b26a7ab338c08fcaeb7512""},""parser_version"":""germany-production-v1"",""parser_sha256"":""2a8eb3487f392ef83303e7fb9ff246e4c111a7e64a469a6aa9eb21461ae9b1a0"",""fields_covered"":[""second_votes"",""registered_label_native""],""published_or_derived"":""published"",""source_member"":""btw2009_kerg.csv"",""source_member_sha256"":""6d6ea227b02a7407c594634f335b64604f1e4ec64686996cb21b4c24010a2e89"",""source_column"":97},{""source_id"":""src-de-bwl-results-report-2009"",""source_url"":""https://www.bundeswahlleiter.de/dam/jcr/97eabb5b-77d7-44f8-828d-5c4740cc535d/btw09_heft5.pdf"",""source_record_id"":""src-de-bwl-results-report-2009:pdf-page:18:table:3:row:20"",""retrieved_at"":""2026-10-02T09:49:46.922Z"",""raw_snapshot"":{""path"":""docs/political-data/raw/germany/identity_results-report-2009/source.pdf"",""sha256"":""34aeabcf3dbda280c8169d538a968828a98d9bd056949bc3ea50fd8a4cab2793""},""parser_version"":""germany-production-v1"",""parser_sha256"":""2a8eb3487f392ef83303e7fb9ff246e4c111a7e64a469a6aa9eb21461ae9b1a0"",""fields_covered"":[""contestant_kind"",""lead_party_id"",""membership""],""published_or_derived"":""published"",""decision_basis"":""manual review of official same-election recognition/participation and result column"",""evidence_note"":""Same-election participating-party table, printed page 17; full name, abbreviation and Landesliste column visually verified""},{""source_id"":""src-de-bwl-final-archive"",""source_url"":""https://www.bundeswahlleiterin.de/dam/jcr/ce2d2b6a-f211-4355-8eea-355c98cd4e47/btw_kerg.zip"",""source_record_id"":""6d6ea227b02a7407c594634f335b64604f1e4ec64686996cb21b4c24010a2e89:btw2009_kerg.csv:340:97"",""retrieved_at"":""2026-10-01T23:21:39.584Z"",""raw_snapshot"":{""path"":""docs/political-data/raw/germany/2026-10-01T23-21-39-584Z_02e7077f9358c9ef/final-results.zip"",""sha256"":""02e7077f9358c9ef408741ee5d17123a43c28ea766b26a7ab338c08fcaeb7512""},""parser_version"":""germany-production-v1"",""parser_sha256"":""2a8eb3487f392ef83303e7fb9ff246e4c111a7e64a469a6aa9eb21461ae9b1a0"",""fields_covered"":[""historical_display_label""],""published_or_derived"":""published"",""label_basis"":""verbatim_election_specific_source"",""label_evidence"":[{""member"":""btw2009_kerg.csv"",""sha256"":""6d6ea227b02a7407c594634f335b64604f1e4ec64686996cb21b4c24010a2e89"",""column"":97,""record_id"":""6d6ea227b02a7407c594634f335b64604f1e4ec64686996cb21b4c24010a2e89:btw2009_kerg.csv:340:97""}]}]","{""decision_file"":""docs/political-data/germany_production_acceptance.json"",""reviewer"":""germany_source_review"",""reviewed_at"":""2026-10-02"",""scope"":""same_election_only_no_continuity""}"
"ct-de-0070","germany","el-de-bt-2009-09-27","party_list","DVU","DVU",,"requires_manual_review","false","[{""source_id"":""src-de-bwl-final-archive"",""source_url"":""https://www.bundeswahlleiterin.de/dam/jcr/ce2d2b6a-f211-4355-8eea-355c98cd4e47/btw_kerg.zip"",""source_record_id"":""6d6ea227b02a7407c594634f335b64604f1e4ec64686996cb21b4c24010a2e89:btw2009_kerg.csv:340:101"",""retrieved_at"":""2026-10-01T23:21:39.584Z"",""raw_snapshot"":{""path"":""docs/political-data/raw/germany/2026-10-01T23-21-39-584Z_02e7077f9358c9ef/final-results.zip"",""sha256"":""02e7077f9358c9ef408741ee5d17123a43c28ea766b26a7ab338c08fcaeb7512""},""parser_version"":""germany-production-v1"",""parser_sha256"":""2a8eb3487f392ef83303e7fb9ff246e4c111a7e64a469a6aa9eb21461ae9b1a0"",""fields_covered"":[""second_votes"",""registered_label_native""],""published_or_derived"":""published"",""source_member"":""btw2009_kerg.csv"",""source_member_sha256"":""6d6ea227b02a7407c594634f335b64604f1e4ec64686996cb21b4c24010a2e89"",""source_column"":101},{""source_id"":""src-de-bwl-results-report-2009"",""source_url"":""https://www.bundeswahlleiter.de/dam/jcr/97eabb5b-77d7-44f8-828d-5c4740cc535d/btw09_heft5.pdf"",""source_record_id"":""src-de-bwl-results-report-2009:pdf-page:18:table:3:row:21"",""retrieved_at"":""2026-10-02T09:49:46.922Z"",""raw_snapshot"":{""path"":""docs/political-data/raw/germany/identity_results-report-2009/source.pdf"",""sha256"":""34aeabcf3dbda280c8169d538a968828a98d9bd056949bc3ea50fd8a4cab2793""},""parser_version"":""germany-production-v1"",""parser_sha256"":""2a8eb3487f392ef83303e7fb9ff246e4c111a7e64a469a6aa9eb21461ae9b1a0"",""fields_covered"":[""contestant_kind"",""lead_party_id"",""membership""],""published_or_derived"":""published"",""decision_basis"":""manual review of official same-election recognition/participation and result column"",""evidence_note"":""Same-election participating-party table, printed page 17; full name, abbreviation and Landesliste column visually verified""},{""source_id"":""src-de-bwl-final-archive"",""source_url"":""https://www.bundeswahlleiterin.de/dam/jcr/ce2d2b6a-f211-4355-8eea-355c98cd4e47/btw_kerg.zip"",""source_record_id"":""6d6ea227b02a7407c594634f335b64604f1e4ec64686996cb21b4c24010a2e89:btw2009_kerg.csv:340:101"",""retrieved_at"":""2026-10-01T23:21:39.584Z"",""raw_snapshot"":{""path"":""docs/political-data/raw/germany/2026-10-01T23-21-39-584Z_02e7077f9358c9ef/final-results.zip"",""sha256"":""02e7077f9358c9ef408741ee5d17123a43c28ea766b26a7ab338c08fcaeb7512""},""parser_version"":""germany-production-v1"",""parser_sha256"":""2a8eb3487f392ef83303e7fb9ff246e4c111a7e64a469a6aa9eb21461ae9b1a0"",""fields_covered"":[""historical_display_label""],""published_or_derived"":""published"",""label_basis"":""verbatim_election_specific_source"",""label_evidence"":[{""member"":""btw2009_kerg.csv"",""sha256"":""6d6ea227b02a7407c594634f335b64604f1e4ec64686996cb21b4c24010a2e89"",""column"":101,""record_id"":""6d6ea227b02a7407c594634f335b64604f1e4ec64686996cb21b4c24010a2e89:btw2009_kerg.csv:340:101""}]}]","{""decision_file"":""docs/political-data/germany_production_acceptance.json"",""reviewer"":""germany_source_review"",""reviewed_at"":""2026-10-02"",""scope"":""same_election_only_no_continuity""}"
"ct-de-0071","germany","el-de-bt-2009-09-27","party_list","DIE VIOLETTEN","DIE VIOLETTEN",,"requires_manual_review","false","[{""source_id"":""src-de-bwl-final-archive"",""source_url"":""https://www.bundeswahlleiterin.de/dam/jcr/ce2d2b6a-f211-4355-8eea-355c98cd4e47/btw_kerg.zip"",""source_record_id"":""6d6ea227b02a7407c594634f335b64604f1e4ec64686996cb21b4c24010a2e89:btw2009_kerg.csv:340:105"",""retrieved_at"":""2026-10-01T23:21:39.584Z"",""raw_snapshot"":{""path"":""docs/political-data/raw/germany/2026-10-01T23-21-39-584Z_02e7077f9358c9ef/final-results.zip"",""sha256"":""02e7077f9358c9ef408741ee5d17123a43c28ea766b26a7ab338c08fcaeb7512""},""parser_version"":""germany-production-v1"",""parser_sha256"":""2a8eb3487f392ef83303e7fb9ff246e4c111a7e64a469a6aa9eb21461ae9b1a0"",""fields_covered"":[""second_votes"",""registered_label_native""],""published_or_derived"":""published"",""source_member"":""btw2009_kerg.csv"",""source_member_sha256"":""6d6ea227b02a7407c594634f335b64604f1e4ec64686996cb21b4c24010a2e89"",""source_column"":105},{""source_id"":""src-de-bwl-results-report-2009"",""source_url"":""https://www.bundeswahlleiter.de/dam/jcr/97eabb5b-77d7-44f8-828d-5c4740cc535d/btw09_heft5.pdf"",""source_record_id"":""src-de-bwl-results-report-2009:pdf-page:18:table:3:row:22"",""retrieved_at"":""2026-10-02T09:49:46.922Z"",""raw_snapshot"":{""path"":""docs/political-data/raw/germany/identity_results-report-2009/source.pdf"",""sha256"":""34aeabcf3dbda280c8169d538a968828a98d9bd056949bc3ea50fd8a4cab2793""},""parser_version"":""germany-production-v1"",""parser_sha256"":""2a8eb3487f392ef83303e7fb9ff246e4c111a7e64a469a6aa9eb21461ae9b1a0"",""fields_covered"":[""contestant_kind"",""lead_party_id"",""membership""],""published_or_derived"":""published"",""decision_basis"":""manual review of official same-election recognition/participation and result column"",""evidence_note"":""Same-election participating-party table, printed page 17; full name, abbreviation and Landesliste column visually verified""},{""source_id"":""src-de-bwl-final-archive"",""source_url"":""https://www.bundeswahlleiterin.de/dam/jcr/ce2d2b6a-f211-4355-8eea-355c98cd4e47/btw_kerg.zip"",""source_record_id"":""6d6ea227b02a7407c594634f335b64604f1e4ec64686996cb21b4c24010a2e89:btw2009_kerg.csv:340:105"",""retrieved_at"":""2026-10-01T23:21:39.584Z"",""raw_snapshot"":{""path"":""docs/political-data/raw/germany/2026-10-01T23-21-39-584Z_02e7077f9358c9ef/final-results.zip"",""sha256"":""02e7077f9358c9ef408741ee5d17123a43c28ea766b26a7ab338c08fcaeb7512""},""parser_version"":""germany-production-v1"",""parser_sha256"":""2a8eb3487f392ef83303e7fb9ff246e4c111a7e64a469a6aa9eb21461ae9b1a0"",""fields_covered"":[""historical_display_label""],""published_or_derived"":""published"",""label_basis"":""verbatim_election_specific_source"",""label_evidence"":[{""member"":""btw2009_kerg.csv"",""sha256"":""6d6ea227b02a7407c594634f335b64604f1e4ec64686996cb21b4c24010a2e89"",""column"":105,""record_id"":""6d6ea227b02a7407c594634f335b64604f1e4ec64686996cb21b4c24010a2e89:btw2009_kerg.csv:340:105""}]}]","{""decision_file"":""docs/political-data/germany_production_acceptance.json"",""reviewer"":""germany_source_review"",""reviewed_at"":""2026-10-02"",""scope"":""same_election_only_no_continuity""}"
"ct-de-0072","germany","el-de-bt-2009-09-27","party_list","FWD","FWD",,"requires_manual_review","false","[{""source_id"":""src-de-bwl-final-archive"",""source_url"":""https://www.bundeswahlleiterin.de/dam/jcr/ce2d2b6a-f211-4355-8eea-355c98cd4e47/btw_kerg.zip"",""source_record_id"":""6d6ea227b02a7407c594634f335b64604f1e4ec64686996cb21b4c24010a2e89:btw2009_kerg.csv:340:109"",""retrieved_at"":""2026-10-01T23:21:39.584Z"",""raw_snapshot"":{""path"":""docs/political-data/raw/germany/2026-10-01T23-21-39-584Z_02e7077f9358c9ef/final-results.zip"",""sha256"":""02e7077f9358c9ef408741ee5d17123a43c28ea766b26a7ab338c08fcaeb7512""},""parser_version"":""germany-production-v1"",""parser_sha256"":""2a8eb3487f392ef83303e7fb9ff246e4c111a7e64a469a6aa9eb21461ae9b1a0"",""fields_covered"":[""second_votes"",""registered_label_native""],""published_or_derived"":""published"",""source_member"":""btw2009_kerg.csv"",""source_member_sha256"":""6d6ea227b02a7407c594634f335b64604f1e4ec64686996cb21b4c24010a2e89"",""source_column"":109},{""source_id"":""src-de-bwl-results-report-2009"",""source_url"":""https://www.bundeswahlleiter.de/dam/jcr/97eabb5b-77d7-44f8-828d-5c4740cc535d/btw09_heft5.pdf"",""source_record_id"":""src-de-bwl-results-report-2009:pdf-page:18:table:3:row:23"",""retrieved_at"":""2026-10-02T09:49:46.922Z"",""raw_snapshot"":{""path"":""docs/political-data/raw/germany/identity_results-report-2009/source.pdf"",""sha256"":""34aeabcf3dbda280c8169d538a968828a98d9bd056949bc3ea50fd8a4cab2793""},""parser_version"":""germany-production-v1"",""parser_sha256"":""2a8eb3487f392ef83303e7fb9ff246e4c111a7e64a469a6aa9eb21461ae9b1a0"",""fields_covered"":[""contestant_kind"",""lead_party_id"",""membership""],""published_or_derived"":""published"",""decision_basis"":""manual review of official same-election recognition/participation and result column"",""evidence_note"":""Same-election participating-party table, printed page 17; full name, abbreviation and Landesliste column visually verified""},{""source_id"":""src-de-bwl-final-archive"",""source_url"":""https://www.bundeswahlleiterin.de/dam/jcr/ce2d2b6a-f211-4355-8eea-355c98cd4e47/btw_kerg.zip"",""source_record_id"":""6d6ea227b02a7407c594634f335b64604f1e4ec64686996cb21b4c24010a2e89:btw2009_kerg.csv:340:109"",""retrieved_at"":""2026-10-01T23:21:39.584Z"",""raw_snapshot"":{""path"":""docs/political-data/raw/germany/2026-10-01T23-21-39-584Z_02e7077f9358c9ef/final-results.zip"",""sha256"":""02e7077f9358c9ef408741ee5d17123a43c28ea766b26a7ab338c08fcaeb7512""},""parser_version"":""germany-production-v1"",""parser_sha256"":""2a8eb3487f392ef83303e7fb9ff246e4c111a7e64a469a6aa9eb21461ae9b1a0"",""fields_covered"":[""historical_display_label""],""published_or_derived"":""published"",""label_basis"":""verbatim_election_specific_source"",""label_evidence"":[{""member"":""btw2009_kerg.csv"",""sha256"":""6d6ea227b02a7407c594634f335b64604f1e4ec64686996cb21b4c24010a2e89"",""column"":109,""record_id"":""6d6ea227b02a7407c594634f335b64604f1e4ec64686996cb21b4c24010a2e89:btw2009_kerg.csv:340:109""}]}]","{""decision_file"":""docs/political-data/germany_production_acceptance.json"",""reviewer"":""germany_source_review"",""reviewed_at"":""2026-10-02"",""scope"":""same_election_only_no_continuity""}"
"ct-de-0073","germany","el-de-bt-2009-09-27","party_list","ödp","ödp",,"requires_manual_review","false","[{""source_id"":""src-de-bwl-final-archive"",""source_url"":""https://www.bundeswahlleiterin.de/dam/jcr/ce2d2b6a-f211-4355-8eea-355c98cd4e47/btw_kerg.zip"",""source_record_id"":""6d6ea227b02a7407c594634f335b64604f1e4ec64686996cb21b4c24010a2e89:btw2009_kerg.csv:340:113"",""retrieved_at"":""2026-10-01T23:21:39.584Z"",""raw_snapshot"":{""path"":""docs/political-data/raw/germany/2026-10-01T23-21-39-584Z_02e7077f9358c9ef/final-results.zip"",""sha256"":""02e7077f9358c9ef408741ee5d17123a43c28ea766b26a7ab338c08fcaeb7512""},""parser_version"":""germany-production-v1"",""parser_sha256"":""2a8eb3487f392ef83303e7fb9ff246e4c111a7e64a469a6aa9eb21461ae9b1a0"",""fields_covered"":[""second_votes"",""registered_label_native""],""published_or_derived"":""published"",""source_member"":""btw2009_kerg.csv"",""source_member_sha256"":""6d6ea227b02a7407c594634f335b64604f1e4ec64686996cb21b4c24010a2e89"",""source_column"":113},{""source_id"":""src-de-bwl-results-report-2009"",""source_url"":""https://www.bundeswahlleiter.de/dam/jcr/97eabb5b-77d7-44f8-828d-5c4740cc535d/btw09_heft5.pdf"",""source_record_id"":""src-de-bwl-results-report-2009:pdf-page:18:table:3:row:24"",""retrieved_at"":""2026-10-02T09:49:46.922Z"",""raw_snapshot"":{""path"":""docs/political-data/raw/germany/identity_results-report-2009/source.pdf"",""sha256"":""34aeabcf3dbda280c8169d538a968828a98d9bd056949bc3ea50fd8a4cab2793""},""parser_version"":""germany-production-v1"",""parser_sha256"":""2a8eb3487f392ef83303e7fb9ff246e4c111a7e64a469a6aa9eb21461ae9b1a0"",""fields_covered"":[""contestant_kind"",""lead_party_id"",""membership""],""published_or_derived"":""published"",""decision_basis"":""manual review of official same-election recognition/participation and result column"",""evidence_note"":""Same-election participating-party table, printed page 17; full name, abbreviation and Landesliste column visually verified""},{""source_id"":""src-de-bwl-final-archive"",""source_url"":""https://www.bundeswahlleiterin.de/dam/jcr/ce2d2b6a-f211-4355-8eea-355c98cd4e47/btw_kerg.zip"",""source_record_id"":""6d6ea227b02a7407c594634f335b64604f1e4ec64686996cb21b4c24010a2e89:btw2009_kerg.csv:340:113"",""retrieved_at"":""2026-10-01T23:21:39.584Z"",""raw_snapshot"":{""path"":""docs/political-data/raw/germany/2026-10-01T23-21-39-584Z_02e7077f9358c9ef/final-results.zip"",""sha256"":""02e7077f9358c9ef408741ee5d17123a43c28ea766b26a7ab338c08fcaeb7512""},""parser_version"":""germany-production-v1"",""parser_sha256"":""2a8eb3487f392ef83303e7fb9ff246e4c111a7e64a469a6aa9eb21461ae9b1a0"",""fields_covered"":[""historical_display_label""],""published_or_derived"":""published"",""label_basis"":""verbatim_election_specific_source"",""label_evidence"":[{""member"":""btw2009_kerg.csv"",""sha256"":""6d6ea227b02a7407c594634f335b64604f1e4ec64686996cb21b4c24010a2e89"",""column"":113,""record_id"":""6d6ea227b02a7407c594634f335b64604f1e4ec64686996cb21b4c24010a2e89:btw2009_kerg.csv:340:113""}]}]","{""decision_file"":""docs/political-data/germany_production_acceptance.json"",""reviewer"":""germany_source_review"",""reviewed_at"":""2026-10-02"",""scope"":""same_election_only_no_continuity""}"
"ct-de-0074","germany","el-de-bt-2009-09-27","party_list","PIRATEN","PIRATEN",,"requires_manual_review","false","[{""source_id"":""src-de-bwl-final-archive"",""source_url"":""https://www.bundeswahlleiterin.de/dam/jcr/ce2d2b6a-f211-4355-8eea-355c98cd4e47/btw_kerg.zip"",""source_record_id"":""6d6ea227b02a7407c594634f335b64604f1e4ec64686996cb21b4c24010a2e89:btw2009_kerg.csv:340:117"",""retrieved_at"":""2026-10-01T23:21:39.584Z"",""raw_snapshot"":{""path"":""docs/political-data/raw/germany/2026-10-01T23-21-39-584Z_02e7077f9358c9ef/final-results.zip"",""sha256"":""02e7077f9358c9ef408741ee5d17123a43c28ea766b26a7ab338c08fcaeb7512""},""parser_version"":""germany-production-v1"",""parser_sha256"":""2a8eb3487f392ef83303e7fb9ff246e4c111a7e64a469a6aa9eb21461ae9b1a0"",""fields_covered"":[""second_votes"",""registered_label_native""],""published_or_derived"":""published"",""source_member"":""btw2009_kerg.csv"",""source_member_sha256"":""6d6ea227b02a7407c594634f335b64604f1e4ec64686996cb21b4c24010a2e89"",""source_column"":117},{""source_id"":""src-de-bwl-results-report-2009"",""source_url"":""https://www.bundeswahlleiter.de/dam/jcr/97eabb5b-77d7-44f8-828d-5c4740cc535d/btw09_heft5.pdf"",""source_record_id"":""src-de-bwl-results-report-2009:pdf-page:18:table:3:row:25"",""retrieved_at"":""2026-10-02T09:49:46.922Z"",""raw_snapshot"":{""path"":""docs/political-data/raw/germany/identity_results-report-2009/source.pdf"",""sha256"":""34aeabcf3dbda280c8169d538a968828a98d9bd056949bc3ea50fd8a4cab2793""},""parser_version"":""germany-production-v1"",""parser_sha256"":""2a8eb3487f392ef83303e7fb9ff246e4c111a7e64a469a6aa9eb21461ae9b1a0"",""fields_covered"":[""contestant_kind"",""lead_party_id"",""membership""],""published_or_derived"":""published"",""decision_basis"":""manual review of official same-election recognition/participation and result column"",""evidence_note"":""Same-election participating-party table, printed page 17; full name, abbreviation and Landesliste column visually verified""},{""source_id"":""src-de-bwl-final-archive"",""source_url"":""https://www.bundeswahlleiterin.de/dam/jcr/ce2d2b6a-f211-4355-8eea-355c98cd4e47/btw_kerg.zip"",""source_record_id"":""6d6ea227b02a7407c594634f335b64604f1e4ec64686996cb21b4c24010a2e89:btw2009_kerg.csv:340:117"",""retrieved_at"":""2026-10-01T23:21:39.584Z"",""raw_snapshot"":{""path"":""docs/political-data/raw/germany/2026-10-01T23-21-39-584Z_02e7077f9358c9ef/final-results.zip"",""sha256"":""02e7077f9358c9ef408741ee5d17123a43c28ea766b26a7ab338c08fcaeb7512""},""parser_version"":""germany-production-v1"",""parser_sha256"":""2a8eb3487f392ef83303e7fb9ff246e4c111a7e64a469a6aa9eb21461ae9b1a0"",""fields_covered"":[""historical_display_label""],""published_or_derived"":""published"",""label_basis"":""verbatim_election_specific_source"",""label_evidence"":[{""member"":""btw2009_kerg.csv"",""sha256"":""6d6ea227b02a7407c594634f335b64604f1e4ec64686996cb21b4c24010a2e89"",""column"":117,""record_id"":""6d6ea227b02a7407c594634f335b64604f1e4ec64686996cb21b4c24010a2e89:btw2009_kerg.csv:340:117""}]}]","{""decision_file"":""docs/political-data/germany_production_acceptance.json"",""reviewer"":""germany_source_review"",""reviewed_at"":""2026-10-02"",""scope"":""same_election_only_no_continuity""}"
"ct-de-0075","germany","el-de-bt-2009-09-27","party_list","RRP","RRP",,"requires_manual_review","false","[{""source_id"":""src-de-bwl-final-archive"",""source_url"":""https://www.bundeswahlleiterin.de/dam/jcr/ce2d2b6a-f211-4355-8eea-355c98cd4e47/btw_kerg.zip"",""source_record_id"":""6d6ea227b02a7407c594634f335b64604f1e4ec64686996cb21b4c24010a2e89:btw2009_kerg.csv:340:121"",""retrieved_at"":""2026-10-01T23:21:39.584Z"",""raw_snapshot"":{""path"":""docs/political-data/raw/germany/2026-10-01T23-21-39-584Z_02e7077f9358c9ef/final-results.zip"",""sha256"":""02e7077f9358c9ef408741ee5d17123a43c28ea766b26a7ab338c08fcaeb7512""},""parser_version"":""germany-production-v1"",""parser_sha256"":""2a8eb3487f392ef83303e7fb9ff246e4c111a7e64a469a6aa9eb21461ae9b1a0"",""fields_covered"":[""second_votes"",""registered_label_native""],""published_or_derived"":""published"",""source_member"":""btw2009_kerg.csv"",""source_member_sha256"":""6d6ea227b02a7407c594634f335b64604f1e4ec64686996cb21b4c24010a2e89"",""source_column"":121},{""source_id"":""src-de-bwl-results-report-2009"",""source_url"":""https://www.bundeswahlleiter.de/dam/jcr/97eabb5b-77d7-44f8-828d-5c4740cc535d/btw09_heft5.pdf"",""source_record_id"":""src-de-bwl-results-report-2009:pdf-page:18:table:3:row:26"",""retrieved_at"":""2026-10-02T09:49:46.922Z"",""raw_snapshot"":{""path"":""docs/political-data/raw/germany/identity_results-report-2009/source.pdf"",""sha256"":""34aeabcf3dbda280c8169d538a968828a98d9bd056949bc3ea50fd8a4cab2793""},""parser_version"":""germany-production-v1"",""parser_sha256"":""2a8eb3487f392ef83303e7fb9ff246e4c111a7e64a469a6aa9eb21461ae9b1a0"",""fields_covered"":[""contestant_kind"",""lead_party_id"",""membership""],""published_or_derived"":""published"",""decision_basis"":""manual review of official same-election recognition/participation and result column"",""evidence_note"":""Same-election participating-party table, printed page 17; full name, abbreviation and Landesliste column visually verified""},{""source_id"":""src-de-bwl-final-archive"",""source_url"":""https://www.bundeswahlleiterin.de/dam/jcr/ce2d2b6a-f211-4355-8eea-355c98cd4e47/btw_kerg.zip"",""source_record_id"":""6d6ea227b02a7407c594634f335b64604f1e4ec64686996cb21b4c24010a2e89:btw2009_kerg.csv:340:121"",""retrieved_at"":""2026-10-01T23:21:39.584Z"",""raw_snapshot"":{""path"":""docs/political-data/raw/germany/2026-10-01T23-21-39-584Z_02e7077f9358c9ef/final-results.zip"",""sha256"":""02e7077f9358c9ef408741ee5d17123a43c28ea766b26a7ab338c08fcaeb7512""},""parser_version"":""germany-production-v1"",""parser_sha256"":""2a8eb3487f392ef83303e7fb9ff246e4c111a7e64a469a6aa9eb21461ae9b1a0"",""fields_covered"":[""historical_display_label""],""published_or_derived"":""published"",""label_basis"":""verbatim_election_specific_source"",""label_evidence"":[{""member"":""btw2009_kerg.csv"",""sha256"":""6d6ea227b02a7407c594634f335b64604f1e4ec64686996cb21b4c24010a2e89"",""column"":121,""record_id"":""6d6ea227b02a7407c594634f335b64604f1e4ec64686996cb21b4c24010a2e89:btw2009_kerg.csv:340:121""}]}]","{""decision_file"":""docs/political-data/germany_production_acceptance.json"",""reviewer"":""germany_source_review"",""reviewed_at"":""2026-10-02"",""scope"":""same_election_only_no_continuity""}"
"ct-de-0076","germany","el-de-bt-2009-09-27","party_list","RENTNER","RENTNER",,"requires_manual_review","false","[{""source_id"":""src-de-bwl-final-archive"",""source_url"":""https://www.bundeswahlleiterin.de/dam/jcr/ce2d2b6a-f211-4355-8eea-355c98cd4e47/btw_kerg.zip"",""source_record_id"":""6d6ea227b02a7407c594634f335b64604f1e4ec64686996cb21b4c24010a2e89:btw2009_kerg.csv:340:125"",""retrieved_at"":""2026-10-01T23:21:39.584Z"",""raw_snapshot"":{""path"":""docs/political-data/raw/germany/2026-10-01T23-21-39-584Z_02e7077f9358c9ef/final-results.zip"",""sha256"":""02e7077f9358c9ef408741ee5d17123a43c28ea766b26a7ab338c08fcaeb7512""},""parser_version"":""germany-production-v1"",""parser_sha256"":""2a8eb3487f392ef83303e7fb9ff246e4c111a7e64a469a6aa9eb21461ae9b1a0"",""fields_covered"":[""second_votes"",""registered_label_native""],""published_or_derived"":""published"",""source_member"":""btw2009_kerg.csv"",""source_member_sha256"":""6d6ea227b02a7407c594634f335b64604f1e4ec64686996cb21b4c24010a2e89"",""source_column"":125},{""source_id"":""src-de-bwl-results-report-2009"",""source_url"":""https://www.bundeswahlleiter.de/dam/jcr/97eabb5b-77d7-44f8-828d-5c4740cc535d/btw09_heft5.pdf"",""source_record_id"":""src-de-bwl-results-report-2009:pdf-page:18:table:3:row:27"",""retrieved_at"":""2026-10-02T09:49:46.922Z"",""raw_snapshot"":{""path"":""docs/political-data/raw/germany/identity_results-report-2009/source.pdf"",""sha256"":""34aeabcf3dbda280c8169d538a968828a98d9bd056949bc3ea50fd8a4cab2793""},""parser_version"":""germany-production-v1"",""parser_sha256"":""2a8eb3487f392ef83303e7fb9ff246e4c111a7e64a469a6aa9eb21461ae9b1a0"",""fields_covered"":[""contestant_kind"",""lead_party_id"",""membership""],""published_or_derived"":""published"",""decision_basis"":""manual review of official same-election recognition/participation and result column"",""evidence_note"":""Same-election participating-party table, printed page 17; full name, abbreviation and Landesliste column visually verified""},{""source_id"":""src-de-bwl-final-archive"",""source_url"":""https://www.bundeswahlleiterin.de/dam/jcr/ce2d2b6a-f211-4355-8eea-355c98cd4e47/btw_kerg.zip"",""source_record_id"":""6d6ea227b02a7407c594634f335b64604f1e4ec64686996cb21b4c24010a2e89:btw2009_kerg.csv:340:125"",""retrieved_at"":""2026-10-01T23:21:39.584Z"",""raw_snapshot"":{""path"":""docs/political-data/raw/germany/2026-10-01T23-21-39-584Z_02e7077f9358c9ef/final-results.zip"",""sha256"":""02e7077f9358c9ef408741ee5d17123a43c28ea766b26a7ab338c08fcaeb7512""},""parser_version"":""germany-production-v1"",""parser_sha256"":""2a8eb3487f392ef83303e7fb9ff246e4c111a7e64a469a6aa9eb21461ae9b1a0"",""fields_covered"":[""historical_display_label""],""published_or_derived"":""published"",""label_basis"":""verbatim_election_specific_source"",""label_evidence"":[{""member"":""btw2009_kerg.csv"",""sha256"":""6d6ea227b02a7407c594634f335b64604f1e4ec64686996cb21b4c24010a2e89"",""column"":125,""record_id"":""6d6ea227b02a7407c594634f335b64604f1e4ec64686996cb21b4c24010a2e89:btw2009_kerg.csv:340:125""}]}]","{""decision_file"":""docs/political-data/germany_production_acceptance.json"",""reviewer"":""germany_source_review"",""reviewed_at"":""2026-10-02"",""scope"":""same_election_only_no_continuity""}"
"ct-de-0077","germany","el-de-bt-2013-09-22","party_list","CDU","CDU",,"requires_manual_review","false","[{""source_id"":""src-de-bwl-final-archive"",""source_url"":""https://www.bundeswahlleiterin.de/dam/jcr/ce2d2b6a-f211-4355-8eea-355c98cd4e47/btw_kerg.zip"",""source_record_id"":""af1d7f449974be160ffbbcc359bee00b73fb538a279f7ded5ea99b5b13bfcfbe:btw2013_kerg.csv:340:21"",""retrieved_at"":""2026-10-01T23:21:39.584Z"",""raw_snapshot"":{""path"":""docs/political-data/raw/germany/2026-10-01T23-21-39-584Z_02e7077f9358c9ef/final-results.zip"",""sha256"":""02e7077f9358c9ef408741ee5d17123a43c28ea766b26a7ab338c08fcaeb7512""},""parser_version"":""germany-production-v1"",""parser_sha256"":""2a8eb3487f392ef83303e7fb9ff246e4c111a7e64a469a6aa9eb21461ae9b1a0"",""fields_covered"":[""second_votes"",""registered_label_native""],""published_or_derived"":""published"",""source_member"":""btw2013_kerg.csv"",""source_member_sha256"":""af1d7f449974be160ffbbcc359bee00b73fb538a279f7ded5ea99b5b13bfcfbe"",""source_column"":21},{""source_id"":""src-de-bwl-recognition-2013"",""source_url"":""https://www.bundeswahlleiterin.de/info/presse/mitteilungen/bundestagswahl-2013/2013-07-05-38-parteien-koennen-an-der-bundestagswahl-2013-teilnehmen.html"",""source_record_id"":""src-de-bwl-recognition-2013:list:1:item:1"",""retrieved_at"":""2026-10-02T09:41:54.242Z"",""raw_snapshot"":{""path"":""docs/political-data/raw/germany/recognition_2013/recognition.html"",""sha256"":""f6225ec25ade267119b4407d531d33a969296ff08eadafb9ffbbb7a6246ebc48""},""parser_version"":""germany-production-v1"",""parser_sha256"":""2a8eb3487f392ef83303e7fb9ff246e4c111a7e64a469a6aa9eb21461ae9b1a0"",""fields_covered"":[""contestant_kind"",""lead_party_id"",""membership""],""published_or_derived"":""published"",""decision_basis"":""manual review of official same-election recognition/participation and result column"",""evidence_note"":""Official same-election recognition declaration; list ordering is not a durable identifier""},{""source_id"":""src-de-bwl-final-archive"",""source_url"":""https://www.bundeswahlleiterin.de/dam/jcr/ce2d2b6a-f211-4355-8eea-355c98cd4e47/btw_kerg.zip"",""source_record_id"":""af1d7f449974be160ffbbcc359bee00b73fb538a279f7ded5ea99b5b13bfcfbe:btw2013_kerg.csv:340:21"",""retrieved_at"":""2026-10-01T23:21:39.584Z"",""raw_snapshot"":{""path"":""docs/political-data/raw/germany/2026-10-01T23-21-39-584Z_02e7077f9358c9ef/final-results.zip"",""sha256"":""02e7077f9358c9ef408741ee5d17123a43c28ea766b26a7ab338c08fcaeb7512""},""parser_version"":""germany-production-v1"",""parser_sha256"":""2a8eb3487f392ef83303e7fb9ff246e4c111a7e64a469a6aa9eb21461ae9b1a0"",""fields_covered"":[""historical_display_label""],""published_or_derived"":""published"",""label_basis"":""verbatim_election_specific_source"",""label_evidence"":[{""member"":""btw2013_kerg.csv"",""sha256"":""af1d7f449974be160ffbbcc359bee00b73fb538a279f7ded5ea99b5b13bfcfbe"",""column"":21,""record_id"":""af1d7f449974be160ffbbcc359bee00b73fb538a279f7ded5ea99b5b13bfcfbe:btw2013_kerg.csv:340:21""}]}]","{""decision_file"":""docs/political-data/germany_production_acceptance.json"",""reviewer"":""germany_source_review"",""reviewed_at"":""2026-10-02"",""scope"":""same_election_only_no_continuity""}"
"ct-de-0078","germany","el-de-bt-2013-09-22","party_list","SPD","SPD",,"requires_manual_review","false","[{""source_id"":""src-de-bwl-final-archive"",""source_url"":""https://www.bundeswahlleiterin.de/dam/jcr/ce2d2b6a-f211-4355-8eea-355c98cd4e47/btw_kerg.zip"",""source_record_id"":""af1d7f449974be160ffbbcc359bee00b73fb538a279f7ded5ea99b5b13bfcfbe:btw2013_kerg.csv:340:25"",""retrieved_at"":""2026-10-01T23:21:39.584Z"",""raw_snapshot"":{""path"":""docs/political-data/raw/germany/2026-10-01T23-21-39-584Z_02e7077f9358c9ef/final-results.zip"",""sha256"":""02e7077f9358c9ef408741ee5d17123a43c28ea766b26a7ab338c08fcaeb7512""},""parser_version"":""germany-production-v1"",""parser_sha256"":""2a8eb3487f392ef83303e7fb9ff246e4c111a7e64a469a6aa9eb21461ae9b1a0"",""fields_covered"":[""second_votes"",""registered_label_native""],""published_or_derived"":""published"",""source_member"":""btw2013_kerg.csv"",""source_member_sha256"":""af1d7f449974be160ffbbcc359bee00b73fb538a279f7ded5ea99b5b13bfcfbe"",""source_column"":25},{""source_id"":""src-de-bwl-recognition-2013"",""source_url"":""https://www.bundeswahlleiterin.de/info/presse/mitteilungen/bundestagswahl-2013/2013-07-05-38-parteien-koennen-an-der-bundestagswahl-2013-teilnehmen.html"",""source_record_id"":""src-de-bwl-recognition-2013:list:1:item:2"",""retrieved_at"":""2026-10-02T09:41:54.242Z"",""raw_snapshot"":{""path"":""docs/political-data/raw/germany/recognition_2013/recognition.html"",""sha256"":""f6225ec25ade267119b4407d531d33a969296ff08eadafb9ffbbb7a6246ebc48""},""parser_version"":""germany-production-v1"",""parser_sha256"":""2a8eb3487f392ef83303e7fb9ff246e4c111a7e64a469a6aa9eb21461ae9b1a0"",""fields_covered"":[""contestant_kind"",""lead_party_id"",""membership""],""published_or_derived"":""published"",""decision_basis"":""manual review of official same-election recognition/participation and result column"",""evidence_note"":""Official same-election recognition declaration; list ordering is not a durable identifier""},{""source_id"":""src-de-bwl-final-archive"",""source_url"":""https://www.bundeswahlleiterin.de/dam/jcr/ce2d2b6a-f211-4355-8eea-355c98cd4e47/btw_kerg.zip"",""source_record_id"":""af1d7f449974be160ffbbcc359bee00b73fb538a279f7ded5ea99b5b13bfcfbe:btw2013_kerg.csv:340:25"",""retrieved_at"":""2026-10-01T23:21:39.584Z"",""raw_snapshot"":{""path"":""docs/political-data/raw/germany/2026-10-01T23-21-39-584Z_02e7077f9358c9ef/final-results.zip"",""sha256"":""02e7077f9358c9ef408741ee5d17123a43c28ea766b26a7ab338c08fcaeb7512""},""parser_version"":""germany-production-v1"",""parser_sha256"":""2a8eb3487f392ef83303e7fb9ff246e4c111a7e64a469a6aa9eb21461ae9b1a0"",""fields_covered"":[""historical_display_label""],""published_or_derived"":""published"",""label_basis"":""verbatim_election_specific_source"",""label_evidence"":[{""member"":""btw2013_kerg.csv"",""sha256"":""af1d7f449974be160ffbbcc359bee00b73fb538a279f7ded5ea99b5b13bfcfbe"",""column"":25,""record_id"":""af1d7f449974be160ffbbcc359bee00b73fb538a279f7ded5ea99b5b13bfcfbe:btw2013_kerg.csv:340:25""}]}]","{""decision_file"":""docs/political-data/germany_production_acceptance.json"",""reviewer"":""germany_source_review"",""reviewed_at"":""2026-10-02"",""scope"":""same_election_only_no_continuity""}"
"ct-de-0079","germany","el-de-bt-2013-09-22","party_list","FDP","FDP",,"requires_manual_review","false","[{""source_id"":""src-de-bwl-final-archive"",""source_url"":""https://www.bundeswahlleiterin.de/dam/jcr/ce2d2b6a-f211-4355-8eea-355c98cd4e47/btw_kerg.zip"",""source_record_id"":""af1d7f449974be160ffbbcc359bee00b73fb538a279f7ded5ea99b5b13bfcfbe:btw2013_kerg.csv:340:29"",""retrieved_at"":""2026-10-01T23:21:39.584Z"",""raw_snapshot"":{""path"":""docs/political-data/raw/germany/2026-10-01T23-21-39-584Z_02e7077f9358c9ef/final-results.zip"",""sha256"":""02e7077f9358c9ef408741ee5d17123a43c28ea766b26a7ab338c08fcaeb7512""},""parser_version"":""germany-production-v1"",""parser_sha256"":""2a8eb3487f392ef83303e7fb9ff246e4c111a7e64a469a6aa9eb21461ae9b1a0"",""fields_covered"":[""second_votes"",""registered_label_native""],""published_or_derived"":""published"",""source_member"":""btw2013_kerg.csv"",""source_member_sha256"":""af1d7f449974be160ffbbcc359bee00b73fb538a279f7ded5ea99b5b13bfcfbe"",""source_column"":29},{""source_id"":""src-de-bwl-recognition-2013"",""source_url"":""https://www.bundeswahlleiterin.de/info/presse/mitteilungen/bundestagswahl-2013/2013-07-05-38-parteien-koennen-an-der-bundestagswahl-2013-teilnehmen.html"",""source_record_id"":""src-de-bwl-recognition-2013:list:1:item:3"",""retrieved_at"":""2026-10-02T09:41:54.242Z"",""raw_snapshot"":{""path"":""docs/political-data/raw/germany/recognition_2013/recognition.html"",""sha256"":""f6225ec25ade267119b4407d531d33a969296ff08eadafb9ffbbb7a6246ebc48""},""parser_version"":""germany-production-v1"",""parser_sha256"":""2a8eb3487f392ef83303e7fb9ff246e4c111a7e64a469a6aa9eb21461ae9b1a0"",""fields_covered"":[""contestant_kind"",""lead_party_id"",""membership""],""published_or_derived"":""published"",""decision_basis"":""manual review of official same-election recognition/participation and result column"",""evidence_note"":""Official same-election recognition declaration; list ordering is not a durable identifier""},{""source_id"":""src-de-bwl-final-archive"",""source_url"":""https://www.bundeswahlleiterin.de/dam/jcr/ce2d2b6a-f211-4355-8eea-355c98cd4e47/btw_kerg.zip"",""source_record_id"":""af1d7f449974be160ffbbcc359bee00b73fb538a279f7ded5ea99b5b13bfcfbe:btw2013_kerg.csv:340:29"",""retrieved_at"":""2026-10-01T23:21:39.584Z"",""raw_snapshot"":{""path"":""docs/political-data/raw/germany/2026-10-01T23-21-39-584Z_02e7077f9358c9ef/final-results.zip"",""sha256"":""02e7077f9358c9ef408741ee5d17123a43c28ea766b26a7ab338c08fcaeb7512""},""parser_version"":""germany-production-v1"",""parser_sha256"":""2a8eb3487f392ef83303e7fb9ff246e4c111a7e64a469a6aa9eb21461ae9b1a0"",""fields_covered"":[""historical_display_label""],""published_or_derived"":""published"",""label_basis"":""verbatim_election_specific_source"",""label_evidence"":[{""member"":""btw2013_kerg.csv"",""sha256"":""af1d7f449974be160ffbbcc359bee00b73fb538a279f7ded5ea99b5b13bfcfbe"",""column"":29,""record_id"":""af1d7f449974be160ffbbcc359bee00b73fb538a279f7ded5ea99b5b13bfcfbe:btw2013_kerg.csv:340:29""}]}]","{""decision_file"":""docs/political-data/germany_production_acceptance.json"",""reviewer"":""germany_source_review"",""reviewed_at"":""2026-10-02"",""scope"":""same_election_only_no_continuity""}"
"ct-de-0080","germany","el-de-bt-2013-09-22","party_list","DIE LINKE","DIE LINKE",,"requires_manual_review","false","[{""source_id"":""src-de-bwl-final-archive"",""source_url"":""https://www.bundeswahlleiterin.de/dam/jcr/ce2d2b6a-f211-4355-8eea-355c98cd4e47/btw_kerg.zip"",""source_record_id"":""af1d7f449974be160ffbbcc359bee00b73fb538a279f7ded5ea99b5b13bfcfbe:btw2013_kerg.csv:340:33"",""retrieved_at"":""2026-10-01T23:21:39.584Z"",""raw_snapshot"":{""path"":""docs/political-data/raw/germany/2026-10-01T23-21-39-584Z_02e7077f9358c9ef/final-results.zip"",""sha256"":""02e7077f9358c9ef408741ee5d17123a43c28ea766b26a7ab338c08fcaeb7512""},""parser_version"":""germany-production-v1"",""parser_sha256"":""2a8eb3487f392ef83303e7fb9ff246e4c111a7e64a469a6aa9eb21461ae9b1a0"",""fields_covered"":[""second_votes"",""registered_label_native""],""published_or_derived"":""published"",""source_member"":""btw2013_kerg.csv"",""source_member_sha256"":""af1d7f449974be160ffbbcc359bee00b73fb538a279f7ded5ea99b5b13bfcfbe"",""source_column"":33},{""source_id"":""src-de-bwl-recognition-2013"",""source_url"":""https://www.bundeswahlleiterin.de/info/presse/mitteilungen/bundestagswahl-2013/2013-07-05-38-parteien-koennen-an-der-bundestagswahl-2013-teilnehmen.html"",""source_record_id"":""src-de-bwl-recognition-2013:list:1:item:4"",""retrieved_at"":""2026-10-02T09:41:54.242Z"",""raw_snapshot"":{""path"":""docs/political-data/raw/germany/recognition_2013/recognition.html"",""sha256"":""f6225ec25ade267119b4407d531d33a969296ff08eadafb9ffbbb7a6246ebc48""},""parser_version"":""germany-production-v1"",""parser_sha256"":""2a8eb3487f392ef83303e7fb9ff246e4c111a7e64a469a6aa9eb21461ae9b1a0"",""fields_covered"":[""contestant_kind"",""lead_party_id"",""membership""],""published_or_derived"":""published"",""decision_basis"":""manual review of official same-election recognition/participation and result column"",""evidence_note"":""Official same-election recognition declaration; list ordering is not a durable identifier""},{""source_id"":""src-de-bwl-final-archive"",""source_url"":""https://www.bundeswahlleiterin.de/dam/jcr/ce2d2b6a-f211-4355-8eea-355c98cd4e47/btw_kerg.zip"",""source_record_id"":""af1d7f449974be160ffbbcc359bee00b73fb538a279f7ded5ea99b5b13bfcfbe:btw2013_kerg.csv:340:33"",""retrieved_at"":""2026-10-01T23:21:39.584Z"",""raw_snapshot"":{""path"":""docs/political-data/raw/germany/2026-10-01T23-21-39-584Z_02e7077f9358c9ef/final-results.zip"",""sha256"":""02e7077f9358c9ef408741ee5d17123a43c28ea766b26a7ab338c08fcaeb7512""},""parser_version"":""germany-production-v1"",""parser_sha256"":""2a8eb3487f392ef83303e7fb9ff246e4c111a7e64a469a6aa9eb21461ae9b1a0"",""fields_covered"":[""historical_display_label""],""published_or_derived"":""published"",""label_basis"":""verbatim_election_specific_source"",""label_evidence"":[{""member"":""btw2013_kerg.csv"",""sha256"":""af1d7f449974be160ffbbcc359bee00b73fb538a279f7ded5ea99b5b13bfcfbe"",""column"":33,""record_id"":""af1d7f449974be160ffbbcc359bee00b73fb538a279f7ded5ea99b5b13bfcfbe:btw2013_kerg.csv:340:33""}]}]","{""decision_file"":""docs/political-data/germany_production_acceptance.json"",""reviewer"":""germany_source_review"",""reviewed_at"":""2026-10-02"",""scope"":""same_election_only_no_continuity""}"
"ct-de-0081","germany","el-de-bt-2013-09-22","party_list","GRÜNE","GRÜNE",,"requires_manual_review","false","[{""source_id"":""src-de-bwl-final-archive"",""source_url"":""https://www.bundeswahlleiterin.de/dam/jcr/ce2d2b6a-f211-4355-8eea-355c98cd4e47/btw_kerg.zip"",""source_record_id"":""af1d7f449974be160ffbbcc359bee00b73fb538a279f7ded5ea99b5b13bfcfbe:btw2013_kerg.csv:340:37"",""retrieved_at"":""2026-10-01T23:21:39.584Z"",""raw_snapshot"":{""path"":""docs/political-data/raw/germany/2026-10-01T23-21-39-584Z_02e7077f9358c9ef/final-results.zip"",""sha256"":""02e7077f9358c9ef408741ee5d17123a43c28ea766b26a7ab338c08fcaeb7512""},""parser_version"":""germany-production-v1"",""parser_sha256"":""2a8eb3487f392ef83303e7fb9ff246e4c111a7e64a469a6aa9eb21461ae9b1a0"",""fields_covered"":[""second_votes"",""registered_label_native""],""published_or_derived"":""published"",""source_member"":""btw2013_kerg.csv"",""source_member_sha256"":""af1d7f449974be160ffbbcc359bee00b73fb538a279f7ded5ea99b5b13bfcfbe"",""source_column"":37},{""source_id"":""src-de-bwl-recognition-2013"",""source_url"":""https://www.bundeswahlleiterin.de/info/presse/mitteilungen/bundestagswahl-2013/2013-07-05-38-parteien-koennen-an-der-bundestagswahl-2013-teilnehmen.html"",""source_record_id"":""src-de-bwl-recognition-2013:list:1:item:5"",""retrieved_at"":""2026-10-02T09:41:54.242Z"",""raw_snapshot"":{""path"":""docs/political-data/raw/germany/recognition_2013/recognition.html"",""sha256"":""f6225ec25ade267119b4407d531d33a969296ff08eadafb9ffbbb7a6246ebc48""},""parser_version"":""germany-production-v1"",""parser_sha256"":""2a8eb3487f392ef83303e7fb9ff246e4c111a7e64a469a6aa9eb21461ae9b1a0"",""fields_covered"":[""contestant_kind"",""lead_party_id"",""membership""],""published_or_derived"":""published"",""decision_basis"":""manual review of official same-election recognition/participation and result column"",""evidence_note"":""Official same-election recognition declaration; list ordering is not a durable identifier""},{""source_id"":""src-de-bwl-final-archive"",""source_url"":""https://www.bundeswahlleiterin.de/dam/jcr/ce2d2b6a-f211-4355-8eea-355c98cd4e47/btw_kerg.zip"",""source_record_id"":""af1d7f449974be160ffbbcc359bee00b73fb538a279f7ded5ea99b5b13bfcfbe:btw2013_kerg.csv:340:37"",""retrieved_at"":""2026-10-01T23:21:39.584Z"",""raw_snapshot"":{""path"":""docs/political-data/raw/germany/2026-10-01T23-21-39-584Z_02e7077f9358c9ef/final-results.zip"",""sha256"":""02e7077f9358c9ef408741ee5d17123a43c28ea766b26a7ab338c08fcaeb7512""},""parser_version"":""germany-production-v1"",""parser_sha256"":""2a8eb3487f392ef83303e7fb9ff246e4c111a7e64a469a6aa9eb21461ae9b1a0"",""fields_covered"":[""historical_display_label""],""published_or_derived"":""published"",""label_basis"":""verbatim_election_specific_source"",""label_evidence"":[{""member"":""btw2013_kerg.csv"",""sha256"":""af1d7f449974be160ffbbcc359bee00b73fb538a279f7ded5ea99b5b13bfcfbe"",""column"":37,""record_id"":""af1d7f449974be160ffbbcc359bee00b73fb538a279f7ded5ea99b5b13bfcfbe:btw2013_kerg.csv:340:37""}]}]","{""decision_file"":""docs/political-data/germany_production_acceptance.json"",""reviewer"":""germany_source_review"",""reviewed_at"":""2026-10-02"",""scope"":""same_election_only_no_continuity""}"
"ct-de-0082","germany","el-de-bt-2013-09-22","party_list","CSU","CSU",,"requires_manual_review","false","[{""source_id"":""src-de-bwl-final-archive"",""source_url"":""https://www.bundeswahlleiterin.de/dam/jcr/ce2d2b6a-f211-4355-8eea-355c98cd4e47/btw_kerg.zip"",""source_record_id"":""af1d7f449974be160ffbbcc359bee00b73fb538a279f7ded5ea99b5b13bfcfbe:btw2013_kerg.csv:340:41"",""retrieved_at"":""2026-10-01T23:21:39.584Z"",""raw_snapshot"":{""path"":""docs/political-data/raw/germany/2026-10-01T23-21-39-584Z_02e7077f9358c9ef/final-results.zip"",""sha256"":""02e7077f9358c9ef408741ee5d17123a43c28ea766b26a7ab338c08fcaeb7512""},""parser_version"":""germany-production-v1"",""parser_sha256"":""2a8eb3487f392ef83303e7fb9ff246e4c111a7e64a469a6aa9eb21461ae9b1a0"",""fields_covered"":[""second_votes"",""registered_label_native""],""published_or_derived"":""published"",""source_member"":""btw2013_kerg.csv"",""source_member_sha256"":""af1d7f449974be160ffbbcc359bee00b73fb538a279f7ded5ea99b5b13bfcfbe"",""source_column"":41},{""source_id"":""src-de-bwl-recognition-2013"",""source_url"":""https://www.bundeswahlleiterin.de/info/presse/mitteilungen/bundestagswahl-2013/2013-07-05-38-parteien-koennen-an-der-bundestagswahl-2013-teilnehmen.html"",""source_record_id"":""src-de-bwl-recognition-2013:list:1:item:6"",""retrieved_at"":""2026-10-02T09:41:54.242Z"",""raw_snapshot"":{""path"":""docs/political-data/raw/germany/recognition_2013/recognition.html"",""sha256"":""f6225ec25ade267119b4407d531d33a969296ff08eadafb9ffbbb7a6246ebc48""},""parser_version"":""germany-production-v1"",""parser_sha256"":""2a8eb3487f392ef83303e7fb9ff246e4c111a7e64a469a6aa9eb21461ae9b1a0"",""fields_covered"":[""contestant_kind"",""lead_party_id"",""membership""],""published_or_derived"":""published"",""decision_basis"":""manual review of official same-election recognition/participation and result column"",""evidence_note"":""Official same-election recognition declaration; list ordering is not a durable identifier""},{""source_id"":""src-de-bwl-final-archive"",""source_url"":""https://www.bundeswahlleiterin.de/dam/jcr/ce2d2b6a-f211-4355-8eea-355c98cd4e47/btw_kerg.zip"",""source_record_id"":""af1d7f449974be160ffbbcc359bee00b73fb538a279f7ded5ea99b5b13bfcfbe:btw2013_kerg.csv:340:41"",""retrieved_at"":""2026-10-01T23:21:39.584Z"",""raw_snapshot"":{""path"":""docs/political-data/raw/germany/2026-10-01T23-21-39-584Z_02e7077f9358c9ef/final-results.zip"",""sha256"":""02e7077f9358c9ef408741ee5d17123a43c28ea766b26a7ab338c08fcaeb7512""},""parser_version"":""germany-production-v1"",""parser_sha256"":""2a8eb3487f392ef83303e7fb9ff246e4c111a7e64a469a6aa9eb21461ae9b1a0"",""fields_covered"":[""historical_display_label""],""published_or_derived"":""published"",""label_basis"":""verbatim_election_specific_source"",""label_evidence"":[{""member"":""btw2013_kerg.csv"",""sha256"":""af1d7f449974be160ffbbcc359bee00b73fb538a279f7ded5ea99b5b13bfcfbe"",""column"":41,""record_id"":""af1d7f449974be160ffbbcc359bee00b73fb538a279f7ded5ea99b5b13bfcfbe:btw2013_kerg.csv:340:41""}]}]","{""decision_file"":""docs/political-data/germany_production_acceptance.json"",""reviewer"":""germany_source_review"",""reviewed_at"":""2026-10-02"",""scope"":""same_election_only_no_continuity""}"
"ct-de-0083","germany","el-de-bt-2013-09-22","party_list","PIRATEN","PIRATEN",,"requires_manual_review","false","[{""source_id"":""src-de-bwl-final-archive"",""source_url"":""https://www.bundeswahlleiterin.de/dam/jcr/ce2d2b6a-f211-4355-8eea-355c98cd4e47/btw_kerg.zip"",""source_record_id"":""af1d7f449974be160ffbbcc359bee00b73fb538a279f7ded5ea99b5b13bfcfbe:btw2013_kerg.csv:340:45"",""retrieved_at"":""2026-10-01T23:21:39.584Z"",""raw_snapshot"":{""path"":""docs/political-data/raw/germany/2026-10-01T23-21-39-584Z_02e7077f9358c9ef/final-results.zip"",""sha256"":""02e7077f9358c9ef408741ee5d17123a43c28ea766b26a7ab338c08fcaeb7512""},""parser_version"":""germany-production-v1"",""parser_sha256"":""2a8eb3487f392ef83303e7fb9ff246e4c111a7e64a469a6aa9eb21461ae9b1a0"",""fields_covered"":[""second_votes"",""registered_label_native""],""published_or_derived"":""published"",""source_member"":""btw2013_kerg.csv"",""source_member_sha256"":""af1d7f449974be160ffbbcc359bee00b73fb538a279f7ded5ea99b5b13bfcfbe"",""source_column"":45},{""source_id"":""src-de-bwl-recognition-2013"",""source_url"":""https://www.bundeswahlleiterin.de/info/presse/mitteilungen/bundestagswahl-2013/2013-07-05-38-parteien-koennen-an-der-bundestagswahl-2013-teilnehmen.html"",""source_record_id"":""src-de-bwl-recognition-2013:list:2:item:3"",""retrieved_at"":""2026-10-02T09:41:54.242Z"",""raw_snapshot"":{""path"":""docs/political-data/raw/germany/recognition_2013/recognition.html"",""sha256"":""f6225ec25ade267119b4407d531d33a969296ff08eadafb9ffbbb7a6246ebc48""},""parser_version"":""germany-production-v1"",""parser_sha256"":""2a8eb3487f392ef83303e7fb9ff246e4c111a7e64a469a6aa9eb21461ae9b1a0"",""fields_covered"":[""contestant_kind"",""lead_party_id"",""membership""],""published_or_derived"":""published"",""decision_basis"":""manual review of official same-election recognition/participation and result column"",""evidence_note"":""Official same-election recognition declaration; list ordering is not a durable identifier""},{""source_id"":""src-de-bwl-final-archive"",""source_url"":""https://www.bundeswahlleiterin.de/dam/jcr/ce2d2b6a-f211-4355-8eea-355c98cd4e47/btw_kerg.zip"",""source_record_id"":""af1d7f449974be160ffbbcc359bee00b73fb538a279f7ded5ea99b5b13bfcfbe:btw2013_kerg.csv:340:45"",""retrieved_at"":""2026-10-01T23:21:39.584Z"",""raw_snapshot"":{""path"":""docs/political-data/raw/germany/2026-10-01T23-21-39-584Z_02e7077f9358c9ef/final-results.zip"",""sha256"":""02e7077f9358c9ef408741ee5d17123a43c28ea766b26a7ab338c08fcaeb7512""},""parser_version"":""germany-production-v1"",""parser_sha256"":""2a8eb3487f392ef83303e7fb9ff246e4c111a7e64a469a6aa9eb21461ae9b1a0"",""fields_covered"":[""historical_display_label""],""published_or_derived"":""published"",""label_basis"":""verbatim_election_specific_source"",""label_evidence"":[{""member"":""btw2013_kerg.csv"",""sha256"":""af1d7f449974be160ffbbcc359bee00b73fb538a279f7ded5ea99b5b13bfcfbe"",""column"":45,""record_id"":""af1d7f449974be160ffbbcc359bee00b73fb538a279f7ded5ea99b5b13bfcfbe:btw2013_kerg.csv:340:45""}]}]","{""decision_file"":""docs/political-data/germany_production_acceptance.json"",""reviewer"":""germany_source_review"",""reviewed_at"":""2026-10-02"",""scope"":""same_election_only_no_continuity""}"
"ct-de-0084","germany","el-de-bt-2013-09-22","party_list","NPD","NPD",,"requires_manual_review","false","[{""source_id"":""src-de-bwl-final-archive"",""source_url"":""https://www.bundeswahlleiterin.de/dam/jcr/ce2d2b6a-f211-4355-8eea-355c98cd4e47/btw_kerg.zip"",""source_record_id"":""af1d7f449974be160ffbbcc359bee00b73fb538a279f7ded5ea99b5b13bfcfbe:btw2013_kerg.csv:340:49"",""retrieved_at"":""2026-10-01T23:21:39.584Z"",""raw_snapshot"":{""path"":""docs/political-data/raw/germany/2026-10-01T23-21-39-584Z_02e7077f9358c9ef/final-results.zip"",""sha256"":""02e7077f9358c9ef408741ee5d17123a43c28ea766b26a7ab338c08fcaeb7512""},""parser_version"":""germany-production-v1"",""parser_sha256"":""2a8eb3487f392ef83303e7fb9ff246e4c111a7e64a469a6aa9eb21461ae9b1a0"",""fields_covered"":[""second_votes"",""registered_label_native""],""published_or_derived"":""published"",""source_member"":""btw2013_kerg.csv"",""source_member_sha256"":""af1d7f449974be160ffbbcc359bee00b73fb538a279f7ded5ea99b5b13bfcfbe"",""source_column"":49},{""source_id"":""src-de-bwl-recognition-2013"",""source_url"":""https://www.bundeswahlleiterin.de/info/presse/mitteilungen/bundestagswahl-2013/2013-07-05-38-parteien-koennen-an-der-bundestagswahl-2013-teilnehmen.html"",""source_record_id"":""src-de-bwl-recognition-2013:list:2:item:2"",""retrieved_at"":""2026-10-02T09:41:54.242Z"",""raw_snapshot"":{""path"":""docs/political-data/raw/germany/recognition_2013/recognition.html"",""sha256"":""f6225ec25ade267119b4407d531d33a969296ff08eadafb9ffbbb7a6246ebc48""},""parser_version"":""germany-production-v1"",""parser_sha256"":""2a8eb3487f392ef83303e7fb9ff246e4c111a7e64a469a6aa9eb21461ae9b1a0"",""fields_covered"":[""contestant_kind"",""lead_party_id"",""membership""],""published_or_derived"":""published"",""decision_basis"":""manual review of official same-election recognition/participation and result column"",""evidence_note"":""Official same-election recognition declaration; list ordering is not a durable identifier""},{""source_id"":""src-de-bwl-final-archive"",""source_url"":""https://www.bundeswahlleiterin.de/dam/jcr/ce2d2b6a-f211-4355-8eea-355c98cd4e47/btw_kerg.zip"",""source_record_id"":""af1d7f449974be160ffbbcc359bee00b73fb538a279f7ded5ea99b5b13bfcfbe:btw2013_kerg.csv:340:49"",""retrieved_at"":""2026-10-01T23:21:39.584Z"",""raw_snapshot"":{""path"":""docs/political-data/raw/germany/2026-10-01T23-21-39-584Z_02e7077f9358c9ef/final-results.zip"",""sha256"":""02e7077f9358c9ef408741ee5d17123a43c28ea766b26a7ab338c08fcaeb7512""},""parser_version"":""germany-production-v1"",""parser_sha256"":""2a8eb3487f392ef83303e7fb9ff246e4c111a7e64a469a6aa9eb21461ae9b1a0"",""fields_covered"":[""historical_display_label""],""published_or_derived"":""published"",""label_basis"":""verbatim_election_specific_source"",""label_evidence"":[{""member"":""btw2013_kerg.csv"",""sha256"":""af1d7f449974be160ffbbcc359bee00b73fb538a279f7ded5ea99b5b13bfcfbe"",""column"":49,""record_id"":""af1d7f449974be160ffbbcc359bee00b73fb538a279f7ded5ea99b5b13bfcfbe:btw2013_kerg.csv:340:49""}]}]","{""decision_file"":""docs/political-data/germany_production_acceptance.json"",""reviewer"":""germany_source_review"",""reviewed_at"":""2026-10-02"",""scope"":""same_election_only_no_continuity""}"
"ct-de-0085","germany","el-de-bt-2013-09-22","party_list","Tierschutzpartei","Tierschutzpartei",,"requires_manual_review","false","[{""source_id"":""src-de-bwl-final-archive"",""source_url"":""https://www.bundeswahlleiterin.de/dam/jcr/ce2d2b6a-f211-4355-8eea-355c98cd4e47/btw_kerg.zip"",""source_record_id"":""af1d7f449974be160ffbbcc359bee00b73fb538a279f7ded5ea99b5b13bfcfbe:btw2013_kerg.csv:340:53"",""retrieved_at"":""2026-10-01T23:21:39.584Z"",""raw_snapshot"":{""path"":""docs/political-data/raw/germany/2026-10-01T23-21-39-584Z_02e7077f9358c9ef/final-results.zip"",""sha256"":""02e7077f9358c9ef408741ee5d17123a43c28ea766b26a7ab338c08fcaeb7512""},""parser_version"":""germany-production-v1"",""parser_sha256"":""2a8eb3487f392ef83303e7fb9ff246e4c111a7e64a469a6aa9eb21461ae9b1a0"",""fields_covered"":[""second_votes"",""registered_label_native""],""published_or_derived"":""published"",""source_member"":""btw2013_kerg.csv"",""source_member_sha256"":""af1d7f449974be160ffbbcc359bee00b73fb538a279f7ded5ea99b5b13bfcfbe"",""source_column"":53},{""source_id"":""src-de-bwl-recognition-2013"",""source_url"":""https://www.bundeswahlleiterin.de/info/presse/mitteilungen/bundestagswahl-2013/2013-07-05-38-parteien-koennen-an-der-bundestagswahl-2013-teilnehmen.html"",""source_record_id"":""src-de-bwl-recognition-2013:list:3:item:5"",""retrieved_at"":""2026-10-02T09:41:54.242Z"",""raw_snapshot"":{""path"":""docs/political-data/raw/germany/recognition_2013/recognition.html"",""sha256"":""f6225ec25ade267119b4407d531d33a969296ff08eadafb9ffbbb7a6246ebc48""},""parser_version"":""germany-production-v1"",""parser_sha256"":""2a8eb3487f392ef83303e7fb9ff246e4c111a7e64a469a6aa9eb21461ae9b1a0"",""fields_covered"":[""contestant_kind"",""lead_party_id"",""membership""],""published_or_derived"":""published"",""decision_basis"":""manual review of official same-election recognition/participation and result column"",""evidence_note"":""Official same-election recognition declaration; list ordering is not a durable identifier""},{""source_id"":""src-de-bwl-final-archive"",""source_url"":""https://www.bundeswahlleiterin.de/dam/jcr/ce2d2b6a-f211-4355-8eea-355c98cd4e47/btw_kerg.zip"",""source_record_id"":""af1d7f449974be160ffbbcc359bee00b73fb538a279f7ded5ea99b5b13bfcfbe:btw2013_kerg.csv:340:53"",""retrieved_at"":""2026-10-01T23:21:39.584Z"",""raw_snapshot"":{""path"":""docs/political-data/raw/germany/2026-10-01T23-21-39-584Z_02e7077f9358c9ef/final-results.zip"",""sha256"":""02e7077f9358c9ef408741ee5d17123a43c28ea766b26a7ab338c08fcaeb7512""},""parser_version"":""germany-production-v1"",""parser_sha256"":""2a8eb3487f392ef83303e7fb9ff246e4c111a7e64a469a6aa9eb21461ae9b1a0"",""fields_covered"":[""historical_display_label""],""published_or_derived"":""published"",""label_basis"":""verbatim_election_specific_source"",""label_evidence"":[{""member"":""btw2013_kerg.csv"",""sha256"":""af1d7f449974be160ffbbcc359bee00b73fb538a279f7ded5ea99b5b13bfcfbe"",""column"":53,""record_id"":""af1d7f449974be160ffbbcc359bee00b73fb538a279f7ded5ea99b5b13bfcfbe:btw2013_kerg.csv:340:53""}]}]","{""decision_file"":""docs/political-data/germany_production_acceptance.json"",""reviewer"":""germany_source_review"",""reviewed_at"":""2026-10-02"",""scope"":""same_election_only_no_continuity""}"
"ct-de-0086","germany","el-de-bt-2013-09-22","party_list","REP","REP",,"requires_manual_review","false","[{""source_id"":""src-de-bwl-final-archive"",""source_url"":""https://www.bundeswahlleiterin.de/dam/jcr/ce2d2b6a-f211-4355-8eea-355c98cd4e47/btw_kerg.zip"",""source_record_id"":""af1d7f449974be160ffbbcc359bee00b73fb538a279f7ded5ea99b5b13bfcfbe:btw2013_kerg.csv:340:57"",""retrieved_at"":""2026-10-01T23:21:39.584Z"",""raw_snapshot"":{""path"":""docs/political-data/raw/germany/2026-10-01T23-21-39-584Z_02e7077f9358c9ef/final-results.zip"",""sha256"":""02e7077f9358c9ef408741ee5d17123a43c28ea766b26a7ab338c08fcaeb7512""},""parser_version"":""germany-production-v1"",""parser_sha256"":""2a8eb3487f392ef83303e7fb9ff246e4c111a7e64a469a6aa9eb21461ae9b1a0"",""fields_covered"":[""second_votes"",""registered_label_native""],""published_or_derived"":""published"",""source_member"":""btw2013_kerg.csv"",""source_member_sha256"":""af1d7f449974be160ffbbcc359bee00b73fb538a279f7ded5ea99b5b13bfcfbe"",""source_column"":57},{""source_id"":""src-de-bwl-recognition-2013"",""source_url"":""https://www.bundeswahlleiterin.de/info/presse/mitteilungen/bundestagswahl-2013/2013-07-05-38-parteien-koennen-an-der-bundestagswahl-2013-teilnehmen.html"",""source_record_id"":""src-de-bwl-recognition-2013:list:3:item:8"",""retrieved_at"":""2026-10-02T09:41:54.242Z"",""raw_snapshot"":{""path"":""docs/political-data/raw/germany/recognition_2013/recognition.html"",""sha256"":""f6225ec25ade267119b4407d531d33a969296ff08eadafb9ffbbb7a6246ebc48""},""parser_version"":""germany-production-v1"",""parser_sha256"":""2a8eb3487f392ef83303e7fb9ff246e4c111a7e64a469a6aa9eb21461ae9b1a0"",""fields_covered"":[""contestant_kind"",""lead_party_id"",""membership""],""published_or_derived"":""published"",""decision_basis"":""manual review of official same-election recognition/participation and result column"",""evidence_note"":""Official same-election recognition declaration; list ordering is not a durable identifier""},{""source_id"":""src-de-bwl-final-archive"",""source_url"":""https://www.bundeswahlleiterin.de/dam/jcr/ce2d2b6a-f211-4355-8eea-355c98cd4e47/btw_kerg.zip"",""source_record_id"":""af1d7f449974be160ffbbcc359bee00b73fb538a279f7ded5ea99b5b13bfcfbe:btw2013_kerg.csv:340:57"",""retrieved_at"":""2026-10-01T23:21:39.584Z"",""raw_snapshot"":{""path"":""docs/political-data/raw/germany/2026-10-01T23-21-39-584Z_02e7077f9358c9ef/final-results.zip"",""sha256"":""02e7077f9358c9ef408741ee5d17123a43c28ea766b26a7ab338c08fcaeb7512""},""parser_version"":""germany-production-v1"",""parser_sha256"":""2a8eb3487f392ef83303e7fb9ff246e4c111a7e64a469a6aa9eb21461ae9b1a0"",""fields_covered"":[""historical_display_label""],""published_or_derived"":""published"",""label_basis"":""verbatim_election_specific_source"",""label_evidence"":[{""member"":""btw2013_kerg.csv"",""sha256"":""af1d7f449974be160ffbbcc359bee00b73fb538a279f7ded5ea99b5b13bfcfbe"",""column"":57,""record_id"":""af1d7f449974be160ffbbcc359bee00b73fb538a279f7ded5ea99b5b13bfcfbe:btw2013_kerg.csv:340:57""}]}]","{""decision_file"":""docs/political-data/germany_production_acceptance.json"",""reviewer"":""germany_source_review"",""reviewed_at"":""2026-10-02"",""scope"":""same_election_only_no_continuity""}"
"ct-de-0087","germany","el-de-bt-2013-09-22","party_list","ÖDP","ÖDP",,"requires_manual_review","false","[{""source_id"":""src-de-bwl-final-archive"",""source_url"":""https://www.bundeswahlleiterin.de/dam/jcr/ce2d2b6a-f211-4355-8eea-355c98cd4e47/btw_kerg.zip"",""source_record_id"":""af1d7f449974be160ffbbcc359bee00b73fb538a279f7ded5ea99b5b13bfcfbe:btw2013_kerg.csv:340:61"",""retrieved_at"":""2026-10-01T23:21:39.584Z"",""raw_snapshot"":{""path"":""docs/political-data/raw/germany/2026-10-01T23-21-39-584Z_02e7077f9358c9ef/final-results.zip"",""sha256"":""02e7077f9358c9ef408741ee5d17123a43c28ea766b26a7ab338c08fcaeb7512""},""parser_version"":""germany-production-v1"",""parser_sha256"":""2a8eb3487f392ef83303e7fb9ff246e4c111a7e64a469a6aa9eb21461ae9b1a0"",""fields_covered"":[""second_votes"",""registered_label_native""],""published_or_derived"":""published"",""source_member"":""btw2013_kerg.csv"",""source_member_sha256"":""af1d7f449974be160ffbbcc359bee00b73fb538a279f7ded5ea99b5b13bfcfbe"",""source_column"":61},{""source_id"":""src-de-bwl-recognition-2013"",""source_url"":""https://www.bundeswahlleiterin.de/info/presse/mitteilungen/bundestagswahl-2013/2013-07-05-38-parteien-koennen-an-der-bundestagswahl-2013-teilnehmen.html"",""source_record_id"":""src-de-bwl-recognition-2013:list:3:item:15"",""retrieved_at"":""2026-10-02T09:41:54.242Z"",""raw_snapshot"":{""path"":""docs/political-data/raw/germany/recognition_2013/recognition.html"",""sha256"":""f6225ec25ade267119b4407d531d33a969296ff08eadafb9ffbbb7a6246ebc48""},""parser_version"":""germany-production-v1"",""parser_sha256"":""2a8eb3487f392ef83303e7fb9ff246e4c111a7e64a469a6aa9eb21461ae9b1a0"",""fields_covered"":[""contestant_kind"",""lead_party_id"",""membership""],""published_or_derived"":""published"",""decision_basis"":""manual review of official same-election recognition/participation and result column"",""evidence_note"":""Official same-election recognition declaration; list ordering is not a durable identifier""},{""source_id"":""src-de-bwl-final-archive"",""source_url"":""https://www.bundeswahlleiterin.de/dam/jcr/ce2d2b6a-f211-4355-8eea-355c98cd4e47/btw_kerg.zip"",""source_record_id"":""af1d7f449974be160ffbbcc359bee00b73fb538a279f7ded5ea99b5b13bfcfbe:btw2013_kerg.csv:340:61"",""retrieved_at"":""2026-10-01T23:21:39.584Z"",""raw_snapshot"":{""path"":""docs/political-data/raw/germany/2026-10-01T23-21-39-584Z_02e7077f9358c9ef/final-results.zip"",""sha256"":""02e7077f9358c9ef408741ee5d17123a43c28ea766b26a7ab338c08fcaeb7512""},""parser_version"":""germany-production-v1"",""parser_sha256"":""2a8eb3487f392ef83303e7fb9ff246e4c111a7e64a469a6aa9eb21461ae9b1a0"",""fields_covered"":[""historical_display_label""],""published_or_derived"":""published"",""label_basis"":""verbatim_election_specific_source"",""label_evidence"":[{""member"":""btw2013_kerg.csv"",""sha256"":""af1d7f449974be160ffbbcc359bee00b73fb538a279f7ded5ea99b5b13bfcfbe"",""column"":61,""record_id"":""af1d7f449974be160ffbbcc359bee00b73fb538a279f7ded5ea99b5b13bfcfbe:btw2013_kerg.csv:340:61""}]}]","{""decision_file"":""docs/political-data/germany_production_acceptance.json"",""reviewer"":""germany_source_review"",""reviewed_at"":""2026-10-02"",""scope"":""same_election_only_no_continuity""}"
"ct-de-0088","germany","el-de-bt-2013-09-22","party_list","FAMILIE","FAMILIE",,"requires_manual_review","false","[{""source_id"":""src-de-bwl-final-archive"",""source_url"":""https://www.bundeswahlleiterin.de/dam/jcr/ce2d2b6a-f211-4355-8eea-355c98cd4e47/btw_kerg.zip"",""source_record_id"":""af1d7f449974be160ffbbcc359bee00b73fb538a279f7ded5ea99b5b13bfcfbe:btw2013_kerg.csv:340:65"",""retrieved_at"":""2026-10-01T23:21:39.584Z"",""raw_snapshot"":{""path"":""docs/political-data/raw/germany/2026-10-01T23-21-39-584Z_02e7077f9358c9ef/final-results.zip"",""sha256"":""02e7077f9358c9ef408741ee5d17123a43c28ea766b26a7ab338c08fcaeb7512""},""parser_version"":""germany-production-v1"",""parser_sha256"":""2a8eb3487f392ef83303e7fb9ff246e4c111a7e64a469a6aa9eb21461ae9b1a0"",""fields_covered"":[""second_votes"",""registered_label_native""],""published_or_derived"":""published"",""source_member"":""btw2013_kerg.csv"",""source_member_sha256"":""af1d7f449974be160ffbbcc359bee00b73fb538a279f7ded5ea99b5b13bfcfbe"",""source_column"":65},{""source_id"":""src-de-bwl-recognition-2013"",""source_url"":""https://www.bundeswahlleiterin.de/info/presse/mitteilungen/bundestagswahl-2013/2013-07-05-38-parteien-koennen-an-der-bundestagswahl-2013-teilnehmen.html"",""source_record_id"":""src-de-bwl-recognition-2013:list:3:item:6"",""retrieved_at"":""2026-10-02T09:41:54.242Z"",""raw_snapshot"":{""path"":""docs/political-data/raw/germany/recognition_2013/recognition.html"",""sha256"":""f6225ec25ade267119b4407d531d33a969296ff08eadafb9ffbbb7a6246ebc48""},""parser_version"":""germany-production-v1"",""parser_sha256"":""2a8eb3487f392ef83303e7fb9ff246e4c111a7e64a469a6aa9eb21461ae9b1a0"",""fields_covered"":[""contestant_kind"",""lead_party_id"",""membership""],""published_or_derived"":""published"",""decision_basis"":""manual review of official same-election recognition/participation and result column"",""evidence_note"":""Official same-election recognition declaration; list ordering is not a durable identifier""},{""source_id"":""src-de-bwl-final-archive"",""source_url"":""https://www.bundeswahlleiterin.de/dam/jcr/ce2d2b6a-f211-4355-8eea-355c98cd4e47/btw_kerg.zip"",""source_record_id"":""af1d7f449974be160ffbbcc359bee00b73fb538a279f7ded5ea99b5b13bfcfbe:btw2013_kerg.csv:340:65"",""retrieved_at"":""2026-10-01T23:21:39.584Z"",""raw_snapshot"":{""path"":""docs/political-data/raw/germany/2026-10-01T23-21-39-584Z_02e7077f9358c9ef/final-results.zip"",""sha256"":""02e7077f9358c9ef408741ee5d17123a43c28ea766b26a7ab338c08fcaeb7512""},""parser_version"":""germany-production-v1"",""parser_sha256"":""2a8eb3487f392ef83303e7fb9ff246e4c111a7e64a469a6aa9eb21461ae9b1a0"",""fields_covered"":[""historical_display_label""],""published_or_derived"":""published"",""label_basis"":""verbatim_election_specific_source"",""label_evidence"":[{""member"":""btw2013_kerg.csv"",""sha256"":""af1d7f449974be160ffbbcc359bee00b73fb538a279f7ded5ea99b5b13bfcfbe"",""column"":65,""record_id"":""af1d7f449974be160ffbbcc359bee00b73fb538a279f7ded5ea99b5b13bfcfbe:btw2013_kerg.csv:340:65""}]}]","{""decision_file"":""docs/political-data/germany_production_acceptance.json"",""reviewer"":""germany_source_review"",""reviewed_at"":""2026-10-02"",""scope"":""same_election_only_no_continuity""}"
"ct-de-0089","germany","el-de-bt-2013-09-22","party_list","Bündnis 21/RRP","Bündnis 21/RRP",,"requires_manual_review","false","[{""source_id"":""src-de-bwl-final-archive"",""source_url"":""https://www.bundeswahlleiterin.de/dam/jcr/ce2d2b6a-f211-4355-8eea-355c98cd4e47/btw_kerg.zip"",""source_record_id"":""af1d7f449974be160ffbbcc359bee00b73fb538a279f7ded5ea99b5b13bfcfbe:btw2013_kerg.csv:340:69"",""retrieved_at"":""2026-10-01T23:21:39.584Z"",""raw_snapshot"":{""path"":""docs/political-data/raw/germany/2026-10-01T23-21-39-584Z_02e7077f9358c9ef/final-results.zip"",""sha256"":""02e7077f9358c9ef408741ee5d17123a43c28ea766b26a7ab338c08fcaeb7512""},""parser_version"":""germany-production-v1"",""parser_sha256"":""2a8eb3487f392ef83303e7fb9ff246e4c111a7e64a469a6aa9eb21461ae9b1a0"",""fields_covered"":[""second_votes"",""registered_label_native""],""published_or_derived"":""published"",""source_member"":""btw2013_kerg.csv"",""source_member_sha256"":""af1d7f449974be160ffbbcc359bee00b73fb538a279f7ded5ea99b5b13bfcfbe"",""source_column"":69},{""source_id"":""src-de-bwl-recognition-2013"",""source_url"":""https://www.bundeswahlleiterin.de/info/presse/mitteilungen/bundestagswahl-2013/2013-07-05-38-parteien-koennen-an-der-bundestagswahl-2013-teilnehmen.html"",""source_record_id"":""src-de-bwl-recognition-2013:list:3:item:9"",""retrieved_at"":""2026-10-02T09:41:54.242Z"",""raw_snapshot"":{""path"":""docs/political-data/raw/germany/recognition_2013/recognition.html"",""sha256"":""f6225ec25ade267119b4407d531d33a969296ff08eadafb9ffbbb7a6246ebc48""},""parser_version"":""germany-production-v1"",""parser_sha256"":""2a8eb3487f392ef83303e7fb9ff246e4c111a7e64a469a6aa9eb21461ae9b1a0"",""fields_covered"":[""contestant_kind"",""lead_party_id"",""membership""],""published_or_derived"":""published"",""decision_basis"":""manual review of official same-election recognition/participation and result column"",""evidence_note"":""Official same-election recognition declaration; list ordering is not a durable identifier""},{""source_id"":""src-de-bwl-final-archive"",""source_url"":""https://www.bundeswahlleiterin.de/dam/jcr/ce2d2b6a-f211-4355-8eea-355c98cd4e47/btw_kerg.zip"",""source_record_id"":""af1d7f449974be160ffbbcc359bee00b73fb538a279f7ded5ea99b5b13bfcfbe:btw2013_kerg.csv:340:69"",""retrieved_at"":""2026-10-01T23:21:39.584Z"",""raw_snapshot"":{""path"":""docs/political-data/raw/germany/2026-10-01T23-21-39-584Z_02e7077f9358c9ef/final-results.zip"",""sha256"":""02e7077f9358c9ef408741ee5d17123a43c28ea766b26a7ab338c08fcaeb7512""},""parser_version"":""germany-production-v1"",""parser_sha256"":""2a8eb3487f392ef83303e7fb9ff246e4c111a7e64a469a6aa9eb21461ae9b1a0"",""fields_covered"":[""historical_display_label""],""published_or_derived"":""published"",""label_basis"":""verbatim_election_specific_source"",""label_evidence"":[{""member"":""btw2013_kerg.csv"",""sha256"":""af1d7f449974be160ffbbcc359bee00b73fb538a279f7ded5ea99b5b13bfcfbe"",""column"":69,""record_id"":""af1d7f449974be160ffbbcc359bee00b73fb538a279f7ded5ea99b5b13bfcfbe:btw2013_kerg.csv:340:69""}]}]","{""decision_file"":""docs/political-data/germany_production_acceptance.json"",""reviewer"":""germany_source_review"",""reviewed_at"":""2026-10-02"",""scope"":""same_election_only_no_continuity""}"
"ct-de-0090","germany","el-de-bt-2013-09-22","party_list","RENTNER","RENTNER",,"requires_manual_review","false","[{""source_id"":""src-de-bwl-final-archive"",""source_url"":""https://www.bundeswahlleiterin.de/dam/jcr/ce2d2b6a-f211-4355-8eea-355c98cd4e47/btw_kerg.zip"",""source_record_id"":""af1d7f449974be160ffbbcc359bee00b73fb538a279f7ded5ea99b5b13bfcfbe:btw2013_kerg.csv:340:73"",""retrieved_at"":""2026-10-01T23:21:39.584Z"",""raw_snapshot"":{""path"":""docs/political-data/raw/germany/2026-10-01T23-21-39-584Z_02e7077f9358c9ef/final-results.zip"",""sha256"":""02e7077f9358c9ef408741ee5d17123a43c28ea766b26a7ab338c08fcaeb7512""},""parser_version"":""germany-production-v1"",""parser_sha256"":""2a8eb3487f392ef83303e7fb9ff246e4c111a7e64a469a6aa9eb21461ae9b1a0"",""fields_covered"":[""second_votes"",""registered_label_native""],""published_or_derived"":""published"",""source_member"":""btw2013_kerg.csv"",""source_member_sha256"":""af1d7f449974be160ffbbcc359bee00b73fb538a279f7ded5ea99b5b13bfcfbe"",""source_column"":73},{""source_id"":""src-de-bwl-recognition-2013"",""source_url"":""https://www.bundeswahlleiterin.de/info/presse/mitteilungen/bundestagswahl-2013/2013-07-05-38-parteien-koennen-an-der-bundestagswahl-2013-teilnehmen.html"",""source_record_id"":""src-de-bwl-recognition-2013:list:3:item:7"",""retrieved_at"":""2026-10-02T09:41:54.242Z"",""raw_snapshot"":{""path"":""docs/political-data/raw/germany/recognition_2013/recognition.html"",""sha256"":""f6225ec25ade267119b4407d531d33a969296ff08eadafb9ffbbb7a6246ebc48""},""parser_version"":""germany-production-v1"",""parser_sha256"":""2a8eb3487f392ef83303e7fb9ff246e4c111a7e64a469a6aa9eb21461ae9b1a0"",""fields_covered"":[""contestant_kind"",""lead_party_id"",""membership""],""published_or_derived"":""published"",""decision_basis"":""manual review of official same-election recognition/participation and result column"",""evidence_note"":""Official same-election recognition declaration; list ordering is not a durable identifier""},{""source_id"":""src-de-bwl-final-archive"",""source_url"":""https://www.bundeswahlleiterin.de/dam/jcr/ce2d2b6a-f211-4355-8eea-355c98cd4e47/btw_kerg.zip"",""source_record_id"":""af1d7f449974be160ffbbcc359bee00b73fb538a279f7ded5ea99b5b13bfcfbe:btw2013_kerg.csv:340:73"",""retrieved_at"":""2026-10-01T23:21:39.584Z"",""raw_snapshot"":{""path"":""docs/political-data/raw/germany/2026-10-01T23-21-39-584Z_02e7077f9358c9ef/final-results.zip"",""sha256"":""02e7077f9358c9ef408741ee5d17123a43c28ea766b26a7ab338c08fcaeb7512""},""parser_version"":""germany-production-v1"",""parser_sha256"":""2a8eb3487f392ef83303e7fb9ff246e4c111a7e64a469a6aa9eb21461ae9b1a0"",""fields_covered"":[""historical_display_label""],""published_or_derived"":""published"",""label_basis"":""verbatim_election_specific_source"",""label_evidence"":[{""member"":""btw2013_kerg.csv"",""sha256"":""af1d7f449974be160ffbbcc359bee00b73fb538a279f7ded5ea99b5b13bfcfbe"",""column"":73,""record_id"":""af1d7f449974be160ffbbcc359bee00b73fb538a279f7ded5ea99b5b13bfcfbe:btw2013_kerg.csv:340:73""}]}]","{""decision_file"":""docs/political-data/germany_production_acceptance.json"",""reviewer"":""germany_source_review"",""reviewed_at"":""2026-10-02"",""scope"":""same_election_only_no_continuity""}"
"ct-de-0091","germany","el-de-bt-2013-09-22","party_list","BP","BP",,"requires_manual_review","false","[{""source_id"":""src-de-bwl-final-archive"",""source_url"":""https://www.bundeswahlleiterin.de/dam/jcr/ce2d2b6a-f211-4355-8eea-355c98cd4e47/btw_kerg.zip"",""source_record_id"":""af1d7f449974be160ffbbcc359bee00b73fb538a279f7ded5ea99b5b13bfcfbe:btw2013_kerg.csv:340:77"",""retrieved_at"":""2026-10-01T23:21:39.584Z"",""raw_snapshot"":{""path"":""docs/political-data/raw/germany/2026-10-01T23-21-39-584Z_02e7077f9358c9ef/final-results.zip"",""sha256"":""02e7077f9358c9ef408741ee5d17123a43c28ea766b26a7ab338c08fcaeb7512""},""parser_version"":""germany-production-v1"",""parser_sha256"":""2a8eb3487f392ef83303e7fb9ff246e4c111a7e64a469a6aa9eb21461ae9b1a0"",""fields_covered"":[""second_votes"",""registered_label_native""],""published_or_derived"":""published"",""source_member"":""btw2013_kerg.csv"",""source_member_sha256"":""af1d7f449974be160ffbbcc359bee00b73fb538a279f7ded5ea99b5b13bfcfbe"",""source_column"":77},{""source_id"":""src-de-bwl-recognition-2013"",""source_url"":""https://www.bundeswahlleiterin.de/info/presse/mitteilungen/bundestagswahl-2013/2013-07-05-38-parteien-koennen-an-der-bundestagswahl-2013-teilnehmen.html"",""source_record_id"":""src-de-bwl-recognition-2013:list:3:item:2"",""retrieved_at"":""2026-10-02T09:41:54.242Z"",""raw_snapshot"":{""path"":""docs/political-data/raw/germany/recognition_2013/recognition.html"",""sha256"":""f6225ec25ade267119b4407d531d33a969296ff08eadafb9ffbbb7a6246ebc48""},""parser_version"":""germany-production-v1"",""parser_sha256"":""2a8eb3487f392ef83303e7fb9ff246e4c111a7e64a469a6aa9eb21461ae9b1a0"",""fields_covered"":[""contestant_kind"",""lead_party_id"",""membership""],""published_or_derived"":""published"",""decision_basis"":""manual review of official same-election recognition/participation and result column"",""evidence_note"":""Official same-election recognition declaration; list ordering is not a durable identifier""},{""source_id"":""src-de-bwl-final-archive"",""source_url"":""https://www.bundeswahlleiterin.de/dam/jcr/ce2d2b6a-f211-4355-8eea-355c98cd4e47/btw_kerg.zip"",""source_record_id"":""af1d7f449974be160ffbbcc359bee00b73fb538a279f7ded5ea99b5b13bfcfbe:btw2013_kerg.csv:340:77"",""retrieved_at"":""2026-10-01T23:21:39.584Z"",""raw_snapshot"":{""path"":""docs/political-data/raw/germany/2026-10-01T23-21-39-584Z_02e7077f9358c9ef/final-results.zip"",""sha256"":""02e7077f9358c9ef408741ee5d17123a43c28ea766b26a7ab338c08fcaeb7512""},""parser_version"":""germany-production-v1"",""parser_sha256"":""2a8eb3487f392ef83303e7fb9ff246e4c111a7e64a469a6aa9eb21461ae9b1a0"",""fields_covered"":[""historical_display_label""],""published_or_derived"":""published"",""label_basis"":""verbatim_election_specific_source"",""label_evidence"":[{""member"":""btw2013_kerg.csv"",""sha256"":""af1d7f449974be160ffbbcc359bee00b73fb538a279f7ded5ea99b5b13bfcfbe"",""column"":77,""record_id"":""af1d7f449974be160ffbbcc359bee00b73fb538a279f7ded5ea99b5b13bfcfbe:btw2013_kerg.csv:340:77""}]}]","{""decision_file"":""docs/political-data/germany_production_acceptance.json"",""reviewer"":""germany_source_review"",""reviewed_at"":""2026-10-02"",""scope"":""same_election_only_no_continuity""}"
"ct-de-0092","germany","el-de-bt-2013-09-22","party_list","PBC","PBC",,"requires_manual_review","false","[{""source_id"":""src-de-bwl-final-archive"",""source_url"":""https://www.bundeswahlleiterin.de/dam/jcr/ce2d2b6a-f211-4355-8eea-355c98cd4e47/btw_kerg.zip"",""source_record_id"":""af1d7f449974be160ffbbcc359bee00b73fb538a279f7ded5ea99b5b13bfcfbe:btw2013_kerg.csv:340:81"",""retrieved_at"":""2026-10-01T23:21:39.584Z"",""raw_snapshot"":{""path"":""docs/political-data/raw/germany/2026-10-01T23-21-39-584Z_02e7077f9358c9ef/final-results.zip"",""sha256"":""02e7077f9358c9ef408741ee5d17123a43c28ea766b26a7ab338c08fcaeb7512""},""parser_version"":""germany-production-v1"",""parser_sha256"":""2a8eb3487f392ef83303e7fb9ff246e4c111a7e64a469a6aa9eb21461ae9b1a0"",""fields_covered"":[""second_votes"",""registered_label_native""],""published_or_derived"":""published"",""source_member"":""btw2013_kerg.csv"",""source_member_sha256"":""af1d7f449974be160ffbbcc359bee00b73fb538a279f7ded5ea99b5b13bfcfbe"",""source_column"":81},{""source_id"":""src-de-bwl-recognition-2013"",""source_url"":""https://www.bundeswahlleiterin.de/info/presse/mitteilungen/bundestagswahl-2013/2013-07-05-38-parteien-koennen-an-der-bundestagswahl-2013-teilnehmen.html"",""source_record_id"":""src-de-bwl-recognition-2013:list:3:item:18"",""retrieved_at"":""2026-10-02T09:41:54.242Z"",""raw_snapshot"":{""path"":""docs/political-data/raw/germany/recognition_2013/recognition.html"",""sha256"":""f6225ec25ade267119b4407d531d33a969296ff08eadafb9ffbbb7a6246ebc48""},""parser_version"":""germany-production-v1"",""parser_sha256"":""2a8eb3487f392ef83303e7fb9ff246e4c111a7e64a469a6aa9eb21461ae9b1a0"",""fields_covered"":[""contestant_kind"",""lead_party_id"",""membership""],""published_or_derived"":""published"",""decision_basis"":""manual review of official same-election recognition/participation and result column"",""evidence_note"":""Official same-election recognition declaration; list ordering is not a durable identifier""},{""source_id"":""src-de-bwl-final-archive"",""source_url"":""https://www.bundeswahlleiterin.de/dam/jcr/ce2d2b6a-f211-4355-8eea-355c98cd4e47/btw_kerg.zip"",""source_record_id"":""af1d7f449974be160ffbbcc359bee00b73fb538a279f7ded5ea99b5b13bfcfbe:btw2013_kerg.csv:340:81"",""retrieved_at"":""2026-10-01T23:21:39.584Z"",""raw_snapshot"":{""path"":""docs/political-data/raw/germany/2026-10-01T23-21-39-584Z_02e7077f9358c9ef/final-results.zip"",""sha256"":""02e7077f9358c9ef408741ee5d17123a43c28ea766b26a7ab338c08fcaeb7512""},""parser_version"":""germany-production-v1"",""parser_sha256"":""2a8eb3487f392ef83303e7fb9ff246e4c111a7e64a469a6aa9eb21461ae9b1a0"",""fields_covered"":[""historical_display_label""],""published_or_derived"":""published"",""label_basis"":""verbatim_election_specific_source"",""label_evidence"":[{""member"":""btw2013_kerg.csv"",""sha256"":""af1d7f449974be160ffbbcc359bee00b73fb538a279f7ded5ea99b5b13bfcfbe"",""column"":81,""record_id"":""af1d7f449974be160ffbbcc359bee00b73fb538a279f7ded5ea99b5b13bfcfbe:btw2013_kerg.csv:340:81""}]}]","{""decision_file"":""docs/political-data/germany_production_acceptance.json"",""reviewer"":""germany_source_review"",""reviewed_at"":""2026-10-02"",""scope"":""same_election_only_no_continuity""}"
"ct-de-0093","germany","el-de-bt-2013-09-22","party_list","BüSo","BüSo",,"requires_manual_review","false","[{""source_id"":""src-de-bwl-final-archive"",""source_url"":""https://www.bundeswahlleiterin.de/dam/jcr/ce2d2b6a-f211-4355-8eea-355c98cd4e47/btw_kerg.zip"",""source_record_id"":""af1d7f449974be160ffbbcc359bee00b73fb538a279f7ded5ea99b5b13bfcfbe:btw2013_kerg.csv:340:85"",""retrieved_at"":""2026-10-01T23:21:39.584Z"",""raw_snapshot"":{""path"":""docs/political-data/raw/germany/2026-10-01T23-21-39-584Z_02e7077f9358c9ef/final-results.zip"",""sha256"":""02e7077f9358c9ef408741ee5d17123a43c28ea766b26a7ab338c08fcaeb7512""},""parser_version"":""germany-production-v1"",""parser_sha256"":""2a8eb3487f392ef83303e7fb9ff246e4c111a7e64a469a6aa9eb21461ae9b1a0"",""fields_covered"":[""second_votes"",""registered_label_native""],""published_or_derived"":""published"",""source_member"":""btw2013_kerg.csv"",""source_member_sha256"":""af1d7f449974be160ffbbcc359bee00b73fb538a279f7ded5ea99b5b13bfcfbe"",""source_column"":85},{""source_id"":""src-de-bwl-recognition-2013"",""source_url"":""https://www.bundeswahlleiterin.de/info/presse/mitteilungen/bundestagswahl-2013/2013-07-05-38-parteien-koennen-an-der-bundestagswahl-2013-teilnehmen.html"",""source_record_id"":""src-de-bwl-recognition-2013:list:3:item:17"",""retrieved_at"":""2026-10-02T09:41:54.242Z"",""raw_snapshot"":{""path"":""docs/political-data/raw/germany/recognition_2013/recognition.html"",""sha256"":""f6225ec25ade267119b4407d531d33a969296ff08eadafb9ffbbb7a6246ebc48""},""parser_version"":""germany-production-v1"",""parser_sha256"":""2a8eb3487f392ef83303e7fb9ff246e4c111a7e64a469a6aa9eb21461ae9b1a0"",""fields_covered"":[""contestant_kind"",""lead_party_id"",""membership""],""published_or_derived"":""published"",""decision_basis"":""manual review of official same-election recognition/participation and result column"",""evidence_note"":""Official same-election recognition declaration; list ordering is not a durable identifier""},{""source_id"":""src-de-bwl-final-archive"",""source_url"":""https://www.bundeswahlleiterin.de/dam/jcr/ce2d2b6a-f211-4355-8eea-355c98cd4e47/btw_kerg.zip"",""source_record_id"":""af1d7f449974be160ffbbcc359bee00b73fb538a279f7ded5ea99b5b13bfcfbe:btw2013_kerg.csv:340:85"",""retrieved_at"":""2026-10-01T23:21:39.584Z"",""raw_snapshot"":{""path"":""docs/political-data/raw/germany/2026-10-01T23-21-39-584Z_02e7077f9358c9ef/final-results.zip"",""sha256"":""02e7077f9358c9ef408741ee5d17123a43c28ea766b26a7ab338c08fcaeb7512""},""parser_version"":""germany-production-v1"",""parser_sha256"":""2a8eb3487f392ef83303e7fb9ff246e4c111a7e64a469a6aa9eb21461ae9b1a0"",""fields_covered"":[""historical_display_label""],""published_or_derived"":""published"",""label_basis"":""verbatim_election_specific_source"",""label_evidence"":[{""member"":""btw2013_kerg.csv"",""sha256"":""af1d7f449974be160ffbbcc359bee00b73fb538a279f7ded5ea99b5b13bfcfbe"",""column"":85,""record_id"":""af1d7f449974be160ffbbcc359bee00b73fb538a279f7ded5ea99b5b13bfcfbe:btw2013_kerg.csv:340:85""}]}]","{""decision_file"":""docs/political-data/germany_production_acceptance.json"",""reviewer"":""germany_source_review"",""reviewed_at"":""2026-10-02"",""scope"":""same_election_only_no_continuity""}"
"ct-de-0094","germany","el-de-bt-2013-09-22","party_list","DIE VIOLETTEN","DIE VIOLETTEN",,"requires_manual_review","false","[{""source_id"":""src-de-bwl-final-archive"",""source_url"":""https://www.bundeswahlleiterin.de/dam/jcr/ce2d2b6a-f211-4355-8eea-355c98cd4e47/btw_kerg.zip"",""source_record_id"":""af1d7f449974be160ffbbcc359bee00b73fb538a279f7ded5ea99b5b13bfcfbe:btw2013_kerg.csv:340:89"",""retrieved_at"":""2026-10-01T23:21:39.584Z"",""raw_snapshot"":{""path"":""docs/political-data/raw/germany/2026-10-01T23-21-39-584Z_02e7077f9358c9ef/final-results.zip"",""sha256"":""02e7077f9358c9ef408741ee5d17123a43c28ea766b26a7ab338c08fcaeb7512""},""parser_version"":""germany-production-v1"",""parser_sha256"":""2a8eb3487f392ef83303e7fb9ff246e4c111a7e64a469a6aa9eb21461ae9b1a0"",""fields_covered"":[""second_votes"",""registered_label_native""],""published_or_derived"":""published"",""source_member"":""btw2013_kerg.csv"",""source_member_sha256"":""af1d7f449974be160ffbbcc359bee00b73fb538a279f7ded5ea99b5b13bfcfbe"",""source_column"":89},{""source_id"":""src-de-bwl-recognition-2013"",""source_url"":""https://www.bundeswahlleiterin.de/info/presse/mitteilungen/bundestagswahl-2013/2013-07-05-38-parteien-koennen-an-der-bundestagswahl-2013-teilnehmen.html"",""source_record_id"":""src-de-bwl-recognition-2013:list:3:item:1"",""retrieved_at"":""2026-10-02T09:41:54.242Z"",""raw_snapshot"":{""path"":""docs/political-data/raw/germany/recognition_2013/recognition.html"",""sha256"":""f6225ec25ade267119b4407d531d33a969296ff08eadafb9ffbbb7a6246ebc48""},""parser_version"":""germany-production-v1"",""parser_sha256"":""2a8eb3487f392ef83303e7fb9ff246e4c111a7e64a469a6aa9eb21461ae9b1a0"",""fields_covered"":[""contestant_kind"",""lead_party_id"",""membership""],""published_or_derived"":""published"",""decision_basis"":""manual review of official same-election recognition/participation and result column"",""evidence_note"":""Official same-election recognition declaration; list ordering is not a durable identifier""},{""source_id"":""src-de-bwl-final-archive"",""source_url"":""https://www.bundeswahlleiterin.de/dam/jcr/ce2d2b6a-f211-4355-8eea-355c98cd4e47/btw_kerg.zip"",""source_record_id"":""af1d7f449974be160ffbbcc359bee00b73fb538a279f7ded5ea99b5b13bfcfbe:btw2013_kerg.csv:340:89"",""retrieved_at"":""2026-10-01T23:21:39.584Z"",""raw_snapshot"":{""path"":""docs/political-data/raw/germany/2026-10-01T23-21-39-584Z_02e7077f9358c9ef/final-results.zip"",""sha256"":""02e7077f9358c9ef408741ee5d17123a43c28ea766b26a7ab338c08fcaeb7512""},""parser_version"":""germany-production-v1"",""parser_sha256"":""2a8eb3487f392ef83303e7fb9ff246e4c111a7e64a469a6aa9eb21461ae9b1a0"",""fields_covered"":[""historical_display_label""],""published_or_derived"":""published"",""label_basis"":""verbatim_election_specific_source"",""label_evidence"":[{""member"":""btw2013_kerg.csv"",""sha256"":""af1d7f449974be160ffbbcc359bee00b73fb538a279f7ded5ea99b5b13bfcfbe"",""column"":89,""record_id"":""af1d7f449974be160ffbbcc359bee00b73fb538a279f7ded5ea99b5b13bfcfbe:btw2013_kerg.csv:340:89""}]}]","{""decision_file"":""docs/political-data/germany_production_acceptance.json"",""reviewer"":""germany_source_review"",""reviewed_at"":""2026-10-02"",""scope"":""same_election_only_no_continuity""}"
"ct-de-0095","germany","el-de-bt-2013-09-22","party_list","MLPD","MLPD",,"requires_manual_review","false","[{""source_id"":""src-de-bwl-final-archive"",""source_url"":""https://www.bundeswahlleiterin.de/dam/jcr/ce2d2b6a-f211-4355-8eea-355c98cd4e47/btw_kerg.zip"",""source_record_id"":""af1d7f449974be160ffbbcc359bee00b73fb538a279f7ded5ea99b5b13bfcfbe:btw2013_kerg.csv:340:93"",""retrieved_at"":""2026-10-01T23:21:39.584Z"",""raw_snapshot"":{""path"":""docs/political-data/raw/germany/2026-10-01T23-21-39-584Z_02e7077f9358c9ef/final-results.zip"",""sha256"":""02e7077f9358c9ef408741ee5d17123a43c28ea766b26a7ab338c08fcaeb7512""},""parser_version"":""germany-production-v1"",""parser_sha256"":""2a8eb3487f392ef83303e7fb9ff246e4c111a7e64a469a6aa9eb21461ae9b1a0"",""fields_covered"":[""second_votes"",""registered_label_native""],""published_or_derived"":""published"",""source_member"":""btw2013_kerg.csv"",""source_member_sha256"":""af1d7f449974be160ffbbcc359bee00b73fb538a279f7ded5ea99b5b13bfcfbe"",""source_column"":93},{""source_id"":""src-de-bwl-recognition-2013"",""source_url"":""https://www.bundeswahlleiterin.de/info/presse/mitteilungen/bundestagswahl-2013/2013-07-05-38-parteien-koennen-an-der-bundestagswahl-2013-teilnehmen.html"",""source_record_id"":""src-de-bwl-recognition-2013:list:3:item:23"",""retrieved_at"":""2026-10-02T09:41:54.242Z"",""raw_snapshot"":{""path"":""docs/political-data/raw/germany/recognition_2013/recognition.html"",""sha256"":""f6225ec25ade267119b4407d531d33a969296ff08eadafb9ffbbb7a6246ebc48""},""parser_version"":""germany-production-v1"",""parser_sha256"":""2a8eb3487f392ef83303e7fb9ff246e4c111a7e64a469a6aa9eb21461ae9b1a0"",""fields_covered"":[""contestant_kind"",""lead_party_id"",""membership""],""published_or_derived"":""published"",""decision_basis"":""manual review of official same-election recognition/participation and result column"",""evidence_note"":""Official same-election recognition declaration; list ordering is not a durable identifier""},{""source_id"":""src-de-bwl-final-archive"",""source_url"":""https://www.bundeswahlleiterin.de/dam/jcr/ce2d2b6a-f211-4355-8eea-355c98cd4e47/btw_kerg.zip"",""source_record_id"":""af1d7f449974be160ffbbcc359bee00b73fb538a279f7ded5ea99b5b13bfcfbe:btw2013_kerg.csv:340:93"",""retrieved_at"":""2026-10-01T23:21:39.584Z"",""raw_snapshot"":{""path"":""docs/political-data/raw/germany/2026-10-01T23-21-39-584Z_02e7077f9358c9ef/final-results.zip"",""sha256"":""02e7077f9358c9ef408741ee5d17123a43c28ea766b26a7ab338c08fcaeb7512""},""parser_version"":""germany-production-v1"",""parser_sha256"":""2a8eb3487f392ef83303e7fb9ff246e4c111a7e64a469a6aa9eb21461ae9b1a0"",""fields_covered"":[""historical_display_label""],""published_or_derived"":""published"",""label_basis"":""verbatim_election_specific_source"",""label_evidence"":[{""member"":""btw2013_kerg.csv"",""sha256"":""af1d7f449974be160ffbbcc359bee00b73fb538a279f7ded5ea99b5b13bfcfbe"",""column"":93,""record_id"":""af1d7f449974be160ffbbcc359bee00b73fb538a279f7ded5ea99b5b13bfcfbe:btw2013_kerg.csv:340:93""}]}]","{""decision_file"":""docs/political-data/germany_production_acceptance.json"",""reviewer"":""germany_source_review"",""reviewed_at"":""2026-10-02"",""scope"":""same_election_only_no_continuity""}"
"ct-de-0096","germany","el-de-bt-2013-09-22","party_list","Volksabstimmung","Volksabstimmung",,"requires_manual_review","false","[{""source_id"":""src-de-bwl-final-archive"",""source_url"":""https://www.bundeswahlleiterin.de/dam/jcr/ce2d2b6a-f211-4355-8eea-355c98cd4e47/btw_kerg.zip"",""source_record_id"":""af1d7f449974be160ffbbcc359bee00b73fb538a279f7ded5ea99b5b13bfcfbe:btw2013_kerg.csv:340:97"",""retrieved_at"":""2026-10-01T23:21:39.584Z"",""raw_snapshot"":{""path"":""docs/political-data/raw/germany/2026-10-01T23-21-39-584Z_02e7077f9358c9ef/final-results.zip"",""sha256"":""02e7077f9358c9ef408741ee5d17123a43c28ea766b26a7ab338c08fcaeb7512""},""parser_version"":""germany-production-v1"",""parser_sha256"":""2a8eb3487f392ef83303e7fb9ff246e4c111a7e64a469a6aa9eb21461ae9b1a0"",""fields_covered"":[""second_votes"",""registered_label_native""],""published_or_derived"":""published"",""source_member"":""btw2013_kerg.csv"",""source_member_sha256"":""af1d7f449974be160ffbbcc359bee00b73fb538a279f7ded5ea99b5b13bfcfbe"",""source_column"":97},{""source_id"":""src-de-bwl-recognition-2013"",""source_url"":""https://www.bundeswahlleiterin.de/info/presse/mitteilungen/bundestagswahl-2013/2013-07-05-38-parteien-koennen-an-der-bundestagswahl-2013-teilnehmen.html"",""source_record_id"":""src-de-bwl-recognition-2013:list:3:item:4"",""retrieved_at"":""2026-10-02T09:41:54.242Z"",""raw_snapshot"":{""path"":""docs/political-data/raw/germany/recognition_2013/recognition.html"",""sha256"":""f6225ec25ade267119b4407d531d33a969296ff08eadafb9ffbbb7a6246ebc48""},""parser_version"":""germany-production-v1"",""parser_sha256"":""2a8eb3487f392ef83303e7fb9ff246e4c111a7e64a469a6aa9eb21461ae9b1a0"",""fields_covered"":[""contestant_kind"",""lead_party_id"",""membership""],""published_or_derived"":""published"",""decision_basis"":""manual review of official same-election recognition/participation and result column"",""evidence_note"":""Official same-election recognition declaration; list ordering is not a durable identifier""},{""source_id"":""src-de-bwl-final-archive"",""source_url"":""https://www.bundeswahlleiterin.de/dam/jcr/ce2d2b6a-f211-4355-8eea-355c98cd4e47/btw_kerg.zip"",""source_record_id"":""af1d7f449974be160ffbbcc359bee00b73fb538a279f7ded5ea99b5b13bfcfbe:btw2013_kerg.csv:340:97"",""retrieved_at"":""2026-10-01T23:21:39.584Z"",""raw_snapshot"":{""path"":""docs/political-data/raw/germany/2026-10-01T23-21-39-584Z_02e7077f9358c9ef/final-results.zip"",""sha256"":""02e7077f9358c9ef408741ee5d17123a43c28ea766b26a7ab338c08fcaeb7512""},""parser_version"":""germany-production-v1"",""parser_sha256"":""2a8eb3487f392ef83303e7fb9ff246e4c111a7e64a469a6aa9eb21461ae9b1a0"",""fields_covered"":[""historical_display_label""],""published_or_derived"":""published"",""label_basis"":""verbatim_election_specific_source"",""label_evidence"":[{""member"":""btw2013_kerg.csv"",""sha256"":""af1d7f449974be160ffbbcc359bee00b73fb538a279f7ded5ea99b5b13bfcfbe"",""column"":97,""record_id"":""af1d7f449974be160ffbbcc359bee00b73fb538a279f7ded5ea99b5b13bfcfbe:btw2013_kerg.csv:340:97""}]}]","{""decision_file"":""docs/political-data/germany_production_acceptance.json"",""reviewer"":""germany_source_review"",""reviewed_at"":""2026-10-02"",""scope"":""same_election_only_no_continuity""}"
"ct-de-0097","germany","el-de-bt-2013-09-22","party_list","PSG","PSG",,"requires_manual_review","false","[{""source_id"":""src-de-bwl-final-archive"",""source_url"":""https://www.bundeswahlleiterin.de/dam/jcr/ce2d2b6a-f211-4355-8eea-355c98cd4e47/btw_kerg.zip"",""source_record_id"":""af1d7f449974be160ffbbcc359bee00b73fb538a279f7ded5ea99b5b13bfcfbe:btw2013_kerg.csv:340:101"",""retrieved_at"":""2026-10-01T23:21:39.584Z"",""raw_snapshot"":{""path"":""docs/political-data/raw/germany/2026-10-01T23-21-39-584Z_02e7077f9358c9ef/final-results.zip"",""sha256"":""02e7077f9358c9ef408741ee5d17123a43c28ea766b26a7ab338c08fcaeb7512""},""parser_version"":""germany-production-v1"",""parser_sha256"":""2a8eb3487f392ef83303e7fb9ff246e4c111a7e64a469a6aa9eb21461ae9b1a0"",""fields_covered"":[""second_votes"",""registered_label_native""],""published_or_derived"":""published"",""source_member"":""btw2013_kerg.csv"",""source_member_sha256"":""af1d7f449974be160ffbbcc359bee00b73fb538a279f7ded5ea99b5b13bfcfbe"",""source_column"":101},{""source_id"":""src-de-bwl-recognition-2013"",""source_url"":""https://www.bundeswahlleiterin.de/info/presse/mitteilungen/bundestagswahl-2013/2013-07-05-38-parteien-koennen-an-der-bundestagswahl-2013-teilnehmen.html"",""source_record_id"":""src-de-bwl-recognition-2013:list:3:item:24"",""retrieved_at"":""2026-10-02T09:41:54.242Z"",""raw_snapshot"":{""path"":""docs/political-data/raw/germany/recognition_2013/recognition.html"",""sha256"":""f6225ec25ade267119b4407d531d33a969296ff08eadafb9ffbbb7a6246ebc48""},""parser_version"":""germany-production-v1"",""parser_sha256"":""2a8eb3487f392ef83303e7fb9ff246e4c111a7e64a469a6aa9eb21461ae9b1a0"",""fields_covered"":[""contestant_kind"",""lead_party_id"",""membership""],""published_or_derived"":""published"",""decision_basis"":""manual review of official same-election recognition/participation and result column"",""evidence_note"":""Official same-election recognition declaration; list ordering is not a durable identifier""},{""source_id"":""src-de-bwl-final-archive"",""source_url"":""https://www.bundeswahlleiterin.de/dam/jcr/ce2d2b6a-f211-4355-8eea-355c98cd4e47/btw_kerg.zip"",""source_record_id"":""af1d7f449974be160ffbbcc359bee00b73fb538a279f7ded5ea99b5b13bfcfbe:btw2013_kerg.csv:340:101"",""retrieved_at"":""2026-10-01T23:21:39.584Z"",""raw_snapshot"":{""path"":""docs/political-data/raw/germany/2026-10-01T23-21-39-584Z_02e7077f9358c9ef/final-results.zip"",""sha256"":""02e7077f9358c9ef408741ee5d17123a43c28ea766b26a7ab338c08fcaeb7512""},""parser_version"":""germany-production-v1"",""parser_sha256"":""2a8eb3487f392ef83303e7fb9ff246e4c111a7e64a469a6aa9eb21461ae9b1a0"",""fields_covered"":[""historical_display_label""],""published_or_derived"":""published"",""label_basis"":""verbatim_election_specific_source"",""label_evidence"":[{""member"":""btw2013_kerg.csv"",""sha256"":""af1d7f449974be160ffbbcc359bee00b73fb538a279f7ded5ea99b5b13bfcfbe"",""column"":101,""record_id"":""af1d7f449974be160ffbbcc359bee00b73fb538a279f7ded5ea99b5b13bfcfbe:btw2013_kerg.csv:340:101""}]}]","{""decision_file"":""docs/political-data/germany_production_acceptance.json"",""reviewer"":""germany_source_review"",""reviewed_at"":""2026-10-02"",""scope"":""same_election_only_no_continuity""}"
"ct-de-0098","germany","el-de-bt-2013-09-22","party_list","AfD","AfD",,"requires_manual_review","false","[{""source_id"":""src-de-bwl-final-archive"",""source_url"":""https://www.bundeswahlleiterin.de/dam/jcr/ce2d2b6a-f211-4355-8eea-355c98cd4e47/btw_kerg.zip"",""source_record_id"":""af1d7f449974be160ffbbcc359bee00b73fb538a279f7ded5ea99b5b13bfcfbe:btw2013_kerg.csv:340:105"",""retrieved_at"":""2026-10-01T23:21:39.584Z"",""raw_snapshot"":{""path"":""docs/political-data/raw/germany/2026-10-01T23-21-39-584Z_02e7077f9358c9ef/final-results.zip"",""sha256"":""02e7077f9358c9ef408741ee5d17123a43c28ea766b26a7ab338c08fcaeb7512""},""parser_version"":""germany-production-v1"",""parser_sha256"":""2a8eb3487f392ef83303e7fb9ff246e4c111a7e64a469a6aa9eb21461ae9b1a0"",""fields_covered"":[""second_votes"",""registered_label_native""],""published_or_derived"":""published"",""source_member"":""btw2013_kerg.csv"",""source_member_sha256"":""af1d7f449974be160ffbbcc359bee00b73fb538a279f7ded5ea99b5b13bfcfbe"",""source_column"":105},{""source_id"":""src-de-bwl-recognition-2013"",""source_url"":""https://www.bundeswahlleiterin.de/info/presse/mitteilungen/bundestagswahl-2013/2013-07-05-38-parteien-koennen-an-der-bundestagswahl-2013-teilnehmen.html"",""source_record_id"":""src-de-bwl-recognition-2013:list:3:item:19"",""retrieved_at"":""2026-10-02T09:41:54.242Z"",""raw_snapshot"":{""path"":""docs/political-data/raw/germany/recognition_2013/recognition.html"",""sha256"":""f6225ec25ade267119b4407d531d33a969296ff08eadafb9ffbbb7a6246ebc48""},""parser_version"":""germany-production-v1"",""parser_sha256"":""2a8eb3487f392ef83303e7fb9ff246e4c111a7e64a469a6aa9eb21461ae9b1a0"",""fields_covered"":[""contestant_kind"",""lead_party_id"",""membership""],""published_or_derived"":""published"",""decision_basis"":""manual review of official same-election recognition/participation and result column"",""evidence_note"":""Official same-election recognition declaration; list ordering is not a durable identifier""},{""source_id"":""src-de-bwl-final-archive"",""source_url"":""https://www.bundeswahlleiterin.de/dam/jcr/ce2d2b6a-f211-4355-8eea-355c98cd4e47/btw_kerg.zip"",""source_record_id"":""af1d7f449974be160ffbbcc359bee00b73fb538a279f7ded5ea99b5b13bfcfbe:btw2013_kerg.csv:340:105"",""retrieved_at"":""2026-10-01T23:21:39.584Z"",""raw_snapshot"":{""path"":""docs/political-data/raw/germany/2026-10-01T23-21-39-584Z_02e7077f9358c9ef/final-results.zip"",""sha256"":""02e7077f9358c9ef408741ee5d17123a43c28ea766b26a7ab338c08fcaeb7512""},""parser_version"":""germany-production-v1"",""parser_sha256"":""2a8eb3487f392ef83303e7fb9ff246e4c111a7e64a469a6aa9eb21461ae9b1a0"",""fields_covered"":[""historical_display_label""],""published_or_derived"":""published"",""label_basis"":""verbatim_election_specific_source"",""label_evidence"":[{""member"":""btw2013_kerg.csv"",""sha256"":""af1d7f449974be160ffbbcc359bee00b73fb538a279f7ded5ea99b5b13bfcfbe"",""column"":105,""record_id"":""af1d7f449974be160ffbbcc359bee00b73fb538a279f7ded5ea99b5b13bfcfbe:btw2013_kerg.csv:340:105""}]}]","{""decision_file"":""docs/political-data/germany_production_acceptance.json"",""reviewer"":""germany_source_review"",""reviewed_at"":""2026-10-02"",""scope"":""same_election_only_no_continuity""}"
"ct-de-0099","germany","el-de-bt-2013-09-22","party_list","BIG","BIG",,"requires_manual_review","false","[{""source_id"":""src-de-bwl-final-archive"",""source_url"":""https://www.bundeswahlleiterin.de/dam/jcr/ce2d2b6a-f211-4355-8eea-355c98cd4e47/btw_kerg.zip"",""source_record_id"":""af1d7f449974be160ffbbcc359bee00b73fb538a279f7ded5ea99b5b13bfcfbe:btw2013_kerg.csv:340:109"",""retrieved_at"":""2026-10-01T23:21:39.584Z"",""raw_snapshot"":{""path"":""docs/political-data/raw/germany/2026-10-01T23-21-39-584Z_02e7077f9358c9ef/final-results.zip"",""sha256"":""02e7077f9358c9ef408741ee5d17123a43c28ea766b26a7ab338c08fcaeb7512""},""parser_version"":""germany-production-v1"",""parser_sha256"":""2a8eb3487f392ef83303e7fb9ff246e4c111a7e64a469a6aa9eb21461ae9b1a0"",""fields_covered"":[""second_votes"",""registered_label_native""],""published_or_derived"":""published"",""source_member"":""btw2013_kerg.csv"",""source_member_sha256"":""af1d7f449974be160ffbbcc359bee00b73fb538a279f7ded5ea99b5b13bfcfbe"",""source_column"":109},{""source_id"":""src-de-bwl-recognition-2013"",""source_url"":""https://www.bundeswahlleiterin.de/info/presse/mitteilungen/bundestagswahl-2013/2013-07-05-38-parteien-koennen-an-der-bundestagswahl-2013-teilnehmen.html"",""source_record_id"":""src-de-bwl-recognition-2013:list:3:item:20"",""retrieved_at"":""2026-10-02T09:41:54.242Z"",""raw_snapshot"":{""path"":""docs/political-data/raw/germany/recognition_2013/recognition.html"",""sha256"":""f6225ec25ade267119b4407d531d33a969296ff08eadafb9ffbbb7a6246ebc48""},""parser_version"":""germany-production-v1"",""parser_sha256"":""2a8eb3487f392ef83303e7fb9ff246e4c111a7e64a469a6aa9eb21461ae9b1a0"",""fields_covered"":[""contestant_kind"",""lead_party_id"",""membership""],""published_or_derived"":""published"",""decision_basis"":""manual review of official same-election recognition/participation and result column"",""evidence_note"":""Official same-election recognition declaration; list ordering is not a durable identifier""},{""source_id"":""src-de-bwl-final-archive"",""source_url"":""https://www.bundeswahlleiterin.de/dam/jcr/ce2d2b6a-f211-4355-8eea-355c98cd4e47/btw_kerg.zip"",""source_record_id"":""af1d7f449974be160ffbbcc359bee00b73fb538a279f7ded5ea99b5b13bfcfbe:btw2013_kerg.csv:340:109"",""retrieved_at"":""2026-10-01T23:21:39.584Z"",""raw_snapshot"":{""path"":""docs/political-data/raw/germany/2026-10-01T23-21-39-584Z_02e7077f9358c9ef/final-results.zip"",""sha256"":""02e7077f9358c9ef408741ee5d17123a43c28ea766b26a7ab338c08fcaeb7512""},""parser_version"":""germany-production-v1"",""parser_sha256"":""2a8eb3487f392ef83303e7fb9ff246e4c111a7e64a469a6aa9eb21461ae9b1a0"",""fields_covered"":[""historical_display_label""],""published_or_derived"":""published"",""label_basis"":""verbatim_election_specific_source"",""label_evidence"":[{""member"":""btw2013_kerg.csv"",""sha256"":""af1d7f449974be160ffbbcc359bee00b73fb538a279f7ded5ea99b5b13bfcfbe"",""column"":109,""record_id"":""af1d7f449974be160ffbbcc359bee00b73fb538a279f7ded5ea99b5b13bfcfbe:btw2013_kerg.csv:340:109""}]}]","{""decision_file"":""docs/political-data/germany_production_acceptance.json"",""reviewer"":""germany_source_review"",""reviewed_at"":""2026-10-02"",""scope"":""same_election_only_no_continuity""}"
"ct-de-0100","germany","el-de-bt-2013-09-22","party_list","pro Deutschland","pro Deutschland",,"requires_manual_review","false","[{""source_id"":""src-de-bwl-final-archive"",""source_url"":""https://www.bundeswahlleiterin.de/dam/jcr/ce2d2b6a-f211-4355-8eea-355c98cd4e47/btw_kerg.zip"",""source_record_id"":""af1d7f449974be160ffbbcc359bee00b73fb538a279f7ded5ea99b5b13bfcfbe:btw2013_kerg.csv:340:113"",""retrieved_at"":""2026-10-01T23:21:39.584Z"",""raw_snapshot"":{""path"":""docs/political-data/raw/germany/2026-10-01T23-21-39-584Z_02e7077f9358c9ef/final-results.zip"",""sha256"":""02e7077f9358c9ef408741ee5d17123a43c28ea766b26a7ab338c08fcaeb7512""},""parser_version"":""germany-production-v1"",""parser_sha256"":""2a8eb3487f392ef83303e7fb9ff246e4c111a7e64a469a6aa9eb21461ae9b1a0"",""fields_covered"":[""second_votes"",""registered_label_native""],""published_or_derived"":""published"",""source_member"":""btw2013_kerg.csv"",""source_member_sha256"":""af1d7f449974be160ffbbcc359bee00b73fb538a279f7ded5ea99b5b13bfcfbe"",""source_column"":113},{""source_id"":""src-de-bwl-recognition-2013"",""source_url"":""https://www.bundeswahlleiterin.de/info/presse/mitteilungen/bundestagswahl-2013/2013-07-05-38-parteien-koennen-an-der-bundestagswahl-2013-teilnehmen.html"",""source_record_id"":""src-de-bwl-recognition-2013:list:3:item:10"",""retrieved_at"":""2026-10-02T09:41:54.242Z"",""raw_snapshot"":{""path"":""docs/political-data/raw/germany/recognition_2013/recognition.html"",""sha256"":""f6225ec25ade267119b4407d531d33a969296ff08eadafb9ffbbb7a6246ebc48""},""parser_version"":""germany-production-v1"",""parser_sha256"":""2a8eb3487f392ef83303e7fb9ff246e4c111a7e64a469a6aa9eb21461ae9b1a0"",""fields_covered"":[""contestant_kind"",""lead_party_id"",""membership""],""published_or_derived"":""published"",""decision_basis"":""manual review of official same-election recognition/participation and result column"",""evidence_note"":""Official same-election recognition declaration; list ordering is not a durable identifier""},{""source_id"":""src-de-bwl-final-archive"",""source_url"":""https://www.bundeswahlleiterin.de/dam/jcr/ce2d2b6a-f211-4355-8eea-355c98cd4e47/btw_kerg.zip"",""source_record_id"":""af1d7f449974be160ffbbcc359bee00b73fb538a279f7ded5ea99b5b13bfcfbe:btw2013_kerg.csv:340:113"",""retrieved_at"":""2026-10-01T23:21:39.584Z"",""raw_snapshot"":{""path"":""docs/political-data/raw/germany/2026-10-01T23-21-39-584Z_02e7077f9358c9ef/final-results.zip"",""sha256"":""02e7077f9358c9ef408741ee5d17123a43c28ea766b26a7ab338c08fcaeb7512""},""parser_version"":""germany-production-v1"",""parser_sha256"":""2a8eb3487f392ef83303e7fb9ff246e4c111a7e64a469a6aa9eb21461ae9b1a0"",""fields_covered"":[""historical_display_label""],""published_or_derived"":""published"",""label_basis"":""verbatim_election_specific_source"",""label_evidence"":[{""member"":""btw2013_kerg.csv"",""sha256"":""af1d7f449974be160ffbbcc359bee00b73fb538a279f7ded5ea99b5b13bfcfbe"",""column"":113,""record_id"":""af1d7f449974be160ffbbcc359bee00b73fb538a279f7ded5ea99b5b13bfcfbe:btw2013_kerg.csv:340:113""}]}]","{""decision_file"":""docs/political-data/germany_production_acceptance.json"",""reviewer"":""germany_source_review"",""reviewed_at"":""2026-10-02"",""scope"":""same_election_only_no_continuity""}"
"ct-de-0101","germany","el-de-bt-2013-09-22","party_list","DIE RECHTE","DIE RECHTE",,"requires_manual_review","false","[{""source_id"":""src-de-bwl-final-archive"",""source_url"":""https://www.bundeswahlleiterin.de/dam/jcr/ce2d2b6a-f211-4355-8eea-355c98cd4e47/btw_kerg.zip"",""source_record_id"":""af1d7f449974be160ffbbcc359bee00b73fb538a279f7ded5ea99b5b13bfcfbe:btw2013_kerg.csv:340:117"",""retrieved_at"":""2026-10-01T23:21:39.584Z"",""raw_snapshot"":{""path"":""docs/political-data/raw/germany/2026-10-01T23-21-39-584Z_02e7077f9358c9ef/final-results.zip"",""sha256"":""02e7077f9358c9ef408741ee5d17123a43c28ea766b26a7ab338c08fcaeb7512""},""parser_version"":""germany-production-v1"",""parser_sha256"":""2a8eb3487f392ef83303e7fb9ff246e4c111a7e64a469a6aa9eb21461ae9b1a0"",""fields_covered"":[""second_votes"",""registered_label_native""],""published_or_derived"":""published"",""source_member"":""btw2013_kerg.csv"",""source_member_sha256"":""af1d7f449974be160ffbbcc359bee00b73fb538a279f7ded5ea99b5b13bfcfbe"",""source_column"":117},{""source_id"":""src-de-bwl-recognition-2013"",""source_url"":""https://www.bundeswahlleiterin.de/info/presse/mitteilungen/bundestagswahl-2013/2013-07-05-38-parteien-koennen-an-der-bundestagswahl-2013-teilnehmen.html"",""source_record_id"":""src-de-bwl-recognition-2013:list:3:item:12"",""retrieved_at"":""2026-10-02T09:41:54.242Z"",""raw_snapshot"":{""path"":""docs/political-data/raw/germany/recognition_2013/recognition.html"",""sha256"":""f6225ec25ade267119b4407d531d33a969296ff08eadafb9ffbbb7a6246ebc48""},""parser_version"":""germany-production-v1"",""parser_sha256"":""2a8eb3487f392ef83303e7fb9ff246e4c111a7e64a469a6aa9eb21461ae9b1a0"",""fields_covered"":[""contestant_kind"",""lead_party_id"",""membership""],""published_or_derived"":""published"",""decision_basis"":""manual review of official same-election recognition/participation and result column"",""evidence_note"":""Official same-election recognition declaration; list ordering is not a durable identifier""},{""source_id"":""src-de-bwl-final-archive"",""source_url"":""https://www.bundeswahlleiterin.de/dam/jcr/ce2d2b6a-f211-4355-8eea-355c98cd4e47/btw_kerg.zip"",""source_record_id"":""af1d7f449974be160ffbbcc359bee00b73fb538a279f7ded5ea99b5b13bfcfbe:btw2013_kerg.csv:340:117"",""retrieved_at"":""2026-10-01T23:21:39.584Z"",""raw_snapshot"":{""path"":""docs/political-data/raw/germany/2026-10-01T23-21-39-584Z_02e7077f9358c9ef/final-results.zip"",""sha256"":""02e7077f9358c9ef408741ee5d17123a43c28ea766b26a7ab338c08fcaeb7512""},""parser_version"":""germany-production-v1"",""parser_sha256"":""2a8eb3487f392ef83303e7fb9ff246e4c111a7e64a469a6aa9eb21461ae9b1a0"",""fields_covered"":[""historical_display_label""],""published_or_derived"":""published"",""label_basis"":""verbatim_election_specific_source"",""label_evidence"":[{""member"":""btw2013_kerg.csv"",""sha256"":""af1d7f449974be160ffbbcc359bee00b73fb538a279f7ded5ea99b5b13bfcfbe"",""column"":117,""record_id"":""af1d7f449974be160ffbbcc359bee00b73fb538a279f7ded5ea99b5b13bfcfbe:btw2013_kerg.csv:340:117""}]}]","{""decision_file"":""docs/political-data/germany_production_acceptance.json"",""reviewer"":""germany_source_review"",""reviewed_at"":""2026-10-02"",""scope"":""same_election_only_no_continuity""}"
"ct-de-0102","germany","el-de-bt-2013-09-22","party_list","DIE FRAUEN","DIE FRAUEN",,"requires_manual_review","false","[{""source_id"":""src-de-bwl-final-archive"",""source_url"":""https://www.bundeswahlleiterin.de/dam/jcr/ce2d2b6a-f211-4355-8eea-355c98cd4e47/btw_kerg.zip"",""source_record_id"":""af1d7f449974be160ffbbcc359bee00b73fb538a279f7ded5ea99b5b13bfcfbe:btw2013_kerg.csv:340:121"",""retrieved_at"":""2026-10-01T23:21:39.584Z"",""raw_snapshot"":{""path"":""docs/political-data/raw/germany/2026-10-01T23-21-39-584Z_02e7077f9358c9ef/final-results.zip"",""sha256"":""02e7077f9358c9ef408741ee5d17123a43c28ea766b26a7ab338c08fcaeb7512""},""parser_version"":""germany-production-v1"",""parser_sha256"":""2a8eb3487f392ef83303e7fb9ff246e4c111a7e64a469a6aa9eb21461ae9b1a0"",""fields_covered"":[""second_votes"",""registered_label_native""],""published_or_derived"":""published"",""source_member"":""btw2013_kerg.csv"",""source_member_sha256"":""af1d7f449974be160ffbbcc359bee00b73fb538a279f7ded5ea99b5b13bfcfbe"",""source_column"":121},{""source_id"":""src-de-bwl-recognition-2013"",""source_url"":""https://www.bundeswahlleiterin.de/info/presse/mitteilungen/bundestagswahl-2013/2013-07-05-38-parteien-koennen-an-der-bundestagswahl-2013-teilnehmen.html"",""source_record_id"":""src-de-bwl-recognition-2013:list:3:item:28"",""retrieved_at"":""2026-10-02T09:41:54.242Z"",""raw_snapshot"":{""path"":""docs/political-data/raw/germany/recognition_2013/recognition.html"",""sha256"":""f6225ec25ade267119b4407d531d33a969296ff08eadafb9ffbbb7a6246ebc48""},""parser_version"":""germany-production-v1"",""parser_sha256"":""2a8eb3487f392ef83303e7fb9ff246e4c111a7e64a469a6aa9eb21461ae9b1a0"",""fields_covered"":[""contestant_kind"",""lead_party_id"",""membership""],""published_or_derived"":""published"",""decision_basis"":""manual review of official same-election recognition/participation and result column"",""evidence_note"":""Official same-election recognition declaration; list ordering is not a durable identifier""},{""source_id"":""src-de-bwl-final-archive"",""source_url"":""https://www.bundeswahlleiterin.de/dam/jcr/ce2d2b6a-f211-4355-8eea-355c98cd4e47/btw_kerg.zip"",""source_record_id"":""af1d7f449974be160ffbbcc359bee00b73fb538a279f7ded5ea99b5b13bfcfbe:btw2013_kerg.csv:340:121"",""retrieved_at"":""2026-10-01T23:21:39.584Z"",""raw_snapshot"":{""path"":""docs/political-data/raw/germany/2026-10-01T23-21-39-584Z_02e7077f9358c9ef/final-results.zip"",""sha256"":""02e7077f9358c9ef408741ee5d17123a43c28ea766b26a7ab338c08fcaeb7512""},""parser_version"":""germany-production-v1"",""parser_sha256"":""2a8eb3487f392ef83303e7fb9ff246e4c111a7e64a469a6aa9eb21461ae9b1a0"",""fields_covered"":[""historical_display_label""],""published_or_derived"":""published"",""label_basis"":""verbatim_election_specific_source"",""label_evidence"":[{""member"":""btw2013_kerg.csv"",""sha256"":""af1d7f449974be160ffbbcc359bee00b73fb538a279f7ded5ea99b5b13bfcfbe"",""column"":121,""record_id"":""af1d7f449974be160ffbbcc359bee00b73fb538a279f7ded5ea99b5b13bfcfbe:btw2013_kerg.csv:340:121""}]}]","{""decision_file"":""docs/political-data/germany_production_acceptance.json"",""reviewer"":""germany_source_review"",""reviewed_at"":""2026-10-02"",""scope"":""same_election_only_no_continuity""}"
"ct-de-0103","germany","el-de-bt-2013-09-22","party_list","FREIE WÄHLER","FREIE WÄHLER",,"requires_manual_review","false","[{""source_id"":""src-de-bwl-final-archive"",""source_url"":""https://www.bundeswahlleiterin.de/dam/jcr/ce2d2b6a-f211-4355-8eea-355c98cd4e47/btw_kerg.zip"",""source_record_id"":""af1d7f449974be160ffbbcc359bee00b73fb538a279f7ded5ea99b5b13bfcfbe:btw2013_kerg.csv:340:125"",""retrieved_at"":""2026-10-01T23:21:39.584Z"",""raw_snapshot"":{""path"":""docs/political-data/raw/germany/2026-10-01T23-21-39-584Z_02e7077f9358c9ef/final-results.zip"",""sha256"":""02e7077f9358c9ef408741ee5d17123a43c28ea766b26a7ab338c08fcaeb7512""},""parser_version"":""germany-production-v1"",""parser_sha256"":""2a8eb3487f392ef83303e7fb9ff246e4c111a7e64a469a6aa9eb21461ae9b1a0"",""fields_covered"":[""second_votes"",""registered_label_native""],""published_or_derived"":""published"",""source_member"":""btw2013_kerg.csv"",""source_member_sha256"":""af1d7f449974be160ffbbcc359bee00b73fb538a279f7ded5ea99b5b13bfcfbe"",""source_column"":125},{""source_id"":""src-de-bwl-recognition-2013"",""source_url"":""https://www.bundeswahlleiterin.de/info/presse/mitteilungen/bundestagswahl-2013/2013-07-05-38-parteien-koennen-an-der-bundestagswahl-2013-teilnehmen.html"",""source_record_id"":""src-de-bwl-recognition-2013:list:2:item:1"",""retrieved_at"":""2026-10-02T09:41:54.242Z"",""raw_snapshot"":{""path"":""docs/political-data/raw/germany/recognition_2013/recognition.html"",""sha256"":""f6225ec25ade267119b4407d531d33a969296ff08eadafb9ffbbb7a6246ebc48""},""parser_version"":""germany-production-v1"",""parser_sha256"":""2a8eb3487f392ef83303e7fb9ff246e4c111a7e64a469a6aa9eb21461ae9b1a0"",""fields_covered"":[""contestant_kind"",""lead_party_id"",""membership""],""published_or_derived"":""published"",""decision_basis"":""manual review of official same-election recognition/participation and result column"",""evidence_note"":""Official same-election recognition declaration; list ordering is not a durable identifier""},{""source_id"":""src-de-bwl-final-archive"",""source_url"":""https://www.bundeswahlleiterin.de/dam/jcr/ce2d2b6a-f211-4355-8eea-355c98cd4e47/btw_kerg.zip"",""source_record_id"":""af1d7f449974be160ffbbcc359bee00b73fb538a279f7ded5ea99b5b13bfcfbe:btw2013_kerg.csv:340:125"",""retrieved_at"":""2026-10-01T23:21:39.584Z"",""raw_snapshot"":{""path"":""docs/political-data/raw/germany/2026-10-01T23-21-39-584Z_02e7077f9358c9ef/final-results.zip"",""sha256"":""02e7077f9358c9ef408741ee5d17123a43c28ea766b26a7ab338c08fcaeb7512""},""parser_version"":""germany-production-v1"",""parser_sha256"":""2a8eb3487f392ef83303e7fb9ff246e4c111a7e64a469a6aa9eb21461ae9b1a0"",""fields_covered"":[""historical_display_label""],""published_or_derived"":""published"",""label_basis"":""verbatim_election_specific_source"",""label_evidence"":[{""member"":""btw2013_kerg.csv"",""sha256"":""af1d7f449974be160ffbbcc359bee00b73fb538a279f7ded5ea99b5b13bfcfbe"",""column"":125,""record_id"":""af1d7f449974be160ffbbcc359bee00b73fb538a279f7ded5ea99b5b13bfcfbe:btw2013_kerg.csv:340:125""}]}]","{""decision_file"":""docs/political-data/germany_production_acceptance.json"",""reviewer"":""germany_source_review"",""reviewed_at"":""2026-10-02"",""scope"":""same_election_only_no_continuity""}"
"ct-de-0104","germany","el-de-bt-2013-09-22","party_list","Nichtwähler","Nichtwähler",,"requires_manual_review","false","[{""source_id"":""src-de-bwl-final-archive"",""source_url"":""https://www.bundeswahlleiterin.de/dam/jcr/ce2d2b6a-f211-4355-8eea-355c98cd4e47/btw_kerg.zip"",""source_record_id"":""af1d7f449974be160ffbbcc359bee00b73fb538a279f7ded5ea99b5b13bfcfbe:btw2013_kerg.csv:340:129"",""retrieved_at"":""2026-10-01T23:21:39.584Z"",""raw_snapshot"":{""path"":""docs/political-data/raw/germany/2026-10-01T23-21-39-584Z_02e7077f9358c9ef/final-results.zip"",""sha256"":""02e7077f9358c9ef408741ee5d17123a43c28ea766b26a7ab338c08fcaeb7512""},""parser_version"":""germany-production-v1"",""parser_sha256"":""2a8eb3487f392ef83303e7fb9ff246e4c111a7e64a469a6aa9eb21461ae9b1a0"",""fields_covered"":[""second_votes"",""registered_label_native""],""published_or_derived"":""published"",""source_member"":""btw2013_kerg.csv"",""source_member_sha256"":""af1d7f449974be160ffbbcc359bee00b73fb538a279f7ded5ea99b5b13bfcfbe"",""source_column"":129},{""source_id"":""src-de-bwl-participation-2013"",""source_url"":""https://www.bundeswahlleiterin.de/bundestagswahlen/2013/wahlbewerber.html"",""source_record_id"":""src-de-bwl-participation-2013:table:1:row:28"",""retrieved_at"":""2026-10-02T09:49:45.884Z"",""raw_snapshot"":{""path"":""docs/political-data/raw/germany/identity_participation-2013/source.html"",""sha256"":""1e7c2d0c575fc2bbd68862bdd348a6d3f13486dbbb0df33fd7eb6db5d93e1c29""},""parser_version"":""germany-production-v1"",""parser_sha256"":""2a8eb3487f392ef83303e7fb9ff246e4c111a7e64a469a6aa9eb21461ae9b1a0"",""fields_covered"":[""contestant_kind"",""lead_party_id"",""membership""],""published_or_derived"":""published"",""decision_basis"":""manual review of official same-election recognition/participation and result column"",""evidence_note"":""Same-election actual-participation page: official full name and separately published additional name""},{""source_id"":""src-de-bwl-historical-results-report-2025"",""source_url"":""https://www.bundeswahlleiterin.de/dam/jcr/397735e3-0585-46f6-a0b5-2c60c5b83de6/btw_ab49_gesamt.pdf"",""source_record_id"":""src-de-bwl-historical-results-report-2025:pdf-page:146:abbreviation:Nichtwähler"",""retrieved_at"":""2026-10-02T09:49:47.035Z"",""raw_snapshot"":{""path"":""docs/political-data/raw/germany/identity_historical-results-report-2025/source.pdf"",""sha256"":""c2d2bb5daa111cb3e960549c1a3983196a0b428b40173c8ec0eb971f025327a1""},""parser_version"":""germany-production-v1"",""parser_sha256"":""2a8eb3487f392ef83303e7fb9ff246e4c111a7e64a469a6aa9eb21461ae9b1a0"",""fields_covered"":[""contestant_kind"",""lead_party_id"",""membership""],""published_or_derived"":""published"",""decision_basis"":""manual review of official same-election recognition/participation and result column"",""evidence_note"":""Explicit published abbreviation explanation for the 2013 election; not legal continuity evidence""},{""source_id"":""src-de-bwl-final-archive"",""source_url"":""https://www.bundeswahlleiterin.de/dam/jcr/ce2d2b6a-f211-4355-8eea-355c98cd4e47/btw_kerg.zip"",""source_record_id"":""af1d7f449974be160ffbbcc359bee00b73fb538a279f7ded5ea99b5b13bfcfbe:btw2013_kerg.csv:340:129"",""retrieved_at"":""2026-10-01T23:21:39.584Z"",""raw_snapshot"":{""path"":""docs/political-data/raw/germany/2026-10-01T23-21-39-584Z_02e7077f9358c9ef/final-results.zip"",""sha256"":""02e7077f9358c9ef408741ee5d17123a43c28ea766b26a7ab338c08fcaeb7512""},""parser_version"":""germany-production-v1"",""parser_sha256"":""2a8eb3487f392ef83303e7fb9ff246e4c111a7e64a469a6aa9eb21461ae9b1a0"",""fields_covered"":[""historical_display_label""],""published_or_derived"":""published"",""label_basis"":""verbatim_election_specific_source"",""label_evidence"":[{""member"":""btw2013_kerg.csv"",""sha256"":""af1d7f449974be160ffbbcc359bee00b73fb538a279f7ded5ea99b5b13bfcfbe"",""column"":129,""record_id"":""af1d7f449974be160ffbbcc359bee00b73fb538a279f7ded5ea99b5b13bfcfbe:btw2013_kerg.csv:340:129""}]}]","{""decision_file"":""docs/political-data/germany_production_acceptance.json"",""reviewer"":""germany_source_review"",""reviewed_at"":""2026-10-02"",""scope"":""same_election_only_no_continuity""}"
"ct-de-0105","germany","el-de-bt-2013-09-22","party_list","PARTEI DER VERNUNFT","PARTEI DER VERNUNFT",,"requires_manual_review","false","[{""source_id"":""src-de-bwl-final-archive"",""source_url"":""https://www.bundeswahlleiterin.de/dam/jcr/ce2d2b6a-f211-4355-8eea-355c98cd4e47/btw_kerg.zip"",""source_record_id"":""af1d7f449974be160ffbbcc359bee00b73fb538a279f7ded5ea99b5b13bfcfbe:btw2013_kerg.csv:340:133"",""retrieved_at"":""2026-10-01T23:21:39.584Z"",""raw_snapshot"":{""path"":""docs/political-data/raw/germany/2026-10-01T23-21-39-584Z_02e7077f9358c9ef/final-results.zip"",""sha256"":""02e7077f9358c9ef408741ee5d17123a43c28ea766b26a7ab338c08fcaeb7512""},""parser_version"":""germany-production-v1"",""parser_sha256"":""2a8eb3487f392ef83303e7fb9ff246e4c111a7e64a469a6aa9eb21461ae9b1a0"",""fields_covered"":[""second_votes"",""registered_label_native""],""published_or_derived"":""published"",""source_member"":""btw2013_kerg.csv"",""source_member_sha256"":""af1d7f449974be160ffbbcc359bee00b73fb538a279f7ded5ea99b5b13bfcfbe"",""source_column"":133},{""source_id"":""src-de-bwl-recognition-2013"",""source_url"":""https://www.bundeswahlleiterin.de/info/presse/mitteilungen/bundestagswahl-2013/2013-07-05-38-parteien-koennen-an-der-bundestagswahl-2013-teilnehmen.html"",""source_record_id"":""src-de-bwl-recognition-2013:list:3:item:27"",""retrieved_at"":""2026-10-02T09:41:54.242Z"",""raw_snapshot"":{""path"":""docs/political-data/raw/germany/recognition_2013/recognition.html"",""sha256"":""f6225ec25ade267119b4407d531d33a969296ff08eadafb9ffbbb7a6246ebc48""},""parser_version"":""germany-production-v1"",""parser_sha256"":""2a8eb3487f392ef83303e7fb9ff246e4c111a7e64a469a6aa9eb21461ae9b1a0"",""fields_covered"":[""contestant_kind"",""lead_party_id"",""membership""],""published_or_derived"":""published"",""decision_basis"":""manual review of official same-election recognition/participation and result column"",""evidence_note"":""Official same-election recognition declaration; list ordering is not a durable identifier""},{""source_id"":""src-de-bwl-final-archive"",""source_url"":""https://www.bundeswahlleiterin.de/dam/jcr/ce2d2b6a-f211-4355-8eea-355c98cd4e47/btw_kerg.zip"",""source_record_id"":""af1d7f449974be160ffbbcc359bee00b73fb538a279f7ded5ea99b5b13bfcfbe:btw2013_kerg.csv:340:133"",""retrieved_at"":""2026-10-01T23:21:39.584Z"",""raw_snapshot"":{""path"":""docs/political-data/raw/germany/2026-10-01T23-21-39-584Z_02e7077f9358c9ef/final-results.zip"",""sha256"":""02e7077f9358c9ef408741ee5d17123a43c28ea766b26a7ab338c08fcaeb7512""},""parser_version"":""germany-production-v1"",""parser_sha256"":""2a8eb3487f392ef83303e7fb9ff246e4c111a7e64a469a6aa9eb21461ae9b1a0"",""fields_covered"":[""historical_display_label""],""published_or_derived"":""published"",""label_basis"":""verbatim_election_specific_source"",""label_evidence"":[{""member"":""btw2013_kerg.csv"",""sha256"":""af1d7f449974be160ffbbcc359bee00b73fb538a279f7ded5ea99b5b13bfcfbe"",""column"":133,""record_id"":""af1d7f449974be160ffbbcc359bee00b73fb538a279f7ded5ea99b5b13bfcfbe:btw2013_kerg.csv:340:133""}]}]","{""decision_file"":""docs/political-data/germany_production_acceptance.json"",""reviewer"":""germany_source_review"",""reviewed_at"":""2026-10-02"",""scope"":""same_election_only_no_continuity""}"
"ct-de-0106","germany","el-de-bt-2013-09-22","party_list","Die PARTEI","Die PARTEI",,"requires_manual_review","false","[{""source_id"":""src-de-bwl-final-archive"",""source_url"":""https://www.bundeswahlleiterin.de/dam/jcr/ce2d2b6a-f211-4355-8eea-355c98cd4e47/btw_kerg.zip"",""source_record_id"":""af1d7f449974be160ffbbcc359bee00b73fb538a279f7ded5ea99b5b13bfcfbe:btw2013_kerg.csv:340:137"",""retrieved_at"":""2026-10-01T23:21:39.584Z"",""raw_snapshot"":{""path"":""docs/political-data/raw/germany/2026-10-01T23-21-39-584Z_02e7077f9358c9ef/final-results.zip"",""sha256"":""02e7077f9358c9ef408741ee5d17123a43c28ea766b26a7ab338c08fcaeb7512""},""parser_version"":""germany-production-v1"",""parser_sha256"":""2a8eb3487f392ef83303e7fb9ff246e4c111a7e64a469a6aa9eb21461ae9b1a0"",""fields_covered"":[""second_votes"",""registered_label_native""],""published_or_derived"":""published"",""source_member"":""btw2013_kerg.csv"",""source_member_sha256"":""af1d7f449974be160ffbbcc359bee00b73fb538a279f7ded5ea99b5b13bfcfbe"",""source_column"":137},{""source_id"":""src-de-bwl-recognition-2013"",""source_url"":""https://www.bundeswahlleiterin.de/info/presse/mitteilungen/bundestagswahl-2013/2013-07-05-38-parteien-koennen-an-der-bundestagswahl-2013-teilnehmen.html"",""source_record_id"":""src-de-bwl-recognition-2013:list:3:item:14"",""retrieved_at"":""2026-10-02T09:41:54.242Z"",""raw_snapshot"":{""path"":""docs/political-data/raw/germany/recognition_2013/recognition.html"",""sha256"":""f6225ec25ade267119b4407d531d33a969296ff08eadafb9ffbbb7a6246ebc48""},""parser_version"":""germany-production-v1"",""parser_sha256"":""2a8eb3487f392ef83303e7fb9ff246e4c111a7e64a469a6aa9eb21461ae9b1a0"",""fields_covered"":[""contestant_kind"",""lead_party_id"",""membership""],""published_or_derived"":""published"",""decision_basis"":""manual review of official same-election recognition/participation and result column"",""evidence_note"":""Official same-election recognition declaration; list ordering is not a durable identifier""},{""source_id"":""src-de-bwl-final-archive"",""source_url"":""https://www.bundeswahlleiterin.de/dam/jcr/ce2d2b6a-f211-4355-8eea-355c98cd4e47/btw_kerg.zip"",""source_record_id"":""af1d7f449974be160ffbbcc359bee00b73fb538a279f7ded5ea99b5b13bfcfbe:btw2013_kerg.csv:340:137"",""retrieved_at"":""2026-10-01T23:21:39.584Z"",""raw_snapshot"":{""path"":""docs/political-data/raw/germany/2026-10-01T23-21-39-584Z_02e7077f9358c9ef/final-results.zip"",""sha256"":""02e7077f9358c9ef408741ee5d17123a43c28ea766b26a7ab338c08fcaeb7512""},""parser_version"":""germany-production-v1"",""parser_sha256"":""2a8eb3487f392ef83303e7fb9ff246e4c111a7e64a469a6aa9eb21461ae9b1a0"",""fields_covered"":[""historical_display_label""],""published_or_derived"":""published"",""label_basis"":""verbatim_election_specific_source"",""label_evidence"":[{""member"":""btw2013_kerg.csv"",""sha256"":""af1d7f449974be160ffbbcc359bee00b73fb538a279f7ded5ea99b5b13bfcfbe"",""column"":137,""record_id"":""af1d7f449974be160ffbbcc359bee00b73fb538a279f7ded5ea99b5b13bfcfbe:btw2013_kerg.csv:340:137""}]}]","{""decision_file"":""docs/political-data/germany_production_acceptance.json"",""reviewer"":""germany_source_review"",""reviewed_at"":""2026-10-02"",""scope"":""same_election_only_no_continuity""}"
"ct-de-0107","germany","el-de-bt-2017-09-24","party_list","Christlich Demokratische Union Deutschlands","Christlich Demokratische Union Deutschlands",,"requires_manual_review","false","[{""source_id"":""src-de-bwl-final-archive"",""source_url"":""https://www.bundeswahlleiterin.de/dam/jcr/ce2d2b6a-f211-4355-8eea-355c98cd4e47/btw_kerg.zip"",""source_record_id"":""d5d5009b8cbe5cc2e4a75760a057bda2b29f656a41b157e28557aa47b0e34c4f:btw2017_kerg.csv:340:21"",""retrieved_at"":""2026-10-01T23:21:39.584Z"",""raw_snapshot"":{""path"":""docs/political-data/raw/germany/2026-10-01T23-21-39-584Z_02e7077f9358c9ef/final-results.zip"",""sha256"":""02e7077f9358c9ef408741ee5d17123a43c28ea766b26a7ab338c08fcaeb7512""},""parser_version"":""germany-production-v1"",""parser_sha256"":""2a8eb3487f392ef83303e7fb9ff246e4c111a7e64a469a6aa9eb21461ae9b1a0"",""fields_covered"":[""second_votes"",""registered_label_native""],""published_or_derived"":""published"",""source_member"":""btw2017_kerg.csv"",""source_member_sha256"":""d5d5009b8cbe5cc2e4a75760a057bda2b29f656a41b157e28557aa47b0e34c4f"",""source_column"":21},{""source_id"":""src-de-bwl-recognition-2017"",""source_url"":""https://www.bundeswahlleiterin.de/info/presse/mitteilungen/bundestagswahl-2017/05_17_parteien_teilnahme.html"",""source_record_id"":""src-de-bwl-recognition-2017:list:1:item:1"",""retrieved_at"":""2026-10-02T09:41:42.668Z"",""raw_snapshot"":{""path"":""docs/political-data/raw/germany/recognition_2017/recognition.html"",""sha256"":""02e581f2b7aaf8915d477809cc72b3baa916de5535ed806b819e1a5855bb450c""},""parser_version"":""germany-production-v1"",""parser_sha256"":""2a8eb3487f392ef83303e7fb9ff246e4c111a7e64a469a6aa9eb21461ae9b1a0"",""fields_covered"":[""contestant_kind"",""lead_party_id"",""membership""],""published_or_derived"":""published"",""decision_basis"":""manual review of official same-election recognition/participation and result column"",""evidence_note"":""Official same-election recognition declaration; list ordering is not a durable identifier""},{""source_id"":""src-de-bwl-final-archive"",""source_url"":""https://www.bundeswahlleiterin.de/dam/jcr/ce2d2b6a-f211-4355-8eea-355c98cd4e47/btw_kerg.zip"",""source_record_id"":""d5d5009b8cbe5cc2e4a75760a057bda2b29f656a41b157e28557aa47b0e34c4f:btw2017_kerg.csv:340:21"",""retrieved_at"":""2026-10-01T23:21:39.584Z"",""raw_snapshot"":{""path"":""docs/political-data/raw/germany/2026-10-01T23-21-39-584Z_02e7077f9358c9ef/final-results.zip"",""sha256"":""02e7077f9358c9ef408741ee5d17123a43c28ea766b26a7ab338c08fcaeb7512""},""parser_version"":""germany-production-v1"",""parser_sha256"":""2a8eb3487f392ef83303e7fb9ff246e4c111a7e64a469a6aa9eb21461ae9b1a0"",""fields_covered"":[""historical_display_label""],""published_or_derived"":""published"",""label_basis"":""verbatim_election_specific_source"",""label_evidence"":[{""member"":""btw2017_kerg.csv"",""sha256"":""d5d5009b8cbe5cc2e4a75760a057bda2b29f656a41b157e28557aa47b0e34c4f"",""column"":21,""record_id"":""d5d5009b8cbe5cc2e4a75760a057bda2b29f656a41b157e28557aa47b0e34c4f:btw2017_kerg.csv:340:21""}]}]","{""decision_file"":""docs/political-data/germany_production_acceptance.json"",""reviewer"":""germany_source_review"",""reviewed_at"":""2026-10-02"",""scope"":""same_election_only_no_continuity""}"
"ct-de-0108","germany","el-de-bt-2017-09-24","party_list","Sozialdemokratische Partei Deutschlands","Sozialdemokratische Partei Deutschlands",,"requires_manual_review","false","[{""source_id"":""src-de-bwl-final-archive"",""source_url"":""https://www.bundeswahlleiterin.de/dam/jcr/ce2d2b6a-f211-4355-8eea-355c98cd4e47/btw_kerg.zip"",""source_record_id"":""d5d5009b8cbe5cc2e4a75760a057bda2b29f656a41b157e28557aa47b0e34c4f:btw2017_kerg.csv:340:25"",""retrieved_at"":""2026-10-01T23:21:39.584Z"",""raw_snapshot"":{""path"":""docs/political-data/raw/germany/2026-10-01T23-21-39-584Z_02e7077f9358c9ef/final-results.zip"",""sha256"":""02e7077f9358c9ef408741ee5d17123a43c28ea766b26a7ab338c08fcaeb7512""},""parser_version"":""germany-production-v1"",""parser_sha256"":""2a8eb3487f392ef83303e7fb9ff246e4c111a7e64a469a6aa9eb21461ae9b1a0"",""fields_covered"":[""second_votes"",""registered_label_native""],""published_or_derived"":""published"",""source_member"":""btw2017_kerg.csv"",""source_member_sha256"":""d5d5009b8cbe5cc2e4a75760a057bda2b29f656a41b157e28557aa47b0e34c4f"",""source_column"":25},{""source_id"":""src-de-bwl-recognition-2017"",""source_url"":""https://www.bundeswahlleiterin.de/info/presse/mitteilungen/bundestagswahl-2017/05_17_parteien_teilnahme.html"",""source_record_id"":""src-de-bwl-recognition-2017:list:1:item:2"",""retrieved_at"":""2026-10-02T09:41:42.668Z"",""raw_snapshot"":{""path"":""docs/political-data/raw/germany/recognition_2017/recognition.html"",""sha256"":""02e581f2b7aaf8915d477809cc72b3baa916de5535ed806b819e1a5855bb450c""},""parser_version"":""germany-production-v1"",""parser_sha256"":""2a8eb3487f392ef83303e7fb9ff246e4c111a7e64a469a6aa9eb21461ae9b1a0"",""fields_covered"":[""contestant_kind"",""lead_party_id"",""membership""],""published_or_derived"":""published"",""decision_basis"":""manual review of official same-election recognition/participation and result column"",""evidence_note"":""Official same-election recognition declaration; list ordering is not a durable identifier""},{""source_id"":""src-de-bwl-final-archive"",""source_url"":""https://www.bundeswahlleiterin.de/dam/jcr/ce2d2b6a-f211-4355-8eea-355c98cd4e47/btw_kerg.zip"",""source_record_id"":""d5d5009b8cbe5cc2e4a75760a057bda2b29f656a41b157e28557aa47b0e34c4f:btw2017_kerg.csv:340:25"",""retrieved_at"":""2026-10-01T23:21:39.584Z"",""raw_snapshot"":{""path"":""docs/political-data/raw/germany/2026-10-01T23-21-39-584Z_02e7077f9358c9ef/final-results.zip"",""sha256"":""02e7077f9358c9ef408741ee5d17123a43c28ea766b26a7ab338c08fcaeb7512""},""parser_version"":""germany-production-v1"",""parser_sha256"":""2a8eb3487f392ef83303e7fb9ff246e4c111a7e64a469a6aa9eb21461ae9b1a0"",""fields_covered"":[""historical_display_label""],""published_or_derived"":""published"",""label_basis"":""verbatim_election_specific_source"",""label_evidence"":[{""member"":""btw2017_kerg.csv"",""sha256"":""d5d5009b8cbe5cc2e4a75760a057bda2b29f656a41b157e28557aa47b0e34c4f"",""column"":25,""record_id"":""d5d5009b8cbe5cc2e4a75760a057bda2b29f656a41b157e28557aa47b0e34c4f:btw2017_kerg.csv:340:25""}]}]","{""decision_file"":""docs/political-data/germany_production_acceptance.json"",""reviewer"":""germany_source_review"",""reviewed_at"":""2026-10-02"",""scope"":""same_election_only_no_continuity""}"
"ct-de-0109","germany","el-de-bt-2017-09-24","party_list","DIE LINKE","DIE LINKE",,"requires_manual_review","false","[{""source_id"":""src-de-bwl-final-archive"",""source_url"":""https://www.bundeswahlleiterin.de/dam/jcr/ce2d2b6a-f211-4355-8eea-355c98cd4e47/btw_kerg.zip"",""source_record_id"":""d5d5009b8cbe5cc2e4a75760a057bda2b29f656a41b157e28557aa47b0e34c4f:btw2017_kerg.csv:340:29"",""retrieved_at"":""2026-10-01T23:21:39.584Z"",""raw_snapshot"":{""path"":""docs/political-data/raw/germany/2026-10-01T23-21-39-584Z_02e7077f9358c9ef/final-results.zip"",""sha256"":""02e7077f9358c9ef408741ee5d17123a43c28ea766b26a7ab338c08fcaeb7512""},""parser_version"":""germany-production-v1"",""parser_sha256"":""2a8eb3487f392ef83303e7fb9ff246e4c111a7e64a469a6aa9eb21461ae9b1a0"",""fields_covered"":[""second_votes"",""registered_label_native""],""published_or_derived"":""published"",""source_member"":""btw2017_kerg.csv"",""source_member_sha256"":""d5d5009b8cbe5cc2e4a75760a057bda2b29f656a41b157e28557aa47b0e34c4f"",""source_column"":29},{""source_id"":""src-de-bwl-recognition-2017"",""source_url"":""https://www.bundeswahlleiterin.de/info/presse/mitteilungen/bundestagswahl-2017/05_17_parteien_teilnahme.html"",""source_record_id"":""src-de-bwl-recognition-2017:list:1:item:3"",""retrieved_at"":""2026-10-02T09:41:42.668Z"",""raw_snapshot"":{""path"":""docs/political-data/raw/germany/recognition_2017/recognition.html"",""sha256"":""02e581f2b7aaf8915d477809cc72b3baa916de5535ed806b819e1a5855bb450c""},""parser_version"":""germany-production-v1"",""parser_sha256"":""2a8eb3487f392ef83303e7fb9ff246e4c111a7e64a469a6aa9eb21461ae9b1a0"",""fields_covered"":[""contestant_kind"",""lead_party_id"",""membership""],""published_or_derived"":""published"",""decision_basis"":""manual review of official same-election recognition/participation and result column"",""evidence_note"":""Official same-election recognition declaration; list ordering is not a durable identifier""},{""source_id"":""src-de-bwl-final-archive"",""source_url"":""https://www.bundeswahlleiterin.de/dam/jcr/ce2d2b6a-f211-4355-8eea-355c98cd4e47/btw_kerg.zip"",""source_record_id"":""d5d5009b8cbe5cc2e4a75760a057bda2b29f656a41b157e28557aa47b0e34c4f:btw2017_kerg.csv:340:29"",""retrieved_at"":""2026-10-01T23:21:39.584Z"",""raw_snapshot"":{""path"":""docs/political-data/raw/germany/2026-10-01T23-21-39-584Z_02e7077f9358c9ef/final-results.zip"",""sha256"":""02e7077f9358c9ef408741ee5d17123a43c28ea766b26a7ab338c08fcaeb7512""},""parser_version"":""germany-production-v1"",""parser_sha256"":""2a8eb3487f392ef83303e7fb9ff246e4c111a7e64a469a6aa9eb21461ae9b1a0"",""fields_covered"":[""historical_display_label""],""published_or_derived"":""published"",""label_basis"":""verbatim_election_specific_source"",""label_evidence"":[{""member"":""btw2017_kerg.csv"",""sha256"":""d5d5009b8cbe5cc2e4a75760a057bda2b29f656a41b157e28557aa47b0e34c4f"",""column"":29,""record_id"":""d5d5009b8cbe5cc2e4a75760a057bda2b29f656a41b157e28557aa47b0e34c4f:btw2017_kerg.csv:340:29""}]}]","{""decision_file"":""docs/political-data/germany_production_acceptance.json"",""reviewer"":""germany_source_review"",""reviewed_at"":""2026-10-02"",""scope"":""same_election_only_no_continuity""}"
"ct-de-0110","germany","el-de-bt-2017-09-24","party_list","BÜNDNIS 90/DIE GRÜNEN","BÜNDNIS 90/DIE GRÜNEN",,"requires_manual_review","false","[{""source_id"":""src-de-bwl-final-archive"",""source_url"":""https://www.bundeswahlleiterin.de/dam/jcr/ce2d2b6a-f211-4355-8eea-355c98cd4e47/btw_kerg.zip"",""source_record_id"":""d5d5009b8cbe5cc2e4a75760a057bda2b29f656a41b157e28557aa47b0e34c4f:btw2017_kerg.csv:340:33"",""retrieved_at"":""2026-10-01T23:21:39.584Z"",""raw_snapshot"":{""path"":""docs/political-data/raw/germany/2026-10-01T23-21-39-584Z_02e7077f9358c9ef/final-results.zip"",""sha256"":""02e7077f9358c9ef408741ee5d17123a43c28ea766b26a7ab338c08fcaeb7512""},""parser_version"":""germany-production-v1"",""parser_sha256"":""2a8eb3487f392ef83303e7fb9ff246e4c111a7e64a469a6aa9eb21461ae9b1a0"",""fields_covered"":[""second_votes"",""registered_label_native""],""published_or_derived"":""published"",""source_member"":""btw2017_kerg.csv"",""source_member_sha256"":""d5d5009b8cbe5cc2e4a75760a057bda2b29f656a41b157e28557aa47b0e34c4f"",""source_column"":33},{""source_id"":""src-de-bwl-recognition-2017"",""source_url"":""https://www.bundeswahlleiterin.de/info/presse/mitteilungen/bundestagswahl-2017/05_17_parteien_teilnahme.html"",""source_record_id"":""src-de-bwl-recognition-2017:list:1:item:4"",""retrieved_at"":""2026-10-02T09:41:42.668Z"",""raw_snapshot"":{""path"":""docs/political-data/raw/germany/recognition_2017/recognition.html"",""sha256"":""02e581f2b7aaf8915d477809cc72b3baa916de5535ed806b819e1a5855bb450c""},""parser_version"":""germany-production-v1"",""parser_sha256"":""2a8eb3487f392ef83303e7fb9ff246e4c111a7e64a469a6aa9eb21461ae9b1a0"",""fields_covered"":[""contestant_kind"",""lead_party_id"",""membership""],""published_or_derived"":""published"",""decision_basis"":""manual review of official same-election recognition/participation and result column"",""evidence_note"":""Official same-election recognition declaration; list ordering is not a durable identifier""},{""source_id"":""src-de-bwl-final-archive"",""source_url"":""https://www.bundeswahlleiterin.de/dam/jcr/ce2d2b6a-f211-4355-8eea-355c98cd4e47/btw_kerg.zip"",""source_record_id"":""d5d5009b8cbe5cc2e4a75760a057bda2b29f656a41b157e28557aa47b0e34c4f:btw2017_kerg.csv:340:33"",""retrieved_at"":""2026-10-01T23:21:39.584Z"",""raw_snapshot"":{""path"":""docs/political-data/raw/germany/2026-10-01T23-21-39-584Z_02e7077f9358c9ef/final-results.zip"",""sha256"":""02e7077f9358c9ef408741ee5d17123a43c28ea766b26a7ab338c08fcaeb7512""},""parser_version"":""germany-production-v1"",""parser_sha256"":""2a8eb3487f392ef83303e7fb9ff246e4c111a7e64a469a6aa9eb21461ae9b1a0"",""fields_covered"":[""historical_display_label""],""published_or_derived"":""published"",""label_basis"":""verbatim_election_specific_source"",""label_evidence"":[{""member"":""btw2017_kerg.csv"",""sha256"":""d5d5009b8cbe5cc2e4a75760a057bda2b29f656a41b157e28557aa47b0e34c4f"",""column"":33,""record_id"":""d5d5009b8cbe5cc2e4a75760a057bda2b29f656a41b157e28557aa47b0e34c4f:btw2017_kerg.csv:340:33""}]}]","{""decision_file"":""docs/political-data/germany_production_acceptance.json"",""reviewer"":""germany_source_review"",""reviewed_at"":""2026-10-02"",""scope"":""same_election_only_no_continuity""}"
"ct-de-0111","germany","el-de-bt-2017-09-24","party_list","Christlich-Soziale Union in Bayern e.V.","Christlich-Soziale Union in Bayern e.V.",,"requires_manual_review","false","[{""source_id"":""src-de-bwl-final-archive"",""source_url"":""https://www.bundeswahlleiterin.de/dam/jcr/ce2d2b6a-f211-4355-8eea-355c98cd4e47/btw_kerg.zip"",""source_record_id"":""d5d5009b8cbe5cc2e4a75760a057bda2b29f656a41b157e28557aa47b0e34c4f:btw2017_kerg.csv:340:37"",""retrieved_at"":""2026-10-01T23:21:39.584Z"",""raw_snapshot"":{""path"":""docs/political-data/raw/germany/2026-10-01T23-21-39-584Z_02e7077f9358c9ef/final-results.zip"",""sha256"":""02e7077f9358c9ef408741ee5d17123a43c28ea766b26a7ab338c08fcaeb7512""},""parser_version"":""germany-production-v1"",""parser_sha256"":""2a8eb3487f392ef83303e7fb9ff246e4c111a7e64a469a6aa9eb21461ae9b1a0"",""fields_covered"":[""second_votes"",""registered_label_native""],""published_or_derived"":""published"",""source_member"":""btw2017_kerg.csv"",""source_member_sha256"":""d5d5009b8cbe5cc2e4a75760a057bda2b29f656a41b157e28557aa47b0e34c4f"",""source_column"":37},{""source_id"":""src-de-bwl-recognition-2017"",""source_url"":""https://www.bundeswahlleiterin.de/info/presse/mitteilungen/bundestagswahl-2017/05_17_parteien_teilnahme.html"",""source_record_id"":""src-de-bwl-recognition-2017:list:1:item:5"",""retrieved_at"":""2026-10-02T09:41:42.668Z"",""raw_snapshot"":{""path"":""docs/political-data/raw/germany/recognition_2017/recognition.html"",""sha256"":""02e581f2b7aaf8915d477809cc72b3baa916de5535ed806b819e1a5855bb450c""},""parser_version"":""germany-production-v1"",""parser_sha256"":""2a8eb3487f392ef83303e7fb9ff246e4c111a7e64a469a6aa9eb21461ae9b1a0"",""fields_covered"":[""contestant_kind"",""lead_party_id"",""membership""],""published_or_derived"":""published"",""decision_basis"":""manual review of official same-election recognition/participation and result column"",""evidence_note"":""Official same-election recognition declaration; list ordering is not a durable identifier""},{""source_id"":""src-de-bwl-final-archive"",""source_url"":""https://www.bundeswahlleiterin.de/dam/jcr/ce2d2b6a-f211-4355-8eea-355c98cd4e47/btw_kerg.zip"",""source_record_id"":""d5d5009b8cbe5cc2e4a75760a057bda2b29f656a41b157e28557aa47b0e34c4f:btw2017_kerg.csv:340:37"",""retrieved_at"":""2026-10-01T23:21:39.584Z"",""raw_snapshot"":{""path"":""docs/political-data/raw/germany/2026-10-01T23-21-39-584Z_02e7077f9358c9ef/final-results.zip"",""sha256"":""02e7077f9358c9ef408741ee5d17123a43c28ea766b26a7ab338c08fcaeb7512""},""parser_version"":""germany-production-v1"",""parser_sha256"":""2a8eb3487f392ef83303e7fb9ff246e4c111a7e64a469a6aa9eb21461ae9b1a0"",""fields_covered"":[""historical_display_label""],""published_or_derived"":""published"",""label_basis"":""verbatim_election_specific_source"",""label_evidence"":[{""member"":""btw2017_kerg.csv"",""sha256"":""d5d5009b8cbe5cc2e4a75760a057bda2b29f656a41b157e28557aa47b0e34c4f"",""column"":37,""record_id"":""d5d5009b8cbe5cc2e4a75760a057bda2b29f656a41b157e28557aa47b0e34c4f:btw2017_kerg.csv:340:37""}]}]","{""decision_file"":""docs/political-data/germany_production_acceptance.json"",""reviewer"":""germany_source_review"",""reviewed_at"":""2026-10-02"",""scope"":""same_election_only_no_continuity""}"
"ct-de-0112","germany","el-de-bt-2017-09-24","party_list","Freie Demokratische Partei","Freie Demokratische Partei",,"requires_manual_review","false","[{""source_id"":""src-de-bwl-final-archive"",""source_url"":""https://www.bundeswahlleiterin.de/dam/jcr/ce2d2b6a-f211-4355-8eea-355c98cd4e47/btw_kerg.zip"",""source_record_id"":""d5d5009b8cbe5cc2e4a75760a057bda2b29f656a41b157e28557aa47b0e34c4f:btw2017_kerg.csv:340:41"",""retrieved_at"":""2026-10-01T23:21:39.584Z"",""raw_snapshot"":{""path"":""docs/political-data/raw/germany/2026-10-01T23-21-39-584Z_02e7077f9358c9ef/final-results.zip"",""sha256"":""02e7077f9358c9ef408741ee5d17123a43c28ea766b26a7ab338c08fcaeb7512""},""parser_version"":""germany-production-v1"",""parser_sha256"":""2a8eb3487f392ef83303e7fb9ff246e4c111a7e64a469a6aa9eb21461ae9b1a0"",""fields_covered"":[""second_votes"",""registered_label_native""],""published_or_derived"":""published"",""source_member"":""btw2017_kerg.csv"",""source_member_sha256"":""d5d5009b8cbe5cc2e4a75760a057bda2b29f656a41b157e28557aa47b0e34c4f"",""source_column"":41},{""source_id"":""src-de-bwl-recognition-2017"",""source_url"":""https://www.bundeswahlleiterin.de/info/presse/mitteilungen/bundestagswahl-2017/05_17_parteien_teilnahme.html"",""source_record_id"":""src-de-bwl-recognition-2017:list:2:item:1"",""retrieved_at"":""2026-10-02T09:41:42.668Z"",""raw_snapshot"":{""path"":""docs/political-data/raw/germany/recognition_2017/recognition.html"",""sha256"":""02e581f2b7aaf8915d477809cc72b3baa916de5535ed806b819e1a5855bb450c""},""parser_version"":""germany-production-v1"",""parser_sha256"":""2a8eb3487f392ef83303e7fb9ff246e4c111a7e64a469a6aa9eb21461ae9b1a0"",""fields_covered"":[""contestant_kind"",""lead_party_id"",""membership""],""published_or_derived"":""published"",""decision_basis"":""manual review of official same-election recognition/participation and result column"",""evidence_note"":""Official same-election recognition declaration; list ordering is not a durable identifier""},{""source_id"":""src-de-bwl-final-archive"",""source_url"":""https://www.bundeswahlleiterin.de/dam/jcr/ce2d2b6a-f211-4355-8eea-355c98cd4e47/btw_kerg.zip"",""source_record_id"":""d5d5009b8cbe5cc2e4a75760a057bda2b29f656a41b157e28557aa47b0e34c4f:btw2017_kerg.csv:340:41"",""retrieved_at"":""2026-10-01T23:21:39.584Z"",""raw_snapshot"":{""path"":""docs/political-data/raw/germany/2026-10-01T23-21-39-584Z_02e7077f9358c9ef/final-results.zip"",""sha256"":""02e7077f9358c9ef408741ee5d17123a43c28ea766b26a7ab338c08fcaeb7512""},""parser_version"":""germany-production-v1"",""parser_sha256"":""2a8eb3487f392ef83303e7fb9ff246e4c111a7e64a469a6aa9eb21461ae9b1a0"",""fields_covered"":[""historical_display_label""],""published_or_derived"":""published"",""label_basis"":""verbatim_election_specific_source"",""label_evidence"":[{""member"":""btw2017_kerg.csv"",""sha256"":""d5d5009b8cbe5cc2e4a75760a057bda2b29f656a41b157e28557aa47b0e34c4f"",""column"":41,""record_id"":""d5d5009b8cbe5cc2e4a75760a057bda2b29f656a41b157e28557aa47b0e34c4f:btw2017_kerg.csv:340:41""}]}]","{""decision_file"":""docs/political-data/germany_production_acceptance.json"",""reviewer"":""germany_source_review"",""reviewed_at"":""2026-10-02"",""scope"":""same_election_only_no_continuity""}"
"ct-de-0113","germany","el-de-bt-2017-09-24","party_list","Alternative für Deutschland","Alternative für Deutschland",,"requires_manual_review","false","[{""source_id"":""src-de-bwl-final-archive"",""source_url"":""https://www.bundeswahlleiterin.de/dam/jcr/ce2d2b6a-f211-4355-8eea-355c98cd4e47/btw_kerg.zip"",""source_record_id"":""d5d5009b8cbe5cc2e4a75760a057bda2b29f656a41b157e28557aa47b0e34c4f:btw2017_kerg.csv:340:45"",""retrieved_at"":""2026-10-01T23:21:39.584Z"",""raw_snapshot"":{""path"":""docs/political-data/raw/germany/2026-10-01T23-21-39-584Z_02e7077f9358c9ef/final-results.zip"",""sha256"":""02e7077f9358c9ef408741ee5d17123a43c28ea766b26a7ab338c08fcaeb7512""},""parser_version"":""germany-production-v1"",""parser_sha256"":""2a8eb3487f392ef83303e7fb9ff246e4c111a7e64a469a6aa9eb21461ae9b1a0"",""fields_covered"":[""second_votes"",""registered_label_native""],""published_or_derived"":""published"",""source_member"":""btw2017_kerg.csv"",""source_member_sha256"":""d5d5009b8cbe5cc2e4a75760a057bda2b29f656a41b157e28557aa47b0e34c4f"",""source_column"":45},{""source_id"":""src-de-bwl-recognition-2017"",""source_url"":""https://www.bundeswahlleiterin.de/info/presse/mitteilungen/bundestagswahl-2017/05_17_parteien_teilnahme.html"",""source_record_id"":""src-de-bwl-recognition-2017:list:2:item:2"",""retrieved_at"":""2026-10-02T09:41:42.668Z"",""raw_snapshot"":{""path"":""docs/political-data/raw/germany/recognition_2017/recognition.html"",""sha256"":""02e581f2b7aaf8915d477809cc72b3baa916de5535ed806b819e1a5855bb450c""},""parser_version"":""germany-production-v1"",""parser_sha256"":""2a8eb3487f392ef83303e7fb9ff246e4c111a7e64a469a6aa9eb21461ae9b1a0"",""fields_covered"":[""contestant_kind"",""lead_party_id"",""membership""],""published_or_derived"":""published"",""decision_basis"":""manual review of official same-election recognition/participation and result column"",""evidence_note"":""Official same-election recognition declaration; list ordering is not a durable identifier""},{""source_id"":""src-de-bwl-final-archive"",""source_url"":""https://www.bundeswahlleiterin.de/dam/jcr/ce2d2b6a-f211-4355-8eea-355c98cd4e47/btw_kerg.zip"",""source_record_id"":""d5d5009b8cbe5cc2e4a75760a057bda2b29f656a41b157e28557aa47b0e34c4f:btw2017_kerg.csv:340:45"",""retrieved_at"":""2026-10-01T23:21:39.584Z"",""raw_snapshot"":{""path"":""docs/political-data/raw/germany/2026-10-01T23-21-39-584Z_02e7077f9358c9ef/final-results.zip"",""sha256"":""02e7077f9358c9ef408741ee5d17123a43c28ea766b26a7ab338c08fcaeb7512""},""parser_version"":""germany-production-v1"",""parser_sha256"":""2a8eb3487f392ef83303e7fb9ff246e4c111a7e64a469a6aa9eb21461ae9b1a0"",""fields_covered"":[""historical_display_label""],""published_or_derived"":""published"",""label_basis"":""verbatim_election_specific_source"",""label_evidence"":[{""member"":""btw2017_kerg.csv"",""sha256"":""d5d5009b8cbe5cc2e4a75760a057bda2b29f656a41b157e28557aa47b0e34c4f"",""column"":45,""record_id"":""d5d5009b8cbe5cc2e4a75760a057bda2b29f656a41b157e28557aa47b0e34c4f:btw2017_kerg.csv:340:45""}]}]","{""decision_file"":""docs/political-data/germany_production_acceptance.json"",""reviewer"":""germany_source_review"",""reviewed_at"":""2026-10-02"",""scope"":""same_election_only_no_continuity""}"
"ct-de-0114","germany","el-de-bt-2017-09-24","party_list","Piratenpartei Deutschland","Piratenpartei Deutschland",,"requires_manual_review","false","[{""source_id"":""src-de-bwl-final-archive"",""source_url"":""https://www.bundeswahlleiterin.de/dam/jcr/ce2d2b6a-f211-4355-8eea-355c98cd4e47/btw_kerg.zip"",""source_record_id"":""d5d5009b8cbe5cc2e4a75760a057bda2b29f656a41b157e28557aa47b0e34c4f:btw2017_kerg.csv:340:49"",""retrieved_at"":""2026-10-01T23:21:39.584Z"",""raw_snapshot"":{""path"":""docs/political-data/raw/germany/2026-10-01T23-21-39-584Z_02e7077f9358c9ef/final-results.zip"",""sha256"":""02e7077f9358c9ef408741ee5d17123a43c28ea766b26a7ab338c08fcaeb7512""},""parser_version"":""germany-production-v1"",""parser_sha256"":""2a8eb3487f392ef83303e7fb9ff246e4c111a7e64a469a6aa9eb21461ae9b1a0"",""fields_covered"":[""second_votes"",""registered_label_native""],""published_or_derived"":""published"",""source_member"":""btw2017_kerg.csv"",""source_member_sha256"":""d5d5009b8cbe5cc2e4a75760a057bda2b29f656a41b157e28557aa47b0e34c4f"",""source_column"":49},{""source_id"":""src-de-bwl-recognition-2017"",""source_url"":""https://www.bundeswahlleiterin.de/info/presse/mitteilungen/bundestagswahl-2017/05_17_parteien_teilnahme.html"",""source_record_id"":""src-de-bwl-recognition-2017:list:3:item:35"",""retrieved_at"":""2026-10-02T09:41:42.668Z"",""raw_snapshot"":{""path"":""docs/political-data/raw/germany/recognition_2017/recognition.html"",""sha256"":""02e581f2b7aaf8915d477809cc72b3baa916de5535ed806b819e1a5855bb450c""},""parser_version"":""germany-production-v1"",""parser_sha256"":""2a8eb3487f392ef83303e7fb9ff246e4c111a7e64a469a6aa9eb21461ae9b1a0"",""fields_covered"":[""contestant_kind"",""lead_party_id"",""membership""],""published_or_derived"":""published"",""decision_basis"":""manual review of official same-election recognition/participation and result column"",""evidence_note"":""Official same-election recognition declaration; list ordering is not a durable identifier""},{""source_id"":""src-de-bwl-final-archive"",""source_url"":""https://www.bundeswahlleiterin.de/dam/jcr/ce2d2b6a-f211-4355-8eea-355c98cd4e47/btw_kerg.zip"",""source_record_id"":""d5d5009b8cbe5cc2e4a75760a057bda2b29f656a41b157e28557aa47b0e34c4f:btw2017_kerg.csv:340:49"",""retrieved_at"":""2026-10-01T23:21:39.584Z"",""raw_snapshot"":{""path"":""docs/political-data/raw/germany/2026-10-01T23-21-39-584Z_02e7077f9358c9ef/final-results.zip"",""sha256"":""02e7077f9358c9ef408741ee5d17123a43c28ea766b26a7ab338c08fcaeb7512""},""parser_version"":""germany-production-v1"",""parser_sha256"":""2a8eb3487f392ef83303e7fb9ff246e4c111a7e64a469a6aa9eb21461ae9b1a0"",""fields_covered"":[""historical_display_label""],""published_or_derived"":""published"",""label_basis"":""verbatim_election_specific_source"",""label_evidence"":[{""member"":""btw2017_kerg.csv"",""sha256"":""d5d5009b8cbe5cc2e4a75760a057bda2b29f656a41b157e28557aa47b0e34c4f"",""column"":49,""record_id"":""d5d5009b8cbe5cc2e4a75760a057bda2b29f656a41b157e28557aa47b0e34c4f:btw2017_kerg.csv:340:49""}]}]","{""decision_file"":""docs/political-data/germany_production_acceptance.json"",""reviewer"":""germany_source_review"",""reviewed_at"":""2026-10-02"",""scope"":""same_election_only_no_continuity""}"
"ct-de-0115","germany","el-de-bt-2017-09-24","party_list","Nationaldemokratische Partei Deutschlands","Nationaldemokratische Partei Deutschlands",,"requires_manual_review","false","[{""source_id"":""src-de-bwl-final-archive"",""source_url"":""https://www.bundeswahlleiterin.de/dam/jcr/ce2d2b6a-f211-4355-8eea-355c98cd4e47/btw_kerg.zip"",""source_record_id"":""d5d5009b8cbe5cc2e4a75760a057bda2b29f656a41b157e28557aa47b0e34c4f:btw2017_kerg.csv:340:53"",""retrieved_at"":""2026-10-01T23:21:39.584Z"",""raw_snapshot"":{""path"":""docs/political-data/raw/germany/2026-10-01T23-21-39-584Z_02e7077f9358c9ef/final-results.zip"",""sha256"":""02e7077f9358c9ef408741ee5d17123a43c28ea766b26a7ab338c08fcaeb7512""},""parser_version"":""germany-production-v1"",""parser_sha256"":""2a8eb3487f392ef83303e7fb9ff246e4c111a7e64a469a6aa9eb21461ae9b1a0"",""fields_covered"":[""second_votes"",""registered_label_native""],""published_or_derived"":""published"",""source_member"":""btw2017_kerg.csv"",""source_member_sha256"":""d5d5009b8cbe5cc2e4a75760a057bda2b29f656a41b157e28557aa47b0e34c4f"",""source_column"":53},{""source_id"":""src-de-bwl-recognition-2017"",""source_url"":""https://www.bundeswahlleiterin.de/info/presse/mitteilungen/bundestagswahl-2017/05_17_parteien_teilnahme.html"",""source_record_id"":""src-de-bwl-recognition-2017:list:3:item:24"",""retrieved_at"":""2026-10-02T09:41:42.668Z"",""raw_snapshot"":{""path"":""docs/political-data/raw/germany/recognition_2017/recognition.html"",""sha256"":""02e581f2b7aaf8915d477809cc72b3baa916de5535ed806b819e1a5855bb450c""},""parser_version"":""germany-production-v1"",""parser_sha256"":""2a8eb3487f392ef83303e7fb9ff246e4c111a7e64a469a6aa9eb21461ae9b1a0"",""fields_covered"":[""contestant_kind"",""lead_party_id"",""membership""],""published_or_derived"":""published"",""decision_basis"":""manual review of official same-election recognition/participation and result column"",""evidence_note"":""Official same-election recognition declaration; list ordering is not a durable identifier""},{""source_id"":""src-de-bwl-final-archive"",""source_url"":""https://www.bundeswahlleiterin.de/dam/jcr/ce2d2b6a-f211-4355-8eea-355c98cd4e47/btw_kerg.zip"",""source_record_id"":""d5d5009b8cbe5cc2e4a75760a057bda2b29f656a41b157e28557aa47b0e34c4f:btw2017_kerg.csv:340:53"",""retrieved_at"":""2026-10-01T23:21:39.584Z"",""raw_snapshot"":{""path"":""docs/political-data/raw/germany/2026-10-01T23-21-39-584Z_02e7077f9358c9ef/final-results.zip"",""sha256"":""02e7077f9358c9ef408741ee5d17123a43c28ea766b26a7ab338c08fcaeb7512""},""parser_version"":""germany-production-v1"",""parser_sha256"":""2a8eb3487f392ef83303e7fb9ff246e4c111a7e64a469a6aa9eb21461ae9b1a0"",""fields_covered"":[""historical_display_label""],""published_or_derived"":""published"",""label_basis"":""verbatim_election_specific_source"",""label_evidence"":[{""member"":""btw2017_kerg.csv"",""sha256"":""d5d5009b8cbe5cc2e4a75760a057bda2b29f656a41b157e28557aa47b0e34c4f"",""column"":53,""record_id"":""d5d5009b8cbe5cc2e4a75760a057bda2b29f656a41b157e28557aa47b0e34c4f:btw2017_kerg.csv:340:53""}]}]","{""decision_file"":""docs/political-data/germany_production_acceptance.json"",""reviewer"":""germany_source_review"",""reviewed_at"":""2026-10-02"",""scope"":""same_election_only_no_continuity""}"
"ct-de-0116","germany","el-de-bt-2017-09-24","party_list","FREIE WÄHLER","FREIE WÄHLER",,"requires_manual_review","false","[{""source_id"":""src-de-bwl-final-archive"",""source_url"":""https://www.bundeswahlleiterin.de/dam/jcr/ce2d2b6a-f211-4355-8eea-355c98cd4e47/btw_kerg.zip"",""source_record_id"":""d5d5009b8cbe5cc2e4a75760a057bda2b29f656a41b157e28557aa47b0e34c4f:btw2017_kerg.csv:340:57"",""retrieved_at"":""2026-10-01T23:21:39.584Z"",""raw_snapshot"":{""path"":""docs/political-data/raw/germany/2026-10-01T23-21-39-584Z_02e7077f9358c9ef/final-results.zip"",""sha256"":""02e7077f9358c9ef408741ee5d17123a43c28ea766b26a7ab338c08fcaeb7512""},""parser_version"":""germany-production-v1"",""parser_sha256"":""2a8eb3487f392ef83303e7fb9ff246e4c111a7e64a469a6aa9eb21461ae9b1a0"",""fields_covered"":[""second_votes"",""registered_label_native""],""published_or_derived"":""published"",""source_member"":""btw2017_kerg.csv"",""source_member_sha256"":""d5d5009b8cbe5cc2e4a75760a057bda2b29f656a41b157e28557aa47b0e34c4f"",""source_column"":57},{""source_id"":""src-de-bwl-recognition-2017"",""source_url"":""https://www.bundeswahlleiterin.de/info/presse/mitteilungen/bundestagswahl-2017/05_17_parteien_teilnahme.html"",""source_record_id"":""src-de-bwl-recognition-2017:list:2:item:3"",""retrieved_at"":""2026-10-02T09:41:42.668Z"",""raw_snapshot"":{""path"":""docs/political-data/raw/germany/recognition_2017/recognition.html"",""sha256"":""02e581f2b7aaf8915d477809cc72b3baa916de5535ed806b819e1a5855bb450c""},""parser_version"":""germany-production-v1"",""parser_sha256"":""2a8eb3487f392ef83303e7fb9ff246e4c111a7e64a469a6aa9eb21461ae9b1a0"",""fields_covered"":[""contestant_kind"",""lead_party_id"",""membership""],""published_or_derived"":""published"",""decision_basis"":""manual review of official same-election recognition/participation and result column"",""evidence_note"":""Official same-election recognition declaration; list ordering is not a durable identifier""},{""source_id"":""src-de-bwl-final-archive"",""source_url"":""https://www.bundeswahlleiterin.de/dam/jcr/ce2d2b6a-f211-4355-8eea-355c98cd4e47/btw_kerg.zip"",""source_record_id"":""d5d5009b8cbe5cc2e4a75760a057bda2b29f656a41b157e28557aa47b0e34c4f:btw2017_kerg.csv:340:57"",""retrieved_at"":""2026-10-01T23:21:39.584Z"",""raw_snapshot"":{""path"":""docs/political-data/raw/germany/2026-10-01T23-21-39-584Z_02e7077f9358c9ef/final-results.zip"",""sha256"":""02e7077f9358c9ef408741ee5d17123a43c28ea766b26a7ab338c08fcaeb7512""},""parser_version"":""germany-production-v1"",""parser_sha256"":""2a8eb3487f392ef83303e7fb9ff246e4c111a7e64a469a6aa9eb21461ae9b1a0"",""fields_covered"":[""historical_display_label""],""published_or_derived"":""published"",""label_basis"":""verbatim_election_specific_source"",""label_evidence"":[{""member"":""btw2017_kerg.csv"",""sha256"":""d5d5009b8cbe5cc2e4a75760a057bda2b29f656a41b157e28557aa47b0e34c4f"",""column"":57,""record_id"":""d5d5009b8cbe5cc2e4a75760a057bda2b29f656a41b157e28557aa47b0e34c4f:btw2017_kerg.csv:340:57""}]}]","{""decision_file"":""docs/political-data/germany_production_acceptance.json"",""reviewer"":""germany_source_review"",""reviewed_at"":""2026-10-02"",""scope"":""same_election_only_no_continuity""}"
"ct-de-0117","germany","el-de-bt-2017-09-24","party_list","PARTEI MENSCH UMWELT TIERSCHUTZ","PARTEI MENSCH UMWELT TIERSCHUTZ",,"requires_manual_review","false","[{""source_id"":""src-de-bwl-final-archive"",""source_url"":""https://www.bundeswahlleiterin.de/dam/jcr/ce2d2b6a-f211-4355-8eea-355c98cd4e47/btw_kerg.zip"",""source_record_id"":""d5d5009b8cbe5cc2e4a75760a057bda2b29f656a41b157e28557aa47b0e34c4f:btw2017_kerg.csv:340:61"",""retrieved_at"":""2026-10-01T23:21:39.584Z"",""raw_snapshot"":{""path"":""docs/political-data/raw/germany/2026-10-01T23-21-39-584Z_02e7077f9358c9ef/final-results.zip"",""sha256"":""02e7077f9358c9ef408741ee5d17123a43c28ea766b26a7ab338c08fcaeb7512""},""parser_version"":""germany-production-v1"",""parser_sha256"":""2a8eb3487f392ef83303e7fb9ff246e4c111a7e64a469a6aa9eb21461ae9b1a0"",""fields_covered"":[""second_votes"",""registered_label_native""],""published_or_derived"":""published"",""source_member"":""btw2017_kerg.csv"",""source_member_sha256"":""d5d5009b8cbe5cc2e4a75760a057bda2b29f656a41b157e28557aa47b0e34c4f"",""source_column"":61},{""source_id"":""src-de-bwl-recognition-2017"",""source_url"":""https://www.bundeswahlleiterin.de/info/presse/mitteilungen/bundestagswahl-2017/05_17_parteien_teilnahme.html"",""source_record_id"":""src-de-bwl-recognition-2017:list:3:item:11"",""retrieved_at"":""2026-10-02T09:41:42.668Z"",""raw_snapshot"":{""path"":""docs/political-data/raw/germany/recognition_2017/recognition.html"",""sha256"":""02e581f2b7aaf8915d477809cc72b3baa916de5535ed806b819e1a5855bb450c""},""parser_version"":""germany-production-v1"",""parser_sha256"":""2a8eb3487f392ef83303e7fb9ff246e4c111a7e64a469a6aa9eb21461ae9b1a0"",""fields_covered"":[""contestant_kind"",""lead_party_id"",""membership""],""published_or_derived"":""published"",""decision_basis"":""manual review of official same-election recognition/participation and result column"",""evidence_note"":""Official same-election recognition declaration; list ordering is not a durable identifier""},{""source_id"":""src-de-bwl-final-archive"",""source_url"":""https://www.bundeswahlleiterin.de/dam/jcr/ce2d2b6a-f211-4355-8eea-355c98cd4e47/btw_kerg.zip"",""source_record_id"":""d5d5009b8cbe5cc2e4a75760a057bda2b29f656a41b157e28557aa47b0e34c4f:btw2017_kerg.csv:340:61"",""retrieved_at"":""2026-10-01T23:21:39.584Z"",""raw_snapshot"":{""path"":""docs/political-data/raw/germany/2026-10-01T23-21-39-584Z_02e7077f9358c9ef/final-results.zip"",""sha256"":""02e7077f9358c9ef408741ee5d17123a43c28ea766b26a7ab338c08fcaeb7512""},""parser_version"":""germany-production-v1"",""parser_sha256"":""2a8eb3487f392ef83303e7fb9ff246e4c111a7e64a469a6aa9eb21461ae9b1a0"",""fields_covered"":[""historical_display_label""],""published_or_derived"":""published"",""label_basis"":""verbatim_election_specific_source"",""label_evidence"":[{""member"":""btw2017_kerg.csv"",""sha256"":""d5d5009b8cbe5cc2e4a75760a057bda2b29f656a41b157e28557aa47b0e34c4f"",""column"":61,""record_id"":""d5d5009b8cbe5cc2e4a75760a057bda2b29f656a41b157e28557aa47b0e34c4f:btw2017_kerg.csv:340:61""}]}]","{""decision_file"":""docs/political-data/germany_production_acceptance.json"",""reviewer"":""germany_source_review"",""reviewed_at"":""2026-10-02"",""scope"":""same_election_only_no_continuity""}"
"ct-de-0118","germany","el-de-bt-2017-09-24","party_list","Ökologisch-Demokratische Partei","Ökologisch-Demokratische Partei",,"requires_manual_review","false","[{""source_id"":""src-de-bwl-final-archive"",""source_url"":""https://www.bundeswahlleiterin.de/dam/jcr/ce2d2b6a-f211-4355-8eea-355c98cd4e47/btw_kerg.zip"",""source_record_id"":""d5d5009b8cbe5cc2e4a75760a057bda2b29f656a41b157e28557aa47b0e34c4f:btw2017_kerg.csv:340:65"",""retrieved_at"":""2026-10-01T23:21:39.584Z"",""raw_snapshot"":{""path"":""docs/political-data/raw/germany/2026-10-01T23-21-39-584Z_02e7077f9358c9ef/final-results.zip"",""sha256"":""02e7077f9358c9ef408741ee5d17123a43c28ea766b26a7ab338c08fcaeb7512""},""parser_version"":""germany-production-v1"",""parser_sha256"":""2a8eb3487f392ef83303e7fb9ff246e4c111a7e64a469a6aa9eb21461ae9b1a0"",""fields_covered"":[""second_votes"",""registered_label_native""],""published_or_derived"":""published"",""source_member"":""btw2017_kerg.csv"",""source_member_sha256"":""d5d5009b8cbe5cc2e4a75760a057bda2b29f656a41b157e28557aa47b0e34c4f"",""source_column"":65},{""source_id"":""src-de-bwl-recognition-2017"",""source_url"":""https://www.bundeswahlleiterin.de/info/presse/mitteilungen/bundestagswahl-2017/05_17_parteien_teilnahme.html"",""source_record_id"":""src-de-bwl-recognition-2017:list:3:item:17"",""retrieved_at"":""2026-10-02T09:41:42.668Z"",""raw_snapshot"":{""path"":""docs/political-data/raw/germany/recognition_2017/recognition.html"",""sha256"":""02e581f2b7aaf8915d477809cc72b3baa916de5535ed806b819e1a5855bb450c""},""parser_version"":""germany-production-v1"",""parser_sha256"":""2a8eb3487f392ef83303e7fb9ff246e4c111a7e64a469a6aa9eb21461ae9b1a0"",""fields_covered"":[""contestant_kind"",""lead_party_id"",""membership""],""published_or_derived"":""published"",""decision_basis"":""manual review of official same-election recognition/participation and result column"",""evidence_note"":""Official same-election recognition declaration; list ordering is not a durable identifier""},{""source_id"":""src-de-bwl-final-archive"",""source_url"":""https://www.bundeswahlleiterin.de/dam/jcr/ce2d2b6a-f211-4355-8eea-355c98cd4e47/btw_kerg.zip"",""source_record_id"":""d5d5009b8cbe5cc2e4a75760a057bda2b29f656a41b157e28557aa47b0e34c4f:btw2017_kerg.csv:340:65"",""retrieved_at"":""2026-10-01T23:21:39.584Z"",""raw_snapshot"":{""path"":""docs/political-data/raw/germany/2026-10-01T23-21-39-584Z_02e7077f9358c9ef/final-results.zip"",""sha256"":""02e7077f9358c9ef408741ee5d17123a43c28ea766b26a7ab338c08fcaeb7512""},""parser_version"":""germany-production-v1"",""parser_sha256"":""2a8eb3487f392ef83303e7fb9ff246e4c111a7e64a469a6aa9eb21461ae9b1a0"",""fields_covered"":[""historical_display_label""],""published_or_derived"":""published"",""label_basis"":""verbatim_election_specific_source"",""label_evidence"":[{""member"":""btw2017_kerg.csv"",""sha256"":""d5d5009b8cbe5cc2e4a75760a057bda2b29f656a41b157e28557aa47b0e34c4f"",""column"":65,""record_id"":""d5d5009b8cbe5cc2e4a75760a057bda2b29f656a41b157e28557aa47b0e34c4f:btw2017_kerg.csv:340:65""}]}]","{""decision_file"":""docs/political-data/germany_production_acceptance.json"",""reviewer"":""germany_source_review"",""reviewed_at"":""2026-10-02"",""scope"":""same_election_only_no_continuity""}"
"ct-de-0119","germany","el-de-bt-2017-09-24","party_list","Partei für Arbeit, Rechtsstaat, Tierschutz, Elitenförderung und basisdemokratische Initiative","Partei für Arbeit, Rechtsstaat, Tierschutz, Elitenförderung und basisdemokratische Initiative",,"requires_manual_review","false","[{""source_id"":""src-de-bwl-final-archive"",""source_url"":""https://www.bundeswahlleiterin.de/dam/jcr/ce2d2b6a-f211-4355-8eea-355c98cd4e47/btw_kerg.zip"",""source_record_id"":""d5d5009b8cbe5cc2e4a75760a057bda2b29f656a41b157e28557aa47b0e34c4f:btw2017_kerg.csv:340:69"",""retrieved_at"":""2026-10-01T23:21:39.584Z"",""raw_snapshot"":{""path"":""docs/political-data/raw/germany/2026-10-01T23-21-39-584Z_02e7077f9358c9ef/final-results.zip"",""sha256"":""02e7077f9358c9ef408741ee5d17123a43c28ea766b26a7ab338c08fcaeb7512""},""parser_version"":""germany-production-v1"",""parser_sha256"":""2a8eb3487f392ef83303e7fb9ff246e4c111a7e64a469a6aa9eb21461ae9b1a0"",""fields_covered"":[""second_votes"",""registered_label_native""],""published_or_derived"":""published"",""source_member"":""btw2017_kerg.csv"",""source_member_sha256"":""d5d5009b8cbe5cc2e4a75760a057bda2b29f656a41b157e28557aa47b0e34c4f"",""source_column"":69},{""source_id"":""src-de-bwl-recognition-2017"",""source_url"":""https://www.bundeswahlleiterin.de/info/presse/mitteilungen/bundestagswahl-2017/05_17_parteien_teilnahme.html"",""source_record_id"":""src-de-bwl-recognition-2017:list:3:item:12"",""retrieved_at"":""2026-10-02T09:41:42.668Z"",""raw_snapshot"":{""path"":""docs/political-data/raw/germany/recognition_2017/recognition.html"",""sha256"":""02e581f2b7aaf8915d477809cc72b3baa916de5535ed806b819e1a5855bb450c""},""parser_version"":""germany-production-v1"",""parser_sha256"":""2a8eb3487f392ef83303e7fb9ff246e4c111a7e64a469a6aa9eb21461ae9b1a0"",""fields_covered"":[""contestant_kind"",""lead_party_id"",""membership""],""published_or_derived"":""published"",""decision_basis"":""manual review of official same-election recognition/participation and result column"",""evidence_note"":""Official same-election recognition declaration; list ordering is not a durable identifier""},{""source_id"":""src-de-bwl-final-archive"",""source_url"":""https://www.bundeswahlleiterin.de/dam/jcr/ce2d2b6a-f211-4355-8eea-355c98cd4e47/btw_kerg.zip"",""source_record_id"":""d5d5009b8cbe5cc2e4a75760a057bda2b29f656a41b157e28557aa47b0e34c4f:btw2017_kerg.csv:340:69"",""retrieved_at"":""2026-10-01T23:21:39.584Z"",""raw_snapshot"":{""path"":""docs/political-data/raw/germany/2026-10-01T23-21-39-584Z_02e7077f9358c9ef/final-results.zip"",""sha256"":""02e7077f9358c9ef408741ee5d17123a43c28ea766b26a7ab338c08fcaeb7512""},""parser_version"":""germany-production-v1"",""parser_sha256"":""2a8eb3487f392ef83303e7fb9ff246e4c111a7e64a469a6aa9eb21461ae9b1a0"",""fields_covered"":[""historical_display_label""],""published_or_derived"":""published"",""label_basis"":""verbatim_election_specific_source"",""label_evidence"":[{""member"":""btw2017_kerg.csv"",""sha256"":""d5d5009b8cbe5cc2e4a75760a057bda2b29f656a41b157e28557aa47b0e34c4f"",""column"":69,""record_id"":""d5d5009b8cbe5cc2e4a75760a057bda2b29f656a41b157e28557aa47b0e34c4f:btw2017_kerg.csv:340:69""}]}]","{""decision_file"":""docs/political-data/germany_production_acceptance.json"",""reviewer"":""germany_source_review"",""reviewed_at"":""2026-10-02"",""scope"":""same_election_only_no_continuity""}"
"ct-de-0120","germany","el-de-bt-2017-09-24","party_list","Bayernpartei","Bayernpartei",,"requires_manual_review","false","[{""source_id"":""src-de-bwl-final-archive"",""source_url"":""https://www.bundeswahlleiterin.de/dam/jcr/ce2d2b6a-f211-4355-8eea-355c98cd4e47/btw_kerg.zip"",""source_record_id"":""d5d5009b8cbe5cc2e4a75760a057bda2b29f656a41b157e28557aa47b0e34c4f:btw2017_kerg.csv:340:73"",""retrieved_at"":""2026-10-01T23:21:39.584Z"",""raw_snapshot"":{""path"":""docs/political-data/raw/germany/2026-10-01T23-21-39-584Z_02e7077f9358c9ef/final-results.zip"",""sha256"":""02e7077f9358c9ef408741ee5d17123a43c28ea766b26a7ab338c08fcaeb7512""},""parser_version"":""germany-production-v1"",""parser_sha256"":""2a8eb3487f392ef83303e7fb9ff246e4c111a7e64a469a6aa9eb21461ae9b1a0"",""fields_covered"":[""second_votes"",""registered_label_native""],""published_or_derived"":""published"",""source_member"":""btw2017_kerg.csv"",""source_member_sha256"":""d5d5009b8cbe5cc2e4a75760a057bda2b29f656a41b157e28557aa47b0e34c4f"",""source_column"":73},{""source_id"":""src-de-bwl-recognition-2017"",""source_url"":""https://www.bundeswahlleiterin.de/info/presse/mitteilungen/bundestagswahl-2017/05_17_parteien_teilnahme.html"",""source_record_id"":""src-de-bwl-recognition-2017:list:3:item:14"",""retrieved_at"":""2026-10-02T09:41:42.668Z"",""raw_snapshot"":{""path"":""docs/political-data/raw/germany/recognition_2017/recognition.html"",""sha256"":""02e581f2b7aaf8915d477809cc72b3baa916de5535ed806b819e1a5855bb450c""},""parser_version"":""germany-production-v1"",""parser_sha256"":""2a8eb3487f392ef83303e7fb9ff246e4c111a7e64a469a6aa9eb21461ae9b1a0"",""fields_covered"":[""contestant_kind"",""lead_party_id"",""membership""],""published_or_derived"":""published"",""decision_basis"":""manual review of official same-election recognition/participation and result column"",""evidence_note"":""Official same-election recognition declaration; list ordering is not a durable identifier""},{""source_id"":""src-de-bwl-final-archive"",""source_url"":""https://www.bundeswahlleiterin.de/dam/jcr/ce2d2b6a-f211-4355-8eea-355c98cd4e47/btw_kerg.zip"",""source_record_id"":""d5d5009b8cbe5cc2e4a75760a057bda2b29f656a41b157e28557aa47b0e34c4f:btw2017_kerg.csv:340:73"",""retrieved_at"":""2026-10-01T23:21:39.584Z"",""raw_snapshot"":{""path"":""docs/political-data/raw/germany/2026-10-01T23-21-39-584Z_02e7077f9358c9ef/final-results.zip"",""sha256"":""02e7077f9358c9ef408741ee5d17123a43c28ea766b26a7ab338c08fcaeb7512""},""parser_version"":""germany-production-v1"",""parser_sha256"":""2a8eb3487f392ef83303e7fb9ff246e4c111a7e64a469a6aa9eb21461ae9b1a0"",""fields_covered"":[""historical_display_label""],""published_or_derived"":""published"",""label_basis"":""verbatim_election_specific_source"",""label_evidence"":[{""member"":""btw2017_kerg.csv"",""sha256"":""d5d5009b8cbe5cc2e4a75760a057bda2b29f656a41b157e28557aa47b0e34c4f"",""column"":73,""record_id"":""d5d5009b8cbe5cc2e4a75760a057bda2b29f656a41b157e28557aa47b0e34c4f:btw2017_kerg.csv:340:73""}]}]","{""decision_file"":""docs/political-data/germany_production_acceptance.json"",""reviewer"":""germany_source_review"",""reviewed_at"":""2026-10-02"",""scope"":""same_election_only_no_continuity""}"
"ct-de-0121","germany","el-de-bt-2017-09-24","party_list","Ab jetzt...Demokratie durch Volksabstimmung","Ab jetzt...Demokratie durch Volksabstimmung",,"requires_manual_review","false","[{""source_id"":""src-de-bwl-final-archive"",""source_url"":""https://www.bundeswahlleiterin.de/dam/jcr/ce2d2b6a-f211-4355-8eea-355c98cd4e47/btw_kerg.zip"",""source_record_id"":""d5d5009b8cbe5cc2e4a75760a057bda2b29f656a41b157e28557aa47b0e34c4f:btw2017_kerg.csv:340:77"",""retrieved_at"":""2026-10-01T23:21:39.584Z"",""raw_snapshot"":{""path"":""docs/political-data/raw/germany/2026-10-01T23-21-39-584Z_02e7077f9358c9ef/final-results.zip"",""sha256"":""02e7077f9358c9ef408741ee5d17123a43c28ea766b26a7ab338c08fcaeb7512""},""parser_version"":""germany-production-v1"",""parser_sha256"":""2a8eb3487f392ef83303e7fb9ff246e4c111a7e64a469a6aa9eb21461ae9b1a0"",""fields_covered"":[""second_votes"",""registered_label_native""],""published_or_derived"":""published"",""source_member"":""btw2017_kerg.csv"",""source_member_sha256"":""d5d5009b8cbe5cc2e4a75760a057bda2b29f656a41b157e28557aa47b0e34c4f"",""source_column"":77},{""source_id"":""src-de-bwl-participation-2017"",""source_url"":""https://www.bundeswahlleiterin.de/bundestagswahlen/2017/wahlbewerber.html"",""source_record_id"":""src-de-bwl-participation-2017:table:1:row:16"",""retrieved_at"":""2026-10-02T09:49:45.850Z"",""raw_snapshot"":{""path"":""docs/political-data/raw/germany/identity_participation-2017/source.html"",""sha256"":""921e62b053178a9f32bfd87e48255d52b71809a686611cae1e97810a5114fa04""},""parser_version"":""germany-production-v1"",""parser_sha256"":""2a8eb3487f392ef83303e7fb9ff246e4c111a7e64a469a6aa9eb21461ae9b1a0"",""fields_covered"":[""contestant_kind"",""lead_party_id"",""membership""],""published_or_derived"":""published"",""decision_basis"":""manual review of official same-election recognition/participation and result column"",""evidence_note"":""Same-election actual-participation page: official full name and separately published additional name""},{""source_id"":""src-de-bwl-final-archive"",""source_url"":""https://www.bundeswahlleiterin.de/dam/jcr/ce2d2b6a-f211-4355-8eea-355c98cd4e47/btw_kerg.zip"",""source_record_id"":""d5d5009b8cbe5cc2e4a75760a057bda2b29f656a41b157e28557aa47b0e34c4f:btw2017_kerg.csv:340:77"",""retrieved_at"":""2026-10-01T23:21:39.584Z"",""raw_snapshot"":{""path"":""docs/political-data/raw/germany/2026-10-01T23-21-39-584Z_02e7077f9358c9ef/final-results.zip"",""sha256"":""02e7077f9358c9ef408741ee5d17123a43c28ea766b26a7ab338c08fcaeb7512""},""parser_version"":""germany-production-v1"",""parser_sha256"":""2a8eb3487f392ef83303e7fb9ff246e4c111a7e64a469a6aa9eb21461ae9b1a0"",""fields_covered"":[""historical_display_label""],""published_or_derived"":""published"",""label_basis"":""verbatim_election_specific_source"",""label_evidence"":[{""member"":""btw2017_kerg.csv"",""sha256"":""d5d5009b8cbe5cc2e4a75760a057bda2b29f656a41b157e28557aa47b0e34c4f"",""column"":77,""record_id"":""d5d5009b8cbe5cc2e4a75760a057bda2b29f656a41b157e28557aa47b0e34c4f:btw2017_kerg.csv:340:77""}]}]","{""decision_file"":""docs/political-data/germany_production_acceptance.json"",""reviewer"":""germany_source_review"",""reviewed_at"":""2026-10-02"",""scope"":""same_election_only_no_continuity""}"
"ct-de-0122","germany","el-de-bt-2017-09-24","party_list","Partei der Vernunft","Partei der Vernunft",,"requires_manual_review","false","[{""source_id"":""src-de-bwl-final-archive"",""source_url"":""https://www.bundeswahlleiterin.de/dam/jcr/ce2d2b6a-f211-4355-8eea-355c98cd4e47/btw_kerg.zip"",""source_record_id"":""d5d5009b8cbe5cc2e4a75760a057bda2b29f656a41b157e28557aa47b0e34c4f:btw2017_kerg.csv:340:81"",""retrieved_at"":""2026-10-01T23:21:39.584Z"",""raw_snapshot"":{""path"":""docs/political-data/raw/germany/2026-10-01T23-21-39-584Z_02e7077f9358c9ef/final-results.zip"",""sha256"":""02e7077f9358c9ef408741ee5d17123a43c28ea766b26a7ab338c08fcaeb7512""},""parser_version"":""germany-production-v1"",""parser_sha256"":""2a8eb3487f392ef83303e7fb9ff246e4c111a7e64a469a6aa9eb21461ae9b1a0"",""fields_covered"":[""second_votes"",""registered_label_native""],""published_or_derived"":""published"",""source_member"":""btw2017_kerg.csv"",""source_member_sha256"":""d5d5009b8cbe5cc2e4a75760a057bda2b29f656a41b157e28557aa47b0e34c4f"",""source_column"":81},{""source_id"":""src-de-bwl-recognition-2017"",""source_url"":""https://www.bundeswahlleiterin.de/info/presse/mitteilungen/bundestagswahl-2017/05_17_parteien_teilnahme.html"",""source_record_id"":""src-de-bwl-recognition-2017:list:3:item:37"",""retrieved_at"":""2026-10-02T09:41:42.668Z"",""raw_snapshot"":{""path"":""docs/political-data/raw/germany/recognition_2017/recognition.html"",""sha256"":""02e581f2b7aaf8915d477809cc72b3baa916de5535ed806b819e1a5855bb450c""},""parser_version"":""germany-production-v1"",""parser_sha256"":""2a8eb3487f392ef83303e7fb9ff246e4c111a7e64a469a6aa9eb21461ae9b1a0"",""fields_covered"":[""contestant_kind"",""lead_party_id"",""membership""],""published_or_derived"":""published"",""decision_basis"":""manual review of official same-election recognition/participation and result column"",""evidence_note"":""Official same-election recognition declaration; list ordering is not a durable identifier""},{""source_id"":""src-de-bwl-final-archive"",""source_url"":""https://www.bundeswahlleiterin.de/dam/jcr/ce2d2b6a-f211-4355-8eea-355c98cd4e47/btw_kerg.zip"",""source_record_id"":""d5d5009b8cbe5cc2e4a75760a057bda2b29f656a41b157e28557aa47b0e34c4f:btw2017_kerg.csv:340:81"",""retrieved_at"":""2026-10-01T23:21:39.584Z"",""raw_snapshot"":{""path"":""docs/political-data/raw/germany/2026-10-01T23-21-39-584Z_02e7077f9358c9ef/final-results.zip"",""sha256"":""02e7077f9358c9ef408741ee5d17123a43c28ea766b26a7ab338c08fcaeb7512""},""parser_version"":""germany-production-v1"",""parser_sha256"":""2a8eb3487f392ef83303e7fb9ff246e4c111a7e64a469a6aa9eb21461ae9b1a0"",""fields_covered"":[""historical_display_label""],""published_or_derived"":""published"",""label_basis"":""verbatim_election_specific_source"",""label_evidence"":[{""member"":""btw2017_kerg.csv"",""sha256"":""d5d5009b8cbe5cc2e4a75760a057bda2b29f656a41b157e28557aa47b0e34c4f"",""column"":81,""record_id"":""d5d5009b8cbe5cc2e4a75760a057bda2b29f656a41b157e28557aa47b0e34c4f:btw2017_kerg.csv:340:81""}]}]","{""decision_file"":""docs/political-data/germany_production_acceptance.json"",""reviewer"":""germany_source_review"",""reviewed_at"":""2026-10-02"",""scope"":""same_election_only_no_continuity""}"
"ct-de-0123","germany","el-de-bt-2017-09-24","party_list","Marxistisch-Leninistische Partei Deutschlands","Marxistisch-Leninistische Partei Deutschlands",,"requires_manual_review","false","[{""source_id"":""src-de-bwl-final-archive"",""source_url"":""https://www.bundeswahlleiterin.de/dam/jcr/ce2d2b6a-f211-4355-8eea-355c98cd4e47/btw_kerg.zip"",""source_record_id"":""d5d5009b8cbe5cc2e4a75760a057bda2b29f656a41b157e28557aa47b0e34c4f:btw2017_kerg.csv:340:85"",""retrieved_at"":""2026-10-01T23:21:39.584Z"",""raw_snapshot"":{""path"":""docs/political-data/raw/germany/2026-10-01T23-21-39-584Z_02e7077f9358c9ef/final-results.zip"",""sha256"":""02e7077f9358c9ef408741ee5d17123a43c28ea766b26a7ab338c08fcaeb7512""},""parser_version"":""germany-production-v1"",""parser_sha256"":""2a8eb3487f392ef83303e7fb9ff246e4c111a7e64a469a6aa9eb21461ae9b1a0"",""fields_covered"":[""second_votes"",""registered_label_native""],""published_or_derived"":""published"",""source_member"":""btw2017_kerg.csv"",""source_member_sha256"":""d5d5009b8cbe5cc2e4a75760a057bda2b29f656a41b157e28557aa47b0e34c4f"",""source_column"":85},{""source_id"":""src-de-bwl-recognition-2017"",""source_url"":""https://www.bundeswahlleiterin.de/info/presse/mitteilungen/bundestagswahl-2017/05_17_parteien_teilnahme.html"",""source_record_id"":""src-de-bwl-recognition-2017:list:3:item:5"",""retrieved_at"":""2026-10-02T09:41:42.668Z"",""raw_snapshot"":{""path"":""docs/political-data/raw/germany/recognition_2017/recognition.html"",""sha256"":""02e581f2b7aaf8915d477809cc72b3baa916de5535ed806b819e1a5855bb450c""},""parser_version"":""germany-production-v1"",""parser_sha256"":""2a8eb3487f392ef83303e7fb9ff246e4c111a7e64a469a6aa9eb21461ae9b1a0"",""fields_covered"":[""contestant_kind"",""lead_party_id"",""membership""],""published_or_derived"":""published"",""decision_basis"":""manual review of official same-election recognition/participation and result column"",""evidence_note"":""Official same-election recognition declaration; list ordering is not a durable identifier""},{""source_id"":""src-de-bwl-final-archive"",""source_url"":""https://www.bundeswahlleiterin.de/dam/jcr/ce2d2b6a-f211-4355-8eea-355c98cd4e47/btw_kerg.zip"",""source_record_id"":""d5d5009b8cbe5cc2e4a75760a057bda2b29f656a41b157e28557aa47b0e34c4f:btw2017_kerg.csv:340:85"",""retrieved_at"":""2026-10-01T23:21:39.584Z"",""raw_snapshot"":{""path"":""docs/political-data/raw/germany/2026-10-01T23-21-39-584Z_02e7077f9358c9ef/final-results.zip"",""sha256"":""02e7077f9358c9ef408741ee5d17123a43c28ea766b26a7ab338c08fcaeb7512""},""parser_version"":""germany-production-v1"",""parser_sha256"":""2a8eb3487f392ef83303e7fb9ff246e4c111a7e64a469a6aa9eb21461ae9b1a0"",""fields_covered"":[""historical_display_label""],""published_or_derived"":""published"",""label_basis"":""verbatim_election_specific_source"",""label_evidence"":[{""member"":""btw2017_kerg.csv"",""sha256"":""d5d5009b8cbe5cc2e4a75760a057bda2b29f656a41b157e28557aa47b0e34c4f"",""column"":85,""record_id"":""d5d5009b8cbe5cc2e4a75760a057bda2b29f656a41b157e28557aa47b0e34c4f:btw2017_kerg.csv:340:85""}]}]","{""decision_file"":""docs/political-data/germany_production_acceptance.json"",""reviewer"":""germany_source_review"",""reviewed_at"":""2026-10-02"",""scope"":""same_election_only_no_continuity""}"
"ct-de-0124","germany","el-de-bt-2017-09-24","party_list","Bürgerrechtsbewegung Solidarität","Bürgerrechtsbewegung Solidarität",,"requires_manual_review","false","[{""source_id"":""src-de-bwl-final-archive"",""source_url"":""https://www.bundeswahlleiterin.de/dam/jcr/ce2d2b6a-f211-4355-8eea-355c98cd4e47/btw_kerg.zip"",""source_record_id"":""d5d5009b8cbe5cc2e4a75760a057bda2b29f656a41b157e28557aa47b0e34c4f:btw2017_kerg.csv:340:89"",""retrieved_at"":""2026-10-01T23:21:39.584Z"",""raw_snapshot"":{""path"":""docs/political-data/raw/germany/2026-10-01T23-21-39-584Z_02e7077f9358c9ef/final-results.zip"",""sha256"":""02e7077f9358c9ef408741ee5d17123a43c28ea766b26a7ab338c08fcaeb7512""},""parser_version"":""germany-production-v1"",""parser_sha256"":""2a8eb3487f392ef83303e7fb9ff246e4c111a7e64a469a6aa9eb21461ae9b1a0"",""fields_covered"":[""second_votes"",""registered_label_native""],""published_or_derived"":""published"",""source_member"":""btw2017_kerg.csv"",""source_member_sha256"":""d5d5009b8cbe5cc2e4a75760a057bda2b29f656a41b157e28557aa47b0e34c4f"",""source_column"":89},{""source_id"":""src-de-bwl-recognition-2017"",""source_url"":""https://www.bundeswahlleiterin.de/info/presse/mitteilungen/bundestagswahl-2017/05_17_parteien_teilnahme.html"",""source_record_id"":""src-de-bwl-recognition-2017:list:3:item:10"",""retrieved_at"":""2026-10-02T09:41:42.668Z"",""raw_snapshot"":{""path"":""docs/political-data/raw/germany/recognition_2017/recognition.html"",""sha256"":""02e581f2b7aaf8915d477809cc72b3baa916de5535ed806b819e1a5855bb450c""},""parser_version"":""germany-production-v1"",""parser_sha256"":""2a8eb3487f392ef83303e7fb9ff246e4c111a7e64a469a6aa9eb21461ae9b1a0"",""fields_covered"":[""contestant_kind"",""lead_party_id"",""membership""],""published_or_derived"":""published"",""decision_basis"":""manual review of official same-election recognition/participation and result column"",""evidence_note"":""Official same-election recognition declaration; list ordering is not a durable identifier""},{""source_id"":""src-de-bwl-final-archive"",""source_url"":""https://www.bundeswahlleiterin.de/dam/jcr/ce2d2b6a-f211-4355-8eea-355c98cd4e47/btw_kerg.zip"",""source_record_id"":""d5d5009b8cbe5cc2e4a75760a057bda2b29f656a41b157e28557aa47b0e34c4f:btw2017_kerg.csv:340:89"",""retrieved_at"":""2026-10-01T23:21:39.584Z"",""raw_snapshot"":{""path"":""docs/political-data/raw/germany/2026-10-01T23-21-39-584Z_02e7077f9358c9ef/final-results.zip"",""sha256"":""02e7077f9358c9ef408741ee5d17123a43c28ea766b26a7ab338c08fcaeb7512""},""parser_version"":""germany-production-v1"",""parser_sha256"":""2a8eb3487f392ef83303e7fb9ff246e4c111a7e64a469a6aa9eb21461ae9b1a0"",""fields_covered"":[""historical_display_label""],""published_or_derived"":""published"",""label_basis"":""verbatim_election_specific_source"",""label_evidence"":[{""member"":""btw2017_kerg.csv"",""sha256"":""d5d5009b8cbe5cc2e4a75760a057bda2b29f656a41b157e28557aa47b0e34c4f"",""column"":89,""record_id"":""d5d5009b8cbe5cc2e4a75760a057bda2b29f656a41b157e28557aa47b0e34c4f:btw2017_kerg.csv:340:89""}]}]","{""decision_file"":""docs/political-data/germany_production_acceptance.json"",""reviewer"":""germany_source_review"",""reviewed_at"":""2026-10-02"",""scope"":""same_election_only_no_continuity""}"
"ct-de-0125","germany","el-de-bt-2017-09-24","party_list","Sozialistische Gleichheitspartei, Vierte Internationale","Sozialistische Gleichheitspartei, Vierte Internationale",,"requires_manual_review","false","[{""source_id"":""src-de-bwl-final-archive"",""source_url"":""https://www.bundeswahlleiterin.de/dam/jcr/ce2d2b6a-f211-4355-8eea-355c98cd4e47/btw_kerg.zip"",""source_record_id"":""d5d5009b8cbe5cc2e4a75760a057bda2b29f656a41b157e28557aa47b0e34c4f:btw2017_kerg.csv:340:93"",""retrieved_at"":""2026-10-01T23:21:39.584Z"",""raw_snapshot"":{""path"":""docs/political-data/raw/germany/2026-10-01T23-21-39-584Z_02e7077f9358c9ef/final-results.zip"",""sha256"":""02e7077f9358c9ef408741ee5d17123a43c28ea766b26a7ab338c08fcaeb7512""},""parser_version"":""germany-production-v1"",""parser_sha256"":""2a8eb3487f392ef83303e7fb9ff246e4c111a7e64a469a6aa9eb21461ae9b1a0"",""fields_covered"":[""second_votes"",""registered_label_native""],""published_or_derived"":""published"",""source_member"":""btw2017_kerg.csv"",""source_member_sha256"":""d5d5009b8cbe5cc2e4a75760a057bda2b29f656a41b157e28557aa47b0e34c4f"",""source_column"":93},{""source_id"":""src-de-bwl-recognition-2017"",""source_url"":""https://www.bundeswahlleiterin.de/info/presse/mitteilungen/bundestagswahl-2017/05_17_parteien_teilnahme.html"",""source_record_id"":""src-de-bwl-recognition-2017:list:3:item:39"",""retrieved_at"":""2026-10-02T09:41:42.668Z"",""raw_snapshot"":{""path"":""docs/political-data/raw/germany/recognition_2017/recognition.html"",""sha256"":""02e581f2b7aaf8915d477809cc72b3baa916de5535ed806b819e1a5855bb450c""},""parser_version"":""germany-production-v1"",""parser_sha256"":""2a8eb3487f392ef83303e7fb9ff246e4c111a7e64a469a6aa9eb21461ae9b1a0"",""fields_covered"":[""contestant_kind"",""lead_party_id"",""membership""],""published_or_derived"":""published"",""decision_basis"":""manual review of official same-election recognition/participation and result column"",""evidence_note"":""Official same-election recognition declaration; list ordering is not a durable identifier""},{""source_id"":""src-de-bwl-final-archive"",""source_url"":""https://www.bundeswahlleiterin.de/dam/jcr/ce2d2b6a-f211-4355-8eea-355c98cd4e47/btw_kerg.zip"",""source_record_id"":""d5d5009b8cbe5cc2e4a75760a057bda2b29f656a41b157e28557aa47b0e34c4f:btw2017_kerg.csv:340:93"",""retrieved_at"":""2026-10-01T23:21:39.584Z"",""raw_snapshot"":{""path"":""docs/political-data/raw/germany/2026-10-01T23-21-39-584Z_02e7077f9358c9ef/final-results.zip"",""sha256"":""02e7077f9358c9ef408741ee5d17123a43c28ea766b26a7ab338c08fcaeb7512""},""parser_version"":""germany-production-v1"",""parser_sha256"":""2a8eb3487f392ef83303e7fb9ff246e4c111a7e64a469a6aa9eb21461ae9b1a0"",""fields_covered"":[""historical_display_label""],""published_or_derived"":""published"",""label_basis"":""verbatim_election_specific_source"",""label_evidence"":[{""member"":""btw2017_kerg.csv"",""sha256"":""d5d5009b8cbe5cc2e4a75760a057bda2b29f656a41b157e28557aa47b0e34c4f"",""column"":93,""record_id"":""d5d5009b8cbe5cc2e4a75760a057bda2b29f656a41b157e28557aa47b0e34c4f:btw2017_kerg.csv:340:93""}]}]","{""decision_file"":""docs/political-data/germany_production_acceptance.json"",""reviewer"":""germany_source_review"",""reviewed_at"":""2026-10-02"",""scope"":""same_election_only_no_continuity""}"
"ct-de-0126","germany","el-de-bt-2017-09-24","party_list","DIE RECHTE","DIE RECHTE",,"requires_manual_review","false","[{""source_id"":""src-de-bwl-final-archive"",""source_url"":""https://www.bundeswahlleiterin.de/dam/jcr/ce2d2b6a-f211-4355-8eea-355c98cd4e47/btw_kerg.zip"",""source_record_id"":""d5d5009b8cbe5cc2e4a75760a057bda2b29f656a41b157e28557aa47b0e34c4f:btw2017_kerg.csv:340:97"",""retrieved_at"":""2026-10-01T23:21:39.584Z"",""raw_snapshot"":{""path"":""docs/political-data/raw/germany/2026-10-01T23-21-39-584Z_02e7077f9358c9ef/final-results.zip"",""sha256"":""02e7077f9358c9ef408741ee5d17123a43c28ea766b26a7ab338c08fcaeb7512""},""parser_version"":""germany-production-v1"",""parser_sha256"":""2a8eb3487f392ef83303e7fb9ff246e4c111a7e64a469a6aa9eb21461ae9b1a0"",""fields_covered"":[""second_votes"",""registered_label_native""],""published_or_derived"":""published"",""source_member"":""btw2017_kerg.csv"",""source_member_sha256"":""d5d5009b8cbe5cc2e4a75760a057bda2b29f656a41b157e28557aa47b0e34c4f"",""source_column"":97},{""source_id"":""src-de-bwl-recognition-2017"",""source_url"":""https://www.bundeswahlleiterin.de/info/presse/mitteilungen/bundestagswahl-2017/05_17_parteien_teilnahme.html"",""source_record_id"":""src-de-bwl-recognition-2017:list:3:item:6"",""retrieved_at"":""2026-10-02T09:41:42.668Z"",""raw_snapshot"":{""path"":""docs/political-data/raw/germany/recognition_2017/recognition.html"",""sha256"":""02e581f2b7aaf8915d477809cc72b3baa916de5535ed806b819e1a5855bb450c""},""parser_version"":""germany-production-v1"",""parser_sha256"":""2a8eb3487f392ef83303e7fb9ff246e4c111a7e64a469a6aa9eb21461ae9b1a0"",""fields_covered"":[""contestant_kind"",""lead_party_id"",""membership""],""published_or_derived"":""published"",""decision_basis"":""manual review of official same-election recognition/participation and result column"",""evidence_note"":""Official same-election recognition declaration; list ordering is not a durable identifier""},{""source_id"":""src-de-bwl-final-archive"",""source_url"":""https://www.bundeswahlleiterin.de/dam/jcr/ce2d2b6a-f211-4355-8eea-355c98cd4e47/btw_kerg.zip"",""source_record_id"":""d5d5009b8cbe5cc2e4a75760a057bda2b29f656a41b157e28557aa47b0e34c4f:btw2017_kerg.csv:340:97"",""retrieved_at"":""2026-10-01T23:21:39.584Z"",""raw_snapshot"":{""path"":""docs/political-data/raw/germany/2026-10-01T23-21-39-584Z_02e7077f9358c9ef/final-results.zip"",""sha256"":""02e7077f9358c9ef408741ee5d17123a43c28ea766b26a7ab338c08fcaeb7512""},""parser_version"":""germany-production-v1"",""parser_sha256"":""2a8eb3487f392ef83303e7fb9ff246e4c111a7e64a469a6aa9eb21461ae9b1a0"",""fields_covered"":[""historical_display_label""],""published_or_derived"":""published"",""label_basis"":""verbatim_election_specific_source"",""label_evidence"":[{""member"":""btw2017_kerg.csv"",""sha256"":""d5d5009b8cbe5cc2e4a75760a057bda2b29f656a41b157e28557aa47b0e34c4f"",""column"":97,""record_id"":""d5d5009b8cbe5cc2e4a75760a057bda2b29f656a41b157e28557aa47b0e34c4f:btw2017_kerg.csv:340:97""}]}]","{""decision_file"":""docs/political-data/germany_production_acceptance.json"",""reviewer"":""germany_source_review"",""reviewed_at"":""2026-10-02"",""scope"":""same_election_only_no_continuity""}"
"ct-de-0127","germany","el-de-bt-2017-09-24","party_list","Allianz Deutscher Demokraten","Allianz Deutscher Demokraten",,"requires_manual_review","false","[{""source_id"":""src-de-bwl-final-archive"",""source_url"":""https://www.bundeswahlleiterin.de/dam/jcr/ce2d2b6a-f211-4355-8eea-355c98cd4e47/btw_kerg.zip"",""source_record_id"":""d5d5009b8cbe5cc2e4a75760a057bda2b29f656a41b157e28557aa47b0e34c4f:btw2017_kerg.csv:340:101"",""retrieved_at"":""2026-10-01T23:21:39.584Z"",""raw_snapshot"":{""path"":""docs/political-data/raw/germany/2026-10-01T23-21-39-584Z_02e7077f9358c9ef/final-results.zip"",""sha256"":""02e7077f9358c9ef408741ee5d17123a43c28ea766b26a7ab338c08fcaeb7512""},""parser_version"":""germany-production-v1"",""parser_sha256"":""2a8eb3487f392ef83303e7fb9ff246e4c111a7e64a469a6aa9eb21461ae9b1a0"",""fields_covered"":[""second_votes"",""registered_label_native""],""published_or_derived"":""published"",""source_member"":""btw2017_kerg.csv"",""source_member_sha256"":""d5d5009b8cbe5cc2e4a75760a057bda2b29f656a41b157e28557aa47b0e34c4f"",""source_column"":101},{""source_id"":""src-de-bwl-recognition-2017"",""source_url"":""https://www.bundeswahlleiterin.de/info/presse/mitteilungen/bundestagswahl-2017/05_17_parteien_teilnahme.html"",""source_record_id"":""src-de-bwl-recognition-2017:list:3:item:33"",""retrieved_at"":""2026-10-02T09:41:42.668Z"",""raw_snapshot"":{""path"":""docs/political-data/raw/germany/recognition_2017/recognition.html"",""sha256"":""02e581f2b7aaf8915d477809cc72b3baa916de5535ed806b819e1a5855bb450c""},""parser_version"":""germany-production-v1"",""parser_sha256"":""2a8eb3487f392ef83303e7fb9ff246e4c111a7e64a469a6aa9eb21461ae9b1a0"",""fields_covered"":[""contestant_kind"",""lead_party_id"",""membership""],""published_or_derived"":""published"",""decision_basis"":""manual review of official same-election recognition/participation and result column"",""evidence_note"":""Official same-election recognition declaration; list ordering is not a durable identifier""},{""source_id"":""src-de-bwl-final-archive"",""source_url"":""https://www.bundeswahlleiterin.de/dam/jcr/ce2d2b6a-f211-4355-8eea-355c98cd4e47/btw_kerg.zip"",""source_record_id"":""d5d5009b8cbe5cc2e4a75760a057bda2b29f656a41b157e28557aa47b0e34c4f:btw2017_kerg.csv:340:101"",""retrieved_at"":""2026-10-01T23:21:39.584Z"",""raw_snapshot"":{""path"":""docs/political-data/raw/germany/2026-10-01T23-21-39-584Z_02e7077f9358c9ef/final-results.zip"",""sha256"":""02e7077f9358c9ef408741ee5d17123a43c28ea766b26a7ab338c08fcaeb7512""},""parser_version"":""germany-production-v1"",""parser_sha256"":""2a8eb3487f392ef83303e7fb9ff246e4c111a7e64a469a6aa9eb21461ae9b1a0"",""fields_covered"":[""historical_display_label""],""published_or_derived"":""published"",""label_basis"":""verbatim_election_specific_source"",""label_evidence"":[{""member"":""btw2017_kerg.csv"",""sha256"":""d5d5009b8cbe5cc2e4a75760a057bda2b29f656a41b157e28557aa47b0e34c4f"",""column"":101,""record_id"":""d5d5009b8cbe5cc2e4a75760a057bda2b29f656a41b157e28557aa47b0e34c4f:btw2017_kerg.csv:340:101""}]}]","{""decision_file"":""docs/political-data/germany_production_acceptance.json"",""reviewer"":""germany_source_review"",""reviewed_at"":""2026-10-02"",""scope"":""same_election_only_no_continuity""}"
"ct-de-0128","germany","el-de-bt-2017-09-24","party_list","Allianz für Menschenrechte, Tier- und Naturschutz","Allianz für Menschenrechte, Tier- und Naturschutz",,"requires_manual_review","false","[{""source_id"":""src-de-bwl-final-archive"",""source_url"":""https://www.bundeswahlleiterin.de/dam/jcr/ce2d2b6a-f211-4355-8eea-355c98cd4e47/btw_kerg.zip"",""source_record_id"":""d5d5009b8cbe5cc2e4a75760a057bda2b29f656a41b157e28557aa47b0e34c4f:btw2017_kerg.csv:340:105"",""retrieved_at"":""2026-10-01T23:21:39.584Z"",""raw_snapshot"":{""path"":""docs/political-data/raw/germany/2026-10-01T23-21-39-584Z_02e7077f9358c9ef/final-results.zip"",""sha256"":""02e7077f9358c9ef408741ee5d17123a43c28ea766b26a7ab338c08fcaeb7512""},""parser_version"":""germany-production-v1"",""parser_sha256"":""2a8eb3487f392ef83303e7fb9ff246e4c111a7e64a469a6aa9eb21461ae9b1a0"",""fields_covered"":[""second_votes"",""registered_label_native""],""published_or_derived"":""published"",""source_member"":""btw2017_kerg.csv"",""source_member_sha256"":""d5d5009b8cbe5cc2e4a75760a057bda2b29f656a41b157e28557aa47b0e34c4f"",""source_column"":105},{""source_id"":""src-de-bwl-recognition-2017"",""source_url"":""https://www.bundeswahlleiterin.de/info/presse/mitteilungen/bundestagswahl-2017/05_17_parteien_teilnahme.html"",""source_record_id"":""src-de-bwl-recognition-2017:list:3:item:1"",""retrieved_at"":""2026-10-02T09:41:42.668Z"",""raw_snapshot"":{""path"":""docs/political-data/raw/germany/recognition_2017/recognition.html"",""sha256"":""02e581f2b7aaf8915d477809cc72b3baa916de5535ed806b819e1a5855bb450c""},""parser_version"":""germany-production-v1"",""parser_sha256"":""2a8eb3487f392ef83303e7fb9ff246e4c111a7e64a469a6aa9eb21461ae9b1a0"",""fields_covered"":[""contestant_kind"",""lead_party_id"",""membership""],""published_or_derived"":""published"",""decision_basis"":""manual review of official same-election recognition/participation and result column"",""evidence_note"":""Official same-election recognition declaration; list ordering is not a durable identifier""},{""source_id"":""src-de-bwl-final-archive"",""source_url"":""https://www.bundeswahlleiterin.de/dam/jcr/ce2d2b6a-f211-4355-8eea-355c98cd4e47/btw_kerg.zip"",""source_record_id"":""d5d5009b8cbe5cc2e4a75760a057bda2b29f656a41b157e28557aa47b0e34c4f:btw2017_kerg.csv:340:105"",""retrieved_at"":""2026-10-01T23:21:39.584Z"",""raw_snapshot"":{""path"":""docs/political-data/raw/germany/2026-10-01T23-21-39-584Z_02e7077f9358c9ef/final-results.zip"",""sha256"":""02e7077f9358c9ef408741ee5d17123a43c28ea766b26a7ab338c08fcaeb7512""},""parser_version"":""germany-production-v1"",""parser_sha256"":""2a8eb3487f392ef83303e7fb9ff246e4c111a7e64a469a6aa9eb21461ae9b1a0"",""fields_covered"":[""historical_display_label""],""published_or_derived"":""published"",""label_basis"":""verbatim_election_specific_source"",""label_evidence"":[{""member"":""btw2017_kerg.csv"",""sha256"":""d5d5009b8cbe5cc2e4a75760a057bda2b29f656a41b157e28557aa47b0e34c4f"",""column"":105,""record_id"":""d5d5009b8cbe5cc2e4a75760a057bda2b29f656a41b157e28557aa47b0e34c4f:btw2017_kerg.csv:340:105""}]}]","{""decision_file"":""docs/political-data/germany_production_acceptance.json"",""reviewer"":""germany_source_review"",""reviewed_at"":""2026-10-02"",""scope"":""same_election_only_no_continuity""}"
"ct-de-0129","germany","el-de-bt-2017-09-24","party_list","bergpartei, die überpartei","bergpartei, die überpartei",,"requires_manual_review","false","[{""source_id"":""src-de-bwl-final-archive"",""source_url"":""https://www.bundeswahlleiterin.de/dam/jcr/ce2d2b6a-f211-4355-8eea-355c98cd4e47/btw_kerg.zip"",""source_record_id"":""d5d5009b8cbe5cc2e4a75760a057bda2b29f656a41b157e28557aa47b0e34c4f:btw2017_kerg.csv:340:109"",""retrieved_at"":""2026-10-01T23:21:39.584Z"",""raw_snapshot"":{""path"":""docs/political-data/raw/germany/2026-10-01T23-21-39-584Z_02e7077f9358c9ef/final-results.zip"",""sha256"":""02e7077f9358c9ef408741ee5d17123a43c28ea766b26a7ab338c08fcaeb7512""},""parser_version"":""germany-production-v1"",""parser_sha256"":""2a8eb3487f392ef83303e7fb9ff246e4c111a7e64a469a6aa9eb21461ae9b1a0"",""fields_covered"":[""second_votes"",""registered_label_native""],""published_or_derived"":""published"",""source_member"":""btw2017_kerg.csv"",""source_member_sha256"":""d5d5009b8cbe5cc2e4a75760a057bda2b29f656a41b157e28557aa47b0e34c4f"",""source_column"":109},{""source_id"":""src-de-bwl-participation-2017"",""source_url"":""https://www.bundeswahlleiterin.de/bundestagswahlen/2017/wahlbewerber.html"",""source_record_id"":""src-de-bwl-participation-2017:table:1:row:24"",""retrieved_at"":""2026-10-02T09:49:45.850Z"",""raw_snapshot"":{""path"":""docs/political-data/raw/germany/identity_participation-2017/source.html"",""sha256"":""921e62b053178a9f32bfd87e48255d52b71809a686611cae1e97810a5114fa04""},""parser_version"":""germany-production-v1"",""parser_sha256"":""2a8eb3487f392ef83303e7fb9ff246e4c111a7e64a469a6aa9eb21461ae9b1a0"",""fields_covered"":[""contestant_kind"",""lead_party_id"",""membership""],""published_or_derived"":""published"",""decision_basis"":""manual review of official same-election recognition/participation and result column"",""evidence_note"":""Same-election actual-participation page: official full name and separately published additional name""},{""source_id"":""src-de-bwl-final-archive"",""source_url"":""https://www.bundeswahlleiterin.de/dam/jcr/ce2d2b6a-f211-4355-8eea-355c98cd4e47/btw_kerg.zip"",""source_record_id"":""d5d5009b8cbe5cc2e4a75760a057bda2b29f656a41b157e28557aa47b0e34c4f:btw2017_kerg.csv:340:109"",""retrieved_at"":""2026-10-01T23:21:39.584Z"",""raw_snapshot"":{""path"":""docs/political-data/raw/germany/2026-10-01T23-21-39-584Z_02e7077f9358c9ef/final-results.zip"",""sha256"":""02e7077f9358c9ef408741ee5d17123a43c28ea766b26a7ab338c08fcaeb7512""},""parser_version"":""germany-production-v1"",""parser_sha256"":""2a8eb3487f392ef83303e7fb9ff246e4c111a7e64a469a6aa9eb21461ae9b1a0"",""fields_covered"":[""historical_display_label""],""published_or_derived"":""published"",""label_basis"":""verbatim_election_specific_source"",""label_evidence"":[{""member"":""btw2017_kerg.csv"",""sha256"":""d5d5009b8cbe5cc2e4a75760a057bda2b29f656a41b157e28557aa47b0e34c4f"",""column"":109,""record_id"":""d5d5009b8cbe5cc2e4a75760a057bda2b29f656a41b157e28557aa47b0e34c4f:btw2017_kerg.csv:340:109""}]}]","{""decision_file"":""docs/political-data/germany_production_acceptance.json"",""reviewer"":""germany_source_review"",""reviewed_at"":""2026-10-02"",""scope"":""same_election_only_no_continuity""}"
"ct-de-0130","germany","el-de-bt-2017-09-24","party_list","Bündnis Grundeinkommen","Bündnis Grundeinkommen",,"requires_manual_review","false","[{""source_id"":""src-de-bwl-final-archive"",""source_url"":""https://www.bundeswahlleiterin.de/dam/jcr/ce2d2b6a-f211-4355-8eea-355c98cd4e47/btw_kerg.zip"",""source_record_id"":""d5d5009b8cbe5cc2e4a75760a057bda2b29f656a41b157e28557aa47b0e34c4f:btw2017_kerg.csv:340:113"",""retrieved_at"":""2026-10-01T23:21:39.584Z"",""raw_snapshot"":{""path"":""docs/political-data/raw/germany/2026-10-01T23-21-39-584Z_02e7077f9358c9ef/final-results.zip"",""sha256"":""02e7077f9358c9ef408741ee5d17123a43c28ea766b26a7ab338c08fcaeb7512""},""parser_version"":""germany-production-v1"",""parser_sha256"":""2a8eb3487f392ef83303e7fb9ff246e4c111a7e64a469a6aa9eb21461ae9b1a0"",""fields_covered"":[""second_votes"",""registered_label_native""],""published_or_derived"":""published"",""source_member"":""btw2017_kerg.csv"",""source_member_sha256"":""d5d5009b8cbe5cc2e4a75760a057bda2b29f656a41b157e28557aa47b0e34c4f"",""source_column"":113},{""source_id"":""src-de-bwl-participation-2017"",""source_url"":""https://www.bundeswahlleiterin.de/bundestagswahlen/2017/wahlbewerber.html"",""source_record_id"":""src-de-bwl-participation-2017:table:1:row:25"",""retrieved_at"":""2026-10-02T09:49:45.850Z"",""raw_snapshot"":{""path"":""docs/political-data/raw/germany/identity_participation-2017/source.html"",""sha256"":""921e62b053178a9f32bfd87e48255d52b71809a686611cae1e97810a5114fa04""},""parser_version"":""germany-production-v1"",""parser_sha256"":""2a8eb3487f392ef83303e7fb9ff246e4c111a7e64a469a6aa9eb21461ae9b1a0"",""fields_covered"":[""contestant_kind"",""lead_party_id"",""membership""],""published_or_derived"":""published"",""decision_basis"":""manual review of official same-election recognition/participation and result column"",""evidence_note"":""Same-election actual-participation page: official full name and separately published additional name""},{""source_id"":""src-de-bwl-final-archive"",""source_url"":""https://www.bundeswahlleiterin.de/dam/jcr/ce2d2b6a-f211-4355-8eea-355c98cd4e47/btw_kerg.zip"",""source_record_id"":""d5d5009b8cbe5cc2e4a75760a057bda2b29f656a41b157e28557aa47b0e34c4f:btw2017_kerg.csv:340:113"",""retrieved_at"":""2026-10-01T23:21:39.584Z"",""raw_snapshot"":{""path"":""docs/political-data/raw/germany/2026-10-01T23-21-39-584Z_02e7077f9358c9ef/final-results.zip"",""sha256"":""02e7077f9358c9ef408741ee5d17123a43c28ea766b26a7ab338c08fcaeb7512""},""parser_version"":""germany-production-v1"",""parser_sha256"":""2a8eb3487f392ef83303e7fb9ff246e4c111a7e64a469a6aa9eb21461ae9b1a0"",""fields_covered"":[""historical_display_label""],""published_or_derived"":""published"",""label_basis"":""verbatim_election_specific_source"",""label_evidence"":[{""member"":""btw2017_kerg.csv"",""sha256"":""d5d5009b8cbe5cc2e4a75760a057bda2b29f656a41b157e28557aa47b0e34c4f"",""column"":113,""record_id"":""d5d5009b8cbe5cc2e4a75760a057bda2b29f656a41b157e28557aa47b0e34c4f:btw2017_kerg.csv:340:113""}]}]","{""decision_file"":""docs/political-data/germany_production_acceptance.json"",""reviewer"":""germany_source_review"",""reviewed_at"":""2026-10-02"",""scope"":""same_election_only_no_continuity""}"
"ct-de-0131","germany","el-de-bt-2017-09-24","party_list","DEMOKRATIE IN BEWEGUNG","DEMOKRATIE IN BEWEGUNG",,"requires_manual_review","false","[{""source_id"":""src-de-bwl-final-archive"",""source_url"":""https://www.bundeswahlleiterin.de/dam/jcr/ce2d2b6a-f211-4355-8eea-355c98cd4e47/btw_kerg.zip"",""source_record_id"":""d5d5009b8cbe5cc2e4a75760a057bda2b29f656a41b157e28557aa47b0e34c4f:btw2017_kerg.csv:340:117"",""retrieved_at"":""2026-10-01T23:21:39.584Z"",""raw_snapshot"":{""path"":""docs/political-data/raw/germany/2026-10-01T23-21-39-584Z_02e7077f9358c9ef/final-results.zip"",""sha256"":""02e7077f9358c9ef408741ee5d17123a43c28ea766b26a7ab338c08fcaeb7512""},""parser_version"":""germany-production-v1"",""parser_sha256"":""2a8eb3487f392ef83303e7fb9ff246e4c111a7e64a469a6aa9eb21461ae9b1a0"",""fields_covered"":[""second_votes"",""registered_label_native""],""published_or_derived"":""published"",""source_member"":""btw2017_kerg.csv"",""source_member_sha256"":""d5d5009b8cbe5cc2e4a75760a057bda2b29f656a41b157e28557aa47b0e34c4f"",""source_column"":117},{""source_id"":""src-de-bwl-recognition-2017"",""source_url"":""https://www.bundeswahlleiterin.de/info/presse/mitteilungen/bundestagswahl-2017/05_17_parteien_teilnahme.html"",""source_record_id"":""src-de-bwl-recognition-2017:list:3:item:21"",""retrieved_at"":""2026-10-02T09:41:42.668Z"",""raw_snapshot"":{""path"":""docs/political-data/raw/germany/recognition_2017/recognition.html"",""sha256"":""02e581f2b7aaf8915d477809cc72b3baa916de5535ed806b819e1a5855bb450c""},""parser_version"":""germany-production-v1"",""parser_sha256"":""2a8eb3487f392ef83303e7fb9ff246e4c111a7e64a469a6aa9eb21461ae9b1a0"",""fields_covered"":[""contestant_kind"",""lead_party_id"",""membership""],""published_or_derived"":""published"",""decision_basis"":""manual review of official same-election recognition/participation and result column"",""evidence_note"":""Official same-election recognition declaration; list ordering is not a durable identifier""},{""source_id"":""src-de-bwl-final-archive"",""source_url"":""https://www.bundeswahlleiterin.de/dam/jcr/ce2d2b6a-f211-4355-8eea-355c98cd4e47/btw_kerg.zip"",""source_record_id"":""d5d5009b8cbe5cc2e4a75760a057bda2b29f656a41b157e28557aa47b0e34c4f:btw2017_kerg.csv:340:117"",""retrieved_at"":""2026-10-01T23:21:39.584Z"",""raw_snapshot"":{""path"":""docs/political-data/raw/germany/2026-10-01T23-21-39-584Z_02e7077f9358c9ef/final-results.zip"",""sha256"":""02e7077f9358c9ef408741ee5d17123a43c28ea766b26a7ab338c08fcaeb7512""},""parser_version"":""germany-production-v1"",""parser_sha256"":""2a8eb3487f392ef83303e7fb9ff246e4c111a7e64a469a6aa9eb21461ae9b1a0"",""fields_covered"":[""historical_display_label""],""published_or_derived"":""published"",""label_basis"":""verbatim_election_specific_source"",""label_evidence"":[{""member"":""btw2017_kerg.csv"",""sha256"":""d5d5009b8cbe5cc2e4a75760a057bda2b29f656a41b157e28557aa47b0e34c4f"",""column"":117,""record_id"":""d5d5009b8cbe5cc2e4a75760a057bda2b29f656a41b157e28557aa47b0e34c4f:btw2017_kerg.csv:340:117""}]}]","{""decision_file"":""docs/political-data/germany_production_acceptance.json"",""reviewer"":""germany_source_review"",""reviewed_at"":""2026-10-02"",""scope"":""same_election_only_no_continuity""}"
"ct-de-0132","germany","el-de-bt-2017-09-24","party_list","Deutsche Kommunistische Partei","Deutsche Kommunistische Partei",,"requires_manual_review","false","[{""source_id"":""src-de-bwl-final-archive"",""source_url"":""https://www.bundeswahlleiterin.de/dam/jcr/ce2d2b6a-f211-4355-8eea-355c98cd4e47/btw_kerg.zip"",""source_record_id"":""d5d5009b8cbe5cc2e4a75760a057bda2b29f656a41b157e28557aa47b0e34c4f:btw2017_kerg.csv:340:121"",""retrieved_at"":""2026-10-01T23:21:39.584Z"",""raw_snapshot"":{""path"":""docs/political-data/raw/germany/2026-10-01T23-21-39-584Z_02e7077f9358c9ef/final-results.zip"",""sha256"":""02e7077f9358c9ef408741ee5d17123a43c28ea766b26a7ab338c08fcaeb7512""},""parser_version"":""germany-production-v1"",""parser_sha256"":""2a8eb3487f392ef83303e7fb9ff246e4c111a7e64a469a6aa9eb21461ae9b1a0"",""fields_covered"":[""second_votes"",""registered_label_native""],""published_or_derived"":""published"",""source_member"":""btw2017_kerg.csv"",""source_member_sha256"":""d5d5009b8cbe5cc2e4a75760a057bda2b29f656a41b157e28557aa47b0e34c4f"",""source_column"":121},{""source_id"":""src-de-bwl-recognition-2017"",""source_url"":""https://www.bundeswahlleiterin.de/info/presse/mitteilungen/bundestagswahl-2017/05_17_parteien_teilnahme.html"",""source_record_id"":""src-de-bwl-recognition-2017:list:3:item:4"",""retrieved_at"":""2026-10-02T09:41:42.668Z"",""raw_snapshot"":{""path"":""docs/political-data/raw/germany/recognition_2017/recognition.html"",""sha256"":""02e581f2b7aaf8915d477809cc72b3baa916de5535ed806b819e1a5855bb450c""},""parser_version"":""germany-production-v1"",""parser_sha256"":""2a8eb3487f392ef83303e7fb9ff246e4c111a7e64a469a6aa9eb21461ae9b1a0"",""fields_covered"":[""contestant_kind"",""lead_party_id"",""membership""],""published_or_derived"":""published"",""decision_basis"":""manual review of official same-election recognition/participation and result column"",""evidence_note"":""Official same-election recognition declaration; list ordering is not a durable identifier""},{""source_id"":""src-de-bwl-final-archive"",""source_url"":""https://www.bundeswahlleiterin.de/dam/jcr/ce2d2b6a-f211-4355-8eea-355c98cd4e47/btw_kerg.zip"",""source_record_id"":""d5d5009b8cbe5cc2e4a75760a057bda2b29f656a41b157e28557aa47b0e34c4f:btw2017_kerg.csv:340:121"",""retrieved_at"":""2026-10-01T23:21:39.584Z"",""raw_snapshot"":{""path"":""docs/political-data/raw/germany/2026-10-01T23-21-39-584Z_02e7077f9358c9ef/final-results.zip"",""sha256"":""02e7077f9358c9ef408741ee5d17123a43c28ea766b26a7ab338c08fcaeb7512""},""parser_version"":""germany-production-v1"",""parser_sha256"":""2a8eb3487f392ef83303e7fb9ff246e4c111a7e64a469a6aa9eb21461ae9b1a0"",""fields_covered"":[""historical_display_label""],""published_or_derived"":""published"",""label_basis"":""verbatim_election_specific_source"",""label_evidence"":[{""member"":""btw2017_kerg.csv"",""sha256"":""d5d5009b8cbe5cc2e4a75760a057bda2b29f656a41b157e28557aa47b0e34c4f"",""column"":121,""record_id"":""d5d5009b8cbe5cc2e4a75760a057bda2b29f656a41b157e28557aa47b0e34c4f:btw2017_kerg.csv:340:121""}]}]","{""decision_file"":""docs/political-data/germany_production_acceptance.json"",""reviewer"":""germany_source_review"",""reviewed_at"":""2026-10-02"",""scope"":""same_election_only_no_continuity""}"
"ct-de-0133","germany","el-de-bt-2017-09-24","party_list","Deutsche Mitte","Deutsche Mitte",,"requires_manual_review","false","[{""source_id"":""src-de-bwl-final-archive"",""source_url"":""https://www.bundeswahlleiterin.de/dam/jcr/ce2d2b6a-f211-4355-8eea-355c98cd4e47/btw_kerg.zip"",""source_record_id"":""d5d5009b8cbe5cc2e4a75760a057bda2b29f656a41b157e28557aa47b0e34c4f:btw2017_kerg.csv:340:125"",""retrieved_at"":""2026-10-01T23:21:39.584Z"",""raw_snapshot"":{""path"":""docs/political-data/raw/germany/2026-10-01T23-21-39-584Z_02e7077f9358c9ef/final-results.zip"",""sha256"":""02e7077f9358c9ef408741ee5d17123a43c28ea766b26a7ab338c08fcaeb7512""},""parser_version"":""germany-production-v1"",""parser_sha256"":""2a8eb3487f392ef83303e7fb9ff246e4c111a7e64a469a6aa9eb21461ae9b1a0"",""fields_covered"":[""second_votes"",""registered_label_native""],""published_or_derived"":""published"",""source_member"":""btw2017_kerg.csv"",""source_member_sha256"":""d5d5009b8cbe5cc2e4a75760a057bda2b29f656a41b157e28557aa47b0e34c4f"",""source_column"":125},{""source_id"":""src-de-bwl-participation-2017"",""source_url"":""https://www.bundeswahlleiterin.de/bundestagswahlen/2017/wahlbewerber.html"",""source_record_id"":""src-de-bwl-participation-2017:table:1:row:28"",""retrieved_at"":""2026-10-02T09:49:45.850Z"",""raw_snapshot"":{""path"":""docs/political-data/raw/germany/identity_participation-2017/source.html"",""sha256"":""921e62b053178a9f32bfd87e48255d52b71809a686611cae1e97810a5114fa04""},""parser_version"":""germany-production-v1"",""parser_sha256"":""2a8eb3487f392ef83303e7fb9ff246e4c111a7e64a469a6aa9eb21461ae9b1a0"",""fields_covered"":[""contestant_kind"",""lead_party_id"",""membership""],""published_or_derived"":""published"",""decision_basis"":""manual review of official same-election recognition/participation and result column"",""evidence_note"":""Same-election actual-participation page: official full name and separately published additional name""},{""source_id"":""src-de-bwl-final-archive"",""source_url"":""https://www.bundeswahlleiterin.de/dam/jcr/ce2d2b6a-f211-4355-8eea-355c98cd4e47/btw_kerg.zip"",""source_record_id"":""d5d5009b8cbe5cc2e4a75760a057bda2b29f656a41b157e28557aa47b0e34c4f:btw2017_kerg.csv:340:125"",""retrieved_at"":""2026-10-01T23:21:39.584Z"",""raw_snapshot"":{""path"":""docs/political-data/raw/germany/2026-10-01T23-21-39-584Z_02e7077f9358c9ef/final-results.zip"",""sha256"":""02e7077f9358c9ef408741ee5d17123a43c28ea766b26a7ab338c08fcaeb7512""},""parser_version"":""germany-production-v1"",""parser_sha256"":""2a8eb3487f392ef83303e7fb9ff246e4c111a7e64a469a6aa9eb21461ae9b1a0"",""fields_covered"":[""historical_display_label""],""published_or_derived"":""published"",""label_basis"":""verbatim_election_specific_source"",""label_evidence"":[{""member"":""btw2017_kerg.csv"",""sha256"":""d5d5009b8cbe5cc2e4a75760a057bda2b29f656a41b157e28557aa47b0e34c4f"",""column"":125,""record_id"":""d5d5009b8cbe5cc2e4a75760a057bda2b29f656a41b157e28557aa47b0e34c4f:btw2017_kerg.csv:340:125""}]}]","{""decision_file"":""docs/political-data/germany_production_acceptance.json"",""reviewer"":""germany_source_review"",""reviewed_at"":""2026-10-02"",""scope"":""same_election_only_no_continuity""}"
"ct-de-0134","germany","el-de-bt-2017-09-24","party_list","Die Grauen – Für alle Generationen","Die Grauen – Für alle Generationen",,"requires_manual_review","false","[{""source_id"":""src-de-bwl-final-archive"",""source_url"":""https://www.bundeswahlleiterin.de/dam/jcr/ce2d2b6a-f211-4355-8eea-355c98cd4e47/btw_kerg.zip"",""source_record_id"":""d5d5009b8cbe5cc2e4a75760a057bda2b29f656a41b157e28557aa47b0e34c4f:btw2017_kerg.csv:340:129"",""retrieved_at"":""2026-10-01T23:21:39.584Z"",""raw_snapshot"":{""path"":""docs/political-data/raw/germany/2026-10-01T23-21-39-584Z_02e7077f9358c9ef/final-results.zip"",""sha256"":""02e7077f9358c9ef408741ee5d17123a43c28ea766b26a7ab338c08fcaeb7512""},""parser_version"":""germany-production-v1"",""parser_sha256"":""2a8eb3487f392ef83303e7fb9ff246e4c111a7e64a469a6aa9eb21461ae9b1a0"",""fields_covered"":[""second_votes"",""registered_label_native""],""published_or_derived"":""published"",""source_member"":""btw2017_kerg.csv"",""source_member_sha256"":""d5d5009b8cbe5cc2e4a75760a057bda2b29f656a41b157e28557aa47b0e34c4f"",""source_column"":129},{""source_id"":""src-de-bwl-recognition-2017"",""source_url"":""https://www.bundeswahlleiterin.de/info/presse/mitteilungen/bundestagswahl-2017/05_17_parteien_teilnahme.html"",""source_record_id"":""src-de-bwl-recognition-2017:list:3:item:36"",""retrieved_at"":""2026-10-02T09:41:42.668Z"",""raw_snapshot"":{""path"":""docs/political-data/raw/germany/recognition_2017/recognition.html"",""sha256"":""02e581f2b7aaf8915d477809cc72b3baa916de5535ed806b819e1a5855bb450c""},""parser_version"":""germany-production-v1"",""parser_sha256"":""2a8eb3487f392ef83303e7fb9ff246e4c111a7e64a469a6aa9eb21461ae9b1a0"",""fields_covered"":[""contestant_kind"",""lead_party_id"",""membership""],""published_or_derived"":""published"",""decision_basis"":""manual review of official same-election recognition/participation and result column"",""evidence_note"":""Official same-election recognition declaration; list ordering is not a durable identifier""},{""source_id"":""src-de-bwl-final-archive"",""source_url"":""https://www.bundeswahlleiterin.de/dam/jcr/ce2d2b6a-f211-4355-8eea-355c98cd4e47/btw_kerg.zip"",""source_record_id"":""d5d5009b8cbe5cc2e4a75760a057bda2b29f656a41b157e28557aa47b0e34c4f:btw2017_kerg.csv:340:129"",""retrieved_at"":""2026-10-01T23:21:39.584Z"",""raw_snapshot"":{""path"":""docs/political-data/raw/germany/2026-10-01T23-21-39-584Z_02e7077f9358c9ef/final-results.zip"",""sha256"":""02e7077f9358c9ef408741ee5d17123a43c28ea766b26a7ab338c08fcaeb7512""},""parser_version"":""germany-production-v1"",""parser_sha256"":""2a8eb3487f392ef83303e7fb9ff246e4c111a7e64a469a6aa9eb21461ae9b1a0"",""fields_covered"":[""historical_display_label""],""published_or_derived"":""published"",""label_basis"":""verbatim_election_specific_source"",""label_evidence"":[{""member"":""btw2017_kerg.csv"",""sha256"":""d5d5009b8cbe5cc2e4a75760a057bda2b29f656a41b157e28557aa47b0e34c4f"",""column"":129,""record_id"":""d5d5009b8cbe5cc2e4a75760a057bda2b29f656a41b157e28557aa47b0e34c4f:btw2017_kerg.csv:340:129""}]}]","{""decision_file"":""docs/political-data/germany_production_acceptance.json"",""reviewer"":""germany_source_review"",""reviewed_at"":""2026-10-02"",""scope"":""same_election_only_no_continuity""}"
"ct-de-0135","germany","el-de-bt-2017-09-24","party_list","Die Urbane. Eine HipHop Partei","Die Urbane. Eine HipHop Partei",,"requires_manual_review","false","[{""source_id"":""src-de-bwl-final-archive"",""source_url"":""https://www.bundeswahlleiterin.de/dam/jcr/ce2d2b6a-f211-4355-8eea-355c98cd4e47/btw_kerg.zip"",""source_record_id"":""d5d5009b8cbe5cc2e4a75760a057bda2b29f656a41b157e28557aa47b0e34c4f:btw2017_kerg.csv:340:133"",""retrieved_at"":""2026-10-01T23:21:39.584Z"",""raw_snapshot"":{""path"":""docs/political-data/raw/germany/2026-10-01T23-21-39-584Z_02e7077f9358c9ef/final-results.zip"",""sha256"":""02e7077f9358c9ef408741ee5d17123a43c28ea766b26a7ab338c08fcaeb7512""},""parser_version"":""germany-production-v1"",""parser_sha256"":""2a8eb3487f392ef83303e7fb9ff246e4c111a7e64a469a6aa9eb21461ae9b1a0"",""fields_covered"":[""second_votes"",""registered_label_native""],""published_or_derived"":""published"",""source_member"":""btw2017_kerg.csv"",""source_member_sha256"":""d5d5009b8cbe5cc2e4a75760a057bda2b29f656a41b157e28557aa47b0e34c4f"",""source_column"":133},{""source_id"":""src-de-bwl-recognition-2017"",""source_url"":""https://www.bundeswahlleiterin.de/info/presse/mitteilungen/bundestagswahl-2017/05_17_parteien_teilnahme.html"",""source_record_id"":""src-de-bwl-recognition-2017:list:3:item:30"",""retrieved_at"":""2026-10-02T09:41:42.668Z"",""raw_snapshot"":{""path"":""docs/political-data/raw/germany/recognition_2017/recognition.html"",""sha256"":""02e581f2b7aaf8915d477809cc72b3baa916de5535ed806b819e1a5855bb450c""},""parser_version"":""germany-production-v1"",""parser_sha256"":""2a8eb3487f392ef83303e7fb9ff246e4c111a7e64a469a6aa9eb21461ae9b1a0"",""fields_covered"":[""contestant_kind"",""lead_party_id"",""membership""],""published_or_derived"":""published"",""decision_basis"":""manual review of official same-election recognition/participation and result column"",""evidence_note"":""Official same-election recognition declaration; list ordering is not a durable identifier""},{""source_id"":""src-de-bwl-final-archive"",""source_url"":""https://www.bundeswahlleiterin.de/dam/jcr/ce2d2b6a-f211-4355-8eea-355c98cd4e47/btw_kerg.zip"",""source_record_id"":""d5d5009b8cbe5cc2e4a75760a057bda2b29f656a41b157e28557aa47b0e34c4f:btw2017_kerg.csv:340:133"",""retrieved_at"":""2026-10-01T23:21:39.584Z"",""raw_snapshot"":{""path"":""docs/political-data/raw/germany/2026-10-01T23-21-39-584Z_02e7077f9358c9ef/final-results.zip"",""sha256"":""02e7077f9358c9ef408741ee5d17123a43c28ea766b26a7ab338c08fcaeb7512""},""parser_version"":""germany-production-v1"",""parser_sha256"":""2a8eb3487f392ef83303e7fb9ff246e4c111a7e64a469a6aa9eb21461ae9b1a0"",""fields_covered"":[""historical_display_label""],""published_or_derived"":""published"",""label_basis"":""verbatim_election_specific_source"",""label_evidence"":[{""member"":""btw2017_kerg.csv"",""sha256"":""d5d5009b8cbe5cc2e4a75760a057bda2b29f656a41b157e28557aa47b0e34c4f"",""column"":133,""record_id"":""d5d5009b8cbe5cc2e4a75760a057bda2b29f656a41b157e28557aa47b0e34c4f:btw2017_kerg.csv:340:133""}]}]","{""decision_file"":""docs/political-data/germany_production_acceptance.json"",""reviewer"":""germany_source_review"",""reviewed_at"":""2026-10-02"",""scope"":""same_election_only_no_continuity""}"
"ct-de-0136","germany","el-de-bt-2017-09-24","party_list","Magdeburger Gartenpartei","Magdeburger Gartenpartei",,"requires_manual_review","false","[{""source_id"":""src-de-bwl-final-archive"",""source_url"":""https://www.bundeswahlleiterin.de/dam/jcr/ce2d2b6a-f211-4355-8eea-355c98cd4e47/btw_kerg.zip"",""source_record_id"":""d5d5009b8cbe5cc2e4a75760a057bda2b29f656a41b157e28557aa47b0e34c4f:btw2017_kerg.csv:340:137"",""retrieved_at"":""2026-10-01T23:21:39.584Z"",""raw_snapshot"":{""path"":""docs/political-data/raw/germany/2026-10-01T23-21-39-584Z_02e7077f9358c9ef/final-results.zip"",""sha256"":""02e7077f9358c9ef408741ee5d17123a43c28ea766b26a7ab338c08fcaeb7512""},""parser_version"":""germany-production-v1"",""parser_sha256"":""2a8eb3487f392ef83303e7fb9ff246e4c111a7e64a469a6aa9eb21461ae9b1a0"",""fields_covered"":[""second_votes"",""registered_label_native""],""published_or_derived"":""published"",""source_member"":""btw2017_kerg.csv"",""source_member_sha256"":""d5d5009b8cbe5cc2e4a75760a057bda2b29f656a41b157e28557aa47b0e34c4f"",""source_column"":137},{""source_id"":""src-de-bwl-participation-2017"",""source_url"":""https://www.bundeswahlleiterin.de/bundestagswahlen/2017/wahlbewerber.html"",""source_record_id"":""src-de-bwl-participation-2017:table:1:row:31"",""retrieved_at"":""2026-10-02T09:49:45.850Z"",""raw_snapshot"":{""path"":""docs/political-data/raw/germany/identity_participation-2017/source.html"",""sha256"":""921e62b053178a9f32bfd87e48255d52b71809a686611cae1e97810a5114fa04""},""parser_version"":""germany-production-v1"",""parser_sha256"":""2a8eb3487f392ef83303e7fb9ff246e4c111a7e64a469a6aa9eb21461ae9b1a0"",""fields_covered"":[""contestant_kind"",""lead_party_id"",""membership""],""published_or_derived"":""published"",""decision_basis"":""manual review of official same-election recognition/participation and result column"",""evidence_note"":""Same-election actual-participation page: official full name and separately published additional name""},{""source_id"":""src-de-bwl-final-archive"",""source_url"":""https://www.bundeswahlleiterin.de/dam/jcr/ce2d2b6a-f211-4355-8eea-355c98cd4e47/btw_kerg.zip"",""source_record_id"":""d5d5009b8cbe5cc2e4a75760a057bda2b29f656a41b157e28557aa47b0e34c4f:btw2017_kerg.csv:340:137"",""retrieved_at"":""2026-10-01T23:21:39.584Z"",""raw_snapshot"":{""path"":""docs/political-data/raw/germany/2026-10-01T23-21-39-584Z_02e7077f9358c9ef/final-results.zip"",""sha256"":""02e7077f9358c9ef408741ee5d17123a43c28ea766b26a7ab338c08fcaeb7512""},""parser_version"":""germany-production-v1"",""parser_sha256"":""2a8eb3487f392ef83303e7fb9ff246e4c111a7e64a469a6aa9eb21461ae9b1a0"",""fields_covered"":[""historical_display_label""],""published_or_derived"":""published"",""label_basis"":""verbatim_election_specific_source"",""label_evidence"":[{""member"":""btw2017_kerg.csv"",""sha256"":""d5d5009b8cbe5cc2e4a75760a057bda2b29f656a41b157e28557aa47b0e34c4f"",""column"":137,""record_id"":""d5d5009b8cbe5cc2e4a75760a057bda2b29f656a41b157e28557aa47b0e34c4f:btw2017_kerg.csv:340:137""}]}]","{""decision_file"":""docs/political-data/germany_production_acceptance.json"",""reviewer"":""germany_source_review"",""reviewed_at"":""2026-10-02"",""scope"":""same_election_only_no_continuity""}"
"ct-de-0137","germany","el-de-bt-2017-09-24","party_list","Menschliche Welt","Menschliche Welt",,"requires_manual_review","false","[{""source_id"":""src-de-bwl-final-archive"",""source_url"":""https://www.bundeswahlleiterin.de/dam/jcr/ce2d2b6a-f211-4355-8eea-355c98cd4e47/btw_kerg.zip"",""source_record_id"":""d5d5009b8cbe5cc2e4a75760a057bda2b29f656a41b157e28557aa47b0e34c4f:btw2017_kerg.csv:340:141"",""retrieved_at"":""2026-10-01T23:21:39.584Z"",""raw_snapshot"":{""path"":""docs/political-data/raw/germany/2026-10-01T23-21-39-584Z_02e7077f9358c9ef/final-results.zip"",""sha256"":""02e7077f9358c9ef408741ee5d17123a43c28ea766b26a7ab338c08fcaeb7512""},""parser_version"":""germany-production-v1"",""parser_sha256"":""2a8eb3487f392ef83303e7fb9ff246e4c111a7e64a469a6aa9eb21461ae9b1a0"",""fields_covered"":[""second_votes"",""registered_label_native""],""published_or_derived"":""published"",""source_member"":""btw2017_kerg.csv"",""source_member_sha256"":""d5d5009b8cbe5cc2e4a75760a057bda2b29f656a41b157e28557aa47b0e34c4f"",""source_column"":141},{""source_id"":""src-de-bwl-participation-2017"",""source_url"":""https://www.bundeswahlleiterin.de/bundestagswahlen/2017/wahlbewerber.html"",""source_record_id"":""src-de-bwl-participation-2017:table:1:row:32"",""retrieved_at"":""2026-10-02T09:49:45.850Z"",""raw_snapshot"":{""path"":""docs/political-data/raw/germany/identity_participation-2017/source.html"",""sha256"":""921e62b053178a9f32bfd87e48255d52b71809a686611cae1e97810a5114fa04""},""parser_version"":""germany-production-v1"",""parser_sha256"":""2a8eb3487f392ef83303e7fb9ff246e4c111a7e64a469a6aa9eb21461ae9b1a0"",""fields_covered"":[""contestant_kind"",""lead_party_id"",""membership""],""published_or_derived"":""published"",""decision_basis"":""manual review of official same-election recognition/participation and result column"",""evidence_note"":""Same-election actual-participation page: official full name and separately published additional name""},{""source_id"":""src-de-bwl-final-archive"",""source_url"":""https://www.bundeswahlleiterin.de/dam/jcr/ce2d2b6a-f211-4355-8eea-355c98cd4e47/btw_kerg.zip"",""source_record_id"":""d5d5009b8cbe5cc2e4a75760a057bda2b29f656a41b157e28557aa47b0e34c4f:btw2017_kerg.csv:340:141"",""retrieved_at"":""2026-10-01T23:21:39.584Z"",""raw_snapshot"":{""path"":""docs/political-data/raw/germany/2026-10-01T23-21-39-584Z_02e7077f9358c9ef/final-results.zip"",""sha256"":""02e7077f9358c9ef408741ee5d17123a43c28ea766b26a7ab338c08fcaeb7512""},""parser_version"":""germany-production-v1"",""parser_sha256"":""2a8eb3487f392ef83303e7fb9ff246e4c111a7e64a469a6aa9eb21461ae9b1a0"",""fields_covered"":[""historical_display_label""],""published_or_derived"":""published"",""label_basis"":""verbatim_election_specific_source"",""label_evidence"":[{""member"":""btw2017_kerg.csv"",""sha256"":""d5d5009b8cbe5cc2e4a75760a057bda2b29f656a41b157e28557aa47b0e34c4f"",""column"":141,""record_id"":""d5d5009b8cbe5cc2e4a75760a057bda2b29f656a41b157e28557aa47b0e34c4f:btw2017_kerg.csv:340:141""}]}]","{""decision_file"":""docs/political-data/germany_production_acceptance.json"",""reviewer"":""germany_source_review"",""reviewed_at"":""2026-10-02"",""scope"":""same_election_only_no_continuity""}"
"ct-de-0138","germany","el-de-bt-2017-09-24","party_list","Partei der Humanisten","Partei der Humanisten",,"requires_manual_review","false","[{""source_id"":""src-de-bwl-final-archive"",""source_url"":""https://www.bundeswahlleiterin.de/dam/jcr/ce2d2b6a-f211-4355-8eea-355c98cd4e47/btw_kerg.zip"",""source_record_id"":""d5d5009b8cbe5cc2e4a75760a057bda2b29f656a41b157e28557aa47b0e34c4f:btw2017_kerg.csv:340:145"",""retrieved_at"":""2026-10-01T23:21:39.584Z"",""raw_snapshot"":{""path"":""docs/political-data/raw/germany/2026-10-01T23-21-39-584Z_02e7077f9358c9ef/final-results.zip"",""sha256"":""02e7077f9358c9ef408741ee5d17123a43c28ea766b26a7ab338c08fcaeb7512""},""parser_version"":""germany-production-v1"",""parser_sha256"":""2a8eb3487f392ef83303e7fb9ff246e4c111a7e64a469a6aa9eb21461ae9b1a0"",""fields_covered"":[""second_votes"",""registered_label_native""],""published_or_derived"":""published"",""source_member"":""btw2017_kerg.csv"",""source_member_sha256"":""d5d5009b8cbe5cc2e4a75760a057bda2b29f656a41b157e28557aa47b0e34c4f"",""source_column"":145},{""source_id"":""src-de-bwl-recognition-2017"",""source_url"":""https://www.bundeswahlleiterin.de/info/presse/mitteilungen/bundestagswahl-2017/05_17_parteien_teilnahme.html"",""source_record_id"":""src-de-bwl-recognition-2017:list:3:item:23"",""retrieved_at"":""2026-10-02T09:41:42.668Z"",""raw_snapshot"":{""path"":""docs/political-data/raw/germany/recognition_2017/recognition.html"",""sha256"":""02e581f2b7aaf8915d477809cc72b3baa916de5535ed806b819e1a5855bb450c""},""parser_version"":""germany-production-v1"",""parser_sha256"":""2a8eb3487f392ef83303e7fb9ff246e4c111a7e64a469a6aa9eb21461ae9b1a0"",""fields_covered"":[""contestant_kind"",""lead_party_id"",""membership""],""published_or_derived"":""published"",""decision_basis"":""manual review of official same-election recognition/participation and result column"",""evidence_note"":""Official same-election recognition declaration; list ordering is not a durable identifier""},{""source_id"":""src-de-bwl-final-archive"",""source_url"":""https://www.bundeswahlleiterin.de/dam/jcr/ce2d2b6a-f211-4355-8eea-355c98cd4e47/btw_kerg.zip"",""source_record_id"":""d5d5009b8cbe5cc2e4a75760a057bda2b29f656a41b157e28557aa47b0e34c4f:btw2017_kerg.csv:340:145"",""retrieved_at"":""2026-10-01T23:21:39.584Z"",""raw_snapshot"":{""path"":""docs/political-data/raw/germany/2026-10-01T23-21-39-584Z_02e7077f9358c9ef/final-results.zip"",""sha256"":""02e7077f9358c9ef408741ee5d17123a43c28ea766b26a7ab338c08fcaeb7512""},""parser_version"":""germany-production-v1"",""parser_sha256"":""2a8eb3487f392ef83303e7fb9ff246e4c111a7e64a469a6aa9eb21461ae9b1a0"",""fields_covered"":[""historical_display_label""],""published_or_derived"":""published"",""label_basis"":""verbatim_election_specific_source"",""label_evidence"":[{""member"":""btw2017_kerg.csv"",""sha256"":""d5d5009b8cbe5cc2e4a75760a057bda2b29f656a41b157e28557aa47b0e34c4f"",""column"":145,""record_id"":""d5d5009b8cbe5cc2e4a75760a057bda2b29f656a41b157e28557aa47b0e34c4f:btw2017_kerg.csv:340:145""}]}]","{""decision_file"":""docs/political-data/germany_production_acceptance.json"",""reviewer"":""germany_source_review"",""reviewed_at"":""2026-10-02"",""scope"":""same_election_only_no_continuity""}"
"ct-de-0139","germany","el-de-bt-2017-09-24","party_list","Partei für Gesundheitsforschung","Partei für Gesundheitsforschung",,"requires_manual_review","false","[{""source_id"":""src-de-bwl-final-archive"",""source_url"":""https://www.bundeswahlleiterin.de/dam/jcr/ce2d2b6a-f211-4355-8eea-355c98cd4e47/btw_kerg.zip"",""source_record_id"":""d5d5009b8cbe5cc2e4a75760a057bda2b29f656a41b157e28557aa47b0e34c4f:btw2017_kerg.csv:340:149"",""retrieved_at"":""2026-10-01T23:21:39.584Z"",""raw_snapshot"":{""path"":""docs/political-data/raw/germany/2026-10-01T23-21-39-584Z_02e7077f9358c9ef/final-results.zip"",""sha256"":""02e7077f9358c9ef408741ee5d17123a43c28ea766b26a7ab338c08fcaeb7512""},""parser_version"":""germany-production-v1"",""parser_sha256"":""2a8eb3487f392ef83303e7fb9ff246e4c111a7e64a469a6aa9eb21461ae9b1a0"",""fields_covered"":[""second_votes"",""registered_label_native""],""published_or_derived"":""published"",""source_member"":""btw2017_kerg.csv"",""source_member_sha256"":""d5d5009b8cbe5cc2e4a75760a057bda2b29f656a41b157e28557aa47b0e34c4f"",""source_column"":149},{""source_id"":""src-de-bwl-recognition-2017"",""source_url"":""https://www.bundeswahlleiterin.de/info/presse/mitteilungen/bundestagswahl-2017/05_17_parteien_teilnahme.html"",""source_record_id"":""src-de-bwl-recognition-2017:list:3:item:28"",""retrieved_at"":""2026-10-02T09:41:42.668Z"",""raw_snapshot"":{""path"":""docs/political-data/raw/germany/recognition_2017/recognition.html"",""sha256"":""02e581f2b7aaf8915d477809cc72b3baa916de5535ed806b819e1a5855bb450c""},""parser_version"":""germany-production-v1"",""parser_sha256"":""2a8eb3487f392ef83303e7fb9ff246e4c111a7e64a469a6aa9eb21461ae9b1a0"",""fields_covered"":[""contestant_kind"",""lead_party_id"",""membership""],""published_or_derived"":""published"",""decision_basis"":""manual review of official same-election recognition/participation and result column"",""evidence_note"":""Official same-election recognition declaration; list ordering is not a durable identifier""},{""source_id"":""src-de-bwl-final-archive"",""source_url"":""https://www.bundeswahlleiterin.de/dam/jcr/ce2d2b6a-f211-4355-8eea-355c98cd4e47/btw_kerg.zip"",""source_record_id"":""d5d5009b8cbe5cc2e4a75760a057bda2b29f656a41b157e28557aa47b0e34c4f:btw2017_kerg.csv:340:149"",""retrieved_at"":""2026-10-01T23:21:39.584Z"",""raw_snapshot"":{""path"":""docs/political-data/raw/germany/2026-10-01T23-21-39-584Z_02e7077f9358c9ef/final-results.zip"",""sha256"":""02e7077f9358c9ef408741ee5d17123a43c28ea766b26a7ab338c08fcaeb7512""},""parser_version"":""germany-production-v1"",""parser_sha256"":""2a8eb3487f392ef83303e7fb9ff246e4c111a7e64a469a6aa9eb21461ae9b1a0"",""fields_covered"":[""historical_display_label""],""published_or_derived"":""published"",""label_basis"":""verbatim_election_specific_source"",""label_evidence"":[{""member"":""btw2017_kerg.csv"",""sha256"":""d5d5009b8cbe5cc2e4a75760a057bda2b29f656a41b157e28557aa47b0e34c4f"",""column"":149,""record_id"":""d5d5009b8cbe5cc2e4a75760a057bda2b29f656a41b157e28557aa47b0e34c4f:btw2017_kerg.csv:340:149""}]}]","{""decision_file"":""docs/political-data/germany_production_acceptance.json"",""reviewer"":""germany_source_review"",""reviewed_at"":""2026-10-02"",""scope"":""same_election_only_no_continuity""}"
"ct-de-0140","germany","el-de-bt-2017-09-24","party_list","V-Partei³ - Partei für Veränderung, Vegetarier und Veganer","V-Partei³ - Partei für Veränderung, Vegetarier und Veganer",,"requires_manual_review","false","[{""source_id"":""src-de-bwl-final-archive"",""source_url"":""https://www.bundeswahlleiterin.de/dam/jcr/ce2d2b6a-f211-4355-8eea-355c98cd4e47/btw_kerg.zip"",""source_record_id"":""d5d5009b8cbe5cc2e4a75760a057bda2b29f656a41b157e28557aa47b0e34c4f:btw2017_kerg.csv:340:153"",""retrieved_at"":""2026-10-01T23:21:39.584Z"",""raw_snapshot"":{""path"":""docs/political-data/raw/germany/2026-10-01T23-21-39-584Z_02e7077f9358c9ef/final-results.zip"",""sha256"":""02e7077f9358c9ef408741ee5d17123a43c28ea766b26a7ab338c08fcaeb7512""},""parser_version"":""germany-production-v1"",""parser_sha256"":""2a8eb3487f392ef83303e7fb9ff246e4c111a7e64a469a6aa9eb21461ae9b1a0"",""fields_covered"":[""second_votes"",""registered_label_native""],""published_or_derived"":""published"",""source_member"":""btw2017_kerg.csv"",""source_member_sha256"":""d5d5009b8cbe5cc2e4a75760a057bda2b29f656a41b157e28557aa47b0e34c4f"",""source_column"":153},{""source_id"":""src-de-bwl-recognition-2017"",""source_url"":""https://www.bundeswahlleiterin.de/info/presse/mitteilungen/bundestagswahl-2017/05_17_parteien_teilnahme.html"",""source_record_id"":""src-de-bwl-recognition-2017:list:3:item:27"",""retrieved_at"":""2026-10-02T09:41:42.668Z"",""raw_snapshot"":{""path"":""docs/political-data/raw/germany/recognition_2017/recognition.html"",""sha256"":""02e581f2b7aaf8915d477809cc72b3baa916de5535ed806b819e1a5855bb450c""},""parser_version"":""germany-production-v1"",""parser_sha256"":""2a8eb3487f392ef83303e7fb9ff246e4c111a7e64a469a6aa9eb21461ae9b1a0"",""fields_covered"":[""contestant_kind"",""lead_party_id"",""membership""],""published_or_derived"":""published"",""decision_basis"":""manual review of official same-election recognition/participation and result column"",""evidence_note"":""Official same-election recognition declaration; list ordering is not a durable identifier""},{""source_id"":""src-de-bwl-final-archive"",""source_url"":""https://www.bundeswahlleiterin.de/dam/jcr/ce2d2b6a-f211-4355-8eea-355c98cd4e47/btw_kerg.zip"",""source_record_id"":""d5d5009b8cbe5cc2e4a75760a057bda2b29f656a41b157e28557aa47b0e34c4f:btw2017_kerg.csv:340:153"",""retrieved_at"":""2026-10-01T23:21:39.584Z"",""raw_snapshot"":{""path"":""docs/political-data/raw/germany/2026-10-01T23-21-39-584Z_02e7077f9358c9ef/final-results.zip"",""sha256"":""02e7077f9358c9ef408741ee5d17123a43c28ea766b26a7ab338c08fcaeb7512""},""parser_version"":""germany-production-v1"",""parser_sha256"":""2a8eb3487f392ef83303e7fb9ff246e4c111a7e64a469a6aa9eb21461ae9b1a0"",""fields_covered"":[""historical_display_label""],""published_or_derived"":""published"",""label_basis"":""verbatim_election_specific_source"",""label_evidence"":[{""member"":""btw2017_kerg.csv"",""sha256"":""d5d5009b8cbe5cc2e4a75760a057bda2b29f656a41b157e28557aa47b0e34c4f"",""column"":153,""record_id"":""d5d5009b8cbe5cc2e4a75760a057bda2b29f656a41b157e28557aa47b0e34c4f:btw2017_kerg.csv:340:153""}]}]","{""decision_file"":""docs/political-data/germany_production_acceptance.json"",""reviewer"":""germany_source_review"",""reviewed_at"":""2026-10-02"",""scope"":""same_election_only_no_continuity""}"
"ct-de-0141","germany","el-de-bt-2021-09-26","party_list","Christlich Demokratische Union Deutschlands","Christlich Demokratische Union Deutschlands",,"requires_manual_review","false","[{""source_id"":""src-de-bwl-final-archive"",""source_url"":""https://www.bundeswahlleiterin.de/dam/jcr/ce2d2b6a-f211-4355-8eea-355c98cd4e47/btw_kerg.zip"",""source_record_id"":""ac5d62cc9df7c681cb39baecb6602a8a766e43fea3000c50fb434225cc007ca8:btw2021-w_kerg.csv:337:21"",""retrieved_at"":""2026-10-01T23:21:39.584Z"",""raw_snapshot"":{""path"":""docs/political-data/raw/germany/2026-10-01T23-21-39-584Z_02e7077f9358c9ef/final-results.zip"",""sha256"":""02e7077f9358c9ef408741ee5d17123a43c28ea766b26a7ab338c08fcaeb7512""},""parser_version"":""germany-production-v1"",""parser_sha256"":""2a8eb3487f392ef83303e7fb9ff246e4c111a7e64a469a6aa9eb21461ae9b1a0"",""fields_covered"":[""second_votes"",""registered_label_native""],""published_or_derived"":""published"",""source_member"":""btw2021-w_kerg.csv"",""source_member_sha256"":""ac5d62cc9df7c681cb39baecb6602a8a766e43fea3000c50fb434225cc007ca8"",""source_column"":21},{""source_id"":""src-de-bwl-recognition-2021"",""source_url"":""https://www.bundeswahlleiterin.de/info/presse/mitteilungen/bundestagswahl-2021/17_21_beschluss-bverfg.html"",""source_record_id"":""src-de-bwl-recognition-2021:table:1:row:2"",""retrieved_at"":""2026-10-02T09:37:09.945Z"",""raw_snapshot"":{""path"":""docs/political-data/raw/germany/recognition_2021/recognition.html"",""sha256"":""ab1e12bc50286356002a51b764da3c87d573d4ee7285da6f88644eb59ed70b93""},""parser_version"":""germany-production-v1"",""parser_sha256"":""2a8eb3487f392ef83303e7fb9ff246e4c111a7e64a469a6aa9eb21461ae9b1a0"",""fields_covered"":[""contestant_kind"",""lead_party_id"",""membership""],""published_or_derived"":""published"",""decision_basis"":""manual review of official same-election recognition/participation and result column"",""evidence_note"":""Official party recognition after constitutional-court decisions; not a durable legal-entity identifier""},{""source_id"":""src-de-bwl-final-archive"",""source_url"":""https://www.bundeswahlleiterin.de/dam/jcr/ce2d2b6a-f211-4355-8eea-355c98cd4e47/btw_kerg.zip"",""source_record_id"":""ac5d62cc9df7c681cb39baecb6602a8a766e43fea3000c50fb434225cc007ca8:btw2021-w_kerg.csv:337:21"",""retrieved_at"":""2026-10-01T23:21:39.584Z"",""raw_snapshot"":{""path"":""docs/political-data/raw/germany/2026-10-01T23-21-39-584Z_02e7077f9358c9ef/final-results.zip"",""sha256"":""02e7077f9358c9ef408741ee5d17123a43c28ea766b26a7ab338c08fcaeb7512""},""parser_version"":""germany-production-v1"",""parser_sha256"":""2a8eb3487f392ef83303e7fb9ff246e4c111a7e64a469a6aa9eb21461ae9b1a0"",""fields_covered"":[""historical_display_label""],""published_or_derived"":""published"",""label_basis"":""verbatim_election_specific_source"",""label_evidence"":[{""member"":""btw2021-w_kerg.csv"",""sha256"":""ac5d62cc9df7c681cb39baecb6602a8a766e43fea3000c50fb434225cc007ca8"",""column"":21,""record_id"":""ac5d62cc9df7c681cb39baecb6602a8a766e43fea3000c50fb434225cc007ca8:btw2021-w_kerg.csv:337:21""}]}]","{""decision_file"":""docs/political-data/germany_production_acceptance.json"",""reviewer"":""germany_source_review"",""reviewed_at"":""2026-10-02"",""scope"":""same_election_only_no_continuity""}"
"ct-de-0142","germany","el-de-bt-2021-09-26","party_list","Sozialdemokratische Partei Deutschlands","Sozialdemokratische Partei Deutschlands",,"requires_manual_review","false","[{""source_id"":""src-de-bwl-final-archive"",""source_url"":""https://www.bundeswahlleiterin.de/dam/jcr/ce2d2b6a-f211-4355-8eea-355c98cd4e47/btw_kerg.zip"",""source_record_id"":""ac5d62cc9df7c681cb39baecb6602a8a766e43fea3000c50fb434225cc007ca8:btw2021-w_kerg.csv:337:25"",""retrieved_at"":""2026-10-01T23:21:39.584Z"",""raw_snapshot"":{""path"":""docs/political-data/raw/germany/2026-10-01T23-21-39-584Z_02e7077f9358c9ef/final-results.zip"",""sha256"":""02e7077f9358c9ef408741ee5d17123a43c28ea766b26a7ab338c08fcaeb7512""},""parser_version"":""germany-production-v1"",""parser_sha256"":""2a8eb3487f392ef83303e7fb9ff246e4c111a7e64a469a6aa9eb21461ae9b1a0"",""fields_covered"":[""second_votes"",""registered_label_native""],""published_or_derived"":""published"",""source_member"":""btw2021-w_kerg.csv"",""source_member_sha256"":""ac5d62cc9df7c681cb39baecb6602a8a766e43fea3000c50fb434225cc007ca8"",""source_column"":25},{""source_id"":""src-de-bwl-recognition-2021"",""source_url"":""https://www.bundeswahlleiterin.de/info/presse/mitteilungen/bundestagswahl-2021/17_21_beschluss-bverfg.html"",""source_record_id"":""src-de-bwl-recognition-2021:table:1:row:3"",""retrieved_at"":""2026-10-02T09:37:09.945Z"",""raw_snapshot"":{""path"":""docs/political-data/raw/germany/recognition_2021/recognition.html"",""sha256"":""ab1e12bc50286356002a51b764da3c87d573d4ee7285da6f88644eb59ed70b93""},""parser_version"":""germany-production-v1"",""parser_sha256"":""2a8eb3487f392ef83303e7fb9ff246e4c111a7e64a469a6aa9eb21461ae9b1a0"",""fields_covered"":[""contestant_kind"",""lead_party_id"",""membership""],""published_or_derived"":""published"",""decision_basis"":""manual review of official same-election recognition/participation and result column"",""evidence_note"":""Official party recognition after constitutional-court decisions; not a durable legal-entity identifier""},{""source_id"":""src-de-bwl-final-archive"",""source_url"":""https://www.bundeswahlleiterin.de/dam/jcr/ce2d2b6a-f211-4355-8eea-355c98cd4e47/btw_kerg.zip"",""source_record_id"":""ac5d62cc9df7c681cb39baecb6602a8a766e43fea3000c50fb434225cc007ca8:btw2021-w_kerg.csv:337:25"",""retrieved_at"":""2026-10-01T23:21:39.584Z"",""raw_snapshot"":{""path"":""docs/political-data/raw/germany/2026-10-01T23-21-39-584Z_02e7077f9358c9ef/final-results.zip"",""sha256"":""02e7077f9358c9ef408741ee5d17123a43c28ea766b26a7ab338c08fcaeb7512""},""parser_version"":""germany-production-v1"",""parser_sha256"":""2a8eb3487f392ef83303e7fb9ff246e4c111a7e64a469a6aa9eb21461ae9b1a0"",""fields_covered"":[""historical_display_label""],""published_or_derived"":""published"",""label_basis"":""verbatim_election_specific_source"",""label_evidence"":[{""member"":""btw2021-w_kerg.csv"",""sha256"":""ac5d62cc9df7c681cb39baecb6602a8a766e43fea3000c50fb434225cc007ca8"",""column"":25,""record_id"":""ac5d62cc9df7c681cb39baecb6602a8a766e43fea3000c50fb434225cc007ca8:btw2021-w_kerg.csv:337:25""}]}]","{""decision_file"":""docs/political-data/germany_production_acceptance.json"",""reviewer"":""germany_source_review"",""reviewed_at"":""2026-10-02"",""scope"":""same_election_only_no_continuity""}"
"ct-de-0143","germany","el-de-bt-2021-09-26","party_list","Alternative für Deutschland","Alternative für Deutschland",,"requires_manual_review","false","[{""source_id"":""src-de-bwl-final-archive"",""source_url"":""https://www.bundeswahlleiterin.de/dam/jcr/ce2d2b6a-f211-4355-8eea-355c98cd4e47/btw_kerg.zip"",""source_record_id"":""ac5d62cc9df7c681cb39baecb6602a8a766e43fea3000c50fb434225cc007ca8:btw2021-w_kerg.csv:337:29"",""retrieved_at"":""2026-10-01T23:21:39.584Z"",""raw_snapshot"":{""path"":""docs/political-data/raw/germany/2026-10-01T23-21-39-584Z_02e7077f9358c9ef/final-results.zip"",""sha256"":""02e7077f9358c9ef408741ee5d17123a43c28ea766b26a7ab338c08fcaeb7512""},""parser_version"":""germany-production-v1"",""parser_sha256"":""2a8eb3487f392ef83303e7fb9ff246e4c111a7e64a469a6aa9eb21461ae9b1a0"",""fields_covered"":[""second_votes"",""registered_label_native""],""published_or_derived"":""published"",""source_member"":""btw2021-w_kerg.csv"",""source_member_sha256"":""ac5d62cc9df7c681cb39baecb6602a8a766e43fea3000c50fb434225cc007ca8"",""source_column"":29},{""source_id"":""src-de-bwl-recognition-2021"",""source_url"":""https://www.bundeswahlleiterin.de/info/presse/mitteilungen/bundestagswahl-2021/17_21_beschluss-bverfg.html"",""source_record_id"":""src-de-bwl-recognition-2021:table:1:row:8"",""retrieved_at"":""2026-10-02T09:37:09.945Z"",""raw_snapshot"":{""path"":""docs/political-data/raw/germany/recognition_2021/recognition.html"",""sha256"":""ab1e12bc50286356002a51b764da3c87d573d4ee7285da6f88644eb59ed70b93""},""parser_version"":""germany-production-v1"",""parser_sha256"":""2a8eb3487f392ef83303e7fb9ff246e4c111a7e64a469a6aa9eb21461ae9b1a0"",""fields_covered"":[""contestant_kind"",""lead_party_id"",""membership""],""published_or_derived"":""published"",""decision_basis"":""manual review of official same-election recognition/participation and result column"",""evidence_note"":""Official party recognition after constitutional-court decisions; not a durable legal-entity identifier""},{""source_id"":""src-de-bwl-final-archive"",""source_url"":""https://www.bundeswahlleiterin.de/dam/jcr/ce2d2b6a-f211-4355-8eea-355c98cd4e47/btw_kerg.zip"",""source_record_id"":""ac5d62cc9df7c681cb39baecb6602a8a766e43fea3000c50fb434225cc007ca8:btw2021-w_kerg.csv:337:29"",""retrieved_at"":""2026-10-01T23:21:39.584Z"",""raw_snapshot"":{""path"":""docs/political-data/raw/germany/2026-10-01T23-21-39-584Z_02e7077f9358c9ef/final-results.zip"",""sha256"":""02e7077f9358c9ef408741ee5d17123a43c28ea766b26a7ab338c08fcaeb7512""},""parser_version"":""germany-production-v1"",""parser_sha256"":""2a8eb3487f392ef83303e7fb9ff246e4c111a7e64a469a6aa9eb21461ae9b1a0"",""fields_covered"":[""historical_display_label""],""published_or_derived"":""published"",""label_basis"":""verbatim_election_specific_source"",""label_evidence"":[{""member"":""btw2021-w_kerg.csv"",""sha256"":""ac5d62cc9df7c681cb39baecb6602a8a766e43fea3000c50fb434225cc007ca8"",""column"":29,""record_id"":""ac5d62cc9df7c681cb39baecb6602a8a766e43fea3000c50fb434225cc007ca8:btw2021-w_kerg.csv:337:29""}]}]","{""decision_file"":""docs/political-data/germany_production_acceptance.json"",""reviewer"":""germany_source_review"",""reviewed_at"":""2026-10-02"",""scope"":""same_election_only_no_continuity""}"
"ct-de-0144","germany","el-de-bt-2021-09-26","party_list","Freie Demokratische Partei","Freie Demokratische Partei",,"requires_manual_review","false","[{""source_id"":""src-de-bwl-final-archive"",""source_url"":""https://www.bundeswahlleiterin.de/dam/jcr/ce2d2b6a-f211-4355-8eea-355c98cd4e47/btw_kerg.zip"",""source_record_id"":""ac5d62cc9df7c681cb39baecb6602a8a766e43fea3000c50fb434225cc007ca8:btw2021-w_kerg.csv:337:33"",""retrieved_at"":""2026-10-01T23:21:39.584Z"",""raw_snapshot"":{""path"":""docs/political-data/raw/germany/2026-10-01T23-21-39-584Z_02e7077f9358c9ef/final-results.zip"",""sha256"":""02e7077f9358c9ef408741ee5d17123a43c28ea766b26a7ab338c08fcaeb7512""},""parser_version"":""germany-production-v1"",""parser_sha256"":""2a8eb3487f392ef83303e7fb9ff246e4c111a7e64a469a6aa9eb21461ae9b1a0"",""fields_covered"":[""second_votes"",""registered_label_native""],""published_or_derived"":""published"",""source_member"":""btw2021-w_kerg.csv"",""source_member_sha256"":""ac5d62cc9df7c681cb39baecb6602a8a766e43fea3000c50fb434225cc007ca8"",""source_column"":33},{""source_id"":""src-de-bwl-recognition-2021"",""source_url"":""https://www.bundeswahlleiterin.de/info/presse/mitteilungen/bundestagswahl-2021/17_21_beschluss-bverfg.html"",""source_record_id"":""src-de-bwl-recognition-2021:table:1:row:7"",""retrieved_at"":""2026-10-02T09:37:09.945Z"",""raw_snapshot"":{""path"":""docs/political-data/raw/germany/recognition_2021/recognition.html"",""sha256"":""ab1e12bc50286356002a51b764da3c87d573d4ee7285da6f88644eb59ed70b93""},""parser_version"":""germany-production-v1"",""parser_sha256"":""2a8eb3487f392ef83303e7fb9ff246e4c111a7e64a469a6aa9eb21461ae9b1a0"",""fields_covered"":[""contestant_kind"",""lead_party_id"",""membership""],""published_or_derived"":""published"",""decision_basis"":""manual review of official same-election recognition/participation and result column"",""evidence_note"":""Official party recognition after constitutional-court decisions; not a durable legal-entity identifier""},{""source_id"":""src-de-bwl-final-archive"",""source_url"":""https://www.bundeswahlleiterin.de/dam/jcr/ce2d2b6a-f211-4355-8eea-355c98cd4e47/btw_kerg.zip"",""source_record_id"":""ac5d62cc9df7c681cb39baecb6602a8a766e43fea3000c50fb434225cc007ca8:btw2021-w_kerg.csv:337:33"",""retrieved_at"":""2026-10-01T23:21:39.584Z"",""raw_snapshot"":{""path"":""docs/political-data/raw/germany/2026-10-01T23-21-39-584Z_02e7077f9358c9ef/final-results.zip"",""sha256"":""02e7077f9358c9ef408741ee5d17123a43c28ea766b26a7ab338c08fcaeb7512""},""parser_version"":""germany-production-v1"",""parser_sha256"":""2a8eb3487f392ef83303e7fb9ff246e4c111a7e64a469a6aa9eb21461ae9b1a0"",""fields_covered"":[""historical_display_label""],""published_or_derived"":""published"",""label_basis"":""verbatim_election_specific_source"",""label_evidence"":[{""member"":""btw2021-w_kerg.csv"",""sha256"":""ac5d62cc9df7c681cb39baecb6602a8a766e43fea3000c50fb434225cc007ca8"",""column"":33,""record_id"":""ac5d62cc9df7c681cb39baecb6602a8a766e43fea3000c50fb434225cc007ca8:btw2021-w_kerg.csv:337:33""}]}]","{""decision_file"":""docs/political-data/germany_production_acceptance.json"",""reviewer"":""germany_source_review"",""reviewed_at"":""2026-10-02"",""scope"":""same_election_only_no_continuity""}"
"ct-de-0145","germany","el-de-bt-2021-09-26","party_list","DIE LINKE","DIE LINKE",,"requires_manual_review","false","[{""source_id"":""src-de-bwl-final-archive"",""source_url"":""https://www.bundeswahlleiterin.de/dam/jcr/ce2d2b6a-f211-4355-8eea-355c98cd4e47/btw_kerg.zip"",""source_record_id"":""ac5d62cc9df7c681cb39baecb6602a8a766e43fea3000c50fb434225cc007ca8:btw2021-w_kerg.csv:337:37"",""retrieved_at"":""2026-10-01T23:21:39.584Z"",""raw_snapshot"":{""path"":""docs/political-data/raw/germany/2026-10-01T23-21-39-584Z_02e7077f9358c9ef/final-results.zip"",""sha256"":""02e7077f9358c9ef408741ee5d17123a43c28ea766b26a7ab338c08fcaeb7512""},""parser_version"":""germany-production-v1"",""parser_sha256"":""2a8eb3487f392ef83303e7fb9ff246e4c111a7e64a469a6aa9eb21461ae9b1a0"",""fields_covered"":[""second_votes"",""registered_label_native""],""published_or_derived"":""published"",""source_member"":""btw2021-w_kerg.csv"",""source_member_sha256"":""ac5d62cc9df7c681cb39baecb6602a8a766e43fea3000c50fb434225cc007ca8"",""source_column"":37},{""source_id"":""src-de-bwl-recognition-2021"",""source_url"":""https://www.bundeswahlleiterin.de/info/presse/mitteilungen/bundestagswahl-2021/17_21_beschluss-bverfg.html"",""source_record_id"":""src-de-bwl-recognition-2021:table:1:row:4"",""retrieved_at"":""2026-10-02T09:37:09.945Z"",""raw_snapshot"":{""path"":""docs/political-data/raw/germany/recognition_2021/recognition.html"",""sha256"":""ab1e12bc50286356002a51b764da3c87d573d4ee7285da6f88644eb59ed70b93""},""parser_version"":""germany-production-v1"",""parser_sha256"":""2a8eb3487f392ef83303e7fb9ff246e4c111a7e64a469a6aa9eb21461ae9b1a0"",""fields_covered"":[""contestant_kind"",""lead_party_id"",""membership""],""published_or_derived"":""published"",""decision_basis"":""manual review of official same-election recognition/participation and result column"",""evidence_note"":""Official party recognition after constitutional-court decisions; not a durable legal-entity identifier""},{""source_id"":""src-de-bwl-final-archive"",""source_url"":""https://www.bundeswahlleiterin.de/dam/jcr/ce2d2b6a-f211-4355-8eea-355c98cd4e47/btw_kerg.zip"",""source_record_id"":""ac5d62cc9df7c681cb39baecb6602a8a766e43fea3000c50fb434225cc007ca8:btw2021-w_kerg.csv:337:37"",""retrieved_at"":""2026-10-01T23:21:39.584Z"",""raw_snapshot"":{""path"":""docs/political-data/raw/germany/2026-10-01T23-21-39-584Z_02e7077f9358c9ef/final-results.zip"",""sha256"":""02e7077f9358c9ef408741ee5d17123a43c28ea766b26a7ab338c08fcaeb7512""},""parser_version"":""germany-production-v1"",""parser_sha256"":""2a8eb3487f392ef83303e7fb9ff246e4c111a7e64a469a6aa9eb21461ae9b1a0"",""fields_covered"":[""historical_display_label""],""published_or_derived"":""published"",""label_basis"":""verbatim_election_specific_source"",""label_evidence"":[{""member"":""btw2021-w_kerg.csv"",""sha256"":""ac5d62cc9df7c681cb39baecb6602a8a766e43fea3000c50fb434225cc007ca8"",""column"":37,""record_id"":""ac5d62cc9df7c681cb39baecb6602a8a766e43fea3000c50fb434225cc007ca8:btw2021-w_kerg.csv:337:37""}]}]","{""decision_file"":""docs/political-data/germany_production_acceptance.json"",""reviewer"":""germany_source_review"",""reviewed_at"":""2026-10-02"",""scope"":""same_election_only_no_continuity""}"
"ct-de-0146","germany","el-de-bt-2021-09-26","party_list","BÜNDNIS 90/DIE GRÜNEN","BÜNDNIS 90/DIE GRÜNEN",,"requires_manual_review","false","[{""source_id"":""src-de-bwl-final-archive"",""source_url"":""https://www.bundeswahlleiterin.de/dam/jcr/ce2d2b6a-f211-4355-8eea-355c98cd4e47/btw_kerg.zip"",""source_record_id"":""ac5d62cc9df7c681cb39baecb6602a8a766e43fea3000c50fb434225cc007ca8:btw2021-w_kerg.csv:337:41"",""retrieved_at"":""2026-10-01T23:21:39.584Z"",""raw_snapshot"":{""path"":""docs/political-data/raw/germany/2026-10-01T23-21-39-584Z_02e7077f9358c9ef/final-results.zip"",""sha256"":""02e7077f9358c9ef408741ee5d17123a43c28ea766b26a7ab338c08fcaeb7512""},""parser_version"":""germany-production-v1"",""parser_sha256"":""2a8eb3487f392ef83303e7fb9ff246e4c111a7e64a469a6aa9eb21461ae9b1a0"",""fields_covered"":[""second_votes"",""registered_label_native""],""published_or_derived"":""published"",""source_member"":""btw2021-w_kerg.csv"",""source_member_sha256"":""ac5d62cc9df7c681cb39baecb6602a8a766e43fea3000c50fb434225cc007ca8"",""source_column"":41},{""source_id"":""src-de-bwl-recognition-2021"",""source_url"":""https://www.bundeswahlleiterin.de/info/presse/mitteilungen/bundestagswahl-2021/17_21_beschluss-bverfg.html"",""source_record_id"":""src-de-bwl-recognition-2021:table:1:row:5"",""retrieved_at"":""2026-10-02T09:37:09.945Z"",""raw_snapshot"":{""path"":""docs/political-data/raw/germany/recognition_2021/recognition.html"",""sha256"":""ab1e12bc50286356002a51b764da3c87d573d4ee7285da6f88644eb59ed70b93""},""parser_version"":""germany-production-v1"",""parser_sha256"":""2a8eb3487f392ef83303e7fb9ff246e4c111a7e64a469a6aa9eb21461ae9b1a0"",""fields_covered"":[""contestant_kind"",""lead_party_id"",""membership""],""published_or_derived"":""published"",""decision_basis"":""manual review of official same-election recognition/participation and result column"",""evidence_note"":""Official party recognition after constitutional-court decisions; not a durable legal-entity identifier""},{""source_id"":""src-de-bwl-final-archive"",""source_url"":""https://www.bundeswahlleiterin.de/dam/jcr/ce2d2b6a-f211-4355-8eea-355c98cd4e47/btw_kerg.zip"",""source_record_id"":""ac5d62cc9df7c681cb39baecb6602a8a766e43fea3000c50fb434225cc007ca8:btw2021-w_kerg.csv:337:41"",""retrieved_at"":""2026-10-01T23:21:39.584Z"",""raw_snapshot"":{""path"":""docs/political-data/raw/germany/2026-10-01T23-21-39-584Z_02e7077f9358c9ef/final-results.zip"",""sha256"":""02e7077f9358c9ef408741ee5d17123a43c28ea766b26a7ab338c08fcaeb7512""},""parser_version"":""germany-production-v1"",""parser_sha256"":""2a8eb3487f392ef83303e7fb9ff246e4c111a7e64a469a6aa9eb21461ae9b1a0"",""fields_covered"":[""historical_display_label""],""published_or_derived"":""published"",""label_basis"":""verbatim_election_specific_source"",""label_evidence"":[{""member"":""btw2021-w_kerg.csv"",""sha256"":""ac5d62cc9df7c681cb39baecb6602a8a766e43fea3000c50fb434225cc007ca8"",""column"":41,""record_id"":""ac5d62cc9df7c681cb39baecb6602a8a766e43fea3000c50fb434225cc007ca8:btw2021-w_kerg.csv:337:41""}]}]","{""decision_file"":""docs/political-data/germany_production_acceptance.json"",""reviewer"":""germany_source_review"",""reviewed_at"":""2026-10-02"",""scope"":""same_election_only_no_continuity""}"
"ct-de-0147","germany","el-de-bt-2021-09-26","party_list","Christlich-Soziale Union in Bayern e.V.","Christlich-Soziale Union in Bayern e.V.",,"requires_manual_review","false","[{""source_id"":""src-de-bwl-final-archive"",""source_url"":""https://www.bundeswahlleiterin.de/dam/jcr/ce2d2b6a-f211-4355-8eea-355c98cd4e47/btw_kerg.zip"",""source_record_id"":""ac5d62cc9df7c681cb39baecb6602a8a766e43fea3000c50fb434225cc007ca8:btw2021-w_kerg.csv:337:45"",""retrieved_at"":""2026-10-01T23:21:39.584Z"",""raw_snapshot"":{""path"":""docs/political-data/raw/germany/2026-10-01T23-21-39-584Z_02e7077f9358c9ef/final-results.zip"",""sha256"":""02e7077f9358c9ef408741ee5d17123a43c28ea766b26a7ab338c08fcaeb7512""},""parser_version"":""germany-production-v1"",""parser_sha256"":""2a8eb3487f392ef83303e7fb9ff246e4c111a7e64a469a6aa9eb21461ae9b1a0"",""fields_covered"":[""second_votes"",""registered_label_native""],""published_or_derived"":""published"",""source_member"":""btw2021-w_kerg.csv"",""source_member_sha256"":""ac5d62cc9df7c681cb39baecb6602a8a766e43fea3000c50fb434225cc007ca8"",""source_column"":45},{""source_id"":""src-de-bwl-recognition-2021"",""source_url"":""https://www.bundeswahlleiterin.de/info/presse/mitteilungen/bundestagswahl-2021/17_21_beschluss-bverfg.html"",""source_record_id"":""src-de-bwl-recognition-2021:table:1:row:6"",""retrieved_at"":""2026-10-02T09:37:09.945Z"",""raw_snapshot"":{""path"":""docs/political-data/raw/germany/recognition_2021/recognition.html"",""sha256"":""ab1e12bc50286356002a51b764da3c87d573d4ee7285da6f88644eb59ed70b93""},""parser_version"":""germany-production-v1"",""parser_sha256"":""2a8eb3487f392ef83303e7fb9ff246e4c111a7e64a469a6aa9eb21461ae9b1a0"",""fields_covered"":[""contestant_kind"",""lead_party_id"",""membership""],""published_or_derived"":""published"",""decision_basis"":""manual review of official same-election recognition/participation and result column"",""evidence_note"":""Official party recognition after constitutional-court decisions; not a durable legal-entity identifier""},{""source_id"":""src-de-bwl-final-archive"",""source_url"":""https://www.bundeswahlleiterin.de/dam/jcr/ce2d2b6a-f211-4355-8eea-355c98cd4e47/btw_kerg.zip"",""source_record_id"":""ac5d62cc9df7c681cb39baecb6602a8a766e43fea3000c50fb434225cc007ca8:btw2021-w_kerg.csv:337:45"",""retrieved_at"":""2026-10-01T23:21:39.584Z"",""raw_snapshot"":{""path"":""docs/political-data/raw/germany/2026-10-01T23-21-39-584Z_02e7077f9358c9ef/final-results.zip"",""sha256"":""02e7077f9358c9ef408741ee5d17123a43c28ea766b26a7ab338c08fcaeb7512""},""parser_version"":""germany-production-v1"",""parser_sha256"":""2a8eb3487f392ef83303e7fb9ff246e4c111a7e64a469a6aa9eb21461ae9b1a0"",""fields_covered"":[""historical_display_label""],""published_or_derived"":""published"",""label_basis"":""verbatim_election_specific_source"",""label_evidence"":[{""member"":""btw2021-w_kerg.csv"",""sha256"":""ac5d62cc9df7c681cb39baecb6602a8a766e43fea3000c50fb434225cc007ca8"",""column"":45,""record_id"":""ac5d62cc9df7c681cb39baecb6602a8a766e43fea3000c50fb434225cc007ca8:btw2021-w_kerg.csv:337:45""}]}]","{""decision_file"":""docs/political-data/germany_production_acceptance.json"",""reviewer"":""germany_source_review"",""reviewed_at"":""2026-10-02"",""scope"":""same_election_only_no_continuity""}"
"ct-de-0148","germany","el-de-bt-2021-09-26","party_list","FREIE WÄHLER","FREIE WÄHLER",,"requires_manual_review","false","[{""source_id"":""src-de-bwl-final-archive"",""source_url"":""https://www.bundeswahlleiterin.de/dam/jcr/ce2d2b6a-f211-4355-8eea-355c98cd4e47/btw_kerg.zip"",""source_record_id"":""ac5d62cc9df7c681cb39baecb6602a8a766e43fea3000c50fb434225cc007ca8:btw2021-w_kerg.csv:337:49"",""retrieved_at"":""2026-10-01T23:21:39.584Z"",""raw_snapshot"":{""path"":""docs/political-data/raw/germany/2026-10-01T23-21-39-584Z_02e7077f9358c9ef/final-results.zip"",""sha256"":""02e7077f9358c9ef408741ee5d17123a43c28ea766b26a7ab338c08fcaeb7512""},""parser_version"":""germany-production-v1"",""parser_sha256"":""2a8eb3487f392ef83303e7fb9ff246e4c111a7e64a469a6aa9eb21461ae9b1a0"",""fields_covered"":[""second_votes"",""registered_label_native""],""published_or_derived"":""published"",""source_member"":""btw2021-w_kerg.csv"",""source_member_sha256"":""ac5d62cc9df7c681cb39baecb6602a8a766e43fea3000c50fb434225cc007ca8"",""source_column"":49},{""source_id"":""src-de-bwl-recognition-2021"",""source_url"":""https://www.bundeswahlleiterin.de/info/presse/mitteilungen/bundestagswahl-2021/17_21_beschluss-bverfg.html"",""source_record_id"":""src-de-bwl-recognition-2021:table:2:row:2"",""retrieved_at"":""2026-10-02T09:37:09.945Z"",""raw_snapshot"":{""path"":""docs/political-data/raw/germany/recognition_2021/recognition.html"",""sha256"":""ab1e12bc50286356002a51b764da3c87d573d4ee7285da6f88644eb59ed70b93""},""parser_version"":""germany-production-v1"",""parser_sha256"":""2a8eb3487f392ef83303e7fb9ff246e4c111a7e64a469a6aa9eb21461ae9b1a0"",""fields_covered"":[""contestant_kind"",""lead_party_id"",""membership""],""published_or_derived"":""published"",""decision_basis"":""manual review of official same-election recognition/participation and result column"",""evidence_note"":""Official party recognition after constitutional-court decisions; not a durable legal-entity identifier""},{""source_id"":""src-de-bwl-final-archive"",""source_url"":""https://www.bundeswahlleiterin.de/dam/jcr/ce2d2b6a-f211-4355-8eea-355c98cd4e47/btw_kerg.zip"",""source_record_id"":""ac5d62cc9df7c681cb39baecb6602a8a766e43fea3000c50fb434225cc007ca8:btw2021-w_kerg.csv:337:49"",""retrieved_at"":""2026-10-01T23:21:39.584Z"",""raw_snapshot"":{""path"":""docs/political-data/raw/germany/2026-10-01T23-21-39-584Z_02e7077f9358c9ef/final-results.zip"",""sha256"":""02e7077f9358c9ef408741ee5d17123a43c28ea766b26a7ab338c08fcaeb7512""},""parser_version"":""germany-production-v1"",""parser_sha256"":""2a8eb3487f392ef83303e7fb9ff246e4c111a7e64a469a6aa9eb21461ae9b1a0"",""fields_covered"":[""historical_display_label""],""published_or_derived"":""published"",""label_basis"":""verbatim_election_specific_source"",""label_evidence"":[{""member"":""btw2021-w_kerg.csv"",""sha256"":""ac5d62cc9df7c681cb39baecb6602a8a766e43fea3000c50fb434225cc007ca8"",""column"":49,""record_id"":""ac5d62cc9df7c681cb39baecb6602a8a766e43fea3000c50fb434225cc007ca8:btw2021-w_kerg.csv:337:49""}]}]","{""decision_file"":""docs/political-data/germany_production_acceptance.json"",""reviewer"":""germany_source_review"",""reviewed_at"":""2026-10-02"",""scope"":""same_election_only_no_continuity""}"
"ct-de-0149","germany","el-de-bt-2021-09-26","party_list","Partei für Arbeit, Rechtsstaat, Tierschutz, Elitenförderung und basisdemokratische Initiative","Partei für Arbeit, Rechtsstaat, Tierschutz, Elitenförderung und basisdemokratische Initiative",,"requires_manual_review","false","[{""source_id"":""src-de-bwl-final-archive"",""source_url"":""https://www.bundeswahlleiterin.de/dam/jcr/ce2d2b6a-f211-4355-8eea-355c98cd4e47/btw_kerg.zip"",""source_record_id"":""ac5d62cc9df7c681cb39baecb6602a8a766e43fea3000c50fb434225cc007ca8:btw2021-w_kerg.csv:337:53"",""retrieved_at"":""2026-10-01T23:21:39.584Z"",""raw_snapshot"":{""path"":""docs/political-data/raw/germany/2026-10-01T23-21-39-584Z_02e7077f9358c9ef/final-results.zip"",""sha256"":""02e7077f9358c9ef408741ee5d17123a43c28ea766b26a7ab338c08fcaeb7512""},""parser_version"":""germany-production-v1"",""parser_sha256"":""2a8eb3487f392ef83303e7fb9ff246e4c111a7e64a469a6aa9eb21461ae9b1a0"",""fields_covered"":[""second_votes"",""registered_label_native""],""published_or_derived"":""published"",""source_member"":""btw2021-w_kerg.csv"",""source_member_sha256"":""ac5d62cc9df7c681cb39baecb6602a8a766e43fea3000c50fb434225cc007ca8"",""source_column"":53},{""source_id"":""src-de-bwl-recognition-2021"",""source_url"":""https://www.bundeswahlleiterin.de/info/presse/mitteilungen/bundestagswahl-2021/17_21_beschluss-bverfg.html"",""source_record_id"":""src-de-bwl-recognition-2021:table:3:row:5"",""retrieved_at"":""2026-10-02T09:37:09.945Z"",""raw_snapshot"":{""path"":""docs/political-data/raw/germany/recognition_2021/recognition.html"",""sha256"":""ab1e12bc50286356002a51b764da3c87d573d4ee7285da6f88644eb59ed70b93""},""parser_version"":""germany-production-v1"",""parser_sha256"":""2a8eb3487f392ef83303e7fb9ff246e4c111a7e64a469a6aa9eb21461ae9b1a0"",""fields_covered"":[""contestant_kind"",""lead_party_id"",""membership""],""published_or_derived"":""published"",""decision_basis"":""manual review of official same-election recognition/participation and result column"",""evidence_note"":""Official party recognition after constitutional-court decisions; not a durable legal-entity identifier""},{""source_id"":""src-de-bwl-final-archive"",""source_url"":""https://www.bundeswahlleiterin.de/dam/jcr/ce2d2b6a-f211-4355-8eea-355c98cd4e47/btw_kerg.zip"",""source_record_id"":""ac5d62cc9df7c681cb39baecb6602a8a766e43fea3000c50fb434225cc007ca8:btw2021-w_kerg.csv:337:53"",""retrieved_at"":""2026-10-01T23:21:39.584Z"",""raw_snapshot"":{""path"":""docs/political-data/raw/germany/2026-10-01T23-21-39-584Z_02e7077f9358c9ef/final-results.zip"",""sha256"":""02e7077f9358c9ef408741ee5d17123a43c28ea766b26a7ab338c08fcaeb7512""},""parser_version"":""germany-production-v1"",""parser_sha256"":""2a8eb3487f392ef83303e7fb9ff246e4c111a7e64a469a6aa9eb21461ae9b1a0"",""fields_covered"":[""historical_display_label""],""published_or_derived"":""published"",""label_basis"":""verbatim_election_specific_source"",""label_evidence"":[{""member"":""btw2021-w_kerg.csv"",""sha256"":""ac5d62cc9df7c681cb39baecb6602a8a766e43fea3000c50fb434225cc007ca8"",""column"":53,""record_id"":""ac5d62cc9df7c681cb39baecb6602a8a766e43fea3000c50fb434225cc007ca8:btw2021-w_kerg.csv:337:53""}]}]","{""decision_file"":""docs/political-data/germany_production_acceptance.json"",""reviewer"":""germany_source_review"",""reviewed_at"":""2026-10-02"",""scope"":""same_election_only_no_continuity""}"
"ct-de-0150","germany","el-de-bt-2021-09-26","party_list","PARTEI MENSCH UMWELT TIERSCHUTZ","PARTEI MENSCH UMWELT TIERSCHUTZ",,"requires_manual_review","false","[{""source_id"":""src-de-bwl-final-archive"",""source_url"":""https://www.bundeswahlleiterin.de/dam/jcr/ce2d2b6a-f211-4355-8eea-355c98cd4e47/btw_kerg.zip"",""source_record_id"":""ac5d62cc9df7c681cb39baecb6602a8a766e43fea3000c50fb434225cc007ca8:btw2021-w_kerg.csv:337:57"",""retrieved_at"":""2026-10-01T23:21:39.584Z"",""raw_snapshot"":{""path"":""docs/political-data/raw/germany/2026-10-01T23-21-39-584Z_02e7077f9358c9ef/final-results.zip"",""sha256"":""02e7077f9358c9ef408741ee5d17123a43c28ea766b26a7ab338c08fcaeb7512""},""parser_version"":""germany-production-v1"",""parser_sha256"":""2a8eb3487f392ef83303e7fb9ff246e4c111a7e64a469a6aa9eb21461ae9b1a0"",""fields_covered"":[""second_votes"",""registered_label_native""],""published_or_derived"":""published"",""source_member"":""btw2021-w_kerg.csv"",""source_member_sha256"":""ac5d62cc9df7c681cb39baecb6602a8a766e43fea3000c50fb434225cc007ca8"",""source_column"":57},{""source_id"":""src-de-bwl-recognition-2021"",""source_url"":""https://www.bundeswahlleiterin.de/info/presse/mitteilungen/bundestagswahl-2021/17_21_beschluss-bverfg.html"",""source_record_id"":""src-de-bwl-recognition-2021:table:3:row:18"",""retrieved_at"":""2026-10-02T09:37:09.945Z"",""raw_snapshot"":{""path"":""docs/political-data/raw/germany/recognition_2021/recognition.html"",""sha256"":""ab1e12bc50286356002a51b764da3c87d573d4ee7285da6f88644eb59ed70b93""},""parser_version"":""germany-production-v1"",""parser_sha256"":""2a8eb3487f392ef83303e7fb9ff246e4c111a7e64a469a6aa9eb21461ae9b1a0"",""fields_covered"":[""contestant_kind"",""lead_party_id"",""membership""],""published_or_derived"":""published"",""decision_basis"":""manual review of official same-election recognition/participation and result column"",""evidence_note"":""Official party recognition after constitutional-court decisions; not a durable legal-entity identifier""},{""source_id"":""src-de-bwl-final-archive"",""source_url"":""https://www.bundeswahlleiterin.de/dam/jcr/ce2d2b6a-f211-4355-8eea-355c98cd4e47/btw_kerg.zip"",""source_record_id"":""ac5d62cc9df7c681cb39baecb6602a8a766e43fea3000c50fb434225cc007ca8:btw2021-w_kerg.csv:337:57"",""retrieved_at"":""2026-10-01T23:21:39.584Z"",""raw_snapshot"":{""path"":""docs/political-data/raw/germany/2026-10-01T23-21-39-584Z_02e7077f9358c9ef/final-results.zip"",""sha256"":""02e7077f9358c9ef408741ee5d17123a43c28ea766b26a7ab338c08fcaeb7512""},""parser_version"":""germany-production-v1"",""parser_sha256"":""2a8eb3487f392ef83303e7fb9ff246e4c111a7e64a469a6aa9eb21461ae9b1a0"",""fields_covered"":[""historical_display_label""],""published_or_derived"":""published"",""label_basis"":""verbatim_election_specific_source"",""label_evidence"":[{""member"":""btw2021-w_kerg.csv"",""sha256"":""ac5d62cc9df7c681cb39baecb6602a8a766e43fea3000c50fb434225cc007ca8"",""column"":57,""record_id"":""ac5d62cc9df7c681cb39baecb6602a8a766e43fea3000c50fb434225cc007ca8:btw2021-w_kerg.csv:337:57""}]}]","{""decision_file"":""docs/political-data/germany_production_acceptance.json"",""reviewer"":""germany_source_review"",""reviewed_at"":""2026-10-02"",""scope"":""same_election_only_no_continuity""}"
"ct-de-0151","germany","el-de-bt-2021-09-26","party_list","Die Heimat (2021: Nationaldemokratische Partei Deutschlands)","Nationaldemokratische Partei Deutschlands",,"requires_manual_review","false","[{""source_id"":""src-de-bwl-final-archive"",""source_url"":""https://www.bundeswahlleiterin.de/dam/jcr/ce2d2b6a-f211-4355-8eea-355c98cd4e47/btw_kerg.zip"",""source_record_id"":""ac5d62cc9df7c681cb39baecb6602a8a766e43fea3000c50fb434225cc007ca8:btw2021-w_kerg.csv:337:61"",""retrieved_at"":""2026-10-01T23:21:39.584Z"",""raw_snapshot"":{""path"":""docs/political-data/raw/germany/2026-10-01T23-21-39-584Z_02e7077f9358c9ef/final-results.zip"",""sha256"":""02e7077f9358c9ef408741ee5d17123a43c28ea766b26a7ab338c08fcaeb7512""},""parser_version"":""germany-production-v1"",""parser_sha256"":""2a8eb3487f392ef83303e7fb9ff246e4c111a7e64a469a6aa9eb21461ae9b1a0"",""fields_covered"":[""second_votes"",""registered_label_native""],""published_or_derived"":""published"",""source_member"":""btw2021-w_kerg.csv"",""source_member_sha256"":""ac5d62cc9df7c681cb39baecb6602a8a766e43fea3000c50fb434225cc007ca8"",""source_column"":61},{""source_id"":""src-de-bwl-recognition-2021"",""source_url"":""https://www.bundeswahlleiterin.de/info/presse/mitteilungen/bundestagswahl-2021/17_21_beschluss-bverfg.html"",""source_record_id"":""src-de-bwl-recognition-2021:table:3:row:30"",""retrieved_at"":""2026-10-02T09:37:09.945Z"",""raw_snapshot"":{""path"":""docs/political-data/raw/germany/recognition_2021/recognition.html"",""sha256"":""ab1e12bc50286356002a51b764da3c87d573d4ee7285da6f88644eb59ed70b93""},""parser_version"":""germany-production-v1"",""parser_sha256"":""2a8eb3487f392ef83303e7fb9ff246e4c111a7e64a469a6aa9eb21461ae9b1a0"",""fields_covered"":[""contestant_kind"",""lead_party_id"",""membership""],""published_or_derived"":""published"",""decision_basis"":""manual review of official same-election recognition/participation and result column"",""evidence_note"":""Official party recognition after constitutional-court decisions; not a durable legal-entity identifier""},{""source_id"":""src-de-bwl-final-archive"",""source_url"":""https://www.bundeswahlleiterin.de/dam/jcr/ce2d2b6a-f211-4355-8eea-355c98cd4e47/btw_kerg.zip"",""source_record_id"":""ac5d62cc9df7c681cb39baecb6602a8a766e43fea3000c50fb434225cc007ca8:btw2021-w_kerg.csv:337:61 | c69c9f441fb4e16c99bff0f9dfd16a13ba7c657b9a75b0850fe781fa1deeacec:btw2021_kerg.csv:337:61"",""retrieved_at"":""2026-10-01T23:21:39.584Z"",""raw_snapshot"":{""path"":""docs/political-data/raw/germany/2026-10-01T23-21-39-584Z_02e7077f9358c9ef/final-results.zip"",""sha256"":""02e7077f9358c9ef408741ee5d17123a43c28ea766b26a7ab338c08fcaeb7512""},""parser_version"":""germany-production-v1"",""parser_sha256"":""2a8eb3487f392ef83303e7fb9ff246e4c111a7e64a469a6aa9eb21461ae9b1a0"",""fields_covered"":[""historical_display_label""],""published_or_derived"":""published"",""label_basis"":""manual_review_of_explicit_2021_annotation_and_original_header"",""label_evidence"":[{""member"":""btw2021-w_kerg.csv"",""sha256"":""ac5d62cc9df7c681cb39baecb6602a8a766e43fea3000c50fb434225cc007ca8"",""column"":61,""record_id"":""ac5d62cc9df7c681cb39baecb6602a8a766e43fea3000c50fb434225cc007ca8:btw2021-w_kerg.csv:337:61""},{""member"":""btw2021_kerg.csv"",""sha256"":""c69c9f441fb4e16c99bff0f9dfd16a13ba7c657b9a75b0850fe781fa1deeacec"",""column"":61,""record_id"":""c69c9f441fb4e16c99bff0f9dfd16a13ba7c657b9a75b0850fe781fa1deeacec:btw2021_kerg.csv:337:61""}]}]","{""decision_file"":""docs/political-data/germany_production_acceptance.json"",""reviewer"":""germany_source_review"",""reviewed_at"":""2026-10-02"",""scope"":""same_election_only_no_continuity""}"
"ct-de-0152","germany","el-de-bt-2021-09-26","party_list","Piratenpartei Deutschland","Piratenpartei Deutschland",,"requires_manual_review","false","[{""source_id"":""src-de-bwl-final-archive"",""source_url"":""https://www.bundeswahlleiterin.de/dam/jcr/ce2d2b6a-f211-4355-8eea-355c98cd4e47/btw_kerg.zip"",""source_record_id"":""ac5d62cc9df7c681cb39baecb6602a8a766e43fea3000c50fb434225cc007ca8:btw2021-w_kerg.csv:337:65"",""retrieved_at"":""2026-10-01T23:21:39.584Z"",""raw_snapshot"":{""path"":""docs/political-data/raw/germany/2026-10-01T23-21-39-584Z_02e7077f9358c9ef/final-results.zip"",""sha256"":""02e7077f9358c9ef408741ee5d17123a43c28ea766b26a7ab338c08fcaeb7512""},""parser_version"":""germany-production-v1"",""parser_sha256"":""2a8eb3487f392ef83303e7fb9ff246e4c111a7e64a469a6aa9eb21461ae9b1a0"",""fields_covered"":[""second_votes"",""registered_label_native""],""published_or_derived"":""published"",""source_member"":""btw2021-w_kerg.csv"",""source_member_sha256"":""ac5d62cc9df7c681cb39baecb6602a8a766e43fea3000c50fb434225cc007ca8"",""source_column"":65},{""source_id"":""src-de-bwl-recognition-2021"",""source_url"":""https://www.bundeswahlleiterin.de/info/presse/mitteilungen/bundestagswahl-2021/17_21_beschluss-bverfg.html"",""source_record_id"":""src-de-bwl-recognition-2021:table:3:row:27"",""retrieved_at"":""2026-10-02T09:37:09.945Z"",""raw_snapshot"":{""path"":""docs/political-data/raw/germany/recognition_2021/recognition.html"",""sha256"":""ab1e12bc50286356002a51b764da3c87d573d4ee7285da6f88644eb59ed70b93""},""parser_version"":""germany-production-v1"",""parser_sha256"":""2a8eb3487f392ef83303e7fb9ff246e4c111a7e64a469a6aa9eb21461ae9b1a0"",""fields_covered"":[""contestant_kind"",""lead_party_id"",""membership""],""published_or_derived"":""published"",""decision_basis"":""manual review of official same-election recognition/participation and result column"",""evidence_note"":""Official party recognition after constitutional-court decisions; not a durable legal-entity identifier""},{""source_id"":""src-de-bwl-final-archive"",""source_url"":""https://www.bundeswahlleiterin.de/dam/jcr/ce2d2b6a-f211-4355-8eea-355c98cd4e47/btw_kerg.zip"",""source_record_id"":""ac5d62cc9df7c681cb39baecb6602a8a766e43fea3000c50fb434225cc007ca8:btw2021-w_kerg.csv:337:65"",""retrieved_at"":""2026-10-01T23:21:39.584Z"",""raw_snapshot"":{""path"":""docs/political-data/raw/germany/2026-10-01T23-21-39-584Z_02e7077f9358c9ef/final-results.zip"",""sha256"":""02e7077f9358c9ef408741ee5d17123a43c28ea766b26a7ab338c08fcaeb7512""},""parser_version"":""germany-production-v1"",""parser_sha256"":""2a8eb3487f392ef83303e7fb9ff246e4c111a7e64a469a6aa9eb21461ae9b1a0"",""fields_covered"":[""historical_display_label""],""published_or_derived"":""published"",""label_basis"":""verbatim_election_specific_source"",""label_evidence"":[{""member"":""btw2021-w_kerg.csv"",""sha256"":""ac5d62cc9df7c681cb39baecb6602a8a766e43fea3000c50fb434225cc007ca8"",""column"":65,""record_id"":""ac5d62cc9df7c681cb39baecb6602a8a766e43fea3000c50fb434225cc007ca8:btw2021-w_kerg.csv:337:65""}]}]","{""decision_file"":""docs/political-data/germany_production_acceptance.json"",""reviewer"":""germany_source_review"",""reviewed_at"":""2026-10-02"",""scope"":""same_election_only_no_continuity""}"
"ct-de-0153","germany","el-de-bt-2021-09-26","party_list","Ökologisch-Demokratische Partei","Ökologisch-Demokratische Partei",,"requires_manual_review","false","[{""source_id"":""src-de-bwl-final-archive"",""source_url"":""https://www.bundeswahlleiterin.de/dam/jcr/ce2d2b6a-f211-4355-8eea-355c98cd4e47/btw_kerg.zip"",""source_record_id"":""ac5d62cc9df7c681cb39baecb6602a8a766e43fea3000c50fb434225cc007ca8:btw2021-w_kerg.csv:337:69"",""retrieved_at"":""2026-10-01T23:21:39.584Z"",""raw_snapshot"":{""path"":""docs/political-data/raw/germany/2026-10-01T23-21-39-584Z_02e7077f9358c9ef/final-results.zip"",""sha256"":""02e7077f9358c9ef408741ee5d17123a43c28ea766b26a7ab338c08fcaeb7512""},""parser_version"":""germany-production-v1"",""parser_sha256"":""2a8eb3487f392ef83303e7fb9ff246e4c111a7e64a469a6aa9eb21461ae9b1a0"",""fields_covered"":[""second_votes"",""registered_label_native""],""published_or_derived"":""published"",""source_member"":""btw2021-w_kerg.csv"",""source_member_sha256"":""ac5d62cc9df7c681cb39baecb6602a8a766e43fea3000c50fb434225cc007ca8"",""source_column"":69},{""source_id"":""src-de-bwl-recognition-2021"",""source_url"":""https://www.bundeswahlleiterin.de/info/presse/mitteilungen/bundestagswahl-2021/17_21_beschluss-bverfg.html"",""source_record_id"":""src-de-bwl-recognition-2021:table:3:row:20"",""retrieved_at"":""2026-10-02T09:37:09.945Z"",""raw_snapshot"":{""path"":""docs/political-data/raw/germany/recognition_2021/recognition.html"",""sha256"":""ab1e12bc50286356002a51b764da3c87d573d4ee7285da6f88644eb59ed70b93""},""parser_version"":""germany-production-v1"",""parser_sha256"":""2a8eb3487f392ef83303e7fb9ff246e4c111a7e64a469a6aa9eb21461ae9b1a0"",""fields_covered"":[""contestant_kind"",""lead_party_id"",""membership""],""published_or_derived"":""published"",""decision_basis"":""manual review of official same-election recognition/participation and result column"",""evidence_note"":""Official party recognition after constitutional-court decisions; not a durable legal-entity identifier""},{""source_id"":""src-de-bwl-final-archive"",""source_url"":""https://www.bundeswahlleiterin.de/dam/jcr/ce2d2b6a-f211-4355-8eea-355c98cd4e47/btw_kerg.zip"",""source_record_id"":""ac5d62cc9df7c681cb39baecb6602a8a766e43fea3000c50fb434225cc007ca8:btw2021-w_kerg.csv:337:69"",""retrieved_at"":""2026-10-01T23:21:39.584Z"",""raw_snapshot"":{""path"":""docs/political-data/raw/germany/2026-10-01T23-21-39-584Z_02e7077f9358c9ef/final-results.zip"",""sha256"":""02e7077f9358c9ef408741ee5d17123a43c28ea766b26a7ab338c08fcaeb7512""},""parser_version"":""germany-production-v1"",""parser_sha256"":""2a8eb3487f392ef83303e7fb9ff246e4c111a7e64a469a6aa9eb21461ae9b1a0"",""fields_covered"":[""historical_display_label""],""published_or_derived"":""published"",""label_basis"":""verbatim_election_specific_source"",""label_evidence"":[{""member"":""btw2021-w_kerg.csv"",""sha256"":""ac5d62cc9df7c681cb39baecb6602a8a766e43fea3000c50fb434225cc007ca8"",""column"":69,""record_id"":""ac5d62cc9df7c681cb39baecb6602a8a766e43fea3000c50fb434225cc007ca8:btw2021-w_kerg.csv:337:69""}]}]","{""decision_file"":""docs/political-data/germany_production_acceptance.json"",""reviewer"":""germany_source_review"",""reviewed_at"":""2026-10-02"",""scope"":""same_election_only_no_continuity""}"
"ct-de-0154","germany","el-de-bt-2021-09-26","party_list","V-Partei³ - Partei für Veränderung, Vegetarier und Veganer","V-Partei³ - Partei für Veränderung, Vegetarier und Veganer",,"requires_manual_review","false","[{""source_id"":""src-de-bwl-final-archive"",""source_url"":""https://www.bundeswahlleiterin.de/dam/jcr/ce2d2b6a-f211-4355-8eea-355c98cd4e47/btw_kerg.zip"",""source_record_id"":""ac5d62cc9df7c681cb39baecb6602a8a766e43fea3000c50fb434225cc007ca8:btw2021-w_kerg.csv:337:73"",""retrieved_at"":""2026-10-01T23:21:39.584Z"",""raw_snapshot"":{""path"":""docs/political-data/raw/germany/2026-10-01T23-21-39-584Z_02e7077f9358c9ef/final-results.zip"",""sha256"":""02e7077f9358c9ef408741ee5d17123a43c28ea766b26a7ab338c08fcaeb7512""},""parser_version"":""germany-production-v1"",""parser_sha256"":""2a8eb3487f392ef83303e7fb9ff246e4c111a7e64a469a6aa9eb21461ae9b1a0"",""fields_covered"":[""second_votes"",""registered_label_native""],""published_or_derived"":""published"",""source_member"":""btw2021-w_kerg.csv"",""source_member_sha256"":""ac5d62cc9df7c681cb39baecb6602a8a766e43fea3000c50fb434225cc007ca8"",""source_column"":73},{""source_id"":""src-de-bwl-recognition-2021"",""source_url"":""https://www.bundeswahlleiterin.de/info/presse/mitteilungen/bundestagswahl-2021/17_21_beschluss-bverfg.html"",""source_record_id"":""src-de-bwl-recognition-2021:table:3:row:28"",""retrieved_at"":""2026-10-02T09:37:09.945Z"",""raw_snapshot"":{""path"":""docs/political-data/raw/germany/recognition_2021/recognition.html"",""sha256"":""ab1e12bc50286356002a51b764da3c87d573d4ee7285da6f88644eb59ed70b93""},""parser_version"":""germany-production-v1"",""parser_sha256"":""2a8eb3487f392ef83303e7fb9ff246e4c111a7e64a469a6aa9eb21461ae9b1a0"",""fields_covered"":[""contestant_kind"",""lead_party_id"",""membership""],""published_or_derived"":""published"",""decision_basis"":""manual review of official same-election recognition/participation and result column"",""evidence_note"":""Official party recognition after constitutional-court decisions; not a durable legal-entity identifier""},{""source_id"":""src-de-bwl-final-archive"",""source_url"":""https://www.bundeswahlleiterin.de/dam/jcr/ce2d2b6a-f211-4355-8eea-355c98cd4e47/btw_kerg.zip"",""source_record_id"":""ac5d62cc9df7c681cb39baecb6602a8a766e43fea3000c50fb434225cc007ca8:btw2021-w_kerg.csv:337:73"",""retrieved_at"":""2026-10-01T23:21:39.584Z"",""raw_snapshot"":{""path"":""docs/political-data/raw/germany/2026-10-01T23-21-39-584Z_02e7077f9358c9ef/final-results.zip"",""sha256"":""02e7077f9358c9ef408741ee5d17123a43c28ea766b26a7ab338c08fcaeb7512""},""parser_version"":""germany-production-v1"",""parser_sha256"":""2a8eb3487f392ef83303e7fb9ff246e4c111a7e64a469a6aa9eb21461ae9b1a0"",""fields_covered"":[""historical_display_label""],""published_or_derived"":""published"",""label_basis"":""verbatim_election_specific_source"",""label_evidence"":[{""member"":""btw2021-w_kerg.csv"",""sha256"":""ac5d62cc9df7c681cb39baecb6602a8a766e43fea3000c50fb434225cc007ca8"",""column"":73,""record_id"":""ac5d62cc9df7c681cb39baecb6602a8a766e43fea3000c50fb434225cc007ca8:btw2021-w_kerg.csv:337:73""}]}]","{""decision_file"":""docs/political-data/germany_production_acceptance.json"",""reviewer"":""germany_source_review"",""reviewed_at"":""2026-10-02"",""scope"":""same_election_only_no_continuity""}"
"ct-de-0155","germany","el-de-bt-2021-09-26","party_list","DEMOKRATIE IN BEWEGUNG","DEMOKRATIE IN BEWEGUNG",,"requires_manual_review","false","[{""source_id"":""src-de-bwl-final-archive"",""source_url"":""https://www.bundeswahlleiterin.de/dam/jcr/ce2d2b6a-f211-4355-8eea-355c98cd4e47/btw_kerg.zip"",""source_record_id"":""ac5d62cc9df7c681cb39baecb6602a8a766e43fea3000c50fb434225cc007ca8:btw2021-w_kerg.csv:337:77"",""retrieved_at"":""2026-10-01T23:21:39.584Z"",""raw_snapshot"":{""path"":""docs/political-data/raw/germany/2026-10-01T23-21-39-584Z_02e7077f9358c9ef/final-results.zip"",""sha256"":""02e7077f9358c9ef408741ee5d17123a43c28ea766b26a7ab338c08fcaeb7512""},""parser_version"":""germany-production-v1"",""parser_sha256"":""2a8eb3487f392ef83303e7fb9ff246e4c111a7e64a469a6aa9eb21461ae9b1a0"",""fields_covered"":[""second_votes"",""registered_label_native""],""published_or_derived"":""published"",""source_member"":""btw2021-w_kerg.csv"",""source_member_sha256"":""ac5d62cc9df7c681cb39baecb6602a8a766e43fea3000c50fb434225cc007ca8"",""source_column"":77},{""source_id"":""src-de-bwl-recognition-2021"",""source_url"":""https://www.bundeswahlleiterin.de/info/presse/mitteilungen/bundestagswahl-2021/17_21_beschluss-bverfg.html"",""source_record_id"":""src-de-bwl-recognition-2021:table:3:row:29"",""retrieved_at"":""2026-10-02T09:37:09.945Z"",""raw_snapshot"":{""path"":""docs/political-data/raw/germany/recognition_2021/recognition.html"",""sha256"":""ab1e12bc50286356002a51b764da3c87d573d4ee7285da6f88644eb59ed70b93""},""parser_version"":""germany-production-v1"",""parser_sha256"":""2a8eb3487f392ef83303e7fb9ff246e4c111a7e64a469a6aa9eb21461ae9b1a0"",""fields_covered"":[""contestant_kind"",""lead_party_id"",""membership""],""published_or_derived"":""published"",""decision_basis"":""manual review of official same-election recognition/participation and result column"",""evidence_note"":""Official party recognition after constitutional-court decisions; not a durable legal-entity identifier""},{""source_id"":""src-de-bwl-final-archive"",""source_url"":""https://www.bundeswahlleiterin.de/dam/jcr/ce2d2b6a-f211-4355-8eea-355c98cd4e47/btw_kerg.zip"",""source_record_id"":""ac5d62cc9df7c681cb39baecb6602a8a766e43fea3000c50fb434225cc007ca8:btw2021-w_kerg.csv:337:77"",""retrieved_at"":""2026-10-01T23:21:39.584Z"",""raw_snapshot"":{""path"":""docs/political-data/raw/germany/2026-10-01T23-21-39-584Z_02e7077f9358c9ef/final-results.zip"",""sha256"":""02e7077f9358c9ef408741ee5d17123a43c28ea766b26a7ab338c08fcaeb7512""},""parser_version"":""germany-production-v1"",""parser_sha256"":""2a8eb3487f392ef83303e7fb9ff246e4c111a7e64a469a6aa9eb21461ae9b1a0"",""fields_covered"":[""historical_display_label""],""published_or_derived"":""published"",""label_basis"":""verbatim_election_specific_source"",""label_evidence"":[{""member"":""btw2021-w_kerg.csv"",""sha256"":""ac5d62cc9df7c681cb39baecb6602a8a766e43fea3000c50fb434225cc007ca8"",""column"":77,""record_id"":""ac5d62cc9df7c681cb39baecb6602a8a766e43fea3000c50fb434225cc007ca8:btw2021-w_kerg.csv:337:77""}]}]","{""decision_file"":""docs/political-data/germany_production_acceptance.json"",""reviewer"":""germany_source_review"",""reviewed_at"":""2026-10-02"",""scope"":""same_election_only_no_continuity""}"
"ct-de-0156","germany","el-de-bt-2021-09-26","party_list","Bayernpartei","Bayernpartei",,"requires_manual_review","false","[{""source_id"":""src-de-bwl-final-archive"",""source_url"":""https://www.bundeswahlleiterin.de/dam/jcr/ce2d2b6a-f211-4355-8eea-355c98cd4e47/btw_kerg.zip"",""source_record_id"":""ac5d62cc9df7c681cb39baecb6602a8a766e43fea3000c50fb434225cc007ca8:btw2021-w_kerg.csv:337:81"",""retrieved_at"":""2026-10-01T23:21:39.584Z"",""raw_snapshot"":{""path"":""docs/political-data/raw/germany/2026-10-01T23-21-39-584Z_02e7077f9358c9ef/final-results.zip"",""sha256"":""02e7077f9358c9ef408741ee5d17123a43c28ea766b26a7ab338c08fcaeb7512""},""parser_version"":""germany-production-v1"",""parser_sha256"":""2a8eb3487f392ef83303e7fb9ff246e4c111a7e64a469a6aa9eb21461ae9b1a0"",""fields_covered"":[""second_votes"",""registered_label_native""],""published_or_derived"":""published"",""source_member"":""btw2021-w_kerg.csv"",""source_member_sha256"":""ac5d62cc9df7c681cb39baecb6602a8a766e43fea3000c50fb434225cc007ca8"",""source_column"":81},{""source_id"":""src-de-bwl-recognition-2021"",""source_url"":""https://www.bundeswahlleiterin.de/info/presse/mitteilungen/bundestagswahl-2021/17_21_beschluss-bverfg.html"",""source_record_id"":""src-de-bwl-recognition-2021:table:3:row:6"",""retrieved_at"":""2026-10-02T09:37:09.945Z"",""raw_snapshot"":{""path"":""docs/political-data/raw/germany/recognition_2021/recognition.html"",""sha256"":""ab1e12bc50286356002a51b764da3c87d573d4ee7285da6f88644eb59ed70b93""},""parser_version"":""germany-production-v1"",""parser_sha256"":""2a8eb3487f392ef83303e7fb9ff246e4c111a7e64a469a6aa9eb21461ae9b1a0"",""fields_covered"":[""contestant_kind"",""lead_party_id"",""membership""],""published_or_derived"":""published"",""decision_basis"":""manual review of official same-election recognition/participation and result column"",""evidence_note"":""Official party recognition after constitutional-court decisions; not a durable legal-entity identifier""},{""source_id"":""src-de-bwl-final-archive"",""source_url"":""https://www.bundeswahlleiterin.de/dam/jcr/ce2d2b6a-f211-4355-8eea-355c98cd4e47/btw_kerg.zip"",""source_record_id"":""ac5d62cc9df7c681cb39baecb6602a8a766e43fea3000c50fb434225cc007ca8:btw2021-w_kerg.csv:337:81"",""retrieved_at"":""2026-10-01T23:21:39.584Z"",""raw_snapshot"":{""path"":""docs/political-data/raw/germany/2026-10-01T23-21-39-584Z_02e7077f9358c9ef/final-results.zip"",""sha256"":""02e7077f9358c9ef408741ee5d17123a43c28ea766b26a7ab338c08fcaeb7512""},""parser_version"":""germany-production-v1"",""parser_sha256"":""2a8eb3487f392ef83303e7fb9ff246e4c111a7e64a469a6aa9eb21461ae9b1a0"",""fields_covered"":[""historical_display_label""],""published_or_derived"":""published"",""label_basis"":""verbatim_election_specific_source"",""label_evidence"":[{""member"":""btw2021-w_kerg.csv"",""sha256"":""ac5d62cc9df7c681cb39baecb6602a8a766e43fea3000c50fb434225cc007ca8"",""column"":81,""record_id"":""ac5d62cc9df7c681cb39baecb6602a8a766e43fea3000c50fb434225cc007ca8:btw2021-w_kerg.csv:337:81""}]}]","{""decision_file"":""docs/political-data/germany_production_acceptance.json"",""reviewer"":""germany_source_review"",""reviewed_at"":""2026-10-02"",""scope"":""same_election_only_no_continuity""}"
"ct-de-0157","germany","el-de-bt-2021-09-26","party_list","Allianz für Menschenrechte, Tier- und Naturschutz","Allianz für Menschenrechte, Tier- und Naturschutz",,"requires_manual_review","false","[{""source_id"":""src-de-bwl-final-archive"",""source_url"":""https://www.bundeswahlleiterin.de/dam/jcr/ce2d2b6a-f211-4355-8eea-355c98cd4e47/btw_kerg.zip"",""source_record_id"":""ac5d62cc9df7c681cb39baecb6602a8a766e43fea3000c50fb434225cc007ca8:btw2021-w_kerg.csv:337:85"",""retrieved_at"":""2026-10-01T23:21:39.584Z"",""raw_snapshot"":{""path"":""docs/political-data/raw/germany/2026-10-01T23-21-39-584Z_02e7077f9358c9ef/final-results.zip"",""sha256"":""02e7077f9358c9ef408741ee5d17123a43c28ea766b26a7ab338c08fcaeb7512""},""parser_version"":""germany-production-v1"",""parser_sha256"":""2a8eb3487f392ef83303e7fb9ff246e4c111a7e64a469a6aa9eb21461ae9b1a0"",""fields_covered"":[""second_votes"",""registered_label_native""],""published_or_derived"":""published"",""source_member"":""btw2021-w_kerg.csv"",""source_member_sha256"":""ac5d62cc9df7c681cb39baecb6602a8a766e43fea3000c50fb434225cc007ca8"",""source_column"":85},{""source_id"":""src-de-bwl-recognition-2021"",""source_url"":""https://www.bundeswahlleiterin.de/info/presse/mitteilungen/bundestagswahl-2021/17_21_beschluss-bverfg.html"",""source_record_id"":""src-de-bwl-recognition-2021:table:3:row:4"",""retrieved_at"":""2026-10-02T09:37:09.945Z"",""raw_snapshot"":{""path"":""docs/political-data/raw/germany/recognition_2021/recognition.html"",""sha256"":""ab1e12bc50286356002a51b764da3c87d573d4ee7285da6f88644eb59ed70b93""},""parser_version"":""germany-production-v1"",""parser_sha256"":""2a8eb3487f392ef83303e7fb9ff246e4c111a7e64a469a6aa9eb21461ae9b1a0"",""fields_covered"":[""contestant_kind"",""lead_party_id"",""membership""],""published_or_derived"":""published"",""decision_basis"":""manual review of official same-election recognition/participation and result column"",""evidence_note"":""Official party recognition after constitutional-court decisions; not a durable legal-entity identifier""},{""source_id"":""src-de-bwl-final-archive"",""source_url"":""https://www.bundeswahlleiterin.de/dam/jcr/ce2d2b6a-f211-4355-8eea-355c98cd4e47/btw_kerg.zip"",""source_record_id"":""ac5d62cc9df7c681cb39baecb6602a8a766e43fea3000c50fb434225cc007ca8:btw2021-w_kerg.csv:337:85"",""retrieved_at"":""2026-10-01T23:21:39.584Z"",""raw_snapshot"":{""path"":""docs/political-data/raw/germany/2026-10-01T23-21-39-584Z_02e7077f9358c9ef/final-results.zip"",""sha256"":""02e7077f9358c9ef408741ee5d17123a43c28ea766b26a7ab338c08fcaeb7512""},""parser_version"":""germany-production-v1"",""parser_sha256"":""2a8eb3487f392ef83303e7fb9ff246e4c111a7e64a469a6aa9eb21461ae9b1a0"",""fields_covered"":[""historical_display_label""],""published_or_derived"":""published"",""label_basis"":""verbatim_election_specific_source"",""label_evidence"":[{""member"":""btw2021-w_kerg.csv"",""sha256"":""ac5d62cc9df7c681cb39baecb6602a8a766e43fea3000c50fb434225cc007ca8"",""column"":85,""record_id"":""ac5d62cc9df7c681cb39baecb6602a8a766e43fea3000c50fb434225cc007ca8:btw2021-w_kerg.csv:337:85""}]}]","{""decision_file"":""docs/political-data/germany_production_acceptance.json"",""reviewer"":""germany_source_review"",""reviewed_at"":""2026-10-02"",""scope"":""same_election_only_no_continuity""}"
"ct-de-0158","germany","el-de-bt-2021-09-26","party_list","Marxistisch-Leninistische Partei Deutschlands","Marxistisch-Leninistische Partei Deutschlands",,"requires_manual_review","false","[{""source_id"":""src-de-bwl-final-archive"",""source_url"":""https://www.bundeswahlleiterin.de/dam/jcr/ce2d2b6a-f211-4355-8eea-355c98cd4e47/btw_kerg.zip"",""source_record_id"":""ac5d62cc9df7c681cb39baecb6602a8a766e43fea3000c50fb434225cc007ca8:btw2021-w_kerg.csv:337:89"",""retrieved_at"":""2026-10-01T23:21:39.584Z"",""raw_snapshot"":{""path"":""docs/political-data/raw/germany/2026-10-01T23-21-39-584Z_02e7077f9358c9ef/final-results.zip"",""sha256"":""02e7077f9358c9ef408741ee5d17123a43c28ea766b26a7ab338c08fcaeb7512""},""parser_version"":""germany-production-v1"",""parser_sha256"":""2a8eb3487f392ef83303e7fb9ff246e4c111a7e64a469a6aa9eb21461ae9b1a0"",""fields_covered"":[""second_votes"",""registered_label_native""],""published_or_derived"":""published"",""source_member"":""btw2021-w_kerg.csv"",""source_member_sha256"":""ac5d62cc9df7c681cb39baecb6602a8a766e43fea3000c50fb434225cc007ca8"",""source_column"":89},{""source_id"":""src-de-bwl-recognition-2021"",""source_url"":""https://www.bundeswahlleiterin.de/info/presse/mitteilungen/bundestagswahl-2021/17_21_beschluss-bverfg.html"",""source_record_id"":""src-de-bwl-recognition-2021:table:3:row:9"",""retrieved_at"":""2026-10-02T09:37:09.945Z"",""raw_snapshot"":{""path"":""docs/political-data/raw/germany/recognition_2021/recognition.html"",""sha256"":""ab1e12bc50286356002a51b764da3c87d573d4ee7285da6f88644eb59ed70b93""},""parser_version"":""germany-production-v1"",""parser_sha256"":""2a8eb3487f392ef83303e7fb9ff246e4c111a7e64a469a6aa9eb21461ae9b1a0"",""fields_covered"":[""contestant_kind"",""lead_party_id"",""membership""],""published_or_derived"":""published"",""decision_basis"":""manual review of official same-election recognition/participation and result column"",""evidence_note"":""Official party recognition after constitutional-court decisions; not a durable legal-entity identifier""},{""source_id"":""src-de-bwl-final-archive"",""source_url"":""https://www.bundeswahlleiterin.de/dam/jcr/ce2d2b6a-f211-4355-8eea-355c98cd4e47/btw_kerg.zip"",""source_record_id"":""ac5d62cc9df7c681cb39baecb6602a8a766e43fea3000c50fb434225cc007ca8:btw2021-w_kerg.csv:337:89"",""retrieved_at"":""2026-10-01T23:21:39.584Z"",""raw_snapshot"":{""path"":""docs/political-data/raw/germany/2026-10-01T23-21-39-584Z_02e7077f9358c9ef/final-results.zip"",""sha256"":""02e7077f9358c9ef408741ee5d17123a43c28ea766b26a7ab338c08fcaeb7512""},""parser_version"":""germany-production-v1"",""parser_sha256"":""2a8eb3487f392ef83303e7fb9ff246e4c111a7e64a469a6aa9eb21461ae9b1a0"",""fields_covered"":[""historical_display_label""],""published_or_derived"":""published"",""label_basis"":""verbatim_election_specific_source"",""label_evidence"":[{""member"":""btw2021-w_kerg.csv"",""sha256"":""ac5d62cc9df7c681cb39baecb6602a8a766e43fea3000c50fb434225cc007ca8"",""column"":89,""record_id"":""ac5d62cc9df7c681cb39baecb6602a8a766e43fea3000c50fb434225cc007ca8:btw2021-w_kerg.csv:337:89""}]}]","{""decision_file"":""docs/political-data/germany_production_acceptance.json"",""reviewer"":""germany_source_review"",""reviewed_at"":""2026-10-02"",""scope"":""same_election_only_no_continuity""}"
"ct-de-0159","germany","el-de-bt-2021-09-26","party_list","Partei für schulmedizinische Verjüngungsforschung (2021: Partei für Gesundheitsforschung)","Partei für Gesundheitsforschung",,"requires_manual_review","false","[{""source_id"":""src-de-bwl-final-archive"",""source_url"":""https://www.bundeswahlleiterin.de/dam/jcr/ce2d2b6a-f211-4355-8eea-355c98cd4e47/btw_kerg.zip"",""source_record_id"":""ac5d62cc9df7c681cb39baecb6602a8a766e43fea3000c50fb434225cc007ca8:btw2021-w_kerg.csv:337:93"",""retrieved_at"":""2026-10-01T23:21:39.584Z"",""raw_snapshot"":{""path"":""docs/political-data/raw/germany/2026-10-01T23-21-39-584Z_02e7077f9358c9ef/final-results.zip"",""sha256"":""02e7077f9358c9ef408741ee5d17123a43c28ea766b26a7ab338c08fcaeb7512""},""parser_version"":""germany-production-v1"",""parser_sha256"":""2a8eb3487f392ef83303e7fb9ff246e4c111a7e64a469a6aa9eb21461ae9b1a0"",""fields_covered"":[""second_votes"",""registered_label_native""],""published_or_derived"":""published"",""source_member"":""btw2021-w_kerg.csv"",""source_member_sha256"":""ac5d62cc9df7c681cb39baecb6602a8a766e43fea3000c50fb434225cc007ca8"",""source_column"":93},{""source_id"":""src-de-bwl-recognition-2021"",""source_url"":""https://www.bundeswahlleiterin.de/info/presse/mitteilungen/bundestagswahl-2021/17_21_beschluss-bverfg.html"",""source_record_id"":""src-de-bwl-recognition-2021:table:3:row:25"",""retrieved_at"":""2026-10-02T09:37:09.945Z"",""raw_snapshot"":{""path"":""docs/political-data/raw/germany/recognition_2021/recognition.html"",""sha256"":""ab1e12bc50286356002a51b764da3c87d573d4ee7285da6f88644eb59ed70b93""},""parser_version"":""germany-production-v1"",""parser_sha256"":""2a8eb3487f392ef83303e7fb9ff246e4c111a7e64a469a6aa9eb21461ae9b1a0"",""fields_covered"":[""contestant_kind"",""lead_party_id"",""membership""],""published_or_derived"":""published"",""decision_basis"":""manual review of official same-election recognition/participation and result column"",""evidence_note"":""Official party recognition after constitutional-court decisions; not a durable legal-entity identifier""},{""source_id"":""src-de-bwl-final-archive"",""source_url"":""https://www.bundeswahlleiterin.de/dam/jcr/ce2d2b6a-f211-4355-8eea-355c98cd4e47/btw_kerg.zip"",""source_record_id"":""ac5d62cc9df7c681cb39baecb6602a8a766e43fea3000c50fb434225cc007ca8:btw2021-w_kerg.csv:337:93 | c69c9f441fb4e16c99bff0f9dfd16a13ba7c657b9a75b0850fe781fa1deeacec:btw2021_kerg.csv:337:93"",""retrieved_at"":""2026-10-01T23:21:39.584Z"",""raw_snapshot"":{""path"":""docs/political-data/raw/germany/2026-10-01T23-21-39-584Z_02e7077f9358c9ef/final-results.zip"",""sha256"":""02e7077f9358c9ef408741ee5d17123a43c28ea766b26a7ab338c08fcaeb7512""},""parser_version"":""germany-production-v1"",""parser_sha256"":""2a8eb3487f392ef83303e7fb9ff246e4c111a7e64a469a6aa9eb21461ae9b1a0"",""fields_covered"":[""historical_display_label""],""published_or_derived"":""published"",""label_basis"":""manual_review_of_explicit_2021_annotation_and_original_header"",""label_evidence"":[{""member"":""btw2021-w_kerg.csv"",""sha256"":""ac5d62cc9df7c681cb39baecb6602a8a766e43fea3000c50fb434225cc007ca8"",""column"":93,""record_id"":""ac5d62cc9df7c681cb39baecb6602a8a766e43fea3000c50fb434225cc007ca8:btw2021-w_kerg.csv:337:93""},{""member"":""btw2021_kerg.csv"",""sha256"":""c69c9f441fb4e16c99bff0f9dfd16a13ba7c657b9a75b0850fe781fa1deeacec"",""column"":93,""record_id"":""c69c9f441fb4e16c99bff0f9dfd16a13ba7c657b9a75b0850fe781fa1deeacec:btw2021_kerg.csv:337:93""}]}]","{""decision_file"":""docs/political-data/germany_production_acceptance.json"",""reviewer"":""germany_source_review"",""reviewed_at"":""2026-10-02"",""scope"":""same_election_only_no_continuity""}"
"ct-de-0160","germany","el-de-bt-2021-09-26","party_list","Menschliche Welt - für das Wohl und Glücklichsein aller","Menschliche Welt - für das Wohl und Glücklichsein aller",,"requires_manual_review","false","[{""source_id"":""src-de-bwl-final-archive"",""source_url"":""https://www.bundeswahlleiterin.de/dam/jcr/ce2d2b6a-f211-4355-8eea-355c98cd4e47/btw_kerg.zip"",""source_record_id"":""ac5d62cc9df7c681cb39baecb6602a8a766e43fea3000c50fb434225cc007ca8:btw2021-w_kerg.csv:337:97"",""retrieved_at"":""2026-10-01T23:21:39.584Z"",""raw_snapshot"":{""path"":""docs/political-data/raw/germany/2026-10-01T23-21-39-584Z_02e7077f9358c9ef/final-results.zip"",""sha256"":""02e7077f9358c9ef408741ee5d17123a43c28ea766b26a7ab338c08fcaeb7512""},""parser_version"":""germany-production-v1"",""parser_sha256"":""2a8eb3487f392ef83303e7fb9ff246e4c111a7e64a469a6aa9eb21461ae9b1a0"",""fields_covered"":[""second_votes"",""registered_label_native""],""published_or_derived"":""published"",""source_member"":""btw2021-w_kerg.csv"",""source_member_sha256"":""ac5d62cc9df7c681cb39baecb6602a8a766e43fea3000c50fb434225cc007ca8"",""source_column"":97},{""source_id"":""src-de-bwl-recognition-2021"",""source_url"":""https://www.bundeswahlleiterin.de/info/presse/mitteilungen/bundestagswahl-2021/17_21_beschluss-bverfg.html"",""source_record_id"":""src-de-bwl-recognition-2021:table:3:row:3"",""retrieved_at"":""2026-10-02T09:37:09.945Z"",""raw_snapshot"":{""path"":""docs/political-data/raw/germany/recognition_2021/recognition.html"",""sha256"":""ab1e12bc50286356002a51b764da3c87d573d4ee7285da6f88644eb59ed70b93""},""parser_version"":""germany-production-v1"",""parser_sha256"":""2a8eb3487f392ef83303e7fb9ff246e4c111a7e64a469a6aa9eb21461ae9b1a0"",""fields_covered"":[""contestant_kind"",""lead_party_id"",""membership""],""published_or_derived"":""published"",""decision_basis"":""manual review of official same-election recognition/participation and result column"",""evidence_note"":""Official party recognition after constitutional-court decisions; not a durable legal-entity identifier""},{""source_id"":""src-de-bwl-final-archive"",""source_url"":""https://www.bundeswahlleiterin.de/dam/jcr/ce2d2b6a-f211-4355-8eea-355c98cd4e47/btw_kerg.zip"",""source_record_id"":""ac5d62cc9df7c681cb39baecb6602a8a766e43fea3000c50fb434225cc007ca8:btw2021-w_kerg.csv:337:97"",""retrieved_at"":""2026-10-01T23:21:39.584Z"",""raw_snapshot"":{""path"":""docs/political-data/raw/germany/2026-10-01T23-21-39-584Z_02e7077f9358c9ef/final-results.zip"",""sha256"":""02e7077f9358c9ef408741ee5d17123a43c28ea766b26a7ab338c08fcaeb7512""},""parser_version"":""germany-production-v1"",""parser_sha256"":""2a8eb3487f392ef83303e7fb9ff246e4c111a7e64a469a6aa9eb21461ae9b1a0"",""fields_covered"":[""historical_display_label""],""published_or_derived"":""published"",""label_basis"":""verbatim_election_specific_source"",""label_evidence"":[{""member"":""btw2021-w_kerg.csv"",""sha256"":""ac5d62cc9df7c681cb39baecb6602a8a766e43fea3000c50fb434225cc007ca8"",""column"":97,""record_id"":""ac5d62cc9df7c681cb39baecb6602a8a766e43fea3000c50fb434225cc007ca8:btw2021-w_kerg.csv:337:97""}]}]","{""decision_file"":""docs/political-data/germany_production_acceptance.json"",""reviewer"":""germany_source_review"",""reviewed_at"":""2026-10-02"",""scope"":""same_election_only_no_continuity""}"
"ct-de-0161","germany","el-de-bt-2021-09-26","party_list","Deutsche Kommunistische Partei","Deutsche Kommunistische Partei",,"requires_manual_review","false","[{""source_id"":""src-de-bwl-final-archive"",""source_url"":""https://www.bundeswahlleiterin.de/dam/jcr/ce2d2b6a-f211-4355-8eea-355c98cd4e47/btw_kerg.zip"",""source_record_id"":""ac5d62cc9df7c681cb39baecb6602a8a766e43fea3000c50fb434225cc007ca8:btw2021-w_kerg.csv:337:101"",""retrieved_at"":""2026-10-01T23:21:39.584Z"",""raw_snapshot"":{""path"":""docs/political-data/raw/germany/2026-10-01T23-21-39-584Z_02e7077f9358c9ef/final-results.zip"",""sha256"":""02e7077f9358c9ef408741ee5d17123a43c28ea766b26a7ab338c08fcaeb7512""},""parser_version"":""germany-production-v1"",""parser_sha256"":""2a8eb3487f392ef83303e7fb9ff246e4c111a7e64a469a6aa9eb21461ae9b1a0"",""fields_covered"":[""second_votes"",""registered_label_native""],""published_or_derived"":""published"",""source_member"":""btw2021-w_kerg.csv"",""source_member_sha256"":""ac5d62cc9df7c681cb39baecb6602a8a766e43fea3000c50fb434225cc007ca8"",""source_column"":101},{""source_id"":""src-de-bwl-recognition-2021"",""source_url"":""https://www.bundeswahlleiterin.de/info/presse/mitteilungen/bundestagswahl-2021/17_21_beschluss-bverfg.html"",""source_record_id"":""src-de-bwl-recognition-2021:table:3:row:2"",""retrieved_at"":""2026-10-02T09:37:09.945Z"",""raw_snapshot"":{""path"":""docs/political-data/raw/germany/recognition_2021/recognition.html"",""sha256"":""ab1e12bc50286356002a51b764da3c87d573d4ee7285da6f88644eb59ed70b93""},""parser_version"":""germany-production-v1"",""parser_sha256"":""2a8eb3487f392ef83303e7fb9ff246e4c111a7e64a469a6aa9eb21461ae9b1a0"",""fields_covered"":[""contestant_kind"",""lead_party_id"",""membership""],""published_or_derived"":""published"",""decision_basis"":""manual review of official same-election recognition/participation and result column"",""evidence_note"":""Official party recognition after constitutional-court decisions; not a durable legal-entity identifier""},{""source_id"":""src-de-bwl-final-archive"",""source_url"":""https://www.bundeswahlleiterin.de/dam/jcr/ce2d2b6a-f211-4355-8eea-355c98cd4e47/btw_kerg.zip"",""source_record_id"":""ac5d62cc9df7c681cb39baecb6602a8a766e43fea3000c50fb434225cc007ca8:btw2021-w_kerg.csv:337:101"",""retrieved_at"":""2026-10-01T23:21:39.584Z"",""raw_snapshot"":{""path"":""docs/political-data/raw/germany/2026-10-01T23-21-39-584Z_02e7077f9358c9ef/final-results.zip"",""sha256"":""02e7077f9358c9ef408741ee5d17123a43c28ea766b26a7ab338c08fcaeb7512""},""parser_version"":""germany-production-v1"",""parser_sha256"":""2a8eb3487f392ef83303e7fb9ff246e4c111a7e64a469a6aa9eb21461ae9b1a0"",""fields_covered"":[""historical_display_label""],""published_or_derived"":""published"",""label_basis"":""verbatim_election_specific_source"",""label_evidence"":[{""member"":""btw2021-w_kerg.csv"",""sha256"":""ac5d62cc9df7c681cb39baecb6602a8a766e43fea3000c50fb434225cc007ca8"",""column"":101,""record_id"":""ac5d62cc9df7c681cb39baecb6602a8a766e43fea3000c50fb434225cc007ca8:btw2021-w_kerg.csv:337:101""}]}]","{""decision_file"":""docs/political-data/germany_production_acceptance.json"",""reviewer"":""germany_source_review"",""reviewed_at"":""2026-10-02"",""scope"":""same_election_only_no_continuity""}"
"ct-de-0162","germany","el-de-bt-2021-09-26","party_list","Die Grauen – Für alle Generationen","Die Grauen – Für alle Generationen",,"requires_manual_review","false","[{""source_id"":""src-de-bwl-final-archive"",""source_url"":""https://www.bundeswahlleiterin.de/dam/jcr/ce2d2b6a-f211-4355-8eea-355c98cd4e47/btw_kerg.zip"",""source_record_id"":""ac5d62cc9df7c681cb39baecb6602a8a766e43fea3000c50fb434225cc007ca8:btw2021-w_kerg.csv:337:105"",""retrieved_at"":""2026-10-01T23:21:39.584Z"",""raw_snapshot"":{""path"":""docs/political-data/raw/germany/2026-10-01T23-21-39-584Z_02e7077f9358c9ef/final-results.zip"",""sha256"":""02e7077f9358c9ef408741ee5d17123a43c28ea766b26a7ab338c08fcaeb7512""},""parser_version"":""germany-production-v1"",""parser_sha256"":""2a8eb3487f392ef83303e7fb9ff246e4c111a7e64a469a6aa9eb21461ae9b1a0"",""fields_covered"":[""second_votes"",""registered_label_native""],""published_or_derived"":""published"",""source_member"":""btw2021-w_kerg.csv"",""source_member_sha256"":""ac5d62cc9df7c681cb39baecb6602a8a766e43fea3000c50fb434225cc007ca8"",""source_column"":105},{""source_id"":""src-de-bwl-recognition-2021"",""source_url"":""https://www.bundeswahlleiterin.de/info/presse/mitteilungen/bundestagswahl-2021/17_21_beschluss-bverfg.html"",""source_record_id"":""src-de-bwl-recognition-2021:table:3:row:34"",""retrieved_at"":""2026-10-02T09:37:09.945Z"",""raw_snapshot"":{""path"":""docs/political-data/raw/germany/recognition_2021/recognition.html"",""sha256"":""ab1e12bc50286356002a51b764da3c87d573d4ee7285da6f88644eb59ed70b93""},""parser_version"":""germany-production-v1"",""parser_sha256"":""2a8eb3487f392ef83303e7fb9ff246e4c111a7e64a469a6aa9eb21461ae9b1a0"",""fields_covered"":[""contestant_kind"",""lead_party_id"",""membership""],""published_or_derived"":""published"",""decision_basis"":""manual review of official same-election recognition/participation and result column"",""evidence_note"":""Official party recognition after constitutional-court decisions; not a durable legal-entity identifier""},{""source_id"":""src-de-bwl-final-archive"",""source_url"":""https://www.bundeswahlleiterin.de/dam/jcr/ce2d2b6a-f211-4355-8eea-355c98cd4e47/btw_kerg.zip"",""source_record_id"":""ac5d62cc9df7c681cb39baecb6602a8a766e43fea3000c50fb434225cc007ca8:btw2021-w_kerg.csv:337:105"",""retrieved_at"":""2026-10-01T23:21:39.584Z"",""raw_snapshot"":{""path"":""docs/political-data/raw/germany/2026-10-01T23-21-39-584Z_02e7077f9358c9ef/final-results.zip"",""sha256"":""02e7077f9358c9ef408741ee5d17123a43c28ea766b26a7ab338c08fcaeb7512""},""parser_version"":""germany-production-v1"",""parser_sha256"":""2a8eb3487f392ef83303e7fb9ff246e4c111a7e64a469a6aa9eb21461ae9b1a0"",""fields_covered"":[""historical_display_label""],""published_or_derived"":""published"",""label_basis"":""verbatim_election_specific_source"",""label_evidence"":[{""member"":""btw2021-w_kerg.csv"",""sha256"":""ac5d62cc9df7c681cb39baecb6602a8a766e43fea3000c50fb434225cc007ca8"",""column"":105,""record_id"":""ac5d62cc9df7c681cb39baecb6602a8a766e43fea3000c50fb434225cc007ca8:btw2021-w_kerg.csv:337:105""}]}]","{""decision_file"":""docs/political-data/germany_production_acceptance.json"",""reviewer"":""germany_source_review"",""reviewed_at"":""2026-10-02"",""scope"":""same_election_only_no_continuity""}"
"ct-de-0163","germany","el-de-bt-2021-09-26","party_list","Bürgerrechtsbewegung Solidarität","Bürgerrechtsbewegung Solidarität",,"requires_manual_review","false","[{""source_id"":""src-de-bwl-final-archive"",""source_url"":""https://www.bundeswahlleiterin.de/dam/jcr/ce2d2b6a-f211-4355-8eea-355c98cd4e47/btw_kerg.zip"",""source_record_id"":""ac5d62cc9df7c681cb39baecb6602a8a766e43fea3000c50fb434225cc007ca8:btw2021-w_kerg.csv:337:109"",""retrieved_at"":""2026-10-01T23:21:39.584Z"",""raw_snapshot"":{""path"":""docs/political-data/raw/germany/2026-10-01T23-21-39-584Z_02e7077f9358c9ef/final-results.zip"",""sha256"":""02e7077f9358c9ef408741ee5d17123a43c28ea766b26a7ab338c08fcaeb7512""},""parser_version"":""germany-production-v1"",""parser_sha256"":""2a8eb3487f392ef83303e7fb9ff246e4c111a7e64a469a6aa9eb21461ae9b1a0"",""fields_covered"":[""second_votes"",""registered_label_native""],""published_or_derived"":""published"",""source_member"":""btw2021-w_kerg.csv"",""source_member_sha256"":""ac5d62cc9df7c681cb39baecb6602a8a766e43fea3000c50fb434225cc007ca8"",""source_column"":109},{""source_id"":""src-de-bwl-recognition-2021"",""source_url"":""https://www.bundeswahlleiterin.de/info/presse/mitteilungen/bundestagswahl-2021/17_21_beschluss-bverfg.html"",""source_record_id"":""src-de-bwl-recognition-2021:table:3:row:21"",""retrieved_at"":""2026-10-02T09:37:09.945Z"",""raw_snapshot"":{""path"":""docs/political-data/raw/germany/recognition_2021/recognition.html"",""sha256"":""ab1e12bc50286356002a51b764da3c87d573d4ee7285da6f88644eb59ed70b93""},""parser_version"":""germany-production-v1"",""parser_sha256"":""2a8eb3487f392ef83303e7fb9ff246e4c111a7e64a469a6aa9eb21461ae9b1a0"",""fields_covered"":[""contestant_kind"",""lead_party_id"",""membership""],""published_or_derived"":""published"",""decision_basis"":""manual review of official same-election recognition/participation and result column"",""evidence_note"":""Official party recognition after constitutional-court decisions; not a durable legal-entity identifier""},{""source_id"":""src-de-bwl-final-archive"",""source_url"":""https://www.bundeswahlleiterin.de/dam/jcr/ce2d2b6a-f211-4355-8eea-355c98cd4e47/btw_kerg.zip"",""source_record_id"":""ac5d62cc9df7c681cb39baecb6602a8a766e43fea3000c50fb434225cc007ca8:btw2021-w_kerg.csv:337:109"",""retrieved_at"":""2026-10-01T23:21:39.584Z"",""raw_snapshot"":{""path"":""docs/political-data/raw/germany/2026-10-01T23-21-39-584Z_02e7077f9358c9ef/final-results.zip"",""sha256"":""02e7077f9358c9ef408741ee5d17123a43c28ea766b26a7ab338c08fcaeb7512""},""parser_version"":""germany-production-v1"",""parser_sha256"":""2a8eb3487f392ef83303e7fb9ff246e4c111a7e64a469a6aa9eb21461ae9b1a0"",""fields_covered"":[""historical_display_label""],""published_or_derived"":""published"",""label_basis"":""verbatim_election_specific_source"",""label_evidence"":[{""member"":""btw2021-w_kerg.csv"",""sha256"":""ac5d62cc9df7c681cb39baecb6602a8a766e43fea3000c50fb434225cc007ca8"",""column"":109,""record_id"":""ac5d62cc9df7c681cb39baecb6602a8a766e43fea3000c50fb434225cc007ca8:btw2021-w_kerg.csv:337:109""}]}]","{""decision_file"":""docs/political-data/germany_production_acceptance.json"",""reviewer"":""germany_source_review"",""reviewed_at"":""2026-10-02"",""scope"":""same_election_only_no_continuity""}"
"ct-de-0164","germany","el-de-bt-2021-09-26","party_list","Partei der Humanisten","Partei der Humanisten",,"requires_manual_review","false","[{""source_id"":""src-de-bwl-final-archive"",""source_url"":""https://www.bundeswahlleiterin.de/dam/jcr/ce2d2b6a-f211-4355-8eea-355c98cd4e47/btw_kerg.zip"",""source_record_id"":""ac5d62cc9df7c681cb39baecb6602a8a766e43fea3000c50fb434225cc007ca8:btw2021-w_kerg.csv:337:113"",""retrieved_at"":""2026-10-01T23:21:39.584Z"",""raw_snapshot"":{""path"":""docs/political-data/raw/germany/2026-10-01T23-21-39-584Z_02e7077f9358c9ef/final-results.zip"",""sha256"":""02e7077f9358c9ef408741ee5d17123a43c28ea766b26a7ab338c08fcaeb7512""},""parser_version"":""germany-production-v1"",""parser_sha256"":""2a8eb3487f392ef83303e7fb9ff246e4c111a7e64a469a6aa9eb21461ae9b1a0"",""fields_covered"":[""second_votes"",""registered_label_native""],""published_or_derived"":""published"",""source_member"":""btw2021-w_kerg.csv"",""source_member_sha256"":""ac5d62cc9df7c681cb39baecb6602a8a766e43fea3000c50fb434225cc007ca8"",""source_column"":113},{""source_id"":""src-de-bwl-recognition-2021"",""source_url"":""https://www.bundeswahlleiterin.de/info/presse/mitteilungen/bundestagswahl-2021/17_21_beschluss-bverfg.html"",""source_record_id"":""src-de-bwl-recognition-2021:table:3:row:15"",""retrieved_at"":""2026-10-02T09:37:09.945Z"",""raw_snapshot"":{""path"":""docs/political-data/raw/germany/recognition_2021/recognition.html"",""sha256"":""ab1e12bc50286356002a51b764da3c87d573d4ee7285da6f88644eb59ed70b93""},""parser_version"":""germany-production-v1"",""parser_sha256"":""2a8eb3487f392ef83303e7fb9ff246e4c111a7e64a469a6aa9eb21461ae9b1a0"",""fields_covered"":[""contestant_kind"",""lead_party_id"",""membership""],""published_or_derived"":""published"",""decision_basis"":""manual review of official same-election recognition/participation and result column"",""evidence_note"":""Official party recognition after constitutional-court decisions; not a durable legal-entity identifier""},{""source_id"":""src-de-bwl-final-archive"",""source_url"":""https://www.bundeswahlleiterin.de/dam/jcr/ce2d2b6a-f211-4355-8eea-355c98cd4e47/btw_kerg.zip"",""source_record_id"":""ac5d62cc9df7c681cb39baecb6602a8a766e43fea3000c50fb434225cc007ca8:btw2021-w_kerg.csv:337:113"",""retrieved_at"":""2026-10-01T23:21:39.584Z"",""raw_snapshot"":{""path"":""docs/political-data/raw/germany/2026-10-01T23-21-39-584Z_02e7077f9358c9ef/final-results.zip"",""sha256"":""02e7077f9358c9ef408741ee5d17123a43c28ea766b26a7ab338c08fcaeb7512""},""parser_version"":""germany-production-v1"",""parser_sha256"":""2a8eb3487f392ef83303e7fb9ff246e4c111a7e64a469a6aa9eb21461ae9b1a0"",""fields_covered"":[""historical_display_label""],""published_or_derived"":""published"",""label_basis"":""verbatim_election_specific_source"",""label_evidence"":[{""member"":""btw2021-w_kerg.csv"",""sha256"":""ac5d62cc9df7c681cb39baecb6602a8a766e43fea3000c50fb434225cc007ca8"",""column"":113,""record_id"":""ac5d62cc9df7c681cb39baecb6602a8a766e43fea3000c50fb434225cc007ca8:btw2021-w_kerg.csv:337:113""}]}]","{""decision_file"":""docs/political-data/germany_production_acceptance.json"",""reviewer"":""germany_source_review"",""reviewed_at"":""2026-10-02"",""scope"":""same_election_only_no_continuity""}"
"ct-de-0165","germany","el-de-bt-2021-09-26","party_list","Gartenpartei","Gartenpartei",,"requires_manual_review","false","[{""source_id"":""src-de-bwl-final-archive"",""source_url"":""https://www.bundeswahlleiterin.de/dam/jcr/ce2d2b6a-f211-4355-8eea-355c98cd4e47/btw_kerg.zip"",""source_record_id"":""ac5d62cc9df7c681cb39baecb6602a8a766e43fea3000c50fb434225cc007ca8:btw2021-w_kerg.csv:337:117"",""retrieved_at"":""2026-10-01T23:21:39.584Z"",""raw_snapshot"":{""path"":""docs/political-data/raw/germany/2026-10-01T23-21-39-584Z_02e7077f9358c9ef/final-results.zip"",""sha256"":""02e7077f9358c9ef408741ee5d17123a43c28ea766b26a7ab338c08fcaeb7512""},""parser_version"":""germany-production-v1"",""parser_sha256"":""2a8eb3487f392ef83303e7fb9ff246e4c111a7e64a469a6aa9eb21461ae9b1a0"",""fields_covered"":[""second_votes"",""registered_label_native""],""published_or_derived"":""published"",""source_member"":""btw2021-w_kerg.csv"",""source_member_sha256"":""ac5d62cc9df7c681cb39baecb6602a8a766e43fea3000c50fb434225cc007ca8"",""source_column"":117},{""source_id"":""src-de-bwl-recognition-2021"",""source_url"":""https://www.bundeswahlleiterin.de/info/presse/mitteilungen/bundestagswahl-2021/17_21_beschluss-bverfg.html"",""source_record_id"":""src-de-bwl-recognition-2021:table:3:row:7"",""retrieved_at"":""2026-10-02T09:37:09.945Z"",""raw_snapshot"":{""path"":""docs/political-data/raw/germany/recognition_2021/recognition.html"",""sha256"":""ab1e12bc50286356002a51b764da3c87d573d4ee7285da6f88644eb59ed70b93""},""parser_version"":""germany-production-v1"",""parser_sha256"":""2a8eb3487f392ef83303e7fb9ff246e4c111a7e64a469a6aa9eb21461ae9b1a0"",""fields_covered"":[""contestant_kind"",""lead_party_id"",""membership""],""published_or_derived"":""published"",""decision_basis"":""manual review of official same-election recognition/participation and result column"",""evidence_note"":""Official party recognition after constitutional-court decisions; not a durable legal-entity identifier""},{""source_id"":""src-de-bwl-final-archive"",""source_url"":""https://www.bundeswahlleiterin.de/dam/jcr/ce2d2b6a-f211-4355-8eea-355c98cd4e47/btw_kerg.zip"",""source_record_id"":""ac5d62cc9df7c681cb39baecb6602a8a766e43fea3000c50fb434225cc007ca8:btw2021-w_kerg.csv:337:117"",""retrieved_at"":""2026-10-01T23:21:39.584Z"",""raw_snapshot"":{""path"":""docs/political-data/raw/germany/2026-10-01T23-21-39-584Z_02e7077f9358c9ef/final-results.zip"",""sha256"":""02e7077f9358c9ef408741ee5d17123a43c28ea766b26a7ab338c08fcaeb7512""},""parser_version"":""germany-production-v1"",""parser_sha256"":""2a8eb3487f392ef83303e7fb9ff246e4c111a7e64a469a6aa9eb21461ae9b1a0"",""fields_covered"":[""historical_display_label""],""published_or_derived"":""published"",""label_basis"":""verbatim_election_specific_source"",""label_evidence"":[{""member"":""btw2021-w_kerg.csv"",""sha256"":""ac5d62cc9df7c681cb39baecb6602a8a766e43fea3000c50fb434225cc007ca8"",""column"":117,""record_id"":""ac5d62cc9df7c681cb39baecb6602a8a766e43fea3000c50fb434225cc007ca8:btw2021-w_kerg.csv:337:117""}]}]","{""decision_file"":""docs/political-data/germany_production_acceptance.json"",""reviewer"":""germany_source_review"",""reviewed_at"":""2026-10-02"",""scope"":""same_election_only_no_continuity""}"
"ct-de-0166","germany","el-de-bt-2021-09-26","party_list","Die Urbane. Eine HipHop Partei","Die Urbane. Eine HipHop Partei",,"requires_manual_review","false","[{""source_id"":""src-de-bwl-final-archive"",""source_url"":""https://www.bundeswahlleiterin.de/dam/jcr/ce2d2b6a-f211-4355-8eea-355c98cd4e47/btw_kerg.zip"",""source_record_id"":""ac5d62cc9df7c681cb39baecb6602a8a766e43fea3000c50fb434225cc007ca8:btw2021-w_kerg.csv:337:121"",""retrieved_at"":""2026-10-01T23:21:39.584Z"",""raw_snapshot"":{""path"":""docs/political-data/raw/germany/2026-10-01T23-21-39-584Z_02e7077f9358c9ef/final-results.zip"",""sha256"":""02e7077f9358c9ef408741ee5d17123a43c28ea766b26a7ab338c08fcaeb7512""},""parser_version"":""germany-production-v1"",""parser_sha256"":""2a8eb3487f392ef83303e7fb9ff246e4c111a7e64a469a6aa9eb21461ae9b1a0"",""fields_covered"":[""second_votes"",""registered_label_native""],""published_or_derived"":""published"",""source_member"":""btw2021-w_kerg.csv"",""source_member_sha256"":""ac5d62cc9df7c681cb39baecb6602a8a766e43fea3000c50fb434225cc007ca8"",""source_column"":121},{""source_id"":""src-de-bwl-recognition-2021"",""source_url"":""https://www.bundeswahlleiterin.de/info/presse/mitteilungen/bundestagswahl-2021/17_21_beschluss-bverfg.html"",""source_record_id"":""src-de-bwl-recognition-2021:table:3:row:40"",""retrieved_at"":""2026-10-02T09:37:09.945Z"",""raw_snapshot"":{""path"":""docs/political-data/raw/germany/recognition_2021/recognition.html"",""sha256"":""ab1e12bc50286356002a51b764da3c87d573d4ee7285da6f88644eb59ed70b93""},""parser_version"":""germany-production-v1"",""parser_sha256"":""2a8eb3487f392ef83303e7fb9ff246e4c111a7e64a469a6aa9eb21461ae9b1a0"",""fields_covered"":[""contestant_kind"",""lead_party_id"",""membership""],""published_or_derived"":""published"",""decision_basis"":""manual review of official same-election recognition/participation and result column"",""evidence_note"":""Official party recognition after constitutional-court decisions; not a durable legal-entity identifier""},{""source_id"":""src-de-bwl-final-archive"",""source_url"":""https://www.bundeswahlleiterin.de/dam/jcr/ce2d2b6a-f211-4355-8eea-355c98cd4e47/btw_kerg.zip"",""source_record_id"":""ac5d62cc9df7c681cb39baecb6602a8a766e43fea3000c50fb434225cc007ca8:btw2021-w_kerg.csv:337:121"",""retrieved_at"":""2026-10-01T23:21:39.584Z"",""raw_snapshot"":{""path"":""docs/political-data/raw/germany/2026-10-01T23-21-39-584Z_02e7077f9358c9ef/final-results.zip"",""sha256"":""02e7077f9358c9ef408741ee5d17123a43c28ea766b26a7ab338c08fcaeb7512""},""parser_version"":""germany-production-v1"",""parser_sha256"":""2a8eb3487f392ef83303e7fb9ff246e4c111a7e64a469a6aa9eb21461ae9b1a0"",""fields_covered"":[""historical_display_label""],""published_or_derived"":""published"",""label_basis"":""verbatim_election_specific_source"",""label_evidence"":[{""member"":""btw2021-w_kerg.csv"",""sha256"":""ac5d62cc9df7c681cb39baecb6602a8a766e43fea3000c50fb434225cc007ca8"",""column"":121,""record_id"":""ac5d62cc9df7c681cb39baecb6602a8a766e43fea3000c50fb434225cc007ca8:btw2021-w_kerg.csv:337:121""}]}]","{""decision_file"":""docs/political-data/germany_production_acceptance.json"",""reviewer"":""germany_source_review"",""reviewed_at"":""2026-10-02"",""scope"":""same_election_only_no_continuity""}"
"ct-de-0167","germany","el-de-bt-2021-09-26","party_list","Sozialistische Gleichheitspartei, Vierte Internationale","Sozialistische Gleichheitspartei, Vierte Internationale",,"requires_manual_review","false","[{""source_id"":""src-de-bwl-final-archive"",""source_url"":""https://www.bundeswahlleiterin.de/dam/jcr/ce2d2b6a-f211-4355-8eea-355c98cd4e47/btw_kerg.zip"",""source_record_id"":""ac5d62cc9df7c681cb39baecb6602a8a766e43fea3000c50fb434225cc007ca8:btw2021-w_kerg.csv:337:125"",""retrieved_at"":""2026-10-01T23:21:39.584Z"",""raw_snapshot"":{""path"":""docs/political-data/raw/germany/2026-10-01T23-21-39-584Z_02e7077f9358c9ef/final-results.zip"",""sha256"":""02e7077f9358c9ef408741ee5d17123a43c28ea766b26a7ab338c08fcaeb7512""},""parser_version"":""germany-production-v1"",""parser_sha256"":""2a8eb3487f392ef83303e7fb9ff246e4c111a7e64a469a6aa9eb21461ae9b1a0"",""fields_covered"":[""second_votes"",""registered_label_native""],""published_or_derived"":""published"",""source_member"":""btw2021-w_kerg.csv"",""source_member_sha256"":""ac5d62cc9df7c681cb39baecb6602a8a766e43fea3000c50fb434225cc007ca8"",""source_column"":125},{""source_id"":""src-de-bwl-recognition-2021"",""source_url"":""https://www.bundeswahlleiterin.de/info/presse/mitteilungen/bundestagswahl-2021/17_21_beschluss-bverfg.html"",""source_record_id"":""src-de-bwl-recognition-2021:table:3:row:38"",""retrieved_at"":""2026-10-02T09:37:09.945Z"",""raw_snapshot"":{""path"":""docs/political-data/raw/germany/recognition_2021/recognition.html"",""sha256"":""ab1e12bc50286356002a51b764da3c87d573d4ee7285da6f88644eb59ed70b93""},""parser_version"":""germany-production-v1"",""parser_sha256"":""2a8eb3487f392ef83303e7fb9ff246e4c111a7e64a469a6aa9eb21461ae9b1a0"",""fields_covered"":[""contestant_kind"",""lead_party_id"",""membership""],""published_or_derived"":""published"",""decision_basis"":""manual review of official same-election recognition/participation and result column"",""evidence_note"":""Official party recognition after constitutional-court decisions; not a durable legal-entity identifier""},{""source_id"":""src-de-bwl-final-archive"",""source_url"":""https://www.bundeswahlleiterin.de/dam/jcr/ce2d2b6a-f211-4355-8eea-355c98cd4e47/btw_kerg.zip"",""source_record_id"":""ac5d62cc9df7c681cb39baecb6602a8a766e43fea3000c50fb434225cc007ca8:btw2021-w_kerg.csv:337:125"",""retrieved_at"":""2026-10-01T23:21:39.584Z"",""raw_snapshot"":{""path"":""docs/political-data/raw/germany/2026-10-01T23-21-39-584Z_02e7077f9358c9ef/final-results.zip"",""sha256"":""02e7077f9358c9ef408741ee5d17123a43c28ea766b26a7ab338c08fcaeb7512""},""parser_version"":""germany-production-v1"",""parser_sha256"":""2a8eb3487f392ef83303e7fb9ff246e4c111a7e64a469a6aa9eb21461ae9b1a0"",""fields_covered"":[""historical_display_label""],""published_or_derived"":""published"",""label_basis"":""verbatim_election_specific_source"",""label_evidence"":[{""member"":""btw2021-w_kerg.csv"",""sha256"":""ac5d62cc9df7c681cb39baecb6602a8a766e43fea3000c50fb434225cc007ca8"",""column"":125,""record_id"":""ac5d62cc9df7c681cb39baecb6602a8a766e43fea3000c50fb434225cc007ca8:btw2021-w_kerg.csv:337:125""}]}]","{""decision_file"":""docs/political-data/germany_production_acceptance.json"",""reviewer"":""germany_source_review"",""reviewed_at"":""2026-10-02"",""scope"":""same_election_only_no_continuity""}"
"ct-de-0168","germany","el-de-bt-2021-09-26","party_list","Basisdemokratische Partei Deutschland","Basisdemokratische Partei Deutschland",,"requires_manual_review","false","[{""source_id"":""src-de-bwl-final-archive"",""source_url"":""https://www.bundeswahlleiterin.de/dam/jcr/ce2d2b6a-f211-4355-8eea-355c98cd4e47/btw_kerg.zip"",""source_record_id"":""ac5d62cc9df7c681cb39baecb6602a8a766e43fea3000c50fb434225cc007ca8:btw2021-w_kerg.csv:337:129"",""retrieved_at"":""2026-10-01T23:21:39.584Z"",""raw_snapshot"":{""path"":""docs/political-data/raw/germany/2026-10-01T23-21-39-584Z_02e7077f9358c9ef/final-results.zip"",""sha256"":""02e7077f9358c9ef408741ee5d17123a43c28ea766b26a7ab338c08fcaeb7512""},""parser_version"":""germany-production-v1"",""parser_sha256"":""2a8eb3487f392ef83303e7fb9ff246e4c111a7e64a469a6aa9eb21461ae9b1a0"",""fields_covered"":[""second_votes"",""registered_label_native""],""published_or_derived"":""published"",""source_member"":""btw2021-w_kerg.csv"",""source_member_sha256"":""ac5d62cc9df7c681cb39baecb6602a8a766e43fea3000c50fb434225cc007ca8"",""source_column"":129},{""source_id"":""src-de-bwl-recognition-2021"",""source_url"":""https://www.bundeswahlleiterin.de/info/presse/mitteilungen/bundestagswahl-2021/17_21_beschluss-bverfg.html"",""source_record_id"":""src-de-bwl-recognition-2021:table:3:row:16"",""retrieved_at"":""2026-10-02T09:37:09.945Z"",""raw_snapshot"":{""path"":""docs/political-data/raw/germany/recognition_2021/recognition.html"",""sha256"":""ab1e12bc50286356002a51b764da3c87d573d4ee7285da6f88644eb59ed70b93""},""parser_version"":""germany-production-v1"",""parser_sha256"":""2a8eb3487f392ef83303e7fb9ff246e4c111a7e64a469a6aa9eb21461ae9b1a0"",""fields_covered"":[""contestant_kind"",""lead_party_id"",""membership""],""published_or_derived"":""published"",""decision_basis"":""manual review of official same-election recognition/participation and result column"",""evidence_note"":""Official party recognition after constitutional-court decisions; not a durable legal-entity identifier""},{""source_id"":""src-de-bwl-final-archive"",""source_url"":""https://www.bundeswahlleiterin.de/dam/jcr/ce2d2b6a-f211-4355-8eea-355c98cd4e47/btw_kerg.zip"",""source_record_id"":""ac5d62cc9df7c681cb39baecb6602a8a766e43fea3000c50fb434225cc007ca8:btw2021-w_kerg.csv:337:129"",""retrieved_at"":""2026-10-01T23:21:39.584Z"",""raw_snapshot"":{""path"":""docs/political-data/raw/germany/2026-10-01T23-21-39-584Z_02e7077f9358c9ef/final-results.zip"",""sha256"":""02e7077f9358c9ef408741ee5d17123a43c28ea766b26a7ab338c08fcaeb7512""},""parser_version"":""germany-production-v1"",""parser_sha256"":""2a8eb3487f392ef83303e7fb9ff246e4c111a7e64a469a6aa9eb21461ae9b1a0"",""fields_covered"":[""historical_display_label""],""published_or_derived"":""published"",""label_basis"":""verbatim_election_specific_source"",""label_evidence"":[{""member"":""btw2021-w_kerg.csv"",""sha256"":""ac5d62cc9df7c681cb39baecb6602a8a766e43fea3000c50fb434225cc007ca8"",""column"":129,""record_id"":""ac5d62cc9df7c681cb39baecb6602a8a766e43fea3000c50fb434225cc007ca8:btw2021-w_kerg.csv:337:129""}]}]","{""decision_file"":""docs/political-data/germany_production_acceptance.json"",""reviewer"":""germany_source_review"",""reviewed_at"":""2026-10-02"",""scope"":""same_election_only_no_continuity""}"
"ct-de-0169","germany","el-de-bt-2021-09-26","party_list","Bündnis C - Christen für Deutschland","Bündnis C - Christen für Deutschland",,"requires_manual_review","false","[{""source_id"":""src-de-bwl-final-archive"",""source_url"":""https://www.bundeswahlleiterin.de/dam/jcr/ce2d2b6a-f211-4355-8eea-355c98cd4e47/btw_kerg.zip"",""source_record_id"":""ac5d62cc9df7c681cb39baecb6602a8a766e43fea3000c50fb434225cc007ca8:btw2021-w_kerg.csv:337:133"",""retrieved_at"":""2026-10-01T23:21:39.584Z"",""raw_snapshot"":{""path"":""docs/political-data/raw/germany/2026-10-01T23-21-39-584Z_02e7077f9358c9ef/final-results.zip"",""sha256"":""02e7077f9358c9ef408741ee5d17123a43c28ea766b26a7ab338c08fcaeb7512""},""parser_version"":""germany-production-v1"",""parser_sha256"":""2a8eb3487f392ef83303e7fb9ff246e4c111a7e64a469a6aa9eb21461ae9b1a0"",""fields_covered"":[""second_votes"",""registered_label_native""],""published_or_derived"":""published"",""source_member"":""btw2021-w_kerg.csv"",""source_member_sha256"":""ac5d62cc9df7c681cb39baecb6602a8a766e43fea3000c50fb434225cc007ca8"",""source_column"":133},{""source_id"":""src-de-bwl-recognition-2021"",""source_url"":""https://www.bundeswahlleiterin.de/info/presse/mitteilungen/bundestagswahl-2021/17_21_beschluss-bverfg.html"",""source_record_id"":""src-de-bwl-recognition-2021:table:3:row:13"",""retrieved_at"":""2026-10-02T09:37:09.945Z"",""raw_snapshot"":{""path"":""docs/political-data/raw/germany/recognition_2021/recognition.html"",""sha256"":""ab1e12bc50286356002a51b764da3c87d573d4ee7285da6f88644eb59ed70b93""},""parser_version"":""germany-production-v1"",""parser_sha256"":""2a8eb3487f392ef83303e7fb9ff246e4c111a7e64a469a6aa9eb21461ae9b1a0"",""fields_covered"":[""contestant_kind"",""lead_party_id"",""membership""],""published_or_derived"":""published"",""decision_basis"":""manual review of official same-election recognition/participation and result column"",""evidence_note"":""Official party recognition after constitutional-court decisions; not a durable legal-entity identifier""},{""source_id"":""src-de-bwl-final-archive"",""source_url"":""https://www.bundeswahlleiterin.de/dam/jcr/ce2d2b6a-f211-4355-8eea-355c98cd4e47/btw_kerg.zip"",""source_record_id"":""ac5d62cc9df7c681cb39baecb6602a8a766e43fea3000c50fb434225cc007ca8:btw2021-w_kerg.csv:337:133"",""retrieved_at"":""2026-10-01T23:21:39.584Z"",""raw_snapshot"":{""path"":""docs/political-data/raw/germany/2026-10-01T23-21-39-584Z_02e7077f9358c9ef/final-results.zip"",""sha256"":""02e7077f9358c9ef408741ee5d17123a43c28ea766b26a7ab338c08fcaeb7512""},""parser_version"":""germany-production-v1"",""parser_sha256"":""2a8eb3487f392ef83303e7fb9ff246e4c111a7e64a469a6aa9eb21461ae9b1a0"",""fields_covered"":[""historical_display_label""],""published_or_derived"":""published"",""label_basis"":""verbatim_election_specific_source"",""label_evidence"":[{""member"":""btw2021-w_kerg.csv"",""sha256"":""ac5d62cc9df7c681cb39baecb6602a8a766e43fea3000c50fb434225cc007ca8"",""column"":133,""record_id"":""ac5d62cc9df7c681cb39baecb6602a8a766e43fea3000c50fb434225cc007ca8:btw2021-w_kerg.csv:337:133""}]}]","{""decision_file"":""docs/political-data/germany_production_acceptance.json"",""reviewer"":""germany_source_review"",""reviewed_at"":""2026-10-02"",""scope"":""same_election_only_no_continuity""}"
"ct-de-0170","germany","el-de-bt-2021-09-26","party_list","Bürgerbewegung für Fortschritt und Wandel","Bürgerbewegung für Fortschritt und Wandel",,"requires_manual_review","false","[{""source_id"":""src-de-bwl-final-archive"",""source_url"":""https://www.bundeswahlleiterin.de/dam/jcr/ce2d2b6a-f211-4355-8eea-355c98cd4e47/btw_kerg.zip"",""source_record_id"":""ac5d62cc9df7c681cb39baecb6602a8a766e43fea3000c50fb434225cc007ca8:btw2021-w_kerg.csv:337:137"",""retrieved_at"":""2026-10-01T23:21:39.584Z"",""raw_snapshot"":{""path"":""docs/political-data/raw/germany/2026-10-01T23-21-39-584Z_02e7077f9358c9ef/final-results.zip"",""sha256"":""02e7077f9358c9ef408741ee5d17123a43c28ea766b26a7ab338c08fcaeb7512""},""parser_version"":""germany-production-v1"",""parser_sha256"":""2a8eb3487f392ef83303e7fb9ff246e4c111a7e64a469a6aa9eb21461ae9b1a0"",""fields_covered"":[""second_votes"",""registered_label_native""],""published_or_derived"":""published"",""source_member"":""btw2021-w_kerg.csv"",""source_member_sha256"":""ac5d62cc9df7c681cb39baecb6602a8a766e43fea3000c50fb434225cc007ca8"",""source_column"":137},{""source_id"":""src-de-bwl-recognition-2021"",""source_url"":""https://www.bundeswahlleiterin.de/info/presse/mitteilungen/bundestagswahl-2021/17_21_beschluss-bverfg.html"",""source_record_id"":""src-de-bwl-recognition-2021:table:3:row:41"",""retrieved_at"":""2026-10-02T09:37:09.945Z"",""raw_snapshot"":{""path"":""docs/political-data/raw/germany/recognition_2021/recognition.html"",""sha256"":""ab1e12bc50286356002a51b764da3c87d573d4ee7285da6f88644eb59ed70b93""},""parser_version"":""germany-production-v1"",""parser_sha256"":""2a8eb3487f392ef83303e7fb9ff246e4c111a7e64a469a6aa9eb21461ae9b1a0"",""fields_covered"":[""contestant_kind"",""lead_party_id"",""membership""],""published_or_derived"":""published"",""decision_basis"":""manual review of official same-election recognition/participation and result column"",""evidence_note"":""Official party recognition after constitutional-court decisions; not a durable legal-entity identifier""},{""source_id"":""src-de-bwl-final-archive"",""source_url"":""https://www.bundeswahlleiterin.de/dam/jcr/ce2d2b6a-f211-4355-8eea-355c98cd4e47/btw_kerg.zip"",""source_record_id"":""ac5d62cc9df7c681cb39baecb6602a8a766e43fea3000c50fb434225cc007ca8:btw2021-w_kerg.csv:337:137"",""retrieved_at"":""2026-10-01T23:21:39.584Z"",""raw_snapshot"":{""path"":""docs/political-data/raw/germany/2026-10-01T23-21-39-584Z_02e7077f9358c9ef/final-results.zip"",""sha256"":""02e7077f9358c9ef408741ee5d17123a43c28ea766b26a7ab338c08fcaeb7512""},""parser_version"":""germany-production-v1"",""parser_sha256"":""2a8eb3487f392ef83303e7fb9ff246e4c111a7e64a469a6aa9eb21461ae9b1a0"",""fields_covered"":[""historical_display_label""],""published_or_derived"":""published"",""label_basis"":""verbatim_election_specific_source"",""label_evidence"":[{""member"":""btw2021-w_kerg.csv"",""sha256"":""ac5d62cc9df7c681cb39baecb6602a8a766e43fea3000c50fb434225cc007ca8"",""column"":137,""record_id"":""ac5d62cc9df7c681cb39baecb6602a8a766e43fea3000c50fb434225cc007ca8:btw2021-w_kerg.csv:337:137""}]}]","{""decision_file"":""docs/political-data/germany_production_acceptance.json"",""reviewer"":""germany_source_review"",""reviewed_at"":""2026-10-02"",""scope"":""same_election_only_no_continuity""}"
"ct-de-0171","germany","el-de-bt-2021-09-26","party_list","DER DRITTE WEG","DER DRITTE WEG",,"requires_manual_review","false","[{""source_id"":""src-de-bwl-final-archive"",""source_url"":""https://www.bundeswahlleiterin.de/dam/jcr/ce2d2b6a-f211-4355-8eea-355c98cd4e47/btw_kerg.zip"",""source_record_id"":""ac5d62cc9df7c681cb39baecb6602a8a766e43fea3000c50fb434225cc007ca8:btw2021-w_kerg.csv:337:141"",""retrieved_at"":""2026-10-01T23:21:39.584Z"",""raw_snapshot"":{""path"":""docs/political-data/raw/germany/2026-10-01T23-21-39-584Z_02e7077f9358c9ef/final-results.zip"",""sha256"":""02e7077f9358c9ef408741ee5d17123a43c28ea766b26a7ab338c08fcaeb7512""},""parser_version"":""germany-production-v1"",""parser_sha256"":""2a8eb3487f392ef83303e7fb9ff246e4c111a7e64a469a6aa9eb21461ae9b1a0"",""fields_covered"":[""second_votes"",""registered_label_native""],""published_or_derived"":""published"",""source_member"":""btw2021-w_kerg.csv"",""source_member_sha256"":""ac5d62cc9df7c681cb39baecb6602a8a766e43fea3000c50fb434225cc007ca8"",""source_column"":141},{""source_id"":""src-de-bwl-recognition-2021"",""source_url"":""https://www.bundeswahlleiterin.de/info/presse/mitteilungen/bundestagswahl-2021/17_21_beschluss-bverfg.html"",""source_record_id"":""src-de-bwl-recognition-2021:table:3:row:10"",""retrieved_at"":""2026-10-02T09:37:09.945Z"",""raw_snapshot"":{""path"":""docs/political-data/raw/germany/recognition_2021/recognition.html"",""sha256"":""ab1e12bc50286356002a51b764da3c87d573d4ee7285da6f88644eb59ed70b93""},""parser_version"":""germany-production-v1"",""parser_sha256"":""2a8eb3487f392ef83303e7fb9ff246e4c111a7e64a469a6aa9eb21461ae9b1a0"",""fields_covered"":[""contestant_kind"",""lead_party_id"",""membership""],""published_or_derived"":""published"",""decision_basis"":""manual review of official same-election recognition/participation and result column"",""evidence_note"":""Official party recognition after constitutional-court decisions; not a durable legal-entity identifier""},{""source_id"":""src-de-bwl-final-archive"",""source_url"":""https://www.bundeswahlleiterin.de/dam/jcr/ce2d2b6a-f211-4355-8eea-355c98cd4e47/btw_kerg.zip"",""source_record_id"":""ac5d62cc9df7c681cb39baecb6602a8a766e43fea3000c50fb434225cc007ca8:btw2021-w_kerg.csv:337:141"",""retrieved_at"":""2026-10-01T23:21:39.584Z"",""raw_snapshot"":{""path"":""docs/political-data/raw/germany/2026-10-01T23-21-39-584Z_02e7077f9358c9ef/final-results.zip"",""sha256"":""02e7077f9358c9ef408741ee5d17123a43c28ea766b26a7ab338c08fcaeb7512""},""parser_version"":""germany-production-v1"",""parser_sha256"":""2a8eb3487f392ef83303e7fb9ff246e4c111a7e64a469a6aa9eb21461ae9b1a0"",""fields_covered"":[""historical_display_label""],""published_or_derived"":""published"",""label_basis"":""verbatim_election_specific_source"",""label_evidence"":[{""member"":""btw2021-w_kerg.csv"",""sha256"":""ac5d62cc9df7c681cb39baecb6602a8a766e43fea3000c50fb434225cc007ca8"",""column"":141,""record_id"":""ac5d62cc9df7c681cb39baecb6602a8a766e43fea3000c50fb434225cc007ca8:btw2021-w_kerg.csv:337:141""}]}]","{""decision_file"":""docs/political-data/germany_production_acceptance.json"",""reviewer"":""germany_source_review"",""reviewed_at"":""2026-10-02"",""scope"":""same_election_only_no_continuity""}"
"ct-de-0172","germany","el-de-bt-2021-09-26","party_list","diePinken/BÜNDNIS21","diePinken/BÜNDNIS21",,"requires_manual_review","false","[{""source_id"":""src-de-bwl-final-archive"",""source_url"":""https://www.bundeswahlleiterin.de/dam/jcr/ce2d2b6a-f211-4355-8eea-355c98cd4e47/btw_kerg.zip"",""source_record_id"":""ac5d62cc9df7c681cb39baecb6602a8a766e43fea3000c50fb434225cc007ca8:btw2021-w_kerg.csv:337:145"",""retrieved_at"":""2026-10-01T23:21:39.584Z"",""raw_snapshot"":{""path"":""docs/political-data/raw/germany/2026-10-01T23-21-39-584Z_02e7077f9358c9ef/final-results.zip"",""sha256"":""02e7077f9358c9ef408741ee5d17123a43c28ea766b26a7ab338c08fcaeb7512""},""parser_version"":""germany-production-v1"",""parser_sha256"":""2a8eb3487f392ef83303e7fb9ff246e4c111a7e64a469a6aa9eb21461ae9b1a0"",""fields_covered"":[""second_votes"",""registered_label_native""],""published_or_derived"":""published"",""source_member"":""btw2021-w_kerg.csv"",""source_member_sha256"":""ac5d62cc9df7c681cb39baecb6602a8a766e43fea3000c50fb434225cc007ca8"",""source_column"":145},{""source_id"":""src-de-bwl-recognition-2021"",""source_url"":""https://www.bundeswahlleiterin.de/info/presse/mitteilungen/bundestagswahl-2021/17_21_beschluss-bverfg.html"",""source_record_id"":""src-de-bwl-recognition-2021:table:3:row:26"",""retrieved_at"":""2026-10-02T09:37:09.945Z"",""raw_snapshot"":{""path"":""docs/political-data/raw/germany/recognition_2021/recognition.html"",""sha256"":""ab1e12bc50286356002a51b764da3c87d573d4ee7285da6f88644eb59ed70b93""},""parser_version"":""germany-production-v1"",""parser_sha256"":""2a8eb3487f392ef83303e7fb9ff246e4c111a7e64a469a6aa9eb21461ae9b1a0"",""fields_covered"":[""contestant_kind"",""lead_party_id"",""membership""],""published_or_derived"":""published"",""decision_basis"":""manual review of official same-election recognition/participation and result column"",""evidence_note"":""Official party recognition after constitutional-court decisions; not a durable legal-entity identifier""},{""source_id"":""src-de-bwl-final-archive"",""source_url"":""https://www.bundeswahlleiterin.de/dam/jcr/ce2d2b6a-f211-4355-8eea-355c98cd4e47/btw_kerg.zip"",""source_record_id"":""ac5d62cc9df7c681cb39baecb6602a8a766e43fea3000c50fb434225cc007ca8:btw2021-w_kerg.csv:337:145"",""retrieved_at"":""2026-10-01T23:21:39.584Z"",""raw_snapshot"":{""path"":""docs/political-data/raw/germany/2026-10-01T23-21-39-584Z_02e7077f9358c9ef/final-results.zip"",""sha256"":""02e7077f9358c9ef408741ee5d17123a43c28ea766b26a7ab338c08fcaeb7512""},""parser_version"":""germany-production-v1"",""parser_sha256"":""2a8eb3487f392ef83303e7fb9ff246e4c111a7e64a469a6aa9eb21461ae9b1a0"",""fields_covered"":[""historical_display_label""],""published_or_derived"":""published"",""label_basis"":""verbatim_election_specific_source"",""label_evidence"":[{""member"":""btw2021-w_kerg.csv"",""sha256"":""ac5d62cc9df7c681cb39baecb6602a8a766e43fea3000c50fb434225cc007ca8"",""column"":145,""record_id"":""ac5d62cc9df7c681cb39baecb6602a8a766e43fea3000c50fb434225cc007ca8:btw2021-w_kerg.csv:337:145""}]}]","{""decision_file"":""docs/political-data/germany_production_acceptance.json"",""reviewer"":""germany_source_review"",""reviewed_at"":""2026-10-02"",""scope"":""same_election_only_no_continuity""}"
"ct-de-0173","germany","el-de-bt-2021-09-26","party_list","Europäische Partei LIEBE","Europäische Partei LIEBE",,"requires_manual_review","false","[{""source_id"":""src-de-bwl-final-archive"",""source_url"":""https://www.bundeswahlleiterin.de/dam/jcr/ce2d2b6a-f211-4355-8eea-355c98cd4e47/btw_kerg.zip"",""source_record_id"":""ac5d62cc9df7c681cb39baecb6602a8a766e43fea3000c50fb434225cc007ca8:btw2021-w_kerg.csv:337:149"",""retrieved_at"":""2026-10-01T23:21:39.584Z"",""raw_snapshot"":{""path"":""docs/political-data/raw/germany/2026-10-01T23-21-39-584Z_02e7077f9358c9ef/final-results.zip"",""sha256"":""02e7077f9358c9ef408741ee5d17123a43c28ea766b26a7ab338c08fcaeb7512""},""parser_version"":""germany-production-v1"",""parser_sha256"":""2a8eb3487f392ef83303e7fb9ff246e4c111a7e64a469a6aa9eb21461ae9b1a0"",""fields_covered"":[""second_votes"",""registered_label_native""],""published_or_derived"":""published"",""source_member"":""btw2021-w_kerg.csv"",""source_member_sha256"":""ac5d62cc9df7c681cb39baecb6602a8a766e43fea3000c50fb434225cc007ca8"",""source_column"":149},{""source_id"":""src-de-bwl-recognition-2021"",""source_url"":""https://www.bundeswahlleiterin.de/info/presse/mitteilungen/bundestagswahl-2021/17_21_beschluss-bverfg.html"",""source_record_id"":""src-de-bwl-recognition-2021:table:3:row:12"",""retrieved_at"":""2026-10-02T09:37:09.945Z"",""raw_snapshot"":{""path"":""docs/political-data/raw/germany/recognition_2021/recognition.html"",""sha256"":""ab1e12bc50286356002a51b764da3c87d573d4ee7285da6f88644eb59ed70b93""},""parser_version"":""germany-production-v1"",""parser_sha256"":""2a8eb3487f392ef83303e7fb9ff246e4c111a7e64a469a6aa9eb21461ae9b1a0"",""fields_covered"":[""contestant_kind"",""lead_party_id"",""membership""],""published_or_derived"":""published"",""decision_basis"":""manual review of official same-election recognition/participation and result column"",""evidence_note"":""Official party recognition after constitutional-court decisions; not a durable legal-entity identifier""},{""source_id"":""src-de-bwl-final-archive"",""source_url"":""https://www.bundeswahlleiterin.de/dam/jcr/ce2d2b6a-f211-4355-8eea-355c98cd4e47/btw_kerg.zip"",""source_record_id"":""ac5d62cc9df7c681cb39baecb6602a8a766e43fea3000c50fb434225cc007ca8:btw2021-w_kerg.csv:337:149"",""retrieved_at"":""2026-10-01T23:21:39.584Z"",""raw_snapshot"":{""path"":""docs/political-data/raw/germany/2026-10-01T23-21-39-584Z_02e7077f9358c9ef/final-results.zip"",""sha256"":""02e7077f9358c9ef408741ee5d17123a43c28ea766b26a7ab338c08fcaeb7512""},""parser_version"":""germany-production-v1"",""parser_sha256"":""2a8eb3487f392ef83303e7fb9ff246e4c111a7e64a469a6aa9eb21461ae9b1a0"",""fields_covered"":[""historical_display_label""],""published_or_derived"":""published"",""label_basis"":""verbatim_election_specific_source"",""label_evidence"":[{""member"":""btw2021-w_kerg.csv"",""sha256"":""ac5d62cc9df7c681cb39baecb6602a8a766e43fea3000c50fb434225cc007ca8"",""column"":149,""record_id"":""ac5d62cc9df7c681cb39baecb6602a8a766e43fea3000c50fb434225cc007ca8:btw2021-w_kerg.csv:337:149""}]}]","{""decision_file"":""docs/political-data/germany_production_acceptance.json"",""reviewer"":""germany_source_review"",""reviewed_at"":""2026-10-02"",""scope"":""same_election_only_no_continuity""}"
"ct-de-0174","germany","el-de-bt-2021-09-26","party_list","Wir Bürger (2021: Liberal-Konservative Reformer)","Liberal-Konservative Reformer",,"requires_manual_review","false","[{""source_id"":""src-de-bwl-final-archive"",""source_url"":""https://www.bundeswahlleiterin.de/dam/jcr/ce2d2b6a-f211-4355-8eea-355c98cd4e47/btw_kerg.zip"",""source_record_id"":""ac5d62cc9df7c681cb39baecb6602a8a766e43fea3000c50fb434225cc007ca8:btw2021-w_kerg.csv:337:153"",""retrieved_at"":""2026-10-01T23:21:39.584Z"",""raw_snapshot"":{""path"":""docs/political-data/raw/germany/2026-10-01T23-21-39-584Z_02e7077f9358c9ef/final-results.zip"",""sha256"":""02e7077f9358c9ef408741ee5d17123a43c28ea766b26a7ab338c08fcaeb7512""},""parser_version"":""germany-production-v1"",""parser_sha256"":""2a8eb3487f392ef83303e7fb9ff246e4c111a7e64a469a6aa9eb21461ae9b1a0"",""fields_covered"":[""second_votes"",""registered_label_native""],""published_or_derived"":""published"",""source_member"":""btw2021-w_kerg.csv"",""source_member_sha256"":""ac5d62cc9df7c681cb39baecb6602a8a766e43fea3000c50fb434225cc007ca8"",""source_column"":153},{""source_id"":""src-de-bwl-recognition-2021"",""source_url"":""https://www.bundeswahlleiterin.de/info/presse/mitteilungen/bundestagswahl-2021/17_21_beschluss-bverfg.html"",""source_record_id"":""src-de-bwl-recognition-2021:table:3:row:37"",""retrieved_at"":""2026-10-02T09:37:09.945Z"",""raw_snapshot"":{""path"":""docs/political-data/raw/germany/recognition_2021/recognition.html"",""sha256"":""ab1e12bc50286356002a51b764da3c87d573d4ee7285da6f88644eb59ed70b93""},""parser_version"":""germany-production-v1"",""parser_sha256"":""2a8eb3487f392ef83303e7fb9ff246e4c111a7e64a469a6aa9eb21461ae9b1a0"",""fields_covered"":[""contestant_kind"",""lead_party_id"",""membership""],""published_or_derived"":""published"",""decision_basis"":""manual review of official same-election recognition/participation and result column"",""evidence_note"":""Official party recognition after constitutional-court decisions; not a durable legal-entity identifier""},{""source_id"":""src-de-bwl-final-archive"",""source_url"":""https://www.bundeswahlleiterin.de/dam/jcr/ce2d2b6a-f211-4355-8eea-355c98cd4e47/btw_kerg.zip"",""source_record_id"":""ac5d62cc9df7c681cb39baecb6602a8a766e43fea3000c50fb434225cc007ca8:btw2021-w_kerg.csv:337:153 | c69c9f441fb4e16c99bff0f9dfd16a13ba7c657b9a75b0850fe781fa1deeacec:btw2021_kerg.csv:337:153"",""retrieved_at"":""2026-10-01T23:21:39.584Z"",""raw_snapshot"":{""path"":""docs/political-data/raw/germany/2026-10-01T23-21-39-584Z_02e7077f9358c9ef/final-results.zip"",""sha256"":""02e7077f9358c9ef408741ee5d17123a43c28ea766b26a7ab338c08fcaeb7512""},""parser_version"":""germany-production-v1"",""parser_sha256"":""2a8eb3487f392ef83303e7fb9ff246e4c111a7e64a469a6aa9eb21461ae9b1a0"",""fields_covered"":[""historical_display_label""],""published_or_derived"":""published"",""label_basis"":""manual_review_of_explicit_2021_annotation_and_original_header"",""label_evidence"":[{""member"":""btw2021-w_kerg.csv"",""sha256"":""ac5d62cc9df7c681cb39baecb6602a8a766e43fea3000c50fb434225cc007ca8"",""column"":153,""record_id"":""ac5d62cc9df7c681cb39baecb6602a8a766e43fea3000c50fb434225cc007ca8:btw2021-w_kerg.csv:337:153""},{""member"":""btw2021_kerg.csv"",""sha256"":""c69c9f441fb4e16c99bff0f9dfd16a13ba7c657b9a75b0850fe781fa1deeacec"",""column"":153,""record_id"":""c69c9f441fb4e16c99bff0f9dfd16a13ba7c657b9a75b0850fe781fa1deeacec:btw2021_kerg.csv:337:153""}]}]","{""decision_file"":""docs/political-data/germany_production_acceptance.json"",""reviewer"":""germany_source_review"",""reviewed_at"":""2026-10-02"",""scope"":""same_election_only_no_continuity""}"
"ct-de-0175","germany","el-de-bt-2021-09-26","party_list","Partei des Fortschritts","Partei des Fortschritts",,"requires_manual_review","false","[{""source_id"":""src-de-bwl-final-archive"",""source_url"":""https://www.bundeswahlleiterin.de/dam/jcr/ce2d2b6a-f211-4355-8eea-355c98cd4e47/btw_kerg.zip"",""source_record_id"":""ac5d62cc9df7c681cb39baecb6602a8a766e43fea3000c50fb434225cc007ca8:btw2021-w_kerg.csv:337:157"",""retrieved_at"":""2026-10-01T23:21:39.584Z"",""raw_snapshot"":{""path"":""docs/political-data/raw/germany/2026-10-01T23-21-39-584Z_02e7077f9358c9ef/final-results.zip"",""sha256"":""02e7077f9358c9ef408741ee5d17123a43c28ea766b26a7ab338c08fcaeb7512""},""parser_version"":""germany-production-v1"",""parser_sha256"":""2a8eb3487f392ef83303e7fb9ff246e4c111a7e64a469a6aa9eb21461ae9b1a0"",""fields_covered"":[""second_votes"",""registered_label_native""],""published_or_derived"":""published"",""source_member"":""btw2021-w_kerg.csv"",""source_member_sha256"":""ac5d62cc9df7c681cb39baecb6602a8a766e43fea3000c50fb434225cc007ca8"",""source_column"":157},{""source_id"":""src-de-bwl-recognition-2021"",""source_url"":""https://www.bundeswahlleiterin.de/info/presse/mitteilungen/bundestagswahl-2021/17_21_beschluss-bverfg.html"",""source_record_id"":""src-de-bwl-recognition-2021:table:3:row:32"",""retrieved_at"":""2026-10-02T09:37:09.945Z"",""raw_snapshot"":{""path"":""docs/political-data/raw/germany/recognition_2021/recognition.html"",""sha256"":""ab1e12bc50286356002a51b764da3c87d573d4ee7285da6f88644eb59ed70b93""},""parser_version"":""germany-production-v1"",""parser_sha256"":""2a8eb3487f392ef83303e7fb9ff246e4c111a7e64a469a6aa9eb21461ae9b1a0"",""fields_covered"":[""contestant_kind"",""lead_party_id"",""membership""],""published_or_derived"":""published"",""decision_basis"":""manual review of official same-election recognition/participation and result column"",""evidence_note"":""Official party recognition after constitutional-court decisions; not a durable legal-entity identifier""},{""source_id"":""src-de-bwl-final-archive"",""source_url"":""https://www.bundeswahlleiterin.de/dam/jcr/ce2d2b6a-f211-4355-8eea-355c98cd4e47/btw_kerg.zip"",""source_record_id"":""ac5d62cc9df7c681cb39baecb6602a8a766e43fea3000c50fb434225cc007ca8:btw2021-w_kerg.csv:337:157"",""retrieved_at"":""2026-10-01T23:21:39.584Z"",""raw_snapshot"":{""path"":""docs/political-data/raw/germany/2026-10-01T23-21-39-584Z_02e7077f9358c9ef/final-results.zip"",""sha256"":""02e7077f9358c9ef408741ee5d17123a43c28ea766b26a7ab338c08fcaeb7512""},""parser_version"":""germany-production-v1"",""parser_sha256"":""2a8eb3487f392ef83303e7fb9ff246e4c111a7e64a469a6aa9eb21461ae9b1a0"",""fields_covered"":[""historical_display_label""],""published_or_derived"":""published"",""label_basis"":""verbatim_election_specific_source"",""label_evidence"":[{""member"":""btw2021-w_kerg.csv"",""sha256"":""ac5d62cc9df7c681cb39baecb6602a8a766e43fea3000c50fb434225cc007ca8"",""column"":157,""record_id"":""ac5d62cc9df7c681cb39baecb6602a8a766e43fea3000c50fb434225cc007ca8:btw2021-w_kerg.csv:337:157""}]}]","{""decision_file"":""docs/political-data/germany_production_acceptance.json"",""reviewer"":""germany_source_review"",""reviewed_at"":""2026-10-02"",""scope"":""same_election_only_no_continuity""}"
"ct-de-0176","germany","el-de-bt-2021-09-26","party_list",">> Partei für Kinder, Jugendliche und Familien <<  – Lobbyisten für Kinder –",">> Partei für Kinder, Jugendliche und Familien <<  – Lobbyisten für Kinder –",,"requires_manual_review","false","[{""source_id"":""src-de-bwl-final-archive"",""source_url"":""https://www.bundeswahlleiterin.de/dam/jcr/ce2d2b6a-f211-4355-8eea-355c98cd4e47/btw_kerg.zip"",""source_record_id"":""ac5d62cc9df7c681cb39baecb6602a8a766e43fea3000c50fb434225cc007ca8:btw2021-w_kerg.csv:337:161"",""retrieved_at"":""2026-10-01T23:21:39.584Z"",""raw_snapshot"":{""path"":""docs/political-data/raw/germany/2026-10-01T23-21-39-584Z_02e7077f9358c9ef/final-results.zip"",""sha256"":""02e7077f9358c9ef408741ee5d17123a43c28ea766b26a7ab338c08fcaeb7512""},""parser_version"":""germany-production-v1"",""parser_sha256"":""2a8eb3487f392ef83303e7fb9ff246e4c111a7e64a469a6aa9eb21461ae9b1a0"",""fields_covered"":[""second_votes"",""registered_label_native""],""published_or_derived"":""published"",""source_member"":""btw2021-w_kerg.csv"",""source_member_sha256"":""ac5d62cc9df7c681cb39baecb6602a8a766e43fea3000c50fb434225cc007ca8"",""source_column"":161},{""source_id"":""src-de-bwl-recognition-2021"",""source_url"":""https://www.bundeswahlleiterin.de/info/presse/mitteilungen/bundestagswahl-2021/17_21_beschluss-bverfg.html"",""source_record_id"":""src-de-bwl-recognition-2021:table:3:row:42"",""retrieved_at"":""2026-10-02T09:37:09.945Z"",""raw_snapshot"":{""path"":""docs/political-data/raw/germany/recognition_2021/recognition.html"",""sha256"":""ab1e12bc50286356002a51b764da3c87d573d4ee7285da6f88644eb59ed70b93""},""parser_version"":""germany-production-v1"",""parser_sha256"":""2a8eb3487f392ef83303e7fb9ff246e4c111a7e64a469a6aa9eb21461ae9b1a0"",""fields_covered"":[""contestant_kind"",""lead_party_id"",""membership""],""published_or_derived"":""published"",""decision_basis"":""manual review of official same-election recognition/participation and result column"",""evidence_note"":""Official party recognition after constitutional-court decisions; not a durable legal-entity identifier""},{""source_id"":""src-de-bwl-final-archive"",""source_url"":""https://www.bundeswahlleiterin.de/dam/jcr/ce2d2b6a-f211-4355-8eea-355c98cd4e47/btw_kerg.zip"",""source_record_id"":""ac5d62cc9df7c681cb39baecb6602a8a766e43fea3000c50fb434225cc007ca8:btw2021-w_kerg.csv:337:161"",""retrieved_at"":""2026-10-01T23:21:39.584Z"",""raw_snapshot"":{""path"":""docs/political-data/raw/germany/2026-10-01T23-21-39-584Z_02e7077f9358c9ef/final-results.zip"",""sha256"":""02e7077f9358c9ef408741ee5d17123a43c28ea766b26a7ab338c08fcaeb7512""},""parser_version"":""germany-production-v1"",""parser_sha256"":""2a8eb3487f392ef83303e7fb9ff246e4c111a7e64a469a6aa9eb21461ae9b1a0"",""fields_covered"":[""historical_display_label""],""published_or_derived"":""published"",""label_basis"":""verbatim_election_specific_source"",""label_evidence"":[{""member"":""btw2021-w_kerg.csv"",""sha256"":""ac5d62cc9df7c681cb39baecb6602a8a766e43fea3000c50fb434225cc007ca8"",""column"":161,""record_id"":""ac5d62cc9df7c681cb39baecb6602a8a766e43fea3000c50fb434225cc007ca8:btw2021-w_kerg.csv:337:161""}]}]","{""decision_file"":""docs/political-data/germany_production_acceptance.json"",""reviewer"":""germany_source_review"",""reviewed_at"":""2026-10-02"",""scope"":""same_election_only_no_continuity""}"
"ct-de-0177","germany","el-de-bt-2021-09-26","party_list","Südschleswigscher Wählerverband","Südschleswigscher Wählerverband",,"requires_manual_review","false","[{""source_id"":""src-de-bwl-final-archive"",""source_url"":""https://www.bundeswahlleiterin.de/dam/jcr/ce2d2b6a-f211-4355-8eea-355c98cd4e47/btw_kerg.zip"",""source_record_id"":""ac5d62cc9df7c681cb39baecb6602a8a766e43fea3000c50fb434225cc007ca8:btw2021-w_kerg.csv:337:165"",""retrieved_at"":""2026-10-01T23:21:39.584Z"",""raw_snapshot"":{""path"":""docs/political-data/raw/germany/2026-10-01T23-21-39-584Z_02e7077f9358c9ef/final-results.zip"",""sha256"":""02e7077f9358c9ef408741ee5d17123a43c28ea766b26a7ab338c08fcaeb7512""},""parser_version"":""germany-production-v1"",""parser_sha256"":""2a8eb3487f392ef83303e7fb9ff246e4c111a7e64a469a6aa9eb21461ae9b1a0"",""fields_covered"":[""second_votes"",""registered_label_native""],""published_or_derived"":""published"",""source_member"":""btw2021-w_kerg.csv"",""source_member_sha256"":""ac5d62cc9df7c681cb39baecb6602a8a766e43fea3000c50fb434225cc007ca8"",""source_column"":165},{""source_id"":""src-de-bwl-recognition-2021"",""source_url"":""https://www.bundeswahlleiterin.de/info/presse/mitteilungen/bundestagswahl-2021/17_21_beschluss-bverfg.html"",""source_record_id"":""src-de-bwl-recognition-2021:table:3:row:11"",""retrieved_at"":""2026-10-02T09:37:09.945Z"",""raw_snapshot"":{""path"":""docs/political-data/raw/germany/recognition_2021/recognition.html"",""sha256"":""ab1e12bc50286356002a51b764da3c87d573d4ee7285da6f88644eb59ed70b93""},""parser_version"":""germany-production-v1"",""parser_sha256"":""2a8eb3487f392ef83303e7fb9ff246e4c111a7e64a469a6aa9eb21461ae9b1a0"",""fields_covered"":[""contestant_kind"",""lead_party_id"",""membership""],""published_or_derived"":""published"",""decision_basis"":""manual review of official same-election recognition/participation and result column"",""evidence_note"":""Official party recognition after constitutional-court decisions; not a durable legal-entity identifier""},{""source_id"":""src-de-bwl-final-archive"",""source_url"":""https://www.bundeswahlleiterin.de/dam/jcr/ce2d2b6a-f211-4355-8eea-355c98cd4e47/btw_kerg.zip"",""source_record_id"":""ac5d62cc9df7c681cb39baecb6602a8a766e43fea3000c50fb434225cc007ca8:btw2021-w_kerg.csv:337:165"",""retrieved_at"":""2026-10-01T23:21:39.584Z"",""raw_snapshot"":{""path"":""docs/political-data/raw/germany/2026-10-01T23-21-39-584Z_02e7077f9358c9ef/final-results.zip"",""sha256"":""02e7077f9358c9ef408741ee5d17123a43c28ea766b26a7ab338c08fcaeb7512""},""parser_version"":""germany-production-v1"",""parser_sha256"":""2a8eb3487f392ef83303e7fb9ff246e4c111a7e64a469a6aa9eb21461ae9b1a0"",""fields_covered"":[""historical_display_label""],""published_or_derived"":""published"",""label_basis"":""verbatim_election_specific_source"",""label_evidence"":[{""member"":""btw2021-w_kerg.csv"",""sha256"":""ac5d62cc9df7c681cb39baecb6602a8a766e43fea3000c50fb434225cc007ca8"",""column"":165,""record_id"":""ac5d62cc9df7c681cb39baecb6602a8a766e43fea3000c50fb434225cc007ca8:btw2021-w_kerg.csv:337:165""}]}]","{""decision_file"":""docs/political-data/germany_production_acceptance.json"",""reviewer"":""germany_source_review"",""reviewed_at"":""2026-10-02"",""scope"":""same_election_only_no_continuity""}"
"ct-de-0178","germany","el-de-bt-2021-09-26","party_list","Team Todenhöfer – Die Gerechtigkeitspartei","Team Todenhöfer – Die Gerechtigkeitspartei",,"requires_manual_review","false","[{""source_id"":""src-de-bwl-final-archive"",""source_url"":""https://www.bundeswahlleiterin.de/dam/jcr/ce2d2b6a-f211-4355-8eea-355c98cd4e47/btw_kerg.zip"",""source_record_id"":""ac5d62cc9df7c681cb39baecb6602a8a766e43fea3000c50fb434225cc007ca8:btw2021-w_kerg.csv:337:169"",""retrieved_at"":""2026-10-01T23:21:39.584Z"",""raw_snapshot"":{""path"":""docs/political-data/raw/germany/2026-10-01T23-21-39-584Z_02e7077f9358c9ef/final-results.zip"",""sha256"":""02e7077f9358c9ef408741ee5d17123a43c28ea766b26a7ab338c08fcaeb7512""},""parser_version"":""germany-production-v1"",""parser_sha256"":""2a8eb3487f392ef83303e7fb9ff246e4c111a7e64a469a6aa9eb21461ae9b1a0"",""fields_covered"":[""second_votes"",""registered_label_native""],""published_or_derived"":""published"",""source_member"":""btw2021-w_kerg.csv"",""source_member_sha256"":""ac5d62cc9df7c681cb39baecb6602a8a766e43fea3000c50fb434225cc007ca8"",""source_column"":169},{""source_id"":""src-de-bwl-recognition-2021"",""source_url"":""https://www.bundeswahlleiterin.de/info/presse/mitteilungen/bundestagswahl-2021/17_21_beschluss-bverfg.html"",""source_record_id"":""src-de-bwl-recognition-2021:table:3:row:19"",""retrieved_at"":""2026-10-02T09:37:09.945Z"",""raw_snapshot"":{""path"":""docs/political-data/raw/germany/recognition_2021/recognition.html"",""sha256"":""ab1e12bc50286356002a51b764da3c87d573d4ee7285da6f88644eb59ed70b93""},""parser_version"":""germany-production-v1"",""parser_sha256"":""2a8eb3487f392ef83303e7fb9ff246e4c111a7e64a469a6aa9eb21461ae9b1a0"",""fields_covered"":[""contestant_kind"",""lead_party_id"",""membership""],""published_or_derived"":""published"",""decision_basis"":""manual review of official same-election recognition/participation and result column"",""evidence_note"":""Official party recognition after constitutional-court decisions; not a durable legal-entity identifier""},{""source_id"":""src-de-bwl-final-archive"",""source_url"":""https://www.bundeswahlleiterin.de/dam/jcr/ce2d2b6a-f211-4355-8eea-355c98cd4e47/btw_kerg.zip"",""source_record_id"":""ac5d62cc9df7c681cb39baecb6602a8a766e43fea3000c50fb434225cc007ca8:btw2021-w_kerg.csv:337:169"",""retrieved_at"":""2026-10-01T23:21:39.584Z"",""raw_snapshot"":{""path"":""docs/political-data/raw/germany/2026-10-01T23-21-39-584Z_02e7077f9358c9ef/final-results.zip"",""sha256"":""02e7077f9358c9ef408741ee5d17123a43c28ea766b26a7ab338c08fcaeb7512""},""parser_version"":""germany-production-v1"",""parser_sha256"":""2a8eb3487f392ef83303e7fb9ff246e4c111a7e64a469a6aa9eb21461ae9b1a0"",""fields_covered"":[""historical_display_label""],""published_or_derived"":""published"",""label_basis"":""verbatim_election_specific_source"",""label_evidence"":[{""member"":""btw2021-w_kerg.csv"",""sha256"":""ac5d62cc9df7c681cb39baecb6602a8a766e43fea3000c50fb434225cc007ca8"",""column"":169,""record_id"":""ac5d62cc9df7c681cb39baecb6602a8a766e43fea3000c50fb434225cc007ca8:btw2021-w_kerg.csv:337:169""}]}]","{""decision_file"":""docs/political-data/germany_production_acceptance.json"",""reviewer"":""germany_source_review"",""reviewed_at"":""2026-10-02"",""scope"":""same_election_only_no_continuity""}"
"ct-de-0179","germany","el-de-bt-2021-09-26","party_list","UNABHÄNGIGE für bürgernahe Demokratie","UNABHÄNGIGE für bürgernahe Demokratie",,"requires_manual_review","false","[{""source_id"":""src-de-bwl-final-archive"",""source_url"":""https://www.bundeswahlleiterin.de/dam/jcr/ce2d2b6a-f211-4355-8eea-355c98cd4e47/btw_kerg.zip"",""source_record_id"":""ac5d62cc9df7c681cb39baecb6602a8a766e43fea3000c50fb434225cc007ca8:btw2021-w_kerg.csv:337:173"",""retrieved_at"":""2026-10-01T23:21:39.584Z"",""raw_snapshot"":{""path"":""docs/political-data/raw/germany/2026-10-01T23-21-39-584Z_02e7077f9358c9ef/final-results.zip"",""sha256"":""02e7077f9358c9ef408741ee5d17123a43c28ea766b26a7ab338c08fcaeb7512""},""parser_version"":""germany-production-v1"",""parser_sha256"":""2a8eb3487f392ef83303e7fb9ff246e4c111a7e64a469a6aa9eb21461ae9b1a0"",""fields_covered"":[""second_votes"",""registered_label_native""],""published_or_derived"":""published"",""source_member"":""btw2021-w_kerg.csv"",""source_member_sha256"":""ac5d62cc9df7c681cb39baecb6602a8a766e43fea3000c50fb434225cc007ca8"",""source_column"":173},{""source_id"":""src-de-bwl-recognition-2021"",""source_url"":""https://www.bundeswahlleiterin.de/info/presse/mitteilungen/bundestagswahl-2021/17_21_beschluss-bverfg.html"",""source_record_id"":""src-de-bwl-recognition-2021:table:3:row:14"",""retrieved_at"":""2026-10-02T09:37:09.945Z"",""raw_snapshot"":{""path"":""docs/political-data/raw/germany/recognition_2021/recognition.html"",""sha256"":""ab1e12bc50286356002a51b764da3c87d573d4ee7285da6f88644eb59ed70b93""},""parser_version"":""germany-production-v1"",""parser_sha256"":""2a8eb3487f392ef83303e7fb9ff246e4c111a7e64a469a6aa9eb21461ae9b1a0"",""fields_covered"":[""contestant_kind"",""lead_party_id"",""membership""],""published_or_derived"":""published"",""decision_basis"":""manual review of official same-election recognition/participation and result column"",""evidence_note"":""Official party recognition after constitutional-court decisions; not a durable legal-entity identifier""},{""source_id"":""src-de-bwl-final-archive"",""source_url"":""https://www.bundeswahlleiterin.de/dam/jcr/ce2d2b6a-f211-4355-8eea-355c98cd4e47/btw_kerg.zip"",""source_record_id"":""ac5d62cc9df7c681cb39baecb6602a8a766e43fea3000c50fb434225cc007ca8:btw2021-w_kerg.csv:337:173"",""retrieved_at"":""2026-10-01T23:21:39.584Z"",""raw_snapshot"":{""path"":""docs/political-data/raw/germany/2026-10-01T23-21-39-584Z_02e7077f9358c9ef/final-results.zip"",""sha256"":""02e7077f9358c9ef408741ee5d17123a43c28ea766b26a7ab338c08fcaeb7512""},""parser_version"":""germany-production-v1"",""parser_sha256"":""2a8eb3487f392ef83303e7fb9ff246e4c111a7e64a469a6aa9eb21461ae9b1a0"",""fields_covered"":[""historical_display_label""],""published_or_derived"":""published"",""label_basis"":""verbatim_election_specific_source"",""label_evidence"":[{""member"":""btw2021-w_kerg.csv"",""sha256"":""ac5d62cc9df7c681cb39baecb6602a8a766e43fea3000c50fb434225cc007ca8"",""column"":173,""record_id"":""ac5d62cc9df7c681cb39baecb6602a8a766e43fea3000c50fb434225cc007ca8:btw2021-w_kerg.csv:337:173""}]}]","{""decision_file"":""docs/political-data/germany_production_acceptance.json"",""reviewer"":""germany_source_review"",""reviewed_at"":""2026-10-02"",""scope"":""same_election_only_no_continuity""}"
"ct-de-0180","germany","el-de-bt-2021-09-26","party_list","Volt Deutschland","Volt Deutschland",,"requires_manual_review","false","[{""source_id"":""src-de-bwl-final-archive"",""source_url"":""https://www.bundeswahlleiterin.de/dam/jcr/ce2d2b6a-f211-4355-8eea-355c98cd4e47/btw_kerg.zip"",""source_record_id"":""ac5d62cc9df7c681cb39baecb6602a8a766e43fea3000c50fb434225cc007ca8:btw2021-w_kerg.csv:337:177"",""retrieved_at"":""2026-10-01T23:21:39.584Z"",""raw_snapshot"":{""path"":""docs/political-data/raw/germany/2026-10-01T23-21-39-584Z_02e7077f9358c9ef/final-results.zip"",""sha256"":""02e7077f9358c9ef408741ee5d17123a43c28ea766b26a7ab338c08fcaeb7512""},""parser_version"":""germany-production-v1"",""parser_sha256"":""2a8eb3487f392ef83303e7fb9ff246e4c111a7e64a469a6aa9eb21461ae9b1a0"",""fields_covered"":[""second_votes"",""registered_label_native""],""published_or_derived"":""published"",""source_member"":""btw2021-w_kerg.csv"",""source_member_sha256"":""ac5d62cc9df7c681cb39baecb6602a8a766e43fea3000c50fb434225cc007ca8"",""source_column"":177},{""source_id"":""src-de-bwl-recognition-2021"",""source_url"":""https://www.bundeswahlleiterin.de/info/presse/mitteilungen/bundestagswahl-2021/17_21_beschluss-bverfg.html"",""source_record_id"":""src-de-bwl-recognition-2021:table:3:row:17"",""retrieved_at"":""2026-10-02T09:37:09.945Z"",""raw_snapshot"":{""path"":""docs/political-data/raw/germany/recognition_2021/recognition.html"",""sha256"":""ab1e12bc50286356002a51b764da3c87d573d4ee7285da6f88644eb59ed70b93""},""parser_version"":""germany-production-v1"",""parser_sha256"":""2a8eb3487f392ef83303e7fb9ff246e4c111a7e64a469a6aa9eb21461ae9b1a0"",""fields_covered"":[""contestant_kind"",""lead_party_id"",""membership""],""published_or_derived"":""published"",""decision_basis"":""manual review of official same-election recognition/participation and result column"",""evidence_note"":""Official party recognition after constitutional-court decisions; not a durable legal-entity identifier""},{""source_id"":""src-de-bwl-final-archive"",""source_url"":""https://www.bundeswahlleiterin.de/dam/jcr/ce2d2b6a-f211-4355-8eea-355c98cd4e47/btw_kerg.zip"",""source_record_id"":""ac5d62cc9df7c681cb39baecb6602a8a766e43fea3000c50fb434225cc007ca8:btw2021-w_kerg.csv:337:177"",""retrieved_at"":""2026-10-01T23:21:39.584Z"",""raw_snapshot"":{""path"":""docs/political-data/raw/germany/2026-10-01T23-21-39-584Z_02e7077f9358c9ef/final-results.zip"",""sha256"":""02e7077f9358c9ef408741ee5d17123a43c28ea766b26a7ab338c08fcaeb7512""},""parser_version"":""germany-production-v1"",""parser_sha256"":""2a8eb3487f392ef83303e7fb9ff246e4c111a7e64a469a6aa9eb21461ae9b1a0"",""fields_covered"":[""historical_display_label""],""published_or_derived"":""published"",""label_basis"":""verbatim_election_specific_source"",""label_evidence"":[{""member"":""btw2021-w_kerg.csv"",""sha256"":""ac5d62cc9df7c681cb39baecb6602a8a766e43fea3000c50fb434225cc007ca8"",""column"":177,""record_id"":""ac5d62cc9df7c681cb39baecb6602a8a766e43fea3000c50fb434225cc007ca8:btw2021-w_kerg.csv:337:177""}]}]","{""decision_file"":""docs/political-data/germany_production_acceptance.json"",""reviewer"":""germany_source_review"",""reviewed_at"":""2026-10-02"",""scope"":""same_election_only_no_continuity""}"
"ct-de-0181","germany","el-de-bt-2025-02-23","party_list","Sozialdemokratische Partei Deutschlands","Sozialdemokratische Partei Deutschlands","pp-de-0001","confirmed_2025_election_specific_relation","false","[{""source_id"":""src-de-bwl-final-archive"",""source_url"":""https://www.bundeswahlleiterin.de/dam/jcr/ce2d2b6a-f211-4355-8eea-355c98cd4e47/btw_kerg.zip"",""source_record_id"":""31ab27391d5753a6a972936d436092879f5c9cca11570272cd72e3e272d16731:btw2025_kerg.csv:340:22"",""retrieved_at"":""2026-10-01T23:21:39.584Z"",""raw_snapshot"":{""path"":""docs/political-data/raw/germany/2026-10-01T23-21-39-584Z_02e7077f9358c9ef/final-results.zip"",""sha256"":""02e7077f9358c9ef408741ee5d17123a43c28ea766b26a7ab338c08fcaeb7512""},""parser_version"":""germany-production-v1"",""parser_sha256"":""2a8eb3487f392ef83303e7fb9ff246e4c111a7e64a469a6aa9eb21461ae9b1a0"",""fields_covered"":[""second_votes"",""registered_label_native""],""published_or_derived"":""published"",""source_member"":""btw2025_kerg.csv"",""source_member_sha256"":""31ab27391d5753a6a972936d436092879f5c9cca11570272cd72e3e272d16731"",""source_column"":22},{""source_id"":""src-de-bwl-recognition-2025"",""source_url"":""https://www.bundeswahlleiterin.de/info/presse/mitteilungen/bundestagswahl-2025/06_25_ergebnisse_1bwa.html"",""source_record_id"":""src-de-bwl-recognition-2025:table:1:row:2"",""retrieved_at"":""2026-10-02T08:48:27.174Z"",""raw_snapshot"":{""path"":""docs/political-data/raw/germany/recognition_2025/recognition.html"",""sha256"":""776b492087425d7bd6dd134235d2f975faa454bb1a241d0216d473237fb9b525""},""parser_version"":""germany-production-v1"",""parser_sha256"":""2a8eb3487f392ef83303e7fb9ff246e4c111a7e64a469a6aa9eb21461ae9b1a0"",""fields_covered"":[""contestant_kind"",""lead_party_id"",""membership""],""published_or_derived"":""published"",""decision_basis"":""manual review of official same-election recognition/participation and result column"",""evidence_note"":""Federal Electoral Committee announcement dated 2025-01-14; represented_party_section_18_4_1; source abbreviation SPD""},{""source_id"":""src-de-bwl-final-archive"",""source_url"":""https://www.bundeswahlleiterin.de/dam/jcr/ce2d2b6a-f211-4355-8eea-355c98cd4e47/btw_kerg.zip"",""source_record_id"":""31ab27391d5753a6a972936d436092879f5c9cca11570272cd72e3e272d16731:btw2025_kerg.csv:340:22"",""retrieved_at"":""2026-10-01T23:21:39.584Z"",""raw_snapshot"":{""path"":""docs/political-data/raw/germany/2026-10-01T23-21-39-584Z_02e7077f9358c9ef/final-results.zip"",""sha256"":""02e7077f9358c9ef408741ee5d17123a43c28ea766b26a7ab338c08fcaeb7512""},""parser_version"":""germany-production-v1"",""parser_sha256"":""2a8eb3487f392ef83303e7fb9ff246e4c111a7e64a469a6aa9eb21461ae9b1a0"",""fields_covered"":[""historical_display_label""],""published_or_derived"":""published"",""label_basis"":""verbatim_election_specific_source"",""label_evidence"":[{""member"":""btw2025_kerg.csv"",""sha256"":""31ab27391d5753a6a972936d436092879f5c9cca11570272cd72e3e272d16731"",""column"":22,""record_id"":""31ab27391d5753a6a972936d436092879f5c9cca11570272cd72e3e272d16731:btw2025_kerg.csv:340:22""}]}]","{""decision_file"":""docs/political-data/germany_production_acceptance.json"",""reviewer"":""germany_source_review"",""reviewed_at"":""2026-10-02"",""scope"":""same_election_only_no_continuity""}"
"ct-de-0182","germany","el-de-bt-2025-02-23","party_list","Christlich Demokratische Union Deutschlands","Christlich Demokratische Union Deutschlands","pp-de-0002","confirmed_2025_election_specific_relation","false","[{""source_id"":""src-de-bwl-final-archive"",""source_url"":""https://www.bundeswahlleiterin.de/dam/jcr/ce2d2b6a-f211-4355-8eea-355c98cd4e47/btw_kerg.zip"",""source_record_id"":""31ab27391d5753a6a972936d436092879f5c9cca11570272cd72e3e272d16731:btw2025_kerg.csv:340:26"",""retrieved_at"":""2026-10-01T23:21:39.584Z"",""raw_snapshot"":{""path"":""docs/political-data/raw/germany/2026-10-01T23-21-39-584Z_02e7077f9358c9ef/final-results.zip"",""sha256"":""02e7077f9358c9ef408741ee5d17123a43c28ea766b26a7ab338c08fcaeb7512""},""parser_version"":""germany-production-v1"",""parser_sha256"":""2a8eb3487f392ef83303e7fb9ff246e4c111a7e64a469a6aa9eb21461ae9b1a0"",""fields_covered"":[""second_votes"",""registered_label_native""],""published_or_derived"":""published"",""source_member"":""btw2025_kerg.csv"",""source_member_sha256"":""31ab27391d5753a6a972936d436092879f5c9cca11570272cd72e3e272d16731"",""source_column"":26},{""source_id"":""src-de-bwl-recognition-2025"",""source_url"":""https://www.bundeswahlleiterin.de/info/presse/mitteilungen/bundestagswahl-2025/06_25_ergebnisse_1bwa.html"",""source_record_id"":""src-de-bwl-recognition-2025:table:1:row:3"",""retrieved_at"":""2026-10-02T08:48:27.174Z"",""raw_snapshot"":{""path"":""docs/political-data/raw/germany/recognition_2025/recognition.html"",""sha256"":""776b492087425d7bd6dd134235d2f975faa454bb1a241d0216d473237fb9b525""},""parser_version"":""germany-production-v1"",""parser_sha256"":""2a8eb3487f392ef83303e7fb9ff246e4c111a7e64a469a6aa9eb21461ae9b1a0"",""fields_covered"":[""contestant_kind"",""lead_party_id"",""membership""],""published_or_derived"":""published"",""decision_basis"":""manual review of official same-election recognition/participation and result column"",""evidence_note"":""Federal Electoral Committee announcement dated 2025-01-14; represented_party_section_18_4_1; source abbreviation CDU""},{""source_id"":""src-de-bwl-final-archive"",""source_url"":""https://www.bundeswahlleiterin.de/dam/jcr/ce2d2b6a-f211-4355-8eea-355c98cd4e47/btw_kerg.zip"",""source_record_id"":""31ab27391d5753a6a972936d436092879f5c9cca11570272cd72e3e272d16731:btw2025_kerg.csv:340:26"",""retrieved_at"":""2026-10-01T23:21:39.584Z"",""raw_snapshot"":{""path"":""docs/political-data/raw/germany/2026-10-01T23-21-39-584Z_02e7077f9358c9ef/final-results.zip"",""sha256"":""02e7077f9358c9ef408741ee5d17123a43c28ea766b26a7ab338c08fcaeb7512""},""parser_version"":""germany-production-v1"",""parser_sha256"":""2a8eb3487f392ef83303e7fb9ff246e4c111a7e64a469a6aa9eb21461ae9b1a0"",""fields_covered"":[""historical_display_label""],""published_or_derived"":""published"",""label_basis"":""verbatim_election_specific_source"",""label_evidence"":[{""member"":""btw2025_kerg.csv"",""sha256"":""31ab27391d5753a6a972936d436092879f5c9cca11570272cd72e3e272d16731"",""column"":26,""record_id"":""31ab27391d5753a6a972936d436092879f5c9cca11570272cd72e3e272d16731:btw2025_kerg.csv:340:26""}]}]","{""decision_file"":""docs/political-data/germany_production_acceptance.json"",""reviewer"":""germany_source_review"",""reviewed_at"":""2026-10-02"",""scope"":""same_election_only_no_continuity""}"
"ct-de-0183","germany","el-de-bt-2025-02-23","party_list","BÜNDNIS 90/DIE GRÜNEN","BÜNDNIS 90/DIE GRÜNEN","pp-de-0003","confirmed_2025_election_specific_relation","false","[{""source_id"":""src-de-bwl-final-archive"",""source_url"":""https://www.bundeswahlleiterin.de/dam/jcr/ce2d2b6a-f211-4355-8eea-355c98cd4e47/btw_kerg.zip"",""source_record_id"":""31ab27391d5753a6a972936d436092879f5c9cca11570272cd72e3e272d16731:btw2025_kerg.csv:340:30"",""retrieved_at"":""2026-10-01T23:21:39.584Z"",""raw_snapshot"":{""path"":""docs/political-data/raw/germany/2026-10-01T23-21-39-584Z_02e7077f9358c9ef/final-results.zip"",""sha256"":""02e7077f9358c9ef408741ee5d17123a43c28ea766b26a7ab338c08fcaeb7512""},""parser_version"":""germany-production-v1"",""parser_sha256"":""2a8eb3487f392ef83303e7fb9ff246e4c111a7e64a469a6aa9eb21461ae9b1a0"",""fields_covered"":[""second_votes"",""registered_label_native""],""published_or_derived"":""published"",""source_member"":""btw2025_kerg.csv"",""source_member_sha256"":""31ab27391d5753a6a972936d436092879f5c9cca11570272cd72e3e272d16731"",""source_column"":30},{""source_id"":""src-de-bwl-recognition-2025"",""source_url"":""https://www.bundeswahlleiterin.de/info/presse/mitteilungen/bundestagswahl-2025/06_25_ergebnisse_1bwa.html"",""source_record_id"":""src-de-bwl-recognition-2025:table:1:row:4"",""retrieved_at"":""2026-10-02T08:48:27.174Z"",""raw_snapshot"":{""path"":""docs/political-data/raw/germany/recognition_2025/recognition.html"",""sha256"":""776b492087425d7bd6dd134235d2f975faa454bb1a241d0216d473237fb9b525""},""parser_version"":""germany-production-v1"",""parser_sha256"":""2a8eb3487f392ef83303e7fb9ff246e4c111a7e64a469a6aa9eb21461ae9b1a0"",""fields_covered"":[""contestant_kind"",""lead_party_id"",""membership""],""published_or_derived"":""published"",""decision_basis"":""manual review of official same-election recognition/participation and result column"",""evidence_note"":""Federal Electoral Committee announcement dated 2025-01-14; represented_party_section_18_4_1; source abbreviation GRÜNE""},{""source_id"":""src-de-bwl-final-archive"",""source_url"":""https://www.bundeswahlleiterin.de/dam/jcr/ce2d2b6a-f211-4355-8eea-355c98cd4e47/btw_kerg.zip"",""source_record_id"":""31ab27391d5753a6a972936d436092879f5c9cca11570272cd72e3e272d16731:btw2025_kerg.csv:340:30"",""retrieved_at"":""2026-10-01T23:21:39.584Z"",""raw_snapshot"":{""path"":""docs/political-data/raw/germany/2026-10-01T23-21-39-584Z_02e7077f9358c9ef/final-results.zip"",""sha256"":""02e7077f9358c9ef408741ee5d17123a43c28ea766b26a7ab338c08fcaeb7512""},""parser_version"":""germany-production-v1"",""parser_sha256"":""2a8eb3487f392ef83303e7fb9ff246e4c111a7e64a469a6aa9eb21461ae9b1a0"",""fields_covered"":[""historical_display_label""],""published_or_derived"":""published"",""label_basis"":""verbatim_election_specific_source"",""label_evidence"":[{""member"":""btw2025_kerg.csv"",""sha256"":""31ab27391d5753a6a972936d436092879f5c9cca11570272cd72e3e272d16731"",""column"":30,""record_id"":""31ab27391d5753a6a972936d436092879f5c9cca11570272cd72e3e272d16731:btw2025_kerg.csv:340:30""}]}]","{""decision_file"":""docs/political-data/germany_production_acceptance.json"",""reviewer"":""germany_source_review"",""reviewed_at"":""2026-10-02"",""scope"":""same_election_only_no_continuity""}"
"ct-de-0184","germany","el-de-bt-2025-02-23","party_list","Freie Demokratische Partei","Freie Demokratische Partei","pp-de-0004","confirmed_2025_election_specific_relation","false","[{""source_id"":""src-de-bwl-final-archive"",""source_url"":""https://www.bundeswahlleiterin.de/dam/jcr/ce2d2b6a-f211-4355-8eea-355c98cd4e47/btw_kerg.zip"",""source_record_id"":""31ab27391d5753a6a972936d436092879f5c9cca11570272cd72e3e272d16731:btw2025_kerg.csv:340:34"",""retrieved_at"":""2026-10-01T23:21:39.584Z"",""raw_snapshot"":{""path"":""docs/political-data/raw/germany/2026-10-01T23-21-39-584Z_02e7077f9358c9ef/final-results.zip"",""sha256"":""02e7077f9358c9ef408741ee5d17123a43c28ea766b26a7ab338c08fcaeb7512""},""parser_version"":""germany-production-v1"",""parser_sha256"":""2a8eb3487f392ef83303e7fb9ff246e4c111a7e64a469a6aa9eb21461ae9b1a0"",""fields_covered"":[""second_votes"",""registered_label_native""],""published_or_derived"":""published"",""source_member"":""btw2025_kerg.csv"",""source_member_sha256"":""31ab27391d5753a6a972936d436092879f5c9cca11570272cd72e3e272d16731"",""source_column"":34},{""source_id"":""src-de-bwl-recognition-2025"",""source_url"":""https://www.bundeswahlleiterin.de/info/presse/mitteilungen/bundestagswahl-2025/06_25_ergebnisse_1bwa.html"",""source_record_id"":""src-de-bwl-recognition-2025:table:1:row:5"",""retrieved_at"":""2026-10-02T08:48:27.174Z"",""raw_snapshot"":{""path"":""docs/political-data/raw/germany/recognition_2025/recognition.html"",""sha256"":""776b492087425d7bd6dd134235d2f975faa454bb1a241d0216d473237fb9b525""},""parser_version"":""germany-production-v1"",""parser_sha256"":""2a8eb3487f392ef83303e7fb9ff246e4c111a7e64a469a6aa9eb21461ae9b1a0"",""fields_covered"":[""contestant_kind"",""lead_party_id"",""membership""],""published_or_derived"":""published"",""decision_basis"":""manual review of official same-election recognition/participation and result column"",""evidence_note"":""Federal Electoral Committee announcement dated 2025-01-14; represented_party_section_18_4_1; source abbreviation FDP""},{""source_id"":""src-de-bwl-final-archive"",""source_url"":""https://www.bundeswahlleiterin.de/dam/jcr/ce2d2b6a-f211-4355-8eea-355c98cd4e47/btw_kerg.zip"",""source_record_id"":""31ab27391d5753a6a972936d436092879f5c9cca11570272cd72e3e272d16731:btw2025_kerg.csv:340:34"",""retrieved_at"":""2026-10-01T23:21:39.584Z"",""raw_snapshot"":{""path"":""docs/political-data/raw/germany/2026-10-01T23-21-39-584Z_02e7077f9358c9ef/final-results.zip"",""sha256"":""02e7077f9358c9ef408741ee5d17123a43c28ea766b26a7ab338c08fcaeb7512""},""parser_version"":""germany-production-v1"",""parser_sha256"":""2a8eb3487f392ef83303e7fb9ff246e4c111a7e64a469a6aa9eb21461ae9b1a0"",""fields_covered"":[""historical_display_label""],""published_or_derived"":""published"",""label_basis"":""verbatim_election_specific_source"",""label_evidence"":[{""member"":""btw2025_kerg.csv"",""sha256"":""31ab27391d5753a6a972936d436092879f5c9cca11570272cd72e3e272d16731"",""column"":34,""record_id"":""31ab27391d5753a6a972936d436092879f5c9cca11570272cd72e3e272d16731:btw2025_kerg.csv:340:34""}]}]","{""decision_file"":""docs/political-data/germany_production_acceptance.json"",""reviewer"":""germany_source_review"",""reviewed_at"":""2026-10-02"",""scope"":""same_election_only_no_continuity""}"
"ct-de-0185","germany","el-de-bt-2025-02-23","party_list","Alternative für Deutschland","Alternative für Deutschland","pp-de-0005","confirmed_2025_election_specific_relation","false","[{""source_id"":""src-de-bwl-final-archive"",""source_url"":""https://www.bundeswahlleiterin.de/dam/jcr/ce2d2b6a-f211-4355-8eea-355c98cd4e47/btw_kerg.zip"",""source_record_id"":""31ab27391d5753a6a972936d436092879f5c9cca11570272cd72e3e272d16731:btw2025_kerg.csv:340:38"",""retrieved_at"":""2026-10-01T23:21:39.584Z"",""raw_snapshot"":{""path"":""docs/political-data/raw/germany/2026-10-01T23-21-39-584Z_02e7077f9358c9ef/final-results.zip"",""sha256"":""02e7077f9358c9ef408741ee5d17123a43c28ea766b26a7ab338c08fcaeb7512""},""parser_version"":""germany-production-v1"",""parser_sha256"":""2a8eb3487f392ef83303e7fb9ff246e4c111a7e64a469a6aa9eb21461ae9b1a0"",""fields_covered"":[""second_votes"",""registered_label_native""],""published_or_derived"":""published"",""source_member"":""btw2025_kerg.csv"",""source_member_sha256"":""31ab27391d5753a6a972936d436092879f5c9cca11570272cd72e3e272d16731"",""source_column"":38},{""source_id"":""src-de-bwl-recognition-2025"",""source_url"":""https://www.bundeswahlleiterin.de/info/presse/mitteilungen/bundestagswahl-2025/06_25_ergebnisse_1bwa.html"",""source_record_id"":""src-de-bwl-recognition-2025:table:1:row:6"",""retrieved_at"":""2026-10-02T08:48:27.174Z"",""raw_snapshot"":{""path"":""docs/political-data/raw/germany/recognition_2025/recognition.html"",""sha256"":""776b492087425d7bd6dd134235d2f975faa454bb1a241d0216d473237fb9b525""},""parser_version"":""germany-production-v1"",""parser_sha256"":""2a8eb3487f392ef83303e7fb9ff246e4c111a7e64a469a6aa9eb21461ae9b1a0"",""fields_covered"":[""contestant_kind"",""lead_party_id"",""membership""],""published_or_derived"":""published"",""decision_basis"":""manual review of official same-election recognition/participation and result column"",""evidence_note"":""Federal Electoral Committee announcement dated 2025-01-14; represented_party_section_18_4_1; source abbreviation AfD""},{""source_id"":""src-de-bwl-final-archive"",""source_url"":""https://www.bundeswahlleiterin.de/dam/jcr/ce2d2b6a-f211-4355-8eea-355c98cd4e47/btw_kerg.zip"",""source_record_id"":""31ab27391d5753a6a972936d436092879f5c9cca11570272cd72e3e272d16731:btw2025_kerg.csv:340:38"",""retrieved_at"":""2026-10-01T23:21:39.584Z"",""raw_snapshot"":{""path"":""docs/political-data/raw/germany/2026-10-01T23-21-39-584Z_02e7077f9358c9ef/final-results.zip"",""sha256"":""02e7077f9358c9ef408741ee5d17123a43c28ea766b26a7ab338c08fcaeb7512""},""parser_version"":""germany-production-v1"",""parser_sha256"":""2a8eb3487f392ef83303e7fb9ff246e4c111a7e64a469a6aa9eb21461ae9b1a0"",""fields_covered"":[""historical_display_label""],""published_or_derived"":""published"",""label_basis"":""verbatim_election_specific_source"",""label_evidence"":[{""member"":""btw2025_kerg.csv"",""sha256"":""31ab27391d5753a6a972936d436092879f5c9cca11570272cd72e3e272d16731"",""column"":38,""record_id"":""31ab27391d5753a6a972936d436092879f5c9cca11570272cd72e3e272d16731:btw2025_kerg.csv:340:38""}]}]","{""decision_file"":""docs/political-data/germany_production_acceptance.json"",""reviewer"":""germany_source_review"",""reviewed_at"":""2026-10-02"",""scope"":""same_election_only_no_continuity""}"
"ct-de-0186","germany","el-de-bt-2025-02-23","party_list","Christlich-Soziale Union in Bayern e.V.","Christlich-Soziale Union in Bayern e.V.","pp-de-0006","confirmed_2025_election_specific_relation","false","[{""source_id"":""src-de-bwl-final-archive"",""source_url"":""https://www.bundeswahlleiterin.de/dam/jcr/ce2d2b6a-f211-4355-8eea-355c98cd4e47/btw_kerg.zip"",""source_record_id"":""31ab27391d5753a6a972936d436092879f5c9cca11570272cd72e3e272d16731:btw2025_kerg.csv:340:42"",""retrieved_at"":""2026-10-01T23:21:39.584Z"",""raw_snapshot"":{""path"":""docs/political-data/raw/germany/2026-10-01T23-21-39-584Z_02e7077f9358c9ef/final-results.zip"",""sha256"":""02e7077f9358c9ef408741ee5d17123a43c28ea766b26a7ab338c08fcaeb7512""},""parser_version"":""germany-production-v1"",""parser_sha256"":""2a8eb3487f392ef83303e7fb9ff246e4c111a7e64a469a6aa9eb21461ae9b1a0"",""fields_covered"":[""second_votes"",""registered_label_native""],""published_or_derived"":""published"",""source_member"":""btw2025_kerg.csv"",""source_member_sha256"":""31ab27391d5753a6a972936d436092879f5c9cca11570272cd72e3e272d16731"",""source_column"":42},{""source_id"":""src-de-bwl-recognition-2025"",""source_url"":""https://www.bundeswahlleiterin.de/info/presse/mitteilungen/bundestagswahl-2025/06_25_ergebnisse_1bwa.html"",""source_record_id"":""src-de-bwl-recognition-2025:table:1:row:7"",""retrieved_at"":""2026-10-02T08:48:27.174Z"",""raw_snapshot"":{""path"":""docs/political-data/raw/germany/recognition_2025/recognition.html"",""sha256"":""776b492087425d7bd6dd134235d2f975faa454bb1a241d0216d473237fb9b525""},""parser_version"":""germany-production-v1"",""parser_sha256"":""2a8eb3487f392ef83303e7fb9ff246e4c111a7e64a469a6aa9eb21461ae9b1a0"",""fields_covered"":[""contestant_kind"",""lead_party_id"",""membership""],""published_or_derived"":""published"",""decision_basis"":""manual review of official same-election recognition/participation and result column"",""evidence_note"":""Federal Electoral Committee announcement dated 2025-01-14; represented_party_section_18_4_1; source abbreviation CSU""},{""source_id"":""src-de-bwl-final-archive"",""source_url"":""https://www.bundeswahlleiterin.de/dam/jcr/ce2d2b6a-f211-4355-8eea-355c98cd4e47/btw_kerg.zip"",""source_record_id"":""31ab27391d5753a6a972936d436092879f5c9cca11570272cd72e3e272d16731:btw2025_kerg.csv:340:42"",""retrieved_at"":""2026-10-01T23:21:39.584Z"",""raw_snapshot"":{""path"":""docs/political-data/raw/germany/2026-10-01T23-21-39-584Z_02e7077f9358c9ef/final-results.zip"",""sha256"":""02e7077f9358c9ef408741ee5d17123a43c28ea766b26a7ab338c08fcaeb7512""},""parser_version"":""germany-production-v1"",""parser_sha256"":""2a8eb3487f392ef83303e7fb9ff246e4c111a7e64a469a6aa9eb21461ae9b1a0"",""fields_covered"":[""historical_display_label""],""published_or_derived"":""published"",""label_basis"":""verbatim_election_specific_source"",""label_evidence"":[{""member"":""btw2025_kerg.csv"",""sha256"":""31ab27391d5753a6a972936d436092879f5c9cca11570272cd72e3e272d16731"",""column"":42,""record_id"":""31ab27391d5753a6a972936d436092879f5c9cca11570272cd72e3e272d16731:btw2025_kerg.csv:340:42""}]}]","{""decision_file"":""docs/political-data/germany_production_acceptance.json"",""reviewer"":""germany_source_review"",""reviewed_at"":""2026-10-02"",""scope"":""same_election_only_no_continuity""}"
"ct-de-0187","germany","el-de-bt-2025-02-23","party_list","Die Linke","Die Linke","pp-de-0007","confirmed_2025_election_specific_relation","false","[{""source_id"":""src-de-bwl-final-archive"",""source_url"":""https://www.bundeswahlleiterin.de/dam/jcr/ce2d2b6a-f211-4355-8eea-355c98cd4e47/btw_kerg.zip"",""source_record_id"":""31ab27391d5753a6a972936d436092879f5c9cca11570272cd72e3e272d16731:btw2025_kerg.csv:340:46"",""retrieved_at"":""2026-10-01T23:21:39.584Z"",""raw_snapshot"":{""path"":""docs/political-data/raw/germany/2026-10-01T23-21-39-584Z_02e7077f9358c9ef/final-results.zip"",""sha256"":""02e7077f9358c9ef408741ee5d17123a43c28ea766b26a7ab338c08fcaeb7512""},""parser_version"":""germany-production-v1"",""parser_sha256"":""2a8eb3487f392ef83303e7fb9ff246e4c111a7e64a469a6aa9eb21461ae9b1a0"",""fields_covered"":[""second_votes"",""registered_label_native""],""published_or_derived"":""published"",""source_member"":""btw2025_kerg.csv"",""source_member_sha256"":""31ab27391d5753a6a972936d436092879f5c9cca11570272cd72e3e272d16731"",""source_column"":46},{""source_id"":""src-de-bwl-recognition-2025"",""source_url"":""https://www.bundeswahlleiterin.de/info/presse/mitteilungen/bundestagswahl-2025/06_25_ergebnisse_1bwa.html"",""source_record_id"":""src-de-bwl-recognition-2025:table:1:row:8"",""retrieved_at"":""2026-10-02T08:48:27.174Z"",""raw_snapshot"":{""path"":""docs/political-data/raw/germany/recognition_2025/recognition.html"",""sha256"":""776b492087425d7bd6dd134235d2f975faa454bb1a241d0216d473237fb9b525""},""parser_version"":""germany-production-v1"",""parser_sha256"":""2a8eb3487f392ef83303e7fb9ff246e4c111a7e64a469a6aa9eb21461ae9b1a0"",""fields_covered"":[""contestant_kind"",""lead_party_id"",""membership""],""published_or_derived"":""published"",""decision_basis"":""manual review of official same-election recognition/participation and result column"",""evidence_note"":""Federal Electoral Committee announcement dated 2025-01-14; represented_party_section_18_4_1; source abbreviation Die Linke""},{""source_id"":""src-de-bwl-final-archive"",""source_url"":""https://www.bundeswahlleiterin.de/dam/jcr/ce2d2b6a-f211-4355-8eea-355c98cd4e47/btw_kerg.zip"",""source_record_id"":""31ab27391d5753a6a972936d436092879f5c9cca11570272cd72e3e272d16731:btw2025_kerg.csv:340:46"",""retrieved_at"":""2026-10-01T23:21:39.584Z"",""raw_snapshot"":{""path"":""docs/political-data/raw/germany/2026-10-01T23-21-39-584Z_02e7077f9358c9ef/final-results.zip"",""sha256"":""02e7077f9358c9ef408741ee5d17123a43c28ea766b26a7ab338c08fcaeb7512""},""parser_version"":""germany-production-v1"",""parser_sha256"":""2a8eb3487f392ef83303e7fb9ff246e4c111a7e64a469a6aa9eb21461ae9b1a0"",""fields_covered"":[""historical_display_label""],""published_or_derived"":""published"",""label_basis"":""verbatim_election_specific_source"",""label_evidence"":[{""member"":""btw2025_kerg.csv"",""sha256"":""31ab27391d5753a6a972936d436092879f5c9cca11570272cd72e3e272d16731"",""column"":46,""record_id"":""31ab27391d5753a6a972936d436092879f5c9cca11570272cd72e3e272d16731:btw2025_kerg.csv:340:46""}]}]","{""decision_file"":""docs/political-data/germany_production_acceptance.json"",""reviewer"":""germany_source_review"",""reviewed_at"":""2026-10-02"",""scope"":""same_election_only_no_continuity""}"
"ct-de-0188","germany","el-de-bt-2025-02-23","party_list","FREIE WÄHLER","FREIE WÄHLER","pp-de-0008","confirmed_2025_election_specific_relation","false","[{""source_id"":""src-de-bwl-final-archive"",""source_url"":""https://www.bundeswahlleiterin.de/dam/jcr/ce2d2b6a-f211-4355-8eea-355c98cd4e47/btw_kerg.zip"",""source_record_id"":""31ab27391d5753a6a972936d436092879f5c9cca11570272cd72e3e272d16731:btw2025_kerg.csv:340:50"",""retrieved_at"":""2026-10-01T23:21:39.584Z"",""raw_snapshot"":{""path"":""docs/political-data/raw/germany/2026-10-01T23-21-39-584Z_02e7077f9358c9ef/final-results.zip"",""sha256"":""02e7077f9358c9ef408741ee5d17123a43c28ea766b26a7ab338c08fcaeb7512""},""parser_version"":""germany-production-v1"",""parser_sha256"":""2a8eb3487f392ef83303e7fb9ff246e4c111a7e64a469a6aa9eb21461ae9b1a0"",""fields_covered"":[""second_votes"",""registered_label_native""],""published_or_derived"":""published"",""source_member"":""btw2025_kerg.csv"",""source_member_sha256"":""31ab27391d5753a6a972936d436092879f5c9cca11570272cd72e3e272d16731"",""source_column"":50},{""source_id"":""src-de-bwl-recognition-2025"",""source_url"":""https://www.bundeswahlleiterin.de/info/presse/mitteilungen/bundestagswahl-2025/06_25_ergebnisse_1bwa.html"",""source_record_id"":""src-de-bwl-recognition-2025:table:2:row:4"",""retrieved_at"":""2026-10-02T08:48:27.174Z"",""raw_snapshot"":{""path"":""docs/political-data/raw/germany/recognition_2025/recognition.html"",""sha256"":""776b492087425d7bd6dd134235d2f975faa454bb1a241d0216d473237fb9b525""},""parser_version"":""germany-production-v1"",""parser_sha256"":""2a8eb3487f392ef83303e7fb9ff246e4c111a7e64a469a6aa9eb21461ae9b1a0"",""fields_covered"":[""contestant_kind"",""lead_party_id"",""membership""],""published_or_derived"":""published"",""decision_basis"":""manual review of official same-election recognition/participation and result column"",""evidence_note"":""Federal Electoral Committee announcement dated 2025-01-14; represented_party_section_18_4_1; source abbreviation FREIE WÄHLER""},{""source_id"":""src-de-bwl-final-archive"",""source_url"":""https://www.bundeswahlleiterin.de/dam/jcr/ce2d2b6a-f211-4355-8eea-355c98cd4e47/btw_kerg.zip"",""source_record_id"":""31ab27391d5753a6a972936d436092879f5c9cca11570272cd72e3e272d16731:btw2025_kerg.csv:340:50"",""retrieved_at"":""2026-10-01T23:21:39.584Z"",""raw_snapshot"":{""path"":""docs/political-data/raw/germany/2026-10-01T23-21-39-584Z_02e7077f9358c9ef/final-results.zip"",""sha256"":""02e7077f9358c9ef408741ee5d17123a43c28ea766b26a7ab338c08fcaeb7512""},""parser_version"":""germany-production-v1"",""parser_sha256"":""2a8eb3487f392ef83303e7fb9ff246e4c111a7e64a469a6aa9eb21461ae9b1a0"",""fields_covered"":[""historical_display_label""],""published_or_derived"":""published"",""label_basis"":""verbatim_election_specific_source"",""label_evidence"":[{""member"":""btw2025_kerg.csv"",""sha256"":""31ab27391d5753a6a972936d436092879f5c9cca11570272cd72e3e272d16731"",""column"":50,""record_id"":""31ab27391d5753a6a972936d436092879f5c9cca11570272cd72e3e272d16731:btw2025_kerg.csv:340:50""}]}]","{""decision_file"":""docs/political-data/germany_production_acceptance.json"",""reviewer"":""germany_source_review"",""reviewed_at"":""2026-10-02"",""scope"":""same_election_only_no_continuity""}"
"ct-de-0189","germany","el-de-bt-2025-02-23","party_list","PARTEI MENSCH UMWELT TIERSCHUTZ","PARTEI MENSCH UMWELT TIERSCHUTZ","pp-de-0009","confirmed_2025_election_specific_relation","false","[{""source_id"":""src-de-bwl-final-archive"",""source_url"":""https://www.bundeswahlleiterin.de/dam/jcr/ce2d2b6a-f211-4355-8eea-355c98cd4e47/btw_kerg.zip"",""source_record_id"":""31ab27391d5753a6a972936d436092879f5c9cca11570272cd72e3e272d16731:btw2025_kerg.csv:340:54"",""retrieved_at"":""2026-10-01T23:21:39.584Z"",""raw_snapshot"":{""path"":""docs/political-data/raw/germany/2026-10-01T23-21-39-584Z_02e7077f9358c9ef/final-results.zip"",""sha256"":""02e7077f9358c9ef408741ee5d17123a43c28ea766b26a7ab338c08fcaeb7512""},""parser_version"":""germany-production-v1"",""parser_sha256"":""2a8eb3487f392ef83303e7fb9ff246e4c111a7e64a469a6aa9eb21461ae9b1a0"",""fields_covered"":[""second_votes"",""registered_label_native""],""published_or_derived"":""published"",""source_member"":""btw2025_kerg.csv"",""source_member_sha256"":""31ab27391d5753a6a972936d436092879f5c9cca11570272cd72e3e272d16731"",""source_column"":54},{""source_id"":""src-de-bwl-recognition-2025"",""source_url"":""https://www.bundeswahlleiterin.de/info/presse/mitteilungen/bundestagswahl-2025/06_25_ergebnisse_1bwa.html"",""source_record_id"":""src-de-bwl-recognition-2025:table:3:row:14"",""retrieved_at"":""2026-10-02T08:48:27.174Z"",""raw_snapshot"":{""path"":""docs/political-data/raw/germany/recognition_2025/recognition.html"",""sha256"":""776b492087425d7bd6dd134235d2f975faa454bb1a241d0216d473237fb9b525""},""parser_version"":""germany-production-v1"",""parser_sha256"":""2a8eb3487f392ef83303e7fb9ff246e4c111a7e64a469a6aa9eb21461ae9b1a0"",""fields_covered"":[""contestant_kind"",""lead_party_id"",""membership""],""published_or_derived"":""published"",""decision_basis"":""manual review of official same-election recognition/participation and result column"",""evidence_note"":""Federal Electoral Committee announcement dated 2025-01-14; recognised_party_section_18_4_2; source abbreviation Tierschutzpartei""},{""source_id"":""src-de-bwl-final-archive"",""source_url"":""https://www.bundeswahlleiterin.de/dam/jcr/ce2d2b6a-f211-4355-8eea-355c98cd4e47/btw_kerg.zip"",""source_record_id"":""31ab27391d5753a6a972936d436092879f5c9cca11570272cd72e3e272d16731:btw2025_kerg.csv:340:54"",""retrieved_at"":""2026-10-01T23:21:39.584Z"",""raw_snapshot"":{""path"":""docs/political-data/raw/germany/2026-10-01T23-21-39-584Z_02e7077f9358c9ef/final-results.zip"",""sha256"":""02e7077f9358c9ef408741ee5d17123a43c28ea766b26a7ab338c08fcaeb7512""},""parser_version"":""germany-production-v1"",""parser_sha256"":""2a8eb3487f392ef83303e7fb9ff246e4c111a7e64a469a6aa9eb21461ae9b1a0"",""fields_covered"":[""historical_display_label""],""published_or_derived"":""published"",""label_basis"":""verbatim_election_specific_source"",""label_evidence"":[{""member"":""btw2025_kerg.csv"",""sha256"":""31ab27391d5753a6a972936d436092879f5c9cca11570272cd72e3e272d16731"",""column"":54,""record_id"":""31ab27391d5753a6a972936d436092879f5c9cca11570272cd72e3e272d16731:btw2025_kerg.csv:340:54""}]}]","{""decision_file"":""docs/political-data/germany_production_acceptance.json"",""reviewer"":""germany_source_review"",""reviewed_at"":""2026-10-02"",""scope"":""same_election_only_no_continuity""}"
"ct-de-0190","germany","el-de-bt-2025-02-23","party_list","Basisdemokratische Partei Deutschland","Basisdemokratische Partei Deutschland","pp-de-0010","confirmed_2025_election_specific_relation","false","[{""source_id"":""src-de-bwl-final-archive"",""source_url"":""https://www.bundeswahlleiterin.de/dam/jcr/ce2d2b6a-f211-4355-8eea-355c98cd4e47/btw_kerg.zip"",""source_record_id"":""31ab27391d5753a6a972936d436092879f5c9cca11570272cd72e3e272d16731:btw2025_kerg.csv:340:58"",""retrieved_at"":""2026-10-01T23:21:39.584Z"",""raw_snapshot"":{""path"":""docs/political-data/raw/germany/2026-10-01T23-21-39-584Z_02e7077f9358c9ef/final-results.zip"",""sha256"":""02e7077f9358c9ef408741ee5d17123a43c28ea766b26a7ab338c08fcaeb7512""},""parser_version"":""germany-production-v1"",""parser_sha256"":""2a8eb3487f392ef83303e7fb9ff246e4c111a7e64a469a6aa9eb21461ae9b1a0"",""fields_covered"":[""second_votes"",""registered_label_native""],""published_or_derived"":""published"",""source_member"":""btw2025_kerg.csv"",""source_member_sha256"":""31ab27391d5753a6a972936d436092879f5c9cca11570272cd72e3e272d16731"",""source_column"":58},{""source_id"":""src-de-bwl-recognition-2025"",""source_url"":""https://www.bundeswahlleiterin.de/info/presse/mitteilungen/bundestagswahl-2025/06_25_ergebnisse_1bwa.html"",""source_record_id"":""src-de-bwl-recognition-2025:table:3:row:7"",""retrieved_at"":""2026-10-02T08:48:27.174Z"",""raw_snapshot"":{""path"":""docs/political-data/raw/germany/recognition_2025/recognition.html"",""sha256"":""776b492087425d7bd6dd134235d2f975faa454bb1a241d0216d473237fb9b525""},""parser_version"":""germany-production-v1"",""parser_sha256"":""2a8eb3487f392ef83303e7fb9ff246e4c111a7e64a469a6aa9eb21461ae9b1a0"",""fields_covered"":[""contestant_kind"",""lead_party_id"",""membership""],""published_or_derived"":""published"",""decision_basis"":""manual review of official same-election recognition/participation and result column"",""evidence_note"":""Federal Electoral Committee announcement dated 2025-01-14; recognised_party_section_18_4_2; source abbreviation dieBasis""},{""source_id"":""src-de-bwl-final-archive"",""source_url"":""https://www.bundeswahlleiterin.de/dam/jcr/ce2d2b6a-f211-4355-8eea-355c98cd4e47/btw_kerg.zip"",""source_record_id"":""31ab27391d5753a6a972936d436092879f5c9cca11570272cd72e3e272d16731:btw2025_kerg.csv:340:58"",""retrieved_at"":""2026-10-01T23:21:39.584Z"",""raw_snapshot"":{""path"":""docs/political-data/raw/germany/2026-10-01T23-21-39-584Z_02e7077f9358c9ef/final-results.zip"",""sha256"":""02e7077f9358c9ef408741ee5d17123a43c28ea766b26a7ab338c08fcaeb7512""},""parser_version"":""germany-production-v1"",""parser_sha256"":""2a8eb3487f392ef83303e7fb9ff246e4c111a7e64a469a6aa9eb21461ae9b1a0"",""fields_covered"":[""historical_display_label""],""published_or_derived"":""published"",""label_basis"":""verbatim_election_specific_source"",""label_evidence"":[{""member"":""btw2025_kerg.csv"",""sha256"":""31ab27391d5753a6a972936d436092879f5c9cca11570272cd72e3e272d16731"",""column"":58,""record_id"":""31ab27391d5753a6a972936d436092879f5c9cca11570272cd72e3e272d16731:btw2025_kerg.csv:340:58""}]}]","{""decision_file"":""docs/political-data/germany_production_acceptance.json"",""reviewer"":""germany_source_review"",""reviewed_at"":""2026-10-02"",""scope"":""same_election_only_no_continuity""}"
"ct-de-0191","germany","el-de-bt-2025-02-23","party_list","Partei für Arbeit, Rechtsstaat, Tierschutz, Elitenförderung und basisdemokratische Initiative","Partei für Arbeit, Rechtsstaat, Tierschutz, Elitenförderung und basisdemokratische Initiative","pp-de-0011","confirmed_2025_election_specific_relation","false","[{""source_id"":""src-de-bwl-final-archive"",""source_url"":""https://www.bundeswahlleiterin.de/dam/jcr/ce2d2b6a-f211-4355-8eea-355c98cd4e47/btw_kerg.zip"",""source_record_id"":""31ab27391d5753a6a972936d436092879f5c9cca11570272cd72e3e272d16731:btw2025_kerg.csv:340:62"",""retrieved_at"":""2026-10-01T23:21:39.584Z"",""raw_snapshot"":{""path"":""docs/political-data/raw/germany/2026-10-01T23-21-39-584Z_02e7077f9358c9ef/final-results.zip"",""sha256"":""02e7077f9358c9ef408741ee5d17123a43c28ea766b26a7ab338c08fcaeb7512""},""parser_version"":""germany-production-v1"",""parser_sha256"":""2a8eb3487f392ef83303e7fb9ff246e4c111a7e64a469a6aa9eb21461ae9b1a0"",""fields_covered"":[""second_votes"",""registered_label_native""],""published_or_derived"":""published"",""source_member"":""btw2025_kerg.csv"",""source_member_sha256"":""31ab27391d5753a6a972936d436092879f5c9cca11570272cd72e3e272d16731"",""source_column"":62},{""source_id"":""src-de-bwl-recognition-2025"",""source_url"":""https://www.bundeswahlleiterin.de/info/presse/mitteilungen/bundestagswahl-2025/06_25_ergebnisse_1bwa.html"",""source_record_id"":""src-de-bwl-recognition-2025:table:3:row:12"",""retrieved_at"":""2026-10-02T08:48:27.174Z"",""raw_snapshot"":{""path"":""docs/political-data/raw/germany/recognition_2025/recognition.html"",""sha256"":""776b492087425d7bd6dd134235d2f975faa454bb1a241d0216d473237fb9b525""},""parser_version"":""germany-production-v1"",""parser_sha256"":""2a8eb3487f392ef83303e7fb9ff246e4c111a7e64a469a6aa9eb21461ae9b1a0"",""fields_covered"":[""contestant_kind"",""lead_party_id"",""membership""],""published_or_derived"":""published"",""decision_basis"":""manual review of official same-election recognition/participation and result column"",""evidence_note"":""Federal Electoral Committee announcement dated 2025-01-14; recognised_party_section_18_4_2; source abbreviation Die PARTEI""},{""source_id"":""src-de-bwl-final-archive"",""source_url"":""https://www.bundeswahlleiterin.de/dam/jcr/ce2d2b6a-f211-4355-8eea-355c98cd4e47/btw_kerg.zip"",""source_record_id"":""31ab27391d5753a6a972936d436092879f5c9cca11570272cd72e3e272d16731:btw2025_kerg.csv:340:62"",""retrieved_at"":""2026-10-01T23:21:39.584Z"",""raw_snapshot"":{""path"":""docs/political-data/raw/germany/2026-10-01T23-21-39-584Z_02e7077f9358c9ef/final-results.zip"",""sha256"":""02e7077f9358c9ef408741ee5d17123a43c28ea766b26a7ab338c08fcaeb7512""},""parser_version"":""germany-production-v1"",""parser_sha256"":""2a8eb3487f392ef83303e7fb9ff246e4c111a7e64a469a6aa9eb21461ae9b1a0"",""fields_covered"":[""historical_display_label""],""published_or_derived"":""published"",""label_basis"":""verbatim_election_specific_source"",""label_evidence"":[{""member"":""btw2025_kerg.csv"",""sha256"":""31ab27391d5753a6a972936d436092879f5c9cca11570272cd72e3e272d16731"",""column"":62,""record_id"":""31ab27391d5753a6a972936d436092879f5c9cca11570272cd72e3e272d16731:btw2025_kerg.csv:340:62""}]}]","{""decision_file"":""docs/political-data/germany_production_acceptance.json"",""reviewer"":""germany_source_review"",""reviewed_at"":""2026-10-02"",""scope"":""same_election_only_no_continuity""}"
"ct-de-0192","germany","el-de-bt-2025-02-23","party_list","Die Gerechtigkeitspartei – Team Todenhöfer","Die Gerechtigkeitspartei – Team Todenhöfer","pp-de-0012","confirmed_2025_election_specific_relation","false","[{""source_id"":""src-de-bwl-final-archive"",""source_url"":""https://www.bundeswahlleiterin.de/dam/jcr/ce2d2b6a-f211-4355-8eea-355c98cd4e47/btw_kerg.zip"",""source_record_id"":""31ab27391d5753a6a972936d436092879f5c9cca11570272cd72e3e272d16731:btw2025_kerg.csv:340:66"",""retrieved_at"":""2026-10-01T23:21:39.584Z"",""raw_snapshot"":{""path"":""docs/political-data/raw/germany/2026-10-01T23-21-39-584Z_02e7077f9358c9ef/final-results.zip"",""sha256"":""02e7077f9358c9ef408741ee5d17123a43c28ea766b26a7ab338c08fcaeb7512""},""parser_version"":""germany-production-v1"",""parser_sha256"":""2a8eb3487f392ef83303e7fb9ff246e4c111a7e64a469a6aa9eb21461ae9b1a0"",""fields_covered"":[""second_votes"",""registered_label_native""],""published_or_derived"":""published"",""source_member"":""btw2025_kerg.csv"",""source_member_sha256"":""31ab27391d5753a6a972936d436092879f5c9cca11570272cd72e3e272d16731"",""source_column"":66},{""source_id"":""src-de-bwl-recognition-2025"",""source_url"":""https://www.bundeswahlleiterin.de/info/presse/mitteilungen/bundestagswahl-2025/06_25_ergebnisse_1bwa.html"",""source_record_id"":""src-de-bwl-recognition-2025:table:3:row:8"",""retrieved_at"":""2026-10-02T08:48:27.174Z"",""raw_snapshot"":{""path"":""docs/political-data/raw/germany/recognition_2025/recognition.html"",""sha256"":""776b492087425d7bd6dd134235d2f975faa454bb1a241d0216d473237fb9b525""},""parser_version"":""germany-production-v1"",""parser_sha256"":""2a8eb3487f392ef83303e7fb9ff246e4c111a7e64a469a6aa9eb21461ae9b1a0"",""fields_covered"":[""contestant_kind"",""lead_party_id"",""membership""],""published_or_derived"":""published"",""decision_basis"":""manual review of official same-election recognition/participation and result column"",""evidence_note"":""Federal Electoral Committee announcement dated 2025-01-14; recognised_party_section_18_4_2; source abbreviation –""},{""source_id"":""src-de-bwl-final-archive"",""source_url"":""https://www.bundeswahlleiterin.de/dam/jcr/ce2d2b6a-f211-4355-8eea-355c98cd4e47/btw_kerg.zip"",""source_record_id"":""31ab27391d5753a6a972936d436092879f5c9cca11570272cd72e3e272d16731:btw2025_kerg.csv:340:66"",""retrieved_at"":""2026-10-01T23:21:39.584Z"",""raw_snapshot"":{""path"":""docs/political-data/raw/germany/2026-10-01T23-21-39-584Z_02e7077f9358c9ef/final-results.zip"",""sha256"":""02e7077f9358c9ef408741ee5d17123a43c28ea766b26a7ab338c08fcaeb7512""},""parser_version"":""germany-production-v1"",""parser_sha256"":""2a8eb3487f392ef83303e7fb9ff246e4c111a7e64a469a6aa9eb21461ae9b1a0"",""fields_covered"":[""historical_display_label""],""published_or_derived"":""published"",""label_basis"":""verbatim_election_specific_source"",""label_evidence"":[{""member"":""btw2025_kerg.csv"",""sha256"":""31ab27391d5753a6a972936d436092879f5c9cca11570272cd72e3e272d16731"",""column"":66,""record_id"":""31ab27391d5753a6a972936d436092879f5c9cca11570272cd72e3e272d16731:btw2025_kerg.csv:340:66""}]}]","{""decision_file"":""docs/political-data/germany_production_acceptance.json"",""reviewer"":""germany_source_review"",""reviewed_at"":""2026-10-02"",""scope"":""same_election_only_no_continuity""}"
"ct-de-0193","germany","el-de-bt-2025-02-23","party_list","Piratenpartei Deutschland","Piratenpartei Deutschland","pp-de-0013","confirmed_2025_election_specific_relation","false","[{""source_id"":""src-de-bwl-final-archive"",""source_url"":""https://www.bundeswahlleiterin.de/dam/jcr/ce2d2b6a-f211-4355-8eea-355c98cd4e47/btw_kerg.zip"",""source_record_id"":""31ab27391d5753a6a972936d436092879f5c9cca11570272cd72e3e272d16731:btw2025_kerg.csv:340:70"",""retrieved_at"":""2026-10-01T23:21:39.584Z"",""raw_snapshot"":{""path"":""docs/political-data/raw/germany/2026-10-01T23-21-39-584Z_02e7077f9358c9ef/final-results.zip"",""sha256"":""02e7077f9358c9ef408741ee5d17123a43c28ea766b26a7ab338c08fcaeb7512""},""parser_version"":""germany-production-v1"",""parser_sha256"":""2a8eb3487f392ef83303e7fb9ff246e4c111a7e64a469a6aa9eb21461ae9b1a0"",""fields_covered"":[""second_votes"",""registered_label_native""],""published_or_derived"":""published"",""source_member"":""btw2025_kerg.csv"",""source_member_sha256"":""31ab27391d5753a6a972936d436092879f5c9cca11570272cd72e3e272d16731"",""source_column"":70},{""source_id"":""src-de-bwl-recognition-2025"",""source_url"":""https://www.bundeswahlleiterin.de/info/presse/mitteilungen/bundestagswahl-2025/06_25_ergebnisse_1bwa.html"",""source_record_id"":""src-de-bwl-recognition-2025:table:3:row:32"",""retrieved_at"":""2026-10-02T08:48:27.174Z"",""raw_snapshot"":{""path"":""docs/political-data/raw/germany/recognition_2025/recognition.html"",""sha256"":""776b492087425d7bd6dd134235d2f975faa454bb1a241d0216d473237fb9b525""},""parser_version"":""germany-production-v1"",""parser_sha256"":""2a8eb3487f392ef83303e7fb9ff246e4c111a7e64a469a6aa9eb21461ae9b1a0"",""fields_covered"":[""contestant_kind"",""lead_party_id"",""membership""],""published_or_derived"":""published"",""decision_basis"":""manual review of official same-election recognition/participation and result column"",""evidence_note"":""Federal Electoral Committee announcement dated 2025-01-14; recognised_party_section_18_4_2; source abbreviation PIRATEN""},{""source_id"":""src-de-bwl-final-archive"",""source_url"":""https://www.bundeswahlleiterin.de/dam/jcr/ce2d2b6a-f211-4355-8eea-355c98cd4e47/btw_kerg.zip"",""source_record_id"":""31ab27391d5753a6a972936d436092879f5c9cca11570272cd72e3e272d16731:btw2025_kerg.csv:340:70"",""retrieved_at"":""2026-10-01T23:21:39.584Z"",""raw_snapshot"":{""path"":""docs/political-data/raw/germany/2026-10-01T23-21-39-584Z_02e7077f9358c9ef/final-results.zip"",""sha256"":""02e7077f9358c9ef408741ee5d17123a43c28ea766b26a7ab338c08fcaeb7512""},""parser_version"":""germany-production-v1"",""parser_sha256"":""2a8eb3487f392ef83303e7fb9ff246e4c111a7e64a469a6aa9eb21461ae9b1a0"",""fields_covered"":[""historical_display_label""],""published_or_derived"":""published"",""label_basis"":""verbatim_election_specific_source"",""label_evidence"":[{""member"":""btw2025_kerg.csv"",""sha256"":""31ab27391d5753a6a972936d436092879f5c9cca11570272cd72e3e272d16731"",""column"":70,""record_id"":""31ab27391d5753a6a972936d436092879f5c9cca11570272cd72e3e272d16731:btw2025_kerg.csv:340:70""}]}]","{""decision_file"":""docs/political-data/germany_production_acceptance.json"",""reviewer"":""germany_source_review"",""reviewed_at"":""2026-10-02"",""scope"":""same_election_only_no_continuity""}"
"ct-de-0194","germany","el-de-bt-2025-02-23","party_list","Volt Deutschland","Volt Deutschland","pp-de-0014","confirmed_2025_election_specific_relation","false","[{""source_id"":""src-de-bwl-final-archive"",""source_url"":""https://www.bundeswahlleiterin.de/dam/jcr/ce2d2b6a-f211-4355-8eea-355c98cd4e47/btw_kerg.zip"",""source_record_id"":""31ab27391d5753a6a972936d436092879f5c9cca11570272cd72e3e272d16731:btw2025_kerg.csv:340:74"",""retrieved_at"":""2026-10-01T23:21:39.584Z"",""raw_snapshot"":{""path"":""docs/political-data/raw/germany/2026-10-01T23-21-39-584Z_02e7077f9358c9ef/final-results.zip"",""sha256"":""02e7077f9358c9ef408741ee5d17123a43c28ea766b26a7ab338c08fcaeb7512""},""parser_version"":""germany-production-v1"",""parser_sha256"":""2a8eb3487f392ef83303e7fb9ff246e4c111a7e64a469a6aa9eb21461ae9b1a0"",""fields_covered"":[""second_votes"",""registered_label_native""],""published_or_derived"":""published"",""source_member"":""btw2025_kerg.csv"",""source_member_sha256"":""31ab27391d5753a6a972936d436092879f5c9cca11570272cd72e3e272d16731"",""source_column"":74},{""source_id"":""src-de-bwl-recognition-2025"",""source_url"":""https://www.bundeswahlleiterin.de/info/presse/mitteilungen/bundestagswahl-2025/06_25_ergebnisse_1bwa.html"",""source_record_id"":""src-de-bwl-recognition-2025:table:3:row:22"",""retrieved_at"":""2026-10-02T08:48:27.174Z"",""raw_snapshot"":{""path"":""docs/political-data/raw/germany/recognition_2025/recognition.html"",""sha256"":""776b492087425d7bd6dd134235d2f975faa454bb1a241d0216d473237fb9b525""},""parser_version"":""germany-production-v1"",""parser_sha256"":""2a8eb3487f392ef83303e7fb9ff246e4c111a7e64a469a6aa9eb21461ae9b1a0"",""fields_covered"":[""contestant_kind"",""lead_party_id"",""membership""],""published_or_derived"":""published"",""decision_basis"":""manual review of official same-election recognition/participation and result column"",""evidence_note"":""Federal Electoral Committee announcement dated 2025-01-14; recognised_party_section_18_4_2; source abbreviation Volt""},{""source_id"":""src-de-bwl-final-archive"",""source_url"":""https://www.bundeswahlleiterin.de/dam/jcr/ce2d2b6a-f211-4355-8eea-355c98cd4e47/btw_kerg.zip"",""source_record_id"":""31ab27391d5753a6a972936d436092879f5c9cca11570272cd72e3e272d16731:btw2025_kerg.csv:340:74"",""retrieved_at"":""2026-10-01T23:21:39.584Z"",""raw_snapshot"":{""path"":""docs/political-data/raw/germany/2026-10-01T23-21-39-584Z_02e7077f9358c9ef/final-results.zip"",""sha256"":""02e7077f9358c9ef408741ee5d17123a43c28ea766b26a7ab338c08fcaeb7512""},""parser_version"":""germany-production-v1"",""parser_sha256"":""2a8eb3487f392ef83303e7fb9ff246e4c111a7e64a469a6aa9eb21461ae9b1a0"",""fields_covered"":[""historical_display_label""],""published_or_derived"":""published"",""label_basis"":""verbatim_election_specific_source"",""label_evidence"":[{""member"":""btw2025_kerg.csv"",""sha256"":""31ab27391d5753a6a972936d436092879f5c9cca11570272cd72e3e272d16731"",""column"":74,""record_id"":""31ab27391d5753a6a972936d436092879f5c9cca11570272cd72e3e272d16731:btw2025_kerg.csv:340:74""}]}]","{""decision_file"":""docs/political-data/germany_production_acceptance.json"",""reviewer"":""germany_source_review"",""reviewed_at"":""2026-10-02"",""scope"":""same_election_only_no_continuity""}"
"ct-de-0195","germany","el-de-bt-2025-02-23","party_list","Ökologisch-Demokratische Partei - Die Naturschutzpartei","Ökologisch-Demokratische Partei - Die Naturschutzpartei","pp-de-0015","confirmed_2025_election_specific_relation","false","[{""source_id"":""src-de-bwl-final-archive"",""source_url"":""https://www.bundeswahlleiterin.de/dam/jcr/ce2d2b6a-f211-4355-8eea-355c98cd4e47/btw_kerg.zip"",""source_record_id"":""31ab27391d5753a6a972936d436092879f5c9cca11570272cd72e3e272d16731:btw2025_kerg.csv:340:78"",""retrieved_at"":""2026-10-01T23:21:39.584Z"",""raw_snapshot"":{""path"":""docs/political-data/raw/germany/2026-10-01T23-21-39-584Z_02e7077f9358c9ef/final-results.zip"",""sha256"":""02e7077f9358c9ef408741ee5d17123a43c28ea766b26a7ab338c08fcaeb7512""},""parser_version"":""germany-production-v1"",""parser_sha256"":""2a8eb3487f392ef83303e7fb9ff246e4c111a7e64a469a6aa9eb21461ae9b1a0"",""fields_covered"":[""second_votes"",""registered_label_native""],""published_or_derived"":""published"",""source_member"":""btw2025_kerg.csv"",""source_member_sha256"":""31ab27391d5753a6a972936d436092879f5c9cca11570272cd72e3e272d16731"",""source_column"":78},{""source_id"":""src-de-bwl-recognition-2025"",""source_url"":""https://www.bundeswahlleiterin.de/info/presse/mitteilungen/bundestagswahl-2025/06_25_ergebnisse_1bwa.html"",""source_record_id"":""src-de-bwl-recognition-2025:table:3:row:18"",""retrieved_at"":""2026-10-02T08:48:27.174Z"",""raw_snapshot"":{""path"":""docs/political-data/raw/germany/recognition_2025/recognition.html"",""sha256"":""776b492087425d7bd6dd134235d2f975faa454bb1a241d0216d473237fb9b525""},""parser_version"":""germany-production-v1"",""parser_sha256"":""2a8eb3487f392ef83303e7fb9ff246e4c111a7e64a469a6aa9eb21461ae9b1a0"",""fields_covered"":[""contestant_kind"",""lead_party_id"",""membership""],""published_or_derived"":""published"",""decision_basis"":""manual review of official same-election recognition/participation and result column"",""evidence_note"":""Federal Electoral Committee announcement dated 2025-01-14; recognised_party_section_18_4_2; source abbreviation ÖDP""},{""source_id"":""src-de-bwl-final-archive"",""source_url"":""https://www.bundeswahlleiterin.de/dam/jcr/ce2d2b6a-f211-4355-8eea-355c98cd4e47/btw_kerg.zip"",""source_record_id"":""31ab27391d5753a6a972936d436092879f5c9cca11570272cd72e3e272d16731:btw2025_kerg.csv:340:78"",""retrieved_at"":""2026-10-01T23:21:39.584Z"",""raw_snapshot"":{""path"":""docs/political-data/raw/germany/2026-10-01T23-21-39-584Z_02e7077f9358c9ef/final-results.zip"",""sha256"":""02e7077f9358c9ef408741ee5d17123a43c28ea766b26a7ab338c08fcaeb7512""},""parser_version"":""germany-production-v1"",""parser_sha256"":""2a8eb3487f392ef83303e7fb9ff246e4c111a7e64a469a6aa9eb21461ae9b1a0"",""fields_covered"":[""historical_display_label""],""published_or_derived"":""published"",""label_basis"":""verbatim_election_specific_source"",""label_evidence"":[{""member"":""btw2025_kerg.csv"",""sha256"":""31ab27391d5753a6a972936d436092879f5c9cca11570272cd72e3e272d16731"",""column"":78,""record_id"":""31ab27391d5753a6a972936d436092879f5c9cca11570272cd72e3e272d16731:btw2025_kerg.csv:340:78""}]}]","{""decision_file"":""docs/political-data/germany_production_acceptance.json"",""reviewer"":""germany_source_review"",""reviewed_at"":""2026-10-02"",""scope"":""same_election_only_no_continuity""}"
"ct-de-0196","germany","el-de-bt-2025-02-23","party_list","Südschleswigscher Wählerverband","Südschleswigscher Wählerverband","pp-de-0016","confirmed_2025_election_specific_relation","false","[{""source_id"":""src-de-bwl-final-archive"",""source_url"":""https://www.bundeswahlleiterin.de/dam/jcr/ce2d2b6a-f211-4355-8eea-355c98cd4e47/btw_kerg.zip"",""source_record_id"":""31ab27391d5753a6a972936d436092879f5c9cca11570272cd72e3e272d16731:btw2025_kerg.csv:340:82"",""retrieved_at"":""2026-10-01T23:21:39.584Z"",""raw_snapshot"":{""path"":""docs/political-data/raw/germany/2026-10-01T23-21-39-584Z_02e7077f9358c9ef/final-results.zip"",""sha256"":""02e7077f9358c9ef408741ee5d17123a43c28ea766b26a7ab338c08fcaeb7512""},""parser_version"":""germany-production-v1"",""parser_sha256"":""2a8eb3487f392ef83303e7fb9ff246e4c111a7e64a469a6aa9eb21461ae9b1a0"",""fields_covered"":[""second_votes"",""registered_label_native""],""published_or_derived"":""published"",""source_member"":""btw2025_kerg.csv"",""source_member_sha256"":""31ab27391d5753a6a972936d436092879f5c9cca11570272cd72e3e272d16731"",""source_column"":82},{""source_id"":""src-de-bwl-recognition-2025"",""source_url"":""https://www.bundeswahlleiterin.de/info/presse/mitteilungen/bundestagswahl-2025/06_25_ergebnisse_1bwa.html"",""source_record_id"":""src-de-bwl-recognition-2025:table:3:row:19"",""retrieved_at"":""2026-10-02T08:48:27.174Z"",""raw_snapshot"":{""path"":""docs/political-data/raw/germany/recognition_2025/recognition.html"",""sha256"":""776b492087425d7bd6dd134235d2f975faa454bb1a241d0216d473237fb9b525""},""parser_version"":""germany-production-v1"",""parser_sha256"":""2a8eb3487f392ef83303e7fb9ff246e4c111a7e64a469a6aa9eb21461ae9b1a0"",""fields_covered"":[""contestant_kind"",""lead_party_id"",""membership""],""published_or_derived"":""published"",""decision_basis"":""manual review of official same-election recognition/participation and result column"",""evidence_note"":""Federal Electoral Committee announcement dated 2025-01-14; recognised_party_section_18_4_2; source abbreviation SSW""},{""source_id"":""src-de-bwl-final-archive"",""source_url"":""https://www.bundeswahlleiterin.de/dam/jcr/ce2d2b6a-f211-4355-8eea-355c98cd4e47/btw_kerg.zip"",""source_record_id"":""31ab27391d5753a6a972936d436092879f5c9cca11570272cd72e3e272d16731:btw2025_kerg.csv:340:82"",""retrieved_at"":""2026-10-01T23:21:39.584Z"",""raw_snapshot"":{""path"":""docs/political-data/raw/germany/2026-10-01T23-21-39-584Z_02e7077f9358c9ef/final-results.zip"",""sha256"":""02e7077f9358c9ef408741ee5d17123a43c28ea766b26a7ab338c08fcaeb7512""},""parser_version"":""germany-production-v1"",""parser_sha256"":""2a8eb3487f392ef83303e7fb9ff246e4c111a7e64a469a6aa9eb21461ae9b1a0"",""fields_covered"":[""historical_display_label""],""published_or_derived"":""published"",""label_basis"":""verbatim_election_specific_source"",""label_evidence"":[{""member"":""btw2025_kerg.csv"",""sha256"":""31ab27391d5753a6a972936d436092879f5c9cca11570272cd72e3e272d16731"",""column"":82,""record_id"":""31ab27391d5753a6a972936d436092879f5c9cca11570272cd72e3e272d16731:btw2025_kerg.csv:340:82""}]}]","{""decision_file"":""docs/political-data/germany_production_acceptance.json"",""reviewer"":""germany_source_review"",""reviewed_at"":""2026-10-02"",""scope"":""same_election_only_no_continuity""}"
"ct-de-0197","germany","el-de-bt-2025-02-23","party_list","Partei für Verjüngungsforschung","Partei für Verjüngungsforschung","pp-de-0017","confirmed_2025_election_specific_relation","false","[{""source_id"":""src-de-bwl-final-archive"",""source_url"":""https://www.bundeswahlleiterin.de/dam/jcr/ce2d2b6a-f211-4355-8eea-355c98cd4e47/btw_kerg.zip"",""source_record_id"":""31ab27391d5753a6a972936d436092879f5c9cca11570272cd72e3e272d16731:btw2025_kerg.csv:340:86"",""retrieved_at"":""2026-10-01T23:21:39.584Z"",""raw_snapshot"":{""path"":""docs/political-data/raw/germany/2026-10-01T23-21-39-584Z_02e7077f9358c9ef/final-results.zip"",""sha256"":""02e7077f9358c9ef408741ee5d17123a43c28ea766b26a7ab338c08fcaeb7512""},""parser_version"":""germany-production-v1"",""parser_sha256"":""2a8eb3487f392ef83303e7fb9ff246e4c111a7e64a469a6aa9eb21461ae9b1a0"",""fields_covered"":[""second_votes"",""registered_label_native""],""published_or_derived"":""published"",""source_member"":""btw2025_kerg.csv"",""source_member_sha256"":""31ab27391d5753a6a972936d436092879f5c9cca11570272cd72e3e272d16731"",""source_column"":86},{""source_id"":""src-de-bwl-recognition-2025"",""source_url"":""https://www.bundeswahlleiterin.de/info/presse/mitteilungen/bundestagswahl-2025/06_25_ergebnisse_1bwa.html"",""source_record_id"":""src-de-bwl-recognition-2025:table:3:row:26"",""retrieved_at"":""2026-10-02T08:48:27.174Z"",""raw_snapshot"":{""path"":""docs/political-data/raw/germany/recognition_2025/recognition.html"",""sha256"":""776b492087425d7bd6dd134235d2f975faa454bb1a241d0216d473237fb9b525""},""parser_version"":""germany-production-v1"",""parser_sha256"":""2a8eb3487f392ef83303e7fb9ff246e4c111a7e64a469a6aa9eb21461ae9b1a0"",""fields_covered"":[""contestant_kind"",""lead_party_id"",""membership""],""published_or_derived"":""published"",""decision_basis"":""manual review of official same-election recognition/participation and result column"",""evidence_note"":""Federal Electoral Committee announcement dated 2025-01-14; recognised_party_section_18_4_2; source abbreviation Verjüngungsforschung""},{""source_id"":""src-de-bwl-final-archive"",""source_url"":""https://www.bundeswahlleiterin.de/dam/jcr/ce2d2b6a-f211-4355-8eea-355c98cd4e47/btw_kerg.zip"",""source_record_id"":""31ab27391d5753a6a972936d436092879f5c9cca11570272cd72e3e272d16731:btw2025_kerg.csv:340:86"",""retrieved_at"":""2026-10-01T23:21:39.584Z"",""raw_snapshot"":{""path"":""docs/political-data/raw/germany/2026-10-01T23-21-39-584Z_02e7077f9358c9ef/final-results.zip"",""sha256"":""02e7077f9358c9ef408741ee5d17123a43c28ea766b26a7ab338c08fcaeb7512""},""parser_version"":""germany-production-v1"",""parser_sha256"":""2a8eb3487f392ef83303e7fb9ff246e4c111a7e64a469a6aa9eb21461ae9b1a0"",""fields_covered"":[""historical_display_label""],""published_or_derived"":""published"",""label_basis"":""verbatim_election_specific_source"",""label_evidence"":[{""member"":""btw2025_kerg.csv"",""sha256"":""31ab27391d5753a6a972936d436092879f5c9cca11570272cd72e3e272d16731"",""column"":86,""record_id"":""31ab27391d5753a6a972936d436092879f5c9cca11570272cd72e3e272d16731:btw2025_kerg.csv:340:86""}]}]","{""decision_file"":""docs/political-data/germany_production_acceptance.json"",""reviewer"":""germany_source_review"",""reviewed_at"":""2026-10-02"",""scope"":""same_election_only_no_continuity""}"
"ct-de-0198","germany","el-de-bt-2025-02-23","party_list","Partei der Humanisten - Fakten, Freiheit, Fortschritt","Partei der Humanisten - Fakten, Freiheit, Fortschritt","pp-de-0018","confirmed_2025_election_specific_relation","false","[{""source_id"":""src-de-bwl-final-archive"",""source_url"":""https://www.bundeswahlleiterin.de/dam/jcr/ce2d2b6a-f211-4355-8eea-355c98cd4e47/btw_kerg.zip"",""source_record_id"":""31ab27391d5753a6a972936d436092879f5c9cca11570272cd72e3e272d16731:btw2025_kerg.csv:340:90"",""retrieved_at"":""2026-10-01T23:21:39.584Z"",""raw_snapshot"":{""path"":""docs/political-data/raw/germany/2026-10-01T23-21-39-584Z_02e7077f9358c9ef/final-results.zip"",""sha256"":""02e7077f9358c9ef408741ee5d17123a43c28ea766b26a7ab338c08fcaeb7512""},""parser_version"":""germany-production-v1"",""parser_sha256"":""2a8eb3487f392ef83303e7fb9ff246e4c111a7e64a469a6aa9eb21461ae9b1a0"",""fields_covered"":[""second_votes"",""registered_label_native""],""published_or_derived"":""published"",""source_member"":""btw2025_kerg.csv"",""source_member_sha256"":""31ab27391d5753a6a972936d436092879f5c9cca11570272cd72e3e272d16731"",""source_column"":90},{""source_id"":""src-de-bwl-recognition-2025"",""source_url"":""https://www.bundeswahlleiterin.de/info/presse/mitteilungen/bundestagswahl-2025/06_25_ergebnisse_1bwa.html"",""source_record_id"":""src-de-bwl-recognition-2025:table:3:row:6"",""retrieved_at"":""2026-10-02T08:48:27.174Z"",""raw_snapshot"":{""path"":""docs/political-data/raw/germany/recognition_2025/recognition.html"",""sha256"":""776b492087425d7bd6dd134235d2f975faa454bb1a241d0216d473237fb9b525""},""parser_version"":""germany-production-v1"",""parser_sha256"":""2a8eb3487f392ef83303e7fb9ff246e4c111a7e64a469a6aa9eb21461ae9b1a0"",""fields_covered"":[""contestant_kind"",""lead_party_id"",""membership""],""published_or_derived"":""published"",""decision_basis"":""manual review of official same-election recognition/participation and result column"",""evidence_note"":""Federal Electoral Committee announcement dated 2025-01-14; recognised_party_section_18_4_2; source abbreviation PdH""},{""source_id"":""src-de-bwl-final-archive"",""source_url"":""https://www.bundeswahlleiterin.de/dam/jcr/ce2d2b6a-f211-4355-8eea-355c98cd4e47/btw_kerg.zip"",""source_record_id"":""31ab27391d5753a6a972936d436092879f5c9cca11570272cd72e3e272d16731:btw2025_kerg.csv:340:90"",""retrieved_at"":""2026-10-01T23:21:39.584Z"",""raw_snapshot"":{""path"":""docs/political-data/raw/germany/2026-10-01T23-21-39-584Z_02e7077f9358c9ef/final-results.zip"",""sha256"":""02e7077f9358c9ef408741ee5d17123a43c28ea766b26a7ab338c08fcaeb7512""},""parser_version"":""germany-production-v1"",""parser_sha256"":""2a8eb3487f392ef83303e7fb9ff246e4c111a7e64a469a6aa9eb21461ae9b1a0"",""fields_covered"":[""historical_display_label""],""published_or_derived"":""published"",""label_basis"":""verbatim_election_specific_source"",""label_evidence"":[{""member"":""btw2025_kerg.csv"",""sha256"":""31ab27391d5753a6a972936d436092879f5c9cca11570272cd72e3e272d16731"",""column"":90,""record_id"":""31ab27391d5753a6a972936d436092879f5c9cca11570272cd72e3e272d16731:btw2025_kerg.csv:340:90""}]}]","{""decision_file"":""docs/political-data/germany_production_acceptance.json"",""reviewer"":""germany_source_review"",""reviewed_at"":""2026-10-02"",""scope"":""same_election_only_no_continuity""}"
"ct-de-0199","germany","el-de-bt-2025-02-23","party_list","Bündnis C - Christen für Deutschland","Bündnis C - Christen für Deutschland","pp-de-0019","confirmed_2025_election_specific_relation","false","[{""source_id"":""src-de-bwl-final-archive"",""source_url"":""https://www.bundeswahlleiterin.de/dam/jcr/ce2d2b6a-f211-4355-8eea-355c98cd4e47/btw_kerg.zip"",""source_record_id"":""31ab27391d5753a6a972936d436092879f5c9cca11570272cd72e3e272d16731:btw2025_kerg.csv:340:94"",""retrieved_at"":""2026-10-01T23:21:39.584Z"",""raw_snapshot"":{""path"":""docs/political-data/raw/germany/2026-10-01T23-21-39-584Z_02e7077f9358c9ef/final-results.zip"",""sha256"":""02e7077f9358c9ef408741ee5d17123a43c28ea766b26a7ab338c08fcaeb7512""},""parser_version"":""germany-production-v1"",""parser_sha256"":""2a8eb3487f392ef83303e7fb9ff246e4c111a7e64a469a6aa9eb21461ae9b1a0"",""fields_covered"":[""second_votes"",""registered_label_native""],""published_or_derived"":""published"",""source_member"":""btw2025_kerg.csv"",""source_member_sha256"":""31ab27391d5753a6a972936d436092879f5c9cca11570272cd72e3e272d16731"",""source_column"":94},{""source_id"":""src-de-bwl-recognition-2025"",""source_url"":""https://www.bundeswahlleiterin.de/info/presse/mitteilungen/bundestagswahl-2025/06_25_ergebnisse_1bwa.html"",""source_record_id"":""src-de-bwl-recognition-2025:table:3:row:10"",""retrieved_at"":""2026-10-02T08:48:27.174Z"",""raw_snapshot"":{""path"":""docs/political-data/raw/germany/recognition_2025/recognition.html"",""sha256"":""776b492087425d7bd6dd134235d2f975faa454bb1a241d0216d473237fb9b525""},""parser_version"":""germany-production-v1"",""parser_sha256"":""2a8eb3487f392ef83303e7fb9ff246e4c111a7e64a469a6aa9eb21461ae9b1a0"",""fields_covered"":[""contestant_kind"",""lead_party_id"",""membership""],""published_or_derived"":""published"",""decision_basis"":""manual review of official same-election recognition/participation and result column"",""evidence_note"":""Federal Electoral Committee announcement dated 2025-01-14; recognised_party_section_18_4_2; source abbreviation Bündnis C""},{""source_id"":""src-de-bwl-final-archive"",""source_url"":""https://www.bundeswahlleiterin.de/dam/jcr/ce2d2b6a-f211-4355-8eea-355c98cd4e47/btw_kerg.zip"",""source_record_id"":""31ab27391d5753a6a972936d436092879f5c9cca11570272cd72e3e272d16731:btw2025_kerg.csv:340:94"",""retrieved_at"":""2026-10-01T23:21:39.584Z"",""raw_snapshot"":{""path"":""docs/political-data/raw/germany/2026-10-01T23-21-39-584Z_02e7077f9358c9ef/final-results.zip"",""sha256"":""02e7077f9358c9ef408741ee5d17123a43c28ea766b26a7ab338c08fcaeb7512""},""parser_version"":""germany-production-v1"",""parser_sha256"":""2a8eb3487f392ef83303e7fb9ff246e4c111a7e64a469a6aa9eb21461ae9b1a0"",""fields_covered"":[""historical_display_label""],""published_or_derived"":""published"",""label_basis"":""verbatim_election_specific_source"",""label_evidence"":[{""member"":""btw2025_kerg.csv"",""sha256"":""31ab27391d5753a6a972936d436092879f5c9cca11570272cd72e3e272d16731"",""column"":94,""record_id"":""31ab27391d5753a6a972936d436092879f5c9cca11570272cd72e3e272d16731:btw2025_kerg.csv:340:94""}]}]","{""decision_file"":""docs/political-data/germany_production_acceptance.json"",""reviewer"":""germany_source_review"",""reviewed_at"":""2026-10-02"",""scope"":""same_election_only_no_continuity""}"
"ct-de-0200","germany","el-de-bt-2025-02-23","party_list","Bayernpartei","Bayernpartei","pp-de-0020","confirmed_2025_election_specific_relation","false","[{""source_id"":""src-de-bwl-final-archive"",""source_url"":""https://www.bundeswahlleiterin.de/dam/jcr/ce2d2b6a-f211-4355-8eea-355c98cd4e47/btw_kerg.zip"",""source_record_id"":""31ab27391d5753a6a972936d436092879f5c9cca11570272cd72e3e272d16731:btw2025_kerg.csv:340:98"",""retrieved_at"":""2026-10-01T23:21:39.584Z"",""raw_snapshot"":{""path"":""docs/political-data/raw/germany/2026-10-01T23-21-39-584Z_02e7077f9358c9ef/final-results.zip"",""sha256"":""02e7077f9358c9ef408741ee5d17123a43c28ea766b26a7ab338c08fcaeb7512""},""parser_version"":""germany-production-v1"",""parser_sha256"":""2a8eb3487f392ef83303e7fb9ff246e4c111a7e64a469a6aa9eb21461ae9b1a0"",""fields_covered"":[""second_votes"",""registered_label_native""],""published_or_derived"":""published"",""source_member"":""btw2025_kerg.csv"",""source_member_sha256"":""31ab27391d5753a6a972936d436092879f5c9cca11570272cd72e3e272d16731"",""source_column"":98},{""source_id"":""src-de-bwl-recognition-2025"",""source_url"":""https://www.bundeswahlleiterin.de/info/presse/mitteilungen/bundestagswahl-2025/06_25_ergebnisse_1bwa.html"",""source_record_id"":""src-de-bwl-recognition-2025:table:3:row:2"",""retrieved_at"":""2026-10-02T08:48:27.174Z"",""raw_snapshot"":{""path"":""docs/political-data/raw/germany/recognition_2025/recognition.html"",""sha256"":""776b492087425d7bd6dd134235d2f975faa454bb1a241d0216d473237fb9b525""},""parser_version"":""germany-production-v1"",""parser_sha256"":""2a8eb3487f392ef83303e7fb9ff246e4c111a7e64a469a6aa9eb21461ae9b1a0"",""fields_covered"":[""contestant_kind"",""lead_party_id"",""membership""],""published_or_derived"":""published"",""decision_basis"":""manual review of official same-election recognition/participation and result column"",""evidence_note"":""Federal Electoral Committee announcement dated 2025-01-14; recognised_party_section_18_4_2; source abbreviation BP""},{""source_id"":""src-de-bwl-final-archive"",""source_url"":""https://www.bundeswahlleiterin.de/dam/jcr/ce2d2b6a-f211-4355-8eea-355c98cd4e47/btw_kerg.zip"",""source_record_id"":""31ab27391d5753a6a972936d436092879f5c9cca11570272cd72e3e272d16731:btw2025_kerg.csv:340:98"",""retrieved_at"":""2026-10-01T23:21:39.584Z"",""raw_snapshot"":{""path"":""docs/political-data/raw/germany/2026-10-01T23-21-39-584Z_02e7077f9358c9ef/final-results.zip"",""sha256"":""02e7077f9358c9ef408741ee5d17123a43c28ea766b26a7ab338c08fcaeb7512""},""parser_version"":""germany-production-v1"",""parser_sha256"":""2a8eb3487f392ef83303e7fb9ff246e4c111a7e64a469a6aa9eb21461ae9b1a0"",""fields_covered"":[""historical_display_label""],""published_or_derived"":""published"",""label_basis"":""verbatim_election_specific_source"",""label_evidence"":[{""member"":""btw2025_kerg.csv"",""sha256"":""31ab27391d5753a6a972936d436092879f5c9cca11570272cd72e3e272d16731"",""column"":98,""record_id"":""31ab27391d5753a6a972936d436092879f5c9cca11570272cd72e3e272d16731:btw2025_kerg.csv:340:98""}]}]","{""decision_file"":""docs/political-data/germany_production_acceptance.json"",""reviewer"":""germany_source_review"",""reviewed_at"":""2026-10-02"",""scope"":""same_election_only_no_continuity""}"
"ct-de-0201","germany","el-de-bt-2025-02-23","party_list","Marxistisch-Leninistische Partei Deutschlands","Marxistisch-Leninistische Partei Deutschlands","pp-de-0021","confirmed_2025_election_specific_relation","false","[{""source_id"":""src-de-bwl-final-archive"",""source_url"":""https://www.bundeswahlleiterin.de/dam/jcr/ce2d2b6a-f211-4355-8eea-355c98cd4e47/btw_kerg.zip"",""source_record_id"":""31ab27391d5753a6a972936d436092879f5c9cca11570272cd72e3e272d16731:btw2025_kerg.csv:340:102"",""retrieved_at"":""2026-10-01T23:21:39.584Z"",""raw_snapshot"":{""path"":""docs/political-data/raw/germany/2026-10-01T23-21-39-584Z_02e7077f9358c9ef/final-results.zip"",""sha256"":""02e7077f9358c9ef408741ee5d17123a43c28ea766b26a7ab338c08fcaeb7512""},""parser_version"":""germany-production-v1"",""parser_sha256"":""2a8eb3487f392ef83303e7fb9ff246e4c111a7e64a469a6aa9eb21461ae9b1a0"",""fields_covered"":[""second_votes"",""registered_label_native""],""published_or_derived"":""published"",""source_member"":""btw2025_kerg.csv"",""source_member_sha256"":""31ab27391d5753a6a972936d436092879f5c9cca11570272cd72e3e272d16731"",""source_column"":102},{""source_id"":""src-de-bwl-recognition-2025"",""source_url"":""https://www.bundeswahlleiterin.de/info/presse/mitteilungen/bundestagswahl-2025/06_25_ergebnisse_1bwa.html"",""source_record_id"":""src-de-bwl-recognition-2025:table:3:row:3"",""retrieved_at"":""2026-10-02T08:48:27.174Z"",""raw_snapshot"":{""path"":""docs/political-data/raw/germany/recognition_2025/recognition.html"",""sha256"":""776b492087425d7bd6dd134235d2f975faa454bb1a241d0216d473237fb9b525""},""parser_version"":""germany-production-v1"",""parser_sha256"":""2a8eb3487f392ef83303e7fb9ff246e4c111a7e64a469a6aa9eb21461ae9b1a0"",""fields_covered"":[""contestant_kind"",""lead_party_id"",""membership""],""published_or_derived"":""published"",""decision_basis"":""manual review of official same-election recognition/participation and result column"",""evidence_note"":""Federal Electoral Committee announcement dated 2025-01-14; recognised_party_section_18_4_2; source abbreviation MLPD""},{""source_id"":""src-de-bwl-final-archive"",""source_url"":""https://www.bundeswahlleiterin.de/dam/jcr/ce2d2b6a-f211-4355-8eea-355c98cd4e47/btw_kerg.zip"",""source_record_id"":""31ab27391d5753a6a972936d436092879f5c9cca11570272cd72e3e272d16731:btw2025_kerg.csv:340:102"",""retrieved_at"":""2026-10-01T23:21:39.584Z"",""raw_snapshot"":{""path"":""docs/political-data/raw/germany/2026-10-01T23-21-39-584Z_02e7077f9358c9ef/final-results.zip"",""sha256"":""02e7077f9358c9ef408741ee5d17123a43c28ea766b26a7ab338c08fcaeb7512""},""parser_version"":""germany-production-v1"",""parser_sha256"":""2a8eb3487f392ef83303e7fb9ff246e4c111a7e64a469a6aa9eb21461ae9b1a0"",""fields_covered"":[""historical_display_label""],""published_or_derived"":""published"",""label_basis"":""verbatim_election_specific_source"",""label_evidence"":[{""member"":""btw2025_kerg.csv"",""sha256"":""31ab27391d5753a6a972936d436092879f5c9cca11570272cd72e3e272d16731"",""column"":102,""record_id"":""31ab27391d5753a6a972936d436092879f5c9cca11570272cd72e3e272d16731:btw2025_kerg.csv:340:102""}]}]","{""decision_file"":""docs/political-data/germany_production_acceptance.json"",""reviewer"":""germany_source_review"",""reviewed_at"":""2026-10-02"",""scope"":""same_election_only_no_continuity""}"
"ct-de-0202","germany","el-de-bt-2025-02-23","party_list","Menschliche Welt - für das Wohl und Glücklichsein aller","Menschliche Welt - für das Wohl und Glücklichsein aller","pp-de-0022","confirmed_2025_election_specific_relation","false","[{""source_id"":""src-de-bwl-final-archive"",""source_url"":""https://www.bundeswahlleiterin.de/dam/jcr/ce2d2b6a-f211-4355-8eea-355c98cd4e47/btw_kerg.zip"",""source_record_id"":""31ab27391d5753a6a972936d436092879f5c9cca11570272cd72e3e272d16731:btw2025_kerg.csv:340:106"",""retrieved_at"":""2026-10-01T23:21:39.584Z"",""raw_snapshot"":{""path"":""docs/political-data/raw/germany/2026-10-01T23-21-39-584Z_02e7077f9358c9ef/final-results.zip"",""sha256"":""02e7077f9358c9ef408741ee5d17123a43c28ea766b26a7ab338c08fcaeb7512""},""parser_version"":""germany-production-v1"",""parser_sha256"":""2a8eb3487f392ef83303e7fb9ff246e4c111a7e64a469a6aa9eb21461ae9b1a0"",""fields_covered"":[""second_votes"",""registered_label_native""],""published_or_derived"":""published"",""source_member"":""btw2025_kerg.csv"",""source_member_sha256"":""31ab27391d5753a6a972936d436092879f5c9cca11570272cd72e3e272d16731"",""source_column"":106},{""source_id"":""src-de-bwl-recognition-2025"",""source_url"":""https://www.bundeswahlleiterin.de/info/presse/mitteilungen/bundestagswahl-2025/06_25_ergebnisse_1bwa.html"",""source_record_id"":""src-de-bwl-recognition-2025:table:3:row:9"",""retrieved_at"":""2026-10-02T08:48:27.174Z"",""raw_snapshot"":{""path"":""docs/political-data/raw/germany/recognition_2025/recognition.html"",""sha256"":""776b492087425d7bd6dd134235d2f975faa454bb1a241d0216d473237fb9b525""},""parser_version"":""germany-production-v1"",""parser_sha256"":""2a8eb3487f392ef83303e7fb9ff246e4c111a7e64a469a6aa9eb21461ae9b1a0"",""fields_covered"":[""contestant_kind"",""lead_party_id"",""membership""],""published_or_derived"":""published"",""decision_basis"":""manual review of official same-election recognition/participation and result column"",""evidence_note"":""Federal Electoral Committee announcement dated 2025-01-14; recognised_party_section_18_4_2; source abbreviation MENSCHLICHE WELT""},{""source_id"":""src-de-bwl-final-archive"",""source_url"":""https://www.bundeswahlleiterin.de/dam/jcr/ce2d2b6a-f211-4355-8eea-355c98cd4e47/btw_kerg.zip"",""source_record_id"":""31ab27391d5753a6a972936d436092879f5c9cca11570272cd72e3e272d16731:btw2025_kerg.csv:340:106"",""retrieved_at"":""2026-10-01T23:21:39.584Z"",""raw_snapshot"":{""path"":""docs/political-data/raw/germany/2026-10-01T23-21-39-584Z_02e7077f9358c9ef/final-results.zip"",""sha256"":""02e7077f9358c9ef408741ee5d17123a43c28ea766b26a7ab338c08fcaeb7512""},""parser_version"":""germany-production-v1"",""parser_sha256"":""2a8eb3487f392ef83303e7fb9ff246e4c111a7e64a469a6aa9eb21461ae9b1a0"",""fields_covered"":[""historical_display_label""],""published_or_derived"":""published"",""label_basis"":""verbatim_election_specific_source"",""label_evidence"":[{""member"":""btw2025_kerg.csv"",""sha256"":""31ab27391d5753a6a972936d436092879f5c9cca11570272cd72e3e272d16731"",""column"":106,""record_id"":""31ab27391d5753a6a972936d436092879f5c9cca11570272cd72e3e272d16731:btw2025_kerg.csv:340:106""}]}]","{""decision_file"":""docs/political-data/germany_production_acceptance.json"",""reviewer"":""germany_source_review"",""reviewed_at"":""2026-10-02"",""scope"":""same_election_only_no_continuity""}"
"ct-de-0203","germany","el-de-bt-2025-02-23","party_list","Partei des Fortschritts","Partei des Fortschritts","pp-de-0023","confirmed_2025_election_specific_relation","false","[{""source_id"":""src-de-bwl-final-archive"",""source_url"":""https://www.bundeswahlleiterin.de/dam/jcr/ce2d2b6a-f211-4355-8eea-355c98cd4e47/btw_kerg.zip"",""source_record_id"":""31ab27391d5753a6a972936d436092879f5c9cca11570272cd72e3e272d16731:btw2025_kerg.csv:340:110"",""retrieved_at"":""2026-10-01T23:21:39.584Z"",""raw_snapshot"":{""path"":""docs/political-data/raw/germany/2026-10-01T23-21-39-584Z_02e7077f9358c9ef/final-results.zip"",""sha256"":""02e7077f9358c9ef408741ee5d17123a43c28ea766b26a7ab338c08fcaeb7512""},""parser_version"":""germany-production-v1"",""parser_sha256"":""2a8eb3487f392ef83303e7fb9ff246e4c111a7e64a469a6aa9eb21461ae9b1a0"",""fields_covered"":[""second_votes"",""registered_label_native""],""published_or_derived"":""published"",""source_member"":""btw2025_kerg.csv"",""source_member_sha256"":""31ab27391d5753a6a972936d436092879f5c9cca11570272cd72e3e272d16731"",""source_column"":110},{""source_id"":""src-de-bwl-recognition-2025"",""source_url"":""https://www.bundeswahlleiterin.de/info/presse/mitteilungen/bundestagswahl-2025/06_25_ergebnisse_1bwa.html"",""source_record_id"":""src-de-bwl-recognition-2025:table:3:row:27"",""retrieved_at"":""2026-10-02T08:48:27.174Z"",""raw_snapshot"":{""path"":""docs/political-data/raw/germany/recognition_2025/recognition.html"",""sha256"":""776b492087425d7bd6dd134235d2f975faa454bb1a241d0216d473237fb9b525""},""parser_version"":""germany-production-v1"",""parser_sha256"":""2a8eb3487f392ef83303e7fb9ff246e4c111a7e64a469a6aa9eb21461ae9b1a0"",""fields_covered"":[""contestant_kind"",""lead_party_id"",""membership""],""published_or_derived"":""published"",""decision_basis"":""manual review of official same-election recognition/participation and result column"",""evidence_note"":""Federal Electoral Committee announcement dated 2025-01-14; recognised_party_section_18_4_2; source abbreviation PdF""},{""source_id"":""src-de-bwl-final-archive"",""source_url"":""https://www.bundeswahlleiterin.de/dam/jcr/ce2d2b6a-f211-4355-8eea-355c98cd4e47/btw_kerg.zip"",""source_record_id"":""31ab27391d5753a6a972936d436092879f5c9cca11570272cd72e3e272d16731:btw2025_kerg.csv:340:110"",""retrieved_at"":""2026-10-01T23:21:39.584Z"",""raw_snapshot"":{""path"":""docs/political-data/raw/germany/2026-10-01T23-21-39-584Z_02e7077f9358c9ef/final-results.zip"",""sha256"":""02e7077f9358c9ef408741ee5d17123a43c28ea766b26a7ab338c08fcaeb7512""},""parser_version"":""germany-production-v1"",""parser_sha256"":""2a8eb3487f392ef83303e7fb9ff246e4c111a7e64a469a6aa9eb21461ae9b1a0"",""fields_covered"":[""historical_display_label""],""published_or_derived"":""published"",""label_basis"":""verbatim_election_specific_source"",""label_evidence"":[{""member"":""btw2025_kerg.csv"",""sha256"":""31ab27391d5753a6a972936d436092879f5c9cca11570272cd72e3e272d16731"",""column"":110,""record_id"":""31ab27391d5753a6a972936d436092879f5c9cca11570272cd72e3e272d16731:btw2025_kerg.csv:340:110""}]}]","{""decision_file"":""docs/political-data/germany_production_acceptance.json"",""reviewer"":""germany_source_review"",""reviewed_at"":""2026-10-02"",""scope"":""same_election_only_no_continuity""}"
"ct-de-0204","germany","el-de-bt-2025-02-23","party_list","Sozialistische Gleichheitspartei, Vierte Internationale","Sozialistische Gleichheitspartei, Vierte Internationale","pp-de-0024","confirmed_2025_election_specific_relation","false","[{""source_id"":""src-de-bwl-final-archive"",""source_url"":""https://www.bundeswahlleiterin.de/dam/jcr/ce2d2b6a-f211-4355-8eea-355c98cd4e47/btw_kerg.zip"",""source_record_id"":""31ab27391d5753a6a972936d436092879f5c9cca11570272cd72e3e272d16731:btw2025_kerg.csv:340:114"",""retrieved_at"":""2026-10-01T23:21:39.584Z"",""raw_snapshot"":{""path"":""docs/political-data/raw/germany/2026-10-01T23-21-39-584Z_02e7077f9358c9ef/final-results.zip"",""sha256"":""02e7077f9358c9ef408741ee5d17123a43c28ea766b26a7ab338c08fcaeb7512""},""parser_version"":""germany-production-v1"",""parser_sha256"":""2a8eb3487f392ef83303e7fb9ff246e4c111a7e64a469a6aa9eb21461ae9b1a0"",""fields_covered"":[""second_votes"",""registered_label_native""],""published_or_derived"":""published"",""source_member"":""btw2025_kerg.csv"",""source_member_sha256"":""31ab27391d5753a6a972936d436092879f5c9cca11570272cd72e3e272d16731"",""source_column"":114},{""source_id"":""src-de-bwl-recognition-2025"",""source_url"":""https://www.bundeswahlleiterin.de/info/presse/mitteilungen/bundestagswahl-2025/06_25_ergebnisse_1bwa.html"",""source_record_id"":""src-de-bwl-recognition-2025:table:3:row:25"",""retrieved_at"":""2026-10-02T08:48:27.174Z"",""raw_snapshot"":{""path"":""docs/political-data/raw/germany/recognition_2025/recognition.html"",""sha256"":""776b492087425d7bd6dd134235d2f975faa454bb1a241d0216d473237fb9b525""},""parser_version"":""germany-production-v1"",""parser_sha256"":""2a8eb3487f392ef83303e7fb9ff246e4c111a7e64a469a6aa9eb21461ae9b1a0"",""fields_covered"":[""contestant_kind"",""lead_party_id"",""membership""],""published_or_derived"":""published"",""decision_basis"":""manual review of official same-election recognition/participation and result column"",""evidence_note"":""Federal Electoral Committee announcement dated 2025-01-14; recognised_party_section_18_4_2; source abbreviation SGP""},{""source_id"":""src-de-bwl-final-archive"",""source_url"":""https://www.bundeswahlleiterin.de/dam/jcr/ce2d2b6a-f211-4355-8eea-355c98cd4e47/btw_kerg.zip"",""source_record_id"":""31ab27391d5753a6a972936d436092879f5c9cca11570272cd72e3e272d16731:btw2025_kerg.csv:340:114"",""retrieved_at"":""2026-10-01T23:21:39.584Z"",""raw_snapshot"":{""path"":""docs/political-data/raw/germany/2026-10-01T23-21-39-584Z_02e7077f9358c9ef/final-results.zip"",""sha256"":""02e7077f9358c9ef408741ee5d17123a43c28ea766b26a7ab338c08fcaeb7512""},""parser_version"":""germany-production-v1"",""parser_sha256"":""2a8eb3487f392ef83303e7fb9ff246e4c111a7e64a469a6aa9eb21461ae9b1a0"",""fields_covered"":[""historical_display_label""],""published_or_derived"":""published"",""label_basis"":""verbatim_election_specific_source"",""label_evidence"":[{""member"":""btw2025_kerg.csv"",""sha256"":""31ab27391d5753a6a972936d436092879f5c9cca11570272cd72e3e272d16731"",""column"":114,""record_id"":""31ab27391d5753a6a972936d436092879f5c9cca11570272cd72e3e272d16731:btw2025_kerg.csv:340:114""}]}]","{""decision_file"":""docs/political-data/germany_production_acceptance.json"",""reviewer"":""germany_source_review"",""reviewed_at"":""2026-10-02"",""scope"":""same_election_only_no_continuity""}"
"ct-de-0205","germany","el-de-bt-2025-02-23","party_list","Bürgerrechtsbewegung Solidarität","Bürgerrechtsbewegung Solidarität","pp-de-0025","confirmed_2025_election_specific_relation","false","[{""source_id"":""src-de-bwl-final-archive"",""source_url"":""https://www.bundeswahlleiterin.de/dam/jcr/ce2d2b6a-f211-4355-8eea-355c98cd4e47/btw_kerg.zip"",""source_record_id"":""31ab27391d5753a6a972936d436092879f5c9cca11570272cd72e3e272d16731:btw2025_kerg.csv:340:118"",""retrieved_at"":""2026-10-01T23:21:39.584Z"",""raw_snapshot"":{""path"":""docs/political-data/raw/germany/2026-10-01T23-21-39-584Z_02e7077f9358c9ef/final-results.zip"",""sha256"":""02e7077f9358c9ef408741ee5d17123a43c28ea766b26a7ab338c08fcaeb7512""},""parser_version"":""germany-production-v1"",""parser_sha256"":""2a8eb3487f392ef83303e7fb9ff246e4c111a7e64a469a6aa9eb21461ae9b1a0"",""fields_covered"":[""second_votes"",""registered_label_native""],""published_or_derived"":""published"",""source_member"":""btw2025_kerg.csv"",""source_member_sha256"":""31ab27391d5753a6a972936d436092879f5c9cca11570272cd72e3e272d16731"",""source_column"":118},{""source_id"":""src-de-bwl-recognition-2025"",""source_url"":""https://www.bundeswahlleiterin.de/info/presse/mitteilungen/bundestagswahl-2025/06_25_ergebnisse_1bwa.html"",""source_record_id"":""src-de-bwl-recognition-2025:table:3:row:4"",""retrieved_at"":""2026-10-02T08:48:27.174Z"",""raw_snapshot"":{""path"":""docs/political-data/raw/germany/recognition_2025/recognition.html"",""sha256"":""776b492087425d7bd6dd134235d2f975faa454bb1a241d0216d473237fb9b525""},""parser_version"":""germany-production-v1"",""parser_sha256"":""2a8eb3487f392ef83303e7fb9ff246e4c111a7e64a469a6aa9eb21461ae9b1a0"",""fields_covered"":[""contestant_kind"",""lead_party_id"",""membership""],""published_or_derived"":""published"",""decision_basis"":""manual review of official same-election recognition/participation and result column"",""evidence_note"":""Federal Electoral Committee announcement dated 2025-01-14; recognised_party_section_18_4_2; source abbreviation BüSo""},{""source_id"":""src-de-bwl-final-archive"",""source_url"":""https://www.bundeswahlleiterin.de/dam/jcr/ce2d2b6a-f211-4355-8eea-355c98cd4e47/btw_kerg.zip"",""source_record_id"":""31ab27391d5753a6a972936d436092879f5c9cca11570272cd72e3e272d16731:btw2025_kerg.csv:340:118"",""retrieved_at"":""2026-10-01T23:21:39.584Z"",""raw_snapshot"":{""path"":""docs/political-data/raw/germany/2026-10-01T23-21-39-584Z_02e7077f9358c9ef/final-results.zip"",""sha256"":""02e7077f9358c9ef408741ee5d17123a43c28ea766b26a7ab338c08fcaeb7512""},""parser_version"":""germany-production-v1"",""parser_sha256"":""2a8eb3487f392ef83303e7fb9ff246e4c111a7e64a469a6aa9eb21461ae9b1a0"",""fields_covered"":[""historical_display_label""],""published_or_derived"":""published"",""label_basis"":""verbatim_election_specific_source"",""label_evidence"":[{""member"":""btw2025_kerg.csv"",""sha256"":""31ab27391d5753a6a972936d436092879f5c9cca11570272cd72e3e272d16731"",""column"":118,""record_id"":""31ab27391d5753a6a972936d436092879f5c9cca11570272cd72e3e272d16731:btw2025_kerg.csv:340:118""}]}]","{""decision_file"":""docs/political-data/germany_production_acceptance.json"",""reviewer"":""germany_source_review"",""reviewed_at"":""2026-10-02"",""scope"":""same_election_only_no_continuity""}"
"ct-de-0206","germany","el-de-bt-2025-02-23","party_list","BÜNDNIS DEUTSCHLAND","BÜNDNIS DEUTSCHLAND","pp-de-0026","confirmed_2025_election_specific_relation","false","[{""source_id"":""src-de-bwl-final-archive"",""source_url"":""https://www.bundeswahlleiterin.de/dam/jcr/ce2d2b6a-f211-4355-8eea-355c98cd4e47/btw_kerg.zip"",""source_record_id"":""31ab27391d5753a6a972936d436092879f5c9cca11570272cd72e3e272d16731:btw2025_kerg.csv:340:122"",""retrieved_at"":""2026-10-01T23:21:39.584Z"",""raw_snapshot"":{""path"":""docs/political-data/raw/germany/2026-10-01T23-21-39-584Z_02e7077f9358c9ef/final-results.zip"",""sha256"":""02e7077f9358c9ef408741ee5d17123a43c28ea766b26a7ab338c08fcaeb7512""},""parser_version"":""germany-production-v1"",""parser_sha256"":""2a8eb3487f392ef83303e7fb9ff246e4c111a7e64a469a6aa9eb21461ae9b1a0"",""fields_covered"":[""second_votes"",""registered_label_native""],""published_or_derived"":""published"",""source_member"":""btw2025_kerg.csv"",""source_member_sha256"":""31ab27391d5753a6a972936d436092879f5c9cca11570272cd72e3e272d16731"",""source_column"":122},{""source_id"":""src-de-bwl-recognition-2025"",""source_url"":""https://www.bundeswahlleiterin.de/info/presse/mitteilungen/bundestagswahl-2025/06_25_ergebnisse_1bwa.html"",""source_record_id"":""src-de-bwl-recognition-2025:table:2:row:2"",""retrieved_at"":""2026-10-02T08:48:27.174Z"",""raw_snapshot"":{""path"":""docs/political-data/raw/germany/recognition_2025/recognition.html"",""sha256"":""776b492087425d7bd6dd134235d2f975faa454bb1a241d0216d473237fb9b525""},""parser_version"":""germany-production-v1"",""parser_sha256"":""2a8eb3487f392ef83303e7fb9ff246e4c111a7e64a469a6aa9eb21461ae9b1a0"",""fields_covered"":[""contestant_kind"",""lead_party_id"",""membership""],""published_or_derived"":""published"",""decision_basis"":""manual review of official same-election recognition/participation and result column"",""evidence_note"":""Federal Electoral Committee announcement dated 2025-01-14; represented_party_section_18_4_1; source abbreviation BÜNDNIS DEUTSCHLAND""},{""source_id"":""src-de-bwl-final-archive"",""source_url"":""https://www.bundeswahlleiterin.de/dam/jcr/ce2d2b6a-f211-4355-8eea-355c98cd4e47/btw_kerg.zip"",""source_record_id"":""31ab27391d5753a6a972936d436092879f5c9cca11570272cd72e3e272d16731:btw2025_kerg.csv:340:122"",""retrieved_at"":""2026-10-01T23:21:39.584Z"",""raw_snapshot"":{""path"":""docs/political-data/raw/germany/2026-10-01T23-21-39-584Z_02e7077f9358c9ef/final-results.zip"",""sha256"":""02e7077f9358c9ef408741ee5d17123a43c28ea766b26a7ab338c08fcaeb7512""},""parser_version"":""germany-production-v1"",""parser_sha256"":""2a8eb3487f392ef83303e7fb9ff246e4c111a7e64a469a6aa9eb21461ae9b1a0"",""fields_covered"":[""historical_display_label""],""published_or_derived"":""published"",""label_basis"":""verbatim_election_specific_source"",""label_evidence"":[{""member"":""btw2025_kerg.csv"",""sha256"":""31ab27391d5753a6a972936d436092879f5c9cca11570272cd72e3e272d16731"",""column"":122,""record_id"":""31ab27391d5753a6a972936d436092879f5c9cca11570272cd72e3e272d16731:btw2025_kerg.csv:340:122""}]}]","{""decision_file"":""docs/political-data/germany_production_acceptance.json"",""reviewer"":""germany_source_review"",""reviewed_at"":""2026-10-02"",""scope"":""same_election_only_no_continuity""}"
"ct-de-0207","germany","el-de-bt-2025-02-23","party_list","Bündnis Sahra Wagenknecht - Vernunft und Gerechtigkeit","Bündnis Sahra Wagenknecht - Vernunft und Gerechtigkeit","pp-de-0027","confirmed_2025_election_specific_relation","false","[{""source_id"":""src-de-bwl-final-archive"",""source_url"":""https://www.bundeswahlleiterin.de/dam/jcr/ce2d2b6a-f211-4355-8eea-355c98cd4e47/btw_kerg.zip"",""source_record_id"":""31ab27391d5753a6a972936d436092879f5c9cca11570272cd72e3e272d16731:btw2025_kerg.csv:340:126"",""retrieved_at"":""2026-10-01T23:21:39.584Z"",""raw_snapshot"":{""path"":""docs/political-data/raw/germany/2026-10-01T23-21-39-584Z_02e7077f9358c9ef/final-results.zip"",""sha256"":""02e7077f9358c9ef408741ee5d17123a43c28ea766b26a7ab338c08fcaeb7512""},""parser_version"":""germany-production-v1"",""parser_sha256"":""2a8eb3487f392ef83303e7fb9ff246e4c111a7e64a469a6aa9eb21461ae9b1a0"",""fields_covered"":[""second_votes"",""registered_label_native""],""published_or_derived"":""published"",""source_member"":""btw2025_kerg.csv"",""source_member_sha256"":""31ab27391d5753a6a972936d436092879f5c9cca11570272cd72e3e272d16731"",""source_column"":126},{""source_id"":""src-de-bwl-recognition-2025"",""source_url"":""https://www.bundeswahlleiterin.de/info/presse/mitteilungen/bundestagswahl-2025/06_25_ergebnisse_1bwa.html"",""source_record_id"":""src-de-bwl-recognition-2025:table:2:row:3"",""retrieved_at"":""2026-10-02T08:48:27.174Z"",""raw_snapshot"":{""path"":""docs/political-data/raw/germany/recognition_2025/recognition.html"",""sha256"":""776b492087425d7bd6dd134235d2f975faa454bb1a241d0216d473237fb9b525""},""parser_version"":""germany-production-v1"",""parser_sha256"":""2a8eb3487f392ef83303e7fb9ff246e4c111a7e64a469a6aa9eb21461ae9b1a0"",""fields_covered"":[""contestant_kind"",""lead_party_id"",""membership""],""published_or_derived"":""published"",""decision_basis"":""manual review of official same-election recognition/participation and result column"",""evidence_note"":""Federal Electoral Committee announcement dated 2025-01-14; represented_party_section_18_4_1; source abbreviation BSW""},{""source_id"":""src-de-bwl-final-archive"",""source_url"":""https://www.bundeswahlleiterin.de/dam/jcr/ce2d2b6a-f211-4355-8eea-355c98cd4e47/btw_kerg.zip"",""source_record_id"":""31ab27391d5753a6a972936d436092879f5c9cca11570272cd72e3e272d16731:btw2025_kerg.csv:340:126"",""retrieved_at"":""2026-10-01T23:21:39.584Z"",""raw_snapshot"":{""path"":""docs/political-data/raw/germany/2026-10-01T23-21-39-584Z_02e7077f9358c9ef/final-results.zip"",""sha256"":""02e7077f9358c9ef408741ee5d17123a43c28ea766b26a7ab338c08fcaeb7512""},""parser_version"":""germany-production-v1"",""parser_sha256"":""2a8eb3487f392ef83303e7fb9ff246e4c111a7e64a469a6aa9eb21461ae9b1a0"",""fields_covered"":[""historical_display_label""],""published_or_derived"":""published"",""label_basis"":""verbatim_election_specific_source"",""label_evidence"":[{""member"":""btw2025_kerg.csv"",""sha256"":""31ab27391d5753a6a972936d436092879f5c9cca11570272cd72e3e272d16731"",""column"":126,""record_id"":""31ab27391d5753a6a972936d436092879f5c9cca11570272cd72e3e272d16731:btw2025_kerg.csv:340:126""}]}]","{""decision_file"":""docs/political-data/germany_production_acceptance.json"",""reviewer"":""germany_source_review"",""reviewed_at"":""2026-10-02"",""scope"":""same_election_only_no_continuity""}"
"ct-de-0208","germany","el-de-bt-2025-02-23","party_list","MERA25 - Gemeinsam für Europäische Unabhängigkeit","MERA25 - Gemeinsam für Europäische Unabhängigkeit","pp-de-0028","confirmed_2025_election_specific_relation","false","[{""source_id"":""src-de-bwl-final-archive"",""source_url"":""https://www.bundeswahlleiterin.de/dam/jcr/ce2d2b6a-f211-4355-8eea-355c98cd4e47/btw_kerg.zip"",""source_record_id"":""31ab27391d5753a6a972936d436092879f5c9cca11570272cd72e3e272d16731:btw2025_kerg.csv:340:130"",""retrieved_at"":""2026-10-01T23:21:39.584Z"",""raw_snapshot"":{""path"":""docs/political-data/raw/germany/2026-10-01T23-21-39-584Z_02e7077f9358c9ef/final-results.zip"",""sha256"":""02e7077f9358c9ef408741ee5d17123a43c28ea766b26a7ab338c08fcaeb7512""},""parser_version"":""germany-production-v1"",""parser_sha256"":""2a8eb3487f392ef83303e7fb9ff246e4c111a7e64a469a6aa9eb21461ae9b1a0"",""fields_covered"":[""second_votes"",""registered_label_native""],""published_or_derived"":""published"",""source_member"":""btw2025_kerg.csv"",""source_member_sha256"":""31ab27391d5753a6a972936d436092879f5c9cca11570272cd72e3e272d16731"",""source_column"":130},{""source_id"":""src-de-bwl-recognition-2025"",""source_url"":""https://www.bundeswahlleiterin.de/info/presse/mitteilungen/bundestagswahl-2025/06_25_ergebnisse_1bwa.html"",""source_record_id"":""src-de-bwl-recognition-2025:table:3:row:17"",""retrieved_at"":""2026-10-02T08:48:27.174Z"",""raw_snapshot"":{""path"":""docs/political-data/raw/germany/recognition_2025/recognition.html"",""sha256"":""776b492087425d7bd6dd134235d2f975faa454bb1a241d0216d473237fb9b525""},""parser_version"":""germany-production-v1"",""parser_sha256"":""2a8eb3487f392ef83303e7fb9ff246e4c111a7e64a469a6aa9eb21461ae9b1a0"",""fields_covered"":[""contestant_kind"",""lead_party_id"",""membership""],""published_or_derived"":""published"",""decision_basis"":""manual review of official same-election recognition/participation and result column"",""evidence_note"":""Federal Electoral Committee announcement dated 2025-01-14; recognised_party_section_18_4_2; source abbreviation MERA25""},{""source_id"":""src-de-bwl-final-archive"",""source_url"":""https://www.bundeswahlleiterin.de/dam/jcr/ce2d2b6a-f211-4355-8eea-355c98cd4e47/btw_kerg.zip"",""source_record_id"":""31ab27391d5753a6a972936d436092879f5c9cca11570272cd72e3e272d16731:btw2025_kerg.csv:340:130"",""retrieved_at"":""2026-10-01T23:21:39.584Z"",""raw_snapshot"":{""path"":""docs/political-data/raw/germany/2026-10-01T23-21-39-584Z_02e7077f9358c9ef/final-results.zip"",""sha256"":""02e7077f9358c9ef408741ee5d17123a43c28ea766b26a7ab338c08fcaeb7512""},""parser_version"":""germany-production-v1"",""parser_sha256"":""2a8eb3487f392ef83303e7fb9ff246e4c111a7e64a469a6aa9eb21461ae9b1a0"",""fields_covered"":[""historical_display_label""],""published_or_derived"":""published"",""label_basis"":""verbatim_election_specific_source"",""label_evidence"":[{""member"":""btw2025_kerg.csv"",""sha256"":""31ab27391d5753a6a972936d436092879f5c9cca11570272cd72e3e272d16731"",""column"":130,""record_id"":""31ab27391d5753a6a972936d436092879f5c9cca11570272cd72e3e272d16731:btw2025_kerg.csv:340:130""}]}]","{""decision_file"":""docs/political-data/germany_production_acceptance.json"",""reviewer"":""germany_source_review"",""reviewed_at"":""2026-10-02"",""scope"":""same_election_only_no_continuity""}"
"ct-de-0209","germany","el-de-bt-2025-02-23","party_list","WerteUnion","WerteUnion","pp-de-0029","confirmed_2025_election_specific_relation","false","[{""source_id"":""src-de-bwl-final-archive"",""source_url"":""https://www.bundeswahlleiterin.de/dam/jcr/ce2d2b6a-f211-4355-8eea-355c98cd4e47/btw_kerg.zip"",""source_record_id"":""31ab27391d5753a6a972936d436092879f5c9cca11570272cd72e3e272d16731:btw2025_kerg.csv:340:134"",""retrieved_at"":""2026-10-01T23:21:39.584Z"",""raw_snapshot"":{""path"":""docs/political-data/raw/germany/2026-10-01T23-21-39-584Z_02e7077f9358c9ef/final-results.zip"",""sha256"":""02e7077f9358c9ef408741ee5d17123a43c28ea766b26a7ab338c08fcaeb7512""},""parser_version"":""germany-production-v1"",""parser_sha256"":""2a8eb3487f392ef83303e7fb9ff246e4c111a7e64a469a6aa9eb21461ae9b1a0"",""fields_covered"":[""second_votes"",""registered_label_native""],""published_or_derived"":""published"",""source_member"":""btw2025_kerg.csv"",""source_member_sha256"":""31ab27391d5753a6a972936d436092879f5c9cca11570272cd72e3e272d16731"",""source_column"":134},{""source_id"":""src-de-bwl-recognition-2025"",""source_url"":""https://www.bundeswahlleiterin.de/info/presse/mitteilungen/bundestagswahl-2025/06_25_ergebnisse_1bwa.html"",""source_record_id"":""src-de-bwl-recognition-2025:table:3:row:23"",""retrieved_at"":""2026-10-02T08:48:27.174Z"",""raw_snapshot"":{""path"":""docs/political-data/raw/germany/recognition_2025/recognition.html"",""sha256"":""776b492087425d7bd6dd134235d2f975faa454bb1a241d0216d473237fb9b525""},""parser_version"":""germany-production-v1"",""parser_sha256"":""2a8eb3487f392ef83303e7fb9ff246e4c111a7e64a469a6aa9eb21461ae9b1a0"",""fields_covered"":[""contestant_kind"",""lead_party_id"",""membership""],""published_or_derived"":""published"",""decision_basis"":""manual review of official same-election recognition/participation and result column"",""evidence_note"":""Federal Electoral Committee announcement dated 2025-01-14; recognised_party_section_18_4_2; source abbreviation WerteUnion""},{""source_id"":""src-de-bwl-final-archive"",""source_url"":""https://www.bundeswahlleiterin.de/dam/jcr/ce2d2b6a-f211-4355-8eea-355c98cd4e47/btw_kerg.zip"",""source_record_id"":""31ab27391d5753a6a972936d436092879f5c9cca11570272cd72e3e272d16731:btw2025_kerg.csv:340:134"",""retrieved_at"":""2026-10-01T23:21:39.584Z"",""raw_snapshot"":{""path"":""docs/political-data/raw/germany/2026-10-01T23-21-39-584Z_02e7077f9358c9ef/final-results.zip"",""sha256"":""02e7077f9358c9ef408741ee5d17123a43c28ea766b26a7ab338c08fcaeb7512""},""parser_version"":""germany-production-v1"",""parser_sha256"":""2a8eb3487f392ef83303e7fb9ff246e4c111a7e64a469a6aa9eb21461ae9b1a0"",""fields_covered"":[""historical_display_label""],""published_or_derived"":""published"",""label_basis"":""verbatim_election_specific_source"",""label_evidence"":[{""member"":""btw2025_kerg.csv"",""sha256"":""31ab27391d5753a6a972936d436092879f5c9cca11570272cd72e3e272d16731"",""column"":134,""record_id"":""31ab27391d5753a6a972936d436092879f5c9cca11570272cd72e3e272d16731:btw2025_kerg.csv:340:134""}]}]","{""decision_file"":""docs/political-data/germany_production_acceptance.json"",""reviewer"":""germany_source_review"",""reviewed_at"":""2026-10-02"",""scope"":""same_election_only_no_continuity""}"
