"source_id","source_party_id","source_label","country","valid_from","valid_to","target_kind","target_id","canonical_party_id","match_basis","match_status","party_relation_status","continuous_series_eligible","reviewer_note","provenance","production_review"
"src-de-bwl-final-archive","2407b62efac5c001dd189d58489c955c4a8d07dfab797d985d1d56fe2ecf9cb5:btw2002_kerg.csv:340:10","SPD","germany","2002-09-22","2002-09-22","contestant","ct-de-0001",,"manual_review","confirmed_election_specific_record","requires_manual_review","false","Official result column to persisted election-specific contestant; no cross-election or legal-entity continuity decision.","[{""source_id"":""src-de-bwl-final-archive"",""source_url"":""https://www.bundeswahlleiterin.de/dam/jcr/ce2d2b6a-f211-4355-8eea-355c98cd4e47/btw_kerg.zip"",""source_record_id"":""2407b62efac5c001dd189d58489c955c4a8d07dfab797d985d1d56fe2ecf9cb5:btw2002_kerg.csv:340:10"",""retrieved_at"":""2026-10-01T23:21:39.584Z"",""raw_snapshot"":{""path"":""docs/political-data/raw/germany/2026-10-01T23-21-39-584Z_02e7077f9358c9ef/final-results.zip"",""sha256"":""02e7077f9358c9ef408741ee5d17123a43c28ea766b26a7ab338c08fcaeb7512""},""parser_version"":""germany-production-v1"",""parser_sha256"":""2a8eb3487f392ef83303e7fb9ff246e4c111a7e64a469a6aa9eb21461ae9b1a0"",""fields_covered"":[""second_votes"",""registered_label_native""],""published_or_derived"":""published"",""source_member"":""btw2002_kerg.csv"",""source_member_sha256"":""2407b62efac5c001dd189d58489c955c4a8d07dfab797d985d1d56fe2ecf9cb5"",""source_column"":10},{""source_id"":""src-de-bwl-results-report-2002"",""source_url"":""https://www.statistischebibliothek.de/mir/servlets/MCRFileNodeServlet/DEHeft_derivate_00063162/15_Wahl_DB_2002_Heft_5.pdf"",""source_record_id"":""src-de-bwl-results-report-2002:pdf-page:18:table:2:row:1"",""retrieved_at"":""2026-10-02T09:56:58.971Z"",""raw_snapshot"":{""path"":""docs/political-data/raw/germany/identity_results-report-2002/source.pdf"",""sha256"":""052f83393c0c197a26c1ee7a6a60693558fb759edb89f92ff5e95ba7fc8d1d73""},""parser_version"":""germany-production-v1"",""parser_sha256"":""2a8eb3487f392ef83303e7fb9ff246e4c111a7e64a469a6aa9eb21461ae9b1a0"",""fields_covered"":[""canonical_party_id""],""published_or_derived"":""published"",""decision_basis"":""manual review of official same-election recognition/participation and result column"",""evidence_note"":""Visually checked historical full name and Landesliste participation; printed page 18; OCR is not identity validation""}]","{""decision_file"":""docs/political-data/germany_production_acceptance.json"",""reviewer"":""germany_source_review"",""reviewed_at"":""2026-10-02"",""scope"":""same_election_only_no_continuity""}"
"src-de-bwl-final-archive","2407b62efac5c001dd189d58489c955c4a8d07dfab797d985d1d56fe2ecf9cb5:btw2002_kerg.csv:340:12","CDU","germany","2002-09-22","2002-09-22","contestant","ct-de-0002",,"manual_review","confirmed_election_specific_record","requires_manual_review","false","Official result column to persisted election-specific contestant; no cross-election or legal-entity continuity decision.","[{""source_id"":""src-de-bwl-final-archive"",""source_url"":""https://www.bundeswahlleiterin.de/dam/jcr/ce2d2b6a-f211-4355-8eea-355c98cd4e47/btw_kerg.zip"",""source_record_id"":""2407b62efac5c001dd189d58489c955c4a8d07dfab797d985d1d56fe2ecf9cb5:btw2002_kerg.csv:340:12"",""retrieved_at"":""2026-10-01T23:21:39.584Z"",""raw_snapshot"":{""path"":""docs/political-data/raw/germany/2026-10-01T23-21-39-584Z_02e7077f9358c9ef/final-results.zip"",""sha256"":""02e7077f9358c9ef408741ee5d17123a43c28ea766b26a7ab338c08fcaeb7512""},""parser_version"":""germany-production-v1"",""parser_sha256"":""2a8eb3487f392ef83303e7fb9ff246e4c111a7e64a469a6aa9eb21461ae9b1a0"",""fields_covered"":[""second_votes"",""registered_label_native""],""published_or_derived"":""published"",""source_member"":""btw2002_kerg.csv"",""source_member_sha256"":""2407b62efac5c001dd189d58489c955c4a8d07dfab797d985d1d56fe2ecf9cb5"",""source_column"":12},{""source_id"":""src-de-bwl-results-report-2002"",""source_url"":""https://www.statistischebibliothek.de/mir/servlets/MCRFileNodeServlet/DEHeft_derivate_00063162/15_Wahl_DB_2002_Heft_5.pdf"",""source_record_id"":""src-de-bwl-results-report-2002:pdf-page:18:table:2:row:2"",""retrieved_at"":""2026-10-02T09:56:58.971Z"",""raw_snapshot"":{""path"":""docs/political-data/raw/germany/identity_results-report-2002/source.pdf"",""sha256"":""052f83393c0c197a26c1ee7a6a60693558fb759edb89f92ff5e95ba7fc8d1d73""},""parser_version"":""germany-production-v1"",""parser_sha256"":""2a8eb3487f392ef83303e7fb9ff246e4c111a7e64a469a6aa9eb21461ae9b1a0"",""fields_covered"":[""canonical_party_id""],""published_or_derived"":""published"",""decision_basis"":""manual review of official same-election recognition/participation and result column"",""evidence_note"":""Visually checked historical full name and Landesliste participation; printed page 18; OCR is not identity validation""}]","{""decision_file"":""docs/political-data/germany_production_acceptance.json"",""reviewer"":""germany_source_review"",""reviewed_at"":""2026-10-02"",""scope"":""same_election_only_no_continuity""}"
"src-de-bwl-final-archive","2407b62efac5c001dd189d58489c955c4a8d07dfab797d985d1d56fe2ecf9cb5:btw2002_kerg.csv:340:14","CSU","germany","2002-09-22","2002-09-22","contestant","ct-de-0003",,"manual_review","confirmed_election_specific_record","requires_manual_review","false","Official result column to persisted election-specific contestant; no cross-election or legal-entity continuity decision.","[{""source_id"":""src-de-bwl-final-archive"",""source_url"":""https://www.bundeswahlleiterin.de/dam/jcr/ce2d2b6a-f211-4355-8eea-355c98cd4e47/btw_kerg.zip"",""source_record_id"":""2407b62efac5c001dd189d58489c955c4a8d07dfab797d985d1d56fe2ecf9cb5:btw2002_kerg.csv:340:14"",""retrieved_at"":""2026-10-01T23:21:39.584Z"",""raw_snapshot"":{""path"":""docs/political-data/raw/germany/2026-10-01T23-21-39-584Z_02e7077f9358c9ef/final-results.zip"",""sha256"":""02e7077f9358c9ef408741ee5d17123a43c28ea766b26a7ab338c08fcaeb7512""},""parser_version"":""germany-production-v1"",""parser_sha256"":""2a8eb3487f392ef83303e7fb9ff246e4c111a7e64a469a6aa9eb21461ae9b1a0"",""fields_covered"":[""second_votes"",""registered_label_native""],""published_or_derived"":""published"",""source_member"":""btw2002_kerg.csv"",""source_member_sha256"":""2407b62efac5c001dd189d58489c955c4a8d07dfab797d985d1d56fe2ecf9cb5"",""source_column"":14},{""source_id"":""src-de-bwl-results-report-2002"",""source_url"":""https://www.statistischebibliothek.de/mir/servlets/MCRFileNodeServlet/DEHeft_derivate_00063162/15_Wahl_DB_2002_Heft_5.pdf"",""source_record_id"":""src-de-bwl-results-report-2002:pdf-page:18:table:2:row:3"",""retrieved_at"":""2026-10-02T09:56:58.971Z"",""raw_snapshot"":{""path"":""docs/political-data/raw/germany/identity_results-report-2002/source.pdf"",""sha256"":""052f83393c0c197a26c1ee7a6a60693558fb759edb89f92ff5e95ba7fc8d1d73""},""parser_version"":""germany-production-v1"",""parser_sha256"":""2a8eb3487f392ef83303e7fb9ff246e4c111a7e64a469a6aa9eb21461ae9b1a0"",""fields_covered"":[""canonical_party_id""],""published_or_derived"":""published"",""decision_basis"":""manual review of official same-election recognition/participation and result column"",""evidence_note"":""Visually checked historical full name and Landesliste participation; printed page 18; OCR is not identity validation""}]","{""decision_file"":""docs/political-data/germany_production_acceptance.json"",""reviewer"":""germany_source_review"",""reviewed_at"":""2026-10-02"",""scope"":""same_election_only_no_continuity""}"
"src-de-bwl-final-archive","2407b62efac5c001dd189d58489c955c4a8d07dfab797d985d1d56fe2ecf9cb5:btw2002_kerg.csv:340:16","GRÜNE","germany","2002-09-22","2002-09-22","contestant","ct-de-0004",,"manual_review","confirmed_election_specific_record","requires_manual_review","false","Official result column to persisted election-specific contestant; no cross-election or legal-entity continuity decision.","[{""source_id"":""src-de-bwl-final-archive"",""source_url"":""https://www.bundeswahlleiterin.de/dam/jcr/ce2d2b6a-f211-4355-8eea-355c98cd4e47/btw_kerg.zip"",""source_record_id"":""2407b62efac5c001dd189d58489c955c4a8d07dfab797d985d1d56fe2ecf9cb5:btw2002_kerg.csv:340:16"",""retrieved_at"":""2026-10-01T23:21:39.584Z"",""raw_snapshot"":{""path"":""docs/political-data/raw/germany/2026-10-01T23-21-39-584Z_02e7077f9358c9ef/final-results.zip"",""sha256"":""02e7077f9358c9ef408741ee5d17123a43c28ea766b26a7ab338c08fcaeb7512""},""parser_version"":""germany-production-v1"",""parser_sha256"":""2a8eb3487f392ef83303e7fb9ff246e4c111a7e64a469a6aa9eb21461ae9b1a0"",""fields_covered"":[""second_votes"",""registered_label_native""],""published_or_derived"":""published"",""source_member"":""btw2002_kerg.csv"",""source_member_sha256"":""2407b62efac5c001dd189d58489c955c4a8d07dfab797d985d1d56fe2ecf9cb5"",""source_column"":16},{""source_id"":""src-de-bwl-results-report-2002"",""source_url"":""https://www.statistischebibliothek.de/mir/servlets/MCRFileNodeServlet/DEHeft_derivate_00063162/15_Wahl_DB_2002_Heft_5.pdf"",""source_record_id"":""src-de-bwl-results-report-2002:pdf-page:18:table:2:row:4"",""retrieved_at"":""2026-10-02T09:56:58.971Z"",""raw_snapshot"":{""path"":""docs/political-data/raw/germany/identity_results-report-2002/source.pdf"",""sha256"":""052f83393c0c197a26c1ee7a6a60693558fb759edb89f92ff5e95ba7fc8d1d73""},""parser_version"":""germany-production-v1"",""parser_sha256"":""2a8eb3487f392ef83303e7fb9ff246e4c111a7e64a469a6aa9eb21461ae9b1a0"",""fields_covered"":[""canonical_party_id""],""published_or_derived"":""published"",""decision_basis"":""manual review of official same-election recognition/participation and result column"",""evidence_note"":""Visually checked historical full name and Landesliste participation; printed page 18; OCR is not identity validation""}]","{""decision_file"":""docs/political-data/germany_production_acceptance.json"",""reviewer"":""germany_source_review"",""reviewed_at"":""2026-10-02"",""scope"":""same_election_only_no_continuity""}"
"src-de-bwl-final-archive","2407b62efac5c001dd189d58489c955c4a8d07dfab797d985d1d56fe2ecf9cb5:btw2002_kerg.csv:340:18","FDP","germany","2002-09-22","2002-09-22","contestant","ct-de-0005",,"manual_review","confirmed_election_specific_record","requires_manual_review","false","Official result column to persisted election-specific contestant; no cross-election or legal-entity continuity decision.","[{""source_id"":""src-de-bwl-final-archive"",""source_url"":""https://www.bundeswahlleiterin.de/dam/jcr/ce2d2b6a-f211-4355-8eea-355c98cd4e47/btw_kerg.zip"",""source_record_id"":""2407b62efac5c001dd189d58489c955c4a8d07dfab797d985d1d56fe2ecf9cb5:btw2002_kerg.csv:340:18"",""retrieved_at"":""2026-10-01T23:21:39.584Z"",""raw_snapshot"":{""path"":""docs/political-data/raw/germany/2026-10-01T23-21-39-584Z_02e7077f9358c9ef/final-results.zip"",""sha256"":""02e7077f9358c9ef408741ee5d17123a43c28ea766b26a7ab338c08fcaeb7512""},""parser_version"":""germany-production-v1"",""parser_sha256"":""2a8eb3487f392ef83303e7fb9ff246e4c111a7e64a469a6aa9eb21461ae9b1a0"",""fields_covered"":[""second_votes"",""registered_label_native""],""published_or_derived"":""published"",""source_member"":""btw2002_kerg.csv"",""source_member_sha256"":""2407b62efac5c001dd189d58489c955c4a8d07dfab797d985d1d56fe2ecf9cb5"",""source_column"":18},{""source_id"":""src-de-bwl-results-report-2002"",""source_url"":""https://www.statistischebibliothek.de/mir/servlets/MCRFileNodeServlet/DEHeft_derivate_00063162/15_Wahl_DB_2002_Heft_5.pdf"",""source_record_id"":""src-de-bwl-results-report-2002:pdf-page:18:table:2:row:5"",""retrieved_at"":""2026-10-02T09:56:58.971Z"",""raw_snapshot"":{""path"":""docs/political-data/raw/germany/identity_results-report-2002/source.pdf"",""sha256"":""052f83393c0c197a26c1ee7a6a60693558fb759edb89f92ff5e95ba7fc8d1d73""},""parser_version"":""germany-production-v1"",""parser_sha256"":""2a8eb3487f392ef83303e7fb9ff246e4c111a7e64a469a6aa9eb21461ae9b1a0"",""fields_covered"":[""canonical_party_id""],""published_or_derived"":""published"",""decision_basis"":""manual review of official same-election recognition/participation and result column"",""evidence_note"":""Visually checked historical full name and Landesliste participation; printed page 18; OCR is not identity validation""}]","{""decision_file"":""docs/political-data/germany_production_acceptance.json"",""reviewer"":""germany_source_review"",""reviewed_at"":""2026-10-02"",""scope"":""same_election_only_no_continuity""}"
"src-de-bwl-final-archive","2407b62efac5c001dd189d58489c955c4a8d07dfab797d985d1d56fe2ecf9cb5:btw2002_kerg.csv:340:20","PDS","germany","2002-09-22","2002-09-22","contestant","ct-de-0006",,"manual_review","confirmed_election_specific_record","requires_manual_review","false","Official result column to persisted election-specific contestant; no cross-election or legal-entity continuity decision.","[{""source_id"":""src-de-bwl-final-archive"",""source_url"":""https://www.bundeswahlleiterin.de/dam/jcr/ce2d2b6a-f211-4355-8eea-355c98cd4e47/btw_kerg.zip"",""source_record_id"":""2407b62efac5c001dd189d58489c955c4a8d07dfab797d985d1d56fe2ecf9cb5:btw2002_kerg.csv:340:20"",""retrieved_at"":""2026-10-01T23:21:39.584Z"",""raw_snapshot"":{""path"":""docs/political-data/raw/germany/2026-10-01T23-21-39-584Z_02e7077f9358c9ef/final-results.zip"",""sha256"":""02e7077f9358c9ef408741ee5d17123a43c28ea766b26a7ab338c08fcaeb7512""},""parser_version"":""germany-production-v1"",""parser_sha256"":""2a8eb3487f392ef83303e7fb9ff246e4c111a7e64a469a6aa9eb21461ae9b1a0"",""fields_covered"":[""second_votes"",""registered_label_native""],""published_or_derived"":""published"",""source_member"":""btw2002_kerg.csv"",""source_member_sha256"":""2407b62efac5c001dd189d58489c955c4a8d07dfab797d985d1d56fe2ecf9cb5"",""source_column"":20},{""source_id"":""src-de-bwl-results-report-2002"",""source_url"":""https://www.statistischebibliothek.de/mir/servlets/MCRFileNodeServlet/DEHeft_derivate_00063162/15_Wahl_DB_2002_Heft_5.pdf"",""source_record_id"":""src-de-bwl-results-report-2002:pdf-page:18:table:2:row:6"",""retrieved_at"":""2026-10-02T09:56:58.971Z"",""raw_snapshot"":{""path"":""docs/political-data/raw/germany/identity_results-report-2002/source.pdf"",""sha256"":""052f83393c0c197a26c1ee7a6a60693558fb759edb89f92ff5e95ba7fc8d1d73""},""parser_version"":""germany-production-v1"",""parser_sha256"":""2a8eb3487f392ef83303e7fb9ff246e4c111a7e64a469a6aa9eb21461ae9b1a0"",""fields_covered"":[""canonical_party_id""],""published_or_derived"":""published"",""decision_basis"":""manual review of official same-election recognition/participation and result column"",""evidence_note"":""Visually checked historical full name and Landesliste participation; printed page 18; OCR is not identity validation""}]","{""decision_file"":""docs/political-data/germany_production_acceptance.json"",""reviewer"":""germany_source_review"",""reviewed_at"":""2026-10-02"",""scope"":""same_election_only_no_continuity""}"
"src-de-bwl-final-archive","2407b62efac5c001dd189d58489c955c4a8d07dfab797d985d1d56fe2ecf9cb5:btw2002_kerg.csv:340:22","REP","germany","2002-09-22","2002-09-22","contestant","ct-de-0007",,"manual_review","confirmed_election_specific_record","requires_manual_review","false","Official result column to persisted election-specific contestant; no cross-election or legal-entity continuity decision.","[{""source_id"":""src-de-bwl-final-archive"",""source_url"":""https://www.bundeswahlleiterin.de/dam/jcr/ce2d2b6a-f211-4355-8eea-355c98cd4e47/btw_kerg.zip"",""source_record_id"":""2407b62efac5c001dd189d58489c955c4a8d07dfab797d985d1d56fe2ecf9cb5:btw2002_kerg.csv:340:22"",""retrieved_at"":""2026-10-01T23:21:39.584Z"",""raw_snapshot"":{""path"":""docs/political-data/raw/germany/2026-10-01T23-21-39-584Z_02e7077f9358c9ef/final-results.zip"",""sha256"":""02e7077f9358c9ef408741ee5d17123a43c28ea766b26a7ab338c08fcaeb7512""},""parser_version"":""germany-production-v1"",""parser_sha256"":""2a8eb3487f392ef83303e7fb9ff246e4c111a7e64a469a6aa9eb21461ae9b1a0"",""fields_covered"":[""second_votes"",""registered_label_native""],""published_or_derived"":""published"",""source_member"":""btw2002_kerg.csv"",""source_member_sha256"":""2407b62efac5c001dd189d58489c955c4a8d07dfab797d985d1d56fe2ecf9cb5"",""source_column"":22},{""source_id"":""src-de-bwl-results-report-2002"",""source_url"":""https://www.statistischebibliothek.de/mir/servlets/MCRFileNodeServlet/DEHeft_derivate_00063162/15_Wahl_DB_2002_Heft_5.pdf"",""source_record_id"":""src-de-bwl-results-report-2002:pdf-page:18:table:2:row:7"",""retrieved_at"":""2026-10-02T09:56:58.971Z"",""raw_snapshot"":{""path"":""docs/political-data/raw/germany/identity_results-report-2002/source.pdf"",""sha256"":""052f83393c0c197a26c1ee7a6a60693558fb759edb89f92ff5e95ba7fc8d1d73""},""parser_version"":""germany-production-v1"",""parser_sha256"":""2a8eb3487f392ef83303e7fb9ff246e4c111a7e64a469a6aa9eb21461ae9b1a0"",""fields_covered"":[""canonical_party_id""],""published_or_derived"":""published"",""decision_basis"":""manual review of official same-election recognition/participation and result column"",""evidence_note"":""Visually checked historical full name and Landesliste participation; printed page 18; OCR is not identity validation""}]","{""decision_file"":""docs/political-data/germany_production_acceptance.json"",""reviewer"":""germany_source_review"",""reviewed_at"":""2026-10-02"",""scope"":""same_election_only_no_continuity""}"
"src-de-bwl-final-archive","2407b62efac5c001dd189d58489c955c4a8d07dfab797d985d1d56fe2ecf9cb5:btw2002_kerg.csv:340:24","GRAUE","germany","2002-09-22","2002-09-22","contestant","ct-de-0008",,"manual_review","confirmed_election_specific_record","requires_manual_review","false","Official result column to persisted election-specific contestant; no cross-election or legal-entity continuity decision.","[{""source_id"":""src-de-bwl-final-archive"",""source_url"":""https://www.bundeswahlleiterin.de/dam/jcr/ce2d2b6a-f211-4355-8eea-355c98cd4e47/btw_kerg.zip"",""source_record_id"":""2407b62efac5c001dd189d58489c955c4a8d07dfab797d985d1d56fe2ecf9cb5:btw2002_kerg.csv:340:24"",""retrieved_at"":""2026-10-01T23:21:39.584Z"",""raw_snapshot"":{""path"":""docs/political-data/raw/germany/2026-10-01T23-21-39-584Z_02e7077f9358c9ef/final-results.zip"",""sha256"":""02e7077f9358c9ef408741ee5d17123a43c28ea766b26a7ab338c08fcaeb7512""},""parser_version"":""germany-production-v1"",""parser_sha256"":""2a8eb3487f392ef83303e7fb9ff246e4c111a7e64a469a6aa9eb21461ae9b1a0"",""fields_covered"":[""second_votes"",""registered_label_native""],""published_or_derived"":""published"",""source_member"":""btw2002_kerg.csv"",""source_member_sha256"":""2407b62efac5c001dd189d58489c955c4a8d07dfab797d985d1d56fe2ecf9cb5"",""source_column"":24},{""source_id"":""src-de-bwl-results-report-2002"",""source_url"":""https://www.statistischebibliothek.de/mir/servlets/MCRFileNodeServlet/DEHeft_derivate_00063162/15_Wahl_DB_2002_Heft_5.pdf"",""source_record_id"":""src-de-bwl-results-report-2002:pdf-page:18:table:2:row:8"",""retrieved_at"":""2026-10-02T09:56:58.971Z"",""raw_snapshot"":{""path"":""docs/political-data/raw/germany/identity_results-report-2002/source.pdf"",""sha256"":""052f83393c0c197a26c1ee7a6a60693558fb759edb89f92ff5e95ba7fc8d1d73""},""parser_version"":""germany-production-v1"",""parser_sha256"":""2a8eb3487f392ef83303e7fb9ff246e4c111a7e64a469a6aa9eb21461ae9b1a0"",""fields_covered"":[""canonical_party_id""],""published_or_derived"":""published"",""decision_basis"":""manual review of official same-election recognition/participation and result column"",""evidence_note"":""Visually checked historical full name and Landesliste participation; printed page 18; OCR is not identity validation""}]","{""decision_file"":""docs/political-data/germany_production_acceptance.json"",""reviewer"":""germany_source_review"",""reviewed_at"":""2026-10-02"",""scope"":""same_election_only_no_continuity""}"
"src-de-bwl-final-archive","2407b62efac5c001dd189d58489c955c4a8d07dfab797d985d1d56fe2ecf9cb5:btw2002_kerg.csv:340:26","Tierschutz","germany","2002-09-22","2002-09-22","contestant","ct-de-0009",,"manual_review","confirmed_election_specific_record","requires_manual_review","false","Official result column to persisted election-specific contestant; no cross-election or legal-entity continuity decision.","[{""source_id"":""src-de-bwl-final-archive"",""source_url"":""https://www.bundeswahlleiterin.de/dam/jcr/ce2d2b6a-f211-4355-8eea-355c98cd4e47/btw_kerg.zip"",""source_record_id"":""2407b62efac5c001dd189d58489c955c4a8d07dfab797d985d1d56fe2ecf9cb5:btw2002_kerg.csv:340:26"",""retrieved_at"":""2026-10-01T23:21:39.584Z"",""raw_snapshot"":{""path"":""docs/political-data/raw/germany/2026-10-01T23-21-39-584Z_02e7077f9358c9ef/final-results.zip"",""sha256"":""02e7077f9358c9ef408741ee5d17123a43c28ea766b26a7ab338c08fcaeb7512""},""parser_version"":""germany-production-v1"",""parser_sha256"":""2a8eb3487f392ef83303e7fb9ff246e4c111a7e64a469a6aa9eb21461ae9b1a0"",""fields_covered"":[""second_votes"",""registered_label_native""],""published_or_derived"":""published"",""source_member"":""btw2002_kerg.csv"",""source_member_sha256"":""2407b62efac5c001dd189d58489c955c4a8d07dfab797d985d1d56fe2ecf9cb5"",""source_column"":26},{""source_id"":""src-de-bwl-results-report-2002"",""source_url"":""https://www.statistischebibliothek.de/mir/servlets/MCRFileNodeServlet/DEHeft_derivate_00063162/15_Wahl_DB_2002_Heft_5.pdf"",""source_record_id"":""src-de-bwl-results-report-2002:pdf-page:18:table:2:row:9"",""retrieved_at"":""2026-10-02T09:56:58.971Z"",""raw_snapshot"":{""path"":""docs/political-data/raw/germany/identity_results-report-2002/source.pdf"",""sha256"":""052f83393c0c197a26c1ee7a6a60693558fb759edb89f92ff5e95ba7fc8d1d73""},""parser_version"":""germany-production-v1"",""parser_sha256"":""2a8eb3487f392ef83303e7fb9ff246e4c111a7e64a469a6aa9eb21461ae9b1a0"",""fields_covered"":[""canonical_party_id""],""published_or_derived"":""published"",""decision_basis"":""manual review of official same-election recognition/participation and result column"",""evidence_note"":""Visually checked historical full name and Landesliste participation; printed page 18; OCR is not identity validation""}]","{""decision_file"":""docs/political-data/germany_production_acceptance.json"",""reviewer"":""germany_source_review"",""reviewed_at"":""2026-10-02"",""scope"":""same_election_only_no_continuity""}"
"src-de-bwl-final-archive","2407b62efac5c001dd189d58489c955c4a8d07dfab797d985d1d56fe2ecf9cb5:btw2002_kerg.csv:340:28","NPD","germany","2002-09-22","2002-09-22","contestant","ct-de-0010",,"manual_review","confirmed_election_specific_record","requires_manual_review","false","Official result column to persisted election-specific contestant; no cross-election or legal-entity continuity decision.","[{""source_id"":""src-de-bwl-final-archive"",""source_url"":""https://www.bundeswahlleiterin.de/dam/jcr/ce2d2b6a-f211-4355-8eea-355c98cd4e47/btw_kerg.zip"",""source_record_id"":""2407b62efac5c001dd189d58489c955c4a8d07dfab797d985d1d56fe2ecf9cb5:btw2002_kerg.csv:340:28"",""retrieved_at"":""2026-10-01T23:21:39.584Z"",""raw_snapshot"":{""path"":""docs/political-data/raw/germany/2026-10-01T23-21-39-584Z_02e7077f9358c9ef/final-results.zip"",""sha256"":""02e7077f9358c9ef408741ee5d17123a43c28ea766b26a7ab338c08fcaeb7512""},""parser_version"":""germany-production-v1"",""parser_sha256"":""2a8eb3487f392ef83303e7fb9ff246e4c111a7e64a469a6aa9eb21461ae9b1a0"",""fields_covered"":[""second_votes"",""registered_label_native""],""published_or_derived"":""published"",""source_member"":""btw2002_kerg.csv"",""source_member_sha256"":""2407b62efac5c001dd189d58489c955c4a8d07dfab797d985d1d56fe2ecf9cb5"",""source_column"":28},{""source_id"":""src-de-bwl-results-report-2002"",""source_url"":""https://www.statistischebibliothek.de/mir/servlets/MCRFileNodeServlet/DEHeft_derivate_00063162/15_Wahl_DB_2002_Heft_5.pdf"",""source_record_id"":""src-de-bwl-results-report-2002:pdf-page:18:table:2:row:10"",""retrieved_at"":""2026-10-02T09:56:58.971Z"",""raw_snapshot"":{""path"":""docs/political-data/raw/germany/identity_results-report-2002/source.pdf"",""sha256"":""052f83393c0c197a26c1ee7a6a60693558fb759edb89f92ff5e95ba7fc8d1d73""},""parser_version"":""germany-production-v1"",""parser_sha256"":""2a8eb3487f392ef83303e7fb9ff246e4c111a7e64a469a6aa9eb21461ae9b1a0"",""fields_covered"":[""canonical_party_id""],""published_or_derived"":""published"",""decision_basis"":""manual review of official same-election recognition/participation and result column"",""evidence_note"":""Visually checked historical full name and Landesliste participation; printed page 18; OCR is not identity validation""}]","{""decision_file"":""docs/political-data/germany_production_acceptance.json"",""reviewer"":""germany_source_review"",""reviewed_at"":""2026-10-02"",""scope"":""same_election_only_no_continuity""}"
"src-de-bwl-final-archive","2407b62efac5c001dd189d58489c955c4a8d07dfab797d985d1d56fe2ecf9cb5:btw2002_kerg.csv:340:30","ödp","germany","2002-09-22","2002-09-22","contestant","ct-de-0011",,"manual_review","confirmed_election_specific_record","requires_manual_review","false","Official result column to persisted election-specific contestant; no cross-election or legal-entity continuity decision.","[{""source_id"":""src-de-bwl-final-archive"",""source_url"":""https://www.bundeswahlleiterin.de/dam/jcr/ce2d2b6a-f211-4355-8eea-355c98cd4e47/btw_kerg.zip"",""source_record_id"":""2407b62efac5c001dd189d58489c955c4a8d07dfab797d985d1d56fe2ecf9cb5:btw2002_kerg.csv:340:30"",""retrieved_at"":""2026-10-01T23:21:39.584Z"",""raw_snapshot"":{""path"":""docs/political-data/raw/germany/2026-10-01T23-21-39-584Z_02e7077f9358c9ef/final-results.zip"",""sha256"":""02e7077f9358c9ef408741ee5d17123a43c28ea766b26a7ab338c08fcaeb7512""},""parser_version"":""germany-production-v1"",""parser_sha256"":""2a8eb3487f392ef83303e7fb9ff246e4c111a7e64a469a6aa9eb21461ae9b1a0"",""fields_covered"":[""second_votes"",""registered_label_native""],""published_or_derived"":""published"",""source_member"":""btw2002_kerg.csv"",""source_member_sha256"":""2407b62efac5c001dd189d58489c955c4a8d07dfab797d985d1d56fe2ecf9cb5"",""source_column"":30},{""source_id"":""src-de-bwl-results-report-2002"",""source_url"":""https://www.statistischebibliothek.de/mir/servlets/MCRFileNodeServlet/DEHeft_derivate_00063162/15_Wahl_DB_2002_Heft_5.pdf"",""source_record_id"":""src-de-bwl-results-report-2002:pdf-page:18:table:2:row:11"",""retrieved_at"":""2026-10-02T09:56:58.971Z"",""raw_snapshot"":{""path"":""docs/political-data/raw/germany/identity_results-report-2002/source.pdf"",""sha256"":""052f83393c0c197a26c1ee7a6a60693558fb759edb89f92ff5e95ba7fc8d1d73""},""parser_version"":""germany-production-v1"",""parser_sha256"":""2a8eb3487f392ef83303e7fb9ff246e4c111a7e64a469a6aa9eb21461ae9b1a0"",""fields_covered"":[""canonical_party_id""],""published_or_derived"":""published"",""decision_basis"":""manual review of official same-election recognition/participation and result column"",""evidence_note"":""Visually checked historical full name and Landesliste participation; printed page 18; OCR is not identity validation""}]","{""decision_file"":""docs/political-data/germany_production_acceptance.json"",""reviewer"":""germany_source_review"",""reviewed_at"":""2026-10-02"",""scope"":""same_election_only_no_continuity""}"
"src-de-bwl-final-archive","2407b62efac5c001dd189d58489c955c4a8d07dfab797d985d1d56fe2ecf9cb5:btw2002_kerg.csv:340:32","PBC","germany","2002-09-22","2002-09-22","contestant","ct-de-0012",,"manual_review","confirmed_election_specific_record","requires_manual_review","false","Official result column to persisted election-specific contestant; no cross-election or legal-entity continuity decision.","[{""source_id"":""src-de-bwl-final-archive"",""source_url"":""https://www.bundeswahlleiterin.de/dam/jcr/ce2d2b6a-f211-4355-8eea-355c98cd4e47/btw_kerg.zip"",""source_record_id"":""2407b62efac5c001dd189d58489c955c4a8d07dfab797d985d1d56fe2ecf9cb5:btw2002_kerg.csv:340:32"",""retrieved_at"":""2026-10-01T23:21:39.584Z"",""raw_snapshot"":{""path"":""docs/political-data/raw/germany/2026-10-01T23-21-39-584Z_02e7077f9358c9ef/final-results.zip"",""sha256"":""02e7077f9358c9ef408741ee5d17123a43c28ea766b26a7ab338c08fcaeb7512""},""parser_version"":""germany-production-v1"",""parser_sha256"":""2a8eb3487f392ef83303e7fb9ff246e4c111a7e64a469a6aa9eb21461ae9b1a0"",""fields_covered"":[""second_votes"",""registered_label_native""],""published_or_derived"":""published"",""source_member"":""btw2002_kerg.csv"",""source_member_sha256"":""2407b62efac5c001dd189d58489c955c4a8d07dfab797d985d1d56fe2ecf9cb5"",""source_column"":32},{""source_id"":""src-de-bwl-results-report-2002"",""source_url"":""https://www.statistischebibliothek.de/mir/servlets/MCRFileNodeServlet/DEHeft_derivate_00063162/15_Wahl_DB_2002_Heft_5.pdf"",""source_record_id"":""src-de-bwl-results-report-2002:pdf-page:18:table:2:row:12"",""retrieved_at"":""2026-10-02T09:56:58.971Z"",""raw_snapshot"":{""path"":""docs/political-data/raw/germany/identity_results-report-2002/source.pdf"",""sha256"":""052f83393c0c197a26c1ee7a6a60693558fb759edb89f92ff5e95ba7fc8d1d73""},""parser_version"":""germany-production-v1"",""parser_sha256"":""2a8eb3487f392ef83303e7fb9ff246e4c111a7e64a469a6aa9eb21461ae9b1a0"",""fields_covered"":[""canonical_party_id""],""published_or_derived"":""published"",""decision_basis"":""manual review of official same-election recognition/participation and result column"",""evidence_note"":""Visually checked historical full name and Landesliste participation; printed page 18; OCR is not identity validation""}]","{""decision_file"":""docs/political-data/germany_production_acceptance.json"",""reviewer"":""germany_source_review"",""reviewed_at"":""2026-10-02"",""scope"":""same_election_only_no_continuity""}"
"src-de-bwl-final-archive","2407b62efac5c001dd189d58489c955c4a8d07dfab797d985d1d56fe2ecf9cb5:btw2002_kerg.csv:340:34","DIE FRAUEN","germany","2002-09-22","2002-09-22","contestant","ct-de-0013",,"manual_review","confirmed_election_specific_record","requires_manual_review","false","Official result column to persisted election-specific contestant; no cross-election or legal-entity continuity decision.","[{""source_id"":""src-de-bwl-final-archive"",""source_url"":""https://www.bundeswahlleiterin.de/dam/jcr/ce2d2b6a-f211-4355-8eea-355c98cd4e47/btw_kerg.zip"",""source_record_id"":""2407b62efac5c001dd189d58489c955c4a8d07dfab797d985d1d56fe2ecf9cb5:btw2002_kerg.csv:340:34"",""retrieved_at"":""2026-10-01T23:21:39.584Z"",""raw_snapshot"":{""path"":""docs/political-data/raw/germany/2026-10-01T23-21-39-584Z_02e7077f9358c9ef/final-results.zip"",""sha256"":""02e7077f9358c9ef408741ee5d17123a43c28ea766b26a7ab338c08fcaeb7512""},""parser_version"":""germany-production-v1"",""parser_sha256"":""2a8eb3487f392ef83303e7fb9ff246e4c111a7e64a469a6aa9eb21461ae9b1a0"",""fields_covered"":[""second_votes"",""registered_label_native""],""published_or_derived"":""published"",""source_member"":""btw2002_kerg.csv"",""source_member_sha256"":""2407b62efac5c001dd189d58489c955c4a8d07dfab797d985d1d56fe2ecf9cb5"",""source_column"":34},{""source_id"":""src-de-bwl-results-report-2002"",""source_url"":""https://www.statistischebibliothek.de/mir/servlets/MCRFileNodeServlet/DEHeft_derivate_00063162/15_Wahl_DB_2002_Heft_5.pdf"",""source_record_id"":""src-de-bwl-results-report-2002:pdf-page:18:table:2:row:13"",""retrieved_at"":""2026-10-02T09:56:58.971Z"",""raw_snapshot"":{""path"":""docs/political-data/raw/germany/identity_results-report-2002/source.pdf"",""sha256"":""052f83393c0c197a26c1ee7a6a60693558fb759edb89f92ff5e95ba7fc8d1d73""},""parser_version"":""germany-production-v1"",""parser_sha256"":""2a8eb3487f392ef83303e7fb9ff246e4c111a7e64a469a6aa9eb21461ae9b1a0"",""fields_covered"":[""canonical_party_id""],""published_or_derived"":""published"",""decision_basis"":""manual review of official same-election recognition/participation and result column"",""evidence_note"":""Visually checked historical full name and Landesliste participation; printed page 18; OCR is not identity validation""}]","{""decision_file"":""docs/political-data/germany_production_acceptance.json"",""reviewer"":""germany_source_review"",""reviewed_at"":""2026-10-02"",""scope"":""same_election_only_no_continuity""}"
"src-de-bwl-final-archive","2407b62efac5c001dd189d58489c955c4a8d07dfab797d985d1d56fe2ecf9cb5:btw2002_kerg.csv:340:36","BP","germany","2002-09-22","2002-09-22","contestant","ct-de-0014",,"manual_review","confirmed_election_specific_record","requires_manual_review","false","Official result column to persisted election-specific contestant; no cross-election or legal-entity continuity decision.","[{""source_id"":""src-de-bwl-final-archive"",""source_url"":""https://www.bundeswahlleiterin.de/dam/jcr/ce2d2b6a-f211-4355-8eea-355c98cd4e47/btw_kerg.zip"",""source_record_id"":""2407b62efac5c001dd189d58489c955c4a8d07dfab797d985d1d56fe2ecf9cb5:btw2002_kerg.csv:340:36"",""retrieved_at"":""2026-10-01T23:21:39.584Z"",""raw_snapshot"":{""path"":""docs/political-data/raw/germany/2026-10-01T23-21-39-584Z_02e7077f9358c9ef/final-results.zip"",""sha256"":""02e7077f9358c9ef408741ee5d17123a43c28ea766b26a7ab338c08fcaeb7512""},""parser_version"":""germany-production-v1"",""parser_sha256"":""2a8eb3487f392ef83303e7fb9ff246e4c111a7e64a469a6aa9eb21461ae9b1a0"",""fields_covered"":[""second_votes"",""registered_label_native""],""published_or_derived"":""published"",""source_member"":""btw2002_kerg.csv"",""source_member_sha256"":""2407b62efac5c001dd189d58489c955c4a8d07dfab797d985d1d56fe2ecf9cb5"",""source_column"":36},{""source_id"":""src-de-bwl-results-report-2002"",""source_url"":""https://www.statistischebibliothek.de/mir/servlets/MCRFileNodeServlet/DEHeft_derivate_00063162/15_Wahl_DB_2002_Heft_5.pdf"",""source_record_id"":""src-de-bwl-results-report-2002:pdf-page:18:table:2:row:14"",""retrieved_at"":""2026-10-02T09:56:58.971Z"",""raw_snapshot"":{""path"":""docs/political-data/raw/germany/identity_results-report-2002/source.pdf"",""sha256"":""052f83393c0c197a26c1ee7a6a60693558fb759edb89f92ff5e95ba7fc8d1d73""},""parser_version"":""germany-production-v1"",""parser_sha256"":""2a8eb3487f392ef83303e7fb9ff246e4c111a7e64a469a6aa9eb21461ae9b1a0"",""fields_covered"":[""canonical_party_id""],""published_or_derived"":""published"",""decision_basis"":""manual review of official same-election recognition/participation and result column"",""evidence_note"":""Visually checked historical full name and Landesliste participation; printed page 18; OCR is not identity validation""}]","{""decision_file"":""docs/political-data/germany_production_acceptance.json"",""reviewer"":""germany_source_review"",""reviewed_at"":""2026-10-02"",""scope"":""same_election_only_no_continuity""}"
"src-de-bwl-final-archive","2407b62efac5c001dd189d58489c955c4a8d07dfab797d985d1d56fe2ecf9cb5:btw2002_kerg.csv:340:38","FAMILIE","germany","2002-09-22","2002-09-22","contestant","ct-de-0015",,"manual_review","confirmed_election_specific_record","requires_manual_review","false","Official result column to persisted election-specific contestant; no cross-election or legal-entity continuity decision.","[{""source_id"":""src-de-bwl-final-archive"",""source_url"":""https://www.bundeswahlleiterin.de/dam/jcr/ce2d2b6a-f211-4355-8eea-355c98cd4e47/btw_kerg.zip"",""source_record_id"":""2407b62efac5c001dd189d58489c955c4a8d07dfab797d985d1d56fe2ecf9cb5:btw2002_kerg.csv:340:38"",""retrieved_at"":""2026-10-01T23:21:39.584Z"",""raw_snapshot"":{""path"":""docs/political-data/raw/germany/2026-10-01T23-21-39-584Z_02e7077f9358c9ef/final-results.zip"",""sha256"":""02e7077f9358c9ef408741ee5d17123a43c28ea766b26a7ab338c08fcaeb7512""},""parser_version"":""germany-production-v1"",""parser_sha256"":""2a8eb3487f392ef83303e7fb9ff246e4c111a7e64a469a6aa9eb21461ae9b1a0"",""fields_covered"":[""second_votes"",""registered_label_native""],""published_or_derived"":""published"",""source_member"":""btw2002_kerg.csv"",""source_member_sha256"":""2407b62efac5c001dd189d58489c955c4a8d07dfab797d985d1d56fe2ecf9cb5"",""source_column"":38},{""source_id"":""src-de-bwl-results-report-2002"",""source_url"":""https://www.statistischebibliothek.de/mir/servlets/MCRFileNodeServlet/DEHeft_derivate_00063162/15_Wahl_DB_2002_Heft_5.pdf"",""source_record_id"":""src-de-bwl-results-report-2002:pdf-page:18:table:2:row:15"",""retrieved_at"":""2026-10-02T09:56:58.971Z"",""raw_snapshot"":{""path"":""docs/political-data/raw/germany/identity_results-report-2002/source.pdf"",""sha256"":""052f83393c0c197a26c1ee7a6a60693558fb759edb89f92ff5e95ba7fc8d1d73""},""parser_version"":""germany-production-v1"",""parser_sha256"":""2a8eb3487f392ef83303e7fb9ff246e4c111a7e64a469a6aa9eb21461ae9b1a0"",""fields_covered"":[""canonical_party_id""],""published_or_derived"":""published"",""decision_basis"":""manual review of official same-election recognition/participation and result column"",""evidence_note"":""Visually checked historical full name and Landesliste participation; printed page 18; OCR is not identity validation""}]","{""decision_file"":""docs/political-data/germany_production_acceptance.json"",""reviewer"":""germany_source_review"",""reviewed_at"":""2026-10-02"",""scope"":""same_election_only_no_continuity""}"
"src-de-bwl-final-archive","2407b62efac5c001dd189d58489c955c4a8d07dfab797d985d1d56fe2ecf9cb5:btw2002_kerg.csv:340:40","CM","germany","2002-09-22","2002-09-22","contestant","ct-de-0016",,"manual_review","confirmed_election_specific_record","requires_manual_review","false","Official result column to persisted election-specific contestant; no cross-election or legal-entity continuity decision.","[{""source_id"":""src-de-bwl-final-archive"",""source_url"":""https://www.bundeswahlleiterin.de/dam/jcr/ce2d2b6a-f211-4355-8eea-355c98cd4e47/btw_kerg.zip"",""source_record_id"":""2407b62efac5c001dd189d58489c955c4a8d07dfab797d985d1d56fe2ecf9cb5:btw2002_kerg.csv:340:40"",""retrieved_at"":""2026-10-01T23:21:39.584Z"",""raw_snapshot"":{""path"":""docs/political-data/raw/germany/2026-10-01T23-21-39-584Z_02e7077f9358c9ef/final-results.zip"",""sha256"":""02e7077f9358c9ef408741ee5d17123a43c28ea766b26a7ab338c08fcaeb7512""},""parser_version"":""germany-production-v1"",""parser_sha256"":""2a8eb3487f392ef83303e7fb9ff246e4c111a7e64a469a6aa9eb21461ae9b1a0"",""fields_covered"":[""second_votes"",""registered_label_native""],""published_or_derived"":""published"",""source_member"":""btw2002_kerg.csv"",""source_member_sha256"":""2407b62efac5c001dd189d58489c955c4a8d07dfab797d985d1d56fe2ecf9cb5"",""source_column"":40},{""source_id"":""src-de-bwl-results-report-2002"",""source_url"":""https://www.statistischebibliothek.de/mir/servlets/MCRFileNodeServlet/DEHeft_derivate_00063162/15_Wahl_DB_2002_Heft_5.pdf"",""source_record_id"":""src-de-bwl-results-report-2002:pdf-page:18:table:2:row:16"",""retrieved_at"":""2026-10-02T09:56:58.971Z"",""raw_snapshot"":{""path"":""docs/political-data/raw/germany/identity_results-report-2002/source.pdf"",""sha256"":""052f83393c0c197a26c1ee7a6a60693558fb759edb89f92ff5e95ba7fc8d1d73""},""parser_version"":""germany-production-v1"",""parser_sha256"":""2a8eb3487f392ef83303e7fb9ff246e4c111a7e64a469a6aa9eb21461ae9b1a0"",""fields_covered"":[""canonical_party_id""],""published_or_derived"":""published"",""decision_basis"":""manual review of official same-election recognition/participation and result column"",""evidence_note"":""Visually checked historical full name and Landesliste participation; printed page 18; OCR is not identity validation""}]","{""decision_file"":""docs/political-data/germany_production_acceptance.json"",""reviewer"":""germany_source_review"",""reviewed_at"":""2026-10-02"",""scope"":""same_election_only_no_continuity""}"
"src-de-bwl-final-archive","2407b62efac5c001dd189d58489c955c4a8d07dfab797d985d1d56fe2ecf9cb5:btw2002_kerg.csv:340:42","BüSo","germany","2002-09-22","2002-09-22","contestant","ct-de-0017",,"manual_review","confirmed_election_specific_record","requires_manual_review","false","Official result column to persisted election-specific contestant; no cross-election or legal-entity continuity decision.","[{""source_id"":""src-de-bwl-final-archive"",""source_url"":""https://www.bundeswahlleiterin.de/dam/jcr/ce2d2b6a-f211-4355-8eea-355c98cd4e47/btw_kerg.zip"",""source_record_id"":""2407b62efac5c001dd189d58489c955c4a8d07dfab797d985d1d56fe2ecf9cb5:btw2002_kerg.csv:340:42"",""retrieved_at"":""2026-10-01T23:21:39.584Z"",""raw_snapshot"":{""path"":""docs/political-data/raw/germany/2026-10-01T23-21-39-584Z_02e7077f9358c9ef/final-results.zip"",""sha256"":""02e7077f9358c9ef408741ee5d17123a43c28ea766b26a7ab338c08fcaeb7512""},""parser_version"":""germany-production-v1"",""parser_sha256"":""2a8eb3487f392ef83303e7fb9ff246e4c111a7e64a469a6aa9eb21461ae9b1a0"",""fields_covered"":[""second_votes"",""registered_label_native""],""published_or_derived"":""published"",""source_member"":""btw2002_kerg.csv"",""source_member_sha256"":""2407b62efac5c001dd189d58489c955c4a8d07dfab797d985d1d56fe2ecf9cb5"",""source_column"":42},{""source_id"":""src-de-bwl-results-report-2002"",""source_url"":""https://www.statistischebibliothek.de/mir/servlets/MCRFileNodeServlet/DEHeft_derivate_00063162/15_Wahl_DB_2002_Heft_5.pdf"",""source_record_id"":""src-de-bwl-results-report-2002:pdf-page:18:table:2:row:17"",""retrieved_at"":""2026-10-02T09:56:58.971Z"",""raw_snapshot"":{""path"":""docs/political-data/raw/germany/identity_results-report-2002/source.pdf"",""sha256"":""052f83393c0c197a26c1ee7a6a60693558fb759edb89f92ff5e95ba7fc8d1d73""},""parser_version"":""germany-production-v1"",""parser_sha256"":""2a8eb3487f392ef83303e7fb9ff246e4c111a7e64a469a6aa9eb21461ae9b1a0"",""fields_covered"":[""canonical_party_id""],""published_or_derived"":""published"",""decision_basis"":""manual review of official same-election recognition/participation and result column"",""evidence_note"":""Visually checked historical full name and Landesliste participation; printed page 18; OCR is not identity validation""}]","{""decision_file"":""docs/political-data/germany_production_acceptance.json"",""reviewer"":""germany_source_review"",""reviewed_at"":""2026-10-02"",""scope"":""same_election_only_no_continuity""}"
"src-de-bwl-final-archive","2407b62efac5c001dd189d58489c955c4a8d07dfab797d985d1d56fe2ecf9cb5:btw2002_kerg.csv:340:44","HP","germany","2002-09-22","2002-09-22","contestant","ct-de-0018",,"manual_review","confirmed_election_specific_record","requires_manual_review","false","Official result column to persisted election-specific contestant; no cross-election or legal-entity continuity decision.","[{""source_id"":""src-de-bwl-final-archive"",""source_url"":""https://www.bundeswahlleiterin.de/dam/jcr/ce2d2b6a-f211-4355-8eea-355c98cd4e47/btw_kerg.zip"",""source_record_id"":""2407b62efac5c001dd189d58489c955c4a8d07dfab797d985d1d56fe2ecf9cb5:btw2002_kerg.csv:340:44"",""retrieved_at"":""2026-10-01T23:21:39.584Z"",""raw_snapshot"":{""path"":""docs/political-data/raw/germany/2026-10-01T23-21-39-584Z_02e7077f9358c9ef/final-results.zip"",""sha256"":""02e7077f9358c9ef408741ee5d17123a43c28ea766b26a7ab338c08fcaeb7512""},""parser_version"":""germany-production-v1"",""parser_sha256"":""2a8eb3487f392ef83303e7fb9ff246e4c111a7e64a469a6aa9eb21461ae9b1a0"",""fields_covered"":[""second_votes"",""registered_label_native""],""published_or_derived"":""published"",""source_member"":""btw2002_kerg.csv"",""source_member_sha256"":""2407b62efac5c001dd189d58489c955c4a8d07dfab797d985d1d56fe2ecf9cb5"",""source_column"":44},{""source_id"":""src-de-bwl-results-report-2002"",""source_url"":""https://www.statistischebibliothek.de/mir/servlets/MCRFileNodeServlet/DEHeft_derivate_00063162/15_Wahl_DB_2002_Heft_5.pdf"",""source_record_id"":""src-de-bwl-results-report-2002:pdf-page:18:table:2:row:18"",""retrieved_at"":""2026-10-02T09:56:58.971Z"",""raw_snapshot"":{""path"":""docs/political-data/raw/germany/identity_results-report-2002/source.pdf"",""sha256"":""052f83393c0c197a26c1ee7a6a60693558fb759edb89f92ff5e95ba7fc8d1d73""},""parser_version"":""germany-production-v1"",""parser_sha256"":""2a8eb3487f392ef83303e7fb9ff246e4c111a7e64a469a6aa9eb21461ae9b1a0"",""fields_covered"":[""canonical_party_id""],""published_or_derived"":""published"",""decision_basis"":""manual review of official same-election recognition/participation and result column"",""evidence_note"":""Visually checked historical full name and Landesliste participation; printed page 18; OCR is not identity validation""}]","{""decision_file"":""docs/political-data/germany_production_acceptance.json"",""reviewer"":""germany_source_review"",""reviewed_at"":""2026-10-02"",""scope"":""same_election_only_no_continuity""}"
"src-de-bwl-final-archive","2407b62efac5c001dd189d58489c955c4a8d07dfab797d985d1d56fe2ecf9cb5:btw2002_kerg.csv:340:46","Violetten","germany","2002-09-22","2002-09-22","contestant","ct-de-0019",,"manual_review","confirmed_election_specific_record","requires_manual_review","false","Official result column to persisted election-specific contestant; no cross-election or legal-entity continuity decision.","[{""source_id"":""src-de-bwl-final-archive"",""source_url"":""https://www.bundeswahlleiterin.de/dam/jcr/ce2d2b6a-f211-4355-8eea-355c98cd4e47/btw_kerg.zip"",""source_record_id"":""2407b62efac5c001dd189d58489c955c4a8d07dfab797d985d1d56fe2ecf9cb5:btw2002_kerg.csv:340:46"",""retrieved_at"":""2026-10-01T23:21:39.584Z"",""raw_snapshot"":{""path"":""docs/political-data/raw/germany/2026-10-01T23-21-39-584Z_02e7077f9358c9ef/final-results.zip"",""sha256"":""02e7077f9358c9ef408741ee5d17123a43c28ea766b26a7ab338c08fcaeb7512""},""parser_version"":""germany-production-v1"",""parser_sha256"":""2a8eb3487f392ef83303e7fb9ff246e4c111a7e64a469a6aa9eb21461ae9b1a0"",""fields_covered"":[""second_votes"",""registered_label_native""],""published_or_derived"":""published"",""source_member"":""btw2002_kerg.csv"",""source_member_sha256"":""2407b62efac5c001dd189d58489c955c4a8d07dfab797d985d1d56fe2ecf9cb5"",""source_column"":46},{""source_id"":""src-de-bwl-results-report-2002"",""source_url"":""https://www.statistischebibliothek.de/mir/servlets/MCRFileNodeServlet/DEHeft_derivate_00063162/15_Wahl_DB_2002_Heft_5.pdf"",""source_record_id"":""src-de-bwl-results-report-2002:pdf-page:18:table:2:row:19"",""retrieved_at"":""2026-10-02T09:56:58.971Z"",""raw_snapshot"":{""path"":""docs/political-data/raw/germany/identity_results-report-2002/source.pdf"",""sha256"":""052f83393c0c197a26c1ee7a6a60693558fb759edb89f92ff5e95ba7fc8d1d73""},""parser_version"":""germany-production-v1"",""parser_sha256"":""2a8eb3487f392ef83303e7fb9ff246e4c111a7e64a469a6aa9eb21461ae9b1a0"",""fields_covered"":[""canonical_party_id""],""published_or_derived"":""published"",""decision_basis"":""manual review of official same-election recognition/participation and result column"",""evidence_note"":""Visually checked historical full name and Landesliste participation; printed page 18; OCR is not identity validation""}]","{""decision_file"":""docs/political-data/germany_production_acceptance.json"",""reviewer"":""germany_source_review"",""reviewed_at"":""2026-10-02"",""scope"":""same_election_only_no_continuity""}"
"src-de-bwl-final-archive","2407b62efac5c001dd189d58489c955c4a8d07dfab797d985d1d56fe2ecf9cb5:btw2002_kerg.csv:340:48","AUFBRUCH","germany","2002-09-22","2002-09-22","contestant","ct-de-0020",,"manual_review","confirmed_election_specific_record","requires_manual_review","false","Official result column to persisted election-specific contestant; no cross-election or legal-entity continuity decision.","[{""source_id"":""src-de-bwl-final-archive"",""source_url"":""https://www.bundeswahlleiterin.de/dam/jcr/ce2d2b6a-f211-4355-8eea-355c98cd4e47/btw_kerg.zip"",""source_record_id"":""2407b62efac5c001dd189d58489c955c4a8d07dfab797d985d1d56fe2ecf9cb5:btw2002_kerg.csv:340:48"",""retrieved_at"":""2026-10-01T23:21:39.584Z"",""raw_snapshot"":{""path"":""docs/political-data/raw/germany/2026-10-01T23-21-39-584Z_02e7077f9358c9ef/final-results.zip"",""sha256"":""02e7077f9358c9ef408741ee5d17123a43c28ea766b26a7ab338c08fcaeb7512""},""parser_version"":""germany-production-v1"",""parser_sha256"":""2a8eb3487f392ef83303e7fb9ff246e4c111a7e64a469a6aa9eb21461ae9b1a0"",""fields_covered"":[""second_votes"",""registered_label_native""],""published_or_derived"":""published"",""source_member"":""btw2002_kerg.csv"",""source_member_sha256"":""2407b62efac5c001dd189d58489c955c4a8d07dfab797d985d1d56fe2ecf9cb5"",""source_column"":48},{""source_id"":""src-de-bwl-results-report-2002"",""source_url"":""https://www.statistischebibliothek.de/mir/servlets/MCRFileNodeServlet/DEHeft_derivate_00063162/15_Wahl_DB_2002_Heft_5.pdf"",""source_record_id"":""src-de-bwl-results-report-2002:pdf-page:18:table:2:row:20"",""retrieved_at"":""2026-10-02T09:56:58.971Z"",""raw_snapshot"":{""path"":""docs/political-data/raw/germany/identity_results-report-2002/source.pdf"",""sha256"":""052f83393c0c197a26c1ee7a6a60693558fb759edb89f92ff5e95ba7fc8d1d73""},""parser_version"":""germany-production-v1"",""parser_sha256"":""2a8eb3487f392ef83303e7fb9ff246e4c111a7e64a469a6aa9eb21461ae9b1a0"",""fields_covered"":[""canonical_party_id""],""published_or_derived"":""published"",""decision_basis"":""manual review of official same-election recognition/participation and result column"",""evidence_note"":""Visually checked historical full name and Landesliste participation; printed page 18; OCR is not identity validation""}]","{""decision_file"":""docs/political-data/germany_production_acceptance.json"",""reviewer"":""germany_source_review"",""reviewed_at"":""2026-10-02"",""scope"":""same_election_only_no_continuity""}"
"src-de-bwl-final-archive","2407b62efac5c001dd189d58489c955c4a8d07dfab797d985d1d56fe2ecf9cb5:btw2002_kerg.csv:340:50","ZENTRUM","germany","2002-09-22","2002-09-22","contestant","ct-de-0021",,"manual_review","confirmed_election_specific_record","requires_manual_review","false","Official result column to persisted election-specific contestant; no cross-election or legal-entity continuity decision.","[{""source_id"":""src-de-bwl-final-archive"",""source_url"":""https://www.bundeswahlleiterin.de/dam/jcr/ce2d2b6a-f211-4355-8eea-355c98cd4e47/btw_kerg.zip"",""source_record_id"":""2407b62efac5c001dd189d58489c955c4a8d07dfab797d985d1d56fe2ecf9cb5:btw2002_kerg.csv:340:50"",""retrieved_at"":""2026-10-01T23:21:39.584Z"",""raw_snapshot"":{""path"":""docs/political-data/raw/germany/2026-10-01T23-21-39-584Z_02e7077f9358c9ef/final-results.zip"",""sha256"":""02e7077f9358c9ef408741ee5d17123a43c28ea766b26a7ab338c08fcaeb7512""},""parser_version"":""germany-production-v1"",""parser_sha256"":""2a8eb3487f392ef83303e7fb9ff246e4c111a7e64a469a6aa9eb21461ae9b1a0"",""fields_covered"":[""second_votes"",""registered_label_native""],""published_or_derived"":""published"",""source_member"":""btw2002_kerg.csv"",""source_member_sha256"":""2407b62efac5c001dd189d58489c955c4a8d07dfab797d985d1d56fe2ecf9cb5"",""source_column"":50},{""source_id"":""src-de-bwl-results-report-2002"",""source_url"":""https://www.statistischebibliothek.de/mir/servlets/MCRFileNodeServlet/DEHeft_derivate_00063162/15_Wahl_DB_2002_Heft_5.pdf"",""source_record_id"":""src-de-bwl-results-report-2002:pdf-page:18:table:2:row:21"",""retrieved_at"":""2026-10-02T09:56:58.971Z"",""raw_snapshot"":{""path"":""docs/political-data/raw/germany/identity_results-report-2002/source.pdf"",""sha256"":""052f83393c0c197a26c1ee7a6a60693558fb759edb89f92ff5e95ba7fc8d1d73""},""parser_version"":""germany-production-v1"",""parser_sha256"":""2a8eb3487f392ef83303e7fb9ff246e4c111a7e64a469a6aa9eb21461ae9b1a0"",""fields_covered"":[""canonical_party_id""],""published_or_derived"":""published"",""decision_basis"":""manual review of official same-election recognition/participation and result column"",""evidence_note"":""Visually checked historical full name and Landesliste participation; printed page 18; OCR is not identity validation""}]","{""decision_file"":""docs/political-data/germany_production_acceptance.json"",""reviewer"":""germany_source_review"",""reviewed_at"":""2026-10-02"",""scope"":""same_election_only_no_continuity""}"
"src-de-bwl-final-archive","2407b62efac5c001dd189d58489c955c4a8d07dfab797d985d1d56fe2ecf9cb5:btw2002_kerg.csv:340:52","KPD","germany","2002-09-22","2002-09-22","contestant","ct-de-0022",,"manual_review","confirmed_election_specific_record","requires_manual_review","false","Official result column to persisted election-specific contestant; no cross-election or legal-entity continuity decision.","[{""source_id"":""src-de-bwl-final-archive"",""source_url"":""https://www.bundeswahlleiterin.de/dam/jcr/ce2d2b6a-f211-4355-8eea-355c98cd4e47/btw_kerg.zip"",""source_record_id"":""2407b62efac5c001dd189d58489c955c4a8d07dfab797d985d1d56fe2ecf9cb5:btw2002_kerg.csv:340:52"",""retrieved_at"":""2026-10-01T23:21:39.584Z"",""raw_snapshot"":{""path"":""docs/political-data/raw/germany/2026-10-01T23-21-39-584Z_02e7077f9358c9ef/final-results.zip"",""sha256"":""02e7077f9358c9ef408741ee5d17123a43c28ea766b26a7ab338c08fcaeb7512""},""parser_version"":""germany-production-v1"",""parser_sha256"":""2a8eb3487f392ef83303e7fb9ff246e4c111a7e64a469a6aa9eb21461ae9b1a0"",""fields_covered"":[""second_votes"",""registered_label_native""],""published_or_derived"":""published"",""source_member"":""btw2002_kerg.csv"",""source_member_sha256"":""2407b62efac5c001dd189d58489c955c4a8d07dfab797d985d1d56fe2ecf9cb5"",""source_column"":52},{""source_id"":""src-de-bwl-results-report-2002"",""source_url"":""https://www.statistischebibliothek.de/mir/servlets/MCRFileNodeServlet/DEHeft_derivate_00063162/15_Wahl_DB_2002_Heft_5.pdf"",""source_record_id"":""src-de-bwl-results-report-2002:pdf-page:18:table:2:row:22"",""retrieved_at"":""2026-10-02T09:56:58.971Z"",""raw_snapshot"":{""path"":""docs/political-data/raw/germany/identity_results-report-2002/source.pdf"",""sha256"":""052f83393c0c197a26c1ee7a6a60693558fb759edb89f92ff5e95ba7fc8d1d73""},""parser_version"":""germany-production-v1"",""parser_sha256"":""2a8eb3487f392ef83303e7fb9ff246e4c111a7e64a469a6aa9eb21461ae9b1a0"",""fields_covered"":[""canonical_party_id""],""published_or_derived"":""published"",""decision_basis"":""manual review of official same-election recognition/participation and result column"",""evidence_note"":""Visually checked historical full name and Landesliste participation; printed page 18; OCR is not identity validation""}]","{""decision_file"":""docs/political-data/germany_production_acceptance.json"",""reviewer"":""germany_source_review"",""reviewed_at"":""2026-10-02"",""scope"":""same_election_only_no_continuity""}"
"src-de-bwl-final-archive","2407b62efac5c001dd189d58489c955c4a8d07dfab797d985d1d56fe2ecf9cb5:btw2002_kerg.csv:340:54","PRG","germany","2002-09-22","2002-09-22","contestant","ct-de-0023",,"manual_review","confirmed_election_specific_record","requires_manual_review","false","Official result column to persisted election-specific contestant; no cross-election or legal-entity continuity decision.","[{""source_id"":""src-de-bwl-final-archive"",""source_url"":""https://www.bundeswahlleiterin.de/dam/jcr/ce2d2b6a-f211-4355-8eea-355c98cd4e47/btw_kerg.zip"",""source_record_id"":""2407b62efac5c001dd189d58489c955c4a8d07dfab797d985d1d56fe2ecf9cb5:btw2002_kerg.csv:340:54"",""retrieved_at"":""2026-10-01T23:21:39.584Z"",""raw_snapshot"":{""path"":""docs/political-data/raw/germany/2026-10-01T23-21-39-584Z_02e7077f9358c9ef/final-results.zip"",""sha256"":""02e7077f9358c9ef408741ee5d17123a43c28ea766b26a7ab338c08fcaeb7512""},""parser_version"":""germany-production-v1"",""parser_sha256"":""2a8eb3487f392ef83303e7fb9ff246e4c111a7e64a469a6aa9eb21461ae9b1a0"",""fields_covered"":[""second_votes"",""registered_label_native""],""published_or_derived"":""published"",""source_member"":""btw2002_kerg.csv"",""source_member_sha256"":""2407b62efac5c001dd189d58489c955c4a8d07dfab797d985d1d56fe2ecf9cb5"",""source_column"":54},{""source_id"":""src-de-bwl-results-report-2002"",""source_url"":""https://www.statistischebibliothek.de/mir/servlets/MCRFileNodeServlet/DEHeft_derivate_00063162/15_Wahl_DB_2002_Heft_5.pdf"",""source_record_id"":""src-de-bwl-results-report-2002:pdf-page:18:table:2:row:23"",""retrieved_at"":""2026-10-02T09:56:58.971Z"",""raw_snapshot"":{""path"":""docs/political-data/raw/germany/identity_results-report-2002/source.pdf"",""sha256"":""052f83393c0c197a26c1ee7a6a60693558fb759edb89f92ff5e95ba7fc8d1d73""},""parser_version"":""germany-production-v1"",""parser_sha256"":""2a8eb3487f392ef83303e7fb9ff246e4c111a7e64a469a6aa9eb21461ae9b1a0"",""fields_covered"":[""canonical_party_id""],""published_or_derived"":""published"",""decision_basis"":""manual review of official same-election recognition/participation and result column"",""evidence_note"":""Visually checked historical full name and Landesliste participation; printed page 18; OCR is not identity validation""}]","{""decision_file"":""docs/political-data/germany_production_acceptance.json"",""reviewer"":""germany_source_review"",""reviewed_at"":""2026-10-02"",""scope"":""same_election_only_no_continuity""}"
"src-de-bwl-final-archive","2407b62efac5c001dd189d58489c955c4a8d07dfab797d985d1d56fe2ecf9cb5:btw2002_kerg.csv:340:56","Schill","germany","2002-09-22","2002-09-22","contestant","ct-de-0024",,"manual_review","confirmed_election_specific_record","requires_manual_review","false","Official result column to persisted election-specific contestant; no cross-election or legal-entity continuity decision.","[{""source_id"":""src-de-bwl-final-archive"",""source_url"":""https://www.bundeswahlleiterin.de/dam/jcr/ce2d2b6a-f211-4355-8eea-355c98cd4e47/btw_kerg.zip"",""source_record_id"":""2407b62efac5c001dd189d58489c955c4a8d07dfab797d985d1d56fe2ecf9cb5:btw2002_kerg.csv:340:56"",""retrieved_at"":""2026-10-01T23:21:39.584Z"",""raw_snapshot"":{""path"":""docs/political-data/raw/germany/2026-10-01T23-21-39-584Z_02e7077f9358c9ef/final-results.zip"",""sha256"":""02e7077f9358c9ef408741ee5d17123a43c28ea766b26a7ab338c08fcaeb7512""},""parser_version"":""germany-production-v1"",""parser_sha256"":""2a8eb3487f392ef83303e7fb9ff246e4c111a7e64a469a6aa9eb21461ae9b1a0"",""fields_covered"":[""second_votes"",""registered_label_native""],""published_or_derived"":""published"",""source_member"":""btw2002_kerg.csv"",""source_member_sha256"":""2407b62efac5c001dd189d58489c955c4a8d07dfab797d985d1d56fe2ecf9cb5"",""source_column"":56},{""source_id"":""src-de-bwl-results-report-2002"",""source_url"":""https://www.statistischebibliothek.de/mir/servlets/MCRFileNodeServlet/DEHeft_derivate_00063162/15_Wahl_DB_2002_Heft_5.pdf"",""source_record_id"":""src-de-bwl-results-report-2002:pdf-page:18:table:2:row:24"",""retrieved_at"":""2026-10-02T09:56:58.971Z"",""raw_snapshot"":{""path"":""docs/political-data/raw/germany/identity_results-report-2002/source.pdf"",""sha256"":""052f83393c0c197a26c1ee7a6a60693558fb759edb89f92ff5e95ba7fc8d1d73""},""parser_version"":""germany-production-v1"",""parser_sha256"":""2a8eb3487f392ef83303e7fb9ff246e4c111a7e64a469a6aa9eb21461ae9b1a0"",""fields_covered"":[""canonical_party_id""],""published_or_derived"":""published"",""decision_basis"":""manual review of official same-election recognition/participation and result column"",""evidence_note"":""Visually checked historical full name and Landesliste participation; printed page 18; OCR is not identity validation""}]","{""decision_file"":""docs/political-data/germany_production_acceptance.json"",""reviewer"":""germany_source_review"",""reviewed_at"":""2026-10-02"",""scope"":""same_election_only_no_continuity""}"
"src-de-bwl-final-archive","995e59d1e6aadaa37bc453bf3c82f736fc99d3cdf0fc0b976f938dcd800b82c0:btw2005_kerg.csv:340:21","SPD","germany","2005-09-18","2005-09-18","contestant","ct-de-0025",,"manual_review","confirmed_election_specific_record","requires_manual_review","false","Official result column to persisted election-specific contestant; no cross-election or legal-entity continuity decision.","[{""source_id"":""src-de-bwl-final-archive"",""source_url"":""https://www.bundeswahlleiterin.de/dam/jcr/ce2d2b6a-f211-4355-8eea-355c98cd4e47/btw_kerg.zip"",""source_record_id"":""995e59d1e6aadaa37bc453bf3c82f736fc99d3cdf0fc0b976f938dcd800b82c0:btw2005_kerg.csv:340:21"",""retrieved_at"":""2026-10-01T23:21:39.584Z"",""raw_snapshot"":{""path"":""docs/political-data/raw/germany/2026-10-01T23-21-39-584Z_02e7077f9358c9ef/final-results.zip"",""sha256"":""02e7077f9358c9ef408741ee5d17123a43c28ea766b26a7ab338c08fcaeb7512""},""parser_version"":""germany-production-v1"",""parser_sha256"":""2a8eb3487f392ef83303e7fb9ff246e4c111a7e64a469a6aa9eb21461ae9b1a0"",""fields_covered"":[""second_votes"",""registered_label_native""],""published_or_derived"":""published"",""source_member"":""btw2005_kerg.csv"",""source_member_sha256"":""995e59d1e6aadaa37bc453bf3c82f736fc99d3cdf0fc0b976f938dcd800b82c0"",""source_column"":21},{""source_id"":""src-de-bwl-results-report-2005"",""source_url"":""https://www.statistischebibliothek.de/mir/servlets/MCRFileNodeServlet/DEHeft_derivate_00016115/Heft_5.pdf"",""source_record_id"":""src-de-bwl-results-report-2005:pdf-page:19:table:2:row:1"",""retrieved_at"":""2026-10-02T09:54:30.964Z"",""raw_snapshot"":{""path"":""docs/political-data/raw/germany/identity_results-report-2005/source.pdf"",""sha256"":""50c5b8da13796d7ae4c85124edb54582b360c76b5984ab113d756eadbe45eed9""},""parser_version"":""germany-production-v1"",""parser_sha256"":""2a8eb3487f392ef83303e7fb9ff246e4c111a7e64a469a6aa9eb21461ae9b1a0"",""fields_covered"":[""canonical_party_id""],""published_or_derived"":""published"",""decision_basis"":""manual review of official same-election recognition/participation and result column"",""evidence_note"":""Visual transcription of raster party-name cell and Landesliste participation, printed page 18; not OCR/text validation""}]","{""decision_file"":""docs/political-data/germany_production_acceptance.json"",""reviewer"":""germany_source_review"",""reviewed_at"":""2026-10-02"",""scope"":""same_election_only_no_continuity""}"
"src-de-bwl-final-archive","995e59d1e6aadaa37bc453bf3c82f736fc99d3cdf0fc0b976f938dcd800b82c0:btw2005_kerg.csv:340:25","CDU","germany","2005-09-18","2005-09-18","contestant","ct-de-0026",,"manual_review","confirmed_election_specific_record","requires_manual_review","false","Official result column to persisted election-specific contestant; no cross-election or legal-entity continuity decision.","[{""source_id"":""src-de-bwl-final-archive"",""source_url"":""https://www.bundeswahlleiterin.de/dam/jcr/ce2d2b6a-f211-4355-8eea-355c98cd4e47/btw_kerg.zip"",""source_record_id"":""995e59d1e6aadaa37bc453bf3c82f736fc99d3cdf0fc0b976f938dcd800b82c0:btw2005_kerg.csv:340:25"",""retrieved_at"":""2026-10-01T23:21:39.584Z"",""raw_snapshot"":{""path"":""docs/political-data/raw/germany/2026-10-01T23-21-39-584Z_02e7077f9358c9ef/final-results.zip"",""sha256"":""02e7077f9358c9ef408741ee5d17123a43c28ea766b26a7ab338c08fcaeb7512""},""parser_version"":""germany-production-v1"",""parser_sha256"":""2a8eb3487f392ef83303e7fb9ff246e4c111a7e64a469a6aa9eb21461ae9b1a0"",""fields_covered"":[""second_votes"",""registered_label_native""],""published_or_derived"":""published"",""source_member"":""btw2005_kerg.csv"",""source_member_sha256"":""995e59d1e6aadaa37bc453bf3c82f736fc99d3cdf0fc0b976f938dcd800b82c0"",""source_column"":25},{""source_id"":""src-de-bwl-results-report-2005"",""source_url"":""https://www.statistischebibliothek.de/mir/servlets/MCRFileNodeServlet/DEHeft_derivate_00016115/Heft_5.pdf"",""source_record_id"":""src-de-bwl-results-report-2005:pdf-page:19:table:2:row:2"",""retrieved_at"":""2026-10-02T09:54:30.964Z"",""raw_snapshot"":{""path"":""docs/political-data/raw/germany/identity_results-report-2005/source.pdf"",""sha256"":""50c5b8da13796d7ae4c85124edb54582b360c76b5984ab113d756eadbe45eed9""},""parser_version"":""germany-production-v1"",""parser_sha256"":""2a8eb3487f392ef83303e7fb9ff246e4c111a7e64a469a6aa9eb21461ae9b1a0"",""fields_covered"":[""canonical_party_id""],""published_or_derived"":""published"",""decision_basis"":""manual review of official same-election recognition/participation and result column"",""evidence_note"":""Visual transcription of raster party-name cell and Landesliste participation, printed page 18; not OCR/text validation""}]","{""decision_file"":""docs/political-data/germany_production_acceptance.json"",""reviewer"":""germany_source_review"",""reviewed_at"":""2026-10-02"",""scope"":""same_election_only_no_continuity""}"
"src-de-bwl-final-archive","995e59d1e6aadaa37bc453bf3c82f736fc99d3cdf0fc0b976f938dcd800b82c0:btw2005_kerg.csv:340:29","CSU","germany","2005-09-18","2005-09-18","contestant","ct-de-0027",,"manual_review","confirmed_election_specific_record","requires_manual_review","false","Official result column to persisted election-specific contestant; no cross-election or legal-entity continuity decision.","[{""source_id"":""src-de-bwl-final-archive"",""source_url"":""https://www.bundeswahlleiterin.de/dam/jcr/ce2d2b6a-f211-4355-8eea-355c98cd4e47/btw_kerg.zip"",""source_record_id"":""995e59d1e6aadaa37bc453bf3c82f736fc99d3cdf0fc0b976f938dcd800b82c0:btw2005_kerg.csv:340:29"",""retrieved_at"":""2026-10-01T23:21:39.584Z"",""raw_snapshot"":{""path"":""docs/political-data/raw/germany/2026-10-01T23-21-39-584Z_02e7077f9358c9ef/final-results.zip"",""sha256"":""02e7077f9358c9ef408741ee5d17123a43c28ea766b26a7ab338c08fcaeb7512""},""parser_version"":""germany-production-v1"",""parser_sha256"":""2a8eb3487f392ef83303e7fb9ff246e4c111a7e64a469a6aa9eb21461ae9b1a0"",""fields_covered"":[""second_votes"",""registered_label_native""],""published_or_derived"":""published"",""source_member"":""btw2005_kerg.csv"",""source_member_sha256"":""995e59d1e6aadaa37bc453bf3c82f736fc99d3cdf0fc0b976f938dcd800b82c0"",""source_column"":29},{""source_id"":""src-de-bwl-results-report-2005"",""source_url"":""https://www.statistischebibliothek.de/mir/servlets/MCRFileNodeServlet/DEHeft_derivate_00016115/Heft_5.pdf"",""source_record_id"":""src-de-bwl-results-report-2005:pdf-page:19:table:2:row:3"",""retrieved_at"":""2026-10-02T09:54:30.964Z"",""raw_snapshot"":{""path"":""docs/political-data/raw/germany/identity_results-report-2005/source.pdf"",""sha256"":""50c5b8da13796d7ae4c85124edb54582b360c76b5984ab113d756eadbe45eed9""},""parser_version"":""germany-production-v1"",""parser_sha256"":""2a8eb3487f392ef83303e7fb9ff246e4c111a7e64a469a6aa9eb21461ae9b1a0"",""fields_covered"":[""canonical_party_id""],""published_or_derived"":""published"",""decision_basis"":""manual review of official same-election recognition/participation and result column"",""evidence_note"":""Visual transcription of raster party-name cell and Landesliste participation, printed page 18; not OCR/text validation""}]","{""decision_file"":""docs/political-data/germany_production_acceptance.json"",""reviewer"":""germany_source_review"",""reviewed_at"":""2026-10-02"",""scope"":""same_election_only_no_continuity""}"
"src-de-bwl-final-archive","995e59d1e6aadaa37bc453bf3c82f736fc99d3cdf0fc0b976f938dcd800b82c0:btw2005_kerg.csv:340:33","GRÜNE","germany","2005-09-18","2005-09-18","contestant","ct-de-0028",,"manual_review","confirmed_election_specific_record","requires_manual_review","false","Official result column to persisted election-specific contestant; no cross-election or legal-entity continuity decision.","[{""source_id"":""src-de-bwl-final-archive"",""source_url"":""https://www.bundeswahlleiterin.de/dam/jcr/ce2d2b6a-f211-4355-8eea-355c98cd4e47/btw_kerg.zip"",""source_record_id"":""995e59d1e6aadaa37bc453bf3c82f736fc99d3cdf0fc0b976f938dcd800b82c0:btw2005_kerg.csv:340:33"",""retrieved_at"":""2026-10-01T23:21:39.584Z"",""raw_snapshot"":{""path"":""docs/political-data/raw/germany/2026-10-01T23-21-39-584Z_02e7077f9358c9ef/final-results.zip"",""sha256"":""02e7077f9358c9ef408741ee5d17123a43c28ea766b26a7ab338c08fcaeb7512""},""parser_version"":""germany-production-v1"",""parser_sha256"":""2a8eb3487f392ef83303e7fb9ff246e4c111a7e64a469a6aa9eb21461ae9b1a0"",""fields_covered"":[""second_votes"",""registered_label_native""],""published_or_derived"":""published"",""source_member"":""btw2005_kerg.csv"",""source_member_sha256"":""995e59d1e6aadaa37bc453bf3c82f736fc99d3cdf0fc0b976f938dcd800b82c0"",""source_column"":33},{""source_id"":""src-de-bwl-results-report-2005"",""source_url"":""https://www.statistischebibliothek.de/mir/servlets/MCRFileNodeServlet/DEHeft_derivate_00016115/Heft_5.pdf"",""source_record_id"":""src-de-bwl-results-report-2005:pdf-page:19:table:2:row:4"",""retrieved_at"":""2026-10-02T09:54:30.964Z"",""raw_snapshot"":{""path"":""docs/political-data/raw/germany/identity_results-report-2005/source.pdf"",""sha256"":""50c5b8da13796d7ae4c85124edb54582b360c76b5984ab113d756eadbe45eed9""},""parser_version"":""germany-production-v1"",""parser_sha256"":""2a8eb3487f392ef83303e7fb9ff246e4c111a7e64a469a6aa9eb21461ae9b1a0"",""fields_covered"":[""canonical_party_id""],""published_or_derived"":""published"",""decision_basis"":""manual review of official same-election recognition/participation and result column"",""evidence_note"":""Visual transcription of raster party-name cell and Landesliste participation, printed page 18; not OCR/text validation""}]","{""decision_file"":""docs/political-data/germany_production_acceptance.json"",""reviewer"":""germany_source_review"",""reviewed_at"":""2026-10-02"",""scope"":""same_election_only_no_continuity""}"
"src-de-bwl-final-archive","995e59d1e6aadaa37bc453bf3c82f736fc99d3cdf0fc0b976f938dcd800b82c0:btw2005_kerg.csv:340:37","FDP","germany","2005-09-18","2005-09-18","contestant","ct-de-0029",,"manual_review","confirmed_election_specific_record","requires_manual_review","false","Official result column to persisted election-specific contestant; no cross-election or legal-entity continuity decision.","[{""source_id"":""src-de-bwl-final-archive"",""source_url"":""https://www.bundeswahlleiterin.de/dam/jcr/ce2d2b6a-f211-4355-8eea-355c98cd4e47/btw_kerg.zip"",""source_record_id"":""995e59d1e6aadaa37bc453bf3c82f736fc99d3cdf0fc0b976f938dcd800b82c0:btw2005_kerg.csv:340:37"",""retrieved_at"":""2026-10-01T23:21:39.584Z"",""raw_snapshot"":{""path"":""docs/political-data/raw/germany/2026-10-01T23-21-39-584Z_02e7077f9358c9ef/final-results.zip"",""sha256"":""02e7077f9358c9ef408741ee5d17123a43c28ea766b26a7ab338c08fcaeb7512""},""parser_version"":""germany-production-v1"",""parser_sha256"":""2a8eb3487f392ef83303e7fb9ff246e4c111a7e64a469a6aa9eb21461ae9b1a0"",""fields_covered"":[""second_votes"",""registered_label_native""],""published_or_derived"":""published"",""source_member"":""btw2005_kerg.csv"",""source_member_sha256"":""995e59d1e6aadaa37bc453bf3c82f736fc99d3cdf0fc0b976f938dcd800b82c0"",""source_column"":37},{""source_id"":""src-de-bwl-results-report-2005"",""source_url"":""https://www.statistischebibliothek.de/mir/servlets/MCRFileNodeServlet/DEHeft_derivate_00016115/Heft_5.pdf"",""source_record_id"":""src-de-bwl-results-report-2005:pdf-page:19:table:2:row:5"",""retrieved_at"":""2026-10-02T09:54:30.964Z"",""raw_snapshot"":{""path"":""docs/political-data/raw/germany/identity_results-report-2005/source.pdf"",""sha256"":""50c5b8da13796d7ae4c85124edb54582b360c76b5984ab113d756eadbe45eed9""},""parser_version"":""germany-production-v1"",""parser_sha256"":""2a8eb3487f392ef83303e7fb9ff246e4c111a7e64a469a6aa9eb21461ae9b1a0"",""fields_covered"":[""canonical_party_id""],""published_or_derived"":""published"",""decision_basis"":""manual review of official same-election recognition/participation and result column"",""evidence_note"":""Visual transcription of raster party-name cell and Landesliste participation, printed page 18; not OCR/text validation""}]","{""decision_file"":""docs/political-data/germany_production_acceptance.json"",""reviewer"":""germany_source_review"",""reviewed_at"":""2026-10-02"",""scope"":""same_election_only_no_continuity""}"
"src-de-bwl-final-archive","995e59d1e6aadaa37bc453bf3c82f736fc99d3cdf0fc0b976f938dcd800b82c0:btw2005_kerg.csv:340:41","Die Linke.","germany","2005-09-18","2005-09-18","contestant","ct-de-0030",,"manual_review","confirmed_election_specific_record","requires_manual_review","false","Official result column to persisted election-specific contestant; no cross-election or legal-entity continuity decision.","[{""source_id"":""src-de-bwl-final-archive"",""source_url"":""https://www.bundeswahlleiterin.de/dam/jcr/ce2d2b6a-f211-4355-8eea-355c98cd4e47/btw_kerg.zip"",""source_record_id"":""995e59d1e6aadaa37bc453bf3c82f736fc99d3cdf0fc0b976f938dcd800b82c0:btw2005_kerg.csv:340:41"",""retrieved_at"":""2026-10-01T23:21:39.584Z"",""raw_snapshot"":{""path"":""docs/political-data/raw/germany/2026-10-01T23-21-39-584Z_02e7077f9358c9ef/final-results.zip"",""sha256"":""02e7077f9358c9ef408741ee5d17123a43c28ea766b26a7ab338c08fcaeb7512""},""parser_version"":""germany-production-v1"",""parser_sha256"":""2a8eb3487f392ef83303e7fb9ff246e4c111a7e64a469a6aa9eb21461ae9b1a0"",""fields_covered"":[""second_votes"",""registered_label_native""],""published_or_derived"":""published"",""source_member"":""btw2005_kerg.csv"",""source_member_sha256"":""995e59d1e6aadaa37bc453bf3c82f736fc99d3cdf0fc0b976f938dcd800b82c0"",""source_column"":41},{""source_id"":""src-de-bwl-results-report-2005"",""source_url"":""https://www.statistischebibliothek.de/mir/servlets/MCRFileNodeServlet/DEHeft_derivate_00016115/Heft_5.pdf"",""source_record_id"":""src-de-bwl-results-report-2005:pdf-page:19:table:2:row:6"",""retrieved_at"":""2026-10-02T09:54:30.964Z"",""raw_snapshot"":{""path"":""docs/political-data/raw/germany/identity_results-report-2005/source.pdf"",""sha256"":""50c5b8da13796d7ae4c85124edb54582b360c76b5984ab113d756eadbe45eed9""},""parser_version"":""germany-production-v1"",""parser_sha256"":""2a8eb3487f392ef83303e7fb9ff246e4c111a7e64a469a6aa9eb21461ae9b1a0"",""fields_covered"":[""canonical_party_id""],""published_or_derived"":""published"",""decision_basis"":""manual review of official same-election recognition/participation and result column"",""evidence_note"":""Visual transcription of raster party-name cell and Landesliste participation, printed page 18; not OCR/text validation""}]","{""decision_file"":""docs/political-data/germany_production_acceptance.json"",""reviewer"":""germany_source_review"",""reviewed_at"":""2026-10-02"",""scope"":""same_election_only_no_continuity""}"
"src-de-bwl-final-archive","995e59d1e6aadaa37bc453bf3c82f736fc99d3cdf0fc0b976f938dcd800b82c0:btw2005_kerg.csv:340:45","Offensive D","germany","2005-09-18","2005-09-18","contestant","ct-de-0031",,"manual_review","confirmed_election_specific_record","requires_manual_review","false","Official result column to persisted election-specific contestant; no cross-election or legal-entity continuity decision.","[{""source_id"":""src-de-bwl-final-archive"",""source_url"":""https://www.bundeswahlleiterin.de/dam/jcr/ce2d2b6a-f211-4355-8eea-355c98cd4e47/btw_kerg.zip"",""source_record_id"":""995e59d1e6aadaa37bc453bf3c82f736fc99d3cdf0fc0b976f938dcd800b82c0:btw2005_kerg.csv:340:45"",""retrieved_at"":""2026-10-01T23:21:39.584Z"",""raw_snapshot"":{""path"":""docs/political-data/raw/germany/2026-10-01T23-21-39-584Z_02e7077f9358c9ef/final-results.zip"",""sha256"":""02e7077f9358c9ef408741ee5d17123a43c28ea766b26a7ab338c08fcaeb7512""},""parser_version"":""germany-production-v1"",""parser_sha256"":""2a8eb3487f392ef83303e7fb9ff246e4c111a7e64a469a6aa9eb21461ae9b1a0"",""fields_covered"":[""second_votes"",""registered_label_native""],""published_or_derived"":""published"",""source_member"":""btw2005_kerg.csv"",""source_member_sha256"":""995e59d1e6aadaa37bc453bf3c82f736fc99d3cdf0fc0b976f938dcd800b82c0"",""source_column"":45},{""source_id"":""src-de-bwl-results-report-2005"",""source_url"":""https://www.statistischebibliothek.de/mir/servlets/MCRFileNodeServlet/DEHeft_derivate_00016115/Heft_5.pdf"",""source_record_id"":""src-de-bwl-results-report-2005:pdf-page:19:table:2:row:7"",""retrieved_at"":""2026-10-02T09:54:30.964Z"",""raw_snapshot"":{""path"":""docs/political-data/raw/germany/identity_results-report-2005/source.pdf"",""sha256"":""50c5b8da13796d7ae4c85124edb54582b360c76b5984ab113d756eadbe45eed9""},""parser_version"":""germany-production-v1"",""parser_sha256"":""2a8eb3487f392ef83303e7fb9ff246e4c111a7e64a469a6aa9eb21461ae9b1a0"",""fields_covered"":[""canonical_party_id""],""published_or_derived"":""published"",""decision_basis"":""manual review of official same-election recognition/participation and result column"",""evidence_note"":""Visual transcription of raster party-name cell and Landesliste participation, printed page 18; not OCR/text validation""}]","{""decision_file"":""docs/political-data/germany_production_acceptance.json"",""reviewer"":""germany_source_review"",""reviewed_at"":""2026-10-02"",""scope"":""same_election_only_no_continuity""}"
"src-de-bwl-final-archive","995e59d1e6aadaa37bc453bf3c82f736fc99d3cdf0fc0b976f938dcd800b82c0:btw2005_kerg.csv:340:49","REP","germany","2005-09-18","2005-09-18","contestant","ct-de-0032",,"manual_review","confirmed_election_specific_record","requires_manual_review","false","Official result column to persisted election-specific contestant; no cross-election or legal-entity continuity decision.","[{""source_id"":""src-de-bwl-final-archive"",""source_url"":""https://www.bundeswahlleiterin.de/dam/jcr/ce2d2b6a-f211-4355-8eea-355c98cd4e47/btw_kerg.zip"",""source_record_id"":""995e59d1e6aadaa37bc453bf3c82f736fc99d3cdf0fc0b976f938dcd800b82c0:btw2005_kerg.csv:340:49"",""retrieved_at"":""2026-10-01T23:21:39.584Z"",""raw_snapshot"":{""path"":""docs/political-data/raw/germany/2026-10-01T23-21-39-584Z_02e7077f9358c9ef/final-results.zip"",""sha256"":""02e7077f9358c9ef408741ee5d17123a43c28ea766b26a7ab338c08fcaeb7512""},""parser_version"":""germany-production-v1"",""parser_sha256"":""2a8eb3487f392ef83303e7fb9ff246e4c111a7e64a469a6aa9eb21461ae9b1a0"",""fields_covered"":[""second_votes"",""registered_label_native""],""published_or_derived"":""published"",""source_member"":""btw2005_kerg.csv"",""source_member_sha256"":""995e59d1e6aadaa37bc453bf3c82f736fc99d3cdf0fc0b976f938dcd800b82c0"",""source_column"":49},{""source_id"":""src-de-bwl-results-report-2005"",""source_url"":""https://www.statistischebibliothek.de/mir/servlets/MCRFileNodeServlet/DEHeft_derivate_00016115/Heft_5.pdf"",""source_record_id"":""src-de-bwl-results-report-2005:pdf-page:19:table:2:row:8"",""retrieved_at"":""2026-10-02T09:54:30.964Z"",""raw_snapshot"":{""path"":""docs/political-data/raw/germany/identity_results-report-2005/source.pdf"",""sha256"":""50c5b8da13796d7ae4c85124edb54582b360c76b5984ab113d756eadbe45eed9""},""parser_version"":""germany-production-v1"",""parser_sha256"":""2a8eb3487f392ef83303e7fb9ff246e4c111a7e64a469a6aa9eb21461ae9b1a0"",""fields_covered"":[""canonical_party_id""],""published_or_derived"":""published"",""decision_basis"":""manual review of official same-election recognition/participation and result column"",""evidence_note"":""Visual transcription of raster party-name cell and Landesliste participation, printed page 18; not OCR/text validation""}]","{""decision_file"":""docs/political-data/germany_production_acceptance.json"",""reviewer"":""germany_source_review"",""reviewed_at"":""2026-10-02"",""scope"":""same_election_only_no_continuity""}"
"src-de-bwl-final-archive","995e59d1e6aadaa37bc453bf3c82f736fc99d3cdf0fc0b976f938dcd800b82c0:btw2005_kerg.csv:340:53","NPD","germany","2005-09-18","2005-09-18","contestant","ct-de-0033",,"manual_review","confirmed_election_specific_record","requires_manual_review","false","Official result column to persisted election-specific contestant; no cross-election or legal-entity continuity decision.","[{""source_id"":""src-de-bwl-final-archive"",""source_url"":""https://www.bundeswahlleiterin.de/dam/jcr/ce2d2b6a-f211-4355-8eea-355c98cd4e47/btw_kerg.zip"",""source_record_id"":""995e59d1e6aadaa37bc453bf3c82f736fc99d3cdf0fc0b976f938dcd800b82c0:btw2005_kerg.csv:340:53"",""retrieved_at"":""2026-10-01T23:21:39.584Z"",""raw_snapshot"":{""path"":""docs/political-data/raw/germany/2026-10-01T23-21-39-584Z_02e7077f9358c9ef/final-results.zip"",""sha256"":""02e7077f9358c9ef408741ee5d17123a43c28ea766b26a7ab338c08fcaeb7512""},""parser_version"":""germany-production-v1"",""parser_sha256"":""2a8eb3487f392ef83303e7fb9ff246e4c111a7e64a469a6aa9eb21461ae9b1a0"",""fields_covered"":[""second_votes"",""registered_label_native""],""published_or_derived"":""published"",""source_member"":""btw2005_kerg.csv"",""source_member_sha256"":""995e59d1e6aadaa37bc453bf3c82f736fc99d3cdf0fc0b976f938dcd800b82c0"",""source_column"":53},{""source_id"":""src-de-bwl-results-report-2005"",""source_url"":""https://www.statistischebibliothek.de/mir/servlets/MCRFileNodeServlet/DEHeft_derivate_00016115/Heft_5.pdf"",""source_record_id"":""src-de-bwl-results-report-2005:pdf-page:19:table:2:row:9"",""retrieved_at"":""2026-10-02T09:54:30.964Z"",""raw_snapshot"":{""path"":""docs/political-data/raw/germany/identity_results-report-2005/source.pdf"",""sha256"":""50c5b8da13796d7ae4c85124edb54582b360c76b5984ab113d756eadbe45eed9""},""parser_version"":""germany-production-v1"",""parser_sha256"":""2a8eb3487f392ef83303e7fb9ff246e4c111a7e64a469a6aa9eb21461ae9b1a0"",""fields_covered"":[""canonical_party_id""],""published_or_derived"":""published"",""decision_basis"":""manual review of official same-election recognition/participation and result column"",""evidence_note"":""Visual transcription of raster party-name cell and Landesliste participation, printed page 18; not OCR/text validation""}]","{""decision_file"":""docs/political-data/germany_production_acceptance.json"",""reviewer"":""germany_source_review"",""reviewed_at"":""2026-10-02"",""scope"":""same_election_only_no_continuity""}"
"src-de-bwl-final-archive","995e59d1e6aadaa37bc453bf3c82f736fc99d3cdf0fc0b976f938dcd800b82c0:btw2005_kerg.csv:340:57","Die Tierschutzpartei","germany","2005-09-18","2005-09-18","contestant","ct-de-0034",,"manual_review","confirmed_election_specific_record","requires_manual_review","false","Official result column to persisted election-specific contestant; no cross-election or legal-entity continuity decision.","[{""source_id"":""src-de-bwl-final-archive"",""source_url"":""https://www.bundeswahlleiterin.de/dam/jcr/ce2d2b6a-f211-4355-8eea-355c98cd4e47/btw_kerg.zip"",""source_record_id"":""995e59d1e6aadaa37bc453bf3c82f736fc99d3cdf0fc0b976f938dcd800b82c0:btw2005_kerg.csv:340:57"",""retrieved_at"":""2026-10-01T23:21:39.584Z"",""raw_snapshot"":{""path"":""docs/political-data/raw/germany/2026-10-01T23-21-39-584Z_02e7077f9358c9ef/final-results.zip"",""sha256"":""02e7077f9358c9ef408741ee5d17123a43c28ea766b26a7ab338c08fcaeb7512""},""parser_version"":""germany-production-v1"",""parser_sha256"":""2a8eb3487f392ef83303e7fb9ff246e4c111a7e64a469a6aa9eb21461ae9b1a0"",""fields_covered"":[""second_votes"",""registered_label_native""],""published_or_derived"":""published"",""source_member"":""btw2005_kerg.csv"",""source_member_sha256"":""995e59d1e6aadaa37bc453bf3c82f736fc99d3cdf0fc0b976f938dcd800b82c0"",""source_column"":57},{""source_id"":""src-de-bwl-results-report-2005"",""source_url"":""https://www.statistischebibliothek.de/mir/servlets/MCRFileNodeServlet/DEHeft_derivate_00016115/Heft_5.pdf"",""source_record_id"":""src-de-bwl-results-report-2005:pdf-page:19:table:2:row:10"",""retrieved_at"":""2026-10-02T09:54:30.964Z"",""raw_snapshot"":{""path"":""docs/political-data/raw/germany/identity_results-report-2005/source.pdf"",""sha256"":""50c5b8da13796d7ae4c85124edb54582b360c76b5984ab113d756eadbe45eed9""},""parser_version"":""germany-production-v1"",""parser_sha256"":""2a8eb3487f392ef83303e7fb9ff246e4c111a7e64a469a6aa9eb21461ae9b1a0"",""fields_covered"":[""canonical_party_id""],""published_or_derived"":""published"",""decision_basis"":""manual review of official same-election recognition/participation and result column"",""evidence_note"":""Visual transcription of raster party-name cell and Landesliste participation, printed page 18; not OCR/text validation""}]","{""decision_file"":""docs/political-data/germany_production_acceptance.json"",""reviewer"":""germany_source_review"",""reviewed_at"":""2026-10-02"",""scope"":""same_election_only_no_continuity""}"
"src-de-bwl-final-archive","995e59d1e6aadaa37bc453bf3c82f736fc99d3cdf0fc0b976f938dcd800b82c0:btw2005_kerg.csv:340:61","GRAUE","germany","2005-09-18","2005-09-18","contestant","ct-de-0035",,"manual_review","confirmed_election_specific_record","requires_manual_review","false","Official result column to persisted election-specific contestant; no cross-election or legal-entity continuity decision.","[{""source_id"":""src-de-bwl-final-archive"",""source_url"":""https://www.bundeswahlleiterin.de/dam/jcr/ce2d2b6a-f211-4355-8eea-355c98cd4e47/btw_kerg.zip"",""source_record_id"":""995e59d1e6aadaa37bc453bf3c82f736fc99d3cdf0fc0b976f938dcd800b82c0:btw2005_kerg.csv:340:61"",""retrieved_at"":""2026-10-01T23:21:39.584Z"",""raw_snapshot"":{""path"":""docs/political-data/raw/germany/2026-10-01T23-21-39-584Z_02e7077f9358c9ef/final-results.zip"",""sha256"":""02e7077f9358c9ef408741ee5d17123a43c28ea766b26a7ab338c08fcaeb7512""},""parser_version"":""germany-production-v1"",""parser_sha256"":""2a8eb3487f392ef83303e7fb9ff246e4c111a7e64a469a6aa9eb21461ae9b1a0"",""fields_covered"":[""second_votes"",""registered_label_native""],""published_or_derived"":""published"",""source_member"":""btw2005_kerg.csv"",""source_member_sha256"":""995e59d1e6aadaa37bc453bf3c82f736fc99d3cdf0fc0b976f938dcd800b82c0"",""source_column"":61},{""source_id"":""src-de-bwl-results-report-2005"",""source_url"":""https://www.statistischebibliothek.de/mir/servlets/MCRFileNodeServlet/DEHeft_derivate_00016115/Heft_5.pdf"",""source_record_id"":""src-de-bwl-results-report-2005:pdf-page:19:table:2:row:11"",""retrieved_at"":""2026-10-02T09:54:30.964Z"",""raw_snapshot"":{""path"":""docs/political-data/raw/germany/identity_results-report-2005/source.pdf"",""sha256"":""50c5b8da13796d7ae4c85124edb54582b360c76b5984ab113d756eadbe45eed9""},""parser_version"":""germany-production-v1"",""parser_sha256"":""2a8eb3487f392ef83303e7fb9ff246e4c111a7e64a469a6aa9eb21461ae9b1a0"",""fields_covered"":[""canonical_party_id""],""published_or_derived"":""published"",""decision_basis"":""manual review of official same-election recognition/participation and result column"",""evidence_note"":""Visual transcription of raster party-name cell and Landesliste participation, printed page 18; not OCR/text validation""}]","{""decision_file"":""docs/political-data/germany_production_acceptance.json"",""reviewer"":""germany_source_review"",""reviewed_at"":""2026-10-02"",""scope"":""same_election_only_no_continuity""}"
"src-de-bwl-final-archive","995e59d1e6aadaa37bc453bf3c82f736fc99d3cdf0fc0b976f938dcd800b82c0:btw2005_kerg.csv:340:65","PBC","germany","2005-09-18","2005-09-18","contestant","ct-de-0036",,"manual_review","confirmed_election_specific_record","requires_manual_review","false","Official result column to persisted election-specific contestant; no cross-election or legal-entity continuity decision.","[{""source_id"":""src-de-bwl-final-archive"",""source_url"":""https://www.bundeswahlleiterin.de/dam/jcr/ce2d2b6a-f211-4355-8eea-355c98cd4e47/btw_kerg.zip"",""source_record_id"":""995e59d1e6aadaa37bc453bf3c82f736fc99d3cdf0fc0b976f938dcd800b82c0:btw2005_kerg.csv:340:65"",""retrieved_at"":""2026-10-01T23:21:39.584Z"",""raw_snapshot"":{""path"":""docs/political-data/raw/germany/2026-10-01T23-21-39-584Z_02e7077f9358c9ef/final-results.zip"",""sha256"":""02e7077f9358c9ef408741ee5d17123a43c28ea766b26a7ab338c08fcaeb7512""},""parser_version"":""germany-production-v1"",""parser_sha256"":""2a8eb3487f392ef83303e7fb9ff246e4c111a7e64a469a6aa9eb21461ae9b1a0"",""fields_covered"":[""second_votes"",""registered_label_native""],""published_or_derived"":""published"",""source_member"":""btw2005_kerg.csv"",""source_member_sha256"":""995e59d1e6aadaa37bc453bf3c82f736fc99d3cdf0fc0b976f938dcd800b82c0"",""source_column"":65},{""source_id"":""src-de-bwl-results-report-2005"",""source_url"":""https://www.statistischebibliothek.de/mir/servlets/MCRFileNodeServlet/DEHeft_derivate_00016115/Heft_5.pdf"",""source_record_id"":""src-de-bwl-results-report-2005:pdf-page:19:table:2:row:12"",""retrieved_at"":""2026-10-02T09:54:30.964Z"",""raw_snapshot"":{""path"":""docs/political-data/raw/germany/identity_results-report-2005/source.pdf"",""sha256"":""50c5b8da13796d7ae4c85124edb54582b360c76b5984ab113d756eadbe45eed9""},""parser_version"":""germany-production-v1"",""parser_sha256"":""2a8eb3487f392ef83303e7fb9ff246e4c111a7e64a469a6aa9eb21461ae9b1a0"",""fields_covered"":[""canonical_party_id""],""published_or_derived"":""published"",""decision_basis"":""manual review of official same-election recognition/participation and result column"",""evidence_note"":""Visual transcription of raster party-name cell and Landesliste participation, printed page 18; not OCR/text validation""}]","{""decision_file"":""docs/political-data/germany_production_acceptance.json"",""reviewer"":""germany_source_review"",""reviewed_at"":""2026-10-02"",""scope"":""same_election_only_no_continuity""}"
"src-de-bwl-final-archive","995e59d1e6aadaa37bc453bf3c82f736fc99d3cdf0fc0b976f938dcd800b82c0:btw2005_kerg.csv:340:69","DIE FRAUEN","germany","2005-09-18","2005-09-18","contestant","ct-de-0037",,"manual_review","confirmed_election_specific_record","requires_manual_review","false","Official result column to persisted election-specific contestant; no cross-election or legal-entity continuity decision.","[{""source_id"":""src-de-bwl-final-archive"",""source_url"":""https://www.bundeswahlleiterin.de/dam/jcr/ce2d2b6a-f211-4355-8eea-355c98cd4e47/btw_kerg.zip"",""source_record_id"":""995e59d1e6aadaa37bc453bf3c82f736fc99d3cdf0fc0b976f938dcd800b82c0:btw2005_kerg.csv:340:69"",""retrieved_at"":""2026-10-01T23:21:39.584Z"",""raw_snapshot"":{""path"":""docs/political-data/raw/germany/2026-10-01T23-21-39-584Z_02e7077f9358c9ef/final-results.zip"",""sha256"":""02e7077f9358c9ef408741ee5d17123a43c28ea766b26a7ab338c08fcaeb7512""},""parser_version"":""germany-production-v1"",""parser_sha256"":""2a8eb3487f392ef83303e7fb9ff246e4c111a7e64a469a6aa9eb21461ae9b1a0"",""fields_covered"":[""second_votes"",""registered_label_native""],""published_or_derived"":""published"",""source_member"":""btw2005_kerg.csv"",""source_member_sha256"":""995e59d1e6aadaa37bc453bf3c82f736fc99d3cdf0fc0b976f938dcd800b82c0"",""source_column"":69},{""source_id"":""src-de-bwl-results-report-2005"",""source_url"":""https://www.statistischebibliothek.de/mir/servlets/MCRFileNodeServlet/DEHeft_derivate_00016115/Heft_5.pdf"",""source_record_id"":""src-de-bwl-results-report-2005:pdf-page:19:table:2:row:13"",""retrieved_at"":""2026-10-02T09:54:30.964Z"",""raw_snapshot"":{""path"":""docs/political-data/raw/germany/identity_results-report-2005/source.pdf"",""sha256"":""50c5b8da13796d7ae4c85124edb54582b360c76b5984ab113d756eadbe45eed9""},""parser_version"":""germany-production-v1"",""parser_sha256"":""2a8eb3487f392ef83303e7fb9ff246e4c111a7e64a469a6aa9eb21461ae9b1a0"",""fields_covered"":[""canonical_party_id""],""published_or_derived"":""published"",""decision_basis"":""manual review of official same-election recognition/participation and result column"",""evidence_note"":""Visual transcription of raster party-name cell and Landesliste participation, printed page 18; not OCR/text validation""}]","{""decision_file"":""docs/political-data/germany_production_acceptance.json"",""reviewer"":""germany_source_review"",""reviewed_at"":""2026-10-02"",""scope"":""same_election_only_no_continuity""}"
"src-de-bwl-final-archive","995e59d1e6aadaa37bc453bf3c82f736fc99d3cdf0fc0b976f938dcd800b82c0:btw2005_kerg.csv:340:73","FAMILIE","germany","2005-09-18","2005-09-18","contestant","ct-de-0038",,"manual_review","confirmed_election_specific_record","requires_manual_review","false","Official result column to persisted election-specific contestant; no cross-election or legal-entity continuity decision.","[{""source_id"":""src-de-bwl-final-archive"",""source_url"":""https://www.bundeswahlleiterin.de/dam/jcr/ce2d2b6a-f211-4355-8eea-355c98cd4e47/btw_kerg.zip"",""source_record_id"":""995e59d1e6aadaa37bc453bf3c82f736fc99d3cdf0fc0b976f938dcd800b82c0:btw2005_kerg.csv:340:73"",""retrieved_at"":""2026-10-01T23:21:39.584Z"",""raw_snapshot"":{""path"":""docs/political-data/raw/germany/2026-10-01T23-21-39-584Z_02e7077f9358c9ef/final-results.zip"",""sha256"":""02e7077f9358c9ef408741ee5d17123a43c28ea766b26a7ab338c08fcaeb7512""},""parser_version"":""germany-production-v1"",""parser_sha256"":""2a8eb3487f392ef83303e7fb9ff246e4c111a7e64a469a6aa9eb21461ae9b1a0"",""fields_covered"":[""second_votes"",""registered_label_native""],""published_or_derived"":""published"",""source_member"":""btw2005_kerg.csv"",""source_member_sha256"":""995e59d1e6aadaa37bc453bf3c82f736fc99d3cdf0fc0b976f938dcd800b82c0"",""source_column"":73},{""source_id"":""src-de-bwl-results-report-2005"",""source_url"":""https://www.statistischebibliothek.de/mir/servlets/MCRFileNodeServlet/DEHeft_derivate_00016115/Heft_5.pdf"",""source_record_id"":""src-de-bwl-results-report-2005:pdf-page:19:table:2:row:14"",""retrieved_at"":""2026-10-02T09:54:30.964Z"",""raw_snapshot"":{""path"":""docs/political-data/raw/germany/identity_results-report-2005/source.pdf"",""sha256"":""50c5b8da13796d7ae4c85124edb54582b360c76b5984ab113d756eadbe45eed9""},""parser_version"":""germany-production-v1"",""parser_sha256"":""2a8eb3487f392ef83303e7fb9ff246e4c111a7e64a469a6aa9eb21461ae9b1a0"",""fields_covered"":[""canonical_party_id""],""published_or_derived"":""published"",""decision_basis"":""manual review of official same-election recognition/participation and result column"",""evidence_note"":""Visual transcription of raster party-name cell and Landesliste participation, printed page 18; not OCR/text validation""}]","{""decision_file"":""docs/political-data/germany_production_acceptance.json"",""reviewer"":""germany_source_review"",""reviewed_at"":""2026-10-02"",""scope"":""same_election_only_no_continuity""}"
"src-de-bwl-final-archive","995e59d1e6aadaa37bc453bf3c82f736fc99d3cdf0fc0b976f938dcd800b82c0:btw2005_kerg.csv:340:77","BüSo","germany","2005-09-18","2005-09-18","contestant","ct-de-0039",,"manual_review","confirmed_election_specific_record","requires_manual_review","false","Official result column to persisted election-specific contestant; no cross-election or legal-entity continuity decision.","[{""source_id"":""src-de-bwl-final-archive"",""source_url"":""https://www.bundeswahlleiterin.de/dam/jcr/ce2d2b6a-f211-4355-8eea-355c98cd4e47/btw_kerg.zip"",""source_record_id"":""995e59d1e6aadaa37bc453bf3c82f736fc99d3cdf0fc0b976f938dcd800b82c0:btw2005_kerg.csv:340:77"",""retrieved_at"":""2026-10-01T23:21:39.584Z"",""raw_snapshot"":{""path"":""docs/political-data/raw/germany/2026-10-01T23-21-39-584Z_02e7077f9358c9ef/final-results.zip"",""sha256"":""02e7077f9358c9ef408741ee5d17123a43c28ea766b26a7ab338c08fcaeb7512""},""parser_version"":""germany-production-v1"",""parser_sha256"":""2a8eb3487f392ef83303e7fb9ff246e4c111a7e64a469a6aa9eb21461ae9b1a0"",""fields_covered"":[""second_votes"",""registered_label_native""],""published_or_derived"":""published"",""source_member"":""btw2005_kerg.csv"",""source_member_sha256"":""995e59d1e6aadaa37bc453bf3c82f736fc99d3cdf0fc0b976f938dcd800b82c0"",""source_column"":77},{""source_id"":""src-de-bwl-results-report-2005"",""source_url"":""https://www.statistischebibliothek.de/mir/servlets/MCRFileNodeServlet/DEHeft_derivate_00016115/Heft_5.pdf"",""source_record_id"":""src-de-bwl-results-report-2005:pdf-page:19:table:2:row:15"",""retrieved_at"":""2026-10-02T09:54:30.964Z"",""raw_snapshot"":{""path"":""docs/political-data/raw/germany/identity_results-report-2005/source.pdf"",""sha256"":""50c5b8da13796d7ae4c85124edb54582b360c76b5984ab113d756eadbe45eed9""},""parser_version"":""germany-production-v1"",""parser_sha256"":""2a8eb3487f392ef83303e7fb9ff246e4c111a7e64a469a6aa9eb21461ae9b1a0"",""fields_covered"":[""canonical_party_id""],""published_or_derived"":""published"",""decision_basis"":""manual review of official same-election recognition/participation and result column"",""evidence_note"":""Visual transcription of raster party-name cell and Landesliste participation, printed page 18; not OCR/text validation""}]","{""decision_file"":""docs/political-data/germany_production_acceptance.json"",""reviewer"":""germany_source_review"",""reviewed_at"":""2026-10-02"",""scope"":""same_election_only_no_continuity""}"
"src-de-bwl-final-archive","995e59d1e6aadaa37bc453bf3c82f736fc99d3cdf0fc0b976f938dcd800b82c0:btw2005_kerg.csv:340:81","BP","germany","2005-09-18","2005-09-18","contestant","ct-de-0040",,"manual_review","confirmed_election_specific_record","requires_manual_review","false","Official result column to persisted election-specific contestant; no cross-election or legal-entity continuity decision.","[{""source_id"":""src-de-bwl-final-archive"",""source_url"":""https://www.bundeswahlleiterin.de/dam/jcr/ce2d2b6a-f211-4355-8eea-355c98cd4e47/btw_kerg.zip"",""source_record_id"":""995e59d1e6aadaa37bc453bf3c82f736fc99d3cdf0fc0b976f938dcd800b82c0:btw2005_kerg.csv:340:81"",""retrieved_at"":""2026-10-01T23:21:39.584Z"",""raw_snapshot"":{""path"":""docs/political-data/raw/germany/2026-10-01T23-21-39-584Z_02e7077f9358c9ef/final-results.zip"",""sha256"":""02e7077f9358c9ef408741ee5d17123a43c28ea766b26a7ab338c08fcaeb7512""},""parser_version"":""germany-production-v1"",""parser_sha256"":""2a8eb3487f392ef83303e7fb9ff246e4c111a7e64a469a6aa9eb21461ae9b1a0"",""fields_covered"":[""second_votes"",""registered_label_native""],""published_or_derived"":""published"",""source_member"":""btw2005_kerg.csv"",""source_member_sha256"":""995e59d1e6aadaa37bc453bf3c82f736fc99d3cdf0fc0b976f938dcd800b82c0"",""source_column"":81},{""source_id"":""src-de-bwl-results-report-2005"",""source_url"":""https://www.statistischebibliothek.de/mir/servlets/MCRFileNodeServlet/DEHeft_derivate_00016115/Heft_5.pdf"",""source_record_id"":""src-de-bwl-results-report-2005:pdf-page:19:table:2:row:16"",""retrieved_at"":""2026-10-02T09:54:30.964Z"",""raw_snapshot"":{""path"":""docs/political-data/raw/germany/identity_results-report-2005/source.pdf"",""sha256"":""50c5b8da13796d7ae4c85124edb54582b360c76b5984ab113d756eadbe45eed9""},""parser_version"":""germany-production-v1"",""parser_sha256"":""2a8eb3487f392ef83303e7fb9ff246e4c111a7e64a469a6aa9eb21461ae9b1a0"",""fields_covered"":[""canonical_party_id""],""published_or_derived"":""published"",""decision_basis"":""manual review of official same-election recognition/participation and result column"",""evidence_note"":""Visual transcription of raster party-name cell and Landesliste participation, printed page 18; not OCR/text validation""}]","{""decision_file"":""docs/political-data/germany_production_acceptance.json"",""reviewer"":""germany_source_review"",""reviewed_at"":""2026-10-02"",""scope"":""same_election_only_no_continuity""}"
"src-de-bwl-final-archive","995e59d1e6aadaa37bc453bf3c82f736fc99d3cdf0fc0b976f938dcd800b82c0:btw2005_kerg.csv:340:85","ZENTRUM","germany","2005-09-18","2005-09-18","contestant","ct-de-0041",,"manual_review","confirmed_election_specific_record","requires_manual_review","false","Official result column to persisted election-specific contestant; no cross-election or legal-entity continuity decision.","[{""source_id"":""src-de-bwl-final-archive"",""source_url"":""https://www.bundeswahlleiterin.de/dam/jcr/ce2d2b6a-f211-4355-8eea-355c98cd4e47/btw_kerg.zip"",""source_record_id"":""995e59d1e6aadaa37bc453bf3c82f736fc99d3cdf0fc0b976f938dcd800b82c0:btw2005_kerg.csv:340:85"",""retrieved_at"":""2026-10-01T23:21:39.584Z"",""raw_snapshot"":{""path"":""docs/political-data/raw/germany/2026-10-01T23-21-39-584Z_02e7077f9358c9ef/final-results.zip"",""sha256"":""02e7077f9358c9ef408741ee5d17123a43c28ea766b26a7ab338c08fcaeb7512""},""parser_version"":""germany-production-v1"",""parser_sha256"":""2a8eb3487f392ef83303e7fb9ff246e4c111a7e64a469a6aa9eb21461ae9b1a0"",""fields_covered"":[""second_votes"",""registered_label_native""],""published_or_derived"":""published"",""source_member"":""btw2005_kerg.csv"",""source_member_sha256"":""995e59d1e6aadaa37bc453bf3c82f736fc99d3cdf0fc0b976f938dcd800b82c0"",""source_column"":85},{""source_id"":""src-de-bwl-results-report-2005"",""source_url"":""https://www.statistischebibliothek.de/mir/servlets/MCRFileNodeServlet/DEHeft_derivate_00016115/Heft_5.pdf"",""source_record_id"":""src-de-bwl-results-report-2005:pdf-page:19:table:2:row:17"",""retrieved_at"":""2026-10-02T09:54:30.964Z"",""raw_snapshot"":{""path"":""docs/political-data/raw/germany/identity_results-report-2005/source.pdf"",""sha256"":""50c5b8da13796d7ae4c85124edb54582b360c76b5984ab113d756eadbe45eed9""},""parser_version"":""germany-production-v1"",""parser_sha256"":""2a8eb3487f392ef83303e7fb9ff246e4c111a7e64a469a6aa9eb21461ae9b1a0"",""fields_covered"":[""canonical_party_id""],""published_or_derived"":""published"",""decision_basis"":""manual review of official same-election recognition/participation and result column"",""evidence_note"":""Visual transcription of raster party-name cell and Landesliste participation, printed page 18; not OCR/text validation""}]","{""decision_file"":""docs/political-data/germany_production_acceptance.json"",""reviewer"":""germany_source_review"",""reviewed_at"":""2026-10-02"",""scope"":""same_election_only_no_continuity""}"
"src-de-bwl-final-archive","995e59d1e6aadaa37bc453bf3c82f736fc99d3cdf0fc0b976f938dcd800b82c0:btw2005_kerg.csv:340:89","Deutschland","germany","2005-09-18","2005-09-18","contestant","ct-de-0042",,"manual_review","confirmed_election_specific_record","requires_manual_review","false","Official result column to persisted election-specific contestant; no cross-election or legal-entity continuity decision.","[{""source_id"":""src-de-bwl-final-archive"",""source_url"":""https://www.bundeswahlleiterin.de/dam/jcr/ce2d2b6a-f211-4355-8eea-355c98cd4e47/btw_kerg.zip"",""source_record_id"":""995e59d1e6aadaa37bc453bf3c82f736fc99d3cdf0fc0b976f938dcd800b82c0:btw2005_kerg.csv:340:89"",""retrieved_at"":""2026-10-01T23:21:39.584Z"",""raw_snapshot"":{""path"":""docs/political-data/raw/germany/2026-10-01T23-21-39-584Z_02e7077f9358c9ef/final-results.zip"",""sha256"":""02e7077f9358c9ef408741ee5d17123a43c28ea766b26a7ab338c08fcaeb7512""},""parser_version"":""germany-production-v1"",""parser_sha256"":""2a8eb3487f392ef83303e7fb9ff246e4c111a7e64a469a6aa9eb21461ae9b1a0"",""fields_covered"":[""second_votes"",""registered_label_native""],""published_or_derived"":""published"",""source_member"":""btw2005_kerg.csv"",""source_member_sha256"":""995e59d1e6aadaa37bc453bf3c82f736fc99d3cdf0fc0b976f938dcd800b82c0"",""source_column"":89},{""source_id"":""src-de-bwl-results-report-2005"",""source_url"":""https://www.statistischebibliothek.de/mir/servlets/MCRFileNodeServlet/DEHeft_derivate_00016115/Heft_5.pdf"",""source_record_id"":""src-de-bwl-results-report-2005:pdf-page:19:table:2:row:18"",""retrieved_at"":""2026-10-02T09:54:30.964Z"",""raw_snapshot"":{""path"":""docs/political-data/raw/germany/identity_results-report-2005/source.pdf"",""sha256"":""50c5b8da13796d7ae4c85124edb54582b360c76b5984ab113d756eadbe45eed9""},""parser_version"":""germany-production-v1"",""parser_sha256"":""2a8eb3487f392ef83303e7fb9ff246e4c111a7e64a469a6aa9eb21461ae9b1a0"",""fields_covered"":[""canonical_party_id""],""published_or_derived"":""published"",""decision_basis"":""manual review of official same-election recognition/participation and result column"",""evidence_note"":""Visual transcription of raster party-name cell and Landesliste participation, printed page 18; not OCR/text validation""}]","{""decision_file"":""docs/political-data/germany_production_acceptance.json"",""reviewer"":""germany_source_review"",""reviewed_at"":""2026-10-02"",""scope"":""same_election_only_no_continuity""}"
"src-de-bwl-final-archive","995e59d1e6aadaa37bc453bf3c82f736fc99d3cdf0fc0b976f938dcd800b82c0:btw2005_kerg.csv:340:93","AGFG","germany","2005-09-18","2005-09-18","contestant","ct-de-0043",,"manual_review","confirmed_election_specific_record","requires_manual_review","false","Official result column to persisted election-specific contestant; no cross-election or legal-entity continuity decision.","[{""source_id"":""src-de-bwl-final-archive"",""source_url"":""https://www.bundeswahlleiterin.de/dam/jcr/ce2d2b6a-f211-4355-8eea-355c98cd4e47/btw_kerg.zip"",""source_record_id"":""995e59d1e6aadaa37bc453bf3c82f736fc99d3cdf0fc0b976f938dcd800b82c0:btw2005_kerg.csv:340:93"",""retrieved_at"":""2026-10-01T23:21:39.584Z"",""raw_snapshot"":{""path"":""docs/political-data/raw/germany/2026-10-01T23-21-39-584Z_02e7077f9358c9ef/final-results.zip"",""sha256"":""02e7077f9358c9ef408741ee5d17123a43c28ea766b26a7ab338c08fcaeb7512""},""parser_version"":""germany-production-v1"",""parser_sha256"":""2a8eb3487f392ef83303e7fb9ff246e4c111a7e64a469a6aa9eb21461ae9b1a0"",""fields_covered"":[""second_votes"",""registered_label_native""],""published_or_derived"":""published"",""source_member"":""btw2005_kerg.csv"",""source_member_sha256"":""995e59d1e6aadaa37bc453bf3c82f736fc99d3cdf0fc0b976f938dcd800b82c0"",""source_column"":93},{""source_id"":""src-de-bwl-results-report-2005"",""source_url"":""https://www.statistischebibliothek.de/mir/servlets/MCRFileNodeServlet/DEHeft_derivate_00016115/Heft_5.pdf"",""source_record_id"":""src-de-bwl-results-report-2005:pdf-page:19:table:2:row:19"",""retrieved_at"":""2026-10-02T09:54:30.964Z"",""raw_snapshot"":{""path"":""docs/political-data/raw/germany/identity_results-report-2005/source.pdf"",""sha256"":""50c5b8da13796d7ae4c85124edb54582b360c76b5984ab113d756eadbe45eed9""},""parser_version"":""germany-production-v1"",""parser_sha256"":""2a8eb3487f392ef83303e7fb9ff246e4c111a7e64a469a6aa9eb21461ae9b1a0"",""fields_covered"":[""canonical_party_id""],""published_or_derived"":""published"",""decision_basis"":""manual review of official same-election recognition/participation and result column"",""evidence_note"":""Visual transcription of raster party-name cell and Landesliste participation, printed page 18; not OCR/text validation""}]","{""decision_file"":""docs/political-data/germany_production_acceptance.json"",""reviewer"":""germany_source_review"",""reviewed_at"":""2026-10-02"",""scope"":""same_election_only_no_continuity""}"
"src-de-bwl-final-archive","995e59d1e6aadaa37bc453bf3c82f736fc99d3cdf0fc0b976f938dcd800b82c0:btw2005_kerg.csv:340:97","APPD","germany","2005-09-18","2005-09-18","contestant","ct-de-0044",,"manual_review","confirmed_election_specific_record","requires_manual_review","false","Official result column to persisted election-specific contestant; no cross-election or legal-entity continuity decision.","[{""source_id"":""src-de-bwl-final-archive"",""source_url"":""https://www.bundeswahlleiterin.de/dam/jcr/ce2d2b6a-f211-4355-8eea-355c98cd4e47/btw_kerg.zip"",""source_record_id"":""995e59d1e6aadaa37bc453bf3c82f736fc99d3cdf0fc0b976f938dcd800b82c0:btw2005_kerg.csv:340:97"",""retrieved_at"":""2026-10-01T23:21:39.584Z"",""raw_snapshot"":{""path"":""docs/political-data/raw/germany/2026-10-01T23-21-39-584Z_02e7077f9358c9ef/final-results.zip"",""sha256"":""02e7077f9358c9ef408741ee5d17123a43c28ea766b26a7ab338c08fcaeb7512""},""parser_version"":""germany-production-v1"",""parser_sha256"":""2a8eb3487f392ef83303e7fb9ff246e4c111a7e64a469a6aa9eb21461ae9b1a0"",""fields_covered"":[""second_votes"",""registered_label_native""],""published_or_derived"":""published"",""source_member"":""btw2005_kerg.csv"",""source_member_sha256"":""995e59d1e6aadaa37bc453bf3c82f736fc99d3cdf0fc0b976f938dcd800b82c0"",""source_column"":97},{""source_id"":""src-de-bwl-results-report-2005"",""source_url"":""https://www.statistischebibliothek.de/mir/servlets/MCRFileNodeServlet/DEHeft_derivate_00016115/Heft_5.pdf"",""source_record_id"":""src-de-bwl-results-report-2005:pdf-page:19:table:2:row:20"",""retrieved_at"":""2026-10-02T09:54:30.964Z"",""raw_snapshot"":{""path"":""docs/political-data/raw/germany/identity_results-report-2005/source.pdf"",""sha256"":""50c5b8da13796d7ae4c85124edb54582b360c76b5984ab113d756eadbe45eed9""},""parser_version"":""germany-production-v1"",""parser_sha256"":""2a8eb3487f392ef83303e7fb9ff246e4c111a7e64a469a6aa9eb21461ae9b1a0"",""fields_covered"":[""canonical_party_id""],""published_or_derived"":""published"",""decision_basis"":""manual review of official same-election recognition/participation and result column"",""evidence_note"":""Visual transcription of raster party-name cell and Landesliste participation, printed page 18; not OCR/text validation""}]","{""decision_file"":""docs/political-data/germany_production_acceptance.json"",""reviewer"":""germany_source_review"",""reviewed_at"":""2026-10-02"",""scope"":""same_election_only_no_continuity""}"
"src-de-bwl-final-archive","995e59d1e6aadaa37bc453bf3c82f736fc99d3cdf0fc0b976f938dcd800b82c0:btw2005_kerg.csv:340:101","50Plus","germany","2005-09-18","2005-09-18","contestant","ct-de-0045",,"manual_review","confirmed_election_specific_record","requires_manual_review","false","Official result column to persisted election-specific contestant; no cross-election or legal-entity continuity decision.","[{""source_id"":""src-de-bwl-final-archive"",""source_url"":""https://www.bundeswahlleiterin.de/dam/jcr/ce2d2b6a-f211-4355-8eea-355c98cd4e47/btw_kerg.zip"",""source_record_id"":""995e59d1e6aadaa37bc453bf3c82f736fc99d3cdf0fc0b976f938dcd800b82c0:btw2005_kerg.csv:340:101"",""retrieved_at"":""2026-10-01T23:21:39.584Z"",""raw_snapshot"":{""path"":""docs/political-data/raw/germany/2026-10-01T23-21-39-584Z_02e7077f9358c9ef/final-results.zip"",""sha256"":""02e7077f9358c9ef408741ee5d17123a43c28ea766b26a7ab338c08fcaeb7512""},""parser_version"":""germany-production-v1"",""parser_sha256"":""2a8eb3487f392ef83303e7fb9ff246e4c111a7e64a469a6aa9eb21461ae9b1a0"",""fields_covered"":[""second_votes"",""registered_label_native""],""published_or_derived"":""published"",""source_member"":""btw2005_kerg.csv"",""source_member_sha256"":""995e59d1e6aadaa37bc453bf3c82f736fc99d3cdf0fc0b976f938dcd800b82c0"",""source_column"":101},{""source_id"":""src-de-bwl-results-report-2005"",""source_url"":""https://www.statistischebibliothek.de/mir/servlets/MCRFileNodeServlet/DEHeft_derivate_00016115/Heft_5.pdf"",""source_record_id"":""src-de-bwl-results-report-2005:pdf-page:19:table:2:row:21"",""retrieved_at"":""2026-10-02T09:54:30.964Z"",""raw_snapshot"":{""path"":""docs/political-data/raw/germany/identity_results-report-2005/source.pdf"",""sha256"":""50c5b8da13796d7ae4c85124edb54582b360c76b5984ab113d756eadbe45eed9""},""parser_version"":""germany-production-v1"",""parser_sha256"":""2a8eb3487f392ef83303e7fb9ff246e4c111a7e64a469a6aa9eb21461ae9b1a0"",""fields_covered"":[""canonical_party_id""],""published_or_derived"":""published"",""decision_basis"":""manual review of official same-election recognition/participation and result column"",""evidence_note"":""Visual transcription of raster party-name cell and Landesliste participation, printed page 18; not OCR/text validation""}]","{""decision_file"":""docs/political-data/germany_production_acceptance.json"",""reviewer"":""germany_source_review"",""reviewed_at"":""2026-10-02"",""scope"":""same_election_only_no_continuity""}"
"src-de-bwl-final-archive","995e59d1e6aadaa37bc453bf3c82f736fc99d3cdf0fc0b976f938dcd800b82c0:btw2005_kerg.csv:340:105","MLPD","germany","2005-09-18","2005-09-18","contestant","ct-de-0046",,"manual_review","confirmed_election_specific_record","requires_manual_review","false","Official result column to persisted election-specific contestant; no cross-election or legal-entity continuity decision.","[{""source_id"":""src-de-bwl-final-archive"",""source_url"":""https://www.bundeswahlleiterin.de/dam/jcr/ce2d2b6a-f211-4355-8eea-355c98cd4e47/btw_kerg.zip"",""source_record_id"":""995e59d1e6aadaa37bc453bf3c82f736fc99d3cdf0fc0b976f938dcd800b82c0:btw2005_kerg.csv:340:105"",""retrieved_at"":""2026-10-01T23:21:39.584Z"",""raw_snapshot"":{""path"":""docs/political-data/raw/germany/2026-10-01T23-21-39-584Z_02e7077f9358c9ef/final-results.zip"",""sha256"":""02e7077f9358c9ef408741ee5d17123a43c28ea766b26a7ab338c08fcaeb7512""},""parser_version"":""germany-production-v1"",""parser_sha256"":""2a8eb3487f392ef83303e7fb9ff246e4c111a7e64a469a6aa9eb21461ae9b1a0"",""fields_covered"":[""second_votes"",""registered_label_native""],""published_or_derived"":""published"",""source_member"":""btw2005_kerg.csv"",""source_member_sha256"":""995e59d1e6aadaa37bc453bf3c82f736fc99d3cdf0fc0b976f938dcd800b82c0"",""source_column"":105},{""source_id"":""src-de-bwl-results-report-2005"",""source_url"":""https://www.statistischebibliothek.de/mir/servlets/MCRFileNodeServlet/DEHeft_derivate_00016115/Heft_5.pdf"",""source_record_id"":""src-de-bwl-results-report-2005:pdf-page:19:table:2:row:22"",""retrieved_at"":""2026-10-02T09:54:30.964Z"",""raw_snapshot"":{""path"":""docs/political-data/raw/germany/identity_results-report-2005/source.pdf"",""sha256"":""50c5b8da13796d7ae4c85124edb54582b360c76b5984ab113d756eadbe45eed9""},""parser_version"":""germany-production-v1"",""parser_sha256"":""2a8eb3487f392ef83303e7fb9ff246e4c111a7e64a469a6aa9eb21461ae9b1a0"",""fields_covered"":[""canonical_party_id""],""published_or_derived"":""published"",""decision_basis"":""manual review of official same-election recognition/participation and result column"",""evidence_note"":""Visual transcription of raster party-name cell and Landesliste participation, printed page 18; not OCR/text validation""}]","{""decision_file"":""docs/political-data/germany_production_acceptance.json"",""reviewer"":""germany_source_review"",""reviewed_at"":""2026-10-02"",""scope"":""same_election_only_no_continuity""}"
"src-de-bwl-final-archive","995e59d1e6aadaa37bc453bf3c82f736fc99d3cdf0fc0b976f938dcd800b82c0:btw2005_kerg.csv:340:109","Die PARTEI","germany","2005-09-18","2005-09-18","contestant","ct-de-0047",,"manual_review","confirmed_election_specific_record","requires_manual_review","false","Official result column to persisted election-specific contestant; no cross-election or legal-entity continuity decision.","[{""source_id"":""src-de-bwl-final-archive"",""source_url"":""https://www.bundeswahlleiterin.de/dam/jcr/ce2d2b6a-f211-4355-8eea-355c98cd4e47/btw_kerg.zip"",""source_record_id"":""995e59d1e6aadaa37bc453bf3c82f736fc99d3cdf0fc0b976f938dcd800b82c0:btw2005_kerg.csv:340:109"",""retrieved_at"":""2026-10-01T23:21:39.584Z"",""raw_snapshot"":{""path"":""docs/political-data/raw/germany/2026-10-01T23-21-39-584Z_02e7077f9358c9ef/final-results.zip"",""sha256"":""02e7077f9358c9ef408741ee5d17123a43c28ea766b26a7ab338c08fcaeb7512""},""parser_version"":""germany-production-v1"",""parser_sha256"":""2a8eb3487f392ef83303e7fb9ff246e4c111a7e64a469a6aa9eb21461ae9b1a0"",""fields_covered"":[""second_votes"",""registered_label_native""],""published_or_derived"":""published"",""source_member"":""btw2005_kerg.csv"",""source_member_sha256"":""995e59d1e6aadaa37bc453bf3c82f736fc99d3cdf0fc0b976f938dcd800b82c0"",""source_column"":109},{""source_id"":""src-de-bwl-results-report-2005"",""source_url"":""https://www.statistischebibliothek.de/mir/servlets/MCRFileNodeServlet/DEHeft_derivate_00016115/Heft_5.pdf"",""source_record_id"":""src-de-bwl-results-report-2005:pdf-page:19:table:2:row:23"",""retrieved_at"":""2026-10-02T09:54:30.964Z"",""raw_snapshot"":{""path"":""docs/political-data/raw/germany/identity_results-report-2005/source.pdf"",""sha256"":""50c5b8da13796d7ae4c85124edb54582b360c76b5984ab113d756eadbe45eed9""},""parser_version"":""germany-production-v1"",""parser_sha256"":""2a8eb3487f392ef83303e7fb9ff246e4c111a7e64a469a6aa9eb21461ae9b1a0"",""fields_covered"":[""canonical_party_id""],""published_or_derived"":""published"",""decision_basis"":""manual review of official same-election recognition/participation and result column"",""evidence_note"":""Visual transcription of raster party-name cell and Landesliste participation, printed page 18; not OCR/text validation""}]","{""decision_file"":""docs/political-data/germany_production_acceptance.json"",""reviewer"":""germany_source_review"",""reviewed_at"":""2026-10-02"",""scope"":""same_election_only_no_continuity""}"
"src-de-bwl-final-archive","995e59d1e6aadaa37bc453bf3c82f736fc99d3cdf0fc0b976f938dcd800b82c0:btw2005_kerg.csv:340:113","PSG","germany","2005-09-18","2005-09-18","contestant","ct-de-0048",,"manual_review","confirmed_election_specific_record","requires_manual_review","false","Official result column to persisted election-specific contestant; no cross-election or legal-entity continuity decision.","[{""source_id"":""src-de-bwl-final-archive"",""source_url"":""https://www.bundeswahlleiterin.de/dam/jcr/ce2d2b6a-f211-4355-8eea-355c98cd4e47/btw_kerg.zip"",""source_record_id"":""995e59d1e6aadaa37bc453bf3c82f736fc99d3cdf0fc0b976f938dcd800b82c0:btw2005_kerg.csv:340:113"",""retrieved_at"":""2026-10-01T23:21:39.584Z"",""raw_snapshot"":{""path"":""docs/political-data/raw/germany/2026-10-01T23-21-39-584Z_02e7077f9358c9ef/final-results.zip"",""sha256"":""02e7077f9358c9ef408741ee5d17123a43c28ea766b26a7ab338c08fcaeb7512""},""parser_version"":""germany-production-v1"",""parser_sha256"":""2a8eb3487f392ef83303e7fb9ff246e4c111a7e64a469a6aa9eb21461ae9b1a0"",""fields_covered"":[""second_votes"",""registered_label_native""],""published_or_derived"":""published"",""source_member"":""btw2005_kerg.csv"",""source_member_sha256"":""995e59d1e6aadaa37bc453bf3c82f736fc99d3cdf0fc0b976f938dcd800b82c0"",""source_column"":113},{""source_id"":""src-de-bwl-results-report-2005"",""source_url"":""https://www.statistischebibliothek.de/mir/servlets/MCRFileNodeServlet/DEHeft_derivate_00016115/Heft_5.pdf"",""source_record_id"":""src-de-bwl-results-report-2005:pdf-page:19:table:2:row:24"",""retrieved_at"":""2026-10-02T09:54:30.964Z"",""raw_snapshot"":{""path"":""docs/political-data/raw/germany/identity_results-report-2005/source.pdf"",""sha256"":""50c5b8da13796d7ae4c85124edb54582b360c76b5984ab113d756eadbe45eed9""},""parser_version"":""germany-production-v1"",""parser_sha256"":""2a8eb3487f392ef83303e7fb9ff246e4c111a7e64a469a6aa9eb21461ae9b1a0"",""fields_covered"":[""canonical_party_id""],""published_or_derived"":""published"",""decision_basis"":""manual review of official same-election recognition/participation and result column"",""evidence_note"":""Visual transcription of raster party-name cell and Landesliste participation, printed page 18; not OCR/text validation""}]","{""decision_file"":""docs/political-data/germany_production_acceptance.json"",""reviewer"":""germany_source_review"",""reviewed_at"":""2026-10-02"",""scope"":""same_election_only_no_continuity""}"
"src-de-bwl-final-archive","995e59d1e6aadaa37bc453bf3c82f736fc99d3cdf0fc0b976f938dcd800b82c0:btw2005_kerg.csv:340:117","Pro DM","germany","2005-09-18","2005-09-18","contestant","ct-de-0049",,"manual_review","confirmed_election_specific_record","requires_manual_review","false","Official result column to persisted election-specific contestant; no cross-election or legal-entity continuity decision.","[{""source_id"":""src-de-bwl-final-archive"",""source_url"":""https://www.bundeswahlleiterin.de/dam/jcr/ce2d2b6a-f211-4355-8eea-355c98cd4e47/btw_kerg.zip"",""source_record_id"":""995e59d1e6aadaa37bc453bf3c82f736fc99d3cdf0fc0b976f938dcd800b82c0:btw2005_kerg.csv:340:117"",""retrieved_at"":""2026-10-01T23:21:39.584Z"",""raw_snapshot"":{""path"":""docs/political-data/raw/germany/2026-10-01T23-21-39-584Z_02e7077f9358c9ef/final-results.zip"",""sha256"":""02e7077f9358c9ef408741ee5d17123a43c28ea766b26a7ab338c08fcaeb7512""},""parser_version"":""germany-production-v1"",""parser_sha256"":""2a8eb3487f392ef83303e7fb9ff246e4c111a7e64a469a6aa9eb21461ae9b1a0"",""fields_covered"":[""second_votes"",""registered_label_native""],""published_or_derived"":""published"",""source_member"":""btw2005_kerg.csv"",""source_member_sha256"":""995e59d1e6aadaa37bc453bf3c82f736fc99d3cdf0fc0b976f938dcd800b82c0"",""source_column"":117},{""source_id"":""src-de-bwl-results-report-2005"",""source_url"":""https://www.statistischebibliothek.de/mir/servlets/MCRFileNodeServlet/DEHeft_derivate_00016115/Heft_5.pdf"",""source_record_id"":""src-de-bwl-results-report-2005:pdf-page:19:table:2:row:25"",""retrieved_at"":""2026-10-02T09:54:30.964Z"",""raw_snapshot"":{""path"":""docs/political-data/raw/germany/identity_results-report-2005/source.pdf"",""sha256"":""50c5b8da13796d7ae4c85124edb54582b360c76b5984ab113d756eadbe45eed9""},""parser_version"":""germany-production-v1"",""parser_sha256"":""2a8eb3487f392ef83303e7fb9ff246e4c111a7e64a469a6aa9eb21461ae9b1a0"",""fields_covered"":[""canonical_party_id""],""published_or_derived"":""published"",""decision_basis"":""manual review of official same-election recognition/participation and result column"",""evidence_note"":""Visual transcription of raster party-name cell and Landesliste participation, printed page 18; not OCR/text validation""}]","{""decision_file"":""docs/political-data/germany_production_acceptance.json"",""reviewer"":""germany_source_review"",""reviewed_at"":""2026-10-02"",""scope"":""same_election_only_no_continuity""}"
"src-de-bwl-final-archive","6d6ea227b02a7407c594634f335b64604f1e4ec64686996cb21b4c24010a2e89:btw2009_kerg.csv:340:21","SPD","germany","2009-09-27","2009-09-27","contestant","ct-de-0050",,"manual_review","confirmed_election_specific_record","requires_manual_review","false","Official result column to persisted election-specific contestant; no cross-election or legal-entity continuity decision.","[{""source_id"":""src-de-bwl-final-archive"",""source_url"":""https://www.bundeswahlleiterin.de/dam/jcr/ce2d2b6a-f211-4355-8eea-355c98cd4e47/btw_kerg.zip"",""source_record_id"":""6d6ea227b02a7407c594634f335b64604f1e4ec64686996cb21b4c24010a2e89:btw2009_kerg.csv:340:21"",""retrieved_at"":""2026-10-01T23:21:39.584Z"",""raw_snapshot"":{""path"":""docs/political-data/raw/germany/2026-10-01T23-21-39-584Z_02e7077f9358c9ef/final-results.zip"",""sha256"":""02e7077f9358c9ef408741ee5d17123a43c28ea766b26a7ab338c08fcaeb7512""},""parser_version"":""germany-production-v1"",""parser_sha256"":""2a8eb3487f392ef83303e7fb9ff246e4c111a7e64a469a6aa9eb21461ae9b1a0"",""fields_covered"":[""second_votes"",""registered_label_native""],""published_or_derived"":""published"",""source_member"":""btw2009_kerg.csv"",""source_member_sha256"":""6d6ea227b02a7407c594634f335b64604f1e4ec64686996cb21b4c24010a2e89"",""source_column"":21},{""source_id"":""src-de-bwl-results-report-2009"",""source_url"":""https://www.bundeswahlleiter.de/dam/jcr/97eabb5b-77d7-44f8-828d-5c4740cc535d/btw09_heft5.pdf"",""source_record_id"":""src-de-bwl-results-report-2009:pdf-page:18:table:3:row:1"",""retrieved_at"":""2026-10-02T09:49:46.922Z"",""raw_snapshot"":{""path"":""docs/political-data/raw/germany/identity_results-report-2009/source.pdf"",""sha256"":""34aeabcf3dbda280c8169d538a968828a98d9bd056949bc3ea50fd8a4cab2793""},""parser_version"":""germany-production-v1"",""parser_sha256"":""2a8eb3487f392ef83303e7fb9ff246e4c111a7e64a469a6aa9eb21461ae9b1a0"",""fields_covered"":[""canonical_party_id""],""published_or_derived"":""published"",""decision_basis"":""manual review of official same-election recognition/participation and result column"",""evidence_note"":""Same-election participating-party table, printed page 17; full name, abbreviation and Landesliste column visually verified""}]","{""decision_file"":""docs/political-data/germany_production_acceptance.json"",""reviewer"":""germany_source_review"",""reviewed_at"":""2026-10-02"",""scope"":""same_election_only_no_continuity""}"
"src-de-bwl-final-archive","6d6ea227b02a7407c594634f335b64604f1e4ec64686996cb21b4c24010a2e89:btw2009_kerg.csv:340:25","CDU","germany","2009-09-27","2009-09-27","contestant","ct-de-0051",,"manual_review","confirmed_election_specific_record","requires_manual_review","false","Official result column to persisted election-specific contestant; no cross-election or legal-entity continuity decision.","[{""source_id"":""src-de-bwl-final-archive"",""source_url"":""https://www.bundeswahlleiterin.de/dam/jcr/ce2d2b6a-f211-4355-8eea-355c98cd4e47/btw_kerg.zip"",""source_record_id"":""6d6ea227b02a7407c594634f335b64604f1e4ec64686996cb21b4c24010a2e89:btw2009_kerg.csv:340:25"",""retrieved_at"":""2026-10-01T23:21:39.584Z"",""raw_snapshot"":{""path"":""docs/political-data/raw/germany/2026-10-01T23-21-39-584Z_02e7077f9358c9ef/final-results.zip"",""sha256"":""02e7077f9358c9ef408741ee5d17123a43c28ea766b26a7ab338c08fcaeb7512""},""parser_version"":""germany-production-v1"",""parser_sha256"":""2a8eb3487f392ef83303e7fb9ff246e4c111a7e64a469a6aa9eb21461ae9b1a0"",""fields_covered"":[""second_votes"",""registered_label_native""],""published_or_derived"":""published"",""source_member"":""btw2009_kerg.csv"",""source_member_sha256"":""6d6ea227b02a7407c594634f335b64604f1e4ec64686996cb21b4c24010a2e89"",""source_column"":25},{""source_id"":""src-de-bwl-results-report-2009"",""source_url"":""https://www.bundeswahlleiter.de/dam/jcr/97eabb5b-77d7-44f8-828d-5c4740cc535d/btw09_heft5.pdf"",""source_record_id"":""src-de-bwl-results-report-2009:pdf-page:18:table:3:row:2"",""retrieved_at"":""2026-10-02T09:49:46.922Z"",""raw_snapshot"":{""path"":""docs/political-data/raw/germany/identity_results-report-2009/source.pdf"",""sha256"":""34aeabcf3dbda280c8169d538a968828a98d9bd056949bc3ea50fd8a4cab2793""},""parser_version"":""germany-production-v1"",""parser_sha256"":""2a8eb3487f392ef83303e7fb9ff246e4c111a7e64a469a6aa9eb21461ae9b1a0"",""fields_covered"":[""canonical_party_id""],""published_or_derived"":""published"",""decision_basis"":""manual review of official same-election recognition/participation and result column"",""evidence_note"":""Same-election participating-party table, printed page 17; full name, abbreviation and Landesliste column visually verified""}]","{""decision_file"":""docs/political-data/germany_production_acceptance.json"",""reviewer"":""germany_source_review"",""reviewed_at"":""2026-10-02"",""scope"":""same_election_only_no_continuity""}"
"src-de-bwl-final-archive","6d6ea227b02a7407c594634f335b64604f1e4ec64686996cb21b4c24010a2e89:btw2009_kerg.csv:340:29","FDP","germany","2009-09-27","2009-09-27","contestant","ct-de-0052",,"manual_review","confirmed_election_specific_record","requires_manual_review","false","Official result column to persisted election-specific contestant; no cross-election or legal-entity continuity decision.","[{""source_id"":""src-de-bwl-final-archive"",""source_url"":""https://www.bundeswahlleiterin.de/dam/jcr/ce2d2b6a-f211-4355-8eea-355c98cd4e47/btw_kerg.zip"",""source_record_id"":""6d6ea227b02a7407c594634f335b64604f1e4ec64686996cb21b4c24010a2e89:btw2009_kerg.csv:340:29"",""retrieved_at"":""2026-10-01T23:21:39.584Z"",""raw_snapshot"":{""path"":""docs/political-data/raw/germany/2026-10-01T23-21-39-584Z_02e7077f9358c9ef/final-results.zip"",""sha256"":""02e7077f9358c9ef408741ee5d17123a43c28ea766b26a7ab338c08fcaeb7512""},""parser_version"":""germany-production-v1"",""parser_sha256"":""2a8eb3487f392ef83303e7fb9ff246e4c111a7e64a469a6aa9eb21461ae9b1a0"",""fields_covered"":[""second_votes"",""registered_label_native""],""published_or_derived"":""published"",""source_member"":""btw2009_kerg.csv"",""source_member_sha256"":""6d6ea227b02a7407c594634f335b64604f1e4ec64686996cb21b4c24010a2e89"",""source_column"":29},{""source_id"":""src-de-bwl-results-report-2009"",""source_url"":""https://www.bundeswahlleiter.de/dam/jcr/97eabb5b-77d7-44f8-828d-5c4740cc535d/btw09_heft5.pdf"",""source_record_id"":""src-de-bwl-results-report-2009:pdf-page:18:table:3:row:3"",""retrieved_at"":""2026-10-02T09:49:46.922Z"",""raw_snapshot"":{""path"":""docs/political-data/raw/germany/identity_results-report-2009/source.pdf"",""sha256"":""34aeabcf3dbda280c8169d538a968828a98d9bd056949bc3ea50fd8a4cab2793""},""parser_version"":""germany-production-v1"",""parser_sha256"":""2a8eb3487f392ef83303e7fb9ff246e4c111a7e64a469a6aa9eb21461ae9b1a0"",""fields_covered"":[""canonical_party_id""],""published_or_derived"":""published"",""decision_basis"":""manual review of official same-election recognition/participation and result column"",""evidence_note"":""Same-election participating-party table, printed page 17; full name, abbreviation and Landesliste column visually verified""}]","{""decision_file"":""docs/political-data/germany_production_acceptance.json"",""reviewer"":""germany_source_review"",""reviewed_at"":""2026-10-02"",""scope"":""same_election_only_no_continuity""}"
"src-de-bwl-final-archive","6d6ea227b02a7407c594634f335b64604f1e4ec64686996cb21b4c24010a2e89:btw2009_kerg.csv:340:33","DIE LINKE","germany","2009-09-27","2009-09-27","contestant","ct-de-0053",,"manual_review","confirmed_election_specific_record","requires_manual_review","false","Official result column to persisted election-specific contestant; no cross-election or legal-entity continuity decision.","[{""source_id"":""src-de-bwl-final-archive"",""source_url"":""https://www.bundeswahlleiterin.de/dam/jcr/ce2d2b6a-f211-4355-8eea-355c98cd4e47/btw_kerg.zip"",""source_record_id"":""6d6ea227b02a7407c594634f335b64604f1e4ec64686996cb21b4c24010a2e89:btw2009_kerg.csv:340:33"",""retrieved_at"":""2026-10-01T23:21:39.584Z"",""raw_snapshot"":{""path"":""docs/political-data/raw/germany/2026-10-01T23-21-39-584Z_02e7077f9358c9ef/final-results.zip"",""sha256"":""02e7077f9358c9ef408741ee5d17123a43c28ea766b26a7ab338c08fcaeb7512""},""parser_version"":""germany-production-v1"",""parser_sha256"":""2a8eb3487f392ef83303e7fb9ff246e4c111a7e64a469a6aa9eb21461ae9b1a0"",""fields_covered"":[""second_votes"",""registered_label_native""],""published_or_derived"":""published"",""source_member"":""btw2009_kerg.csv"",""source_member_sha256"":""6d6ea227b02a7407c594634f335b64604f1e4ec64686996cb21b4c24010a2e89"",""source_column"":33},{""source_id"":""src-de-bwl-results-report-2009"",""source_url"":""https://www.bundeswahlleiter.de/dam/jcr/97eabb5b-77d7-44f8-828d-5c4740cc535d/btw09_heft5.pdf"",""source_record_id"":""src-de-bwl-results-report-2009:pdf-page:18:table:3:row:4"",""retrieved_at"":""2026-10-02T09:49:46.922Z"",""raw_snapshot"":{""path"":""docs/political-data/raw/germany/identity_results-report-2009/source.pdf"",""sha256"":""34aeabcf3dbda280c8169d538a968828a98d9bd056949bc3ea50fd8a4cab2793""},""parser_version"":""germany-production-v1"",""parser_sha256"":""2a8eb3487f392ef83303e7fb9ff246e4c111a7e64a469a6aa9eb21461ae9b1a0"",""fields_covered"":[""canonical_party_id""],""published_or_derived"":""published"",""decision_basis"":""manual review of official same-election recognition/participation and result column"",""evidence_note"":""Same-election participating-party table, printed page 17; full name, abbreviation and Landesliste column visually verified""}]","{""decision_file"":""docs/political-data/germany_production_acceptance.json"",""reviewer"":""germany_source_review"",""reviewed_at"":""2026-10-02"",""scope"":""same_election_only_no_continuity""}"
"src-de-bwl-final-archive","6d6ea227b02a7407c594634f335b64604f1e4ec64686996cb21b4c24010a2e89:btw2009_kerg.csv:340:37","GRÜNE","germany","2009-09-27","2009-09-27","contestant","ct-de-0054",,"manual_review","confirmed_election_specific_record","requires_manual_review","false","Official result column to persisted election-specific contestant; no cross-election or legal-entity continuity decision.","[{""source_id"":""src-de-bwl-final-archive"",""source_url"":""https://www.bundeswahlleiterin.de/dam/jcr/ce2d2b6a-f211-4355-8eea-355c98cd4e47/btw_kerg.zip"",""source_record_id"":""6d6ea227b02a7407c594634f335b64604f1e4ec64686996cb21b4c24010a2e89:btw2009_kerg.csv:340:37"",""retrieved_at"":""2026-10-01T23:21:39.584Z"",""raw_snapshot"":{""path"":""docs/political-data/raw/germany/2026-10-01T23-21-39-584Z_02e7077f9358c9ef/final-results.zip"",""sha256"":""02e7077f9358c9ef408741ee5d17123a43c28ea766b26a7ab338c08fcaeb7512""},""parser_version"":""germany-production-v1"",""parser_sha256"":""2a8eb3487f392ef83303e7fb9ff246e4c111a7e64a469a6aa9eb21461ae9b1a0"",""fields_covered"":[""second_votes"",""registered_label_native""],""published_or_derived"":""published"",""source_member"":""btw2009_kerg.csv"",""source_member_sha256"":""6d6ea227b02a7407c594634f335b64604f1e4ec64686996cb21b4c24010a2e89"",""source_column"":37},{""source_id"":""src-de-bwl-results-report-2009"",""source_url"":""https://www.bundeswahlleiter.de/dam/jcr/97eabb5b-77d7-44f8-828d-5c4740cc535d/btw09_heft5.pdf"",""source_record_id"":""src-de-bwl-results-report-2009:pdf-page:18:table:3:row:5"",""retrieved_at"":""2026-10-02T09:49:46.922Z"",""raw_snapshot"":{""path"":""docs/political-data/raw/germany/identity_results-report-2009/source.pdf"",""sha256"":""34aeabcf3dbda280c8169d538a968828a98d9bd056949bc3ea50fd8a4cab2793""},""parser_version"":""germany-production-v1"",""parser_sha256"":""2a8eb3487f392ef83303e7fb9ff246e4c111a7e64a469a6aa9eb21461ae9b1a0"",""fields_covered"":[""canonical_party_id""],""published_or_derived"":""published"",""decision_basis"":""manual review of official same-election recognition/participation and result column"",""evidence_note"":""Same-election participating-party table, printed page 17; full name, abbreviation and Landesliste column visually verified""}]","{""decision_file"":""docs/political-data/germany_production_acceptance.json"",""reviewer"":""germany_source_review"",""reviewed_at"":""2026-10-02"",""scope"":""same_election_only_no_continuity""}"
"src-de-bwl-final-archive","6d6ea227b02a7407c594634f335b64604f1e4ec64686996cb21b4c24010a2e89:btw2009_kerg.csv:340:41","CSU","germany","2009-09-27","2009-09-27","contestant","ct-de-0055",,"manual_review","confirmed_election_specific_record","requires_manual_review","false","Official result column to persisted election-specific contestant; no cross-election or legal-entity continuity decision.","[{""source_id"":""src-de-bwl-final-archive"",""source_url"":""https://www.bundeswahlleiterin.de/dam/jcr/ce2d2b6a-f211-4355-8eea-355c98cd4e47/btw_kerg.zip"",""source_record_id"":""6d6ea227b02a7407c594634f335b64604f1e4ec64686996cb21b4c24010a2e89:btw2009_kerg.csv:340:41"",""retrieved_at"":""2026-10-01T23:21:39.584Z"",""raw_snapshot"":{""path"":""docs/political-data/raw/germany/2026-10-01T23-21-39-584Z_02e7077f9358c9ef/final-results.zip"",""sha256"":""02e7077f9358c9ef408741ee5d17123a43c28ea766b26a7ab338c08fcaeb7512""},""parser_version"":""germany-production-v1"",""parser_sha256"":""2a8eb3487f392ef83303e7fb9ff246e4c111a7e64a469a6aa9eb21461ae9b1a0"",""fields_covered"":[""second_votes"",""registered_label_native""],""published_or_derived"":""published"",""source_member"":""btw2009_kerg.csv"",""source_member_sha256"":""6d6ea227b02a7407c594634f335b64604f1e4ec64686996cb21b4c24010a2e89"",""source_column"":41},{""source_id"":""src-de-bwl-results-report-2009"",""source_url"":""https://www.bundeswahlleiter.de/dam/jcr/97eabb5b-77d7-44f8-828d-5c4740cc535d/btw09_heft5.pdf"",""source_record_id"":""src-de-bwl-results-report-2009:pdf-page:18:table:3:row:6"",""retrieved_at"":""2026-10-02T09:49:46.922Z"",""raw_snapshot"":{""path"":""docs/political-data/raw/germany/identity_results-report-2009/source.pdf"",""sha256"":""34aeabcf3dbda280c8169d538a968828a98d9bd056949bc3ea50fd8a4cab2793""},""parser_version"":""germany-production-v1"",""parser_sha256"":""2a8eb3487f392ef83303e7fb9ff246e4c111a7e64a469a6aa9eb21461ae9b1a0"",""fields_covered"":[""canonical_party_id""],""published_or_derived"":""published"",""decision_basis"":""manual review of official same-election recognition/participation and result column"",""evidence_note"":""Same-election participating-party table, printed page 17; full name, abbreviation and Landesliste column visually verified""}]","{""decision_file"":""docs/political-data/germany_production_acceptance.json"",""reviewer"":""germany_source_review"",""reviewed_at"":""2026-10-02"",""scope"":""same_election_only_no_continuity""}"
"src-de-bwl-final-archive","6d6ea227b02a7407c594634f335b64604f1e4ec64686996cb21b4c24010a2e89:btw2009_kerg.csv:340:45","NPD","germany","2009-09-27","2009-09-27","contestant","ct-de-0056",,"manual_review","confirmed_election_specific_record","requires_manual_review","false","Official result column to persisted election-specific contestant; no cross-election or legal-entity continuity decision.","[{""source_id"":""src-de-bwl-final-archive"",""source_url"":""https://www.bundeswahlleiterin.de/dam/jcr/ce2d2b6a-f211-4355-8eea-355c98cd4e47/btw_kerg.zip"",""source_record_id"":""6d6ea227b02a7407c594634f335b64604f1e4ec64686996cb21b4c24010a2e89:btw2009_kerg.csv:340:45"",""retrieved_at"":""2026-10-01T23:21:39.584Z"",""raw_snapshot"":{""path"":""docs/political-data/raw/germany/2026-10-01T23-21-39-584Z_02e7077f9358c9ef/final-results.zip"",""sha256"":""02e7077f9358c9ef408741ee5d17123a43c28ea766b26a7ab338c08fcaeb7512""},""parser_version"":""germany-production-v1"",""parser_sha256"":""2a8eb3487f392ef83303e7fb9ff246e4c111a7e64a469a6aa9eb21461ae9b1a0"",""fields_covered"":[""second_votes"",""registered_label_native""],""published_or_derived"":""published"",""source_member"":""btw2009_kerg.csv"",""source_member_sha256"":""6d6ea227b02a7407c594634f335b64604f1e4ec64686996cb21b4c24010a2e89"",""source_column"":45},{""source_id"":""src-de-bwl-results-report-2009"",""source_url"":""https://www.bundeswahlleiter.de/dam/jcr/97eabb5b-77d7-44f8-828d-5c4740cc535d/btw09_heft5.pdf"",""source_record_id"":""src-de-bwl-results-report-2009:pdf-page:18:table:3:row:7"",""retrieved_at"":""2026-10-02T09:49:46.922Z"",""raw_snapshot"":{""path"":""docs/political-data/raw/germany/identity_results-report-2009/source.pdf"",""sha256"":""34aeabcf3dbda280c8169d538a968828a98d9bd056949bc3ea50fd8a4cab2793""},""parser_version"":""germany-production-v1"",""parser_sha256"":""2a8eb3487f392ef83303e7fb9ff246e4c111a7e64a469a6aa9eb21461ae9b1a0"",""fields_covered"":[""canonical_party_id""],""published_or_derived"":""published"",""decision_basis"":""manual review of official same-election recognition/participation and result column"",""evidence_note"":""Same-election participating-party table, printed page 17; full name, abbreviation and Landesliste column visually verified""}]","{""decision_file"":""docs/political-data/germany_production_acceptance.json"",""reviewer"":""germany_source_review"",""reviewed_at"":""2026-10-02"",""scope"":""same_election_only_no_continuity""}"
"src-de-bwl-final-archive","6d6ea227b02a7407c594634f335b64604f1e4ec64686996cb21b4c24010a2e89:btw2009_kerg.csv:340:49","REP","germany","2009-09-27","2009-09-27","contestant","ct-de-0057",,"manual_review","confirmed_election_specific_record","requires_manual_review","false","Official result column to persisted election-specific contestant; no cross-election or legal-entity continuity decision.","[{""source_id"":""src-de-bwl-final-archive"",""source_url"":""https://www.bundeswahlleiterin.de/dam/jcr/ce2d2b6a-f211-4355-8eea-355c98cd4e47/btw_kerg.zip"",""source_record_id"":""6d6ea227b02a7407c594634f335b64604f1e4ec64686996cb21b4c24010a2e89:btw2009_kerg.csv:340:49"",""retrieved_at"":""2026-10-01T23:21:39.584Z"",""raw_snapshot"":{""path"":""docs/political-data/raw/germany/2026-10-01T23-21-39-584Z_02e7077f9358c9ef/final-results.zip"",""sha256"":""02e7077f9358c9ef408741ee5d17123a43c28ea766b26a7ab338c08fcaeb7512""},""parser_version"":""germany-production-v1"",""parser_sha256"":""2a8eb3487f392ef83303e7fb9ff246e4c111a7e64a469a6aa9eb21461ae9b1a0"",""fields_covered"":[""second_votes"",""registered_label_native""],""published_or_derived"":""published"",""source_member"":""btw2009_kerg.csv"",""source_member_sha256"":""6d6ea227b02a7407c594634f335b64604f1e4ec64686996cb21b4c24010a2e89"",""source_column"":49},{""source_id"":""src-de-bwl-results-report-2009"",""source_url"":""https://www.bundeswahlleiter.de/dam/jcr/97eabb5b-77d7-44f8-828d-5c4740cc535d/btw09_heft5.pdf"",""source_record_id"":""src-de-bwl-results-report-2009:pdf-page:18:table:3:row:8"",""retrieved_at"":""2026-10-02T09:49:46.922Z"",""raw_snapshot"":{""path"":""docs/political-data/raw/germany/identity_results-report-2009/source.pdf"",""sha256"":""34aeabcf3dbda280c8169d538a968828a98d9bd056949bc3ea50fd8a4cab2793""},""parser_version"":""germany-production-v1"",""parser_sha256"":""2a8eb3487f392ef83303e7fb9ff246e4c111a7e64a469a6aa9eb21461ae9b1a0"",""fields_covered"":[""canonical_party_id""],""published_or_derived"":""published"",""decision_basis"":""manual review of official same-election recognition/participation and result column"",""evidence_note"":""Same-election participating-party table, printed page 17; full name, abbreviation and Landesliste column visually verified""}]","{""decision_file"":""docs/political-data/germany_production_acceptance.json"",""reviewer"":""germany_source_review"",""reviewed_at"":""2026-10-02"",""scope"":""same_election_only_no_continuity""}"
"src-de-bwl-final-archive","6d6ea227b02a7407c594634f335b64604f1e4ec64686996cb21b4c24010a2e89:btw2009_kerg.csv:340:53","FAMILIE","germany","2009-09-27","2009-09-27","contestant","ct-de-0058",,"manual_review","confirmed_election_specific_record","requires_manual_review","false","Official result column to persisted election-specific contestant; no cross-election or legal-entity continuity decision.","[{""source_id"":""src-de-bwl-final-archive"",""source_url"":""https://www.bundeswahlleiterin.de/dam/jcr/ce2d2b6a-f211-4355-8eea-355c98cd4e47/btw_kerg.zip"",""source_record_id"":""6d6ea227b02a7407c594634f335b64604f1e4ec64686996cb21b4c24010a2e89:btw2009_kerg.csv:340:53"",""retrieved_at"":""2026-10-01T23:21:39.584Z"",""raw_snapshot"":{""path"":""docs/political-data/raw/germany/2026-10-01T23-21-39-584Z_02e7077f9358c9ef/final-results.zip"",""sha256"":""02e7077f9358c9ef408741ee5d17123a43c28ea766b26a7ab338c08fcaeb7512""},""parser_version"":""germany-production-v1"",""parser_sha256"":""2a8eb3487f392ef83303e7fb9ff246e4c111a7e64a469a6aa9eb21461ae9b1a0"",""fields_covered"":[""second_votes"",""registered_label_native""],""published_or_derived"":""published"",""source_member"":""btw2009_kerg.csv"",""source_member_sha256"":""6d6ea227b02a7407c594634f335b64604f1e4ec64686996cb21b4c24010a2e89"",""source_column"":53},{""source_id"":""src-de-bwl-results-report-2009"",""source_url"":""https://www.bundeswahlleiter.de/dam/jcr/97eabb5b-77d7-44f8-828d-5c4740cc535d/btw09_heft5.pdf"",""source_record_id"":""src-de-bwl-results-report-2009:pdf-page:18:table:3:row:9"",""retrieved_at"":""2026-10-02T09:49:46.922Z"",""raw_snapshot"":{""path"":""docs/political-data/raw/germany/identity_results-report-2009/source.pdf"",""sha256"":""34aeabcf3dbda280c8169d538a968828a98d9bd056949bc3ea50fd8a4cab2793""},""parser_version"":""germany-production-v1"",""parser_sha256"":""2a8eb3487f392ef83303e7fb9ff246e4c111a7e64a469a6aa9eb21461ae9b1a0"",""fields_covered"":[""canonical_party_id""],""published_or_derived"":""published"",""decision_basis"":""manual review of official same-election recognition/participation and result column"",""evidence_note"":""Same-election participating-party table, printed page 17; full name, abbreviation and Landesliste column visually verified""}]","{""decision_file"":""docs/political-data/germany_production_acceptance.json"",""reviewer"":""germany_source_review"",""reviewed_at"":""2026-10-02"",""scope"":""same_election_only_no_continuity""}"
"src-de-bwl-final-archive","6d6ea227b02a7407c594634f335b64604f1e4ec64686996cb21b4c24010a2e89:btw2009_kerg.csv:340:57","Die Tierschutzpartei","germany","2009-09-27","2009-09-27","contestant","ct-de-0059",,"manual_review","confirmed_election_specific_record","requires_manual_review","false","Official result column to persisted election-specific contestant; no cross-election or legal-entity continuity decision.","[{""source_id"":""src-de-bwl-final-archive"",""source_url"":""https://www.bundeswahlleiterin.de/dam/jcr/ce2d2b6a-f211-4355-8eea-355c98cd4e47/btw_kerg.zip"",""source_record_id"":""6d6ea227b02a7407c594634f335b64604f1e4ec64686996cb21b4c24010a2e89:btw2009_kerg.csv:340:57"",""retrieved_at"":""2026-10-01T23:21:39.584Z"",""raw_snapshot"":{""path"":""docs/political-data/raw/germany/2026-10-01T23-21-39-584Z_02e7077f9358c9ef/final-results.zip"",""sha256"":""02e7077f9358c9ef408741ee5d17123a43c28ea766b26a7ab338c08fcaeb7512""},""parser_version"":""germany-production-v1"",""parser_sha256"":""2a8eb3487f392ef83303e7fb9ff246e4c111a7e64a469a6aa9eb21461ae9b1a0"",""fields_covered"":[""second_votes"",""registered_label_native""],""published_or_derived"":""published"",""source_member"":""btw2009_kerg.csv"",""source_member_sha256"":""6d6ea227b02a7407c594634f335b64604f1e4ec64686996cb21b4c24010a2e89"",""source_column"":57},{""source_id"":""src-de-bwl-results-report-2009"",""source_url"":""https://www.bundeswahlleiter.de/dam/jcr/97eabb5b-77d7-44f8-828d-5c4740cc535d/btw09_heft5.pdf"",""source_record_id"":""src-de-bwl-results-report-2009:pdf-page:18:table:3:row:10"",""retrieved_at"":""2026-10-02T09:49:46.922Z"",""raw_snapshot"":{""path"":""docs/political-data/raw/germany/identity_results-report-2009/source.pdf"",""sha256"":""34aeabcf3dbda280c8169d538a968828a98d9bd056949bc3ea50fd8a4cab2793""},""parser_version"":""germany-production-v1"",""parser_sha256"":""2a8eb3487f392ef83303e7fb9ff246e4c111a7e64a469a6aa9eb21461ae9b1a0"",""fields_covered"":[""canonical_party_id""],""published_or_derived"":""published"",""decision_basis"":""manual review of official same-election recognition/participation and result column"",""evidence_note"":""Same-election participating-party table, printed page 17; full name, abbreviation and Landesliste column visually verified""}]","{""decision_file"":""docs/political-data/germany_production_acceptance.json"",""reviewer"":""germany_source_review"",""reviewed_at"":""2026-10-02"",""scope"":""same_election_only_no_continuity""}"
"src-de-bwl-final-archive","6d6ea227b02a7407c594634f335b64604f1e4ec64686996cb21b4c24010a2e89:btw2009_kerg.csv:340:61","PBC","germany","2009-09-27","2009-09-27","contestant","ct-de-0060",,"manual_review","confirmed_election_specific_record","requires_manual_review","false","Official result column to persisted election-specific contestant; no cross-election or legal-entity continuity decision.","[{""source_id"":""src-de-bwl-final-archive"",""source_url"":""https://www.bundeswahlleiterin.de/dam/jcr/ce2d2b6a-f211-4355-8eea-355c98cd4e47/btw_kerg.zip"",""source_record_id"":""6d6ea227b02a7407c594634f335b64604f1e4ec64686996cb21b4c24010a2e89:btw2009_kerg.csv:340:61"",""retrieved_at"":""2026-10-01T23:21:39.584Z"",""raw_snapshot"":{""path"":""docs/political-data/raw/germany/2026-10-01T23-21-39-584Z_02e7077f9358c9ef/final-results.zip"",""sha256"":""02e7077f9358c9ef408741ee5d17123a43c28ea766b26a7ab338c08fcaeb7512""},""parser_version"":""germany-production-v1"",""parser_sha256"":""2a8eb3487f392ef83303e7fb9ff246e4c111a7e64a469a6aa9eb21461ae9b1a0"",""fields_covered"":[""second_votes"",""registered_label_native""],""published_or_derived"":""published"",""source_member"":""btw2009_kerg.csv"",""source_member_sha256"":""6d6ea227b02a7407c594634f335b64604f1e4ec64686996cb21b4c24010a2e89"",""source_column"":61},{""source_id"":""src-de-bwl-results-report-2009"",""source_url"":""https://www.bundeswahlleiter.de/dam/jcr/97eabb5b-77d7-44f8-828d-5c4740cc535d/btw09_heft5.pdf"",""source_record_id"":""src-de-bwl-results-report-2009:pdf-page:18:table:3:row:11"",""retrieved_at"":""2026-10-02T09:49:46.922Z"",""raw_snapshot"":{""path"":""docs/political-data/raw/germany/identity_results-report-2009/source.pdf"",""sha256"":""34aeabcf3dbda280c8169d538a968828a98d9bd056949bc3ea50fd8a4cab2793""},""parser_version"":""germany-production-v1"",""parser_sha256"":""2a8eb3487f392ef83303e7fb9ff246e4c111a7e64a469a6aa9eb21461ae9b1a0"",""fields_covered"":[""canonical_party_id""],""published_or_derived"":""published"",""decision_basis"":""manual review of official same-election recognition/participation and result column"",""evidence_note"":""Same-election participating-party table, printed page 17; full name, abbreviation and Landesliste column visually verified""}]","{""decision_file"":""docs/political-data/germany_production_acceptance.json"",""reviewer"":""germany_source_review"",""reviewed_at"":""2026-10-02"",""scope"":""same_election_only_no_continuity""}"
"src-de-bwl-final-archive","6d6ea227b02a7407c594634f335b64604f1e4ec64686996cb21b4c24010a2e89:btw2009_kerg.csv:340:65","MLPD","germany","2009-09-27","2009-09-27","contestant","ct-de-0061",,"manual_review","confirmed_election_specific_record","requires_manual_review","false","Official result column to persisted election-specific contestant; no cross-election or legal-entity continuity decision.","[{""source_id"":""src-de-bwl-final-archive"",""source_url"":""https://www.bundeswahlleiterin.de/dam/jcr/ce2d2b6a-f211-4355-8eea-355c98cd4e47/btw_kerg.zip"",""source_record_id"":""6d6ea227b02a7407c594634f335b64604f1e4ec64686996cb21b4c24010a2e89:btw2009_kerg.csv:340:65"",""retrieved_at"":""2026-10-01T23:21:39.584Z"",""raw_snapshot"":{""path"":""docs/political-data/raw/germany/2026-10-01T23-21-39-584Z_02e7077f9358c9ef/final-results.zip"",""sha256"":""02e7077f9358c9ef408741ee5d17123a43c28ea766b26a7ab338c08fcaeb7512""},""parser_version"":""germany-production-v1"",""parser_sha256"":""2a8eb3487f392ef83303e7fb9ff246e4c111a7e64a469a6aa9eb21461ae9b1a0"",""fields_covered"":[""second_votes"",""registered_label_native""],""published_or_derived"":""published"",""source_member"":""btw2009_kerg.csv"",""source_member_sha256"":""6d6ea227b02a7407c594634f335b64604f1e4ec64686996cb21b4c24010a2e89"",""source_column"":65},{""source_id"":""src-de-bwl-results-report-2009"",""source_url"":""https://www.bundeswahlleiter.de/dam/jcr/97eabb5b-77d7-44f8-828d-5c4740cc535d/btw09_heft5.pdf"",""source_record_id"":""src-de-bwl-results-report-2009:pdf-page:18:table:3:row:12"",""retrieved_at"":""2026-10-02T09:49:46.922Z"",""raw_snapshot"":{""path"":""docs/political-data/raw/germany/identity_results-report-2009/source.pdf"",""sha256"":""34aeabcf3dbda280c8169d538a968828a98d9bd056949bc3ea50fd8a4cab2793""},""parser_version"":""germany-production-v1"",""parser_sha256"":""2a8eb3487f392ef83303e7fb9ff246e4c111a7e64a469a6aa9eb21461ae9b1a0"",""fields_covered"":[""canonical_party_id""],""published_or_derived"":""published"",""decision_basis"":""manual review of official same-election recognition/participation and result column"",""evidence_note"":""Same-election participating-party table, printed page 17; full name, abbreviation and Landesliste column visually verified""}]","{""decision_file"":""docs/political-data/germany_production_acceptance.json"",""reviewer"":""germany_source_review"",""reviewed_at"":""2026-10-02"",""scope"":""same_election_only_no_continuity""}"
"src-de-bwl-final-archive","6d6ea227b02a7407c594634f335b64604f1e4ec64686996cb21b4c24010a2e89:btw2009_kerg.csv:340:69","BüSo","germany","2009-09-27","2009-09-27","contestant","ct-de-0062",,"manual_review","confirmed_election_specific_record","requires_manual_review","false","Official result column to persisted election-specific contestant; no cross-election or legal-entity continuity decision.","[{""source_id"":""src-de-bwl-final-archive"",""source_url"":""https://www.bundeswahlleiterin.de/dam/jcr/ce2d2b6a-f211-4355-8eea-355c98cd4e47/btw_kerg.zip"",""source_record_id"":""6d6ea227b02a7407c594634f335b64604f1e4ec64686996cb21b4c24010a2e89:btw2009_kerg.csv:340:69"",""retrieved_at"":""2026-10-01T23:21:39.584Z"",""raw_snapshot"":{""path"":""docs/political-data/raw/germany/2026-10-01T23-21-39-584Z_02e7077f9358c9ef/final-results.zip"",""sha256"":""02e7077f9358c9ef408741ee5d17123a43c28ea766b26a7ab338c08fcaeb7512""},""parser_version"":""germany-production-v1"",""parser_sha256"":""2a8eb3487f392ef83303e7fb9ff246e4c111a7e64a469a6aa9eb21461ae9b1a0"",""fields_covered"":[""second_votes"",""registered_label_native""],""published_or_derived"":""published"",""source_member"":""btw2009_kerg.csv"",""source_member_sha256"":""6d6ea227b02a7407c594634f335b64604f1e4ec64686996cb21b4c24010a2e89"",""source_column"":69},{""source_id"":""src-de-bwl-results-report-2009"",""source_url"":""https://www.bundeswahlleiter.de/dam/jcr/97eabb5b-77d7-44f8-828d-5c4740cc535d/btw09_heft5.pdf"",""source_record_id"":""src-de-bwl-results-report-2009:pdf-page:18:table:3:row:13"",""retrieved_at"":""2026-10-02T09:49:46.922Z"",""raw_snapshot"":{""path"":""docs/political-data/raw/germany/identity_results-report-2009/source.pdf"",""sha256"":""34aeabcf3dbda280c8169d538a968828a98d9bd056949bc3ea50fd8a4cab2793""},""parser_version"":""germany-production-v1"",""parser_sha256"":""2a8eb3487f392ef83303e7fb9ff246e4c111a7e64a469a6aa9eb21461ae9b1a0"",""fields_covered"":[""canonical_party_id""],""published_or_derived"":""published"",""decision_basis"":""manual review of official same-election recognition/participation and result column"",""evidence_note"":""Same-election participating-party table, printed page 17; full name, abbreviation and Landesliste column visually verified""}]","{""decision_file"":""docs/political-data/germany_production_acceptance.json"",""reviewer"":""germany_source_review"",""reviewed_at"":""2026-10-02"",""scope"":""same_election_only_no_continuity""}"
"src-de-bwl-final-archive","6d6ea227b02a7407c594634f335b64604f1e4ec64686996cb21b4c24010a2e89:btw2009_kerg.csv:340:73","BP","germany","2009-09-27","2009-09-27","contestant","ct-de-0063",,"manual_review","confirmed_election_specific_record","requires_manual_review","false","Official result column to persisted election-specific contestant; no cross-election or legal-entity continuity decision.","[{""source_id"":""src-de-bwl-final-archive"",""source_url"":""https://www.bundeswahlleiterin.de/dam/jcr/ce2d2b6a-f211-4355-8eea-355c98cd4e47/btw_kerg.zip"",""source_record_id"":""6d6ea227b02a7407c594634f335b64604f1e4ec64686996cb21b4c24010a2e89:btw2009_kerg.csv:340:73"",""retrieved_at"":""2026-10-01T23:21:39.584Z"",""raw_snapshot"":{""path"":""docs/political-data/raw/germany/2026-10-01T23-21-39-584Z_02e7077f9358c9ef/final-results.zip"",""sha256"":""02e7077f9358c9ef408741ee5d17123a43c28ea766b26a7ab338c08fcaeb7512""},""parser_version"":""germany-production-v1"",""parser_sha256"":""2a8eb3487f392ef83303e7fb9ff246e4c111a7e64a469a6aa9eb21461ae9b1a0"",""fields_covered"":[""second_votes"",""registered_label_native""],""published_or_derived"":""published"",""source_member"":""btw2009_kerg.csv"",""source_member_sha256"":""6d6ea227b02a7407c594634f335b64604f1e4ec64686996cb21b4c24010a2e89"",""source_column"":73},{""source_id"":""src-de-bwl-results-report-2009"",""source_url"":""https://www.bundeswahlleiter.de/dam/jcr/97eabb5b-77d7-44f8-828d-5c4740cc535d/btw09_heft5.pdf"",""source_record_id"":""src-de-bwl-results-report-2009:pdf-page:18:table:3:row:14"",""retrieved_at"":""2026-10-02T09:49:46.922Z"",""raw_snapshot"":{""path"":""docs/political-data/raw/germany/identity_results-report-2009/source.pdf"",""sha256"":""34aeabcf3dbda280c8169d538a968828a98d9bd056949bc3ea50fd8a4cab2793""},""parser_version"":""germany-production-v1"",""parser_sha256"":""2a8eb3487f392ef83303e7fb9ff246e4c111a7e64a469a6aa9eb21461ae9b1a0"",""fields_covered"":[""canonical_party_id""],""published_or_derived"":""published"",""decision_basis"":""manual review of official same-election recognition/participation and result column"",""evidence_note"":""Same-election participating-party table, printed page 17; full name, abbreviation and Landesliste column visually verified""}]","{""decision_file"":""docs/political-data/germany_production_acceptance.json"",""reviewer"":""germany_source_review"",""reviewed_at"":""2026-10-02"",""scope"":""same_election_only_no_continuity""}"
"src-de-bwl-final-archive","6d6ea227b02a7407c594634f335b64604f1e4ec64686996cb21b4c24010a2e89:btw2009_kerg.csv:340:77","PSG","germany","2009-09-27","2009-09-27","contestant","ct-de-0064",,"manual_review","confirmed_election_specific_record","requires_manual_review","false","Official result column to persisted election-specific contestant; no cross-election or legal-entity continuity decision.","[{""source_id"":""src-de-bwl-final-archive"",""source_url"":""https://www.bundeswahlleiterin.de/dam/jcr/ce2d2b6a-f211-4355-8eea-355c98cd4e47/btw_kerg.zip"",""source_record_id"":""6d6ea227b02a7407c594634f335b64604f1e4ec64686996cb21b4c24010a2e89:btw2009_kerg.csv:340:77"",""retrieved_at"":""2026-10-01T23:21:39.584Z"",""raw_snapshot"":{""path"":""docs/political-data/raw/germany/2026-10-01T23-21-39-584Z_02e7077f9358c9ef/final-results.zip"",""sha256"":""02e7077f9358c9ef408741ee5d17123a43c28ea766b26a7ab338c08fcaeb7512""},""parser_version"":""germany-production-v1"",""parser_sha256"":""2a8eb3487f392ef83303e7fb9ff246e4c111a7e64a469a6aa9eb21461ae9b1a0"",""fields_covered"":[""second_votes"",""registered_label_native""],""published_or_derived"":""published"",""source_member"":""btw2009_kerg.csv"",""source_member_sha256"":""6d6ea227b02a7407c594634f335b64604f1e4ec64686996cb21b4c24010a2e89"",""source_column"":77},{""source_id"":""src-de-bwl-results-report-2009"",""source_url"":""https://www.bundeswahlleiter.de/dam/jcr/97eabb5b-77d7-44f8-828d-5c4740cc535d/btw09_heft5.pdf"",""source_record_id"":""src-de-bwl-results-report-2009:pdf-page:18:table:3:row:15"",""retrieved_at"":""2026-10-02T09:49:46.922Z"",""raw_snapshot"":{""path"":""docs/political-data/raw/germany/identity_results-report-2009/source.pdf"",""sha256"":""34aeabcf3dbda280c8169d538a968828a98d9bd056949bc3ea50fd8a4cab2793""},""parser_version"":""germany-production-v1"",""parser_sha256"":""2a8eb3487f392ef83303e7fb9ff246e4c111a7e64a469a6aa9eb21461ae9b1a0"",""fields_covered"":[""canonical_party_id""],""published_or_derived"":""published"",""decision_basis"":""manual review of official same-election recognition/participation and result column"",""evidence_note"":""Same-election participating-party table, printed page 17; full name, abbreviation and Landesliste column visually verified""}]","{""decision_file"":""docs/political-data/germany_production_acceptance.json"",""reviewer"":""germany_source_review"",""reviewed_at"":""2026-10-02"",""scope"":""same_election_only_no_continuity""}"
"src-de-bwl-final-archive","6d6ea227b02a7407c594634f335b64604f1e4ec64686996cb21b4c24010a2e89:btw2009_kerg.csv:340:81","Volksabstimmung","germany","2009-09-27","2009-09-27","contestant","ct-de-0065",,"manual_review","confirmed_election_specific_record","requires_manual_review","false","Official result column to persisted election-specific contestant; no cross-election or legal-entity continuity decision.","[{""source_id"":""src-de-bwl-final-archive"",""source_url"":""https://www.bundeswahlleiterin.de/dam/jcr/ce2d2b6a-f211-4355-8eea-355c98cd4e47/btw_kerg.zip"",""source_record_id"":""6d6ea227b02a7407c594634f335b64604f1e4ec64686996cb21b4c24010a2e89:btw2009_kerg.csv:340:81"",""retrieved_at"":""2026-10-01T23:21:39.584Z"",""raw_snapshot"":{""path"":""docs/political-data/raw/germany/2026-10-01T23-21-39-584Z_02e7077f9358c9ef/final-results.zip"",""sha256"":""02e7077f9358c9ef408741ee5d17123a43c28ea766b26a7ab338c08fcaeb7512""},""parser_version"":""germany-production-v1"",""parser_sha256"":""2a8eb3487f392ef83303e7fb9ff246e4c111a7e64a469a6aa9eb21461ae9b1a0"",""fields_covered"":[""second_votes"",""registered_label_native""],""published_or_derived"":""published"",""source_member"":""btw2009_kerg.csv"",""source_member_sha256"":""6d6ea227b02a7407c594634f335b64604f1e4ec64686996cb21b4c24010a2e89"",""source_column"":81},{""source_id"":""src-de-bwl-results-report-2009"",""source_url"":""https://www.bundeswahlleiter.de/dam/jcr/97eabb5b-77d7-44f8-828d-5c4740cc535d/btw09_heft5.pdf"",""source_record_id"":""src-de-bwl-results-report-2009:pdf-page:18:table:3:row:16"",""retrieved_at"":""2026-10-02T09:49:46.922Z"",""raw_snapshot"":{""path"":""docs/political-data/raw/germany/identity_results-report-2009/source.pdf"",""sha256"":""34aeabcf3dbda280c8169d538a968828a98d9bd056949bc3ea50fd8a4cab2793""},""parser_version"":""germany-production-v1"",""parser_sha256"":""2a8eb3487f392ef83303e7fb9ff246e4c111a7e64a469a6aa9eb21461ae9b1a0"",""fields_covered"":[""canonical_party_id""],""published_or_derived"":""published"",""decision_basis"":""manual review of official same-election recognition/participation and result column"",""evidence_note"":""Same-election participating-party table, printed page 17; full name, abbreviation and Landesliste column visually verified""}]","{""decision_file"":""docs/political-data/germany_production_acceptance.json"",""reviewer"":""germany_source_review"",""reviewed_at"":""2026-10-02"",""scope"":""same_election_only_no_continuity""}"
"src-de-bwl-final-archive","6d6ea227b02a7407c594634f335b64604f1e4ec64686996cb21b4c24010a2e89:btw2009_kerg.csv:340:85","ZENTRUM","germany","2009-09-27","2009-09-27","contestant","ct-de-0066",,"manual_review","confirmed_election_specific_record","requires_manual_review","false","Official result column to persisted election-specific contestant; no cross-election or legal-entity continuity decision.","[{""source_id"":""src-de-bwl-final-archive"",""source_url"":""https://www.bundeswahlleiterin.de/dam/jcr/ce2d2b6a-f211-4355-8eea-355c98cd4e47/btw_kerg.zip"",""source_record_id"":""6d6ea227b02a7407c594634f335b64604f1e4ec64686996cb21b4c24010a2e89:btw2009_kerg.csv:340:85"",""retrieved_at"":""2026-10-01T23:21:39.584Z"",""raw_snapshot"":{""path"":""docs/political-data/raw/germany/2026-10-01T23-21-39-584Z_02e7077f9358c9ef/final-results.zip"",""sha256"":""02e7077f9358c9ef408741ee5d17123a43c28ea766b26a7ab338c08fcaeb7512""},""parser_version"":""germany-production-v1"",""parser_sha256"":""2a8eb3487f392ef83303e7fb9ff246e4c111a7e64a469a6aa9eb21461ae9b1a0"",""fields_covered"":[""second_votes"",""registered_label_native""],""published_or_derived"":""published"",""source_member"":""btw2009_kerg.csv"",""source_member_sha256"":""6d6ea227b02a7407c594634f335b64604f1e4ec64686996cb21b4c24010a2e89"",""source_column"":85},{""source_id"":""src-de-bwl-results-report-2009"",""source_url"":""https://www.bundeswahlleiter.de/dam/jcr/97eabb5b-77d7-44f8-828d-5c4740cc535d/btw09_heft5.pdf"",""source_record_id"":""src-de-bwl-results-report-2009:pdf-page:18:table:3:row:17"",""retrieved_at"":""2026-10-02T09:49:46.922Z"",""raw_snapshot"":{""path"":""docs/political-data/raw/germany/identity_results-report-2009/source.pdf"",""sha256"":""34aeabcf3dbda280c8169d538a968828a98d9bd056949bc3ea50fd8a4cab2793""},""parser_version"":""germany-production-v1"",""parser_sha256"":""2a8eb3487f392ef83303e7fb9ff246e4c111a7e64a469a6aa9eb21461ae9b1a0"",""fields_covered"":[""canonical_party_id""],""published_or_derived"":""published"",""decision_basis"":""manual review of official same-election recognition/participation and result column"",""evidence_note"":""Same-election participating-party table, printed page 17; full name, abbreviation and Landesliste column visually verified""}]","{""decision_file"":""docs/political-data/germany_production_acceptance.json"",""reviewer"":""germany_source_review"",""reviewed_at"":""2026-10-02"",""scope"":""same_election_only_no_continuity""}"
"src-de-bwl-final-archive","6d6ea227b02a7407c594634f335b64604f1e4ec64686996cb21b4c24010a2e89:btw2009_kerg.csv:340:89","ADM","germany","2009-09-27","2009-09-27","contestant","ct-de-0067",,"manual_review","confirmed_election_specific_record","requires_manual_review","false","Official result column to persisted election-specific contestant; no cross-election or legal-entity continuity decision.","[{""source_id"":""src-de-bwl-final-archive"",""source_url"":""https://www.bundeswahlleiterin.de/dam/jcr/ce2d2b6a-f211-4355-8eea-355c98cd4e47/btw_kerg.zip"",""source_record_id"":""6d6ea227b02a7407c594634f335b64604f1e4ec64686996cb21b4c24010a2e89:btw2009_kerg.csv:340:89"",""retrieved_at"":""2026-10-01T23:21:39.584Z"",""raw_snapshot"":{""path"":""docs/political-data/raw/germany/2026-10-01T23-21-39-584Z_02e7077f9358c9ef/final-results.zip"",""sha256"":""02e7077f9358c9ef408741ee5d17123a43c28ea766b26a7ab338c08fcaeb7512""},""parser_version"":""germany-production-v1"",""parser_sha256"":""2a8eb3487f392ef83303e7fb9ff246e4c111a7e64a469a6aa9eb21461ae9b1a0"",""fields_covered"":[""second_votes"",""registered_label_native""],""published_or_derived"":""published"",""source_member"":""btw2009_kerg.csv"",""source_member_sha256"":""6d6ea227b02a7407c594634f335b64604f1e4ec64686996cb21b4c24010a2e89"",""source_column"":89},{""source_id"":""src-de-bwl-results-report-2009"",""source_url"":""https://www.bundeswahlleiter.de/dam/jcr/97eabb5b-77d7-44f8-828d-5c4740cc535d/btw09_heft5.pdf"",""source_record_id"":""src-de-bwl-results-report-2009:pdf-page:18:table:3:row:18"",""retrieved_at"":""2026-10-02T09:49:46.922Z"",""raw_snapshot"":{""path"":""docs/political-data/raw/germany/identity_results-report-2009/source.pdf"",""sha256"":""34aeabcf3dbda280c8169d538a968828a98d9bd056949bc3ea50fd8a4cab2793""},""parser_version"":""germany-production-v1"",""parser_sha256"":""2a8eb3487f392ef83303e7fb9ff246e4c111a7e64a469a6aa9eb21461ae9b1a0"",""fields_covered"":[""canonical_party_id""],""published_or_derived"":""published"",""decision_basis"":""manual review of official same-election recognition/participation and result column"",""evidence_note"":""Same-election participating-party table, printed page 17; full name, abbreviation and Landesliste column visually verified""}]","{""decision_file"":""docs/political-data/germany_production_acceptance.json"",""reviewer"":""germany_source_review"",""reviewed_at"":""2026-10-02"",""scope"":""same_election_only_no_continuity""}"
"src-de-bwl-final-archive","6d6ea227b02a7407c594634f335b64604f1e4ec64686996cb21b4c24010a2e89:btw2009_kerg.csv:340:93","CM","germany","2009-09-27","2009-09-27","contestant","ct-de-0068",,"manual_review","confirmed_election_specific_record","requires_manual_review","false","Official result column to persisted election-specific contestant; no cross-election or legal-entity continuity decision.","[{""source_id"":""src-de-bwl-final-archive"",""source_url"":""https://www.bundeswahlleiterin.de/dam/jcr/ce2d2b6a-f211-4355-8eea-355c98cd4e47/btw_kerg.zip"",""source_record_id"":""6d6ea227b02a7407c594634f335b64604f1e4ec64686996cb21b4c24010a2e89:btw2009_kerg.csv:340:93"",""retrieved_at"":""2026-10-01T23:21:39.584Z"",""raw_snapshot"":{""path"":""docs/political-data/raw/germany/2026-10-01T23-21-39-584Z_02e7077f9358c9ef/final-results.zip"",""sha256"":""02e7077f9358c9ef408741ee5d17123a43c28ea766b26a7ab338c08fcaeb7512""},""parser_version"":""germany-production-v1"",""parser_sha256"":""2a8eb3487f392ef83303e7fb9ff246e4c111a7e64a469a6aa9eb21461ae9b1a0"",""fields_covered"":[""second_votes"",""registered_label_native""],""published_or_derived"":""published"",""source_member"":""btw2009_kerg.csv"",""source_member_sha256"":""6d6ea227b02a7407c594634f335b64604f1e4ec64686996cb21b4c24010a2e89"",""source_column"":93},{""source_id"":""src-de-bwl-results-report-2009"",""source_url"":""https://www.bundeswahlleiter.de/dam/jcr/97eabb5b-77d7-44f8-828d-5c4740cc535d/btw09_heft5.pdf"",""source_record_id"":""src-de-bwl-results-report-2009:pdf-page:18:table:3:row:19"",""retrieved_at"":""2026-10-02T09:49:46.922Z"",""raw_snapshot"":{""path"":""docs/political-data/raw/germany/identity_results-report-2009/source.pdf"",""sha256"":""34aeabcf3dbda280c8169d538a968828a98d9bd056949bc3ea50fd8a4cab2793""},""parser_version"":""germany-production-v1"",""parser_sha256"":""2a8eb3487f392ef83303e7fb9ff246e4c111a7e64a469a6aa9eb21461ae9b1a0"",""fields_covered"":[""canonical_party_id""],""published_or_derived"":""published"",""decision_basis"":""manual review of official same-election recognition/participation and result column"",""evidence_note"":""Same-election participating-party table, printed page 17; full name, abbreviation and Landesliste column visually verified""}]","{""decision_file"":""docs/political-data/germany_production_acceptance.json"",""reviewer"":""germany_source_review"",""reviewed_at"":""2026-10-02"",""scope"":""same_election_only_no_continuity""}"
"src-de-bwl-final-archive","6d6ea227b02a7407c594634f335b64604f1e4ec64686996cb21b4c24010a2e89:btw2009_kerg.csv:340:97","DKP","germany","2009-09-27","2009-09-27","contestant","ct-de-0069",,"manual_review","confirmed_election_specific_record","requires_manual_review","false","Official result column to persisted election-specific contestant; no cross-election or legal-entity continuity decision.","[{""source_id"":""src-de-bwl-final-archive"",""source_url"":""https://www.bundeswahlleiterin.de/dam/jcr/ce2d2b6a-f211-4355-8eea-355c98cd4e47/btw_kerg.zip"",""source_record_id"":""6d6ea227b02a7407c594634f335b64604f1e4ec64686996cb21b4c24010a2e89:btw2009_kerg.csv:340:97"",""retrieved_at"":""2026-10-01T23:21:39.584Z"",""raw_snapshot"":{""path"":""docs/political-data/raw/germany/2026-10-01T23-21-39-584Z_02e7077f9358c9ef/final-results.zip"",""sha256"":""02e7077f9358c9ef408741ee5d17123a43c28ea766b26a7ab338c08fcaeb7512""},""parser_version"":""germany-production-v1"",""parser_sha256"":""2a8eb3487f392ef83303e7fb9ff246e4c111a7e64a469a6aa9eb21461ae9b1a0"",""fields_covered"":[""second_votes"",""registered_label_native""],""published_or_derived"":""published"",""source_member"":""btw2009_kerg.csv"",""source_member_sha256"":""6d6ea227b02a7407c594634f335b64604f1e4ec64686996cb21b4c24010a2e89"",""source_column"":97},{""source_id"":""src-de-bwl-results-report-2009"",""source_url"":""https://www.bundeswahlleiter.de/dam/jcr/97eabb5b-77d7-44f8-828d-5c4740cc535d/btw09_heft5.pdf"",""source_record_id"":""src-de-bwl-results-report-2009:pdf-page:18:table:3:row:20"",""retrieved_at"":""2026-10-02T09:49:46.922Z"",""raw_snapshot"":{""path"":""docs/political-data/raw/germany/identity_results-report-2009/source.pdf"",""sha256"":""34aeabcf3dbda280c8169d538a968828a98d9bd056949bc3ea50fd8a4cab2793""},""parser_version"":""germany-production-v1"",""parser_sha256"":""2a8eb3487f392ef83303e7fb9ff246e4c111a7e64a469a6aa9eb21461ae9b1a0"",""fields_covered"":[""canonical_party_id""],""published_or_derived"":""published"",""decision_basis"":""manual review of official same-election recognition/participation and result column"",""evidence_note"":""Same-election participating-party table, printed page 17; full name, abbreviation and Landesliste column visually verified""}]","{""decision_file"":""docs/political-data/germany_production_acceptance.json"",""reviewer"":""germany_source_review"",""reviewed_at"":""2026-10-02"",""scope"":""same_election_only_no_continuity""}"
"src-de-bwl-final-archive","6d6ea227b02a7407c594634f335b64604f1e4ec64686996cb21b4c24010a2e89:btw2009_kerg.csv:340:101","DVU","germany","2009-09-27","2009-09-27","contestant","ct-de-0070",,"manual_review","confirmed_election_specific_record","requires_manual_review","false","Official result column to persisted election-specific contestant; no cross-election or legal-entity continuity decision.","[{""source_id"":""src-de-bwl-final-archive"",""source_url"":""https://www.bundeswahlleiterin.de/dam/jcr/ce2d2b6a-f211-4355-8eea-355c98cd4e47/btw_kerg.zip"",""source_record_id"":""6d6ea227b02a7407c594634f335b64604f1e4ec64686996cb21b4c24010a2e89:btw2009_kerg.csv:340:101"",""retrieved_at"":""2026-10-01T23:21:39.584Z"",""raw_snapshot"":{""path"":""docs/political-data/raw/germany/2026-10-01T23-21-39-584Z_02e7077f9358c9ef/final-results.zip"",""sha256"":""02e7077f9358c9ef408741ee5d17123a43c28ea766b26a7ab338c08fcaeb7512""},""parser_version"":""germany-production-v1"",""parser_sha256"":""2a8eb3487f392ef83303e7fb9ff246e4c111a7e64a469a6aa9eb21461ae9b1a0"",""fields_covered"":[""second_votes"",""registered_label_native""],""published_or_derived"":""published"",""source_member"":""btw2009_kerg.csv"",""source_member_sha256"":""6d6ea227b02a7407c594634f335b64604f1e4ec64686996cb21b4c24010a2e89"",""source_column"":101},{""source_id"":""src-de-bwl-results-report-2009"",""source_url"":""https://www.bundeswahlleiter.de/dam/jcr/97eabb5b-77d7-44f8-828d-5c4740cc535d/btw09_heft5.pdf"",""source_record_id"":""src-de-bwl-results-report-2009:pdf-page:18:table:3:row:21"",""retrieved_at"":""2026-10-02T09:49:46.922Z"",""raw_snapshot"":{""path"":""docs/political-data/raw/germany/identity_results-report-2009/source.pdf"",""sha256"":""34aeabcf3dbda280c8169d538a968828a98d9bd056949bc3ea50fd8a4cab2793""},""parser_version"":""germany-production-v1"",""parser_sha256"":""2a8eb3487f392ef83303e7fb9ff246e4c111a7e64a469a6aa9eb21461ae9b1a0"",""fields_covered"":[""canonical_party_id""],""published_or_derived"":""published"",""decision_basis"":""manual review of official same-election recognition/participation and result column"",""evidence_note"":""Same-election participating-party table, printed page 17; full name, abbreviation and Landesliste column visually verified""}]","{""decision_file"":""docs/political-data/germany_production_acceptance.json"",""reviewer"":""germany_source_review"",""reviewed_at"":""2026-10-02"",""scope"":""same_election_only_no_continuity""}"
"src-de-bwl-final-archive","6d6ea227b02a7407c594634f335b64604f1e4ec64686996cb21b4c24010a2e89:btw2009_kerg.csv:340:105","DIE VIOLETTEN","germany","2009-09-27","2009-09-27","contestant","ct-de-0071",,"manual_review","confirmed_election_specific_record","requires_manual_review","false","Official result column to persisted election-specific contestant; no cross-election or legal-entity continuity decision.","[{""source_id"":""src-de-bwl-final-archive"",""source_url"":""https://www.bundeswahlleiterin.de/dam/jcr/ce2d2b6a-f211-4355-8eea-355c98cd4e47/btw_kerg.zip"",""source_record_id"":""6d6ea227b02a7407c594634f335b64604f1e4ec64686996cb21b4c24010a2e89:btw2009_kerg.csv:340:105"",""retrieved_at"":""2026-10-01T23:21:39.584Z"",""raw_snapshot"":{""path"":""docs/political-data/raw/germany/2026-10-01T23-21-39-584Z_02e7077f9358c9ef/final-results.zip"",""sha256"":""02e7077f9358c9ef408741ee5d17123a43c28ea766b26a7ab338c08fcaeb7512""},""parser_version"":""germany-production-v1"",""parser_sha256"":""2a8eb3487f392ef83303e7fb9ff246e4c111a7e64a469a6aa9eb21461ae9b1a0"",""fields_covered"":[""second_votes"",""registered_label_native""],""published_or_derived"":""published"",""source_member"":""btw2009_kerg.csv"",""source_member_sha256"":""6d6ea227b02a7407c594634f335b64604f1e4ec64686996cb21b4c24010a2e89"",""source_column"":105},{""source_id"":""src-de-bwl-results-report-2009"",""source_url"":""https://www.bundeswahlleiter.de/dam/jcr/97eabb5b-77d7-44f8-828d-5c4740cc535d/btw09_heft5.pdf"",""source_record_id"":""src-de-bwl-results-report-2009:pdf-page:18:table:3:row:22"",""retrieved_at"":""2026-10-02T09:49:46.922Z"",""raw_snapshot"":{""path"":""docs/political-data/raw/germany/identity_results-report-2009/source.pdf"",""sha256"":""34aeabcf3dbda280c8169d538a968828a98d9bd056949bc3ea50fd8a4cab2793""},""parser_version"":""germany-production-v1"",""parser_sha256"":""2a8eb3487f392ef83303e7fb9ff246e4c111a7e64a469a6aa9eb21461ae9b1a0"",""fields_covered"":[""canonical_party_id""],""published_or_derived"":""published"",""decision_basis"":""manual review of official same-election recognition/participation and result column"",""evidence_note"":""Same-election participating-party table, printed page 17; full name, abbreviation and Landesliste column visually verified""}]","{""decision_file"":""docs/political-data/germany_production_acceptance.json"",""reviewer"":""germany_source_review"",""reviewed_at"":""2026-10-02"",""scope"":""same_election_only_no_continuity""}"
"src-de-bwl-final-archive","6d6ea227b02a7407c594634f335b64604f1e4ec64686996cb21b4c24010a2e89:btw2009_kerg.csv:340:109","FWD","germany","2009-09-27","2009-09-27","contestant","ct-de-0072",,"manual_review","confirmed_election_specific_record","requires_manual_review","false","Official result column to persisted election-specific contestant; no cross-election or legal-entity continuity decision.","[{""source_id"":""src-de-bwl-final-archive"",""source_url"":""https://www.bundeswahlleiterin.de/dam/jcr/ce2d2b6a-f211-4355-8eea-355c98cd4e47/btw_kerg.zip"",""source_record_id"":""6d6ea227b02a7407c594634f335b64604f1e4ec64686996cb21b4c24010a2e89:btw2009_kerg.csv:340:109"",""retrieved_at"":""2026-10-01T23:21:39.584Z"",""raw_snapshot"":{""path"":""docs/political-data/raw/germany/2026-10-01T23-21-39-584Z_02e7077f9358c9ef/final-results.zip"",""sha256"":""02e7077f9358c9ef408741ee5d17123a43c28ea766b26a7ab338c08fcaeb7512""},""parser_version"":""germany-production-v1"",""parser_sha256"":""2a8eb3487f392ef83303e7fb9ff246e4c111a7e64a469a6aa9eb21461ae9b1a0"",""fields_covered"":[""second_votes"",""registered_label_native""],""published_or_derived"":""published"",""source_member"":""btw2009_kerg.csv"",""source_member_sha256"":""6d6ea227b02a7407c594634f335b64604f1e4ec64686996cb21b4c24010a2e89"",""source_column"":109},{""source_id"":""src-de-bwl-results-report-2009"",""source_url"":""https://www.bundeswahlleiter.de/dam/jcr/97eabb5b-77d7-44f8-828d-5c4740cc535d/btw09_heft5.pdf"",""source_record_id"":""src-de-bwl-results-report-2009:pdf-page:18:table:3:row:23"",""retrieved_at"":""2026-10-02T09:49:46.922Z"",""raw_snapshot"":{""path"":""docs/political-data/raw/germany/identity_results-report-2009/source.pdf"",""sha256"":""34aeabcf3dbda280c8169d538a968828a98d9bd056949bc3ea50fd8a4cab2793""},""parser_version"":""germany-production-v1"",""parser_sha256"":""2a8eb3487f392ef83303e7fb9ff246e4c111a7e64a469a6aa9eb21461ae9b1a0"",""fields_covered"":[""canonical_party_id""],""published_or_derived"":""published"",""decision_basis"":""manual review of official same-election recognition/participation and result column"",""evidence_note"":""Same-election participating-party table, printed page 17; full name, abbreviation and Landesliste column visually verified""}]","{""decision_file"":""docs/political-data/germany_production_acceptance.json"",""reviewer"":""germany_source_review"",""reviewed_at"":""2026-10-02"",""scope"":""same_election_only_no_continuity""}"
"src-de-bwl-final-archive","6d6ea227b02a7407c594634f335b64604f1e4ec64686996cb21b4c24010a2e89:btw2009_kerg.csv:340:113","ödp","germany","2009-09-27","2009-09-27","contestant","ct-de-0073",,"manual_review","confirmed_election_specific_record","requires_manual_review","false","Official result column to persisted election-specific contestant; no cross-election or legal-entity continuity decision.","[{""source_id"":""src-de-bwl-final-archive"",""source_url"":""https://www.bundeswahlleiterin.de/dam/jcr/ce2d2b6a-f211-4355-8eea-355c98cd4e47/btw_kerg.zip"",""source_record_id"":""6d6ea227b02a7407c594634f335b64604f1e4ec64686996cb21b4c24010a2e89:btw2009_kerg.csv:340:113"",""retrieved_at"":""2026-10-01T23:21:39.584Z"",""raw_snapshot"":{""path"":""docs/political-data/raw/germany/2026-10-01T23-21-39-584Z_02e7077f9358c9ef/final-results.zip"",""sha256"":""02e7077f9358c9ef408741ee5d17123a43c28ea766b26a7ab338c08fcaeb7512""},""parser_version"":""germany-production-v1"",""parser_sha256"":""2a8eb3487f392ef83303e7fb9ff246e4c111a7e64a469a6aa9eb21461ae9b1a0"",""fields_covered"":[""second_votes"",""registered_label_native""],""published_or_derived"":""published"",""source_member"":""btw2009_kerg.csv"",""source_member_sha256"":""6d6ea227b02a7407c594634f335b64604f1e4ec64686996cb21b4c24010a2e89"",""source_column"":113},{""source_id"":""src-de-bwl-results-report-2009"",""source_url"":""https://www.bundeswahlleiter.de/dam/jcr/97eabb5b-77d7-44f8-828d-5c4740cc535d/btw09_heft5.pdf"",""source_record_id"":""src-de-bwl-results-report-2009:pdf-page:18:table:3:row:24"",""retrieved_at"":""2026-10-02T09:49:46.922Z"",""raw_snapshot"":{""path"":""docs/political-data/raw/germany/identity_results-report-2009/source.pdf"",""sha256"":""34aeabcf3dbda280c8169d538a968828a98d9bd056949bc3ea50fd8a4cab2793""},""parser_version"":""germany-production-v1"",""parser_sha256"":""2a8eb3487f392ef83303e7fb9ff246e4c111a7e64a469a6aa9eb21461ae9b1a0"",""fields_covered"":[""canonical_party_id""],""published_or_derived"":""published"",""decision_basis"":""manual review of official same-election recognition/participation and result column"",""evidence_note"":""Same-election participating-party table, printed page 17; full name, abbreviation and Landesliste column visually verified""}]","{""decision_file"":""docs/political-data/germany_production_acceptance.json"",""reviewer"":""germany_source_review"",""reviewed_at"":""2026-10-02"",""scope"":""same_election_only_no_continuity""}"
"src-de-bwl-final-archive","6d6ea227b02a7407c594634f335b64604f1e4ec64686996cb21b4c24010a2e89:btw2009_kerg.csv:340:117","PIRATEN","germany","2009-09-27","2009-09-27","contestant","ct-de-0074",,"manual_review","confirmed_election_specific_record","requires_manual_review","false","Official result column to persisted election-specific contestant; no cross-election or legal-entity continuity decision.","[{""source_id"":""src-de-bwl-final-archive"",""source_url"":""https://www.bundeswahlleiterin.de/dam/jcr/ce2d2b6a-f211-4355-8eea-355c98cd4e47/btw_kerg.zip"",""source_record_id"":""6d6ea227b02a7407c594634f335b64604f1e4ec64686996cb21b4c24010a2e89:btw2009_kerg.csv:340:117"",""retrieved_at"":""2026-10-01T23:21:39.584Z"",""raw_snapshot"":{""path"":""docs/political-data/raw/germany/2026-10-01T23-21-39-584Z_02e7077f9358c9ef/final-results.zip"",""sha256"":""02e7077f9358c9ef408741ee5d17123a43c28ea766b26a7ab338c08fcaeb7512""},""parser_version"":""germany-production-v1"",""parser_sha256"":""2a8eb3487f392ef83303e7fb9ff246e4c111a7e64a469a6aa9eb21461ae9b1a0"",""fields_covered"":[""second_votes"",""registered_label_native""],""published_or_derived"":""published"",""source_member"":""btw2009_kerg.csv"",""source_member_sha256"":""6d6ea227b02a7407c594634f335b64604f1e4ec64686996cb21b4c24010a2e89"",""source_column"":117},{""source_id"":""src-de-bwl-results-report-2009"",""source_url"":""https://www.bundeswahlleiter.de/dam/jcr/97eabb5b-77d7-44f8-828d-5c4740cc535d/btw09_heft5.pdf"",""source_record_id"":""src-de-bwl-results-report-2009:pdf-page:18:table:3:row:25"",""retrieved_at"":""2026-10-02T09:49:46.922Z"",""raw_snapshot"":{""path"":""docs/political-data/raw/germany/identity_results-report-2009/source.pdf"",""sha256"":""34aeabcf3dbda280c8169d538a968828a98d9bd056949bc3ea50fd8a4cab2793""},""parser_version"":""germany-production-v1"",""parser_sha256"":""2a8eb3487f392ef83303e7fb9ff246e4c111a7e64a469a6aa9eb21461ae9b1a0"",""fields_covered"":[""canonical_party_id""],""published_or_derived"":""published"",""decision_basis"":""manual review of official same-election recognition/participation and result column"",""evidence_note"":""Same-election participating-party table, printed page 17; full name, abbreviation and Landesliste column visually verified""}]","{""decision_file"":""docs/political-data/germany_production_acceptance.json"",""reviewer"":""germany_source_review"",""reviewed_at"":""2026-10-02"",""scope"":""same_election_only_no_continuity""}"
"src-de-bwl-final-archive","6d6ea227b02a7407c594634f335b64604f1e4ec64686996cb21b4c24010a2e89:btw2009_kerg.csv:340:121","RRP","germany","2009-09-27","2009-09-27","contestant","ct-de-0075",,"manual_review","confirmed_election_specific_record","requires_manual_review","false","Official result column to persisted election-specific contestant; no cross-election or legal-entity continuity decision.","[{""source_id"":""src-de-bwl-final-archive"",""source_url"":""https://www.bundeswahlleiterin.de/dam/jcr/ce2d2b6a-f211-4355-8eea-355c98cd4e47/btw_kerg.zip"",""source_record_id"":""6d6ea227b02a7407c594634f335b64604f1e4ec64686996cb21b4c24010a2e89:btw2009_kerg.csv:340:121"",""retrieved_at"":""2026-10-01T23:21:39.584Z"",""raw_snapshot"":{""path"":""docs/political-data/raw/germany/2026-10-01T23-21-39-584Z_02e7077f9358c9ef/final-results.zip"",""sha256"":""02e7077f9358c9ef408741ee5d17123a43c28ea766b26a7ab338c08fcaeb7512""},""parser_version"":""germany-production-v1"",""parser_sha256"":""2a8eb3487f392ef83303e7fb9ff246e4c111a7e64a469a6aa9eb21461ae9b1a0"",""fields_covered"":[""second_votes"",""registered_label_native""],""published_or_derived"":""published"",""source_member"":""btw2009_kerg.csv"",""source_member_sha256"":""6d6ea227b02a7407c594634f335b64604f1e4ec64686996cb21b4c24010a2e89"",""source_column"":121},{""source_id"":""src-de-bwl-results-report-2009"",""source_url"":""https://www.bundeswahlleiter.de/dam/jcr/97eabb5b-77d7-44f8-828d-5c4740cc535d/btw09_heft5.pdf"",""source_record_id"":""src-de-bwl-results-report-2009:pdf-page:18:table:3:row:26"",""retrieved_at"":""2026-10-02T09:49:46.922Z"",""raw_snapshot"":{""path"":""docs/political-data/raw/germany/identity_results-report-2009/source.pdf"",""sha256"":""34aeabcf3dbda280c8169d538a968828a98d9bd056949bc3ea50fd8a4cab2793""},""parser_version"":""germany-production-v1"",""parser_sha256"":""2a8eb3487f392ef83303e7fb9ff246e4c111a7e64a469a6aa9eb21461ae9b1a0"",""fields_covered"":[""canonical_party_id""],""published_or_derived"":""published"",""decision_basis"":""manual review of official same-election recognition/participation and result column"",""evidence_note"":""Same-election participating-party table, printed page 17; full name, abbreviation and Landesliste column visually verified""}]","{""decision_file"":""docs/political-data/germany_production_acceptance.json"",""reviewer"":""germany_source_review"",""reviewed_at"":""2026-10-02"",""scope"":""same_election_only_no_continuity""}"
"src-de-bwl-final-archive","6d6ea227b02a7407c594634f335b64604f1e4ec64686996cb21b4c24010a2e89:btw2009_kerg.csv:340:125","RENTNER","germany","2009-09-27","2009-09-27","contestant","ct-de-0076",,"manual_review","confirmed_election_specific_record","requires_manual_review","false","Official result column to persisted election-specific contestant; no cross-election or legal-entity continuity decision.","[{""source_id"":""src-de-bwl-final-archive"",""source_url"":""https://www.bundeswahlleiterin.de/dam/jcr/ce2d2b6a-f211-4355-8eea-355c98cd4e47/btw_kerg.zip"",""source_record_id"":""6d6ea227b02a7407c594634f335b64604f1e4ec64686996cb21b4c24010a2e89:btw2009_kerg.csv:340:125"",""retrieved_at"":""2026-10-01T23:21:39.584Z"",""raw_snapshot"":{""path"":""docs/political-data/raw/germany/2026-10-01T23-21-39-584Z_02e7077f9358c9ef/final-results.zip"",""sha256"":""02e7077f9358c9ef408741ee5d17123a43c28ea766b26a7ab338c08fcaeb7512""},""parser_version"":""germany-production-v1"",""parser_sha256"":""2a8eb3487f392ef83303e7fb9ff246e4c111a7e64a469a6aa9eb21461ae9b1a0"",""fields_covered"":[""second_votes"",""registered_label_native""],""published_or_derived"":""published"",""source_member"":""btw2009_kerg.csv"",""source_member_sha256"":""6d6ea227b02a7407c594634f335b64604f1e4ec64686996cb21b4c24010a2e89"",""source_column"":125},{""source_id"":""src-de-bwl-results-report-2009"",""source_url"":""https://www.bundeswahlleiter.de/dam/jcr/97eabb5b-77d7-44f8-828d-5c4740cc535d/btw09_heft5.pdf"",""source_record_id"":""src-de-bwl-results-report-2009:pdf-page:18:table:3:row:27"",""retrieved_at"":""2026-10-02T09:49:46.922Z"",""raw_snapshot"":{""path"":""docs/political-data/raw/germany/identity_results-report-2009/source.pdf"",""sha256"":""34aeabcf3dbda280c8169d538a968828a98d9bd056949bc3ea50fd8a4cab2793""},""parser_version"":""germany-production-v1"",""parser_sha256"":""2a8eb3487f392ef83303e7fb9ff246e4c111a7e64a469a6aa9eb21461ae9b1a0"",""fields_covered"":[""canonical_party_id""],""published_or_derived"":""published"",""decision_basis"":""manual review of official same-election recognition/participation and result column"",""evidence_note"":""Same-election participating-party table, printed page 17; full name, abbreviation and Landesliste column visually verified""}]","{""decision_file"":""docs/political-data/germany_production_acceptance.json"",""reviewer"":""germany_source_review"",""reviewed_at"":""2026-10-02"",""scope"":""same_election_only_no_continuity""}"
"src-de-bwl-final-archive","af1d7f449974be160ffbbcc359bee00b73fb538a279f7ded5ea99b5b13bfcfbe:btw2013_kerg.csv:340:21","CDU","germany","2013-09-22","2013-09-22","contestant","ct-de-0077",,"manual_review","confirmed_election_specific_record","requires_manual_review","false","Official result column to persisted election-specific contestant; no cross-election or legal-entity continuity decision.","[{""source_id"":""src-de-bwl-final-archive"",""source_url"":""https://www.bundeswahlleiterin.de/dam/jcr/ce2d2b6a-f211-4355-8eea-355c98cd4e47/btw_kerg.zip"",""source_record_id"":""af1d7f449974be160ffbbcc359bee00b73fb538a279f7ded5ea99b5b13bfcfbe:btw2013_kerg.csv:340:21"",""retrieved_at"":""2026-10-01T23:21:39.584Z"",""raw_snapshot"":{""path"":""docs/political-data/raw/germany/2026-10-01T23-21-39-584Z_02e7077f9358c9ef/final-results.zip"",""sha256"":""02e7077f9358c9ef408741ee5d17123a43c28ea766b26a7ab338c08fcaeb7512""},""parser_version"":""germany-production-v1"",""parser_sha256"":""2a8eb3487f392ef83303e7fb9ff246e4c111a7e64a469a6aa9eb21461ae9b1a0"",""fields_covered"":[""second_votes"",""registered_label_native""],""published_or_derived"":""published"",""source_member"":""btw2013_kerg.csv"",""source_member_sha256"":""af1d7f449974be160ffbbcc359bee00b73fb538a279f7ded5ea99b5b13bfcfbe"",""source_column"":21},{""source_id"":""src-de-bwl-recognition-2013"",""source_url"":""https://www.bundeswahlleiterin.de/info/presse/mitteilungen/bundestagswahl-2013/2013-07-05-38-parteien-koennen-an-der-bundestagswahl-2013-teilnehmen.html"",""source_record_id"":""src-de-bwl-recognition-2013:list:1:item:1"",""retrieved_at"":""2026-10-02T09:41:54.242Z"",""raw_snapshot"":{""path"":""docs/political-data/raw/germany/recognition_2013/recognition.html"",""sha256"":""f6225ec25ade267119b4407d531d33a969296ff08eadafb9ffbbb7a6246ebc48""},""parser_version"":""germany-production-v1"",""parser_sha256"":""2a8eb3487f392ef83303e7fb9ff246e4c111a7e64a469a6aa9eb21461ae9b1a0"",""fields_covered"":[""canonical_party_id""],""published_or_derived"":""published"",""decision_basis"":""manual review of official same-election recognition/participation and result column"",""evidence_note"":""Official same-election recognition declaration; list ordering is not a durable identifier""}]","{""decision_file"":""docs/political-data/germany_production_acceptance.json"",""reviewer"":""germany_source_review"",""reviewed_at"":""2026-10-02"",""scope"":""same_election_only_no_continuity""}"
"src-de-bwl-final-archive","af1d7f449974be160ffbbcc359bee00b73fb538a279f7ded5ea99b5b13bfcfbe:btw2013_kerg.csv:340:25","SPD","germany","2013-09-22","2013-09-22","contestant","ct-de-0078",,"manual_review","confirmed_election_specific_record","requires_manual_review","false","Official result column to persisted election-specific contestant; no cross-election or legal-entity continuity decision.","[{""source_id"":""src-de-bwl-final-archive"",""source_url"":""https://www.bundeswahlleiterin.de/dam/jcr/ce2d2b6a-f211-4355-8eea-355c98cd4e47/btw_kerg.zip"",""source_record_id"":""af1d7f449974be160ffbbcc359bee00b73fb538a279f7ded5ea99b5b13bfcfbe:btw2013_kerg.csv:340:25"",""retrieved_at"":""2026-10-01T23:21:39.584Z"",""raw_snapshot"":{""path"":""docs/political-data/raw/germany/2026-10-01T23-21-39-584Z_02e7077f9358c9ef/final-results.zip"",""sha256"":""02e7077f9358c9ef408741ee5d17123a43c28ea766b26a7ab338c08fcaeb7512""},""parser_version"":""germany-production-v1"",""parser_sha256"":""2a8eb3487f392ef83303e7fb9ff246e4c111a7e64a469a6aa9eb21461ae9b1a0"",""fields_covered"":[""second_votes"",""registered_label_native""],""published_or_derived"":""published"",""source_member"":""btw2013_kerg.csv"",""source_member_sha256"":""af1d7f449974be160ffbbcc359bee00b73fb538a279f7ded5ea99b5b13bfcfbe"",""source_column"":25},{""source_id"":""src-de-bwl-recognition-2013"",""source_url"":""https://www.bundeswahlleiterin.de/info/presse/mitteilungen/bundestagswahl-2013/2013-07-05-38-parteien-koennen-an-der-bundestagswahl-2013-teilnehmen.html"",""source_record_id"":""src-de-bwl-recognition-2013:list:1:item:2"",""retrieved_at"":""2026-10-02T09:41:54.242Z"",""raw_snapshot"":{""path"":""docs/political-data/raw/germany/recognition_2013/recognition.html"",""sha256"":""f6225ec25ade267119b4407d531d33a969296ff08eadafb9ffbbb7a6246ebc48""},""parser_version"":""germany-production-v1"",""parser_sha256"":""2a8eb3487f392ef83303e7fb9ff246e4c111a7e64a469a6aa9eb21461ae9b1a0"",""fields_covered"":[""canonical_party_id""],""published_or_derived"":""published"",""decision_basis"":""manual review of official same-election recognition/participation and result column"",""evidence_note"":""Official same-election recognition declaration; list ordering is not a durable identifier""}]","{""decision_file"":""docs/political-data/germany_production_acceptance.json"",""reviewer"":""germany_source_review"",""reviewed_at"":""2026-10-02"",""scope"":""same_election_only_no_continuity""}"
"src-de-bwl-final-archive","af1d7f449974be160ffbbcc359bee00b73fb538a279f7ded5ea99b5b13bfcfbe:btw2013_kerg.csv:340:29","FDP","germany","2013-09-22","2013-09-22","contestant","ct-de-0079",,"manual_review","confirmed_election_specific_record","requires_manual_review","false","Official result column to persisted election-specific contestant; no cross-election or legal-entity continuity decision.","[{""source_id"":""src-de-bwl-final-archive"",""source_url"":""https://www.bundeswahlleiterin.de/dam/jcr/ce2d2b6a-f211-4355-8eea-355c98cd4e47/btw_kerg.zip"",""source_record_id"":""af1d7f449974be160ffbbcc359bee00b73fb538a279f7ded5ea99b5b13bfcfbe:btw2013_kerg.csv:340:29"",""retrieved_at"":""2026-10-01T23:21:39.584Z"",""raw_snapshot"":{""path"":""docs/political-data/raw/germany/2026-10-01T23-21-39-584Z_02e7077f9358c9ef/final-results.zip"",""sha256"":""02e7077f9358c9ef408741ee5d17123a43c28ea766b26a7ab338c08fcaeb7512""},""parser_version"":""germany-production-v1"",""parser_sha256"":""2a8eb3487f392ef83303e7fb9ff246e4c111a7e64a469a6aa9eb21461ae9b1a0"",""fields_covered"":[""second_votes"",""registered_label_native""],""published_or_derived"":""published"",""source_member"":""btw2013_kerg.csv"",""source_member_sha256"":""af1d7f449974be160ffbbcc359bee00b73fb538a279f7ded5ea99b5b13bfcfbe"",""source_column"":29},{""source_id"":""src-de-bwl-recognition-2013"",""source_url"":""https://www.bundeswahlleiterin.de/info/presse/mitteilungen/bundestagswahl-2013/2013-07-05-38-parteien-koennen-an-der-bundestagswahl-2013-teilnehmen.html"",""source_record_id"":""src-de-bwl-recognition-2013:list:1:item:3"",""retrieved_at"":""2026-10-02T09:41:54.242Z"",""raw_snapshot"":{""path"":""docs/political-data/raw/germany/recognition_2013/recognition.html"",""sha256"":""f6225ec25ade267119b4407d531d33a969296ff08eadafb9ffbbb7a6246ebc48""},""parser_version"":""germany-production-v1"",""parser_sha256"":""2a8eb3487f392ef83303e7fb9ff246e4c111a7e64a469a6aa9eb21461ae9b1a0"",""fields_covered"":[""canonical_party_id""],""published_or_derived"":""published"",""decision_basis"":""manual review of official same-election recognition/participation and result column"",""evidence_note"":""Official same-election recognition declaration; list ordering is not a durable identifier""}]","{""decision_file"":""docs/political-data/germany_production_acceptance.json"",""reviewer"":""germany_source_review"",""reviewed_at"":""2026-10-02"",""scope"":""same_election_only_no_continuity""}"
"src-de-bwl-final-archive","af1d7f449974be160ffbbcc359bee00b73fb538a279f7ded5ea99b5b13bfcfbe:btw2013_kerg.csv:340:33","DIE LINKE","germany","2013-09-22","2013-09-22","contestant","ct-de-0080",,"manual_review","confirmed_election_specific_record","requires_manual_review","false","Official result column to persisted election-specific contestant; no cross-election or legal-entity continuity decision.","[{""source_id"":""src-de-bwl-final-archive"",""source_url"":""https://www.bundeswahlleiterin.de/dam/jcr/ce2d2b6a-f211-4355-8eea-355c98cd4e47/btw_kerg.zip"",""source_record_id"":""af1d7f449974be160ffbbcc359bee00b73fb538a279f7ded5ea99b5b13bfcfbe:btw2013_kerg.csv:340:33"",""retrieved_at"":""2026-10-01T23:21:39.584Z"",""raw_snapshot"":{""path"":""docs/political-data/raw/germany/2026-10-01T23-21-39-584Z_02e7077f9358c9ef/final-results.zip"",""sha256"":""02e7077f9358c9ef408741ee5d17123a43c28ea766b26a7ab338c08fcaeb7512""},""parser_version"":""germany-production-v1"",""parser_sha256"":""2a8eb3487f392ef83303e7fb9ff246e4c111a7e64a469a6aa9eb21461ae9b1a0"",""fields_covered"":[""second_votes"",""registered_label_native""],""published_or_derived"":""published"",""source_member"":""btw2013_kerg.csv"",""source_member_sha256"":""af1d7f449974be160ffbbcc359bee00b73fb538a279f7ded5ea99b5b13bfcfbe"",""source_column"":33},{""source_id"":""src-de-bwl-recognition-2013"",""source_url"":""https://www.bundeswahlleiterin.de/info/presse/mitteilungen/bundestagswahl-2013/2013-07-05-38-parteien-koennen-an-der-bundestagswahl-2013-teilnehmen.html"",""source_record_id"":""src-de-bwl-recognition-2013:list:1:item:4"",""retrieved_at"":""2026-10-02T09:41:54.242Z"",""raw_snapshot"":{""path"":""docs/political-data/raw/germany/recognition_2013/recognition.html"",""sha256"":""f6225ec25ade267119b4407d531d33a969296ff08eadafb9ffbbb7a6246ebc48""},""parser_version"":""germany-production-v1"",""parser_sha256"":""2a8eb3487f392ef83303e7fb9ff246e4c111a7e64a469a6aa9eb21461ae9b1a0"",""fields_covered"":[""canonical_party_id""],""published_or_derived"":""published"",""decision_basis"":""manual review of official same-election recognition/participation and result column"",""evidence_note"":""Official same-election recognition declaration; list ordering is not a durable identifier""}]","{""decision_file"":""docs/political-data/germany_production_acceptance.json"",""reviewer"":""germany_source_review"",""reviewed_at"":""2026-10-02"",""scope"":""same_election_only_no_continuity""}"
"src-de-bwl-final-archive","af1d7f449974be160ffbbcc359bee00b73fb538a279f7ded5ea99b5b13bfcfbe:btw2013_kerg.csv:340:37","GRÜNE","germany","2013-09-22","2013-09-22","contestant","ct-de-0081",,"manual_review","confirmed_election_specific_record","requires_manual_review","false","Official result column to persisted election-specific contestant; no cross-election or legal-entity continuity decision.","[{""source_id"":""src-de-bwl-final-archive"",""source_url"":""https://www.bundeswahlleiterin.de/dam/jcr/ce2d2b6a-f211-4355-8eea-355c98cd4e47/btw_kerg.zip"",""source_record_id"":""af1d7f449974be160ffbbcc359bee00b73fb538a279f7ded5ea99b5b13bfcfbe:btw2013_kerg.csv:340:37"",""retrieved_at"":""2026-10-01T23:21:39.584Z"",""raw_snapshot"":{""path"":""docs/political-data/raw/germany/2026-10-01T23-21-39-584Z_02e7077f9358c9ef/final-results.zip"",""sha256"":""02e7077f9358c9ef408741ee5d17123a43c28ea766b26a7ab338c08fcaeb7512""},""parser_version"":""germany-production-v1"",""parser_sha256"":""2a8eb3487f392ef83303e7fb9ff246e4c111a7e64a469a6aa9eb21461ae9b1a0"",""fields_covered"":[""second_votes"",""registered_label_native""],""published_or_derived"":""published"",""source_member"":""btw2013_kerg.csv"",""source_member_sha256"":""af1d7f449974be160ffbbcc359bee00b73fb538a279f7ded5ea99b5b13bfcfbe"",""source_column"":37},{""source_id"":""src-de-bwl-recognition-2013"",""source_url"":""https://www.bundeswahlleiterin.de/info/presse/mitteilungen/bundestagswahl-2013/2013-07-05-38-parteien-koennen-an-der-bundestagswahl-2013-teilnehmen.html"",""source_record_id"":""src-de-bwl-recognition-2013:list:1:item:5"",""retrieved_at"":""2026-10-02T09:41:54.242Z"",""raw_snapshot"":{""path"":""docs/political-data/raw/germany/recognition_2013/recognition.html"",""sha256"":""f6225ec25ade267119b4407d531d33a969296ff08eadafb9ffbbb7a6246ebc48""},""parser_version"":""germany-production-v1"",""parser_sha256"":""2a8eb3487f392ef83303e7fb9ff246e4c111a7e64a469a6aa9eb21461ae9b1a0"",""fields_covered"":[""canonical_party_id""],""published_or_derived"":""published"",""decision_basis"":""manual review of official same-election recognition/participation and result column"",""evidence_note"":""Official same-election recognition declaration; list ordering is not a durable identifier""}]","{""decision_file"":""docs/political-data/germany_production_acceptance.json"",""reviewer"":""germany_source_review"",""reviewed_at"":""2026-10-02"",""scope"":""same_election_only_no_continuity""}"
"src-de-bwl-final-archive","af1d7f449974be160ffbbcc359bee00b73fb538a279f7ded5ea99b5b13bfcfbe:btw2013_kerg.csv:340:41","CSU","germany","2013-09-22","2013-09-22","contestant","ct-de-0082",,"manual_review","confirmed_election_specific_record","requires_manual_review","false","Official result column to persisted election-specific contestant; no cross-election or legal-entity continuity decision.","[{""source_id"":""src-de-bwl-final-archive"",""source_url"":""https://www.bundeswahlleiterin.de/dam/jcr/ce2d2b6a-f211-4355-8eea-355c98cd4e47/btw_kerg.zip"",""source_record_id"":""af1d7f449974be160ffbbcc359bee00b73fb538a279f7ded5ea99b5b13bfcfbe:btw2013_kerg.csv:340:41"",""retrieved_at"":""2026-10-01T23:21:39.584Z"",""raw_snapshot"":{""path"":""docs/political-data/raw/germany/2026-10-01T23-21-39-584Z_02e7077f9358c9ef/final-results.zip"",""sha256"":""02e7077f9358c9ef408741ee5d17123a43c28ea766b26a7ab338c08fcaeb7512""},""parser_version"":""germany-production-v1"",""parser_sha256"":""2a8eb3487f392ef83303e7fb9ff246e4c111a7e64a469a6aa9eb21461ae9b1a0"",""fields_covered"":[""second_votes"",""registered_label_native""],""published_or_derived"":""published"",""source_member"":""btw2013_kerg.csv"",""source_member_sha256"":""af1d7f449974be160ffbbcc359bee00b73fb538a279f7ded5ea99b5b13bfcfbe"",""source_column"":41},{""source_id"":""src-de-bwl-recognition-2013"",""source_url"":""https://www.bundeswahlleiterin.de/info/presse/mitteilungen/bundestagswahl-2013/2013-07-05-38-parteien-koennen-an-der-bundestagswahl-2013-teilnehmen.html"",""source_record_id"":""src-de-bwl-recognition-2013:list:1:item:6"",""retrieved_at"":""2026-10-02T09:41:54.242Z"",""raw_snapshot"":{""path"":""docs/political-data/raw/germany/recognition_2013/recognition.html"",""sha256"":""f6225ec25ade267119b4407d531d33a969296ff08eadafb9ffbbb7a6246ebc48""},""parser_version"":""germany-production-v1"",""parser_sha256"":""2a8eb3487f392ef83303e7fb9ff246e4c111a7e64a469a6aa9eb21461ae9b1a0"",""fields_covered"":[""canonical_party_id""],""published_or_derived"":""published"",""decision_basis"":""manual review of official same-election recognition/participation and result column"",""evidence_note"":""Official same-election recognition declaration; list ordering is not a durable identifier""}]","{""decision_file"":""docs/political-data/germany_production_acceptance.json"",""reviewer"":""germany_source_review"",""reviewed_at"":""2026-10-02"",""scope"":""same_election_only_no_continuity""}"
"src-de-bwl-final-archive","af1d7f449974be160ffbbcc359bee00b73fb538a279f7ded5ea99b5b13bfcfbe:btw2013_kerg.csv:340:45","PIRATEN","germany","2013-09-22","2013-09-22","contestant","ct-de-0083",,"manual_review","confirmed_election_specific_record","requires_manual_review","false","Official result column to persisted election-specific contestant; no cross-election or legal-entity continuity decision.","[{""source_id"":""src-de-bwl-final-archive"",""source_url"":""https://www.bundeswahlleiterin.de/dam/jcr/ce2d2b6a-f211-4355-8eea-355c98cd4e47/btw_kerg.zip"",""source_record_id"":""af1d7f449974be160ffbbcc359bee00b73fb538a279f7ded5ea99b5b13bfcfbe:btw2013_kerg.csv:340:45"",""retrieved_at"":""2026-10-01T23:21:39.584Z"",""raw_snapshot"":{""path"":""docs/political-data/raw/germany/2026-10-01T23-21-39-584Z_02e7077f9358c9ef/final-results.zip"",""sha256"":""02e7077f9358c9ef408741ee5d17123a43c28ea766b26a7ab338c08fcaeb7512""},""parser_version"":""germany-production-v1"",""parser_sha256"":""2a8eb3487f392ef83303e7fb9ff246e4c111a7e64a469a6aa9eb21461ae9b1a0"",""fields_covered"":[""second_votes"",""registered_label_native""],""published_or_derived"":""published"",""source_member"":""btw2013_kerg.csv"",""source_member_sha256"":""af1d7f449974be160ffbbcc359bee00b73fb538a279f7ded5ea99b5b13bfcfbe"",""source_column"":45},{""source_id"":""src-de-bwl-recognition-2013"",""source_url"":""https://www.bundeswahlleiterin.de/info/presse/mitteilungen/bundestagswahl-2013/2013-07-05-38-parteien-koennen-an-der-bundestagswahl-2013-teilnehmen.html"",""source_record_id"":""src-de-bwl-recognition-2013:list:2:item:3"",""retrieved_at"":""2026-10-02T09:41:54.242Z"",""raw_snapshot"":{""path"":""docs/political-data/raw/germany/recognition_2013/recognition.html"",""sha256"":""f6225ec25ade267119b4407d531d33a969296ff08eadafb9ffbbb7a6246ebc48""},""parser_version"":""germany-production-v1"",""parser_sha256"":""2a8eb3487f392ef83303e7fb9ff246e4c111a7e64a469a6aa9eb21461ae9b1a0"",""fields_covered"":[""canonical_party_id""],""published_or_derived"":""published"",""decision_basis"":""manual review of official same-election recognition/participation and result column"",""evidence_note"":""Official same-election recognition declaration; list ordering is not a durable identifier""}]","{""decision_file"":""docs/political-data/germany_production_acceptance.json"",""reviewer"":""germany_source_review"",""reviewed_at"":""2026-10-02"",""scope"":""same_election_only_no_continuity""}"
"src-de-bwl-final-archive","af1d7f449974be160ffbbcc359bee00b73fb538a279f7ded5ea99b5b13bfcfbe:btw2013_kerg.csv:340:49","NPD","germany","2013-09-22","2013-09-22","contestant","ct-de-0084",,"manual_review","confirmed_election_specific_record","requires_manual_review","false","Official result column to persisted election-specific contestant; no cross-election or legal-entity continuity decision.","[{""source_id"":""src-de-bwl-final-archive"",""source_url"":""https://www.bundeswahlleiterin.de/dam/jcr/ce2d2b6a-f211-4355-8eea-355c98cd4e47/btw_kerg.zip"",""source_record_id"":""af1d7f449974be160ffbbcc359bee00b73fb538a279f7ded5ea99b5b13bfcfbe:btw2013_kerg.csv:340:49"",""retrieved_at"":""2026-10-01T23:21:39.584Z"",""raw_snapshot"":{""path"":""docs/political-data/raw/germany/2026-10-01T23-21-39-584Z_02e7077f9358c9ef/final-results.zip"",""sha256"":""02e7077f9358c9ef408741ee5d17123a43c28ea766b26a7ab338c08fcaeb7512""},""parser_version"":""germany-production-v1"",""parser_sha256"":""2a8eb3487f392ef83303e7fb9ff246e4c111a7e64a469a6aa9eb21461ae9b1a0"",""fields_covered"":[""second_votes"",""registered_label_native""],""published_or_derived"":""published"",""source_member"":""btw2013_kerg.csv"",""source_member_sha256"":""af1d7f449974be160ffbbcc359bee00b73fb538a279f7ded5ea99b5b13bfcfbe"",""source_column"":49},{""source_id"":""src-de-bwl-recognition-2013"",""source_url"":""https://www.bundeswahlleiterin.de/info/presse/mitteilungen/bundestagswahl-2013/2013-07-05-38-parteien-koennen-an-der-bundestagswahl-2013-teilnehmen.html"",""source_record_id"":""src-de-bwl-recognition-2013:list:2:item:2"",""retrieved_at"":""2026-10-02T09:41:54.242Z"",""raw_snapshot"":{""path"":""docs/political-data/raw/germany/recognition_2013/recognition.html"",""sha256"":""f6225ec25ade267119b4407d531d33a969296ff08eadafb9ffbbb7a6246ebc48""},""parser_version"":""germany-production-v1"",""parser_sha256"":""2a8eb3487f392ef83303e7fb9ff246e4c111a7e64a469a6aa9eb21461ae9b1a0"",""fields_covered"":[""canonical_party_id""],""published_or_derived"":""published"",""decision_basis"":""manual review of official same-election recognition/participation and result column"",""evidence_note"":""Official same-election recognition declaration; list ordering is not a durable identifier""}]","{""decision_file"":""docs/political-data/germany_production_acceptance.json"",""reviewer"":""germany_source_review"",""reviewed_at"":""2026-10-02"",""scope"":""same_election_only_no_continuity""}"
"src-de-bwl-final-archive","af1d7f449974be160ffbbcc359bee00b73fb538a279f7ded5ea99b5b13bfcfbe:btw2013_kerg.csv:340:53","Tierschutzpartei","germany","2013-09-22","2013-09-22","contestant","ct-de-0085",,"manual_review","confirmed_election_specific_record","requires_manual_review","false","Official result column to persisted election-specific contestant; no cross-election or legal-entity continuity decision.","[{""source_id"":""src-de-bwl-final-archive"",""source_url"":""https://www.bundeswahlleiterin.de/dam/jcr/ce2d2b6a-f211-4355-8eea-355c98cd4e47/btw_kerg.zip"",""source_record_id"":""af1d7f449974be160ffbbcc359bee00b73fb538a279f7ded5ea99b5b13bfcfbe:btw2013_kerg.csv:340:53"",""retrieved_at"":""2026-10-01T23:21:39.584Z"",""raw_snapshot"":{""path"":""docs/political-data/raw/germany/2026-10-01T23-21-39-584Z_02e7077f9358c9ef/final-results.zip"",""sha256"":""02e7077f9358c9ef408741ee5d17123a43c28ea766b26a7ab338c08fcaeb7512""},""parser_version"":""germany-production-v1"",""parser_sha256"":""2a8eb3487f392ef83303e7fb9ff246e4c111a7e64a469a6aa9eb21461ae9b1a0"",""fields_covered"":[""second_votes"",""registered_label_native""],""published_or_derived"":""published"",""source_member"":""btw2013_kerg.csv"",""source_member_sha256"":""af1d7f449974be160ffbbcc359bee00b73fb538a279f7ded5ea99b5b13bfcfbe"",""source_column"":53},{""source_id"":""src-de-bwl-recognition-2013"",""source_url"":""https://www.bundeswahlleiterin.de/info/presse/mitteilungen/bundestagswahl-2013/2013-07-05-38-parteien-koennen-an-der-bundestagswahl-2013-teilnehmen.html"",""source_record_id"":""src-de-bwl-recognition-2013:list:3:item:5"",""retrieved_at"":""2026-10-02T09:41:54.242Z"",""raw_snapshot"":{""path"":""docs/political-data/raw/germany/recognition_2013/recognition.html"",""sha256"":""f6225ec25ade267119b4407d531d33a969296ff08eadafb9ffbbb7a6246ebc48""},""parser_version"":""germany-production-v1"",""parser_sha256"":""2a8eb3487f392ef83303e7fb9ff246e4c111a7e64a469a6aa9eb21461ae9b1a0"",""fields_covered"":[""canonical_party_id""],""published_or_derived"":""published"",""decision_basis"":""manual review of official same-election recognition/participation and result column"",""evidence_note"":""Official same-election recognition declaration; list ordering is not a durable identifier""}]","{""decision_file"":""docs/political-data/germany_production_acceptance.json"",""reviewer"":""germany_source_review"",""reviewed_at"":""2026-10-02"",""scope"":""same_election_only_no_continuity""}"
"src-de-bwl-final-archive","af1d7f449974be160ffbbcc359bee00b73fb538a279f7ded5ea99b5b13bfcfbe:btw2013_kerg.csv:340:57","REP","germany","2013-09-22","2013-09-22","contestant","ct-de-0086",,"manual_review","confirmed_election_specific_record","requires_manual_review","false","Official result column to persisted election-specific contestant; no cross-election or legal-entity continuity decision.","[{""source_id"":""src-de-bwl-final-archive"",""source_url"":""https://www.bundeswahlleiterin.de/dam/jcr/ce2d2b6a-f211-4355-8eea-355c98cd4e47/btw_kerg.zip"",""source_record_id"":""af1d7f449974be160ffbbcc359bee00b73fb538a279f7ded5ea99b5b13bfcfbe:btw2013_kerg.csv:340:57"",""retrieved_at"":""2026-10-01T23:21:39.584Z"",""raw_snapshot"":{""path"":""docs/political-data/raw/germany/2026-10-01T23-21-39-584Z_02e7077f9358c9ef/final-results.zip"",""sha256"":""02e7077f9358c9ef408741ee5d17123a43c28ea766b26a7ab338c08fcaeb7512""},""parser_version"":""germany-production-v1"",""parser_sha256"":""2a8eb3487f392ef83303e7fb9ff246e4c111a7e64a469a6aa9eb21461ae9b1a0"",""fields_covered"":[""second_votes"",""registered_label_native""],""published_or_derived"":""published"",""source_member"":""btw2013_kerg.csv"",""source_member_sha256"":""af1d7f449974be160ffbbcc359bee00b73fb538a279f7ded5ea99b5b13bfcfbe"",""source_column"":57},{""source_id"":""src-de-bwl-recognition-2013"",""source_url"":""https://www.bundeswahlleiterin.de/info/presse/mitteilungen/bundestagswahl-2013/2013-07-05-38-parteien-koennen-an-der-bundestagswahl-2013-teilnehmen.html"",""source_record_id"":""src-de-bwl-recognition-2013:list:3:item:8"",""retrieved_at"":""2026-10-02T09:41:54.242Z"",""raw_snapshot"":{""path"":""docs/political-data/raw/germany/recognition_2013/recognition.html"",""sha256"":""f6225ec25ade267119b4407d531d33a969296ff08eadafb9ffbbb7a6246ebc48""},""parser_version"":""germany-production-v1"",""parser_sha256"":""2a8eb3487f392ef83303e7fb9ff246e4c111a7e64a469a6aa9eb21461ae9b1a0"",""fields_covered"":[""canonical_party_id""],""published_or_derived"":""published"",""decision_basis"":""manual review of official same-election recognition/participation and result column"",""evidence_note"":""Official same-election recognition declaration; list ordering is not a durable identifier""}]","{""decision_file"":""docs/political-data/germany_production_acceptance.json"",""reviewer"":""germany_source_review"",""reviewed_at"":""2026-10-02"",""scope"":""same_election_only_no_continuity""}"
"src-de-bwl-final-archive","af1d7f449974be160ffbbcc359bee00b73fb538a279f7ded5ea99b5b13bfcfbe:btw2013_kerg.csv:340:61","ÖDP","germany","2013-09-22","2013-09-22","contestant","ct-de-0087",,"manual_review","confirmed_election_specific_record","requires_manual_review","false","Official result column to persisted election-specific contestant; no cross-election or legal-entity continuity decision.","[{""source_id"":""src-de-bwl-final-archive"",""source_url"":""https://www.bundeswahlleiterin.de/dam/jcr/ce2d2b6a-f211-4355-8eea-355c98cd4e47/btw_kerg.zip"",""source_record_id"":""af1d7f449974be160ffbbcc359bee00b73fb538a279f7ded5ea99b5b13bfcfbe:btw2013_kerg.csv:340:61"",""retrieved_at"":""2026-10-01T23:21:39.584Z"",""raw_snapshot"":{""path"":""docs/political-data/raw/germany/2026-10-01T23-21-39-584Z_02e7077f9358c9ef/final-results.zip"",""sha256"":""02e7077f9358c9ef408741ee5d17123a43c28ea766b26a7ab338c08fcaeb7512""},""parser_version"":""germany-production-v1"",""parser_sha256"":""2a8eb3487f392ef83303e7fb9ff246e4c111a7e64a469a6aa9eb21461ae9b1a0"",""fields_covered"":[""second_votes"",""registered_label_native""],""published_or_derived"":""published"",""source_member"":""btw2013_kerg.csv"",""source_member_sha256"":""af1d7f449974be160ffbbcc359bee00b73fb538a279f7ded5ea99b5b13bfcfbe"",""source_column"":61},{""source_id"":""src-de-bwl-recognition-2013"",""source_url"":""https://www.bundeswahlleiterin.de/info/presse/mitteilungen/bundestagswahl-2013/2013-07-05-38-parteien-koennen-an-der-bundestagswahl-2013-teilnehmen.html"",""source_record_id"":""src-de-bwl-recognition-2013:list:3:item:15"",""retrieved_at"":""2026-10-02T09:41:54.242Z"",""raw_snapshot"":{""path"":""docs/political-data/raw/germany/recognition_2013/recognition.html"",""sha256"":""f6225ec25ade267119b4407d531d33a969296ff08eadafb9ffbbb7a6246ebc48""},""parser_version"":""germany-production-v1"",""parser_sha256"":""2a8eb3487f392ef83303e7fb9ff246e4c111a7e64a469a6aa9eb21461ae9b1a0"",""fields_covered"":[""canonical_party_id""],""published_or_derived"":""published"",""decision_basis"":""manual review of official same-election recognition/participation and result column"",""evidence_note"":""Official same-election recognition declaration; list ordering is not a durable identifier""}]","{""decision_file"":""docs/political-data/germany_production_acceptance.json"",""reviewer"":""germany_source_review"",""reviewed_at"":""2026-10-02"",""scope"":""same_election_only_no_continuity""}"
"src-de-bwl-final-archive","af1d7f449974be160ffbbcc359bee00b73fb538a279f7ded5ea99b5b13bfcfbe:btw2013_kerg.csv:340:65","FAMILIE","germany","2013-09-22","2013-09-22","contestant","ct-de-0088",,"manual_review","confirmed_election_specific_record","requires_manual_review","false","Official result column to persisted election-specific contestant; no cross-election or legal-entity continuity decision.","[{""source_id"":""src-de-bwl-final-archive"",""source_url"":""https://www.bundeswahlleiterin.de/dam/jcr/ce2d2b6a-f211-4355-8eea-355c98cd4e47/btw_kerg.zip"",""source_record_id"":""af1d7f449974be160ffbbcc359bee00b73fb538a279f7ded5ea99b5b13bfcfbe:btw2013_kerg.csv:340:65"",""retrieved_at"":""2026-10-01T23:21:39.584Z"",""raw_snapshot"":{""path"":""docs/political-data/raw/germany/2026-10-01T23-21-39-584Z_02e7077f9358c9ef/final-results.zip"",""sha256"":""02e7077f9358c9ef408741ee5d17123a43c28ea766b26a7ab338c08fcaeb7512""},""parser_version"":""germany-production-v1"",""parser_sha256"":""2a8eb3487f392ef83303e7fb9ff246e4c111a7e64a469a6aa9eb21461ae9b1a0"",""fields_covered"":[""second_votes"",""registered_label_native""],""published_or_derived"":""published"",""source_member"":""btw2013_kerg.csv"",""source_member_sha256"":""af1d7f449974be160ffbbcc359bee00b73fb538a279f7ded5ea99b5b13bfcfbe"",""source_column"":65},{""source_id"":""src-de-bwl-recognition-2013"",""source_url"":""https://www.bundeswahlleiterin.de/info/presse/mitteilungen/bundestagswahl-2013/2013-07-05-38-parteien-koennen-an-der-bundestagswahl-2013-teilnehmen.html"",""source_record_id"":""src-de-bwl-recognition-2013:list:3:item:6"",""retrieved_at"":""2026-10-02T09:41:54.242Z"",""raw_snapshot"":{""path"":""docs/political-data/raw/germany/recognition_2013/recognition.html"",""sha256"":""f6225ec25ade267119b4407d531d33a969296ff08eadafb9ffbbb7a6246ebc48""},""parser_version"":""germany-production-v1"",""parser_sha256"":""2a8eb3487f392ef83303e7fb9ff246e4c111a7e64a469a6aa9eb21461ae9b1a0"",""fields_covered"":[""canonical_party_id""],""published_or_derived"":""published"",""decision_basis"":""manual review of official same-election recognition/participation and result column"",""evidence_note"":""Official same-election recognition declaration; list ordering is not a durable identifier""}]","{""decision_file"":""docs/political-data/germany_production_acceptance.json"",""reviewer"":""germany_source_review"",""reviewed_at"":""2026-10-02"",""scope"":""same_election_only_no_continuity""}"
"src-de-bwl-final-archive","af1d7f449974be160ffbbcc359bee00b73fb538a279f7ded5ea99b5b13bfcfbe:btw2013_kerg.csv:340:69","Bündnis 21/RRP","germany","2013-09-22","2013-09-22","contestant","ct-de-0089",,"manual_review","confirmed_election_specific_record","requires_manual_review","false","Official result column to persisted election-specific contestant; no cross-election or legal-entity continuity decision.","[{""source_id"":""src-de-bwl-final-archive"",""source_url"":""https://www.bundeswahlleiterin.de/dam/jcr/ce2d2b6a-f211-4355-8eea-355c98cd4e47/btw_kerg.zip"",""source_record_id"":""af1d7f449974be160ffbbcc359bee00b73fb538a279f7ded5ea99b5b13bfcfbe:btw2013_kerg.csv:340:69"",""retrieved_at"":""2026-10-01T23:21:39.584Z"",""raw_snapshot"":{""path"":""docs/political-data/raw/germany/2026-10-01T23-21-39-584Z_02e7077f9358c9ef/final-results.zip"",""sha256"":""02e7077f9358c9ef408741ee5d17123a43c28ea766b26a7ab338c08fcaeb7512""},""parser_version"":""germany-production-v1"",""parser_sha256"":""2a8eb3487f392ef83303e7fb9ff246e4c111a7e64a469a6aa9eb21461ae9b1a0"",""fields_covered"":[""second_votes"",""registered_label_native""],""published_or_derived"":""published"",""source_member"":""btw2013_kerg.csv"",""source_member_sha256"":""af1d7f449974be160ffbbcc359bee00b73fb538a279f7ded5ea99b5b13bfcfbe"",""source_column"":69},{""source_id"":""src-de-bwl-recognition-2013"",""source_url"":""https://www.bundeswahlleiterin.de/info/presse/mitteilungen/bundestagswahl-2013/2013-07-05-38-parteien-koennen-an-der-bundestagswahl-2013-teilnehmen.html"",""source_record_id"":""src-de-bwl-recognition-2013:list:3:item:9"",""retrieved_at"":""2026-10-02T09:41:54.242Z"",""raw_snapshot"":{""path"":""docs/political-data/raw/germany/recognition_2013/recognition.html"",""sha256"":""f6225ec25ade267119b4407d531d33a969296ff08eadafb9ffbbb7a6246ebc48""},""parser_version"":""germany-production-v1"",""parser_sha256"":""2a8eb3487f392ef83303e7fb9ff246e4c111a7e64a469a6aa9eb21461ae9b1a0"",""fields_covered"":[""canonical_party_id""],""published_or_derived"":""published"",""decision_basis"":""manual review of official same-election recognition/participation and result column"",""evidence_note"":""Official same-election recognition declaration; list ordering is not a durable identifier""}]","{""decision_file"":""docs/political-data/germany_production_acceptance.json"",""reviewer"":""germany_source_review"",""reviewed_at"":""2026-10-02"",""scope"":""same_election_only_no_continuity""}"
"src-de-bwl-final-archive","af1d7f449974be160ffbbcc359bee00b73fb538a279f7ded5ea99b5b13bfcfbe:btw2013_kerg.csv:340:73","RENTNER","germany","2013-09-22","2013-09-22","contestant","ct-de-0090",,"manual_review","confirmed_election_specific_record","requires_manual_review","false","Official result column to persisted election-specific contestant; no cross-election or legal-entity continuity decision.","[{""source_id"":""src-de-bwl-final-archive"",""source_url"":""https://www.bundeswahlleiterin.de/dam/jcr/ce2d2b6a-f211-4355-8eea-355c98cd4e47/btw_kerg.zip"",""source_record_id"":""af1d7f449974be160ffbbcc359bee00b73fb538a279f7ded5ea99b5b13bfcfbe:btw2013_kerg.csv:340:73"",""retrieved_at"":""2026-10-01T23:21:39.584Z"",""raw_snapshot"":{""path"":""docs/political-data/raw/germany/2026-10-01T23-21-39-584Z_02e7077f9358c9ef/final-results.zip"",""sha256"":""02e7077f9358c9ef408741ee5d17123a43c28ea766b26a7ab338c08fcaeb7512""},""parser_version"":""germany-production-v1"",""parser_sha256"":""2a8eb3487f392ef83303e7fb9ff246e4c111a7e64a469a6aa9eb21461ae9b1a0"",""fields_covered"":[""second_votes"",""registered_label_native""],""published_or_derived"":""published"",""source_member"":""btw2013_kerg.csv"",""source_member_sha256"":""af1d7f449974be160ffbbcc359bee00b73fb538a279f7ded5ea99b5b13bfcfbe"",""source_column"":73},{""source_id"":""src-de-bwl-recognition-2013"",""source_url"":""https://www.bundeswahlleiterin.de/info/presse/mitteilungen/bundestagswahl-2013/2013-07-05-38-parteien-koennen-an-der-bundestagswahl-2013-teilnehmen.html"",""source_record_id"":""src-de-bwl-recognition-2013:list:3:item:7"",""retrieved_at"":""2026-10-02T09:41:54.242Z"",""raw_snapshot"":{""path"":""docs/political-data/raw/germany/recognition_2013/recognition.html"",""sha256"":""f6225ec25ade267119b4407d531d33a969296ff08eadafb9ffbbb7a6246ebc48""},""parser_version"":""germany-production-v1"",""parser_sha256"":""2a8eb3487f392ef83303e7fb9ff246e4c111a7e64a469a6aa9eb21461ae9b1a0"",""fields_covered"":[""canonical_party_id""],""published_or_derived"":""published"",""decision_basis"":""manual review of official same-election recognition/participation and result column"",""evidence_note"":""Official same-election recognition declaration; list ordering is not a durable identifier""}]","{""decision_file"":""docs/political-data/germany_production_acceptance.json"",""reviewer"":""germany_source_review"",""reviewed_at"":""2026-10-02"",""scope"":""same_election_only_no_continuity""}"
"src-de-bwl-final-archive","af1d7f449974be160ffbbcc359bee00b73fb538a279f7ded5ea99b5b13bfcfbe:btw2013_kerg.csv:340:77","BP","germany","2013-09-22","2013-09-22","contestant","ct-de-0091",,"manual_review","confirmed_election_specific_record","requires_manual_review","false","Official result column to persisted election-specific contestant; no cross-election or legal-entity continuity decision.","[{""source_id"":""src-de-bwl-final-archive"",""source_url"":""https://www.bundeswahlleiterin.de/dam/jcr/ce2d2b6a-f211-4355-8eea-355c98cd4e47/btw_kerg.zip"",""source_record_id"":""af1d7f449974be160ffbbcc359bee00b73fb538a279f7ded5ea99b5b13bfcfbe:btw2013_kerg.csv:340:77"",""retrieved_at"":""2026-10-01T23:21:39.584Z"",""raw_snapshot"":{""path"":""docs/political-data/raw/germany/2026-10-01T23-21-39-584Z_02e7077f9358c9ef/final-results.zip"",""sha256"":""02e7077f9358c9ef408741ee5d17123a43c28ea766b26a7ab338c08fcaeb7512""},""parser_version"":""germany-production-v1"",""parser_sha256"":""2a8eb3487f392ef83303e7fb9ff246e4c111a7e64a469a6aa9eb21461ae9b1a0"",""fields_covered"":[""second_votes"",""registered_label_native""],""published_or_derived"":""published"",""source_member"":""btw2013_kerg.csv"",""source_member_sha256"":""af1d7f449974be160ffbbcc359bee00b73fb538a279f7ded5ea99b5b13bfcfbe"",""source_column"":77},{""source_id"":""src-de-bwl-recognition-2013"",""source_url"":""https://www.bundeswahlleiterin.de/info/presse/mitteilungen/bundestagswahl-2013/2013-07-05-38-parteien-koennen-an-der-bundestagswahl-2013-teilnehmen.html"",""source_record_id"":""src-de-bwl-recognition-2013:list:3:item:2"",""retrieved_at"":""2026-10-02T09:41:54.242Z"",""raw_snapshot"":{""path"":""docs/political-data/raw/germany/recognition_2013/recognition.html"",""sha256"":""f6225ec25ade267119b4407d531d33a969296ff08eadafb9ffbbb7a6246ebc48""},""parser_version"":""germany-production-v1"",""parser_sha256"":""2a8eb3487f392ef83303e7fb9ff246e4c111a7e64a469a6aa9eb21461ae9b1a0"",""fields_covered"":[""canonical_party_id""],""published_or_derived"":""published"",""decision_basis"":""manual review of official same-election recognition/participation and result column"",""evidence_note"":""Official same-election recognition declaration; list ordering is not a durable identifier""}]","{""decision_file"":""docs/political-data/germany_production_acceptance.json"",""reviewer"":""germany_source_review"",""reviewed_at"":""2026-10-02"",""scope"":""same_election_only_no_continuity""}"
"src-de-bwl-final-archive","af1d7f449974be160ffbbcc359bee00b73fb538a279f7ded5ea99b5b13bfcfbe:btw2013_kerg.csv:340:81","PBC","germany","2013-09-22","2013-09-22","contestant","ct-de-0092",,"manual_review","confirmed_election_specific_record","requires_manual_review","false","Official result column to persisted election-specific contestant; no cross-election or legal-entity continuity decision.","[{""source_id"":""src-de-bwl-final-archive"",""source_url"":""https://www.bundeswahlleiterin.de/dam/jcr/ce2d2b6a-f211-4355-8eea-355c98cd4e47/btw_kerg.zip"",""source_record_id"":""af1d7f449974be160ffbbcc359bee00b73fb538a279f7ded5ea99b5b13bfcfbe:btw2013_kerg.csv:340:81"",""retrieved_at"":""2026-10-01T23:21:39.584Z"",""raw_snapshot"":{""path"":""docs/political-data/raw/germany/2026-10-01T23-21-39-584Z_02e7077f9358c9ef/final-results.zip"",""sha256"":""02e7077f9358c9ef408741ee5d17123a43c28ea766b26a7ab338c08fcaeb7512""},""parser_version"":""germany-production-v1"",""parser_sha256"":""2a8eb3487f392ef83303e7fb9ff246e4c111a7e64a469a6aa9eb21461ae9b1a0"",""fields_covered"":[""second_votes"",""registered_label_native""],""published_or_derived"":""published"",""source_member"":""btw2013_kerg.csv"",""source_member_sha256"":""af1d7f449974be160ffbbcc359bee00b73fb538a279f7ded5ea99b5b13bfcfbe"",""source_column"":81},{""source_id"":""src-de-bwl-recognition-2013"",""source_url"":""https://www.bundeswahlleiterin.de/info/presse/mitteilungen/bundestagswahl-2013/2013-07-05-38-parteien-koennen-an-der-bundestagswahl-2013-teilnehmen.html"",""source_record_id"":""src-de-bwl-recognition-2013:list:3:item:18"",""retrieved_at"":""2026-10-02T09:41:54.242Z"",""raw_snapshot"":{""path"":""docs/political-data/raw/germany/recognition_2013/recognition.html"",""sha256"":""f6225ec25ade267119b4407d531d33a969296ff08eadafb9ffbbb7a6246ebc48""},""parser_version"":""germany-production-v1"",""parser_sha256"":""2a8eb3487f392ef83303e7fb9ff246e4c111a7e64a469a6aa9eb21461ae9b1a0"",""fields_covered"":[""canonical_party_id""],""published_or_derived"":""published"",""decision_basis"":""manual review of official same-election recognition/participation and result column"",""evidence_note"":""Official same-election recognition declaration; list ordering is not a durable identifier""}]","{""decision_file"":""docs/political-data/germany_production_acceptance.json"",""reviewer"":""germany_source_review"",""reviewed_at"":""2026-10-02"",""scope"":""same_election_only_no_continuity""}"
"src-de-bwl-final-archive","af1d7f449974be160ffbbcc359bee00b73fb538a279f7ded5ea99b5b13bfcfbe:btw2013_kerg.csv:340:85","BüSo","germany","2013-09-22","2013-09-22","contestant","ct-de-0093",,"manual_review","confirmed_election_specific_record","requires_manual_review","false","Official result column to persisted election-specific contestant; no cross-election or legal-entity continuity decision.","[{""source_id"":""src-de-bwl-final-archive"",""source_url"":""https://www.bundeswahlleiterin.de/dam/jcr/ce2d2b6a-f211-4355-8eea-355c98cd4e47/btw_kerg.zip"",""source_record_id"":""af1d7f449974be160ffbbcc359bee00b73fb538a279f7ded5ea99b5b13bfcfbe:btw2013_kerg.csv:340:85"",""retrieved_at"":""2026-10-01T23:21:39.584Z"",""raw_snapshot"":{""path"":""docs/political-data/raw/germany/2026-10-01T23-21-39-584Z_02e7077f9358c9ef/final-results.zip"",""sha256"":""02e7077f9358c9ef408741ee5d17123a43c28ea766b26a7ab338c08fcaeb7512""},""parser_version"":""germany-production-v1"",""parser_sha256"":""2a8eb3487f392ef83303e7fb9ff246e4c111a7e64a469a6aa9eb21461ae9b1a0"",""fields_covered"":[""second_votes"",""registered_label_native""],""published_or_derived"":""published"",""source_member"":""btw2013_kerg.csv"",""source_member_sha256"":""af1d7f449974be160ffbbcc359bee00b73fb538a279f7ded5ea99b5b13bfcfbe"",""source_column"":85},{""source_id"":""src-de-bwl-recognition-2013"",""source_url"":""https://www.bundeswahlleiterin.de/info/presse/mitteilungen/bundestagswahl-2013/2013-07-05-38-parteien-koennen-an-der-bundestagswahl-2013-teilnehmen.html"",""source_record_id"":""src-de-bwl-recognition-2013:list:3:item:17"",""retrieved_at"":""2026-10-02T09:41:54.242Z"",""raw_snapshot"":{""path"":""docs/political-data/raw/germany/recognition_2013/recognition.html"",""sha256"":""f6225ec25ade267119b4407d531d33a969296ff08eadafb9ffbbb7a6246ebc48""},""parser_version"":""germany-production-v1"",""parser_sha256"":""2a8eb3487f392ef83303e7fb9ff246e4c111a7e64a469a6aa9eb21461ae9b1a0"",""fields_covered"":[""canonical_party_id""],""published_or_derived"":""published"",""decision_basis"":""manual review of official same-election recognition/participation and result column"",""evidence_note"":""Official same-election recognition declaration; list ordering is not a durable identifier""}]","{""decision_file"":""docs/political-data/germany_production_acceptance.json"",""reviewer"":""germany_source_review"",""reviewed_at"":""2026-10-02"",""scope"":""same_election_only_no_continuity""}"
"src-de-bwl-final-archive","af1d7f449974be160ffbbcc359bee00b73fb538a279f7ded5ea99b5b13bfcfbe:btw2013_kerg.csv:340:89","DIE VIOLETTEN","germany","2013-09-22","2013-09-22","contestant","ct-de-0094",,"manual_review","confirmed_election_specific_record","requires_manual_review","false","Official result column to persisted election-specific contestant; no cross-election or legal-entity continuity decision.","[{""source_id"":""src-de-bwl-final-archive"",""source_url"":""https://www.bundeswahlleiterin.de/dam/jcr/ce2d2b6a-f211-4355-8eea-355c98cd4e47/btw_kerg.zip"",""source_record_id"":""af1d7f449974be160ffbbcc359bee00b73fb538a279f7ded5ea99b5b13bfcfbe:btw2013_kerg.csv:340:89"",""retrieved_at"":""2026-10-01T23:21:39.584Z"",""raw_snapshot"":{""path"":""docs/political-data/raw/germany/2026-10-01T23-21-39-584Z_02e7077f9358c9ef/final-results.zip"",""sha256"":""02e7077f9358c9ef408741ee5d17123a43c28ea766b26a7ab338c08fcaeb7512""},""parser_version"":""germany-production-v1"",""parser_sha256"":""2a8eb3487f392ef83303e7fb9ff246e4c111a7e64a469a6aa9eb21461ae9b1a0"",""fields_covered"":[""second_votes"",""registered_label_native""],""published_or_derived"":""published"",""source_member"":""btw2013_kerg.csv"",""source_member_sha256"":""af1d7f449974be160ffbbcc359bee00b73fb538a279f7ded5ea99b5b13bfcfbe"",""source_column"":89},{""source_id"":""src-de-bwl-recognition-2013"",""source_url"":""https://www.bundeswahlleiterin.de/info/presse/mitteilungen/bundestagswahl-2013/2013-07-05-38-parteien-koennen-an-der-bundestagswahl-2013-teilnehmen.html"",""source_record_id"":""src-de-bwl-recognition-2013:list:3:item:1"",""retrieved_at"":""2026-10-02T09:41:54.242Z"",""raw_snapshot"":{""path"":""docs/political-data/raw/germany/recognition_2013/recognition.html"",""sha256"":""f6225ec25ade267119b4407d531d33a969296ff08eadafb9ffbbb7a6246ebc48""},""parser_version"":""germany-production-v1"",""parser_sha256"":""2a8eb3487f392ef83303e7fb9ff246e4c111a7e64a469a6aa9eb21461ae9b1a0"",""fields_covered"":[""canonical_party_id""],""published_or_derived"":""published"",""decision_basis"":""manual review of official same-election recognition/participation and result column"",""evidence_note"":""Official same-election recognition declaration; list ordering is not a durable identifier""}]","{""decision_file"":""docs/political-data/germany_production_acceptance.json"",""reviewer"":""germany_source_review"",""reviewed_at"":""2026-10-02"",""scope"":""same_election_only_no_continuity""}"
"src-de-bwl-final-archive","af1d7f449974be160ffbbcc359bee00b73fb538a279f7ded5ea99b5b13bfcfbe:btw2013_kerg.csv:340:93","MLPD","germany","2013-09-22","2013-09-22","contestant","ct-de-0095",,"manual_review","confirmed_election_specific_record","requires_manual_review","false","Official result column to persisted election-specific contestant; no cross-election or legal-entity continuity decision.","[{""source_id"":""src-de-bwl-final-archive"",""source_url"":""https://www.bundeswahlleiterin.de/dam/jcr/ce2d2b6a-f211-4355-8eea-355c98cd4e47/btw_kerg.zip"",""source_record_id"":""af1d7f449974be160ffbbcc359bee00b73fb538a279f7ded5ea99b5b13bfcfbe:btw2013_kerg.csv:340:93"",""retrieved_at"":""2026-10-01T23:21:39.584Z"",""raw_snapshot"":{""path"":""docs/political-data/raw/germany/2026-10-01T23-21-39-584Z_02e7077f9358c9ef/final-results.zip"",""sha256"":""02e7077f9358c9ef408741ee5d17123a43c28ea766b26a7ab338c08fcaeb7512""},""parser_version"":""germany-production-v1"",""parser_sha256"":""2a8eb3487f392ef83303e7fb9ff246e4c111a7e64a469a6aa9eb21461ae9b1a0"",""fields_covered"":[""second_votes"",""registered_label_native""],""published_or_derived"":""published"",""source_member"":""btw2013_kerg.csv"",""source_member_sha256"":""af1d7f449974be160ffbbcc359bee00b73fb538a279f7ded5ea99b5b13bfcfbe"",""source_column"":93},{""source_id"":""src-de-bwl-recognition-2013"",""source_url"":""https://www.bundeswahlleiterin.de/info/presse/mitteilungen/bundestagswahl-2013/2013-07-05-38-parteien-koennen-an-der-bundestagswahl-2013-teilnehmen.html"",""source_record_id"":""src-de-bwl-recognition-2013:list:3:item:23"",""retrieved_at"":""2026-10-02T09:41:54.242Z"",""raw_snapshot"":{""path"":""docs/political-data/raw/germany/recognition_2013/recognition.html"",""sha256"":""f6225ec25ade267119b4407d531d33a969296ff08eadafb9ffbbb7a6246ebc48""},""parser_version"":""germany-production-v1"",""parser_sha256"":""2a8eb3487f392ef83303e7fb9ff246e4c111a7e64a469a6aa9eb21461ae9b1a0"",""fields_covered"":[""canonical_party_id""],""published_or_derived"":""published"",""decision_basis"":""manual review of official same-election recognition/participation and result column"",""evidence_note"":""Official same-election recognition declaration; list ordering is not a durable identifier""}]","{""decision_file"":""docs/political-data/germany_production_acceptance.json"",""reviewer"":""germany_source_review"",""reviewed_at"":""2026-10-02"",""scope"":""same_election_only_no_continuity""}"
"src-de-bwl-final-archive","af1d7f449974be160ffbbcc359bee00b73fb538a279f7ded5ea99b5b13bfcfbe:btw2013_kerg.csv:340:97","Volksabstimmung","germany","2013-09-22","2013-09-22","contestant","ct-de-0096",,"manual_review","confirmed_election_specific_record","requires_manual_review","false","Official result column to persisted election-specific contestant; no cross-election or legal-entity continuity decision.","[{""source_id"":""src-de-bwl-final-archive"",""source_url"":""https://www.bundeswahlleiterin.de/dam/jcr/ce2d2b6a-f211-4355-8eea-355c98cd4e47/btw_kerg.zip"",""source_record_id"":""af1d7f449974be160ffbbcc359bee00b73fb538a279f7ded5ea99b5b13bfcfbe:btw2013_kerg.csv:340:97"",""retrieved_at"":""2026-10-01T23:21:39.584Z"",""raw_snapshot"":{""path"":""docs/political-data/raw/germany/2026-10-01T23-21-39-584Z_02e7077f9358c9ef/final-results.zip"",""sha256"":""02e7077f9358c9ef408741ee5d17123a43c28ea766b26a7ab338c08fcaeb7512""},""parser_version"":""germany-production-v1"",""parser_sha256"":""2a8eb3487f392ef83303e7fb9ff246e4c111a7e64a469a6aa9eb21461ae9b1a0"",""fields_covered"":[""second_votes"",""registered_label_native""],""published_or_derived"":""published"",""source_member"":""btw2013_kerg.csv"",""source_member_sha256"":""af1d7f449974be160ffbbcc359bee00b73fb538a279f7ded5ea99b5b13bfcfbe"",""source_column"":97},{""source_id"":""src-de-bwl-recognition-2013"",""source_url"":""https://www.bundeswahlleiterin.de/info/presse/mitteilungen/bundestagswahl-2013/2013-07-05-38-parteien-koennen-an-der-bundestagswahl-2013-teilnehmen.html"",""source_record_id"":""src-de-bwl-recognition-2013:list:3:item:4"",""retrieved_at"":""2026-10-02T09:41:54.242Z"",""raw_snapshot"":{""path"":""docs/political-data/raw/germany/recognition_2013/recognition.html"",""sha256"":""f6225ec25ade267119b4407d531d33a969296ff08eadafb9ffbbb7a6246ebc48""},""parser_version"":""germany-production-v1"",""parser_sha256"":""2a8eb3487f392ef83303e7fb9ff246e4c111a7e64a469a6aa9eb21461ae9b1a0"",""fields_covered"":[""canonical_party_id""],""published_or_derived"":""published"",""decision_basis"":""manual review of official same-election recognition/participation and result column"",""evidence_note"":""Official same-election recognition declaration; list ordering is not a durable identifier""}]","{""decision_file"":""docs/political-data/germany_production_acceptance.json"",""reviewer"":""germany_source_review"",""reviewed_at"":""2026-10-02"",""scope"":""same_election_only_no_continuity""}"
"src-de-bwl-final-archive","af1d7f449974be160ffbbcc359bee00b73fb538a279f7ded5ea99b5b13bfcfbe:btw2013_kerg.csv:340:101","PSG","germany","2013-09-22","2013-09-22","contestant","ct-de-0097",,"manual_review","confirmed_election_specific_record","requires_manual_review","false","Official result column to persisted election-specific contestant; no cross-election or legal-entity continuity decision.","[{""source_id"":""src-de-bwl-final-archive"",""source_url"":""https://www.bundeswahlleiterin.de/dam/jcr/ce2d2b6a-f211-4355-8eea-355c98cd4e47/btw_kerg.zip"",""source_record_id"":""af1d7f449974be160ffbbcc359bee00b73fb538a279f7ded5ea99b5b13bfcfbe:btw2013_kerg.csv:340:101"",""retrieved_at"":""2026-10-01T23:21:39.584Z"",""raw_snapshot"":{""path"":""docs/political-data/raw/germany/2026-10-01T23-21-39-584Z_02e7077f9358c9ef/final-results.zip"",""sha256"":""02e7077f9358c9ef408741ee5d17123a43c28ea766b26a7ab338c08fcaeb7512""},""parser_version"":""germany-production-v1"",""parser_sha256"":""2a8eb3487f392ef83303e7fb9ff246e4c111a7e64a469a6aa9eb21461ae9b1a0"",""fields_covered"":[""second_votes"",""registered_label_native""],""published_or_derived"":""published"",""source_member"":""btw2013_kerg.csv"",""source_member_sha256"":""af1d7f449974be160ffbbcc359bee00b73fb538a279f7ded5ea99b5b13bfcfbe"",""source_column"":101},{""source_id"":""src-de-bwl-recognition-2013"",""source_url"":""https://www.bundeswahlleiterin.de/info/presse/mitteilungen/bundestagswahl-2013/2013-07-05-38-parteien-koennen-an-der-bundestagswahl-2013-teilnehmen.html"",""source_record_id"":""src-de-bwl-recognition-2013:list:3:item:24"",""retrieved_at"":""2026-10-02T09:41:54.242Z"",""raw_snapshot"":{""path"":""docs/political-data/raw/germany/recognition_2013/recognition.html"",""sha256"":""f6225ec25ade267119b4407d531d33a969296ff08eadafb9ffbbb7a6246ebc48""},""parser_version"":""germany-production-v1"",""parser_sha256"":""2a8eb3487f392ef83303e7fb9ff246e4c111a7e64a469a6aa9eb21461ae9b1a0"",""fields_covered"":[""canonical_party_id""],""published_or_derived"":""published"",""decision_basis"":""manual review of official same-election recognition/participation and result column"",""evidence_note"":""Official same-election recognition declaration; list ordering is not a durable identifier""}]","{""decision_file"":""docs/political-data/germany_production_acceptance.json"",""reviewer"":""germany_source_review"",""reviewed_at"":""2026-10-02"",""scope"":""same_election_only_no_continuity""}"
"src-de-bwl-final-archive","af1d7f449974be160ffbbcc359bee00b73fb538a279f7ded5ea99b5b13bfcfbe:btw2013_kerg.csv:340:105","AfD","germany","2013-09-22","2013-09-22","contestant","ct-de-0098",,"manual_review","confirmed_election_specific_record","requires_manual_review","false","Official result column to persisted election-specific contestant; no cross-election or legal-entity continuity decision.","[{""source_id"":""src-de-bwl-final-archive"",""source_url"":""https://www.bundeswahlleiterin.de/dam/jcr/ce2d2b6a-f211-4355-8eea-355c98cd4e47/btw_kerg.zip"",""source_record_id"":""af1d7f449974be160ffbbcc359bee00b73fb538a279f7ded5ea99b5b13bfcfbe:btw2013_kerg.csv:340:105"",""retrieved_at"":""2026-10-01T23:21:39.584Z"",""raw_snapshot"":{""path"":""docs/political-data/raw/germany/2026-10-01T23-21-39-584Z_02e7077f9358c9ef/final-results.zip"",""sha256"":""02e7077f9358c9ef408741ee5d17123a43c28ea766b26a7ab338c08fcaeb7512""},""parser_version"":""germany-production-v1"",""parser_sha256"":""2a8eb3487f392ef83303e7fb9ff246e4c111a7e64a469a6aa9eb21461ae9b1a0"",""fields_covered"":[""second_votes"",""registered_label_native""],""published_or_derived"":""published"",""source_member"":""btw2013_kerg.csv"",""source_member_sha256"":""af1d7f449974be160ffbbcc359bee00b73fb538a279f7ded5ea99b5b13bfcfbe"",""source_column"":105},{""source_id"":""src-de-bwl-recognition-2013"",""source_url"":""https://www.bundeswahlleiterin.de/info/presse/mitteilungen/bundestagswahl-2013/2013-07-05-38-parteien-koennen-an-der-bundestagswahl-2013-teilnehmen.html"",""source_record_id"":""src-de-bwl-recognition-2013:list:3:item:19"",""retrieved_at"":""2026-10-02T09:41:54.242Z"",""raw_snapshot"":{""path"":""docs/political-data/raw/germany/recognition_2013/recognition.html"",""sha256"":""f6225ec25ade267119b4407d531d33a969296ff08eadafb9ffbbb7a6246ebc48""},""parser_version"":""germany-production-v1"",""parser_sha256"":""2a8eb3487f392ef83303e7fb9ff246e4c111a7e64a469a6aa9eb21461ae9b1a0"",""fields_covered"":[""canonical_party_id""],""published_or_derived"":""published"",""decision_basis"":""manual review of official same-election recognition/participation and result column"",""evidence_note"":""Official same-election recognition declaration; list ordering is not a durable identifier""}]","{""decision_file"":""docs/political-data/germany_production_acceptance.json"",""reviewer"":""germany_source_review"",""reviewed_at"":""2026-10-02"",""scope"":""same_election_only_no_continuity""}"
"src-de-bwl-final-archive","af1d7f449974be160ffbbcc359bee00b73fb538a279f7ded5ea99b5b13bfcfbe:btw2013_kerg.csv:340:109","BIG","germany","2013-09-22","2013-09-22","contestant","ct-de-0099",,"manual_review","confirmed_election_specific_record","requires_manual_review","false","Official result column to persisted election-specific contestant; no cross-election or legal-entity continuity decision.","[{""source_id"":""src-de-bwl-final-archive"",""source_url"":""https://www.bundeswahlleiterin.de/dam/jcr/ce2d2b6a-f211-4355-8eea-355c98cd4e47/btw_kerg.zip"",""source_record_id"":""af1d7f449974be160ffbbcc359bee00b73fb538a279f7ded5ea99b5b13bfcfbe:btw2013_kerg.csv:340:109"",""retrieved_at"":""2026-10-01T23:21:39.584Z"",""raw_snapshot"":{""path"":""docs/political-data/raw/germany/2026-10-01T23-21-39-584Z_02e7077f9358c9ef/final-results.zip"",""sha256"":""02e7077f9358c9ef408741ee5d17123a43c28ea766b26a7ab338c08fcaeb7512""},""parser_version"":""germany-production-v1"",""parser_sha256"":""2a8eb3487f392ef83303e7fb9ff246e4c111a7e64a469a6aa9eb21461ae9b1a0"",""fields_covered"":[""second_votes"",""registered_label_native""],""published_or_derived"":""published"",""source_member"":""btw2013_kerg.csv"",""source_member_sha256"":""af1d7f449974be160ffbbcc359bee00b73fb538a279f7ded5ea99b5b13bfcfbe"",""source_column"":109},{""source_id"":""src-de-bwl-recognition-2013"",""source_url"":""https://www.bundeswahlleiterin.de/info/presse/mitteilungen/bundestagswahl-2013/2013-07-05-38-parteien-koennen-an-der-bundestagswahl-2013-teilnehmen.html"",""source_record_id"":""src-de-bwl-recognition-2013:list:3:item:20"",""retrieved_at"":""2026-10-02T09:41:54.242Z"",""raw_snapshot"":{""path"":""docs/political-data/raw/germany/recognition_2013/recognition.html"",""sha256"":""f6225ec25ade267119b4407d531d33a969296ff08eadafb9ffbbb7a6246ebc48""},""parser_version"":""germany-production-v1"",""parser_sha256"":""2a8eb3487f392ef83303e7fb9ff246e4c111a7e64a469a6aa9eb21461ae9b1a0"",""fields_covered"":[""canonical_party_id""],""published_or_derived"":""published"",""decision_basis"":""manual review of official same-election recognition/participation and result column"",""evidence_note"":""Official same-election recognition declaration; list ordering is not a durable identifier""}]","{""decision_file"":""docs/political-data/germany_production_acceptance.json"",""reviewer"":""germany_source_review"",""reviewed_at"":""2026-10-02"",""scope"":""same_election_only_no_continuity""}"
"src-de-bwl-final-archive","af1d7f449974be160ffbbcc359bee00b73fb538a279f7ded5ea99b5b13bfcfbe:btw2013_kerg.csv:340:113","pro Deutschland","germany","2013-09-22","2013-09-22","contestant","ct-de-0100",,"manual_review","confirmed_election_specific_record","requires_manual_review","false","Official result column to persisted election-specific contestant; no cross-election or legal-entity continuity decision.","[{""source_id"":""src-de-bwl-final-archive"",""source_url"":""https://www.bundeswahlleiterin.de/dam/jcr/ce2d2b6a-f211-4355-8eea-355c98cd4e47/btw_kerg.zip"",""source_record_id"":""af1d7f449974be160ffbbcc359bee00b73fb538a279f7ded5ea99b5b13bfcfbe:btw2013_kerg.csv:340:113"",""retrieved_at"":""2026-10-01T23:21:39.584Z"",""raw_snapshot"":{""path"":""docs/political-data/raw/germany/2026-10-01T23-21-39-584Z_02e7077f9358c9ef/final-results.zip"",""sha256"":""02e7077f9358c9ef408741ee5d17123a43c28ea766b26a7ab338c08fcaeb7512""},""parser_version"":""germany-production-v1"",""parser_sha256"":""2a8eb3487f392ef83303e7fb9ff246e4c111a7e64a469a6aa9eb21461ae9b1a0"",""fields_covered"":[""second_votes"",""registered_label_native""],""published_or_derived"":""published"",""source_member"":""btw2013_kerg.csv"",""source_member_sha256"":""af1d7f449974be160ffbbcc359bee00b73fb538a279f7ded5ea99b5b13bfcfbe"",""source_column"":113},{""source_id"":""src-de-bwl-recognition-2013"",""source_url"":""https://www.bundeswahlleiterin.de/info/presse/mitteilungen/bundestagswahl-2013/2013-07-05-38-parteien-koennen-an-der-bundestagswahl-2013-teilnehmen.html"",""source_record_id"":""src-de-bwl-recognition-2013:list:3:item:10"",""retrieved_at"":""2026-10-02T09:41:54.242Z"",""raw_snapshot"":{""path"":""docs/political-data/raw/germany/recognition_2013/recognition.html"",""sha256"":""f6225ec25ade267119b4407d531d33a969296ff08eadafb9ffbbb7a6246ebc48""},""parser_version"":""germany-production-v1"",""parser_sha256"":""2a8eb3487f392ef83303e7fb9ff246e4c111a7e64a469a6aa9eb21461ae9b1a0"",""fields_covered"":[""canonical_party_id""],""published_or_derived"":""published"",""decision_basis"":""manual review of official same-election recognition/participation and result column"",""evidence_note"":""Official same-election recognition declaration; list ordering is not a durable identifier""}]","{""decision_file"":""docs/political-data/germany_production_acceptance.json"",""reviewer"":""germany_source_review"",""reviewed_at"":""2026-10-02"",""scope"":""same_election_only_no_continuity""}"
"src-de-bwl-final-archive","af1d7f449974be160ffbbcc359bee00b73fb538a279f7ded5ea99b5b13bfcfbe:btw2013_kerg.csv:340:117","DIE RECHTE","germany","2013-09-22","2013-09-22","contestant","ct-de-0101",,"manual_review","confirmed_election_specific_record","requires_manual_review","false","Official result column to persisted election-specific contestant; no cross-election or legal-entity continuity decision.","[{""source_id"":""src-de-bwl-final-archive"",""source_url"":""https://www.bundeswahlleiterin.de/dam/jcr/ce2d2b6a-f211-4355-8eea-355c98cd4e47/btw_kerg.zip"",""source_record_id"":""af1d7f449974be160ffbbcc359bee00b73fb538a279f7ded5ea99b5b13bfcfbe:btw2013_kerg.csv:340:117"",""retrieved_at"":""2026-10-01T23:21:39.584Z"",""raw_snapshot"":{""path"":""docs/political-data/raw/germany/2026-10-01T23-21-39-584Z_02e7077f9358c9ef/final-results.zip"",""sha256"":""02e7077f9358c9ef408741ee5d17123a43c28ea766b26a7ab338c08fcaeb7512""},""parser_version"":""germany-production-v1"",""parser_sha256"":""2a8eb3487f392ef83303e7fb9ff246e4c111a7e64a469a6aa9eb21461ae9b1a0"",""fields_covered"":[""second_votes"",""registered_label_native""],""published_or_derived"":""published"",""source_member"":""btw2013_kerg.csv"",""source_member_sha256"":""af1d7f449974be160ffbbcc359bee00b73fb538a279f7ded5ea99b5b13bfcfbe"",""source_column"":117},{""source_id"":""src-de-bwl-recognition-2013"",""source_url"":""https://www.bundeswahlleiterin.de/info/presse/mitteilungen/bundestagswahl-2013/2013-07-05-38-parteien-koennen-an-der-bundestagswahl-2013-teilnehmen.html"",""source_record_id"":""src-de-bwl-recognition-2013:list:3:item:12"",""retrieved_at"":""2026-10-02T09:41:54.242Z"",""raw_snapshot"":{""path"":""docs/political-data/raw/germany/recognition_2013/recognition.html"",""sha256"":""f6225ec25ade267119b4407d531d33a969296ff08eadafb9ffbbb7a6246ebc48""},""parser_version"":""germany-production-v1"",""parser_sha256"":""2a8eb3487f392ef83303e7fb9ff246e4c111a7e64a469a6aa9eb21461ae9b1a0"",""fields_covered"":[""canonical_party_id""],""published_or_derived"":""published"",""decision_basis"":""manual review of official same-election recognition/participation and result column"",""evidence_note"":""Official same-election recognition declaration; list ordering is not a durable identifier""}]","{""decision_file"":""docs/political-data/germany_production_acceptance.json"",""reviewer"":""germany_source_review"",""reviewed_at"":""2026-10-02"",""scope"":""same_election_only_no_continuity""}"
"src-de-bwl-final-archive","af1d7f449974be160ffbbcc359bee00b73fb538a279f7ded5ea99b5b13bfcfbe:btw2013_kerg.csv:340:121","DIE FRAUEN","germany","2013-09-22","2013-09-22","contestant","ct-de-0102",,"manual_review","confirmed_election_specific_record","requires_manual_review","false","Official result column to persisted election-specific contestant; no cross-election or legal-entity continuity decision.","[{""source_id"":""src-de-bwl-final-archive"",""source_url"":""https://www.bundeswahlleiterin.de/dam/jcr/ce2d2b6a-f211-4355-8eea-355c98cd4e47/btw_kerg.zip"",""source_record_id"":""af1d7f449974be160ffbbcc359bee00b73fb538a279f7ded5ea99b5b13bfcfbe:btw2013_kerg.csv:340:121"",""retrieved_at"":""2026-10-01T23:21:39.584Z"",""raw_snapshot"":{""path"":""docs/political-data/raw/germany/2026-10-01T23-21-39-584Z_02e7077f9358c9ef/final-results.zip"",""sha256"":""02e7077f9358c9ef408741ee5d17123a43c28ea766b26a7ab338c08fcaeb7512""},""parser_version"":""germany-production-v1"",""parser_sha256"":""2a8eb3487f392ef83303e7fb9ff246e4c111a7e64a469a6aa9eb21461ae9b1a0"",""fields_covered"":[""second_votes"",""registered_label_native""],""published_or_derived"":""published"",""source_member"":""btw2013_kerg.csv"",""source_member_sha256"":""af1d7f449974be160ffbbcc359bee00b73fb538a279f7ded5ea99b5b13bfcfbe"",""source_column"":121},{""source_id"":""src-de-bwl-recognition-2013"",""source_url"":""https://www.bundeswahlleiterin.de/info/presse/mitteilungen/bundestagswahl-2013/2013-07-05-38-parteien-koennen-an-der-bundestagswahl-2013-teilnehmen.html"",""source_record_id"":""src-de-bwl-recognition-2013:list:3:item:28"",""retrieved_at"":""2026-10-02T09:41:54.242Z"",""raw_snapshot"":{""path"":""docs/political-data/raw/germany/recognition_2013/recognition.html"",""sha256"":""f6225ec25ade267119b4407d531d33a969296ff08eadafb9ffbbb7a6246ebc48""},""parser_version"":""germany-production-v1"",""parser_sha256"":""2a8eb3487f392ef83303e7fb9ff246e4c111a7e64a469a6aa9eb21461ae9b1a0"",""fields_covered"":[""canonical_party_id""],""published_or_derived"":""published"",""decision_basis"":""manual review of official same-election recognition/participation and result column"",""evidence_note"":""Official same-election recognition declaration; list ordering is not a durable identifier""}]","{""decision_file"":""docs/political-data/germany_production_acceptance.json"",""reviewer"":""germany_source_review"",""reviewed_at"":""2026-10-02"",""scope"":""same_election_only_no_continuity""}"
"src-de-bwl-final-archive","af1d7f449974be160ffbbcc359bee00b73fb538a279f7ded5ea99b5b13bfcfbe:btw2013_kerg.csv:340:125","FREIE WÄHLER","germany","2013-09-22","2013-09-22","contestant","ct-de-0103",,"manual_review","confirmed_election_specific_record","requires_manual_review","false","Official result column to persisted election-specific contestant; no cross-election or legal-entity continuity decision.","[{""source_id"":""src-de-bwl-final-archive"",""source_url"":""https://www.bundeswahlleiterin.de/dam/jcr/ce2d2b6a-f211-4355-8eea-355c98cd4e47/btw_kerg.zip"",""source_record_id"":""af1d7f449974be160ffbbcc359bee00b73fb538a279f7ded5ea99b5b13bfcfbe:btw2013_kerg.csv:340:125"",""retrieved_at"":""2026-10-01T23:21:39.584Z"",""raw_snapshot"":{""path"":""docs/political-data/raw/germany/2026-10-01T23-21-39-584Z_02e7077f9358c9ef/final-results.zip"",""sha256"":""02e7077f9358c9ef408741ee5d17123a43c28ea766b26a7ab338c08fcaeb7512""},""parser_version"":""germany-production-v1"",""parser_sha256"":""2a8eb3487f392ef83303e7fb9ff246e4c111a7e64a469a6aa9eb21461ae9b1a0"",""fields_covered"":[""second_votes"",""registered_label_native""],""published_or_derived"":""published"",""source_member"":""btw2013_kerg.csv"",""source_member_sha256"":""af1d7f449974be160ffbbcc359bee00b73fb538a279f7ded5ea99b5b13bfcfbe"",""source_column"":125},{""source_id"":""src-de-bwl-recognition-2013"",""source_url"":""https://www.bundeswahlleiterin.de/info/presse/mitteilungen/bundestagswahl-2013/2013-07-05-38-parteien-koennen-an-der-bundestagswahl-2013-teilnehmen.html"",""source_record_id"":""src-de-bwl-recognition-2013:list:2:item:1"",""retrieved_at"":""2026-10-02T09:41:54.242Z"",""raw_snapshot"":{""path"":""docs/political-data/raw/germany/recognition_2013/recognition.html"",""sha256"":""f6225ec25ade267119b4407d531d33a969296ff08eadafb9ffbbb7a6246ebc48""},""parser_version"":""germany-production-v1"",""parser_sha256"":""2a8eb3487f392ef83303e7fb9ff246e4c111a7e64a469a6aa9eb21461ae9b1a0"",""fields_covered"":[""canonical_party_id""],""published_or_derived"":""published"",""decision_basis"":""manual review of official same-election recognition/participation and result column"",""evidence_note"":""Official same-election recognition declaration; list ordering is not a durable identifier""}]","{""decision_file"":""docs/political-data/germany_production_acceptance.json"",""reviewer"":""germany_source_review"",""reviewed_at"":""2026-10-02"",""scope"":""same_election_only_no_continuity""}"
"src-de-bwl-final-archive","af1d7f449974be160ffbbcc359bee00b73fb538a279f7ded5ea99b5b13bfcfbe:btw2013_kerg.csv:340:129","Nichtwähler","germany","2013-09-22","2013-09-22","contestant","ct-de-0104",,"manual_review","confirmed_election_specific_record","requires_manual_review","false","Official result column to persisted election-specific contestant; no cross-election or legal-entity continuity decision.","[{""source_id"":""src-de-bwl-final-archive"",""source_url"":""https://www.bundeswahlleiterin.de/dam/jcr/ce2d2b6a-f211-4355-8eea-355c98cd4e47/btw_kerg.zip"",""source_record_id"":""af1d7f449974be160ffbbcc359bee00b73fb538a279f7ded5ea99b5b13bfcfbe:btw2013_kerg.csv:340:129"",""retrieved_at"":""2026-10-01T23:21:39.584Z"",""raw_snapshot"":{""path"":""docs/political-data/raw/germany/2026-10-01T23-21-39-584Z_02e7077f9358c9ef/final-results.zip"",""sha256"":""02e7077f9358c9ef408741ee5d17123a43c28ea766b26a7ab338c08fcaeb7512""},""parser_version"":""germany-production-v1"",""parser_sha256"":""2a8eb3487f392ef83303e7fb9ff246e4c111a7e64a469a6aa9eb21461ae9b1a0"",""fields_covered"":[""second_votes"",""registered_label_native""],""published_or_derived"":""published"",""source_member"":""btw2013_kerg.csv"",""source_member_sha256"":""af1d7f449974be160ffbbcc359bee00b73fb538a279f7ded5ea99b5b13bfcfbe"",""source_column"":129},{""source_id"":""src-de-bwl-participation-2013"",""source_url"":""https://www.bundeswahlleiterin.de/bundestagswahlen/2013/wahlbewerber.html"",""source_record_id"":""src-de-bwl-participation-2013:table:1:row:28"",""retrieved_at"":""2026-10-02T09:49:45.884Z"",""raw_snapshot"":{""path"":""docs/political-data/raw/germany/identity_participation-2013/source.html"",""sha256"":""1e7c2d0c575fc2bbd68862bdd348a6d3f13486dbbb0df33fd7eb6db5d93e1c29""},""parser_version"":""germany-production-v1"",""parser_sha256"":""2a8eb3487f392ef83303e7fb9ff246e4c111a7e64a469a6aa9eb21461ae9b1a0"",""fields_covered"":[""canonical_party_id""],""published_or_derived"":""published"",""decision_basis"":""manual review of official same-election recognition/participation and result column"",""evidence_note"":""Same-election actual-participation page: official full name and separately published additional name""},{""source_id"":""src-de-bwl-historical-results-report-2025"",""source_url"":""https://www.bundeswahlleiterin.de/dam/jcr/397735e3-0585-46f6-a0b5-2c60c5b83de6/btw_ab49_gesamt.pdf"",""source_record_id"":""src-de-bwl-historical-results-report-2025:pdf-page:146:abbreviation:Nichtwähler"",""retrieved_at"":""2026-10-02T09:49:47.035Z"",""raw_snapshot"":{""path"":""docs/political-data/raw/germany/identity_historical-results-report-2025/source.pdf"",""sha256"":""c2d2bb5daa111cb3e960549c1a3983196a0b428b40173c8ec0eb971f025327a1""},""parser_version"":""germany-production-v1"",""parser_sha256"":""2a8eb3487f392ef83303e7fb9ff246e4c111a7e64a469a6aa9eb21461ae9b1a0"",""fields_covered"":[""canonical_party_id""],""published_or_derived"":""published"",""decision_basis"":""manual review of official same-election recognition/participation and result column"",""evidence_note"":""Explicit published abbreviation explanation for the 2013 election; not legal continuity evidence""}]","{""decision_file"":""docs/political-data/germany_production_acceptance.json"",""reviewer"":""germany_source_review"",""reviewed_at"":""2026-10-02"",""scope"":""same_election_only_no_continuity""}"
"src-de-bwl-final-archive","af1d7f449974be160ffbbcc359bee00b73fb538a279f7ded5ea99b5b13bfcfbe:btw2013_kerg.csv:340:133","PARTEI DER VERNUNFT","germany","2013-09-22","2013-09-22","contestant","ct-de-0105",,"manual_review","confirmed_election_specific_record","requires_manual_review","false","Official result column to persisted election-specific contestant; no cross-election or legal-entity continuity decision.","[{""source_id"":""src-de-bwl-final-archive"",""source_url"":""https://www.bundeswahlleiterin.de/dam/jcr/ce2d2b6a-f211-4355-8eea-355c98cd4e47/btw_kerg.zip"",""source_record_id"":""af1d7f449974be160ffbbcc359bee00b73fb538a279f7ded5ea99b5b13bfcfbe:btw2013_kerg.csv:340:133"",""retrieved_at"":""2026-10-01T23:21:39.584Z"",""raw_snapshot"":{""path"":""docs/political-data/raw/germany/2026-10-01T23-21-39-584Z_02e7077f9358c9ef/final-results.zip"",""sha256"":""02e7077f9358c9ef408741ee5d17123a43c28ea766b26a7ab338c08fcaeb7512""},""parser_version"":""germany-production-v1"",""parser_sha256"":""2a8eb3487f392ef83303e7fb9ff246e4c111a7e64a469a6aa9eb21461ae9b1a0"",""fields_covered"":[""second_votes"",""registered_label_native""],""published_or_derived"":""published"",""source_member"":""btw2013_kerg.csv"",""source_member_sha256"":""af1d7f449974be160ffbbcc359bee00b73fb538a279f7ded5ea99b5b13bfcfbe"",""source_column"":133},{""source_id"":""src-de-bwl-recognition-2013"",""source_url"":""https://www.bundeswahlleiterin.de/info/presse/mitteilungen/bundestagswahl-2013/2013-07-05-38-parteien-koennen-an-der-bundestagswahl-2013-teilnehmen.html"",""source_record_id"":""src-de-bwl-recognition-2013:list:3:item:27"",""retrieved_at"":""2026-10-02T09:41:54.242Z"",""raw_snapshot"":{""path"":""docs/political-data/raw/germany/recognition_2013/recognition.html"",""sha256"":""f6225ec25ade267119b4407d531d33a969296ff08eadafb9ffbbb7a6246ebc48""},""parser_version"":""germany-production-v1"",""parser_sha256"":""2a8eb3487f392ef83303e7fb9ff246e4c111a7e64a469a6aa9eb21461ae9b1a0"",""fields_covered"":[""canonical_party_id""],""published_or_derived"":""published"",""decision_basis"":""manual review of official same-election recognition/participation and result column"",""evidence_note"":""Official same-election recognition declaration; list ordering is not a durable identifier""}]","{""decision_file"":""docs/political-data/germany_production_acceptance.json"",""reviewer"":""germany_source_review"",""reviewed_at"":""2026-10-02"",""scope"":""same_election_only_no_continuity""}"
"src-de-bwl-final-archive","af1d7f449974be160ffbbcc359bee00b73fb538a279f7ded5ea99b5b13bfcfbe:btw2013_kerg.csv:340:137","Die PARTEI","germany","2013-09-22","2013-09-22","contestant","ct-de-0106",,"manual_review","confirmed_election_specific_record","requires_manual_review","false","Official result column to persisted election-specific contestant; no cross-election or legal-entity continuity decision.","[{""source_id"":""src-de-bwl-final-archive"",""source_url"":""https://www.bundeswahlleiterin.de/dam/jcr/ce2d2b6a-f211-4355-8eea-355c98cd4e47/btw_kerg.zip"",""source_record_id"":""af1d7f449974be160ffbbcc359bee00b73fb538a279f7ded5ea99b5b13bfcfbe:btw2013_kerg.csv:340:137"",""retrieved_at"":""2026-10-01T23:21:39.584Z"",""raw_snapshot"":{""path"":""docs/political-data/raw/germany/2026-10-01T23-21-39-584Z_02e7077f9358c9ef/final-results.zip"",""sha256"":""02e7077f9358c9ef408741ee5d17123a43c28ea766b26a7ab338c08fcaeb7512""},""parser_version"":""germany-production-v1"",""parser_sha256"":""2a8eb3487f392ef83303e7fb9ff246e4c111a7e64a469a6aa9eb21461ae9b1a0"",""fields_covered"":[""second_votes"",""registered_label_native""],""published_or_derived"":""published"",""source_member"":""btw2013_kerg.csv"",""source_member_sha256"":""af1d7f449974be160ffbbcc359bee00b73fb538a279f7ded5ea99b5b13bfcfbe"",""source_column"":137},{""source_id"":""src-de-bwl-recognition-2013"",""source_url"":""https://www.bundeswahlleiterin.de/info/presse/mitteilungen/bundestagswahl-2013/2013-07-05-38-parteien-koennen-an-der-bundestagswahl-2013-teilnehmen.html"",""source_record_id"":""src-de-bwl-recognition-2013:list:3:item:14"",""retrieved_at"":""2026-10-02T09:41:54.242Z"",""raw_snapshot"":{""path"":""docs/political-data/raw/germany/recognition_2013/recognition.html"",""sha256"":""f6225ec25ade267119b4407d531d33a969296ff08eadafb9ffbbb7a6246ebc48""},""parser_version"":""germany-production-v1"",""parser_sha256"":""2a8eb3487f392ef83303e7fb9ff246e4c111a7e64a469a6aa9eb21461ae9b1a0"",""fields_covered"":[""canonical_party_id""],""published_or_derived"":""published"",""decision_basis"":""manual review of official same-election recognition/participation and result column"",""evidence_note"":""Official same-election recognition declaration; list ordering is not a durable identifier""}]","{""decision_file"":""docs/political-data/germany_production_acceptance.json"",""reviewer"":""germany_source_review"",""reviewed_at"":""2026-10-02"",""scope"":""same_election_only_no_continuity""}"
"src-de-bwl-final-archive","d5d5009b8cbe5cc2e4a75760a057bda2b29f656a41b157e28557aa47b0e34c4f:btw2017_kerg.csv:340:21","Christlich Demokratische Union Deutschlands","germany","2017-09-24","2017-09-24","contestant","ct-de-0107",,"manual_review","confirmed_election_specific_record","requires_manual_review","false","Official result column to persisted election-specific contestant; no cross-election or legal-entity continuity decision.","[{""source_id"":""src-de-bwl-final-archive"",""source_url"":""https://www.bundeswahlleiterin.de/dam/jcr/ce2d2b6a-f211-4355-8eea-355c98cd4e47/btw_kerg.zip"",""source_record_id"":""d5d5009b8cbe5cc2e4a75760a057bda2b29f656a41b157e28557aa47b0e34c4f:btw2017_kerg.csv:340:21"",""retrieved_at"":""2026-10-01T23:21:39.584Z"",""raw_snapshot"":{""path"":""docs/political-data/raw/germany/2026-10-01T23-21-39-584Z_02e7077f9358c9ef/final-results.zip"",""sha256"":""02e7077f9358c9ef408741ee5d17123a43c28ea766b26a7ab338c08fcaeb7512""},""parser_version"":""germany-production-v1"",""parser_sha256"":""2a8eb3487f392ef83303e7fb9ff246e4c111a7e64a469a6aa9eb21461ae9b1a0"",""fields_covered"":[""second_votes"",""registered_label_native""],""published_or_derived"":""published"",""source_member"":""btw2017_kerg.csv"",""source_member_sha256"":""d5d5009b8cbe5cc2e4a75760a057bda2b29f656a41b157e28557aa47b0e34c4f"",""source_column"":21},{""source_id"":""src-de-bwl-recognition-2017"",""source_url"":""https://www.bundeswahlleiterin.de/info/presse/mitteilungen/bundestagswahl-2017/05_17_parteien_teilnahme.html"",""source_record_id"":""src-de-bwl-recognition-2017:list:1:item:1"",""retrieved_at"":""2026-10-02T09:41:42.668Z"",""raw_snapshot"":{""path"":""docs/political-data/raw/germany/recognition_2017/recognition.html"",""sha256"":""02e581f2b7aaf8915d477809cc72b3baa916de5535ed806b819e1a5855bb450c""},""parser_version"":""germany-production-v1"",""parser_sha256"":""2a8eb3487f392ef83303e7fb9ff246e4c111a7e64a469a6aa9eb21461ae9b1a0"",""fields_covered"":[""canonical_party_id""],""published_or_derived"":""published"",""decision_basis"":""manual review of official same-election recognition/participation and result column"",""evidence_note"":""Official same-election recognition declaration; list ordering is not a durable identifier""}]","{""decision_file"":""docs/political-data/germany_production_acceptance.json"",""reviewer"":""germany_source_review"",""reviewed_at"":""2026-10-02"",""scope"":""same_election_only_no_continuity""}"
"src-de-bwl-final-archive","d5d5009b8cbe5cc2e4a75760a057bda2b29f656a41b157e28557aa47b0e34c4f:btw2017_kerg.csv:340:25","Sozialdemokratische Partei Deutschlands","germany","2017-09-24","2017-09-24","contestant","ct-de-0108",,"manual_review","confirmed_election_specific_record","requires_manual_review","false","Official result column to persisted election-specific contestant; no cross-election or legal-entity continuity decision.","[{""source_id"":""src-de-bwl-final-archive"",""source_url"":""https://www.bundeswahlleiterin.de/dam/jcr/ce2d2b6a-f211-4355-8eea-355c98cd4e47/btw_kerg.zip"",""source_record_id"":""d5d5009b8cbe5cc2e4a75760a057bda2b29f656a41b157e28557aa47b0e34c4f:btw2017_kerg.csv:340:25"",""retrieved_at"":""2026-10-01T23:21:39.584Z"",""raw_snapshot"":{""path"":""docs/political-data/raw/germany/2026-10-01T23-21-39-584Z_02e7077f9358c9ef/final-results.zip"",""sha256"":""02e7077f9358c9ef408741ee5d17123a43c28ea766b26a7ab338c08fcaeb7512""},""parser_version"":""germany-production-v1"",""parser_sha256"":""2a8eb3487f392ef83303e7fb9ff246e4c111a7e64a469a6aa9eb21461ae9b1a0"",""fields_covered"":[""second_votes"",""registered_label_native""],""published_or_derived"":""published"",""source_member"":""btw2017_kerg.csv"",""source_member_sha256"":""d5d5009b8cbe5cc2e4a75760a057bda2b29f656a41b157e28557aa47b0e34c4f"",""source_column"":25},{""source_id"":""src-de-bwl-recognition-2017"",""source_url"":""https://www.bundeswahlleiterin.de/info/presse/mitteilungen/bundestagswahl-2017/05_17_parteien_teilnahme.html"",""source_record_id"":""src-de-bwl-recognition-2017:list:1:item:2"",""retrieved_at"":""2026-10-02T09:41:42.668Z"",""raw_snapshot"":{""path"":""docs/political-data/raw/germany/recognition_2017/recognition.html"",""sha256"":""02e581f2b7aaf8915d477809cc72b3baa916de5535ed806b819e1a5855bb450c""},""parser_version"":""germany-production-v1"",""parser_sha256"":""2a8eb3487f392ef83303e7fb9ff246e4c111a7e64a469a6aa9eb21461ae9b1a0"",""fields_covered"":[""canonical_party_id""],""published_or_derived"":""published"",""decision_basis"":""manual review of official same-election recognition/participation and result column"",""evidence_note"":""Official same-election recognition declaration; list ordering is not a durable identifier""}]","{""decision_file"":""docs/political-data/germany_production_acceptance.json"",""reviewer"":""germany_source_review"",""reviewed_at"":""2026-10-02"",""scope"":""same_election_only_no_continuity""}"
"src-de-bwl-final-archive","d5d5009b8cbe5cc2e4a75760a057bda2b29f656a41b157e28557aa47b0e34c4f:btw2017_kerg.csv:340:29","DIE LINKE","germany","2017-09-24","2017-09-24","contestant","ct-de-0109",,"manual_review","confirmed_election_specific_record","requires_manual_review","false","Official result column to persisted election-specific contestant; no cross-election or legal-entity continuity decision.","[{""source_id"":""src-de-bwl-final-archive"",""source_url"":""https://www.bundeswahlleiterin.de/dam/jcr/ce2d2b6a-f211-4355-8eea-355c98cd4e47/btw_kerg.zip"",""source_record_id"":""d5d5009b8cbe5cc2e4a75760a057bda2b29f656a41b157e28557aa47b0e34c4f:btw2017_kerg.csv:340:29"",""retrieved_at"":""2026-10-01T23:21:39.584Z"",""raw_snapshot"":{""path"":""docs/political-data/raw/germany/2026-10-01T23-21-39-584Z_02e7077f9358c9ef/final-results.zip"",""sha256"":""02e7077f9358c9ef408741ee5d17123a43c28ea766b26a7ab338c08fcaeb7512""},""parser_version"":""germany-production-v1"",""parser_sha256"":""2a8eb3487f392ef83303e7fb9ff246e4c111a7e64a469a6aa9eb21461ae9b1a0"",""fields_covered"":[""second_votes"",""registered_label_native""],""published_or_derived"":""published"",""source_member"":""btw2017_kerg.csv"",""source_member_sha256"":""d5d5009b8cbe5cc2e4a75760a057bda2b29f656a41b157e28557aa47b0e34c4f"",""source_column"":29},{""source_id"":""src-de-bwl-recognition-2017"",""source_url"":""https://www.bundeswahlleiterin.de/info/presse/mitteilungen/bundestagswahl-2017/05_17_parteien_teilnahme.html"",""source_record_id"":""src-de-bwl-recognition-2017:list:1:item:3"",""retrieved_at"":""2026-10-02T09:41:42.668Z"",""raw_snapshot"":{""path"":""docs/political-data/raw/germany/recognition_2017/recognition.html"",""sha256"":""02e581f2b7aaf8915d477809cc72b3baa916de5535ed806b819e1a5855bb450c""},""parser_version"":""germany-production-v1"",""parser_sha256"":""2a8eb3487f392ef83303e7fb9ff246e4c111a7e64a469a6aa9eb21461ae9b1a0"",""fields_covered"":[""canonical_party_id""],""published_or_derived"":""published"",""decision_basis"":""manual review of official same-election recognition/participation and result column"",""evidence_note"":""Official same-election recognition declaration; list ordering is not a durable identifier""}]","{""decision_file"":""docs/political-data/germany_production_acceptance.json"",""reviewer"":""germany_source_review"",""reviewed_at"":""2026-10-02"",""scope"":""same_election_only_no_continuity""}"
"src-de-bwl-final-archive","d5d5009b8cbe5cc2e4a75760a057bda2b29f656a41b157e28557aa47b0e34c4f:btw2017_kerg.csv:340:33","BÜNDNIS 90/DIE GRÜNEN","germany","2017-09-24","2017-09-24","contestant","ct-de-0110",,"manual_review","confirmed_election_specific_record","requires_manual_review","false","Official result column to persisted election-specific contestant; no cross-election or legal-entity continuity decision.","[{""source_id"":""src-de-bwl-final-archive"",""source_url"":""https://www.bundeswahlleiterin.de/dam/jcr/ce2d2b6a-f211-4355-8eea-355c98cd4e47/btw_kerg.zip"",""source_record_id"":""d5d5009b8cbe5cc2e4a75760a057bda2b29f656a41b157e28557aa47b0e34c4f:btw2017_kerg.csv:340:33"",""retrieved_at"":""2026-10-01T23:21:39.584Z"",""raw_snapshot"":{""path"":""docs/political-data/raw/germany/2026-10-01T23-21-39-584Z_02e7077f9358c9ef/final-results.zip"",""sha256"":""02e7077f9358c9ef408741ee5d17123a43c28ea766b26a7ab338c08fcaeb7512""},""parser_version"":""germany-production-v1"",""parser_sha256"":""2a8eb3487f392ef83303e7fb9ff246e4c111a7e64a469a6aa9eb21461ae9b1a0"",""fields_covered"":[""second_votes"",""registered_label_native""],""published_or_derived"":""published"",""source_member"":""btw2017_kerg.csv"",""source_member_sha256"":""d5d5009b8cbe5cc2e4a75760a057bda2b29f656a41b157e28557aa47b0e34c4f"",""source_column"":33},{""source_id"":""src-de-bwl-recognition-2017"",""source_url"":""https://www.bundeswahlleiterin.de/info/presse/mitteilungen/bundestagswahl-2017/05_17_parteien_teilnahme.html"",""source_record_id"":""src-de-bwl-recognition-2017:list:1:item:4"",""retrieved_at"":""2026-10-02T09:41:42.668Z"",""raw_snapshot"":{""path"":""docs/political-data/raw/germany/recognition_2017/recognition.html"",""sha256"":""02e581f2b7aaf8915d477809cc72b3baa916de5535ed806b819e1a5855bb450c""},""parser_version"":""germany-production-v1"",""parser_sha256"":""2a8eb3487f392ef83303e7fb9ff246e4c111a7e64a469a6aa9eb21461ae9b1a0"",""fields_covered"":[""canonical_party_id""],""published_or_derived"":""published"",""decision_basis"":""manual review of official same-election recognition/participation and result column"",""evidence_note"":""Official same-election recognition declaration; list ordering is not a durable identifier""}]","{""decision_file"":""docs/political-data/germany_production_acceptance.json"",""reviewer"":""germany_source_review"",""reviewed_at"":""2026-10-02"",""scope"":""same_election_only_no_continuity""}"
"src-de-bwl-final-archive","d5d5009b8cbe5cc2e4a75760a057bda2b29f656a41b157e28557aa47b0e34c4f:btw2017_kerg.csv:340:37","Christlich-Soziale Union in Bayern e.V.","germany","2017-09-24","2017-09-24","contestant","ct-de-0111",,"manual_review","confirmed_election_specific_record","requires_manual_review","false","Official result column to persisted election-specific contestant; no cross-election or legal-entity continuity decision.","[{""source_id"":""src-de-bwl-final-archive"",""source_url"":""https://www.bundeswahlleiterin.de/dam/jcr/ce2d2b6a-f211-4355-8eea-355c98cd4e47/btw_kerg.zip"",""source_record_id"":""d5d5009b8cbe5cc2e4a75760a057bda2b29f656a41b157e28557aa47b0e34c4f:btw2017_kerg.csv:340:37"",""retrieved_at"":""2026-10-01T23:21:39.584Z"",""raw_snapshot"":{""path"":""docs/political-data/raw/germany/2026-10-01T23-21-39-584Z_02e7077f9358c9ef/final-results.zip"",""sha256"":""02e7077f9358c9ef408741ee5d17123a43c28ea766b26a7ab338c08fcaeb7512""},""parser_version"":""germany-production-v1"",""parser_sha256"":""2a8eb3487f392ef83303e7fb9ff246e4c111a7e64a469a6aa9eb21461ae9b1a0"",""fields_covered"":[""second_votes"",""registered_label_native""],""published_or_derived"":""published"",""source_member"":""btw2017_kerg.csv"",""source_member_sha256"":""d5d5009b8cbe5cc2e4a75760a057bda2b29f656a41b157e28557aa47b0e34c4f"",""source_column"":37},{""source_id"":""src-de-bwl-recognition-2017"",""source_url"":""https://www.bundeswahlleiterin.de/info/presse/mitteilungen/bundestagswahl-2017/05_17_parteien_teilnahme.html"",""source_record_id"":""src-de-bwl-recognition-2017:list:1:item:5"",""retrieved_at"":""2026-10-02T09:41:42.668Z"",""raw_snapshot"":{""path"":""docs/political-data/raw/germany/recognition_2017/recognition.html"",""sha256"":""02e581f2b7aaf8915d477809cc72b3baa916de5535ed806b819e1a5855bb450c""},""parser_version"":""germany-production-v1"",""parser_sha256"":""2a8eb3487f392ef83303e7fb9ff246e4c111a7e64a469a6aa9eb21461ae9b1a0"",""fields_covered"":[""canonical_party_id""],""published_or_derived"":""published"",""decision_basis"":""manual review of official same-election recognition/participation and result column"",""evidence_note"":""Official same-election recognition declaration; list ordering is not a durable identifier""}]","{""decision_file"":""docs/political-data/germany_production_acceptance.json"",""reviewer"":""germany_source_review"",""reviewed_at"":""2026-10-02"",""scope"":""same_election_only_no_continuity""}"
"src-de-bwl-final-archive","d5d5009b8cbe5cc2e4a75760a057bda2b29f656a41b157e28557aa47b0e34c4f:btw2017_kerg.csv:340:41","Freie Demokratische Partei","germany","2017-09-24","2017-09-24","contestant","ct-de-0112",,"manual_review","confirmed_election_specific_record","requires_manual_review","false","Official result column to persisted election-specific contestant; no cross-election or legal-entity continuity decision.","[{""source_id"":""src-de-bwl-final-archive"",""source_url"":""https://www.bundeswahlleiterin.de/dam/jcr/ce2d2b6a-f211-4355-8eea-355c98cd4e47/btw_kerg.zip"",""source_record_id"":""d5d5009b8cbe5cc2e4a75760a057bda2b29f656a41b157e28557aa47b0e34c4f:btw2017_kerg.csv:340:41"",""retrieved_at"":""2026-10-01T23:21:39.584Z"",""raw_snapshot"":{""path"":""docs/political-data/raw/germany/2026-10-01T23-21-39-584Z_02e7077f9358c9ef/final-results.zip"",""sha256"":""02e7077f9358c9ef408741ee5d17123a43c28ea766b26a7ab338c08fcaeb7512""},""parser_version"":""germany-production-v1"",""parser_sha256"":""2a8eb3487f392ef83303e7fb9ff246e4c111a7e64a469a6aa9eb21461ae9b1a0"",""fields_covered"":[""second_votes"",""registered_label_native""],""published_or_derived"":""published"",""source_member"":""btw2017_kerg.csv"",""source_member_sha256"":""d5d5009b8cbe5cc2e4a75760a057bda2b29f656a41b157e28557aa47b0e34c4f"",""source_column"":41},{""source_id"":""src-de-bwl-recognition-2017"",""source_url"":""https://www.bundeswahlleiterin.de/info/presse/mitteilungen/bundestagswahl-2017/05_17_parteien_teilnahme.html"",""source_record_id"":""src-de-bwl-recognition-2017:list:2:item:1"",""retrieved_at"":""2026-10-02T09:41:42.668Z"",""raw_snapshot"":{""path"":""docs/political-data/raw/germany/recognition_2017/recognition.html"",""sha256"":""02e581f2b7aaf8915d477809cc72b3baa916de5535ed806b819e1a5855bb450c""},""parser_version"":""germany-production-v1"",""parser_sha256"":""2a8eb3487f392ef83303e7fb9ff246e4c111a7e64a469a6aa9eb21461ae9b1a0"",""fields_covered"":[""canonical_party_id""],""published_or_derived"":""published"",""decision_basis"":""manual review of official same-election recognition/participation and result column"",""evidence_note"":""Official same-election recognition declaration; list ordering is not a durable identifier""}]","{""decision_file"":""docs/political-data/germany_production_acceptance.json"",""reviewer"":""germany_source_review"",""reviewed_at"":""2026-10-02"",""scope"":""same_election_only_no_continuity""}"
"src-de-bwl-final-archive","d5d5009b8cbe5cc2e4a75760a057bda2b29f656a41b157e28557aa47b0e34c4f:btw2017_kerg.csv:340:45","Alternative für Deutschland","germany","2017-09-24","2017-09-24","contestant","ct-de-0113",,"manual_review","confirmed_election_specific_record","requires_manual_review","false","Official result column to persisted election-specific contestant; no cross-election or legal-entity continuity decision.","[{""source_id"":""src-de-bwl-final-archive"",""source_url"":""https://www.bundeswahlleiterin.de/dam/jcr/ce2d2b6a-f211-4355-8eea-355c98cd4e47/btw_kerg.zip"",""source_record_id"":""d5d5009b8cbe5cc2e4a75760a057bda2b29f656a41b157e28557aa47b0e34c4f:btw2017_kerg.csv:340:45"",""retrieved_at"":""2026-10-01T23:21:39.584Z"",""raw_snapshot"":{""path"":""docs/political-data/raw/germany/2026-10-01T23-21-39-584Z_02e7077f9358c9ef/final-results.zip"",""sha256"":""02e7077f9358c9ef408741ee5d17123a43c28ea766b26a7ab338c08fcaeb7512""},""parser_version"":""germany-production-v1"",""parser_sha256"":""2a8eb3487f392ef83303e7fb9ff246e4c111a7e64a469a6aa9eb21461ae9b1a0"",""fields_covered"":[""second_votes"",""registered_label_native""],""published_or_derived"":""published"",""source_member"":""btw2017_kerg.csv"",""source_member_sha256"":""d5d5009b8cbe5cc2e4a75760a057bda2b29f656a41b157e28557aa47b0e34c4f"",""source_column"":45},{""source_id"":""src-de-bwl-recognition-2017"",""source_url"":""https://www.bundeswahlleiterin.de/info/presse/mitteilungen/bundestagswahl-2017/05_17_parteien_teilnahme.html"",""source_record_id"":""src-de-bwl-recognition-2017:list:2:item:2"",""retrieved_at"":""2026-10-02T09:41:42.668Z"",""raw_snapshot"":{""path"":""docs/political-data/raw/germany/recognition_2017/recognition.html"",""sha256"":""02e581f2b7aaf8915d477809cc72b3baa916de5535ed806b819e1a5855bb450c""},""parser_version"":""germany-production-v1"",""parser_sha256"":""2a8eb3487f392ef83303e7fb9ff246e4c111a7e64a469a6aa9eb21461ae9b1a0"",""fields_covered"":[""canonical_party_id""],""published_or_derived"":""published"",""decision_basis"":""manual review of official same-election recognition/participation and result column"",""evidence_note"":""Official same-election recognition declaration; list ordering is not a durable identifier""}]","{""decision_file"":""docs/political-data/germany_production_acceptance.json"",""reviewer"":""germany_source_review"",""reviewed_at"":""2026-10-02"",""scope"":""same_election_only_no_continuity""}"
"src-de-bwl-final-archive","d5d5009b8cbe5cc2e4a75760a057bda2b29f656a41b157e28557aa47b0e34c4f:btw2017_kerg.csv:340:49","Piratenpartei Deutschland","germany","2017-09-24","2017-09-24","contestant","ct-de-0114",,"manual_review","confirmed_election_specific_record","requires_manual_review","false","Official result column to persisted election-specific contestant; no cross-election or legal-entity continuity decision.","[{""source_id"":""src-de-bwl-final-archive"",""source_url"":""https://www.bundeswahlleiterin.de/dam/jcr/ce2d2b6a-f211-4355-8eea-355c98cd4e47/btw_kerg.zip"",""source_record_id"":""d5d5009b8cbe5cc2e4a75760a057bda2b29f656a41b157e28557aa47b0e34c4f:btw2017_kerg.csv:340:49"",""retrieved_at"":""2026-10-01T23:21:39.584Z"",""raw_snapshot"":{""path"":""docs/political-data/raw/germany/2026-10-01T23-21-39-584Z_02e7077f9358c9ef/final-results.zip"",""sha256"":""02e7077f9358c9ef408741ee5d17123a43c28ea766b26a7ab338c08fcaeb7512""},""parser_version"":""germany-production-v1"",""parser_sha256"":""2a8eb3487f392ef83303e7fb9ff246e4c111a7e64a469a6aa9eb21461ae9b1a0"",""fields_covered"":[""second_votes"",""registered_label_native""],""published_or_derived"":""published"",""source_member"":""btw2017_kerg.csv"",""source_member_sha256"":""d5d5009b8cbe5cc2e4a75760a057bda2b29f656a41b157e28557aa47b0e34c4f"",""source_column"":49},{""source_id"":""src-de-bwl-recognition-2017"",""source_url"":""https://www.bundeswahlleiterin.de/info/presse/mitteilungen/bundestagswahl-2017/05_17_parteien_teilnahme.html"",""source_record_id"":""src-de-bwl-recognition-2017:list:3:item:35"",""retrieved_at"":""2026-10-02T09:41:42.668Z"",""raw_snapshot"":{""path"":""docs/political-data/raw/germany/recognition_2017/recognition.html"",""sha256"":""02e581f2b7aaf8915d477809cc72b3baa916de5535ed806b819e1a5855bb450c""},""parser_version"":""germany-production-v1"",""parser_sha256"":""2a8eb3487f392ef83303e7fb9ff246e4c111a7e64a469a6aa9eb21461ae9b1a0"",""fields_covered"":[""canonical_party_id""],""published_or_derived"":""published"",""decision_basis"":""manual review of official same-election recognition/participation and result column"",""evidence_note"":""Official same-election recognition declaration; list ordering is not a durable identifier""}]","{""decision_file"":""docs/political-data/germany_production_acceptance.json"",""reviewer"":""germany_source_review"",""reviewed_at"":""2026-10-02"",""scope"":""same_election_only_no_continuity""}"
"src-de-bwl-final-archive","d5d5009b8cbe5cc2e4a75760a057bda2b29f656a41b157e28557aa47b0e34c4f:btw2017_kerg.csv:340:53","Nationaldemokratische Partei Deutschlands","germany","2017-09-24","2017-09-24","contestant","ct-de-0115",,"manual_review","confirmed_election_specific_record","requires_manual_review","false","Official result column to persisted election-specific contestant; no cross-election or legal-entity continuity decision.","[{""source_id"":""src-de-bwl-final-archive"",""source_url"":""https://www.bundeswahlleiterin.de/dam/jcr/ce2d2b6a-f211-4355-8eea-355c98cd4e47/btw_kerg.zip"",""source_record_id"":""d5d5009b8cbe5cc2e4a75760a057bda2b29f656a41b157e28557aa47b0e34c4f:btw2017_kerg.csv:340:53"",""retrieved_at"":""2026-10-01T23:21:39.584Z"",""raw_snapshot"":{""path"":""docs/political-data/raw/germany/2026-10-01T23-21-39-584Z_02e7077f9358c9ef/final-results.zip"",""sha256"":""02e7077f9358c9ef408741ee5d17123a43c28ea766b26a7ab338c08fcaeb7512""},""parser_version"":""germany-production-v1"",""parser_sha256"":""2a8eb3487f392ef83303e7fb9ff246e4c111a7e64a469a6aa9eb21461ae9b1a0"",""fields_covered"":[""second_votes"",""registered_label_native""],""published_or_derived"":""published"",""source_member"":""btw2017_kerg.csv"",""source_member_sha256"":""d5d5009b8cbe5cc2e4a75760a057bda2b29f656a41b157e28557aa47b0e34c4f"",""source_column"":53},{""source_id"":""src-de-bwl-recognition-2017"",""source_url"":""https://www.bundeswahlleiterin.de/info/presse/mitteilungen/bundestagswahl-2017/05_17_parteien_teilnahme.html"",""source_record_id"":""src-de-bwl-recognition-2017:list:3:item:24"",""retrieved_at"":""2026-10-02T09:41:42.668Z"",""raw_snapshot"":{""path"":""docs/political-data/raw/germany/recognition_2017/recognition.html"",""sha256"":""02e581f2b7aaf8915d477809cc72b3baa916de5535ed806b819e1a5855bb450c""},""parser_version"":""germany-production-v1"",""parser_sha256"":""2a8eb3487f392ef83303e7fb9ff246e4c111a7e64a469a6aa9eb21461ae9b1a0"",""fields_covered"":[""canonical_party_id""],""published_or_derived"":""published"",""decision_basis"":""manual review of official same-election recognition/participation and result column"",""evidence_note"":""Official same-election recognition declaration; list ordering is not a durable identifier""}]","{""decision_file"":""docs/political-data/germany_production_acceptance.json"",""reviewer"":""germany_source_review"",""reviewed_at"":""2026-10-02"",""scope"":""same_election_only_no_continuity""}"
"src-de-bwl-final-archive","d5d5009b8cbe5cc2e4a75760a057bda2b29f656a41b157e28557aa47b0e34c4f:btw2017_kerg.csv:340:57","FREIE WÄHLER","germany","2017-09-24","2017-09-24","contestant","ct-de-0116",,"manual_review","confirmed_election_specific_record","requires_manual_review","false","Official result column to persisted election-specific contestant; no cross-election or legal-entity continuity decision.","[{""source_id"":""src-de-bwl-final-archive"",""source_url"":""https://www.bundeswahlleiterin.de/dam/jcr/ce2d2b6a-f211-4355-8eea-355c98cd4e47/btw_kerg.zip"",""source_record_id"":""d5d5009b8cbe5cc2e4a75760a057bda2b29f656a41b157e28557aa47b0e34c4f:btw2017_kerg.csv:340:57"",""retrieved_at"":""2026-10-01T23:21:39.584Z"",""raw_snapshot"":{""path"":""docs/political-data/raw/germany/2026-10-01T23-21-39-584Z_02e7077f9358c9ef/final-results.zip"",""sha256"":""02e7077f9358c9ef408741ee5d17123a43c28ea766b26a7ab338c08fcaeb7512""},""parser_version"":""germany-production-v1"",""parser_sha256"":""2a8eb3487f392ef83303e7fb9ff246e4c111a7e64a469a6aa9eb21461ae9b1a0"",""fields_covered"":[""second_votes"",""registered_label_native""],""published_or_derived"":""published"",""source_member"":""btw2017_kerg.csv"",""source_member_sha256"":""d5d5009b8cbe5cc2e4a75760a057bda2b29f656a41b157e28557aa47b0e34c4f"",""source_column"":57},{""source_id"":""src-de-bwl-recognition-2017"",""source_url"":""https://www.bundeswahlleiterin.de/info/presse/mitteilungen/bundestagswahl-2017/05_17_parteien_teilnahme.html"",""source_record_id"":""src-de-bwl-recognition-2017:list:2:item:3"",""retrieved_at"":""2026-10-02T09:41:42.668Z"",""raw_snapshot"":{""path"":""docs/political-data/raw/germany/recognition_2017/recognition.html"",""sha256"":""02e581f2b7aaf8915d477809cc72b3baa916de5535ed806b819e1a5855bb450c""},""parser_version"":""germany-production-v1"",""parser_sha256"":""2a8eb3487f392ef83303e7fb9ff246e4c111a7e64a469a6aa9eb21461ae9b1a0"",""fields_covered"":[""canonical_party_id""],""published_or_derived"":""published"",""decision_basis"":""manual review of official same-election recognition/participation and result column"",""evidence_note"":""Official same-election recognition declaration; list ordering is not a durable identifier""}]","{""decision_file"":""docs/political-data/germany_production_acceptance.json"",""reviewer"":""germany_source_review"",""reviewed_at"":""2026-10-02"",""scope"":""same_election_only_no_continuity""}"
"src-de-bwl-final-archive","d5d5009b8cbe5cc2e4a75760a057bda2b29f656a41b157e28557aa47b0e34c4f:btw2017_kerg.csv:340:61","PARTEI MENSCH UMWELT TIERSCHUTZ","germany","2017-09-24","2017-09-24","contestant","ct-de-0117",,"manual_review","confirmed_election_specific_record","requires_manual_review","false","Official result column to persisted election-specific contestant; no cross-election or legal-entity continuity decision.","[{""source_id"":""src-de-bwl-final-archive"",""source_url"":""https://www.bundeswahlleiterin.de/dam/jcr/ce2d2b6a-f211-4355-8eea-355c98cd4e47/btw_kerg.zip"",""source_record_id"":""d5d5009b8cbe5cc2e4a75760a057bda2b29f656a41b157e28557aa47b0e34c4f:btw2017_kerg.csv:340:61"",""retrieved_at"":""2026-10-01T23:21:39.584Z"",""raw_snapshot"":{""path"":""docs/political-data/raw/germany/2026-10-01T23-21-39-584Z_02e7077f9358c9ef/final-results.zip"",""sha256"":""02e7077f9358c9ef408741ee5d17123a43c28ea766b26a7ab338c08fcaeb7512""},""parser_version"":""germany-production-v1"",""parser_sha256"":""2a8eb3487f392ef83303e7fb9ff246e4c111a7e64a469a6aa9eb21461ae9b1a0"",""fields_covered"":[""second_votes"",""registered_label_native""],""published_or_derived"":""published"",""source_member"":""btw2017_kerg.csv"",""source_member_sha256"":""d5d5009b8cbe5cc2e4a75760a057bda2b29f656a41b157e28557aa47b0e34c4f"",""source_column"":61},{""source_id"":""src-de-bwl-recognition-2017"",""source_url"":""https://www.bundeswahlleiterin.de/info/presse/mitteilungen/bundestagswahl-2017/05_17_parteien_teilnahme.html"",""source_record_id"":""src-de-bwl-recognition-2017:list:3:item:11"",""retrieved_at"":""2026-10-02T09:41:42.668Z"",""raw_snapshot"":{""path"":""docs/political-data/raw/germany/recognition_2017/recognition.html"",""sha256"":""02e581f2b7aaf8915d477809cc72b3baa916de5535ed806b819e1a5855bb450c""},""parser_version"":""germany-production-v1"",""parser_sha256"":""2a8eb3487f392ef83303e7fb9ff246e4c111a7e64a469a6aa9eb21461ae9b1a0"",""fields_covered"":[""canonical_party_id""],""published_or_derived"":""published"",""decision_basis"":""manual review of official same-election recognition/participation and result column"",""evidence_note"":""Official same-election recognition declaration; list ordering is not a durable identifier""}]","{""decision_file"":""docs/political-data/germany_production_acceptance.json"",""reviewer"":""germany_source_review"",""reviewed_at"":""2026-10-02"",""scope"":""same_election_only_no_continuity""}"
"src-de-bwl-final-archive","d5d5009b8cbe5cc2e4a75760a057bda2b29f656a41b157e28557aa47b0e34c4f:btw2017_kerg.csv:340:65","Ökologisch-Demokratische Partei","germany","2017-09-24","2017-09-24","contestant","ct-de-0118",,"manual_review","confirmed_election_specific_record","requires_manual_review","false","Official result column to persisted election-specific contestant; no cross-election or legal-entity continuity decision.","[{""source_id"":""src-de-bwl-final-archive"",""source_url"":""https://www.bundeswahlleiterin.de/dam/jcr/ce2d2b6a-f211-4355-8eea-355c98cd4e47/btw_kerg.zip"",""source_record_id"":""d5d5009b8cbe5cc2e4a75760a057bda2b29f656a41b157e28557aa47b0e34c4f:btw2017_kerg.csv:340:65"",""retrieved_at"":""2026-10-01T23:21:39.584Z"",""raw_snapshot"":{""path"":""docs/political-data/raw/germany/2026-10-01T23-21-39-584Z_02e7077f9358c9ef/final-results.zip"",""sha256"":""02e7077f9358c9ef408741ee5d17123a43c28ea766b26a7ab338c08fcaeb7512""},""parser_version"":""germany-production-v1"",""parser_sha256"":""2a8eb3487f392ef83303e7fb9ff246e4c111a7e64a469a6aa9eb21461ae9b1a0"",""fields_covered"":[""second_votes"",""registered_label_native""],""published_or_derived"":""published"",""source_member"":""btw2017_kerg.csv"",""source_member_sha256"":""d5d5009b8cbe5cc2e4a75760a057bda2b29f656a41b157e28557aa47b0e34c4f"",""source_column"":65},{""source_id"":""src-de-bwl-recognition-2017"",""source_url"":""https://www.bundeswahlleiterin.de/info/presse/mitteilungen/bundestagswahl-2017/05_17_parteien_teilnahme.html"",""source_record_id"":""src-de-bwl-recognition-2017:list:3:item:17"",""retrieved_at"":""2026-10-02T09:41:42.668Z"",""raw_snapshot"":{""path"":""docs/political-data/raw/germany/recognition_2017/recognition.html"",""sha256"":""02e581f2b7aaf8915d477809cc72b3baa916de5535ed806b819e1a5855bb450c""},""parser_version"":""germany-production-v1"",""parser_sha256"":""2a8eb3487f392ef83303e7fb9ff246e4c111a7e64a469a6aa9eb21461ae9b1a0"",""fields_covered"":[""canonical_party_id""],""published_or_derived"":""published"",""decision_basis"":""manual review of official same-election recognition/participation and result column"",""evidence_note"":""Official same-election recognition declaration; list ordering is not a durable identifier""}]","{""decision_file"":""docs/political-data/germany_production_acceptance.json"",""reviewer"":""germany_source_review"",""reviewed_at"":""2026-10-02"",""scope"":""same_election_only_no_continuity""}"
"src-de-bwl-final-archive","d5d5009b8cbe5cc2e4a75760a057bda2b29f656a41b157e28557aa47b0e34c4f:btw2017_kerg.csv:340:69","Partei für Arbeit, Rechtsstaat, Tierschutz, Elitenförderung und basisdemokratische Initiative","germany","2017-09-24","2017-09-24","contestant","ct-de-0119",,"manual_review","confirmed_election_specific_record","requires_manual_review","false","Official result column to persisted election-specific contestant; no cross-election or legal-entity continuity decision.","[{""source_id"":""src-de-bwl-final-archive"",""source_url"":""https://www.bundeswahlleiterin.de/dam/jcr/ce2d2b6a-f211-4355-8eea-355c98cd4e47/btw_kerg.zip"",""source_record_id"":""d5d5009b8cbe5cc2e4a75760a057bda2b29f656a41b157e28557aa47b0e34c4f:btw2017_kerg.csv:340:69"",""retrieved_at"":""2026-10-01T23:21:39.584Z"",""raw_snapshot"":{""path"":""docs/political-data/raw/germany/2026-10-01T23-21-39-584Z_02e7077f9358c9ef/final-results.zip"",""sha256"":""02e7077f9358c9ef408741ee5d17123a43c28ea766b26a7ab338c08fcaeb7512""},""parser_version"":""germany-production-v1"",""parser_sha256"":""2a8eb3487f392ef83303e7fb9ff246e4c111a7e64a469a6aa9eb21461ae9b1a0"",""fields_covered"":[""second_votes"",""registered_label_native""],""published_or_derived"":""published"",""source_member"":""btw2017_kerg.csv"",""source_member_sha256"":""d5d5009b8cbe5cc2e4a75760a057bda2b29f656a41b157e28557aa47b0e34c4f"",""source_column"":69},{""source_id"":""src-de-bwl-recognition-2017"",""source_url"":""https://www.bundeswahlleiterin.de/info/presse/mitteilungen/bundestagswahl-2017/05_17_parteien_teilnahme.html"",""source_record_id"":""src-de-bwl-recognition-2017:list:3:item:12"",""retrieved_at"":""2026-10-02T09:41:42.668Z"",""raw_snapshot"":{""path"":""docs/political-data/raw/germany/recognition_2017/recognition.html"",""sha256"":""02e581f2b7aaf8915d477809cc72b3baa916de5535ed806b819e1a5855bb450c""},""parser_version"":""germany-production-v1"",""parser_sha256"":""2a8eb3487f392ef83303e7fb9ff246e4c111a7e64a469a6aa9eb21461ae9b1a0"",""fields_covered"":[""canonical_party_id""],""published_or_derived"":""published"",""decision_basis"":""manual review of official same-election recognition/participation and result column"",""evidence_note"":""Official same-election recognition declaration; list ordering is not a durable identifier""}]","{""decision_file"":""docs/political-data/germany_production_acceptance.json"",""reviewer"":""germany_source_review"",""reviewed_at"":""2026-10-02"",""scope"":""same_election_only_no_continuity""}"
"src-de-bwl-final-archive","d5d5009b8cbe5cc2e4a75760a057bda2b29f656a41b157e28557aa47b0e34c4f:btw2017_kerg.csv:340:73","Bayernpartei","germany","2017-09-24","2017-09-24","contestant","ct-de-0120",,"manual_review","confirmed_election_specific_record","requires_manual_review","false","Official result column to persisted election-specific contestant; no cross-election or legal-entity continuity decision.","[{""source_id"":""src-de-bwl-final-archive"",""source_url"":""https://www.bundeswahlleiterin.de/dam/jcr/ce2d2b6a-f211-4355-8eea-355c98cd4e47/btw_kerg.zip"",""source_record_id"":""d5d5009b8cbe5cc2e4a75760a057bda2b29f656a41b157e28557aa47b0e34c4f:btw2017_kerg.csv:340:73"",""retrieved_at"":""2026-10-01T23:21:39.584Z"",""raw_snapshot"":{""path"":""docs/political-data/raw/germany/2026-10-01T23-21-39-584Z_02e7077f9358c9ef/final-results.zip"",""sha256"":""02e7077f9358c9ef408741ee5d17123a43c28ea766b26a7ab338c08fcaeb7512""},""parser_version"":""germany-production-v1"",""parser_sha256"":""2a8eb3487f392ef83303e7fb9ff246e4c111a7e64a469a6aa9eb21461ae9b1a0"",""fields_covered"":[""second_votes"",""registered_label_native""],""published_or_derived"":""published"",""source_member"":""btw2017_kerg.csv"",""source_member_sha256"":""d5d5009b8cbe5cc2e4a75760a057bda2b29f656a41b157e28557aa47b0e34c4f"",""source_column"":73},{""source_id"":""src-de-bwl-recognition-2017"",""source_url"":""https://www.bundeswahlleiterin.de/info/presse/mitteilungen/bundestagswahl-2017/05_17_parteien_teilnahme.html"",""source_record_id"":""src-de-bwl-recognition-2017:list:3:item:14"",""retrieved_at"":""2026-10-02T09:41:42.668Z"",""raw_snapshot"":{""path"":""docs/political-data/raw/germany/recognition_2017/recognition.html"",""sha256"":""02e581f2b7aaf8915d477809cc72b3baa916de5535ed806b819e1a5855bb450c""},""parser_version"":""germany-production-v1"",""parser_sha256"":""2a8eb3487f392ef83303e7fb9ff246e4c111a7e64a469a6aa9eb21461ae9b1a0"",""fields_covered"":[""canonical_party_id""],""published_or_derived"":""published"",""decision_basis"":""manual review of official same-election recognition/participation and result column"",""evidence_note"":""Official same-election recognition declaration; list ordering is not a durable identifier""}]","{""decision_file"":""docs/political-data/germany_production_acceptance.json"",""reviewer"":""germany_source_review"",""reviewed_at"":""2026-10-02"",""scope"":""same_election_only_no_continuity""}"
"src-de-bwl-final-archive","d5d5009b8cbe5cc2e4a75760a057bda2b29f656a41b157e28557aa47b0e34c4f:btw2017_kerg.csv:340:77","Ab jetzt...Demokratie durch Volksabstimmung","germany","2017-09-24","2017-09-24","contestant","ct-de-0121",,"manual_review","confirmed_election_specific_record","requires_manual_review","false","Official result column to persisted election-specific contestant; no cross-election or legal-entity continuity decision.","[{""source_id"":""src-de-bwl-final-archive"",""source_url"":""https://www.bundeswahlleiterin.de/dam/jcr/ce2d2b6a-f211-4355-8eea-355c98cd4e47/btw_kerg.zip"",""source_record_id"":""d5d5009b8cbe5cc2e4a75760a057bda2b29f656a41b157e28557aa47b0e34c4f:btw2017_kerg.csv:340:77"",""retrieved_at"":""2026-10-01T23:21:39.584Z"",""raw_snapshot"":{""path"":""docs/political-data/raw/germany/2026-10-01T23-21-39-584Z_02e7077f9358c9ef/final-results.zip"",""sha256"":""02e7077f9358c9ef408741ee5d17123a43c28ea766b26a7ab338c08fcaeb7512""},""parser_version"":""germany-production-v1"",""parser_sha256"":""2a8eb3487f392ef83303e7fb9ff246e4c111a7e64a469a6aa9eb21461ae9b1a0"",""fields_covered"":[""second_votes"",""registered_label_native""],""published_or_derived"":""published"",""source_member"":""btw2017_kerg.csv"",""source_member_sha256"":""d5d5009b8cbe5cc2e4a75760a057bda2b29f656a41b157e28557aa47b0e34c4f"",""source_column"":77},{""source_id"":""src-de-bwl-participation-2017"",""source_url"":""https://www.bundeswahlleiterin.de/bundestagswahlen/2017/wahlbewerber.html"",""source_record_id"":""src-de-bwl-participation-2017:table:1:row:16"",""retrieved_at"":""2026-10-02T09:49:45.850Z"",""raw_snapshot"":{""path"":""docs/political-data/raw/germany/identity_participation-2017/source.html"",""sha256"":""921e62b053178a9f32bfd87e48255d52b71809a686611cae1e97810a5114fa04""},""parser_version"":""germany-production-v1"",""parser_sha256"":""2a8eb3487f392ef83303e7fb9ff246e4c111a7e64a469a6aa9eb21461ae9b1a0"",""fields_covered"":[""canonical_party_id""],""published_or_derived"":""published"",""decision_basis"":""manual review of official same-election recognition/participation and result column"",""evidence_note"":""Same-election actual-participation page: official full name and separately published additional name""}]","{""decision_file"":""docs/political-data/germany_production_acceptance.json"",""reviewer"":""germany_source_review"",""reviewed_at"":""2026-10-02"",""scope"":""same_election_only_no_continuity""}"
"src-de-bwl-final-archive","d5d5009b8cbe5cc2e4a75760a057bda2b29f656a41b157e28557aa47b0e34c4f:btw2017_kerg.csv:340:81","Partei der Vernunft","germany","2017-09-24","2017-09-24","contestant","ct-de-0122",,"manual_review","confirmed_election_specific_record","requires_manual_review","false","Official result column to persisted election-specific contestant; no cross-election or legal-entity continuity decision.","[{""source_id"":""src-de-bwl-final-archive"",""source_url"":""https://www.bundeswahlleiterin.de/dam/jcr/ce2d2b6a-f211-4355-8eea-355c98cd4e47/btw_kerg.zip"",""source_record_id"":""d5d5009b8cbe5cc2e4a75760a057bda2b29f656a41b157e28557aa47b0e34c4f:btw2017_kerg.csv:340:81"",""retrieved_at"":""2026-10-01T23:21:39.584Z"",""raw_snapshot"":{""path"":""docs/political-data/raw/germany/2026-10-01T23-21-39-584Z_02e7077f9358c9ef/final-results.zip"",""sha256"":""02e7077f9358c9ef408741ee5d17123a43c28ea766b26a7ab338c08fcaeb7512""},""parser_version"":""germany-production-v1"",""parser_sha256"":""2a8eb3487f392ef83303e7fb9ff246e4c111a7e64a469a6aa9eb21461ae9b1a0"",""fields_covered"":[""second_votes"",""registered_label_native""],""published_or_derived"":""published"",""source_member"":""btw2017_kerg.csv"",""source_member_sha256"":""d5d5009b8cbe5cc2e4a75760a057bda2b29f656a41b157e28557aa47b0e34c4f"",""source_column"":81},{""source_id"":""src-de-bwl-recognition-2017"",""source_url"":""https://www.bundeswahlleiterin.de/info/presse/mitteilungen/bundestagswahl-2017/05_17_parteien_teilnahme.html"",""source_record_id"":""src-de-bwl-recognition-2017:list:3:item:37"",""retrieved_at"":""2026-10-02T09:41:42.668Z"",""raw_snapshot"":{""path"":""docs/political-data/raw/germany/recognition_2017/recognition.html"",""sha256"":""02e581f2b7aaf8915d477809cc72b3baa916de5535ed806b819e1a5855bb450c""},""parser_version"":""germany-production-v1"",""parser_sha256"":""2a8eb3487f392ef83303e7fb9ff246e4c111a7e64a469a6aa9eb21461ae9b1a0"",""fields_covered"":[""canonical_party_id""],""published_or_derived"":""published"",""decision_basis"":""manual review of official same-election recognition/participation and result column"",""evidence_note"":""Official same-election recognition declaration; list ordering is not a durable identifier""}]","{""decision_file"":""docs/political-data/germany_production_acceptance.json"",""reviewer"":""germany_source_review"",""reviewed_at"":""2026-10-02"",""scope"":""same_election_only_no_continuity""}"
"src-de-bwl-final-archive","d5d5009b8cbe5cc2e4a75760a057bda2b29f656a41b157e28557aa47b0e34c4f:btw2017_kerg.csv:340:85","Marxistisch-Leninistische Partei Deutschlands","germany","2017-09-24","2017-09-24","contestant","ct-de-0123",,"manual_review","confirmed_election_specific_record","requires_manual_review","false","Official result column to persisted election-specific contestant; no cross-election or legal-entity continuity decision.","[{""source_id"":""src-de-bwl-final-archive"",""source_url"":""https://www.bundeswahlleiterin.de/dam/jcr/ce2d2b6a-f211-4355-8eea-355c98cd4e47/btw_kerg.zip"",""source_record_id"":""d5d5009b8cbe5cc2e4a75760a057bda2b29f656a41b157e28557aa47b0e34c4f:btw2017_kerg.csv:340:85"",""retrieved_at"":""2026-10-01T23:21:39.584Z"",""raw_snapshot"":{""path"":""docs/political-data/raw/germany/2026-10-01T23-21-39-584Z_02e7077f9358c9ef/final-results.zip"",""sha256"":""02e7077f9358c9ef408741ee5d17123a43c28ea766b26a7ab338c08fcaeb7512""},""parser_version"":""germany-production-v1"",""parser_sha256"":""2a8eb3487f392ef83303e7fb9ff246e4c111a7e64a469a6aa9eb21461ae9b1a0"",""fields_covered"":[""second_votes"",""registered_label_native""],""published_or_derived"":""published"",""source_member"":""btw2017_kerg.csv"",""source_member_sha256"":""d5d5009b8cbe5cc2e4a75760a057bda2b29f656a41b157e28557aa47b0e34c4f"",""source_column"":85},{""source_id"":""src-de-bwl-recognition-2017"",""source_url"":""https://www.bundeswahlleiterin.de/info/presse/mitteilungen/bundestagswahl-2017/05_17_parteien_teilnahme.html"",""source_record_id"":""src-de-bwl-recognition-2017:list:3:item:5"",""retrieved_at"":""2026-10-02T09:41:42.668Z"",""raw_snapshot"":{""path"":""docs/political-data/raw/germany/recognition_2017/recognition.html"",""sha256"":""02e581f2b7aaf8915d477809cc72b3baa916de5535ed806b819e1a5855bb450c""},""parser_version"":""germany-production-v1"",""parser_sha256"":""2a8eb3487f392ef83303e7fb9ff246e4c111a7e64a469a6aa9eb21461ae9b1a0"",""fields_covered"":[""canonical_party_id""],""published_or_derived"":""published"",""decision_basis"":""manual review of official same-election recognition/participation and result column"",""evidence_note"":""Official same-election recognition declaration; list ordering is not a durable identifier""}]","{""decision_file"":""docs/political-data/germany_production_acceptance.json"",""reviewer"":""germany_source_review"",""reviewed_at"":""2026-10-02"",""scope"":""same_election_only_no_continuity""}"
"src-de-bwl-final-archive","d5d5009b8cbe5cc2e4a75760a057bda2b29f656a41b157e28557aa47b0e34c4f:btw2017_kerg.csv:340:89","Bürgerrechtsbewegung Solidarität","germany","2017-09-24","2017-09-24","contestant","ct-de-0124",,"manual_review","confirmed_election_specific_record","requires_manual_review","false","Official result column to persisted election-specific contestant; no cross-election or legal-entity continuity decision.","[{""source_id"":""src-de-bwl-final-archive"",""source_url"":""https://www.bundeswahlleiterin.de/dam/jcr/ce2d2b6a-f211-4355-8eea-355c98cd4e47/btw_kerg.zip"",""source_record_id"":""d5d5009b8cbe5cc2e4a75760a057bda2b29f656a41b157e28557aa47b0e34c4f:btw2017_kerg.csv:340:89"",""retrieved_at"":""2026-10-01T23:21:39.584Z"",""raw_snapshot"":{""path"":""docs/political-data/raw/germany/2026-10-01T23-21-39-584Z_02e7077f9358c9ef/final-results.zip"",""sha256"":""02e7077f9358c9ef408741ee5d17123a43c28ea766b26a7ab338c08fcaeb7512""},""parser_version"":""germany-production-v1"",""parser_sha256"":""2a8eb3487f392ef83303e7fb9ff246e4c111a7e64a469a6aa9eb21461ae9b1a0"",""fields_covered"":[""second_votes"",""registered_label_native""],""published_or_derived"":""published"",""source_member"":""btw2017_kerg.csv"",""source_member_sha256"":""d5d5009b8cbe5cc2e4a75760a057bda2b29f656a41b157e28557aa47b0e34c4f"",""source_column"":89},{""source_id"":""src-de-bwl-recognition-2017"",""source_url"":""https://www.bundeswahlleiterin.de/info/presse/mitteilungen/bundestagswahl-2017/05_17_parteien_teilnahme.html"",""source_record_id"":""src-de-bwl-recognition-2017:list:3:item:10"",""retrieved_at"":""2026-10-02T09:41:42.668Z"",""raw_snapshot"":{""path"":""docs/political-data/raw/germany/recognition_2017/recognition.html"",""sha256"":""02e581f2b7aaf8915d477809cc72b3baa916de5535ed806b819e1a5855bb450c""},""parser_version"":""germany-production-v1"",""parser_sha256"":""2a8eb3487f392ef83303e7fb9ff246e4c111a7e64a469a6aa9eb21461ae9b1a0"",""fields_covered"":[""canonical_party_id""],""published_or_derived"":""published"",""decision_basis"":""manual review of official same-election recognition/participation and result column"",""evidence_note"":""Official same-election recognition declaration; list ordering is not a durable identifier""}]","{""decision_file"":""docs/political-data/germany_production_acceptance.json"",""reviewer"":""germany_source_review"",""reviewed_at"":""2026-10-02"",""scope"":""same_election_only_no_continuity""}"
"src-de-bwl-final-archive","d5d5009b8cbe5cc2e4a75760a057bda2b29f656a41b157e28557aa47b0e34c4f:btw2017_kerg.csv:340:93","Sozialistische Gleichheitspartei, Vierte Internationale","germany","2017-09-24","2017-09-24","contestant","ct-de-0125",,"manual_review","confirmed_election_specific_record","requires_manual_review","false","Official result column to persisted election-specific contestant; no cross-election or legal-entity continuity decision.","[{""source_id"":""src-de-bwl-final-archive"",""source_url"":""https://www.bundeswahlleiterin.de/dam/jcr/ce2d2b6a-f211-4355-8eea-355c98cd4e47/btw_kerg.zip"",""source_record_id"":""d5d5009b8cbe5cc2e4a75760a057bda2b29f656a41b157e28557aa47b0e34c4f:btw2017_kerg.csv:340:93"",""retrieved_at"":""2026-10-01T23:21:39.584Z"",""raw_snapshot"":{""path"":""docs/political-data/raw/germany/2026-10-01T23-21-39-584Z_02e7077f9358c9ef/final-results.zip"",""sha256"":""02e7077f9358c9ef408741ee5d17123a43c28ea766b26a7ab338c08fcaeb7512""},""parser_version"":""germany-production-v1"",""parser_sha256"":""2a8eb3487f392ef83303e7fb9ff246e4c111a7e64a469a6aa9eb21461ae9b1a0"",""fields_covered"":[""second_votes"",""registered_label_native""],""published_or_derived"":""published"",""source_member"":""btw2017_kerg.csv"",""source_member_sha256"":""d5d5009b8cbe5cc2e4a75760a057bda2b29f656a41b157e28557aa47b0e34c4f"",""source_column"":93},{""source_id"":""src-de-bwl-recognition-2017"",""source_url"":""https://www.bundeswahlleiterin.de/info/presse/mitteilungen/bundestagswahl-2017/05_17_parteien_teilnahme.html"",""source_record_id"":""src-de-bwl-recognition-2017:list:3:item:39"",""retrieved_at"":""2026-10-02T09:41:42.668Z"",""raw_snapshot"":{""path"":""docs/political-data/raw/germany/recognition_2017/recognition.html"",""sha256"":""02e581f2b7aaf8915d477809cc72b3baa916de5535ed806b819e1a5855bb450c""},""parser_version"":""germany-production-v1"",""parser_sha256"":""2a8eb3487f392ef83303e7fb9ff246e4c111a7e64a469a6aa9eb21461ae9b1a0"",""fields_covered"":[""canonical_party_id""],""published_or_derived"":""published"",""decision_basis"":""manual review of official same-election recognition/participation and result column"",""evidence_note"":""Official same-election recognition declaration; list ordering is not a durable identifier""}]","{""decision_file"":""docs/political-data/germany_production_acceptance.json"",""reviewer"":""germany_source_review"",""reviewed_at"":""2026-10-02"",""scope"":""same_election_only_no_continuity""}"
"src-de-bwl-final-archive","d5d5009b8cbe5cc2e4a75760a057bda2b29f656a41b157e28557aa47b0e34c4f:btw2017_kerg.csv:340:97","DIE RECHTE","germany","2017-09-24","2017-09-24","contestant","ct-de-0126",,"manual_review","confirmed_election_specific_record","requires_manual_review","false","Official result column to persisted election-specific contestant; no cross-election or legal-entity continuity decision.","[{""source_id"":""src-de-bwl-final-archive"",""source_url"":""https://www.bundeswahlleiterin.de/dam/jcr/ce2d2b6a-f211-4355-8eea-355c98cd4e47/btw_kerg.zip"",""source_record_id"":""d5d5009b8cbe5cc2e4a75760a057bda2b29f656a41b157e28557aa47b0e34c4f:btw2017_kerg.csv:340:97"",""retrieved_at"":""2026-10-01T23:21:39.584Z"",""raw_snapshot"":{""path"":""docs/political-data/raw/germany/2026-10-01T23-21-39-584Z_02e7077f9358c9ef/final-results.zip"",""sha256"":""02e7077f9358c9ef408741ee5d17123a43c28ea766b26a7ab338c08fcaeb7512""},""parser_version"":""germany-production-v1"",""parser_sha256"":""2a8eb3487f392ef83303e7fb9ff246e4c111a7e64a469a6aa9eb21461ae9b1a0"",""fields_covered"":[""second_votes"",""registered_label_native""],""published_or_derived"":""published"",""source_member"":""btw2017_kerg.csv"",""source_member_sha256"":""d5d5009b8cbe5cc2e4a75760a057bda2b29f656a41b157e28557aa47b0e34c4f"",""source_column"":97},{""source_id"":""src-de-bwl-recognition-2017"",""source_url"":""https://www.bundeswahlleiterin.de/info/presse/mitteilungen/bundestagswahl-2017/05_17_parteien_teilnahme.html"",""source_record_id"":""src-de-bwl-recognition-2017:list:3:item:6"",""retrieved_at"":""2026-10-02T09:41:42.668Z"",""raw_snapshot"":{""path"":""docs/political-data/raw/germany/recognition_2017/recognition.html"",""sha256"":""02e581f2b7aaf8915d477809cc72b3baa916de5535ed806b819e1a5855bb450c""},""parser_version"":""germany-production-v1"",""parser_sha256"":""2a8eb3487f392ef83303e7fb9ff246e4c111a7e64a469a6aa9eb21461ae9b1a0"",""fields_covered"":[""canonical_party_id""],""published_or_derived"":""published"",""decision_basis"":""manual review of official same-election recognition/participation and result column"",""evidence_note"":""Official same-election recognition declaration; list ordering is not a durable identifier""}]","{""decision_file"":""docs/political-data/germany_production_acceptance.json"",""reviewer"":""germany_source_review"",""reviewed_at"":""2026-10-02"",""scope"":""same_election_only_no_continuity""}"
"src-de-bwl-final-archive","d5d5009b8cbe5cc2e4a75760a057bda2b29f656a41b157e28557aa47b0e34c4f:btw2017_kerg.csv:340:101","Allianz Deutscher Demokraten","germany","2017-09-24","2017-09-24","contestant","ct-de-0127",,"manual_review","confirmed_election_specific_record","requires_manual_review","false","Official result column to persisted election-specific contestant; no cross-election or legal-entity continuity decision.","[{""source_id"":""src-de-bwl-final-archive"",""source_url"":""https://www.bundeswahlleiterin.de/dam/jcr/ce2d2b6a-f211-4355-8eea-355c98cd4e47/btw_kerg.zip"",""source_record_id"":""d5d5009b8cbe5cc2e4a75760a057bda2b29f656a41b157e28557aa47b0e34c4f:btw2017_kerg.csv:340:101"",""retrieved_at"":""2026-10-01T23:21:39.584Z"",""raw_snapshot"":{""path"":""docs/political-data/raw/germany/2026-10-01T23-21-39-584Z_02e7077f9358c9ef/final-results.zip"",""sha256"":""02e7077f9358c9ef408741ee5d17123a43c28ea766b26a7ab338c08fcaeb7512""},""parser_version"":""germany-production-v1"",""parser_sha256"":""2a8eb3487f392ef83303e7fb9ff246e4c111a7e64a469a6aa9eb21461ae9b1a0"",""fields_covered"":[""second_votes"",""registered_label_native""],""published_or_derived"":""published"",""source_member"":""btw2017_kerg.csv"",""source_member_sha256"":""d5d5009b8cbe5cc2e4a75760a057bda2b29f656a41b157e28557aa47b0e34c4f"",""source_column"":101},{""source_id"":""src-de-bwl-recognition-2017"",""source_url"":""https://www.bundeswahlleiterin.de/info/presse/mitteilungen/bundestagswahl-2017/05_17_parteien_teilnahme.html"",""source_record_id"":""src-de-bwl-recognition-2017:list:3:item:33"",""retrieved_at"":""2026-10-02T09:41:42.668Z"",""raw_snapshot"":{""path"":""docs/political-data/raw/germany/recognition_2017/recognition.html"",""sha256"":""02e581f2b7aaf8915d477809cc72b3baa916de5535ed806b819e1a5855bb450c""},""parser_version"":""germany-production-v1"",""parser_sha256"":""2a8eb3487f392ef83303e7fb9ff246e4c111a7e64a469a6aa9eb21461ae9b1a0"",""fields_covered"":[""canonical_party_id""],""published_or_derived"":""published"",""decision_basis"":""manual review of official same-election recognition/participation and result column"",""evidence_note"":""Official same-election recognition declaration; list ordering is not a durable identifier""}]","{""decision_file"":""docs/political-data/germany_production_acceptance.json"",""reviewer"":""germany_source_review"",""reviewed_at"":""2026-10-02"",""scope"":""same_election_only_no_continuity""}"
"src-de-bwl-final-archive","d5d5009b8cbe5cc2e4a75760a057bda2b29f656a41b157e28557aa47b0e34c4f:btw2017_kerg.csv:340:105","Allianz für Menschenrechte, Tier- und Naturschutz","germany","2017-09-24","2017-09-24","contestant","ct-de-0128",,"manual_review","confirmed_election_specific_record","requires_manual_review","false","Official result column to persisted election-specific contestant; no cross-election or legal-entity continuity decision.","[{""source_id"":""src-de-bwl-final-archive"",""source_url"":""https://www.bundeswahlleiterin.de/dam/jcr/ce2d2b6a-f211-4355-8eea-355c98cd4e47/btw_kerg.zip"",""source_record_id"":""d5d5009b8cbe5cc2e4a75760a057bda2b29f656a41b157e28557aa47b0e34c4f:btw2017_kerg.csv:340:105"",""retrieved_at"":""2026-10-01T23:21:39.584Z"",""raw_snapshot"":{""path"":""docs/political-data/raw/germany/2026-10-01T23-21-39-584Z_02e7077f9358c9ef/final-results.zip"",""sha256"":""02e7077f9358c9ef408741ee5d17123a43c28ea766b26a7ab338c08fcaeb7512""},""parser_version"":""germany-production-v1"",""parser_sha256"":""2a8eb3487f392ef83303e7fb9ff246e4c111a7e64a469a6aa9eb21461ae9b1a0"",""fields_covered"":[""second_votes"",""registered_label_native""],""published_or_derived"":""published"",""source_member"":""btw2017_kerg.csv"",""source_member_sha256"":""d5d5009b8cbe5cc2e4a75760a057bda2b29f656a41b157e28557aa47b0e34c4f"",""source_column"":105},{""source_id"":""src-de-bwl-recognition-2017"",""source_url"":""https://www.bundeswahlleiterin.de/info/presse/mitteilungen/bundestagswahl-2017/05_17_parteien_teilnahme.html"",""source_record_id"":""src-de-bwl-recognition-2017:list:3:item:1"",""retrieved_at"":""2026-10-02T09:41:42.668Z"",""raw_snapshot"":{""path"":""docs/political-data/raw/germany/recognition_2017/recognition.html"",""sha256"":""02e581f2b7aaf8915d477809cc72b3baa916de5535ed806b819e1a5855bb450c""},""parser_version"":""germany-production-v1"",""parser_sha256"":""2a8eb3487f392ef83303e7fb9ff246e4c111a7e64a469a6aa9eb21461ae9b1a0"",""fields_covered"":[""canonical_party_id""],""published_or_derived"":""published"",""decision_basis"":""manual review of official same-election recognition/participation and result column"",""evidence_note"":""Official same-election recognition declaration; list ordering is not a durable identifier""}]","{""decision_file"":""docs/political-data/germany_production_acceptance.json"",""reviewer"":""germany_source_review"",""reviewed_at"":""2026-10-02"",""scope"":""same_election_only_no_continuity""}"
"src-de-bwl-final-archive","d5d5009b8cbe5cc2e4a75760a057bda2b29f656a41b157e28557aa47b0e34c4f:btw2017_kerg.csv:340:109","bergpartei, die überpartei","germany","2017-09-24","2017-09-24","contestant","ct-de-0129",,"manual_review","confirmed_election_specific_record","requires_manual_review","false","Official result column to persisted election-specific contestant; no cross-election or legal-entity continuity decision.","[{""source_id"":""src-de-bwl-final-archive"",""source_url"":""https://www.bundeswahlleiterin.de/dam/jcr/ce2d2b6a-f211-4355-8eea-355c98cd4e47/btw_kerg.zip"",""source_record_id"":""d5d5009b8cbe5cc2e4a75760a057bda2b29f656a41b157e28557aa47b0e34c4f:btw2017_kerg.csv:340:109"",""retrieved_at"":""2026-10-01T23:21:39.584Z"",""raw_snapshot"":{""path"":""docs/political-data/raw/germany/2026-10-01T23-21-39-584Z_02e7077f9358c9ef/final-results.zip"",""sha256"":""02e7077f9358c9ef408741ee5d17123a43c28ea766b26a7ab338c08fcaeb7512""},""parser_version"":""germany-production-v1"",""parser_sha256"":""2a8eb3487f392ef83303e7fb9ff246e4c111a7e64a469a6aa9eb21461ae9b1a0"",""fields_covered"":[""second_votes"",""registered_label_native""],""published_or_derived"":""published"",""source_member"":""btw2017_kerg.csv"",""source_member_sha256"":""d5d5009b8cbe5cc2e4a75760a057bda2b29f656a41b157e28557aa47b0e34c4f"",""source_column"":109},{""source_id"":""src-de-bwl-participation-2017"",""source_url"":""https://www.bundeswahlleiterin.de/bundestagswahlen/2017/wahlbewerber.html"",""source_record_id"":""src-de-bwl-participation-2017:table:1:row:24"",""retrieved_at"":""2026-10-02T09:49:45.850Z"",""raw_snapshot"":{""path"":""docs/political-data/raw/germany/identity_participation-2017/source.html"",""sha256"":""921e62b053178a9f32bfd87e48255d52b71809a686611cae1e97810a5114fa04""},""parser_version"":""germany-production-v1"",""parser_sha256"":""2a8eb3487f392ef83303e7fb9ff246e4c111a7e64a469a6aa9eb21461ae9b1a0"",""fields_covered"":[""canonical_party_id""],""published_or_derived"":""published"",""decision_basis"":""manual review of official same-election recognition/participation and result column"",""evidence_note"":""Same-election actual-participation page: official full name and separately published additional name""}]","{""decision_file"":""docs/political-data/germany_production_acceptance.json"",""reviewer"":""germany_source_review"",""reviewed_at"":""2026-10-02"",""scope"":""same_election_only_no_continuity""}"
"src-de-bwl-final-archive","d5d5009b8cbe5cc2e4a75760a057bda2b29f656a41b157e28557aa47b0e34c4f:btw2017_kerg.csv:340:113","Bündnis Grundeinkommen","germany","2017-09-24","2017-09-24","contestant","ct-de-0130",,"manual_review","confirmed_election_specific_record","requires_manual_review","false","Official result column to persisted election-specific contestant; no cross-election or legal-entity continuity decision.","[{""source_id"":""src-de-bwl-final-archive"",""source_url"":""https://www.bundeswahlleiterin.de/dam/jcr/ce2d2b6a-f211-4355-8eea-355c98cd4e47/btw_kerg.zip"",""source_record_id"":""d5d5009b8cbe5cc2e4a75760a057bda2b29f656a41b157e28557aa47b0e34c4f:btw2017_kerg.csv:340:113"",""retrieved_at"":""2026-10-01T23:21:39.584Z"",""raw_snapshot"":{""path"":""docs/political-data/raw/germany/2026-10-01T23-21-39-584Z_02e7077f9358c9ef/final-results.zip"",""sha256"":""02e7077f9358c9ef408741ee5d17123a43c28ea766b26a7ab338c08fcaeb7512""},""parser_version"":""germany-production-v1"",""parser_sha256"":""2a8eb3487f392ef83303e7fb9ff246e4c111a7e64a469a6aa9eb21461ae9b1a0"",""fields_covered"":[""second_votes"",""registered_label_native""],""published_or_derived"":""published"",""source_member"":""btw2017_kerg.csv"",""source_member_sha256"":""d5d5009b8cbe5cc2e4a75760a057bda2b29f656a41b157e28557aa47b0e34c4f"",""source_column"":113},{""source_id"":""src-de-bwl-participation-2017"",""source_url"":""https://www.bundeswahlleiterin.de/bundestagswahlen/2017/wahlbewerber.html"",""source_record_id"":""src-de-bwl-participation-2017:table:1:row:25"",""retrieved_at"":""2026-10-02T09:49:45.850Z"",""raw_snapshot"":{""path"":""docs/political-data/raw/germany/identity_participation-2017/source.html"",""sha256"":""921e62b053178a9f32bfd87e48255d52b71809a686611cae1e97810a5114fa04""},""parser_version"":""germany-production-v1"",""parser_sha256"":""2a8eb3487f392ef83303e7fb9ff246e4c111a7e64a469a6aa9eb21461ae9b1a0"",""fields_covered"":[""canonical_party_id""],""published_or_derived"":""published"",""decision_basis"":""manual review of official same-election recognition/participation and result column"",""evidence_note"":""Same-election actual-participation page: official full name and separately published additional name""}]","{""decision_file"":""docs/political-data/germany_production_acceptance.json"",""reviewer"":""germany_source_review"",""reviewed_at"":""2026-10-02"",""scope"":""same_election_only_no_continuity""}"
"src-de-bwl-final-archive","d5d5009b8cbe5cc2e4a75760a057bda2b29f656a41b157e28557aa47b0e34c4f:btw2017_kerg.csv:340:117","DEMOKRATIE IN BEWEGUNG","germany","2017-09-24","2017-09-24","contestant","ct-de-0131",,"manual_review","confirmed_election_specific_record","requires_manual_review","false","Official result column to persisted election-specific contestant; no cross-election or legal-entity continuity decision.","[{""source_id"":""src-de-bwl-final-archive"",""source_url"":""https://www.bundeswahlleiterin.de/dam/jcr/ce2d2b6a-f211-4355-8eea-355c98cd4e47/btw_kerg.zip"",""source_record_id"":""d5d5009b8cbe5cc2e4a75760a057bda2b29f656a41b157e28557aa47b0e34c4f:btw2017_kerg.csv:340:117"",""retrieved_at"":""2026-10-01T23:21:39.584Z"",""raw_snapshot"":{""path"":""docs/political-data/raw/germany/2026-10-01T23-21-39-584Z_02e7077f9358c9ef/final-results.zip"",""sha256"":""02e7077f9358c9ef408741ee5d17123a43c28ea766b26a7ab338c08fcaeb7512""},""parser_version"":""germany-production-v1"",""parser_sha256"":""2a8eb3487f392ef83303e7fb9ff246e4c111a7e64a469a6aa9eb21461ae9b1a0"",""fields_covered"":[""second_votes"",""registered_label_native""],""published_or_derived"":""published"",""source_member"":""btw2017_kerg.csv"",""source_member_sha256"":""d5d5009b8cbe5cc2e4a75760a057bda2b29f656a41b157e28557aa47b0e34c4f"",""source_column"":117},{""source_id"":""src-de-bwl-recognition-2017"",""source_url"":""https://www.bundeswahlleiterin.de/info/presse/mitteilungen/bundestagswahl-2017/05_17_parteien_teilnahme.html"",""source_record_id"":""src-de-bwl-recognition-2017:list:3:item:21"",""retrieved_at"":""2026-10-02T09:41:42.668Z"",""raw_snapshot"":{""path"":""docs/political-data/raw/germany/recognition_2017/recognition.html"",""sha256"":""02e581f2b7aaf8915d477809cc72b3baa916de5535ed806b819e1a5855bb450c""},""parser_version"":""germany-production-v1"",""parser_sha256"":""2a8eb3487f392ef83303e7fb9ff246e4c111a7e64a469a6aa9eb21461ae9b1a0"",""fields_covered"":[""canonical_party_id""],""published_or_derived"":""published"",""decision_basis"":""manual review of official same-election recognition/participation and result column"",""evidence_note"":""Official same-election recognition declaration; list ordering is not a durable identifier""}]","{""decision_file"":""docs/political-data/germany_production_acceptance.json"",""reviewer"":""germany_source_review"",""reviewed_at"":""2026-10-02"",""scope"":""same_election_only_no_continuity""}"
"src-de-bwl-final-archive","d5d5009b8cbe5cc2e4a75760a057bda2b29f656a41b157e28557aa47b0e34c4f:btw2017_kerg.csv:340:121","Deutsche Kommunistische Partei","germany","2017-09-24","2017-09-24","contestant","ct-de-0132",,"manual_review","confirmed_election_specific_record","requires_manual_review","false","Official result column to persisted election-specific contestant; no cross-election or legal-entity continuity decision.","[{""source_id"":""src-de-bwl-final-archive"",""source_url"":""https://www.bundeswahlleiterin.de/dam/jcr/ce2d2b6a-f211-4355-8eea-355c98cd4e47/btw_kerg.zip"",""source_record_id"":""d5d5009b8cbe5cc2e4a75760a057bda2b29f656a41b157e28557aa47b0e34c4f:btw2017_kerg.csv:340:121"",""retrieved_at"":""2026-10-01T23:21:39.584Z"",""raw_snapshot"":{""path"":""docs/political-data/raw/germany/2026-10-01T23-21-39-584Z_02e7077f9358c9ef/final-results.zip"",""sha256"":""02e7077f9358c9ef408741ee5d17123a43c28ea766b26a7ab338c08fcaeb7512""},""parser_version"":""germany-production-v1"",""parser_sha256"":""2a8eb3487f392ef83303e7fb9ff246e4c111a7e64a469a6aa9eb21461ae9b1a0"",""fields_covered"":[""second_votes"",""registered_label_native""],""published_or_derived"":""published"",""source_member"":""btw2017_kerg.csv"",""source_member_sha256"":""d5d5009b8cbe5cc2e4a75760a057bda2b29f656a41b157e28557aa47b0e34c4f"",""source_column"":121},{""source_id"":""src-de-bwl-recognition-2017"",""source_url"":""https://www.bundeswahlleiterin.de/info/presse/mitteilungen/bundestagswahl-2017/05_17_parteien_teilnahme.html"",""source_record_id"":""src-de-bwl-recognition-2017:list:3:item:4"",""retrieved_at"":""2026-10-02T09:41:42.668Z"",""raw_snapshot"":{""path"":""docs/political-data/raw/germany/recognition_2017/recognition.html"",""sha256"":""02e581f2b7aaf8915d477809cc72b3baa916de5535ed806b819e1a5855bb450c""},""parser_version"":""germany-production-v1"",""parser_sha256"":""2a8eb3487f392ef83303e7fb9ff246e4c111a7e64a469a6aa9eb21461ae9b1a0"",""fields_covered"":[""canonical_party_id""],""published_or_derived"":""published"",""decision_basis"":""manual review of official same-election recognition/participation and result column"",""evidence_note"":""Official same-election recognition declaration; list ordering is not a durable identifier""}]","{""decision_file"":""docs/political-data/germany_production_acceptance.json"",""reviewer"":""germany_source_review"",""reviewed_at"":""2026-10-02"",""scope"":""same_election_only_no_continuity""}"
"src-de-bwl-final-archive","d5d5009b8cbe5cc2e4a75760a057bda2b29f656a41b157e28557aa47b0e34c4f:btw2017_kerg.csv:340:125","Deutsche Mitte","germany","2017-09-24","2017-09-24","contestant","ct-de-0133",,"manual_review","confirmed_election_specific_record","requires_manual_review","false","Official result column to persisted election-specific contestant; no cross-election or legal-entity continuity decision.","[{""source_id"":""src-de-bwl-final-archive"",""source_url"":""https://www.bundeswahlleiterin.de/dam/jcr/ce2d2b6a-f211-4355-8eea-355c98cd4e47/btw_kerg.zip"",""source_record_id"":""d5d5009b8cbe5cc2e4a75760a057bda2b29f656a41b157e28557aa47b0e34c4f:btw2017_kerg.csv:340:125"",""retrieved_at"":""2026-10-01T23:21:39.584Z"",""raw_snapshot"":{""path"":""docs/political-data/raw/germany/2026-10-01T23-21-39-584Z_02e7077f9358c9ef/final-results.zip"",""sha256"":""02e7077f9358c9ef408741ee5d17123a43c28ea766b26a7ab338c08fcaeb7512""},""parser_version"":""germany-production-v1"",""parser_sha256"":""2a8eb3487f392ef83303e7fb9ff246e4c111a7e64a469a6aa9eb21461ae9b1a0"",""fields_covered"":[""second_votes"",""registered_label_native""],""published_or_derived"":""published"",""source_member"":""btw2017_kerg.csv"",""source_member_sha256"":""d5d5009b8cbe5cc2e4a75760a057bda2b29f656a41b157e28557aa47b0e34c4f"",""source_column"":125},{""source_id"":""src-de-bwl-participation-2017"",""source_url"":""https://www.bundeswahlleiterin.de/bundestagswahlen/2017/wahlbewerber.html"",""source_record_id"":""src-de-bwl-participation-2017:table:1:row:28"",""retrieved_at"":""2026-10-02T09:49:45.850Z"",""raw_snapshot"":{""path"":""docs/political-data/raw/germany/identity_participation-2017/source.html"",""sha256"":""921e62b053178a9f32bfd87e48255d52b71809a686611cae1e97810a5114fa04""},""parser_version"":""germany-production-v1"",""parser_sha256"":""2a8eb3487f392ef83303e7fb9ff246e4c111a7e64a469a6aa9eb21461ae9b1a0"",""fields_covered"":[""canonical_party_id""],""published_or_derived"":""published"",""decision_basis"":""manual review of official same-election recognition/participation and result column"",""evidence_note"":""Same-election actual-participation page: official full name and separately published additional name""}]","{""decision_file"":""docs/political-data/germany_production_acceptance.json"",""reviewer"":""germany_source_review"",""reviewed_at"":""2026-10-02"",""scope"":""same_election_only_no_continuity""}"
"src-de-bwl-final-archive","d5d5009b8cbe5cc2e4a75760a057bda2b29f656a41b157e28557aa47b0e34c4f:btw2017_kerg.csv:340:129","Die Grauen – Für alle Generationen","germany","2017-09-24","2017-09-24","contestant","ct-de-0134",,"manual_review","confirmed_election_specific_record","requires_manual_review","false","Official result column to persisted election-specific contestant; no cross-election or legal-entity continuity decision.","[{""source_id"":""src-de-bwl-final-archive"",""source_url"":""https://www.bundeswahlleiterin.de/dam/jcr/ce2d2b6a-f211-4355-8eea-355c98cd4e47/btw_kerg.zip"",""source_record_id"":""d5d5009b8cbe5cc2e4a75760a057bda2b29f656a41b157e28557aa47b0e34c4f:btw2017_kerg.csv:340:129"",""retrieved_at"":""2026-10-01T23:21:39.584Z"",""raw_snapshot"":{""path"":""docs/political-data/raw/germany/2026-10-01T23-21-39-584Z_02e7077f9358c9ef/final-results.zip"",""sha256"":""02e7077f9358c9ef408741ee5d17123a43c28ea766b26a7ab338c08fcaeb7512""},""parser_version"":""germany-production-v1"",""parser_sha256"":""2a8eb3487f392ef83303e7fb9ff246e4c111a7e64a469a6aa9eb21461ae9b1a0"",""fields_covered"":[""second_votes"",""registered_label_native""],""published_or_derived"":""published"",""source_member"":""btw2017_kerg.csv"",""source_member_sha256"":""d5d5009b8cbe5cc2e4a75760a057bda2b29f656a41b157e28557aa47b0e34c4f"",""source_column"":129},{""source_id"":""src-de-bwl-recognition-2017"",""source_url"":""https://www.bundeswahlleiterin.de/info/presse/mitteilungen/bundestagswahl-2017/05_17_parteien_teilnahme.html"",""source_record_id"":""src-de-bwl-recognition-2017:list:3:item:36"",""retrieved_at"":""2026-10-02T09:41:42.668Z"",""raw_snapshot"":{""path"":""docs/political-data/raw/germany/recognition_2017/recognition.html"",""sha256"":""02e581f2b7aaf8915d477809cc72b3baa916de5535ed806b819e1a5855bb450c""},""parser_version"":""germany-production-v1"",""parser_sha256"":""2a8eb3487f392ef83303e7fb9ff246e4c111a7e64a469a6aa9eb21461ae9b1a0"",""fields_covered"":[""canonical_party_id""],""published_or_derived"":""published"",""decision_basis"":""manual review of official same-election recognition/participation and result column"",""evidence_note"":""Official same-election recognition declaration; list ordering is not a durable identifier""}]","{""decision_file"":""docs/political-data/germany_production_acceptance.json"",""reviewer"":""germany_source_review"",""reviewed_at"":""2026-10-02"",""scope"":""same_election_only_no_continuity""}"
"src-de-bwl-final-archive","d5d5009b8cbe5cc2e4a75760a057bda2b29f656a41b157e28557aa47b0e34c4f:btw2017_kerg.csv:340:133","Die Urbane. Eine HipHop Partei","germany","2017-09-24","2017-09-24","contestant","ct-de-0135",,"manual_review","confirmed_election_specific_record","requires_manual_review","false","Official result column to persisted election-specific contestant; no cross-election or legal-entity continuity decision.","[{""source_id"":""src-de-bwl-final-archive"",""source_url"":""https://www.bundeswahlleiterin.de/dam/jcr/ce2d2b6a-f211-4355-8eea-355c98cd4e47/btw_kerg.zip"",""source_record_id"":""d5d5009b8cbe5cc2e4a75760a057bda2b29f656a41b157e28557aa47b0e34c4f:btw2017_kerg.csv:340:133"",""retrieved_at"":""2026-10-01T23:21:39.584Z"",""raw_snapshot"":{""path"":""docs/political-data/raw/germany/2026-10-01T23-21-39-584Z_02e7077f9358c9ef/final-results.zip"",""sha256"":""02e7077f9358c9ef408741ee5d17123a43c28ea766b26a7ab338c08fcaeb7512""},""parser_version"":""germany-production-v1"",""parser_sha256"":""2a8eb3487f392ef83303e7fb9ff246e4c111a7e64a469a6aa9eb21461ae9b1a0"",""fields_covered"":[""second_votes"",""registered_label_native""],""published_or_derived"":""published"",""source_member"":""btw2017_kerg.csv"",""source_member_sha256"":""d5d5009b8cbe5cc2e4a75760a057bda2b29f656a41b157e28557aa47b0e34c4f"",""source_column"":133},{""source_id"":""src-de-bwl-recognition-2017"",""source_url"":""https://www.bundeswahlleiterin.de/info/presse/mitteilungen/bundestagswahl-2017/05_17_parteien_teilnahme.html"",""source_record_id"":""src-de-bwl-recognition-2017:list:3:item:30"",""retrieved_at"":""2026-10-02T09:41:42.668Z"",""raw_snapshot"":{""path"":""docs/political-data/raw/germany/recognition_2017/recognition.html"",""sha256"":""02e581f2b7aaf8915d477809cc72b3baa916de5535ed806b819e1a5855bb450c""},""parser_version"":""germany-production-v1"",""parser_sha256"":""2a8eb3487f392ef83303e7fb9ff246e4c111a7e64a469a6aa9eb21461ae9b1a0"",""fields_covered"":[""canonical_party_id""],""published_or_derived"":""published"",""decision_basis"":""manual review of official same-election recognition/participation and result column"",""evidence_note"":""Official same-election recognition declaration; list ordering is not a durable identifier""}]","{""decision_file"":""docs/political-data/germany_production_acceptance.json"",""reviewer"":""germany_source_review"",""reviewed_at"":""2026-10-02"",""scope"":""same_election_only_no_continuity""}"
"src-de-bwl-final-archive","d5d5009b8cbe5cc2e4a75760a057bda2b29f656a41b157e28557aa47b0e34c4f:btw2017_kerg.csv:340:137","Magdeburger Gartenpartei","germany","2017-09-24","2017-09-24","contestant","ct-de-0136",,"manual_review","confirmed_election_specific_record","requires_manual_review","false","Official result column to persisted election-specific contestant; no cross-election or legal-entity continuity decision.","[{""source_id"":""src-de-bwl-final-archive"",""source_url"":""https://www.bundeswahlleiterin.de/dam/jcr/ce2d2b6a-f211-4355-8eea-355c98cd4e47/btw_kerg.zip"",""source_record_id"":""d5d5009b8cbe5cc2e4a75760a057bda2b29f656a41b157e28557aa47b0e34c4f:btw2017_kerg.csv:340:137"",""retrieved_at"":""2026-10-01T23:21:39.584Z"",""raw_snapshot"":{""path"":""docs/political-data/raw/germany/2026-10-01T23-21-39-584Z_02e7077f9358c9ef/final-results.zip"",""sha256"":""02e7077f9358c9ef408741ee5d17123a43c28ea766b26a7ab338c08fcaeb7512""},""parser_version"":""germany-production-v1"",""parser_sha256"":""2a8eb3487f392ef83303e7fb9ff246e4c111a7e64a469a6aa9eb21461ae9b1a0"",""fields_covered"":[""second_votes"",""registered_label_native""],""published_or_derived"":""published"",""source_member"":""btw2017_kerg.csv"",""source_member_sha256"":""d5d5009b8cbe5cc2e4a75760a057bda2b29f656a41b157e28557aa47b0e34c4f"",""source_column"":137},{""source_id"":""src-de-bwl-participation-2017"",""source_url"":""https://www.bundeswahlleiterin.de/bundestagswahlen/2017/wahlbewerber.html"",""source_record_id"":""src-de-bwl-participation-2017:table:1:row:31"",""retrieved_at"":""2026-10-02T09:49:45.850Z"",""raw_snapshot"":{""path"":""docs/political-data/raw/germany/identity_participation-2017/source.html"",""sha256"":""921e62b053178a9f32bfd87e48255d52b71809a686611cae1e97810a5114fa04""},""parser_version"":""germany-production-v1"",""parser_sha256"":""2a8eb3487f392ef83303e7fb9ff246e4c111a7e64a469a6aa9eb21461ae9b1a0"",""fields_covered"":[""canonical_party_id""],""published_or_derived"":""published"",""decision_basis"":""manual review of official same-election recognition/participation and result column"",""evidence_note"":""Same-election actual-participation page: official full name and separately published additional name""}]","{""decision_file"":""docs/political-data/germany_production_acceptance.json"",""reviewer"":""germany_source_review"",""reviewed_at"":""2026-10-02"",""scope"":""same_election_only_no_continuity""}"
"src-de-bwl-final-archive","d5d5009b8cbe5cc2e4a75760a057bda2b29f656a41b157e28557aa47b0e34c4f:btw2017_kerg.csv:340:141","Menschliche Welt","germany","2017-09-24","2017-09-24","contestant","ct-de-0137",,"manual_review","confirmed_election_specific_record","requires_manual_review","false","Official result column to persisted election-specific contestant; no cross-election or legal-entity continuity decision.","[{""source_id"":""src-de-bwl-final-archive"",""source_url"":""https://www.bundeswahlleiterin.de/dam/jcr/ce2d2b6a-f211-4355-8eea-355c98cd4e47/btw_kerg.zip"",""source_record_id"":""d5d5009b8cbe5cc2e4a75760a057bda2b29f656a41b157e28557aa47b0e34c4f:btw2017_kerg.csv:340:141"",""retrieved_at"":""2026-10-01T23:21:39.584Z"",""raw_snapshot"":{""path"":""docs/political-data/raw/germany/2026-10-01T23-21-39-584Z_02e7077f9358c9ef/final-results.zip"",""sha256"":""02e7077f9358c9ef408741ee5d17123a43c28ea766b26a7ab338c08fcaeb7512""},""parser_version"":""germany-production-v1"",""parser_sha256"":""2a8eb3487f392ef83303e7fb9ff246e4c111a7e64a469a6aa9eb21461ae9b1a0"",""fields_covered"":[""second_votes"",""registered_label_native""],""published_or_derived"":""published"",""source_member"":""btw2017_kerg.csv"",""source_member_sha256"":""d5d5009b8cbe5cc2e4a75760a057bda2b29f656a41b157e28557aa47b0e34c4f"",""source_column"":141},{""source_id"":""src-de-bwl-participation-2017"",""source_url"":""https://www.bundeswahlleiterin.de/bundestagswahlen/2017/wahlbewerber.html"",""source_record_id"":""src-de-bwl-participation-2017:table:1:row:32"",""retrieved_at"":""2026-10-02T09:49:45.850Z"",""raw_snapshot"":{""path"":""docs/political-data/raw/germany/identity_participation-2017/source.html"",""sha256"":""921e62b053178a9f32bfd87e48255d52b71809a686611cae1e97810a5114fa04""},""parser_version"":""germany-production-v1"",""parser_sha256"":""2a8eb3487f392ef83303e7fb9ff246e4c111a7e64a469a6aa9eb21461ae9b1a0"",""fields_covered"":[""canonical_party_id""],""published_or_derived"":""published"",""decision_basis"":""manual review of official same-election recognition/participation and result column"",""evidence_note"":""Same-election actual-participation page: official full name and separately published additional name""}]","{""decision_file"":""docs/political-data/germany_production_acceptance.json"",""reviewer"":""germany_source_review"",""reviewed_at"":""2026-10-02"",""scope"":""same_election_only_no_continuity""}"
"src-de-bwl-final-archive","d5d5009b8cbe5cc2e4a75760a057bda2b29f656a41b157e28557aa47b0e34c4f:btw2017_kerg.csv:340:145","Partei der Humanisten","germany","2017-09-24","2017-09-24","contestant","ct-de-0138",,"manual_review","confirmed_election_specific_record","requires_manual_review","false","Official result column to persisted election-specific contestant; no cross-election or legal-entity continuity decision.","[{""source_id"":""src-de-bwl-final-archive"",""source_url"":""https://www.bundeswahlleiterin.de/dam/jcr/ce2d2b6a-f211-4355-8eea-355c98cd4e47/btw_kerg.zip"",""source_record_id"":""d5d5009b8cbe5cc2e4a75760a057bda2b29f656a41b157e28557aa47b0e34c4f:btw2017_kerg.csv:340:145"",""retrieved_at"":""2026-10-01T23:21:39.584Z"",""raw_snapshot"":{""path"":""docs/political-data/raw/germany/2026-10-01T23-21-39-584Z_02e7077f9358c9ef/final-results.zip"",""sha256"":""02e7077f9358c9ef408741ee5d17123a43c28ea766b26a7ab338c08fcaeb7512""},""parser_version"":""germany-production-v1"",""parser_sha256"":""2a8eb3487f392ef83303e7fb9ff246e4c111a7e64a469a6aa9eb21461ae9b1a0"",""fields_covered"":[""second_votes"",""registered_label_native""],""published_or_derived"":""published"",""source_member"":""btw2017_kerg.csv"",""source_member_sha256"":""d5d5009b8cbe5cc2e4a75760a057bda2b29f656a41b157e28557aa47b0e34c4f"",""source_column"":145},{""source_id"":""src-de-bwl-recognition-2017"",""source_url"":""https://www.bundeswahlleiterin.de/info/presse/mitteilungen/bundestagswahl-2017/05_17_parteien_teilnahme.html"",""source_record_id"":""src-de-bwl-recognition-2017:list:3:item:23"",""retrieved_at"":""2026-10-02T09:41:42.668Z"",""raw_snapshot"":{""path"":""docs/political-data/raw/germany/recognition_2017/recognition.html"",""sha256"":""02e581f2b7aaf8915d477809cc72b3baa916de5535ed806b819e1a5855bb450c""},""parser_version"":""germany-production-v1"",""parser_sha256"":""2a8eb3487f392ef83303e7fb9ff246e4c111a7e64a469a6aa9eb21461ae9b1a0"",""fields_covered"":[""canonical_party_id""],""published_or_derived"":""published"",""decision_basis"":""manual review of official same-election recognition/participation and result column"",""evidence_note"":""Official same-election recognition declaration; list ordering is not a durable identifier""}]","{""decision_file"":""docs/political-data/germany_production_acceptance.json"",""reviewer"":""germany_source_review"",""reviewed_at"":""2026-10-02"",""scope"":""same_election_only_no_continuity""}"
"src-de-bwl-final-archive","d5d5009b8cbe5cc2e4a75760a057bda2b29f656a41b157e28557aa47b0e34c4f:btw2017_kerg.csv:340:149","Partei für Gesundheitsforschung","germany","2017-09-24","2017-09-24","contestant","ct-de-0139",,"manual_review","confirmed_election_specific_record","requires_manual_review","false","Official result column to persisted election-specific contestant; no cross-election or legal-entity continuity decision.","[{""source_id"":""src-de-bwl-final-archive"",""source_url"":""https://www.bundeswahlleiterin.de/dam/jcr/ce2d2b6a-f211-4355-8eea-355c98cd4e47/btw_kerg.zip"",""source_record_id"":""d5d5009b8cbe5cc2e4a75760a057bda2b29f656a41b157e28557aa47b0e34c4f:btw2017_kerg.csv:340:149"",""retrieved_at"":""2026-10-01T23:21:39.584Z"",""raw_snapshot"":{""path"":""docs/political-data/raw/germany/2026-10-01T23-21-39-584Z_02e7077f9358c9ef/final-results.zip"",""sha256"":""02e7077f9358c9ef408741ee5d17123a43c28ea766b26a7ab338c08fcaeb7512""},""parser_version"":""germany-production-v1"",""parser_sha256"":""2a8eb3487f392ef83303e7fb9ff246e4c111a7e64a469a6aa9eb21461ae9b1a0"",""fields_covered"":[""second_votes"",""registered_label_native""],""published_or_derived"":""published"",""source_member"":""btw2017_kerg.csv"",""source_member_sha256"":""d5d5009b8cbe5cc2e4a75760a057bda2b29f656a41b157e28557aa47b0e34c4f"",""source_column"":149},{""source_id"":""src-de-bwl-recognition-2017"",""source_url"":""https://www.bundeswahlleiterin.de/info/presse/mitteilungen/bundestagswahl-2017/05_17_parteien_teilnahme.html"",""source_record_id"":""src-de-bwl-recognition-2017:list:3:item:28"",""retrieved_at"":""2026-10-02T09:41:42.668Z"",""raw_snapshot"":{""path"":""docs/political-data/raw/germany/recognition_2017/recognition.html"",""sha256"":""02e581f2b7aaf8915d477809cc72b3baa916de5535ed806b819e1a5855bb450c""},""parser_version"":""germany-production-v1"",""parser_sha256"":""2a8eb3487f392ef83303e7fb9ff246e4c111a7e64a469a6aa9eb21461ae9b1a0"",""fields_covered"":[""canonical_party_id""],""published_or_derived"":""published"",""decision_basis"":""manual review of official same-election recognition/participation and result column"",""evidence_note"":""Official same-election recognition declaration; list ordering is not a durable identifier""}]","{""decision_file"":""docs/political-data/germany_production_acceptance.json"",""reviewer"":""germany_source_review"",""reviewed_at"":""2026-10-02"",""scope"":""same_election_only_no_continuity""}"
"src-de-bwl-final-archive","d5d5009b8cbe5cc2e4a75760a057bda2b29f656a41b157e28557aa47b0e34c4f:btw2017_kerg.csv:340:153","V-Partei³ - Partei für Veränderung, Vegetarier und Veganer","germany","2017-09-24","2017-09-24","contestant","ct-de-0140",,"manual_review","confirmed_election_specific_record","requires_manual_review","false","Official result column to persisted election-specific contestant; no cross-election or legal-entity continuity decision.","[{""source_id"":""src-de-bwl-final-archive"",""source_url"":""https://www.bundeswahlleiterin.de/dam/jcr/ce2d2b6a-f211-4355-8eea-355c98cd4e47/btw_kerg.zip"",""source_record_id"":""d5d5009b8cbe5cc2e4a75760a057bda2b29f656a41b157e28557aa47b0e34c4f:btw2017_kerg.csv:340:153"",""retrieved_at"":""2026-10-01T23:21:39.584Z"",""raw_snapshot"":{""path"":""docs/political-data/raw/germany/2026-10-01T23-21-39-584Z_02e7077f9358c9ef/final-results.zip"",""sha256"":""02e7077f9358c9ef408741ee5d17123a43c28ea766b26a7ab338c08fcaeb7512""},""parser_version"":""germany-production-v1"",""parser_sha256"":""2a8eb3487f392ef83303e7fb9ff246e4c111a7e64a469a6aa9eb21461ae9b1a0"",""fields_covered"":[""second_votes"",""registered_label_native""],""published_or_derived"":""published"",""source_member"":""btw2017_kerg.csv"",""source_member_sha256"":""d5d5009b8cbe5cc2e4a75760a057bda2b29f656a41b157e28557aa47b0e34c4f"",""source_column"":153},{""source_id"":""src-de-bwl-recognition-2017"",""source_url"":""https://www.bundeswahlleiterin.de/info/presse/mitteilungen/bundestagswahl-2017/05_17_parteien_teilnahme.html"",""source_record_id"":""src-de-bwl-recognition-2017:list:3:item:27"",""retrieved_at"":""2026-10-02T09:41:42.668Z"",""raw_snapshot"":{""path"":""docs/political-data/raw/germany/recognition_2017/recognition.html"",""sha256"":""02e581f2b7aaf8915d477809cc72b3baa916de5535ed806b819e1a5855bb450c""},""parser_version"":""germany-production-v1"",""parser_sha256"":""2a8eb3487f392ef83303e7fb9ff246e4c111a7e64a469a6aa9eb21461ae9b1a0"",""fields_covered"":[""canonical_party_id""],""published_or_derived"":""published"",""decision_basis"":""manual review of official same-election recognition/participation and result column"",""evidence_note"":""Official same-election recognition declaration; list ordering is not a durable identifier""}]","{""decision_file"":""docs/political-data/germany_production_acceptance.json"",""reviewer"":""germany_source_review"",""reviewed_at"":""2026-10-02"",""scope"":""same_election_only_no_continuity""}"
"src-de-bwl-final-archive","ac5d62cc9df7c681cb39baecb6602a8a766e43fea3000c50fb434225cc007ca8:btw2021-w_kerg.csv:337:21","Christlich Demokratische Union Deutschlands","germany","2021-09-26","2021-09-26","contestant","ct-de-0141",,"manual_review","confirmed_election_specific_record","requires_manual_review","false","Official result column to persisted election-specific contestant; no cross-election or legal-entity continuity decision.","[{""source_id"":""src-de-bwl-final-archive"",""source_url"":""https://www.bundeswahlleiterin.de/dam/jcr/ce2d2b6a-f211-4355-8eea-355c98cd4e47/btw_kerg.zip"",""source_record_id"":""ac5d62cc9df7c681cb39baecb6602a8a766e43fea3000c50fb434225cc007ca8:btw2021-w_kerg.csv:337:21"",""retrieved_at"":""2026-10-01T23:21:39.584Z"",""raw_snapshot"":{""path"":""docs/political-data/raw/germany/2026-10-01T23-21-39-584Z_02e7077f9358c9ef/final-results.zip"",""sha256"":""02e7077f9358c9ef408741ee5d17123a43c28ea766b26a7ab338c08fcaeb7512""},""parser_version"":""germany-production-v1"",""parser_sha256"":""2a8eb3487f392ef83303e7fb9ff246e4c111a7e64a469a6aa9eb21461ae9b1a0"",""fields_covered"":[""second_votes"",""registered_label_native""],""published_or_derived"":""published"",""source_member"":""btw2021-w_kerg.csv"",""source_member_sha256"":""ac5d62cc9df7c681cb39baecb6602a8a766e43fea3000c50fb434225cc007ca8"",""source_column"":21},{""source_id"":""src-de-bwl-recognition-2021"",""source_url"":""https://www.bundeswahlleiterin.de/info/presse/mitteilungen/bundestagswahl-2021/17_21_beschluss-bverfg.html"",""source_record_id"":""src-de-bwl-recognition-2021:table:1:row:2"",""retrieved_at"":""2026-10-02T09:37:09.945Z"",""raw_snapshot"":{""path"":""docs/political-data/raw/germany/recognition_2021/recognition.html"",""sha256"":""ab1e12bc50286356002a51b764da3c87d573d4ee7285da6f88644eb59ed70b93""},""parser_version"":""germany-production-v1"",""parser_sha256"":""2a8eb3487f392ef83303e7fb9ff246e4c111a7e64a469a6aa9eb21461ae9b1a0"",""fields_covered"":[""canonical_party_id""],""published_or_derived"":""published"",""decision_basis"":""manual review of official same-election recognition/participation and result column"",""evidence_note"":""Official party recognition after constitutional-court decisions; not a durable legal-entity identifier""}]","{""decision_file"":""docs/political-data/germany_production_acceptance.json"",""reviewer"":""germany_source_review"",""reviewed_at"":""2026-10-02"",""scope"":""same_election_only_no_continuity""}"
"src-de-bwl-final-archive","ac5d62cc9df7c681cb39baecb6602a8a766e43fea3000c50fb434225cc007ca8:btw2021-w_kerg.csv:337:25","Sozialdemokratische Partei Deutschlands","germany","2021-09-26","2021-09-26","contestant","ct-de-0142",,"manual_review","confirmed_election_specific_record","requires_manual_review","false","Official result column to persisted election-specific contestant; no cross-election or legal-entity continuity decision.","[{""source_id"":""src-de-bwl-final-archive"",""source_url"":""https://www.bundeswahlleiterin.de/dam/jcr/ce2d2b6a-f211-4355-8eea-355c98cd4e47/btw_kerg.zip"",""source_record_id"":""ac5d62cc9df7c681cb39baecb6602a8a766e43fea3000c50fb434225cc007ca8:btw2021-w_kerg.csv:337:25"",""retrieved_at"":""2026-10-01T23:21:39.584Z"",""raw_snapshot"":{""path"":""docs/political-data/raw/germany/2026-10-01T23-21-39-584Z_02e7077f9358c9ef/final-results.zip"",""sha256"":""02e7077f9358c9ef408741ee5d17123a43c28ea766b26a7ab338c08fcaeb7512""},""parser_version"":""germany-production-v1"",""parser_sha256"":""2a8eb3487f392ef83303e7fb9ff246e4c111a7e64a469a6aa9eb21461ae9b1a0"",""fields_covered"":[""second_votes"",""registered_label_native""],""published_or_derived"":""published"",""source_member"":""btw2021-w_kerg.csv"",""source_member_sha256"":""ac5d62cc9df7c681cb39baecb6602a8a766e43fea3000c50fb434225cc007ca8"",""source_column"":25},{""source_id"":""src-de-bwl-recognition-2021"",""source_url"":""https://www.bundeswahlleiterin.de/info/presse/mitteilungen/bundestagswahl-2021/17_21_beschluss-bverfg.html"",""source_record_id"":""src-de-bwl-recognition-2021:table:1:row:3"",""retrieved_at"":""2026-10-02T09:37:09.945Z"",""raw_snapshot"":{""path"":""docs/political-data/raw/germany/recognition_2021/recognition.html"",""sha256"":""ab1e12bc50286356002a51b764da3c87d573d4ee7285da6f88644eb59ed70b93""},""parser_version"":""germany-production-v1"",""parser_sha256"":""2a8eb3487f392ef83303e7fb9ff246e4c111a7e64a469a6aa9eb21461ae9b1a0"",""fields_covered"":[""canonical_party_id""],""published_or_derived"":""published"",""decision_basis"":""manual review of official same-election recognition/participation and result column"",""evidence_note"":""Official party recognition after constitutional-court decisions; not a durable legal-entity identifier""}]","{""decision_file"":""docs/political-data/germany_production_acceptance.json"",""reviewer"":""germany_source_review"",""reviewed_at"":""2026-10-02"",""scope"":""same_election_only_no_continuity""}"
"src-de-bwl-final-archive","ac5d62cc9df7c681cb39baecb6602a8a766e43fea3000c50fb434225cc007ca8:btw2021-w_kerg.csv:337:29","Alternative für Deutschland","germany","2021-09-26","2021-09-26","contestant","ct-de-0143",,"manual_review","confirmed_election_specific_record","requires_manual_review","false","Official result column to persisted election-specific contestant; no cross-election or legal-entity continuity decision.","[{""source_id"":""src-de-bwl-final-archive"",""source_url"":""https://www.bundeswahlleiterin.de/dam/jcr/ce2d2b6a-f211-4355-8eea-355c98cd4e47/btw_kerg.zip"",""source_record_id"":""ac5d62cc9df7c681cb39baecb6602a8a766e43fea3000c50fb434225cc007ca8:btw2021-w_kerg.csv:337:29"",""retrieved_at"":""2026-10-01T23:21:39.584Z"",""raw_snapshot"":{""path"":""docs/political-data/raw/germany/2026-10-01T23-21-39-584Z_02e7077f9358c9ef/final-results.zip"",""sha256"":""02e7077f9358c9ef408741ee5d17123a43c28ea766b26a7ab338c08fcaeb7512""},""parser_version"":""germany-production-v1"",""parser_sha256"":""2a8eb3487f392ef83303e7fb9ff246e4c111a7e64a469a6aa9eb21461ae9b1a0"",""fields_covered"":[""second_votes"",""registered_label_native""],""published_or_derived"":""published"",""source_member"":""btw2021-w_kerg.csv"",""source_member_sha256"":""ac5d62cc9df7c681cb39baecb6602a8a766e43fea3000c50fb434225cc007ca8"",""source_column"":29},{""source_id"":""src-de-bwl-recognition-2021"",""source_url"":""https://www.bundeswahlleiterin.de/info/presse/mitteilungen/bundestagswahl-2021/17_21_beschluss-bverfg.html"",""source_record_id"":""src-de-bwl-recognition-2021:table:1:row:8"",""retrieved_at"":""2026-10-02T09:37:09.945Z"",""raw_snapshot"":{""path"":""docs/political-data/raw/germany/recognition_2021/recognition.html"",""sha256"":""ab1e12bc50286356002a51b764da3c87d573d4ee7285da6f88644eb59ed70b93""},""parser_version"":""germany-production-v1"",""parser_sha256"":""2a8eb3487f392ef83303e7fb9ff246e4c111a7e64a469a6aa9eb21461ae9b1a0"",""fields_covered"":[""canonical_party_id""],""published_or_derived"":""published"",""decision_basis"":""manual review of official same-election recognition/participation and result column"",""evidence_note"":""Official party recognition after constitutional-court decisions; not a durable legal-entity identifier""}]","{""decision_file"":""docs/political-data/germany_production_acceptance.json"",""reviewer"":""germany_source_review"",""reviewed_at"":""2026-10-02"",""scope"":""same_election_only_no_continuity""}"
"src-de-bwl-final-archive","ac5d62cc9df7c681cb39baecb6602a8a766e43fea3000c50fb434225cc007ca8:btw2021-w_kerg.csv:337:33","Freie Demokratische Partei","germany","2021-09-26","2021-09-26","contestant","ct-de-0144",,"manual_review","confirmed_election_specific_record","requires_manual_review","false","Official result column to persisted election-specific contestant; no cross-election or legal-entity continuity decision.","[{""source_id"":""src-de-bwl-final-archive"",""source_url"":""https://www.bundeswahlleiterin.de/dam/jcr/ce2d2b6a-f211-4355-8eea-355c98cd4e47/btw_kerg.zip"",""source_record_id"":""ac5d62cc9df7c681cb39baecb6602a8a766e43fea3000c50fb434225cc007ca8:btw2021-w_kerg.csv:337:33"",""retrieved_at"":""2026-10-01T23:21:39.584Z"",""raw_snapshot"":{""path"":""docs/political-data/raw/germany/2026-10-01T23-21-39-584Z_02e7077f9358c9ef/final-results.zip"",""sha256"":""02e7077f9358c9ef408741ee5d17123a43c28ea766b26a7ab338c08fcaeb7512""},""parser_version"":""germany-production-v1"",""parser_sha256"":""2a8eb3487f392ef83303e7fb9ff246e4c111a7e64a469a6aa9eb21461ae9b1a0"",""fields_covered"":[""second_votes"",""registered_label_native""],""published_or_derived"":""published"",""source_member"":""btw2021-w_kerg.csv"",""source_member_sha256"":""ac5d62cc9df7c681cb39baecb6602a8a766e43fea3000c50fb434225cc007ca8"",""source_column"":33},{""source_id"":""src-de-bwl-recognition-2021"",""source_url"":""https://www.bundeswahlleiterin.de/info/presse/mitteilungen/bundestagswahl-2021/17_21_beschluss-bverfg.html"",""source_record_id"":""src-de-bwl-recognition-2021:table:1:row:7"",""retrieved_at"":""2026-10-02T09:37:09.945Z"",""raw_snapshot"":{""path"":""docs/political-data/raw/germany/recognition_2021/recognition.html"",""sha256"":""ab1e12bc50286356002a51b764da3c87d573d4ee7285da6f88644eb59ed70b93""},""parser_version"":""germany-production-v1"",""parser_sha256"":""2a8eb3487f392ef83303e7fb9ff246e4c111a7e64a469a6aa9eb21461ae9b1a0"",""fields_covered"":[""canonical_party_id""],""published_or_derived"":""published"",""decision_basis"":""manual review of official same-election recognition/participation and result column"",""evidence_note"":""Official party recognition after constitutional-court decisions; not a durable legal-entity identifier""}]","{""decision_file"":""docs/political-data/germany_production_acceptance.json"",""reviewer"":""germany_source_review"",""reviewed_at"":""2026-10-02"",""scope"":""same_election_only_no_continuity""}"
"src-de-bwl-final-archive","ac5d62cc9df7c681cb39baecb6602a8a766e43fea3000c50fb434225cc007ca8:btw2021-w_kerg.csv:337:37","DIE LINKE","germany","2021-09-26","2021-09-26","contestant","ct-de-0145",,"manual_review","confirmed_election_specific_record","requires_manual_review","false","Official result column to persisted election-specific contestant; no cross-election or legal-entity continuity decision.","[{""source_id"":""src-de-bwl-final-archive"",""source_url"":""https://www.bundeswahlleiterin.de/dam/jcr/ce2d2b6a-f211-4355-8eea-355c98cd4e47/btw_kerg.zip"",""source_record_id"":""ac5d62cc9df7c681cb39baecb6602a8a766e43fea3000c50fb434225cc007ca8:btw2021-w_kerg.csv:337:37"",""retrieved_at"":""2026-10-01T23:21:39.584Z"",""raw_snapshot"":{""path"":""docs/political-data/raw/germany/2026-10-01T23-21-39-584Z_02e7077f9358c9ef/final-results.zip"",""sha256"":""02e7077f9358c9ef408741ee5d17123a43c28ea766b26a7ab338c08fcaeb7512""},""parser_version"":""germany-production-v1"",""parser_sha256"":""2a8eb3487f392ef83303e7fb9ff246e4c111a7e64a469a6aa9eb21461ae9b1a0"",""fields_covered"":[""second_votes"",""registered_label_native""],""published_or_derived"":""published"",""source_member"":""btw2021-w_kerg.csv"",""source_member_sha256"":""ac5d62cc9df7c681cb39baecb6602a8a766e43fea3000c50fb434225cc007ca8"",""source_column"":37},{""source_id"":""src-de-bwl-recognition-2021"",""source_url"":""https://www.bundeswahlleiterin.de/info/presse/mitteilungen/bundestagswahl-2021/17_21_beschluss-bverfg.html"",""source_record_id"":""src-de-bwl-recognition-2021:table:1:row:4"",""retrieved_at"":""2026-10-02T09:37:09.945Z"",""raw_snapshot"":{""path"":""docs/political-data/raw/germany/recognition_2021/recognition.html"",""sha256"":""ab1e12bc50286356002a51b764da3c87d573d4ee7285da6f88644eb59ed70b93""},""parser_version"":""germany-production-v1"",""parser_sha256"":""2a8eb3487f392ef83303e7fb9ff246e4c111a7e64a469a6aa9eb21461ae9b1a0"",""fields_covered"":[""canonical_party_id""],""published_or_derived"":""published"",""decision_basis"":""manual review of official same-election recognition/participation and result column"",""evidence_note"":""Official party recognition after constitutional-court decisions; not a durable legal-entity identifier""}]","{""decision_file"":""docs/political-data/germany_production_acceptance.json"",""reviewer"":""germany_source_review"",""reviewed_at"":""2026-10-02"",""scope"":""same_election_only_no_continuity""}"
"src-de-bwl-final-archive","ac5d62cc9df7c681cb39baecb6602a8a766e43fea3000c50fb434225cc007ca8:btw2021-w_kerg.csv:337:41","BÜNDNIS 90/DIE GRÜNEN","germany","2021-09-26","2021-09-26","contestant","ct-de-0146",,"manual_review","confirmed_election_specific_record","requires_manual_review","false","Official result column to persisted election-specific contestant; no cross-election or legal-entity continuity decision.","[{""source_id"":""src-de-bwl-final-archive"",""source_url"":""https://www.bundeswahlleiterin.de/dam/jcr/ce2d2b6a-f211-4355-8eea-355c98cd4e47/btw_kerg.zip"",""source_record_id"":""ac5d62cc9df7c681cb39baecb6602a8a766e43fea3000c50fb434225cc007ca8:btw2021-w_kerg.csv:337:41"",""retrieved_at"":""2026-10-01T23:21:39.584Z"",""raw_snapshot"":{""path"":""docs/political-data/raw/germany/2026-10-01T23-21-39-584Z_02e7077f9358c9ef/final-results.zip"",""sha256"":""02e7077f9358c9ef408741ee5d17123a43c28ea766b26a7ab338c08fcaeb7512""},""parser_version"":""germany-production-v1"",""parser_sha256"":""2a8eb3487f392ef83303e7fb9ff246e4c111a7e64a469a6aa9eb21461ae9b1a0"",""fields_covered"":[""second_votes"",""registered_label_native""],""published_or_derived"":""published"",""source_member"":""btw2021-w_kerg.csv"",""source_member_sha256"":""ac5d62cc9df7c681cb39baecb6602a8a766e43fea3000c50fb434225cc007ca8"",""source_column"":41},{""source_id"":""src-de-bwl-recognition-2021"",""source_url"":""https://www.bundeswahlleiterin.de/info/presse/mitteilungen/bundestagswahl-2021/17_21_beschluss-bverfg.html"",""source_record_id"":""src-de-bwl-recognition-2021:table:1:row:5"",""retrieved_at"":""2026-10-02T09:37:09.945Z"",""raw_snapshot"":{""path"":""docs/political-data/raw/germany/recognition_2021/recognition.html"",""sha256"":""ab1e12bc50286356002a51b764da3c87d573d4ee7285da6f88644eb59ed70b93""},""parser_version"":""germany-production-v1"",""parser_sha256"":""2a8eb3487f392ef83303e7fb9ff246e4c111a7e64a469a6aa9eb21461ae9b1a0"",""fields_covered"":[""canonical_party_id""],""published_or_derived"":""published"",""decision_basis"":""manual review of official same-election recognition/participation and result column"",""evidence_note"":""Official party recognition after constitutional-court decisions; not a durable legal-entity identifier""}]","{""decision_file"":""docs/political-data/germany_production_acceptance.json"",""reviewer"":""germany_source_review"",""reviewed_at"":""2026-10-02"",""scope"":""same_election_only_no_continuity""}"
"src-de-bwl-final-archive","ac5d62cc9df7c681cb39baecb6602a8a766e43fea3000c50fb434225cc007ca8:btw2021-w_kerg.csv:337:45","Christlich-Soziale Union in Bayern e.V.","germany","2021-09-26","2021-09-26","contestant","ct-de-0147",,"manual_review","confirmed_election_specific_record","requires_manual_review","false","Official result column to persisted election-specific contestant; no cross-election or legal-entity continuity decision.","[{""source_id"":""src-de-bwl-final-archive"",""source_url"":""https://www.bundeswahlleiterin.de/dam/jcr/ce2d2b6a-f211-4355-8eea-355c98cd4e47/btw_kerg.zip"",""source_record_id"":""ac5d62cc9df7c681cb39baecb6602a8a766e43fea3000c50fb434225cc007ca8:btw2021-w_kerg.csv:337:45"",""retrieved_at"":""2026-10-01T23:21:39.584Z"",""raw_snapshot"":{""path"":""docs/political-data/raw/germany/2026-10-01T23-21-39-584Z_02e7077f9358c9ef/final-results.zip"",""sha256"":""02e7077f9358c9ef408741ee5d17123a43c28ea766b26a7ab338c08fcaeb7512""},""parser_version"":""germany-production-v1"",""parser_sha256"":""2a8eb3487f392ef83303e7fb9ff246e4c111a7e64a469a6aa9eb21461ae9b1a0"",""fields_covered"":[""second_votes"",""registered_label_native""],""published_or_derived"":""published"",""source_member"":""btw2021-w_kerg.csv"",""source_member_sha256"":""ac5d62cc9df7c681cb39baecb6602a8a766e43fea3000c50fb434225cc007ca8"",""source_column"":45},{""source_id"":""src-de-bwl-recognition-2021"",""source_url"":""https://www.bundeswahlleiterin.de/info/presse/mitteilungen/bundestagswahl-2021/17_21_beschluss-bverfg.html"",""source_record_id"":""src-de-bwl-recognition-2021:table:1:row:6"",""retrieved_at"":""2026-10-02T09:37:09.945Z"",""raw_snapshot"":{""path"":""docs/political-data/raw/germany/recognition_2021/recognition.html"",""sha256"":""ab1e12bc50286356002a51b764da3c87d573d4ee7285da6f88644eb59ed70b93""},""parser_version"":""germany-production-v1"",""parser_sha256"":""2a8eb3487f392ef83303e7fb9ff246e4c111a7e64a469a6aa9eb21461ae9b1a0"",""fields_covered"":[""canonical_party_id""],""published_or_derived"":""published"",""decision_basis"":""manual review of official same-election recognition/participation and result column"",""evidence_note"":""Official party recognition after constitutional-court decisions; not a durable legal-entity identifier""}]","{""decision_file"":""docs/political-data/germany_production_acceptance.json"",""reviewer"":""germany_source_review"",""reviewed_at"":""2026-10-02"",""scope"":""same_election_only_no_continuity""}"
"src-de-bwl-final-archive","ac5d62cc9df7c681cb39baecb6602a8a766e43fea3000c50fb434225cc007ca8:btw2021-w_kerg.csv:337:49","FREIE WÄHLER","germany","2021-09-26","2021-09-26","contestant","ct-de-0148",,"manual_review","confirmed_election_specific_record","requires_manual_review","false","Official result column to persisted election-specific contestant; no cross-election or legal-entity continuity decision.","[{""source_id"":""src-de-bwl-final-archive"",""source_url"":""https://www.bundeswahlleiterin.de/dam/jcr/ce2d2b6a-f211-4355-8eea-355c98cd4e47/btw_kerg.zip"",""source_record_id"":""ac5d62cc9df7c681cb39baecb6602a8a766e43fea3000c50fb434225cc007ca8:btw2021-w_kerg.csv:337:49"",""retrieved_at"":""2026-10-01T23:21:39.584Z"",""raw_snapshot"":{""path"":""docs/political-data/raw/germany/2026-10-01T23-21-39-584Z_02e7077f9358c9ef/final-results.zip"",""sha256"":""02e7077f9358c9ef408741ee5d17123a43c28ea766b26a7ab338c08fcaeb7512""},""parser_version"":""germany-production-v1"",""parser_sha256"":""2a8eb3487f392ef83303e7fb9ff246e4c111a7e64a469a6aa9eb21461ae9b1a0"",""fields_covered"":[""second_votes"",""registered_label_native""],""published_or_derived"":""published"",""source_member"":""btw2021-w_kerg.csv"",""source_member_sha256"":""ac5d62cc9df7c681cb39baecb6602a8a766e43fea3000c50fb434225cc007ca8"",""source_column"":49},{""source_id"":""src-de-bwl-recognition-2021"",""source_url"":""https://www.bundeswahlleiterin.de/info/presse/mitteilungen/bundestagswahl-2021/17_21_beschluss-bverfg.html"",""source_record_id"":""src-de-bwl-recognition-2021:table:2:row:2"",""retrieved_at"":""2026-10-02T09:37:09.945Z"",""raw_snapshot"":{""path"":""docs/political-data/raw/germany/recognition_2021/recognition.html"",""sha256"":""ab1e12bc50286356002a51b764da3c87d573d4ee7285da6f88644eb59ed70b93""},""parser_version"":""germany-production-v1"",""parser_sha256"":""2a8eb3487f392ef83303e7fb9ff246e4c111a7e64a469a6aa9eb21461ae9b1a0"",""fields_covered"":[""canonical_party_id""],""published_or_derived"":""published"",""decision_basis"":""manual review of official same-election recognition/participation and result column"",""evidence_note"":""Official party recognition after constitutional-court decisions; not a durable legal-entity identifier""}]","{""decision_file"":""docs/political-data/germany_production_acceptance.json"",""reviewer"":""germany_source_review"",""reviewed_at"":""2026-10-02"",""scope"":""same_election_only_no_continuity""}"
"src-de-bwl-final-archive","ac5d62cc9df7c681cb39baecb6602a8a766e43fea3000c50fb434225cc007ca8:btw2021-w_kerg.csv:337:53","Partei für Arbeit, Rechtsstaat, Tierschutz, Elitenförderung und basisdemokratische Initiative","germany","2021-09-26","2021-09-26","contestant","ct-de-0149",,"manual_review","confirmed_election_specific_record","requires_manual_review","false","Official result column to persisted election-specific contestant; no cross-election or legal-entity continuity decision.","[{""source_id"":""src-de-bwl-final-archive"",""source_url"":""https://www.bundeswahlleiterin.de/dam/jcr/ce2d2b6a-f211-4355-8eea-355c98cd4e47/btw_kerg.zip"",""source_record_id"":""ac5d62cc9df7c681cb39baecb6602a8a766e43fea3000c50fb434225cc007ca8:btw2021-w_kerg.csv:337:53"",""retrieved_at"":""2026-10-01T23:21:39.584Z"",""raw_snapshot"":{""path"":""docs/political-data/raw/germany/2026-10-01T23-21-39-584Z_02e7077f9358c9ef/final-results.zip"",""sha256"":""02e7077f9358c9ef408741ee5d17123a43c28ea766b26a7ab338c08fcaeb7512""},""parser_version"":""germany-production-v1"",""parser_sha256"":""2a8eb3487f392ef83303e7fb9ff246e4c111a7e64a469a6aa9eb21461ae9b1a0"",""fields_covered"":[""second_votes"",""registered_label_native""],""published_or_derived"":""published"",""source_member"":""btw2021-w_kerg.csv"",""source_member_sha256"":""ac5d62cc9df7c681cb39baecb6602a8a766e43fea3000c50fb434225cc007ca8"",""source_column"":53},{""source_id"":""src-de-bwl-recognition-2021"",""source_url"":""https://www.bundeswahlleiterin.de/info/presse/mitteilungen/bundestagswahl-2021/17_21_beschluss-bverfg.html"",""source_record_id"":""src-de-bwl-recognition-2021:table:3:row:5"",""retrieved_at"":""2026-10-02T09:37:09.945Z"",""raw_snapshot"":{""path"":""docs/political-data/raw/germany/recognition_2021/recognition.html"",""sha256"":""ab1e12bc50286356002a51b764da3c87d573d4ee7285da6f88644eb59ed70b93""},""parser_version"":""germany-production-v1"",""parser_sha256"":""2a8eb3487f392ef83303e7fb9ff246e4c111a7e64a469a6aa9eb21461ae9b1a0"",""fields_covered"":[""canonical_party_id""],""published_or_derived"":""published"",""decision_basis"":""manual review of official same-election recognition/participation and result column"",""evidence_note"":""Official party recognition after constitutional-court decisions; not a durable legal-entity identifier""}]","{""decision_file"":""docs/political-data/germany_production_acceptance.json"",""reviewer"":""germany_source_review"",""reviewed_at"":""2026-10-02"",""scope"":""same_election_only_no_continuity""}"
"src-de-bwl-final-archive","ac5d62cc9df7c681cb39baecb6602a8a766e43fea3000c50fb434225cc007ca8:btw2021-w_kerg.csv:337:57","PARTEI MENSCH UMWELT TIERSCHUTZ","germany","2021-09-26","2021-09-26","contestant","ct-de-0150",,"manual_review","confirmed_election_specific_record","requires_manual_review","false","Official result column to persisted election-specific contestant; no cross-election or legal-entity continuity decision.","[{""source_id"":""src-de-bwl-final-archive"",""source_url"":""https://www.bundeswahlleiterin.de/dam/jcr/ce2d2b6a-f211-4355-8eea-355c98cd4e47/btw_kerg.zip"",""source_record_id"":""ac5d62cc9df7c681cb39baecb6602a8a766e43fea3000c50fb434225cc007ca8:btw2021-w_kerg.csv:337:57"",""retrieved_at"":""2026-10-01T23:21:39.584Z"",""raw_snapshot"":{""path"":""docs/political-data/raw/germany/2026-10-01T23-21-39-584Z_02e7077f9358c9ef/final-results.zip"",""sha256"":""02e7077f9358c9ef408741ee5d17123a43c28ea766b26a7ab338c08fcaeb7512""},""parser_version"":""germany-production-v1"",""parser_sha256"":""2a8eb3487f392ef83303e7fb9ff246e4c111a7e64a469a6aa9eb21461ae9b1a0"",""fields_covered"":[""second_votes"",""registered_label_native""],""published_or_derived"":""published"",""source_member"":""btw2021-w_kerg.csv"",""source_member_sha256"":""ac5d62cc9df7c681cb39baecb6602a8a766e43fea3000c50fb434225cc007ca8"",""source_column"":57},{""source_id"":""src-de-bwl-recognition-2021"",""source_url"":""https://www.bundeswahlleiterin.de/info/presse/mitteilungen/bundestagswahl-2021/17_21_beschluss-bverfg.html"",""source_record_id"":""src-de-bwl-recognition-2021:table:3:row:18"",""retrieved_at"":""2026-10-02T09:37:09.945Z"",""raw_snapshot"":{""path"":""docs/political-data/raw/germany/recognition_2021/recognition.html"",""sha256"":""ab1e12bc50286356002a51b764da3c87d573d4ee7285da6f88644eb59ed70b93""},""parser_version"":""germany-production-v1"",""parser_sha256"":""2a8eb3487f392ef83303e7fb9ff246e4c111a7e64a469a6aa9eb21461ae9b1a0"",""fields_covered"":[""canonical_party_id""],""published_or_derived"":""published"",""decision_basis"":""manual review of official same-election recognition/participation and result column"",""evidence_note"":""Official party recognition after constitutional-court decisions; not a durable legal-entity identifier""}]","{""decision_file"":""docs/political-data/germany_production_acceptance.json"",""reviewer"":""germany_source_review"",""reviewed_at"":""2026-10-02"",""scope"":""same_election_only_no_continuity""}"
"src-de-bwl-final-archive","ac5d62cc9df7c681cb39baecb6602a8a766e43fea3000c50fb434225cc007ca8:btw2021-w_kerg.csv:337:61","Die Heimat (2021: Nationaldemokratische Partei Deutschlands)","germany","2021-09-26","2021-09-26","contestant","ct-de-0151",,"manual_review","confirmed_election_specific_record","requires_manual_review","false","Official result column to persisted election-specific contestant; no cross-election or legal-entity continuity decision.","[{""source_id"":""src-de-bwl-final-archive"",""source_url"":""https://www.bundeswahlleiterin.de/dam/jcr/ce2d2b6a-f211-4355-8eea-355c98cd4e47/btw_kerg.zip"",""source_record_id"":""ac5d62cc9df7c681cb39baecb6602a8a766e43fea3000c50fb434225cc007ca8:btw2021-w_kerg.csv:337:61"",""retrieved_at"":""2026-10-01T23:21:39.584Z"",""raw_snapshot"":{""path"":""docs/political-data/raw/germany/2026-10-01T23-21-39-584Z_02e7077f9358c9ef/final-results.zip"",""sha256"":""02e7077f9358c9ef408741ee5d17123a43c28ea766b26a7ab338c08fcaeb7512""},""parser_version"":""germany-production-v1"",""parser_sha256"":""2a8eb3487f392ef83303e7fb9ff246e4c111a7e64a469a6aa9eb21461ae9b1a0"",""fields_covered"":[""second_votes"",""registered_label_native""],""published_or_derived"":""published"",""source_member"":""btw2021-w_kerg.csv"",""source_member_sha256"":""ac5d62cc9df7c681cb39baecb6602a8a766e43fea3000c50fb434225cc007ca8"",""source_column"":61},{""source_id"":""src-de-bwl-recognition-2021"",""source_url"":""https://www.bundeswahlleiterin.de/info/presse/mitteilungen/bundestagswahl-2021/17_21_beschluss-bverfg.html"",""source_record_id"":""src-de-bwl-recognition-2021:table:3:row:30"",""retrieved_at"":""2026-10-02T09:37:09.945Z"",""raw_snapshot"":{""path"":""docs/political-data/raw/germany/recognition_2021/recognition.html"",""sha256"":""ab1e12bc50286356002a51b764da3c87d573d4ee7285da6f88644eb59ed70b93""},""parser_version"":""germany-production-v1"",""parser_sha256"":""2a8eb3487f392ef83303e7fb9ff246e4c111a7e64a469a6aa9eb21461ae9b1a0"",""fields_covered"":[""canonical_party_id""],""published_or_derived"":""published"",""decision_basis"":""manual review of official same-election recognition/participation and result column"",""evidence_note"":""Official party recognition after constitutional-court decisions; not a durable legal-entity identifier""}]","{""decision_file"":""docs/political-data/germany_production_acceptance.json"",""reviewer"":""germany_source_review"",""reviewed_at"":""2026-10-02"",""scope"":""same_election_only_no_continuity""}"
"src-de-bwl-final-archive","ac5d62cc9df7c681cb39baecb6602a8a766e43fea3000c50fb434225cc007ca8:btw2021-w_kerg.csv:337:65","Piratenpartei Deutschland","germany","2021-09-26","2021-09-26","contestant","ct-de-0152",,"manual_review","confirmed_election_specific_record","requires_manual_review","false","Official result column to persisted election-specific contestant; no cross-election or legal-entity continuity decision.","[{""source_id"":""src-de-bwl-final-archive"",""source_url"":""https://www.bundeswahlleiterin.de/dam/jcr/ce2d2b6a-f211-4355-8eea-355c98cd4e47/btw_kerg.zip"",""source_record_id"":""ac5d62cc9df7c681cb39baecb6602a8a766e43fea3000c50fb434225cc007ca8:btw2021-w_kerg.csv:337:65"",""retrieved_at"":""2026-10-01T23:21:39.584Z"",""raw_snapshot"":{""path"":""docs/political-data/raw/germany/2026-10-01T23-21-39-584Z_02e7077f9358c9ef/final-results.zip"",""sha256"":""02e7077f9358c9ef408741ee5d17123a43c28ea766b26a7ab338c08fcaeb7512""},""parser_version"":""germany-production-v1"",""parser_sha256"":""2a8eb3487f392ef83303e7fb9ff246e4c111a7e64a469a6aa9eb21461ae9b1a0"",""fields_covered"":[""second_votes"",""registered_label_native""],""published_or_derived"":""published"",""source_member"":""btw2021-w_kerg.csv"",""source_member_sha256"":""ac5d62cc9df7c681cb39baecb6602a8a766e43fea3000c50fb434225cc007ca8"",""source_column"":65},{""source_id"":""src-de-bwl-recognition-2021"",""source_url"":""https://www.bundeswahlleiterin.de/info/presse/mitteilungen/bundestagswahl-2021/17_21_beschluss-bverfg.html"",""source_record_id"":""src-de-bwl-recognition-2021:table:3:row:27"",""retrieved_at"":""2026-10-02T09:37:09.945Z"",""raw_snapshot"":{""path"":""docs/political-data/raw/germany/recognition_2021/recognition.html"",""sha256"":""ab1e12bc50286356002a51b764da3c87d573d4ee7285da6f88644eb59ed70b93""},""parser_version"":""germany-production-v1"",""parser_sha256"":""2a8eb3487f392ef83303e7fb9ff246e4c111a7e64a469a6aa9eb21461ae9b1a0"",""fields_covered"":[""canonical_party_id""],""published_or_derived"":""published"",""decision_basis"":""manual review of official same-election recognition/participation and result column"",""evidence_note"":""Official party recognition after constitutional-court decisions; not a durable legal-entity identifier""}]","{""decision_file"":""docs/political-data/germany_production_acceptance.json"",""reviewer"":""germany_source_review"",""reviewed_at"":""2026-10-02"",""scope"":""same_election_only_no_continuity""}"
"src-de-bwl-final-archive","ac5d62cc9df7c681cb39baecb6602a8a766e43fea3000c50fb434225cc007ca8:btw2021-w_kerg.csv:337:69","Ökologisch-Demokratische Partei","germany","2021-09-26","2021-09-26","contestant","ct-de-0153",,"manual_review","confirmed_election_specific_record","requires_manual_review","false","Official result column to persisted election-specific contestant; no cross-election or legal-entity continuity decision.","[{""source_id"":""src-de-bwl-final-archive"",""source_url"":""https://www.bundeswahlleiterin.de/dam/jcr/ce2d2b6a-f211-4355-8eea-355c98cd4e47/btw_kerg.zip"",""source_record_id"":""ac5d62cc9df7c681cb39baecb6602a8a766e43fea3000c50fb434225cc007ca8:btw2021-w_kerg.csv:337:69"",""retrieved_at"":""2026-10-01T23:21:39.584Z"",""raw_snapshot"":{""path"":""docs/political-data/raw/germany/2026-10-01T23-21-39-584Z_02e7077f9358c9ef/final-results.zip"",""sha256"":""02e7077f9358c9ef408741ee5d17123a43c28ea766b26a7ab338c08fcaeb7512""},""parser_version"":""germany-production-v1"",""parser_sha256"":""2a8eb3487f392ef83303e7fb9ff246e4c111a7e64a469a6aa9eb21461ae9b1a0"",""fields_covered"":[""second_votes"",""registered_label_native""],""published_or_derived"":""published"",""source_member"":""btw2021-w_kerg.csv"",""source_member_sha256"":""ac5d62cc9df7c681cb39baecb6602a8a766e43fea3000c50fb434225cc007ca8"",""source_column"":69},{""source_id"":""src-de-bwl-recognition-2021"",""source_url"":""https://www.bundeswahlleiterin.de/info/presse/mitteilungen/bundestagswahl-2021/17_21_beschluss-bverfg.html"",""source_record_id"":""src-de-bwl-recognition-2021:table:3:row:20"",""retrieved_at"":""2026-10-02T09:37:09.945Z"",""raw_snapshot"":{""path"":""docs/political-data/raw/germany/recognition_2021/recognition.html"",""sha256"":""ab1e12bc50286356002a51b764da3c87d573d4ee7285da6f88644eb59ed70b93""},""parser_version"":""germany-production-v1"",""parser_sha256"":""2a8eb3487f392ef83303e7fb9ff246e4c111a7e64a469a6aa9eb21461ae9b1a0"",""fields_covered"":[""canonical_party_id""],""published_or_derived"":""published"",""decision_basis"":""manual review of official same-election recognition/participation and result column"",""evidence_note"":""Official party recognition after constitutional-court decisions; not a durable legal-entity identifier""}]","{""decision_file"":""docs/political-data/germany_production_acceptance.json"",""reviewer"":""germany_source_review"",""reviewed_at"":""2026-10-02"",""scope"":""same_election_only_no_continuity""}"
"src-de-bwl-final-archive","ac5d62cc9df7c681cb39baecb6602a8a766e43fea3000c50fb434225cc007ca8:btw2021-w_kerg.csv:337:73","V-Partei³ - Partei für Veränderung, Vegetarier und Veganer","germany","2021-09-26","2021-09-26","contestant","ct-de-0154",,"manual_review","confirmed_election_specific_record","requires_manual_review","false","Official result column to persisted election-specific contestant; no cross-election or legal-entity continuity decision.","[{""source_id"":""src-de-bwl-final-archive"",""source_url"":""https://www.bundeswahlleiterin.de/dam/jcr/ce2d2b6a-f211-4355-8eea-355c98cd4e47/btw_kerg.zip"",""source_record_id"":""ac5d62cc9df7c681cb39baecb6602a8a766e43fea3000c50fb434225cc007ca8:btw2021-w_kerg.csv:337:73"",""retrieved_at"":""2026-10-01T23:21:39.584Z"",""raw_snapshot"":{""path"":""docs/political-data/raw/germany/2026-10-01T23-21-39-584Z_02e7077f9358c9ef/final-results.zip"",""sha256"":""02e7077f9358c9ef408741ee5d17123a43c28ea766b26a7ab338c08fcaeb7512""},""parser_version"":""germany-production-v1"",""parser_sha256"":""2a8eb3487f392ef83303e7fb9ff246e4c111a7e64a469a6aa9eb21461ae9b1a0"",""fields_covered"":[""second_votes"",""registered_label_native""],""published_or_derived"":""published"",""source_member"":""btw2021-w_kerg.csv"",""source_member_sha256"":""ac5d62cc9df7c681cb39baecb6602a8a766e43fea3000c50fb434225cc007ca8"",""source_column"":73},{""source_id"":""src-de-bwl-recognition-2021"",""source_url"":""https://www.bundeswahlleiterin.de/info/presse/mitteilungen/bundestagswahl-2021/17_21_beschluss-bverfg.html"",""source_record_id"":""src-de-bwl-recognition-2021:table:3:row:28"",""retrieved_at"":""2026-10-02T09:37:09.945Z"",""raw_snapshot"":{""path"":""docs/political-data/raw/germany/recognition_2021/recognition.html"",""sha256"":""ab1e12bc50286356002a51b764da3c87d573d4ee7285da6f88644eb59ed70b93""},""parser_version"":""germany-production-v1"",""parser_sha256"":""2a8eb3487f392ef83303e7fb9ff246e4c111a7e64a469a6aa9eb21461ae9b1a0"",""fields_covered"":[""canonical_party_id""],""published_or_derived"":""published"",""decision_basis"":""manual review of official same-election recognition/participation and result column"",""evidence_note"":""Official party recognition after constitutional-court decisions; not a durable legal-entity identifier""}]","{""decision_file"":""docs/political-data/germany_production_acceptance.json"",""reviewer"":""germany_source_review"",""reviewed_at"":""2026-10-02"",""scope"":""same_election_only_no_continuity""}"
"src-de-bwl-final-archive","ac5d62cc9df7c681cb39baecb6602a8a766e43fea3000c50fb434225cc007ca8:btw2021-w_kerg.csv:337:77","DEMOKRATIE IN BEWEGUNG","germany","2021-09-26","2021-09-26","contestant","ct-de-0155",,"manual_review","confirmed_election_specific_record","requires_manual_review","false","Official result column to persisted election-specific contestant; no cross-election or legal-entity continuity decision.","[{""source_id"":""src-de-bwl-final-archive"",""source_url"":""https://www.bundeswahlleiterin.de/dam/jcr/ce2d2b6a-f211-4355-8eea-355c98cd4e47/btw_kerg.zip"",""source_record_id"":""ac5d62cc9df7c681cb39baecb6602a8a766e43fea3000c50fb434225cc007ca8:btw2021-w_kerg.csv:337:77"",""retrieved_at"":""2026-10-01T23:21:39.584Z"",""raw_snapshot"":{""path"":""docs/political-data/raw/germany/2026-10-01T23-21-39-584Z_02e7077f9358c9ef/final-results.zip"",""sha256"":""02e7077f9358c9ef408741ee5d17123a43c28ea766b26a7ab338c08fcaeb7512""},""parser_version"":""germany-production-v1"",""parser_sha256"":""2a8eb3487f392ef83303e7fb9ff246e4c111a7e64a469a6aa9eb21461ae9b1a0"",""fields_covered"":[""second_votes"",""registered_label_native""],""published_or_derived"":""published"",""source_member"":""btw2021-w_kerg.csv"",""source_member_sha256"":""ac5d62cc9df7c681cb39baecb6602a8a766e43fea3000c50fb434225cc007ca8"",""source_column"":77},{""source_id"":""src-de-bwl-recognition-2021"",""source_url"":""https://www.bundeswahlleiterin.de/info/presse/mitteilungen/bundestagswahl-2021/17_21_beschluss-bverfg.html"",""source_record_id"":""src-de-bwl-recognition-2021:table:3:row:29"",""retrieved_at"":""2026-10-02T09:37:09.945Z"",""raw_snapshot"":{""path"":""docs/political-data/raw/germany/recognition_2021/recognition.html"",""sha256"":""ab1e12bc50286356002a51b764da3c87d573d4ee7285da6f88644eb59ed70b93""},""parser_version"":""germany-production-v1"",""parser_sha256"":""2a8eb3487f392ef83303e7fb9ff246e4c111a7e64a469a6aa9eb21461ae9b1a0"",""fields_covered"":[""canonical_party_id""],""published_or_derived"":""published"",""decision_basis"":""manual review of official same-election recognition/participation and result column"",""evidence_note"":""Official party recognition after constitutional-court decisions; not a durable legal-entity identifier""}]","{""decision_file"":""docs/political-data/germany_production_acceptance.json"",""reviewer"":""germany_source_review"",""reviewed_at"":""2026-10-02"",""scope"":""same_election_only_no_continuity""}"
"src-de-bwl-final-archive","ac5d62cc9df7c681cb39baecb6602a8a766e43fea3000c50fb434225cc007ca8:btw2021-w_kerg.csv:337:81","Bayernpartei","germany","2021-09-26","2021-09-26","contestant","ct-de-0156",,"manual_review","confirmed_election_specific_record","requires_manual_review","false","Official result column to persisted election-specific contestant; no cross-election or legal-entity continuity decision.","[{""source_id"":""src-de-bwl-final-archive"",""source_url"":""https://www.bundeswahlleiterin.de/dam/jcr/ce2d2b6a-f211-4355-8eea-355c98cd4e47/btw_kerg.zip"",""source_record_id"":""ac5d62cc9df7c681cb39baecb6602a8a766e43fea3000c50fb434225cc007ca8:btw2021-w_kerg.csv:337:81"",""retrieved_at"":""2026-10-01T23:21:39.584Z"",""raw_snapshot"":{""path"":""docs/political-data/raw/germany/2026-10-01T23-21-39-584Z_02e7077f9358c9ef/final-results.zip"",""sha256"":""02e7077f9358c9ef408741ee5d17123a43c28ea766b26a7ab338c08fcaeb7512""},""parser_version"":""germany-production-v1"",""parser_sha256"":""2a8eb3487f392ef83303e7fb9ff246e4c111a7e64a469a6aa9eb21461ae9b1a0"",""fields_covered"":[""second_votes"",""registered_label_native""],""published_or_derived"":""published"",""source_member"":""btw2021-w_kerg.csv"",""source_member_sha256"":""ac5d62cc9df7c681cb39baecb6602a8a766e43fea3000c50fb434225cc007ca8"",""source_column"":81},{""source_id"":""src-de-bwl-recognition-2021"",""source_url"":""https://www.bundeswahlleiterin.de/info/presse/mitteilungen/bundestagswahl-2021/17_21_beschluss-bverfg.html"",""source_record_id"":""src-de-bwl-recognition-2021:table:3:row:6"",""retrieved_at"":""2026-10-02T09:37:09.945Z"",""raw_snapshot"":{""path"":""docs/political-data/raw/germany/recognition_2021/recognition.html"",""sha256"":""ab1e12bc50286356002a51b764da3c87d573d4ee7285da6f88644eb59ed70b93""},""parser_version"":""germany-production-v1"",""parser_sha256"":""2a8eb3487f392ef83303e7fb9ff246e4c111a7e64a469a6aa9eb21461ae9b1a0"",""fields_covered"":[""canonical_party_id""],""published_or_derived"":""published"",""decision_basis"":""manual review of official same-election recognition/participation and result column"",""evidence_note"":""Official party recognition after constitutional-court decisions; not a durable legal-entity identifier""}]","{""decision_file"":""docs/political-data/germany_production_acceptance.json"",""reviewer"":""germany_source_review"",""reviewed_at"":""2026-10-02"",""scope"":""same_election_only_no_continuity""}"
"src-de-bwl-final-archive","ac5d62cc9df7c681cb39baecb6602a8a766e43fea3000c50fb434225cc007ca8:btw2021-w_kerg.csv:337:85","Allianz für Menschenrechte, Tier- und Naturschutz","germany","2021-09-26","2021-09-26","contestant","ct-de-0157",,"manual_review","confirmed_election_specific_record","requires_manual_review","false","Official result column to persisted election-specific contestant; no cross-election or legal-entity continuity decision.","[{""source_id"":""src-de-bwl-final-archive"",""source_url"":""https://www.bundeswahlleiterin.de/dam/jcr/ce2d2b6a-f211-4355-8eea-355c98cd4e47/btw_kerg.zip"",""source_record_id"":""ac5d62cc9df7c681cb39baecb6602a8a766e43fea3000c50fb434225cc007ca8:btw2021-w_kerg.csv:337:85"",""retrieved_at"":""2026-10-01T23:21:39.584Z"",""raw_snapshot"":{""path"":""docs/political-data/raw/germany/2026-10-01T23-21-39-584Z_02e7077f9358c9ef/final-results.zip"",""sha256"":""02e7077f9358c9ef408741ee5d17123a43c28ea766b26a7ab338c08fcaeb7512""},""parser_version"":""germany-production-v1"",""parser_sha256"":""2a8eb3487f392ef83303e7fb9ff246e4c111a7e64a469a6aa9eb21461ae9b1a0"",""fields_covered"":[""second_votes"",""registered_label_native""],""published_or_derived"":""published"",""source_member"":""btw2021-w_kerg.csv"",""source_member_sha256"":""ac5d62cc9df7c681cb39baecb6602a8a766e43fea3000c50fb434225cc007ca8"",""source_column"":85},{""source_id"":""src-de-bwl-recognition-2021"",""source_url"":""https://www.bundeswahlleiterin.de/info/presse/mitteilungen/bundestagswahl-2021/17_21_beschluss-bverfg.html"",""source_record_id"":""src-de-bwl-recognition-2021:table:3:row:4"",""retrieved_at"":""2026-10-02T09:37:09.945Z"",""raw_snapshot"":{""path"":""docs/political-data/raw/germany/recognition_2021/recognition.html"",""sha256"":""ab1e12bc50286356002a51b764da3c87d573d4ee7285da6f88644eb59ed70b93""},""parser_version"":""germany-production-v1"",""parser_sha256"":""2a8eb3487f392ef83303e7fb9ff246e4c111a7e64a469a6aa9eb21461ae9b1a0"",""fields_covered"":[""canonical_party_id""],""published_or_derived"":""published"",""decision_basis"":""manual review of official same-election recognition/participation and result column"",""evidence_note"":""Official party recognition after constitutional-court decisions; not a durable legal-entity identifier""}]","{""decision_file"":""docs/political-data/germany_production_acceptance.json"",""reviewer"":""germany_source_review"",""reviewed_at"":""2026-10-02"",""scope"":""same_election_only_no_continuity""}"
"src-de-bwl-final-archive","ac5d62cc9df7c681cb39baecb6602a8a766e43fea3000c50fb434225cc007ca8:btw2021-w_kerg.csv:337:89","Marxistisch-Leninistische Partei Deutschlands","germany","2021-09-26","2021-09-26","contestant","ct-de-0158",,"manual_review","confirmed_election_specific_record","requires_manual_review","false","Official result column to persisted election-specific contestant; no cross-election or legal-entity continuity decision.","[{""source_id"":""src-de-bwl-final-archive"",""source_url"":""https://www.bundeswahlleiterin.de/dam/jcr/ce2d2b6a-f211-4355-8eea-355c98cd4e47/btw_kerg.zip"",""source_record_id"":""ac5d62cc9df7c681cb39baecb6602a8a766e43fea3000c50fb434225cc007ca8:btw2021-w_kerg.csv:337:89"",""retrieved_at"":""2026-10-01T23:21:39.584Z"",""raw_snapshot"":{""path"":""docs/political-data/raw/germany/2026-10-01T23-21-39-584Z_02e7077f9358c9ef/final-results.zip"",""sha256"":""02e7077f9358c9ef408741ee5d17123a43c28ea766b26a7ab338c08fcaeb7512""},""parser_version"":""germany-production-v1"",""parser_sha256"":""2a8eb3487f392ef83303e7fb9ff246e4c111a7e64a469a6aa9eb21461ae9b1a0"",""fields_covered"":[""second_votes"",""registered_label_native""],""published_or_derived"":""published"",""source_member"":""btw2021-w_kerg.csv"",""source_member_sha256"":""ac5d62cc9df7c681cb39baecb6602a8a766e43fea3000c50fb434225cc007ca8"",""source_column"":89},{""source_id"":""src-de-bwl-recognition-2021"",""source_url"":""https://www.bundeswahlleiterin.de/info/presse/mitteilungen/bundestagswahl-2021/17_21_beschluss-bverfg.html"",""source_record_id"":""src-de-bwl-recognition-2021:table:3:row:9"",""retrieved_at"":""2026-10-02T09:37:09.945Z"",""raw_snapshot"":{""path"":""docs/political-data/raw/germany/recognition_2021/recognition.html"",""sha256"":""ab1e12bc50286356002a51b764da3c87d573d4ee7285da6f88644eb59ed70b93""},""parser_version"":""germany-production-v1"",""parser_sha256"":""2a8eb3487f392ef83303e7fb9ff246e4c111a7e64a469a6aa9eb21461ae9b1a0"",""fields_covered"":[""canonical_party_id""],""published_or_derived"":""published"",""decision_basis"":""manual review of official same-election recognition/participation and result column"",""evidence_note"":""Official party recognition after constitutional-court decisions; not a durable legal-entity identifier""}]","{""decision_file"":""docs/political-data/germany_production_acceptance.json"",""reviewer"":""germany_source_review"",""reviewed_at"":""2026-10-02"",""scope"":""same_election_only_no_continuity""}"
"src-de-bwl-final-archive","ac5d62cc9df7c681cb39baecb6602a8a766e43fea3000c50fb434225cc007ca8:btw2021-w_kerg.csv:337:93","Partei für schulmedizinische Verjüngungsforschung (2021: Partei für Gesundheitsforschung)","germany","2021-09-26","2021-09-26","contestant","ct-de-0159",,"manual_review","confirmed_election_specific_record","requires_manual_review","false","Official result column to persisted election-specific contestant; no cross-election or legal-entity continuity decision.","[{""source_id"":""src-de-bwl-final-archive"",""source_url"":""https://www.bundeswahlleiterin.de/dam/jcr/ce2d2b6a-f211-4355-8eea-355c98cd4e47/btw_kerg.zip"",""source_record_id"":""ac5d62cc9df7c681cb39baecb6602a8a766e43fea3000c50fb434225cc007ca8:btw2021-w_kerg.csv:337:93"",""retrieved_at"":""2026-10-01T23:21:39.584Z"",""raw_snapshot"":{""path"":""docs/political-data/raw/germany/2026-10-01T23-21-39-584Z_02e7077f9358c9ef/final-results.zip"",""sha256"":""02e7077f9358c9ef408741ee5d17123a43c28ea766b26a7ab338c08fcaeb7512""},""parser_version"":""germany-production-v1"",""parser_sha256"":""2a8eb3487f392ef83303e7fb9ff246e4c111a7e64a469a6aa9eb21461ae9b1a0"",""fields_covered"":[""second_votes"",""registered_label_native""],""published_or_derived"":""published"",""source_member"":""btw2021-w_kerg.csv"",""source_member_sha256"":""ac5d62cc9df7c681cb39baecb6602a8a766e43fea3000c50fb434225cc007ca8"",""source_column"":93},{""source_id"":""src-de-bwl-recognition-2021"",""source_url"":""https://www.bundeswahlleiterin.de/info/presse/mitteilungen/bundestagswahl-2021/17_21_beschluss-bverfg.html"",""source_record_id"":""src-de-bwl-recognition-2021:table:3:row:25"",""retrieved_at"":""2026-10-02T09:37:09.945Z"",""raw_snapshot"":{""path"":""docs/political-data/raw/germany/recognition_2021/recognition.html"",""sha256"":""ab1e12bc50286356002a51b764da3c87d573d4ee7285da6f88644eb59ed70b93""},""parser_version"":""germany-production-v1"",""parser_sha256"":""2a8eb3487f392ef83303e7fb9ff246e4c111a7e64a469a6aa9eb21461ae9b1a0"",""fields_covered"":[""canonical_party_id""],""published_or_derived"":""published"",""decision_basis"":""manual review of official same-election recognition/participation and result column"",""evidence_note"":""Official party recognition after constitutional-court decisions; not a durable legal-entity identifier""}]","{""decision_file"":""docs/political-data/germany_production_acceptance.json"",""reviewer"":""germany_source_review"",""reviewed_at"":""2026-10-02"",""scope"":""same_election_only_no_continuity""}"
"src-de-bwl-final-archive","ac5d62cc9df7c681cb39baecb6602a8a766e43fea3000c50fb434225cc007ca8:btw2021-w_kerg.csv:337:97","Menschliche Welt - für das Wohl und Glücklichsein aller","germany","2021-09-26","2021-09-26","contestant","ct-de-0160",,"manual_review","confirmed_election_specific_record","requires_manual_review","false","Official result column to persisted election-specific contestant; no cross-election or legal-entity continuity decision.","[{""source_id"":""src-de-bwl-final-archive"",""source_url"":""https://www.bundeswahlleiterin.de/dam/jcr/ce2d2b6a-f211-4355-8eea-355c98cd4e47/btw_kerg.zip"",""source_record_id"":""ac5d62cc9df7c681cb39baecb6602a8a766e43fea3000c50fb434225cc007ca8:btw2021-w_kerg.csv:337:97"",""retrieved_at"":""2026-10-01T23:21:39.584Z"",""raw_snapshot"":{""path"":""docs/political-data/raw/germany/2026-10-01T23-21-39-584Z_02e7077f9358c9ef/final-results.zip"",""sha256"":""02e7077f9358c9ef408741ee5d17123a43c28ea766b26a7ab338c08fcaeb7512""},""parser_version"":""germany-production-v1"",""parser_sha256"":""2a8eb3487f392ef83303e7fb9ff246e4c111a7e64a469a6aa9eb21461ae9b1a0"",""fields_covered"":[""second_votes"",""registered_label_native""],""published_or_derived"":""published"",""source_member"":""btw2021-w_kerg.csv"",""source_member_sha256"":""ac5d62cc9df7c681cb39baecb6602a8a766e43fea3000c50fb434225cc007ca8"",""source_column"":97},{""source_id"":""src-de-bwl-recognition-2021"",""source_url"":""https://www.bundeswahlleiterin.de/info/presse/mitteilungen/bundestagswahl-2021/17_21_beschluss-bverfg.html"",""source_record_id"":""src-de-bwl-recognition-2021:table:3:row:3"",""retrieved_at"":""2026-10-02T09:37:09.945Z"",""raw_snapshot"":{""path"":""docs/political-data/raw/germany/recognition_2021/recognition.html"",""sha256"":""ab1e12bc50286356002a51b764da3c87d573d4ee7285da6f88644eb59ed70b93""},""parser_version"":""germany-production-v1"",""parser_sha256"":""2a8eb3487f392ef83303e7fb9ff246e4c111a7e64a469a6aa9eb21461ae9b1a0"",""fields_covered"":[""canonical_party_id""],""published_or_derived"":""published"",""decision_basis"":""manual review of official same-election recognition/participation and result column"",""evidence_note"":""Official party recognition after constitutional-court decisions; not a durable legal-entity identifier""}]","{""decision_file"":""docs/political-data/germany_production_acceptance.json"",""reviewer"":""germany_source_review"",""reviewed_at"":""2026-10-02"",""scope"":""same_election_only_no_continuity""}"
"src-de-bwl-final-archive","ac5d62cc9df7c681cb39baecb6602a8a766e43fea3000c50fb434225cc007ca8:btw2021-w_kerg.csv:337:101","Deutsche Kommunistische Partei","germany","2021-09-26","2021-09-26","contestant","ct-de-0161",,"manual_review","confirmed_election_specific_record","requires_manual_review","false","Official result column to persisted election-specific contestant; no cross-election or legal-entity continuity decision.","[{""source_id"":""src-de-bwl-final-archive"",""source_url"":""https://www.bundeswahlleiterin.de/dam/jcr/ce2d2b6a-f211-4355-8eea-355c98cd4e47/btw_kerg.zip"",""source_record_id"":""ac5d62cc9df7c681cb39baecb6602a8a766e43fea3000c50fb434225cc007ca8:btw2021-w_kerg.csv:337:101"",""retrieved_at"":""2026-10-01T23:21:39.584Z"",""raw_snapshot"":{""path"":""docs/political-data/raw/germany/2026-10-01T23-21-39-584Z_02e7077f9358c9ef/final-results.zip"",""sha256"":""02e7077f9358c9ef408741ee5d17123a43c28ea766b26a7ab338c08fcaeb7512""},""parser_version"":""germany-production-v1"",""parser_sha256"":""2a8eb3487f392ef83303e7fb9ff246e4c111a7e64a469a6aa9eb21461ae9b1a0"",""fields_covered"":[""second_votes"",""registered_label_native""],""published_or_derived"":""published"",""source_member"":""btw2021-w_kerg.csv"",""source_member_sha256"":""ac5d62cc9df7c681cb39baecb6602a8a766e43fea3000c50fb434225cc007ca8"",""source_column"":101},{""source_id"":""src-de-bwl-recognition-2021"",""source_url"":""https://www.bundeswahlleiterin.de/info/presse/mitteilungen/bundestagswahl-2021/17_21_beschluss-bverfg.html"",""source_record_id"":""src-de-bwl-recognition-2021:table:3:row:2"",""retrieved_at"":""2026-10-02T09:37:09.945Z"",""raw_snapshot"":{""path"":""docs/political-data/raw/germany/recognition_2021/recognition.html"",""sha256"":""ab1e12bc50286356002a51b764da3c87d573d4ee7285da6f88644eb59ed70b93""},""parser_version"":""germany-production-v1"",""parser_sha256"":""2a8eb3487f392ef83303e7fb9ff246e4c111a7e64a469a6aa9eb21461ae9b1a0"",""fields_covered"":[""canonical_party_id""],""published_or_derived"":""published"",""decision_basis"":""manual review of official same-election recognition/participation and result column"",""evidence_note"":""Official party recognition after constitutional-court decisions; not a durable legal-entity identifier""}]","{""decision_file"":""docs/political-data/germany_production_acceptance.json"",""reviewer"":""germany_source_review"",""reviewed_at"":""2026-10-02"",""scope"":""same_election_only_no_continuity""}"
"src-de-bwl-final-archive","ac5d62cc9df7c681cb39baecb6602a8a766e43fea3000c50fb434225cc007ca8:btw2021-w_kerg.csv:337:105","Die Grauen – Für alle Generationen","germany","2021-09-26","2021-09-26","contestant","ct-de-0162",,"manual_review","confirmed_election_specific_record","requires_manual_review","false","Official result column to persisted election-specific contestant; no cross-election or legal-entity continuity decision.","[{""source_id"":""src-de-bwl-final-archive"",""source_url"":""https://www.bundeswahlleiterin.de/dam/jcr/ce2d2b6a-f211-4355-8eea-355c98cd4e47/btw_kerg.zip"",""source_record_id"":""ac5d62cc9df7c681cb39baecb6602a8a766e43fea3000c50fb434225cc007ca8:btw2021-w_kerg.csv:337:105"",""retrieved_at"":""2026-10-01T23:21:39.584Z"",""raw_snapshot"":{""path"":""docs/political-data/raw/germany/2026-10-01T23-21-39-584Z_02e7077f9358c9ef/final-results.zip"",""sha256"":""02e7077f9358c9ef408741ee5d17123a43c28ea766b26a7ab338c08fcaeb7512""},""parser_version"":""germany-production-v1"",""parser_sha256"":""2a8eb3487f392ef83303e7fb9ff246e4c111a7e64a469a6aa9eb21461ae9b1a0"",""fields_covered"":[""second_votes"",""registered_label_native""],""published_or_derived"":""published"",""source_member"":""btw2021-w_kerg.csv"",""source_member_sha256"":""ac5d62cc9df7c681cb39baecb6602a8a766e43fea3000c50fb434225cc007ca8"",""source_column"":105},{""source_id"":""src-de-bwl-recognition-2021"",""source_url"":""https://www.bundeswahlleiterin.de/info/presse/mitteilungen/bundestagswahl-2021/17_21_beschluss-bverfg.html"",""source_record_id"":""src-de-bwl-recognition-2021:table:3:row:34"",""retrieved_at"":""2026-10-02T09:37:09.945Z"",""raw_snapshot"":{""path"":""docs/political-data/raw/germany/recognition_2021/recognition.html"",""sha256"":""ab1e12bc50286356002a51b764da3c87d573d4ee7285da6f88644eb59ed70b93""},""parser_version"":""germany-production-v1"",""parser_sha256"":""2a8eb3487f392ef83303e7fb9ff246e4c111a7e64a469a6aa9eb21461ae9b1a0"",""fields_covered"":[""canonical_party_id""],""published_or_derived"":""published"",""decision_basis"":""manual review of official same-election recognition/participation and result column"",""evidence_note"":""Official party recognition after constitutional-court decisions; not a durable legal-entity identifier""}]","{""decision_file"":""docs/political-data/germany_production_acceptance.json"",""reviewer"":""germany_source_review"",""reviewed_at"":""2026-10-02"",""scope"":""same_election_only_no_continuity""}"
"src-de-bwl-final-archive","ac5d62cc9df7c681cb39baecb6602a8a766e43fea3000c50fb434225cc007ca8:btw2021-w_kerg.csv:337:109","Bürgerrechtsbewegung Solidarität","germany","2021-09-26","2021-09-26","contestant","ct-de-0163",,"manual_review","confirmed_election_specific_record","requires_manual_review","false","Official result column to persisted election-specific contestant; no cross-election or legal-entity continuity decision.","[{""source_id"":""src-de-bwl-final-archive"",""source_url"":""https://www.bundeswahlleiterin.de/dam/jcr/ce2d2b6a-f211-4355-8eea-355c98cd4e47/btw_kerg.zip"",""source_record_id"":""ac5d62cc9df7c681cb39baecb6602a8a766e43fea3000c50fb434225cc007ca8:btw2021-w_kerg.csv:337:109"",""retrieved_at"":""2026-10-01T23:21:39.584Z"",""raw_snapshot"":{""path"":""docs/political-data/raw/germany/2026-10-01T23-21-39-584Z_02e7077f9358c9ef/final-results.zip"",""sha256"":""02e7077f9358c9ef408741ee5d17123a43c28ea766b26a7ab338c08fcaeb7512""},""parser_version"":""germany-production-v1"",""parser_sha256"":""2a8eb3487f392ef83303e7fb9ff246e4c111a7e64a469a6aa9eb21461ae9b1a0"",""fields_covered"":[""second_votes"",""registered_label_native""],""published_or_derived"":""published"",""source_member"":""btw2021-w_kerg.csv"",""source_member_sha256"":""ac5d62cc9df7c681cb39baecb6602a8a766e43fea3000c50fb434225cc007ca8"",""source_column"":109},{""source_id"":""src-de-bwl-recognition-2021"",""source_url"":""https://www.bundeswahlleiterin.de/info/presse/mitteilungen/bundestagswahl-2021/17_21_beschluss-bverfg.html"",""source_record_id"":""src-de-bwl-recognition-2021:table:3:row:21"",""retrieved_at"":""2026-10-02T09:37:09.945Z"",""raw_snapshot"":{""path"":""docs/political-data/raw/germany/recognition_2021/recognition.html"",""sha256"":""ab1e12bc50286356002a51b764da3c87d573d4ee7285da6f88644eb59ed70b93""},""parser_version"":""germany-production-v1"",""parser_sha256"":""2a8eb3487f392ef83303e7fb9ff246e4c111a7e64a469a6aa9eb21461ae9b1a0"",""fields_covered"":[""canonical_party_id""],""published_or_derived"":""published"",""decision_basis"":""manual review of official same-election recognition/participation and result column"",""evidence_note"":""Official party recognition after constitutional-court decisions; not a durable legal-entity identifier""}]","{""decision_file"":""docs/political-data/germany_production_acceptance.json"",""reviewer"":""germany_source_review"",""reviewed_at"":""2026-10-02"",""scope"":""same_election_only_no_continuity""}"
"src-de-bwl-final-archive","ac5d62cc9df7c681cb39baecb6602a8a766e43fea3000c50fb434225cc007ca8:btw2021-w_kerg.csv:337:113","Partei der Humanisten","germany","2021-09-26","2021-09-26","contestant","ct-de-0164",,"manual_review","confirmed_election_specific_record","requires_manual_review","false","Official result column to persisted election-specific contestant; no cross-election or legal-entity continuity decision.","[{""source_id"":""src-de-bwl-final-archive"",""source_url"":""https://www.bundeswahlleiterin.de/dam/jcr/ce2d2b6a-f211-4355-8eea-355c98cd4e47/btw_kerg.zip"",""source_record_id"":""ac5d62cc9df7c681cb39baecb6602a8a766e43fea3000c50fb434225cc007ca8:btw2021-w_kerg.csv:337:113"",""retrieved_at"":""2026-10-01T23:21:39.584Z"",""raw_snapshot"":{""path"":""docs/political-data/raw/germany/2026-10-01T23-21-39-584Z_02e7077f9358c9ef/final-results.zip"",""sha256"":""02e7077f9358c9ef408741ee5d17123a43c28ea766b26a7ab338c08fcaeb7512""},""parser_version"":""germany-production-v1"",""parser_sha256"":""2a8eb3487f392ef83303e7fb9ff246e4c111a7e64a469a6aa9eb21461ae9b1a0"",""fields_covered"":[""second_votes"",""registered_label_native""],""published_or_derived"":""published"",""source_member"":""btw2021-w_kerg.csv"",""source_member_sha256"":""ac5d62cc9df7c681cb39baecb6602a8a766e43fea3000c50fb434225cc007ca8"",""source_column"":113},{""source_id"":""src-de-bwl-recognition-2021"",""source_url"":""https://www.bundeswahlleiterin.de/info/presse/mitteilungen/bundestagswahl-2021/17_21_beschluss-bverfg.html"",""source_record_id"":""src-de-bwl-recognition-2021:table:3:row:15"",""retrieved_at"":""2026-10-02T09:37:09.945Z"",""raw_snapshot"":{""path"":""docs/political-data/raw/germany/recognition_2021/recognition.html"",""sha256"":""ab1e12bc50286356002a51b764da3c87d573d4ee7285da6f88644eb59ed70b93""},""parser_version"":""germany-production-v1"",""parser_sha256"":""2a8eb3487f392ef83303e7fb9ff246e4c111a7e64a469a6aa9eb21461ae9b1a0"",""fields_covered"":[""canonical_party_id""],""published_or_derived"":""published"",""decision_basis"":""manual review of official same-election recognition/participation and result column"",""evidence_note"":""Official party recognition after constitutional-court decisions; not a durable legal-entity identifier""}]","{""decision_file"":""docs/political-data/germany_production_acceptance.json"",""reviewer"":""germany_source_review"",""reviewed_at"":""2026-10-02"",""scope"":""same_election_only_no_continuity""}"
"src-de-bwl-final-archive","ac5d62cc9df7c681cb39baecb6602a8a766e43fea3000c50fb434225cc007ca8:btw2021-w_kerg.csv:337:117","Gartenpartei","germany","2021-09-26","2021-09-26","contestant","ct-de-0165",,"manual_review","confirmed_election_specific_record","requires_manual_review","false","Official result column to persisted election-specific contestant; no cross-election or legal-entity continuity decision.","[{""source_id"":""src-de-bwl-final-archive"",""source_url"":""https://www.bundeswahlleiterin.de/dam/jcr/ce2d2b6a-f211-4355-8eea-355c98cd4e47/btw_kerg.zip"",""source_record_id"":""ac5d62cc9df7c681cb39baecb6602a8a766e43fea3000c50fb434225cc007ca8:btw2021-w_kerg.csv:337:117"",""retrieved_at"":""2026-10-01T23:21:39.584Z"",""raw_snapshot"":{""path"":""docs/political-data/raw/germany/2026-10-01T23-21-39-584Z_02e7077f9358c9ef/final-results.zip"",""sha256"":""02e7077f9358c9ef408741ee5d17123a43c28ea766b26a7ab338c08fcaeb7512""},""parser_version"":""germany-production-v1"",""parser_sha256"":""2a8eb3487f392ef83303e7fb9ff246e4c111a7e64a469a6aa9eb21461ae9b1a0"",""fields_covered"":[""second_votes"",""registered_label_native""],""published_or_derived"":""published"",""source_member"":""btw2021-w_kerg.csv"",""source_member_sha256"":""ac5d62cc9df7c681cb39baecb6602a8a766e43fea3000c50fb434225cc007ca8"",""source_column"":117},{""source_id"":""src-de-bwl-recognition-2021"",""source_url"":""https://www.bundeswahlleiterin.de/info/presse/mitteilungen/bundestagswahl-2021/17_21_beschluss-bverfg.html"",""source_record_id"":""src-de-bwl-recognition-2021:table:3:row:7"",""retrieved_at"":""2026-10-02T09:37:09.945Z"",""raw_snapshot"":{""path"":""docs/political-data/raw/germany/recognition_2021/recognition.html"",""sha256"":""ab1e12bc50286356002a51b764da3c87d573d4ee7285da6f88644eb59ed70b93""},""parser_version"":""germany-production-v1"",""parser_sha256"":""2a8eb3487f392ef83303e7fb9ff246e4c111a7e64a469a6aa9eb21461ae9b1a0"",""fields_covered"":[""canonical_party_id""],""published_or_derived"":""published"",""decision_basis"":""manual review of official same-election recognition/participation and result column"",""evidence_note"":""Official party recognition after constitutional-court decisions; not a durable legal-entity identifier""}]","{""decision_file"":""docs/political-data/germany_production_acceptance.json"",""reviewer"":""germany_source_review"",""reviewed_at"":""2026-10-02"",""scope"":""same_election_only_no_continuity""}"
"src-de-bwl-final-archive","ac5d62cc9df7c681cb39baecb6602a8a766e43fea3000c50fb434225cc007ca8:btw2021-w_kerg.csv:337:121","Die Urbane. Eine HipHop Partei","germany","2021-09-26","2021-09-26","contestant","ct-de-0166",,"manual_review","confirmed_election_specific_record","requires_manual_review","false","Official result column to persisted election-specific contestant; no cross-election or legal-entity continuity decision.","[{""source_id"":""src-de-bwl-final-archive"",""source_url"":""https://www.bundeswahlleiterin.de/dam/jcr/ce2d2b6a-f211-4355-8eea-355c98cd4e47/btw_kerg.zip"",""source_record_id"":""ac5d62cc9df7c681cb39baecb6602a8a766e43fea3000c50fb434225cc007ca8:btw2021-w_kerg.csv:337:121"",""retrieved_at"":""2026-10-01T23:21:39.584Z"",""raw_snapshot"":{""path"":""docs/political-data/raw/germany/2026-10-01T23-21-39-584Z_02e7077f9358c9ef/final-results.zip"",""sha256"":""02e7077f9358c9ef408741ee5d17123a43c28ea766b26a7ab338c08fcaeb7512""},""parser_version"":""germany-production-v1"",""parser_sha256"":""2a8eb3487f392ef83303e7fb9ff246e4c111a7e64a469a6aa9eb21461ae9b1a0"",""fields_covered"":[""second_votes"",""registered_label_native""],""published_or_derived"":""published"",""source_member"":""btw2021-w_kerg.csv"",""source_member_sha256"":""ac5d62cc9df7c681cb39baecb6602a8a766e43fea3000c50fb434225cc007ca8"",""source_column"":121},{""source_id"":""src-de-bwl-recognition-2021"",""source_url"":""https://www.bundeswahlleiterin.de/info/presse/mitteilungen/bundestagswahl-2021/17_21_beschluss-bverfg.html"",""source_record_id"":""src-de-bwl-recognition-2021:table:3:row:40"",""retrieved_at"":""2026-10-02T09:37:09.945Z"",""raw_snapshot"":{""path"":""docs/political-data/raw/germany/recognition_2021/recognition.html"",""sha256"":""ab1e12bc50286356002a51b764da3c87d573d4ee7285da6f88644eb59ed70b93""},""parser_version"":""germany-production-v1"",""parser_sha256"":""2a8eb3487f392ef83303e7fb9ff246e4c111a7e64a469a6aa9eb21461ae9b1a0"",""fields_covered"":[""canonical_party_id""],""published_or_derived"":""published"",""decision_basis"":""manual review of official same-election recognition/participation and result column"",""evidence_note"":""Official party recognition after constitutional-court decisions; not a durable legal-entity identifier""}]","{""decision_file"":""docs/political-data/germany_production_acceptance.json"",""reviewer"":""germany_source_review"",""reviewed_at"":""2026-10-02"",""scope"":""same_election_only_no_continuity""}"
"src-de-bwl-final-archive","ac5d62cc9df7c681cb39baecb6602a8a766e43fea3000c50fb434225cc007ca8:btw2021-w_kerg.csv:337:125","Sozialistische Gleichheitspartei, Vierte Internationale","germany","2021-09-26","2021-09-26","contestant","ct-de-0167",,"manual_review","confirmed_election_specific_record","requires_manual_review","false","Official result column to persisted election-specific contestant; no cross-election or legal-entity continuity decision.","[{""source_id"":""src-de-bwl-final-archive"",""source_url"":""https://www.bundeswahlleiterin.de/dam/jcr/ce2d2b6a-f211-4355-8eea-355c98cd4e47/btw_kerg.zip"",""source_record_id"":""ac5d62cc9df7c681cb39baecb6602a8a766e43fea3000c50fb434225cc007ca8:btw2021-w_kerg.csv:337:125"",""retrieved_at"":""2026-10-01T23:21:39.584Z"",""raw_snapshot"":{""path"":""docs/political-data/raw/germany/2026-10-01T23-21-39-584Z_02e7077f9358c9ef/final-results.zip"",""sha256"":""02e7077f9358c9ef408741ee5d17123a43c28ea766b26a7ab338c08fcaeb7512""},""parser_version"":""germany-production-v1"",""parser_sha256"":""2a8eb3487f392ef83303e7fb9ff246e4c111a7e64a469a6aa9eb21461ae9b1a0"",""fields_covered"":[""second_votes"",""registered_label_native""],""published_or_derived"":""published"",""source_member"":""btw2021-w_kerg.csv"",""source_member_sha256"":""ac5d62cc9df7c681cb39baecb6602a8a766e43fea3000c50fb434225cc007ca8"",""source_column"":125},{""source_id"":""src-de-bwl-recognition-2021"",""source_url"":""https://www.bundeswahlleiterin.de/info/presse/mitteilungen/bundestagswahl-2021/17_21_beschluss-bverfg.html"",""source_record_id"":""src-de-bwl-recognition-2021:table:3:row:38"",""retrieved_at"":""2026-10-02T09:37:09.945Z"",""raw_snapshot"":{""path"":""docs/political-data/raw/germany/recognition_2021/recognition.html"",""sha256"":""ab1e12bc50286356002a51b764da3c87d573d4ee7285da6f88644eb59ed70b93""},""parser_version"":""germany-production-v1"",""parser_sha256"":""2a8eb3487f392ef83303e7fb9ff246e4c111a7e64a469a6aa9eb21461ae9b1a0"",""fields_covered"":[""canonical_party_id""],""published_or_derived"":""published"",""decision_basis"":""manual review of official same-election recognition/participation and result column"",""evidence_note"":""Official party recognition after constitutional-court decisions; not a durable legal-entity identifier""}]","{""decision_file"":""docs/political-data/germany_production_acceptance.json"",""reviewer"":""germany_source_review"",""reviewed_at"":""2026-10-02"",""scope"":""same_election_only_no_continuity""}"
"src-de-bwl-final-archive","ac5d62cc9df7c681cb39baecb6602a8a766e43fea3000c50fb434225cc007ca8:btw2021-w_kerg.csv:337:129","Basisdemokratische Partei Deutschland","germany","2021-09-26","2021-09-26","contestant","ct-de-0168",,"manual_review","confirmed_election_specific_record","requires_manual_review","false","Official result column to persisted election-specific contestant; no cross-election or legal-entity continuity decision.","[{""source_id"":""src-de-bwl-final-archive"",""source_url"":""https://www.bundeswahlleiterin.de/dam/jcr/ce2d2b6a-f211-4355-8eea-355c98cd4e47/btw_kerg.zip"",""source_record_id"":""ac5d62cc9df7c681cb39baecb6602a8a766e43fea3000c50fb434225cc007ca8:btw2021-w_kerg.csv:337:129"",""retrieved_at"":""2026-10-01T23:21:39.584Z"",""raw_snapshot"":{""path"":""docs/political-data/raw/germany/2026-10-01T23-21-39-584Z_02e7077f9358c9ef/final-results.zip"",""sha256"":""02e7077f9358c9ef408741ee5d17123a43c28ea766b26a7ab338c08fcaeb7512""},""parser_version"":""germany-production-v1"",""parser_sha256"":""2a8eb3487f392ef83303e7fb9ff246e4c111a7e64a469a6aa9eb21461ae9b1a0"",""fields_covered"":[""second_votes"",""registered_label_native""],""published_or_derived"":""published"",""source_member"":""btw2021-w_kerg.csv"",""source_member_sha256"":""ac5d62cc9df7c681cb39baecb6602a8a766e43fea3000c50fb434225cc007ca8"",""source_column"":129},{""source_id"":""src-de-bwl-recognition-2021"",""source_url"":""https://www.bundeswahlleiterin.de/info/presse/mitteilungen/bundestagswahl-2021/17_21_beschluss-bverfg.html"",""source_record_id"":""src-de-bwl-recognition-2021:table:3:row:16"",""retrieved_at"":""2026-10-02T09:37:09.945Z"",""raw_snapshot"":{""path"":""docs/political-data/raw/germany/recognition_2021/recognition.html"",""sha256"":""ab1e12bc50286356002a51b764da3c87d573d4ee7285da6f88644eb59ed70b93""},""parser_version"":""germany-production-v1"",""parser_sha256"":""2a8eb3487f392ef83303e7fb9ff246e4c111a7e64a469a6aa9eb21461ae9b1a0"",""fields_covered"":[""canonical_party_id""],""published_or_derived"":""published"",""decision_basis"":""manual review of official same-election recognition/participation and result column"",""evidence_note"":""Official party recognition after constitutional-court decisions; not a durable legal-entity identifier""}]","{""decision_file"":""docs/political-data/germany_production_acceptance.json"",""reviewer"":""germany_source_review"",""reviewed_at"":""2026-10-02"",""scope"":""same_election_only_no_continuity""}"
"src-de-bwl-final-archive","ac5d62cc9df7c681cb39baecb6602a8a766e43fea3000c50fb434225cc007ca8:btw2021-w_kerg.csv:337:133","Bündnis C - Christen für Deutschland","germany","2021-09-26","2021-09-26","contestant","ct-de-0169",,"manual_review","confirmed_election_specific_record","requires_manual_review","false","Official result column to persisted election-specific contestant; no cross-election or legal-entity continuity decision.","[{""source_id"":""src-de-bwl-final-archive"",""source_url"":""https://www.bundeswahlleiterin.de/dam/jcr/ce2d2b6a-f211-4355-8eea-355c98cd4e47/btw_kerg.zip"",""source_record_id"":""ac5d62cc9df7c681cb39baecb6602a8a766e43fea3000c50fb434225cc007ca8:btw2021-w_kerg.csv:337:133"",""retrieved_at"":""2026-10-01T23:21:39.584Z"",""raw_snapshot"":{""path"":""docs/political-data/raw/germany/2026-10-01T23-21-39-584Z_02e7077f9358c9ef/final-results.zip"",""sha256"":""02e7077f9358c9ef408741ee5d17123a43c28ea766b26a7ab338c08fcaeb7512""},""parser_version"":""germany-production-v1"",""parser_sha256"":""2a8eb3487f392ef83303e7fb9ff246e4c111a7e64a469a6aa9eb21461ae9b1a0"",""fields_covered"":[""second_votes"",""registered_label_native""],""published_or_derived"":""published"",""source_member"":""btw2021-w_kerg.csv"",""source_member_sha256"":""ac5d62cc9df7c681cb39baecb6602a8a766e43fea3000c50fb434225cc007ca8"",""source_column"":133},{""source_id"":""src-de-bwl-recognition-2021"",""source_url"":""https://www.bundeswahlleiterin.de/info/presse/mitteilungen/bundestagswahl-2021/17_21_beschluss-bverfg.html"",""source_record_id"":""src-de-bwl-recognition-2021:table:3:row:13"",""retrieved_at"":""2026-10-02T09:37:09.945Z"",""raw_snapshot"":{""path"":""docs/political-data/raw/germany/recognition_2021/recognition.html"",""sha256"":""ab1e12bc50286356002a51b764da3c87d573d4ee7285da6f88644eb59ed70b93""},""parser_version"":""germany-production-v1"",""parser_sha256"":""2a8eb3487f392ef83303e7fb9ff246e4c111a7e64a469a6aa9eb21461ae9b1a0"",""fields_covered"":[""canonical_party_id""],""published_or_derived"":""published"",""decision_basis"":""manual review of official same-election recognition/participation and result column"",""evidence_note"":""Official party recognition after constitutional-court decisions; not a durable legal-entity identifier""}]","{""decision_file"":""docs/political-data/germany_production_acceptance.json"",""reviewer"":""germany_source_review"",""reviewed_at"":""2026-10-02"",""scope"":""same_election_only_no_continuity""}"
"src-de-bwl-final-archive","ac5d62cc9df7c681cb39baecb6602a8a766e43fea3000c50fb434225cc007ca8:btw2021-w_kerg.csv:337:137","Bürgerbewegung für Fortschritt und Wandel","germany","2021-09-26","2021-09-26","contestant","ct-de-0170",,"manual_review","confirmed_election_specific_record","requires_manual_review","false","Official result column to persisted election-specific contestant; no cross-election or legal-entity continuity decision.","[{""source_id"":""src-de-bwl-final-archive"",""source_url"":""https://www.bundeswahlleiterin.de/dam/jcr/ce2d2b6a-f211-4355-8eea-355c98cd4e47/btw_kerg.zip"",""source_record_id"":""ac5d62cc9df7c681cb39baecb6602a8a766e43fea3000c50fb434225cc007ca8:btw2021-w_kerg.csv:337:137"",""retrieved_at"":""2026-10-01T23:21:39.584Z"",""raw_snapshot"":{""path"":""docs/political-data/raw/germany/2026-10-01T23-21-39-584Z_02e7077f9358c9ef/final-results.zip"",""sha256"":""02e7077f9358c9ef408741ee5d17123a43c28ea766b26a7ab338c08fcaeb7512""},""parser_version"":""germany-production-v1"",""parser_sha256"":""2a8eb3487f392ef83303e7fb9ff246e4c111a7e64a469a6aa9eb21461ae9b1a0"",""fields_covered"":[""second_votes"",""registered_label_native""],""published_or_derived"":""published"",""source_member"":""btw2021-w_kerg.csv"",""source_member_sha256"":""ac5d62cc9df7c681cb39baecb6602a8a766e43fea3000c50fb434225cc007ca8"",""source_column"":137},{""source_id"":""src-de-bwl-recognition-2021"",""source_url"":""https://www.bundeswahlleiterin.de/info/presse/mitteilungen/bundestagswahl-2021/17_21_beschluss-bverfg.html"",""source_record_id"":""src-de-bwl-recognition-2021:table:3:row:41"",""retrieved_at"":""2026-10-02T09:37:09.945Z"",""raw_snapshot"":{""path"":""docs/political-data/raw/germany/recognition_2021/recognition.html"",""sha256"":""ab1e12bc50286356002a51b764da3c87d573d4ee7285da6f88644eb59ed70b93""},""parser_version"":""germany-production-v1"",""parser_sha256"":""2a8eb3487f392ef83303e7fb9ff246e4c111a7e64a469a6aa9eb21461ae9b1a0"",""fields_covered"":[""canonical_party_id""],""published_or_derived"":""published"",""decision_basis"":""manual review of official same-election recognition/participation and result column"",""evidence_note"":""Official party recognition after constitutional-court decisions; not a durable legal-entity identifier""}]","{""decision_file"":""docs/political-data/germany_production_acceptance.json"",""reviewer"":""germany_source_review"",""reviewed_at"":""2026-10-02"",""scope"":""same_election_only_no_continuity""}"
"src-de-bwl-final-archive","ac5d62cc9df7c681cb39baecb6602a8a766e43fea3000c50fb434225cc007ca8:btw2021-w_kerg.csv:337:141","DER DRITTE WEG","germany","2021-09-26","2021-09-26","contestant","ct-de-0171",,"manual_review","confirmed_election_specific_record","requires_manual_review","false","Official result column to persisted election-specific contestant; no cross-election or legal-entity continuity decision.","[{""source_id"":""src-de-bwl-final-archive"",""source_url"":""https://www.bundeswahlleiterin.de/dam/jcr/ce2d2b6a-f211-4355-8eea-355c98cd4e47/btw_kerg.zip"",""source_record_id"":""ac5d62cc9df7c681cb39baecb6602a8a766e43fea3000c50fb434225cc007ca8:btw2021-w_kerg.csv:337:141"",""retrieved_at"":""2026-10-01T23:21:39.584Z"",""raw_snapshot"":{""path"":""docs/political-data/raw/germany/2026-10-01T23-21-39-584Z_02e7077f9358c9ef/final-results.zip"",""sha256"":""02e7077f9358c9ef408741ee5d17123a43c28ea766b26a7ab338c08fcaeb7512""},""parser_version"":""germany-production-v1"",""parser_sha256"":""2a8eb3487f392ef83303e7fb9ff246e4c111a7e64a469a6aa9eb21461ae9b1a0"",""fields_covered"":[""second_votes"",""registered_label_native""],""published_or_derived"":""published"",""source_member"":""btw2021-w_kerg.csv"",""source_member_sha256"":""ac5d62cc9df7c681cb39baecb6602a8a766e43fea3000c50fb434225cc007ca8"",""source_column"":141},{""source_id"":""src-de-bwl-recognition-2021"",""source_url"":""https://www.bundeswahlleiterin.de/info/presse/mitteilungen/bundestagswahl-2021/17_21_beschluss-bverfg.html"",""source_record_id"":""src-de-bwl-recognition-2021:table:3:row:10"",""retrieved_at"":""2026-10-02T09:37:09.945Z"",""raw_snapshot"":{""path"":""docs/political-data/raw/germany/recognition_2021/recognition.html"",""sha256"":""ab1e12bc50286356002a51b764da3c87d573d4ee7285da6f88644eb59ed70b93""},""parser_version"":""germany-production-v1"",""parser_sha256"":""2a8eb3487f392ef83303e7fb9ff246e4c111a7e64a469a6aa9eb21461ae9b1a0"",""fields_covered"":[""canonical_party_id""],""published_or_derived"":""published"",""decision_basis"":""manual review of official same-election recognition/participation and result column"",""evidence_note"":""Official party recognition after constitutional-court decisions; not a durable legal-entity identifier""}]","{""decision_file"":""docs/political-data/germany_production_acceptance.json"",""reviewer"":""germany_source_review"",""reviewed_at"":""2026-10-02"",""scope"":""same_election_only_no_continuity""}"
"src-de-bwl-final-archive","ac5d62cc9df7c681cb39baecb6602a8a766e43fea3000c50fb434225cc007ca8:btw2021-w_kerg.csv:337:145","diePinken/BÜNDNIS21","germany","2021-09-26","2021-09-26","contestant","ct-de-0172",,"manual_review","confirmed_election_specific_record","requires_manual_review","false","Official result column to persisted election-specific contestant; no cross-election or legal-entity continuity decision.","[{""source_id"":""src-de-bwl-final-archive"",""source_url"":""https://www.bundeswahlleiterin.de/dam/jcr/ce2d2b6a-f211-4355-8eea-355c98cd4e47/btw_kerg.zip"",""source_record_id"":""ac5d62cc9df7c681cb39baecb6602a8a766e43fea3000c50fb434225cc007ca8:btw2021-w_kerg.csv:337:145"",""retrieved_at"":""2026-10-01T23:21:39.584Z"",""raw_snapshot"":{""path"":""docs/political-data/raw/germany/2026-10-01T23-21-39-584Z_02e7077f9358c9ef/final-results.zip"",""sha256"":""02e7077f9358c9ef408741ee5d17123a43c28ea766b26a7ab338c08fcaeb7512""},""parser_version"":""germany-production-v1"",""parser_sha256"":""2a8eb3487f392ef83303e7fb9ff246e4c111a7e64a469a6aa9eb21461ae9b1a0"",""fields_covered"":[""second_votes"",""registered_label_native""],""published_or_derived"":""published"",""source_member"":""btw2021-w_kerg.csv"",""source_member_sha256"":""ac5d62cc9df7c681cb39baecb6602a8a766e43fea3000c50fb434225cc007ca8"",""source_column"":145},{""source_id"":""src-de-bwl-recognition-2021"",""source_url"":""https://www.bundeswahlleiterin.de/info/presse/mitteilungen/bundestagswahl-2021/17_21_beschluss-bverfg.html"",""source_record_id"":""src-de-bwl-recognition-2021:table:3:row:26"",""retrieved_at"":""2026-10-02T09:37:09.945Z"",""raw_snapshot"":{""path"":""docs/political-data/raw/germany/recognition_2021/recognition.html"",""sha256"":""ab1e12bc50286356002a51b764da3c87d573d4ee7285da6f88644eb59ed70b93""},""parser_version"":""germany-production-v1"",""parser_sha256"":""2a8eb3487f392ef83303e7fb9ff246e4c111a7e64a469a6aa9eb21461ae9b1a0"",""fields_covered"":[""canonical_party_id""],""published_or_derived"":""published"",""decision_basis"":""manual review of official same-election recognition/participation and result column"",""evidence_note"":""Official party recognition after constitutional-court decisions; not a durable legal-entity identifier""}]","{""decision_file"":""docs/political-data/germany_production_acceptance.json"",""reviewer"":""germany_source_review"",""reviewed_at"":""2026-10-02"",""scope"":""same_election_only_no_continuity""}"
"src-de-bwl-final-archive","ac5d62cc9df7c681cb39baecb6602a8a766e43fea3000c50fb434225cc007ca8:btw2021-w_kerg.csv:337:149","Europäische Partei LIEBE","germany","2021-09-26","2021-09-26","contestant","ct-de-0173",,"manual_review","confirmed_election_specific_record","requires_manual_review","false","Official result column to persisted election-specific contestant; no cross-election or legal-entity continuity decision.","[{""source_id"":""src-de-bwl-final-archive"",""source_url"":""https://www.bundeswahlleiterin.de/dam/jcr/ce2d2b6a-f211-4355-8eea-355c98cd4e47/btw_kerg.zip"",""source_record_id"":""ac5d62cc9df7c681cb39baecb6602a8a766e43fea3000c50fb434225cc007ca8:btw2021-w_kerg.csv:337:149"",""retrieved_at"":""2026-10-01T23:21:39.584Z"",""raw_snapshot"":{""path"":""docs/political-data/raw/germany/2026-10-01T23-21-39-584Z_02e7077f9358c9ef/final-results.zip"",""sha256"":""02e7077f9358c9ef408741ee5d17123a43c28ea766b26a7ab338c08fcaeb7512""},""parser_version"":""germany-production-v1"",""parser_sha256"":""2a8eb3487f392ef83303e7fb9ff246e4c111a7e64a469a6aa9eb21461ae9b1a0"",""fields_covered"":[""second_votes"",""registered_label_native""],""published_or_derived"":""published"",""source_member"":""btw2021-w_kerg.csv"",""source_member_sha256"":""ac5d62cc9df7c681cb39baecb6602a8a766e43fea3000c50fb434225cc007ca8"",""source_column"":149},{""source_id"":""src-de-bwl-recognition-2021"",""source_url"":""https://www.bundeswahlleiterin.de/info/presse/mitteilungen/bundestagswahl-2021/17_21_beschluss-bverfg.html"",""source_record_id"":""src-de-bwl-recognition-2021:table:3:row:12"",""retrieved_at"":""2026-10-02T09:37:09.945Z"",""raw_snapshot"":{""path"":""docs/political-data/raw/germany/recognition_2021/recognition.html"",""sha256"":""ab1e12bc50286356002a51b764da3c87d573d4ee7285da6f88644eb59ed70b93""},""parser_version"":""germany-production-v1"",""parser_sha256"":""2a8eb3487f392ef83303e7fb9ff246e4c111a7e64a469a6aa9eb21461ae9b1a0"",""fields_covered"":[""canonical_party_id""],""published_or_derived"":""published"",""decision_basis"":""manual review of official same-election recognition/participation and result column"",""evidence_note"":""Official party recognition after constitutional-court decisions; not a durable legal-entity identifier""}]","{""decision_file"":""docs/political-data/germany_production_acceptance.json"",""reviewer"":""germany_source_review"",""reviewed_at"":""2026-10-02"",""scope"":""same_election_only_no_continuity""}"
"src-de-bwl-final-archive","ac5d62cc9df7c681cb39baecb6602a8a766e43fea3000c50fb434225cc007ca8:btw2021-w_kerg.csv:337:153","Wir Bürger (2021: Liberal-Konservative Reformer)","germany","2021-09-26","2021-09-26","contestant","ct-de-0174",,"manual_review","confirmed_election_specific_record","requires_manual_review","false","Official result column to persisted election-specific contestant; no cross-election or legal-entity continuity decision.","[{""source_id"":""src-de-bwl-final-archive"",""source_url"":""https://www.bundeswahlleiterin.de/dam/jcr/ce2d2b6a-f211-4355-8eea-355c98cd4e47/btw_kerg.zip"",""source_record_id"":""ac5d62cc9df7c681cb39baecb6602a8a766e43fea3000c50fb434225cc007ca8:btw2021-w_kerg.csv:337:153"",""retrieved_at"":""2026-10-01T23:21:39.584Z"",""raw_snapshot"":{""path"":""docs/political-data/raw/germany/2026-10-01T23-21-39-584Z_02e7077f9358c9ef/final-results.zip"",""sha256"":""02e7077f9358c9ef408741ee5d17123a43c28ea766b26a7ab338c08fcaeb7512""},""parser_version"":""germany-production-v1"",""parser_sha256"":""2a8eb3487f392ef83303e7fb9ff246e4c111a7e64a469a6aa9eb21461ae9b1a0"",""fields_covered"":[""second_votes"",""registered_label_native""],""published_or_derived"":""published"",""source_member"":""btw2021-w_kerg.csv"",""source_member_sha256"":""ac5d62cc9df7c681cb39baecb6602a8a766e43fea3000c50fb434225cc007ca8"",""source_column"":153},{""source_id"":""src-de-bwl-recognition-2021"",""source_url"":""https://www.bundeswahlleiterin.de/info/presse/mitteilungen/bundestagswahl-2021/17_21_beschluss-bverfg.html"",""source_record_id"":""src-de-bwl-recognition-2021:table:3:row:37"",""retrieved_at"":""2026-10-02T09:37:09.945Z"",""raw_snapshot"":{""path"":""docs/political-data/raw/germany/recognition_2021/recognition.html"",""sha256"":""ab1e12bc50286356002a51b764da3c87d573d4ee7285da6f88644eb59ed70b93""},""parser_version"":""germany-production-v1"",""parser_sha256"":""2a8eb3487f392ef83303e7fb9ff246e4c111a7e64a469a6aa9eb21461ae9b1a0"",""fields_covered"":[""canonical_party_id""],""published_or_derived"":""published"",""decision_basis"":""manual review of official same-election recognition/participation and result column"",""evidence_note"":""Official party recognition after constitutional-court decisions; not a durable legal-entity identifier""}]","{""decision_file"":""docs/political-data/germany_production_acceptance.json"",""reviewer"":""germany_source_review"",""reviewed_at"":""2026-10-02"",""scope"":""same_election_only_no_continuity""}"
"src-de-bwl-final-archive","ac5d62cc9df7c681cb39baecb6602a8a766e43fea3000c50fb434225cc007ca8:btw2021-w_kerg.csv:337:157","Partei des Fortschritts","germany","2021-09-26","2021-09-26","contestant","ct-de-0175",,"manual_review","confirmed_election_specific_record","requires_manual_review","false","Official result column to persisted election-specific contestant; no cross-election or legal-entity continuity decision.","[{""source_id"":""src-de-bwl-final-archive"",""source_url"":""https://www.bundeswahlleiterin.de/dam/jcr/ce2d2b6a-f211-4355-8eea-355c98cd4e47/btw_kerg.zip"",""source_record_id"":""ac5d62cc9df7c681cb39baecb6602a8a766e43fea3000c50fb434225cc007ca8:btw2021-w_kerg.csv:337:157"",""retrieved_at"":""2026-10-01T23:21:39.584Z"",""raw_snapshot"":{""path"":""docs/political-data/raw/germany/2026-10-01T23-21-39-584Z_02e7077f9358c9ef/final-results.zip"",""sha256"":""02e7077f9358c9ef408741ee5d17123a43c28ea766b26a7ab338c08fcaeb7512""},""parser_version"":""germany-production-v1"",""parser_sha256"":""2a8eb3487f392ef83303e7fb9ff246e4c111a7e64a469a6aa9eb21461ae9b1a0"",""fields_covered"":[""second_votes"",""registered_label_native""],""published_or_derived"":""published"",""source_member"":""btw2021-w_kerg.csv"",""source_member_sha256"":""ac5d62cc9df7c681cb39baecb6602a8a766e43fea3000c50fb434225cc007ca8"",""source_column"":157},{""source_id"":""src-de-bwl-recognition-2021"",""source_url"":""https://www.bundeswahlleiterin.de/info/presse/mitteilungen/bundestagswahl-2021/17_21_beschluss-bverfg.html"",""source_record_id"":""src-de-bwl-recognition-2021:table:3:row:32"",""retrieved_at"":""2026-10-02T09:37:09.945Z"",""raw_snapshot"":{""path"":""docs/political-data/raw/germany/recognition_2021/recognition.html"",""sha256"":""ab1e12bc50286356002a51b764da3c87d573d4ee7285da6f88644eb59ed70b93""},""parser_version"":""germany-production-v1"",""parser_sha256"":""2a8eb3487f392ef83303e7fb9ff246e4c111a7e64a469a6aa9eb21461ae9b1a0"",""fields_covered"":[""canonical_party_id""],""published_or_derived"":""published"",""decision_basis"":""manual review of official same-election recognition/participation and result column"",""evidence_note"":""Official party recognition after constitutional-court decisions; not a durable legal-entity identifier""}]","{""decision_file"":""docs/political-data/germany_production_acceptance.json"",""reviewer"":""germany_source_review"",""reviewed_at"":""2026-10-02"",""scope"":""same_election_only_no_continuity""}"
"src-de-bwl-final-archive","ac5d62cc9df7c681cb39baecb6602a8a766e43fea3000c50fb434225cc007ca8:btw2021-w_kerg.csv:337:161",">> Partei für Kinder, Jugendliche und Familien <<  – Lobbyisten für Kinder –","germany","2021-09-26","2021-09-26","contestant","ct-de-0176",,"manual_review","confirmed_election_specific_record","requires_manual_review","false","Official result column to persisted election-specific contestant; no cross-election or legal-entity continuity decision.","[{""source_id"":""src-de-bwl-final-archive"",""source_url"":""https://www.bundeswahlleiterin.de/dam/jcr/ce2d2b6a-f211-4355-8eea-355c98cd4e47/btw_kerg.zip"",""source_record_id"":""ac5d62cc9df7c681cb39baecb6602a8a766e43fea3000c50fb434225cc007ca8:btw2021-w_kerg.csv:337:161"",""retrieved_at"":""2026-10-01T23:21:39.584Z"",""raw_snapshot"":{""path"":""docs/political-data/raw/germany/2026-10-01T23-21-39-584Z_02e7077f9358c9ef/final-results.zip"",""sha256"":""02e7077f9358c9ef408741ee5d17123a43c28ea766b26a7ab338c08fcaeb7512""},""parser_version"":""germany-production-v1"",""parser_sha256"":""2a8eb3487f392ef83303e7fb9ff246e4c111a7e64a469a6aa9eb21461ae9b1a0"",""fields_covered"":[""second_votes"",""registered_label_native""],""published_or_derived"":""published"",""source_member"":""btw2021-w_kerg.csv"",""source_member_sha256"":""ac5d62cc9df7c681cb39baecb6602a8a766e43fea3000c50fb434225cc007ca8"",""source_column"":161},{""source_id"":""src-de-bwl-recognition-2021"",""source_url"":""https://www.bundeswahlleiterin.de/info/presse/mitteilungen/bundestagswahl-2021/17_21_beschluss-bverfg.html"",""source_record_id"":""src-de-bwl-recognition-2021:table:3:row:42"",""retrieved_at"":""2026-10-02T09:37:09.945Z"",""raw_snapshot"":{""path"":""docs/political-data/raw/germany/recognition_2021/recognition.html"",""sha256"":""ab1e12bc50286356002a51b764da3c87d573d4ee7285da6f88644eb59ed70b93""},""parser_version"":""germany-production-v1"",""parser_sha256"":""2a8eb3487f392ef83303e7fb9ff246e4c111a7e64a469a6aa9eb21461ae9b1a0"",""fields_covered"":[""canonical_party_id""],""published_or_derived"":""published"",""decision_basis"":""manual review of official same-election recognition/participation and result column"",""evidence_note"":""Official party recognition after constitutional-court decisions; not a durable legal-entity identifier""}]","{""decision_file"":""docs/political-data/germany_production_acceptance.json"",""reviewer"":""germany_source_review"",""reviewed_at"":""2026-10-02"",""scope"":""same_election_only_no_continuity""}"
"src-de-bwl-final-archive","ac5d62cc9df7c681cb39baecb6602a8a766e43fea3000c50fb434225cc007ca8:btw2021-w_kerg.csv:337:165","Südschleswigscher Wählerverband","germany","2021-09-26","2021-09-26","contestant","ct-de-0177",,"manual_review","confirmed_election_specific_record","requires_manual_review","false","Official result column to persisted election-specific contestant; no cross-election or legal-entity continuity decision.","[{""source_id"":""src-de-bwl-final-archive"",""source_url"":""https://www.bundeswahlleiterin.de/dam/jcr/ce2d2b6a-f211-4355-8eea-355c98cd4e47/btw_kerg.zip"",""source_record_id"":""ac5d62cc9df7c681cb39baecb6602a8a766e43fea3000c50fb434225cc007ca8:btw2021-w_kerg.csv:337:165"",""retrieved_at"":""2026-10-01T23:21:39.584Z"",""raw_snapshot"":{""path"":""docs/political-data/raw/germany/2026-10-01T23-21-39-584Z_02e7077f9358c9ef/final-results.zip"",""sha256"":""02e7077f9358c9ef408741ee5d17123a43c28ea766b26a7ab338c08fcaeb7512""},""parser_version"":""germany-production-v1"",""parser_sha256"":""2a8eb3487f392ef83303e7fb9ff246e4c111a7e64a469a6aa9eb21461ae9b1a0"",""fields_covered"":[""second_votes"",""registered_label_native""],""published_or_derived"":""published"",""source_member"":""btw2021-w_kerg.csv"",""source_member_sha256"":""ac5d62cc9df7c681cb39baecb6602a8a766e43fea3000c50fb434225cc007ca8"",""source_column"":165},{""source_id"":""src-de-bwl-recognition-2021"",""source_url"":""https://www.bundeswahlleiterin.de/info/presse/mitteilungen/bundestagswahl-2021/17_21_beschluss-bverfg.html"",""source_record_id"":""src-de-bwl-recognition-2021:table:3:row:11"",""retrieved_at"":""2026-10-02T09:37:09.945Z"",""raw_snapshot"":{""path"":""docs/political-data/raw/germany/recognition_2021/recognition.html"",""sha256"":""ab1e12bc50286356002a51b764da3c87d573d4ee7285da6f88644eb59ed70b93""},""parser_version"":""germany-production-v1"",""parser_sha256"":""2a8eb3487f392ef83303e7fb9ff246e4c111a7e64a469a6aa9eb21461ae9b1a0"",""fields_covered"":[""canonical_party_id""],""published_or_derived"":""published"",""decision_basis"":""manual review of official same-election recognition/participation and result column"",""evidence_note"":""Official party recognition after constitutional-court decisions; not a durable legal-entity identifier""}]","{""decision_file"":""docs/political-data/germany_production_acceptance.json"",""reviewer"":""germany_source_review"",""reviewed_at"":""2026-10-02"",""scope"":""same_election_only_no_continuity""}"
"src-de-bwl-final-archive","ac5d62cc9df7c681cb39baecb6602a8a766e43fea3000c50fb434225cc007ca8:btw2021-w_kerg.csv:337:169","Team Todenhöfer – Die Gerechtigkeitspartei","germany","2021-09-26","2021-09-26","contestant","ct-de-0178",,"manual_review","confirmed_election_specific_record","requires_manual_review","false","Official result column to persisted election-specific contestant; no cross-election or legal-entity continuity decision.","[{""source_id"":""src-de-bwl-final-archive"",""source_url"":""https://www.bundeswahlleiterin.de/dam/jcr/ce2d2b6a-f211-4355-8eea-355c98cd4e47/btw_kerg.zip"",""source_record_id"":""ac5d62cc9df7c681cb39baecb6602a8a766e43fea3000c50fb434225cc007ca8:btw2021-w_kerg.csv:337:169"",""retrieved_at"":""2026-10-01T23:21:39.584Z"",""raw_snapshot"":{""path"":""docs/political-data/raw/germany/2026-10-01T23-21-39-584Z_02e7077f9358c9ef/final-results.zip"",""sha256"":""02e7077f9358c9ef408741ee5d17123a43c28ea766b26a7ab338c08fcaeb7512""},""parser_version"":""germany-production-v1"",""parser_sha256"":""2a8eb3487f392ef83303e7fb9ff246e4c111a7e64a469a6aa9eb21461ae9b1a0"",""fields_covered"":[""second_votes"",""registered_label_native""],""published_or_derived"":""published"",""source_member"":""btw2021-w_kerg.csv"",""source_member_sha256"":""ac5d62cc9df7c681cb39baecb6602a8a766e43fea3000c50fb434225cc007ca8"",""source_column"":169},{""source_id"":""src-de-bwl-recognition-2021"",""source_url"":""https://www.bundeswahlleiterin.de/info/presse/mitteilungen/bundestagswahl-2021/17_21_beschluss-bverfg.html"",""source_record_id"":""src-de-bwl-recognition-2021:table:3:row:19"",""retrieved_at"":""2026-10-02T09:37:09.945Z"",""raw_snapshot"":{""path"":""docs/political-data/raw/germany/recognition_2021/recognition.html"",""sha256"":""ab1e12bc50286356002a51b764da3c87d573d4ee7285da6f88644eb59ed70b93""},""parser_version"":""germany-production-v1"",""parser_sha256"":""2a8eb3487f392ef83303e7fb9ff246e4c111a7e64a469a6aa9eb21461ae9b1a0"",""fields_covered"":[""canonical_party_id""],""published_or_derived"":""published"",""decision_basis"":""manual review of official same-election recognition/participation and result column"",""evidence_note"":""Official party recognition after constitutional-court decisions; not a durable legal-entity identifier""}]","{""decision_file"":""docs/political-data/germany_production_acceptance.json"",""reviewer"":""germany_source_review"",""reviewed_at"":""2026-10-02"",""scope"":""same_election_only_no_continuity""}"
"src-de-bwl-final-archive","ac5d62cc9df7c681cb39baecb6602a8a766e43fea3000c50fb434225cc007ca8:btw2021-w_kerg.csv:337:173","UNABHÄNGIGE für bürgernahe Demokratie","germany","2021-09-26","2021-09-26","contestant","ct-de-0179",,"manual_review","confirmed_election_specific_record","requires_manual_review","false","Official result column to persisted election-specific contestant; no cross-election or legal-entity continuity decision.","[{""source_id"":""src-de-bwl-final-archive"",""source_url"":""https://www.bundeswahlleiterin.de/dam/jcr/ce2d2b6a-f211-4355-8eea-355c98cd4e47/btw_kerg.zip"",""source_record_id"":""ac5d62cc9df7c681cb39baecb6602a8a766e43fea3000c50fb434225cc007ca8:btw2021-w_kerg.csv:337:173"",""retrieved_at"":""2026-10-01T23:21:39.584Z"",""raw_snapshot"":{""path"":""docs/political-data/raw/germany/2026-10-01T23-21-39-584Z_02e7077f9358c9ef/final-results.zip"",""sha256"":""02e7077f9358c9ef408741ee5d17123a43c28ea766b26a7ab338c08fcaeb7512""},""parser_version"":""germany-production-v1"",""parser_sha256"":""2a8eb3487f392ef83303e7fb9ff246e4c111a7e64a469a6aa9eb21461ae9b1a0"",""fields_covered"":[""second_votes"",""registered_label_native""],""published_or_derived"":""published"",""source_member"":""btw2021-w_kerg.csv"",""source_member_sha256"":""ac5d62cc9df7c681cb39baecb6602a8a766e43fea3000c50fb434225cc007ca8"",""source_column"":173},{""source_id"":""src-de-bwl-recognition-2021"",""source_url"":""https://www.bundeswahlleiterin.de/info/presse/mitteilungen/bundestagswahl-2021/17_21_beschluss-bverfg.html"",""source_record_id"":""src-de-bwl-recognition-2021:table:3:row:14"",""retrieved_at"":""2026-10-02T09:37:09.945Z"",""raw_snapshot"":{""path"":""docs/political-data/raw/germany/recognition_2021/recognition.html"",""sha256"":""ab1e12bc50286356002a51b764da3c87d573d4ee7285da6f88644eb59ed70b93""},""parser_version"":""germany-production-v1"",""parser_sha256"":""2a8eb3487f392ef83303e7fb9ff246e4c111a7e64a469a6aa9eb21461ae9b1a0"",""fields_covered"":[""canonical_party_id""],""published_or_derived"":""published"",""decision_basis"":""manual review of official same-election recognition/participation and result column"",""evidence_note"":""Official party recognition after constitutional-court decisions; not a durable legal-entity identifier""}]","{""decision_file"":""docs/political-data/germany_production_acceptance.json"",""reviewer"":""germany_source_review"",""reviewed_at"":""2026-10-02"",""scope"":""same_election_only_no_continuity""}"
"src-de-bwl-final-archive","ac5d62cc9df7c681cb39baecb6602a8a766e43fea3000c50fb434225cc007ca8:btw2021-w_kerg.csv:337:177","Volt Deutschland","germany","2021-09-26","2021-09-26","contestant","ct-de-0180",,"manual_review","confirmed_election_specific_record","requires_manual_review","false","Official result column to persisted election-specific contestant; no cross-election or legal-entity continuity decision.","[{""source_id"":""src-de-bwl-final-archive"",""source_url"":""https://www.bundeswahlleiterin.de/dam/jcr/ce2d2b6a-f211-4355-8eea-355c98cd4e47/btw_kerg.zip"",""source_record_id"":""ac5d62cc9df7c681cb39baecb6602a8a766e43fea3000c50fb434225cc007ca8:btw2021-w_kerg.csv:337:177"",""retrieved_at"":""2026-10-01T23:21:39.584Z"",""raw_snapshot"":{""path"":""docs/political-data/raw/germany/2026-10-01T23-21-39-584Z_02e7077f9358c9ef/final-results.zip"",""sha256"":""02e7077f9358c9ef408741ee5d17123a43c28ea766b26a7ab338c08fcaeb7512""},""parser_version"":""germany-production-v1"",""parser_sha256"":""2a8eb3487f392ef83303e7fb9ff246e4c111a7e64a469a6aa9eb21461ae9b1a0"",""fields_covered"":[""second_votes"",""registered_label_native""],""published_or_derived"":""published"",""source_member"":""btw2021-w_kerg.csv"",""source_member_sha256"":""ac5d62cc9df7c681cb39baecb6602a8a766e43fea3000c50fb434225cc007ca8"",""source_column"":177},{""source_id"":""src-de-bwl-recognition-2021"",""source_url"":""https://www.bundeswahlleiterin.de/info/presse/mitteilungen/bundestagswahl-2021/17_21_beschluss-bverfg.html"",""source_record_id"":""src-de-bwl-recognition-2021:table:3:row:17"",""retrieved_at"":""2026-10-02T09:37:09.945Z"",""raw_snapshot"":{""path"":""docs/political-data/raw/germany/recognition_2021/recognition.html"",""sha256"":""ab1e12bc50286356002a51b764da3c87d573d4ee7285da6f88644eb59ed70b93""},""parser_version"":""germany-production-v1"",""parser_sha256"":""2a8eb3487f392ef83303e7fb9ff246e4c111a7e64a469a6aa9eb21461ae9b1a0"",""fields_covered"":[""canonical_party_id""],""published_or_derived"":""published"",""decision_basis"":""manual review of official same-election recognition/participation and result column"",""evidence_note"":""Official party recognition after constitutional-court decisions; not a durable legal-entity identifier""}]","{""decision_file"":""docs/political-data/germany_production_acceptance.json"",""reviewer"":""germany_source_review"",""reviewed_at"":""2026-10-02"",""scope"":""same_election_only_no_continuity""}"
"src-de-bwl-final-archive","31ab27391d5753a6a972936d436092879f5c9cca11570272cd72e3e272d16731:btw2025_kerg.csv:340:22","Sozialdemokratische Partei Deutschlands","germany","2025-02-23","2025-02-23","contestant","ct-de-0181","pp-de-0001","manual_review","confirmed_election_specific_record","confirmed_2025_election_specific_relation","false","Official result column to persisted election-specific contestant; no cross-election or legal-entity continuity decision.","[{""source_id"":""src-de-bwl-final-archive"",""source_url"":""https://www.bundeswahlleiterin.de/dam/jcr/ce2d2b6a-f211-4355-8eea-355c98cd4e47/btw_kerg.zip"",""source_record_id"":""31ab27391d5753a6a972936d436092879f5c9cca11570272cd72e3e272d16731:btw2025_kerg.csv:340:22"",""retrieved_at"":""2026-10-01T23:21:39.584Z"",""raw_snapshot"":{""path"":""docs/political-data/raw/germany/2026-10-01T23-21-39-584Z_02e7077f9358c9ef/final-results.zip"",""sha256"":""02e7077f9358c9ef408741ee5d17123a43c28ea766b26a7ab338c08fcaeb7512""},""parser_version"":""germany-production-v1"",""parser_sha256"":""2a8eb3487f392ef83303e7fb9ff246e4c111a7e64a469a6aa9eb21461ae9b1a0"",""fields_covered"":[""second_votes"",""registered_label_native""],""published_or_derived"":""published"",""source_member"":""btw2025_kerg.csv"",""source_member_sha256"":""31ab27391d5753a6a972936d436092879f5c9cca11570272cd72e3e272d16731"",""source_column"":22},{""source_id"":""src-de-bwl-recognition-2025"",""source_url"":""https://www.bundeswahlleiterin.de/info/presse/mitteilungen/bundestagswahl-2025/06_25_ergebnisse_1bwa.html"",""source_record_id"":""src-de-bwl-recognition-2025:table:1:row:2"",""retrieved_at"":""2026-10-02T08:48:27.174Z"",""raw_snapshot"":{""path"":""docs/political-data/raw/germany/recognition_2025/recognition.html"",""sha256"":""776b492087425d7bd6dd134235d2f975faa454bb1a241d0216d473237fb9b525""},""parser_version"":""germany-production-v1"",""parser_sha256"":""2a8eb3487f392ef83303e7fb9ff246e4c111a7e64a469a6aa9eb21461ae9b1a0"",""fields_covered"":[""canonical_party_id""],""published_or_derived"":""published"",""decision_basis"":""manual review of official same-election recognition/participation and result column"",""evidence_note"":""Federal Electoral Committee announcement dated 2025-01-14; represented_party_section_18_4_1; source abbreviation SPD""}]","{""decision_file"":""docs/political-data/germany_production_acceptance.json"",""reviewer"":""germany_source_review"",""reviewed_at"":""2026-10-02"",""scope"":""same_election_only_no_continuity""}"
"src-de-bwl-final-archive","31ab27391d5753a6a972936d436092879f5c9cca11570272cd72e3e272d16731:btw2025_kerg.csv:340:26","Christlich Demokratische Union Deutschlands","germany","2025-02-23","2025-02-23","contestant","ct-de-0182","pp-de-0002","manual_review","confirmed_election_specific_record","confirmed_2025_election_specific_relation","false","Official result column to persisted election-specific contestant; no cross-election or legal-entity continuity decision.","[{""source_id"":""src-de-bwl-final-archive"",""source_url"":""https://www.bundeswahlleiterin.de/dam/jcr/ce2d2b6a-f211-4355-8eea-355c98cd4e47/btw_kerg.zip"",""source_record_id"":""31ab27391d5753a6a972936d436092879f5c9cca11570272cd72e3e272d16731:btw2025_kerg.csv:340:26"",""retrieved_at"":""2026-10-01T23:21:39.584Z"",""raw_snapshot"":{""path"":""docs/political-data/raw/germany/2026-10-01T23-21-39-584Z_02e7077f9358c9ef/final-results.zip"",""sha256"":""02e7077f9358c9ef408741ee5d17123a43c28ea766b26a7ab338c08fcaeb7512""},""parser_version"":""germany-production-v1"",""parser_sha256"":""2a8eb3487f392ef83303e7fb9ff246e4c111a7e64a469a6aa9eb21461ae9b1a0"",""fields_covered"":[""second_votes"",""registered_label_native""],""published_or_derived"":""published"",""source_member"":""btw2025_kerg.csv"",""source_member_sha256"":""31ab27391d5753a6a972936d436092879f5c9cca11570272cd72e3e272d16731"",""source_column"":26},{""source_id"":""src-de-bwl-recognition-2025"",""source_url"":""https://www.bundeswahlleiterin.de/info/presse/mitteilungen/bundestagswahl-2025/06_25_ergebnisse_1bwa.html"",""source_record_id"":""src-de-bwl-recognition-2025:table:1:row:3"",""retrieved_at"":""2026-10-02T08:48:27.174Z"",""raw_snapshot"":{""path"":""docs/political-data/raw/germany/recognition_2025/recognition.html"",""sha256"":""776b492087425d7bd6dd134235d2f975faa454bb1a241d0216d473237fb9b525""},""parser_version"":""germany-production-v1"",""parser_sha256"":""2a8eb3487f392ef83303e7fb9ff246e4c111a7e64a469a6aa9eb21461ae9b1a0"",""fields_covered"":[""canonical_party_id""],""published_or_derived"":""published"",""decision_basis"":""manual review of official same-election recognition/participation and result column"",""evidence_note"":""Federal Electoral Committee announcement dated 2025-01-14; represented_party_section_18_4_1; source abbreviation CDU""}]","{""decision_file"":""docs/political-data/germany_production_acceptance.json"",""reviewer"":""germany_source_review"",""reviewed_at"":""2026-10-02"",""scope"":""same_election_only_no_continuity""}"
"src-de-bwl-final-archive","31ab27391d5753a6a972936d436092879f5c9cca11570272cd72e3e272d16731:btw2025_kerg.csv:340:30","BÜNDNIS 90/DIE GRÜNEN","germany","2025-02-23","2025-02-23","contestant","ct-de-0183","pp-de-0003","manual_review","confirmed_election_specific_record","confirmed_2025_election_specific_relation","false","Official result column to persisted election-specific contestant; no cross-election or legal-entity continuity decision.","[{""source_id"":""src-de-bwl-final-archive"",""source_url"":""https://www.bundeswahlleiterin.de/dam/jcr/ce2d2b6a-f211-4355-8eea-355c98cd4e47/btw_kerg.zip"",""source_record_id"":""31ab27391d5753a6a972936d436092879f5c9cca11570272cd72e3e272d16731:btw2025_kerg.csv:340:30"",""retrieved_at"":""2026-10-01T23:21:39.584Z"",""raw_snapshot"":{""path"":""docs/political-data/raw/germany/2026-10-01T23-21-39-584Z_02e7077f9358c9ef/final-results.zip"",""sha256"":""02e7077f9358c9ef408741ee5d17123a43c28ea766b26a7ab338c08fcaeb7512""},""parser_version"":""germany-production-v1"",""parser_sha256"":""2a8eb3487f392ef83303e7fb9ff246e4c111a7e64a469a6aa9eb21461ae9b1a0"",""fields_covered"":[""second_votes"",""registered_label_native""],""published_or_derived"":""published"",""source_member"":""btw2025_kerg.csv"",""source_member_sha256"":""31ab27391d5753a6a972936d436092879f5c9cca11570272cd72e3e272d16731"",""source_column"":30},{""source_id"":""src-de-bwl-recognition-2025"",""source_url"":""https://www.bundeswahlleiterin.de/info/presse/mitteilungen/bundestagswahl-2025/06_25_ergebnisse_1bwa.html"",""source_record_id"":""src-de-bwl-recognition-2025:table:1:row:4"",""retrieved_at"":""2026-10-02T08:48:27.174Z"",""raw_snapshot"":{""path"":""docs/political-data/raw/germany/recognition_2025/recognition.html"",""sha256"":""776b492087425d7bd6dd134235d2f975faa454bb1a241d0216d473237fb9b525""},""parser_version"":""germany-production-v1"",""parser_sha256"":""2a8eb3487f392ef83303e7fb9ff246e4c111a7e64a469a6aa9eb21461ae9b1a0"",""fields_covered"":[""canonical_party_id""],""published_or_derived"":""published"",""decision_basis"":""manual review of official same-election recognition/participation and result column"",""evidence_note"":""Federal Electoral Committee announcement dated 2025-01-14; represented_party_section_18_4_1; source abbreviation GRÜNE""}]","{""decision_file"":""docs/political-data/germany_production_acceptance.json"",""reviewer"":""germany_source_review"",""reviewed_at"":""2026-10-02"",""scope"":""same_election_only_no_continuity""}"
"src-de-bwl-final-archive","31ab27391d5753a6a972936d436092879f5c9cca11570272cd72e3e272d16731:btw2025_kerg.csv:340:34","Freie Demokratische Partei","germany","2025-02-23","2025-02-23","contestant","ct-de-0184","pp-de-0004","manual_review","confirmed_election_specific_record","confirmed_2025_election_specific_relation","false","Official result column to persisted election-specific contestant; no cross-election or legal-entity continuity decision.","[{""source_id"":""src-de-bwl-final-archive"",""source_url"":""https://www.bundeswahlleiterin.de/dam/jcr/ce2d2b6a-f211-4355-8eea-355c98cd4e47/btw_kerg.zip"",""source_record_id"":""31ab27391d5753a6a972936d436092879f5c9cca11570272cd72e3e272d16731:btw2025_kerg.csv:340:34"",""retrieved_at"":""2026-10-01T23:21:39.584Z"",""raw_snapshot"":{""path"":""docs/political-data/raw/germany/2026-10-01T23-21-39-584Z_02e7077f9358c9ef/final-results.zip"",""sha256"":""02e7077f9358c9ef408741ee5d17123a43c28ea766b26a7ab338c08fcaeb7512""},""parser_version"":""germany-production-v1"",""parser_sha256"":""2a8eb3487f392ef83303e7fb9ff246e4c111a7e64a469a6aa9eb21461ae9b1a0"",""fields_covered"":[""second_votes"",""registered_label_native""],""published_or_derived"":""published"",""source_member"":""btw2025_kerg.csv"",""source_member_sha256"":""31ab27391d5753a6a972936d436092879f5c9cca11570272cd72e3e272d16731"",""source_column"":34},{""source_id"":""src-de-bwl-recognition-2025"",""source_url"":""https://www.bundeswahlleiterin.de/info/presse/mitteilungen/bundestagswahl-2025/06_25_ergebnisse_1bwa.html"",""source_record_id"":""src-de-bwl-recognition-2025:table:1:row:5"",""retrieved_at"":""2026-10-02T08:48:27.174Z"",""raw_snapshot"":{""path"":""docs/political-data/raw/germany/recognition_2025/recognition.html"",""sha256"":""776b492087425d7bd6dd134235d2f975faa454bb1a241d0216d473237fb9b525""},""parser_version"":""germany-production-v1"",""parser_sha256"":""2a8eb3487f392ef83303e7fb9ff246e4c111a7e64a469a6aa9eb21461ae9b1a0"",""fields_covered"":[""canonical_party_id""],""published_or_derived"":""published"",""decision_basis"":""manual review of official same-election recognition/participation and result column"",""evidence_note"":""Federal Electoral Committee announcement dated 2025-01-14; represented_party_section_18_4_1; source abbreviation FDP""}]","{""decision_file"":""docs/political-data/germany_production_acceptance.json"",""reviewer"":""germany_source_review"",""reviewed_at"":""2026-10-02"",""scope"":""same_election_only_no_continuity""}"
"src-de-bwl-final-archive","31ab27391d5753a6a972936d436092879f5c9cca11570272cd72e3e272d16731:btw2025_kerg.csv:340:38","Alternative für Deutschland","germany","2025-02-23","2025-02-23","contestant","ct-de-0185","pp-de-0005","manual_review","confirmed_election_specific_record","confirmed_2025_election_specific_relation","false","Official result column to persisted election-specific contestant; no cross-election or legal-entity continuity decision.","[{""source_id"":""src-de-bwl-final-archive"",""source_url"":""https://www.bundeswahlleiterin.de/dam/jcr/ce2d2b6a-f211-4355-8eea-355c98cd4e47/btw_kerg.zip"",""source_record_id"":""31ab27391d5753a6a972936d436092879f5c9cca11570272cd72e3e272d16731:btw2025_kerg.csv:340:38"",""retrieved_at"":""2026-10-01T23:21:39.584Z"",""raw_snapshot"":{""path"":""docs/political-data/raw/germany/2026-10-01T23-21-39-584Z_02e7077f9358c9ef/final-results.zip"",""sha256"":""02e7077f9358c9ef408741ee5d17123a43c28ea766b26a7ab338c08fcaeb7512""},""parser_version"":""germany-production-v1"",""parser_sha256"":""2a8eb3487f392ef83303e7fb9ff246e4c111a7e64a469a6aa9eb21461ae9b1a0"",""fields_covered"":[""second_votes"",""registered_label_native""],""published_or_derived"":""published"",""source_member"":""btw2025_kerg.csv"",""source_member_sha256"":""31ab27391d5753a6a972936d436092879f5c9cca11570272cd72e3e272d16731"",""source_column"":38},{""source_id"":""src-de-bwl-recognition-2025"",""source_url"":""https://www.bundeswahlleiterin.de/info/presse/mitteilungen/bundestagswahl-2025/06_25_ergebnisse_1bwa.html"",""source_record_id"":""src-de-bwl-recognition-2025:table:1:row:6"",""retrieved_at"":""2026-10-02T08:48:27.174Z"",""raw_snapshot"":{""path"":""docs/political-data/raw/germany/recognition_2025/recognition.html"",""sha256"":""776b492087425d7bd6dd134235d2f975faa454bb1a241d0216d473237fb9b525""},""parser_version"":""germany-production-v1"",""parser_sha256"":""2a8eb3487f392ef83303e7fb9ff246e4c111a7e64a469a6aa9eb21461ae9b1a0"",""fields_covered"":[""canonical_party_id""],""published_or_derived"":""published"",""decision_basis"":""manual review of official same-election recognition/participation and result column"",""evidence_note"":""Federal Electoral Committee announcement dated 2025-01-14; represented_party_section_18_4_1; source abbreviation AfD""}]","{""decision_file"":""docs/political-data/germany_production_acceptance.json"",""reviewer"":""germany_source_review"",""reviewed_at"":""2026-10-02"",""scope"":""same_election_only_no_continuity""}"
"src-de-bwl-final-archive","31ab27391d5753a6a972936d436092879f5c9cca11570272cd72e3e272d16731:btw2025_kerg.csv:340:42","Christlich-Soziale Union in Bayern e.V.","germany","2025-02-23","2025-02-23","contestant","ct-de-0186","pp-de-0006","manual_review","confirmed_election_specific_record","confirmed_2025_election_specific_relation","false","Official result column to persisted election-specific contestant; no cross-election or legal-entity continuity decision.","[{""source_id"":""src-de-bwl-final-archive"",""source_url"":""https://www.bundeswahlleiterin.de/dam/jcr/ce2d2b6a-f211-4355-8eea-355c98cd4e47/btw_kerg.zip"",""source_record_id"":""31ab27391d5753a6a972936d436092879f5c9cca11570272cd72e3e272d16731:btw2025_kerg.csv:340:42"",""retrieved_at"":""2026-10-01T23:21:39.584Z"",""raw_snapshot"":{""path"":""docs/political-data/raw/germany/2026-10-01T23-21-39-584Z_02e7077f9358c9ef/final-results.zip"",""sha256"":""02e7077f9358c9ef408741ee5d17123a43c28ea766b26a7ab338c08fcaeb7512""},""parser_version"":""germany-production-v1"",""parser_sha256"":""2a8eb3487f392ef83303e7fb9ff246e4c111a7e64a469a6aa9eb21461ae9b1a0"",""fields_covered"":[""second_votes"",""registered_label_native""],""published_or_derived"":""published"",""source_member"":""btw2025_kerg.csv"",""source_member_sha256"":""31ab27391d5753a6a972936d436092879f5c9cca11570272cd72e3e272d16731"",""source_column"":42},{""source_id"":""src-de-bwl-recognition-2025"",""source_url"":""https://www.bundeswahlleiterin.de/info/presse/mitteilungen/bundestagswahl-2025/06_25_ergebnisse_1bwa.html"",""source_record_id"":""src-de-bwl-recognition-2025:table:1:row:7"",""retrieved_at"":""2026-10-02T08:48:27.174Z"",""raw_snapshot"":{""path"":""docs/political-data/raw/germany/recognition_2025/recognition.html"",""sha256"":""776b492087425d7bd6dd134235d2f975faa454bb1a241d0216d473237fb9b525""},""parser_version"":""germany-production-v1"",""parser_sha256"":""2a8eb3487f392ef83303e7fb9ff246e4c111a7e64a469a6aa9eb21461ae9b1a0"",""fields_covered"":[""canonical_party_id""],""published_or_derived"":""published"",""decision_basis"":""manual review of official same-election recognition/participation and result column"",""evidence_note"":""Federal Electoral Committee announcement dated 2025-01-14; represented_party_section_18_4_1; source abbreviation CSU""}]","{""decision_file"":""docs/political-data/germany_production_acceptance.json"",""reviewer"":""germany_source_review"",""reviewed_at"":""2026-10-02"",""scope"":""same_election_only_no_continuity""}"
"src-de-bwl-final-archive","31ab27391d5753a6a972936d436092879f5c9cca11570272cd72e3e272d16731:btw2025_kerg.csv:340:46","Die Linke","germany","2025-02-23","2025-02-23","contestant","ct-de-0187","pp-de-0007","manual_review","confirmed_election_specific_record","confirmed_2025_election_specific_relation","false","Official result column to persisted election-specific contestant; no cross-election or legal-entity continuity decision.","[{""source_id"":""src-de-bwl-final-archive"",""source_url"":""https://www.bundeswahlleiterin.de/dam/jcr/ce2d2b6a-f211-4355-8eea-355c98cd4e47/btw_kerg.zip"",""source_record_id"":""31ab27391d5753a6a972936d436092879f5c9cca11570272cd72e3e272d16731:btw2025_kerg.csv:340:46"",""retrieved_at"":""2026-10-01T23:21:39.584Z"",""raw_snapshot"":{""path"":""docs/political-data/raw/germany/2026-10-01T23-21-39-584Z_02e7077f9358c9ef/final-results.zip"",""sha256"":""02e7077f9358c9ef408741ee5d17123a43c28ea766b26a7ab338c08fcaeb7512""},""parser_version"":""germany-production-v1"",""parser_sha256"":""2a8eb3487f392ef83303e7fb9ff246e4c111a7e64a469a6aa9eb21461ae9b1a0"",""fields_covered"":[""second_votes"",""registered_label_native""],""published_or_derived"":""published"",""source_member"":""btw2025_kerg.csv"",""source_member_sha256"":""31ab27391d5753a6a972936d436092879f5c9cca11570272cd72e3e272d16731"",""source_column"":46},{""source_id"":""src-de-bwl-recognition-2025"",""source_url"":""https://www.bundeswahlleiterin.de/info/presse/mitteilungen/bundestagswahl-2025/06_25_ergebnisse_1bwa.html"",""source_record_id"":""src-de-bwl-recognition-2025:table:1:row:8"",""retrieved_at"":""2026-10-02T08:48:27.174Z"",""raw_snapshot"":{""path"":""docs/political-data/raw/germany/recognition_2025/recognition.html"",""sha256"":""776b492087425d7bd6dd134235d2f975faa454bb1a241d0216d473237fb9b525""},""parser_version"":""germany-production-v1"",""parser_sha256"":""2a8eb3487f392ef83303e7fb9ff246e4c111a7e64a469a6aa9eb21461ae9b1a0"",""fields_covered"":[""canonical_party_id""],""published_or_derived"":""published"",""decision_basis"":""manual review of official same-election recognition/participation and result column"",""evidence_note"":""Federal Electoral Committee announcement dated 2025-01-14; represented_party_section_18_4_1; source abbreviation Die Linke""}]","{""decision_file"":""docs/political-data/germany_production_acceptance.json"",""reviewer"":""germany_source_review"",""reviewed_at"":""2026-10-02"",""scope"":""same_election_only_no_continuity""}"
"src-de-bwl-final-archive","31ab27391d5753a6a972936d436092879f5c9cca11570272cd72e3e272d16731:btw2025_kerg.csv:340:50","FREIE WÄHLER","germany","2025-02-23","2025-02-23","contestant","ct-de-0188","pp-de-0008","manual_review","confirmed_election_specific_record","confirmed_2025_election_specific_relation","false","Official result column to persisted election-specific contestant; no cross-election or legal-entity continuity decision.","[{""source_id"":""src-de-bwl-final-archive"",""source_url"":""https://www.bundeswahlleiterin.de/dam/jcr/ce2d2b6a-f211-4355-8eea-355c98cd4e47/btw_kerg.zip"",""source_record_id"":""31ab27391d5753a6a972936d436092879f5c9cca11570272cd72e3e272d16731:btw2025_kerg.csv:340:50"",""retrieved_at"":""2026-10-01T23:21:39.584Z"",""raw_snapshot"":{""path"":""docs/political-data/raw/germany/2026-10-01T23-21-39-584Z_02e7077f9358c9ef/final-results.zip"",""sha256"":""02e7077f9358c9ef408741ee5d17123a43c28ea766b26a7ab338c08fcaeb7512""},""parser_version"":""germany-production-v1"",""parser_sha256"":""2a8eb3487f392ef83303e7fb9ff246e4c111a7e64a469a6aa9eb21461ae9b1a0"",""fields_covered"":[""second_votes"",""registered_label_native""],""published_or_derived"":""published"",""source_member"":""btw2025_kerg.csv"",""source_member_sha256"":""31ab27391d5753a6a972936d436092879f5c9cca11570272cd72e3e272d16731"",""source_column"":50},{""source_id"":""src-de-bwl-recognition-2025"",""source_url"":""https://www.bundeswahlleiterin.de/info/presse/mitteilungen/bundestagswahl-2025/06_25_ergebnisse_1bwa.html"",""source_record_id"":""src-de-bwl-recognition-2025:table:2:row:4"",""retrieved_at"":""2026-10-02T08:48:27.174Z"",""raw_snapshot"":{""path"":""docs/political-data/raw/germany/recognition_2025/recognition.html"",""sha256"":""776b492087425d7bd6dd134235d2f975faa454bb1a241d0216d473237fb9b525""},""parser_version"":""germany-production-v1"",""parser_sha256"":""2a8eb3487f392ef83303e7fb9ff246e4c111a7e64a469a6aa9eb21461ae9b1a0"",""fields_covered"":[""canonical_party_id""],""published_or_derived"":""published"",""decision_basis"":""manual review of official same-election recognition/participation and result column"",""evidence_note"":""Federal Electoral Committee announcement dated 2025-01-14; represented_party_section_18_4_1; source abbreviation FREIE WÄHLER""}]","{""decision_file"":""docs/political-data/germany_production_acceptance.json"",""reviewer"":""germany_source_review"",""reviewed_at"":""2026-10-02"",""scope"":""same_election_only_no_continuity""}"
"src-de-bwl-final-archive","31ab27391d5753a6a972936d436092879f5c9cca11570272cd72e3e272d16731:btw2025_kerg.csv:340:54","PARTEI MENSCH UMWELT TIERSCHUTZ","germany","2025-02-23","2025-02-23","contestant","ct-de-0189","pp-de-0009","manual_review","confirmed_election_specific_record","confirmed_2025_election_specific_relation","false","Official result column to persisted election-specific contestant; no cross-election or legal-entity continuity decision.","[{""source_id"":""src-de-bwl-final-archive"",""source_url"":""https://www.bundeswahlleiterin.de/dam/jcr/ce2d2b6a-f211-4355-8eea-355c98cd4e47/btw_kerg.zip"",""source_record_id"":""31ab27391d5753a6a972936d436092879f5c9cca11570272cd72e3e272d16731:btw2025_kerg.csv:340:54"",""retrieved_at"":""2026-10-01T23:21:39.584Z"",""raw_snapshot"":{""path"":""docs/political-data/raw/germany/2026-10-01T23-21-39-584Z_02e7077f9358c9ef/final-results.zip"",""sha256"":""02e7077f9358c9ef408741ee5d17123a43c28ea766b26a7ab338c08fcaeb7512""},""parser_version"":""germany-production-v1"",""parser_sha256"":""2a8eb3487f392ef83303e7fb9ff246e4c111a7e64a469a6aa9eb21461ae9b1a0"",""fields_covered"":[""second_votes"",""registered_label_native""],""published_or_derived"":""published"",""source_member"":""btw2025_kerg.csv"",""source_member_sha256"":""31ab27391d5753a6a972936d436092879f5c9cca11570272cd72e3e272d16731"",""source_column"":54},{""source_id"":""src-de-bwl-recognition-2025"",""source_url"":""https://www.bundeswahlleiterin.de/info/presse/mitteilungen/bundestagswahl-2025/06_25_ergebnisse_1bwa.html"",""source_record_id"":""src-de-bwl-recognition-2025:table:3:row:14"",""retrieved_at"":""2026-10-02T08:48:27.174Z"",""raw_snapshot"":{""path"":""docs/political-data/raw/germany/recognition_2025/recognition.html"",""sha256"":""776b492087425d7bd6dd134235d2f975faa454bb1a241d0216d473237fb9b525""},""parser_version"":""germany-production-v1"",""parser_sha256"":""2a8eb3487f392ef83303e7fb9ff246e4c111a7e64a469a6aa9eb21461ae9b1a0"",""fields_covered"":[""canonical_party_id""],""published_or_derived"":""published"",""decision_basis"":""manual review of official same-election recognition/participation and result column"",""evidence_note"":""Federal Electoral Committee announcement dated 2025-01-14; recognised_party_section_18_4_2; source abbreviation Tierschutzpartei""}]","{""decision_file"":""docs/political-data/germany_production_acceptance.json"",""reviewer"":""germany_source_review"",""reviewed_at"":""2026-10-02"",""scope"":""same_election_only_no_continuity""}"
"src-de-bwl-final-archive","31ab27391d5753a6a972936d436092879f5c9cca11570272cd72e3e272d16731:btw2025_kerg.csv:340:58","Basisdemokratische Partei Deutschland","germany","2025-02-23","2025-02-23","contestant","ct-de-0190","pp-de-0010","manual_review","confirmed_election_specific_record","confirmed_2025_election_specific_relation","false","Official result column to persisted election-specific contestant; no cross-election or legal-entity continuity decision.","[{""source_id"":""src-de-bwl-final-archive"",""source_url"":""https://www.bundeswahlleiterin.de/dam/jcr/ce2d2b6a-f211-4355-8eea-355c98cd4e47/btw_kerg.zip"",""source_record_id"":""31ab27391d5753a6a972936d436092879f5c9cca11570272cd72e3e272d16731:btw2025_kerg.csv:340:58"",""retrieved_at"":""2026-10-01T23:21:39.584Z"",""raw_snapshot"":{""path"":""docs/political-data/raw/germany/2026-10-01T23-21-39-584Z_02e7077f9358c9ef/final-results.zip"",""sha256"":""02e7077f9358c9ef408741ee5d17123a43c28ea766b26a7ab338c08fcaeb7512""},""parser_version"":""germany-production-v1"",""parser_sha256"":""2a8eb3487f392ef83303e7fb9ff246e4c111a7e64a469a6aa9eb21461ae9b1a0"",""fields_covered"":[""second_votes"",""registered_label_native""],""published_or_derived"":""published"",""source_member"":""btw2025_kerg.csv"",""source_member_sha256"":""31ab27391d5753a6a972936d436092879f5c9cca11570272cd72e3e272d16731"",""source_column"":58},{""source_id"":""src-de-bwl-recognition-2025"",""source_url"":""https://www.bundeswahlleiterin.de/info/presse/mitteilungen/bundestagswahl-2025/06_25_ergebnisse_1bwa.html"",""source_record_id"":""src-de-bwl-recognition-2025:table:3:row:7"",""retrieved_at"":""2026-10-02T08:48:27.174Z"",""raw_snapshot"":{""path"":""docs/political-data/raw/germany/recognition_2025/recognition.html"",""sha256"":""776b492087425d7bd6dd134235d2f975faa454bb1a241d0216d473237fb9b525""},""parser_version"":""germany-production-v1"",""parser_sha256"":""2a8eb3487f392ef83303e7fb9ff246e4c111a7e64a469a6aa9eb21461ae9b1a0"",""fields_covered"":[""canonical_party_id""],""published_or_derived"":""published"",""decision_basis"":""manual review of official same-election recognition/participation and result column"",""evidence_note"":""Federal Electoral Committee announcement dated 2025-01-14; recognised_party_section_18_4_2; source abbreviation dieBasis""}]","{""decision_file"":""docs/political-data/germany_production_acceptance.json"",""reviewer"":""germany_source_review"",""reviewed_at"":""2026-10-02"",""scope"":""same_election_only_no_continuity""}"
"src-de-bwl-final-archive","31ab27391d5753a6a972936d436092879f5c9cca11570272cd72e3e272d16731:btw2025_kerg.csv:340:62","Partei für Arbeit, Rechtsstaat, Tierschutz, Elitenförderung und basisdemokratische Initiative","germany","2025-02-23","2025-02-23","contestant","ct-de-0191","pp-de-0011","manual_review","confirmed_election_specific_record","confirmed_2025_election_specific_relation","false","Official result column to persisted election-specific contestant; no cross-election or legal-entity continuity decision.","[{""source_id"":""src-de-bwl-final-archive"",""source_url"":""https://www.bundeswahlleiterin.de/dam/jcr/ce2d2b6a-f211-4355-8eea-355c98cd4e47/btw_kerg.zip"",""source_record_id"":""31ab27391d5753a6a972936d436092879f5c9cca11570272cd72e3e272d16731:btw2025_kerg.csv:340:62"",""retrieved_at"":""2026-10-01T23:21:39.584Z"",""raw_snapshot"":{""path"":""docs/political-data/raw/germany/2026-10-01T23-21-39-584Z_02e7077f9358c9ef/final-results.zip"",""sha256"":""02e7077f9358c9ef408741ee5d17123a43c28ea766b26a7ab338c08fcaeb7512""},""parser_version"":""germany-production-v1"",""parser_sha256"":""2a8eb3487f392ef83303e7fb9ff246e4c111a7e64a469a6aa9eb21461ae9b1a0"",""fields_covered"":[""second_votes"",""registered_label_native""],""published_or_derived"":""published"",""source_member"":""btw2025_kerg.csv"",""source_member_sha256"":""31ab27391d5753a6a972936d436092879f5c9cca11570272cd72e3e272d16731"",""source_column"":62},{""source_id"":""src-de-bwl-recognition-2025"",""source_url"":""https://www.bundeswahlleiterin.de/info/presse/mitteilungen/bundestagswahl-2025/06_25_ergebnisse_1bwa.html"",""source_record_id"":""src-de-bwl-recognition-2025:table:3:row:12"",""retrieved_at"":""2026-10-02T08:48:27.174Z"",""raw_snapshot"":{""path"":""docs/political-data/raw/germany/recognition_2025/recognition.html"",""sha256"":""776b492087425d7bd6dd134235d2f975faa454bb1a241d0216d473237fb9b525""},""parser_version"":""germany-production-v1"",""parser_sha256"":""2a8eb3487f392ef83303e7fb9ff246e4c111a7e64a469a6aa9eb21461ae9b1a0"",""fields_covered"":[""canonical_party_id""],""published_or_derived"":""published"",""decision_basis"":""manual review of official same-election recognition/participation and result column"",""evidence_note"":""Federal Electoral Committee announcement dated 2025-01-14; recognised_party_section_18_4_2; source abbreviation Die PARTEI""}]","{""decision_file"":""docs/political-data/germany_production_acceptance.json"",""reviewer"":""germany_source_review"",""reviewed_at"":""2026-10-02"",""scope"":""same_election_only_no_continuity""}"
"src-de-bwl-final-archive","31ab27391d5753a6a972936d436092879f5c9cca11570272cd72e3e272d16731:btw2025_kerg.csv:340:66","Die Gerechtigkeitspartei – Team Todenhöfer","germany","2025-02-23","2025-02-23","contestant","ct-de-0192","pp-de-0012","manual_review","confirmed_election_specific_record","confirmed_2025_election_specific_relation","false","Official result column to persisted election-specific contestant; no cross-election or legal-entity continuity decision.","[{""source_id"":""src-de-bwl-final-archive"",""source_url"":""https://www.bundeswahlleiterin.de/dam/jcr/ce2d2b6a-f211-4355-8eea-355c98cd4e47/btw_kerg.zip"",""source_record_id"":""31ab27391d5753a6a972936d436092879f5c9cca11570272cd72e3e272d16731:btw2025_kerg.csv:340:66"",""retrieved_at"":""2026-10-01T23:21:39.584Z"",""raw_snapshot"":{""path"":""docs/political-data/raw/germany/2026-10-01T23-21-39-584Z_02e7077f9358c9ef/final-results.zip"",""sha256"":""02e7077f9358c9ef408741ee5d17123a43c28ea766b26a7ab338c08fcaeb7512""},""parser_version"":""germany-production-v1"",""parser_sha256"":""2a8eb3487f392ef83303e7fb9ff246e4c111a7e64a469a6aa9eb21461ae9b1a0"",""fields_covered"":[""second_votes"",""registered_label_native""],""published_or_derived"":""published"",""source_member"":""btw2025_kerg.csv"",""source_member_sha256"":""31ab27391d5753a6a972936d436092879f5c9cca11570272cd72e3e272d16731"",""source_column"":66},{""source_id"":""src-de-bwl-recognition-2025"",""source_url"":""https://www.bundeswahlleiterin.de/info/presse/mitteilungen/bundestagswahl-2025/06_25_ergebnisse_1bwa.html"",""source_record_id"":""src-de-bwl-recognition-2025:table:3:row:8"",""retrieved_at"":""2026-10-02T08:48:27.174Z"",""raw_snapshot"":{""path"":""docs/political-data/raw/germany/recognition_2025/recognition.html"",""sha256"":""776b492087425d7bd6dd134235d2f975faa454bb1a241d0216d473237fb9b525""},""parser_version"":""germany-production-v1"",""parser_sha256"":""2a8eb3487f392ef83303e7fb9ff246e4c111a7e64a469a6aa9eb21461ae9b1a0"",""fields_covered"":[""canonical_party_id""],""published_or_derived"":""published"",""decision_basis"":""manual review of official same-election recognition/participation and result column"",""evidence_note"":""Federal Electoral Committee announcement dated 2025-01-14; recognised_party_section_18_4_2; source abbreviation –""}]","{""decision_file"":""docs/political-data/germany_production_acceptance.json"",""reviewer"":""germany_source_review"",""reviewed_at"":""2026-10-02"",""scope"":""same_election_only_no_continuity""}"
"src-de-bwl-final-archive","31ab27391d5753a6a972936d436092879f5c9cca11570272cd72e3e272d16731:btw2025_kerg.csv:340:70","Piratenpartei Deutschland","germany","2025-02-23","2025-02-23","contestant","ct-de-0193","pp-de-0013","manual_review","confirmed_election_specific_record","confirmed_2025_election_specific_relation","false","Official result column to persisted election-specific contestant; no cross-election or legal-entity continuity decision.","[{""source_id"":""src-de-bwl-final-archive"",""source_url"":""https://www.bundeswahlleiterin.de/dam/jcr/ce2d2b6a-f211-4355-8eea-355c98cd4e47/btw_kerg.zip"",""source_record_id"":""31ab27391d5753a6a972936d436092879f5c9cca11570272cd72e3e272d16731:btw2025_kerg.csv:340:70"",""retrieved_at"":""2026-10-01T23:21:39.584Z"",""raw_snapshot"":{""path"":""docs/political-data/raw/germany/2026-10-01T23-21-39-584Z_02e7077f9358c9ef/final-results.zip"",""sha256"":""02e7077f9358c9ef408741ee5d17123a43c28ea766b26a7ab338c08fcaeb7512""},""parser_version"":""germany-production-v1"",""parser_sha256"":""2a8eb3487f392ef83303e7fb9ff246e4c111a7e64a469a6aa9eb21461ae9b1a0"",""fields_covered"":[""second_votes"",""registered_label_native""],""published_or_derived"":""published"",""source_member"":""btw2025_kerg.csv"",""source_member_sha256"":""31ab27391d5753a6a972936d436092879f5c9cca11570272cd72e3e272d16731"",""source_column"":70},{""source_id"":""src-de-bwl-recognition-2025"",""source_url"":""https://www.bundeswahlleiterin.de/info/presse/mitteilungen/bundestagswahl-2025/06_25_ergebnisse_1bwa.html"",""source_record_id"":""src-de-bwl-recognition-2025:table:3:row:32"",""retrieved_at"":""2026-10-02T08:48:27.174Z"",""raw_snapshot"":{""path"":""docs/political-data/raw/germany/recognition_2025/recognition.html"",""sha256"":""776b492087425d7bd6dd134235d2f975faa454bb1a241d0216d473237fb9b525""},""parser_version"":""germany-production-v1"",""parser_sha256"":""2a8eb3487f392ef83303e7fb9ff246e4c111a7e64a469a6aa9eb21461ae9b1a0"",""fields_covered"":[""canonical_party_id""],""published_or_derived"":""published"",""decision_basis"":""manual review of official same-election recognition/participation and result column"",""evidence_note"":""Federal Electoral Committee announcement dated 2025-01-14; recognised_party_section_18_4_2; source abbreviation PIRATEN""}]","{""decision_file"":""docs/political-data/germany_production_acceptance.json"",""reviewer"":""germany_source_review"",""reviewed_at"":""2026-10-02"",""scope"":""same_election_only_no_continuity""}"
"src-de-bwl-final-archive","31ab27391d5753a6a972936d436092879f5c9cca11570272cd72e3e272d16731:btw2025_kerg.csv:340:74","Volt Deutschland","germany","2025-02-23","2025-02-23","contestant","ct-de-0194","pp-de-0014","manual_review","confirmed_election_specific_record","confirmed_2025_election_specific_relation","false","Official result column to persisted election-specific contestant; no cross-election or legal-entity continuity decision.","[{""source_id"":""src-de-bwl-final-archive"",""source_url"":""https://www.bundeswahlleiterin.de/dam/jcr/ce2d2b6a-f211-4355-8eea-355c98cd4e47/btw_kerg.zip"",""source_record_id"":""31ab27391d5753a6a972936d436092879f5c9cca11570272cd72e3e272d16731:btw2025_kerg.csv:340:74"",""retrieved_at"":""2026-10-01T23:21:39.584Z"",""raw_snapshot"":{""path"":""docs/political-data/raw/germany/2026-10-01T23-21-39-584Z_02e7077f9358c9ef/final-results.zip"",""sha256"":""02e7077f9358c9ef408741ee5d17123a43c28ea766b26a7ab338c08fcaeb7512""},""parser_version"":""germany-production-v1"",""parser_sha256"":""2a8eb3487f392ef83303e7fb9ff246e4c111a7e64a469a6aa9eb21461ae9b1a0"",""fields_covered"":[""second_votes"",""registered_label_native""],""published_or_derived"":""published"",""source_member"":""btw2025_kerg.csv"",""source_member_sha256"":""31ab27391d5753a6a972936d436092879f5c9cca11570272cd72e3e272d16731"",""source_column"":74},{""source_id"":""src-de-bwl-recognition-2025"",""source_url"":""https://www.bundeswahlleiterin.de/info/presse/mitteilungen/bundestagswahl-2025/06_25_ergebnisse_1bwa.html"",""source_record_id"":""src-de-bwl-recognition-2025:table:3:row:22"",""retrieved_at"":""2026-10-02T08:48:27.174Z"",""raw_snapshot"":{""path"":""docs/political-data/raw/germany/recognition_2025/recognition.html"",""sha256"":""776b492087425d7bd6dd134235d2f975faa454bb1a241d0216d473237fb9b525""},""parser_version"":""germany-production-v1"",""parser_sha256"":""2a8eb3487f392ef83303e7fb9ff246e4c111a7e64a469a6aa9eb21461ae9b1a0"",""fields_covered"":[""canonical_party_id""],""published_or_derived"":""published"",""decision_basis"":""manual review of official same-election recognition/participation and result column"",""evidence_note"":""Federal Electoral Committee announcement dated 2025-01-14; recognised_party_section_18_4_2; source abbreviation Volt""}]","{""decision_file"":""docs/political-data/germany_production_acceptance.json"",""reviewer"":""germany_source_review"",""reviewed_at"":""2026-10-02"",""scope"":""same_election_only_no_continuity""}"
"src-de-bwl-final-archive","31ab27391d5753a6a972936d436092879f5c9cca11570272cd72e3e272d16731:btw2025_kerg.csv:340:78","Ökologisch-Demokratische Partei - Die Naturschutzpartei","germany","2025-02-23","2025-02-23","contestant","ct-de-0195","pp-de-0015","manual_review","confirmed_election_specific_record","confirmed_2025_election_specific_relation","false","Official result column to persisted election-specific contestant; no cross-election or legal-entity continuity decision.","[{""source_id"":""src-de-bwl-final-archive"",""source_url"":""https://www.bundeswahlleiterin.de/dam/jcr/ce2d2b6a-f211-4355-8eea-355c98cd4e47/btw_kerg.zip"",""source_record_id"":""31ab27391d5753a6a972936d436092879f5c9cca11570272cd72e3e272d16731:btw2025_kerg.csv:340:78"",""retrieved_at"":""2026-10-01T23:21:39.584Z"",""raw_snapshot"":{""path"":""docs/political-data/raw/germany/2026-10-01T23-21-39-584Z_02e7077f9358c9ef/final-results.zip"",""sha256"":""02e7077f9358c9ef408741ee5d17123a43c28ea766b26a7ab338c08fcaeb7512""},""parser_version"":""germany-production-v1"",""parser_sha256"":""2a8eb3487f392ef83303e7fb9ff246e4c111a7e64a469a6aa9eb21461ae9b1a0"",""fields_covered"":[""second_votes"",""registered_label_native""],""published_or_derived"":""published"",""source_member"":""btw2025_kerg.csv"",""source_member_sha256"":""31ab27391d5753a6a972936d436092879f5c9cca11570272cd72e3e272d16731"",""source_column"":78},{""source_id"":""src-de-bwl-recognition-2025"",""source_url"":""https://www.bundeswahlleiterin.de/info/presse/mitteilungen/bundestagswahl-2025/06_25_ergebnisse_1bwa.html"",""source_record_id"":""src-de-bwl-recognition-2025:table:3:row:18"",""retrieved_at"":""2026-10-02T08:48:27.174Z"",""raw_snapshot"":{""path"":""docs/political-data/raw/germany/recognition_2025/recognition.html"",""sha256"":""776b492087425d7bd6dd134235d2f975faa454bb1a241d0216d473237fb9b525""},""parser_version"":""germany-production-v1"",""parser_sha256"":""2a8eb3487f392ef83303e7fb9ff246e4c111a7e64a469a6aa9eb21461ae9b1a0"",""fields_covered"":[""canonical_party_id""],""published_or_derived"":""published"",""decision_basis"":""manual review of official same-election recognition/participation and result column"",""evidence_note"":""Federal Electoral Committee announcement dated 2025-01-14; recognised_party_section_18_4_2; source abbreviation ÖDP""}]","{""decision_file"":""docs/political-data/germany_production_acceptance.json"",""reviewer"":""germany_source_review"",""reviewed_at"":""2026-10-02"",""scope"":""same_election_only_no_continuity""}"
"src-de-bwl-final-archive","31ab27391d5753a6a972936d436092879f5c9cca11570272cd72e3e272d16731:btw2025_kerg.csv:340:82","Südschleswigscher Wählerverband","germany","2025-02-23","2025-02-23","contestant","ct-de-0196","pp-de-0016","manual_review","confirmed_election_specific_record","confirmed_2025_election_specific_relation","false","Official result column to persisted election-specific contestant; no cross-election or legal-entity continuity decision.","[{""source_id"":""src-de-bwl-final-archive"",""source_url"":""https://www.bundeswahlleiterin.de/dam/jcr/ce2d2b6a-f211-4355-8eea-355c98cd4e47/btw_kerg.zip"",""source_record_id"":""31ab27391d5753a6a972936d436092879f5c9cca11570272cd72e3e272d16731:btw2025_kerg.csv:340:82"",""retrieved_at"":""2026-10-01T23:21:39.584Z"",""raw_snapshot"":{""path"":""docs/political-data/raw/germany/2026-10-01T23-21-39-584Z_02e7077f9358c9ef/final-results.zip"",""sha256"":""02e7077f9358c9ef408741ee5d17123a43c28ea766b26a7ab338c08fcaeb7512""},""parser_version"":""germany-production-v1"",""parser_sha256"":""2a8eb3487f392ef83303e7fb9ff246e4c111a7e64a469a6aa9eb21461ae9b1a0"",""fields_covered"":[""second_votes"",""registered_label_native""],""published_or_derived"":""published"",""source_member"":""btw2025_kerg.csv"",""source_member_sha256"":""31ab27391d5753a6a972936d436092879f5c9cca11570272cd72e3e272d16731"",""source_column"":82},{""source_id"":""src-de-bwl-recognition-2025"",""source_url"":""https://www.bundeswahlleiterin.de/info/presse/mitteilungen/bundestagswahl-2025/06_25_ergebnisse_1bwa.html"",""source_record_id"":""src-de-bwl-recognition-2025:table:3:row:19"",""retrieved_at"":""2026-10-02T08:48:27.174Z"",""raw_snapshot"":{""path"":""docs/political-data/raw/germany/recognition_2025/recognition.html"",""sha256"":""776b492087425d7bd6dd134235d2f975faa454bb1a241d0216d473237fb9b525""},""parser_version"":""germany-production-v1"",""parser_sha256"":""2a8eb3487f392ef83303e7fb9ff246e4c111a7e64a469a6aa9eb21461ae9b1a0"",""fields_covered"":[""canonical_party_id""],""published_or_derived"":""published"",""decision_basis"":""manual review of official same-election recognition/participation and result column"",""evidence_note"":""Federal Electoral Committee announcement dated 2025-01-14; recognised_party_section_18_4_2; source abbreviation SSW""}]","{""decision_file"":""docs/political-data/germany_production_acceptance.json"",""reviewer"":""germany_source_review"",""reviewed_at"":""2026-10-02"",""scope"":""same_election_only_no_continuity""}"
"src-de-bwl-final-archive","31ab27391d5753a6a972936d436092879f5c9cca11570272cd72e3e272d16731:btw2025_kerg.csv:340:86","Partei für Verjüngungsforschung","germany","2025-02-23","2025-02-23","contestant","ct-de-0197","pp-de-0017","manual_review","confirmed_election_specific_record","confirmed_2025_election_specific_relation","false","Official result column to persisted election-specific contestant; no cross-election or legal-entity continuity decision.","[{""source_id"":""src-de-bwl-final-archive"",""source_url"":""https://www.bundeswahlleiterin.de/dam/jcr/ce2d2b6a-f211-4355-8eea-355c98cd4e47/btw_kerg.zip"",""source_record_id"":""31ab27391d5753a6a972936d436092879f5c9cca11570272cd72e3e272d16731:btw2025_kerg.csv:340:86"",""retrieved_at"":""2026-10-01T23:21:39.584Z"",""raw_snapshot"":{""path"":""docs/political-data/raw/germany/2026-10-01T23-21-39-584Z_02e7077f9358c9ef/final-results.zip"",""sha256"":""02e7077f9358c9ef408741ee5d17123a43c28ea766b26a7ab338c08fcaeb7512""},""parser_version"":""germany-production-v1"",""parser_sha256"":""2a8eb3487f392ef83303e7fb9ff246e4c111a7e64a469a6aa9eb21461ae9b1a0"",""fields_covered"":[""second_votes"",""registered_label_native""],""published_or_derived"":""published"",""source_member"":""btw2025_kerg.csv"",""source_member_sha256"":""31ab27391d5753a6a972936d436092879f5c9cca11570272cd72e3e272d16731"",""source_column"":86},{""source_id"":""src-de-bwl-recognition-2025"",""source_url"":""https://www.bundeswahlleiterin.de/info/presse/mitteilungen/bundestagswahl-2025/06_25_ergebnisse_1bwa.html"",""source_record_id"":""src-de-bwl-recognition-2025:table:3:row:26"",""retrieved_at"":""2026-10-02T08:48:27.174Z"",""raw_snapshot"":{""path"":""docs/political-data/raw/germany/recognition_2025/recognition.html"",""sha256"":""776b492087425d7bd6dd134235d2f975faa454bb1a241d0216d473237fb9b525""},""parser_version"":""germany-production-v1"",""parser_sha256"":""2a8eb3487f392ef83303e7fb9ff246e4c111a7e64a469a6aa9eb21461ae9b1a0"",""fields_covered"":[""canonical_party_id""],""published_or_derived"":""published"",""decision_basis"":""manual review of official same-election recognition/participation and result column"",""evidence_note"":""Federal Electoral Committee announcement dated 2025-01-14; recognised_party_section_18_4_2; source abbreviation Verjüngungsforschung""}]","{""decision_file"":""docs/political-data/germany_production_acceptance.json"",""reviewer"":""germany_source_review"",""reviewed_at"":""2026-10-02"",""scope"":""same_election_only_no_continuity""}"
"src-de-bwl-final-archive","31ab27391d5753a6a972936d436092879f5c9cca11570272cd72e3e272d16731:btw2025_kerg.csv:340:90","Partei der Humanisten - Fakten, Freiheit, Fortschritt","germany","2025-02-23","2025-02-23","contestant","ct-de-0198","pp-de-0018","manual_review","confirmed_election_specific_record","confirmed_2025_election_specific_relation","false","Official result column to persisted election-specific contestant; no cross-election or legal-entity continuity decision.","[{""source_id"":""src-de-bwl-final-archive"",""source_url"":""https://www.bundeswahlleiterin.de/dam/jcr/ce2d2b6a-f211-4355-8eea-355c98cd4e47/btw_kerg.zip"",""source_record_id"":""31ab27391d5753a6a972936d436092879f5c9cca11570272cd72e3e272d16731:btw2025_kerg.csv:340:90"",""retrieved_at"":""2026-10-01T23:21:39.584Z"",""raw_snapshot"":{""path"":""docs/political-data/raw/germany/2026-10-01T23-21-39-584Z_02e7077f9358c9ef/final-results.zip"",""sha256"":""02e7077f9358c9ef408741ee5d17123a43c28ea766b26a7ab338c08fcaeb7512""},""parser_version"":""germany-production-v1"",""parser_sha256"":""2a8eb3487f392ef83303e7fb9ff246e4c111a7e64a469a6aa9eb21461ae9b1a0"",""fields_covered"":[""second_votes"",""registered_label_native""],""published_or_derived"":""published"",""source_member"":""btw2025_kerg.csv"",""source_member_sha256"":""31ab27391d5753a6a972936d436092879f5c9cca11570272cd72e3e272d16731"",""source_column"":90},{""source_id"":""src-de-bwl-recognition-2025"",""source_url"":""https://www.bundeswahlleiterin.de/info/presse/mitteilungen/bundestagswahl-2025/06_25_ergebnisse_1bwa.html"",""source_record_id"":""src-de-bwl-recognition-2025:table:3:row:6"",""retrieved_at"":""2026-10-02T08:48:27.174Z"",""raw_snapshot"":{""path"":""docs/political-data/raw/germany/recognition_2025/recognition.html"",""sha256"":""776b492087425d7bd6dd134235d2f975faa454bb1a241d0216d473237fb9b525""},""parser_version"":""germany-production-v1"",""parser_sha256"":""2a8eb3487f392ef83303e7fb9ff246e4c111a7e64a469a6aa9eb21461ae9b1a0"",""fields_covered"":[""canonical_party_id""],""published_or_derived"":""published"",""decision_basis"":""manual review of official same-election recognition/participation and result column"",""evidence_note"":""Federal Electoral Committee announcement dated 2025-01-14; recognised_party_section_18_4_2; source abbreviation PdH""}]","{""decision_file"":""docs/political-data/germany_production_acceptance.json"",""reviewer"":""germany_source_review"",""reviewed_at"":""2026-10-02"",""scope"":""same_election_only_no_continuity""}"
"src-de-bwl-final-archive","31ab27391d5753a6a972936d436092879f5c9cca11570272cd72e3e272d16731:btw2025_kerg.csv:340:94","Bündnis C - Christen für Deutschland","germany","2025-02-23","2025-02-23","contestant","ct-de-0199","pp-de-0019","manual_review","confirmed_election_specific_record","confirmed_2025_election_specific_relation","false","Official result column to persisted election-specific contestant; no cross-election or legal-entity continuity decision.","[{""source_id"":""src-de-bwl-final-archive"",""source_url"":""https://www.bundeswahlleiterin.de/dam/jcr/ce2d2b6a-f211-4355-8eea-355c98cd4e47/btw_kerg.zip"",""source_record_id"":""31ab27391d5753a6a972936d436092879f5c9cca11570272cd72e3e272d16731:btw2025_kerg.csv:340:94"",""retrieved_at"":""2026-10-01T23:21:39.584Z"",""raw_snapshot"":{""path"":""docs/political-data/raw/germany/2026-10-01T23-21-39-584Z_02e7077f9358c9ef/final-results.zip"",""sha256"":""02e7077f9358c9ef408741ee5d17123a43c28ea766b26a7ab338c08fcaeb7512""},""parser_version"":""germany-production-v1"",""parser_sha256"":""2a8eb3487f392ef83303e7fb9ff246e4c111a7e64a469a6aa9eb21461ae9b1a0"",""fields_covered"":[""second_votes"",""registered_label_native""],""published_or_derived"":""published"",""source_member"":""btw2025_kerg.csv"",""source_member_sha256"":""31ab27391d5753a6a972936d436092879f5c9cca11570272cd72e3e272d16731"",""source_column"":94},{""source_id"":""src-de-bwl-recognition-2025"",""source_url"":""https://www.bundeswahlleiterin.de/info/presse/mitteilungen/bundestagswahl-2025/06_25_ergebnisse_1bwa.html"",""source_record_id"":""src-de-bwl-recognition-2025:table:3:row:10"",""retrieved_at"":""2026-10-02T08:48:27.174Z"",""raw_snapshot"":{""path"":""docs/political-data/raw/germany/recognition_2025/recognition.html"",""sha256"":""776b492087425d7bd6dd134235d2f975faa454bb1a241d0216d473237fb9b525""},""parser_version"":""germany-production-v1"",""parser_sha256"":""2a8eb3487f392ef83303e7fb9ff246e4c111a7e64a469a6aa9eb21461ae9b1a0"",""fields_covered"":[""canonical_party_id""],""published_or_derived"":""published"",""decision_basis"":""manual review of official same-election recognition/participation and result column"",""evidence_note"":""Federal Electoral Committee announcement dated 2025-01-14; recognised_party_section_18_4_2; source abbreviation Bündnis C""}]","{""decision_file"":""docs/political-data/germany_production_acceptance.json"",""reviewer"":""germany_source_review"",""reviewed_at"":""2026-10-02"",""scope"":""same_election_only_no_continuity""}"
"src-de-bwl-final-archive","31ab27391d5753a6a972936d436092879f5c9cca11570272cd72e3e272d16731:btw2025_kerg.csv:340:98","Bayernpartei","germany","2025-02-23","2025-02-23","contestant","ct-de-0200","pp-de-0020","manual_review","confirmed_election_specific_record","confirmed_2025_election_specific_relation","false","Official result column to persisted election-specific contestant; no cross-election or legal-entity continuity decision.","[{""source_id"":""src-de-bwl-final-archive"",""source_url"":""https://www.bundeswahlleiterin.de/dam/jcr/ce2d2b6a-f211-4355-8eea-355c98cd4e47/btw_kerg.zip"",""source_record_id"":""31ab27391d5753a6a972936d436092879f5c9cca11570272cd72e3e272d16731:btw2025_kerg.csv:340:98"",""retrieved_at"":""2026-10-01T23:21:39.584Z"",""raw_snapshot"":{""path"":""docs/political-data/raw/germany/2026-10-01T23-21-39-584Z_02e7077f9358c9ef/final-results.zip"",""sha256"":""02e7077f9358c9ef408741ee5d17123a43c28ea766b26a7ab338c08fcaeb7512""},""parser_version"":""germany-production-v1"",""parser_sha256"":""2a8eb3487f392ef83303e7fb9ff246e4c111a7e64a469a6aa9eb21461ae9b1a0"",""fields_covered"":[""second_votes"",""registered_label_native""],""published_or_derived"":""published"",""source_member"":""btw2025_kerg.csv"",""source_member_sha256"":""31ab27391d5753a6a972936d436092879f5c9cca11570272cd72e3e272d16731"",""source_column"":98},{""source_id"":""src-de-bwl-recognition-2025"",""source_url"":""https://www.bundeswahlleiterin.de/info/presse/mitteilungen/bundestagswahl-2025/06_25_ergebnisse_1bwa.html"",""source_record_id"":""src-de-bwl-recognition-2025:table:3:row:2"",""retrieved_at"":""2026-10-02T08:48:27.174Z"",""raw_snapshot"":{""path"":""docs/political-data/raw/germany/recognition_2025/recognition.html"",""sha256"":""776b492087425d7bd6dd134235d2f975faa454bb1a241d0216d473237fb9b525""},""parser_version"":""germany-production-v1"",""parser_sha256"":""2a8eb3487f392ef83303e7fb9ff246e4c111a7e64a469a6aa9eb21461ae9b1a0"",""fields_covered"":[""canonical_party_id""],""published_or_derived"":""published"",""decision_basis"":""manual review of official same-election recognition/participation and result column"",""evidence_note"":""Federal Electoral Committee announcement dated 2025-01-14; recognised_party_section_18_4_2; source abbreviation BP""}]","{""decision_file"":""docs/political-data/germany_production_acceptance.json"",""reviewer"":""germany_source_review"",""reviewed_at"":""2026-10-02"",""scope"":""same_election_only_no_continuity""}"
"src-de-bwl-final-archive","31ab27391d5753a6a972936d436092879f5c9cca11570272cd72e3e272d16731:btw2025_kerg.csv:340:102","Marxistisch-Leninistische Partei Deutschlands","germany","2025-02-23","2025-02-23","contestant","ct-de-0201","pp-de-0021","manual_review","confirmed_election_specific_record","confirmed_2025_election_specific_relation","false","Official result column to persisted election-specific contestant; no cross-election or legal-entity continuity decision.","[{""source_id"":""src-de-bwl-final-archive"",""source_url"":""https://www.bundeswahlleiterin.de/dam/jcr/ce2d2b6a-f211-4355-8eea-355c98cd4e47/btw_kerg.zip"",""source_record_id"":""31ab27391d5753a6a972936d436092879f5c9cca11570272cd72e3e272d16731:btw2025_kerg.csv:340:102"",""retrieved_at"":""2026-10-01T23:21:39.584Z"",""raw_snapshot"":{""path"":""docs/political-data/raw/germany/2026-10-01T23-21-39-584Z_02e7077f9358c9ef/final-results.zip"",""sha256"":""02e7077f9358c9ef408741ee5d17123a43c28ea766b26a7ab338c08fcaeb7512""},""parser_version"":""germany-production-v1"",""parser_sha256"":""2a8eb3487f392ef83303e7fb9ff246e4c111a7e64a469a6aa9eb21461ae9b1a0"",""fields_covered"":[""second_votes"",""registered_label_native""],""published_or_derived"":""published"",""source_member"":""btw2025_kerg.csv"",""source_member_sha256"":""31ab27391d5753a6a972936d436092879f5c9cca11570272cd72e3e272d16731"",""source_column"":102},{""source_id"":""src-de-bwl-recognition-2025"",""source_url"":""https://www.bundeswahlleiterin.de/info/presse/mitteilungen/bundestagswahl-2025/06_25_ergebnisse_1bwa.html"",""source_record_id"":""src-de-bwl-recognition-2025:table:3:row:3"",""retrieved_at"":""2026-10-02T08:48:27.174Z"",""raw_snapshot"":{""path"":""docs/political-data/raw/germany/recognition_2025/recognition.html"",""sha256"":""776b492087425d7bd6dd134235d2f975faa454bb1a241d0216d473237fb9b525""},""parser_version"":""germany-production-v1"",""parser_sha256"":""2a8eb3487f392ef83303e7fb9ff246e4c111a7e64a469a6aa9eb21461ae9b1a0"",""fields_covered"":[""canonical_party_id""],""published_or_derived"":""published"",""decision_basis"":""manual review of official same-election recognition/participation and result column"",""evidence_note"":""Federal Electoral Committee announcement dated 2025-01-14; recognised_party_section_18_4_2; source abbreviation MLPD""}]","{""decision_file"":""docs/political-data/germany_production_acceptance.json"",""reviewer"":""germany_source_review"",""reviewed_at"":""2026-10-02"",""scope"":""same_election_only_no_continuity""}"
"src-de-bwl-final-archive","31ab27391d5753a6a972936d436092879f5c9cca11570272cd72e3e272d16731:btw2025_kerg.csv:340:106","Menschliche Welt - für das Wohl und Glücklichsein aller","germany","2025-02-23","2025-02-23","contestant","ct-de-0202","pp-de-0022","manual_review","confirmed_election_specific_record","confirmed_2025_election_specific_relation","false","Official result column to persisted election-specific contestant; no cross-election or legal-entity continuity decision.","[{""source_id"":""src-de-bwl-final-archive"",""source_url"":""https://www.bundeswahlleiterin.de/dam/jcr/ce2d2b6a-f211-4355-8eea-355c98cd4e47/btw_kerg.zip"",""source_record_id"":""31ab27391d5753a6a972936d436092879f5c9cca11570272cd72e3e272d16731:btw2025_kerg.csv:340:106"",""retrieved_at"":""2026-10-01T23:21:39.584Z"",""raw_snapshot"":{""path"":""docs/political-data/raw/germany/2026-10-01T23-21-39-584Z_02e7077f9358c9ef/final-results.zip"",""sha256"":""02e7077f9358c9ef408741ee5d17123a43c28ea766b26a7ab338c08fcaeb7512""},""parser_version"":""germany-production-v1"",""parser_sha256"":""2a8eb3487f392ef83303e7fb9ff246e4c111a7e64a469a6aa9eb21461ae9b1a0"",""fields_covered"":[""second_votes"",""registered_label_native""],""published_or_derived"":""published"",""source_member"":""btw2025_kerg.csv"",""source_member_sha256"":""31ab27391d5753a6a972936d436092879f5c9cca11570272cd72e3e272d16731"",""source_column"":106},{""source_id"":""src-de-bwl-recognition-2025"",""source_url"":""https://www.bundeswahlleiterin.de/info/presse/mitteilungen/bundestagswahl-2025/06_25_ergebnisse_1bwa.html"",""source_record_id"":""src-de-bwl-recognition-2025:table:3:row:9"",""retrieved_at"":""2026-10-02T08:48:27.174Z"",""raw_snapshot"":{""path"":""docs/political-data/raw/germany/recognition_2025/recognition.html"",""sha256"":""776b492087425d7bd6dd134235d2f975faa454bb1a241d0216d473237fb9b525""},""parser_version"":""germany-production-v1"",""parser_sha256"":""2a8eb3487f392ef83303e7fb9ff246e4c111a7e64a469a6aa9eb21461ae9b1a0"",""fields_covered"":[""canonical_party_id""],""published_or_derived"":""published"",""decision_basis"":""manual review of official same-election recognition/participation and result column"",""evidence_note"":""Federal Electoral Committee announcement dated 2025-01-14; recognised_party_section_18_4_2; source abbreviation MENSCHLICHE WELT""}]","{""decision_file"":""docs/political-data/germany_production_acceptance.json"",""reviewer"":""germany_source_review"",""reviewed_at"":""2026-10-02"",""scope"":""same_election_only_no_continuity""}"
"src-de-bwl-final-archive","31ab27391d5753a6a972936d436092879f5c9cca11570272cd72e3e272d16731:btw2025_kerg.csv:340:110","Partei des Fortschritts","germany","2025-02-23","2025-02-23","contestant","ct-de-0203","pp-de-0023","manual_review","confirmed_election_specific_record","confirmed_2025_election_specific_relation","false","Official result column to persisted election-specific contestant; no cross-election or legal-entity continuity decision.","[{""source_id"":""src-de-bwl-final-archive"",""source_url"":""https://www.bundeswahlleiterin.de/dam/jcr/ce2d2b6a-f211-4355-8eea-355c98cd4e47/btw_kerg.zip"",""source_record_id"":""31ab27391d5753a6a972936d436092879f5c9cca11570272cd72e3e272d16731:btw2025_kerg.csv:340:110"",""retrieved_at"":""2026-10-01T23:21:39.584Z"",""raw_snapshot"":{""path"":""docs/political-data/raw/germany/2026-10-01T23-21-39-584Z_02e7077f9358c9ef/final-results.zip"",""sha256"":""02e7077f9358c9ef408741ee5d17123a43c28ea766b26a7ab338c08fcaeb7512""},""parser_version"":""germany-production-v1"",""parser_sha256"":""2a8eb3487f392ef83303e7fb9ff246e4c111a7e64a469a6aa9eb21461ae9b1a0"",""fields_covered"":[""second_votes"",""registered_label_native""],""published_or_derived"":""published"",""source_member"":""btw2025_kerg.csv"",""source_member_sha256"":""31ab27391d5753a6a972936d436092879f5c9cca11570272cd72e3e272d16731"",""source_column"":110},{""source_id"":""src-de-bwl-recognition-2025"",""source_url"":""https://www.bundeswahlleiterin.de/info/presse/mitteilungen/bundestagswahl-2025/06_25_ergebnisse_1bwa.html"",""source_record_id"":""src-de-bwl-recognition-2025:table:3:row:27"",""retrieved_at"":""2026-10-02T08:48:27.174Z"",""raw_snapshot"":{""path"":""docs/political-data/raw/germany/recognition_2025/recognition.html"",""sha256"":""776b492087425d7bd6dd134235d2f975faa454bb1a241d0216d473237fb9b525""},""parser_version"":""germany-production-v1"",""parser_sha256"":""2a8eb3487f392ef83303e7fb9ff246e4c111a7e64a469a6aa9eb21461ae9b1a0"",""fields_covered"":[""canonical_party_id""],""published_or_derived"":""published"",""decision_basis"":""manual review of official same-election recognition/participation and result column"",""evidence_note"":""Federal Electoral Committee announcement dated 2025-01-14; recognised_party_section_18_4_2; source abbreviation PdF""}]","{""decision_file"":""docs/political-data/germany_production_acceptance.json"",""reviewer"":""germany_source_review"",""reviewed_at"":""2026-10-02"",""scope"":""same_election_only_no_continuity""}"
"src-de-bwl-final-archive","31ab27391d5753a6a972936d436092879f5c9cca11570272cd72e3e272d16731:btw2025_kerg.csv:340:114","Sozialistische Gleichheitspartei, Vierte Internationale","germany","2025-02-23","2025-02-23","contestant","ct-de-0204","pp-de-0024","manual_review","confirmed_election_specific_record","confirmed_2025_election_specific_relation","false","Official result column to persisted election-specific contestant; no cross-election or legal-entity continuity decision.","[{""source_id"":""src-de-bwl-final-archive"",""source_url"":""https://www.bundeswahlleiterin.de/dam/jcr/ce2d2b6a-f211-4355-8eea-355c98cd4e47/btw_kerg.zip"",""source_record_id"":""31ab27391d5753a6a972936d436092879f5c9cca11570272cd72e3e272d16731:btw2025_kerg.csv:340:114"",""retrieved_at"":""2026-10-01T23:21:39.584Z"",""raw_snapshot"":{""path"":""docs/political-data/raw/germany/2026-10-01T23-21-39-584Z_02e7077f9358c9ef/final-results.zip"",""sha256"":""02e7077f9358c9ef408741ee5d17123a43c28ea766b26a7ab338c08fcaeb7512""},""parser_version"":""germany-production-v1"",""parser_sha256"":""2a8eb3487f392ef83303e7fb9ff246e4c111a7e64a469a6aa9eb21461ae9b1a0"",""fields_covered"":[""second_votes"",""registered_label_native""],""published_or_derived"":""published"",""source_member"":""btw2025_kerg.csv"",""source_member_sha256"":""31ab27391d5753a6a972936d436092879f5c9cca11570272cd72e3e272d16731"",""source_column"":114},{""source_id"":""src-de-bwl-recognition-2025"",""source_url"":""https://www.bundeswahlleiterin.de/info/presse/mitteilungen/bundestagswahl-2025/06_25_ergebnisse_1bwa.html"",""source_record_id"":""src-de-bwl-recognition-2025:table:3:row:25"",""retrieved_at"":""2026-10-02T08:48:27.174Z"",""raw_snapshot"":{""path"":""docs/political-data/raw/germany/recognition_2025/recognition.html"",""sha256"":""776b492087425d7bd6dd134235d2f975faa454bb1a241d0216d473237fb9b525""},""parser_version"":""germany-production-v1"",""parser_sha256"":""2a8eb3487f392ef83303e7fb9ff246e4c111a7e64a469a6aa9eb21461ae9b1a0"",""fields_covered"":[""canonical_party_id""],""published_or_derived"":""published"",""decision_basis"":""manual review of official same-election recognition/participation and result column"",""evidence_note"":""Federal Electoral Committee announcement dated 2025-01-14; recognised_party_section_18_4_2; source abbreviation SGP""}]","{""decision_file"":""docs/political-data/germany_production_acceptance.json"",""reviewer"":""germany_source_review"",""reviewed_at"":""2026-10-02"",""scope"":""same_election_only_no_continuity""}"
"src-de-bwl-final-archive","31ab27391d5753a6a972936d436092879f5c9cca11570272cd72e3e272d16731:btw2025_kerg.csv:340:118","Bürgerrechtsbewegung Solidarität","germany","2025-02-23","2025-02-23","contestant","ct-de-0205","pp-de-0025","manual_review","confirmed_election_specific_record","confirmed_2025_election_specific_relation","false","Official result column to persisted election-specific contestant; no cross-election or legal-entity continuity decision.","[{""source_id"":""src-de-bwl-final-archive"",""source_url"":""https://www.bundeswahlleiterin.de/dam/jcr/ce2d2b6a-f211-4355-8eea-355c98cd4e47/btw_kerg.zip"",""source_record_id"":""31ab27391d5753a6a972936d436092879f5c9cca11570272cd72e3e272d16731:btw2025_kerg.csv:340:118"",""retrieved_at"":""2026-10-01T23:21:39.584Z"",""raw_snapshot"":{""path"":""docs/political-data/raw/germany/2026-10-01T23-21-39-584Z_02e7077f9358c9ef/final-results.zip"",""sha256"":""02e7077f9358c9ef408741ee5d17123a43c28ea766b26a7ab338c08fcaeb7512""},""parser_version"":""germany-production-v1"",""parser_sha256"":""2a8eb3487f392ef83303e7fb9ff246e4c111a7e64a469a6aa9eb21461ae9b1a0"",""fields_covered"":[""second_votes"",""registered_label_native""],""published_or_derived"":""published"",""source_member"":""btw2025_kerg.csv"",""source_member_sha256"":""31ab27391d5753a6a972936d436092879f5c9cca11570272cd72e3e272d16731"",""source_column"":118},{""source_id"":""src-de-bwl-recognition-2025"",""source_url"":""https://www.bundeswahlleiterin.de/info/presse/mitteilungen/bundestagswahl-2025/06_25_ergebnisse_1bwa.html"",""source_record_id"":""src-de-bwl-recognition-2025:table:3:row:4"",""retrieved_at"":""2026-10-02T08:48:27.174Z"",""raw_snapshot"":{""path"":""docs/political-data/raw/germany/recognition_2025/recognition.html"",""sha256"":""776b492087425d7bd6dd134235d2f975faa454bb1a241d0216d473237fb9b525""},""parser_version"":""germany-production-v1"",""parser_sha256"":""2a8eb3487f392ef83303e7fb9ff246e4c111a7e64a469a6aa9eb21461ae9b1a0"",""fields_covered"":[""canonical_party_id""],""published_or_derived"":""published"",""decision_basis"":""manual review of official same-election recognition/participation and result column"",""evidence_note"":""Federal Electoral Committee announcement dated 2025-01-14; recognised_party_section_18_4_2; source abbreviation BüSo""}]","{""decision_file"":""docs/political-data/germany_production_acceptance.json"",""reviewer"":""germany_source_review"",""reviewed_at"":""2026-10-02"",""scope"":""same_election_only_no_continuity""}"
"src-de-bwl-final-archive","31ab27391d5753a6a972936d436092879f5c9cca11570272cd72e3e272d16731:btw2025_kerg.csv:340:122","BÜNDNIS DEUTSCHLAND","germany","2025-02-23","2025-02-23","contestant","ct-de-0206","pp-de-0026","manual_review","confirmed_election_specific_record","confirmed_2025_election_specific_relation","false","Official result column to persisted election-specific contestant; no cross-election or legal-entity continuity decision.","[{""source_id"":""src-de-bwl-final-archive"",""source_url"":""https://www.bundeswahlleiterin.de/dam/jcr/ce2d2b6a-f211-4355-8eea-355c98cd4e47/btw_kerg.zip"",""source_record_id"":""31ab27391d5753a6a972936d436092879f5c9cca11570272cd72e3e272d16731:btw2025_kerg.csv:340:122"",""retrieved_at"":""2026-10-01T23:21:39.584Z"",""raw_snapshot"":{""path"":""docs/political-data/raw/germany/2026-10-01T23-21-39-584Z_02e7077f9358c9ef/final-results.zip"",""sha256"":""02e7077f9358c9ef408741ee5d17123a43c28ea766b26a7ab338c08fcaeb7512""},""parser_version"":""germany-production-v1"",""parser_sha256"":""2a8eb3487f392ef83303e7fb9ff246e4c111a7e64a469a6aa9eb21461ae9b1a0"",""fields_covered"":[""second_votes"",""registered_label_native""],""published_or_derived"":""published"",""source_member"":""btw2025_kerg.csv"",""source_member_sha256"":""31ab27391d5753a6a972936d436092879f5c9cca11570272cd72e3e272d16731"",""source_column"":122},{""source_id"":""src-de-bwl-recognition-2025"",""source_url"":""https://www.bundeswahlleiterin.de/info/presse/mitteilungen/bundestagswahl-2025/06_25_ergebnisse_1bwa.html"",""source_record_id"":""src-de-bwl-recognition-2025:table:2:row:2"",""retrieved_at"":""2026-10-02T08:48:27.174Z"",""raw_snapshot"":{""path"":""docs/political-data/raw/germany/recognition_2025/recognition.html"",""sha256"":""776b492087425d7bd6dd134235d2f975faa454bb1a241d0216d473237fb9b525""},""parser_version"":""germany-production-v1"",""parser_sha256"":""2a8eb3487f392ef83303e7fb9ff246e4c111a7e64a469a6aa9eb21461ae9b1a0"",""fields_covered"":[""canonical_party_id""],""published_or_derived"":""published"",""decision_basis"":""manual review of official same-election recognition/participation and result column"",""evidence_note"":""Federal Electoral Committee announcement dated 2025-01-14; represented_party_section_18_4_1; source abbreviation BÜNDNIS DEUTSCHLAND""}]","{""decision_file"":""docs/political-data/germany_production_acceptance.json"",""reviewer"":""germany_source_review"",""reviewed_at"":""2026-10-02"",""scope"":""same_election_only_no_continuity""}"
"src-de-bwl-final-archive","31ab27391d5753a6a972936d436092879f5c9cca11570272cd72e3e272d16731:btw2025_kerg.csv:340:126","Bündnis Sahra Wagenknecht - Vernunft und Gerechtigkeit","germany","2025-02-23","2025-02-23","contestant","ct-de-0207","pp-de-0027","manual_review","confirmed_election_specific_record","confirmed_2025_election_specific_relation","false","Official result column to persisted election-specific contestant; no cross-election or legal-entity continuity decision.","[{""source_id"":""src-de-bwl-final-archive"",""source_url"":""https://www.bundeswahlleiterin.de/dam/jcr/ce2d2b6a-f211-4355-8eea-355c98cd4e47/btw_kerg.zip"",""source_record_id"":""31ab27391d5753a6a972936d436092879f5c9cca11570272cd72e3e272d16731:btw2025_kerg.csv:340:126"",""retrieved_at"":""2026-10-01T23:21:39.584Z"",""raw_snapshot"":{""path"":""docs/political-data/raw/germany/2026-10-01T23-21-39-584Z_02e7077f9358c9ef/final-results.zip"",""sha256"":""02e7077f9358c9ef408741ee5d17123a43c28ea766b26a7ab338c08fcaeb7512""},""parser_version"":""germany-production-v1"",""parser_sha256"":""2a8eb3487f392ef83303e7fb9ff246e4c111a7e64a469a6aa9eb21461ae9b1a0"",""fields_covered"":[""second_votes"",""registered_label_native""],""published_or_derived"":""published"",""source_member"":""btw2025_kerg.csv"",""source_member_sha256"":""31ab27391d5753a6a972936d436092879f5c9cca11570272cd72e3e272d16731"",""source_column"":126},{""source_id"":""src-de-bwl-recognition-2025"",""source_url"":""https://www.bundeswahlleiterin.de/info/presse/mitteilungen/bundestagswahl-2025/06_25_ergebnisse_1bwa.html"",""source_record_id"":""src-de-bwl-recognition-2025:table:2:row:3"",""retrieved_at"":""2026-10-02T08:48:27.174Z"",""raw_snapshot"":{""path"":""docs/political-data/raw/germany/recognition_2025/recognition.html"",""sha256"":""776b492087425d7bd6dd134235d2f975faa454bb1a241d0216d473237fb9b525""},""parser_version"":""germany-production-v1"",""parser_sha256"":""2a8eb3487f392ef83303e7fb9ff246e4c111a7e64a469a6aa9eb21461ae9b1a0"",""fields_covered"":[""canonical_party_id""],""published_or_derived"":""published"",""decision_basis"":""manual review of official same-election recognition/participation and result column"",""evidence_note"":""Federal Electoral Committee announcement dated 2025-01-14; represented_party_section_18_4_1; source abbreviation BSW""}]","{""decision_file"":""docs/political-data/germany_production_acceptance.json"",""reviewer"":""germany_source_review"",""reviewed_at"":""2026-10-02"",""scope"":""same_election_only_no_continuity""}"
"src-de-bwl-final-archive","31ab27391d5753a6a972936d436092879f5c9cca11570272cd72e3e272d16731:btw2025_kerg.csv:340:130","MERA25 - Gemeinsam für Europäische Unabhängigkeit","germany","2025-02-23","2025-02-23","contestant","ct-de-0208","pp-de-0028","manual_review","confirmed_election_specific_record","confirmed_2025_election_specific_relation","false","Official result column to persisted election-specific contestant; no cross-election or legal-entity continuity decision.","[{""source_id"":""src-de-bwl-final-archive"",""source_url"":""https://www.bundeswahlleiterin.de/dam/jcr/ce2d2b6a-f211-4355-8eea-355c98cd4e47/btw_kerg.zip"",""source_record_id"":""31ab27391d5753a6a972936d436092879f5c9cca11570272cd72e3e272d16731:btw2025_kerg.csv:340:130"",""retrieved_at"":""2026-10-01T23:21:39.584Z"",""raw_snapshot"":{""path"":""docs/political-data/raw/germany/2026-10-01T23-21-39-584Z_02e7077f9358c9ef/final-results.zip"",""sha256"":""02e7077f9358c9ef408741ee5d17123a43c28ea766b26a7ab338c08fcaeb7512""},""parser_version"":""germany-production-v1"",""parser_sha256"":""2a8eb3487f392ef83303e7fb9ff246e4c111a7e64a469a6aa9eb21461ae9b1a0"",""fields_covered"":[""second_votes"",""registered_label_native""],""published_or_derived"":""published"",""source_member"":""btw2025_kerg.csv"",""source_member_sha256"":""31ab27391d5753a6a972936d436092879f5c9cca11570272cd72e3e272d16731"",""source_column"":130},{""source_id"":""src-de-bwl-recognition-2025"",""source_url"":""https://www.bundeswahlleiterin.de/info/presse/mitteilungen/bundestagswahl-2025/06_25_ergebnisse_1bwa.html"",""source_record_id"":""src-de-bwl-recognition-2025:table:3:row:17"",""retrieved_at"":""2026-10-02T08:48:27.174Z"",""raw_snapshot"":{""path"":""docs/political-data/raw/germany/recognition_2025/recognition.html"",""sha256"":""776b492087425d7bd6dd134235d2f975faa454bb1a241d0216d473237fb9b525""},""parser_version"":""germany-production-v1"",""parser_sha256"":""2a8eb3487f392ef83303e7fb9ff246e4c111a7e64a469a6aa9eb21461ae9b1a0"",""fields_covered"":[""canonical_party_id""],""published_or_derived"":""published"",""decision_basis"":""manual review of official same-election recognition/participation and result column"",""evidence_note"":""Federal Electoral Committee announcement dated 2025-01-14; recognised_party_section_18_4_2; source abbreviation MERA25""}]","{""decision_file"":""docs/political-data/germany_production_acceptance.json"",""reviewer"":""germany_source_review"",""reviewed_at"":""2026-10-02"",""scope"":""same_election_only_no_continuity""}"
"src-de-bwl-final-archive","31ab27391d5753a6a972936d436092879f5c9cca11570272cd72e3e272d16731:btw2025_kerg.csv:340:134","WerteUnion","germany","2025-02-23","2025-02-23","contestant","ct-de-0209","pp-de-0029","manual_review","confirmed_election_specific_record","confirmed_2025_election_specific_relation","false","Official result column to persisted election-specific contestant; no cross-election or legal-entity continuity decision.","[{""source_id"":""src-de-bwl-final-archive"",""source_url"":""https://www.bundeswahlleiterin.de/dam/jcr/ce2d2b6a-f211-4355-8eea-355c98cd4e47/btw_kerg.zip"",""source_record_id"":""31ab27391d5753a6a972936d436092879f5c9cca11570272cd72e3e272d16731:btw2025_kerg.csv:340:134"",""retrieved_at"":""2026-10-01T23:21:39.584Z"",""raw_snapshot"":{""path"":""docs/political-data/raw/germany/2026-10-01T23-21-39-584Z_02e7077f9358c9ef/final-results.zip"",""sha256"":""02e7077f9358c9ef408741ee5d17123a43c28ea766b26a7ab338c08fcaeb7512""},""parser_version"":""germany-production-v1"",""parser_sha256"":""2a8eb3487f392ef83303e7fb9ff246e4c111a7e64a469a6aa9eb21461ae9b1a0"",""fields_covered"":[""second_votes"",""registered_label_native""],""published_or_derived"":""published"",""source_member"":""btw2025_kerg.csv"",""source_member_sha256"":""31ab27391d5753a6a972936d436092879f5c9cca11570272cd72e3e272d16731"",""source_column"":134},{""source_id"":""src-de-bwl-recognition-2025"",""source_url"":""https://www.bundeswahlleiterin.de/info/presse/mitteilungen/bundestagswahl-2025/06_25_ergebnisse_1bwa.html"",""source_record_id"":""src-de-bwl-recognition-2025:table:3:row:23"",""retrieved_at"":""2026-10-02T08:48:27.174Z"",""raw_snapshot"":{""path"":""docs/political-data/raw/germany/recognition_2025/recognition.html"",""sha256"":""776b492087425d7bd6dd134235d2f975faa454bb1a241d0216d473237fb9b525""},""parser_version"":""germany-production-v1"",""parser_sha256"":""2a8eb3487f392ef83303e7fb9ff246e4c111a7e64a469a6aa9eb21461ae9b1a0"",""fields_covered"":[""canonical_party_id""],""published_or_derived"":""published"",""decision_basis"":""manual review of official same-election recognition/participation and result column"",""evidence_note"":""Federal Electoral Committee announcement dated 2025-01-14; recognised_party_section_18_4_2; source abbreviation WerteUnion""}]","{""decision_file"":""docs/political-data/germany_production_acceptance.json"",""reviewer"":""germany_source_review"",""reviewed_at"":""2026-10-02"",""scope"":""same_election_only_no_continuity""}"
