"reconciliation_id","country","election_id","contestant_id","category","status","note","provenance","compared_field","official_value","harmonized_value"
"rc-ct-de-0001","germany","el-de-bt-2002-09-22","ct-de-0001","party_identity_difference","requires_manual_review","Election-specific result is sourced. Canonical party relation unresolved; excluded from continuous party series.","[{""source_id"":""src-de-bwl-final-archive"",""source_url"":""https://www.bundeswahlleiterin.de/dam/jcr/ce2d2b6a-f211-4355-8eea-355c98cd4e47/btw_kerg.zip"",""source_record_id"":""2407b62efac5c001dd189d58489c955c4a8d07dfab797d985d1d56fe2ecf9cb5:btw2002_kerg.csv:340:10"",""retrieved_at"":""2026-10-01T23:21:39.584Z"",""raw_snapshot"":{""path"":""docs/political-data/raw/germany/2026-10-01T23-21-39-584Z_02e7077f9358c9ef/final-results.zip"",""sha256"":""02e7077f9358c9ef408741ee5d17123a43c28ea766b26a7ab338c08fcaeb7512""},""parser_version"":""germany-production-v1"",""parser_sha256"":""2a8eb3487f392ef83303e7fb9ff246e4c111a7e64a469a6aa9eb21461ae9b1a0"",""fields_covered"":[""second_votes"",""registered_label_native""],""published_or_derived"":""published"",""source_member"":""btw2002_kerg.csv"",""source_member_sha256"":""2407b62efac5c001dd189d58489c955c4a8d07dfab797d985d1d56fe2ecf9cb5"",""source_column"":10}]",,,
"rc-ct-de-0002","germany","el-de-bt-2002-09-22","ct-de-0002","party_identity_difference","requires_manual_review","Election-specific result is sourced. Canonical party relation unresolved; excluded from continuous party series.","[{""source_id"":""src-de-bwl-final-archive"",""source_url"":""https://www.bundeswahlleiterin.de/dam/jcr/ce2d2b6a-f211-4355-8eea-355c98cd4e47/btw_kerg.zip"",""source_record_id"":""2407b62efac5c001dd189d58489c955c4a8d07dfab797d985d1d56fe2ecf9cb5:btw2002_kerg.csv:340:12"",""retrieved_at"":""2026-10-01T23:21:39.584Z"",""raw_snapshot"":{""path"":""docs/political-data/raw/germany/2026-10-01T23-21-39-584Z_02e7077f9358c9ef/final-results.zip"",""sha256"":""02e7077f9358c9ef408741ee5d17123a43c28ea766b26a7ab338c08fcaeb7512""},""parser_version"":""germany-production-v1"",""parser_sha256"":""2a8eb3487f392ef83303e7fb9ff246e4c111a7e64a469a6aa9eb21461ae9b1a0"",""fields_covered"":[""second_votes"",""registered_label_native""],""published_or_derived"":""published"",""source_member"":""btw2002_kerg.csv"",""source_member_sha256"":""2407b62efac5c001dd189d58489c955c4a8d07dfab797d985d1d56fe2ecf9cb5"",""source_column"":12}]",,,
"rc-ct-de-0003","germany","el-de-bt-2002-09-22","ct-de-0003","party_identity_difference","requires_manual_review","Election-specific result is sourced. Canonical party relation unresolved; excluded from continuous party series.","[{""source_id"":""src-de-bwl-final-archive"",""source_url"":""https://www.bundeswahlleiterin.de/dam/jcr/ce2d2b6a-f211-4355-8eea-355c98cd4e47/btw_kerg.zip"",""source_record_id"":""2407b62efac5c001dd189d58489c955c4a8d07dfab797d985d1d56fe2ecf9cb5:btw2002_kerg.csv:340:14"",""retrieved_at"":""2026-10-01T23:21:39.584Z"",""raw_snapshot"":{""path"":""docs/political-data/raw/germany/2026-10-01T23-21-39-584Z_02e7077f9358c9ef/final-results.zip"",""sha256"":""02e7077f9358c9ef408741ee5d17123a43c28ea766b26a7ab338c08fcaeb7512""},""parser_version"":""germany-production-v1"",""parser_sha256"":""2a8eb3487f392ef83303e7fb9ff246e4c111a7e64a469a6aa9eb21461ae9b1a0"",""fields_covered"":[""second_votes"",""registered_label_native""],""published_or_derived"":""published"",""source_member"":""btw2002_kerg.csv"",""source_member_sha256"":""2407b62efac5c001dd189d58489c955c4a8d07dfab797d985d1d56fe2ecf9cb5"",""source_column"":14}]",,,
"rc-ct-de-0004","germany","el-de-bt-2002-09-22","ct-de-0004","party_identity_difference","requires_manual_review","Election-specific result is sourced. Canonical party relation unresolved; excluded from continuous party series.","[{""source_id"":""src-de-bwl-final-archive"",""source_url"":""https://www.bundeswahlleiterin.de/dam/jcr/ce2d2b6a-f211-4355-8eea-355c98cd4e47/btw_kerg.zip"",""source_record_id"":""2407b62efac5c001dd189d58489c955c4a8d07dfab797d985d1d56fe2ecf9cb5:btw2002_kerg.csv:340:16"",""retrieved_at"":""2026-10-01T23:21:39.584Z"",""raw_snapshot"":{""path"":""docs/political-data/raw/germany/2026-10-01T23-21-39-584Z_02e7077f9358c9ef/final-results.zip"",""sha256"":""02e7077f9358c9ef408741ee5d17123a43c28ea766b26a7ab338c08fcaeb7512""},""parser_version"":""germany-production-v1"",""parser_sha256"":""2a8eb3487f392ef83303e7fb9ff246e4c111a7e64a469a6aa9eb21461ae9b1a0"",""fields_covered"":[""second_votes"",""registered_label_native""],""published_or_derived"":""published"",""source_member"":""btw2002_kerg.csv"",""source_member_sha256"":""2407b62efac5c001dd189d58489c955c4a8d07dfab797d985d1d56fe2ecf9cb5"",""source_column"":16}]",,,
"rc-ct-de-0005","germany","el-de-bt-2002-09-22","ct-de-0005","party_identity_difference","requires_manual_review","Election-specific result is sourced. Canonical party relation unresolved; excluded from continuous party series.","[{""source_id"":""src-de-bwl-final-archive"",""source_url"":""https://www.bundeswahlleiterin.de/dam/jcr/ce2d2b6a-f211-4355-8eea-355c98cd4e47/btw_kerg.zip"",""source_record_id"":""2407b62efac5c001dd189d58489c955c4a8d07dfab797d985d1d56fe2ecf9cb5:btw2002_kerg.csv:340:18"",""retrieved_at"":""2026-10-01T23:21:39.584Z"",""raw_snapshot"":{""path"":""docs/political-data/raw/germany/2026-10-01T23-21-39-584Z_02e7077f9358c9ef/final-results.zip"",""sha256"":""02e7077f9358c9ef408741ee5d17123a43c28ea766b26a7ab338c08fcaeb7512""},""parser_version"":""germany-production-v1"",""parser_sha256"":""2a8eb3487f392ef83303e7fb9ff246e4c111a7e64a469a6aa9eb21461ae9b1a0"",""fields_covered"":[""second_votes"",""registered_label_native""],""published_or_derived"":""published"",""source_member"":""btw2002_kerg.csv"",""source_member_sha256"":""2407b62efac5c001dd189d58489c955c4a8d07dfab797d985d1d56fe2ecf9cb5"",""source_column"":18}]",,,
"rc-ct-de-0006","germany","el-de-bt-2002-09-22","ct-de-0006","party_identity_difference","requires_manual_review","Election-specific result is sourced. Canonical party relation unresolved; excluded from continuous party series.","[{""source_id"":""src-de-bwl-final-archive"",""source_url"":""https://www.bundeswahlleiterin.de/dam/jcr/ce2d2b6a-f211-4355-8eea-355c98cd4e47/btw_kerg.zip"",""source_record_id"":""2407b62efac5c001dd189d58489c955c4a8d07dfab797d985d1d56fe2ecf9cb5:btw2002_kerg.csv:340:20"",""retrieved_at"":""2026-10-01T23:21:39.584Z"",""raw_snapshot"":{""path"":""docs/political-data/raw/germany/2026-10-01T23-21-39-584Z_02e7077f9358c9ef/final-results.zip"",""sha256"":""02e7077f9358c9ef408741ee5d17123a43c28ea766b26a7ab338c08fcaeb7512""},""parser_version"":""germany-production-v1"",""parser_sha256"":""2a8eb3487f392ef83303e7fb9ff246e4c111a7e64a469a6aa9eb21461ae9b1a0"",""fields_covered"":[""second_votes"",""registered_label_native""],""published_or_derived"":""published"",""source_member"":""btw2002_kerg.csv"",""source_member_sha256"":""2407b62efac5c001dd189d58489c955c4a8d07dfab797d985d1d56fe2ecf9cb5"",""source_column"":20}]",,,
"rc-ct-de-0007","germany","el-de-bt-2002-09-22","ct-de-0007","party_identity_difference","requires_manual_review","Election-specific result is sourced. Canonical party relation unresolved; excluded from continuous party series.","[{""source_id"":""src-de-bwl-final-archive"",""source_url"":""https://www.bundeswahlleiterin.de/dam/jcr/ce2d2b6a-f211-4355-8eea-355c98cd4e47/btw_kerg.zip"",""source_record_id"":""2407b62efac5c001dd189d58489c955c4a8d07dfab797d985d1d56fe2ecf9cb5:btw2002_kerg.csv:340:22"",""retrieved_at"":""2026-10-01T23:21:39.584Z"",""raw_snapshot"":{""path"":""docs/political-data/raw/germany/2026-10-01T23-21-39-584Z_02e7077f9358c9ef/final-results.zip"",""sha256"":""02e7077f9358c9ef408741ee5d17123a43c28ea766b26a7ab338c08fcaeb7512""},""parser_version"":""germany-production-v1"",""parser_sha256"":""2a8eb3487f392ef83303e7fb9ff246e4c111a7e64a469a6aa9eb21461ae9b1a0"",""fields_covered"":[""second_votes"",""registered_label_native""],""published_or_derived"":""published"",""source_member"":""btw2002_kerg.csv"",""source_member_sha256"":""2407b62efac5c001dd189d58489c955c4a8d07dfab797d985d1d56fe2ecf9cb5"",""source_column"":22}]",,,
"rc-ct-de-0008","germany","el-de-bt-2002-09-22","ct-de-0008","party_identity_difference","requires_manual_review","Election-specific result is sourced. Canonical party relation unresolved; excluded from continuous party series.","[{""source_id"":""src-de-bwl-final-archive"",""source_url"":""https://www.bundeswahlleiterin.de/dam/jcr/ce2d2b6a-f211-4355-8eea-355c98cd4e47/btw_kerg.zip"",""source_record_id"":""2407b62efac5c001dd189d58489c955c4a8d07dfab797d985d1d56fe2ecf9cb5:btw2002_kerg.csv:340:24"",""retrieved_at"":""2026-10-01T23:21:39.584Z"",""raw_snapshot"":{""path"":""docs/political-data/raw/germany/2026-10-01T23-21-39-584Z_02e7077f9358c9ef/final-results.zip"",""sha256"":""02e7077f9358c9ef408741ee5d17123a43c28ea766b26a7ab338c08fcaeb7512""},""parser_version"":""germany-production-v1"",""parser_sha256"":""2a8eb3487f392ef83303e7fb9ff246e4c111a7e64a469a6aa9eb21461ae9b1a0"",""fields_covered"":[""second_votes"",""registered_label_native""],""published_or_derived"":""published"",""source_member"":""btw2002_kerg.csv"",""source_member_sha256"":""2407b62efac5c001dd189d58489c955c4a8d07dfab797d985d1d56fe2ecf9cb5"",""source_column"":24}]",,,
"rc-ct-de-0009","germany","el-de-bt-2002-09-22","ct-de-0009","party_identity_difference","requires_manual_review","Election-specific result is sourced. Canonical party relation unresolved; excluded from continuous party series.","[{""source_id"":""src-de-bwl-final-archive"",""source_url"":""https://www.bundeswahlleiterin.de/dam/jcr/ce2d2b6a-f211-4355-8eea-355c98cd4e47/btw_kerg.zip"",""source_record_id"":""2407b62efac5c001dd189d58489c955c4a8d07dfab797d985d1d56fe2ecf9cb5:btw2002_kerg.csv:340:26"",""retrieved_at"":""2026-10-01T23:21:39.584Z"",""raw_snapshot"":{""path"":""docs/political-data/raw/germany/2026-10-01T23-21-39-584Z_02e7077f9358c9ef/final-results.zip"",""sha256"":""02e7077f9358c9ef408741ee5d17123a43c28ea766b26a7ab338c08fcaeb7512""},""parser_version"":""germany-production-v1"",""parser_sha256"":""2a8eb3487f392ef83303e7fb9ff246e4c111a7e64a469a6aa9eb21461ae9b1a0"",""fields_covered"":[""second_votes"",""registered_label_native""],""published_or_derived"":""published"",""source_member"":""btw2002_kerg.csv"",""source_member_sha256"":""2407b62efac5c001dd189d58489c955c4a8d07dfab797d985d1d56fe2ecf9cb5"",""source_column"":26}]",,,
"rc-ct-de-0010","germany","el-de-bt-2002-09-22","ct-de-0010","party_identity_difference","requires_manual_review","Election-specific result is sourced. Canonical party relation unresolved; excluded from continuous party series.","[{""source_id"":""src-de-bwl-final-archive"",""source_url"":""https://www.bundeswahlleiterin.de/dam/jcr/ce2d2b6a-f211-4355-8eea-355c98cd4e47/btw_kerg.zip"",""source_record_id"":""2407b62efac5c001dd189d58489c955c4a8d07dfab797d985d1d56fe2ecf9cb5:btw2002_kerg.csv:340:28"",""retrieved_at"":""2026-10-01T23:21:39.584Z"",""raw_snapshot"":{""path"":""docs/political-data/raw/germany/2026-10-01T23-21-39-584Z_02e7077f9358c9ef/final-results.zip"",""sha256"":""02e7077f9358c9ef408741ee5d17123a43c28ea766b26a7ab338c08fcaeb7512""},""parser_version"":""germany-production-v1"",""parser_sha256"":""2a8eb3487f392ef83303e7fb9ff246e4c111a7e64a469a6aa9eb21461ae9b1a0"",""fields_covered"":[""second_votes"",""registered_label_native""],""published_or_derived"":""published"",""source_member"":""btw2002_kerg.csv"",""source_member_sha256"":""2407b62efac5c001dd189d58489c955c4a8d07dfab797d985d1d56fe2ecf9cb5"",""source_column"":28}]",,,
"rc-ct-de-0011","germany","el-de-bt-2002-09-22","ct-de-0011","party_identity_difference","requires_manual_review","Election-specific result is sourced. Canonical party relation unresolved; excluded from continuous party series.","[{""source_id"":""src-de-bwl-final-archive"",""source_url"":""https://www.bundeswahlleiterin.de/dam/jcr/ce2d2b6a-f211-4355-8eea-355c98cd4e47/btw_kerg.zip"",""source_record_id"":""2407b62efac5c001dd189d58489c955c4a8d07dfab797d985d1d56fe2ecf9cb5:btw2002_kerg.csv:340:30"",""retrieved_at"":""2026-10-01T23:21:39.584Z"",""raw_snapshot"":{""path"":""docs/political-data/raw/germany/2026-10-01T23-21-39-584Z_02e7077f9358c9ef/final-results.zip"",""sha256"":""02e7077f9358c9ef408741ee5d17123a43c28ea766b26a7ab338c08fcaeb7512""},""parser_version"":""germany-production-v1"",""parser_sha256"":""2a8eb3487f392ef83303e7fb9ff246e4c111a7e64a469a6aa9eb21461ae9b1a0"",""fields_covered"":[""second_votes"",""registered_label_native""],""published_or_derived"":""published"",""source_member"":""btw2002_kerg.csv"",""source_member_sha256"":""2407b62efac5c001dd189d58489c955c4a8d07dfab797d985d1d56fe2ecf9cb5"",""source_column"":30}]",,,
"rc-ct-de-0012","germany","el-de-bt-2002-09-22","ct-de-0012","party_identity_difference","requires_manual_review","Election-specific result is sourced. Canonical party relation unresolved; excluded from continuous party series.","[{""source_id"":""src-de-bwl-final-archive"",""source_url"":""https://www.bundeswahlleiterin.de/dam/jcr/ce2d2b6a-f211-4355-8eea-355c98cd4e47/btw_kerg.zip"",""source_record_id"":""2407b62efac5c001dd189d58489c955c4a8d07dfab797d985d1d56fe2ecf9cb5:btw2002_kerg.csv:340:32"",""retrieved_at"":""2026-10-01T23:21:39.584Z"",""raw_snapshot"":{""path"":""docs/political-data/raw/germany/2026-10-01T23-21-39-584Z_02e7077f9358c9ef/final-results.zip"",""sha256"":""02e7077f9358c9ef408741ee5d17123a43c28ea766b26a7ab338c08fcaeb7512""},""parser_version"":""germany-production-v1"",""parser_sha256"":""2a8eb3487f392ef83303e7fb9ff246e4c111a7e64a469a6aa9eb21461ae9b1a0"",""fields_covered"":[""second_votes"",""registered_label_native""],""published_or_derived"":""published"",""source_member"":""btw2002_kerg.csv"",""source_member_sha256"":""2407b62efac5c001dd189d58489c955c4a8d07dfab797d985d1d56fe2ecf9cb5"",""source_column"":32}]",,,
"rc-ct-de-0013","germany","el-de-bt-2002-09-22","ct-de-0013","party_identity_difference","requires_manual_review","Election-specific result is sourced. Canonical party relation unresolved; excluded from continuous party series.","[{""source_id"":""src-de-bwl-final-archive"",""source_url"":""https://www.bundeswahlleiterin.de/dam/jcr/ce2d2b6a-f211-4355-8eea-355c98cd4e47/btw_kerg.zip"",""source_record_id"":""2407b62efac5c001dd189d58489c955c4a8d07dfab797d985d1d56fe2ecf9cb5:btw2002_kerg.csv:340:34"",""retrieved_at"":""2026-10-01T23:21:39.584Z"",""raw_snapshot"":{""path"":""docs/political-data/raw/germany/2026-10-01T23-21-39-584Z_02e7077f9358c9ef/final-results.zip"",""sha256"":""02e7077f9358c9ef408741ee5d17123a43c28ea766b26a7ab338c08fcaeb7512""},""parser_version"":""germany-production-v1"",""parser_sha256"":""2a8eb3487f392ef83303e7fb9ff246e4c111a7e64a469a6aa9eb21461ae9b1a0"",""fields_covered"":[""second_votes"",""registered_label_native""],""published_or_derived"":""published"",""source_member"":""btw2002_kerg.csv"",""source_member_sha256"":""2407b62efac5c001dd189d58489c955c4a8d07dfab797d985d1d56fe2ecf9cb5"",""source_column"":34}]",,,
"rc-ct-de-0014","germany","el-de-bt-2002-09-22","ct-de-0014","party_identity_difference","requires_manual_review","Election-specific result is sourced. Canonical party relation unresolved; excluded from continuous party series.","[{""source_id"":""src-de-bwl-final-archive"",""source_url"":""https://www.bundeswahlleiterin.de/dam/jcr/ce2d2b6a-f211-4355-8eea-355c98cd4e47/btw_kerg.zip"",""source_record_id"":""2407b62efac5c001dd189d58489c955c4a8d07dfab797d985d1d56fe2ecf9cb5:btw2002_kerg.csv:340:36"",""retrieved_at"":""2026-10-01T23:21:39.584Z"",""raw_snapshot"":{""path"":""docs/political-data/raw/germany/2026-10-01T23-21-39-584Z_02e7077f9358c9ef/final-results.zip"",""sha256"":""02e7077f9358c9ef408741ee5d17123a43c28ea766b26a7ab338c08fcaeb7512""},""parser_version"":""germany-production-v1"",""parser_sha256"":""2a8eb3487f392ef83303e7fb9ff246e4c111a7e64a469a6aa9eb21461ae9b1a0"",""fields_covered"":[""second_votes"",""registered_label_native""],""published_or_derived"":""published"",""source_member"":""btw2002_kerg.csv"",""source_member_sha256"":""2407b62efac5c001dd189d58489c955c4a8d07dfab797d985d1d56fe2ecf9cb5"",""source_column"":36}]",,,
"rc-ct-de-0015","germany","el-de-bt-2002-09-22","ct-de-0015","party_identity_difference","requires_manual_review","Election-specific result is sourced. Canonical party relation unresolved; excluded from continuous party series.","[{""source_id"":""src-de-bwl-final-archive"",""source_url"":""https://www.bundeswahlleiterin.de/dam/jcr/ce2d2b6a-f211-4355-8eea-355c98cd4e47/btw_kerg.zip"",""source_record_id"":""2407b62efac5c001dd189d58489c955c4a8d07dfab797d985d1d56fe2ecf9cb5:btw2002_kerg.csv:340:38"",""retrieved_at"":""2026-10-01T23:21:39.584Z"",""raw_snapshot"":{""path"":""docs/political-data/raw/germany/2026-10-01T23-21-39-584Z_02e7077f9358c9ef/final-results.zip"",""sha256"":""02e7077f9358c9ef408741ee5d17123a43c28ea766b26a7ab338c08fcaeb7512""},""parser_version"":""germany-production-v1"",""parser_sha256"":""2a8eb3487f392ef83303e7fb9ff246e4c111a7e64a469a6aa9eb21461ae9b1a0"",""fields_covered"":[""second_votes"",""registered_label_native""],""published_or_derived"":""published"",""source_member"":""btw2002_kerg.csv"",""source_member_sha256"":""2407b62efac5c001dd189d58489c955c4a8d07dfab797d985d1d56fe2ecf9cb5"",""source_column"":38}]",,,
"rc-ct-de-0016","germany","el-de-bt-2002-09-22","ct-de-0016","party_identity_difference","requires_manual_review","Election-specific result is sourced. Canonical party relation unresolved; excluded from continuous party series.","[{""source_id"":""src-de-bwl-final-archive"",""source_url"":""https://www.bundeswahlleiterin.de/dam/jcr/ce2d2b6a-f211-4355-8eea-355c98cd4e47/btw_kerg.zip"",""source_record_id"":""2407b62efac5c001dd189d58489c955c4a8d07dfab797d985d1d56fe2ecf9cb5:btw2002_kerg.csv:340:40"",""retrieved_at"":""2026-10-01T23:21:39.584Z"",""raw_snapshot"":{""path"":""docs/political-data/raw/germany/2026-10-01T23-21-39-584Z_02e7077f9358c9ef/final-results.zip"",""sha256"":""02e7077f9358c9ef408741ee5d17123a43c28ea766b26a7ab338c08fcaeb7512""},""parser_version"":""germany-production-v1"",""parser_sha256"":""2a8eb3487f392ef83303e7fb9ff246e4c111a7e64a469a6aa9eb21461ae9b1a0"",""fields_covered"":[""second_votes"",""registered_label_native""],""published_or_derived"":""published"",""source_member"":""btw2002_kerg.csv"",""source_member_sha256"":""2407b62efac5c001dd189d58489c955c4a8d07dfab797d985d1d56fe2ecf9cb5"",""source_column"":40}]",,,
"rc-ct-de-0017","germany","el-de-bt-2002-09-22","ct-de-0017","party_identity_difference","requires_manual_review","Election-specific result is sourced. Canonical party relation unresolved; excluded from continuous party series.","[{""source_id"":""src-de-bwl-final-archive"",""source_url"":""https://www.bundeswahlleiterin.de/dam/jcr/ce2d2b6a-f211-4355-8eea-355c98cd4e47/btw_kerg.zip"",""source_record_id"":""2407b62efac5c001dd189d58489c955c4a8d07dfab797d985d1d56fe2ecf9cb5:btw2002_kerg.csv:340:42"",""retrieved_at"":""2026-10-01T23:21:39.584Z"",""raw_snapshot"":{""path"":""docs/political-data/raw/germany/2026-10-01T23-21-39-584Z_02e7077f9358c9ef/final-results.zip"",""sha256"":""02e7077f9358c9ef408741ee5d17123a43c28ea766b26a7ab338c08fcaeb7512""},""parser_version"":""germany-production-v1"",""parser_sha256"":""2a8eb3487f392ef83303e7fb9ff246e4c111a7e64a469a6aa9eb21461ae9b1a0"",""fields_covered"":[""second_votes"",""registered_label_native""],""published_or_derived"":""published"",""source_member"":""btw2002_kerg.csv"",""source_member_sha256"":""2407b62efac5c001dd189d58489c955c4a8d07dfab797d985d1d56fe2ecf9cb5"",""source_column"":42}]",,,
"rc-ct-de-0018","germany","el-de-bt-2002-09-22","ct-de-0018","party_identity_difference","requires_manual_review","Election-specific result is sourced. Canonical party relation unresolved; excluded from continuous party series.","[{""source_id"":""src-de-bwl-final-archive"",""source_url"":""https://www.bundeswahlleiterin.de/dam/jcr/ce2d2b6a-f211-4355-8eea-355c98cd4e47/btw_kerg.zip"",""source_record_id"":""2407b62efac5c001dd189d58489c955c4a8d07dfab797d985d1d56fe2ecf9cb5:btw2002_kerg.csv:340:44"",""retrieved_at"":""2026-10-01T23:21:39.584Z"",""raw_snapshot"":{""path"":""docs/political-data/raw/germany/2026-10-01T23-21-39-584Z_02e7077f9358c9ef/final-results.zip"",""sha256"":""02e7077f9358c9ef408741ee5d17123a43c28ea766b26a7ab338c08fcaeb7512""},""parser_version"":""germany-production-v1"",""parser_sha256"":""2a8eb3487f392ef83303e7fb9ff246e4c111a7e64a469a6aa9eb21461ae9b1a0"",""fields_covered"":[""second_votes"",""registered_label_native""],""published_or_derived"":""published"",""source_member"":""btw2002_kerg.csv"",""source_member_sha256"":""2407b62efac5c001dd189d58489c955c4a8d07dfab797d985d1d56fe2ecf9cb5"",""source_column"":44}]",,,
"rc-ct-de-0019","germany","el-de-bt-2002-09-22","ct-de-0019","party_identity_difference","requires_manual_review","Election-specific result is sourced. Canonical party relation unresolved; excluded from continuous party series.","[{""source_id"":""src-de-bwl-final-archive"",""source_url"":""https://www.bundeswahlleiterin.de/dam/jcr/ce2d2b6a-f211-4355-8eea-355c98cd4e47/btw_kerg.zip"",""source_record_id"":""2407b62efac5c001dd189d58489c955c4a8d07dfab797d985d1d56fe2ecf9cb5:btw2002_kerg.csv:340:46"",""retrieved_at"":""2026-10-01T23:21:39.584Z"",""raw_snapshot"":{""path"":""docs/political-data/raw/germany/2026-10-01T23-21-39-584Z_02e7077f9358c9ef/final-results.zip"",""sha256"":""02e7077f9358c9ef408741ee5d17123a43c28ea766b26a7ab338c08fcaeb7512""},""parser_version"":""germany-production-v1"",""parser_sha256"":""2a8eb3487f392ef83303e7fb9ff246e4c111a7e64a469a6aa9eb21461ae9b1a0"",""fields_covered"":[""second_votes"",""registered_label_native""],""published_or_derived"":""published"",""source_member"":""btw2002_kerg.csv"",""source_member_sha256"":""2407b62efac5c001dd189d58489c955c4a8d07dfab797d985d1d56fe2ecf9cb5"",""source_column"":46}]",,,
"rc-ct-de-0020","germany","el-de-bt-2002-09-22","ct-de-0020","party_identity_difference","requires_manual_review","Election-specific result is sourced. Canonical party relation unresolved; excluded from continuous party series.","[{""source_id"":""src-de-bwl-final-archive"",""source_url"":""https://www.bundeswahlleiterin.de/dam/jcr/ce2d2b6a-f211-4355-8eea-355c98cd4e47/btw_kerg.zip"",""source_record_id"":""2407b62efac5c001dd189d58489c955c4a8d07dfab797d985d1d56fe2ecf9cb5:btw2002_kerg.csv:340:48"",""retrieved_at"":""2026-10-01T23:21:39.584Z"",""raw_snapshot"":{""path"":""docs/political-data/raw/germany/2026-10-01T23-21-39-584Z_02e7077f9358c9ef/final-results.zip"",""sha256"":""02e7077f9358c9ef408741ee5d17123a43c28ea766b26a7ab338c08fcaeb7512""},""parser_version"":""germany-production-v1"",""parser_sha256"":""2a8eb3487f392ef83303e7fb9ff246e4c111a7e64a469a6aa9eb21461ae9b1a0"",""fields_covered"":[""second_votes"",""registered_label_native""],""published_or_derived"":""published"",""source_member"":""btw2002_kerg.csv"",""source_member_sha256"":""2407b62efac5c001dd189d58489c955c4a8d07dfab797d985d1d56fe2ecf9cb5"",""source_column"":48}]",,,
"rc-ct-de-0021","germany","el-de-bt-2002-09-22","ct-de-0021","party_identity_difference","requires_manual_review","Election-specific result is sourced. Canonical party relation unresolved; excluded from continuous party series.","[{""source_id"":""src-de-bwl-final-archive"",""source_url"":""https://www.bundeswahlleiterin.de/dam/jcr/ce2d2b6a-f211-4355-8eea-355c98cd4e47/btw_kerg.zip"",""source_record_id"":""2407b62efac5c001dd189d58489c955c4a8d07dfab797d985d1d56fe2ecf9cb5:btw2002_kerg.csv:340:50"",""retrieved_at"":""2026-10-01T23:21:39.584Z"",""raw_snapshot"":{""path"":""docs/political-data/raw/germany/2026-10-01T23-21-39-584Z_02e7077f9358c9ef/final-results.zip"",""sha256"":""02e7077f9358c9ef408741ee5d17123a43c28ea766b26a7ab338c08fcaeb7512""},""parser_version"":""germany-production-v1"",""parser_sha256"":""2a8eb3487f392ef83303e7fb9ff246e4c111a7e64a469a6aa9eb21461ae9b1a0"",""fields_covered"":[""second_votes"",""registered_label_native""],""published_or_derived"":""published"",""source_member"":""btw2002_kerg.csv"",""source_member_sha256"":""2407b62efac5c001dd189d58489c955c4a8d07dfab797d985d1d56fe2ecf9cb5"",""source_column"":50}]",,,
"rc-ct-de-0022","germany","el-de-bt-2002-09-22","ct-de-0022","party_identity_difference","requires_manual_review","Election-specific result is sourced. Canonical party relation unresolved; excluded from continuous party series.","[{""source_id"":""src-de-bwl-final-archive"",""source_url"":""https://www.bundeswahlleiterin.de/dam/jcr/ce2d2b6a-f211-4355-8eea-355c98cd4e47/btw_kerg.zip"",""source_record_id"":""2407b62efac5c001dd189d58489c955c4a8d07dfab797d985d1d56fe2ecf9cb5:btw2002_kerg.csv:340:52"",""retrieved_at"":""2026-10-01T23:21:39.584Z"",""raw_snapshot"":{""path"":""docs/political-data/raw/germany/2026-10-01T23-21-39-584Z_02e7077f9358c9ef/final-results.zip"",""sha256"":""02e7077f9358c9ef408741ee5d17123a43c28ea766b26a7ab338c08fcaeb7512""},""parser_version"":""germany-production-v1"",""parser_sha256"":""2a8eb3487f392ef83303e7fb9ff246e4c111a7e64a469a6aa9eb21461ae9b1a0"",""fields_covered"":[""second_votes"",""registered_label_native""],""published_or_derived"":""published"",""source_member"":""btw2002_kerg.csv"",""source_member_sha256"":""2407b62efac5c001dd189d58489c955c4a8d07dfab797d985d1d56fe2ecf9cb5"",""source_column"":52}]",,,
"rc-ct-de-0023","germany","el-de-bt-2002-09-22","ct-de-0023","party_identity_difference","requires_manual_review","Election-specific result is sourced. Canonical party relation unresolved; excluded from continuous party series.","[{""source_id"":""src-de-bwl-final-archive"",""source_url"":""https://www.bundeswahlleiterin.de/dam/jcr/ce2d2b6a-f211-4355-8eea-355c98cd4e47/btw_kerg.zip"",""source_record_id"":""2407b62efac5c001dd189d58489c955c4a8d07dfab797d985d1d56fe2ecf9cb5:btw2002_kerg.csv:340:54"",""retrieved_at"":""2026-10-01T23:21:39.584Z"",""raw_snapshot"":{""path"":""docs/political-data/raw/germany/2026-10-01T23-21-39-584Z_02e7077f9358c9ef/final-results.zip"",""sha256"":""02e7077f9358c9ef408741ee5d17123a43c28ea766b26a7ab338c08fcaeb7512""},""parser_version"":""germany-production-v1"",""parser_sha256"":""2a8eb3487f392ef83303e7fb9ff246e4c111a7e64a469a6aa9eb21461ae9b1a0"",""fields_covered"":[""second_votes"",""registered_label_native""],""published_or_derived"":""published"",""source_member"":""btw2002_kerg.csv"",""source_member_sha256"":""2407b62efac5c001dd189d58489c955c4a8d07dfab797d985d1d56fe2ecf9cb5"",""source_column"":54}]",,,
"rc-ct-de-0024","germany","el-de-bt-2002-09-22","ct-de-0024","party_identity_difference","requires_manual_review","Election-specific result is sourced. Canonical party relation unresolved; excluded from continuous party series.","[{""source_id"":""src-de-bwl-final-archive"",""source_url"":""https://www.bundeswahlleiterin.de/dam/jcr/ce2d2b6a-f211-4355-8eea-355c98cd4e47/btw_kerg.zip"",""source_record_id"":""2407b62efac5c001dd189d58489c955c4a8d07dfab797d985d1d56fe2ecf9cb5:btw2002_kerg.csv:340:56"",""retrieved_at"":""2026-10-01T23:21:39.584Z"",""raw_snapshot"":{""path"":""docs/political-data/raw/germany/2026-10-01T23-21-39-584Z_02e7077f9358c9ef/final-results.zip"",""sha256"":""02e7077f9358c9ef408741ee5d17123a43c28ea766b26a7ab338c08fcaeb7512""},""parser_version"":""germany-production-v1"",""parser_sha256"":""2a8eb3487f392ef83303e7fb9ff246e4c111a7e64a469a6aa9eb21461ae9b1a0"",""fields_covered"":[""second_votes"",""registered_label_native""],""published_or_derived"":""published"",""source_member"":""btw2002_kerg.csv"",""source_member_sha256"":""2407b62efac5c001dd189d58489c955c4a8d07dfab797d985d1d56fe2ecf9cb5"",""source_column"":56}]",,,
"rc-ct-de-0025","germany","el-de-bt-2005-09-18","ct-de-0025","party_identity_difference","requires_manual_review","Election-specific result is sourced. Canonical party relation unresolved; excluded from continuous party series.","[{""source_id"":""src-de-bwl-final-archive"",""source_url"":""https://www.bundeswahlleiterin.de/dam/jcr/ce2d2b6a-f211-4355-8eea-355c98cd4e47/btw_kerg.zip"",""source_record_id"":""995e59d1e6aadaa37bc453bf3c82f736fc99d3cdf0fc0b976f938dcd800b82c0:btw2005_kerg.csv:340:21"",""retrieved_at"":""2026-10-01T23:21:39.584Z"",""raw_snapshot"":{""path"":""docs/political-data/raw/germany/2026-10-01T23-21-39-584Z_02e7077f9358c9ef/final-results.zip"",""sha256"":""02e7077f9358c9ef408741ee5d17123a43c28ea766b26a7ab338c08fcaeb7512""},""parser_version"":""germany-production-v1"",""parser_sha256"":""2a8eb3487f392ef83303e7fb9ff246e4c111a7e64a469a6aa9eb21461ae9b1a0"",""fields_covered"":[""second_votes"",""registered_label_native""],""published_or_derived"":""published"",""source_member"":""btw2005_kerg.csv"",""source_member_sha256"":""995e59d1e6aadaa37bc453bf3c82f736fc99d3cdf0fc0b976f938dcd800b82c0"",""source_column"":21}]",,,
"rc-ct-de-0026","germany","el-de-bt-2005-09-18","ct-de-0026","party_identity_difference","requires_manual_review","Election-specific result is sourced. Canonical party relation unresolved; excluded from continuous party series.","[{""source_id"":""src-de-bwl-final-archive"",""source_url"":""https://www.bundeswahlleiterin.de/dam/jcr/ce2d2b6a-f211-4355-8eea-355c98cd4e47/btw_kerg.zip"",""source_record_id"":""995e59d1e6aadaa37bc453bf3c82f736fc99d3cdf0fc0b976f938dcd800b82c0:btw2005_kerg.csv:340:25"",""retrieved_at"":""2026-10-01T23:21:39.584Z"",""raw_snapshot"":{""path"":""docs/political-data/raw/germany/2026-10-01T23-21-39-584Z_02e7077f9358c9ef/final-results.zip"",""sha256"":""02e7077f9358c9ef408741ee5d17123a43c28ea766b26a7ab338c08fcaeb7512""},""parser_version"":""germany-production-v1"",""parser_sha256"":""2a8eb3487f392ef83303e7fb9ff246e4c111a7e64a469a6aa9eb21461ae9b1a0"",""fields_covered"":[""second_votes"",""registered_label_native""],""published_or_derived"":""published"",""source_member"":""btw2005_kerg.csv"",""source_member_sha256"":""995e59d1e6aadaa37bc453bf3c82f736fc99d3cdf0fc0b976f938dcd800b82c0"",""source_column"":25}]",,,
"rc-ct-de-0027","germany","el-de-bt-2005-09-18","ct-de-0027","party_identity_difference","requires_manual_review","Election-specific result is sourced. Canonical party relation unresolved; excluded from continuous party series.","[{""source_id"":""src-de-bwl-final-archive"",""source_url"":""https://www.bundeswahlleiterin.de/dam/jcr/ce2d2b6a-f211-4355-8eea-355c98cd4e47/btw_kerg.zip"",""source_record_id"":""995e59d1e6aadaa37bc453bf3c82f736fc99d3cdf0fc0b976f938dcd800b82c0:btw2005_kerg.csv:340:29"",""retrieved_at"":""2026-10-01T23:21:39.584Z"",""raw_snapshot"":{""path"":""docs/political-data/raw/germany/2026-10-01T23-21-39-584Z_02e7077f9358c9ef/final-results.zip"",""sha256"":""02e7077f9358c9ef408741ee5d17123a43c28ea766b26a7ab338c08fcaeb7512""},""parser_version"":""germany-production-v1"",""parser_sha256"":""2a8eb3487f392ef83303e7fb9ff246e4c111a7e64a469a6aa9eb21461ae9b1a0"",""fields_covered"":[""second_votes"",""registered_label_native""],""published_or_derived"":""published"",""source_member"":""btw2005_kerg.csv"",""source_member_sha256"":""995e59d1e6aadaa37bc453bf3c82f736fc99d3cdf0fc0b976f938dcd800b82c0"",""source_column"":29}]",,,
"rc-ct-de-0028","germany","el-de-bt-2005-09-18","ct-de-0028","party_identity_difference","requires_manual_review","Election-specific result is sourced. Canonical party relation unresolved; excluded from continuous party series.","[{""source_id"":""src-de-bwl-final-archive"",""source_url"":""https://www.bundeswahlleiterin.de/dam/jcr/ce2d2b6a-f211-4355-8eea-355c98cd4e47/btw_kerg.zip"",""source_record_id"":""995e59d1e6aadaa37bc453bf3c82f736fc99d3cdf0fc0b976f938dcd800b82c0:btw2005_kerg.csv:340:33"",""retrieved_at"":""2026-10-01T23:21:39.584Z"",""raw_snapshot"":{""path"":""docs/political-data/raw/germany/2026-10-01T23-21-39-584Z_02e7077f9358c9ef/final-results.zip"",""sha256"":""02e7077f9358c9ef408741ee5d17123a43c28ea766b26a7ab338c08fcaeb7512""},""parser_version"":""germany-production-v1"",""parser_sha256"":""2a8eb3487f392ef83303e7fb9ff246e4c111a7e64a469a6aa9eb21461ae9b1a0"",""fields_covered"":[""second_votes"",""registered_label_native""],""published_or_derived"":""published"",""source_member"":""btw2005_kerg.csv"",""source_member_sha256"":""995e59d1e6aadaa37bc453bf3c82f736fc99d3cdf0fc0b976f938dcd800b82c0"",""source_column"":33}]",,,
"rc-ct-de-0029","germany","el-de-bt-2005-09-18","ct-de-0029","party_identity_difference","requires_manual_review","Election-specific result is sourced. Canonical party relation unresolved; excluded from continuous party series.","[{""source_id"":""src-de-bwl-final-archive"",""source_url"":""https://www.bundeswahlleiterin.de/dam/jcr/ce2d2b6a-f211-4355-8eea-355c98cd4e47/btw_kerg.zip"",""source_record_id"":""995e59d1e6aadaa37bc453bf3c82f736fc99d3cdf0fc0b976f938dcd800b82c0:btw2005_kerg.csv:340:37"",""retrieved_at"":""2026-10-01T23:21:39.584Z"",""raw_snapshot"":{""path"":""docs/political-data/raw/germany/2026-10-01T23-21-39-584Z_02e7077f9358c9ef/final-results.zip"",""sha256"":""02e7077f9358c9ef408741ee5d17123a43c28ea766b26a7ab338c08fcaeb7512""},""parser_version"":""germany-production-v1"",""parser_sha256"":""2a8eb3487f392ef83303e7fb9ff246e4c111a7e64a469a6aa9eb21461ae9b1a0"",""fields_covered"":[""second_votes"",""registered_label_native""],""published_or_derived"":""published"",""source_member"":""btw2005_kerg.csv"",""source_member_sha256"":""995e59d1e6aadaa37bc453bf3c82f736fc99d3cdf0fc0b976f938dcd800b82c0"",""source_column"":37}]",,,
"rc-ct-de-0030","germany","el-de-bt-2005-09-18","ct-de-0030","party_identity_difference","requires_manual_review","Election-specific result is sourced. Canonical party relation unresolved; excluded from continuous party series.","[{""source_id"":""src-de-bwl-final-archive"",""source_url"":""https://www.bundeswahlleiterin.de/dam/jcr/ce2d2b6a-f211-4355-8eea-355c98cd4e47/btw_kerg.zip"",""source_record_id"":""995e59d1e6aadaa37bc453bf3c82f736fc99d3cdf0fc0b976f938dcd800b82c0:btw2005_kerg.csv:340:41"",""retrieved_at"":""2026-10-01T23:21:39.584Z"",""raw_snapshot"":{""path"":""docs/political-data/raw/germany/2026-10-01T23-21-39-584Z_02e7077f9358c9ef/final-results.zip"",""sha256"":""02e7077f9358c9ef408741ee5d17123a43c28ea766b26a7ab338c08fcaeb7512""},""parser_version"":""germany-production-v1"",""parser_sha256"":""2a8eb3487f392ef83303e7fb9ff246e4c111a7e64a469a6aa9eb21461ae9b1a0"",""fields_covered"":[""second_votes"",""registered_label_native""],""published_or_derived"":""published"",""source_member"":""btw2005_kerg.csv"",""source_member_sha256"":""995e59d1e6aadaa37bc453bf3c82f736fc99d3cdf0fc0b976f938dcd800b82c0"",""source_column"":41}]",,,
"rc-ct-de-0031","germany","el-de-bt-2005-09-18","ct-de-0031","party_identity_difference","requires_manual_review","Election-specific result is sourced. Canonical party relation unresolved; excluded from continuous party series.","[{""source_id"":""src-de-bwl-final-archive"",""source_url"":""https://www.bundeswahlleiterin.de/dam/jcr/ce2d2b6a-f211-4355-8eea-355c98cd4e47/btw_kerg.zip"",""source_record_id"":""995e59d1e6aadaa37bc453bf3c82f736fc99d3cdf0fc0b976f938dcd800b82c0:btw2005_kerg.csv:340:45"",""retrieved_at"":""2026-10-01T23:21:39.584Z"",""raw_snapshot"":{""path"":""docs/political-data/raw/germany/2026-10-01T23-21-39-584Z_02e7077f9358c9ef/final-results.zip"",""sha256"":""02e7077f9358c9ef408741ee5d17123a43c28ea766b26a7ab338c08fcaeb7512""},""parser_version"":""germany-production-v1"",""parser_sha256"":""2a8eb3487f392ef83303e7fb9ff246e4c111a7e64a469a6aa9eb21461ae9b1a0"",""fields_covered"":[""second_votes"",""registered_label_native""],""published_or_derived"":""published"",""source_member"":""btw2005_kerg.csv"",""source_member_sha256"":""995e59d1e6aadaa37bc453bf3c82f736fc99d3cdf0fc0b976f938dcd800b82c0"",""source_column"":45}]",,,
"rc-ct-de-0032","germany","el-de-bt-2005-09-18","ct-de-0032","party_identity_difference","requires_manual_review","Election-specific result is sourced. Canonical party relation unresolved; excluded from continuous party series.","[{""source_id"":""src-de-bwl-final-archive"",""source_url"":""https://www.bundeswahlleiterin.de/dam/jcr/ce2d2b6a-f211-4355-8eea-355c98cd4e47/btw_kerg.zip"",""source_record_id"":""995e59d1e6aadaa37bc453bf3c82f736fc99d3cdf0fc0b976f938dcd800b82c0:btw2005_kerg.csv:340:49"",""retrieved_at"":""2026-10-01T23:21:39.584Z"",""raw_snapshot"":{""path"":""docs/political-data/raw/germany/2026-10-01T23-21-39-584Z_02e7077f9358c9ef/final-results.zip"",""sha256"":""02e7077f9358c9ef408741ee5d17123a43c28ea766b26a7ab338c08fcaeb7512""},""parser_version"":""germany-production-v1"",""parser_sha256"":""2a8eb3487f392ef83303e7fb9ff246e4c111a7e64a469a6aa9eb21461ae9b1a0"",""fields_covered"":[""second_votes"",""registered_label_native""],""published_or_derived"":""published"",""source_member"":""btw2005_kerg.csv"",""source_member_sha256"":""995e59d1e6aadaa37bc453bf3c82f736fc99d3cdf0fc0b976f938dcd800b82c0"",""source_column"":49}]",,,
"rc-ct-de-0033","germany","el-de-bt-2005-09-18","ct-de-0033","party_identity_difference","requires_manual_review","Election-specific result is sourced. Canonical party relation unresolved; excluded from continuous party series.","[{""source_id"":""src-de-bwl-final-archive"",""source_url"":""https://www.bundeswahlleiterin.de/dam/jcr/ce2d2b6a-f211-4355-8eea-355c98cd4e47/btw_kerg.zip"",""source_record_id"":""995e59d1e6aadaa37bc453bf3c82f736fc99d3cdf0fc0b976f938dcd800b82c0:btw2005_kerg.csv:340:53"",""retrieved_at"":""2026-10-01T23:21:39.584Z"",""raw_snapshot"":{""path"":""docs/political-data/raw/germany/2026-10-01T23-21-39-584Z_02e7077f9358c9ef/final-results.zip"",""sha256"":""02e7077f9358c9ef408741ee5d17123a43c28ea766b26a7ab338c08fcaeb7512""},""parser_version"":""germany-production-v1"",""parser_sha256"":""2a8eb3487f392ef83303e7fb9ff246e4c111a7e64a469a6aa9eb21461ae9b1a0"",""fields_covered"":[""second_votes"",""registered_label_native""],""published_or_derived"":""published"",""source_member"":""btw2005_kerg.csv"",""source_member_sha256"":""995e59d1e6aadaa37bc453bf3c82f736fc99d3cdf0fc0b976f938dcd800b82c0"",""source_column"":53}]",,,
"rc-ct-de-0034","germany","el-de-bt-2005-09-18","ct-de-0034","party_identity_difference","requires_manual_review","Election-specific result is sourced. Canonical party relation unresolved; excluded from continuous party series.","[{""source_id"":""src-de-bwl-final-archive"",""source_url"":""https://www.bundeswahlleiterin.de/dam/jcr/ce2d2b6a-f211-4355-8eea-355c98cd4e47/btw_kerg.zip"",""source_record_id"":""995e59d1e6aadaa37bc453bf3c82f736fc99d3cdf0fc0b976f938dcd800b82c0:btw2005_kerg.csv:340:57"",""retrieved_at"":""2026-10-01T23:21:39.584Z"",""raw_snapshot"":{""path"":""docs/political-data/raw/germany/2026-10-01T23-21-39-584Z_02e7077f9358c9ef/final-results.zip"",""sha256"":""02e7077f9358c9ef408741ee5d17123a43c28ea766b26a7ab338c08fcaeb7512""},""parser_version"":""germany-production-v1"",""parser_sha256"":""2a8eb3487f392ef83303e7fb9ff246e4c111a7e64a469a6aa9eb21461ae9b1a0"",""fields_covered"":[""second_votes"",""registered_label_native""],""published_or_derived"":""published"",""source_member"":""btw2005_kerg.csv"",""source_member_sha256"":""995e59d1e6aadaa37bc453bf3c82f736fc99d3cdf0fc0b976f938dcd800b82c0"",""source_column"":57}]",,,
"rc-ct-de-0035","germany","el-de-bt-2005-09-18","ct-de-0035","party_identity_difference","requires_manual_review","Election-specific result is sourced. Canonical party relation unresolved; excluded from continuous party series.","[{""source_id"":""src-de-bwl-final-archive"",""source_url"":""https://www.bundeswahlleiterin.de/dam/jcr/ce2d2b6a-f211-4355-8eea-355c98cd4e47/btw_kerg.zip"",""source_record_id"":""995e59d1e6aadaa37bc453bf3c82f736fc99d3cdf0fc0b976f938dcd800b82c0:btw2005_kerg.csv:340:61"",""retrieved_at"":""2026-10-01T23:21:39.584Z"",""raw_snapshot"":{""path"":""docs/political-data/raw/germany/2026-10-01T23-21-39-584Z_02e7077f9358c9ef/final-results.zip"",""sha256"":""02e7077f9358c9ef408741ee5d17123a43c28ea766b26a7ab338c08fcaeb7512""},""parser_version"":""germany-production-v1"",""parser_sha256"":""2a8eb3487f392ef83303e7fb9ff246e4c111a7e64a469a6aa9eb21461ae9b1a0"",""fields_covered"":[""second_votes"",""registered_label_native""],""published_or_derived"":""published"",""source_member"":""btw2005_kerg.csv"",""source_member_sha256"":""995e59d1e6aadaa37bc453bf3c82f736fc99d3cdf0fc0b976f938dcd800b82c0"",""source_column"":61}]",,,
"rc-ct-de-0036","germany","el-de-bt-2005-09-18","ct-de-0036","party_identity_difference","requires_manual_review","Election-specific result is sourced. Canonical party relation unresolved; excluded from continuous party series.","[{""source_id"":""src-de-bwl-final-archive"",""source_url"":""https://www.bundeswahlleiterin.de/dam/jcr/ce2d2b6a-f211-4355-8eea-355c98cd4e47/btw_kerg.zip"",""source_record_id"":""995e59d1e6aadaa37bc453bf3c82f736fc99d3cdf0fc0b976f938dcd800b82c0:btw2005_kerg.csv:340:65"",""retrieved_at"":""2026-10-01T23:21:39.584Z"",""raw_snapshot"":{""path"":""docs/political-data/raw/germany/2026-10-01T23-21-39-584Z_02e7077f9358c9ef/final-results.zip"",""sha256"":""02e7077f9358c9ef408741ee5d17123a43c28ea766b26a7ab338c08fcaeb7512""},""parser_version"":""germany-production-v1"",""parser_sha256"":""2a8eb3487f392ef83303e7fb9ff246e4c111a7e64a469a6aa9eb21461ae9b1a0"",""fields_covered"":[""second_votes"",""registered_label_native""],""published_or_derived"":""published"",""source_member"":""btw2005_kerg.csv"",""source_member_sha256"":""995e59d1e6aadaa37bc453bf3c82f736fc99d3cdf0fc0b976f938dcd800b82c0"",""source_column"":65}]",,,
"rc-ct-de-0037","germany","el-de-bt-2005-09-18","ct-de-0037","party_identity_difference","requires_manual_review","Election-specific result is sourced. Canonical party relation unresolved; excluded from continuous party series.","[{""source_id"":""src-de-bwl-final-archive"",""source_url"":""https://www.bundeswahlleiterin.de/dam/jcr/ce2d2b6a-f211-4355-8eea-355c98cd4e47/btw_kerg.zip"",""source_record_id"":""995e59d1e6aadaa37bc453bf3c82f736fc99d3cdf0fc0b976f938dcd800b82c0:btw2005_kerg.csv:340:69"",""retrieved_at"":""2026-10-01T23:21:39.584Z"",""raw_snapshot"":{""path"":""docs/political-data/raw/germany/2026-10-01T23-21-39-584Z_02e7077f9358c9ef/final-results.zip"",""sha256"":""02e7077f9358c9ef408741ee5d17123a43c28ea766b26a7ab338c08fcaeb7512""},""parser_version"":""germany-production-v1"",""parser_sha256"":""2a8eb3487f392ef83303e7fb9ff246e4c111a7e64a469a6aa9eb21461ae9b1a0"",""fields_covered"":[""second_votes"",""registered_label_native""],""published_or_derived"":""published"",""source_member"":""btw2005_kerg.csv"",""source_member_sha256"":""995e59d1e6aadaa37bc453bf3c82f736fc99d3cdf0fc0b976f938dcd800b82c0"",""source_column"":69}]",,,
"rc-ct-de-0038","germany","el-de-bt-2005-09-18","ct-de-0038","party_identity_difference","requires_manual_review","Election-specific result is sourced. Canonical party relation unresolved; excluded from continuous party series.","[{""source_id"":""src-de-bwl-final-archive"",""source_url"":""https://www.bundeswahlleiterin.de/dam/jcr/ce2d2b6a-f211-4355-8eea-355c98cd4e47/btw_kerg.zip"",""source_record_id"":""995e59d1e6aadaa37bc453bf3c82f736fc99d3cdf0fc0b976f938dcd800b82c0:btw2005_kerg.csv:340:73"",""retrieved_at"":""2026-10-01T23:21:39.584Z"",""raw_snapshot"":{""path"":""docs/political-data/raw/germany/2026-10-01T23-21-39-584Z_02e7077f9358c9ef/final-results.zip"",""sha256"":""02e7077f9358c9ef408741ee5d17123a43c28ea766b26a7ab338c08fcaeb7512""},""parser_version"":""germany-production-v1"",""parser_sha256"":""2a8eb3487f392ef83303e7fb9ff246e4c111a7e64a469a6aa9eb21461ae9b1a0"",""fields_covered"":[""second_votes"",""registered_label_native""],""published_or_derived"":""published"",""source_member"":""btw2005_kerg.csv"",""source_member_sha256"":""995e59d1e6aadaa37bc453bf3c82f736fc99d3cdf0fc0b976f938dcd800b82c0"",""source_column"":73}]",,,
"rc-ct-de-0039","germany","el-de-bt-2005-09-18","ct-de-0039","party_identity_difference","requires_manual_review","Election-specific result is sourced. Canonical party relation unresolved; excluded from continuous party series.","[{""source_id"":""src-de-bwl-final-archive"",""source_url"":""https://www.bundeswahlleiterin.de/dam/jcr/ce2d2b6a-f211-4355-8eea-355c98cd4e47/btw_kerg.zip"",""source_record_id"":""995e59d1e6aadaa37bc453bf3c82f736fc99d3cdf0fc0b976f938dcd800b82c0:btw2005_kerg.csv:340:77"",""retrieved_at"":""2026-10-01T23:21:39.584Z"",""raw_snapshot"":{""path"":""docs/political-data/raw/germany/2026-10-01T23-21-39-584Z_02e7077f9358c9ef/final-results.zip"",""sha256"":""02e7077f9358c9ef408741ee5d17123a43c28ea766b26a7ab338c08fcaeb7512""},""parser_version"":""germany-production-v1"",""parser_sha256"":""2a8eb3487f392ef83303e7fb9ff246e4c111a7e64a469a6aa9eb21461ae9b1a0"",""fields_covered"":[""second_votes"",""registered_label_native""],""published_or_derived"":""published"",""source_member"":""btw2005_kerg.csv"",""source_member_sha256"":""995e59d1e6aadaa37bc453bf3c82f736fc99d3cdf0fc0b976f938dcd800b82c0"",""source_column"":77}]",,,
"rc-ct-de-0040","germany","el-de-bt-2005-09-18","ct-de-0040","party_identity_difference","requires_manual_review","Election-specific result is sourced. Canonical party relation unresolved; excluded from continuous party series.","[{""source_id"":""src-de-bwl-final-archive"",""source_url"":""https://www.bundeswahlleiterin.de/dam/jcr/ce2d2b6a-f211-4355-8eea-355c98cd4e47/btw_kerg.zip"",""source_record_id"":""995e59d1e6aadaa37bc453bf3c82f736fc99d3cdf0fc0b976f938dcd800b82c0:btw2005_kerg.csv:340:81"",""retrieved_at"":""2026-10-01T23:21:39.584Z"",""raw_snapshot"":{""path"":""docs/political-data/raw/germany/2026-10-01T23-21-39-584Z_02e7077f9358c9ef/final-results.zip"",""sha256"":""02e7077f9358c9ef408741ee5d17123a43c28ea766b26a7ab338c08fcaeb7512""},""parser_version"":""germany-production-v1"",""parser_sha256"":""2a8eb3487f392ef83303e7fb9ff246e4c111a7e64a469a6aa9eb21461ae9b1a0"",""fields_covered"":[""second_votes"",""registered_label_native""],""published_or_derived"":""published"",""source_member"":""btw2005_kerg.csv"",""source_member_sha256"":""995e59d1e6aadaa37bc453bf3c82f736fc99d3cdf0fc0b976f938dcd800b82c0"",""source_column"":81}]",,,
"rc-ct-de-0041","germany","el-de-bt-2005-09-18","ct-de-0041","party_identity_difference","requires_manual_review","Election-specific result is sourced. Canonical party relation unresolved; excluded from continuous party series.","[{""source_id"":""src-de-bwl-final-archive"",""source_url"":""https://www.bundeswahlleiterin.de/dam/jcr/ce2d2b6a-f211-4355-8eea-355c98cd4e47/btw_kerg.zip"",""source_record_id"":""995e59d1e6aadaa37bc453bf3c82f736fc99d3cdf0fc0b976f938dcd800b82c0:btw2005_kerg.csv:340:85"",""retrieved_at"":""2026-10-01T23:21:39.584Z"",""raw_snapshot"":{""path"":""docs/political-data/raw/germany/2026-10-01T23-21-39-584Z_02e7077f9358c9ef/final-results.zip"",""sha256"":""02e7077f9358c9ef408741ee5d17123a43c28ea766b26a7ab338c08fcaeb7512""},""parser_version"":""germany-production-v1"",""parser_sha256"":""2a8eb3487f392ef83303e7fb9ff246e4c111a7e64a469a6aa9eb21461ae9b1a0"",""fields_covered"":[""second_votes"",""registered_label_native""],""published_or_derived"":""published"",""source_member"":""btw2005_kerg.csv"",""source_member_sha256"":""995e59d1e6aadaa37bc453bf3c82f736fc99d3cdf0fc0b976f938dcd800b82c0"",""source_column"":85}]",,,
"rc-ct-de-0042","germany","el-de-bt-2005-09-18","ct-de-0042","party_identity_difference","requires_manual_review","Election-specific result is sourced. Canonical party relation unresolved; excluded from continuous party series.","[{""source_id"":""src-de-bwl-final-archive"",""source_url"":""https://www.bundeswahlleiterin.de/dam/jcr/ce2d2b6a-f211-4355-8eea-355c98cd4e47/btw_kerg.zip"",""source_record_id"":""995e59d1e6aadaa37bc453bf3c82f736fc99d3cdf0fc0b976f938dcd800b82c0:btw2005_kerg.csv:340:89"",""retrieved_at"":""2026-10-01T23:21:39.584Z"",""raw_snapshot"":{""path"":""docs/political-data/raw/germany/2026-10-01T23-21-39-584Z_02e7077f9358c9ef/final-results.zip"",""sha256"":""02e7077f9358c9ef408741ee5d17123a43c28ea766b26a7ab338c08fcaeb7512""},""parser_version"":""germany-production-v1"",""parser_sha256"":""2a8eb3487f392ef83303e7fb9ff246e4c111a7e64a469a6aa9eb21461ae9b1a0"",""fields_covered"":[""second_votes"",""registered_label_native""],""published_or_derived"":""published"",""source_member"":""btw2005_kerg.csv"",""source_member_sha256"":""995e59d1e6aadaa37bc453bf3c82f736fc99d3cdf0fc0b976f938dcd800b82c0"",""source_column"":89}]",,,
"rc-ct-de-0043","germany","el-de-bt-2005-09-18","ct-de-0043","party_identity_difference","requires_manual_review","Election-specific result is sourced. Canonical party relation unresolved; excluded from continuous party series.","[{""source_id"":""src-de-bwl-final-archive"",""source_url"":""https://www.bundeswahlleiterin.de/dam/jcr/ce2d2b6a-f211-4355-8eea-355c98cd4e47/btw_kerg.zip"",""source_record_id"":""995e59d1e6aadaa37bc453bf3c82f736fc99d3cdf0fc0b976f938dcd800b82c0:btw2005_kerg.csv:340:93"",""retrieved_at"":""2026-10-01T23:21:39.584Z"",""raw_snapshot"":{""path"":""docs/political-data/raw/germany/2026-10-01T23-21-39-584Z_02e7077f9358c9ef/final-results.zip"",""sha256"":""02e7077f9358c9ef408741ee5d17123a43c28ea766b26a7ab338c08fcaeb7512""},""parser_version"":""germany-production-v1"",""parser_sha256"":""2a8eb3487f392ef83303e7fb9ff246e4c111a7e64a469a6aa9eb21461ae9b1a0"",""fields_covered"":[""second_votes"",""registered_label_native""],""published_or_derived"":""published"",""source_member"":""btw2005_kerg.csv"",""source_member_sha256"":""995e59d1e6aadaa37bc453bf3c82f736fc99d3cdf0fc0b976f938dcd800b82c0"",""source_column"":93}]",,,
"rc-ct-de-0044","germany","el-de-bt-2005-09-18","ct-de-0044","party_identity_difference","requires_manual_review","Election-specific result is sourced. Canonical party relation unresolved; excluded from continuous party series.","[{""source_id"":""src-de-bwl-final-archive"",""source_url"":""https://www.bundeswahlleiterin.de/dam/jcr/ce2d2b6a-f211-4355-8eea-355c98cd4e47/btw_kerg.zip"",""source_record_id"":""995e59d1e6aadaa37bc453bf3c82f736fc99d3cdf0fc0b976f938dcd800b82c0:btw2005_kerg.csv:340:97"",""retrieved_at"":""2026-10-01T23:21:39.584Z"",""raw_snapshot"":{""path"":""docs/political-data/raw/germany/2026-10-01T23-21-39-584Z_02e7077f9358c9ef/final-results.zip"",""sha256"":""02e7077f9358c9ef408741ee5d17123a43c28ea766b26a7ab338c08fcaeb7512""},""parser_version"":""germany-production-v1"",""parser_sha256"":""2a8eb3487f392ef83303e7fb9ff246e4c111a7e64a469a6aa9eb21461ae9b1a0"",""fields_covered"":[""second_votes"",""registered_label_native""],""published_or_derived"":""published"",""source_member"":""btw2005_kerg.csv"",""source_member_sha256"":""995e59d1e6aadaa37bc453bf3c82f736fc99d3cdf0fc0b976f938dcd800b82c0"",""source_column"":97}]",,,
"rc-ct-de-0045","germany","el-de-bt-2005-09-18","ct-de-0045","party_identity_difference","requires_manual_review","Election-specific result is sourced. Canonical party relation unresolved; excluded from continuous party series.","[{""source_id"":""src-de-bwl-final-archive"",""source_url"":""https://www.bundeswahlleiterin.de/dam/jcr/ce2d2b6a-f211-4355-8eea-355c98cd4e47/btw_kerg.zip"",""source_record_id"":""995e59d1e6aadaa37bc453bf3c82f736fc99d3cdf0fc0b976f938dcd800b82c0:btw2005_kerg.csv:340:101"",""retrieved_at"":""2026-10-01T23:21:39.584Z"",""raw_snapshot"":{""path"":""docs/political-data/raw/germany/2026-10-01T23-21-39-584Z_02e7077f9358c9ef/final-results.zip"",""sha256"":""02e7077f9358c9ef408741ee5d17123a43c28ea766b26a7ab338c08fcaeb7512""},""parser_version"":""germany-production-v1"",""parser_sha256"":""2a8eb3487f392ef83303e7fb9ff246e4c111a7e64a469a6aa9eb21461ae9b1a0"",""fields_covered"":[""second_votes"",""registered_label_native""],""published_or_derived"":""published"",""source_member"":""btw2005_kerg.csv"",""source_member_sha256"":""995e59d1e6aadaa37bc453bf3c82f736fc99d3cdf0fc0b976f938dcd800b82c0"",""source_column"":101}]",,,
"rc-ct-de-0046","germany","el-de-bt-2005-09-18","ct-de-0046","party_identity_difference","requires_manual_review","Election-specific result is sourced. Canonical party relation unresolved; excluded from continuous party series.","[{""source_id"":""src-de-bwl-final-archive"",""source_url"":""https://www.bundeswahlleiterin.de/dam/jcr/ce2d2b6a-f211-4355-8eea-355c98cd4e47/btw_kerg.zip"",""source_record_id"":""995e59d1e6aadaa37bc453bf3c82f736fc99d3cdf0fc0b976f938dcd800b82c0:btw2005_kerg.csv:340:105"",""retrieved_at"":""2026-10-01T23:21:39.584Z"",""raw_snapshot"":{""path"":""docs/political-data/raw/germany/2026-10-01T23-21-39-584Z_02e7077f9358c9ef/final-results.zip"",""sha256"":""02e7077f9358c9ef408741ee5d17123a43c28ea766b26a7ab338c08fcaeb7512""},""parser_version"":""germany-production-v1"",""parser_sha256"":""2a8eb3487f392ef83303e7fb9ff246e4c111a7e64a469a6aa9eb21461ae9b1a0"",""fields_covered"":[""second_votes"",""registered_label_native""],""published_or_derived"":""published"",""source_member"":""btw2005_kerg.csv"",""source_member_sha256"":""995e59d1e6aadaa37bc453bf3c82f736fc99d3cdf0fc0b976f938dcd800b82c0"",""source_column"":105}]",,,
"rc-ct-de-0047","germany","el-de-bt-2005-09-18","ct-de-0047","party_identity_difference","requires_manual_review","Election-specific result is sourced. Canonical party relation unresolved; excluded from continuous party series.","[{""source_id"":""src-de-bwl-final-archive"",""source_url"":""https://www.bundeswahlleiterin.de/dam/jcr/ce2d2b6a-f211-4355-8eea-355c98cd4e47/btw_kerg.zip"",""source_record_id"":""995e59d1e6aadaa37bc453bf3c82f736fc99d3cdf0fc0b976f938dcd800b82c0:btw2005_kerg.csv:340:109"",""retrieved_at"":""2026-10-01T23:21:39.584Z"",""raw_snapshot"":{""path"":""docs/political-data/raw/germany/2026-10-01T23-21-39-584Z_02e7077f9358c9ef/final-results.zip"",""sha256"":""02e7077f9358c9ef408741ee5d17123a43c28ea766b26a7ab338c08fcaeb7512""},""parser_version"":""germany-production-v1"",""parser_sha256"":""2a8eb3487f392ef83303e7fb9ff246e4c111a7e64a469a6aa9eb21461ae9b1a0"",""fields_covered"":[""second_votes"",""registered_label_native""],""published_or_derived"":""published"",""source_member"":""btw2005_kerg.csv"",""source_member_sha256"":""995e59d1e6aadaa37bc453bf3c82f736fc99d3cdf0fc0b976f938dcd800b82c0"",""source_column"":109}]",,,
"rc-ct-de-0048","germany","el-de-bt-2005-09-18","ct-de-0048","party_identity_difference","requires_manual_review","Election-specific result is sourced. Canonical party relation unresolved; excluded from continuous party series.","[{""source_id"":""src-de-bwl-final-archive"",""source_url"":""https://www.bundeswahlleiterin.de/dam/jcr/ce2d2b6a-f211-4355-8eea-355c98cd4e47/btw_kerg.zip"",""source_record_id"":""995e59d1e6aadaa37bc453bf3c82f736fc99d3cdf0fc0b976f938dcd800b82c0:btw2005_kerg.csv:340:113"",""retrieved_at"":""2026-10-01T23:21:39.584Z"",""raw_snapshot"":{""path"":""docs/political-data/raw/germany/2026-10-01T23-21-39-584Z_02e7077f9358c9ef/final-results.zip"",""sha256"":""02e7077f9358c9ef408741ee5d17123a43c28ea766b26a7ab338c08fcaeb7512""},""parser_version"":""germany-production-v1"",""parser_sha256"":""2a8eb3487f392ef83303e7fb9ff246e4c111a7e64a469a6aa9eb21461ae9b1a0"",""fields_covered"":[""second_votes"",""registered_label_native""],""published_or_derived"":""published"",""source_member"":""btw2005_kerg.csv"",""source_member_sha256"":""995e59d1e6aadaa37bc453bf3c82f736fc99d3cdf0fc0b976f938dcd800b82c0"",""source_column"":113}]",,,
"rc-ct-de-0049","germany","el-de-bt-2005-09-18","ct-de-0049","party_identity_difference","requires_manual_review","Election-specific result is sourced. Canonical party relation unresolved; excluded from continuous party series.","[{""source_id"":""src-de-bwl-final-archive"",""source_url"":""https://www.bundeswahlleiterin.de/dam/jcr/ce2d2b6a-f211-4355-8eea-355c98cd4e47/btw_kerg.zip"",""source_record_id"":""995e59d1e6aadaa37bc453bf3c82f736fc99d3cdf0fc0b976f938dcd800b82c0:btw2005_kerg.csv:340:117"",""retrieved_at"":""2026-10-01T23:21:39.584Z"",""raw_snapshot"":{""path"":""docs/political-data/raw/germany/2026-10-01T23-21-39-584Z_02e7077f9358c9ef/final-results.zip"",""sha256"":""02e7077f9358c9ef408741ee5d17123a43c28ea766b26a7ab338c08fcaeb7512""},""parser_version"":""germany-production-v1"",""parser_sha256"":""2a8eb3487f392ef83303e7fb9ff246e4c111a7e64a469a6aa9eb21461ae9b1a0"",""fields_covered"":[""second_votes"",""registered_label_native""],""published_or_derived"":""published"",""source_member"":""btw2005_kerg.csv"",""source_member_sha256"":""995e59d1e6aadaa37bc453bf3c82f736fc99d3cdf0fc0b976f938dcd800b82c0"",""source_column"":117}]",,,
"rc-ct-de-0050","germany","el-de-bt-2009-09-27","ct-de-0050","party_identity_difference","requires_manual_review","Election-specific result is sourced. Canonical party relation unresolved; excluded from continuous party series.","[{""source_id"":""src-de-bwl-final-archive"",""source_url"":""https://www.bundeswahlleiterin.de/dam/jcr/ce2d2b6a-f211-4355-8eea-355c98cd4e47/btw_kerg.zip"",""source_record_id"":""6d6ea227b02a7407c594634f335b64604f1e4ec64686996cb21b4c24010a2e89:btw2009_kerg.csv:340:21"",""retrieved_at"":""2026-10-01T23:21:39.584Z"",""raw_snapshot"":{""path"":""docs/political-data/raw/germany/2026-10-01T23-21-39-584Z_02e7077f9358c9ef/final-results.zip"",""sha256"":""02e7077f9358c9ef408741ee5d17123a43c28ea766b26a7ab338c08fcaeb7512""},""parser_version"":""germany-production-v1"",""parser_sha256"":""2a8eb3487f392ef83303e7fb9ff246e4c111a7e64a469a6aa9eb21461ae9b1a0"",""fields_covered"":[""second_votes"",""registered_label_native""],""published_or_derived"":""published"",""source_member"":""btw2009_kerg.csv"",""source_member_sha256"":""6d6ea227b02a7407c594634f335b64604f1e4ec64686996cb21b4c24010a2e89"",""source_column"":21}]",,,
"rc-ct-de-0051","germany","el-de-bt-2009-09-27","ct-de-0051","party_identity_difference","requires_manual_review","Election-specific result is sourced. Canonical party relation unresolved; excluded from continuous party series.","[{""source_id"":""src-de-bwl-final-archive"",""source_url"":""https://www.bundeswahlleiterin.de/dam/jcr/ce2d2b6a-f211-4355-8eea-355c98cd4e47/btw_kerg.zip"",""source_record_id"":""6d6ea227b02a7407c594634f335b64604f1e4ec64686996cb21b4c24010a2e89:btw2009_kerg.csv:340:25"",""retrieved_at"":""2026-10-01T23:21:39.584Z"",""raw_snapshot"":{""path"":""docs/political-data/raw/germany/2026-10-01T23-21-39-584Z_02e7077f9358c9ef/final-results.zip"",""sha256"":""02e7077f9358c9ef408741ee5d17123a43c28ea766b26a7ab338c08fcaeb7512""},""parser_version"":""germany-production-v1"",""parser_sha256"":""2a8eb3487f392ef83303e7fb9ff246e4c111a7e64a469a6aa9eb21461ae9b1a0"",""fields_covered"":[""second_votes"",""registered_label_native""],""published_or_derived"":""published"",""source_member"":""btw2009_kerg.csv"",""source_member_sha256"":""6d6ea227b02a7407c594634f335b64604f1e4ec64686996cb21b4c24010a2e89"",""source_column"":25}]",,,
"rc-ct-de-0052","germany","el-de-bt-2009-09-27","ct-de-0052","party_identity_difference","requires_manual_review","Election-specific result is sourced. Canonical party relation unresolved; excluded from continuous party series.","[{""source_id"":""src-de-bwl-final-archive"",""source_url"":""https://www.bundeswahlleiterin.de/dam/jcr/ce2d2b6a-f211-4355-8eea-355c98cd4e47/btw_kerg.zip"",""source_record_id"":""6d6ea227b02a7407c594634f335b64604f1e4ec64686996cb21b4c24010a2e89:btw2009_kerg.csv:340:29"",""retrieved_at"":""2026-10-01T23:21:39.584Z"",""raw_snapshot"":{""path"":""docs/political-data/raw/germany/2026-10-01T23-21-39-584Z_02e7077f9358c9ef/final-results.zip"",""sha256"":""02e7077f9358c9ef408741ee5d17123a43c28ea766b26a7ab338c08fcaeb7512""},""parser_version"":""germany-production-v1"",""parser_sha256"":""2a8eb3487f392ef83303e7fb9ff246e4c111a7e64a469a6aa9eb21461ae9b1a0"",""fields_covered"":[""second_votes"",""registered_label_native""],""published_or_derived"":""published"",""source_member"":""btw2009_kerg.csv"",""source_member_sha256"":""6d6ea227b02a7407c594634f335b64604f1e4ec64686996cb21b4c24010a2e89"",""source_column"":29}]",,,
"rc-ct-de-0053","germany","el-de-bt-2009-09-27","ct-de-0053","party_identity_difference","requires_manual_review","Election-specific result is sourced. Canonical party relation unresolved; excluded from continuous party series.","[{""source_id"":""src-de-bwl-final-archive"",""source_url"":""https://www.bundeswahlleiterin.de/dam/jcr/ce2d2b6a-f211-4355-8eea-355c98cd4e47/btw_kerg.zip"",""source_record_id"":""6d6ea227b02a7407c594634f335b64604f1e4ec64686996cb21b4c24010a2e89:btw2009_kerg.csv:340:33"",""retrieved_at"":""2026-10-01T23:21:39.584Z"",""raw_snapshot"":{""path"":""docs/political-data/raw/germany/2026-10-01T23-21-39-584Z_02e7077f9358c9ef/final-results.zip"",""sha256"":""02e7077f9358c9ef408741ee5d17123a43c28ea766b26a7ab338c08fcaeb7512""},""parser_version"":""germany-production-v1"",""parser_sha256"":""2a8eb3487f392ef83303e7fb9ff246e4c111a7e64a469a6aa9eb21461ae9b1a0"",""fields_covered"":[""second_votes"",""registered_label_native""],""published_or_derived"":""published"",""source_member"":""btw2009_kerg.csv"",""source_member_sha256"":""6d6ea227b02a7407c594634f335b64604f1e4ec64686996cb21b4c24010a2e89"",""source_column"":33}]",,,
"rc-ct-de-0054","germany","el-de-bt-2009-09-27","ct-de-0054","party_identity_difference","requires_manual_review","Election-specific result is sourced. Canonical party relation unresolved; excluded from continuous party series.","[{""source_id"":""src-de-bwl-final-archive"",""source_url"":""https://www.bundeswahlleiterin.de/dam/jcr/ce2d2b6a-f211-4355-8eea-355c98cd4e47/btw_kerg.zip"",""source_record_id"":""6d6ea227b02a7407c594634f335b64604f1e4ec64686996cb21b4c24010a2e89:btw2009_kerg.csv:340:37"",""retrieved_at"":""2026-10-01T23:21:39.584Z"",""raw_snapshot"":{""path"":""docs/political-data/raw/germany/2026-10-01T23-21-39-584Z_02e7077f9358c9ef/final-results.zip"",""sha256"":""02e7077f9358c9ef408741ee5d17123a43c28ea766b26a7ab338c08fcaeb7512""},""parser_version"":""germany-production-v1"",""parser_sha256"":""2a8eb3487f392ef83303e7fb9ff246e4c111a7e64a469a6aa9eb21461ae9b1a0"",""fields_covered"":[""second_votes"",""registered_label_native""],""published_or_derived"":""published"",""source_member"":""btw2009_kerg.csv"",""source_member_sha256"":""6d6ea227b02a7407c594634f335b64604f1e4ec64686996cb21b4c24010a2e89"",""source_column"":37}]",,,
"rc-ct-de-0055","germany","el-de-bt-2009-09-27","ct-de-0055","party_identity_difference","requires_manual_review","Election-specific result is sourced. Canonical party relation unresolved; excluded from continuous party series.","[{""source_id"":""src-de-bwl-final-archive"",""source_url"":""https://www.bundeswahlleiterin.de/dam/jcr/ce2d2b6a-f211-4355-8eea-355c98cd4e47/btw_kerg.zip"",""source_record_id"":""6d6ea227b02a7407c594634f335b64604f1e4ec64686996cb21b4c24010a2e89:btw2009_kerg.csv:340:41"",""retrieved_at"":""2026-10-01T23:21:39.584Z"",""raw_snapshot"":{""path"":""docs/political-data/raw/germany/2026-10-01T23-21-39-584Z_02e7077f9358c9ef/final-results.zip"",""sha256"":""02e7077f9358c9ef408741ee5d17123a43c28ea766b26a7ab338c08fcaeb7512""},""parser_version"":""germany-production-v1"",""parser_sha256"":""2a8eb3487f392ef83303e7fb9ff246e4c111a7e64a469a6aa9eb21461ae9b1a0"",""fields_covered"":[""second_votes"",""registered_label_native""],""published_or_derived"":""published"",""source_member"":""btw2009_kerg.csv"",""source_member_sha256"":""6d6ea227b02a7407c594634f335b64604f1e4ec64686996cb21b4c24010a2e89"",""source_column"":41}]",,,
"rc-ct-de-0056","germany","el-de-bt-2009-09-27","ct-de-0056","party_identity_difference","requires_manual_review","Election-specific result is sourced. Canonical party relation unresolved; excluded from continuous party series.","[{""source_id"":""src-de-bwl-final-archive"",""source_url"":""https://www.bundeswahlleiterin.de/dam/jcr/ce2d2b6a-f211-4355-8eea-355c98cd4e47/btw_kerg.zip"",""source_record_id"":""6d6ea227b02a7407c594634f335b64604f1e4ec64686996cb21b4c24010a2e89:btw2009_kerg.csv:340:45"",""retrieved_at"":""2026-10-01T23:21:39.584Z"",""raw_snapshot"":{""path"":""docs/political-data/raw/germany/2026-10-01T23-21-39-584Z_02e7077f9358c9ef/final-results.zip"",""sha256"":""02e7077f9358c9ef408741ee5d17123a43c28ea766b26a7ab338c08fcaeb7512""},""parser_version"":""germany-production-v1"",""parser_sha256"":""2a8eb3487f392ef83303e7fb9ff246e4c111a7e64a469a6aa9eb21461ae9b1a0"",""fields_covered"":[""second_votes"",""registered_label_native""],""published_or_derived"":""published"",""source_member"":""btw2009_kerg.csv"",""source_member_sha256"":""6d6ea227b02a7407c594634f335b64604f1e4ec64686996cb21b4c24010a2e89"",""source_column"":45}]",,,
"rc-ct-de-0057","germany","el-de-bt-2009-09-27","ct-de-0057","party_identity_difference","requires_manual_review","Election-specific result is sourced. Canonical party relation unresolved; excluded from continuous party series.","[{""source_id"":""src-de-bwl-final-archive"",""source_url"":""https://www.bundeswahlleiterin.de/dam/jcr/ce2d2b6a-f211-4355-8eea-355c98cd4e47/btw_kerg.zip"",""source_record_id"":""6d6ea227b02a7407c594634f335b64604f1e4ec64686996cb21b4c24010a2e89:btw2009_kerg.csv:340:49"",""retrieved_at"":""2026-10-01T23:21:39.584Z"",""raw_snapshot"":{""path"":""docs/political-data/raw/germany/2026-10-01T23-21-39-584Z_02e7077f9358c9ef/final-results.zip"",""sha256"":""02e7077f9358c9ef408741ee5d17123a43c28ea766b26a7ab338c08fcaeb7512""},""parser_version"":""germany-production-v1"",""parser_sha256"":""2a8eb3487f392ef83303e7fb9ff246e4c111a7e64a469a6aa9eb21461ae9b1a0"",""fields_covered"":[""second_votes"",""registered_label_native""],""published_or_derived"":""published"",""source_member"":""btw2009_kerg.csv"",""source_member_sha256"":""6d6ea227b02a7407c594634f335b64604f1e4ec64686996cb21b4c24010a2e89"",""source_column"":49}]",,,
"rc-ct-de-0058","germany","el-de-bt-2009-09-27","ct-de-0058","party_identity_difference","requires_manual_review","Election-specific result is sourced. Canonical party relation unresolved; excluded from continuous party series.","[{""source_id"":""src-de-bwl-final-archive"",""source_url"":""https://www.bundeswahlleiterin.de/dam/jcr/ce2d2b6a-f211-4355-8eea-355c98cd4e47/btw_kerg.zip"",""source_record_id"":""6d6ea227b02a7407c594634f335b64604f1e4ec64686996cb21b4c24010a2e89:btw2009_kerg.csv:340:53"",""retrieved_at"":""2026-10-01T23:21:39.584Z"",""raw_snapshot"":{""path"":""docs/political-data/raw/germany/2026-10-01T23-21-39-584Z_02e7077f9358c9ef/final-results.zip"",""sha256"":""02e7077f9358c9ef408741ee5d17123a43c28ea766b26a7ab338c08fcaeb7512""},""parser_version"":""germany-production-v1"",""parser_sha256"":""2a8eb3487f392ef83303e7fb9ff246e4c111a7e64a469a6aa9eb21461ae9b1a0"",""fields_covered"":[""second_votes"",""registered_label_native""],""published_or_derived"":""published"",""source_member"":""btw2009_kerg.csv"",""source_member_sha256"":""6d6ea227b02a7407c594634f335b64604f1e4ec64686996cb21b4c24010a2e89"",""source_column"":53}]",,,
"rc-ct-de-0059","germany","el-de-bt-2009-09-27","ct-de-0059","party_identity_difference","requires_manual_review","Election-specific result is sourced. Canonical party relation unresolved; excluded from continuous party series.","[{""source_id"":""src-de-bwl-final-archive"",""source_url"":""https://www.bundeswahlleiterin.de/dam/jcr/ce2d2b6a-f211-4355-8eea-355c98cd4e47/btw_kerg.zip"",""source_record_id"":""6d6ea227b02a7407c594634f335b64604f1e4ec64686996cb21b4c24010a2e89:btw2009_kerg.csv:340:57"",""retrieved_at"":""2026-10-01T23:21:39.584Z"",""raw_snapshot"":{""path"":""docs/political-data/raw/germany/2026-10-01T23-21-39-584Z_02e7077f9358c9ef/final-results.zip"",""sha256"":""02e7077f9358c9ef408741ee5d17123a43c28ea766b26a7ab338c08fcaeb7512""},""parser_version"":""germany-production-v1"",""parser_sha256"":""2a8eb3487f392ef83303e7fb9ff246e4c111a7e64a469a6aa9eb21461ae9b1a0"",""fields_covered"":[""second_votes"",""registered_label_native""],""published_or_derived"":""published"",""source_member"":""btw2009_kerg.csv"",""source_member_sha256"":""6d6ea227b02a7407c594634f335b64604f1e4ec64686996cb21b4c24010a2e89"",""source_column"":57}]",,,
"rc-ct-de-0060","germany","el-de-bt-2009-09-27","ct-de-0060","party_identity_difference","requires_manual_review","Election-specific result is sourced. Canonical party relation unresolved; excluded from continuous party series.","[{""source_id"":""src-de-bwl-final-archive"",""source_url"":""https://www.bundeswahlleiterin.de/dam/jcr/ce2d2b6a-f211-4355-8eea-355c98cd4e47/btw_kerg.zip"",""source_record_id"":""6d6ea227b02a7407c594634f335b64604f1e4ec64686996cb21b4c24010a2e89:btw2009_kerg.csv:340:61"",""retrieved_at"":""2026-10-01T23:21:39.584Z"",""raw_snapshot"":{""path"":""docs/political-data/raw/germany/2026-10-01T23-21-39-584Z_02e7077f9358c9ef/final-results.zip"",""sha256"":""02e7077f9358c9ef408741ee5d17123a43c28ea766b26a7ab338c08fcaeb7512""},""parser_version"":""germany-production-v1"",""parser_sha256"":""2a8eb3487f392ef83303e7fb9ff246e4c111a7e64a469a6aa9eb21461ae9b1a0"",""fields_covered"":[""second_votes"",""registered_label_native""],""published_or_derived"":""published"",""source_member"":""btw2009_kerg.csv"",""source_member_sha256"":""6d6ea227b02a7407c594634f335b64604f1e4ec64686996cb21b4c24010a2e89"",""source_column"":61}]",,,
"rc-ct-de-0061","germany","el-de-bt-2009-09-27","ct-de-0061","party_identity_difference","requires_manual_review","Election-specific result is sourced. Canonical party relation unresolved; excluded from continuous party series.","[{""source_id"":""src-de-bwl-final-archive"",""source_url"":""https://www.bundeswahlleiterin.de/dam/jcr/ce2d2b6a-f211-4355-8eea-355c98cd4e47/btw_kerg.zip"",""source_record_id"":""6d6ea227b02a7407c594634f335b64604f1e4ec64686996cb21b4c24010a2e89:btw2009_kerg.csv:340:65"",""retrieved_at"":""2026-10-01T23:21:39.584Z"",""raw_snapshot"":{""path"":""docs/political-data/raw/germany/2026-10-01T23-21-39-584Z_02e7077f9358c9ef/final-results.zip"",""sha256"":""02e7077f9358c9ef408741ee5d17123a43c28ea766b26a7ab338c08fcaeb7512""},""parser_version"":""germany-production-v1"",""parser_sha256"":""2a8eb3487f392ef83303e7fb9ff246e4c111a7e64a469a6aa9eb21461ae9b1a0"",""fields_covered"":[""second_votes"",""registered_label_native""],""published_or_derived"":""published"",""source_member"":""btw2009_kerg.csv"",""source_member_sha256"":""6d6ea227b02a7407c594634f335b64604f1e4ec64686996cb21b4c24010a2e89"",""source_column"":65}]",,,
"rc-ct-de-0062","germany","el-de-bt-2009-09-27","ct-de-0062","party_identity_difference","requires_manual_review","Election-specific result is sourced. Canonical party relation unresolved; excluded from continuous party series.","[{""source_id"":""src-de-bwl-final-archive"",""source_url"":""https://www.bundeswahlleiterin.de/dam/jcr/ce2d2b6a-f211-4355-8eea-355c98cd4e47/btw_kerg.zip"",""source_record_id"":""6d6ea227b02a7407c594634f335b64604f1e4ec64686996cb21b4c24010a2e89:btw2009_kerg.csv:340:69"",""retrieved_at"":""2026-10-01T23:21:39.584Z"",""raw_snapshot"":{""path"":""docs/political-data/raw/germany/2026-10-01T23-21-39-584Z_02e7077f9358c9ef/final-results.zip"",""sha256"":""02e7077f9358c9ef408741ee5d17123a43c28ea766b26a7ab338c08fcaeb7512""},""parser_version"":""germany-production-v1"",""parser_sha256"":""2a8eb3487f392ef83303e7fb9ff246e4c111a7e64a469a6aa9eb21461ae9b1a0"",""fields_covered"":[""second_votes"",""registered_label_native""],""published_or_derived"":""published"",""source_member"":""btw2009_kerg.csv"",""source_member_sha256"":""6d6ea227b02a7407c594634f335b64604f1e4ec64686996cb21b4c24010a2e89"",""source_column"":69}]",,,
"rc-ct-de-0063","germany","el-de-bt-2009-09-27","ct-de-0063","party_identity_difference","requires_manual_review","Election-specific result is sourced. Canonical party relation unresolved; excluded from continuous party series.","[{""source_id"":""src-de-bwl-final-archive"",""source_url"":""https://www.bundeswahlleiterin.de/dam/jcr/ce2d2b6a-f211-4355-8eea-355c98cd4e47/btw_kerg.zip"",""source_record_id"":""6d6ea227b02a7407c594634f335b64604f1e4ec64686996cb21b4c24010a2e89:btw2009_kerg.csv:340:73"",""retrieved_at"":""2026-10-01T23:21:39.584Z"",""raw_snapshot"":{""path"":""docs/political-data/raw/germany/2026-10-01T23-21-39-584Z_02e7077f9358c9ef/final-results.zip"",""sha256"":""02e7077f9358c9ef408741ee5d17123a43c28ea766b26a7ab338c08fcaeb7512""},""parser_version"":""germany-production-v1"",""parser_sha256"":""2a8eb3487f392ef83303e7fb9ff246e4c111a7e64a469a6aa9eb21461ae9b1a0"",""fields_covered"":[""second_votes"",""registered_label_native""],""published_or_derived"":""published"",""source_member"":""btw2009_kerg.csv"",""source_member_sha256"":""6d6ea227b02a7407c594634f335b64604f1e4ec64686996cb21b4c24010a2e89"",""source_column"":73}]",,,
"rc-ct-de-0064","germany","el-de-bt-2009-09-27","ct-de-0064","party_identity_difference","requires_manual_review","Election-specific result is sourced. Canonical party relation unresolved; excluded from continuous party series.","[{""source_id"":""src-de-bwl-final-archive"",""source_url"":""https://www.bundeswahlleiterin.de/dam/jcr/ce2d2b6a-f211-4355-8eea-355c98cd4e47/btw_kerg.zip"",""source_record_id"":""6d6ea227b02a7407c594634f335b64604f1e4ec64686996cb21b4c24010a2e89:btw2009_kerg.csv:340:77"",""retrieved_at"":""2026-10-01T23:21:39.584Z"",""raw_snapshot"":{""path"":""docs/political-data/raw/germany/2026-10-01T23-21-39-584Z_02e7077f9358c9ef/final-results.zip"",""sha256"":""02e7077f9358c9ef408741ee5d17123a43c28ea766b26a7ab338c08fcaeb7512""},""parser_version"":""germany-production-v1"",""parser_sha256"":""2a8eb3487f392ef83303e7fb9ff246e4c111a7e64a469a6aa9eb21461ae9b1a0"",""fields_covered"":[""second_votes"",""registered_label_native""],""published_or_derived"":""published"",""source_member"":""btw2009_kerg.csv"",""source_member_sha256"":""6d6ea227b02a7407c594634f335b64604f1e4ec64686996cb21b4c24010a2e89"",""source_column"":77}]",,,
"rc-ct-de-0065","germany","el-de-bt-2009-09-27","ct-de-0065","party_identity_difference","requires_manual_review","Election-specific result is sourced. Canonical party relation unresolved; excluded from continuous party series.","[{""source_id"":""src-de-bwl-final-archive"",""source_url"":""https://www.bundeswahlleiterin.de/dam/jcr/ce2d2b6a-f211-4355-8eea-355c98cd4e47/btw_kerg.zip"",""source_record_id"":""6d6ea227b02a7407c594634f335b64604f1e4ec64686996cb21b4c24010a2e89:btw2009_kerg.csv:340:81"",""retrieved_at"":""2026-10-01T23:21:39.584Z"",""raw_snapshot"":{""path"":""docs/political-data/raw/germany/2026-10-01T23-21-39-584Z_02e7077f9358c9ef/final-results.zip"",""sha256"":""02e7077f9358c9ef408741ee5d17123a43c28ea766b26a7ab338c08fcaeb7512""},""parser_version"":""germany-production-v1"",""parser_sha256"":""2a8eb3487f392ef83303e7fb9ff246e4c111a7e64a469a6aa9eb21461ae9b1a0"",""fields_covered"":[""second_votes"",""registered_label_native""],""published_or_derived"":""published"",""source_member"":""btw2009_kerg.csv"",""source_member_sha256"":""6d6ea227b02a7407c594634f335b64604f1e4ec64686996cb21b4c24010a2e89"",""source_column"":81}]",,,
"rc-ct-de-0066","germany","el-de-bt-2009-09-27","ct-de-0066","party_identity_difference","requires_manual_review","Election-specific result is sourced. Canonical party relation unresolved; excluded from continuous party series.","[{""source_id"":""src-de-bwl-final-archive"",""source_url"":""https://www.bundeswahlleiterin.de/dam/jcr/ce2d2b6a-f211-4355-8eea-355c98cd4e47/btw_kerg.zip"",""source_record_id"":""6d6ea227b02a7407c594634f335b64604f1e4ec64686996cb21b4c24010a2e89:btw2009_kerg.csv:340:85"",""retrieved_at"":""2026-10-01T23:21:39.584Z"",""raw_snapshot"":{""path"":""docs/political-data/raw/germany/2026-10-01T23-21-39-584Z_02e7077f9358c9ef/final-results.zip"",""sha256"":""02e7077f9358c9ef408741ee5d17123a43c28ea766b26a7ab338c08fcaeb7512""},""parser_version"":""germany-production-v1"",""parser_sha256"":""2a8eb3487f392ef83303e7fb9ff246e4c111a7e64a469a6aa9eb21461ae9b1a0"",""fields_covered"":[""second_votes"",""registered_label_native""],""published_or_derived"":""published"",""source_member"":""btw2009_kerg.csv"",""source_member_sha256"":""6d6ea227b02a7407c594634f335b64604f1e4ec64686996cb21b4c24010a2e89"",""source_column"":85}]",,,
"rc-ct-de-0067","germany","el-de-bt-2009-09-27","ct-de-0067","party_identity_difference","requires_manual_review","Election-specific result is sourced. Canonical party relation unresolved; excluded from continuous party series.","[{""source_id"":""src-de-bwl-final-archive"",""source_url"":""https://www.bundeswahlleiterin.de/dam/jcr/ce2d2b6a-f211-4355-8eea-355c98cd4e47/btw_kerg.zip"",""source_record_id"":""6d6ea227b02a7407c594634f335b64604f1e4ec64686996cb21b4c24010a2e89:btw2009_kerg.csv:340:89"",""retrieved_at"":""2026-10-01T23:21:39.584Z"",""raw_snapshot"":{""path"":""docs/political-data/raw/germany/2026-10-01T23-21-39-584Z_02e7077f9358c9ef/final-results.zip"",""sha256"":""02e7077f9358c9ef408741ee5d17123a43c28ea766b26a7ab338c08fcaeb7512""},""parser_version"":""germany-production-v1"",""parser_sha256"":""2a8eb3487f392ef83303e7fb9ff246e4c111a7e64a469a6aa9eb21461ae9b1a0"",""fields_covered"":[""second_votes"",""registered_label_native""],""published_or_derived"":""published"",""source_member"":""btw2009_kerg.csv"",""source_member_sha256"":""6d6ea227b02a7407c594634f335b64604f1e4ec64686996cb21b4c24010a2e89"",""source_column"":89}]",,,
"rc-ct-de-0068","germany","el-de-bt-2009-09-27","ct-de-0068","party_identity_difference","requires_manual_review","Election-specific result is sourced. Canonical party relation unresolved; excluded from continuous party series.","[{""source_id"":""src-de-bwl-final-archive"",""source_url"":""https://www.bundeswahlleiterin.de/dam/jcr/ce2d2b6a-f211-4355-8eea-355c98cd4e47/btw_kerg.zip"",""source_record_id"":""6d6ea227b02a7407c594634f335b64604f1e4ec64686996cb21b4c24010a2e89:btw2009_kerg.csv:340:93"",""retrieved_at"":""2026-10-01T23:21:39.584Z"",""raw_snapshot"":{""path"":""docs/political-data/raw/germany/2026-10-01T23-21-39-584Z_02e7077f9358c9ef/final-results.zip"",""sha256"":""02e7077f9358c9ef408741ee5d17123a43c28ea766b26a7ab338c08fcaeb7512""},""parser_version"":""germany-production-v1"",""parser_sha256"":""2a8eb3487f392ef83303e7fb9ff246e4c111a7e64a469a6aa9eb21461ae9b1a0"",""fields_covered"":[""second_votes"",""registered_label_native""],""published_or_derived"":""published"",""source_member"":""btw2009_kerg.csv"",""source_member_sha256"":""6d6ea227b02a7407c594634f335b64604f1e4ec64686996cb21b4c24010a2e89"",""source_column"":93}]",,,
"rc-ct-de-0069","germany","el-de-bt-2009-09-27","ct-de-0069","party_identity_difference","requires_manual_review","Election-specific result is sourced. Canonical party relation unresolved; excluded from continuous party series.","[{""source_id"":""src-de-bwl-final-archive"",""source_url"":""https://www.bundeswahlleiterin.de/dam/jcr/ce2d2b6a-f211-4355-8eea-355c98cd4e47/btw_kerg.zip"",""source_record_id"":""6d6ea227b02a7407c594634f335b64604f1e4ec64686996cb21b4c24010a2e89:btw2009_kerg.csv:340:97"",""retrieved_at"":""2026-10-01T23:21:39.584Z"",""raw_snapshot"":{""path"":""docs/political-data/raw/germany/2026-10-01T23-21-39-584Z_02e7077f9358c9ef/final-results.zip"",""sha256"":""02e7077f9358c9ef408741ee5d17123a43c28ea766b26a7ab338c08fcaeb7512""},""parser_version"":""germany-production-v1"",""parser_sha256"":""2a8eb3487f392ef83303e7fb9ff246e4c111a7e64a469a6aa9eb21461ae9b1a0"",""fields_covered"":[""second_votes"",""registered_label_native""],""published_or_derived"":""published"",""source_member"":""btw2009_kerg.csv"",""source_member_sha256"":""6d6ea227b02a7407c594634f335b64604f1e4ec64686996cb21b4c24010a2e89"",""source_column"":97}]",,,
"rc-ct-de-0070","germany","el-de-bt-2009-09-27","ct-de-0070","party_identity_difference","requires_manual_review","Election-specific result is sourced. Canonical party relation unresolved; excluded from continuous party series.","[{""source_id"":""src-de-bwl-final-archive"",""source_url"":""https://www.bundeswahlleiterin.de/dam/jcr/ce2d2b6a-f211-4355-8eea-355c98cd4e47/btw_kerg.zip"",""source_record_id"":""6d6ea227b02a7407c594634f335b64604f1e4ec64686996cb21b4c24010a2e89:btw2009_kerg.csv:340:101"",""retrieved_at"":""2026-10-01T23:21:39.584Z"",""raw_snapshot"":{""path"":""docs/political-data/raw/germany/2026-10-01T23-21-39-584Z_02e7077f9358c9ef/final-results.zip"",""sha256"":""02e7077f9358c9ef408741ee5d17123a43c28ea766b26a7ab338c08fcaeb7512""},""parser_version"":""germany-production-v1"",""parser_sha256"":""2a8eb3487f392ef83303e7fb9ff246e4c111a7e64a469a6aa9eb21461ae9b1a0"",""fields_covered"":[""second_votes"",""registered_label_native""],""published_or_derived"":""published"",""source_member"":""btw2009_kerg.csv"",""source_member_sha256"":""6d6ea227b02a7407c594634f335b64604f1e4ec64686996cb21b4c24010a2e89"",""source_column"":101}]",,,
"rc-ct-de-0071","germany","el-de-bt-2009-09-27","ct-de-0071","party_identity_difference","requires_manual_review","Election-specific result is sourced. Canonical party relation unresolved; excluded from continuous party series.","[{""source_id"":""src-de-bwl-final-archive"",""source_url"":""https://www.bundeswahlleiterin.de/dam/jcr/ce2d2b6a-f211-4355-8eea-355c98cd4e47/btw_kerg.zip"",""source_record_id"":""6d6ea227b02a7407c594634f335b64604f1e4ec64686996cb21b4c24010a2e89:btw2009_kerg.csv:340:105"",""retrieved_at"":""2026-10-01T23:21:39.584Z"",""raw_snapshot"":{""path"":""docs/political-data/raw/germany/2026-10-01T23-21-39-584Z_02e7077f9358c9ef/final-results.zip"",""sha256"":""02e7077f9358c9ef408741ee5d17123a43c28ea766b26a7ab338c08fcaeb7512""},""parser_version"":""germany-production-v1"",""parser_sha256"":""2a8eb3487f392ef83303e7fb9ff246e4c111a7e64a469a6aa9eb21461ae9b1a0"",""fields_covered"":[""second_votes"",""registered_label_native""],""published_or_derived"":""published"",""source_member"":""btw2009_kerg.csv"",""source_member_sha256"":""6d6ea227b02a7407c594634f335b64604f1e4ec64686996cb21b4c24010a2e89"",""source_column"":105}]",,,
"rc-ct-de-0072","germany","el-de-bt-2009-09-27","ct-de-0072","party_identity_difference","requires_manual_review","Election-specific result is sourced. Canonical party relation unresolved; excluded from continuous party series.","[{""source_id"":""src-de-bwl-final-archive"",""source_url"":""https://www.bundeswahlleiterin.de/dam/jcr/ce2d2b6a-f211-4355-8eea-355c98cd4e47/btw_kerg.zip"",""source_record_id"":""6d6ea227b02a7407c594634f335b64604f1e4ec64686996cb21b4c24010a2e89:btw2009_kerg.csv:340:109"",""retrieved_at"":""2026-10-01T23:21:39.584Z"",""raw_snapshot"":{""path"":""docs/political-data/raw/germany/2026-10-01T23-21-39-584Z_02e7077f9358c9ef/final-results.zip"",""sha256"":""02e7077f9358c9ef408741ee5d17123a43c28ea766b26a7ab338c08fcaeb7512""},""parser_version"":""germany-production-v1"",""parser_sha256"":""2a8eb3487f392ef83303e7fb9ff246e4c111a7e64a469a6aa9eb21461ae9b1a0"",""fields_covered"":[""second_votes"",""registered_label_native""],""published_or_derived"":""published"",""source_member"":""btw2009_kerg.csv"",""source_member_sha256"":""6d6ea227b02a7407c594634f335b64604f1e4ec64686996cb21b4c24010a2e89"",""source_column"":109}]",,,
"rc-ct-de-0073","germany","el-de-bt-2009-09-27","ct-de-0073","party_identity_difference","requires_manual_review","Election-specific result is sourced. Canonical party relation unresolved; excluded from continuous party series.","[{""source_id"":""src-de-bwl-final-archive"",""source_url"":""https://www.bundeswahlleiterin.de/dam/jcr/ce2d2b6a-f211-4355-8eea-355c98cd4e47/btw_kerg.zip"",""source_record_id"":""6d6ea227b02a7407c594634f335b64604f1e4ec64686996cb21b4c24010a2e89:btw2009_kerg.csv:340:113"",""retrieved_at"":""2026-10-01T23:21:39.584Z"",""raw_snapshot"":{""path"":""docs/political-data/raw/germany/2026-10-01T23-21-39-584Z_02e7077f9358c9ef/final-results.zip"",""sha256"":""02e7077f9358c9ef408741ee5d17123a43c28ea766b26a7ab338c08fcaeb7512""},""parser_version"":""germany-production-v1"",""parser_sha256"":""2a8eb3487f392ef83303e7fb9ff246e4c111a7e64a469a6aa9eb21461ae9b1a0"",""fields_covered"":[""second_votes"",""registered_label_native""],""published_or_derived"":""published"",""source_member"":""btw2009_kerg.csv"",""source_member_sha256"":""6d6ea227b02a7407c594634f335b64604f1e4ec64686996cb21b4c24010a2e89"",""source_column"":113}]",,,
"rc-ct-de-0074","germany","el-de-bt-2009-09-27","ct-de-0074","party_identity_difference","requires_manual_review","Election-specific result is sourced. Canonical party relation unresolved; excluded from continuous party series.","[{""source_id"":""src-de-bwl-final-archive"",""source_url"":""https://www.bundeswahlleiterin.de/dam/jcr/ce2d2b6a-f211-4355-8eea-355c98cd4e47/btw_kerg.zip"",""source_record_id"":""6d6ea227b02a7407c594634f335b64604f1e4ec64686996cb21b4c24010a2e89:btw2009_kerg.csv:340:117"",""retrieved_at"":""2026-10-01T23:21:39.584Z"",""raw_snapshot"":{""path"":""docs/political-data/raw/germany/2026-10-01T23-21-39-584Z_02e7077f9358c9ef/final-results.zip"",""sha256"":""02e7077f9358c9ef408741ee5d17123a43c28ea766b26a7ab338c08fcaeb7512""},""parser_version"":""germany-production-v1"",""parser_sha256"":""2a8eb3487f392ef83303e7fb9ff246e4c111a7e64a469a6aa9eb21461ae9b1a0"",""fields_covered"":[""second_votes"",""registered_label_native""],""published_or_derived"":""published"",""source_member"":""btw2009_kerg.csv"",""source_member_sha256"":""6d6ea227b02a7407c594634f335b64604f1e4ec64686996cb21b4c24010a2e89"",""source_column"":117}]",,,
"rc-ct-de-0075","germany","el-de-bt-2009-09-27","ct-de-0075","party_identity_difference","requires_manual_review","Election-specific result is sourced. Canonical party relation unresolved; excluded from continuous party series.","[{""source_id"":""src-de-bwl-final-archive"",""source_url"":""https://www.bundeswahlleiterin.de/dam/jcr/ce2d2b6a-f211-4355-8eea-355c98cd4e47/btw_kerg.zip"",""source_record_id"":""6d6ea227b02a7407c594634f335b64604f1e4ec64686996cb21b4c24010a2e89:btw2009_kerg.csv:340:121"",""retrieved_at"":""2026-10-01T23:21:39.584Z"",""raw_snapshot"":{""path"":""docs/political-data/raw/germany/2026-10-01T23-21-39-584Z_02e7077f9358c9ef/final-results.zip"",""sha256"":""02e7077f9358c9ef408741ee5d17123a43c28ea766b26a7ab338c08fcaeb7512""},""parser_version"":""germany-production-v1"",""parser_sha256"":""2a8eb3487f392ef83303e7fb9ff246e4c111a7e64a469a6aa9eb21461ae9b1a0"",""fields_covered"":[""second_votes"",""registered_label_native""],""published_or_derived"":""published"",""source_member"":""btw2009_kerg.csv"",""source_member_sha256"":""6d6ea227b02a7407c594634f335b64604f1e4ec64686996cb21b4c24010a2e89"",""source_column"":121}]",,,
"rc-ct-de-0076","germany","el-de-bt-2009-09-27","ct-de-0076","party_identity_difference","requires_manual_review","Election-specific result is sourced. Canonical party relation unresolved; excluded from continuous party series.","[{""source_id"":""src-de-bwl-final-archive"",""source_url"":""https://www.bundeswahlleiterin.de/dam/jcr/ce2d2b6a-f211-4355-8eea-355c98cd4e47/btw_kerg.zip"",""source_record_id"":""6d6ea227b02a7407c594634f335b64604f1e4ec64686996cb21b4c24010a2e89:btw2009_kerg.csv:340:125"",""retrieved_at"":""2026-10-01T23:21:39.584Z"",""raw_snapshot"":{""path"":""docs/political-data/raw/germany/2026-10-01T23-21-39-584Z_02e7077f9358c9ef/final-results.zip"",""sha256"":""02e7077f9358c9ef408741ee5d17123a43c28ea766b26a7ab338c08fcaeb7512""},""parser_version"":""germany-production-v1"",""parser_sha256"":""2a8eb3487f392ef83303e7fb9ff246e4c111a7e64a469a6aa9eb21461ae9b1a0"",""fields_covered"":[""second_votes"",""registered_label_native""],""published_or_derived"":""published"",""source_member"":""btw2009_kerg.csv"",""source_member_sha256"":""6d6ea227b02a7407c594634f335b64604f1e4ec64686996cb21b4c24010a2e89"",""source_column"":125}]",,,
"rc-ct-de-0077","germany","el-de-bt-2013-09-22","ct-de-0077","party_identity_difference","requires_manual_review","Election-specific result is sourced. Canonical party relation unresolved; excluded from continuous party series.","[{""source_id"":""src-de-bwl-final-archive"",""source_url"":""https://www.bundeswahlleiterin.de/dam/jcr/ce2d2b6a-f211-4355-8eea-355c98cd4e47/btw_kerg.zip"",""source_record_id"":""af1d7f449974be160ffbbcc359bee00b73fb538a279f7ded5ea99b5b13bfcfbe:btw2013_kerg.csv:340:21"",""retrieved_at"":""2026-10-01T23:21:39.584Z"",""raw_snapshot"":{""path"":""docs/political-data/raw/germany/2026-10-01T23-21-39-584Z_02e7077f9358c9ef/final-results.zip"",""sha256"":""02e7077f9358c9ef408741ee5d17123a43c28ea766b26a7ab338c08fcaeb7512""},""parser_version"":""germany-production-v1"",""parser_sha256"":""2a8eb3487f392ef83303e7fb9ff246e4c111a7e64a469a6aa9eb21461ae9b1a0"",""fields_covered"":[""second_votes"",""registered_label_native""],""published_or_derived"":""published"",""source_member"":""btw2013_kerg.csv"",""source_member_sha256"":""af1d7f449974be160ffbbcc359bee00b73fb538a279f7ded5ea99b5b13bfcfbe"",""source_column"":21}]",,,
"rc-ct-de-0078","germany","el-de-bt-2013-09-22","ct-de-0078","party_identity_difference","requires_manual_review","Election-specific result is sourced. Canonical party relation unresolved; excluded from continuous party series.","[{""source_id"":""src-de-bwl-final-archive"",""source_url"":""https://www.bundeswahlleiterin.de/dam/jcr/ce2d2b6a-f211-4355-8eea-355c98cd4e47/btw_kerg.zip"",""source_record_id"":""af1d7f449974be160ffbbcc359bee00b73fb538a279f7ded5ea99b5b13bfcfbe:btw2013_kerg.csv:340:25"",""retrieved_at"":""2026-10-01T23:21:39.584Z"",""raw_snapshot"":{""path"":""docs/political-data/raw/germany/2026-10-01T23-21-39-584Z_02e7077f9358c9ef/final-results.zip"",""sha256"":""02e7077f9358c9ef408741ee5d17123a43c28ea766b26a7ab338c08fcaeb7512""},""parser_version"":""germany-production-v1"",""parser_sha256"":""2a8eb3487f392ef83303e7fb9ff246e4c111a7e64a469a6aa9eb21461ae9b1a0"",""fields_covered"":[""second_votes"",""registered_label_native""],""published_or_derived"":""published"",""source_member"":""btw2013_kerg.csv"",""source_member_sha256"":""af1d7f449974be160ffbbcc359bee00b73fb538a279f7ded5ea99b5b13bfcfbe"",""source_column"":25}]",,,
"rc-ct-de-0079","germany","el-de-bt-2013-09-22","ct-de-0079","party_identity_difference","requires_manual_review","Election-specific result is sourced. Canonical party relation unresolved; excluded from continuous party series.","[{""source_id"":""src-de-bwl-final-archive"",""source_url"":""https://www.bundeswahlleiterin.de/dam/jcr/ce2d2b6a-f211-4355-8eea-355c98cd4e47/btw_kerg.zip"",""source_record_id"":""af1d7f449974be160ffbbcc359bee00b73fb538a279f7ded5ea99b5b13bfcfbe:btw2013_kerg.csv:340:29"",""retrieved_at"":""2026-10-01T23:21:39.584Z"",""raw_snapshot"":{""path"":""docs/political-data/raw/germany/2026-10-01T23-21-39-584Z_02e7077f9358c9ef/final-results.zip"",""sha256"":""02e7077f9358c9ef408741ee5d17123a43c28ea766b26a7ab338c08fcaeb7512""},""parser_version"":""germany-production-v1"",""parser_sha256"":""2a8eb3487f392ef83303e7fb9ff246e4c111a7e64a469a6aa9eb21461ae9b1a0"",""fields_covered"":[""second_votes"",""registered_label_native""],""published_or_derived"":""published"",""source_member"":""btw2013_kerg.csv"",""source_member_sha256"":""af1d7f449974be160ffbbcc359bee00b73fb538a279f7ded5ea99b5b13bfcfbe"",""source_column"":29}]",,,
"rc-ct-de-0080","germany","el-de-bt-2013-09-22","ct-de-0080","party_identity_difference","requires_manual_review","Election-specific result is sourced. Canonical party relation unresolved; excluded from continuous party series.","[{""source_id"":""src-de-bwl-final-archive"",""source_url"":""https://www.bundeswahlleiterin.de/dam/jcr/ce2d2b6a-f211-4355-8eea-355c98cd4e47/btw_kerg.zip"",""source_record_id"":""af1d7f449974be160ffbbcc359bee00b73fb538a279f7ded5ea99b5b13bfcfbe:btw2013_kerg.csv:340:33"",""retrieved_at"":""2026-10-01T23:21:39.584Z"",""raw_snapshot"":{""path"":""docs/political-data/raw/germany/2026-10-01T23-21-39-584Z_02e7077f9358c9ef/final-results.zip"",""sha256"":""02e7077f9358c9ef408741ee5d17123a43c28ea766b26a7ab338c08fcaeb7512""},""parser_version"":""germany-production-v1"",""parser_sha256"":""2a8eb3487f392ef83303e7fb9ff246e4c111a7e64a469a6aa9eb21461ae9b1a0"",""fields_covered"":[""second_votes"",""registered_label_native""],""published_or_derived"":""published"",""source_member"":""btw2013_kerg.csv"",""source_member_sha256"":""af1d7f449974be160ffbbcc359bee00b73fb538a279f7ded5ea99b5b13bfcfbe"",""source_column"":33}]",,,
"rc-ct-de-0081","germany","el-de-bt-2013-09-22","ct-de-0081","party_identity_difference","requires_manual_review","Election-specific result is sourced. Canonical party relation unresolved; excluded from continuous party series.","[{""source_id"":""src-de-bwl-final-archive"",""source_url"":""https://www.bundeswahlleiterin.de/dam/jcr/ce2d2b6a-f211-4355-8eea-355c98cd4e47/btw_kerg.zip"",""source_record_id"":""af1d7f449974be160ffbbcc359bee00b73fb538a279f7ded5ea99b5b13bfcfbe:btw2013_kerg.csv:340:37"",""retrieved_at"":""2026-10-01T23:21:39.584Z"",""raw_snapshot"":{""path"":""docs/political-data/raw/germany/2026-10-01T23-21-39-584Z_02e7077f9358c9ef/final-results.zip"",""sha256"":""02e7077f9358c9ef408741ee5d17123a43c28ea766b26a7ab338c08fcaeb7512""},""parser_version"":""germany-production-v1"",""parser_sha256"":""2a8eb3487f392ef83303e7fb9ff246e4c111a7e64a469a6aa9eb21461ae9b1a0"",""fields_covered"":[""second_votes"",""registered_label_native""],""published_or_derived"":""published"",""source_member"":""btw2013_kerg.csv"",""source_member_sha256"":""af1d7f449974be160ffbbcc359bee00b73fb538a279f7ded5ea99b5b13bfcfbe"",""source_column"":37}]",,,
"rc-ct-de-0082","germany","el-de-bt-2013-09-22","ct-de-0082","party_identity_difference","requires_manual_review","Election-specific result is sourced. Canonical party relation unresolved; excluded from continuous party series.","[{""source_id"":""src-de-bwl-final-archive"",""source_url"":""https://www.bundeswahlleiterin.de/dam/jcr/ce2d2b6a-f211-4355-8eea-355c98cd4e47/btw_kerg.zip"",""source_record_id"":""af1d7f449974be160ffbbcc359bee00b73fb538a279f7ded5ea99b5b13bfcfbe:btw2013_kerg.csv:340:41"",""retrieved_at"":""2026-10-01T23:21:39.584Z"",""raw_snapshot"":{""path"":""docs/political-data/raw/germany/2026-10-01T23-21-39-584Z_02e7077f9358c9ef/final-results.zip"",""sha256"":""02e7077f9358c9ef408741ee5d17123a43c28ea766b26a7ab338c08fcaeb7512""},""parser_version"":""germany-production-v1"",""parser_sha256"":""2a8eb3487f392ef83303e7fb9ff246e4c111a7e64a469a6aa9eb21461ae9b1a0"",""fields_covered"":[""second_votes"",""registered_label_native""],""published_or_derived"":""published"",""source_member"":""btw2013_kerg.csv"",""source_member_sha256"":""af1d7f449974be160ffbbcc359bee00b73fb538a279f7ded5ea99b5b13bfcfbe"",""source_column"":41}]",,,
"rc-ct-de-0083","germany","el-de-bt-2013-09-22","ct-de-0083","party_identity_difference","requires_manual_review","Election-specific result is sourced. Canonical party relation unresolved; excluded from continuous party series.","[{""source_id"":""src-de-bwl-final-archive"",""source_url"":""https://www.bundeswahlleiterin.de/dam/jcr/ce2d2b6a-f211-4355-8eea-355c98cd4e47/btw_kerg.zip"",""source_record_id"":""af1d7f449974be160ffbbcc359bee00b73fb538a279f7ded5ea99b5b13bfcfbe:btw2013_kerg.csv:340:45"",""retrieved_at"":""2026-10-01T23:21:39.584Z"",""raw_snapshot"":{""path"":""docs/political-data/raw/germany/2026-10-01T23-21-39-584Z_02e7077f9358c9ef/final-results.zip"",""sha256"":""02e7077f9358c9ef408741ee5d17123a43c28ea766b26a7ab338c08fcaeb7512""},""parser_version"":""germany-production-v1"",""parser_sha256"":""2a8eb3487f392ef83303e7fb9ff246e4c111a7e64a469a6aa9eb21461ae9b1a0"",""fields_covered"":[""second_votes"",""registered_label_native""],""published_or_derived"":""published"",""source_member"":""btw2013_kerg.csv"",""source_member_sha256"":""af1d7f449974be160ffbbcc359bee00b73fb538a279f7ded5ea99b5b13bfcfbe"",""source_column"":45}]",,,
"rc-ct-de-0084","germany","el-de-bt-2013-09-22","ct-de-0084","party_identity_difference","requires_manual_review","Election-specific result is sourced. Canonical party relation unresolved; excluded from continuous party series.","[{""source_id"":""src-de-bwl-final-archive"",""source_url"":""https://www.bundeswahlleiterin.de/dam/jcr/ce2d2b6a-f211-4355-8eea-355c98cd4e47/btw_kerg.zip"",""source_record_id"":""af1d7f449974be160ffbbcc359bee00b73fb538a279f7ded5ea99b5b13bfcfbe:btw2013_kerg.csv:340:49"",""retrieved_at"":""2026-10-01T23:21:39.584Z"",""raw_snapshot"":{""path"":""docs/political-data/raw/germany/2026-10-01T23-21-39-584Z_02e7077f9358c9ef/final-results.zip"",""sha256"":""02e7077f9358c9ef408741ee5d17123a43c28ea766b26a7ab338c08fcaeb7512""},""parser_version"":""germany-production-v1"",""parser_sha256"":""2a8eb3487f392ef83303e7fb9ff246e4c111a7e64a469a6aa9eb21461ae9b1a0"",""fields_covered"":[""second_votes"",""registered_label_native""],""published_or_derived"":""published"",""source_member"":""btw2013_kerg.csv"",""source_member_sha256"":""af1d7f449974be160ffbbcc359bee00b73fb538a279f7ded5ea99b5b13bfcfbe"",""source_column"":49}]",,,
"rc-ct-de-0085","germany","el-de-bt-2013-09-22","ct-de-0085","party_identity_difference","requires_manual_review","Election-specific result is sourced. Canonical party relation unresolved; excluded from continuous party series.","[{""source_id"":""src-de-bwl-final-archive"",""source_url"":""https://www.bundeswahlleiterin.de/dam/jcr/ce2d2b6a-f211-4355-8eea-355c98cd4e47/btw_kerg.zip"",""source_record_id"":""af1d7f449974be160ffbbcc359bee00b73fb538a279f7ded5ea99b5b13bfcfbe:btw2013_kerg.csv:340:53"",""retrieved_at"":""2026-10-01T23:21:39.584Z"",""raw_snapshot"":{""path"":""docs/political-data/raw/germany/2026-10-01T23-21-39-584Z_02e7077f9358c9ef/final-results.zip"",""sha256"":""02e7077f9358c9ef408741ee5d17123a43c28ea766b26a7ab338c08fcaeb7512""},""parser_version"":""germany-production-v1"",""parser_sha256"":""2a8eb3487f392ef83303e7fb9ff246e4c111a7e64a469a6aa9eb21461ae9b1a0"",""fields_covered"":[""second_votes"",""registered_label_native""],""published_or_derived"":""published"",""source_member"":""btw2013_kerg.csv"",""source_member_sha256"":""af1d7f449974be160ffbbcc359bee00b73fb538a279f7ded5ea99b5b13bfcfbe"",""source_column"":53}]",,,
"rc-ct-de-0086","germany","el-de-bt-2013-09-22","ct-de-0086","party_identity_difference","requires_manual_review","Election-specific result is sourced. Canonical party relation unresolved; excluded from continuous party series.","[{""source_id"":""src-de-bwl-final-archive"",""source_url"":""https://www.bundeswahlleiterin.de/dam/jcr/ce2d2b6a-f211-4355-8eea-355c98cd4e47/btw_kerg.zip"",""source_record_id"":""af1d7f449974be160ffbbcc359bee00b73fb538a279f7ded5ea99b5b13bfcfbe:btw2013_kerg.csv:340:57"",""retrieved_at"":""2026-10-01T23:21:39.584Z"",""raw_snapshot"":{""path"":""docs/political-data/raw/germany/2026-10-01T23-21-39-584Z_02e7077f9358c9ef/final-results.zip"",""sha256"":""02e7077f9358c9ef408741ee5d17123a43c28ea766b26a7ab338c08fcaeb7512""},""parser_version"":""germany-production-v1"",""parser_sha256"":""2a8eb3487f392ef83303e7fb9ff246e4c111a7e64a469a6aa9eb21461ae9b1a0"",""fields_covered"":[""second_votes"",""registered_label_native""],""published_or_derived"":""published"",""source_member"":""btw2013_kerg.csv"",""source_member_sha256"":""af1d7f449974be160ffbbcc359bee00b73fb538a279f7ded5ea99b5b13bfcfbe"",""source_column"":57}]",,,
"rc-ct-de-0087","germany","el-de-bt-2013-09-22","ct-de-0087","party_identity_difference","requires_manual_review","Election-specific result is sourced. Canonical party relation unresolved; excluded from continuous party series.","[{""source_id"":""src-de-bwl-final-archive"",""source_url"":""https://www.bundeswahlleiterin.de/dam/jcr/ce2d2b6a-f211-4355-8eea-355c98cd4e47/btw_kerg.zip"",""source_record_id"":""af1d7f449974be160ffbbcc359bee00b73fb538a279f7ded5ea99b5b13bfcfbe:btw2013_kerg.csv:340:61"",""retrieved_at"":""2026-10-01T23:21:39.584Z"",""raw_snapshot"":{""path"":""docs/political-data/raw/germany/2026-10-01T23-21-39-584Z_02e7077f9358c9ef/final-results.zip"",""sha256"":""02e7077f9358c9ef408741ee5d17123a43c28ea766b26a7ab338c08fcaeb7512""},""parser_version"":""germany-production-v1"",""parser_sha256"":""2a8eb3487f392ef83303e7fb9ff246e4c111a7e64a469a6aa9eb21461ae9b1a0"",""fields_covered"":[""second_votes"",""registered_label_native""],""published_or_derived"":""published"",""source_member"":""btw2013_kerg.csv"",""source_member_sha256"":""af1d7f449974be160ffbbcc359bee00b73fb538a279f7ded5ea99b5b13bfcfbe"",""source_column"":61}]",,,
"rc-ct-de-0088","germany","el-de-bt-2013-09-22","ct-de-0088","party_identity_difference","requires_manual_review","Election-specific result is sourced. Canonical party relation unresolved; excluded from continuous party series.","[{""source_id"":""src-de-bwl-final-archive"",""source_url"":""https://www.bundeswahlleiterin.de/dam/jcr/ce2d2b6a-f211-4355-8eea-355c98cd4e47/btw_kerg.zip"",""source_record_id"":""af1d7f449974be160ffbbcc359bee00b73fb538a279f7ded5ea99b5b13bfcfbe:btw2013_kerg.csv:340:65"",""retrieved_at"":""2026-10-01T23:21:39.584Z"",""raw_snapshot"":{""path"":""docs/political-data/raw/germany/2026-10-01T23-21-39-584Z_02e7077f9358c9ef/final-results.zip"",""sha256"":""02e7077f9358c9ef408741ee5d17123a43c28ea766b26a7ab338c08fcaeb7512""},""parser_version"":""germany-production-v1"",""parser_sha256"":""2a8eb3487f392ef83303e7fb9ff246e4c111a7e64a469a6aa9eb21461ae9b1a0"",""fields_covered"":[""second_votes"",""registered_label_native""],""published_or_derived"":""published"",""source_member"":""btw2013_kerg.csv"",""source_member_sha256"":""af1d7f449974be160ffbbcc359bee00b73fb538a279f7ded5ea99b5b13bfcfbe"",""source_column"":65}]",,,
"rc-ct-de-0089","germany","el-de-bt-2013-09-22","ct-de-0089","party_identity_difference","requires_manual_review","Election-specific result is sourced. Canonical party relation unresolved; excluded from continuous party series.","[{""source_id"":""src-de-bwl-final-archive"",""source_url"":""https://www.bundeswahlleiterin.de/dam/jcr/ce2d2b6a-f211-4355-8eea-355c98cd4e47/btw_kerg.zip"",""source_record_id"":""af1d7f449974be160ffbbcc359bee00b73fb538a279f7ded5ea99b5b13bfcfbe:btw2013_kerg.csv:340:69"",""retrieved_at"":""2026-10-01T23:21:39.584Z"",""raw_snapshot"":{""path"":""docs/political-data/raw/germany/2026-10-01T23-21-39-584Z_02e7077f9358c9ef/final-results.zip"",""sha256"":""02e7077f9358c9ef408741ee5d17123a43c28ea766b26a7ab338c08fcaeb7512""},""parser_version"":""germany-production-v1"",""parser_sha256"":""2a8eb3487f392ef83303e7fb9ff246e4c111a7e64a469a6aa9eb21461ae9b1a0"",""fields_covered"":[""second_votes"",""registered_label_native""],""published_or_derived"":""published"",""source_member"":""btw2013_kerg.csv"",""source_member_sha256"":""af1d7f449974be160ffbbcc359bee00b73fb538a279f7ded5ea99b5b13bfcfbe"",""source_column"":69}]",,,
"rc-ct-de-0090","germany","el-de-bt-2013-09-22","ct-de-0090","party_identity_difference","requires_manual_review","Election-specific result is sourced. Canonical party relation unresolved; excluded from continuous party series.","[{""source_id"":""src-de-bwl-final-archive"",""source_url"":""https://www.bundeswahlleiterin.de/dam/jcr/ce2d2b6a-f211-4355-8eea-355c98cd4e47/btw_kerg.zip"",""source_record_id"":""af1d7f449974be160ffbbcc359bee00b73fb538a279f7ded5ea99b5b13bfcfbe:btw2013_kerg.csv:340:73"",""retrieved_at"":""2026-10-01T23:21:39.584Z"",""raw_snapshot"":{""path"":""docs/political-data/raw/germany/2026-10-01T23-21-39-584Z_02e7077f9358c9ef/final-results.zip"",""sha256"":""02e7077f9358c9ef408741ee5d17123a43c28ea766b26a7ab338c08fcaeb7512""},""parser_version"":""germany-production-v1"",""parser_sha256"":""2a8eb3487f392ef83303e7fb9ff246e4c111a7e64a469a6aa9eb21461ae9b1a0"",""fields_covered"":[""second_votes"",""registered_label_native""],""published_or_derived"":""published"",""source_member"":""btw2013_kerg.csv"",""source_member_sha256"":""af1d7f449974be160ffbbcc359bee00b73fb538a279f7ded5ea99b5b13bfcfbe"",""source_column"":73}]",,,
"rc-ct-de-0091","germany","el-de-bt-2013-09-22","ct-de-0091","party_identity_difference","requires_manual_review","Election-specific result is sourced. Canonical party relation unresolved; excluded from continuous party series.","[{""source_id"":""src-de-bwl-final-archive"",""source_url"":""https://www.bundeswahlleiterin.de/dam/jcr/ce2d2b6a-f211-4355-8eea-355c98cd4e47/btw_kerg.zip"",""source_record_id"":""af1d7f449974be160ffbbcc359bee00b73fb538a279f7ded5ea99b5b13bfcfbe:btw2013_kerg.csv:340:77"",""retrieved_at"":""2026-10-01T23:21:39.584Z"",""raw_snapshot"":{""path"":""docs/political-data/raw/germany/2026-10-01T23-21-39-584Z_02e7077f9358c9ef/final-results.zip"",""sha256"":""02e7077f9358c9ef408741ee5d17123a43c28ea766b26a7ab338c08fcaeb7512""},""parser_version"":""germany-production-v1"",""parser_sha256"":""2a8eb3487f392ef83303e7fb9ff246e4c111a7e64a469a6aa9eb21461ae9b1a0"",""fields_covered"":[""second_votes"",""registered_label_native""],""published_or_derived"":""published"",""source_member"":""btw2013_kerg.csv"",""source_member_sha256"":""af1d7f449974be160ffbbcc359bee00b73fb538a279f7ded5ea99b5b13bfcfbe"",""source_column"":77}]",,,
"rc-ct-de-0092","germany","el-de-bt-2013-09-22","ct-de-0092","party_identity_difference","requires_manual_review","Election-specific result is sourced. Canonical party relation unresolved; excluded from continuous party series.","[{""source_id"":""src-de-bwl-final-archive"",""source_url"":""https://www.bundeswahlleiterin.de/dam/jcr/ce2d2b6a-f211-4355-8eea-355c98cd4e47/btw_kerg.zip"",""source_record_id"":""af1d7f449974be160ffbbcc359bee00b73fb538a279f7ded5ea99b5b13bfcfbe:btw2013_kerg.csv:340:81"",""retrieved_at"":""2026-10-01T23:21:39.584Z"",""raw_snapshot"":{""path"":""docs/political-data/raw/germany/2026-10-01T23-21-39-584Z_02e7077f9358c9ef/final-results.zip"",""sha256"":""02e7077f9358c9ef408741ee5d17123a43c28ea766b26a7ab338c08fcaeb7512""},""parser_version"":""germany-production-v1"",""parser_sha256"":""2a8eb3487f392ef83303e7fb9ff246e4c111a7e64a469a6aa9eb21461ae9b1a0"",""fields_covered"":[""second_votes"",""registered_label_native""],""published_or_derived"":""published"",""source_member"":""btw2013_kerg.csv"",""source_member_sha256"":""af1d7f449974be160ffbbcc359bee00b73fb538a279f7ded5ea99b5b13bfcfbe"",""source_column"":81}]",,,
"rc-ct-de-0093","germany","el-de-bt-2013-09-22","ct-de-0093","party_identity_difference","requires_manual_review","Election-specific result is sourced. Canonical party relation unresolved; excluded from continuous party series.","[{""source_id"":""src-de-bwl-final-archive"",""source_url"":""https://www.bundeswahlleiterin.de/dam/jcr/ce2d2b6a-f211-4355-8eea-355c98cd4e47/btw_kerg.zip"",""source_record_id"":""af1d7f449974be160ffbbcc359bee00b73fb538a279f7ded5ea99b5b13bfcfbe:btw2013_kerg.csv:340:85"",""retrieved_at"":""2026-10-01T23:21:39.584Z"",""raw_snapshot"":{""path"":""docs/political-data/raw/germany/2026-10-01T23-21-39-584Z_02e7077f9358c9ef/final-results.zip"",""sha256"":""02e7077f9358c9ef408741ee5d17123a43c28ea766b26a7ab338c08fcaeb7512""},""parser_version"":""germany-production-v1"",""parser_sha256"":""2a8eb3487f392ef83303e7fb9ff246e4c111a7e64a469a6aa9eb21461ae9b1a0"",""fields_covered"":[""second_votes"",""registered_label_native""],""published_or_derived"":""published"",""source_member"":""btw2013_kerg.csv"",""source_member_sha256"":""af1d7f449974be160ffbbcc359bee00b73fb538a279f7ded5ea99b5b13bfcfbe"",""source_column"":85}]",,,
"rc-ct-de-0094","germany","el-de-bt-2013-09-22","ct-de-0094","party_identity_difference","requires_manual_review","Election-specific result is sourced. Canonical party relation unresolved; excluded from continuous party series.","[{""source_id"":""src-de-bwl-final-archive"",""source_url"":""https://www.bundeswahlleiterin.de/dam/jcr/ce2d2b6a-f211-4355-8eea-355c98cd4e47/btw_kerg.zip"",""source_record_id"":""af1d7f449974be160ffbbcc359bee00b73fb538a279f7ded5ea99b5b13bfcfbe:btw2013_kerg.csv:340:89"",""retrieved_at"":""2026-10-01T23:21:39.584Z"",""raw_snapshot"":{""path"":""docs/political-data/raw/germany/2026-10-01T23-21-39-584Z_02e7077f9358c9ef/final-results.zip"",""sha256"":""02e7077f9358c9ef408741ee5d17123a43c28ea766b26a7ab338c08fcaeb7512""},""parser_version"":""germany-production-v1"",""parser_sha256"":""2a8eb3487f392ef83303e7fb9ff246e4c111a7e64a469a6aa9eb21461ae9b1a0"",""fields_covered"":[""second_votes"",""registered_label_native""],""published_or_derived"":""published"",""source_member"":""btw2013_kerg.csv"",""source_member_sha256"":""af1d7f449974be160ffbbcc359bee00b73fb538a279f7ded5ea99b5b13bfcfbe"",""source_column"":89}]",,,
"rc-ct-de-0095","germany","el-de-bt-2013-09-22","ct-de-0095","party_identity_difference","requires_manual_review","Election-specific result is sourced. Canonical party relation unresolved; excluded from continuous party series.","[{""source_id"":""src-de-bwl-final-archive"",""source_url"":""https://www.bundeswahlleiterin.de/dam/jcr/ce2d2b6a-f211-4355-8eea-355c98cd4e47/btw_kerg.zip"",""source_record_id"":""af1d7f449974be160ffbbcc359bee00b73fb538a279f7ded5ea99b5b13bfcfbe:btw2013_kerg.csv:340:93"",""retrieved_at"":""2026-10-01T23:21:39.584Z"",""raw_snapshot"":{""path"":""docs/political-data/raw/germany/2026-10-01T23-21-39-584Z_02e7077f9358c9ef/final-results.zip"",""sha256"":""02e7077f9358c9ef408741ee5d17123a43c28ea766b26a7ab338c08fcaeb7512""},""parser_version"":""germany-production-v1"",""parser_sha256"":""2a8eb3487f392ef83303e7fb9ff246e4c111a7e64a469a6aa9eb21461ae9b1a0"",""fields_covered"":[""second_votes"",""registered_label_native""],""published_or_derived"":""published"",""source_member"":""btw2013_kerg.csv"",""source_member_sha256"":""af1d7f449974be160ffbbcc359bee00b73fb538a279f7ded5ea99b5b13bfcfbe"",""source_column"":93}]",,,
"rc-ct-de-0096","germany","el-de-bt-2013-09-22","ct-de-0096","party_identity_difference","requires_manual_review","Election-specific result is sourced. Canonical party relation unresolved; excluded from continuous party series.","[{""source_id"":""src-de-bwl-final-archive"",""source_url"":""https://www.bundeswahlleiterin.de/dam/jcr/ce2d2b6a-f211-4355-8eea-355c98cd4e47/btw_kerg.zip"",""source_record_id"":""af1d7f449974be160ffbbcc359bee00b73fb538a279f7ded5ea99b5b13bfcfbe:btw2013_kerg.csv:340:97"",""retrieved_at"":""2026-10-01T23:21:39.584Z"",""raw_snapshot"":{""path"":""docs/political-data/raw/germany/2026-10-01T23-21-39-584Z_02e7077f9358c9ef/final-results.zip"",""sha256"":""02e7077f9358c9ef408741ee5d17123a43c28ea766b26a7ab338c08fcaeb7512""},""parser_version"":""germany-production-v1"",""parser_sha256"":""2a8eb3487f392ef83303e7fb9ff246e4c111a7e64a469a6aa9eb21461ae9b1a0"",""fields_covered"":[""second_votes"",""registered_label_native""],""published_or_derived"":""published"",""source_member"":""btw2013_kerg.csv"",""source_member_sha256"":""af1d7f449974be160ffbbcc359bee00b73fb538a279f7ded5ea99b5b13bfcfbe"",""source_column"":97}]",,,
"rc-ct-de-0097","germany","el-de-bt-2013-09-22","ct-de-0097","party_identity_difference","requires_manual_review","Election-specific result is sourced. Canonical party relation unresolved; excluded from continuous party series.","[{""source_id"":""src-de-bwl-final-archive"",""source_url"":""https://www.bundeswahlleiterin.de/dam/jcr/ce2d2b6a-f211-4355-8eea-355c98cd4e47/btw_kerg.zip"",""source_record_id"":""af1d7f449974be160ffbbcc359bee00b73fb538a279f7ded5ea99b5b13bfcfbe:btw2013_kerg.csv:340:101"",""retrieved_at"":""2026-10-01T23:21:39.584Z"",""raw_snapshot"":{""path"":""docs/political-data/raw/germany/2026-10-01T23-21-39-584Z_02e7077f9358c9ef/final-results.zip"",""sha256"":""02e7077f9358c9ef408741ee5d17123a43c28ea766b26a7ab338c08fcaeb7512""},""parser_version"":""germany-production-v1"",""parser_sha256"":""2a8eb3487f392ef83303e7fb9ff246e4c111a7e64a469a6aa9eb21461ae9b1a0"",""fields_covered"":[""second_votes"",""registered_label_native""],""published_or_derived"":""published"",""source_member"":""btw2013_kerg.csv"",""source_member_sha256"":""af1d7f449974be160ffbbcc359bee00b73fb538a279f7ded5ea99b5b13bfcfbe"",""source_column"":101}]",,,
"rc-ct-de-0098","germany","el-de-bt-2013-09-22","ct-de-0098","party_identity_difference","requires_manual_review","Election-specific result is sourced. Canonical party relation unresolved; excluded from continuous party series.","[{""source_id"":""src-de-bwl-final-archive"",""source_url"":""https://www.bundeswahlleiterin.de/dam/jcr/ce2d2b6a-f211-4355-8eea-355c98cd4e47/btw_kerg.zip"",""source_record_id"":""af1d7f449974be160ffbbcc359bee00b73fb538a279f7ded5ea99b5b13bfcfbe:btw2013_kerg.csv:340:105"",""retrieved_at"":""2026-10-01T23:21:39.584Z"",""raw_snapshot"":{""path"":""docs/political-data/raw/germany/2026-10-01T23-21-39-584Z_02e7077f9358c9ef/final-results.zip"",""sha256"":""02e7077f9358c9ef408741ee5d17123a43c28ea766b26a7ab338c08fcaeb7512""},""parser_version"":""germany-production-v1"",""parser_sha256"":""2a8eb3487f392ef83303e7fb9ff246e4c111a7e64a469a6aa9eb21461ae9b1a0"",""fields_covered"":[""second_votes"",""registered_label_native""],""published_or_derived"":""published"",""source_member"":""btw2013_kerg.csv"",""source_member_sha256"":""af1d7f449974be160ffbbcc359bee00b73fb538a279f7ded5ea99b5b13bfcfbe"",""source_column"":105}]",,,
"rc-ct-de-0099","germany","el-de-bt-2013-09-22","ct-de-0099","party_identity_difference","requires_manual_review","Election-specific result is sourced. Canonical party relation unresolved; excluded from continuous party series.","[{""source_id"":""src-de-bwl-final-archive"",""source_url"":""https://www.bundeswahlleiterin.de/dam/jcr/ce2d2b6a-f211-4355-8eea-355c98cd4e47/btw_kerg.zip"",""source_record_id"":""af1d7f449974be160ffbbcc359bee00b73fb538a279f7ded5ea99b5b13bfcfbe:btw2013_kerg.csv:340:109"",""retrieved_at"":""2026-10-01T23:21:39.584Z"",""raw_snapshot"":{""path"":""docs/political-data/raw/germany/2026-10-01T23-21-39-584Z_02e7077f9358c9ef/final-results.zip"",""sha256"":""02e7077f9358c9ef408741ee5d17123a43c28ea766b26a7ab338c08fcaeb7512""},""parser_version"":""germany-production-v1"",""parser_sha256"":""2a8eb3487f392ef83303e7fb9ff246e4c111a7e64a469a6aa9eb21461ae9b1a0"",""fields_covered"":[""second_votes"",""registered_label_native""],""published_or_derived"":""published"",""source_member"":""btw2013_kerg.csv"",""source_member_sha256"":""af1d7f449974be160ffbbcc359bee00b73fb538a279f7ded5ea99b5b13bfcfbe"",""source_column"":109}]",,,
"rc-ct-de-0100","germany","el-de-bt-2013-09-22","ct-de-0100","party_identity_difference","requires_manual_review","Election-specific result is sourced. Canonical party relation unresolved; excluded from continuous party series.","[{""source_id"":""src-de-bwl-final-archive"",""source_url"":""https://www.bundeswahlleiterin.de/dam/jcr/ce2d2b6a-f211-4355-8eea-355c98cd4e47/btw_kerg.zip"",""source_record_id"":""af1d7f449974be160ffbbcc359bee00b73fb538a279f7ded5ea99b5b13bfcfbe:btw2013_kerg.csv:340:113"",""retrieved_at"":""2026-10-01T23:21:39.584Z"",""raw_snapshot"":{""path"":""docs/political-data/raw/germany/2026-10-01T23-21-39-584Z_02e7077f9358c9ef/final-results.zip"",""sha256"":""02e7077f9358c9ef408741ee5d17123a43c28ea766b26a7ab338c08fcaeb7512""},""parser_version"":""germany-production-v1"",""parser_sha256"":""2a8eb3487f392ef83303e7fb9ff246e4c111a7e64a469a6aa9eb21461ae9b1a0"",""fields_covered"":[""second_votes"",""registered_label_native""],""published_or_derived"":""published"",""source_member"":""btw2013_kerg.csv"",""source_member_sha256"":""af1d7f449974be160ffbbcc359bee00b73fb538a279f7ded5ea99b5b13bfcfbe"",""source_column"":113}]",,,
"rc-ct-de-0101","germany","el-de-bt-2013-09-22","ct-de-0101","party_identity_difference","requires_manual_review","Election-specific result is sourced. Canonical party relation unresolved; excluded from continuous party series.","[{""source_id"":""src-de-bwl-final-archive"",""source_url"":""https://www.bundeswahlleiterin.de/dam/jcr/ce2d2b6a-f211-4355-8eea-355c98cd4e47/btw_kerg.zip"",""source_record_id"":""af1d7f449974be160ffbbcc359bee00b73fb538a279f7ded5ea99b5b13bfcfbe:btw2013_kerg.csv:340:117"",""retrieved_at"":""2026-10-01T23:21:39.584Z"",""raw_snapshot"":{""path"":""docs/political-data/raw/germany/2026-10-01T23-21-39-584Z_02e7077f9358c9ef/final-results.zip"",""sha256"":""02e7077f9358c9ef408741ee5d17123a43c28ea766b26a7ab338c08fcaeb7512""},""parser_version"":""germany-production-v1"",""parser_sha256"":""2a8eb3487f392ef83303e7fb9ff246e4c111a7e64a469a6aa9eb21461ae9b1a0"",""fields_covered"":[""second_votes"",""registered_label_native""],""published_or_derived"":""published"",""source_member"":""btw2013_kerg.csv"",""source_member_sha256"":""af1d7f449974be160ffbbcc359bee00b73fb538a279f7ded5ea99b5b13bfcfbe"",""source_column"":117}]",,,
"rc-ct-de-0102","germany","el-de-bt-2013-09-22","ct-de-0102","party_identity_difference","requires_manual_review","Election-specific result is sourced. Canonical party relation unresolved; excluded from continuous party series.","[{""source_id"":""src-de-bwl-final-archive"",""source_url"":""https://www.bundeswahlleiterin.de/dam/jcr/ce2d2b6a-f211-4355-8eea-355c98cd4e47/btw_kerg.zip"",""source_record_id"":""af1d7f449974be160ffbbcc359bee00b73fb538a279f7ded5ea99b5b13bfcfbe:btw2013_kerg.csv:340:121"",""retrieved_at"":""2026-10-01T23:21:39.584Z"",""raw_snapshot"":{""path"":""docs/political-data/raw/germany/2026-10-01T23-21-39-584Z_02e7077f9358c9ef/final-results.zip"",""sha256"":""02e7077f9358c9ef408741ee5d17123a43c28ea766b26a7ab338c08fcaeb7512""},""parser_version"":""germany-production-v1"",""parser_sha256"":""2a8eb3487f392ef83303e7fb9ff246e4c111a7e64a469a6aa9eb21461ae9b1a0"",""fields_covered"":[""second_votes"",""registered_label_native""],""published_or_derived"":""published"",""source_member"":""btw2013_kerg.csv"",""source_member_sha256"":""af1d7f449974be160ffbbcc359bee00b73fb538a279f7ded5ea99b5b13bfcfbe"",""source_column"":121}]",,,
"rc-ct-de-0103","germany","el-de-bt-2013-09-22","ct-de-0103","party_identity_difference","requires_manual_review","Election-specific result is sourced. Canonical party relation unresolved; excluded from continuous party series.","[{""source_id"":""src-de-bwl-final-archive"",""source_url"":""https://www.bundeswahlleiterin.de/dam/jcr/ce2d2b6a-f211-4355-8eea-355c98cd4e47/btw_kerg.zip"",""source_record_id"":""af1d7f449974be160ffbbcc359bee00b73fb538a279f7ded5ea99b5b13bfcfbe:btw2013_kerg.csv:340:125"",""retrieved_at"":""2026-10-01T23:21:39.584Z"",""raw_snapshot"":{""path"":""docs/political-data/raw/germany/2026-10-01T23-21-39-584Z_02e7077f9358c9ef/final-results.zip"",""sha256"":""02e7077f9358c9ef408741ee5d17123a43c28ea766b26a7ab338c08fcaeb7512""},""parser_version"":""germany-production-v1"",""parser_sha256"":""2a8eb3487f392ef83303e7fb9ff246e4c111a7e64a469a6aa9eb21461ae9b1a0"",""fields_covered"":[""second_votes"",""registered_label_native""],""published_or_derived"":""published"",""source_member"":""btw2013_kerg.csv"",""source_member_sha256"":""af1d7f449974be160ffbbcc359bee00b73fb538a279f7ded5ea99b5b13bfcfbe"",""source_column"":125}]",,,
"rc-ct-de-0104","germany","el-de-bt-2013-09-22","ct-de-0104","party_identity_difference","requires_manual_review","Election-specific result is sourced. Canonical party relation unresolved; excluded from continuous party series.","[{""source_id"":""src-de-bwl-final-archive"",""source_url"":""https://www.bundeswahlleiterin.de/dam/jcr/ce2d2b6a-f211-4355-8eea-355c98cd4e47/btw_kerg.zip"",""source_record_id"":""af1d7f449974be160ffbbcc359bee00b73fb538a279f7ded5ea99b5b13bfcfbe:btw2013_kerg.csv:340:129"",""retrieved_at"":""2026-10-01T23:21:39.584Z"",""raw_snapshot"":{""path"":""docs/political-data/raw/germany/2026-10-01T23-21-39-584Z_02e7077f9358c9ef/final-results.zip"",""sha256"":""02e7077f9358c9ef408741ee5d17123a43c28ea766b26a7ab338c08fcaeb7512""},""parser_version"":""germany-production-v1"",""parser_sha256"":""2a8eb3487f392ef83303e7fb9ff246e4c111a7e64a469a6aa9eb21461ae9b1a0"",""fields_covered"":[""second_votes"",""registered_label_native""],""published_or_derived"":""published"",""source_member"":""btw2013_kerg.csv"",""source_member_sha256"":""af1d7f449974be160ffbbcc359bee00b73fb538a279f7ded5ea99b5b13bfcfbe"",""source_column"":129}]",,,
"rc-ct-de-0105","germany","el-de-bt-2013-09-22","ct-de-0105","party_identity_difference","requires_manual_review","Election-specific result is sourced. Canonical party relation unresolved; excluded from continuous party series.","[{""source_id"":""src-de-bwl-final-archive"",""source_url"":""https://www.bundeswahlleiterin.de/dam/jcr/ce2d2b6a-f211-4355-8eea-355c98cd4e47/btw_kerg.zip"",""source_record_id"":""af1d7f449974be160ffbbcc359bee00b73fb538a279f7ded5ea99b5b13bfcfbe:btw2013_kerg.csv:340:133"",""retrieved_at"":""2026-10-01T23:21:39.584Z"",""raw_snapshot"":{""path"":""docs/political-data/raw/germany/2026-10-01T23-21-39-584Z_02e7077f9358c9ef/final-results.zip"",""sha256"":""02e7077f9358c9ef408741ee5d17123a43c28ea766b26a7ab338c08fcaeb7512""},""parser_version"":""germany-production-v1"",""parser_sha256"":""2a8eb3487f392ef83303e7fb9ff246e4c111a7e64a469a6aa9eb21461ae9b1a0"",""fields_covered"":[""second_votes"",""registered_label_native""],""published_or_derived"":""published"",""source_member"":""btw2013_kerg.csv"",""source_member_sha256"":""af1d7f449974be160ffbbcc359bee00b73fb538a279f7ded5ea99b5b13bfcfbe"",""source_column"":133}]",,,
"rc-ct-de-0106","germany","el-de-bt-2013-09-22","ct-de-0106","party_identity_difference","requires_manual_review","Election-specific result is sourced. Canonical party relation unresolved; excluded from continuous party series.","[{""source_id"":""src-de-bwl-final-archive"",""source_url"":""https://www.bundeswahlleiterin.de/dam/jcr/ce2d2b6a-f211-4355-8eea-355c98cd4e47/btw_kerg.zip"",""source_record_id"":""af1d7f449974be160ffbbcc359bee00b73fb538a279f7ded5ea99b5b13bfcfbe:btw2013_kerg.csv:340:137"",""retrieved_at"":""2026-10-01T23:21:39.584Z"",""raw_snapshot"":{""path"":""docs/political-data/raw/germany/2026-10-01T23-21-39-584Z_02e7077f9358c9ef/final-results.zip"",""sha256"":""02e7077f9358c9ef408741ee5d17123a43c28ea766b26a7ab338c08fcaeb7512""},""parser_version"":""germany-production-v1"",""parser_sha256"":""2a8eb3487f392ef83303e7fb9ff246e4c111a7e64a469a6aa9eb21461ae9b1a0"",""fields_covered"":[""second_votes"",""registered_label_native""],""published_or_derived"":""published"",""source_member"":""btw2013_kerg.csv"",""source_member_sha256"":""af1d7f449974be160ffbbcc359bee00b73fb538a279f7ded5ea99b5b13bfcfbe"",""source_column"":137}]",,,
"rc-ct-de-0107","germany","el-de-bt-2017-09-24","ct-de-0107","party_identity_difference","requires_manual_review","Election-specific result is sourced. Canonical party relation unresolved; excluded from continuous party series.","[{""source_id"":""src-de-bwl-final-archive"",""source_url"":""https://www.bundeswahlleiterin.de/dam/jcr/ce2d2b6a-f211-4355-8eea-355c98cd4e47/btw_kerg.zip"",""source_record_id"":""d5d5009b8cbe5cc2e4a75760a057bda2b29f656a41b157e28557aa47b0e34c4f:btw2017_kerg.csv:340:21"",""retrieved_at"":""2026-10-01T23:21:39.584Z"",""raw_snapshot"":{""path"":""docs/political-data/raw/germany/2026-10-01T23-21-39-584Z_02e7077f9358c9ef/final-results.zip"",""sha256"":""02e7077f9358c9ef408741ee5d17123a43c28ea766b26a7ab338c08fcaeb7512""},""parser_version"":""germany-production-v1"",""parser_sha256"":""2a8eb3487f392ef83303e7fb9ff246e4c111a7e64a469a6aa9eb21461ae9b1a0"",""fields_covered"":[""second_votes"",""registered_label_native""],""published_or_derived"":""published"",""source_member"":""btw2017_kerg.csv"",""source_member_sha256"":""d5d5009b8cbe5cc2e4a75760a057bda2b29f656a41b157e28557aa47b0e34c4f"",""source_column"":21}]",,,
"rc-ct-de-0108","germany","el-de-bt-2017-09-24","ct-de-0108","party_identity_difference","requires_manual_review","Election-specific result is sourced. Canonical party relation unresolved; excluded from continuous party series.","[{""source_id"":""src-de-bwl-final-archive"",""source_url"":""https://www.bundeswahlleiterin.de/dam/jcr/ce2d2b6a-f211-4355-8eea-355c98cd4e47/btw_kerg.zip"",""source_record_id"":""d5d5009b8cbe5cc2e4a75760a057bda2b29f656a41b157e28557aa47b0e34c4f:btw2017_kerg.csv:340:25"",""retrieved_at"":""2026-10-01T23:21:39.584Z"",""raw_snapshot"":{""path"":""docs/political-data/raw/germany/2026-10-01T23-21-39-584Z_02e7077f9358c9ef/final-results.zip"",""sha256"":""02e7077f9358c9ef408741ee5d17123a43c28ea766b26a7ab338c08fcaeb7512""},""parser_version"":""germany-production-v1"",""parser_sha256"":""2a8eb3487f392ef83303e7fb9ff246e4c111a7e64a469a6aa9eb21461ae9b1a0"",""fields_covered"":[""second_votes"",""registered_label_native""],""published_or_derived"":""published"",""source_member"":""btw2017_kerg.csv"",""source_member_sha256"":""d5d5009b8cbe5cc2e4a75760a057bda2b29f656a41b157e28557aa47b0e34c4f"",""source_column"":25}]",,,
"rc-ct-de-0109","germany","el-de-bt-2017-09-24","ct-de-0109","party_identity_difference","requires_manual_review","Election-specific result is sourced. Canonical party relation unresolved; excluded from continuous party series.","[{""source_id"":""src-de-bwl-final-archive"",""source_url"":""https://www.bundeswahlleiterin.de/dam/jcr/ce2d2b6a-f211-4355-8eea-355c98cd4e47/btw_kerg.zip"",""source_record_id"":""d5d5009b8cbe5cc2e4a75760a057bda2b29f656a41b157e28557aa47b0e34c4f:btw2017_kerg.csv:340:29"",""retrieved_at"":""2026-10-01T23:21:39.584Z"",""raw_snapshot"":{""path"":""docs/political-data/raw/germany/2026-10-01T23-21-39-584Z_02e7077f9358c9ef/final-results.zip"",""sha256"":""02e7077f9358c9ef408741ee5d17123a43c28ea766b26a7ab338c08fcaeb7512""},""parser_version"":""germany-production-v1"",""parser_sha256"":""2a8eb3487f392ef83303e7fb9ff246e4c111a7e64a469a6aa9eb21461ae9b1a0"",""fields_covered"":[""second_votes"",""registered_label_native""],""published_or_derived"":""published"",""source_member"":""btw2017_kerg.csv"",""source_member_sha256"":""d5d5009b8cbe5cc2e4a75760a057bda2b29f656a41b157e28557aa47b0e34c4f"",""source_column"":29}]",,,
"rc-ct-de-0110","germany","el-de-bt-2017-09-24","ct-de-0110","party_identity_difference","requires_manual_review","Election-specific result is sourced. Canonical party relation unresolved; excluded from continuous party series.","[{""source_id"":""src-de-bwl-final-archive"",""source_url"":""https://www.bundeswahlleiterin.de/dam/jcr/ce2d2b6a-f211-4355-8eea-355c98cd4e47/btw_kerg.zip"",""source_record_id"":""d5d5009b8cbe5cc2e4a75760a057bda2b29f656a41b157e28557aa47b0e34c4f:btw2017_kerg.csv:340:33"",""retrieved_at"":""2026-10-01T23:21:39.584Z"",""raw_snapshot"":{""path"":""docs/political-data/raw/germany/2026-10-01T23-21-39-584Z_02e7077f9358c9ef/final-results.zip"",""sha256"":""02e7077f9358c9ef408741ee5d17123a43c28ea766b26a7ab338c08fcaeb7512""},""parser_version"":""germany-production-v1"",""parser_sha256"":""2a8eb3487f392ef83303e7fb9ff246e4c111a7e64a469a6aa9eb21461ae9b1a0"",""fields_covered"":[""second_votes"",""registered_label_native""],""published_or_derived"":""published"",""source_member"":""btw2017_kerg.csv"",""source_member_sha256"":""d5d5009b8cbe5cc2e4a75760a057bda2b29f656a41b157e28557aa47b0e34c4f"",""source_column"":33}]",,,
"rc-ct-de-0111","germany","el-de-bt-2017-09-24","ct-de-0111","party_identity_difference","requires_manual_review","Election-specific result is sourced. Canonical party relation unresolved; excluded from continuous party series.","[{""source_id"":""src-de-bwl-final-archive"",""source_url"":""https://www.bundeswahlleiterin.de/dam/jcr/ce2d2b6a-f211-4355-8eea-355c98cd4e47/btw_kerg.zip"",""source_record_id"":""d5d5009b8cbe5cc2e4a75760a057bda2b29f656a41b157e28557aa47b0e34c4f:btw2017_kerg.csv:340:37"",""retrieved_at"":""2026-10-01T23:21:39.584Z"",""raw_snapshot"":{""path"":""docs/political-data/raw/germany/2026-10-01T23-21-39-584Z_02e7077f9358c9ef/final-results.zip"",""sha256"":""02e7077f9358c9ef408741ee5d17123a43c28ea766b26a7ab338c08fcaeb7512""},""parser_version"":""germany-production-v1"",""parser_sha256"":""2a8eb3487f392ef83303e7fb9ff246e4c111a7e64a469a6aa9eb21461ae9b1a0"",""fields_covered"":[""second_votes"",""registered_label_native""],""published_or_derived"":""published"",""source_member"":""btw2017_kerg.csv"",""source_member_sha256"":""d5d5009b8cbe5cc2e4a75760a057bda2b29f656a41b157e28557aa47b0e34c4f"",""source_column"":37}]",,,
"rc-ct-de-0112","germany","el-de-bt-2017-09-24","ct-de-0112","party_identity_difference","requires_manual_review","Election-specific result is sourced. Canonical party relation unresolved; excluded from continuous party series.","[{""source_id"":""src-de-bwl-final-archive"",""source_url"":""https://www.bundeswahlleiterin.de/dam/jcr/ce2d2b6a-f211-4355-8eea-355c98cd4e47/btw_kerg.zip"",""source_record_id"":""d5d5009b8cbe5cc2e4a75760a057bda2b29f656a41b157e28557aa47b0e34c4f:btw2017_kerg.csv:340:41"",""retrieved_at"":""2026-10-01T23:21:39.584Z"",""raw_snapshot"":{""path"":""docs/political-data/raw/germany/2026-10-01T23-21-39-584Z_02e7077f9358c9ef/final-results.zip"",""sha256"":""02e7077f9358c9ef408741ee5d17123a43c28ea766b26a7ab338c08fcaeb7512""},""parser_version"":""germany-production-v1"",""parser_sha256"":""2a8eb3487f392ef83303e7fb9ff246e4c111a7e64a469a6aa9eb21461ae9b1a0"",""fields_covered"":[""second_votes"",""registered_label_native""],""published_or_derived"":""published"",""source_member"":""btw2017_kerg.csv"",""source_member_sha256"":""d5d5009b8cbe5cc2e4a75760a057bda2b29f656a41b157e28557aa47b0e34c4f"",""source_column"":41}]",,,
"rc-ct-de-0113","germany","el-de-bt-2017-09-24","ct-de-0113","party_identity_difference","requires_manual_review","Election-specific result is sourced. Canonical party relation unresolved; excluded from continuous party series.","[{""source_id"":""src-de-bwl-final-archive"",""source_url"":""https://www.bundeswahlleiterin.de/dam/jcr/ce2d2b6a-f211-4355-8eea-355c98cd4e47/btw_kerg.zip"",""source_record_id"":""d5d5009b8cbe5cc2e4a75760a057bda2b29f656a41b157e28557aa47b0e34c4f:btw2017_kerg.csv:340:45"",""retrieved_at"":""2026-10-01T23:21:39.584Z"",""raw_snapshot"":{""path"":""docs/political-data/raw/germany/2026-10-01T23-21-39-584Z_02e7077f9358c9ef/final-results.zip"",""sha256"":""02e7077f9358c9ef408741ee5d17123a43c28ea766b26a7ab338c08fcaeb7512""},""parser_version"":""germany-production-v1"",""parser_sha256"":""2a8eb3487f392ef83303e7fb9ff246e4c111a7e64a469a6aa9eb21461ae9b1a0"",""fields_covered"":[""second_votes"",""registered_label_native""],""published_or_derived"":""published"",""source_member"":""btw2017_kerg.csv"",""source_member_sha256"":""d5d5009b8cbe5cc2e4a75760a057bda2b29f656a41b157e28557aa47b0e34c4f"",""source_column"":45}]",,,
"rc-ct-de-0114","germany","el-de-bt-2017-09-24","ct-de-0114","party_identity_difference","requires_manual_review","Election-specific result is sourced. Canonical party relation unresolved; excluded from continuous party series.","[{""source_id"":""src-de-bwl-final-archive"",""source_url"":""https://www.bundeswahlleiterin.de/dam/jcr/ce2d2b6a-f211-4355-8eea-355c98cd4e47/btw_kerg.zip"",""source_record_id"":""d5d5009b8cbe5cc2e4a75760a057bda2b29f656a41b157e28557aa47b0e34c4f:btw2017_kerg.csv:340:49"",""retrieved_at"":""2026-10-01T23:21:39.584Z"",""raw_snapshot"":{""path"":""docs/political-data/raw/germany/2026-10-01T23-21-39-584Z_02e7077f9358c9ef/final-results.zip"",""sha256"":""02e7077f9358c9ef408741ee5d17123a43c28ea766b26a7ab338c08fcaeb7512""},""parser_version"":""germany-production-v1"",""parser_sha256"":""2a8eb3487f392ef83303e7fb9ff246e4c111a7e64a469a6aa9eb21461ae9b1a0"",""fields_covered"":[""second_votes"",""registered_label_native""],""published_or_derived"":""published"",""source_member"":""btw2017_kerg.csv"",""source_member_sha256"":""d5d5009b8cbe5cc2e4a75760a057bda2b29f656a41b157e28557aa47b0e34c4f"",""source_column"":49}]",,,
"rc-ct-de-0115","germany","el-de-bt-2017-09-24","ct-de-0115","party_identity_difference","requires_manual_review","Election-specific result is sourced. Canonical party relation unresolved; excluded from continuous party series.","[{""source_id"":""src-de-bwl-final-archive"",""source_url"":""https://www.bundeswahlleiterin.de/dam/jcr/ce2d2b6a-f211-4355-8eea-355c98cd4e47/btw_kerg.zip"",""source_record_id"":""d5d5009b8cbe5cc2e4a75760a057bda2b29f656a41b157e28557aa47b0e34c4f:btw2017_kerg.csv:340:53"",""retrieved_at"":""2026-10-01T23:21:39.584Z"",""raw_snapshot"":{""path"":""docs/political-data/raw/germany/2026-10-01T23-21-39-584Z_02e7077f9358c9ef/final-results.zip"",""sha256"":""02e7077f9358c9ef408741ee5d17123a43c28ea766b26a7ab338c08fcaeb7512""},""parser_version"":""germany-production-v1"",""parser_sha256"":""2a8eb3487f392ef83303e7fb9ff246e4c111a7e64a469a6aa9eb21461ae9b1a0"",""fields_covered"":[""second_votes"",""registered_label_native""],""published_or_derived"":""published"",""source_member"":""btw2017_kerg.csv"",""source_member_sha256"":""d5d5009b8cbe5cc2e4a75760a057bda2b29f656a41b157e28557aa47b0e34c4f"",""source_column"":53}]",,,
"rc-ct-de-0116","germany","el-de-bt-2017-09-24","ct-de-0116","party_identity_difference","requires_manual_review","Election-specific result is sourced. Canonical party relation unresolved; excluded from continuous party series.","[{""source_id"":""src-de-bwl-final-archive"",""source_url"":""https://www.bundeswahlleiterin.de/dam/jcr/ce2d2b6a-f211-4355-8eea-355c98cd4e47/btw_kerg.zip"",""source_record_id"":""d5d5009b8cbe5cc2e4a75760a057bda2b29f656a41b157e28557aa47b0e34c4f:btw2017_kerg.csv:340:57"",""retrieved_at"":""2026-10-01T23:21:39.584Z"",""raw_snapshot"":{""path"":""docs/political-data/raw/germany/2026-10-01T23-21-39-584Z_02e7077f9358c9ef/final-results.zip"",""sha256"":""02e7077f9358c9ef408741ee5d17123a43c28ea766b26a7ab338c08fcaeb7512""},""parser_version"":""germany-production-v1"",""parser_sha256"":""2a8eb3487f392ef83303e7fb9ff246e4c111a7e64a469a6aa9eb21461ae9b1a0"",""fields_covered"":[""second_votes"",""registered_label_native""],""published_or_derived"":""published"",""source_member"":""btw2017_kerg.csv"",""source_member_sha256"":""d5d5009b8cbe5cc2e4a75760a057bda2b29f656a41b157e28557aa47b0e34c4f"",""source_column"":57}]",,,
"rc-ct-de-0117","germany","el-de-bt-2017-09-24","ct-de-0117","party_identity_difference","requires_manual_review","Election-specific result is sourced. Canonical party relation unresolved; excluded from continuous party series.","[{""source_id"":""src-de-bwl-final-archive"",""source_url"":""https://www.bundeswahlleiterin.de/dam/jcr/ce2d2b6a-f211-4355-8eea-355c98cd4e47/btw_kerg.zip"",""source_record_id"":""d5d5009b8cbe5cc2e4a75760a057bda2b29f656a41b157e28557aa47b0e34c4f:btw2017_kerg.csv:340:61"",""retrieved_at"":""2026-10-01T23:21:39.584Z"",""raw_snapshot"":{""path"":""docs/political-data/raw/germany/2026-10-01T23-21-39-584Z_02e7077f9358c9ef/final-results.zip"",""sha256"":""02e7077f9358c9ef408741ee5d17123a43c28ea766b26a7ab338c08fcaeb7512""},""parser_version"":""germany-production-v1"",""parser_sha256"":""2a8eb3487f392ef83303e7fb9ff246e4c111a7e64a469a6aa9eb21461ae9b1a0"",""fields_covered"":[""second_votes"",""registered_label_native""],""published_or_derived"":""published"",""source_member"":""btw2017_kerg.csv"",""source_member_sha256"":""d5d5009b8cbe5cc2e4a75760a057bda2b29f656a41b157e28557aa47b0e34c4f"",""source_column"":61}]",,,
"rc-ct-de-0118","germany","el-de-bt-2017-09-24","ct-de-0118","party_identity_difference","requires_manual_review","Election-specific result is sourced. Canonical party relation unresolved; excluded from continuous party series.","[{""source_id"":""src-de-bwl-final-archive"",""source_url"":""https://www.bundeswahlleiterin.de/dam/jcr/ce2d2b6a-f211-4355-8eea-355c98cd4e47/btw_kerg.zip"",""source_record_id"":""d5d5009b8cbe5cc2e4a75760a057bda2b29f656a41b157e28557aa47b0e34c4f:btw2017_kerg.csv:340:65"",""retrieved_at"":""2026-10-01T23:21:39.584Z"",""raw_snapshot"":{""path"":""docs/political-data/raw/germany/2026-10-01T23-21-39-584Z_02e7077f9358c9ef/final-results.zip"",""sha256"":""02e7077f9358c9ef408741ee5d17123a43c28ea766b26a7ab338c08fcaeb7512""},""parser_version"":""germany-production-v1"",""parser_sha256"":""2a8eb3487f392ef83303e7fb9ff246e4c111a7e64a469a6aa9eb21461ae9b1a0"",""fields_covered"":[""second_votes"",""registered_label_native""],""published_or_derived"":""published"",""source_member"":""btw2017_kerg.csv"",""source_member_sha256"":""d5d5009b8cbe5cc2e4a75760a057bda2b29f656a41b157e28557aa47b0e34c4f"",""source_column"":65}]",,,
"rc-ct-de-0119","germany","el-de-bt-2017-09-24","ct-de-0119","party_identity_difference","requires_manual_review","Election-specific result is sourced. Canonical party relation unresolved; excluded from continuous party series.","[{""source_id"":""src-de-bwl-final-archive"",""source_url"":""https://www.bundeswahlleiterin.de/dam/jcr/ce2d2b6a-f211-4355-8eea-355c98cd4e47/btw_kerg.zip"",""source_record_id"":""d5d5009b8cbe5cc2e4a75760a057bda2b29f656a41b157e28557aa47b0e34c4f:btw2017_kerg.csv:340:69"",""retrieved_at"":""2026-10-01T23:21:39.584Z"",""raw_snapshot"":{""path"":""docs/political-data/raw/germany/2026-10-01T23-21-39-584Z_02e7077f9358c9ef/final-results.zip"",""sha256"":""02e7077f9358c9ef408741ee5d17123a43c28ea766b26a7ab338c08fcaeb7512""},""parser_version"":""germany-production-v1"",""parser_sha256"":""2a8eb3487f392ef83303e7fb9ff246e4c111a7e64a469a6aa9eb21461ae9b1a0"",""fields_covered"":[""second_votes"",""registered_label_native""],""published_or_derived"":""published"",""source_member"":""btw2017_kerg.csv"",""source_member_sha256"":""d5d5009b8cbe5cc2e4a75760a057bda2b29f656a41b157e28557aa47b0e34c4f"",""source_column"":69}]",,,
"rc-ct-de-0120","germany","el-de-bt-2017-09-24","ct-de-0120","party_identity_difference","requires_manual_review","Election-specific result is sourced. Canonical party relation unresolved; excluded from continuous party series.","[{""source_id"":""src-de-bwl-final-archive"",""source_url"":""https://www.bundeswahlleiterin.de/dam/jcr/ce2d2b6a-f211-4355-8eea-355c98cd4e47/btw_kerg.zip"",""source_record_id"":""d5d5009b8cbe5cc2e4a75760a057bda2b29f656a41b157e28557aa47b0e34c4f:btw2017_kerg.csv:340:73"",""retrieved_at"":""2026-10-01T23:21:39.584Z"",""raw_snapshot"":{""path"":""docs/political-data/raw/germany/2026-10-01T23-21-39-584Z_02e7077f9358c9ef/final-results.zip"",""sha256"":""02e7077f9358c9ef408741ee5d17123a43c28ea766b26a7ab338c08fcaeb7512""},""parser_version"":""germany-production-v1"",""parser_sha256"":""2a8eb3487f392ef83303e7fb9ff246e4c111a7e64a469a6aa9eb21461ae9b1a0"",""fields_covered"":[""second_votes"",""registered_label_native""],""published_or_derived"":""published"",""source_member"":""btw2017_kerg.csv"",""source_member_sha256"":""d5d5009b8cbe5cc2e4a75760a057bda2b29f656a41b157e28557aa47b0e34c4f"",""source_column"":73}]",,,
"rc-ct-de-0121","germany","el-de-bt-2017-09-24","ct-de-0121","party_identity_difference","requires_manual_review","Election-specific result is sourced. Canonical party relation unresolved; excluded from continuous party series.","[{""source_id"":""src-de-bwl-final-archive"",""source_url"":""https://www.bundeswahlleiterin.de/dam/jcr/ce2d2b6a-f211-4355-8eea-355c98cd4e47/btw_kerg.zip"",""source_record_id"":""d5d5009b8cbe5cc2e4a75760a057bda2b29f656a41b157e28557aa47b0e34c4f:btw2017_kerg.csv:340:77"",""retrieved_at"":""2026-10-01T23:21:39.584Z"",""raw_snapshot"":{""path"":""docs/political-data/raw/germany/2026-10-01T23-21-39-584Z_02e7077f9358c9ef/final-results.zip"",""sha256"":""02e7077f9358c9ef408741ee5d17123a43c28ea766b26a7ab338c08fcaeb7512""},""parser_version"":""germany-production-v1"",""parser_sha256"":""2a8eb3487f392ef83303e7fb9ff246e4c111a7e64a469a6aa9eb21461ae9b1a0"",""fields_covered"":[""second_votes"",""registered_label_native""],""published_or_derived"":""published"",""source_member"":""btw2017_kerg.csv"",""source_member_sha256"":""d5d5009b8cbe5cc2e4a75760a057bda2b29f656a41b157e28557aa47b0e34c4f"",""source_column"":77}]",,,
"rc-ct-de-0122","germany","el-de-bt-2017-09-24","ct-de-0122","party_identity_difference","requires_manual_review","Election-specific result is sourced. Canonical party relation unresolved; excluded from continuous party series.","[{""source_id"":""src-de-bwl-final-archive"",""source_url"":""https://www.bundeswahlleiterin.de/dam/jcr/ce2d2b6a-f211-4355-8eea-355c98cd4e47/btw_kerg.zip"",""source_record_id"":""d5d5009b8cbe5cc2e4a75760a057bda2b29f656a41b157e28557aa47b0e34c4f:btw2017_kerg.csv:340:81"",""retrieved_at"":""2026-10-01T23:21:39.584Z"",""raw_snapshot"":{""path"":""docs/political-data/raw/germany/2026-10-01T23-21-39-584Z_02e7077f9358c9ef/final-results.zip"",""sha256"":""02e7077f9358c9ef408741ee5d17123a43c28ea766b26a7ab338c08fcaeb7512""},""parser_version"":""germany-production-v1"",""parser_sha256"":""2a8eb3487f392ef83303e7fb9ff246e4c111a7e64a469a6aa9eb21461ae9b1a0"",""fields_covered"":[""second_votes"",""registered_label_native""],""published_or_derived"":""published"",""source_member"":""btw2017_kerg.csv"",""source_member_sha256"":""d5d5009b8cbe5cc2e4a75760a057bda2b29f656a41b157e28557aa47b0e34c4f"",""source_column"":81}]",,,
"rc-ct-de-0123","germany","el-de-bt-2017-09-24","ct-de-0123","party_identity_difference","requires_manual_review","Election-specific result is sourced. Canonical party relation unresolved; excluded from continuous party series.","[{""source_id"":""src-de-bwl-final-archive"",""source_url"":""https://www.bundeswahlleiterin.de/dam/jcr/ce2d2b6a-f211-4355-8eea-355c98cd4e47/btw_kerg.zip"",""source_record_id"":""d5d5009b8cbe5cc2e4a75760a057bda2b29f656a41b157e28557aa47b0e34c4f:btw2017_kerg.csv:340:85"",""retrieved_at"":""2026-10-01T23:21:39.584Z"",""raw_snapshot"":{""path"":""docs/political-data/raw/germany/2026-10-01T23-21-39-584Z_02e7077f9358c9ef/final-results.zip"",""sha256"":""02e7077f9358c9ef408741ee5d17123a43c28ea766b26a7ab338c08fcaeb7512""},""parser_version"":""germany-production-v1"",""parser_sha256"":""2a8eb3487f392ef83303e7fb9ff246e4c111a7e64a469a6aa9eb21461ae9b1a0"",""fields_covered"":[""second_votes"",""registered_label_native""],""published_or_derived"":""published"",""source_member"":""btw2017_kerg.csv"",""source_member_sha256"":""d5d5009b8cbe5cc2e4a75760a057bda2b29f656a41b157e28557aa47b0e34c4f"",""source_column"":85}]",,,
"rc-ct-de-0124","germany","el-de-bt-2017-09-24","ct-de-0124","party_identity_difference","requires_manual_review","Election-specific result is sourced. Canonical party relation unresolved; excluded from continuous party series.","[{""source_id"":""src-de-bwl-final-archive"",""source_url"":""https://www.bundeswahlleiterin.de/dam/jcr/ce2d2b6a-f211-4355-8eea-355c98cd4e47/btw_kerg.zip"",""source_record_id"":""d5d5009b8cbe5cc2e4a75760a057bda2b29f656a41b157e28557aa47b0e34c4f:btw2017_kerg.csv:340:89"",""retrieved_at"":""2026-10-01T23:21:39.584Z"",""raw_snapshot"":{""path"":""docs/political-data/raw/germany/2026-10-01T23-21-39-584Z_02e7077f9358c9ef/final-results.zip"",""sha256"":""02e7077f9358c9ef408741ee5d17123a43c28ea766b26a7ab338c08fcaeb7512""},""parser_version"":""germany-production-v1"",""parser_sha256"":""2a8eb3487f392ef83303e7fb9ff246e4c111a7e64a469a6aa9eb21461ae9b1a0"",""fields_covered"":[""second_votes"",""registered_label_native""],""published_or_derived"":""published"",""source_member"":""btw2017_kerg.csv"",""source_member_sha256"":""d5d5009b8cbe5cc2e4a75760a057bda2b29f656a41b157e28557aa47b0e34c4f"",""source_column"":89}]",,,
"rc-ct-de-0125","germany","el-de-bt-2017-09-24","ct-de-0125","party_identity_difference","requires_manual_review","Election-specific result is sourced. Canonical party relation unresolved; excluded from continuous party series.","[{""source_id"":""src-de-bwl-final-archive"",""source_url"":""https://www.bundeswahlleiterin.de/dam/jcr/ce2d2b6a-f211-4355-8eea-355c98cd4e47/btw_kerg.zip"",""source_record_id"":""d5d5009b8cbe5cc2e4a75760a057bda2b29f656a41b157e28557aa47b0e34c4f:btw2017_kerg.csv:340:93"",""retrieved_at"":""2026-10-01T23:21:39.584Z"",""raw_snapshot"":{""path"":""docs/political-data/raw/germany/2026-10-01T23-21-39-584Z_02e7077f9358c9ef/final-results.zip"",""sha256"":""02e7077f9358c9ef408741ee5d17123a43c28ea766b26a7ab338c08fcaeb7512""},""parser_version"":""germany-production-v1"",""parser_sha256"":""2a8eb3487f392ef83303e7fb9ff246e4c111a7e64a469a6aa9eb21461ae9b1a0"",""fields_covered"":[""second_votes"",""registered_label_native""],""published_or_derived"":""published"",""source_member"":""btw2017_kerg.csv"",""source_member_sha256"":""d5d5009b8cbe5cc2e4a75760a057bda2b29f656a41b157e28557aa47b0e34c4f"",""source_column"":93}]",,,
"rc-ct-de-0126","germany","el-de-bt-2017-09-24","ct-de-0126","party_identity_difference","requires_manual_review","Election-specific result is sourced. Canonical party relation unresolved; excluded from continuous party series.","[{""source_id"":""src-de-bwl-final-archive"",""source_url"":""https://www.bundeswahlleiterin.de/dam/jcr/ce2d2b6a-f211-4355-8eea-355c98cd4e47/btw_kerg.zip"",""source_record_id"":""d5d5009b8cbe5cc2e4a75760a057bda2b29f656a41b157e28557aa47b0e34c4f:btw2017_kerg.csv:340:97"",""retrieved_at"":""2026-10-01T23:21:39.584Z"",""raw_snapshot"":{""path"":""docs/political-data/raw/germany/2026-10-01T23-21-39-584Z_02e7077f9358c9ef/final-results.zip"",""sha256"":""02e7077f9358c9ef408741ee5d17123a43c28ea766b26a7ab338c08fcaeb7512""},""parser_version"":""germany-production-v1"",""parser_sha256"":""2a8eb3487f392ef83303e7fb9ff246e4c111a7e64a469a6aa9eb21461ae9b1a0"",""fields_covered"":[""second_votes"",""registered_label_native""],""published_or_derived"":""published"",""source_member"":""btw2017_kerg.csv"",""source_member_sha256"":""d5d5009b8cbe5cc2e4a75760a057bda2b29f656a41b157e28557aa47b0e34c4f"",""source_column"":97}]",,,
"rc-ct-de-0127","germany","el-de-bt-2017-09-24","ct-de-0127","party_identity_difference","requires_manual_review","Election-specific result is sourced. Canonical party relation unresolved; excluded from continuous party series.","[{""source_id"":""src-de-bwl-final-archive"",""source_url"":""https://www.bundeswahlleiterin.de/dam/jcr/ce2d2b6a-f211-4355-8eea-355c98cd4e47/btw_kerg.zip"",""source_record_id"":""d5d5009b8cbe5cc2e4a75760a057bda2b29f656a41b157e28557aa47b0e34c4f:btw2017_kerg.csv:340:101"",""retrieved_at"":""2026-10-01T23:21:39.584Z"",""raw_snapshot"":{""path"":""docs/political-data/raw/germany/2026-10-01T23-21-39-584Z_02e7077f9358c9ef/final-results.zip"",""sha256"":""02e7077f9358c9ef408741ee5d17123a43c28ea766b26a7ab338c08fcaeb7512""},""parser_version"":""germany-production-v1"",""parser_sha256"":""2a8eb3487f392ef83303e7fb9ff246e4c111a7e64a469a6aa9eb21461ae9b1a0"",""fields_covered"":[""second_votes"",""registered_label_native""],""published_or_derived"":""published"",""source_member"":""btw2017_kerg.csv"",""source_member_sha256"":""d5d5009b8cbe5cc2e4a75760a057bda2b29f656a41b157e28557aa47b0e34c4f"",""source_column"":101}]",,,
"rc-ct-de-0128","germany","el-de-bt-2017-09-24","ct-de-0128","party_identity_difference","requires_manual_review","Election-specific result is sourced. Canonical party relation unresolved; excluded from continuous party series.","[{""source_id"":""src-de-bwl-final-archive"",""source_url"":""https://www.bundeswahlleiterin.de/dam/jcr/ce2d2b6a-f211-4355-8eea-355c98cd4e47/btw_kerg.zip"",""source_record_id"":""d5d5009b8cbe5cc2e4a75760a057bda2b29f656a41b157e28557aa47b0e34c4f:btw2017_kerg.csv:340:105"",""retrieved_at"":""2026-10-01T23:21:39.584Z"",""raw_snapshot"":{""path"":""docs/political-data/raw/germany/2026-10-01T23-21-39-584Z_02e7077f9358c9ef/final-results.zip"",""sha256"":""02e7077f9358c9ef408741ee5d17123a43c28ea766b26a7ab338c08fcaeb7512""},""parser_version"":""germany-production-v1"",""parser_sha256"":""2a8eb3487f392ef83303e7fb9ff246e4c111a7e64a469a6aa9eb21461ae9b1a0"",""fields_covered"":[""second_votes"",""registered_label_native""],""published_or_derived"":""published"",""source_member"":""btw2017_kerg.csv"",""source_member_sha256"":""d5d5009b8cbe5cc2e4a75760a057bda2b29f656a41b157e28557aa47b0e34c4f"",""source_column"":105}]",,,
"rc-ct-de-0129","germany","el-de-bt-2017-09-24","ct-de-0129","party_identity_difference","requires_manual_review","Election-specific result is sourced. Canonical party relation unresolved; excluded from continuous party series.","[{""source_id"":""src-de-bwl-final-archive"",""source_url"":""https://www.bundeswahlleiterin.de/dam/jcr/ce2d2b6a-f211-4355-8eea-355c98cd4e47/btw_kerg.zip"",""source_record_id"":""d5d5009b8cbe5cc2e4a75760a057bda2b29f656a41b157e28557aa47b0e34c4f:btw2017_kerg.csv:340:109"",""retrieved_at"":""2026-10-01T23:21:39.584Z"",""raw_snapshot"":{""path"":""docs/political-data/raw/germany/2026-10-01T23-21-39-584Z_02e7077f9358c9ef/final-results.zip"",""sha256"":""02e7077f9358c9ef408741ee5d17123a43c28ea766b26a7ab338c08fcaeb7512""},""parser_version"":""germany-production-v1"",""parser_sha256"":""2a8eb3487f392ef83303e7fb9ff246e4c111a7e64a469a6aa9eb21461ae9b1a0"",""fields_covered"":[""second_votes"",""registered_label_native""],""published_or_derived"":""published"",""source_member"":""btw2017_kerg.csv"",""source_member_sha256"":""d5d5009b8cbe5cc2e4a75760a057bda2b29f656a41b157e28557aa47b0e34c4f"",""source_column"":109}]",,,
"rc-ct-de-0130","germany","el-de-bt-2017-09-24","ct-de-0130","party_identity_difference","requires_manual_review","Election-specific result is sourced. Canonical party relation unresolved; excluded from continuous party series.","[{""source_id"":""src-de-bwl-final-archive"",""source_url"":""https://www.bundeswahlleiterin.de/dam/jcr/ce2d2b6a-f211-4355-8eea-355c98cd4e47/btw_kerg.zip"",""source_record_id"":""d5d5009b8cbe5cc2e4a75760a057bda2b29f656a41b157e28557aa47b0e34c4f:btw2017_kerg.csv:340:113"",""retrieved_at"":""2026-10-01T23:21:39.584Z"",""raw_snapshot"":{""path"":""docs/political-data/raw/germany/2026-10-01T23-21-39-584Z_02e7077f9358c9ef/final-results.zip"",""sha256"":""02e7077f9358c9ef408741ee5d17123a43c28ea766b26a7ab338c08fcaeb7512""},""parser_version"":""germany-production-v1"",""parser_sha256"":""2a8eb3487f392ef83303e7fb9ff246e4c111a7e64a469a6aa9eb21461ae9b1a0"",""fields_covered"":[""second_votes"",""registered_label_native""],""published_or_derived"":""published"",""source_member"":""btw2017_kerg.csv"",""source_member_sha256"":""d5d5009b8cbe5cc2e4a75760a057bda2b29f656a41b157e28557aa47b0e34c4f"",""source_column"":113}]",,,
"rc-ct-de-0131","germany","el-de-bt-2017-09-24","ct-de-0131","party_identity_difference","requires_manual_review","Election-specific result is sourced. Canonical party relation unresolved; excluded from continuous party series.","[{""source_id"":""src-de-bwl-final-archive"",""source_url"":""https://www.bundeswahlleiterin.de/dam/jcr/ce2d2b6a-f211-4355-8eea-355c98cd4e47/btw_kerg.zip"",""source_record_id"":""d5d5009b8cbe5cc2e4a75760a057bda2b29f656a41b157e28557aa47b0e34c4f:btw2017_kerg.csv:340:117"",""retrieved_at"":""2026-10-01T23:21:39.584Z"",""raw_snapshot"":{""path"":""docs/political-data/raw/germany/2026-10-01T23-21-39-584Z_02e7077f9358c9ef/final-results.zip"",""sha256"":""02e7077f9358c9ef408741ee5d17123a43c28ea766b26a7ab338c08fcaeb7512""},""parser_version"":""germany-production-v1"",""parser_sha256"":""2a8eb3487f392ef83303e7fb9ff246e4c111a7e64a469a6aa9eb21461ae9b1a0"",""fields_covered"":[""second_votes"",""registered_label_native""],""published_or_derived"":""published"",""source_member"":""btw2017_kerg.csv"",""source_member_sha256"":""d5d5009b8cbe5cc2e4a75760a057bda2b29f656a41b157e28557aa47b0e34c4f"",""source_column"":117}]",,,
"rc-ct-de-0132","germany","el-de-bt-2017-09-24","ct-de-0132","party_identity_difference","requires_manual_review","Election-specific result is sourced. Canonical party relation unresolved; excluded from continuous party series.","[{""source_id"":""src-de-bwl-final-archive"",""source_url"":""https://www.bundeswahlleiterin.de/dam/jcr/ce2d2b6a-f211-4355-8eea-355c98cd4e47/btw_kerg.zip"",""source_record_id"":""d5d5009b8cbe5cc2e4a75760a057bda2b29f656a41b157e28557aa47b0e34c4f:btw2017_kerg.csv:340:121"",""retrieved_at"":""2026-10-01T23:21:39.584Z"",""raw_snapshot"":{""path"":""docs/political-data/raw/germany/2026-10-01T23-21-39-584Z_02e7077f9358c9ef/final-results.zip"",""sha256"":""02e7077f9358c9ef408741ee5d17123a43c28ea766b26a7ab338c08fcaeb7512""},""parser_version"":""germany-production-v1"",""parser_sha256"":""2a8eb3487f392ef83303e7fb9ff246e4c111a7e64a469a6aa9eb21461ae9b1a0"",""fields_covered"":[""second_votes"",""registered_label_native""],""published_or_derived"":""published"",""source_member"":""btw2017_kerg.csv"",""source_member_sha256"":""d5d5009b8cbe5cc2e4a75760a057bda2b29f656a41b157e28557aa47b0e34c4f"",""source_column"":121}]",,,
"rc-ct-de-0133","germany","el-de-bt-2017-09-24","ct-de-0133","party_identity_difference","requires_manual_review","Election-specific result is sourced. Canonical party relation unresolved; excluded from continuous party series.","[{""source_id"":""src-de-bwl-final-archive"",""source_url"":""https://www.bundeswahlleiterin.de/dam/jcr/ce2d2b6a-f211-4355-8eea-355c98cd4e47/btw_kerg.zip"",""source_record_id"":""d5d5009b8cbe5cc2e4a75760a057bda2b29f656a41b157e28557aa47b0e34c4f:btw2017_kerg.csv:340:125"",""retrieved_at"":""2026-10-01T23:21:39.584Z"",""raw_snapshot"":{""path"":""docs/political-data/raw/germany/2026-10-01T23-21-39-584Z_02e7077f9358c9ef/final-results.zip"",""sha256"":""02e7077f9358c9ef408741ee5d17123a43c28ea766b26a7ab338c08fcaeb7512""},""parser_version"":""germany-production-v1"",""parser_sha256"":""2a8eb3487f392ef83303e7fb9ff246e4c111a7e64a469a6aa9eb21461ae9b1a0"",""fields_covered"":[""second_votes"",""registered_label_native""],""published_or_derived"":""published"",""source_member"":""btw2017_kerg.csv"",""source_member_sha256"":""d5d5009b8cbe5cc2e4a75760a057bda2b29f656a41b157e28557aa47b0e34c4f"",""source_column"":125}]",,,
"rc-ct-de-0134","germany","el-de-bt-2017-09-24","ct-de-0134","party_identity_difference","requires_manual_review","Election-specific result is sourced. Canonical party relation unresolved; excluded from continuous party series.","[{""source_id"":""src-de-bwl-final-archive"",""source_url"":""https://www.bundeswahlleiterin.de/dam/jcr/ce2d2b6a-f211-4355-8eea-355c98cd4e47/btw_kerg.zip"",""source_record_id"":""d5d5009b8cbe5cc2e4a75760a057bda2b29f656a41b157e28557aa47b0e34c4f:btw2017_kerg.csv:340:129"",""retrieved_at"":""2026-10-01T23:21:39.584Z"",""raw_snapshot"":{""path"":""docs/political-data/raw/germany/2026-10-01T23-21-39-584Z_02e7077f9358c9ef/final-results.zip"",""sha256"":""02e7077f9358c9ef408741ee5d17123a43c28ea766b26a7ab338c08fcaeb7512""},""parser_version"":""germany-production-v1"",""parser_sha256"":""2a8eb3487f392ef83303e7fb9ff246e4c111a7e64a469a6aa9eb21461ae9b1a0"",""fields_covered"":[""second_votes"",""registered_label_native""],""published_or_derived"":""published"",""source_member"":""btw2017_kerg.csv"",""source_member_sha256"":""d5d5009b8cbe5cc2e4a75760a057bda2b29f656a41b157e28557aa47b0e34c4f"",""source_column"":129}]",,,
"rc-ct-de-0135","germany","el-de-bt-2017-09-24","ct-de-0135","party_identity_difference","requires_manual_review","Election-specific result is sourced. Canonical party relation unresolved; excluded from continuous party series.","[{""source_id"":""src-de-bwl-final-archive"",""source_url"":""https://www.bundeswahlleiterin.de/dam/jcr/ce2d2b6a-f211-4355-8eea-355c98cd4e47/btw_kerg.zip"",""source_record_id"":""d5d5009b8cbe5cc2e4a75760a057bda2b29f656a41b157e28557aa47b0e34c4f:btw2017_kerg.csv:340:133"",""retrieved_at"":""2026-10-01T23:21:39.584Z"",""raw_snapshot"":{""path"":""docs/political-data/raw/germany/2026-10-01T23-21-39-584Z_02e7077f9358c9ef/final-results.zip"",""sha256"":""02e7077f9358c9ef408741ee5d17123a43c28ea766b26a7ab338c08fcaeb7512""},""parser_version"":""germany-production-v1"",""parser_sha256"":""2a8eb3487f392ef83303e7fb9ff246e4c111a7e64a469a6aa9eb21461ae9b1a0"",""fields_covered"":[""second_votes"",""registered_label_native""],""published_or_derived"":""published"",""source_member"":""btw2017_kerg.csv"",""source_member_sha256"":""d5d5009b8cbe5cc2e4a75760a057bda2b29f656a41b157e28557aa47b0e34c4f"",""source_column"":133}]",,,
"rc-ct-de-0136","germany","el-de-bt-2017-09-24","ct-de-0136","party_identity_difference","requires_manual_review","Election-specific result is sourced. Canonical party relation unresolved; excluded from continuous party series.","[{""source_id"":""src-de-bwl-final-archive"",""source_url"":""https://www.bundeswahlleiterin.de/dam/jcr/ce2d2b6a-f211-4355-8eea-355c98cd4e47/btw_kerg.zip"",""source_record_id"":""d5d5009b8cbe5cc2e4a75760a057bda2b29f656a41b157e28557aa47b0e34c4f:btw2017_kerg.csv:340:137"",""retrieved_at"":""2026-10-01T23:21:39.584Z"",""raw_snapshot"":{""path"":""docs/political-data/raw/germany/2026-10-01T23-21-39-584Z_02e7077f9358c9ef/final-results.zip"",""sha256"":""02e7077f9358c9ef408741ee5d17123a43c28ea766b26a7ab338c08fcaeb7512""},""parser_version"":""germany-production-v1"",""parser_sha256"":""2a8eb3487f392ef83303e7fb9ff246e4c111a7e64a469a6aa9eb21461ae9b1a0"",""fields_covered"":[""second_votes"",""registered_label_native""],""published_or_derived"":""published"",""source_member"":""btw2017_kerg.csv"",""source_member_sha256"":""d5d5009b8cbe5cc2e4a75760a057bda2b29f656a41b157e28557aa47b0e34c4f"",""source_column"":137}]",,,
"rc-ct-de-0137","germany","el-de-bt-2017-09-24","ct-de-0137","party_identity_difference","requires_manual_review","Election-specific result is sourced. Canonical party relation unresolved; excluded from continuous party series.","[{""source_id"":""src-de-bwl-final-archive"",""source_url"":""https://www.bundeswahlleiterin.de/dam/jcr/ce2d2b6a-f211-4355-8eea-355c98cd4e47/btw_kerg.zip"",""source_record_id"":""d5d5009b8cbe5cc2e4a75760a057bda2b29f656a41b157e28557aa47b0e34c4f:btw2017_kerg.csv:340:141"",""retrieved_at"":""2026-10-01T23:21:39.584Z"",""raw_snapshot"":{""path"":""docs/political-data/raw/germany/2026-10-01T23-21-39-584Z_02e7077f9358c9ef/final-results.zip"",""sha256"":""02e7077f9358c9ef408741ee5d17123a43c28ea766b26a7ab338c08fcaeb7512""},""parser_version"":""germany-production-v1"",""parser_sha256"":""2a8eb3487f392ef83303e7fb9ff246e4c111a7e64a469a6aa9eb21461ae9b1a0"",""fields_covered"":[""second_votes"",""registered_label_native""],""published_or_derived"":""published"",""source_member"":""btw2017_kerg.csv"",""source_member_sha256"":""d5d5009b8cbe5cc2e4a75760a057bda2b29f656a41b157e28557aa47b0e34c4f"",""source_column"":141}]",,,
"rc-ct-de-0138","germany","el-de-bt-2017-09-24","ct-de-0138","party_identity_difference","requires_manual_review","Election-specific result is sourced. Canonical party relation unresolved; excluded from continuous party series.","[{""source_id"":""src-de-bwl-final-archive"",""source_url"":""https://www.bundeswahlleiterin.de/dam/jcr/ce2d2b6a-f211-4355-8eea-355c98cd4e47/btw_kerg.zip"",""source_record_id"":""d5d5009b8cbe5cc2e4a75760a057bda2b29f656a41b157e28557aa47b0e34c4f:btw2017_kerg.csv:340:145"",""retrieved_at"":""2026-10-01T23:21:39.584Z"",""raw_snapshot"":{""path"":""docs/political-data/raw/germany/2026-10-01T23-21-39-584Z_02e7077f9358c9ef/final-results.zip"",""sha256"":""02e7077f9358c9ef408741ee5d17123a43c28ea766b26a7ab338c08fcaeb7512""},""parser_version"":""germany-production-v1"",""parser_sha256"":""2a8eb3487f392ef83303e7fb9ff246e4c111a7e64a469a6aa9eb21461ae9b1a0"",""fields_covered"":[""second_votes"",""registered_label_native""],""published_or_derived"":""published"",""source_member"":""btw2017_kerg.csv"",""source_member_sha256"":""d5d5009b8cbe5cc2e4a75760a057bda2b29f656a41b157e28557aa47b0e34c4f"",""source_column"":145}]",,,
"rc-ct-de-0139","germany","el-de-bt-2017-09-24","ct-de-0139","party_identity_difference","requires_manual_review","Election-specific result is sourced. Canonical party relation unresolved; excluded from continuous party series.","[{""source_id"":""src-de-bwl-final-archive"",""source_url"":""https://www.bundeswahlleiterin.de/dam/jcr/ce2d2b6a-f211-4355-8eea-355c98cd4e47/btw_kerg.zip"",""source_record_id"":""d5d5009b8cbe5cc2e4a75760a057bda2b29f656a41b157e28557aa47b0e34c4f:btw2017_kerg.csv:340:149"",""retrieved_at"":""2026-10-01T23:21:39.584Z"",""raw_snapshot"":{""path"":""docs/political-data/raw/germany/2026-10-01T23-21-39-584Z_02e7077f9358c9ef/final-results.zip"",""sha256"":""02e7077f9358c9ef408741ee5d17123a43c28ea766b26a7ab338c08fcaeb7512""},""parser_version"":""germany-production-v1"",""parser_sha256"":""2a8eb3487f392ef83303e7fb9ff246e4c111a7e64a469a6aa9eb21461ae9b1a0"",""fields_covered"":[""second_votes"",""registered_label_native""],""published_or_derived"":""published"",""source_member"":""btw2017_kerg.csv"",""source_member_sha256"":""d5d5009b8cbe5cc2e4a75760a057bda2b29f656a41b157e28557aa47b0e34c4f"",""source_column"":149}]",,,
"rc-ct-de-0140","germany","el-de-bt-2017-09-24","ct-de-0140","party_identity_difference","requires_manual_review","Election-specific result is sourced. Canonical party relation unresolved; excluded from continuous party series.","[{""source_id"":""src-de-bwl-final-archive"",""source_url"":""https://www.bundeswahlleiterin.de/dam/jcr/ce2d2b6a-f211-4355-8eea-355c98cd4e47/btw_kerg.zip"",""source_record_id"":""d5d5009b8cbe5cc2e4a75760a057bda2b29f656a41b157e28557aa47b0e34c4f:btw2017_kerg.csv:340:153"",""retrieved_at"":""2026-10-01T23:21:39.584Z"",""raw_snapshot"":{""path"":""docs/political-data/raw/germany/2026-10-01T23-21-39-584Z_02e7077f9358c9ef/final-results.zip"",""sha256"":""02e7077f9358c9ef408741ee5d17123a43c28ea766b26a7ab338c08fcaeb7512""},""parser_version"":""germany-production-v1"",""parser_sha256"":""2a8eb3487f392ef83303e7fb9ff246e4c111a7e64a469a6aa9eb21461ae9b1a0"",""fields_covered"":[""second_votes"",""registered_label_native""],""published_or_derived"":""published"",""source_member"":""btw2017_kerg.csv"",""source_member_sha256"":""d5d5009b8cbe5cc2e4a75760a057bda2b29f656a41b157e28557aa47b0e34c4f"",""source_column"":153}]",,,
"rc-ct-de-0141","germany","el-de-bt-2021-09-26","ct-de-0141","party_identity_difference","requires_manual_review","Election-specific result is sourced. Canonical party relation unresolved; excluded from continuous party series.","[{""source_id"":""src-de-bwl-final-archive"",""source_url"":""https://www.bundeswahlleiterin.de/dam/jcr/ce2d2b6a-f211-4355-8eea-355c98cd4e47/btw_kerg.zip"",""source_record_id"":""ac5d62cc9df7c681cb39baecb6602a8a766e43fea3000c50fb434225cc007ca8:btw2021-w_kerg.csv:337:21"",""retrieved_at"":""2026-10-01T23:21:39.584Z"",""raw_snapshot"":{""path"":""docs/political-data/raw/germany/2026-10-01T23-21-39-584Z_02e7077f9358c9ef/final-results.zip"",""sha256"":""02e7077f9358c9ef408741ee5d17123a43c28ea766b26a7ab338c08fcaeb7512""},""parser_version"":""germany-production-v1"",""parser_sha256"":""2a8eb3487f392ef83303e7fb9ff246e4c111a7e64a469a6aa9eb21461ae9b1a0"",""fields_covered"":[""second_votes"",""registered_label_native""],""published_or_derived"":""published"",""source_member"":""btw2021-w_kerg.csv"",""source_member_sha256"":""ac5d62cc9df7c681cb39baecb6602a8a766e43fea3000c50fb434225cc007ca8"",""source_column"":21}]",,,
"rc-ct-de-0142","germany","el-de-bt-2021-09-26","ct-de-0142","party_identity_difference","requires_manual_review","Election-specific result is sourced. Canonical party relation unresolved; excluded from continuous party series.","[{""source_id"":""src-de-bwl-final-archive"",""source_url"":""https://www.bundeswahlleiterin.de/dam/jcr/ce2d2b6a-f211-4355-8eea-355c98cd4e47/btw_kerg.zip"",""source_record_id"":""ac5d62cc9df7c681cb39baecb6602a8a766e43fea3000c50fb434225cc007ca8:btw2021-w_kerg.csv:337:25"",""retrieved_at"":""2026-10-01T23:21:39.584Z"",""raw_snapshot"":{""path"":""docs/political-data/raw/germany/2026-10-01T23-21-39-584Z_02e7077f9358c9ef/final-results.zip"",""sha256"":""02e7077f9358c9ef408741ee5d17123a43c28ea766b26a7ab338c08fcaeb7512""},""parser_version"":""germany-production-v1"",""parser_sha256"":""2a8eb3487f392ef83303e7fb9ff246e4c111a7e64a469a6aa9eb21461ae9b1a0"",""fields_covered"":[""second_votes"",""registered_label_native""],""published_or_derived"":""published"",""source_member"":""btw2021-w_kerg.csv"",""source_member_sha256"":""ac5d62cc9df7c681cb39baecb6602a8a766e43fea3000c50fb434225cc007ca8"",""source_column"":25}]",,,
"rc-ct-de-0143","germany","el-de-bt-2021-09-26","ct-de-0143","party_identity_difference","requires_manual_review","Election-specific result is sourced. Canonical party relation unresolved; excluded from continuous party series.","[{""source_id"":""src-de-bwl-final-archive"",""source_url"":""https://www.bundeswahlleiterin.de/dam/jcr/ce2d2b6a-f211-4355-8eea-355c98cd4e47/btw_kerg.zip"",""source_record_id"":""ac5d62cc9df7c681cb39baecb6602a8a766e43fea3000c50fb434225cc007ca8:btw2021-w_kerg.csv:337:29"",""retrieved_at"":""2026-10-01T23:21:39.584Z"",""raw_snapshot"":{""path"":""docs/political-data/raw/germany/2026-10-01T23-21-39-584Z_02e7077f9358c9ef/final-results.zip"",""sha256"":""02e7077f9358c9ef408741ee5d17123a43c28ea766b26a7ab338c08fcaeb7512""},""parser_version"":""germany-production-v1"",""parser_sha256"":""2a8eb3487f392ef83303e7fb9ff246e4c111a7e64a469a6aa9eb21461ae9b1a0"",""fields_covered"":[""second_votes"",""registered_label_native""],""published_or_derived"":""published"",""source_member"":""btw2021-w_kerg.csv"",""source_member_sha256"":""ac5d62cc9df7c681cb39baecb6602a8a766e43fea3000c50fb434225cc007ca8"",""source_column"":29}]",,,
"rc-ct-de-0144","germany","el-de-bt-2021-09-26","ct-de-0144","party_identity_difference","requires_manual_review","Election-specific result is sourced. Canonical party relation unresolved; excluded from continuous party series.","[{""source_id"":""src-de-bwl-final-archive"",""source_url"":""https://www.bundeswahlleiterin.de/dam/jcr/ce2d2b6a-f211-4355-8eea-355c98cd4e47/btw_kerg.zip"",""source_record_id"":""ac5d62cc9df7c681cb39baecb6602a8a766e43fea3000c50fb434225cc007ca8:btw2021-w_kerg.csv:337:33"",""retrieved_at"":""2026-10-01T23:21:39.584Z"",""raw_snapshot"":{""path"":""docs/political-data/raw/germany/2026-10-01T23-21-39-584Z_02e7077f9358c9ef/final-results.zip"",""sha256"":""02e7077f9358c9ef408741ee5d17123a43c28ea766b26a7ab338c08fcaeb7512""},""parser_version"":""germany-production-v1"",""parser_sha256"":""2a8eb3487f392ef83303e7fb9ff246e4c111a7e64a469a6aa9eb21461ae9b1a0"",""fields_covered"":[""second_votes"",""registered_label_native""],""published_or_derived"":""published"",""source_member"":""btw2021-w_kerg.csv"",""source_member_sha256"":""ac5d62cc9df7c681cb39baecb6602a8a766e43fea3000c50fb434225cc007ca8"",""source_column"":33}]",,,
"rc-ct-de-0145","germany","el-de-bt-2021-09-26","ct-de-0145","party_identity_difference","requires_manual_review","Election-specific result is sourced. Canonical party relation unresolved; excluded from continuous party series.","[{""source_id"":""src-de-bwl-final-archive"",""source_url"":""https://www.bundeswahlleiterin.de/dam/jcr/ce2d2b6a-f211-4355-8eea-355c98cd4e47/btw_kerg.zip"",""source_record_id"":""ac5d62cc9df7c681cb39baecb6602a8a766e43fea3000c50fb434225cc007ca8:btw2021-w_kerg.csv:337:37"",""retrieved_at"":""2026-10-01T23:21:39.584Z"",""raw_snapshot"":{""path"":""docs/political-data/raw/germany/2026-10-01T23-21-39-584Z_02e7077f9358c9ef/final-results.zip"",""sha256"":""02e7077f9358c9ef408741ee5d17123a43c28ea766b26a7ab338c08fcaeb7512""},""parser_version"":""germany-production-v1"",""parser_sha256"":""2a8eb3487f392ef83303e7fb9ff246e4c111a7e64a469a6aa9eb21461ae9b1a0"",""fields_covered"":[""second_votes"",""registered_label_native""],""published_or_derived"":""published"",""source_member"":""btw2021-w_kerg.csv"",""source_member_sha256"":""ac5d62cc9df7c681cb39baecb6602a8a766e43fea3000c50fb434225cc007ca8"",""source_column"":37}]",,,
"rc-ct-de-0146","germany","el-de-bt-2021-09-26","ct-de-0146","party_identity_difference","requires_manual_review","Election-specific result is sourced. Canonical party relation unresolved; excluded from continuous party series.","[{""source_id"":""src-de-bwl-final-archive"",""source_url"":""https://www.bundeswahlleiterin.de/dam/jcr/ce2d2b6a-f211-4355-8eea-355c98cd4e47/btw_kerg.zip"",""source_record_id"":""ac5d62cc9df7c681cb39baecb6602a8a766e43fea3000c50fb434225cc007ca8:btw2021-w_kerg.csv:337:41"",""retrieved_at"":""2026-10-01T23:21:39.584Z"",""raw_snapshot"":{""path"":""docs/political-data/raw/germany/2026-10-01T23-21-39-584Z_02e7077f9358c9ef/final-results.zip"",""sha256"":""02e7077f9358c9ef408741ee5d17123a43c28ea766b26a7ab338c08fcaeb7512""},""parser_version"":""germany-production-v1"",""parser_sha256"":""2a8eb3487f392ef83303e7fb9ff246e4c111a7e64a469a6aa9eb21461ae9b1a0"",""fields_covered"":[""second_votes"",""registered_label_native""],""published_or_derived"":""published"",""source_member"":""btw2021-w_kerg.csv"",""source_member_sha256"":""ac5d62cc9df7c681cb39baecb6602a8a766e43fea3000c50fb434225cc007ca8"",""source_column"":41}]",,,
"rc-ct-de-0147","germany","el-de-bt-2021-09-26","ct-de-0147","party_identity_difference","requires_manual_review","Election-specific result is sourced. Canonical party relation unresolved; excluded from continuous party series.","[{""source_id"":""src-de-bwl-final-archive"",""source_url"":""https://www.bundeswahlleiterin.de/dam/jcr/ce2d2b6a-f211-4355-8eea-355c98cd4e47/btw_kerg.zip"",""source_record_id"":""ac5d62cc9df7c681cb39baecb6602a8a766e43fea3000c50fb434225cc007ca8:btw2021-w_kerg.csv:337:45"",""retrieved_at"":""2026-10-01T23:21:39.584Z"",""raw_snapshot"":{""path"":""docs/political-data/raw/germany/2026-10-01T23-21-39-584Z_02e7077f9358c9ef/final-results.zip"",""sha256"":""02e7077f9358c9ef408741ee5d17123a43c28ea766b26a7ab338c08fcaeb7512""},""parser_version"":""germany-production-v1"",""parser_sha256"":""2a8eb3487f392ef83303e7fb9ff246e4c111a7e64a469a6aa9eb21461ae9b1a0"",""fields_covered"":[""second_votes"",""registered_label_native""],""published_or_derived"":""published"",""source_member"":""btw2021-w_kerg.csv"",""source_member_sha256"":""ac5d62cc9df7c681cb39baecb6602a8a766e43fea3000c50fb434225cc007ca8"",""source_column"":45}]",,,
"rc-ct-de-0148","germany","el-de-bt-2021-09-26","ct-de-0148","party_identity_difference","requires_manual_review","Election-specific result is sourced. Canonical party relation unresolved; excluded from continuous party series.","[{""source_id"":""src-de-bwl-final-archive"",""source_url"":""https://www.bundeswahlleiterin.de/dam/jcr/ce2d2b6a-f211-4355-8eea-355c98cd4e47/btw_kerg.zip"",""source_record_id"":""ac5d62cc9df7c681cb39baecb6602a8a766e43fea3000c50fb434225cc007ca8:btw2021-w_kerg.csv:337:49"",""retrieved_at"":""2026-10-01T23:21:39.584Z"",""raw_snapshot"":{""path"":""docs/political-data/raw/germany/2026-10-01T23-21-39-584Z_02e7077f9358c9ef/final-results.zip"",""sha256"":""02e7077f9358c9ef408741ee5d17123a43c28ea766b26a7ab338c08fcaeb7512""},""parser_version"":""germany-production-v1"",""parser_sha256"":""2a8eb3487f392ef83303e7fb9ff246e4c111a7e64a469a6aa9eb21461ae9b1a0"",""fields_covered"":[""second_votes"",""registered_label_native""],""published_or_derived"":""published"",""source_member"":""btw2021-w_kerg.csv"",""source_member_sha256"":""ac5d62cc9df7c681cb39baecb6602a8a766e43fea3000c50fb434225cc007ca8"",""source_column"":49}]",,,
"rc-ct-de-0149","germany","el-de-bt-2021-09-26","ct-de-0149","party_identity_difference","requires_manual_review","Election-specific result is sourced. Canonical party relation unresolved; excluded from continuous party series.","[{""source_id"":""src-de-bwl-final-archive"",""source_url"":""https://www.bundeswahlleiterin.de/dam/jcr/ce2d2b6a-f211-4355-8eea-355c98cd4e47/btw_kerg.zip"",""source_record_id"":""ac5d62cc9df7c681cb39baecb6602a8a766e43fea3000c50fb434225cc007ca8:btw2021-w_kerg.csv:337:53"",""retrieved_at"":""2026-10-01T23:21:39.584Z"",""raw_snapshot"":{""path"":""docs/political-data/raw/germany/2026-10-01T23-21-39-584Z_02e7077f9358c9ef/final-results.zip"",""sha256"":""02e7077f9358c9ef408741ee5d17123a43c28ea766b26a7ab338c08fcaeb7512""},""parser_version"":""germany-production-v1"",""parser_sha256"":""2a8eb3487f392ef83303e7fb9ff246e4c111a7e64a469a6aa9eb21461ae9b1a0"",""fields_covered"":[""second_votes"",""registered_label_native""],""published_or_derived"":""published"",""source_member"":""btw2021-w_kerg.csv"",""source_member_sha256"":""ac5d62cc9df7c681cb39baecb6602a8a766e43fea3000c50fb434225cc007ca8"",""source_column"":53}]",,,
"rc-ct-de-0150","germany","el-de-bt-2021-09-26","ct-de-0150","party_identity_difference","requires_manual_review","Election-specific result is sourced. Canonical party relation unresolved; excluded from continuous party series.","[{""source_id"":""src-de-bwl-final-archive"",""source_url"":""https://www.bundeswahlleiterin.de/dam/jcr/ce2d2b6a-f211-4355-8eea-355c98cd4e47/btw_kerg.zip"",""source_record_id"":""ac5d62cc9df7c681cb39baecb6602a8a766e43fea3000c50fb434225cc007ca8:btw2021-w_kerg.csv:337:57"",""retrieved_at"":""2026-10-01T23:21:39.584Z"",""raw_snapshot"":{""path"":""docs/political-data/raw/germany/2026-10-01T23-21-39-584Z_02e7077f9358c9ef/final-results.zip"",""sha256"":""02e7077f9358c9ef408741ee5d17123a43c28ea766b26a7ab338c08fcaeb7512""},""parser_version"":""germany-production-v1"",""parser_sha256"":""2a8eb3487f392ef83303e7fb9ff246e4c111a7e64a469a6aa9eb21461ae9b1a0"",""fields_covered"":[""second_votes"",""registered_label_native""],""published_or_derived"":""published"",""source_member"":""btw2021-w_kerg.csv"",""source_member_sha256"":""ac5d62cc9df7c681cb39baecb6602a8a766e43fea3000c50fb434225cc007ca8"",""source_column"":57}]",,,
"rc-ct-de-0151","germany","el-de-bt-2021-09-26","ct-de-0151","party_identity_difference","requires_manual_review","Election-specific result is sourced. Canonical party relation unresolved; excluded from continuous party series.","[{""source_id"":""src-de-bwl-final-archive"",""source_url"":""https://www.bundeswahlleiterin.de/dam/jcr/ce2d2b6a-f211-4355-8eea-355c98cd4e47/btw_kerg.zip"",""source_record_id"":""ac5d62cc9df7c681cb39baecb6602a8a766e43fea3000c50fb434225cc007ca8:btw2021-w_kerg.csv:337:61"",""retrieved_at"":""2026-10-01T23:21:39.584Z"",""raw_snapshot"":{""path"":""docs/political-data/raw/germany/2026-10-01T23-21-39-584Z_02e7077f9358c9ef/final-results.zip"",""sha256"":""02e7077f9358c9ef408741ee5d17123a43c28ea766b26a7ab338c08fcaeb7512""},""parser_version"":""germany-production-v1"",""parser_sha256"":""2a8eb3487f392ef83303e7fb9ff246e4c111a7e64a469a6aa9eb21461ae9b1a0"",""fields_covered"":[""second_votes"",""registered_label_native""],""published_or_derived"":""published"",""source_member"":""btw2021-w_kerg.csv"",""source_member_sha256"":""ac5d62cc9df7c681cb39baecb6602a8a766e43fea3000c50fb434225cc007ca8"",""source_column"":61}]",,,
"rc-ct-de-0152","germany","el-de-bt-2021-09-26","ct-de-0152","party_identity_difference","requires_manual_review","Election-specific result is sourced. Canonical party relation unresolved; excluded from continuous party series.","[{""source_id"":""src-de-bwl-final-archive"",""source_url"":""https://www.bundeswahlleiterin.de/dam/jcr/ce2d2b6a-f211-4355-8eea-355c98cd4e47/btw_kerg.zip"",""source_record_id"":""ac5d62cc9df7c681cb39baecb6602a8a766e43fea3000c50fb434225cc007ca8:btw2021-w_kerg.csv:337:65"",""retrieved_at"":""2026-10-01T23:21:39.584Z"",""raw_snapshot"":{""path"":""docs/political-data/raw/germany/2026-10-01T23-21-39-584Z_02e7077f9358c9ef/final-results.zip"",""sha256"":""02e7077f9358c9ef408741ee5d17123a43c28ea766b26a7ab338c08fcaeb7512""},""parser_version"":""germany-production-v1"",""parser_sha256"":""2a8eb3487f392ef83303e7fb9ff246e4c111a7e64a469a6aa9eb21461ae9b1a0"",""fields_covered"":[""second_votes"",""registered_label_native""],""published_or_derived"":""published"",""source_member"":""btw2021-w_kerg.csv"",""source_member_sha256"":""ac5d62cc9df7c681cb39baecb6602a8a766e43fea3000c50fb434225cc007ca8"",""source_column"":65}]",,,
"rc-ct-de-0153","germany","el-de-bt-2021-09-26","ct-de-0153","party_identity_difference","requires_manual_review","Election-specific result is sourced. Canonical party relation unresolved; excluded from continuous party series.","[{""source_id"":""src-de-bwl-final-archive"",""source_url"":""https://www.bundeswahlleiterin.de/dam/jcr/ce2d2b6a-f211-4355-8eea-355c98cd4e47/btw_kerg.zip"",""source_record_id"":""ac5d62cc9df7c681cb39baecb6602a8a766e43fea3000c50fb434225cc007ca8:btw2021-w_kerg.csv:337:69"",""retrieved_at"":""2026-10-01T23:21:39.584Z"",""raw_snapshot"":{""path"":""docs/political-data/raw/germany/2026-10-01T23-21-39-584Z_02e7077f9358c9ef/final-results.zip"",""sha256"":""02e7077f9358c9ef408741ee5d17123a43c28ea766b26a7ab338c08fcaeb7512""},""parser_version"":""germany-production-v1"",""parser_sha256"":""2a8eb3487f392ef83303e7fb9ff246e4c111a7e64a469a6aa9eb21461ae9b1a0"",""fields_covered"":[""second_votes"",""registered_label_native""],""published_or_derived"":""published"",""source_member"":""btw2021-w_kerg.csv"",""source_member_sha256"":""ac5d62cc9df7c681cb39baecb6602a8a766e43fea3000c50fb434225cc007ca8"",""source_column"":69}]",,,
"rc-ct-de-0154","germany","el-de-bt-2021-09-26","ct-de-0154","party_identity_difference","requires_manual_review","Election-specific result is sourced. Canonical party relation unresolved; excluded from continuous party series.","[{""source_id"":""src-de-bwl-final-archive"",""source_url"":""https://www.bundeswahlleiterin.de/dam/jcr/ce2d2b6a-f211-4355-8eea-355c98cd4e47/btw_kerg.zip"",""source_record_id"":""ac5d62cc9df7c681cb39baecb6602a8a766e43fea3000c50fb434225cc007ca8:btw2021-w_kerg.csv:337:73"",""retrieved_at"":""2026-10-01T23:21:39.584Z"",""raw_snapshot"":{""path"":""docs/political-data/raw/germany/2026-10-01T23-21-39-584Z_02e7077f9358c9ef/final-results.zip"",""sha256"":""02e7077f9358c9ef408741ee5d17123a43c28ea766b26a7ab338c08fcaeb7512""},""parser_version"":""germany-production-v1"",""parser_sha256"":""2a8eb3487f392ef83303e7fb9ff246e4c111a7e64a469a6aa9eb21461ae9b1a0"",""fields_covered"":[""second_votes"",""registered_label_native""],""published_or_derived"":""published"",""source_member"":""btw2021-w_kerg.csv"",""source_member_sha256"":""ac5d62cc9df7c681cb39baecb6602a8a766e43fea3000c50fb434225cc007ca8"",""source_column"":73}]",,,
"rc-ct-de-0155","germany","el-de-bt-2021-09-26","ct-de-0155","party_identity_difference","requires_manual_review","Election-specific result is sourced. Canonical party relation unresolved; excluded from continuous party series.","[{""source_id"":""src-de-bwl-final-archive"",""source_url"":""https://www.bundeswahlleiterin.de/dam/jcr/ce2d2b6a-f211-4355-8eea-355c98cd4e47/btw_kerg.zip"",""source_record_id"":""ac5d62cc9df7c681cb39baecb6602a8a766e43fea3000c50fb434225cc007ca8:btw2021-w_kerg.csv:337:77"",""retrieved_at"":""2026-10-01T23:21:39.584Z"",""raw_snapshot"":{""path"":""docs/political-data/raw/germany/2026-10-01T23-21-39-584Z_02e7077f9358c9ef/final-results.zip"",""sha256"":""02e7077f9358c9ef408741ee5d17123a43c28ea766b26a7ab338c08fcaeb7512""},""parser_version"":""germany-production-v1"",""parser_sha256"":""2a8eb3487f392ef83303e7fb9ff246e4c111a7e64a469a6aa9eb21461ae9b1a0"",""fields_covered"":[""second_votes"",""registered_label_native""],""published_or_derived"":""published"",""source_member"":""btw2021-w_kerg.csv"",""source_member_sha256"":""ac5d62cc9df7c681cb39baecb6602a8a766e43fea3000c50fb434225cc007ca8"",""source_column"":77}]",,,
"rc-ct-de-0156","germany","el-de-bt-2021-09-26","ct-de-0156","party_identity_difference","requires_manual_review","Election-specific result is sourced. Canonical party relation unresolved; excluded from continuous party series.","[{""source_id"":""src-de-bwl-final-archive"",""source_url"":""https://www.bundeswahlleiterin.de/dam/jcr/ce2d2b6a-f211-4355-8eea-355c98cd4e47/btw_kerg.zip"",""source_record_id"":""ac5d62cc9df7c681cb39baecb6602a8a766e43fea3000c50fb434225cc007ca8:btw2021-w_kerg.csv:337:81"",""retrieved_at"":""2026-10-01T23:21:39.584Z"",""raw_snapshot"":{""path"":""docs/political-data/raw/germany/2026-10-01T23-21-39-584Z_02e7077f9358c9ef/final-results.zip"",""sha256"":""02e7077f9358c9ef408741ee5d17123a43c28ea766b26a7ab338c08fcaeb7512""},""parser_version"":""germany-production-v1"",""parser_sha256"":""2a8eb3487f392ef83303e7fb9ff246e4c111a7e64a469a6aa9eb21461ae9b1a0"",""fields_covered"":[""second_votes"",""registered_label_native""],""published_or_derived"":""published"",""source_member"":""btw2021-w_kerg.csv"",""source_member_sha256"":""ac5d62cc9df7c681cb39baecb6602a8a766e43fea3000c50fb434225cc007ca8"",""source_column"":81}]",,,
"rc-ct-de-0157","germany","el-de-bt-2021-09-26","ct-de-0157","party_identity_difference","requires_manual_review","Election-specific result is sourced. Canonical party relation unresolved; excluded from continuous party series.","[{""source_id"":""src-de-bwl-final-archive"",""source_url"":""https://www.bundeswahlleiterin.de/dam/jcr/ce2d2b6a-f211-4355-8eea-355c98cd4e47/btw_kerg.zip"",""source_record_id"":""ac5d62cc9df7c681cb39baecb6602a8a766e43fea3000c50fb434225cc007ca8:btw2021-w_kerg.csv:337:85"",""retrieved_at"":""2026-10-01T23:21:39.584Z"",""raw_snapshot"":{""path"":""docs/political-data/raw/germany/2026-10-01T23-21-39-584Z_02e7077f9358c9ef/final-results.zip"",""sha256"":""02e7077f9358c9ef408741ee5d17123a43c28ea766b26a7ab338c08fcaeb7512""},""parser_version"":""germany-production-v1"",""parser_sha256"":""2a8eb3487f392ef83303e7fb9ff246e4c111a7e64a469a6aa9eb21461ae9b1a0"",""fields_covered"":[""second_votes"",""registered_label_native""],""published_or_derived"":""published"",""source_member"":""btw2021-w_kerg.csv"",""source_member_sha256"":""ac5d62cc9df7c681cb39baecb6602a8a766e43fea3000c50fb434225cc007ca8"",""source_column"":85}]",,,
"rc-ct-de-0158","germany","el-de-bt-2021-09-26","ct-de-0158","party_identity_difference","requires_manual_review","Election-specific result is sourced. Canonical party relation unresolved; excluded from continuous party series.","[{""source_id"":""src-de-bwl-final-archive"",""source_url"":""https://www.bundeswahlleiterin.de/dam/jcr/ce2d2b6a-f211-4355-8eea-355c98cd4e47/btw_kerg.zip"",""source_record_id"":""ac5d62cc9df7c681cb39baecb6602a8a766e43fea3000c50fb434225cc007ca8:btw2021-w_kerg.csv:337:89"",""retrieved_at"":""2026-10-01T23:21:39.584Z"",""raw_snapshot"":{""path"":""docs/political-data/raw/germany/2026-10-01T23-21-39-584Z_02e7077f9358c9ef/final-results.zip"",""sha256"":""02e7077f9358c9ef408741ee5d17123a43c28ea766b26a7ab338c08fcaeb7512""},""parser_version"":""germany-production-v1"",""parser_sha256"":""2a8eb3487f392ef83303e7fb9ff246e4c111a7e64a469a6aa9eb21461ae9b1a0"",""fields_covered"":[""second_votes"",""registered_label_native""],""published_or_derived"":""published"",""source_member"":""btw2021-w_kerg.csv"",""source_member_sha256"":""ac5d62cc9df7c681cb39baecb6602a8a766e43fea3000c50fb434225cc007ca8"",""source_column"":89}]",,,
"rc-ct-de-0159","germany","el-de-bt-2021-09-26","ct-de-0159","party_identity_difference","requires_manual_review","Election-specific result is sourced. Canonical party relation unresolved; excluded from continuous party series.","[{""source_id"":""src-de-bwl-final-archive"",""source_url"":""https://www.bundeswahlleiterin.de/dam/jcr/ce2d2b6a-f211-4355-8eea-355c98cd4e47/btw_kerg.zip"",""source_record_id"":""ac5d62cc9df7c681cb39baecb6602a8a766e43fea3000c50fb434225cc007ca8:btw2021-w_kerg.csv:337:93"",""retrieved_at"":""2026-10-01T23:21:39.584Z"",""raw_snapshot"":{""path"":""docs/political-data/raw/germany/2026-10-01T23-21-39-584Z_02e7077f9358c9ef/final-results.zip"",""sha256"":""02e7077f9358c9ef408741ee5d17123a43c28ea766b26a7ab338c08fcaeb7512""},""parser_version"":""germany-production-v1"",""parser_sha256"":""2a8eb3487f392ef83303e7fb9ff246e4c111a7e64a469a6aa9eb21461ae9b1a0"",""fields_covered"":[""second_votes"",""registered_label_native""],""published_or_derived"":""published"",""source_member"":""btw2021-w_kerg.csv"",""source_member_sha256"":""ac5d62cc9df7c681cb39baecb6602a8a766e43fea3000c50fb434225cc007ca8"",""source_column"":93}]",,,
"rc-ct-de-0160","germany","el-de-bt-2021-09-26","ct-de-0160","party_identity_difference","requires_manual_review","Election-specific result is sourced. Canonical party relation unresolved; excluded from continuous party series.","[{""source_id"":""src-de-bwl-final-archive"",""source_url"":""https://www.bundeswahlleiterin.de/dam/jcr/ce2d2b6a-f211-4355-8eea-355c98cd4e47/btw_kerg.zip"",""source_record_id"":""ac5d62cc9df7c681cb39baecb6602a8a766e43fea3000c50fb434225cc007ca8:btw2021-w_kerg.csv:337:97"",""retrieved_at"":""2026-10-01T23:21:39.584Z"",""raw_snapshot"":{""path"":""docs/political-data/raw/germany/2026-10-01T23-21-39-584Z_02e7077f9358c9ef/final-results.zip"",""sha256"":""02e7077f9358c9ef408741ee5d17123a43c28ea766b26a7ab338c08fcaeb7512""},""parser_version"":""germany-production-v1"",""parser_sha256"":""2a8eb3487f392ef83303e7fb9ff246e4c111a7e64a469a6aa9eb21461ae9b1a0"",""fields_covered"":[""second_votes"",""registered_label_native""],""published_or_derived"":""published"",""source_member"":""btw2021-w_kerg.csv"",""source_member_sha256"":""ac5d62cc9df7c681cb39baecb6602a8a766e43fea3000c50fb434225cc007ca8"",""source_column"":97}]",,,
"rc-ct-de-0161","germany","el-de-bt-2021-09-26","ct-de-0161","party_identity_difference","requires_manual_review","Election-specific result is sourced. Canonical party relation unresolved; excluded from continuous party series.","[{""source_id"":""src-de-bwl-final-archive"",""source_url"":""https://www.bundeswahlleiterin.de/dam/jcr/ce2d2b6a-f211-4355-8eea-355c98cd4e47/btw_kerg.zip"",""source_record_id"":""ac5d62cc9df7c681cb39baecb6602a8a766e43fea3000c50fb434225cc007ca8:btw2021-w_kerg.csv:337:101"",""retrieved_at"":""2026-10-01T23:21:39.584Z"",""raw_snapshot"":{""path"":""docs/political-data/raw/germany/2026-10-01T23-21-39-584Z_02e7077f9358c9ef/final-results.zip"",""sha256"":""02e7077f9358c9ef408741ee5d17123a43c28ea766b26a7ab338c08fcaeb7512""},""parser_version"":""germany-production-v1"",""parser_sha256"":""2a8eb3487f392ef83303e7fb9ff246e4c111a7e64a469a6aa9eb21461ae9b1a0"",""fields_covered"":[""second_votes"",""registered_label_native""],""published_or_derived"":""published"",""source_member"":""btw2021-w_kerg.csv"",""source_member_sha256"":""ac5d62cc9df7c681cb39baecb6602a8a766e43fea3000c50fb434225cc007ca8"",""source_column"":101}]",,,
"rc-ct-de-0162","germany","el-de-bt-2021-09-26","ct-de-0162","party_identity_difference","requires_manual_review","Election-specific result is sourced. Canonical party relation unresolved; excluded from continuous party series.","[{""source_id"":""src-de-bwl-final-archive"",""source_url"":""https://www.bundeswahlleiterin.de/dam/jcr/ce2d2b6a-f211-4355-8eea-355c98cd4e47/btw_kerg.zip"",""source_record_id"":""ac5d62cc9df7c681cb39baecb6602a8a766e43fea3000c50fb434225cc007ca8:btw2021-w_kerg.csv:337:105"",""retrieved_at"":""2026-10-01T23:21:39.584Z"",""raw_snapshot"":{""path"":""docs/political-data/raw/germany/2026-10-01T23-21-39-584Z_02e7077f9358c9ef/final-results.zip"",""sha256"":""02e7077f9358c9ef408741ee5d17123a43c28ea766b26a7ab338c08fcaeb7512""},""parser_version"":""germany-production-v1"",""parser_sha256"":""2a8eb3487f392ef83303e7fb9ff246e4c111a7e64a469a6aa9eb21461ae9b1a0"",""fields_covered"":[""second_votes"",""registered_label_native""],""published_or_derived"":""published"",""source_member"":""btw2021-w_kerg.csv"",""source_member_sha256"":""ac5d62cc9df7c681cb39baecb6602a8a766e43fea3000c50fb434225cc007ca8"",""source_column"":105}]",,,
"rc-ct-de-0163","germany","el-de-bt-2021-09-26","ct-de-0163","party_identity_difference","requires_manual_review","Election-specific result is sourced. Canonical party relation unresolved; excluded from continuous party series.","[{""source_id"":""src-de-bwl-final-archive"",""source_url"":""https://www.bundeswahlleiterin.de/dam/jcr/ce2d2b6a-f211-4355-8eea-355c98cd4e47/btw_kerg.zip"",""source_record_id"":""ac5d62cc9df7c681cb39baecb6602a8a766e43fea3000c50fb434225cc007ca8:btw2021-w_kerg.csv:337:109"",""retrieved_at"":""2026-10-01T23:21:39.584Z"",""raw_snapshot"":{""path"":""docs/political-data/raw/germany/2026-10-01T23-21-39-584Z_02e7077f9358c9ef/final-results.zip"",""sha256"":""02e7077f9358c9ef408741ee5d17123a43c28ea766b26a7ab338c08fcaeb7512""},""parser_version"":""germany-production-v1"",""parser_sha256"":""2a8eb3487f392ef83303e7fb9ff246e4c111a7e64a469a6aa9eb21461ae9b1a0"",""fields_covered"":[""second_votes"",""registered_label_native""],""published_or_derived"":""published"",""source_member"":""btw2021-w_kerg.csv"",""source_member_sha256"":""ac5d62cc9df7c681cb39baecb6602a8a766e43fea3000c50fb434225cc007ca8"",""source_column"":109}]",,,
"rc-ct-de-0164","germany","el-de-bt-2021-09-26","ct-de-0164","party_identity_difference","requires_manual_review","Election-specific result is sourced. Canonical party relation unresolved; excluded from continuous party series.","[{""source_id"":""src-de-bwl-final-archive"",""source_url"":""https://www.bundeswahlleiterin.de/dam/jcr/ce2d2b6a-f211-4355-8eea-355c98cd4e47/btw_kerg.zip"",""source_record_id"":""ac5d62cc9df7c681cb39baecb6602a8a766e43fea3000c50fb434225cc007ca8:btw2021-w_kerg.csv:337:113"",""retrieved_at"":""2026-10-01T23:21:39.584Z"",""raw_snapshot"":{""path"":""docs/political-data/raw/germany/2026-10-01T23-21-39-584Z_02e7077f9358c9ef/final-results.zip"",""sha256"":""02e7077f9358c9ef408741ee5d17123a43c28ea766b26a7ab338c08fcaeb7512""},""parser_version"":""germany-production-v1"",""parser_sha256"":""2a8eb3487f392ef83303e7fb9ff246e4c111a7e64a469a6aa9eb21461ae9b1a0"",""fields_covered"":[""second_votes"",""registered_label_native""],""published_or_derived"":""published"",""source_member"":""btw2021-w_kerg.csv"",""source_member_sha256"":""ac5d62cc9df7c681cb39baecb6602a8a766e43fea3000c50fb434225cc007ca8"",""source_column"":113}]",,,
"rc-ct-de-0165","germany","el-de-bt-2021-09-26","ct-de-0165","party_identity_difference","requires_manual_review","Election-specific result is sourced. Canonical party relation unresolved; excluded from continuous party series.","[{""source_id"":""src-de-bwl-final-archive"",""source_url"":""https://www.bundeswahlleiterin.de/dam/jcr/ce2d2b6a-f211-4355-8eea-355c98cd4e47/btw_kerg.zip"",""source_record_id"":""ac5d62cc9df7c681cb39baecb6602a8a766e43fea3000c50fb434225cc007ca8:btw2021-w_kerg.csv:337:117"",""retrieved_at"":""2026-10-01T23:21:39.584Z"",""raw_snapshot"":{""path"":""docs/political-data/raw/germany/2026-10-01T23-21-39-584Z_02e7077f9358c9ef/final-results.zip"",""sha256"":""02e7077f9358c9ef408741ee5d17123a43c28ea766b26a7ab338c08fcaeb7512""},""parser_version"":""germany-production-v1"",""parser_sha256"":""2a8eb3487f392ef83303e7fb9ff246e4c111a7e64a469a6aa9eb21461ae9b1a0"",""fields_covered"":[""second_votes"",""registered_label_native""],""published_or_derived"":""published"",""source_member"":""btw2021-w_kerg.csv"",""source_member_sha256"":""ac5d62cc9df7c681cb39baecb6602a8a766e43fea3000c50fb434225cc007ca8"",""source_column"":117}]",,,
"rc-ct-de-0166","germany","el-de-bt-2021-09-26","ct-de-0166","party_identity_difference","requires_manual_review","Election-specific result is sourced. Canonical party relation unresolved; excluded from continuous party series.","[{""source_id"":""src-de-bwl-final-archive"",""source_url"":""https://www.bundeswahlleiterin.de/dam/jcr/ce2d2b6a-f211-4355-8eea-355c98cd4e47/btw_kerg.zip"",""source_record_id"":""ac5d62cc9df7c681cb39baecb6602a8a766e43fea3000c50fb434225cc007ca8:btw2021-w_kerg.csv:337:121"",""retrieved_at"":""2026-10-01T23:21:39.584Z"",""raw_snapshot"":{""path"":""docs/political-data/raw/germany/2026-10-01T23-21-39-584Z_02e7077f9358c9ef/final-results.zip"",""sha256"":""02e7077f9358c9ef408741ee5d17123a43c28ea766b26a7ab338c08fcaeb7512""},""parser_version"":""germany-production-v1"",""parser_sha256"":""2a8eb3487f392ef83303e7fb9ff246e4c111a7e64a469a6aa9eb21461ae9b1a0"",""fields_covered"":[""second_votes"",""registered_label_native""],""published_or_derived"":""published"",""source_member"":""btw2021-w_kerg.csv"",""source_member_sha256"":""ac5d62cc9df7c681cb39baecb6602a8a766e43fea3000c50fb434225cc007ca8"",""source_column"":121}]",,,
"rc-ct-de-0167","germany","el-de-bt-2021-09-26","ct-de-0167","party_identity_difference","requires_manual_review","Election-specific result is sourced. Canonical party relation unresolved; excluded from continuous party series.","[{""source_id"":""src-de-bwl-final-archive"",""source_url"":""https://www.bundeswahlleiterin.de/dam/jcr/ce2d2b6a-f211-4355-8eea-355c98cd4e47/btw_kerg.zip"",""source_record_id"":""ac5d62cc9df7c681cb39baecb6602a8a766e43fea3000c50fb434225cc007ca8:btw2021-w_kerg.csv:337:125"",""retrieved_at"":""2026-10-01T23:21:39.584Z"",""raw_snapshot"":{""path"":""docs/political-data/raw/germany/2026-10-01T23-21-39-584Z_02e7077f9358c9ef/final-results.zip"",""sha256"":""02e7077f9358c9ef408741ee5d17123a43c28ea766b26a7ab338c08fcaeb7512""},""parser_version"":""germany-production-v1"",""parser_sha256"":""2a8eb3487f392ef83303e7fb9ff246e4c111a7e64a469a6aa9eb21461ae9b1a0"",""fields_covered"":[""second_votes"",""registered_label_native""],""published_or_derived"":""published"",""source_member"":""btw2021-w_kerg.csv"",""source_member_sha256"":""ac5d62cc9df7c681cb39baecb6602a8a766e43fea3000c50fb434225cc007ca8"",""source_column"":125}]",,,
"rc-ct-de-0168","germany","el-de-bt-2021-09-26","ct-de-0168","party_identity_difference","requires_manual_review","Election-specific result is sourced. Canonical party relation unresolved; excluded from continuous party series.","[{""source_id"":""src-de-bwl-final-archive"",""source_url"":""https://www.bundeswahlleiterin.de/dam/jcr/ce2d2b6a-f211-4355-8eea-355c98cd4e47/btw_kerg.zip"",""source_record_id"":""ac5d62cc9df7c681cb39baecb6602a8a766e43fea3000c50fb434225cc007ca8:btw2021-w_kerg.csv:337:129"",""retrieved_at"":""2026-10-01T23:21:39.584Z"",""raw_snapshot"":{""path"":""docs/political-data/raw/germany/2026-10-01T23-21-39-584Z_02e7077f9358c9ef/final-results.zip"",""sha256"":""02e7077f9358c9ef408741ee5d17123a43c28ea766b26a7ab338c08fcaeb7512""},""parser_version"":""germany-production-v1"",""parser_sha256"":""2a8eb3487f392ef83303e7fb9ff246e4c111a7e64a469a6aa9eb21461ae9b1a0"",""fields_covered"":[""second_votes"",""registered_label_native""],""published_or_derived"":""published"",""source_member"":""btw2021-w_kerg.csv"",""source_member_sha256"":""ac5d62cc9df7c681cb39baecb6602a8a766e43fea3000c50fb434225cc007ca8"",""source_column"":129}]",,,
"rc-ct-de-0169","germany","el-de-bt-2021-09-26","ct-de-0169","party_identity_difference","requires_manual_review","Election-specific result is sourced. Canonical party relation unresolved; excluded from continuous party series.","[{""source_id"":""src-de-bwl-final-archive"",""source_url"":""https://www.bundeswahlleiterin.de/dam/jcr/ce2d2b6a-f211-4355-8eea-355c98cd4e47/btw_kerg.zip"",""source_record_id"":""ac5d62cc9df7c681cb39baecb6602a8a766e43fea3000c50fb434225cc007ca8:btw2021-w_kerg.csv:337:133"",""retrieved_at"":""2026-10-01T23:21:39.584Z"",""raw_snapshot"":{""path"":""docs/political-data/raw/germany/2026-10-01T23-21-39-584Z_02e7077f9358c9ef/final-results.zip"",""sha256"":""02e7077f9358c9ef408741ee5d17123a43c28ea766b26a7ab338c08fcaeb7512""},""parser_version"":""germany-production-v1"",""parser_sha256"":""2a8eb3487f392ef83303e7fb9ff246e4c111a7e64a469a6aa9eb21461ae9b1a0"",""fields_covered"":[""second_votes"",""registered_label_native""],""published_or_derived"":""published"",""source_member"":""btw2021-w_kerg.csv"",""source_member_sha256"":""ac5d62cc9df7c681cb39baecb6602a8a766e43fea3000c50fb434225cc007ca8"",""source_column"":133}]",,,
"rc-ct-de-0170","germany","el-de-bt-2021-09-26","ct-de-0170","party_identity_difference","requires_manual_review","Election-specific result is sourced. Canonical party relation unresolved; excluded from continuous party series.","[{""source_id"":""src-de-bwl-final-archive"",""source_url"":""https://www.bundeswahlleiterin.de/dam/jcr/ce2d2b6a-f211-4355-8eea-355c98cd4e47/btw_kerg.zip"",""source_record_id"":""ac5d62cc9df7c681cb39baecb6602a8a766e43fea3000c50fb434225cc007ca8:btw2021-w_kerg.csv:337:137"",""retrieved_at"":""2026-10-01T23:21:39.584Z"",""raw_snapshot"":{""path"":""docs/political-data/raw/germany/2026-10-01T23-21-39-584Z_02e7077f9358c9ef/final-results.zip"",""sha256"":""02e7077f9358c9ef408741ee5d17123a43c28ea766b26a7ab338c08fcaeb7512""},""parser_version"":""germany-production-v1"",""parser_sha256"":""2a8eb3487f392ef83303e7fb9ff246e4c111a7e64a469a6aa9eb21461ae9b1a0"",""fields_covered"":[""second_votes"",""registered_label_native""],""published_or_derived"":""published"",""source_member"":""btw2021-w_kerg.csv"",""source_member_sha256"":""ac5d62cc9df7c681cb39baecb6602a8a766e43fea3000c50fb434225cc007ca8"",""source_column"":137}]",,,
"rc-ct-de-0171","germany","el-de-bt-2021-09-26","ct-de-0171","party_identity_difference","requires_manual_review","Election-specific result is sourced. Canonical party relation unresolved; excluded from continuous party series.","[{""source_id"":""src-de-bwl-final-archive"",""source_url"":""https://www.bundeswahlleiterin.de/dam/jcr/ce2d2b6a-f211-4355-8eea-355c98cd4e47/btw_kerg.zip"",""source_record_id"":""ac5d62cc9df7c681cb39baecb6602a8a766e43fea3000c50fb434225cc007ca8:btw2021-w_kerg.csv:337:141"",""retrieved_at"":""2026-10-01T23:21:39.584Z"",""raw_snapshot"":{""path"":""docs/political-data/raw/germany/2026-10-01T23-21-39-584Z_02e7077f9358c9ef/final-results.zip"",""sha256"":""02e7077f9358c9ef408741ee5d17123a43c28ea766b26a7ab338c08fcaeb7512""},""parser_version"":""germany-production-v1"",""parser_sha256"":""2a8eb3487f392ef83303e7fb9ff246e4c111a7e64a469a6aa9eb21461ae9b1a0"",""fields_covered"":[""second_votes"",""registered_label_native""],""published_or_derived"":""published"",""source_member"":""btw2021-w_kerg.csv"",""source_member_sha256"":""ac5d62cc9df7c681cb39baecb6602a8a766e43fea3000c50fb434225cc007ca8"",""source_column"":141}]",,,
"rc-ct-de-0172","germany","el-de-bt-2021-09-26","ct-de-0172","party_identity_difference","requires_manual_review","Election-specific result is sourced. Canonical party relation unresolved; excluded from continuous party series.","[{""source_id"":""src-de-bwl-final-archive"",""source_url"":""https://www.bundeswahlleiterin.de/dam/jcr/ce2d2b6a-f211-4355-8eea-355c98cd4e47/btw_kerg.zip"",""source_record_id"":""ac5d62cc9df7c681cb39baecb6602a8a766e43fea3000c50fb434225cc007ca8:btw2021-w_kerg.csv:337:145"",""retrieved_at"":""2026-10-01T23:21:39.584Z"",""raw_snapshot"":{""path"":""docs/political-data/raw/germany/2026-10-01T23-21-39-584Z_02e7077f9358c9ef/final-results.zip"",""sha256"":""02e7077f9358c9ef408741ee5d17123a43c28ea766b26a7ab338c08fcaeb7512""},""parser_version"":""germany-production-v1"",""parser_sha256"":""2a8eb3487f392ef83303e7fb9ff246e4c111a7e64a469a6aa9eb21461ae9b1a0"",""fields_covered"":[""second_votes"",""registered_label_native""],""published_or_derived"":""published"",""source_member"":""btw2021-w_kerg.csv"",""source_member_sha256"":""ac5d62cc9df7c681cb39baecb6602a8a766e43fea3000c50fb434225cc007ca8"",""source_column"":145}]",,,
"rc-ct-de-0173","germany","el-de-bt-2021-09-26","ct-de-0173","party_identity_difference","requires_manual_review","Election-specific result is sourced. Canonical party relation unresolved; excluded from continuous party series.","[{""source_id"":""src-de-bwl-final-archive"",""source_url"":""https://www.bundeswahlleiterin.de/dam/jcr/ce2d2b6a-f211-4355-8eea-355c98cd4e47/btw_kerg.zip"",""source_record_id"":""ac5d62cc9df7c681cb39baecb6602a8a766e43fea3000c50fb434225cc007ca8:btw2021-w_kerg.csv:337:149"",""retrieved_at"":""2026-10-01T23:21:39.584Z"",""raw_snapshot"":{""path"":""docs/political-data/raw/germany/2026-10-01T23-21-39-584Z_02e7077f9358c9ef/final-results.zip"",""sha256"":""02e7077f9358c9ef408741ee5d17123a43c28ea766b26a7ab338c08fcaeb7512""},""parser_version"":""germany-production-v1"",""parser_sha256"":""2a8eb3487f392ef83303e7fb9ff246e4c111a7e64a469a6aa9eb21461ae9b1a0"",""fields_covered"":[""second_votes"",""registered_label_native""],""published_or_derived"":""published"",""source_member"":""btw2021-w_kerg.csv"",""source_member_sha256"":""ac5d62cc9df7c681cb39baecb6602a8a766e43fea3000c50fb434225cc007ca8"",""source_column"":149}]",,,
"rc-ct-de-0174","germany","el-de-bt-2021-09-26","ct-de-0174","party_identity_difference","requires_manual_review","Election-specific result is sourced. Canonical party relation unresolved; excluded from continuous party series.","[{""source_id"":""src-de-bwl-final-archive"",""source_url"":""https://www.bundeswahlleiterin.de/dam/jcr/ce2d2b6a-f211-4355-8eea-355c98cd4e47/btw_kerg.zip"",""source_record_id"":""ac5d62cc9df7c681cb39baecb6602a8a766e43fea3000c50fb434225cc007ca8:btw2021-w_kerg.csv:337:153"",""retrieved_at"":""2026-10-01T23:21:39.584Z"",""raw_snapshot"":{""path"":""docs/political-data/raw/germany/2026-10-01T23-21-39-584Z_02e7077f9358c9ef/final-results.zip"",""sha256"":""02e7077f9358c9ef408741ee5d17123a43c28ea766b26a7ab338c08fcaeb7512""},""parser_version"":""germany-production-v1"",""parser_sha256"":""2a8eb3487f392ef83303e7fb9ff246e4c111a7e64a469a6aa9eb21461ae9b1a0"",""fields_covered"":[""second_votes"",""registered_label_native""],""published_or_derived"":""published"",""source_member"":""btw2021-w_kerg.csv"",""source_member_sha256"":""ac5d62cc9df7c681cb39baecb6602a8a766e43fea3000c50fb434225cc007ca8"",""source_column"":153}]",,,
"rc-ct-de-0175","germany","el-de-bt-2021-09-26","ct-de-0175","party_identity_difference","requires_manual_review","Election-specific result is sourced. Canonical party relation unresolved; excluded from continuous party series.","[{""source_id"":""src-de-bwl-final-archive"",""source_url"":""https://www.bundeswahlleiterin.de/dam/jcr/ce2d2b6a-f211-4355-8eea-355c98cd4e47/btw_kerg.zip"",""source_record_id"":""ac5d62cc9df7c681cb39baecb6602a8a766e43fea3000c50fb434225cc007ca8:btw2021-w_kerg.csv:337:157"",""retrieved_at"":""2026-10-01T23:21:39.584Z"",""raw_snapshot"":{""path"":""docs/political-data/raw/germany/2026-10-01T23-21-39-584Z_02e7077f9358c9ef/final-results.zip"",""sha256"":""02e7077f9358c9ef408741ee5d17123a43c28ea766b26a7ab338c08fcaeb7512""},""parser_version"":""germany-production-v1"",""parser_sha256"":""2a8eb3487f392ef83303e7fb9ff246e4c111a7e64a469a6aa9eb21461ae9b1a0"",""fields_covered"":[""second_votes"",""registered_label_native""],""published_or_derived"":""published"",""source_member"":""btw2021-w_kerg.csv"",""source_member_sha256"":""ac5d62cc9df7c681cb39baecb6602a8a766e43fea3000c50fb434225cc007ca8"",""source_column"":157}]",,,
"rc-ct-de-0176","germany","el-de-bt-2021-09-26","ct-de-0176","party_identity_difference","requires_manual_review","Election-specific result is sourced. Canonical party relation unresolved; excluded from continuous party series.","[{""source_id"":""src-de-bwl-final-archive"",""source_url"":""https://www.bundeswahlleiterin.de/dam/jcr/ce2d2b6a-f211-4355-8eea-355c98cd4e47/btw_kerg.zip"",""source_record_id"":""ac5d62cc9df7c681cb39baecb6602a8a766e43fea3000c50fb434225cc007ca8:btw2021-w_kerg.csv:337:161"",""retrieved_at"":""2026-10-01T23:21:39.584Z"",""raw_snapshot"":{""path"":""docs/political-data/raw/germany/2026-10-01T23-21-39-584Z_02e7077f9358c9ef/final-results.zip"",""sha256"":""02e7077f9358c9ef408741ee5d17123a43c28ea766b26a7ab338c08fcaeb7512""},""parser_version"":""germany-production-v1"",""parser_sha256"":""2a8eb3487f392ef83303e7fb9ff246e4c111a7e64a469a6aa9eb21461ae9b1a0"",""fields_covered"":[""second_votes"",""registered_label_native""],""published_or_derived"":""published"",""source_member"":""btw2021-w_kerg.csv"",""source_member_sha256"":""ac5d62cc9df7c681cb39baecb6602a8a766e43fea3000c50fb434225cc007ca8"",""source_column"":161}]",,,
"rc-ct-de-0177","germany","el-de-bt-2021-09-26","ct-de-0177","party_identity_difference","requires_manual_review","Election-specific result is sourced. Canonical party relation unresolved; excluded from continuous party series.","[{""source_id"":""src-de-bwl-final-archive"",""source_url"":""https://www.bundeswahlleiterin.de/dam/jcr/ce2d2b6a-f211-4355-8eea-355c98cd4e47/btw_kerg.zip"",""source_record_id"":""ac5d62cc9df7c681cb39baecb6602a8a766e43fea3000c50fb434225cc007ca8:btw2021-w_kerg.csv:337:165"",""retrieved_at"":""2026-10-01T23:21:39.584Z"",""raw_snapshot"":{""path"":""docs/political-data/raw/germany/2026-10-01T23-21-39-584Z_02e7077f9358c9ef/final-results.zip"",""sha256"":""02e7077f9358c9ef408741ee5d17123a43c28ea766b26a7ab338c08fcaeb7512""},""parser_version"":""germany-production-v1"",""parser_sha256"":""2a8eb3487f392ef83303e7fb9ff246e4c111a7e64a469a6aa9eb21461ae9b1a0"",""fields_covered"":[""second_votes"",""registered_label_native""],""published_or_derived"":""published"",""source_member"":""btw2021-w_kerg.csv"",""source_member_sha256"":""ac5d62cc9df7c681cb39baecb6602a8a766e43fea3000c50fb434225cc007ca8"",""source_column"":165}]",,,
"rc-ct-de-0178","germany","el-de-bt-2021-09-26","ct-de-0178","party_identity_difference","requires_manual_review","Election-specific result is sourced. Canonical party relation unresolved; excluded from continuous party series.","[{""source_id"":""src-de-bwl-final-archive"",""source_url"":""https://www.bundeswahlleiterin.de/dam/jcr/ce2d2b6a-f211-4355-8eea-355c98cd4e47/btw_kerg.zip"",""source_record_id"":""ac5d62cc9df7c681cb39baecb6602a8a766e43fea3000c50fb434225cc007ca8:btw2021-w_kerg.csv:337:169"",""retrieved_at"":""2026-10-01T23:21:39.584Z"",""raw_snapshot"":{""path"":""docs/political-data/raw/germany/2026-10-01T23-21-39-584Z_02e7077f9358c9ef/final-results.zip"",""sha256"":""02e7077f9358c9ef408741ee5d17123a43c28ea766b26a7ab338c08fcaeb7512""},""parser_version"":""germany-production-v1"",""parser_sha256"":""2a8eb3487f392ef83303e7fb9ff246e4c111a7e64a469a6aa9eb21461ae9b1a0"",""fields_covered"":[""second_votes"",""registered_label_native""],""published_or_derived"":""published"",""source_member"":""btw2021-w_kerg.csv"",""source_member_sha256"":""ac5d62cc9df7c681cb39baecb6602a8a766e43fea3000c50fb434225cc007ca8"",""source_column"":169}]",,,
"rc-ct-de-0179","germany","el-de-bt-2021-09-26","ct-de-0179","party_identity_difference","requires_manual_review","Election-specific result is sourced. Canonical party relation unresolved; excluded from continuous party series.","[{""source_id"":""src-de-bwl-final-archive"",""source_url"":""https://www.bundeswahlleiterin.de/dam/jcr/ce2d2b6a-f211-4355-8eea-355c98cd4e47/btw_kerg.zip"",""source_record_id"":""ac5d62cc9df7c681cb39baecb6602a8a766e43fea3000c50fb434225cc007ca8:btw2021-w_kerg.csv:337:173"",""retrieved_at"":""2026-10-01T23:21:39.584Z"",""raw_snapshot"":{""path"":""docs/political-data/raw/germany/2026-10-01T23-21-39-584Z_02e7077f9358c9ef/final-results.zip"",""sha256"":""02e7077f9358c9ef408741ee5d17123a43c28ea766b26a7ab338c08fcaeb7512""},""parser_version"":""germany-production-v1"",""parser_sha256"":""2a8eb3487f392ef83303e7fb9ff246e4c111a7e64a469a6aa9eb21461ae9b1a0"",""fields_covered"":[""second_votes"",""registered_label_native""],""published_or_derived"":""published"",""source_member"":""btw2021-w_kerg.csv"",""source_member_sha256"":""ac5d62cc9df7c681cb39baecb6602a8a766e43fea3000c50fb434225cc007ca8"",""source_column"":173}]",,,
"rc-ct-de-0180","germany","el-de-bt-2021-09-26","ct-de-0180","party_identity_difference","requires_manual_review","Election-specific result is sourced. Canonical party relation unresolved; excluded from continuous party series.","[{""source_id"":""src-de-bwl-final-archive"",""source_url"":""https://www.bundeswahlleiterin.de/dam/jcr/ce2d2b6a-f211-4355-8eea-355c98cd4e47/btw_kerg.zip"",""source_record_id"":""ac5d62cc9df7c681cb39baecb6602a8a766e43fea3000c50fb434225cc007ca8:btw2021-w_kerg.csv:337:177"",""retrieved_at"":""2026-10-01T23:21:39.584Z"",""raw_snapshot"":{""path"":""docs/political-data/raw/germany/2026-10-01T23-21-39-584Z_02e7077f9358c9ef/final-results.zip"",""sha256"":""02e7077f9358c9ef408741ee5d17123a43c28ea766b26a7ab338c08fcaeb7512""},""parser_version"":""germany-production-v1"",""parser_sha256"":""2a8eb3487f392ef83303e7fb9ff246e4c111a7e64a469a6aa9eb21461ae9b1a0"",""fields_covered"":[""second_votes"",""registered_label_native""],""published_or_derived"":""published"",""source_member"":""btw2021-w_kerg.csv"",""source_member_sha256"":""ac5d62cc9df7c681cb39baecb6602a8a766e43fea3000c50fb434225cc007ca8"",""source_column"":177}]",,,
"rc-parlgov-2002","germany","el-de-bt-2002-09-22",,"match","documented","National seat total comparison only; party names and academic party IDs are not promoted to official identities.","[{""source_id"":""src-de-bwl-election-2002"",""source_url"":""https://www.bundeswahlleiterin.de/bundestagswahlen/2002.html"",""source_record_id"":""main article"",""retrieved_at"":""2026-10-02T10:25:25.576Z"",""raw_snapshot"":{""path"":""docs/political-data/raw/germany/production_election-2002/source.html"",""sha256"":""3907a6800ca997c52ea4bb958be3c745b458d72b00bf008cc40c966413d57048""},""parser_version"":""germany-production-v1"",""parser_sha256"":""2a8eb3487f392ef83303e7fb9ff246e4c111a7e64a469a6aa9eb21461ae9b1a0"",""fields_covered"":[""official_term"",""chamber""],""published_or_derived"":""published""},{""source_id"":""src-de-bwl-historical-results"",""source_url"":""https://www.bundeswahlleiterin.de/dam/jcr/24d8e745-920d-431a-893a-12805bc7ef40/btw_ab49_datenbank_ergebnisse.csv"",""source_record_id"":""csv-record-86"",""retrieved_at"":""2026-10-01T23:20:00.007Z"",""raw_snapshot"":{""path"":""docs/political-data/raw/germany/2026-10-01T23-20-00-007Z_9efffc24b559679a/results.csv"",""sha256"":""9efffc24b559679ade291d8da63462e5523b43ac62064e759737c3ae01418484""},""parser_version"":""germany-production-v1"",""parser_sha256"":""2a8eb3487f392ef83303e7fb9ff246e4c111a7e64a469a6aa9eb21461ae9b1a0"",""fields_covered"":[""total_seats"",""valid_second_votes""],""published_or_derived"":""published"",""columns"":[4,79]},{""source_id"":""src-parlgov-2024-election"",""source_url"":""https://dataverse.harvard.edu/api/access/datafile/10437092?format=original"",""source_record_id"":""csv-record-2197 | csv-record-2198 | csv-record-2199 | csv-record-2200 | csv-record-2201 | csv-record-2202 | csv-record-2203"",""retrieved_at"":""2026-10-02T10:35:51.501Z"",""raw_snapshot"":{""path"":""docs/political-data/raw/germany/parlgov-2024/view_election.tab"",""sha256"":""a421fb7060f57f8203af6ccd0dce8d79dfee953db8702837f4c5390ef6b23fb6""},""parser_version"":""germany-production-v1"",""parser_sha256"":""2a8eb3487f392ef83303e7fb9ff246e4c111a7e64a469a6aa9eb21461ae9b1a0"",""fields_covered"":[""harmonized_value"",""category""],""published_or_derived"":""published""}]","seats_total","603","603"
"rc-parlgov-2005","germany","el-de-bt-2005-09-18",,"match","documented","National seat total comparison only; party names and academic party IDs are not promoted to official identities.","[{""source_id"":""src-de-bwl-election-2005"",""source_url"":""https://www.bundeswahlleiterin.de/bundestagswahlen/2005.html"",""source_record_id"":""main article"",""retrieved_at"":""2026-10-02T10:25:25.701Z"",""raw_snapshot"":{""path"":""docs/political-data/raw/germany/production_election-2005/source.html"",""sha256"":""6e0f442957441330e8938ccf6209ec545982baaaad88be15ae38d5739b2093a4""},""parser_version"":""germany-production-v1"",""parser_sha256"":""2a8eb3487f392ef83303e7fb9ff246e4c111a7e64a469a6aa9eb21461ae9b1a0"",""fields_covered"":[""official_term"",""chamber""],""published_or_derived"":""published""},{""source_id"":""src-de-bwl-historical-results"",""source_url"":""https://www.bundeswahlleiterin.de/dam/jcr/24d8e745-920d-431a-893a-12805bc7ef40/btw_ab49_datenbank_ergebnisse.csv"",""source_record_id"":""csv-record-87"",""retrieved_at"":""2026-10-01T23:20:00.007Z"",""raw_snapshot"":{""path"":""docs/political-data/raw/germany/2026-10-01T23-20-00-007Z_9efffc24b559679a/results.csv"",""sha256"":""9efffc24b559679ade291d8da63462e5523b43ac62064e759737c3ae01418484""},""parser_version"":""germany-production-v1"",""parser_sha256"":""2a8eb3487f392ef83303e7fb9ff246e4c111a7e64a469a6aa9eb21461ae9b1a0"",""fields_covered"":[""total_seats"",""valid_second_votes""],""published_or_derived"":""published"",""columns"":[4,79]},{""source_id"":""src-parlgov-2024-election"",""source_url"":""https://dataverse.harvard.edu/api/access/datafile/10437092?format=original"",""source_record_id"":""csv-record-2214 | csv-record-2215 | csv-record-2216 | csv-record-2217 | csv-record-2218 | csv-record-2219 | csv-record-2220"",""retrieved_at"":""2026-10-02T10:35:51.501Z"",""raw_snapshot"":{""path"":""docs/political-data/raw/germany/parlgov-2024/view_election.tab"",""sha256"":""a421fb7060f57f8203af6ccd0dce8d79dfee953db8702837f4c5390ef6b23fb6""},""parser_version"":""germany-production-v1"",""parser_sha256"":""2a8eb3487f392ef83303e7fb9ff246e4c111a7e64a469a6aa9eb21461ae9b1a0"",""fields_covered"":[""harmonized_value"",""category""],""published_or_derived"":""published""}]","seats_total","614","614"
"rc-parlgov-2009","germany","el-de-bt-2009-09-27",,"match","documented","National seat total comparison only; party names and academic party IDs are not promoted to official identities.","[{""source_id"":""src-de-bwl-election-2009"",""source_url"":""https://www.bundeswahlleiterin.de/bundestagswahlen/2009.html"",""source_record_id"":""main article"",""retrieved_at"":""2026-10-02T10:25:25.741Z"",""raw_snapshot"":{""path"":""docs/political-data/raw/germany/production_election-2009/source.html"",""sha256"":""c252191bbde5cf564c00d8f893507bc53e60dec240d515a6c3aa83e112ec952f""},""parser_version"":""germany-production-v1"",""parser_sha256"":""2a8eb3487f392ef83303e7fb9ff246e4c111a7e64a469a6aa9eb21461ae9b1a0"",""fields_covered"":[""official_term"",""chamber""],""published_or_derived"":""published""},{""source_id"":""src-de-bwl-historical-results"",""source_url"":""https://www.bundeswahlleiterin.de/dam/jcr/24d8e745-920d-431a-893a-12805bc7ef40/btw_ab49_datenbank_ergebnisse.csv"",""source_record_id"":""csv-record-88"",""retrieved_at"":""2026-10-01T23:20:00.007Z"",""raw_snapshot"":{""path"":""docs/political-data/raw/germany/2026-10-01T23-20-00-007Z_9efffc24b559679a/results.csv"",""sha256"":""9efffc24b559679ade291d8da63462e5523b43ac62064e759737c3ae01418484""},""parser_version"":""germany-production-v1"",""parser_sha256"":""2a8eb3487f392ef83303e7fb9ff246e4c111a7e64a469a6aa9eb21461ae9b1a0"",""fields_covered"":[""total_seats"",""valid_second_votes""],""published_or_derived"":""published"",""columns"":[4,79]},{""source_id"":""src-parlgov-2024-election"",""source_url"":""https://dataverse.harvard.edu/api/access/datafile/10437092?format=original"",""source_record_id"":""csv-record-2231 | csv-record-2232 | csv-record-2233 | csv-record-2234 | csv-record-2235 | csv-record-2236 | csv-record-2237 | csv-record-2238"",""retrieved_at"":""2026-10-02T10:35:51.501Z"",""raw_snapshot"":{""path"":""docs/political-data/raw/germany/parlgov-2024/view_election.tab"",""sha256"":""a421fb7060f57f8203af6ccd0dce8d79dfee953db8702837f4c5390ef6b23fb6""},""parser_version"":""germany-production-v1"",""parser_sha256"":""2a8eb3487f392ef83303e7fb9ff246e4c111a7e64a469a6aa9eb21461ae9b1a0"",""fields_covered"":[""harmonized_value"",""category""],""published_or_derived"":""published""}]","seats_total","622","622"
"rc-parlgov-2013","germany","el-de-bt-2013-09-22",,"match","documented","National seat total comparison only; party names and academic party IDs are not promoted to official identities.","[{""source_id"":""src-de-bwl-election-2013"",""source_url"":""https://www.bundeswahlleiterin.de/bundestagswahlen/2013.html"",""source_record_id"":""main article"",""retrieved_at"":""2026-10-02T10:25:25.781Z"",""raw_snapshot"":{""path"":""docs/political-data/raw/germany/production_election-2013/source.html"",""sha256"":""da4cfeacbdeff0b2122f80da124cd8c08efb3675300321eb52eeb33fd3c12443""},""parser_version"":""germany-production-v1"",""parser_sha256"":""2a8eb3487f392ef83303e7fb9ff246e4c111a7e64a469a6aa9eb21461ae9b1a0"",""fields_covered"":[""official_term"",""chamber""],""published_or_derived"":""published""},{""source_id"":""src-de-bwl-historical-results"",""source_url"":""https://www.bundeswahlleiterin.de/dam/jcr/24d8e745-920d-431a-893a-12805bc7ef40/btw_ab49_datenbank_ergebnisse.csv"",""source_record_id"":""csv-record-89"",""retrieved_at"":""2026-10-01T23:20:00.007Z"",""raw_snapshot"":{""path"":""docs/political-data/raw/germany/2026-10-01T23-20-00-007Z_9efffc24b559679a/results.csv"",""sha256"":""9efffc24b559679ade291d8da63462e5523b43ac62064e759737c3ae01418484""},""parser_version"":""germany-production-v1"",""parser_sha256"":""2a8eb3487f392ef83303e7fb9ff246e4c111a7e64a469a6aa9eb21461ae9b1a0"",""fields_covered"":[""total_seats"",""valid_second_votes""],""published_or_derived"":""published"",""columns"":[4,79]},{""source_id"":""src-parlgov-2024-election"",""source_url"":""https://dataverse.harvard.edu/api/access/datafile/10437092?format=original"",""source_record_id"":""csv-record-2239 | csv-record-2240 | csv-record-2241 | csv-record-2242 | csv-record-2243 | csv-record-2244 | csv-record-2245 | csv-record-2246 | csv-record-2247"",""retrieved_at"":""2026-10-02T10:35:51.501Z"",""raw_snapshot"":{""path"":""docs/political-data/raw/germany/parlgov-2024/view_election.tab"",""sha256"":""a421fb7060f57f8203af6ccd0dce8d79dfee953db8702837f4c5390ef6b23fb6""},""parser_version"":""germany-production-v1"",""parser_sha256"":""2a8eb3487f392ef83303e7fb9ff246e4c111a7e64a469a6aa9eb21461ae9b1a0"",""fields_covered"":[""harmonized_value"",""category""],""published_or_derived"":""published""}]","seats_total","631","631"
"rc-parlgov-2017","germany","el-de-bt-2017-09-24",,"match","documented","National seat total comparison only; party names and academic party IDs are not promoted to official identities.","[{""source_id"":""src-de-bwl-election-2017"",""source_url"":""https://www.bundeswahlleiterin.de/bundestagswahlen/2017.html"",""source_record_id"":""main article"",""retrieved_at"":""2026-10-02T10:25:25.819Z"",""raw_snapshot"":{""path"":""docs/political-data/raw/germany/production_election-2017/source.html"",""sha256"":""bade58c2875354c9fb5b2212bd82df3a71021296ae231a18c65d5251ecd40116""},""parser_version"":""germany-production-v1"",""parser_sha256"":""2a8eb3487f392ef83303e7fb9ff246e4c111a7e64a469a6aa9eb21461ae9b1a0"",""fields_covered"":[""official_term"",""chamber""],""published_or_derived"":""published""},{""source_id"":""src-de-bwl-historical-results"",""source_url"":""https://www.bundeswahlleiterin.de/dam/jcr/24d8e745-920d-431a-893a-12805bc7ef40/btw_ab49_datenbank_ergebnisse.csv"",""source_record_id"":""csv-record-90"",""retrieved_at"":""2026-10-01T23:20:00.007Z"",""raw_snapshot"":{""path"":""docs/political-data/raw/germany/2026-10-01T23-20-00-007Z_9efffc24b559679a/results.csv"",""sha256"":""9efffc24b559679ade291d8da63462e5523b43ac62064e759737c3ae01418484""},""parser_version"":""germany-production-v1"",""parser_sha256"":""2a8eb3487f392ef83303e7fb9ff246e4c111a7e64a469a6aa9eb21461ae9b1a0"",""fields_covered"":[""total_seats"",""valid_second_votes""],""published_or_derived"":""published"",""columns"":[4,79]},{""source_id"":""src-parlgov-2024-election"",""source_url"":""https://dataverse.harvard.edu/api/access/datafile/10437092?format=original"",""source_record_id"":""csv-record-2262 | csv-record-2263 | csv-record-2264 | csv-record-2265 | csv-record-2266 | csv-record-2267 | csv-record-2268 | csv-record-2269 | csv-record-2270"",""retrieved_at"":""2026-10-02T10:35:51.501Z"",""raw_snapshot"":{""path"":""docs/political-data/raw/germany/parlgov-2024/view_election.tab"",""sha256"":""a421fb7060f57f8203af6ccd0dce8d79dfee953db8702837f4c5390ef6b23fb6""},""parser_version"":""germany-production-v1"",""parser_sha256"":""2a8eb3487f392ef83303e7fb9ff246e4c111a7e64a469a6aa9eb21461ae9b1a0"",""fields_covered"":[""harmonized_value"",""category""],""published_or_derived"":""published""}]","seats_total","709","709"
"rc-parlgov-2021","germany","el-de-bt-2021-09-26",,"definition_difference","documented","ParlGov 2024 records the original 2021 final result (736); Atlas uses the Berlin-repeat corrected result (735). Official values retained.","[{""source_id"":""src-de-bwl-election-2021"",""source_url"":""https://www.bundeswahlleiterin.de/bundestagswahlen/2021.html"",""source_record_id"":""main article"",""retrieved_at"":""2026-10-02T10:25:25.858Z"",""raw_snapshot"":{""path"":""docs/political-data/raw/germany/production_election-2021/source.html"",""sha256"":""dabecc37babf7233d2d062a35ff380cb656d95f5b873d5a3d2e96e88953994da""},""parser_version"":""germany-production-v1"",""parser_sha256"":""2a8eb3487f392ef83303e7fb9ff246e4c111a7e64a469a6aa9eb21461ae9b1a0"",""fields_covered"":[""official_term"",""chamber""],""published_or_derived"":""published""},{""source_id"":""src-de-bwl-historical-results"",""source_url"":""https://www.bundeswahlleiterin.de/dam/jcr/24d8e745-920d-431a-893a-12805bc7ef40/btw_ab49_datenbank_ergebnisse.csv"",""source_record_id"":""csv-record-91"",""retrieved_at"":""2026-10-01T23:20:00.007Z"",""raw_snapshot"":{""path"":""docs/political-data/raw/germany/2026-10-01T23-20-00-007Z_9efffc24b559679a/results.csv"",""sha256"":""9efffc24b559679ade291d8da63462e5523b43ac62064e759737c3ae01418484""},""parser_version"":""germany-production-v1"",""parser_sha256"":""2a8eb3487f392ef83303e7fb9ff246e4c111a7e64a469a6aa9eb21461ae9b1a0"",""fields_covered"":[""total_seats"",""valid_second_votes""],""published_or_derived"":""published"",""columns"":[4,79]},{""source_id"":""src-parlgov-2024-election"",""source_url"":""https://dataverse.harvard.edu/api/access/datafile/10437092?format=original"",""source_record_id"":""csv-record-2286 | csv-record-2287 | csv-record-2288 | csv-record-2289 | csv-record-2290 | csv-record-2291 | csv-record-2292 | csv-record-2293 | csv-record-2294 | csv-record-2295 | csv-record-2296 | csv-record-2297"",""retrieved_at"":""2026-10-02T10:35:51.501Z"",""raw_snapshot"":{""path"":""docs/political-data/raw/germany/parlgov-2024/view_election.tab"",""sha256"":""a421fb7060f57f8203af6ccd0dce8d79dfee953db8702837f4c5390ef6b23fb6""},""parser_version"":""germany-production-v1"",""parser_sha256"":""2a8eb3487f392ef83303e7fb9ff246e4c111a7e64a469a6aa9eb21461ae9b1a0"",""fields_covered"":[""harmonized_value"",""category""],""published_or_derived"":""published""}]","seats_total","735","736"
"rc-parlgov-2025","germany","el-de-bt-2025-02-23",,"source_gap","documented","ParlGov 2024 does not cover the 2025 election; no extrapolation.","[{""source_id"":""src-de-bwl-election-2025"",""source_url"":""https://www.bundeswahlleiterin.de/bundestagswahlen/2025.html"",""source_record_id"":""main article"",""retrieved_at"":""2026-10-02T10:25:25.899Z"",""raw_snapshot"":{""path"":""docs/political-data/raw/germany/production_election-2025/source.html"",""sha256"":""cbeca6e6ed53c7df36f6007bc0289da267856e6ea1ed7028f55a2f0f36cb5b43""},""parser_version"":""germany-production-v1"",""parser_sha256"":""2a8eb3487f392ef83303e7fb9ff246e4c111a7e64a469a6aa9eb21461ae9b1a0"",""fields_covered"":[""official_term"",""chamber""],""published_or_derived"":""published""},{""source_id"":""src-de-bwl-historical-results"",""source_url"":""https://www.bundeswahlleiterin.de/dam/jcr/24d8e745-920d-431a-893a-12805bc7ef40/btw_ab49_datenbank_ergebnisse.csv"",""source_record_id"":""csv-record-92"",""retrieved_at"":""2026-10-01T23:20:00.007Z"",""raw_snapshot"":{""path"":""docs/political-data/raw/germany/2026-10-01T23-20-00-007Z_9efffc24b559679a/results.csv"",""sha256"":""9efffc24b559679ade291d8da63462e5523b43ac62064e759737c3ae01418484""},""parser_version"":""germany-production-v1"",""parser_sha256"":""2a8eb3487f392ef83303e7fb9ff246e4c111a7e64a469a6aa9eb21461ae9b1a0"",""fields_covered"":[""total_seats"",""valid_second_votes""],""published_or_derived"":""published"",""columns"":[4,79]},{""source_id"":""src-parlgov-2024-election"",""source_url"":""https://dataverse.harvard.edu/api/access/datafile/10437092?format=original"",""source_record_id"":""coverage ends before 2025"",""retrieved_at"":""2026-10-02T10:35:51.501Z"",""raw_snapshot"":{""path"":""docs/political-data/raw/germany/parlgov-2024/view_election.tab"",""sha256"":""a421fb7060f57f8203af6ccd0dce8d79dfee953db8702837f4c5390ef6b23fb6""},""parser_version"":""germany-production-v1"",""parser_sha256"":""2a8eb3487f392ef83303e7fb9ff246e4c111a7e64a469a6aa9eb21461ae9b1a0"",""fields_covered"":[""harmonized_value"",""category""],""published_or_derived"":""published""}]","seats_total","630",
