{"type":"FeatureCollection","features":[{"type":"Feature","properties":{"countrySlug":"germany"},"geometry":{"type":"MultiPolygon","coordinates":[[[[9.125932381000041,47.668641198000046],[9.120986455000036,47.675753575000044],[9.12067641300007,47.672312943000065],[9.125932381000041,47.668641198000046]]],[[[9.20114538200005,47.70585929600003],[9.195342786000026,47.70827957800003],[9.187810585000022,47.70558262600008],[9.189033713000072,47.70363800800004],[9.198598810000021,47.70243151000005],[9.20183071300005,47.70358456500003],[9.20114538200005,47.70585929600003]]],[[[8.701282288000073,47.71522423400006],[8.659509231000072,47.68942326200005],[8.706122694000044,47.71147485800003],[8.701282288000073,47.71522423400006]]],[[[8.682067707000044,49.61890991300004],[8.68405272700005,49.620222967000075],[8.680116544000043,49.62028571500008],[8.680067486000041,49.61866510300007],[8.682067707000044,49.61890991300004]]],[[[9.602077153000039,47.584337997000034],[9.74771849900003,47.60368831100004],[9.842190840000058,47.677691836000065],[9.959522463000042,47.65230409900005],[10.028645217000076,47.686983018000035],[10.077292399000044,47.63927426300006],[10.130059543000073,47.67727125700003],[10.11904949500007,47.759586711000054],[10.064681025000027,47.78588771900007],[10.138022984000031,47.809637645000066],[10.076755534000029,47.86780935100006],[10.140392398000074,48.09891655900003],[10.065816520000055,48.28181712300005],[9.967275615000062,48.37440435700006],[10.03402668800004,48.45778054800007],[10.171846421000055,48.457786948000034],[10.31202316200006,48.52294378300007],[10.293114313000046,48.58976552100006],[10.323094952000076,48.609132705000036],[10.259529865000047,48.65489233800008],[10.268706813000051,48.70354711900006],[10.361128680000036,48.65282684300007],[10.408871360000035,48.69879250400004],[10.437393747000044,48.693101881000075],[10.410638818000052,48.66103394800007],[10.495748779000053,48.68843426700005],[10.416176716000052,48.74810596900005],[10.451372669000023,48.93866072700007],[10.350256584000022,49.02842207200007],[10.251863839000066,49.039161196000066],[10.250596710000025,49.09281512500007],[10.204997649000063,49.09811900300008],[10.248022910000032,49.14928110900007],[10.12489927300004,49.199736861000076],[10.109875037000052,49.25829803200003],[10.15662029400005,49.28075891000003],[10.107318285000076,49.378784909000046],[10.161698240000021,49.39549398200006],[10.094741444000022,49.44789857000006],[10.121323095000037,49.51104620600006],[10.06142750600003,49.545138456000075],[10.020260417000031,49.48664904700007],[9.926561180000022,49.484835462000035],[9.912438200000054,49.585908403000076],[9.810230151000042,49.557316023000055],[9.87280826400007,49.61007617200005],[9.799993758000028,49.730943240000045],[9.739419988000066,49.68819070300003],[9.709719303000043,49.72705805800007],[9.632460374000061,49.69318610100004],[9.648736203000055,49.79147765100004],[9.561809836000066,49.78061678300003],[9.563380497000026,49.744568386000026],[9.501460487000031,49.78877466100005],[9.318028174000062,49.76885602700003],[9.296297096000046,49.73891796000004],[9.41868082700006,49.711898302000066],[9.406000422000034,49.64531278700008],[9.30408305800006,49.65494425400004],[9.24894015600006,49.58451840600003],[9.073074327000029,49.57494100200006],[9.126413832000026,49.51694579700006],[8.951832484000022,49.50562623500008],[8.950348720000022,49.454992884000035],[8.850273248000065,49.395396721000054],[8.803540603000044,49.40357037800004],[8.823524968000072,49.46267839800004],[8.89957270800005,49.50365573200003],[8.727711250000027,49.51833855000007],[8.680989341000043,49.57554792900004],[8.692313575000071,49.62373885900007],[8.593888979000042,49.61094664800004],[8.621299696000051,49.54500989100006],[8.581374874000062,49.51978041800004],[8.422439263000058,49.583385415000066],[8.442690860000027,49.45023919100004],[8.508242487000075,49.43449342100007],[8.450484521000021,49.32314148200004],[8.489068840000073,49.29312437200008],[8.390815976000056,49.23609487400006],[8.358091294000076,49.09778419500003],[8.28759666700006,48.99842746200005],[8.196392617000072,48.95650110400004],[8.087040460000026,48.80203358300008],[7.972005719000038,48.758122435000075],[7.804823882000051,48.59257971900007],[7.803943709000066,48.51121629600004],[7.733153240000036,48.397203508000075],[7.744638259000055,48.32781093500006],[7.576981640000042,48.119056389000036],[7.568529047000027,48.03518422900004],[7.621952270000065,47.97280642800007],[7.556309759000044,47.877526903000046],[7.521079276000023,47.663847891000046],[7.604484107000076,47.577791105000074],[7.693596586000069,47.60053085800007],[7.634097006000047,47.56111372200007],[7.680172017000075,47.532665423000026],[7.823085303000028,47.58801232800005],[7.943210745000044,47.54381882300004],[8.08966199400004,47.557758953000075],[8.20405441400004,47.62089168000006],[8.433687448000057,47.56664774400008],[8.494547109000052,47.58120113600006],[8.456599807000032,47.60234628500007],[8.517746404000036,47.63431415200006],[8.582542233000026,47.59610411300008],[8.628803807000054,47.64965372700004],[8.59803946900007,47.672806439000055],[8.473494938000044,47.63830648600003],[8.405559328000038,47.674515546000066],[8.473712822000039,47.76451491500006],[8.577304001000073,47.78170626100007],[8.567852077000055,47.80848124900007],[8.627679192000073,47.75925902500006],[8.656975077000027,47.80034710500007],[8.727146060000052,47.76227747200005],[8.727981485000043,47.692680574000065],[8.795947417000036,47.67530207100003],[8.769908575000045,47.71844854300008],[8.806440663000046,47.73826225100004],[8.893659068000034,47.65217872200003],[8.998628892000056,47.68725699700008],[8.939828360000035,47.72806475700003],[9.014928057000077,47.71997296600006],[8.989864116000035,47.743465936000064],[9.107887617000074,47.69097369200006],[9.053825721000067,47.68968488100006],[9.217727909000075,47.666122019000056],[9.039536531000067,47.81748197500008],[9.288606892000075,47.68322986000004],[9.495284089000052,47.65013127200007],[9.595548618000066,47.588087947000076],[9.602077153000039,47.584337997000034]],[[8.675960362000069,49.61595325500008],[8.67186358400005,49.61587813600005],[8.675112579000029,49.621105028000045],[8.67798701700002,49.61982849100008],[8.680587351000042,49.62247105000006],[8.685867891000044,49.62166492700004],[8.685979754000073,49.618355087000054],[8.675960362000069,49.61595325500008]]]]}},{"type":"Feature","properties":{"countrySlug":"germany"},"geometry":{"type":"Polygon","coordinates":[[[9.602077153000039,47.584337997000034],[9.72984380400004,47.53372620400006],[9.777769965000061,47.59534039000005],[9.87397800900004,47.52871985400003],[9.970898558000044,47.54568043800003],[9.995348118000038,47.48631524800004],[10.091470374000039,47.45907616000005],[10.10542274100004,47.42874014800003],[10.06915766800006,47.40984973700006],[10.099780481000039,47.354736004000074],[10.236196380000024,47.38186077000006],[10.173979531000043,47.270265007000035],[10.33003062900002,47.30471226600008],[10.436472140000035,47.38064780500008],[10.475930146000053,47.432149510000045],[10.431323512000063,47.50367761800004],[10.454459536000059,47.555738344000076],[10.691187265000053,47.55844114100006],[10.777572470000052,47.51393853900004],[10.890209020000043,47.53720220100007],[10.91791481100006,47.51362991500008],[10.870048944000075,47.48322013400008],[10.937054525000065,47.48146645800006],[10.970328786000039,47.40002058400006],[11.206910414000049,47.43380120900008],[11.253410755000061,47.42824380500008],[11.225001752000026,47.39527278300005],[11.272891854000022,47.39785257200003],[11.338124368000024,47.44971730900005],[11.421453927000073,47.44471427000008],[11.383809621000069,47.47220770000007],[11.437108055000067,47.51585355800006],[11.572452231000057,47.514509771000064],[11.63713910000007,47.594259039000065],[12.20388194700007,47.60680973600006],[12.162598451000065,47.70112977800005],[12.25697228100006,47.743007171000045],[12.25518949700006,47.67929499300004],[12.440126465000048,47.69517254800007],[12.499216430000047,47.625017005000075],[12.607415246000073,47.67371332500005],[12.781115045000035,47.67414135900003],[12.759012632000065,47.65090388900006],[12.82461371100004,47.61210408300008],[12.79447934500007,47.55662972600004],[13.00624606100007,47.463989250000054],[13.098660589000076,47.63540706500004],[13.080793954000058,47.68702414400008],[12.905046866000077,47.72364341900004],[13.00329458300007,47.85031169200005],[12.759719210000071,48.075050393000026],[12.758258591000072,48.12632518800007],[13.022392356000069,48.25797400700003],[13.32974884400005,48.32352787700006],[13.41760279500005,48.383841704000076],[13.45803967300003,48.51194432400007],[13.438054967000028,48.55774207200005],[13.508992163000073,48.59060155200007],[13.72735945200003,48.51300820800003],[13.825718996000035,48.618549606000045],[13.83757629400003,48.70066740900006],[13.794917175000023,48.714928274000044],[13.839506769000025,48.77160490300008],[13.737929348000023,48.88584781700007],[13.655197417000068,48.89346551500006],[13.62758543800004,48.949484607000045],[13.529236960000048,48.97410286300004],[13.495621999000036,48.94134472800005],[13.402895553000064,48.98734273500003],[13.397147201000053,49.05100999700005],[13.182791683000062,49.13447841300007],[13.029109282000036,49.30434804600003],[12.786286615000051,49.34539792100003],[12.655893346000028,49.43454683500005],[12.644250380000074,49.52304246500006],[12.528168524000023,49.61818385600003],[12.521638214000063,49.686761828000044],[12.400717371000042,49.75384886900008],[12.472723170000052,49.785937782000076],[12.547730388000048,49.92034324000008],[12.475514391000047,49.93791852800007],[12.489889638000022,49.98176080700006],[12.26091210800007,50.05843035500004],[12.199626558000034,50.11173902500008],[12.197454144000062,50.19883868000005],[12.090759844000047,50.252384394000046],[12.139939875000039,50.27771857600004],[12.125560837000023,50.30761714500005],[11.977170940000065,50.35148311300003],[11.934729681000022,50.42366379600003],[11.519853242000067,50.37426848300004],[11.48156795400007,50.43162169200008],[11.420630678000066,50.44336648500007],[11.429278748000058,50.51223288400007],[11.346569075000048,50.52153502600004],[11.247115540000038,50.47730383000004],[11.284252880000054,50.36030743400005],[11.252298162000045,50.26902096100008],[11.14592282700005,50.284956470000054],[11.159197358000029,50.330391993000035],[11.115304910000077,50.36700690300006],[10.98578072600003,50.34732052600003],[10.937634647000039,50.39190511400005],[10.830443013000036,50.39261550100008],[10.715266573000065,50.363591109000026],[10.714389547000053,50.325479200000075],[10.851953018000074,50.25160305700007],[10.732167774000061,50.25183794600008],[10.716645150000033,50.20481895900008],[10.612047270000062,50.224138442000026],[10.600550296000051,50.33368802900003],[10.39449369700003,50.39365203400007],[10.330582236000055,50.49427653500004],[10.107094136000057,50.56373360300006],[9.957836757000052,50.42320405600003],[9.860046301000068,50.397473956000056],[9.762063990000058,50.42586748200006],[9.745881111000074,50.31040795600006],[9.652396015000022,50.269670070000075],[9.663619150000045,50.23373346300008],[9.50117464400006,50.243473910000034],[9.512464155000032,50.09435565700005],[9.413110845000062,50.084059882000076],[9.373620660000029,50.130963500000064],[9.221866091000038,50.14941731500005],[9.149210890000063,50.09063949400007],[9.121518865000041,50.12606115300008],[9.018261040000027,50.11160420900006],[8.976611545000026,50.052211431000046],[9.031343853000067,50.03957408400004],[9.04882026000007,49.99226560300008],[9.015714271000036,49.989022860000034],[9.03765196200004,49.842564295000045],[9.084730871000033,49.84750638400004],[9.090879621000056,49.79065501100007],[9.131665505000058,49.79492793600008],[9.106913989000077,49.758660975000055],[9.150809170000059,49.742850743000076],[9.089638351000076,49.69334572300005],[9.06638137300007,49.60236512900008],[9.194410460000029,49.57404064000008],[9.30408305800006,49.65494425400004],[9.406000422000034,49.64531278700008],[9.39996065300005,49.72884051400007],[9.357409236000024,49.70428829400004],[9.374211198000069,49.728002031000074],[9.295673221000072,49.740530937000074],[9.425106761000052,49.78955372300004],[9.563380497000026,49.744568386000026],[9.561809836000066,49.78061678300003],[9.648736203000055,49.79147765100004],[9.625449125000046,49.70373674000007],[9.653496459000053,49.68713720300008],[9.799993758000028,49.730943240000045],[9.87280826400007,49.61007617200005],[9.811544998000045,49.55568263200007],[9.912438200000054,49.585908403000076],[9.913740586000074,49.49325299100008],[9.951881740000033,49.48036425500004],[10.020260417000031,49.48664904700007],[10.06142750600003,49.545138456000075],[10.121323095000037,49.51104620600006],[10.094741444000022,49.44789857000006],[10.161698240000021,49.39549398200006],[10.107318285000076,49.378784909000046],[10.15662029400005,49.28075891000003],[10.109875037000052,49.25829803200003],[10.12489927300004,49.199736861000076],[10.248022910000032,49.14928110900007],[10.204997649000063,49.09811900300008],[10.250596710000025,49.09281512500007],[10.251863839000066,49.039161196000066],[10.350256584000022,49.02842207200007],[10.457107388000054,48.920548179000036],[10.421320368000067,48.90576289000006],[10.454106806000027,48.86030058700004],[10.416176716000052,48.74810596900005],[10.495083373000057,48.687247210000066],[10.410638818000052,48.66103394800007],[10.437393747000044,48.693101881000075],[10.408871360000035,48.69879250400004],[10.361128680000036,48.65282684300007],[10.268706813000051,48.70354711900006],[10.259529865000047,48.65489233800008],[10.323094952000076,48.609132705000036],[10.293114313000046,48.58976552100006],[10.31202316200006,48.52294378300007],[10.171846421000055,48.457786948000034],[10.03402668800004,48.45778054800007],[9.967275615000062,48.37440435700006],[10.065816520000055,48.28181712300005],[10.140392398000074,48.09891655900003],[10.076755534000029,47.86780935100006],[10.138022984000031,47.809637645000066],[10.064681025000027,47.78588771900007],[10.11904949500007,47.759586711000054],[10.130059543000073,47.67727125700003],[10.077292399000044,47.63927426300006],[10.028645217000076,47.686983018000035],[9.959522463000042,47.65230409900005],[9.842190840000058,47.677691836000065],[9.74771849900003,47.60368831100004],[9.605885715000056,47.58570229000003],[9.602077153000039,47.584337997000034]],[[10.454459536000059,47.555738344000076],[10.432936910000024,47.58147741200003],[10.46717127100004,47.567757690000064],[10.454459536000059,47.555738344000076]]]}},{"type":"Feature","properties":{"countrySlug":"germany"},"geometry":{"type":"Polygon","coordinates":[[[13.480055494000055,52.67464638200005],[13.357296057000042,52.62317467400004],[13.282884652000064,52.660784668000076],[13.217336442000033,52.58745559300007],[13.128987291000044,52.58744210400005],[13.152953085000036,52.57278142700005],[13.117392920000043,52.516995327000075],[13.166457606000051,52.51012429000008],[13.09063599700005,52.411813884000026],[13.343248653000046,52.41161993900005],[13.420984876000034,52.37624714200007],[13.462321603000078,52.42062443700007],[13.643364633000033,52.37739092600003],[13.65172295800005,52.33945761600006],[13.759028644000068,52.44257936500003],[13.611517293000077,52.47062733400003],[13.656895568000039,52.52986951200006],[13.508153615000026,52.592183257000045],[13.523100123000063,52.645430195000074],[13.47601125600005,52.67038870200008],[13.480055494000055,52.67464638200005]]]}},{"type":"Feature","properties":{"countrySlug":"germany"},"geometry":{"type":"MultiPolygon","coordinates":[[[[13.051025247000041,51.64767715500005],[13.154954859000043,51.60019678500004],[13.143169245000024,51.56746112900004],[13.207957037000028,51.524352847000046],[13.174310971000068,51.42825391900004],[13.217308924000065,51.39505564900003],[13.26854325000005,51.384793245000026],[13.401050430000055,51.45417172500004],[13.542628170000057,51.36931550600008],[13.763252568000041,51.35902035100003],[13.956223629000021,51.39707171300006],[14.000697255000034,51.372595974000035],[14.06283710200006,51.445505756000045],[14.033005724000077,51.47510218900004],[14.087258361000067,51.47739668300005],[14.139565193000067,51.543986379000046],[14.332350139000027,51.50501826300007],[14.569635102000063,51.58119047800005],[14.674012757000071,51.55064535400004],[14.696647725000048,51.59666082600006],[14.764909531000058,51.60704414700007],[14.746769710000024,51.67617473100006],[14.590144373000044,51.82100999000005],[14.694259159000069,51.90198462300003],[14.759100958000033,52.06568982300007],[14.681595448000053,52.116651776000026],[14.715746889000059,52.23588355100003],[14.576039610000066,52.28836671100004],[14.53435722200004,52.395007777000046],[14.63454116400004,52.49233735100006],[14.603921495000066,52.53133983100008],[14.639110578000043,52.572998863000066],[14.351042391000021,52.75150720400006],[14.122926948000043,52.83765710700004],[14.161595565000027,52.88809495900006],[14.143657775000065,52.96136543700004],[14.366157186000066,53.07936704800005],[14.37727299200003,53.20174829700005],[14.450268471000072,53.26055847400005],[14.412381009000057,53.32959336200008],[14.316569422000043,53.31233554700003],[14.266048356000056,53.25959485200008],[14.098817346000033,53.26167191500008],[14.223406622000027,53.358563229000026],[14.237712313000031,53.42734197800007],[13.916373270000065,53.42226627100007],[13.879268139000033,53.504139956000074],[13.791347175000055,53.558577928000034],[13.777657389000069,53.51370533800008],[13.812079406000066,53.483943984000064],[13.71539978100003,53.482260877000044],[13.550112204000072,53.399081272000046],[13.523531386000059,53.32008458400003],[13.43820812100006,53.29973323400003],[13.405174674000023,53.24641823500008],[13.297801779000054,53.28089250200003],[13.229391856000063,53.21658689600008],[13.152220904000046,53.25111397900008],[12.980466333000038,53.16252656800003],[12.941998415000057,53.17431547000007],[12.964244872000052,53.200391513000056],[12.764381357000048,53.18893054700004],[12.757410986000025,53.224352804000034],[12.660557174000076,53.254409578000036],[12.445312164000029,53.24992826400006],[12.229435329000069,53.358160532000056],[12.06162346900004,53.371419407000076],[12.018530148000025,53.29959472200005],[11.796067194000045,53.25334819600005],[11.828893642000025,53.22865502600007],[11.629237266000075,53.24222453700003],[11.551586451000048,53.20840728500008],[11.569364935000067,53.166094858000065],[11.534572129000026,53.125318348000064],[11.265731921000054,53.12197789600003],[11.338867152000034,53.05509894100004],[11.448379406000072,53.07838158200008],[11.639365586000054,53.03871875200008],[11.626327036000077,53.01264737000008],[11.692083658000058,52.97840706300008],[11.844216635000066,52.95268081300003],[11.833997503000035,52.910361117000036],[12.234056796000061,52.85937765300008],[12.257536445000028,52.804908485000055],[12.197548537000046,52.718375034000076],[12.236872557000027,52.62887701900007],[12.171970158000022,52.625946604000035],[12.141811423000036,52.52839423900008],[12.330781529000035,52.478555665000044],[12.274469664000037,52.41606189200007],[12.308127562000038,52.34469653200006],[12.24464806900005,52.24843817400006],[12.297276877000058,52.22754538000004],[12.21678313700005,52.17006860100008],[12.430227854000066,52.01830613800007],[12.48061535100004,52.033335116000046],[12.603019491000055,51.98108668500004],[12.669186684000067,52.01288074400003],[12.844153643000027,51.96773396900005],[12.852730179000048,51.93500529000005],[12.960567963000074,51.93491054300006],[12.972664852000037,51.90088114100007],[13.045407862000047,51.90051510700005],[13.039239290000069,51.87091214700007],[13.138950996000062,51.87951209000005],[13.18707161900005,51.71562451400007],[13.154528682000034,51.68670591700004],[13.051025247000041,51.64767715500005]],[[13.480055494000055,52.67464638200005],[13.523100123000063,52.645430195000074],[13.508153615000026,52.592183257000045],[13.656895568000039,52.52986951200006],[13.611517293000077,52.47062733400003],[13.759028644000068,52.44257936500003],[13.65172295800005,52.33945761600006],[13.643364633000033,52.37739092600003],[13.462321603000078,52.42062443700007],[13.420984876000034,52.37624714200007],[13.343248653000046,52.41161993900005],[13.09063599700005,52.411813884000026],[13.166457606000051,52.51012429000008],[13.117392920000043,52.516995327000075],[13.152953085000036,52.57278142700005],[13.128987291000044,52.58744210400005],[13.217336442000033,52.58745559300007],[13.282884652000064,52.660784668000076],[13.357296057000042,52.62317467400004],[13.477077429000076,52.67391139600005],[13.480055494000055,52.67464638200005]]],[[[12.267155795000065,52.23131355800007],[12.264446159000045,52.23171338700007],[12.265753724000035,52.22993076600005],[12.273664259000043,52.22877921700007],[12.275204045000066,52.23105054900003],[12.267155795000065,52.23131355800007]]],[[[12.286255987000061,52.22745841900007],[12.279125023000063,52.22941792600005],[12.276546163000035,52.22829564800003],[12.286255987000061,52.22745841900007]]],[[[12.219077201000061,52.86085862400006],[12.222307577000038,52.862548547000074],[12.221316314000035,52.86381264900007],[12.217115001000025,52.86199253900003],[12.217589800000042,52.86012823800007],[12.219077201000061,52.86085862400006]]]]}},{"type":"Feature","properties":{"countrySlug":"germany"},"geometry":{"type":"MultiPolygon","coordinates":[[[[8.616397737000057,53.197026040000026],[8.613037882000071,53.19856578200006],[8.611903031000054,53.19744233700004],[8.615217568000048,53.195910920000074],[8.616397737000057,53.197026040000026]]],[[[8.504608167000072,53.22891929800005],[8.619465302000037,53.16752076000006],[8.731491654000024,53.03493253400006],[8.91582704800004,53.011021380000045],[8.98026713400003,53.04674705800005],[8.961377207000055,53.08521811400004],[8.990913202000058,53.09667276300007],[8.947017837000033,53.116100810000034],[8.984185253000021,53.12607093100007],[8.945082912000032,53.15201299200004],[8.864023195000073,53.13172351600008],[8.512641177000035,53.22755728100003],[8.504608167000072,53.22891929800005]]],[[[8.554898250000065,53.52513102800003],[8.492651892000026,53.472419761000026],[8.650555157000042,53.51078166600007],[8.616802851000045,53.57437003800004],[8.65063238700003,53.60256522100008],[8.483202469000048,53.60049898700004],[8.557217174000073,53.52883872100006],[8.554898250000065,53.52513102800003]]],[[[8.647233393000022,53.61002843700004],[8.642627983000068,53.60921330800005],[8.645062093000035,53.608126336000055],[8.643769177000024,53.605473388000064],[8.657717088000027,53.602985613000044],[8.660884274000068,53.60708643700008],[8.654105167000068,53.60836057600005],[8.653535034000072,53.61005081900004],[8.647233393000022,53.61002843700004]]]]}},{"type":"Feature","properties":{"countrySlug":"germany"},"geometry":{"type":"MultiPolygon","coordinates":[[[[10.307954146000043,53.433201104000034],[10.152582687000063,53.53979280100003],[10.221761274000073,53.63372253500006],[10.141212387000053,53.678152745000034],[10.19163750000007,53.72289717500007],[10.168237438000062,53.73823597300003],[9.985599002000072,53.64723457600007],[9.905366421000053,53.652194336000036],[9.828781928000069,53.58529056900005],[9.763672583000073,53.62749506100005],[9.736263387000065,53.581851577000066],[9.799804376000054,53.46963746900008],[9.862387477000027,53.429876593000074],[9.904411288000063,53.45679422400008],[9.906566145000056,53.415790911000045],[10.051810704000047,53.46391894000004],[10.175688643000058,53.39658250000008],[10.284818463000022,53.42459142400003],[10.307954146000043,53.433201104000034]]],[[[8.502637848000063,53.928096812000035],[8.50340369600002,53.92915121600004],[8.497869723000065,53.93191845800004],[8.491131031000066,53.92867085600005],[8.488028043000043,53.92319162200005],[8.486976415000072,53.913911547000055],[8.500588416000028,53.91266421100005],[8.514655343000072,53.91764946400008],[8.51690418000004,53.922805657000026],[8.507436767000058,53.927723437000054],[8.502637848000063,53.928096812000035]]],[[[8.458234723000032,53.95707344400006],[8.419906902000037,53.94871752100005],[8.452223600000025,53.95688607300008],[8.458234723000032,53.95707344400006]]]]}},{"type":"Feature","properties":{"countrySlug":"germany"},"geometry":{"type":"MultiPolygon","coordinates":[[[[9.103006167000046,49.57745601400006],[9.06513848000003,49.617319156000065],[9.150809170000059,49.742850743000076],[9.106913989000077,49.758660975000055],[9.131665505000058,49.79492793600008],[9.090879621000056,49.79065501100007],[9.084730871000033,49.84750638400004],[9.03765196200004,49.842564295000045],[9.015714271000036,49.989022860000034],[9.04882026000007,49.99226560300008],[9.031343853000067,50.03957408400004],[8.976480289000051,50.04717018700006],[8.997391285000049,50.09157988000004],[9.117457036000076,50.12662404300005],[9.149210890000063,50.09063949400007],[9.221866091000038,50.14941731500005],[9.373620660000029,50.130963500000064],[9.413110845000062,50.084059882000076],[9.512464155000032,50.09435565700005],[9.50117464400006,50.243473910000034],[9.663619150000045,50.23373346300008],[9.652396015000022,50.269670070000075],[9.745881111000074,50.31040795600006],[9.762063990000058,50.42586748200006],[9.883100782000042,50.39889344300008],[10.018307426000035,50.46645526300006],[10.069985062000057,50.65587779100008],[10.001994968000076,50.67660256800008],[9.947575159000053,50.66230475800006],[9.960722013000066,50.62948365400007],[9.877320475000033,50.63871517600006],[9.952252803000022,50.821374509000066],[10.023054524000031,50.83163142600006],[10.059803704000046,50.88539256400003],[9.950086587000044,50.94225025600008],[10.062345939000068,50.943783547000066],[10.019470217000048,50.98070807900007],[10.036400428000036,51.01237619600005],[10.178159480000033,50.996001543000034],[10.215185735000034,51.02641935100007],[10.140590157000076,51.05849138900004],[10.174630972000045,51.11686746000004],[10.118321564000041,51.13957300700008],[10.168738649000034,51.15326772100008],[10.19995902200003,51.11297207700005],[10.235776989000044,51.186695162000035],[10.068673434000061,51.22656282200006],[10.059916187000056,51.27586548900007],[9.939356592000024,51.30740986400008],[9.906021117000023,51.42113874900008],[9.850743074000036,51.41441364700006],[9.86527591500004,51.371612732000074],[9.803510306000021,51.41040054500007],[9.702143787000068,51.364571795000074],[9.738247707000028,51.31942876900007],[9.772456280000029,51.33629096700008],[9.73230439300005,51.29523190100008],[9.55883264800002,51.347657076000075],[9.579345406000073,51.40176887900003],[9.643581790000042,51.418260728000064],[9.643813808000061,51.469160043000045],[9.586259150000046,51.51931892500005],[9.647755440000026,51.552510968000036],[9.626830884000071,51.58197606400006],[9.690947953000034,51.576315141000066],[9.625999284000045,51.63691397000008],[9.507071663000033,51.627184337000074],[9.494612786000062,51.65736291300004],[9.337098312000023,51.61470157000008],[9.373522628000046,51.59101373400006],[9.308324697000046,51.51264327500007],[9.15840769600004,51.44309608400005],[9.094329852000044,51.44459823100004],[9.092328869000028,51.49438795300006],[9.020976431000065,51.51861067100003],[8.913334846000055,51.49155398200003],[8.93950200300003,51.38949902300004],[8.693811209000046,51.37678475300004],[8.605048337000028,51.32369487100004],[8.556347796000068,51.27749475200005],[8.59356275600004,51.24749677800003],[8.721997745000067,51.27374380600003],[8.768194376000054,51.20887368400008],[8.692161804000023,51.132834142000036],[8.719655316000058,51.11032615500005],[8.52812272400007,51.09695248500003],[8.505143530000055,51.04143322200008],[8.538782178000076,51.01944843100006],[8.459665449000056,50.966650249000054],[8.456441092000034,50.91653052300006],[8.358600176000039,50.86069003400007],[8.269666509000047,50.88187564800006],[8.12551194100007,50.78835590800003],[8.166828990000056,50.73571067900008],[8.110229725000067,50.670901177000076],[8.137912756000048,50.55094786600006],[8.028374600000063,50.550558728000055],[7.97890288900004,50.49538382900005],[8.010766001000036,50.452692427000045],[7.964191682000035,50.412225232000026],[8.059756762000063,50.37531153200007],[8.121913617000075,50.27722503200005],[8.035891845000037,50.27119223300008],[8.03544434500003,50.215661975000046],[7.990203927000039,50.23866512800004],[7.882830211000055,50.18131748800005],[7.930097218000071,50.103740112000025],[7.85401610200006,50.12832878800003],[7.773997185000042,50.06654010500006],[7.887255214000049,49.97184287300007],[8.180949141000042,50.035205982000036],[8.272350266000046,50.01029608300007],[8.340963698000053,49.95107573800004],[8.416297386000053,49.77386768700006],[8.479186194000022,49.76421191700007],[8.357266999000046,49.69214161200006],[8.381985162000035,49.62728359000005],[8.560001947000046,49.51746243000008],[8.621299696000051,49.54500989100006],[8.593888979000042,49.61094664800004],[8.692313575000071,49.62373885900007],[8.680989341000043,49.57554792900004],[8.727711250000027,49.51833855000007],[8.89957270800005,49.50365573200003],[8.826602842000057,49.46934922200006],[8.814612220000072,49.39685237300006],[8.950348720000022,49.454992884000035],[8.951832484000022,49.50562623500008],[9.11953,49.51221011700005],[9.073074327000029,49.57494100200006],[9.098930719000066,49.56055390700004],[9.103006167000046,49.57745601400006]]],[[[8.675960362000069,49.61595325500008],[8.685979754000073,49.618355087000054],[8.685867891000044,49.62166492700004],[8.680587351000042,49.62247105000006],[8.67798701700002,49.61982849100008],[8.675112579000029,49.621105028000045],[8.67186358400005,49.61587813600005],[8.675960362000069,49.61595325500008]],[[8.682067707000044,49.61890991300004],[8.680067486000041,49.61866510300007],[8.680116544000043,49.62028571500008],[8.68405272700005,49.620222967000075],[8.682067707000044,49.61890991300004]]]]}},{"type":"Feature","properties":{"countrySlug":"germany"},"geometry":{"type":"MultiPolygon","coordinates":[[[[11.427837023000052,53.94223070500004],[11.428396571000064,53.94339132600004],[11.423207731000048,53.94219047200005],[11.426799919000075,53.93796751800005],[11.427837023000052,53.94223070500004]]],[[[11.476962152000056,53.963978008000026],[11.474799957000073,53.96389986100007],[11.477147437000042,53.961632070000064],[11.476962152000056,53.963978008000026]]],[[[11.467246062000072,53.96378725000005],[11.47064583100007,53.96846709000005],[11.467271768000046,53.967561627000066],[11.465723507000064,53.96450870500007],[11.467246062000072,53.96378725000005]]],[[[13.958649183000034,53.940980180000054],[13.960766590000048,53.94204435300003],[13.959025320000023,53.94367253300004],[13.958649183000034,53.940980180000054]]],[[[11.473005883000042,54.02444752700006],[11.376623083000027,53.97870824000006],[11.43176843200007,53.961633455000026],[11.446154083000067,53.99732769900004],[11.455957342000033,53.95753345500003],[11.494150748000038,54.02170968200005],[11.473005883000042,54.02444752700006]]],[[[14.032775008000044,53.944137598000054],[14.033396113000038,53.94652103800007],[14.03112432200004,53.94483188800007],[14.032775008000044,53.944137598000054]]],[[[14.028817914000058,53.947382291000054],[14.027327940000077,53.95107912200007],[14.024216636000062,53.951509808000026],[14.028817914000058,53.947382291000054]]],[[[11.496341339000026,54.03131270600005],[11.486354181000024,54.025472197000056],[11.488039,54.02413480100006],[11.490879068000027,54.025481221000064],[11.494789052000044,54.024195286000065],[11.496226884000066,54.02914616700008],[11.499022085000036,54.02992237400008],[11.496341339000026,54.03131270600005]]],[[[11.515053795000028,54.03799558500003],[11.52300169800003,54.06848707200004],[11.51229992900005,54.03993521800004],[11.515053795000028,54.03799558500003]]],[[[13.931957917000034,54.024693564000074],[13.934209409000061,54.02758582700005],[13.931975524000052,54.03057942400005],[13.926332353000078,54.03030029700005],[13.917514176000054,54.02507048900003],[13.917627820000064,54.01927991500003],[13.925955810000062,54.01603996300008],[13.924392433000037,54.02324793500003],[13.931957917000034,54.024693564000074]]],[[[13.785243712000067,54.05294661500005],[13.78231517100005,54.059407589000045],[13.780285007000032,54.05578612900007],[13.785243712000067,54.05294661500005]]],[[[13.804403499000045,54.084405702000026],[13.801789037000049,54.08159842100008],[13.803894009000032,54.07907125400004],[13.803824634000023,54.08330491800007],[13.806411326000045,54.08420988000006],[13.804403499000045,54.084405702000026]]],[[[13.79755564900006,54.17402461000006],[13.749296749000052,54.15847457400008],[13.813839361000078,54.10782325900004],[13.769915621000052,54.019184120000034],[13.858941103000063,54.04811080700006],[13.861586553000052,53.99975171500006],[13.924067821000051,54.03580373300008],[13.911190422000061,54.06399433100006],[13.973258916000077,54.06399662900003],[14.047581112000046,53.99744244900006],[14.040180529000054,53.94072126400005],[13.98368182300004,53.96210030200007],[13.959602033000067,53.93399228800007],[13.965029899000058,53.989799815000026],[13.905954691000034,53.98954333700004],[13.937972831000025,53.90895263800007],[13.826150251000058,53.84968518200003],[14.213077509000072,53.86647963300004],[14.18531431100007,53.91410242400008],[14.226321978000044,53.92864344000003],[13.874714329000028,54.10028757600003],[13.804584626000064,54.17280518800004],[13.79755564900006,54.17402461000006]]],[[[13.812914917000057,54.17026303100005],[13.81226990600004,54.173368898000035],[13.806582860000049,54.17403031600003],[13.809294131000058,54.16994984100006],[13.812914917000057,54.17026303100005]]],[[[13.811228571000072,54.17796024800003],[13.804088404000026,54.17818530400007],[13.803328923000038,54.17688366400006],[13.81040519000004,54.17566724800008],[13.811228571000072,54.17796024800003]]],[[[13.774442466000039,54.20626076100007],[13.773554938000075,54.20854931700006],[13.768876807000026,54.20892111400008],[13.768949762000034,54.20082204700003],[13.77072729200006,54.20074034000004],[13.774442466000039,54.20626076100007]]],[[[13.92041047400005,54.251460922000035],[13.917557893000037,54.251203918000044],[13.91601444400004,54.24812686100006],[13.908618927000077,54.24414007300004],[13.910020075000034,54.242645131000074],[13.906990114000052,54.24022405000005],[13.913750224000069,54.24190492300005],[13.917369188000066,54.24522952700005],[13.926762009000072,54.24867061800006],[13.92041047400005,54.251460922000035]]],[[[12.529528993000042,54.34643440100007],[12.529585853000071,54.35009267400005],[12.526920293000046,54.35222689500006],[12.528019838000034,54.34622056200004],[12.529974547000052,54.345533670000066],[12.529528993000042,54.34643440100007]]],[[[12.53146846900006,54.35807085000005],[12.529220834000057,54.35872497400004],[12.527863697000043,54.35411283600007],[12.530961209000054,54.34992789800003],[12.529273978000049,54.35468421000007],[12.535520950000034,54.356009183000026],[12.53146846900006,54.35807085000005]]],[[[12.527914090000024,54.35777705600003],[12.527901316000055,54.36172238000006],[12.525126063000073,54.35938853200008],[12.527914090000024,54.35777705600003]]],[[[13.543897504000029,54.32304551400006],[13.54713124400007,54.326200768000035],[13.541576141000064,54.33047234500003],[13.54220134600007,54.33240686400006],[13.530309382000041,54.32646468400003],[13.530352927000024,54.32246923400004],[13.524042484000063,54.31660580100004],[13.521423499000036,54.31521842600006],[13.518528205000052,54.31626281800004],[13.519072223000023,54.31185113200007],[13.524755802000072,54.30940815500003],[13.524118506000036,54.31479696900004],[13.528117790000067,54.318457350000074],[13.537420964000034,54.32261351900007],[13.543897504000029,54.32304551400006]]],[[[12.52643772600004,54.36269087800008],[12.52817359200003,54.366702789000044],[12.524947755000028,54.365364200000045],[12.52643772600004,54.36269087800008]]],[[[12.528543537000076,54.36850288100004],[12.522948600000063,54.368093868000074],[12.526974928000072,54.36717360800003],[12.528543537000076,54.36850288100004]]],[[[12.522080307000067,54.37212388700004],[12.522531388000061,54.37392267900003],[12.518584844000031,54.37222750300003],[12.520694992000074,54.37036385200008],[12.524071651000042,54.37033337500003],[12.522080307000067,54.37212388700004]]],[[[12.584531152000068,54.375337829000046],[12.584889935000035,54.380712075000076],[12.580441213000029,54.37710558800006],[12.584531152000068,54.375337829000046]]],[[[12.665607821000037,54.406818599000076],[12.65865743300003,54.40827435500006],[12.65632322600004,54.40657480100003],[12.661951498000064,54.40670649500004],[12.662395367000045,54.40484528500008],[12.665607821000037,54.406818599000076]]],[[[12.736578423000026,54.41234727900007],[12.724436019000052,54.41242209600006],[12.718130044000077,54.405268497000066],[12.729774999000028,54.404902856000035],[12.736215002000051,54.40801086400006],[12.736578423000026,54.41234727900007]]],[[[13.211107821000041,54.39696703900006],[13.217181631000074,54.39770394300007],[13.220257594000032,54.40053776900004],[13.219345462000035,54.40220167700005],[13.214201643000024,54.402563807000035],[13.209216093000066,54.401095430000055],[13.207394634000025,54.397663485000066],[13.211107821000041,54.39696703900006]]],[[[12.67114366800007,54.41619666500003],[12.670447739000053,54.42096139800003],[12.668610393000051,54.41847407000006],[12.67114366800007,54.41619666500003]]],[[[12.643748725000023,54.41972388800008],[12.638030613000069,54.42354234600003],[12.635358722000035,54.42209910200006],[12.637304885000049,54.41609817700004],[12.640185969000072,54.41937094700006],[12.642332046000035,54.41785972900004],[12.640791463000028,54.41682462700004],[12.645030383000062,54.415581014000054],[12.643748725000023,54.41972388800008]]],[[[12.725525782000034,54.42716916300003],[12.723620915000026,54.42964578200008],[12.723097336000023,54.42786766900008],[12.725525782000034,54.42716916300003]]],[[[12.695731841000054,54.431032721000065],[12.730906878000042,54.416364970000075],[12.700700288000064,54.43039390300004],[12.695731841000054,54.431032721000065]]],[[[12.929293206000068,54.42728750400005],[12.929686820000029,54.43015429700006],[12.923224697000023,54.43303882100008],[12.929293206000068,54.42728750400005]]],[[[13.123067324000033,54.42751612600006],[13.123002705000033,54.42885799800007],[13.116617763000022,54.43084460500006],[13.117881802000056,54.42671122300004],[13.125346077000074,54.42718346800007],[13.123067324000033,54.42751612600006]]],[[[12.970146868000029,54.43642168700006],[12.971534230000032,54.44047778000004],[12.96778918700005,54.43846849400006],[12.970146868000029,54.43642168700006]]],[[[12.948349934000078,54.442656072000034],[12.923932429000047,54.434793279000075],[12.960196999000061,54.44099258000006],[12.948349934000078,54.442656072000034]]],[[[12.981733956000028,54.442196109000065],[12.973554356000022,54.441356496000026],[12.981968408000057,54.43750144900008],[12.984201126000073,54.44058965100004],[12.981733956000028,54.442196109000065]]],[[[12.988483091000035,54.44372793700006],[12.989248480000072,54.44511028900007],[12.986984440000072,54.444042696000054],[12.988483091000035,54.44372793700006]]],[[[13.050677148000034,54.46023989100007],[12.972371983000073,54.43744399500008],[13.050813926000046,54.45722867600006],[13.050677148000034,54.46023989100007]]],[[[13.209728694000034,54.46353929700007],[13.203207594000048,54.46368151900003],[13.199219675000052,54.46170417700006],[13.19866521800003,54.457295962000046],[13.200631655000052,54.45715028200004],[13.200227098000028,54.459507114000075],[13.203125811000064,54.46160903200007],[13.209728694000034,54.46353929700007]]],[[[13.211499781000043,54.465296902000034],[13.209070696000026,54.46438219200007],[13.210347675000037,54.46364110700006],[13.211499781000043,54.465296902000034]]],[[[13.207316260000027,54.465373543000055],[13.206325504000063,54.466673341000046],[13.203811457000029,54.46587270400005],[13.207316260000027,54.465373543000055]]],[[[13.224781840000048,54.469666258000075],[13.218810457000075,54.466969565000056],[13.213227299000039,54.467059035000034],[13.213723127000037,54.464483924000035],[13.22282470600004,54.46500956400007],[13.226970968000046,54.469680391000054],[13.224781840000048,54.469666258000075]]],[[[13.080708558000026,54.47451809300003],[13.082809620000035,54.47687552000008],[13.079930234000074,54.47571706600007],[13.080708558000026,54.47451809300003]]],[[[13.183614944000055,54.49396426200008],[13.120411481000076,54.44435430600004],[13.225492598000073,54.47067782800008],[13.197582725000075,54.491698676000055],[13.183614944000055,54.49396426200008]]],[[[13.160097846000042,54.51285382300006],[13.156748962000052,54.51237542900003],[13.155170991000034,54.50665559600003],[13.164879447000033,54.50212107200008],[13.163065733000053,54.503846630000055],[13.168844525000054,54.50520865300007],[13.169002980000073,54.506628326000055],[13.166013336000049,54.51134676000004],[13.160097846000042,54.51285382300006]]],[[[13.301308145000064,54.540624957000034],[13.298631158000035,54.53909864900004],[13.302844395000022,54.53754504900007],[13.301308145000064,54.540624957000034]]],[[[13.124703425000064,54.54358603600008],[13.125593125000023,54.54639083200004],[13.122935626000071,54.54984673600006],[13.116957671000023,54.54685862000008],[13.118569020000052,54.53893293500005],[13.12108775400003,54.54311564900007],[13.124703425000064,54.54358603600008]]],[[[13.13700078000005,54.60475617000003],[13.097973357000058,54.59062082400004],[13.064966655000035,54.45773218200003],[13.146787184000061,54.603354280000076],[13.13700078000005,54.60475617000003]]],[[[14.412381009000057,53.32959336200008],[14.302557318000026,53.55340466200005],[14.270424931000036,53.78994875800004],[13.822463700000071,53.847704555000064],[13.914106243000049,53.92185745900008],[13.743604332000075,54.02871742900004],[13.808750797000073,54.10045250600007],[13.70625838500007,54.17118193200008],[13.48598828300004,54.12277805200006],[13.489404454000066,54.08384578400006],[13.406736829000067,54.14703561300007],[13.41928378800003,54.17283972900003],[13.316391961000022,54.16012549900006],[13.37128361300006,54.18176564100003],[13.29122909800003,54.23403459800005],[13.142765861000044,54.25365470300005],[13.178427337000073,54.26927398000004],[13.132873048000022,54.279414934000044],[13.13893506200003,54.31929075600004],[13.185501312000042,54.30001904400007],[13.141667486000074,54.28092434600006],[13.192975340000032,54.29709023300006],[13.268173002000026,54.253729726000074],[13.336708766000072,54.27856150700006],[13.290848629000038,54.25128307500006],[13.393587180000054,54.22097130900005],[13.417371901000024,54.25582429800005],[13.35082142300007,54.26983544400008],[13.454625574000033,54.33609271900008],[13.575317964000021,54.352998350000064],[13.682148615000074,54.349891967000076],[13.609803577000037,54.31660384400004],[13.703623142000026,54.32630329300008],[13.645403995000038,54.29756069000007],[13.724230548000037,54.27385546600004],[13.76690940800006,54.341834489000064],[13.613370272000054,54.403373481000074],[13.570090090000065,54.459868535000055],[13.679808603000026,54.56248552100004],[13.418736462000027,54.580867245000036],[13.377238394000074,54.63555880800004],[13.429096602000072,54.68488300900003],[13.250612882000041,54.66045915400008],[13.160936900000024,54.559083361000035],[13.282402626000021,54.64570451900005],[13.245451285000058,54.557832649000034],[13.368071412000063,54.61469746100005],[13.446130972000049,54.55160125900005],[13.511133452000024,54.566114027000026],[13.503314556000078,54.47933388700005],[13.557416425000042,54.44004500300008],[13.534732543000075,54.416515410000045],[13.476252417000069,54.424579],[13.514034759000026,54.44319161000004],[13.470800934000067,54.454042764000064],[13.500801200000069,54.48228979500004],[13.412582536000059,54.49376865500005],[13.376176824000026,54.55983699900003],[13.387669796000068,54.53125660100005],[13.344493904000046,54.521397602000036],[13.355024411000045,54.58103198100008],[13.297227363000047,54.552434454000036],[13.30490476400007,54.51411689500003],[13.243706167000028,54.55556790500003],[13.144180806000065,54.54696566600006],[13.270112699000038,54.47988865600007],[13.149423427000045,54.42813434000004],[13.211861745000022,54.42994407600003],[13.260337439000068,54.380453844000044],[13.129931726000052,54.37209273800005],[13.12910357900006,54.32114076600004],[13.015778022000063,54.43939322600005],[12.80966360900004,54.34360109200003],[12.786491815000034,54.39644471000008],[12.755854630000044,54.370560272000034],[12.700087770000039,54.39848329500006],[12.688406841000074,54.36813466000007],[12.714610037000057,54.403968501000065],[12.66852523700004,54.40813344700007],[12.429371230000072,54.293561209000075],[12.436138350000022,54.37908880600003],[12.592285114000049,54.383636902000035],[12.577890986000057,54.404328984000074],[12.693160015000046,54.43225405900006],[12.926951676000044,54.42796397400008],[12.560918153000046,54.45472725900004],[12.522122122000042,54.486566151000034],[12.340871765000031,54.30054807300007],[12.100993421000055,54.16928820800007],[11.682936883000025,54.153271182000026],[11.552519675000042,54.09268650300004],[11.531759690000058,54.04918266300007],[11.626244382000039,54.09015710800003],[11.51852742400007,54.03028601800003],[11.460437385000034,53.89549207200008],[11.334459459000072,53.95897482100003],[11.253911321000032,53.937149085000044],[11.259721807000062,53.98353747500005],[11.179984661000049,54.015166313000066],[10.903661739000029,53.95682190400004],[10.895097608000071,53.924548179000055],[10.967064611000069,53.90720486500004],[10.882571899000027,53.92449744800007],[10.747850837000044,53.83336433200003],[10.758032962000073,53.74751747100004],[10.941766725000036,53.684542330000056],[10.923795348000056,53.58418603200005],[10.823260709000067,53.57518053600006],[10.824333999000032,53.513741234000065],[10.632308138000042,53.45480292900004],[10.593672881000032,53.36785603800007],[10.700692790000062,53.370022808000044],[10.835805651000044,53.30496954600005],[10.91936134100007,53.34841964600008],[10.98800062500004,53.33342650900005],[11.080144558000029,53.22052073300006],[11.194111225000029,53.18118602900006],[11.184573730000068,53.13642115600004],[11.393767787000058,53.11030257200008],[11.39562750500005,53.14000024000006],[11.548510908000026,53.13082253400006],[11.551586451000048,53.20840728500008],[11.629237266000075,53.24222453700003],[11.729329797000048,53.21715177500005],[11.95424878700004,53.273809035000056],[12.02363949200003,53.30414308600007],[12.045284959000071,53.37098764500007],[12.229435329000069,53.358160532000056],[12.445312164000029,53.24992826400006],[12.660557174000076,53.254409578000036],[12.757410986000025,53.224352804000034],[12.764381357000048,53.18893054700004],[12.964244872000052,53.200391513000056],[12.941998415000057,53.17431547000007],[13.006203606000042,53.167284675000076],[13.152220904000046,53.25111397900008],[13.229391856000063,53.21658689600008],[13.297801779000054,53.28089250200003],[13.405174674000023,53.24641823500008],[13.43820812100006,53.29973323400003],[13.523531386000059,53.32008458400003],[13.550112204000072,53.399081272000046],[13.71539978100003,53.482260877000044],[13.812079406000066,53.483943984000064],[13.777657389000069,53.51370533800008],[13.791347175000055,53.558577928000034],[13.879268139000033,53.504139956000074],[13.916373270000065,53.42226627100007],[14.237712313000031,53.42734197800007],[14.223406622000027,53.358563229000026],[14.098817346000033,53.26167191500008],[14.266048356000056,53.25959485200008],[14.39536669000006,53.328883346000055],[14.412381009000057,53.32959336200008]]]]}},{"type":"Feature","properties":{"countrySlug":"germany"},"geometry":{"type":"MultiPolygon","coordinates":[[[[6.865011210000034,53.59110167800003],[6.865180142000042,53.59279664400003],[6.862536194000029,53.59167407100006],[6.863570872000025,53.588863538000055],[6.868922264000048,53.59189273800007],[6.865011210000034,53.59110167800003]]],[[[6.790435206000041,53.61090907300007],[6.639255128000059,53.59337343100003],[6.74738521300003,53.55739919200005],[6.717594664000046,53.58352082300007],[6.812290860000076,53.604521024000064],[6.790435206000041,53.61090907300007]]],[[[6.900066025000058,53.64781784100006],[6.865525644000058,53.63926221300005],[6.910214479000047,53.643757246000064],[6.900066025000058,53.64781784100006]]],[[[7.075789472000054,53.68702165700006],[6.853592539000033,53.66331717500003],[7.098704933000022,53.683868035000046],[7.075789472000054,53.68702165700006]]],[[[7.346950825000022,53.72416648800004],[7.137296138000067,53.70697553800005],[7.347221740000066,53.71665978500005],[7.346950825000022,53.72416648800004]]],[[[7.430013872000075,53.72417952400008],[7.359472285000038,53.72690739700005],[7.429936956000063,53.721281231000034],[7.430013872000075,53.72417952400008]]],[[[7.574251209000067,53.759217695000075],[7.460545220000029,53.72480064800004],[7.623216773000024,53.75773621600007],[7.574251209000067,53.759217695000075]]],[[[7.726599277000048,53.78184416600004],[7.665430907000029,53.760026141000026],[7.813396161000071,53.78151554300007],[7.726599277000048,53.78184416600004]]],[[[7.885377132000031,53.79455315600006],[7.846417509000048,53.78797509700007],[7.977601277000076,53.77657526000007],[7.904464219000033,53.79398677200004],[7.885377132000031,53.79455315600006]]],[[[11.265731921000054,53.12197789600003],[11.184573730000068,53.13642115600004],[11.194111225000029,53.18118602900006],[11.090079358000025,53.21425727400003],[10.98800062500004,53.33342650900005],[10.928245165000021,53.34811826400005],[10.835805651000044,53.30496954600005],[10.700692790000062,53.370022808000044],[10.576908652000043,53.35990898300008],[10.364989035000065,53.42627524100004],[10.175688643000058,53.39658250000008],[10.051810704000047,53.46391894000004],[9.98443287200007,53.41541377900006],[9.906566145000056,53.415790911000045],[9.899237224000046,53.45759656400003],[9.862387477000027,53.429876593000074],[9.763793944000042,53.50810650500006],[9.774388785000042,53.55432306000006],[9.550629934000028,53.61601357400008],[9.502180848000023,53.69680511300004],[9.289727751000044,53.86335074300007],[8.824783725000032,53.831115587000056],[8.669284524000034,53.89166608000005],[8.56606034400005,53.84595761300005],[8.483350548000033,53.69478407200006],[8.520410363000053,53.606204880000064],[8.65063238700003,53.60256522100008],[8.616802851000045,53.57437003800004],[8.650555157000042,53.51078166600007],[8.492651892000026,53.472419761000026],[8.550145964000023,53.53801829400004],[8.291095860000041,53.612920718000055],[8.226915998000038,53.520083713000076],[8.309414834000052,53.52282044700007],[8.314562544000069,53.456512916000065],[8.250797254000076,53.398551257000065],[8.075558916000034,53.46256986600008],[8.06234064900002,53.50566758900004],[8.17097482500003,53.54047017600004],[8.148863794000022,53.60183230700005],[8.04469408400007,53.641408461000026],[8.00872870400002,53.712134924000054],[7.342866804000039,53.685506289000045],[7.156217075000029,53.63017230400004],[7.087254228000063,53.57109162900008],[7.129998988000068,53.53235998200006],[7.034145451000029,53.54567023100003],[6.997958942000025,53.37136721600007],[7.028705462000062,53.33633698500006],[7.265760916000033,53.32719714900003],[7.191115728000057,53.317601567000054],[7.227095145000021,53.18048924500005],[7.178938346000052,53.138142584000036],[7.217281327000023,53.00698383500003],[7.087323856000069,52.84992858800007],[7.055577137000057,52.64336989100008],[6.752644481000061,52.64813256000008],[6.710086444000069,52.62731869800007],[6.766621548000046,52.56151258300008],[6.680868310000051,52.553336399000045],[6.697720003000029,52.48634521400004],[6.753103465000038,52.46379697400005],[6.941683815000033,52.43548963300003],[6.99180270200003,52.467452568000056],[7.072191568000051,52.37341243900005],[7.026305100000059,52.287444125000036],[7.065868436000073,52.241258981000044],[7.297889793000024,52.26397512500006],[7.582104209000022,52.37640390400003],[7.602719468000032,52.421030693000034],[7.564310993000049,52.432312214000035],[7.604230451000035,52.47509025800008],[7.688382443000023,52.45367265600004],[7.713825102000044,52.40100238000008],[7.936669994000056,52.36497725800007],[7.99060804800007,52.30953959200008],[7.931790149000051,52.30184607400008],[7.956465027000036,52.27249058000007],[7.902993338000044,52.198869288000026],[8.02518863900002,52.163509515000044],[8.007796129000042,52.11533314600007],[7.885163361000025,52.08353476100007],[7.981101713000044,52.035510017000036],[8.192494537000073,52.07261933800004],[8.266731884000023,52.13228120400004],[8.404937059000076,52.11148888900004],[8.51743732400007,52.18495045100008],[8.44239179400006,52.213306817000046],[8.47214914400007,52.31536409600005],[8.442614889000026,52.35900989100003],[8.314038742000037,52.405728245000034],[8.297213681000073,52.456497908000074],[8.418134680000037,52.44442150400005],[8.50884853100007,52.51469337700007],[8.652550124000072,52.531443429000035],[8.702061806000074,52.50347337900007],[8.707486373000052,52.395351266000034],[8.855101141000034,52.38923412500003],[9.09942042800003,52.49747790200007],[9.136708747000057,52.475545630000056],[9.094530001000066,52.44282393700007],[9.121595840000055,52.40166231900008],[8.963536743000077,52.27902697600007],[9.076449076000074,52.23257834100008],[9.035759915000028,52.22452507300005],[9.04534921000004,52.18377344800007],[8.985833623000076,52.19459859500006],[9.011015900000075,52.13577000600003],[9.153344073000028,52.129146680000076],[9.132977916000073,52.09662945400004],[9.193280775000062,52.070311341000036],[9.176231466000047,51.98035269400003],[9.274375359000032,51.97360359800007],[9.272069028000033,51.93230420900005],[9.340841883000053,51.90800232500004],[9.323343736000027,51.855060964000074],[9.45964873500003,51.86279742900007],[9.448156882000035,51.79479941100004],[9.375365201000022,51.74361401800007],[9.401664935000042,51.70165616400004],[9.374661799000023,51.64984558400005],[9.625999284000045,51.63691397000008],[9.679808991000073,51.58796119900006],[9.626830884000071,51.58197606400006],[9.647755440000026,51.552510968000036],[9.586259150000046,51.51931892500005],[9.643813808000061,51.469160043000045],[9.643581790000042,51.418260728000064],[9.548441127000046,51.35895530100004],[9.73230439300005,51.29523190100008],[9.772456280000029,51.33629096700008],[9.738247707000028,51.31942876900007],[9.702143787000068,51.364571795000074],[9.794136665000053,51.40715964700007],[9.86527591500004,51.371612732000074],[9.850743074000036,51.41441364700006],[9.906021117000023,51.42113874900008],[9.928338772000075,51.37529875400003],[10.046802958000058,51.43667335500004],[10.152939908000064,51.43025975900008],[10.201975121000032,51.48651977000003],[10.342275478000033,51.51949714700004],[10.370023394000043,51.58753647800006],[10.66074487700007,51.560752354000044],[10.638209992000043,51.61943703600008],[10.701371992000077,51.642187644000046],[10.574202936000063,51.81086567300008],[10.649322126000072,51.889104935000034],[10.613260484000023,51.93946787400006],[10.651303746000053,51.957561078000026],[10.561226988000044,52.00406594000003],[10.687385237000058,52.04813820700008],[10.96441459700003,52.05664316000008],[10.942159787000037,52.103090284000075],[11.04413517200004,52.13366550400008],[11.060336962000065,52.17238740800008],[11.013646589000075,52.199556191000056],[11.086244119000071,52.228633838000064],[10.983673924000072,52.34168646200004],[11.074479825000026,52.37440326600006],[10.933745728000076,52.46095212700004],[11.008781744000032,52.49674764500003],[10.937575735000053,52.56739965300005],[10.976967998000077,52.62414161800007],[10.921411939000052,52.61043708200003],[10.796696774000054,52.71432635700006],[10.76469723300005,52.84047926900007],[10.93963351900004,52.85333551100007],[11.00207578800007,52.911476649000065],[11.314250103000063,52.87823631900005],[11.505026760000021,52.94103266800005],[11.512490564000075,53.00744492700005],[11.597784507000028,53.03592637000003],[11.448379406000072,53.07838158200008],[11.338867152000034,53.05509894100004],[11.268410889000052,53.11705280400008],[11.265731921000054,53.12197789600003]],[[8.616397737000057,53.197026040000026],[8.615217568000048,53.195910920000074],[8.611903031000054,53.19744233700004],[8.613037882000071,53.19856578200006],[8.616397737000057,53.197026040000026]],[[8.504608167000072,53.22891929800005],[8.864023195000073,53.13172351600008],[8.945082912000032,53.15201299200004],[8.984185253000021,53.12607093100007],[8.947017837000033,53.116100810000034],[8.990913202000058,53.09667276300007],[8.961377207000055,53.08521811400004],[8.98026713400003,53.04674705800005],[8.91582704800004,53.011021380000045],[8.731491654000024,53.03493253400006],[8.619465302000037,53.16752076000006],[8.481735119000064,53.22644954400005],[8.504608167000072,53.22891929800005]],[[8.647233393000022,53.61002843700004],[8.653535034000072,53.61005081900004],[8.654105167000068,53.60836057600005],[8.660884274000068,53.60708643700008],[8.657717088000027,53.602985613000044],[8.643769177000024,53.605473388000064],[8.645062093000035,53.608126336000055],[8.642627983000068,53.60921330800005],[8.647233393000022,53.61002843700004]]]]}},{"type":"Feature","properties":{"countrySlug":"germany"},"geometry":{"type":"MultiPolygon","coordinates":[[[[6.205108756000072,50.52196938800006],[6.203667198000062,50.524753616000055],[6.198005219000038,50.52653684300003],[6.195291313000041,50.53098147400004],[6.192143637000072,50.530895731000044],[6.187262266000062,50.52708987500006],[6.192200701000047,50.52105561800005],[6.20532859900004,50.520974264000074],[6.205108756000072,50.52196938800006]]],[[[9.440456998000059,51.650394024000036],[9.374661799000023,51.64984558400005],[9.401664935000042,51.70165616400004],[9.375365201000022,51.74361401800007],[9.448156882000035,51.79479941100004],[9.45964873500003,51.86279742900007],[9.323343736000027,51.855060964000074],[9.340841883000053,51.90800232500004],[9.272069028000033,51.93230420900005],[9.274375359000032,51.97360359800007],[9.176231466000047,51.98035269400003],[9.193280775000062,52.070311341000036],[9.132977916000073,52.09662945400004],[9.153344073000028,52.129146680000076],[9.017792062000069,52.132426673000055],[8.985833623000076,52.19459859500006],[9.04534921000004,52.18377344800007],[9.035759915000028,52.22452507300005],[9.076449076000074,52.23257834100008],[8.963536743000077,52.27902697600007],[9.098799448000022,52.372947658000044],[9.13197374300006,52.48398266500004],[9.05229369500006,52.50011380500007],[8.937104972000043,52.40190619900005],[8.855101141000034,52.38923412500003],[8.707486373000052,52.395351266000034],[8.702061806000074,52.50347337900007],[8.652550124000072,52.531443429000035],[8.50884853100007,52.51469337700007],[8.418134680000037,52.44442150400005],[8.303432823000037,52.45900479900007],[8.314038742000037,52.405728245000034],[8.442614889000026,52.35900989100003],[8.47214914400007,52.31536409600005],[8.44239179400006,52.213306817000046],[8.51743732400007,52.18495045100008],[8.404937059000076,52.11148888900004],[8.266731884000023,52.13228120400004],[8.192494537000073,52.07261933800004],[7.981101713000044,52.035510017000036],[7.885163361000025,52.08353476100007],[8.007796129000042,52.11533314600007],[8.016978013000028,52.172050701000046],[7.899840167000036,52.20682861200004],[7.956465027000036,52.27249058000007],[7.931790149000051,52.30184607400008],[7.99060804800007,52.30953959200008],[7.936669994000056,52.36497725800007],[7.713825102000044,52.40100238000008],[7.688382443000023,52.45367265600004],[7.604230451000035,52.47509025800008],[7.564310993000049,52.432312214000035],[7.602719468000032,52.421030693000034],[7.582104209000022,52.37640390400003],[7.297889793000024,52.26397512500006],[6.985109800000032,52.22528623300008],[6.855393157000037,52.12043428800007],[6.760630183000046,52.118723017000036],[6.687725947000047,52.039899167000044],[6.832877162000045,51.97184182600006],[6.732607205000022,51.89870714300008],[6.684230647000049,51.91761756300008],[6.472575542000072,51.853808455000035],[6.390815829000076,51.87393384500007],[6.401752482000063,51.827292286000045],[6.118046671000059,51.901669637000055],[6.16640764300007,51.84083471900004],[6.063382485000034,51.86544393500003],[5.945029570000031,51.82365634400003],[5.990531851000071,51.78318768200006],[5.955123398000069,51.73806526200008],[6.118240238000055,51.65608621900003],[6.091235346000076,51.60590931100006],[6.212084664000031,51.51337840700006],[6.226129918000026,51.36051764700005],[6.072656925000047,51.24258730400004],[6.082306252000024,51.171638425000026],[6.165018325000062,51.19436064300004],[6.138811263000036,51.173333125000056],[6.175415267000062,51.15847977400006],[5.957887701000061,51.034709984000074],[5.913170487000059,51.06673113700003],[5.867096631000038,51.04667907900006],[5.897198106000076,50.974845396000035],[6.026435005000053,50.98327404500003],[6.018160184000067,50.93443677100004],[6.093924752000021,50.92132546500005],[6.073980156000061,50.84678026000006],[5.97486142300005,50.797972953000055],[6.027798682000025,50.77373360100006],[6.039029649000042,50.71837811200004],[6.115293948000044,50.722114023000074],[6.187662378000027,50.641110111000046],[6.266895404000024,50.64152787300003],[6.19699543400003,50.531031951000045],[6.226631720000057,50.494368663000046],[6.351259021000033,50.488267792000045],[6.377623397000036,50.43938897400005],[6.342218728000034,50.38000552700004],[6.405028255000047,50.32330869300006],[6.38500583900003,50.38418665900008],[6.413042934000032,50.38948596200004],[6.451615287000038,50.33642410300007],[6.603085713000041,50.38822220600008],[6.699244644000032,50.336097402000064],[6.800711449000062,50.36178133700008],[6.744603261000066,50.47263046000006],[6.800937205000025,50.49131916700003],[6.858573833000037,50.45326582300004],[6.901481603000036,50.46909197900004],[6.882098443000075,50.526949442000046],[6.930971323000051,50.560452256000076],[7.147851587000048,50.60029328200005],[7.203786635000029,50.64966041100007],[7.212399645000062,50.62340492100003],[7.333480804000033,50.638396070000056],[7.374010755000029,50.71821864300006],[7.655450742000028,50.76786954500005],[7.661003633000064,50.820364305000055],[7.76218749700007,50.845134408000035],[7.735459232000039,50.91776539300008],[7.792810759000076,50.942335093000054],[7.851495862000036,50.925832410000055],[7.829263584000046,50.88238662200007],[7.978313123000021,50.83331176400003],[7.964248181000073,50.783822490000034],[8.039689942000052,50.69737534700005],[8.125776743000074,50.68581405100008],[8.166828990000056,50.73571067900008],[8.12551194100007,50.78835590800003],[8.269666509000047,50.88187564800006],[8.358600176000039,50.86069003400007],[8.456441092000034,50.91653052300006],[8.459665449000056,50.966650249000054],[8.538782178000076,51.01944843100006],[8.508022760000074,51.085387515000036],[8.719655316000058,51.11032615500005],[8.692161804000023,51.132834142000036],[8.768194376000054,51.20887368400008],[8.721997745000067,51.27374380600003],[8.609212360000072,51.24668844100006],[8.556347796000068,51.27749475200005],[8.621098213000039,51.33652789700005],[8.693811209000046,51.37678475300004],[8.93950200300003,51.38949902300004],[8.948108682000054,51.42821888800006],[8.890376608000054,51.481928278000055],[9.01764946000003,51.51823896600007],[9.092328869000028,51.49438795300006],[9.094329852000044,51.44459823100004],[9.216465954000057,51.45959399900005],[9.373522628000046,51.59101373400006],[9.337098312000023,51.61470157000008],[9.437007602000051,51.64821274600007],[9.440456998000059,51.650394024000036]]],[[[6.237931246000073,50.57785408800004],[6.178032319000067,50.541606701000035],[6.234184141000071,50.56650357600006],[6.237931246000073,50.57785408800004]]],[[[6.251808800000049,50.62695032000005],[6.166590343000053,50.643687285000055],[6.235461083000075,50.62592613800007],[6.251808800000049,50.62695032000005]]],[[[6.192613883000035,50.662582927000074],[6.166980126000055,50.661020551000036],[6.194424405000063,50.65752487800006],[6.192613883000035,50.662582927000074]]]]}},{"type":"Feature","properties":{"countrySlug":"germany"},"geometry":{"type":"Polygon","coordinates":[[[8.422439263000058,49.583385415000066],[8.357266999000046,49.69214161200006],[8.479186194000022,49.76421191700007],[8.416297386000053,49.77386768700006],[8.340963698000053,49.95107573800004],[8.272350266000046,50.01029608300007],[8.180949141000042,50.035205982000036],[7.887255214000049,49.97184287300007],[7.772490637000033,50.05846875600008],[7.85401610200006,50.12832878800003],[7.930097218000071,50.103740112000025],[7.932942308000065,50.143884316000026],[7.884014221000029,50.169568592000076],[7.911141963000034,50.20373042700004],[7.990203927000039,50.23866512800004],[8.03544434500003,50.215661975000046],[8.035891845000037,50.27119223300008],[8.121913617000075,50.27722503200005],[8.059756762000063,50.37531153200007],[7.964191682000035,50.412225232000026],[8.010766001000036,50.452692427000045],[7.99285764800004,50.52211155600003],[8.041611266000075,50.55699325300003],[8.117738251000048,50.53450892800004],[8.152160899000023,50.59367498300003],[8.125776743000074,50.68581405100008],[8.039689942000052,50.69737534700005],[7.964248181000073,50.783822490000034],[7.978313123000021,50.83331176400003],[7.829263584000046,50.88238662200007],[7.851495862000036,50.925832410000055],[7.813265981000029,50.94002724600006],[7.735459232000039,50.91776539300008],[7.76218749700007,50.845134408000035],[7.661003633000064,50.820364305000055],[7.655450742000028,50.76786954500005],[7.374010755000029,50.71821864300006],[7.333480804000033,50.638396070000056],[7.212399645000062,50.62340492100003],[7.203786635000029,50.64966041100007],[7.147851587000048,50.60029328200005],[6.930971323000051,50.560452256000076],[6.882098443000075,50.526949442000046],[6.901481603000036,50.46909197900004],[6.858573833000037,50.45326582300004],[6.800937205000025,50.49131916700003],[6.744603261000066,50.47263046000006],[6.795592455000076,50.35954428400004],[6.636206238000057,50.34537215200004],[6.603085713000041,50.38822220600008],[6.451615287000038,50.33642410300007],[6.448561199000039,50.37133836100003],[6.38500583900003,50.38418665900008],[6.425294811000072,50.32301195400004],[6.306466408000063,50.320144877000075],[6.27794272400007,50.266430728000046],[6.17568740300004,50.23541597900004],[6.192752035000069,50.18187401000006],[6.132532511000022,50.15554307000008],[6.112354826000058,50.060508553000034],[6.233642734000057,49.900376410000035],[6.328294695000068,49.83606556700005],[6.529314321000072,49.80938685500007],[6.517162918000054,49.72359518700006],[6.428219855000066,49.666872941000065],[6.357852034000075,49.57382073800005],[6.380052620000072,49.55110477200003],[6.604679366000028,49.51725918000005],[7.02798012300002,49.639438288000065],[7.213352545000021,49.565845814000056],[7.268704012000057,49.584083425000074],[7.304825739000023,49.47244594400007],[7.250246332000074,49.43517793500007],[7.403773228000034,49.346115370000064],[7.371695485000032,49.28091265100005],[7.289132351000035,49.237821137000026],[7.295756776000076,49.20534679000008],[7.36266786300007,49.15838864700004],[7.49398431000003,49.16936408500004],[7.52867776100004,49.09709186600003],[7.631201346000068,49.05488570700004],[7.932791982000026,49.05805758400004],[8.139902376000066,48.97845033200008],[8.27734896100003,48.98993894000006],[8.358091294000076,49.09778419500003],[8.390815976000056,49.23609487400006],[8.489068840000073,49.29312437200008],[8.450484521000021,49.32314148200004],[8.508242487000075,49.43449342100007],[8.442690860000027,49.45023919100004],[8.423488769000073,49.57611490200003],[8.422439263000058,49.583385415000066]]]}},{"type":"Feature","properties":{"countrySlug":"germany"},"geometry":{"type":"Polygon","coordinates":[[[6.380052620000072,49.55110477200003],[6.367083526000044,49.46951204900006],[6.550815843000066,49.42537952500004],[6.60215886800006,49.36710876300003],[6.565663992000054,49.347651703000054],[6.670166015000063,49.28025366600008],[6.738600536000035,49.16367513200004],[6.834056611000051,49.15108044600004],[6.86176751000005,49.178839322000044],[6.837990974000036,49.21349476000006],[6.925060579000046,49.22334642100003],[7.035012738000034,49.191416090000075],[7.055031189000033,49.11209007600007],[7.099103773000024,49.15560947200004],[7.198041277000073,49.11516664100003],[7.362726495000061,49.143148342000075],[7.289132351000035,49.237821137000026],[7.385427185000026,49.29412396600003],[7.402075305000039,49.36771865500003],[7.289341252000042,49.388814350000075],[7.250246332000074,49.43517793500007],[7.304825739000023,49.47244594400007],[7.268704012000057,49.584083425000074],[7.213352545000021,49.565845814000056],[7.02798012300002,49.639438288000065],[6.604679366000028,49.51725918000005],[6.393914489000053,49.54744749500003],[6.380052620000072,49.55110477200003]]]}},{"type":"Feature","properties":{"countrySlug":"germany"},"geometry":{"type":"Polygon","coordinates":[[[12.100900370000033,50.31802824400006],[12.18445310800007,50.32232471800006],[12.293877805000022,50.22127014500006],[12.289803627000026,50.176930078000055],[12.334553827000036,50.17174892300005],[12.331084489000034,50.242714051000064],[12.512047935000055,50.39725817000004],[12.70705670600006,50.397317463000036],[12.819380928000044,50.459795317000044],[12.947972824000033,50.40427966100003],[13.019865411000069,50.446732352000026],[13.031745820000026,50.50973180500006],[13.195270343000061,50.50326287100006],[13.248438251000039,50.592053332000035],[13.323678120000068,50.58164863500008],[13.370982952000077,50.65054589700003],[13.464767585000061,50.60189259600003],[13.524193077000064,50.63926466400005],[13.526820354000051,50.705016776000036],[13.855192645000045,50.72710970500003],[13.898190316000068,50.74448565400007],[13.901054929000054,50.79342943100005],[14.387635007000029,50.89908797600003],[14.396728063000069,50.93649067300004],[14.258647344000053,50.98753751500004],[14.30185834100007,51.05504617100007],[14.408442123000043,51.01877158900004],[14.508211954000046,51.04315459700007],[14.599177544000042,50.98711100200006],[14.56481075000005,50.91835296100004],[14.650215415000048,50.931534568000075],[14.61886845500004,50.85771029800003],[14.796865191000052,50.821146998000074],[14.979275101000042,51.07707997500006],[15.041789402000063,51.274035225000034],[14.965243452000038,51.36108329700005],[14.952464783000039,51.46843315600006],[14.735763418000033,51.525956155000074],[14.707558532000064,51.597308326000075],[14.674012757000071,51.55064535400004],[14.569635102000063,51.58119047800005],[14.332350139000027,51.50501826300007],[14.139565193000067,51.543986379000046],[14.087258361000067,51.47739668300005],[14.033005724000077,51.47510218900004],[14.06283710200006,51.445505756000045],[14.000697255000034,51.372595974000035],[13.956223629000021,51.39707171300006],[13.763252568000041,51.35902035100003],[13.542628170000057,51.36931550600008],[13.401050430000055,51.45417172500004],[13.26854325000005,51.384793245000026],[13.217308924000065,51.39505564900003],[13.174310971000068,51.42825391900004],[13.207957037000028,51.524352847000046],[13.143169245000024,51.56746112900004],[13.16177226800005,51.59214829600006],[12.996291835000022,51.66924715600004],[12.942163597000047,51.63800593600007],[12.843862268000066,51.68497371700005],[12.772706246000041,51.64750905400007],[12.686675620000074,51.66199282400004],[12.608332218000044,51.61060204300003],[12.629228985000054,51.62523564800006],[12.244950478000021,51.56697978400007],[12.148913401000073,51.46310677400004],[12.189822026000058,51.42085370600006],[12.194347237000045,51.330567665000046],[12.147653576000039,51.31996709100008],[12.19949202500004,51.238418909000075],[12.196192449000023,51.14190746500003],[12.253084246000071,51.09726787000005],[12.496357871000043,51.06624660800003],[12.507388166000055,51.017275890000064],[12.607533974000035,50.99673176500005],[12.654115090000062,50.919062739000026],[12.250495312000055,50.81853755600008],[12.290160812000067,50.78342709200007],[12.226984634000075,50.73821847800008],[12.317717793000043,50.663364201000036],[12.149889651000024,50.62880250200004],[12.110150855000029,50.58872004300008],[12.156024277000029,50.573491527000044],[12.030271920000075,50.54939778800008],[12.003938001000051,50.63482546100005],[11.871462575000066,50.53982274100008],[11.964228503000072,50.48696260200006],[11.88850946100007,50.443605914000045],[11.98394319700003,50.38870713500006],[11.976043698000069,50.352292688000034],[12.097982066000043,50.32303101200006],[12.100900370000033,50.31802824400006]]]}},{"type":"Feature","properties":{"countrySlug":"germany"},"geometry":{"type":"MultiPolygon","coordinates":[[[[11.597784507000028,53.03592637000003],[11.512490564000075,53.00744492700005],[11.505026760000021,52.94103266800005],[11.314250103000063,52.87823631900005],[11.00207578800007,52.911476649000065],[10.93963351900004,52.85333551100007],[10.76469723300005,52.84047926900007],[10.796696774000054,52.71432635700006],[10.921411939000052,52.61043708200003],[10.976967998000077,52.62414161800007],[10.937575735000053,52.56739965300005],[11.008781744000032,52.49674764500003],[10.933745728000076,52.46095212700004],[11.074479825000026,52.37440326600006],[10.983673924000072,52.34168646200004],[11.086244119000071,52.228633838000064],[11.013646589000075,52.199556191000056],[11.060336962000065,52.17238740800008],[11.04413517200004,52.13366550400008],[10.942159787000037,52.103090284000075],[10.96441459700003,52.05664316000008],[10.687385237000058,52.04813820700008],[10.561226988000044,52.00406594000003],[10.651303746000053,51.957561078000026],[10.613260484000023,51.93946787400006],[10.649322126000072,51.889104935000034],[10.579100529000073,51.84825725500008],[10.580437276000055,51.78274999800004],[10.696011081000051,51.642988323000054],[10.922012575000053,51.618447435000064],[10.930538151000064,51.59168093400007],[10.882051629000046,51.580508087000055],[10.947971842000072,51.53757287900004],[10.927335260000063,51.52085370200007],[10.992033080000056,51.41785321300006],[11.39685227900003,51.381330726000044],[11.475225978000026,51.29805427700006],[11.364832643000057,51.221359162000056],[11.468567729000029,51.19265410600008],[11.46336178200005,51.11276038200003],[11.66695005400004,51.11078547800008],[11.759689951000041,51.04285785600007],[11.888807362000023,51.05584043500005],[12.01412639800003,50.968670856000074],[12.182508063000057,50.97586604600008],[12.21458012100004,50.93803207800005],[12.293914550000068,51.03132995400006],[12.250268436000056,51.03787289100006],[12.288279375000059,51.08824243400005],[12.221198540000046,51.10991491400006],[12.213084091000042,51.18350039100005],[12.174844208000025,51.18132731500003],[12.204741890000037,51.21420247300006],[12.147653576000039,51.31996709100008],[12.195756784000025,51.359728320000045],[12.148672567000062,51.45949484500005],[12.20308176900005,51.48514115000006],[12.192765745000031,51.53129860700005],[12.843862268000066,51.68497371700005],[13.023467076000031,51.63730338500005],[13.18707161900005,51.71562451400007],[13.123535766000032,51.854592541000045],[13.149604230000023,51.87233145700003],[13.039239290000069,51.87091214700007],[13.045407862000047,51.90051510700005],[12.972664852000037,51.90088114100007],[12.960567963000074,51.93491054300006],[12.852730179000048,51.93500529000005],[12.844153643000027,51.96773396900005],[12.669186684000067,52.01288074400003],[12.539394591000075,51.98488894400003],[12.276724288000025,52.10401798000004],[12.21678313700005,52.17006860100008],[12.297276877000058,52.22754538000004],[12.24464806900005,52.24843817400006],[12.308127562000038,52.34469653200006],[12.274469664000037,52.41606189200007],[12.32988928800006,52.49686037100008],[12.271445311000036,52.48748083800007],[12.23611741600007,52.52371982500006],[12.184704165000028,52.49577607100008],[12.188689499000077,52.53242278000005],[12.141811423000036,52.52839423900008],[12.171970158000022,52.625946604000035],[12.236872557000027,52.62887701900007],[12.197548537000046,52.718375034000076],[12.257536445000028,52.804908485000055],[12.234056796000061,52.85937765300008],[11.833997503000035,52.910361117000036],[11.844216635000066,52.95268081300003],[11.692083658000058,52.97840706300008],[11.62200400300003,53.04170273500006],[11.597784507000028,53.03592637000003]],[[12.267155795000065,52.23131355800007],[12.275204045000066,52.23105054900003],[12.273664259000043,52.22877921700007],[12.265753724000035,52.22993076600005],[12.264446159000045,52.23171338700007],[12.267155795000065,52.23131355800007]],[[12.286255987000061,52.22745841900007],[12.276546163000035,52.22829564800003],[12.279125023000063,52.22941792600005],[12.286255987000061,52.22745841900007]],[[12.219077201000061,52.86085862400006],[12.217589800000042,52.86012823800007],[12.217115001000025,52.86199253900003],[12.221316314000035,52.86381264900007],[12.222307577000038,52.862548547000074],[12.219077201000061,52.86085862400006]]],[[[11.446768081000073,51.19449713400007],[11.446614450000027,51.198880348000046],[11.43938578500007,51.19976640100003],[11.439672491000067,51.19766759400005],[11.443948291000027,51.197363246000066],[11.445382895000023,51.19398645500007],[11.446768081000073,51.19449713400007]]]]}},{"type":"Feature","properties":{"countrySlug":"germany"},"geometry":{"type":"MultiPolygon","coordinates":[[[[8.692576917000054,54.06044539700008],[8.690707042000042,54.061492600000065],[8.692315866000058,54.063872324000045],[8.70004792900005,54.06776114100006],[8.69739794800006,54.06953304800004],[8.691700283000046,54.068937316000074],[8.685813245000077,54.06592353600007],[8.678888173000075,54.056105538000054],[8.682201299000042,54.04879445300003],[8.693724377000024,54.045664775000034],[8.702261189000069,54.04820998000008],[8.69171738500006,54.04796887700007],[8.684254633000023,54.05222824700007],[8.691021424000041,54.052706733000036],[8.692545580000058,54.05567631100007],[8.700154179000037,54.05768775800004],[8.699061705000076,54.059313985000074],[8.692576917000054,54.06044539700008]]],[[[7.899491428000033,54.18919840700005],[7.869099861000052,54.18782725700004],[7.902819396000041,54.18719050300007],[7.899491428000033,54.18919840700005]]],[[[11.082480424000039,54.43890965200006],[11.088575916000025,54.43590693800007],[11.09134780100004,54.43812045100003],[11.082480424000039,54.43890965200006]]],[[[8.735937941000032,54.46762368700007],[8.718479772000023,54.46644233500007],[8.727232762000028,54.46232314300005],[8.735937941000032,54.46762368700007]]],[[[8.552751327000067,54.45973035700007],[8.559346723000033,54.46186393800008],[8.56197240900002,54.46478956100003],[8.54770936600005,54.46862982500005],[8.544983989000059,54.46543849200003],[8.549498610000057,54.460606357000074],[8.552751327000067,54.45973035700007]]],[[[8.510381401000075,54.52731902800008],[8.516689793000069,54.52901479700006],[8.512835978000055,54.52947593400006],[8.507215489000032,54.52760112200008],[8.510381401000075,54.52731902800008]]],[[[11.086175979000075,54.53057415400008],[11.031162978000054,54.511804322000046],[11.008926289000044,54.44166761000008],[11.312662827000054,54.40225842500007],[11.232678195000062,54.506862683000065],[11.096886699000038,54.53060468700005],[11.086175979000075,54.53057415400008]]],[[[8.816639634000069,54.55247501300005],[8.789375360000065,54.55190447200005],[8.828267984000036,54.549780826000074],[8.816639634000069,54.55247501300005]]],[[[8.705040588000031,54.55756110800007],[8.587296839000032,54.52243167100005],[8.62650553800006,54.48887789500003],[8.703218598000035,54.50132037700007],[8.704709896000054,54.555703408000056],[8.705040588000031,54.55756110800007]]],[[[8.560016750000045,54.57598558500007],[8.50854496900007,54.57669450800006],[8.561487237000051,54.57253322200006],[8.560016750000045,54.57598558500007]]],[[[8.824973778000071,54.60427109400007],[8.824007594000022,54.605245884000055],[8.814715015000047,54.60187262800008],[8.808498615000076,54.604507659000035],[8.81316991600005,54.59709568900007],[8.818064626000023,54.594971359000056],[8.820269863000021,54.59510130000007],[8.824119175000021,54.60043517500003],[8.833228491000057,54.60340871000005],[8.831876080000029,54.604541761000064],[8.824973778000071,54.60427109400007]]],[[[8.771499038000059,54.63698501300007],[8.766412090000074,54.63784958400004],[8.76119339500002,54.63574515500005],[8.771499038000059,54.63698501300007]]],[[[8.736289595000073,54.64393810300004],[8.71032774500003,54.63159433800007],[8.740339064000068,54.64361024100003],[8.736289595000073,54.64393810300004]]],[[[8.65680235000002,54.64367449000008],[8.528868124000041,54.62730578000003],[8.64681802900003,54.63931011900007],[8.65680235000002,54.64367449000008]]],[[[8.699023285000067,54.68087335100006],[8.690774130000023,54.67628632200007],[8.681175549000045,54.67577861800004],[8.68354351000005,54.67206227200006],[8.686626315000069,54.67165235200008],[8.68684784900006,54.673008578000065],[8.709706829000027,54.672386783000036],[8.708670505000043,54.67474493600008],[8.713080503000072,54.68007177000004],[8.699023285000067,54.68087335100006]]],[[[8.342427443000076,54.69355125100003],[8.294096232000072,54.66617513700004],[8.39715340400005,54.61408128800008],[8.340786119000029,54.68672245800008],[8.342427443000076,54.69355125100003]]],[[[8.565906549000033,54.75186129400004],[8.427282048000052,54.74618430800007],[8.39650727000003,54.70418659300003],[8.566453100000047,54.67997493100006],[8.58632958100003,54.74355152000004],[8.565906549000033,54.75186129400004]]],[[[8.364335289000053,54.867986676000044],[8.360345561000031,54.86963566000003],[8.362064062000059,54.86729483200003],[8.367108615000063,54.86854618500007],[8.364335289000053,54.867986676000044]]],[[[10.307954146000043,53.433201104000034],[10.584372484000028,53.36043030700006],[10.632308138000042,53.45480292900004],[10.824333999000032,53.513741234000065],[10.823260709000067,53.57518053600006],[10.923795348000056,53.58418603200005],[10.941766725000036,53.684542330000056],[10.758032962000073,53.74751747100004],[10.747711196000068,53.85151096100003],[10.882571899000027,53.92449744800007],[10.967634004000047,53.91063418500005],[10.895097608000071,53.924548179000055],[10.878836861000025,53.985947475000046],[10.787249185000064,53.997438619000036],[10.752501222000035,54.048891885000046],[11.091935758000034,54.19731978300007],[11.071918095000058,54.34224630600005],[11.127936929000043,54.39045890300008],[10.931205242000033,54.38193996900003],[10.70697446500003,54.30503646000005],[10.321948338000027,54.43574765300008],[10.226061066000057,54.41390558900008],[10.174162085000034,54.34574538600003],[10.152083022000056,54.363326520000044],[10.199382745000037,54.455561544000034],[10.13402744700005,54.48433790300004],[9.85537006900006,54.45628316900007],[10.027329337000026,54.55311722300007],[10.036023455000077,54.68841701800005],[9.909510391000026,54.79991989000007],[9.905374299000073,54.76334288800007],[9.845578708000062,54.75603640600008],[9.591910925000036,54.886970217000055],[9.343610062000039,54.80024799300003],[8.947938648000047,54.90256336600004],[8.427409498000031,54.87739915000003],[8.366894682000066,54.90317228300006],[8.352821841000036,54.96785703200004],[8.440028994000045,55.015870223000036],[8.396235406000073,55.046154657000045],[8.464195700000062,55.04571479500004],[8.383113016000038,55.03731565700008],[8.297902986000054,54.910656592000066],[8.279429968000045,54.75138968300007],[8.34056137400006,54.88057457200006],[8.41438101700004,54.84724071000005],[8.60336908000005,54.88570780900005],[8.607761589000063,54.84105469500008],[8.701673877000076,54.77368829100004],[8.715450891000046,54.737715954000066],[8.686209753000071,54.73034082300006],[8.892967770000041,54.596776876000035],[8.807015454000066,54.47015896100004],[8.893399380000062,54.460575590000076],[8.983598917000052,54.524046302000045],[9.015607438000075,54.48431464300006],[8.871238878000042,54.404807117000075],[8.672551198000065,54.39964915000007],[8.649061677000077,54.379753993000065],[8.69149027900005,54.35562992100006],[8.601383149000071,54.33907126400004],[8.674358497000071,54.27875980600004],[8.841787401000033,54.27845511800007],[8.808867636000059,54.17103733700003],[8.857865501000049,54.11919257900007],[8.925278418000062,54.13247746600007],[8.985125080000046,54.06098666400004],[8.804773174000047,54.023438801000054],[8.914904897000042,53.92489909600005],[9.022420177000072,53.87951753800007],[9.319524176000073,53.85083552700007],[9.550629934000028,53.61601357400008],[9.702788352000027,53.559327504000066],[9.763672583000073,53.62749506100005],[9.828781928000069,53.58529056900005],[9.905366421000053,53.652194336000036],[9.985599002000072,53.64723457600007],[10.08184213800007,53.720419993000064],[10.193670979000046,53.73101511700003],[10.140273002000072,53.68012668200004],[10.221761274000073,53.63372253500006],[10.152582687000063,53.53979280100003],[10.30788633900005,53.43478432000006],[10.307954146000043,53.433201104000034]]]]}},{"type":"Feature","properties":{"countrySlug":"germany"},"geometry":{"type":"Polygon","coordinates":[[[11.919322860000023,50.42472776500006],[11.88850946100007,50.443605914000045],[11.964228503000072,50.48696260200006],[11.871462575000066,50.53982274100008],[11.923565976000077,50.58570803400005],[12.010397048000073,50.63546120900003],[12.052068203000033,50.55096098400003],[12.156024277000029,50.573491527000044],[12.110150855000029,50.58872004300008],[12.153639990000045,50.63050499600007],[12.265518391000057,50.63079334400004],[12.322048412000072,50.68143383700004],[12.226984634000075,50.73821847800008],[12.290160812000067,50.78342709200007],[12.250495312000055,50.81853755600008],[12.442501815000071,50.84402739500007],[12.521322395000027,50.90759852700006],[12.640121045000058,50.90307378300008],[12.607533974000035,50.99673176500005],[12.528349485000035,50.998280331000046],[12.458382880000045,51.084550712000066],[12.331598674000077,51.10378250500003],[12.26559684600005,51.076984320000065],[12.250268436000056,51.03787289100006],[12.291747857000075,51.01869953700003],[12.21458012100004,50.93803207800005],[12.182508063000057,50.97586604600008],[12.01412639800003,50.968670856000074],[11.888807362000023,51.05584043500005],[11.759689951000041,51.04285785600007],[11.66695005400004,51.11078547800008],[11.48521893700007,51.10253352700005],[11.451004307000062,51.146670132000054],[11.485260144000051,51.16559279300003],[11.468567729000029,51.19265410600008],[11.364832643000057,51.221359162000056],[11.475225978000026,51.29805427700006],[11.39685227900003,51.381330726000044],[10.992033080000056,51.41785321300006],[10.927335260000063,51.52085370200007],[10.947971842000072,51.53757287900004],[10.882051629000046,51.580508087000055],[10.937063688000023,51.60348729100008],[10.764511214000038,51.64900827500003],[10.638209992000043,51.61943703600008],[10.65679616600005,51.558301647000064],[10.370023394000043,51.58753647800006],[10.29966982600007,51.493896094000036],[10.201975121000032,51.48651977000003],[10.152939908000064,51.43025975900008],[10.046802958000058,51.43667335500004],[9.923293275000049,51.368043123000064],[9.939356592000024,51.30740986400008],[10.059916187000056,51.27586548900007],[10.068673434000061,51.22656282200006],[10.235776989000044,51.186695162000035],[10.19995902200003,51.11297207700005],[10.168738649000034,51.15326772100008],[10.118321564000041,51.13957300700008],[10.174630972000045,51.11686746000004],[10.140590157000076,51.05849138900004],[10.202904887000045,51.00810588000007],[10.036400428000036,51.01237619600005],[10.019470217000048,50.98070807900007],[10.062345939000068,50.943783547000066],[9.950086587000044,50.94225025600008],[10.059803704000046,50.88539256400003],[10.023054524000031,50.83163142600006],[9.952252803000022,50.821374509000066],[9.878551050000056,50.63478121000003],[10.05402966400004,50.67116299200006],[10.082964842000024,50.633705347000046],[10.037191069000073,50.61292626900007],[10.041338408000058,50.51646958200007],[10.119408294000038,50.56422474400006],[10.330582236000055,50.49427653500004],[10.39449369700003,50.39365203400007],[10.600550296000051,50.33368802900003],[10.612047270000062,50.224138442000026],[10.716645150000033,50.20481895900008],[10.732167774000061,50.25183794600008],[10.84466635800004,50.24315772500006],[10.846358138000028,50.27509463700005],[10.71539585100004,50.32117650400005],[10.71245514100002,50.354643785000064],[10.87274682800006,50.396794483000065],[10.98578072600003,50.34732052600003],[11.115304910000077,50.36700690300006],[11.159197358000029,50.330391993000035],[11.14592282700005,50.284956470000054],[11.252298162000045,50.26902096100008],[11.284252880000054,50.36030743400005],[11.247115540000038,50.47730383000004],[11.346569075000048,50.52153502600004],[11.429278748000058,50.51223288400007],[11.420630678000066,50.44336648500007],[11.48156795400007,50.43162169200008],[11.519853242000067,50.37426848300004],[11.905833724000047,50.41969001400008],[11.919322860000023,50.42472776500006]],[[11.446768081000073,51.19449713400007],[11.445382895000023,51.19398645500007],[11.443948291000027,51.197363246000066],[11.439672491000067,51.19766759400005],[11.43938578500007,51.19976640100003],[11.446614450000027,51.198880348000046],[11.446768081000073,51.19449713400007]]]}},{"type":"Feature","properties":{"countrySlug":"poland"},"geometry":{"type":"Polygon","coordinates":[[[21.2088306,50.3548959],[21.2226395,50.3108625],[21.1457267,50.2571205],[21.1826796,50.2400044],[21.1421116,50.2376794],[21.1757591,50.1426466],[21.1400033,50.1276085],[21.1990053,50.0949579],[21.1450327,50.0530123],[21.1929048,50.0292592],[21.1504352,49.9764832],[21.1797066,49.9283287],[21.2847187,49.9240646],[21.2249575,49.8525994],[21.3489532,49.8149635],[21.2417725,49.7761044],[21.3486775,49.6926739],[21.3627979,49.6341425],[21.3268166,49.59219],[21.4217125,49.4924317],[21.3888416,49.4854531],[21.4065337,49.4266209],[21.6309446,49.4473085],[21.7789276,49.3558852],[21.8402411,49.3915102],[21.96278,49.347908],[22.0619644,49.2115859],[22.3672582,49.1465973],[22.422654,49.09949],[22.5998128,49.0934979],[22.6801837,49.0393819],[22.7654949,49.0535296],[22.847092,49.0023872],[22.8919036,49.0089461],[22.8645314,49.0667861],[22.8927036,49.0944486],[22.7391328,49.1579778],[22.7561721,49.1826257],[22.7072649,49.1749798],[22.7476795,49.2156221],[22.7148875,49.2264901],[22.7468112,49.3598907],[22.6966855,49.495128],[22.6408308,49.5299919],[23.2800844,50.1005448],[23.5479126,50.2518154],[23.5087972,50.2613043],[23.5199464,50.2954639],[23.4032639,50.3012991],[23.435795,50.346991],[23.3581464,50.4105416],[23.250233,50.3588831],[23.1787117,50.3954049],[23.0189596,50.2871462],[22.7075607,50.2911447],[22.6068756,50.3111929],[22.6879673,50.3569178],[22.4803781,50.3531212],[22.4029451,50.3952465],[22.4594909,50.4341868],[22.4444625,50.4621252],[22.5861223,50.4773314],[22.5056396,50.4837157],[22.5769879,50.5042993],[22.5117153,50.5390621],[22.5362471,50.5721691],[22.1417937,50.6696898],[22.2055815,50.7540106],[22.0519558,50.8205481],[21.9493443,50.7713966],[21.8642484,50.8021536],[21.7801173,50.6450651],[21.7225873,50.6453572],[21.6040201,50.5212364],[21.4471552,50.4917827],[21.4435135,50.4564195],[21.2175406,50.3563873],[21.2088306,50.3548959]]]}},{"type":"Feature","properties":{"countrySlug":"poland"},"geometry":{"type":"Polygon","coordinates":[[[21.6129526,53.4808337],[21.62411,53.4069638],[21.6839624,53.3681338],[21.6522879,53.3312572],[21.7354271,53.3127282],[21.6581086,53.3161247],[21.6582628,53.2618217],[21.6227213,53.266442],[21.6891081,53.2149946],[21.6944275,53.1380943],[21.8087594,53.1152193],[21.8717801,53.0589586],[21.9387744,53.0744865],[21.940658,53.0379641],[21.8757006,53.0163089],[22.0017652,52.9723279],[22.0287936,52.9384821],[21.9917398,52.9196483],[22.0039312,52.8778663],[22.1241931,52.8427007],[22.2793622,52.8861445],[22.30512,52.8394272],[22.242454,52.8327568],[22.3242212,52.7421212],[22.3786261,52.794403],[22.4537714,52.7882384],[22.4351095,52.6962185],[22.4735666,52.6462459],[22.4065342,52.6101173],[22.5266767,52.5211759],[22.5120301,52.4812627],[22.5804132,52.3931581],[22.9571574,52.3682357],[23.045218,52.3248553],[23.0514177,52.2854324],[23.1783344,52.283141],[23.4666281,52.549448],[23.734218,52.6065221],[23.9386401,52.7129159],[23.9164669,52.938843],[23.9462701,52.9587331],[23.871878,53.0840911],[23.9182591,53.1576221],[23.798979,53.2741881],[23.54905,53.76778],[23.552007,53.851017],[23.4806969,53.9980146],[23.5286013,54.0657804],[23.4858579,54.1532339],[23.3375189,54.2517237],[23.0421216,54.3159743],[23.0631646,54.3409585],[22.9939133,54.3618985],[23.0102148,54.3827959],[22.8363023,54.406481],[22.7791376,54.2935671],[22.5760261,54.2671515],[22.4765552,54.2013057],[22.5471289,54.1377288],[22.5914095,54.1506508],[22.6367753,54.1065871],[22.5998581,54.0527916],[22.78163,53.9197402],[22.6968016,53.7615888],[22.4675853,53.6989595],[22.4755256,53.663159],[22.4230416,53.6815356],[22.03012,53.4968563],[21.933948,53.5111501],[21.8608857,53.4589662],[21.6478932,53.4811803],[21.6129526,53.4808337]]]}},{"type":"Feature","properties":{"countrySlug":"poland"},"geometry":{"type":"Polygon","coordinates":[[[19.0471201,52.3328041],[19.0302655,52.2710648],[19.1003177,52.2659071],[19.0897647,52.2067066],[18.924113,52.1962671],[18.9251187,52.0792619],[18.7182431,52.0657049],[18.7149601,51.9682738],[18.767792,51.9278535],[18.6885506,51.8223804],[18.4719653,51.8510057],[18.4093043,51.7916689],[18.4138786,51.7046955],[18.3500917,51.6268573],[18.3829844,51.4771815],[18.34049,51.4300941],[18.2127546,51.4543399],[18.1929131,51.3877943],[18.0748957,51.3504181],[18.1068387,51.2628599],[18.1725803,51.2689152],[18.1657721,51.165012],[18.4894042,51.0907002],[18.5480749,51.1410681],[18.5776048,51.0819215],[18.6606835,51.0546466],[18.8933129,51.0602118],[18.9230197,51.0994297],[19.2042543,50.9824184],[19.2570099,51.0029619],[19.2431423,51.0368447],[19.3226874,51.0461906],[19.4322906,50.9648991],[19.4711159,50.8858845],[19.5744475,50.908121],[19.7279013,50.8432775],[19.8376978,50.9174265],[19.876323,51.0483109],[20.0360641,50.9725285],[20.0562384,51.0577507],[19.9817257,51.0731363],[20.011007,51.1954438],[20.2320041,51.2010461],[20.2643763,51.2184318],[20.2425873,51.2572966],[20.3797423,51.245929],[20.3639276,51.3112884],[20.4326942,51.3343173],[20.4481829,51.4120778],[20.5340195,51.4626711],[20.5199473,51.5097848],[20.4524382,51.5037545],[20.4680335,51.5595237],[20.3849987,51.6416143],[20.4002465,51.6727542],[20.6532008,51.6771442],[20.6583856,51.7240129],[20.5826389,51.7479839],[20.5577382,51.8189523],[20.6198285,51.8215529],[20.5708462,51.8879323],[20.4982937,51.8895355],[20.4202156,51.9478677],[20.3183823,51.9123316],[20.2436309,51.9334021],[20.2941908,51.9671242],[20.1985008,52.0257503],[20.2688147,52.1007236],[20.0910136,52.1526476],[20.0420987,52.2576858],[19.8910412,52.3113],[19.8485619,52.2723599],[19.6481816,52.2537096],[19.4549481,52.3501291],[19.3222702,52.3483896],[19.2773383,52.3940809],[19.218357,52.3411909],[19.0542774,52.331686],[19.0471201,52.3328041]]]}},{"type":"Feature","properties":{"countrySlug":"poland"},"geometry":{"type":"Polygon","coordinates":[[[14.974183,51.36395],[15.0380485,51.2439639],[14.9647142,51.0501318],[14.823175,50.8706328],[15.001929,50.8687793],[15.0216682,50.9671594],[14.9682136,50.9900264],[14.9853343,51.0109533],[15.1290136,50.9901217],[15.1718505,51.0200296],[15.1800081,50.9829921],[15.2740739,50.9795277],[15.2771258,50.8909886],[15.3673387,50.8380283],[15.3747883,50.777626],[15.4395304,50.8090587],[15.7057089,50.7372547],[15.8161954,50.7553202],[15.8609633,50.6744493],[15.9909085,50.683414],[16.0217671,50.6301739],[15.9863749,50.6137112],[16.0246926,50.5986976],[16.1037052,50.6633421],[16.1872057,50.6271755],[16.2349131,50.6716274],[16.343081,50.6615083],[16.4449075,50.5795696],[16.1957164,50.4321284],[16.2784691,50.3673979],[16.3606588,50.3795595],[16.3832501,50.3288679],[16.5572832,50.2203899],[16.5801922,50.1424477],[16.7051519,50.096444],[16.8472864,50.2074284],[17.028313,50.2299891],[17.0090446,50.2952303],[16.8607855,50.4115],[16.958966,50.4879162],[17.0516004,50.4654121],[17.1218684,50.6075013],[17.2442273,50.6188273],[17.2590771,50.6904682],[17.2207875,50.713703],[17.3011615,50.7430308],[17.2539126,50.7720407],[17.2737642,50.7881097],[17.3519715,50.7904198],[17.3183443,50.8211464],[17.3951123,50.8755278],[17.3524252,50.9006508],[17.3693514,50.9257368],[17.4272398,50.9105733],[17.4313972,50.9670856],[17.5425343,50.9912005],[17.518703,51.0588149],[17.5821334,51.0818425],[17.544747,51.1544882],[17.6115019,51.1905195],[17.6692699,51.1608153],[17.7951427,51.1897665],[17.7439584,51.2430202],[17.7649958,51.3163879],[17.7041819,51.3667784],[17.754755,51.4073082],[17.5405657,51.4212831],[17.51216,51.5055043],[17.5727336,51.5298804],[17.5723598,51.5667663],[17.4986518,51.6159327],[17.259147,51.6431496],[17.2154744,51.6295586],[17.2065489,51.5670384],[16.9630267,51.5445429],[16.7927564,51.5905186],[16.7834784,51.6409872],[16.643248,51.6607232],[16.6824785,51.705027],[16.647939,51.7441621],[16.4488782,51.7880111],[16.2696529,51.6634149],[16.2175391,51.7146443],[16.1600306,51.7117118],[16.1778296,51.7639684],[15.9792446,51.802309],[16.0085706,51.7757124],[15.9800854,51.7453158],[15.8695265,51.7196623],[15.8342589,51.6721893],[15.8571889,51.6504205],[15.8236206,51.5727437],[15.7037765,51.5570557],[15.7140322,51.5173973],[15.5997604,51.4456744],[15.4876635,51.5275635],[15.3965393,51.5310458],[15.3336595,51.4098955],[15.18717,51.4640335],[15.0088946,51.3644187],[14.974183,51.36395]]]}},{"type":"Feature","properties":{"countrySlug":"poland"},"geometry":{"type":"Polygon","coordinates":[[[18.163694,51.1725154],[17.8852901,51.1037896],[17.8121984,51.1324307],[17.8513287,51.1720368],[17.82584,51.1945685],[17.6692699,51.1608153],[17.6115019,51.1905195],[17.544747,51.1544882],[17.5821334,51.0818425],[17.518703,51.0588149],[17.5425343,50.9912005],[17.4313972,50.9670856],[17.4272398,50.9105733],[17.3693514,50.9257368],[17.3524252,50.9006508],[17.3951123,50.8755278],[17.3183443,50.8211464],[17.3519715,50.7904198],[17.2737642,50.7881097],[17.2539126,50.7720407],[17.3011615,50.7430308],[17.2207875,50.713703],[17.2590771,50.6904682],[17.2442273,50.6188273],[17.1218684,50.6075013],[17.0516004,50.4654121],[16.958966,50.4879162],[16.9079013,50.4494492],[17.2032678,50.3863585],[17.2820625,50.3189946],[17.3486685,50.3283573],[17.3502888,50.2638074],[17.6117551,50.2659096],[17.7190092,50.3202921],[17.7585032,50.20664],[17.6011748,50.169632],[17.6109367,50.1400307],[17.7183383,50.1060682],[17.8684779,49.9725266],[18.0454633,50.0051279],[18.0051309,50.0534544],[18.0726242,50.1094264],[18.0597806,50.1746524],[18.4258663,50.2489656],[18.3577446,50.3565689],[18.3963101,50.3889604],[18.3648765,50.4191214],[18.3796091,50.4817426],[18.4812912,50.4582755],[18.4370475,50.5459248],[18.6074733,50.5500111],[18.6017269,50.6044531],[18.5174677,50.6254593],[18.4782635,50.7030993],[18.5817186,50.7524524],[18.5043979,50.8004633],[18.6179564,50.8548692],[18.6549504,50.9165789],[18.6123848,50.955138],[18.6954867,51.0157757],[18.5776048,51.0819215],[18.5480749,51.1410681],[18.4894042,51.0907002],[18.1626648,51.1700607],[18.163694,51.1725154]]]}},{"type":"Feature","properties":{"countrySlug":"poland"},"geometry":{"type":"Polygon","coordinates":[[[21.8642484,50.8021536],[21.8029992,51.0720797],[21.7590728,51.0373297],[21.6762455,51.0780158],[21.5122311,51.0594883],[21.4635909,51.013137],[21.3555283,51.0852632],[21.1527423,51.0802722],[21.1641359,51.128526],[21.0912253,51.1550925],[21.1198739,51.188782],[21.0700028,51.2114642],[21.0566547,51.1571261],[20.9985364,51.1444915],[20.9207195,51.1953375],[20.8797809,51.1544239],[20.6854802,51.1512373],[20.6907877,51.205445],[20.6068495,51.2468225],[20.5436863,51.2311562],[20.5080245,51.3306214],[20.4329118,51.3424524],[20.3639276,51.3112884],[20.3712094,51.2366331],[20.2425873,51.2572966],[20.2643763,51.2184318],[20.2320041,51.2010461],[19.9971974,51.1868067],[20.0257556,51.1645428],[19.9817257,51.0731363],[20.0562384,51.0577507],[20.0360641,50.9725285],[19.876323,51.0483109],[19.8376978,50.9174265],[19.74706,50.86597],[19.8321599,50.8197014],[19.7043035,50.7523931],[19.8716583,50.6930447],[19.8310998,50.6514329],[19.9221834,50.6394197],[19.7886432,50.5544802],[19.9350919,50.5022983],[20.2728693,50.4699458],[20.2638006,50.4300274],[20.3390725,50.3596285],[20.2926232,50.3221986],[20.3621815,50.2845965],[20.3307835,50.2675272],[20.3975454,50.2414789],[20.3745653,50.2160275],[20.4155177,50.1912371],[20.5129191,50.1854539],[20.6752641,50.2014054],[20.7899384,50.2895836],[21.132043,50.3542857],[21.1829904,50.3320181],[21.2810517,50.4083819],[21.4435135,50.4564195],[21.4471552,50.4917827],[21.6040201,50.5212364],[21.7225873,50.6453572],[21.7801173,50.6450651],[21.8584778,50.7809463],[21.8642484,50.8021536]]]}},{"type":"Feature","properties":{"countrySlug":"poland"},"geometry":{"type":"Polygon","coordinates":[[[21.6129526,53.4808337],[21.2502696,53.4197309],[21.0558096,53.3345945],[20.9363204,53.359772],[20.9271094,53.3201773],[20.8514131,53.2925506],[20.7165796,53.312097],[20.6573417,53.2515138],[20.5547128,53.2245181],[20.4584506,53.2467071],[20.3253827,53.1602967],[20.3537982,53.1470743],[19.9781653,53.1439146],[19.8931105,53.2131575],[19.8254222,53.1732772],[19.8410694,53.1409934],[19.6342403,53.1116819],[19.6848059,52.9630391],[19.5547068,52.9900872],[19.5825494,52.9568595],[19.4448782,52.947468],[19.5160915,52.8601164],[19.4237309,52.8155332],[19.522743,52.7492005],[19.4984163,52.7324804],[19.5271102,52.7048533],[19.4418944,52.7233974],[19.4508974,52.6722212],[19.3727408,52.6373442],[19.4261045,52.6114465],[19.3195677,52.5348941],[19.3956741,52.5128547],[19.2592144,52.4425912],[19.2963235,52.4242607],[19.2906197,52.3726062],[19.4549481,52.3501291],[19.6481816,52.2537096],[19.9360929,52.2997327],[20.0804942,52.2330386],[20.0910136,52.1526476],[20.2688147,52.1007236],[20.1985008,52.0257503],[20.2941908,51.9671242],[20.2436309,51.9334021],[20.3183823,51.9123316],[20.4202156,51.9478677],[20.4982937,51.8895355],[20.5708462,51.8879323],[20.6198285,51.8215529],[20.5577382,51.8189523],[20.5826389,51.7479839],[20.6583856,51.7240129],[20.6532008,51.6771442],[20.5966247,51.6571637],[20.4670141,51.697092],[20.3909538,51.6612648],[20.4680335,51.5595237],[20.4524382,51.5037545],[20.5199473,51.5097848],[20.5340195,51.4626711],[20.4166537,51.3621101],[20.5080245,51.3306214],[20.5436863,51.2311562],[20.6068495,51.2468225],[20.6907877,51.205445],[20.6854802,51.1512373],[20.8797809,51.1544239],[20.9207195,51.1953375],[20.9985364,51.1444915],[21.0566547,51.1571261],[21.0700028,51.2114642],[21.1198739,51.188782],[21.0912253,51.1550925],[21.1641359,51.128526],[21.1527423,51.0802722],[21.3555283,51.0852632],[21.4635909,51.013137],[21.612037,51.0760848],[21.7793763,51.0421638],[21.788457,51.201525],[21.8601111,51.2747024],[21.7867631,51.2850266],[21.8537801,51.3517485],[21.7613462,51.4057769],[21.8397039,51.4175296],[21.8731761,51.4749136],[21.8250067,51.5615382],[21.6947627,51.5704731],[21.6155463,51.6175626],[21.647225,51.6603151],[21.7492224,51.6120464],[21.9033121,51.7041026],[21.8352879,51.7444511],[21.9563839,51.7938737],[21.9273776,51.837862],[21.8453244,51.8412433],[21.9128904,51.8865383],[21.880304,51.9710253],[22.0298538,52.0217134],[22.2536399,52.0045066],[22.2974552,52.0374571],[22.3443506,51.9960043],[22.5054722,52.0699306],[22.6229011,52.0187448],[22.6994214,52.1177648],[22.7836329,52.0686942],[22.9023325,52.0635937],[22.89302,52.1020871],[22.9682644,52.1154256],[22.9331178,52.1365037],[22.9770921,52.1722758],[23.0714776,52.1704205],[23.0312899,52.2164509],[23.1284089,52.2878414],[23.0514177,52.2854324],[23.045218,52.3248553],[22.9571574,52.3682357],[22.5662705,52.4034306],[22.5120301,52.4812627],[22.5266767,52.5211759],[22.4065342,52.6101173],[22.4735666,52.6462459],[22.4351095,52.6962185],[22.4537714,52.7882384],[22.3786261,52.794403],[22.3242212,52.7421212],[22.242454,52.8327568],[22.30512,52.8394272],[22.2793622,52.8861445],[22.1241931,52.8427007],[22.0039312,52.8778663],[21.9917398,52.9196483],[22.0287936,52.9384821],[22.0017652,52.9723279],[21.8757006,53.0163089],[21.940658,53.0379641],[21.9387744,53.0744865],[21.8717801,53.0589586],[21.8087594,53.1152193],[21.6944275,53.1380943],[21.6891081,53.2149946],[21.6227213,53.266442],[21.6582628,53.2618217],[21.6581086,53.3161247],[21.7354271,53.3127282],[21.6522879,53.3312572],[21.6839624,53.3681338],[21.62411,53.4069638],[21.6053684,53.4794753],[21.6129526,53.4808337]]]}},{"type":"Feature","properties":{"countrySlug":"poland"},"geometry":{"type":"Polygon","coordinates":[[[19.0471201,52.3328041],[18.9244199,52.3998951],[18.912511,52.3662306],[18.7557901,52.3317835],[18.6848207,52.4280484],[18.5255723,52.499454],[18.3900572,52.4705644],[18.3524739,52.5433603],[18.2045789,52.4831702],[18.0902488,52.5205171],[18.0953974,52.5531214],[17.9163766,52.5756212],[17.8768346,52.6338769],[17.7609241,52.6569327],[17.6780621,52.6023977],[17.6276354,52.70818],[17.4672015,52.680384],[17.4892723,52.7281021],[17.4043654,52.7567183],[17.5098324,52.7958131],[17.5186518,52.928045],[17.3015565,52.9948032],[17.3526047,53.1311187],[17.3928022,53.1419569],[17.3352514,53.1554321],[17.321557,53.2162727],[17.4092078,53.2272528],[17.4387932,53.2675148],[17.2472903,53.3749929],[17.394055,53.4903003],[17.2712076,53.5372847],[16.9996048,53.5180306],[16.8922455,53.655871],[16.7583681,53.624088],[16.7298168,53.529281],[16.652079,53.4870526],[16.4544722,53.4884739],[16.4362487,53.4605548],[16.4753208,53.3877638],[16.713306,53.3017082],[16.6300393,53.2600092],[16.6383243,53.2149773],[16.5593652,53.2331568],[16.4995193,53.1632982],[16.3991796,53.1636597],[16.3168874,53.0367049],[16.1250683,53.0118425],[15.9566504,53.0410701],[15.9793048,52.8776314],[15.8936731,52.8122978],[15.9340384,52.8038569],[15.9454839,52.7302068],[15.7947572,52.7085669],[15.8141467,52.6678502],[15.776287,52.6378939],[15.8987056,52.4492901],[15.804366,52.444721],[15.9007383,52.3861166],[15.8512792,52.2556372],[15.88355,52.1548784],[15.8341412,52.108479],[16.0028138,52.0579727],[15.9648909,52.0186244],[16.0100257,51.9814895],[16.1227466,51.9930872],[16.1381734,51.9254696],[16.0989702,51.8934855],[16.3516394,51.8806114],[16.4007002,51.8378931],[16.3937115,51.7864464],[16.6441185,51.7458991],[16.6824785,51.705027],[16.643248,51.6607232],[16.7834784,51.6409872],[16.7927564,51.5905186],[16.9630267,51.5445429],[17.2065489,51.5670384],[17.2154744,51.6295586],[17.259147,51.6431496],[17.4986518,51.6159327],[17.5723598,51.5667663],[17.5727336,51.5298804],[17.51216,51.5055043],[17.5405657,51.4212831],[17.7484834,51.4146438],[17.7041819,51.3667784],[17.7649958,51.3163879],[17.7439584,51.2430202],[17.8479614,51.1837891],[17.8224593,51.1183355],[17.8852901,51.1037896],[18.163694,51.1725154],[18.1725803,51.2689152],[18.1068387,51.2628599],[18.0748957,51.3504181],[18.1929131,51.3877943],[18.2127546,51.4543399],[18.3262874,51.4198821],[18.3829844,51.4771815],[18.3500917,51.6268573],[18.4138786,51.7046955],[18.4093043,51.7916689],[18.4719653,51.8510057],[18.6885506,51.8223804],[18.767792,51.9278535],[18.7149601,51.9682738],[18.7182431,52.0657049],[18.9251187,52.0792619],[18.924113,52.1962671],[19.0897647,52.2067066],[19.1003177,52.2659071],[19.03147,52.2697838],[19.0450105,52.318465],[19.0471201,52.3328041]]]}},{"type":"Feature","properties":{"countrySlug":"poland"},"geometry":{"type":"Polygon","coordinates":[[[21.2088306,50.3548959],[20.7899384,50.2895836],[20.6752641,50.2014054],[20.4155177,50.1912371],[20.3745653,50.2160275],[20.3975454,50.2414789],[20.3307835,50.2675272],[20.3444098,50.3049588],[20.2926232,50.3221986],[20.3390725,50.3596285],[20.2638006,50.4300274],[20.2728693,50.4699458],[19.9708712,50.5204879],[19.9730067,50.4755367],[19.8535121,50.4351436],[19.7007814,50.4497214],[19.658161,50.4081758],[19.4875566,50.3969791],[19.4564266,50.3662145],[19.483944,50.3235974],[19.4153566,50.3317859],[19.414298,50.2979996],[19.3234428,50.2595543],[19.4419756,50.2265744],[19.3352271,50.188509],[19.3676867,50.179104],[19.3499543,50.1506172],[19.2504424,50.1317037],[19.2335705,50.0657427],[19.1499897,50.0520336],[19.124342,49.9634682],[19.0831232,49.9505996],[19.1885257,49.9521761],[19.1664297,49.8561793],[19.2708556,49.8606639],[19.3167844,49.7778868],[19.4313739,49.7621735],[19.4449353,49.7340338],[19.3702167,49.6933022],[19.4777776,49.6608127],[19.4688723,49.5960652],[19.5293313,49.5730189],[19.5814677,49.4554092],[19.6411189,49.4575599],[19.631728,49.408797],[19.7905922,49.4106881],[19.822802,49.276794],[19.7667676,49.2365983],[19.783829,49.199363],[19.9322171,49.2364897],[20.087901,49.17951],[20.145504,49.317513],[20.3164888,49.3445299],[20.325081,49.403028],[20.432295,49.417581],[20.575525,49.376106],[20.614934,49.417845],[20.72292,49.419656],[20.79738,49.343172],[20.986545,49.306621],[21.1041047,49.3764011],[21.048728,49.419392],[21.1240235,49.4365799],[21.2081942,49.402482],[21.2775246,49.4609398],[21.3986625,49.4338417],[21.3888416,49.4854531],[21.4217125,49.4924317],[21.3268166,49.59219],[21.3627979,49.6341425],[21.3190203,49.7394867],[21.2417725,49.7761044],[21.3489532,49.8149635],[21.2249575,49.8525994],[21.2847187,49.9240646],[21.1797066,49.9283287],[21.1504352,49.9764832],[21.1929048,50.0292592],[21.1450327,50.0530123],[21.1990053,50.0949579],[21.1400033,50.1276085],[21.1757591,50.1426466],[21.1421116,50.2376794],[21.1826796,50.2400044],[21.1457267,50.2571205],[21.2226395,50.3108625],[21.2152162,50.3435404],[21.2088306,50.3548959]]]}},{"type":"Feature","properties":{"countrySlug":"poland"},"geometry":{"type":"Polygon","coordinates":[[[16.4161908,51.7848653],[16.3516394,51.8806114],[16.0989702,51.8934855],[16.1381734,51.9254696],[16.1227466,51.9930872],[16.0100257,51.9814895],[15.9648909,52.0186244],[16.0028138,52.0579727],[15.8341412,52.108479],[15.88355,52.1548784],[15.8512792,52.2556372],[15.9007383,52.3861166],[15.804366,52.444721],[15.8987056,52.4492901],[15.776287,52.6378939],[15.8141467,52.6678502],[15.7947572,52.7085669],[15.9454839,52.7302068],[15.8949286,52.825611],[15.9740905,52.8590336],[15.9459849,52.9713018],[15.9848999,53.1141736],[15.8482271,53.1152592],[15.7434551,52.9912208],[15.5880231,52.981059],[15.5468526,53.0143623],[15.3629986,52.9440407],[15.2878423,52.95802],[15.3268178,52.8948533],[15.071757,52.8305847],[14.9125005,52.8882151],[14.8903984,52.8607263],[14.9191542,52.8438716],[14.8655948,52.84733],[14.8654188,52.7919734],[14.7913307,52.7570273],[14.7492236,52.6443518],[14.6290257,52.6604905],[14.5640549,52.6246854],[14.6390136,52.5733174],[14.6038381,52.5310308],[14.6352684,52.4947612],[14.5346465,52.3940605],[14.576952,52.2875915],[14.7155504,52.2361278],[14.6818121,52.1156403],[14.7591818,52.06569],[14.6941836,51.9018952],[14.5903897,51.8204437],[14.7575189,51.6611674],[14.728937,51.5315902],[14.9490402,51.4712855],[14.974183,51.36395],[15.18717,51.4640335],[15.3336595,51.4098955],[15.3965393,51.5310458],[15.4876635,51.5275635],[15.5997604,51.4456744],[15.7140322,51.5173973],[15.7037765,51.5570557],[15.8236206,51.5727437],[15.8571889,51.6504205],[15.8342589,51.6721893],[15.8695265,51.7196623],[15.9800854,51.7453158],[16.0085706,51.7757124],[15.9792446,51.802309],[16.1778296,51.7639684],[16.1600306,51.7117118],[16.2175391,51.7146443],[16.2696529,51.6634149],[16.4168401,51.7827507],[16.4161908,51.7848653]]]}},{"type":"Feature","properties":{"countrySlug":"poland"},"geometry":{"type":"Polygon","coordinates":[[[19.2891889,52.3927124],[19.2592144,52.4425912],[19.3956741,52.5128547],[19.3195677,52.5348941],[19.4261045,52.6114465],[19.3727408,52.6373442],[19.4508974,52.6722212],[19.4418944,52.7233974],[19.5271102,52.7048533],[19.4984163,52.7324804],[19.522743,52.7492005],[19.4237309,52.8155332],[19.5160915,52.8601164],[19.4448782,52.947468],[19.5825494,52.9568595],[19.5547068,52.9900872],[19.6848059,52.9630391],[19.6342403,53.1116819],[19.7615952,53.1517965],[19.7436577,53.2282023],[19.6895399,53.2338967],[19.7305661,53.2709455],[19.6901103,53.3362915],[19.5197281,53.3304532],[19.5198831,53.3702599],[19.4287345,53.3592292],[19.3692067,53.4128363],[19.2591984,53.3964829],[19.1891991,53.5115588],[19.2199851,53.5283625],[19.1997008,53.5700594],[18.7615772,53.6048822],[18.7405063,53.6464686],[18.782368,53.7039851],[18.5534285,53.65511],[18.5158298,53.7040334],[18.2637615,53.7009832],[18.2676351,53.7423304],[18.0720363,53.781075],[18.0319345,53.7249467],[17.8635637,53.7581853],[17.8985443,53.7105714],[17.7631514,53.6948642],[17.7119263,53.6362211],[17.7304476,53.5929049],[17.6686389,53.6018456],[17.671974,53.5702019],[17.544077,53.5802699],[17.5145946,53.6177513],[17.4462829,53.601243],[17.3824878,53.4685956],[17.2480552,53.3802861],[17.4387932,53.2675148],[17.4092078,53.2272528],[17.321557,53.2162727],[17.3352514,53.1554321],[17.3928022,53.1419569],[17.3526047,53.1311187],[17.3015565,52.9948032],[17.5186518,52.928045],[17.5098324,52.7958131],[17.4043654,52.7567183],[17.4892723,52.7281021],[17.4672015,52.680384],[17.6276354,52.70818],[17.6780621,52.6023977],[17.7609241,52.6569327],[17.8768346,52.6338769],[17.9163766,52.5756212],[18.0953974,52.5531214],[18.0902488,52.5205171],[18.2045789,52.4831702],[18.3524739,52.5433603],[18.3900572,52.4705644],[18.5255723,52.499454],[18.6848207,52.4280484],[18.7557901,52.3317835],[18.912511,52.3662306],[18.9244199,52.3998951],[19.0640166,52.3306357],[19.218357,52.3411909],[19.2773383,52.3940809],[19.2891889,52.3927124]]]}},{"type":"Feature","properties":{"countrySlug":"poland"},"geometry":{"type":"Polygon","coordinates":[[[17.3906529,53.4909643],[17.4462829,53.601243],[17.5145946,53.6177513],[17.544077,53.5802699],[17.671974,53.5702019],[17.6686389,53.6018456],[17.7304476,53.5929049],[17.7119263,53.6362211],[17.7631514,53.6948642],[17.8985443,53.7105714],[17.8635637,53.7581853],[18.0319345,53.7249467],[18.0720363,53.781075],[18.2676351,53.7423304],[18.2637615,53.7009832],[18.5158298,53.7040334],[18.5534285,53.65511],[18.782368,53.7039851],[18.7405063,53.6464686],[18.7615772,53.6048822],[19.1292765,53.5882606],[19.2122802,53.6433662],[19.2129456,53.6914251],[19.3041696,53.7540444],[19.3217737,53.8130739],[19.4808718,53.7751068],[19.581343,53.927063],[19.3743251,53.9353602],[19.4107388,53.9993944],[19.2789019,54.0129506],[19.2748818,54.0529898],[19.2207306,54.069509],[19.2553548,54.0857355],[19.2171534,54.1155713],[19.2470023,54.1671583],[19.3262703,54.2020801],[19.2249462,54.3359729],[19.648615891827397,54.4532277146658],[19.2344004,54.3553071],[18.7272157,54.3763022],[18.565635,54.4537139],[18.559664,54.5294931],[18.5025265,54.5451032],[18.560341717983,54.541838209477525],[18.5159572,54.6415536],[18.4689567,54.6338592],[18.4723253,54.6947684],[18.3966751,54.7470693],[18.4270469,54.7878504],[18.7021096,54.6876333],[18.8113805,54.5928094],[18.824652867255818,54.62377414468335],[18.32902562588428,54.83462870120765],[17.9572786,54.8300811],[17.3489632,54.7486284],[16.90554,54.59561],[16.6997356,54.5700335],[16.7611766,54.4857719],[16.8120878,54.4839889],[16.858522,54.3825773],[16.8080547,54.3681505],[16.865104,54.2609923],[16.7119035,54.2140471],[16.8045745,54.1159964],[16.7878059,53.9801359],[16.8421909,53.9978311],[16.8799987,53.963588],[16.8585561,53.9470698],[16.9820776,53.9048969],[16.8607795,53.8522181],[16.948292,53.8051698],[16.8576525,53.7470889],[16.8966601,53.6211399],[16.9996048,53.5180306],[17.2712076,53.5372847],[17.3870395,53.4910986],[17.3906529,53.4909643]]]}},{"type":"Feature","properties":{"countrySlug":"poland"},"geometry":{"type":"Polygon","coordinates":[[[16.8922455,53.655871],[16.8576525,53.7470889],[16.948292,53.8051698],[16.8607795,53.8522181],[16.9820776,53.9048969],[16.8585561,53.9470698],[16.8799987,53.963588],[16.8421909,53.9978311],[16.7878059,53.9801359],[16.8045745,54.1159964],[16.7119035,54.2140471],[16.865104,54.2609923],[16.8080547,54.3681505],[16.858522,54.3825773],[16.8120878,54.4839889],[16.7611766,54.4857719],[16.6997356,54.5700335],[16.4778252,54.5154876],[16.0982093,54.2733326],[15.2845348,54.148459],[14.3879761,53.9151703],[14.2266821,53.9289857],[14.1853191,53.9140999],[14.213932,53.8653704],[14.312481,53.809344],[14.4169327,53.8660251],[14.56877,53.85139],[14.5866,53.80047],[14.6243434,53.8466634],[14.61481,53.76714],[14.55549,53.75541],[14.53855,53.70308],[14.6232398,53.6459538],[14.5706969,53.5990191],[14.5231758,53.6593107],[14.2850776,53.7420491],[14.3057479,53.543567],[14.449841,53.2607222],[14.3762473,53.1991306],[14.3499848,53.0573918],[14.1439364,52.961109],[14.1608139,52.8867713],[14.1229707,52.83862],[14.3516327,52.750652],[14.512737,52.6406471],[14.6290257,52.6604905],[14.7218491,52.6309619],[14.7915993,52.6971131],[14.7913307,52.7570273],[14.8654188,52.7919734],[14.8655948,52.84733],[14.9191542,52.8438716],[14.8903984,52.8607263],[14.9125005,52.8882151],[15.071757,52.8305847],[15.2875307,52.8796246],[15.3327147,52.9000548],[15.2878423,52.95802],[15.3629986,52.9440407],[15.5468526,53.0143623],[15.633436,52.9763762],[15.7606754,52.9950792],[15.8753091,53.1210912],[15.9848999,53.1141736],[15.9624976,53.0413812],[16.0735151,53.0162033],[16.3168874,53.0367049],[16.3991796,53.1636597],[16.4995193,53.1632982],[16.5593652,53.2331568],[16.6207379,53.2062722],[16.6300393,53.2600092],[16.7138335,53.2989782],[16.4753208,53.3877638],[16.4544722,53.4884739],[16.652079,53.4870526],[16.7298168,53.529281],[16.7583681,53.624088],[16.8824504,53.6539602],[16.8922455,53.655871]]]}},{"type":"Feature","properties":{"countrySlug":"poland"},"geometry":{"type":"Polygon","coordinates":[[[23.5479126,50.2518154],[23.7270286,50.3880008],[23.997543,50.4121407],[24.0345288,50.444832],[24.0981892,50.6374365],[24.0721998,50.7203423],[24.0166896,50.7229644],[24.0237094,50.7664726],[23.9574523,50.7945291],[23.989623,50.8374434],[24.1457369,50.8690143],[23.9703809,50.9502985],[23.9150801,51.0070511],[23.9110918,51.0745997],[23.8568592,51.0999511],[23.8692694,51.1503124],[23.7391885,51.2119678],[23.6950112,51.2916376],[23.6459585,51.2918187],[23.7029331,51.4195452],[23.6494419,51.4462588],[23.6698193,51.4830266],[23.5651332,51.5344089],[23.5374408,51.6446449],[23.5612448,51.699587],[23.5270169,51.7297553],[23.6413837,51.8003523],[23.600148,51.84048],[23.6275711,51.9511462],[23.689023,51.9919101],[23.6529424,52.0737576],[23.4893412,52.1507423],[23.5007152,52.179053],[23.2036658,52.2265544],[23.2040579,52.2764972],[23.1284089,52.2878414],[23.0312899,52.2164509],[23.0714776,52.1704205],[22.9770921,52.1722758],[22.9331178,52.1365037],[22.9682644,52.1154256],[22.89302,52.1020871],[22.9023325,52.0635937],[22.7836329,52.0686942],[22.6994214,52.1177648],[22.6229011,52.0187448],[22.5054722,52.0699306],[22.3443506,51.9960043],[22.2974552,52.0374571],[22.2536399,52.0045066],[22.0298538,52.0217134],[21.880304,51.9710253],[21.9128904,51.8865383],[21.8453244,51.8412433],[21.9273776,51.837862],[21.9563839,51.7938737],[21.8352879,51.7444511],[21.9033121,51.7041026],[21.7492224,51.6120464],[21.647225,51.6603151],[21.6155463,51.6175626],[21.6947627,51.5704731],[21.8250067,51.5615382],[21.8731761,51.4749136],[21.8397039,51.4175296],[21.7609553,51.4012535],[21.8537801,51.3517485],[21.7830449,51.2937436],[21.8601111,51.2747024],[21.8082427,51.2543328],[21.7833074,51.1790485],[21.826376,51.0470327],[21.8128795,50.9345382],[21.8757098,50.779896],[22.0519558,50.8205481],[22.1629731,50.7972987],[22.1523122,50.7717882],[22.2055815,50.7540106],[22.1417937,50.6696898],[22.5197346,50.5832345],[22.5288244,50.512672],[22.5769879,50.5042993],[22.5056396,50.4837157],[22.5861223,50.4773314],[22.4444625,50.4621252],[22.4594909,50.4341868],[22.4029451,50.3952465],[22.5070059,50.3436204],[22.6879673,50.3569178],[22.6164088,50.3074218],[23.0189596,50.2871462],[23.1787117,50.3954049],[23.250233,50.3588831],[23.3581464,50.4105416],[23.435795,50.346991],[23.4032639,50.3012991],[23.5199464,50.2954639],[23.5087972,50.2613043],[23.5438962,50.2530365],[23.5479126,50.2518154]]]}},{"type":"Feature","properties":{"countrySlug":"poland"},"geometry":{"type":"Polygon","coordinates":[[[22.7919888,54.3633414],[21.4461125,54.3182154],[19.7543649,54.4330137],[19.6775461,54.3589938],[19.42862,54.28392],[19.3743254,54.2198268],[19.4053112,54.2830629],[19.258571383550972,54.28162911140202],[19.3262703,54.2020801],[19.2470023,54.1671583],[19.2171534,54.1155713],[19.2553548,54.0857355],[19.2207306,54.069509],[19.2748818,54.0529898],[19.2789019,54.0129506],[19.4107388,53.9993944],[19.3743251,53.9353602],[19.581343,53.927063],[19.4808718,53.7751068],[19.3217737,53.8130739],[19.3041696,53.7540444],[19.2129456,53.6914251],[19.2122802,53.6433662],[19.1292765,53.5882606],[19.1997008,53.5700594],[19.2199851,53.5283625],[19.1891991,53.5115588],[19.2591984,53.3964829],[19.3692067,53.4128363],[19.4287345,53.3592292],[19.5198831,53.3702599],[19.5197281,53.3304532],[19.6901103,53.3362915],[19.7305661,53.2709455],[19.6895399,53.2338967],[19.7436577,53.2282023],[19.7615952,53.1517965],[19.8410694,53.1409934],[19.8254222,53.1732772],[19.8931105,53.2131575],[19.9781653,53.1439146],[20.3537982,53.1470743],[20.3253827,53.1602967],[20.4584506,53.2467071],[20.5982152,53.2354185],[20.7425322,53.3179575],[20.8514131,53.2925506],[20.9271094,53.3201773],[20.9363204,53.359772],[21.0558096,53.3345945],[21.2502696,53.4197309],[21.4374778,53.4330342],[21.4325987,53.4628345],[21.6867348,53.4927567],[21.8811326,53.4613433],[21.9220344,53.5077594],[22.03012,53.4968563],[22.7035022,53.7673548],[22.78163,53.9197402],[22.5998581,54.0527916],[22.6367753,54.1065871],[22.5914095,54.1506508],[22.5471289,54.1377288],[22.4765552,54.2013057],[22.5760261,54.2671515],[22.7791376,54.2935671],[22.8058453,54.348984],[22.7919888,54.3633414]]]}},{"type":"Feature","properties":{"countrySlug":"poland"},"geometry":{"type":"Polygon","coordinates":[[[18.6729514,51.0569019],[18.6954867,51.0157757],[18.6123848,50.955138],[18.6549504,50.9165789],[18.6179564,50.8548692],[18.5043979,50.8004633],[18.5817186,50.7524524],[18.4782635,50.7030993],[18.5174677,50.6254593],[18.6017269,50.6044531],[18.6074733,50.5500111],[18.4370475,50.5459248],[18.4812912,50.4582755],[18.3796091,50.4817426],[18.3648765,50.4191214],[18.3963101,50.3889604],[18.3577446,50.3565689],[18.4258663,50.2489656],[18.0597806,50.1746524],[18.0726242,50.1094264],[18.0350358,50.065767],[18.3179638,49.9156826],[18.3329582,49.949387],[18.5237418,49.8994681],[18.5737618,49.9210846],[18.5695552,49.8734519],[18.6057282,49.8615992],[18.5688359,49.8293942],[18.6252246,49.7223799],[18.8045887,49.6788782],[18.8591815,49.5505841],[18.8372284,49.5236291],[18.971646,49.504336],[18.971181,49.402063],[19.187451,49.409665],[19.2606883,49.5312291],[19.3622997,49.5360882],[19.4807649,49.6243829],[19.4610337,49.6753915],[19.3702167,49.6933022],[19.4449353,49.7340338],[19.4201846,49.7721691],[19.3167844,49.7778868],[19.2708556,49.8606639],[19.1664297,49.8561793],[19.1885257,49.9521761],[19.0831232,49.9505996],[19.124342,49.9634682],[19.1362632,50.0352995],[19.2335705,50.0657427],[19.2504424,50.1317037],[19.3499543,50.1506172],[19.3676867,50.179104],[19.3352271,50.188509],[19.4419756,50.2265744],[19.3234428,50.2595543],[19.414298,50.2979996],[19.4153566,50.3317859],[19.483944,50.3235974],[19.4564266,50.3662145],[19.5179121,50.4163495],[19.658161,50.4081758],[19.7007814,50.4497214],[19.8535121,50.4351436],[19.9740656,50.4769743],[19.901231,50.53973],[19.7886432,50.5544802],[19.9221834,50.6394197],[19.8310998,50.6514329],[19.8716583,50.6930447],[19.8107676,50.7254125],[19.7129538,50.7291559],[19.7057957,50.7618188],[19.7955185,50.7838396],[19.7841678,50.8178164],[19.8233724,50.8056131],[19.8052461,50.8470715],[19.682928,50.8452178],[19.5744475,50.908121],[19.4711159,50.8858845],[19.4322906,50.9648991],[19.3226874,51.0461906],[19.2431423,51.0368447],[19.2570099,51.0029619],[19.2042543,50.9824184],[18.9230197,51.0994297],[18.8933129,51.0602118],[18.6881844,51.0607254],[18.6729514,51.0569019]]]}},{"type":"Feature","properties":{"countrySlug":"hungary"},"geometry":{"type":"Polygon","coordinates":[[[18.966261660090254,47.005190416175196],[18.972116042302332,47.04178094354609],[19.064011326112222,47.01875876607096],[19.24236120589069,47.11679328260527],[19.327075268386068,47.09081201357344],[19.287055176951526,47.0305822057461],[19.322656992696068,46.98846222140628],[19.458331858726922,47.03008961460682],[19.480339561803362,47.088690533719614],[19.572064444186708,47.086436368862564],[19.648246242536402,46.96375575297088],[19.759007445378245,46.91597140047452],[19.863682867597333,46.964586407329705],[19.95922961978073,46.941530945870966],[20.087810748727634,47.012742326448176],[20.02134083274734,47.101253695794355],[20.058531919146333,47.18765662614953],[19.963707185177782,47.23501623768385],[19.957823471595134,47.31793828297418],[19.728091205324688,47.4635076671247],[19.756974890266804,47.520430838706204],[19.640905270221765,47.531519154671514],[19.58116953164972,47.717826716232196],[19.514405430888587,47.73617633686757],[19.457975269779922,47.68344876389557],[19.412916722851094,47.803661651628886],[19.128754758269906,47.84354692912689],[18.965615430461355,47.92397692744544],[19.01425635723359,47.9919785749305],[18.9519759129804,48.08120915848599],[18.82407943470355,48.0411711889364],[18.77796063026932,47.95654431149774],[18.777675359314003,47.877034282250065],[18.93485965556863,47.72196494017771],[18.88217367615738,47.69713066466386],[18.870673690926992,47.64346265503332],[18.772790094601078,47.66021732031146],[18.765034290169638,47.61552626678673],[18.69081407152362,47.5746641677552],[18.69240140492758,47.52511536258805],[18.78071824980293,47.437196563676196],[18.75150650371222,47.4009596917798],[18.911489498362016,47.258934956495295],[18.874952754697347,47.15923874411101],[18.913436947981722,47.04611049231005],[18.966261660090254,47.005190416175196]]]}},{"type":"Feature","properties":{"countrySlug":"hungary"},"geometry":{"type":"Polygon","coordinates":[[[22.074133389178257,47.581475006106984],[22.139664500813865,47.596084424300216],[22.28489157365175,47.76386841973277],[22.39506321657484,47.74502182276632],[22.437347218647915,47.81545933021869],[22.55390208446579,47.76282014520211],[22.75986771416666,47.84083323732693],[22.7479814243639,47.88166445658004],[22.89066101547047,47.95309406597181],[22.844022645969687,47.98423830363055],[22.882838513949253,48.04147635786103],[22.798854744719392,48.11804198254697],[22.59406823496704,48.08885731520047],[22.558260476942053,48.17904099539612],[22.586926936839063,48.191505746460166],[22.499276119784156,48.247170565305],[22.377414453475694,48.233778910430544],[22.326731313756966,48.347017457399545],[22.249708155835606,48.3849225615196],[22.28869518638851,48.40039236778989],[22.21404928642761,48.4149107630476],[21.902814130078127,48.23633744485221],[21.650128903981965,48.16828592474218],[21.427192956079693,48.17489920908224],[21.355941598896152,48.03805131214256],[21.197117182129375,48.053117507608306],[21.033339546514412,47.99186671195599],[21.049266943301518,47.9540360175144],[21.217331999714077,47.90521175988499],[21.490467100165404,47.928054650475985],[21.48228421239338,47.782268286499175],[21.558310144956295,47.70323536923695],[21.72027843614694,47.654273655630334],[21.85997516929939,47.72226362761393],[21.934901627734916,47.69452057898559],[21.95340523824666,47.623897485293696],[22.032741346748935,47.66530641446502],[22.052692902259935,47.59478961939675],[22.074133389178257,47.581475006106984]]]}},{"type":"Feature","properties":{"countrySlug":"hungary"},"geometry":{"type":"Polygon","coordinates":[[[21.066295863214805,47.94640953489102],[21.001550569806227,47.896229379841486],[20.979484685543696,47.791151981375265],[20.78797866671374,47.672948621975706],[20.764360237620394,47.61933460524426],[20.932473481461557,47.539603007310745],[20.94606265698883,47.21329598699231],[21.240984512685884,47.12815530830193],[21.229554913152754,46.99684683172859],[21.503586163948228,46.936152346731035],[21.758794877953562,47.111616266887495],[21.838518600918007,47.211340381195214],[21.814784057440022,47.23799827930088],[21.84916871658112,47.31128995971852],[21.993039699748977,47.41079452327267],[21.989636134953287,47.53760108154546],[22.074133389178257,47.581475006106984],[22.032741346748935,47.66530641446502],[21.95340523824666,47.623897485293696],[21.934901627734916,47.69452057898559],[21.85997516929939,47.72226362761393],[21.72027843614694,47.654273655630334],[21.558310144956295,47.70323536923695],[21.48228421239338,47.782268286499175],[21.490467100165404,47.928054650475985],[21.217331999714077,47.90521175988499],[21.070186929401018,47.94443230581061],[21.066295863214805,47.94640953489102]]]}},{"type":"Feature","properties":{"countrySlug":"hungary"},"geometry":{"type":"Polygon","coordinates":[[[22.117264942752172,48.37442425961336],[21.762142057161668,48.33845963729186],[21.668230858688503,48.39534151961908],[21.632957006176184,48.501726840713275],[21.571387312521267,48.49724779312214],[21.456654900200874,48.57371045625587],[21.11639207270963,48.484071433209294],[20.847144977183063,48.574566121267935],[20.513644212415443,48.53549277273311],[20.299424743075576,48.27429980219682],[20.12750144736964,48.27267958306817],[20.123849979142335,48.23154932969504],[20.03140103407253,48.169046243487344],[20.141715634181594,48.13899107186228],[20.202595144604345,48.07809371377914],[20.316362260405413,48.07950709916065],[20.37583143469658,48.145735564250856],[20.436710944221034,48.1306768733902],[20.479491140807113,48.07353920872282],[20.42489937923233,47.966293899633115],[20.474114234249782,47.91807197288847],[20.403332988810746,47.86690761297325],[20.45504531482817,47.852713703208735],[20.59972229713577,47.68172754806068],[20.779668704432993,47.664212839208346],[20.979484685543696,47.791151981375265],[21.001550569806227,47.896229379841486],[21.066295863214805,47.94640953489102],[21.03424216203382,47.969612275079555],[21.051993592496785,48.01109245566556],[21.197117182129375,48.053117507608306],[21.355941598896152,48.03805131214256],[21.427192956079693,48.17489920908224],[21.6861218578793,48.17587888248545],[22.0442150194267,48.29379250645053],[22.114731825999,48.36533751476048],[22.117264942752172,48.37442425961336]]]}},{"type":"Feature","properties":{"countrySlug":"hungary"},"geometry":{"type":"Polygon","coordinates":[[[19.542927317125077,47.73905412250775],[19.590626263732304,47.82279985068021],[19.670056395302197,47.81220430921428],[19.743452377818528,47.8645772747671],[19.73969148116862,47.90185011615273],[19.803626719726424,47.877471667507336],[19.80083529930414,47.928457155182855],[19.92706769670241,47.94834467785654],[19.99585031280526,48.024408708346186],[19.945574649845355,48.07770231464434],[20.05121442857711,48.15119634727648],[20.007611573903944,48.18572007687618],[19.88893885651413,48.12380583569956],[19.86735235007859,48.16981512800305],[19.776884425286198,48.15802015243918],[19.755660266214534,48.21675055950976],[19.69693248555751,48.20600356594889],[19.63485752569204,48.249383255485384],[19.51983627652953,48.20722031994512],[19.459282761758743,48.08255592638017],[18.96369319475508,48.06491770070511],[19.01425635723359,47.9919785749305],[18.965615430461355,47.92397692744544],[19.128754758269906,47.84354692912689],[19.412916722851094,47.803661651628886],[19.457975269779922,47.68344876389557],[19.539277492198494,47.73905412250775],[19.542927317125077,47.73905412250775]]]}},{"type":"Feature","properties":{"countrySlug":"hungary"},"geometry":{"type":"Polygon","coordinates":[[[19.64568212341902,47.57035370876741],[19.95889323753761,47.67894735377661],[20.00542806232977,47.56249622050217],[20.068544261028876,47.55347215888759],[20.07362565060373,47.593166405002535],[20.140528821350642,47.608545246303095],[20.288916073953885,47.4484985919612],[20.37476480207772,47.41720084504226],[20.644813877812567,47.56824824858484],[20.70964437648422,47.65768104513404],[20.570340294247615,47.70175235552637],[20.45504531482817,47.852713703208735],[20.403332988810746,47.86690761297325],[20.474114234249782,47.91807197288847],[20.42489937923233,47.966293899633115],[20.479491140807113,48.07353920872282],[20.436710944221034,48.1306768733902],[20.37583143469658,48.145735564250856],[20.316362260405413,48.07950709916065],[20.202595144604345,48.07809371377914],[20.141715634181594,48.13899107186228],[20.05121442857711,48.15119634727648],[19.945574649845355,48.07770231464434],[19.99585031280526,48.024408708346186],[19.92706769670241,47.94834467785654],[19.80083529930414,47.928457155182855],[19.803626719726424,47.877471667507336],[19.73969148116862,47.90185011615273],[19.743452377818528,47.8645772747671],[19.670056395302197,47.81220430921428],[19.588219290810514,47.82010627401445],[19.542927317125077,47.73905412250775],[19.643579685078237,47.570796984619165],[19.64568212341902,47.57035370876741]]]}},{"type":"Feature","properties":{"countrySlug":"hungary"},"geometry":{"type":"Polygon","coordinates":[[[20.94646795605513,47.21308051951519],[20.830769309808204,47.13708247757205],[20.785822419875956,47.0390819259884],[20.680450460155214,47.011371028213546],[20.702915547645034,46.95608862071879],[20.668148150018567,46.898373456915635],[20.468101892698257,46.87132092085915],[20.392148500890926,46.811134989447],[20.572404086476297,46.74794965841318],[20.54352040153418,46.62227493357159],[20.60503195131946,46.52428487908497],[20.534427390123483,46.39643019520133],[20.56010177633965,46.36931004938441],[20.722973662213292,46.37890511030247],[20.78462453931411,46.27627124298738],[20.858061345738804,46.29955172742109],[21.064692494493954,46.26085751930509],[21.18034145293268,46.31990080293531],[21.21198751090327,46.414597048839255],[21.286116357257697,46.423250096935305],[21.307838551872123,46.480901992531415],[21.26797669038973,46.52106497650095],[21.312402887156225,46.62042830432193],[21.40490674891663,46.626279829721966],[21.44213809268797,46.66293610244742],[21.419080287988095,46.6853421128298],[21.49051893984938,46.69081114505849],[21.524585046423795,46.73269675006918],[21.47555410098778,46.75764085350335],[21.518939058767558,46.84049447080133],[21.587879539623145,46.86228005855378],[21.581698668925753,46.923037860254],[21.671083568241556,47.00286041022332],[21.634761081619388,47.02473478093026],[21.503586163948228,46.936152346731035],[21.41029830459854,46.935400001085895],[21.22297334423996,47.00037369573636],[21.2362099373064,47.131403643706506],[20.954509983627702,47.208805169443906],[20.94646795605513,47.21308051951519]]]}},{"type":"Feature","properties":{"countrySlug":"hungary"},"geometry":{"type":"Polygon","coordinates":[[[20.415229094918402,46.782064899432726],[20.302288150033178,46.72888794058838],[20.228608011527797,46.76568795403307],[20.172194565371683,46.72101614337305],[20.04390621085048,46.767405361502824],[19.96932345682569,46.702116851231494],[19.996067608984333,46.662669490935],[19.974329962838453,46.581659045050344],[19.772358126282313,46.51774100574028],[19.853146860904815,46.4957112908412],[19.90754446600397,46.396614640141195],[19.67219592808567,46.32260233260729],[19.65778751596872,46.250015534490444],[19.70354504421215,46.1782973321404],[19.821657166945442,46.1308254756903],[19.94178416284234,46.17785102727231],[20.07363396286968,46.14801117485325],[20.10543896089939,46.182704024773045],[20.268117011398033,46.12964613217929],[20.36149301690409,46.178304755693205],[20.472204404175613,46.16271407569394],[20.512044949268102,46.20352424119545],[20.63829687693601,46.15147036408257],[20.752719102362505,46.2180271326942],[20.78462453931411,46.27627124298738],[20.722973662213292,46.37890511030247],[20.6435435306434,46.3541759511927],[20.534427390123483,46.39643019520133],[20.60503195131946,46.52428487908497],[20.54352040153418,46.62227493357159],[20.572404086476297,46.74794965841318],[20.422369392812357,46.78568663011907],[20.415229094918402,46.782064899432726]]]}},{"type":"Feature","properties":{"countrySlug":"hungary"},"geometry":{"type":"Polygon","coordinates":[[[20.074690258064606,46.981517327343056],[20.088334933662168,46.92449909799171],[20.142525272272394,46.903764054938165],[20.08109729724947,46.84806174740578],[20.10282692144,46.815470537959186],[19.994195519033894,46.789532118520015],[20.157986734481085,46.7215890931775],[20.228608011527797,46.76568795403307],[20.315125343141176,46.73182095140925],[20.40685778484766,46.773049521131725],[20.393753150703276,46.8201031249269],[20.457404232373733,46.86711558528481],[20.668148150018567,46.898373456915635],[20.702915547645034,46.95608862071879],[20.680450460155214,47.011371028213546],[20.785822419875956,47.0390819259884],[20.830769309808204,47.13708247757205],[20.955979083053478,47.23599374239376],[20.913169505269252,47.57404545597558],[20.795876548690444,47.590693441415056],[20.779668704432993,47.664212839208346],[20.70836177995767,47.66822497140299],[20.644813877812567,47.56824824858484],[20.364067141753196,47.41665794512062],[20.140528821350642,47.608545246303095],[20.07362565060373,47.593166405002535],[20.068544261028876,47.55347215888759],[20.00542806232977,47.56249622050217],[19.95889323753761,47.67894735377661],[19.833730606081872,47.66021732031146],[19.77869114123763,47.59815853166339],[19.6810214984597,47.605609765798704],[19.640905270221765,47.531519154671514],[19.756974890266804,47.520430838706204],[19.728091205324688,47.4635076671247],[19.957823471595134,47.31793828297418],[19.963707185177782,47.23501623768385],[20.058531919146333,47.18765662614953],[20.02134083274734,47.101253695794355],[20.07309076673414,46.984609075181254],[20.074690258064606,46.981517327343056]]]}},{"type":"Feature","properties":{"countrySlug":"hungary"},"geometry":{"type":"Polygon","coordinates":[[[18.855395528767588,47.811136373343516],[18.74237783311594,47.80963950428196],[18.666914156416738,47.74686331084092],[17.890216143601606,47.732952123070845],[17.951477184808937,47.54733490942965],[17.9038725940743,47.51898593459907],[17.890767959031564,47.426067414014994],[17.98962103158499,47.32606245638959],[18.039766316657904,47.32464619800493],[18.125314172941955,47.44506217714837],[18.20108570441323,47.47497677488599],[18.320279041585763,47.401092440672244],[18.434893779841218,47.483652873191375],[18.53605086041847,47.47925716223011],[18.505081131978045,47.55293066553611],[18.688011132419888,47.57260132422772],[18.765034290169638,47.61552626678673],[18.772790094601078,47.66021732031146],[18.878162053423466,47.64958863973061],[18.88217367615738,47.69713066466386],[18.93485965556863,47.72196494017771],[18.869252907388727,47.808477397656986],[18.855395528767588,47.811136373343516]]]}},{"type":"Feature","properties":{"countrySlug":"hungary"},"geometry":{"type":"Polygon","coordinates":[[[17.890216143601606,47.732952123070845],[17.75146064290999,47.73925396286768],[17.58790529522514,47.80827283367182],[17.387220601448178,47.9737170999997],[17.196589616857295,48.01257901781133],[17.11382300370326,47.9657390903061],[17.114735870760228,47.887646080138154],[17.03278475217695,47.86277840087388],[17.08582841396003,47.8071871351255],[17.095261373547544,47.70694981579476],[16.889561996738223,47.68728885938981],[16.878303303037114,47.71595860986406],[16.76514284208332,47.67972593714239],[16.623625565737996,47.76600274365342],[16.430998445182865,47.6678254061199],[16.654395271334067,47.62470133434806],[16.721971776662144,47.54233966844828],[16.65906915066512,47.49907094054862],[16.663506683673518,47.45296591220364],[16.731408967355378,47.41213356365131],[16.83036233052212,47.450126289199886],[16.97932725734512,47.411952580015225],[17.065079706731808,47.45333813033051],[17.074664810763352,47.39647982373424],[17.440396438799723,47.49080234707844],[17.49495450905971,47.43149518868364],[17.562349772427638,47.47146254725618],[17.77112532048642,47.469191913592],[17.809123412014287,47.387557573617926],[17.753035576402567,47.322470751609785],[17.80358202392847,47.26624066069047],[17.816954100007763,47.31975131733151],[17.910757227883835,47.38454415305347],[17.9038725940743,47.51898593459907],[17.951477184808937,47.54733490942965],[17.912783745148943,47.709484496053506],[17.890216143601606,47.732952123070845]]]}},{"type":"Feature","properties":{"countrySlug":"hungary"},"geometry":{"type":"Polygon","coordinates":[[[16.663506683673518,47.45296591220364],[16.461403003956093,47.408472655982564],[16.44932881568434,47.35163751916173],[16.50950501207143,47.28425611511847],[16.435562780466967,47.19831653543156],[16.468121705494525,47.14950037032082],[16.55027974061062,47.13666834135768],[16.48010308561561,47.09680722281786],[16.536681825076244,47.058600556262206],[16.461560473523434,47.02911738227806],[16.535271061257447,46.996895243634015],[16.30506639697012,47.010941834580194],[16.12729934171324,46.86868648135794],[16.300560678147008,46.87349202453004],[16.363660161904363,46.834341541547246],[16.332516871067128,46.78510957786193],[16.385395634893428,46.710619152956895],[16.43762445785967,46.74793820517516],[16.400851247967807,46.78886833379062],[16.603103897881738,46.83634262303622],[16.670699742476188,46.91737518615332],[16.82819070542496,46.91999835734242],[16.886257607761024,46.972515105956404],[16.987350502812944,46.95006431208941],[17.06704807631769,47.03087954088426],[17.107699187526975,47.01410629596876],[17.257637601555473,47.07677480434239],[17.258335623972243,47.30396450318153],[17.33181518125116,47.3362470676247],[17.23744175459302,47.382964596927195],[17.216265827135658,47.439809512783256],[17.074664810763352,47.39647982373424],[17.07740341204368,47.45264369468356],[16.97932725734512,47.411952580015225],[16.83036233052212,47.450126289199886],[16.750397315980933,47.40996172200897],[16.687548558318213,47.43348523256515],[16.663506683673518,47.45296591220364]]]}},{"type":"Feature","properties":{"countrySlug":"hungary"},"geometry":{"type":"Polygon","coordinates":[[[16.385395634893428,46.710619152956895],[16.437598340098248,46.68472887413475],[16.413439804305426,46.629158197554204],[16.53292661646981,46.55826765094565],[16.55797314168666,46.4881834687946],[16.8844496355901,46.34813821055866],[16.909905306503504,46.29961180548861],[17.01798413467486,46.28919325860278],[17.093155693944027,46.31045157518679],[17.091208243426195,46.40238604882887],[17.252472660574256,46.413622618980526],[17.271444715557266,46.659913827060336],[17.304003640990345,46.69603140142715],[17.465702825668075,46.72801181958914],[17.366687178709356,46.80715518045906],[17.360345795049057,46.87598263129996],[17.27271055767517,46.900338743115185],[17.270568363183486,46.97506816471031],[17.07400155584304,47.031426405414265],[16.987350502812944,46.95006431208941],[16.886257607761024,46.972515105956404],[16.82819070542496,46.91999835734242],[16.670699742476188,46.91737518615332],[16.603103897881738,46.83634262303622],[16.400851247967807,46.78886833379062],[16.43762445785967,46.74793820517516],[16.392075823349558,46.71299420785738],[16.385395634893428,46.710619152956895]]]}},{"type":"Feature","properties":{"countrySlug":"hungary"},"geometry":{"type":"Polygon","coordinates":[[[17.910757227883835,47.38454415305347],[17.797698310345822,47.26660362705752],[17.753035576402567,47.322470751609785],[17.809123412014287,47.387557573617926],[17.77112532048642,47.469191913592],[17.562349772427638,47.47146254725618],[17.524640518009562,47.43149518868364],[17.45029177511634,47.49026020647847],[17.34598958223654,47.44415781992302],[17.22597252498275,47.454264030464344],[17.23744175459302,47.382964596927195],[17.331547740214546,47.330628214582816],[17.258335623972243,47.30396450318153],[17.257637601555473,47.07677480434239],[17.119472688414817,47.02381932766025],[17.270568363183486,46.97506816471031],[17.27271055767517,46.900338743115185],[17.360345795049057,46.87598263129996],[17.366687178709356,46.80715518045906],[17.46570387864375,46.72748550114312],[17.922014638074188,46.85420416419629],[18.089069309879278,46.95170980646486],[18.206829159538927,46.93550581012596],[18.27194700950696,46.98576375070354],[18.219913587877784,47.04364717145535],[18.241175782693233,47.195111765883155],[18.168342684533798,47.249021224027274],[18.12510930046335,47.23540333954679],[17.952557647890046,47.38442863474722],[17.910757227883835,47.38454415305347]]]}},{"type":"Feature","properties":{"countrySlug":"hungary"},"geometry":{"type":"Polygon","coordinates":[[[18.826461224105003,45.91737326309823],[18.798062723679436,45.93545312126133],[18.86500630783422,46.02827796348811],[18.740856387622387,46.046655298298106],[18.79892690477925,46.09682173551511],[18.58506040996923,46.18776647986232],[18.582017520556235,46.23977449166472],[18.530178842900682,46.27129220113636],[18.3856780732209,46.199359898055775],[18.427438698129208,46.25345262544732],[18.372058097157492,46.28290163620619],[18.39502583247304,46.31932918810128],[18.34672907903206,46.371355300263644],[18.225999367602242,46.36380483947073],[18.222347900126806,46.319060190217385],[18.15081563705911,46.2699460206415],[18.00008302877609,46.29269203007408],[17.96405520856763,46.221596237819256],[17.882685281922647,46.188082466339324],[17.746230675530285,46.20881512784621],[17.693931000437374,46.061542793060084],[17.648287647563563,46.03877438791534],[17.659223034451657,45.94661513035277],[17.749787053637874,45.884216617752486],[17.659236731134058,45.854720129575355],[17.85919484780726,45.78639590786122],[18.14251456887638,45.80286277142375],[18.443953802330782,45.763328082301825],[18.573996424261168,45.81741770720765],[18.678131490559338,45.91910771319823],[18.813448590110625,45.911510845705436],[18.826461224105003,45.91737326309823]]]}},{"type":"Feature","properties":{"countrySlug":"hungary"},"geometry":{"type":"Polygon","coordinates":[[[16.909905306503504,46.29961180548861],[16.968106727440045,46.23746319772948],[17.175322396683725,46.15868769974111],[17.301794870744914,46.02938020243215],[17.28335113453352,46.0055222406624],[17.39038487443048,45.94459794794801],[17.569009496948468,45.944546870719364],[17.657878061330734,45.859686000822705],[17.740962671734962,45.87426024189216],[17.699636419097374,45.94793749428044],[17.659223034451657,45.94661513035277],[17.648287647563563,46.03877438791534],[17.693931000437374,46.061542793060084],[17.746230675530285,46.20881512784621],[17.882685281922647,46.188082466339324],[17.96405520856763,46.221596237819256],[17.990151034907683,46.28825124336112],[18.094144850523435,46.27681119542228],[18.12619256988137,46.320741402348176],[18.06107471991311,46.38060088225325],[18.0948508005726,46.407463807318095],[18.100328003133086,46.53718465762773],[18.13866841925943,46.55183476204979],[18.12257761622743,46.61723477667425],[18.194828000618088,46.64398102177665],[18.191906826637876,46.73521981781374],[18.23027158621028,46.75630435421181],[18.215860457587723,46.89674591388177],[18.089069309879278,46.95170980646486],[17.930839019977043,46.85774158105153],[17.55470127714682,46.735353290109],[17.317696646493175,46.707717467147404],[17.271444715557266,46.659913827060336],[17.246988641597568,46.40674774612728],[17.09997176716365,46.40587758286978],[17.093155693944027,46.31045157518679],[16.938528185523694,46.29901616489752],[16.909905306503504,46.29961180548861]]]}},{"type":"Feature","properties":{"countrySlug":"hungary"},"geometry":{"type":"Polygon","coordinates":[[[18.79732522643019,46.098107740245894],[18.89726094333804,46.19197948767817],[18.836707428836917,46.194928400386004],[18.93347133714485,46.268599807082865],[18.907283463132615,46.37308266739245],[18.938663268008725,46.4438938676937],[18.873514228533907,46.5867279340128],[19.015629371958255,46.67432199645765],[18.9316456029581,46.82131584362111],[18.68182431827711,46.64738186241635],[18.5850969246888,46.74496243212889],[18.481278836610613,46.69850968461952],[18.442767258184972,46.7597783824998],[18.2043705047422,46.75176787178799],[18.194828000618088,46.64398102177665],[18.12257761622743,46.61723477667425],[18.13866841925943,46.55183476204979],[18.100328003133086,46.53718465762773],[18.0948508005726,46.407463807318095],[18.06107471991311,46.38060088225325],[18.116151031853747,46.35372473464554],[18.106563800568267,46.28204863351351],[18.217783564659896,46.313806069975044],[18.225999367602242,46.36380483947073],[18.35471362328093,46.36960845641471],[18.39502583247304,46.31932918810128],[18.372058097157492,46.28290163620619],[18.427438698129208,46.25345262544732],[18.3856780732209,46.199359898055775],[18.530178842900682,46.27129220113636],[18.582017520556235,46.23977449166472],[18.58506040996923,46.18776647986232],[18.79522674951386,46.09979262987656],[18.79732522643019,46.098107740245894]]]}},{"type":"Feature","properties":{"countrySlug":"hungary"},"geometry":{"type":"Polygon","coordinates":[[[18.966261660090254,47.005190416175196],[18.93407991520712,46.791740810088186],[19.015629371958255,46.67432199645765],[18.873514228533907,46.5867279340128],[18.938663268008725,46.4438938676937],[18.907283463132615,46.37308266739245],[18.931341313926964,46.25913330856713],[18.836707428836917,46.194928400386004],[18.89726094333804,46.19197948767817],[18.85861623818039,46.137606901790434],[18.740856387622387,46.05024555807472],[18.86500630783422,46.02827796348811],[18.798062723679436,45.93545312126133],[18.826461224105003,45.91737326309823],[19.0069728850072,45.93197476631434],[19.009543810268838,45.96369753120041],[19.07789777556104,45.96369753120041],[19.117685904611562,46.03740120178378],[19.163778602988884,45.9974112047347],[19.304339395370505,45.993920743669264],[19.28681687549721,46.015669962075606],[19.3629750272504,46.05450681278933],[19.400399212201762,46.03373550329235],[19.52801373805221,46.112619255256504],[19.519052227139866,46.14480285384212],[19.70354504421215,46.1782973321404],[19.65778751596872,46.250015534490444],[19.67219592808567,46.32260233260729],[19.90754446600397,46.396614640141195],[19.853146860904815,46.4957112908412],[19.772358126282313,46.51774100574028],[19.974329962838453,46.581659045050344],[19.996067608984333,46.662669490935],[19.96932345682569,46.702116851231494],[20.05751497324428,46.78362357796294],[19.994730402005246,46.7942928182448],[20.10282692144,46.815470537959186],[20.08109729724947,46.84806174740578],[20.142525272272394,46.903764054938165],[20.04109602462188,46.99014500169011],[19.95922961978073,46.941530945870966],[19.863682867597333,46.964586407329705],[19.81347518015491,46.91638710040803],[19.750791641537603,46.91846555108947],[19.648246242536402,46.96375575297088],[19.5995599993513,47.06645134814619],[19.539347288601107,47.09439181898523],[19.338480021416785,46.98908492606887],[19.287055176951526,47.0305822057461],[19.327075268386068,47.09081201357344],[19.263783152604844,47.11692580752009],[19.064011326112222,47.01875876607096],[18.972116042302332,47.04178094354609],[18.96699181566487,47.01066753492165],[18.966261660090254,47.005190416175196]]]}},{"type":"Feature","properties":{"countrySlug":"hungary"},"geometry":{"type":"Polygon","coordinates":[[[18.69081407152362,47.5746641677552],[18.505081131978045,47.55293066553611],[18.53844713620174,47.48110803269378],[18.434893779841218,47.483652873191375],[18.320279041585763,47.401092440672244],[18.211868946336438,47.47474539241745],[18.132802535438657,47.45175393606536],[18.046034476842806,47.33569200581434],[18.12510930046335,47.23540333954679],[18.168342684533798,47.249021224027274],[18.241175782693233,47.195111765883155],[18.219913587877784,47.04364717145535],[18.27194700950696,46.98576375070354],[18.197987940205962,46.93073153668166],[18.232413780701904,46.75203473412148],[18.442767258184972,46.7597783824998],[18.481278836610613,46.69850968461952],[18.5850969246888,46.74496243212889],[18.68182431827711,46.64738186241635],[18.93159088621013,46.821321882490054],[18.972116042302332,46.914308568492174],[18.966261660090254,47.005190416175196],[18.87685456181572,47.12204743789732],[18.911489498362016,47.258934956495295],[18.75150650371222,47.4009596917798],[18.76915526661969,47.46682636420894],[18.69240140492758,47.52511536258805],[18.69081407152362,47.5746641677552]]]}},{"type":"Feature","properties":{"countrySlug":"romania"},"geometry":{"type":"Polygon","coordinates":[[[22.8119744327142,46.56900751219556],[22.676910498354868,46.52324725128961],[22.71950786116378,46.43104258549365],[22.682093765730926,46.38585556463757],[22.811771620569036,46.32556938794046],[22.933200255171858,46.326617470951014],[22.981818656620568,46.217838631062406],[23.095745895833872,46.18216182028428],[23.098641969013443,46.13957539936377],[23.054996497883415,46.14015545503331],[23.101751731495387,46.04612353194418],[23.242460559277816,46.038332520330876],[23.26508956166988,45.93361758933158],[23.337692880501066,45.91805523728853],[23.303198434423855,45.89387533870674],[23.38096507450915,45.75932848830819],[23.36597531751936,45.70718895541669],[23.419403013168886,45.675840700956456],[23.37021903325548,45.62730269941982],[23.499516500548115,45.579748027887824],[23.612981841422577,45.45614481330186],[23.703546814519942,45.49676330617126],[23.665058620539902,45.49336884557589],[23.617898034197637,45.56007318915926],[23.644765384040994,45.63987671892601],[23.58883100423199,45.70256777409963],[23.66429906500739,45.759067629615004],[23.61659330430034,45.80197040680695],[23.73448452909693,45.83073914907202],[23.773381091027748,45.880712429255475],[23.733214708972845,45.91437111919165],[23.870090700894355,45.94865098927339],[23.8456660119112,46.00781323560914],[23.89128867109407,46.04468913948943],[23.97962431428847,46.03821629155447],[24.006157449989413,46.00017258525955],[24.0419356947524,46.09616433133343],[24.2133068097756,46.15420049314549],[24.189691880123085,46.223932993180874],[24.251665997238014,46.24038934222917],[24.163683543408506,46.27240019998471],[24.143153346811413,46.331745386244954],[23.997283965954665,46.37056481551793],[24.039501897610798,46.45751544554235],[23.992170922253603,46.426783350442264],[23.909627519541825,46.46352841779688],[23.70152321816753,46.45751408738796],[23.65094674430647,46.4276081474314],[23.660915605885076,46.39669807950872],[23.591919143862064,46.436151828015575],[23.611895957335257,46.48452546707669],[23.453863138421216,46.52838461976669],[23.05187340358441,46.466044109125995],[22.999922774639174,46.55257486040192],[22.810640025346306,46.56363241550996],[22.8119744327142,46.56900751219556]]]}},{"type":"Feature","properties":{"countrySlug":"romania"},"geometry":{"type":"Polygon","coordinates":[[[22.67657553656041,46.40582561118518],[22.424261507550018,46.39322220785099],[22.344453527801438,46.44771057497709],[22.32517059130863,46.51450693137677],[22.19800074054749,46.51391066293646],[22.170986689939216,46.602297044583395],[22.025824670072865,46.6543689329193],[21.952266193563837,46.61708847522404],[21.880959210230483,46.631052816967895],[21.91095736019855,46.662867774809555],[21.874411612608142,46.680034118593454],[21.647219353159937,46.664787036607486],[21.57114026175192,46.64908869842205],[21.567183371323647,46.600262628448505],[21.4557185632178,46.66704478912296],[21.410067634229936,46.62180128265483],[21.31415403783451,46.617464530633974],[21.260637938960052,46.50198319545585],[21.317465004447335,46.45064751232542],[21.29628003896839,46.40668428634918],[21.20629337187914,46.40322214151276],[21.1805468514407,46.30410131586651],[21.115535258240257,46.30162325003506],[21.066008067410863,46.24274818774308],[20.775589329022228,46.275901404323164],[20.76185368552707,46.20443603982778],[20.70529331923681,46.16092929550916],[20.940850004827574,46.03720299397731],[21.069013274219255,46.0395546224167],[21.11015482328616,45.9770602838739],[21.242171838147797,45.97139795114502],[21.284574122546683,46.020119347863606],[21.365640579140848,45.98184259040842],[21.4495506719237,46.029372368002846],[21.435364704030235,46.05939478278635],[21.515821528927443,46.067831372164484],[21.52458802413527,46.010070169260665],[21.642015480794548,45.97398854717151],[21.66767413293814,45.906200958791196],[21.73652413956341,45.989921296896135],[21.76977574670363,45.916891981632894],[21.819770613789466,45.967962294148684],[21.893950940092644,45.95263397707327],[21.96774373726695,45.99426920124148],[22.243299809095173,45.9025135728919],[22.3523328572263,45.97269327776067],[22.335984794144746,45.993564556975485],[22.43786129475651,46.012009811478634],[22.404963104558217,46.095164778248204],[22.467378780642225,46.14626852709811],[22.446581033016198,46.21722274657459],[22.6571141135468,46.23531318711875],[22.678045993706267,46.32144554431949],[22.748715266502323,46.35120729280943],[22.676459765822198,46.39372347418196],[22.67657553656041,46.40582561118518]]]}},{"type":"Feature","properties":{"countrySlug":"romania"},"geometry":{"type":"Polygon","coordinates":[[[25.321239465056728,45.38137528195076],[25.255368278045893,45.42249363247008],[25.236783343209385,45.517756937771075],[25.103213934394336,45.58519401619328],[24.772123449601835,45.61119323972603],[24.512834375045816,45.58682482466549],[24.54051839394457,45.535696760299714],[24.480953379287556,45.45552869769762],[24.505559378106458,45.38273616075895],[24.46678370881657,45.23168473811814],[24.521939805468417,45.179904886855354],[24.48134648520672,45.06093958061051],[24.5203022991553,45.04902372991669],[24.48270784165162,45.01394853659301],[24.509030499080676,44.99778153087291],[24.472319454149233,44.87434819218109],[24.421500405832614,44.827069725120154],[24.480183206778346,44.82174108448712],[24.54072225866586,44.89103977365088],[24.589936196742652,44.74984102619375],[24.725495537915748,44.720741111842834],[24.68559973579932,44.70004612171265],[24.759144559196148,44.464507446783806],[24.744607097850533,44.39533702491951],[24.961576549749136,44.376873993509385],[25.277304334118472,44.453039957429006],[25.258083354709925,44.511493370397574],[25.29737015155299,44.556254092672795],[25.168408096840782,44.6617834570148],[25.237486958678602,44.695034839530415],[25.17490594850958,44.71471719043245],[25.212863745125986,44.78211900064934],[25.197610058998382,44.90319094528719],[25.16108685638157,44.920984596638476],[25.196840166196484,45.01868176112052],[25.12458674443643,45.07035373530118],[25.17964878501471,45.093082127504665],[25.144138915907803,45.11236125502143],[25.13901582196206,45.21151939051945],[25.211420838515096,45.15632925015317],[25.25481232427957,45.182811874351216],[25.320929578748917,45.37750961406042],[25.321239465056728,45.38137528195076]]]}},{"type":"Feature","properties":{"countrySlug":"romania"},"geometry":{"type":"Polygon","coordinates":[[[27.20624654132463,46.76987159619769],[27.15074432383984,46.731196081598284],[27.098548343063374,46.76951853319687],[26.93932509571073,46.75186261080682],[26.88543986668865,46.828602055214795],[26.786896964511442,46.717099949703574],[26.742901978627344,46.76829425517938],[26.675910853516616,46.76768339476465],[26.570268523255194,46.67857961431292],[26.435639382297527,46.68781133284269],[26.381453068316365,46.64963705471187],[26.293642394798447,46.65532010184375],[26.265854351414042,46.70305012966075],[26.159269388092305,46.64167638192882],[26.08135517584954,46.65615900116002],[26.05398554982069,46.71649859603441],[25.975159384092635,46.69731262131909],[26.02007041765745,46.634486090845286],[25.99842039961178,46.60171693306195],[26.082939609763617,46.51247016426638],[26.006965212112874,46.48245615824335],[25.99522359428222,46.40675785425894],[26.164900260775898,46.3848799713879],[26.1566823441645,46.31477582100389],[26.291640108139525,46.33567349281451],[26.259057298930202,46.25021514449917],[26.326686761496635,46.22998923600058],[26.34323610499702,46.13713162877245],[26.386565375256865,46.1449789724273],[26.369264848214097,46.1123523658474],[26.45642267718207,46.03402989807463],[26.572677981033678,46.0168319206815],[26.704387720552955,46.09466016062167],[26.807043951094833,46.065723746756426],[26.93398173369601,46.06512520322607],[26.98363762372718,46.11326684630597],[27.10575204277458,46.08886119665296],[27.086303731207742,46.111411065476744],[27.12076476137815,46.1002878304736],[27.173335242094087,46.18132028930101],[27.30650795621484,46.20598768104738],[27.349965857121,46.152840250389566],[27.39373883282371,46.19426785362206],[27.50619437185602,46.155398736692455],[27.464345325029342,46.371464065984284],[27.276171859974312,46.62524538052335],[27.32659222550121,46.698005180282756],[27.207222426941986,46.765385844293185],[27.20624654132463,46.76987159619769]]]}},{"type":"Feature","properties":{"countrySlug":"romania"},"geometry":{"type":"Polygon","coordinates":[[[22.8119744327142,46.56900751219556],[22.819059922413867,46.6385667283836],[22.788040231218705,46.626971048677646],[22.713851084100376,46.76253487907471],[22.63729334506733,46.79940149283611],[22.726273837573775,46.81574784841327],[22.778967139384807,46.89702330513058],[22.670992037631663,46.950339069874715],[22.728778460183943,47.0071847669682],[22.51469638597087,47.109164246439924],[22.566645080474913,47.12514077968028],[22.492899920347014,47.186856935279884],[22.612103993218398,47.33990876178773],[22.5293641193796,47.418641219478104],[22.358173046292677,47.429326659153446],[22.340967262919428,47.49080009260663],[22.20030198395051,47.599122680489856],[22.12814466333061,47.598075747323136],[22.024063678451082,47.519856049620444],[22.023446577741616,47.391486583460875],[21.93851040667835,47.373001593392765],[21.792606868305814,47.10657418935701],[21.648896825541538,47.04054956469969],[21.68157069875926,46.96490294364145],[21.598695965052404,46.92744907689883],[21.603317582429895,46.8687130151278],[21.5202264311274,46.8372619484066],[21.483218577132288,46.7646909235182],[21.52933830362016,46.7207575041725],[21.427663158420017,46.68911918929424],[21.546179185637612,46.6013745237466],[21.57114026175192,46.64908869842205],[21.647219353159937,46.664787036607486],[21.874411612608142,46.680034118593454],[21.91095736019855,46.662867774809555],[21.880959210230483,46.631052816967895],[21.952266193563837,46.61708847522404],[22.025824670072865,46.6543689329193],[22.170986689939216,46.602297044583395],[22.19800074054749,46.51391066293646],[22.32517059130863,46.51450693137677],[22.344453527801438,46.44771057497709],[22.452794701554538,46.384997766890095],[22.67657553656041,46.40582561118518],[22.71950786116378,46.43104258549365],[22.676910498354868,46.52324725128961],[22.79637851739571,46.566834832248745],[22.8119744327142,46.56900751219556]]]}},{"type":"Feature","properties":{"countrySlug":"romania"},"geometry":{"type":"Polygon","coordinates":[[[24.960837263263365,47.5968508413438],[24.659584391029444,47.55397273969162],[24.386617801873278,47.608332854110955],[24.343117528291366,47.56593760135481],[24.303063383083714,47.579119614534875],[24.240371527262464,47.50012156206624],[24.12671362165987,47.49929501756684],[24.124226943475318,47.437785965551434],[24.02271468135774,47.361948187832525],[24.021173404151085,47.31414660451977],[23.928280441044215,47.300650748568025],[23.958912518273774,47.16152865978478],[24.01718117763235,47.177704786788055],[24.017142672409868,47.14316262619207],[24.14721996947141,47.08962647142105],[24.097789592922453,46.989115506691384],[24.175510914085223,46.963165503576676],[24.161534401433936,46.93356751702698],[24.226156030970536,46.88978158523589],[24.179497661941696,46.804756947414106],[24.301011531386663,46.75323876032283],[24.452108034885814,46.765656530187954],[24.458248444857723,46.820099272545356],[24.59467126061449,46.945547216783986],[24.746667456905158,46.90658808544751],[24.74038351625006,46.98154897661069],[24.85416222514275,47.095923787279695],[25.063380400815586,47.1365466941776],[25.044522896438025,47.215462995883655],[25.079693271915325,47.258310039330595],[25.02802875691866,47.286686759828235],[25.079434161813772,47.31471085127684],[25.06935913343162,47.370200255314025],[24.982876208878764,47.42386787175419],[25.058315895372534,47.41648272784231],[25.090785973331524,47.44909808913625],[25.039962366629286,47.482854260969475],[25.093522089786557,47.512296559391665],[24.97622076871752,47.59190088118915],[24.960837263263365,47.5968508413438]]]}},{"type":"Feature","properties":{"countrySlug":"romania"},"geometry":{"type":"Polygon","coordinates":[[[27.391145420558534,47.589467738041854],[27.2501401885512,47.71923624146479],[27.29726577473703,47.752070102004645],[27.150824960839714,47.921315267307975],[27.166059357860526,47.99486833097609],[27.090956313003147,48.00753500706871],[27.107537667568977,48.032705626605505],[27.025012370746637,48.08988149910964],[27.039223400646943,48.129704583004276],[26.95889870048872,48.13354292678745],[26.991754905608484,48.149608832524855],[26.93550941906125,48.16371120401082],[26.945028342709808,48.194347093470434],[26.90341617533387,48.180788968430676],[26.808102305170134,48.254472564269676],[26.633775167472056,48.26198325501077],[26.571849717575727,48.219248201035434],[26.332770137978,48.18573646440949],[26.188041039921195,47.995464412519766],[26.09876022549683,47.9788807236073],[26.183729543317195,47.892951259659895],[26.293526566837652,47.86310306077267],[26.36971193590133,47.77399791427557],[26.40636475038593,47.78404623698259],[26.396107813701235,47.73432028624415],[26.43984547603973,47.742969689537034],[26.545595581554494,47.643444164502334],[26.541715106417705,47.58256775984737],[26.60485734445138,47.52058425115745],[26.550957251036017,47.5041929244683],[26.598965994249852,47.45569186366281],[26.726823477521357,47.472866880668754],[26.716863147272928,47.5152691714222],[26.977350010598872,47.496216052914086],[27.041915402942212,47.438195622961295],[27.100001628883835,47.54787558805298],[27.222966108712278,47.51284864668965],[27.263577565674755,47.57120004969488],[27.383450400388973,47.585194554290936],[27.391145420558534,47.589467738041854]]]}},{"type":"Feature","properties":{"countrySlug":"romania"},"geometry":{"type":"Polygon","coordinates":[[[28.03051744390796,45.40432777233813],[27.814445125834975,45.39446396892492],[27.741593343055182,45.415370737270955],[27.75057898365127,45.44848890153885],[27.67329844275324,45.44612977532274],[27.69153756941008,45.481517766025696],[27.6285745367292,45.45472777740665],[27.564588015132998,45.49234396729057],[27.432420953613782,45.409812395833534],[27.390214084903317,45.28671734029057],[27.312746430188913,45.292383747063084],[27.350007229275626,45.21236731895785],[27.283589670009352,45.20009729864988],[27.17498305675296,45.24939749566061],[27.11825998789159,45.21488334906794],[27.067779179069515,45.15570902762877],[27.096476135568825,45.12991314578744],[27.149876734026346,45.170561091418804],[27.167270750373632,45.08434962370277],[27.206395057042023,45.100879718808194],[27.197564642550958,45.027883547979854],[27.281570856409925,44.99766290309383],[27.188716149829467,44.8063745809245],[27.257427733071662,44.74966164601229],[27.341719367344602,44.80233469521413],[27.72182164186014,44.76503100297279],[27.74166581715796,44.81622138383483],[27.818375505547838,44.82041649393939],[27.88100717091338,44.763076365385714],[28.03526173156185,44.76002547276376],[28.142317176527055,44.88993261618317],[28.135645354762907,45.10167581533236],[28.197678699490456,45.1374455926317],[28.091365524890175,45.190248424005226],[28.115150497825812,45.25880104541173],[27.994810246873193,45.286741807978295],[28.026532683058058,45.39206060762391],[28.03051744390796,45.40432777233813]]]}},{"type":"Feature","properties":{"countrySlug":"romania"},"geometry":{"type":"Polygon","coordinates":[[[25.321239465056728,45.38137528195076],[25.403184732972086,45.386527990287206],[25.412834969652963,45.429619321620166],[25.498064958707495,45.46742749525832],[25.68099665923897,45.500587176145324],[25.726444953853356,45.46536579909356],[25.786280212604034,45.48426812917815],[25.865409469064417,45.42166910175966],[25.921918848542237,45.52211248070705],[26.043096430605004,45.47722337267876],[26.104468553412204,45.55081730957344],[26.056309816503717,45.61658566464208],[25.951311310723497,45.65238535086717],[25.972033181224607,45.6873551332464],[25.790369850475376,45.76450755732333],[25.662911175897612,45.74838274672246],[25.66757202459492,45.78661181358698],[25.557322268676053,45.85263701947855],[25.6396484959799,45.90095313522331],[25.54114770107766,45.89208899093291],[25.544900627810733,45.995943186473134],[25.585481392490543,46.02014371517722],[25.56188049849924,46.05320049352052],[25.47461211123874,46.05874673626304],[25.449963102120826,46.124543250944676],[25.332651313657955,46.17781673209222],[25.258635323942215,46.19041364754735],[25.249556814474452,46.14139462936999],[25.189676551816756,46.17074620621319],[25.014847328345557,46.14628005579305],[24.94891187202388,46.10226227287898],[24.96514712790133,46.06177257177565],[24.70281238805488,45.940238038452456],[24.7761354344591,45.86127610283907],[24.639275670234223,45.7950605453711],[24.684925416061496,45.60411089967413],[25.103213934394336,45.58519401619328],[25.236783343209385,45.517756937771075],[25.255368278045893,45.42249363247008],[25.308034521746492,45.38948307969606],[25.321239465056728,45.38137528195076]]]}},{"type":"Feature","properties":{"countrySlug":"romania"},"geometry":{"type":"Polygon","coordinates":[[[27.433756020344777,45.39429455878972],[27.26998410555373,45.39013443021636],[27.27957697276267,45.454352071282194],[27.114570411515487,45.4092907490861],[27.15835026007541,45.465167789929595],[27.045030278685534,45.452651984432165],[26.985825146853628,45.53771049605661],[26.833908681600327,45.51782693016492],[26.748407264843046,45.54841008104304],[26.68164854053515,45.608766747920164],[26.529836629589333,45.641041458425015],[26.391943406545035,45.80244314138454],[26.31077224372593,45.602790046486675],[26.213603867997858,45.62186473851101],[26.072181676062563,45.506355915270575],[26.149257075465524,45.45698395574768],[26.160161856802496,45.3629903083686],[26.233637260644056,45.314675496041865],[26.185242699445148,45.27867100243254],[26.223426201956116,45.27376613895884],[26.249590835943177,45.19924150900672],[26.356798282154834,45.214239116631504],[26.375650496927033,45.158293642379675],[26.460374314503916,45.19810039799487],[26.443085024718304,45.07594927449173],[26.49203292575742,45.005342845036395],[26.599931156262887,44.95573450588417],[26.532762286568506,44.93965197035879],[26.536115493993027,44.91020245786398],[26.630935586713736,44.81362361786444],[26.973388676386055,44.788358425508235],[27.007893277787637,44.82441644569904],[27.134013923830466,44.73559516811487],[27.183819528160658,44.73426554529574],[27.154630365085417,44.78574625104173],[27.20304809972062,44.786028749714106],[27.281570856409925,44.99766290309383],[27.197564642550958,45.027883547979854],[27.206395057042023,45.100879718808194],[27.167270750373632,45.08434962370277],[27.149876734026346,45.170561091418804],[27.096476135568825,45.12991314578744],[27.066355407537454,45.15876148637774],[27.17498305675296,45.24939749566061],[27.283589670009352,45.20009729864988],[27.350007229275626,45.21236731895785],[27.312746430188913,45.292383747063084],[27.373472104418756,45.27573748514315],[27.398246692531828,45.36143315702686],[27.441730331950957,45.37571715103301],[27.433756020344777,45.39429455878972]]]}},{"type":"Feature","properties":{"countrySlug":"romania"},"geometry":{"type":"Polygon","coordinates":[[[28.01858319718118,44.33995162518134],[27.85504454752875,44.38010988236851],[27.813296881566107,44.334109524943365],[27.76247403157759,44.34775183252335],[27.769951753849906,44.394749484817844],[27.73122483591086,44.41917324462684],[27.57007162394261,44.46776185755515],[27.571874814964985,44.55907591896192],[27.502275165167184,44.49361996854586],[27.205753573993213,44.51570818221213],[27.20623927794476,44.48368571503708],[27.13547235057578,44.48290617771939],[27.003382621280025,44.52897581511881],[26.79624698328897,44.51118041626413],[26.66504437199356,44.5954749744571],[26.594506102458187,44.511001412210405],[26.456236592997783,44.56700453711662],[26.436343014870914,44.549251639477795],[26.471508055465,44.545192382649354],[26.36058297750351,44.48608962546642],[26.4634559020858,44.45372085784214],[26.326426791707597,44.384727534710045],[26.260083907927527,44.40923869419319],[26.331095631382635,44.37180249603807],[26.252475388611,44.33004324533505],[26.296088827137833,44.261021123068396],[26.415745433172074,44.203829422911184],[26.419544089676393,44.12562310996246],[26.35821304393741,44.10796544851421],[26.379913237131586,44.04295014521877],[26.434602440972682,44.033099287737095],[26.906678677336917,44.133331849072064],[27.45193019006367,44.124484913746095],[27.56378389454581,44.189591678588215],[27.933901867306044,44.24978007380689],[28.013812115461278,44.33305372322822],[28.01858319718118,44.33995162518134]]]}},{"type":"Feature","properties":{"countrySlug":"romania"},"geometry":{"type":"Polygon","coordinates":[[[22.42647903647993,45.6688841767668],[22.31660260590628,45.66022385356717],[22.268962043604695,45.58538771623254],[22.18793114913343,45.61815498495696],[22.045299379233025,45.59154530885399],[22.047217724975955,45.54971089577074],[22.107798645413204,45.535950259062176],[22.034132021117117,45.501626290828895],[21.88898117829818,45.550134912538184],[21.787081526637404,45.53299136044204],[21.674489035331497,45.58571510280466],[21.599813699038467,45.571074243019126],[21.56688758471495,45.49640721238209],[21.43341681406174,45.47116404504587],[21.48875766063711,45.41865832722395],[21.44054699011243,45.407081785546744],[21.452517737955517,45.35217513195334],[21.57122698197587,45.29279144333416],[21.47745943468283,45.193552245595036],[21.52888109197259,45.14731125400158],[21.47842014659417,45.12124750167356],[21.45612378440645,45.040431320070496],[21.360245053169027,45.02037719060653],[21.54668943973307,44.93057610627058],[21.560101085020907,44.889059796930766],[21.37289172643459,44.86681272520088],[21.358173363192893,44.82172194702829],[21.40392677318808,44.77632469677887],[21.58612370921428,44.759287231745716],[21.63800261315708,44.65950870432341],[21.91652431805712,44.64765393734223],[22.1470565505598,44.585410986731354],[22.17733481742752,44.63978325054175],[22.138518305536678,44.659977101690714],[22.146892448654626,44.700757029560556],[22.20677720707211,44.817530884524146],[22.363161760475244,44.74511265633289],[22.418708353803616,44.75629583331343],[22.516095717508904,44.955250543861304],[22.491773571481648,44.974014055321305],[22.65642578783161,45.10765894645376],[22.56035339529586,45.16215979517964],[22.68627420539947,45.25302410225367],[22.699232937566887,45.3286485824738],[22.65659392185754,45.371338730182046],[22.712850651293497,45.41578163349936],[22.636370545625017,45.57123607868635],[22.51238244574696,45.5952905743089],[22.44382057538027,45.66267642683173],[22.42647903647993,45.6688841767668]]]}},{"type":"Feature","properties":{"countrySlug":"romania"},"geometry":{"type":"Polygon","coordinates":[[[23.985270399041564,46.430919643783774],[23.959093287993344,46.515460625777884],[24.04531019031546,46.54496942418492],[24.069092336515958,46.60603411654597],[24.020197164937702,46.627851618883625],[24.124361161345885,46.7000906307471],[24.066509262187047,46.73344139806777],[24.188071237215645,46.79332536632076],[24.226156030970536,46.88978158523589],[24.161534401433936,46.93356751702698],[24.175510914085223,46.963165503576676],[24.097789592922453,46.989115506691384],[24.14721996947141,47.08962647142105],[23.936030137281872,47.199279153047456],[23.926778125583727,47.298520525549954],[24.021173404151085,47.31414660451977],[24.02271468135774,47.361948187832525],[23.846845323875062,47.372293731356535],[23.81463427784479,47.25128515248325],[23.762199190101057,47.283587345966836],[23.75274019002176,47.24193619789613],[23.652947930542076,47.23472214256151],[23.615822616530313,47.16985004538563],[23.497756675005437,47.15499466227863],[23.48524931905177,47.09045117035613],[23.42717675451666,47.08984289980375],[23.485611465456955,47.029176375081335],[23.398419513702347,46.99351798388067],[23.338571571840912,46.90844398664143],[23.282087795604358,46.89790353121081],[23.22830260213008,46.963671396459695],[23.198671576282717,46.86945705183562],[23.104472736758137,46.85344159190295],[23.065455363406212,46.90458697316509],[23.035987379454546,46.881823290343284],[22.931501971239076,46.91848285829305],[22.878984056688555,46.98886620529925],[22.73503789704782,47.00797618946515],[22.67520782063783,46.97114684286464],[22.778967139384807,46.89702330513058],[22.726273837573775,46.81574784841327],[22.63729334506733,46.79940149283611],[22.713851084100376,46.76253487907471],[22.788040231218705,46.626971048677646],[22.819059922413867,46.6385667283836],[22.835960194379638,46.54643396104436],[22.999922774639174,46.55257486040192],[23.05187340358441,46.466044109125995],[23.453863138421216,46.52838461976669],[23.611895957335257,46.48452546707669],[23.591919143862064,46.436151828015575],[23.660915605885076,46.39669807950872],[23.65094674430647,46.4276081474314],[23.70152321816753,46.45751408738796],[23.909627519541825,46.46352841779688],[23.980537343676716,46.42909958951857],[23.985270399041564,46.430919643783774]]]}},{"type":"Feature","properties":{"countrySlug":"romania"},"geometry":{"type":"Polygon","coordinates":[[[27.88100717091338,44.763076365385714],[27.880463935246116,44.708925854446036],[28.03018404979318,44.6269238365059],[28.016513638430077,44.564878696662426],[28.10870927069705,44.441737512439055],[27.999292220778035,44.30532910974942],[27.933901867306044,44.24978007380689],[27.56378389454581,44.189591678588215],[27.45193019006367,44.124484913746095],[27.29950585844223,44.13826509004178],[27.2713430474884,44.1263356580327],[27.291154780207915,44.07517453237838],[27.3993923835041,44.01229915363148],[27.611646782436207,44.01223415194786],[27.643519409509597,44.047949410232256],[27.73783360767334,43.953490607242585],[27.916761507035044,44.008276264699795],[27.994183909078465,43.8428846698689],[28.236396146642598,43.75849024623632],[28.578614927862226,43.73868363398268],[28.66754518363089,43.98677239977353],[28.631832104090055,44.31588143407318],[28.85377469379135,44.502372370718156],[28.995033054671712,44.679009583825554],[28.91454088144679,44.69664366113924],[28.80943398266406,44.6318170284743],[28.683129227086607,44.66885197445616],[28.53585921142319,44.66277982346373],[28.528035837347055,44.63282069715298],[28.431406759639728,44.68075908754903],[28.447735276839012,44.63924166135042],[28.413427431760084,44.612769015059186],[28.385352141637412,44.6804556496061],[28.232916630555128,44.70884850829308],[28.239800633677447,44.76473192130567],[28.19443513937072,44.75416338916707],[28.153143266033993,44.80044084390853],[28.073369538068004,44.804107697036926],[28.03526173156185,44.76002547276376],[27.897146610848566,44.77246832723648],[27.88100717091338,44.763076365385714]]]}},{"type":"Feature","properties":{"countrySlug":"romania"},"geometry":{"type":"Polygon","coordinates":[[[26.263373109054633,46.24630559477511],[26.171834209742855,46.16000696011086],[25.85843330228595,46.11905033997198],[25.70004232535594,46.27665162501995],[25.50815652022836,46.188177864099465],[25.450769758234703,46.07385801545189],[25.585481392490543,46.02014371517722],[25.544900627810733,45.995943186473134],[25.54114770107766,45.89208899093291],[25.6396484959799,45.90095313522331],[25.557322268676053,45.85263701947855],[25.66757202459492,45.78661181358698],[25.662911175897612,45.74838274672246],[25.790369850475376,45.76450755732333],[25.972033181224607,45.6873551332464],[25.951311310723497,45.65238535086717],[26.056309816503717,45.61658566464208],[26.093392476574735,45.51649643079651],[26.213603867997858,45.62186473851101],[26.31077224372593,45.602790046486675],[26.384571162455188,45.7364589261083],[26.37564495137946,45.90731367202019],[26.441932804856542,46.05111162799698],[26.369264848214097,46.1123523658474],[26.386565375256865,46.1449789724273],[26.34323610499702,46.13713162877245],[26.326686761496635,46.22998923600058],[26.275123746866335,46.246896162437494],[26.263373109054633,46.24630559477511]]]}},{"type":"Feature","properties":{"countrySlug":"romania"},"geometry":{"type":"Polygon","coordinates":[[[25.23478696976293,44.424206928287354],[25.301736357302723,44.42334817861546],[25.395049703725572,44.51814899551777],[25.48074728250704,44.45205074728279],[25.49499814292149,44.51908205378179],[25.542118309779735,44.54007751698601],[25.844535230330003,44.52385205102383],[25.890718650686715,44.54134780209241],[25.88699145928594,44.58058253292925],[25.991940775878966,44.61219041341151],[25.939190693861143,44.64590313930815],[25.982506074363904,44.665284954554465],[25.973621778645757,44.73112600082966],[25.874340169770424,44.83129919595143],[25.776786169780742,44.825008560406786],[25.82308356942372,44.90320004565884],[25.78764788380672,44.95282853930445],[25.683334888983865,44.95429475693855],[25.70168878396617,45.04520897559685],[25.53109905498003,45.19082045325951],[25.512374918304243,45.22320359613178],[25.554428644041217,45.27024036496316],[25.47287863104753,45.32769795112737],[25.45142302663858,45.44081516562334],[25.403184732972086,45.386527990287206],[25.321239465056728,45.38137528195076],[25.25481232427957,45.182811874351216],[25.211420838515096,45.15632925015317],[25.13901582196206,45.21151939051945],[25.144138915907803,45.11236125502143],[25.17964878501471,45.093082127504665],[25.125006317920832,45.065589936749376],[25.200185264462732,45.00203372710053],[25.16108685638157,44.920984596638476],[25.197610058998382,44.90319094528719],[25.212863745125986,44.78211900064934],[25.17490594850958,44.71471719043245],[25.237486958678602,44.695034839530415],[25.168408096840782,44.6617834570148],[25.29737015155299,44.556254092672795],[25.25472705589973,44.4391405630105],[25.23478696976293,44.424206928287354]]]}},{"type":"Feature","properties":{"countrySlug":"romania"},"geometry":{"type":"Polygon","coordinates":[[[23.78094383670533,44.71337408521491],[23.71689334430183,44.72653993645818],[23.707684604859892,44.58510278657543],[23.588336860324173,44.61509964811495],[23.415566720873986,44.52696863267945],[23.2538591185837,44.52987901413139],[23.279468898204048,44.501497713797086],[23.196016886425756,44.45857596598399],[23.223192602929256,44.439189040233316],[23.19717111079314,44.41377824196992],[23.24839820503487,44.3849315288611],[23.09362410405678,44.26212092492173],[23.109877020002777,44.1501629940927],[23.005264196639327,44.158144136401226],[22.96639875637601,44.09852749008368],[23.04565210075508,44.057898121248186],[23.01004944090404,44.013429926135544],[22.87872475167667,43.98156738077317],[22.85296275029284,43.850467917548904],[23.053777125460847,43.795597922620836],[23.415221795731085,43.852795971300615],[24.112475541235696,43.69960283536543],[24.155519304742647,43.8139301567643],[24.226762554492385,43.85153130756408],[24.223270540673038,43.941327898514665],[24.260094134919,43.97388027388694],[24.173748805263546,44.00635690381974],[24.179589302035872,44.06846313751993],[24.22278031016235,44.06949205299687],[24.23461030711807,44.17108365010701],[24.200045729018818,44.168821114756746],[24.229596427360097,44.214704543206615],[24.111934177822516,44.266755370072374],[24.028754483064834,44.384969443920326],[23.890574520576692,44.412703129522825],[23.885287899442513,44.51205173115743],[23.92824046086056,44.53025551871462],[23.89966269951616,44.62547907376122],[23.788164497814,44.63734034025869],[23.785688196419482,44.69994280998743],[23.78094383670533,44.71337408521491]]]}},{"type":"Feature","properties":{"countrySlug":"romania"},"geometry":{"type":"Polygon","coordinates":[[[28.03051744390796,45.40432777233813],[28.097751645041956,45.440624215109224],[28.189532367174632,45.4143266422997],[28.2329292314329,45.463330131424975],[28.154361871051663,45.509750120771564],[28.156510715573535,45.575197115305265],[28.088418943225,45.60525013918567],[28.17414823153645,45.64465502847623],[28.153793802214885,45.78249865150161],[28.107666309950524,45.81632800749727],[28.13257554228648,45.87691835903136],[28.085373416338705,46.00834064140663],[28.114027575888247,46.11371444935797],[28.00901465729136,46.10495577297776],[27.85702893623302,46.16316548844964],[27.786398848080953,46.09068275168109],[27.762482155514846,46.12806295918149],[27.591059995816835,46.15018448799166],[27.58708507676212,46.071964757196255],[27.62746944565996,46.06134400934576],[27.562672065808226,46.00328148436532],[27.503086096596675,46.139489355263784],[27.42650070962985,46.13947236754674],[27.424353117139816,46.08925516279238],[27.292010027029505,46.08330767459208],[27.233141847587493,46.04185640380508],[27.284512617874046,45.88670132050162],[27.248624217142225,45.87264474475575],[27.396031096983087,45.69010697782552],[27.51210149987252,45.62156256735959],[27.52685923840217,45.50030011559279],[27.6285745367292,45.45472777740665],[27.69153756941008,45.481517766025696],[27.67329844275324,45.44612977532274],[27.75057898365127,45.44848890153885],[27.741593343055182,45.415370737270955],[27.814445125834975,45.39446396892492],[28.01461267554232,45.40127690867577],[28.03051744390796,45.40432777233813]]]}},{"type":"Feature","properties":{"countrySlug":"romania"},"geometry":{"type":"Polygon","coordinates":[[[26.25980541418686,44.294853174903835],[26.165094999893412,44.21554705157651],[26.010012016364175,44.30114220420571],[25.97469803497731,44.26937714625856],[25.99373548696381,44.31707776614656],[25.825286498492343,44.392702661926464],[25.869050361341003,44.4190064505173],[25.86117893936972,44.47969811231332],[25.899894966670995,44.45258060563991],[25.915326818802573,44.47682168622684],[25.890718650686715,44.54134780209241],[25.682363080193184,44.523237361324085],[25.64830826344892,44.55390100312797],[25.49499814292149,44.51908205378179],[25.513038672229094,44.488439417840084],[25.425517220813855,44.39689097408631],[25.4844367406575,44.37736218351301],[25.468115130806144,44.32524593247712],[25.616687712765465,44.31743596838991],[25.703140770413803,44.25195989478929],[25.655325511479102,44.168786546407055],[25.70300193264405,44.16052035322332],[25.678987102891526,44.12664971228181],[25.70935476589753,44.13478696511609],[25.708834343934615,44.10214708092687],[25.62497201024157,44.0858769294333],[25.591188082042855,43.984713600741934],[25.62217778608335,43.94137501277132],[25.584796966197363,43.93758877407628],[25.60688978303852,43.84447049644767],[25.65993800560405,43.820491951509624],[25.671862714199914,43.69133983025329],[25.783090933998974,43.71223694405579],[26.114924176901216,43.974089620450044],[26.379913237131586,44.04295014521877],[26.35821304393741,44.10796544851421],[26.419544089676393,44.12562310996246],[26.415745433172074,44.203829422911184],[26.283275346306866,44.28133719212575],[26.25980541418686,44.294853174903835]]]}},{"type":"Feature","properties":{"countrySlug":"romania"},"geometry":{"type":"Polygon","coordinates":[[[22.65642578783161,45.10765894645376],[22.899996769185346,44.991791581015754],[22.86990380765814,44.961505054868624],[22.908653915107262,44.821580026976044],[23.08956303298358,44.69525302143135],[23.287980888762743,44.676655520482605],[23.45503770790521,44.569555434466],[23.588336860324173,44.61509964811495],[23.707684604859892,44.58510278657543],[23.71689334430183,44.72653993645818],[23.78094383670533,44.71337408521491],[23.75495143029487,44.99535896637566],[23.855599020396802,45.150478708956975],[23.796251093833053,45.261015531624665],[23.846381400988356,45.32753222825273],[23.35010842279608,45.3375374698536],[23.31232691516596,45.299903834253655],[23.014978928105013,45.254348608199315],[22.82951771356115,45.28487910847648],[22.686220596722404,45.258818118022326],[22.56035339529586,45.16215979517964],[22.65656094602907,45.11510019934526],[22.65642578783161,45.10765894645376]]]}},{"type":"Feature","properties":{"countrySlug":"romania"},"geometry":{"type":"Polygon","coordinates":[[[25.975159384092635,46.69731262131909],[25.8913653595978,46.699112903344925],[25.908320401005376,46.65410510446904],[25.86726250356862,46.649616724820106],[25.794953598751558,46.719250002053755],[25.805189686844997,46.84056560356759],[25.76257893803709,46.84189658114682],[25.76412912894462,46.884514172746925],[25.80331255513808,46.927758431692716],[25.862062665458346,46.92352702541269],[25.73431482258096,47.07386028656839],[25.538538771526067,47.08282675132906],[25.42553475017711,47.18402366542075],[25.305407746628777,47.16507353922217],[25.230628811731833,47.07565365789979],[25.28905208039458,46.99293923094734],[25.25128421840532,46.84115318270758],[25.316947893236048,46.780260321312944],[25.261083250971346,46.74979955981305],[25.294856582465624,46.68795460249725],[25.15113730769711,46.577237727556536],[25.02237414598258,46.54110966483652],[24.983230714310665,46.49555449359841],[25.022239568438767,46.469832905164544],[24.935681006114947,46.4208783253166],[24.979628018267565,46.38489897059228],[24.87612366260983,46.382099600428056],[24.86188798712514,46.30846078995234],[24.932791606916886,46.24635684241727],[25.06970349526693,46.24492590075281],[25.243013452798973,46.141423656206186],[25.258635323942215,46.19041364754735],[25.332651313657955,46.17781673209222],[25.46122332878821,46.10222720406928],[25.50815652022836,46.188177864099465],[25.70004232535594,46.27665162501995],[25.85843330228595,46.11905033997198],[26.171834209742855,46.16000696011086],[26.261552932916782,46.21556360784288],[26.291640108139525,46.33567349281451],[26.1566823441645,46.31477582100389],[26.164900260775898,46.3848799713879],[25.99522359428222,46.40675785425894],[26.006965212112874,46.48245615824335],[26.082939609763617,46.51247016426638],[25.99842039961178,46.60171693306195],[26.02007041765745,46.634486090845286],[25.976648679842928,46.69298658672569],[25.975159384092635,46.69731262131909]]]}},{"type":"Feature","properties":{"countrySlug":"romania"},"geometry":{"type":"Polygon","coordinates":[[[22.748715266502323,46.35120729280943],[22.678045993706267,46.32144554431949],[22.649262273465634,46.22880268455499],[22.49481577074216,46.24340259413483],[22.43862534891034,46.21052912818969],[22.467378780642225,46.14626852709811],[22.404963104558217,46.095164778248204],[22.43786129475651,46.012009811478634],[22.335984794144746,45.993564556975485],[22.418970480223333,45.93768142371117],[22.3685185349143,45.88367055818594],[22.47651611838145,45.8381189981611],[22.48051860686509,45.786762444681145],[22.55172571310663,45.77864270570624],[22.42647903647993,45.6688841767668],[22.51238244574696,45.5952905743089],[22.636370545625017,45.57123607868635],[22.627490800118462,45.53568484246241],[22.692353421053767,45.4895385832316],[22.712850651293497,45.41578163349936],[22.65659392185754,45.371338730182046],[22.699232937566887,45.3286485824738],[22.686220596722404,45.258818118022326],[22.82951771356115,45.28487910847648],[23.014978928105013,45.254348608199315],[23.31232691516596,45.299903834253655],[23.35010842279608,45.3375374698536],[23.488261502429737,45.314636828092844],[23.59064016208427,45.353072612221176],[23.595435740093976,45.492332163667804],[23.499516500548115,45.579748027887824],[23.430264235548528,45.58719240349466],[23.412016118400906,45.633170574449814],[23.37021903325548,45.62730269941982],[23.419403013168886,45.675840700956456],[23.36597531751936,45.70718895541669],[23.38096507450915,45.75932848830819],[23.303198434423855,45.89387533870674],[23.337692880501066,45.91805523728853],[23.26508956166988,45.93361758933158],[23.242460559277816,46.038332520330876],[23.101751731495387,46.04612353194418],[23.054996497883415,46.14015545503331],[23.098641969013443,46.13957539936377],[23.095745895833872,46.18216182028428],[22.981818656620568,46.217838631062406],[22.933200255171858,46.326617470951014],[22.762111559907243,46.35281581581833],[22.748715266502323,46.35120729280943]]]}},{"type":"Feature","properties":{"countrySlug":"romania"},"geometry":{"type":"Polygon","coordinates":[[[27.203544700851996,44.787104141384624],[27.154630365085417,44.78574625104173],[27.183819528160658,44.73426554529574],[27.134013923830466,44.73559516811487],[27.007893277787637,44.82441644569904],[26.973388676386055,44.788358425508235],[26.878389889202985,44.82033974592039],[26.81035977646205,44.79515619528637],[26.630935586713736,44.81362361786444],[26.605642522078348,44.857031677135126],[26.493629073041074,44.790897862596644],[26.301875681336437,44.76890765311872],[26.374079390581105,44.72041091285776],[26.329739999092805,44.678650220533676],[26.401270500357253,44.61067106767595],[26.337155555686493,44.54740188176141],[26.40159450901728,44.514478450780146],[26.476571378087595,44.57994948117202],[26.594506102458187,44.511001412210405],[26.66504437199356,44.5954749744571],[26.79624698328897,44.51118041626413],[27.003382621280025,44.52897581511881],[27.13547235057578,44.48290617771939],[27.20623927794476,44.48368571503708],[27.205753573993213,44.51570818221213],[27.502275165167184,44.49361996854586],[27.558760762517075,44.56098637159293],[27.57007162394261,44.46776185755515],[27.63904454624163,44.47070732002369],[27.654297544880315,44.42092539919524],[27.73122483591086,44.41917324462684],[27.769951753849906,44.394749484817844],[27.748551587069755,44.36184303478887],[27.813296881566107,44.334109524943365],[27.85504454752875,44.38010988236851],[28.01858319718118,44.33995162518134],[28.107303444237584,44.43640487193484],[28.016513638430077,44.564878696662426],[28.03018404979318,44.6269238365059],[27.880463935246116,44.708925854446036],[27.87918837585035,44.76927923565122],[27.82671307598347,44.78237862688639],[27.826456468897817,44.82001312894814],[27.74166581715796,44.81622138383483],[27.72182164186014,44.76503100297279],[27.341719367344602,44.80233469521413],[27.257427733071662,44.74966164601229],[27.223614231601424,44.78273230120342],[27.203544700851996,44.787104141384624]]]}},{"type":"Feature","properties":{"countrySlug":"romania"},"geometry":{"type":"Polygon","coordinates":[[[26.700968932148985,47.471621134646554],[26.703276930644435,47.40879224934116],[26.64419920968049,47.39896728337188],[26.673544717990204,47.35858872142849],[26.49336325614616,47.39237491910116],[26.49707079186563,47.34989646936497],[26.574496478138087,47.30652914952863],[26.5077940564651,47.27170214156455],[26.613670053737426,47.19132799190618],[26.63662419617812,47.09247075544491],[26.759482303092177,47.09790038070543],[26.90250752354354,47.02799133603966],[26.971138077670943,47.077245930999595],[27.022652697409576,47.03345869754473],[27.060388987641495,47.084927081721546],[27.15607416592329,47.08261512642689],[27.243425414497406,46.99263671641336],[27.12204649819944,46.9505854553562],[27.22643802441426,46.86805484938818],[27.398137320550955,46.89363630705812],[27.459825785245656,46.86236552986955],[27.533222400295152,46.8821507172063],[27.531924583895776,46.91593873634099],[27.591164891460167,46.87888000068744],[27.644000591428302,46.896751175418785],[27.62097915649101,46.991712746928776],[27.769699968708725,46.872680868021476],[27.76956536016865,46.95506034508947],[27.811334457778056,46.95300704826895],[27.797040911230052,46.86020500575376],[27.870245757385163,46.85940429516942],[27.890247814030552,46.82070769989897],[27.943803984238528,46.82249118241832],[27.928265515031107,46.86641952196347],[28.01466257420191,46.83375528559343],[28.126557573216207,46.852897170064075],[28.048053553483996,47.024884484885796],[27.78211010324705,47.141880644771454],[27.803390376767133,47.189683936484734],[27.732228631,47.292882373244744],[27.581561835812767,47.327639937464866],[27.61531758774917,47.33968531920615],[27.568258857800334,47.37547112173885],[27.572481765740545,47.46398543929728],[27.474352677814426,47.485492145500395],[27.428154448857228,47.58266430790407],[27.263577565674755,47.57120004969488],[27.222966108712278,47.51284864668965],[27.100001628883835,47.54787558805298],[27.041915402942212,47.438195622961295],[26.977350010598872,47.496216052914086],[26.698658387814024,47.509313876073065],[26.726823477521357,47.472866880668754],[26.700968932148985,47.471621134646554]]]}},{"type":"Feature","properties":{"countrySlug":"romania"},"geometry":{"type":"Polygon","coordinates":[[[26.415627216891508,44.52135674219842],[26.337155555686493,44.54740188176141],[26.401089580728925,44.61219504300374],[26.329739999092805,44.678650220533676],[26.374079390581105,44.72041091285776],[26.301875681336437,44.76890765311872],[26.24801662774151,44.737868379943116],[25.961093128846812,44.748494117227374],[25.985227605853623,44.67334075883043],[25.939190693861143,44.64590313930815],[25.991940775878966,44.61219041341151],[25.876691715222425,44.57284892587355],[25.915326818802573,44.47682168622684],[25.899894966670995,44.45258060563991],[25.86117893936972,44.47969811231332],[25.869050361341003,44.4190064505173],[25.82371165275897,44.398377689202064],[25.99373548696381,44.31707776614656],[25.97469803497731,44.26937714625856],[26.010012016364175,44.30114220420571],[26.165094999893412,44.21554705157651],[26.331095631382635,44.37180249603807],[26.260083907927527,44.40923869419319],[26.326426791707597,44.384727534710045],[26.4634559020858,44.45372085784214],[26.36058297750351,44.48608962546642],[26.406522416253253,44.50730659726328],[26.415627216891508,44.52135674219842]],[[26.058321693436117,44.53212584379495],[26.18347723144999,44.47917586805768],[26.15644832708311,44.45605569828959],[26.225890294771755,44.432266299642436],[26.212402140363448,44.395104214422965],[26.161856094072874,44.39824642387077],[26.13368281304175,44.3494197414805],[25.97603743210841,44.40630041449399],[25.966652102478225,44.4407396858819],[26.0197591382669,44.44836564036188],[25.98325123471327,44.49803700519406],[26.05014759898319,44.53007703941628],[26.058321693436117,44.53212584379495]]]}},{"type":"Feature","properties":{"countrySlug":"romania"},"geometry":{"type":"Polygon","coordinates":[[[24.960837263263365,47.5968508413438],[25.05548284074642,47.65443169585928],[24.947100648681037,47.72912376996284],[24.883139766289666,47.724353441595824],[24.827740169590804,47.820458200077965],[24.705785901289453,47.840106191961794],[24.57554132246755,47.96742988889227],[24.435869499432123,47.970374252293034],[24.228242680791446,47.89644005283339],[24.009049285609915,47.967242477752194],[23.864122041064643,47.93173920666915],[23.771808493375865,47.994927146231774],[23.529061097739415,48.01981999250913],[23.493752922384154,47.967717875317604],[23.63871956370641,47.86226508565864],[23.451221201997193,47.76177451713425],[23.261807763512827,47.79733527123338],[23.224752856963544,47.766398134087765],[23.24321239866308,47.72477615813307],[23.387779549319117,47.6843383601985],[23.287576872394034,47.630193085996005],[23.25763426946608,47.550410996365166],[23.123206390948457,47.615768131820445],[23.052919687241886,47.55508597718253],[23.046350272854376,47.48772549175736],[22.963234785484246,47.486455938291634],[22.964087508952584,47.439353651976276],[23.04380929800417,47.41206729521451],[23.18365901451676,47.45913792521003],[23.511436016348807,47.362039703792995],[23.6453445212311,47.39291899927566],[23.74525454593222,47.32062325617184],[23.86986052581095,47.38019878139372],[24.03277354104263,47.36216731419582],[24.124226943475318,47.437785965551434],[24.12671362165987,47.49929501756684],[24.240371527262464,47.50012156206624],[24.303063383083714,47.579119614534875],[24.343117528291366,47.56593760135481],[24.386617801873278,47.608332854110955],[24.659584391029444,47.55397273969162],[24.95388611264126,47.59553209443949],[24.960837263263365,47.5968508413438]]]}},{"type":"Feature","properties":{"countrySlug":"romania"},"geometry":{"type":"Polygon","coordinates":[[[22.016148597551485,44.59920520277182],[22.140520427526347,44.47039388435396],[22.308457632217785,44.658712695493335],[22.430803602947716,44.71015717194414],[22.708402558776662,44.602434563789956],[22.763112622779712,44.54001020262566],[22.69611608129935,44.51654572093437],[22.58233963736125,44.54935003300862],[22.548213440594843,44.48167725012122],[22.46565200789074,44.479727429703274],[22.462721897999028,44.44784295316511],[22.557880973336406,44.309087146241765],[22.678813606269394,44.27812360813304],[22.67566564324907,44.21473989123587],[22.96639875637601,44.09852749008368],[23.005264196639327,44.158144136401226],[23.109877020002777,44.1501629940927],[23.09362410405678,44.26212092492173],[23.24839820503487,44.3849315288611],[23.19717111079314,44.41377824196992],[23.223192602929256,44.439189040233316],[23.196016886425756,44.45857596598399],[23.279468898204048,44.501497713797086],[23.2538591185837,44.52987901413139],[23.415566720873986,44.52696863267945],[23.45503770790521,44.569555434466],[23.287980888762743,44.676655520482605],[23.11696519307139,44.682602306219295],[22.941635213314445,44.78313619821534],[22.889561859241695,44.85271581791477],[22.86990380765814,44.961505054868624],[22.899996769185346,44.991791581015754],[22.65642578783161,45.10765894645376],[22.491773571481648,44.974014055321305],[22.516095717508904,44.955250543861304],[22.418708353803616,44.75629583331343],[22.363161760475244,44.74511265633289],[22.20677720707211,44.817530884524146],[22.146892448654626,44.700757029560556],[22.138518305536678,44.659977101690714],[22.17733481742752,44.63978325054175],[22.155999868062864,44.59227339228967],[22.023195485353458,44.607692226140486],[22.016148597551485,44.59920520277182]]]}},{"type":"Feature","properties":{"countrySlug":"romania"},"geometry":{"type":"Polygon","coordinates":[[[26.058321693436117,44.53212584379495],[25.98325123471327,44.49803700519406],[26.0197591382669,44.44836564036188],[25.966652102478225,44.4407396858819],[25.97603743210841,44.40630041449399],[26.13368281304175,44.3494197414805],[26.161856094072874,44.39824642387077],[26.212402140363448,44.395104214422965],[26.225890294771755,44.432266299642436],[26.15644832708311,44.45605569828959],[26.18347723144999,44.47917586805768],[26.068574600372866,44.534849429471606],[26.058321693436117,44.53212584379495]]]}},{"type":"Feature","properties":{"countrySlug":"romania"},"geometry":{"type":"Polygon","coordinates":[[[24.23136950037468,46.25961272318104],[24.287581884715213,46.28408198229304],[24.312224956507656,46.252173185411365],[24.497541402098417,46.2425215668127],[24.665749926744635,46.281121396048526],[24.672688749307817,46.103534719331634],[24.716295358823466,46.07632840806078],[24.863020902965108,46.110900921599914],[24.946543830585558,46.079107712243676],[25.014847328345557,46.14628005579305],[25.17303174941352,46.16717458127754],[25.06970349526693,46.24492590075281],[24.932791606916886,46.24635684241727],[24.8536669353986,46.347895603060145],[24.87868785487192,46.38373228514346],[24.979628018267565,46.38489897059228],[24.935681006114947,46.4208783253166],[25.022239568438767,46.469832905164544],[24.983230714310665,46.49555449359841],[25.02237414598258,46.54110966483652],[25.15113730769711,46.577237727556536],[25.294856582465624,46.68795460249725],[25.261083250971346,46.74979955981305],[25.3184527887539,46.772929002862526],[25.25128421840532,46.84115318270758],[25.289612971293412,46.98279777089494],[25.231114799471136,47.0615304374339],[25.246710348816013,47.09791920732403],[25.063380400815586,47.1365466941776],[24.869941720324718,47.1049955877888],[24.74038351625006,46.98154897661069],[24.721807315785412,46.932390082133786],[24.754540664615703,46.90986993203542],[24.59467126061449,46.945547216783986],[24.458248444857723,46.820099272545356],[24.452108034885814,46.765656530187954],[24.301011531386663,46.75323876032283],[24.179497661941696,46.804756947414106],[24.074460671346067,46.74537438355008],[24.124361161345885,46.7000906307471],[24.020197164937702,46.627851618883625],[24.069092336515958,46.60603411654597],[24.04531019031546,46.54496942418492],[23.959093287993344,46.515460625777884],[23.985270399041564,46.430919643783774],[24.039501897610798,46.45751544554235],[23.989453634823356,46.38104556578058],[24.143153346811413,46.331745386244954],[24.163683543408506,46.27240019998471],[24.22082274655881,46.264069649330786],[24.23136950037468,46.25961272318104]]]}},{"type":"Feature","properties":{"countrySlug":"romania"},"geometry":{"type":"Polygon","coordinates":[[[27.20624654132463,46.76987159619769],[27.233905308155357,46.77736457995972],[27.20134451957263,46.89452369726297],[27.12204649819944,46.9505854553562],[27.243425414497406,46.99263671641336],[27.173089534904495,47.07200491325607],[27.060388987641495,47.084927081721546],[27.022652697409576,47.03345869754473],[26.971138077670943,47.077245930999595],[26.90250752354354,47.02799133603966],[26.759482303092177,47.09790038070543],[26.63662419617812,47.09247075544491],[26.613670053737426,47.19132799190618],[26.40551587155312,47.34030045116187],[26.267206198643613,47.28194483143512],[26.185902594861382,47.30729350964728],[25.92359920170431,47.259127623913585],[25.77295022990245,47.32094754912584],[25.812825257054726,47.25935963568773],[25.728981483717497,47.21706037668114],[25.664536544728133,47.118293246612595],[25.862062665458346,46.92352702541269],[25.80331255513808,46.927758431692716],[25.76257893803709,46.84189658114682],[25.805189686844997,46.84056560356759],[25.794953598751558,46.719250002053755],[25.86726250356862,46.649616724820106],[25.908320401005376,46.65410510446904],[25.8913653595978,46.699112903344925],[26.05398554982069,46.71649859603441],[26.08135517584954,46.65615900116002],[26.159269388092305,46.64167638192882],[26.265854351414042,46.70305012966075],[26.301008279918733,46.653491361580116],[26.570268523255194,46.67857961431292],[26.675910853516616,46.76768339476465],[26.79994245669408,46.721978779334144],[26.88543986668865,46.828602055214795],[26.93932509571073,46.75186261080682],[27.098548343063374,46.76951853319687],[27.15074432383984,46.731196081598284],[27.199876955879414,46.76692668946707],[27.20624654132463,46.76987159619769]]]}},{"type":"Feature","properties":{"countrySlug":"romania"},"geometry":{"type":"Polygon","coordinates":[[[24.438190739111327,44.845593252665566],[24.388939405279324,44.90146171115724],[24.332954894428756,44.86961540050827],[24.326775002877266,44.79024527292904],[24.2745992523084,44.76882633309862],[24.325184269956146,44.5609623935237],[24.26454417902709,44.601792924564315],[24.258682677500627,44.54895108109871],[24.14129141994556,44.55757838179443],[24.077751087409663,44.49024342580876],[23.989325613158734,44.53832677128058],[23.885287899442513,44.51205173115743],[23.890574520576692,44.412703129522825],[24.028754483064834,44.384969443920326],[24.111934177822516,44.266755370072374],[24.229596427360097,44.214704543206615],[24.200045729018818,44.168821114756746],[24.23461030711807,44.17108365010701],[24.22278031016235,44.06949205299687],[24.179589302035872,44.06846313751993],[24.173748805263546,44.00635690381974],[24.264659901062668,43.99871032861303],[24.223270540673038,43.941327898514665],[24.226762554492385,43.85153130756408],[24.129031998116908,43.7746548321439],[24.112475541235696,43.69960283536543],[24.15865806365687,43.68557637590708],[24.348596047894738,43.69735912383148],[24.51290511862279,43.76485239409842],[24.657064088504576,43.7236398562631],[24.758076938149657,43.81748438636837],[24.689091141923182,43.82109417058895],[24.723599998795393,43.83586018129743],[24.623772505286787,43.92468234680363],[24.63221921900461,43.961480365757254],[24.59181668789637,43.958105739175],[24.613168320942005,44.014115823224934],[24.859498762082765,44.093783531938584],[24.79326924007691,44.19119308296129],[24.837162435708176,44.22627916781315],[24.817030691705895,44.36105301898988],[24.88654833800427,44.37981746366938],[24.744607097850533,44.39533702491951],[24.759144559196148,44.464507446783806],[24.68559973579932,44.70004612171265],[24.725495537915748,44.720741111842834],[24.589936196742652,44.74984102619375],[24.54072225866586,44.89103977365088],[24.480183206778346,44.82174108448712],[24.436168916618985,44.84133374697163],[24.438190739111327,44.845593252665566]]]}},{"type":"Feature","properties":{"countrySlug":"romania"},"geometry":{"type":"Polygon","coordinates":[[[25.45142302663858,45.44081516562334],[25.47287863104753,45.32769795112737],[25.554428644041217,45.27024036496316],[25.512374918304243,45.22320359613178],[25.53109905498003,45.19082045325951],[25.70168878396617,45.04520897559685],[25.687939582456867,44.94736779939757],[25.78764788380672,44.95282853930445],[25.821139102332793,44.91293950077496],[25.78181936102451,44.8215641277302],[25.874340169770424,44.83129919595143],[25.973245111915215,44.73661781600099],[26.100830674656784,44.73744855016162],[26.101941878014674,44.76695298706592],[26.24801662774151,44.737868379943116],[26.32189391445413,44.79085109298552],[26.373875345074122,44.76105613032624],[26.452732483259457,44.810904462838124],[26.493629073041074,44.790897862596644],[26.609960037650826,44.85908761872769],[26.530599783175518,44.937042425679905],[26.599931156262887,44.95573450588417],[26.49203292575742,45.005342845036395],[26.443085024718304,45.07594927449173],[26.460374314503916,45.19810039799487],[26.375650496927033,45.158293642379675],[26.356798282154834,45.214239116631504],[26.249590835943177,45.19924150900672],[26.223426201956116,45.27376613895884],[26.185242699445148,45.27867100243254],[26.233637260644056,45.314675496041865],[26.160161856802496,45.3629903083686],[26.149257075465524,45.45698395574768],[26.072181676062563,45.506355915270575],[26.043096430605004,45.47722337267876],[25.921918848542237,45.52211248070705],[25.865409469064417,45.42166910175966],[25.786280212604034,45.48426812917815],[25.726444953853356,45.46536579909356],[25.68099665923897,45.500587176145324],[25.456102851648165,45.44594628252407],[25.45142302663858,45.44081516562334]]]}},{"type":"Feature","properties":{"countrySlug":"romania"},"geometry":{"type":"Polygon","coordinates":[[[22.728778460183943,47.0071847669682],[22.878984056688555,46.98886620529925],[22.931501971239076,46.91848285829305],[23.035987379454546,46.881823290343284],[23.065455363406212,46.90458697316509],[23.104472736758137,46.85344159190295],[23.198671576282717,46.86945705183562],[23.22830260213008,46.963671396459695],[23.282087795604358,46.89790353121081],[23.338571571840912,46.90844398664143],[23.398419513702347,46.99351798388067],[23.485611465456955,47.029176375081335],[23.42717675451666,47.08984289980375],[23.48524931905177,47.09045117035613],[23.497756675005437,47.15499466227863],[23.615822616530313,47.16985004538563],[23.652947930542076,47.23472214256151],[23.75274019002176,47.24193619789613],[23.762199190101057,47.283587345966836],[23.81463427784479,47.25128515248325],[23.84139162611855,47.340012267750886],[23.727671687131966,47.3209618761548],[23.6453445212311,47.39291899927566],[23.503020918404616,47.36292226530666],[23.18365901451676,47.45913792521003],[23.103546281818282,47.44110404931094],[23.12047880783141,47.39562102000667],[23.05161781931393,47.35016839180474],[22.95964087130404,47.35858272824917],[22.915842057947277,47.4137010129216],[22.768005625864316,47.420488157539594],[22.55275229567195,47.3027978182279],[22.56599492303071,47.25144721894496],[22.492899920347014,47.186856935279884],[22.566645080474913,47.12514077968028],[22.51469638597087,47.109164246439924],[22.725037855710926,47.00951600069947],[22.728778460183943,47.0071847669682]]]}},{"type":"Feature","properties":{"countrySlug":"romania"},"geometry":{"type":"Polygon","coordinates":[[[22.612761653087393,47.334727538697756],[22.770952356810877,47.42104654144081],[22.915842057947277,47.4137010129216],[22.976682943666823,47.35203852091294],[23.087160171520207,47.36338737252038],[23.11092535182713,47.4401045922774],[23.032373528882474,47.414444184327095],[22.964087508952584,47.439353651976276],[22.963234785484246,47.486455938291634],[23.046350272854376,47.48772549175736],[23.052919687241886,47.55508597718253],[23.14077466224974,47.62418439434765],[23.25763426946608,47.550410996365166],[23.287576872394034,47.630193085996005],[23.387779549319117,47.6843383601985],[23.24321239866308,47.72477615813307],[23.224752856963544,47.766398134087765],[23.28140892291287,47.79729945893581],[23.451221201997193,47.76177451713425],[23.638613607695657,47.870297805854904],[23.56472833802422,47.943341232037334],[23.16661308407077,48.12009831178834],[23.113982700620735,48.08622918500484],[23.0911952237805,48.00555053888599],[22.926928368501027,48.01909633660509],[22.94799814605545,47.96731788026566],[22.758238828950482,47.893451323465385],[22.776871219454623,47.84340448283871],[22.711709487215057,47.83490675946576],[22.680157003331885,47.787599451726976],[22.54948189229854,47.77246797394943],[22.481437356716796,47.81091934496613],[22.430257008092507,47.74096447939414],[22.324278734870436,47.76676113734253],[22.26462314195016,47.73115556022721],[22.180825507642954,47.60008469464549],[22.28955534921369,47.54053431308165],[22.358173046292677,47.429326659153446],[22.5293641193796,47.418641219478104],[22.612103993218398,47.33990876178773],[22.612761653087393,47.334727538697756]]]}},{"type":"Feature","properties":{"countrySlug":"romania"},"geometry":{"type":"Polygon","coordinates":[[[23.703546814519942,45.49676330617126],[23.857840180153474,45.535017642131606],[24.118688921909204,45.5087552132609],[24.33431053163082,45.581898652885684],[24.670948353470244,45.59457409325741],[24.681601701406315,45.70951796830566],[24.639275670234223,45.7950605453711],[24.775162887815544,45.85037894685051],[24.70281238805488,45.940238038452456],[24.964993092823498,46.06396565666479],[24.885353368199237,46.109801086364094],[24.69557891045787,46.08312410992836],[24.665749926744635,46.281121396048526],[24.497541402098417,46.2425215668127],[24.27817561365219,46.28084723334356],[24.189691880123085,46.223932993180874],[24.2133068097756,46.15420049314549],[24.0419356947524,46.09616433133343],[24.006157449989413,46.00017258525955],[23.97962431428847,46.03821629155447],[23.89128867109407,46.04468913948943],[23.8456660119112,46.00781323560914],[23.870090700894355,45.94865098927339],[23.733214708972845,45.91437111919165],[23.773381091027748,45.880712429255475],[23.73448452909693,45.83073914907202],[23.61659330430034,45.80197040680695],[23.66429906500739,45.759067629615004],[23.58883100423199,45.70256777409963],[23.644765384040994,45.63987671892601],[23.617898034197637,45.56007318915926],[23.697495647323816,45.49862317365463],[23.703546814519942,45.49676330617126]]]}},{"type":"Feature","properties":{"countrySlug":"romania"},"geometry":{"type":"Polygon","coordinates":[[[25.063380400815586,47.1365466941776],[25.251503974425884,47.09780658893139],[25.305407746628777,47.16507353922217],[25.42553475017711,47.18402366542075],[25.538538771526067,47.08282675132906],[25.652135788533258,47.087211470821146],[25.728981483717497,47.21706037668114],[25.812825257054726,47.25935963568773],[25.77295022990245,47.32094754912584],[25.92359920170431,47.259127623913585],[26.185902594861382,47.30729350964728],[26.267206198643613,47.28194483143512],[26.40551587155312,47.34030045116187],[26.5077940564651,47.27170214156455],[26.574496478138087,47.30652914952863],[26.49707079186563,47.34989646936497],[26.49336325614616,47.39237491910116],[26.673544717990204,47.35858872142849],[26.64419920968049,47.39896728337188],[26.703276930644435,47.40879224934116],[26.700968932148985,47.471621134646554],[26.591030231715305,47.459698574913986],[26.550392530210296,47.511704827422136],[26.60391860372924,47.53274045479808],[26.541715106417705,47.58256775984737],[26.545595581554494,47.643444164502334],[26.43984547603973,47.742969689537034],[26.396107813701235,47.73432028624415],[26.40636475038593,47.78404623698259],[26.353157284948427,47.78495167032638],[26.293526566837652,47.86310306077267],[26.125984251114883,47.93264122746799],[26.11967013667527,47.972307144750296],[25.310876540460203,47.91433105316773],[25.229990673876333,47.892878475482604],[25.115599121222456,47.7548232839107],[24.947100648681037,47.72912376996284],[25.056424671373826,47.64754326711021],[24.960837263263365,47.5968508413438],[25.093522089786557,47.512296559391665],[25.039962366629286,47.482854260969475],[25.090785973331524,47.44909808913625],[25.058315895372534,47.41648272784231],[24.982876208878764,47.42386787175419],[25.06935913343162,47.370200255314025],[25.079434161813772,47.31471085127684],[25.02802875691866,47.286686759828235],[25.079693271915325,47.258310039330595],[25.044522896438025,47.215462995883655],[25.065968890851515,47.143057062223576],[25.063380400815586,47.1365466941776]]]}},{"type":"Feature","properties":{"countrySlug":"romania"},"geometry":{"type":"Polygon","coordinates":[[[24.884019574767343,44.382636726997326],[24.817030691705895,44.36105301898988],[24.837162435708176,44.22627916781315],[24.79326924007691,44.19119308296129],[24.859498762082765,44.093783531938584],[24.613168320942005,44.014115823224934],[24.591210789659183,43.96161104476715],[24.63221921900461,43.961480365757254],[24.623772505286787,43.92468234680363],[24.723599998795393,43.83586018129743],[24.689091141923182,43.82109417058895],[24.758076938149657,43.81748438636837],[24.657064088504576,43.7236398562631],[24.734346695506773,43.68509026750745],[24.998492098051504,43.72729410929098],[25.39013449305437,43.61902364474219],[25.681323125111234,43.69824355075749],[25.65993800560405,43.820491951509624],[25.58437237369244,43.90672671709342],[25.62217778608335,43.94137501277132],[25.591188082042855,43.984713600741934],[25.618301768236687,44.075728556987166],[25.653813802565985,44.11432452750189],[25.708834343934615,44.10214708092687],[25.70935476589753,44.13478696511609],[25.678987102891526,44.12664971228181],[25.70300193264405,44.16052035322332],[25.655325511479102,44.168786546407055],[25.705487117449536,44.23883290574713],[25.669838429407672,44.29248858704243],[25.468115130806144,44.32524593247712],[25.4844367406575,44.37736218351301],[25.425517220813855,44.39689097408631],[25.484609127929037,44.45080548384432],[25.395049703725572,44.51814899551777],[25.25072916378317,44.403355361077615],[25.202930065597204,44.45644963126648],[24.960995933923627,44.379249935812624],[24.884019574767343,44.382636726997326]]]}},{"type":"Feature","properties":{"countrySlug":"romania"},"geometry":{"type":"Polygon","coordinates":[[[20.70529331923681,46.16092929550916],[20.634438562661472,46.12657356707756],[20.501515162708795,46.189927975948336],[20.459091315994883,46.142834614886056],[20.35563627748169,46.16959663627134],[20.261967964568868,46.120907746497515],[20.345857496032508,46.04742450926813],[20.34829677864143,45.99964991499016],[20.48293671215514,45.95340406787971],[20.515796299814877,45.892070345358796],[20.56934617425645,45.91015310783311],[20.700667164375957,45.7504956604605],[20.823082741112223,45.77505469979249],[20.76565296216533,45.612604528084965],[20.832490606375753,45.535841995332824],[20.77111507089877,45.479954047859515],[20.866183649572616,45.465199732646944],[20.864704241865386,45.43170573517633],[21.016641347531174,45.324639722396604],[21.096499374123578,45.295961303858356],[21.17623219570535,45.32523647232349],[21.27471361174656,45.22970092607939],[21.51537767491981,45.20185435608952],[21.570291176068675,45.30147624838116],[21.452517737955517,45.35217513195334],[21.44054699011243,45.407081785546744],[21.48875766063711,45.41865832722395],[21.43341681406174,45.47116404504587],[21.571251525883522,45.498980987077196],[21.599813699038467,45.571074243019126],[21.674489035331497,45.58571510280466],[21.787081526637404,45.53299136044204],[21.88898117829818,45.550134912538184],[22.034132021117117,45.501626290828895],[22.107798645413204,45.535950259062176],[22.03670605929642,45.58701291675884],[22.18793114913343,45.61815498495696],[22.268962043604695,45.58538771623254],[22.31660260590628,45.66022385356717],[22.41929881096289,45.66375895406465],[22.55172571310663,45.77864270570624],[22.48051860686509,45.786762444681145],[22.47651611838145,45.8381189981611],[22.3685185349143,45.88367055818594],[22.418970480223333,45.93768142371117],[22.3523328572263,45.97269327776067],[22.226232773497056,45.90184102177085],[21.96774373726695,45.99426920124148],[21.893950940092644,45.95263397707327],[21.819770613789466,45.967962294148684],[21.76977574670363,45.916891981632894],[21.73652413956341,45.989921296896135],[21.66767413293814,45.906200958791196],[21.642015480794548,45.97398854717151],[21.52458802413527,46.010070169260665],[21.515821528927443,46.067831372164484],[21.435364704030235,46.05939478278635],[21.4495506719237,46.029372368002846],[21.365640579140848,45.98184259040842],[21.284574122546683,46.020119347863606],[21.242171838147797,45.97139795114502],[21.11015482328616,45.9770602838739],[21.069013274219255,46.0395546224167],[20.940850004827574,46.03720299397731],[20.71139839807511,46.16130381310537],[20.70529331923681,46.16092929550916]]]}},{"type":"Feature","properties":{"countrySlug":"romania"},"geometry":{"type":"MultiPolygon","coordinates":[[[[29.594308109131315,44.820187877506704],[29.61055831318312,44.840577924439955],[29.496208089868663,44.79635927907388],[29.57567111236896,44.80476317061276],[29.594308109131315,44.820187877506704]]],[[[29.612044606578397,44.84077843727351],[29.61780584968968,44.87757016057622],[29.60976907799922,44.84075697523356],[29.612044606578397,44.84077843727351]]],[[[28.073369538068004,44.804107697036926],[28.239800633677447,44.76473192130567],[28.232916630555128,44.70884850829308],[28.365524148606863,44.691661294286874],[28.413427431760084,44.612769015059186],[28.447735276839012,44.63924166135042],[28.431406759639728,44.68075908754903],[28.528035837347055,44.63282069715298],[28.53585921142319,44.66277982346373],[28.683129227086607,44.66885197445616],[28.824481747960807,44.63221248392721],[28.91454088144679,44.69664366113924],[28.995033054671712,44.679009583825554],[29.159106892174435,44.780024587137625],[29.60574249695663,44.84663248478292],[29.660281085612077,45.10753540542004],[29.715253899173437,45.16529215858137],[29.63819714768699,45.17645868695806],[29.637726276497276,45.22435340957386],[29.681991035294804,45.20582676198757],[29.65109118544614,45.33975772728808],[29.428519049908605,45.442937380611994],[29.242533219713867,45.43434870388645],[28.96493607914004,45.33204620659192],[28.94255544430007,45.28060339967584],[28.79394474320726,45.333642314770785],[28.801413296928466,45.30085700740649],[28.75187830010413,45.28455446847304],[28.792118705467544,45.24279870281924],[28.706605266214158,45.224293353187626],[28.349923716736438,45.31990493018552],[28.267348521565623,45.453493668214044],[28.196638527597614,45.452199778902866],[28.189532367174632,45.4143266422997],[28.08095186594277,45.43724599582939],[28.03051744390796,45.40432777233813],[27.994810246873193,45.286741807978295],[28.115150497825812,45.25880104541173],[28.091365524890175,45.190248424005226],[28.197678699490456,45.1374455926317],[28.135645354762907,45.10167581533236],[28.142317176527055,44.88993261618317],[28.073489001585415,44.81405005428246],[28.073369538068004,44.804107697036926]]]]}},{"type":"Feature","properties":{"countrySlug":"romania"},"geometry":{"type":"Polygon","coordinates":[[[23.597270496593854,45.47347174170655],[23.604682856437528,45.3406805915103],[23.846381400988356,45.32753222825273],[23.796251093833053,45.261015531624665],[23.855599020396802,45.150478708956975],[23.75495143029487,44.99535896637566],[23.788164497814,44.63734034025869],[23.89966269951616,44.62547907376122],[23.92995079685965,44.5283060455459],[24.026313284564583,44.5300215707105],[24.077751087409663,44.49024342580876],[24.14129141994556,44.55757838179443],[24.258682677500627,44.54895108109871],[24.26454417902709,44.601792924564315],[24.325184269956146,44.5609623935237],[24.2745992523084,44.76882633309862],[24.326775002877266,44.79024527292904],[24.332954894428756,44.86961540050827],[24.388939405279324,44.90146171115724],[24.416309250579985,44.85543180319205],[24.462727896516956,44.861799291094464],[24.509030499080676,44.99778153087291],[24.48270784165162,45.01394853659301],[24.5203022991553,45.04902372991669],[24.48134648520672,45.06093958061051],[24.521939805468417,45.179904886855354],[24.46678370881657,45.23168473811814],[24.505559378106458,45.38273616075895],[24.480953379287556,45.45552869769762],[24.54051839394457,45.535696760299714],[24.512834375045816,45.58682482466549],[24.33431053163082,45.581898652885684],[24.118688921909204,45.5087552132609],[23.805009537349353,45.53198216156012],[23.60501449559203,45.46789212469476],[23.597270496593854,45.47347174170655]]]}},{"type":"Feature","properties":{"countrySlug":"romania"},"geometry":{"type":"Polygon","coordinates":[[[27.493076019477382,46.1591792129208],[27.562672065808226,46.00328148436532],[27.62746944565996,46.06134400934576],[27.58708507676212,46.071964757196255],[27.591059995816835,46.15018448799166],[27.762482155514846,46.12806295918149],[27.786398848080953,46.09068275168109],[27.85702893623302,46.16316548844964],[28.00901465729136,46.10495577297776],[28.124479443604194,46.112016690829186],[28.14414553447597,46.17927546674314],[28.109847123926148,46.24279498293624],[28.203740075034833,46.311909855069985],[28.182972141378922,46.35264900655436],[28.260817760427926,46.437536546134254],[28.20922946104016,46.505740095759194],[28.24598966825327,46.645607892640754],[28.16643685422695,46.789942092547825],[28.07028567375867,46.85219178499448],[27.928265515031107,46.86641952196347],[27.943803984238528,46.82249118241832],[27.890247814030552,46.82070769989897],[27.870245757385163,46.85940429516942],[27.797040911230052,46.86020500575376],[27.811334457778056,46.95300704826895],[27.76956536016865,46.95506034508947],[27.769699968708725,46.872680868021476],[27.62097915649101,46.991712746928776],[27.644000591428302,46.896751175418785],[27.591164891460167,46.87888000068744],[27.531924583895776,46.91593873634099],[27.533222400295152,46.8821507172063],[27.459825785245656,46.86236552986955],[27.398137320550955,46.89363630705812],[27.188772085060616,46.87603356636574],[27.22711395337693,46.82094143090439],[27.210310871225865,46.76059514520201],[27.32659222550121,46.698005180282756],[27.276171859974312,46.62524538052335],[27.464345325029342,46.371464065984284],[27.50619437185602,46.155398736692455],[27.493076019477382,46.1591792129208]]]}},{"type":"Feature","properties":{"countrySlug":"romania"},"geometry":{"type":"Polygon","coordinates":[[[26.440014664130242,46.038897438448814],[26.374989282192875,45.82071938041749],[26.551569042493373,45.6293147674053],[26.68164854053515,45.608766747920164],[26.833908681600327,45.51782693016492],[26.985825146853628,45.53771049605661],[27.045030278685534,45.452651984432165],[27.15835026007541,45.465167789929595],[27.114570411515487,45.4092907490861],[27.27957697276267,45.454352071282194],[27.26998410555373,45.39013443021636],[27.336702006753306,45.37135442700328],[27.401434686484933,45.37701049488301],[27.558524741083712,45.48840691790638],[27.504219561701582,45.563155680812834],[27.53525899789565,45.58150040530317],[27.51210149987252,45.62156256735959],[27.396031096983087,45.69010697782552],[27.248624217142225,45.87264474475575],[27.284512617874046,45.88670132050162],[27.226098626731225,46.00275178302439],[27.285053584643894,46.07933398573426],[27.424353117139816,46.08925516279238],[27.418199887957456,46.1306437017686],[27.480967439463534,46.12584983553518],[27.49298784416968,46.16239748088179],[27.39373883282371,46.19426785362206],[27.349965857121,46.152840250389566],[27.30650795621484,46.20598768104738],[27.173335242094087,46.18132028930101],[27.12076476137815,46.1002878304736],[27.086303731207742,46.111411065476744],[27.10575204277458,46.08886119665296],[26.98363762372718,46.11326684630597],[26.93398173369601,46.06512520322607],[26.807043951094833,46.065723746756426],[26.704387720552955,46.09466016062167],[26.572677981033678,46.0168319206815],[26.446592956485425,46.03840229160105],[26.440014664130242,46.038897438448814]]]}},{"type":"Feature","properties":{"countrySlug":"czechia"},"geometry":{"type":"Polygon","coordinates":[[[14.302311284419535,50.129809405191885],[14.224480430847432,50.10283675879317],[14.289374465484732,50.07713676181269],[14.248086123540771,50.05830846069473],[14.34275623567846,49.9906304441098],[14.3254395842141,49.95720840130155],[14.395562524298073,49.94190026357215],[14.527473502827458,50.01083811956079],[14.6401523596904,49.994440909239614],[14.669537644953275,50.01884057465873],[14.640192294208367,50.05689456095237],[14.706787112850375,50.08701901514784],[14.532484086409415,50.17718291866624],[14.36570470558127,50.14803198295558],[14.360784637763807,50.1160189109152],[14.302321984391206,50.129841543322165],[14.302311284419535,50.129809405191885]]]}},{"type":"Feature","properties":{"countrySlug":"czechia"},"geometry":{"type":"Polygon","coordinates":[[[15.497100974383422,49.861105508083796],[15.531529717318067,49.96168582843992],[15.362810960029233,50.041087811400345],[15.44800395618704,50.12455141346994],[15.348688230611943,50.144827315130584],[15.397442331292112,50.19785189065114],[15.377748834933248,50.284942833195956],[15.228704079445965,50.287834202765005],[15.129795692973355,50.34577689364599],[15.104230913664846,50.37610541842662],[15.162303086441447,50.427262628128375],[15.11362884893106,50.50654504508777],[15.146930105664474,50.52267551895453],[14.923648196278833,50.61884054986983],[14.826753652030021,50.53834855596148],[14.750443976433669,50.556821099761756],[14.753976928343267,50.51882843409443],[14.692269136872934,50.47989158801628],[14.46927119481721,50.50934854030051],[14.473205784502143,50.449279554242246],[14.359833438756516,50.42983565813012],[14.367116687199273,50.35202864888007],[14.007621569115363,50.34628543264648],[13.99132248092217,50.30370066251632],[13.863556587241684,50.24384131803273],[13.81232938456577,50.263531403783105],[13.535579821730709,50.18901847500668],[13.462899825429663,50.10550608011676],[13.404429980928716,50.097966079514734],[13.429941069043226,50.0608550722241],[13.396747620446604,50.0379510985016],[13.520537623729076,50.04055831427693],[13.501204461581871,50.022053749467446],[13.568685904860386,49.994459660871534],[13.65643083505633,50.0017803993941],[13.833157106619785,49.92778526374254],[13.781603778563266,49.75982411972107],[13.84035081754461,49.69655765216364],[13.740841598137942,49.622165878648836],[13.736960864502082,49.544778714223476],[13.782067293513522,49.50898421754479],[13.932027930134302,49.501345401666185],[14.061806087827446,49.56294424611446],[14.074168053990526,49.529451432756105],[14.208337315830697,49.5317450822912],[14.265862623258268,49.56785422209611],[14.3546426031715,49.524115000229656],[14.40594740004267,49.557799985367716],[14.589304267593477,49.54420319827835],[14.573519241827043,49.521608940307964],[14.648026691270754,49.50312412085809],[14.738003357761997,49.549043237245975],[14.724130937175584,49.59247500651615],[14.766342365443954,49.62111335187692],[14.909880632344972,49.543059189543925],[14.993273252774296,49.58181621022749],[14.981820511425926,49.605953275454326],[15.16488996957209,49.58894317880217],[15.249849383039935,49.630118982135244],[15.179912226345614,49.67581768927857],[15.224973108852533,49.757034205858204],[15.42509345893356,49.79254625494043],[15.41638048885303,49.82770546998566],[15.494449552945836,49.86009257595561],[15.497100974383422,49.861105508083796]],[[14.302311284419535,50.129809405191885],[14.360784637763807,50.1160189109152],[14.36570470558127,50.14803198295558],[14.532484086409415,50.17718291866624],[14.706787112850375,50.08701901514784],[14.640192294208367,50.05689456095237],[14.669537644953275,50.01884057465873],[14.6401523596904,49.994440909239614],[14.527473502827458,50.01083811956079],[14.395562524298073,49.94190026357215],[14.3254395842141,49.95720840130155],[14.34275623567846,49.9906304441098],[14.248086123540771,50.05830846069473],[14.289374465484732,50.07713676181269],[14.224480430847432,50.10283675879317],[14.300203978945438,50.126643518196495],[14.302311284419535,50.129809405191885]]]}},{"type":"Feature","properties":{"countrySlug":"czechia"},"geometry":{"type":"Polygon","coordinates":[[[13.765715732778911,49.51394385207511],[13.747808767254746,49.486737241210264],[13.790621125598923,49.43500149916267],[13.75859554310139,49.39912965935933],[13.791523921272596,49.36835511337991],[13.698385649315647,49.27866887949498],[13.733471809815107,49.25664304333163],[13.688798974208334,49.22819895823715],[13.719855496878928,49.19482195845085],[13.588767595034685,49.146415336700684],[13.60707143445097,49.06447943412381],[13.535969743181699,48.98568695830401],[13.628606468833004,48.949240465864825],[13.671437131522152,48.88013962833463],[13.73793211892749,48.886013867262825],[13.81317894743671,48.77399737256371],[14.059469069479128,48.67382476515775],[14.010561236874114,48.639654465817145],[14.06696564706851,48.594859247725644],[14.333237592556445,48.55180934841051],[14.431414855820835,48.58913240339952],[14.469872210117012,48.648495180994814],[14.701529124657888,48.58269292582528],[14.726968244953195,48.68706940422036],[14.808132575362578,48.7338826974995],[14.80866053997325,48.77880152665803],[14.980832895546207,48.77528574151178],[14.953191894616277,48.79509810194486],[14.995917639189182,49.015086781397095],[15.156272082487822,48.99329080926435],[15.160243672500433,48.94169038226221],[15.261617988820735,48.95364751063244],[15.27887493515915,48.99465832832791],[15.54242618063797,48.90773700951692],[15.586812319263725,48.94695892844255],[15.487282855859366,48.99686687402811],[15.553240589571383,49.07710583915835],[15.597787132931375,49.076480830774074],[15.567466957255007,49.12890219500461],[15.423849413452903,49.11763630105346],[15.337217934068292,49.166835750458],[15.341485444008185,49.2183295882812],[15.139308787292075,49.22112551451744],[15.07503961793485,49.25187313557249],[15.103672332690984,49.270111818013966],[14.924167784898183,49.310405252885026],[14.932999645190632,49.35629611884156],[14.888180879485576,49.37596383366179],[14.933602385374348,49.4840442538626],[14.901322963453964,49.5145096427691],[14.945025923038283,49.52763014384155],[14.868816878764196,49.591545312285675],[14.766342365443954,49.62111335187692],[14.724130937175584,49.59247500651615],[14.738003357761997,49.549043237245975],[14.648026691270754,49.50312412085809],[14.573519241827043,49.521608940307964],[14.589304267593477,49.54420319827835],[14.40594740004267,49.557799985367716],[14.3546426031715,49.524115000229656],[14.265862623258268,49.56785422209611],[14.208337315830697,49.5317450822912],[14.074168053990526,49.529451432756105],[14.061806087827446,49.56294424611446],[13.932027930134302,49.501345401666185],[13.769114122891775,49.51112698217946],[13.765715732778911,49.51394385207511]]]}},{"type":"Feature","properties":{"countrySlug":"czechia"},"geometry":{"type":"Polygon","coordinates":[[[13.406763119102989,50.08957942049153],[13.281650358673208,50.09834171775722],[13.299064377372634,50.07033649768127],[13.23075315249633,50.04915577092201],[13.231766723035271,49.995954537487044],[13.096862965794072,50.03510576204924],[12.959928899296093,49.97575062405742],[12.928225854540848,49.920842754441516],[12.792707877630953,49.940999994360475],[12.675775531224648,49.890404040331234],[12.550699104224298,49.90528398822521],[12.473054700502336,49.833667136171336],[12.472649039247592,49.78610620191291],[12.400553296440728,49.75379996903136],[12.521985587636681,49.68643962543687],[12.528102823119998,49.61809776928011],[12.644195307474293,49.522961993728416],[12.655551652448384,49.43479532968916],[12.785782572162844,49.34545973485955],[13.029113965355426,49.304324827733645],[13.18277838859951,49.13448169678339],[13.336067927107862,49.09380086652441],[13.396291402664547,49.05154004751862],[13.402726627234918,48.98721986458245],[13.508277929002126,48.94213508712649],[13.603203828017184,49.054495831889646],[13.588767595034685,49.146415336700684],[13.694032453105722,49.16374843620237],[13.719855496878928,49.19482195845085],[13.688798974208334,49.22819895823715],[13.733471809815107,49.25664304333163],[13.698385649315647,49.27866887949498],[13.790620746705995,49.363686914111284],[13.740841598137942,49.622165878648836],[13.84035081754461,49.69655765216364],[13.781603778563266,49.75982411972107],[13.833157106619785,49.92778526374254],[13.65643083505633,50.0017803993941],[13.568685904860386,49.994459660871534],[13.501204461581871,50.022053749467446],[13.520537623729076,50.04055831427693],[13.399759084779777,50.031899483530694],[13.429941069043226,50.0608550722241],[13.40904210795899,50.08862431787028],[13.406763119102989,50.08957942049153]]]}},{"type":"Feature","properties":{"countrySlug":"czechia"},"geometry":{"type":"Polygon","coordinates":[[[13.301752593873712,50.099347739033874],[13.228090301217556,50.134003439316245],[13.283830351395563,50.13649008391573],[13.287121227585216,50.1681226373031],[13.211896007954778,50.216092242627006],[13.255483841375275,50.22906776453922],[13.199153143839062,50.27978954613917],[13.234410459111634,50.29646455421784],[13.222108537667987,50.352533154829196],[13.114815604821112,50.34524887539825],[13.097154326034477,50.38246465496497],[12.974289322686795,50.38929825028759],[12.819032178845097,50.46029115854761],[12.707114049801987,50.39711835215307],[12.512027827704822,50.39725703876077],[12.331290275433505,50.242447699235285],[12.332116949000621,50.17132328416432],[12.289359943420111,50.17689039152901],[12.293902872842692,50.22103352338538],[12.184601709965515,50.322220406198824],[12.106526023280898,50.3224701387721],[12.140058781252709,50.27783300966679],[12.09057140100618,50.252401582474924],[12.197081517462095,50.19906187349107],[12.20080190889346,50.108694927789976],[12.261623182877694,50.058119204875155],[12.48995707632298,49.98159919804344],[12.478333908991216,49.93553349257312],[12.594766447266514,49.892798714929256],[12.792707877630953,49.940999994360475],[12.928225854540848,49.920842754441516],[12.959928899296093,49.97575062405742],[13.096862965794072,50.03510576204924],[13.231766723035271,49.995954537487044],[13.23075315249633,50.04915577092201],[13.29285212639498,50.06023052259834],[13.301481571337229,50.09733295446882],[13.301752593873712,50.099347739033874]]]}},{"type":"Feature","properties":{"countrySlug":"czechia"},"geometry":{"type":"Polygon","coordinates":[[[14.48642717329295,50.50498604592422],[14.342835932958996,50.667388931518886],[14.431162817186195,50.736378611558415],[14.442907035963675,50.811182247672974],[14.560701545450454,50.79981742230278],[14.652280288093081,50.92591539510198],[14.564359100746517,50.91857366653504],[14.599072708031485,50.987175036751054],[14.500164856170956,51.04654903352189],[14.408567985408414,51.01878335220914],[14.301712913694255,51.05500114540526],[14.25868375857429,50.98753533656889],[14.396968594039768,50.93634035387912],[14.388003247947976,50.89919958955738],[13.900780160957249,50.79337989575053],[13.898797660748208,50.74513585669141],[13.854940100876465,50.72695353342974],[13.551917112165263,50.71374137879247],[13.464855773491843,50.601779048213984],[13.371050285678711,50.65081355519774],[13.32315218909354,50.58109006126622],[13.248352979302986,50.59207450916501],[13.19529107426736,50.50324098487572],[13.031693705804603,50.50976409597869],[13.019865712403538,50.44655619433033],[12.940984521861544,50.40716867176678],[13.097154326034477,50.38246465496497],[13.114815604821112,50.34524887539825],[13.222108537667987,50.352533154829196],[13.234410459111634,50.29646455421784],[13.199153143839062,50.27978954613917],[13.255483841375275,50.22906776453922],[13.211896007954778,50.216092242627006],[13.287121227585216,50.1681226373031],[13.283830351395563,50.13649008391573],[13.228090301217556,50.134003439316245],[13.37213769360679,50.0769496538826],[13.462899825429663,50.10550608011676],[13.535579821730709,50.18901847500668],[13.81232938456577,50.263531403783105],[13.863556587241684,50.24384131803273],[13.99132248092217,50.30370066251632],[14.007621569115363,50.34628543264648],[14.367116687199273,50.35202864888007],[14.359833438756516,50.42983565813012],[14.473205784502143,50.449279554242246],[14.46927119481721,50.50934854030051],[14.48642717329295,50.50498604592422]]]}},{"type":"Feature","properties":{"countrySlug":"czechia"},"geometry":{"type":"Polygon","coordinates":[[[15.146930105664474,50.52267551895453],[15.401765785052925,50.479856293794555],[15.478010785865399,50.54695975112882],[15.536422029147179,50.51308237944402],[15.632568237089112,50.52536044888257],[15.571141435287192,50.581178565503244],[15.602090800313773,50.61435652417825],[15.565075366814952,50.637305623767766],[15.569056826619539,50.74393893475776],[15.450233258571203,50.807110964238824],[15.373742616809322,50.77809269908036],[15.367342780842183,50.838027263489316],[15.277062690134104,50.89102159053411],[15.27407689368536,50.9795473153937],[15.179853647203172,50.983017547540456],[15.17184856134231,51.02003086999983],[15.129002212343863,50.9901291630089],[14.985419733719866,51.01084238251518],[14.96824544514304,50.99001376458077],[15.021713997968018,50.967072940258745],[15.00192777883553,50.868779913691974],[14.829515244534713,50.87273669043886],[14.79289494642775,50.819961341519274],[14.618915344180252,50.857759665713616],[14.540871132537074,50.79423791454961],[14.442907035963675,50.811182247672974],[14.431162817186195,50.736378611558415],[14.342835932958996,50.667388931518886],[14.439829579977474,50.53006079195221],[14.501025485292827,50.49194887019842],[14.578496206177057,50.51102262807005],[14.589845136823179,50.47373430981107],[14.692269136872934,50.47989158801628],[14.753976928343267,50.51882843409443],[14.750443976433669,50.556821099761756],[14.826753652030021,50.53834855596148],[14.912022277843464,50.61895045420661],[15.14113524011153,50.5226520463974],[15.146930105664474,50.52267551895453]]]}},{"type":"Feature","properties":{"countrySlug":"czechia"},"geometry":{"type":"Polygon","coordinates":[[[15.437379375853334,50.10988763680394],[15.569999537621783,50.15039585669773],[15.689708500229104,50.12570808913712],[15.77621409643296,50.175660427867996],[15.83728836962541,50.1318924226633],[15.917048567060709,50.17069251521565],[16.19595954135293,50.03861305189507],[16.330260993983273,50.04013605409778],[16.340662034615605,50.092369034590114],[16.48112852180091,50.164570521871326],[16.58541651061164,50.15227437291726],[16.548310971451485,50.22976308008318],[16.383231731977197,50.328815773877295],[16.360662032723088,50.37955013477437],[16.27863478203848,50.36744472154316],[16.195713353147557,50.43213259244474],[16.444912330982433,50.57957079106415],[16.34308714218216,50.66150979702482],[16.234819046075298,50.67157088352581],[16.18417390231065,50.62720712677927],[16.10368296689141,50.663363996328826],[16.02483490932984,50.59862491654287],[15.986442293330695,50.613484978008294],[16.02176939268635,50.63017628268965],[15.9909075110696,50.68341545067541],[15.860964472036384,50.674452213691524],[15.816194576143884,50.75532322080379],[15.705706072151832,50.73725967404924],[15.545651942767023,50.78045770811107],[15.565075366814952,50.637305623767766],[15.602090800313773,50.61435652417825],[15.571141435287192,50.581178565503244],[15.632233198525228,50.522739104350435],[15.478010785865399,50.54695975112882],[15.401765785052925,50.479856293794555],[15.28547451279624,50.5238851177173],[15.11362884893106,50.50654504508777],[15.162303086441447,50.427262628128375],[15.104230913664846,50.37610541842662],[15.228704079445965,50.287834202765005],[15.377748834933248,50.284942833195956],[15.397442331292112,50.19785189065114],[15.348688230611943,50.144827315130584],[15.43823693134298,50.11205238283851],[15.437379375853334,50.10988763680394]]]}},{"type":"Feature","properties":{"countrySlug":"czechia"},"geometry":{"type":"Polygon","coordinates":[[[15.497100974383422,49.861105508083796],[15.781590269116117,49.78035831993108],[15.91780987703214,49.68547444159024],[16.00957191691872,49.73795882814411],[16.406369700642927,49.57217989000995],[16.53999102388868,49.589690287637445],[16.555434149779682,49.630832872564106],[16.80406228965433,49.598799192782494],[16.847531394501495,49.71605284287287],[16.788754732210652,49.729101233139836],[16.80126862367501,49.772705529065725],[16.736089983080596,49.83067705049423],[16.76913512517137,49.87430844431867],[16.711995665457287,49.999503617099855],[16.809711967342437,50.031268047700856],[16.804703576965757,50.10897396718909],[16.867319796116366,50.18900865314731],[16.812237008554266,50.19101425621755],[16.70602855945667,50.09658376282719],[16.48112852180091,50.164570521871326],[16.340662034615605,50.092369034590114],[16.330260993983273,50.04013605409778],[16.19595954135293,50.03861305189507],[15.922421376788456,50.17003753948634],[15.834507050182742,50.13173071869563],[15.77621409643296,50.175660427867996],[15.689708500229104,50.12570808913712],[15.566464092449259,50.15000490418584],[15.407848076044143,50.105331971091836],[15.412581529642972,50.06305556457259],[15.375337839673662,50.05573787507514],[15.402594381580814,50.04654229917451],[15.362810960029233,50.041087811400345],[15.531529717318067,49.96168582843992],[15.501055016193039,49.86241797618493],[15.497100974383422,49.861105508083796]]]}},{"type":"Feature","properties":{"countrySlug":"czechia"},"geometry":{"type":"Polygon","coordinates":[[[14.93200658801968,49.54937938591642],[14.888180879485576,49.37596383366179],[14.932999645190632,49.35629611884156],[14.924167784898183,49.310405252885026],[15.103672332690984,49.270111818013966],[15.07503961793485,49.25187313557249],[15.139308787292075,49.22112551451744],[15.341485444008185,49.2183295882812],[15.337217934068292,49.166835750458],[15.423849413452903,49.11763630105346],[15.567466957255007,49.12890219500461],[15.597787132931375,49.076480830774074],[15.553240589571383,49.07710583915835],[15.487282855859366,48.99686687402811],[15.645659792366255,48.93758939485359],[15.931495743837207,49.05108635329007],[16.085769874102958,49.03082392864479],[16.210966217695766,49.071567492156355],[16.256022848900642,49.109460629716885],[16.20367381466701,49.1384761739283],[16.27577146346045,49.1840926157109],[16.234943654611705,49.225510215610655],[16.288332135727373,49.25706893175383],[16.255310337310704,49.28315427400917],[16.294043729437377,49.31230410138076],[16.23986690341331,49.32607274666834],[16.27310545734475,49.33248307710318],[16.219884445366514,49.35094777793943],[16.227725719817286,49.39406432431634],[16.32917790541137,49.43139785567495],[16.2916904071197,49.44702581335477],[16.31463956525636,49.46559440951033],[16.378618435884338,49.451951557387304],[16.35502076590411,49.50224177167373],[16.41830434365372,49.52519670652062],[16.372644972650054,49.55084991724428],[16.370428725238632,49.60211379795528],[16.19367112112685,49.678349313644475],[16.00222363108716,49.73930029769598],[15.91780987703214,49.68547444159024],[15.781590269116117,49.78035831993108],[15.497100974383422,49.861105508083796],[15.41638048885303,49.82770546998566],[15.42509345893356,49.79254625494043],[15.224973108852533,49.757034205858204],[15.17759859230836,49.69642050580913],[15.249732933874327,49.643418410395554],[15.230434167787223,49.61491397997018],[14.981820511425926,49.605953275454326],[14.993273252774296,49.58181621022749],[14.930907034737473,49.554185213673065],[14.93200658801968,49.54937938591642]]]}},{"type":"Feature","properties":{"countrySlug":"czechia"},"geometry":{"type":"Polygon","coordinates":[[[15.54242618063797,48.90773700951692],[15.690605747377004,48.85554458844571],[15.841546234431874,48.87712460904924],[16.10288775838009,48.74539737493547],[16.377998666572932,48.72846822796951],[16.460412458900358,48.80902563701014],[16.54072817323823,48.81428725446551],[16.66374374669856,48.78100894965714],[16.68258523994118,48.727787636460704],[16.902024314139354,48.71797300876827],[16.94019318400177,48.61653930468355],[17.0432840583755,48.7642576450501],[17.200173461755657,48.877567147723894],[17.36131802146089,48.81351587049919],[17.646931589819502,48.85426280560118],[17.54806034871788,48.94767168511074],[17.434300048632046,48.95039807291685],[17.335738566055376,49.01564692734038],[17.222069492211432,49.03290740878916],[17.213488992958418,49.092935571306576],[17.109692884190956,49.07737521001841],[17.202511208109144,49.17644791402442],[17.147191803177275,49.17481877123564],[17.140936811503074,49.325457735021644],[17.035264495574154,49.35940948124568],[16.948130667293736,49.492708324835746],[16.85844729878989,49.47957731308092],[16.915730635405378,49.42897553690553],[16.85960956778597,49.38121910434747],[16.805388258060482,49.405688715552216],[16.829077034989076,49.43639066577805],[16.784430674065913,49.49689269932752],[16.832946253656257,49.53230348219545],[16.737715187307348,49.54336375965332],[16.745433936162616,49.587357529031806],[16.80406228965433,49.598799192782494],[16.621719830784958,49.63325475249341],[16.392037583764374,49.58011999990341],[16.372644972650054,49.55084991724428],[16.41830434365372,49.52519670652062],[16.35502076590411,49.50224177167373],[16.378618435884338,49.451951557387304],[16.31463956525636,49.46559440951033],[16.2916904071197,49.44702581335477],[16.32917790541137,49.43139785567495],[16.227725719817286,49.39406432431634],[16.219884445366514,49.35094777793943],[16.27310545734475,49.33248307710318],[16.23986690341331,49.32607274666834],[16.294043729437377,49.31230410138076],[16.255310337310704,49.28315427400917],[16.288332135727373,49.25706893175383],[16.234943654611705,49.225510215610655],[16.27577146346045,49.1840926157109],[16.20367381466701,49.1384761739283],[16.256022848900642,49.109460629716885],[16.210966217695766,49.071567492156355],[16.085769874102958,49.03082392864479],[15.931495743837207,49.05108635329007],[15.730473268062513,48.946955268498044],[15.611402507754027,48.95912603631913],[15.546549077621446,48.916067601354754],[15.54242618063797,48.90773700951692]]]}},{"type":"Feature","properties":{"countrySlug":"czechia"},"geometry":{"type":"Polygon","coordinates":[[[16.80406228965433,49.598799192782494],[16.745433936162616,49.587357529031806],[16.737715187307348,49.54336375965332],[16.832946253656257,49.53230348219545],[16.787642408949687,49.50956730760468],[16.829077034989076,49.43639066577805],[16.796164608228835,49.411468931564094],[16.85960956778597,49.38121910434747],[16.915730635405378,49.42897553690553],[16.85844729878989,49.47957731308092],[16.948130667293736,49.492708324835746],[17.022825270421905,49.37142325619525],[17.140936811503074,49.325457735021644],[17.173073082937567,49.2688685958405],[17.35670818549074,49.34255890996442],[17.35515083988247,49.40865166972699],[17.473719836252513,49.354675216495764],[17.504399807401814,49.40125441982474],[17.63199162955456,49.40097861260597],[17.624558724011525,49.449694558262465],[17.774975664451187,49.43759575384056],[17.786750739928458,49.48838336505599],[17.918102560969622,49.5404868294315],[17.8532666422188,49.550843735384845],[17.863797893367842,49.581556264657834],[17.7466067160853,49.675651093675555],[17.68951806384766,49.676898012662086],[17.681141081037165,49.75362481924391],[17.527702961150208,49.77057057820887],[17.475874765247593,49.87365163743698],[17.387249274695026,49.7909130797502],[17.355837132596363,49.863332702293846],[17.215753283146928,49.81825269840729],[17.22504265480435,49.859448685181434],[17.160646550559964,49.8634547796507],[17.203481965556517,49.949404229815734],[17.15519482697976,49.98295558743084],[17.23448281154727,50.06387498856303],[17.23940365214788,50.14203139410861],[17.37692182423405,50.22294465342147],[17.421459825535475,50.2101104268963],[17.431189253115253,50.26305502818289],[17.349383189836182,50.26411471647148],[17.3486652668475,50.32835112694243],[17.24788294750022,50.3318316905094],[17.203269204221414,50.38635984423027],[16.90790459951508,50.449450015480096],[16.86032797217835,50.40775093922767],[17.0026407206055,50.30211882725218],[17.02831629019598,50.229990836503475],[16.862792756967163,50.19824307560994],[16.804703576965757,50.10897396718909],[16.809711967342437,50.031268047700856],[16.711995665457287,49.999503617099855],[16.76913512517137,49.87430844431867],[16.736089983080596,49.83067705049423],[16.80126862367501,49.772705529065725],[16.788754732210652,49.729101233139836],[16.847531394501495,49.71605284287287],[16.805362722196474,49.59927813387357],[16.80406228965433,49.598799192782494]]]}},{"type":"Feature","properties":{"countrySlug":"czechia"},"geometry":{"type":"Polygon","coordinates":[[[17.916766625236193,49.53816560775372],[18.301174179116543,49.48989401288442],[18.366309707633246,49.40551291968462],[18.43322034810286,49.392798777077495],[18.547944115332534,49.4678593974837],[18.54574193401203,49.50050635317355],[18.754475019173714,49.488378019161544],[18.859246689187344,49.55058010601917],[18.80563713532467,49.67796170793951],[18.625212992681544,49.72237713072869],[18.56892018415932,49.82919515889445],[18.60572643969755,49.861594495581556],[18.565668757232956,49.8806640855219],[18.573711489410936,49.92115592292138],[18.491465688365647,49.903250203877064],[18.332958961487332,49.94938233494235],[18.31794673243999,49.91567370733556],[18.03360682567604,50.06601868392968],[18.004074153095704,50.03899252943314],[18.045464372738095,50.00512458265815],[17.92284937330933,49.97875024859101],[17.77757452948415,50.020201287803005],[17.730881612937214,50.097161478654456],[17.592688294360386,50.15997677657498],[17.758463041586836,50.206572340527586],[17.724954632653454,50.25675075612653],[17.752089310726333,50.2979649576308],[17.709752473805644,50.32345756445206],[17.617289476109317,50.266948163876286],[17.4561891525909,50.26969475141141],[17.421459825535475,50.2101104268963],[17.37692182423405,50.22294465342147],[17.23940365214788,50.14203139410861],[17.23448281154727,50.06387498856303],[17.15519482697976,49.98295558743084],[17.203481965556517,49.949404229815734],[17.160646550559964,49.8634547796507],[17.22504265480435,49.859448685181434],[17.215753283146928,49.81825269840729],[17.355837132596363,49.863332702293846],[17.387249274695026,49.7909130797502],[17.475874765247593,49.87365163743698],[17.527702961150208,49.77057057820887],[17.681141081037165,49.75362481924391],[17.68951806384766,49.676898012662086],[17.7466067160853,49.675651093675555],[17.863797893367842,49.581556264657834],[17.8532666422188,49.550843735384845],[17.918102560969622,49.5404868294315],[17.916766625236193,49.53816560775372]]]}},{"type":"Feature","properties":{"countrySlug":"czechia"},"geometry":{"type":"Polygon","coordinates":[[[17.646931589819502,48.85426280560118],[17.781312879238442,48.925275433799406],[17.885305139045325,48.927676638759756],[17.92430920874272,49.01996078739291],[18.076967916409878,49.042045763752014],[18.147183936110032,49.248420860410164],[18.378910812164033,49.33054485751361],[18.40890889094062,49.38989461935866],[18.301174179116543,49.48989401288442],[17.916766625236193,49.53816560775372],[17.786750739928458,49.48838336505599],[17.774975664451187,49.43759575384056],[17.624558724011525,49.449694558262465],[17.63199162955456,49.40097861260597],[17.504399807401814,49.40125441982474],[17.473719836252513,49.354675216495764],[17.35515083988247,49.40865166972699],[17.35670818549074,49.34255890996442],[17.13311536020171,49.2500640110334],[17.147191803177275,49.17481877123564],[17.202511208109144,49.17644791402442],[17.109692884190956,49.07737521001841],[17.213488992958418,49.092935571306576],[17.222069492211432,49.03290740878916],[17.335738566055376,49.01564692734038],[17.434300048632046,48.95039807291685],[17.54806034871788,48.94767168511074],[17.63860761632269,48.86242854764708],[17.646931589819502,48.85426280560118]]]}},{"type":"Feature","properties":{"countrySlug":"slovakia"},"geometry":{"type":"Polygon","coordinates":[[[16.949779,48.535802],[16.850008,48.449159],[16.8332771,48.3812693],[16.957066,48.263818],[16.976246,48.1721385],[17.0927073,48.0996453],[17.067423,48.031428],[17.24743,48.012014],[17.353677,48.092173],[17.3043633,48.1231805],[17.529199,48.196497],[17.473277,48.235083],[17.513744,48.279077],[17.44931,48.319463],[17.477524,48.35258],[17.393128,48.438384],[17.316894,48.451533],[17.355047,48.506589],[17.271946,48.538639],[17.375728,48.607453],[17.353591,48.646353],[17.235787,48.567414],[16.960096,48.538151],[16.949779,48.535802]]]}},{"type":"Feature","properties":{"countrySlug":"slovakia"},"geometry":{"type":"Polygon","coordinates":[[[17.24743,48.012014],[17.334651,47.993125],[17.45392,47.885258],[17.705419,47.758985],[17.79464,47.821944],[17.807691,47.870602],[17.888913,47.913372],[17.88447,48.034274],[17.754766,48.148332],[17.8820921,48.2086002],[17.832953,48.297574],[17.964665,48.464798],[17.845534,48.521565],[17.895784,48.592367],[17.979103,48.612529],[17.701974,48.682516],[17.533121,48.626618],[17.466135,48.699941],[17.472808,48.760837],[17.3530357,48.7775266],[17.389444,48.816592],[17.201998,48.878149],[17.111634,48.831717],[16.967652,48.668171],[16.949779,48.535802],[17.235787,48.567414],[17.353591,48.646353],[17.375728,48.607453],[17.271946,48.538639],[17.355047,48.506589],[17.316894,48.451533],[17.393128,48.438384],[17.477524,48.35258],[17.44931,48.319463],[17.513744,48.279077],[17.473277,48.235083],[17.529199,48.196497],[17.3043633,48.1231805],[17.353677,48.092173],[17.258852,48.022608],[17.24743,48.012014]]]}},{"type":"Feature","properties":{"countrySlug":"slovakia"},"geometry":{"type":"Polygon","coordinates":[[[17.979103,48.612529],[18.023355,48.638236],[17.991364,48.706391],[18.105268,48.696904],[18.256094,48.609355],[18.226768,48.554898],[18.366031,48.485683],[18.497467,48.568849],[18.597696,48.575273],[18.656502,48.63992],[18.717252,48.626793],[18.826348,48.744057],[18.698074,48.847707],[18.720277,48.937493],[18.694557,48.959175],[18.46594,48.948036],[18.599602,49.024233],[18.598923,49.072743],[18.557,49.087588],[18.590958,49.116488],[18.467647,49.189501],[18.373402,49.318983],[18.322605,49.315109],[18.1840259,49.2869962],[18.095471,49.059243],[17.9243,49.019966],[17.885311,48.927677],[17.781318,48.925275],[17.703336,48.860022],[17.528538,48.812169],[17.4531808,48.8467253],[17.3530357,48.7775266],[17.472808,48.760837],[17.466135,48.699941],[17.533121,48.626618],[17.701974,48.682516],[17.963727,48.611411],[17.979103,48.612529]]]}},{"type":"Feature","properties":{"countrySlug":"slovakia"},"geometry":{"type":"Polygon","coordinates":[[[17.705419,47.758985],[18.290799,47.7314286],[18.6460867,47.7590921],[18.7411785,47.8138245],[18.8485417,47.8167221],[18.7637763,47.8713527],[18.754881,47.975553],[18.815986,47.99368],[18.845585,48.052572],[18.991293,48.05782],[19.066479,48.134864],[19.072129,48.194354],[18.808852,48.164829],[18.805666,48.245284],[18.852422,48.305788],[18.746329,48.416356],[18.537443,48.309813],[18.576243,48.375922],[18.520971,48.451041],[18.537815,48.503503],[18.4811,48.499796],[18.518049,48.528946],[18.478673,48.548602],[18.366031,48.485683],[18.311372,48.496886],[18.215015,48.573794],[18.256094,48.609355],[18.004349,48.713175],[18.015845,48.623129],[17.895784,48.592367],[17.845534,48.521565],[17.964665,48.464798],[17.832953,48.297574],[17.8820921,48.2086002],[17.754766,48.148332],[17.820104,48.105754],[17.805619,48.070611],[17.881048,48.04569],[17.888913,47.913372],[17.730052,47.775771],[17.705419,47.758985]]]}},{"type":"Feature","properties":{"countrySlug":"slovakia"},"geometry":{"type":"Polygon","coordinates":[[[18.826348,48.744057],[19.000075,48.750096],[18.994379,48.847187],[19.04708,48.883685],[19.244051,48.89516],[19.252941,48.856112],[19.297808,48.859631],[19.384609,48.926153],[19.539928,48.947248],[19.744618,48.896834],[20.026586,48.911373],[20.060438,48.932304],[19.963551,49.008929],[20.015293,49.015977],[20.037754,49.108312],[19.952719,49.109272],[20.000131,49.162818],[19.895048,49.130943],[19.923211,49.160025],[19.900351,49.200219],[19.7631071,49.2075775],[19.822802,49.276794],[19.7905922,49.4106881],[19.631728,49.408797],[19.6411189,49.4575599],[19.5814677,49.4554092],[19.5293313,49.5730189],[19.4673762,49.6137628],[19.3622997,49.5360882],[19.2606883,49.5312291],[19.197397,49.414564],[19.150658,49.403645],[18.9798538,49.3952215],[18.941662,49.5189],[18.545748,49.50051],[18.547951,49.467862],[18.322605,49.315109],[18.373402,49.318983],[18.467647,49.189501],[18.590958,49.116488],[18.557,49.087588],[18.598923,49.072743],[18.599602,49.024233],[18.46594,48.948036],[18.694557,48.959175],[18.720277,48.937493],[18.698074,48.847707],[18.824747,48.753138],[18.826348,48.744057]]]}},{"type":"Feature","properties":{"countrySlug":"slovakia"},"geometry":{"type":"Polygon","coordinates":[[[18.478673,48.548602],[18.518049,48.528946],[18.4811,48.499796],[18.537815,48.503503],[18.520971,48.451041],[18.570748,48.404045],[18.536153,48.310334],[18.746329,48.416356],[18.852422,48.305788],[18.805666,48.245284],[18.808852,48.164829],[18.93166,48.15875],[19.050141,48.204629],[19.066479,48.134864],[19.012156,48.085926],[19.058525,48.057353],[19.467655,48.084016],[19.526044,48.20313],[19.6308264,48.2500725],[19.798733,48.19482],[19.794812,48.153529],[19.855173,48.178431],[19.937383,48.131118],[20.072986,48.179606],[20.133188,48.253982],[20.325711,48.272794],[20.4698187,48.4525456],[20.306424,48.479673],[20.355987,48.598839],[20.296459,48.611035],[20.302389,48.658018],[20.182303,48.728225],[20.197184,48.818585],[20.267459,48.874075],[20.175661,48.907974],[19.744618,48.896834],[19.539928,48.947248],[19.384609,48.926153],[19.297808,48.859631],[19.252941,48.856112],[19.244051,48.89516],[19.035625,48.881042],[18.994379,48.847187],[19.000075,48.750096],[18.854531,48.763444],[18.717252,48.626793],[18.656502,48.63992],[18.597696,48.575273],[18.487335,48.549302],[18.478673,48.548602]]]}},{"type":"Feature","properties":{"countrySlug":"slovakia"},"geometry":{"type":"Polygon","coordinates":[[[19.992261,48.907501],[20.276908,48.871015],[20.342268,48.923662],[20.300721,48.945071],[20.428889,49.003506],[20.490142,48.967799],[20.509751,48.993879],[20.481585,49.002915],[20.531461,49.018846],[20.632311,48.95224],[20.781615,48.971285],[20.769282,49.00303],[20.985026,48.959397],[21.025381,48.903905],[21.260105,48.873688],[21.246059,48.828852],[21.279754,48.810789],[21.367257,48.838087],[21.377199,48.881906],[21.483941,48.882269],[21.541568,48.794077],[21.702673,48.763151],[21.802342,48.790537],[21.799637,48.901383],[21.991052,48.83971],[22.131222,48.844629],[22.126111,48.887979],[22.214325,48.929817],[22.2575989,48.8657738],[22.382852,48.862108],[22.477309,48.991182],[22.545495,49.006765],[22.56571,49.0879956],[22.0619644,49.2115859],[21.961952,49.348548],[21.8383186,49.3916729],[21.777994,49.356048],[21.6309446,49.4473085],[21.4340831,49.412284],[21.2775246,49.4609398],[21.1921278,49.4009926],[21.1240235,49.4365799],[21.047543,49.418339],[21.0941092,49.3650563],[20.924084,49.295969],[20.865549,49.347484],[20.79738,49.343172],[20.736897,49.416681],[20.614934,49.417845],[20.575525,49.376106],[20.432295,49.417581],[20.325081,49.403028],[20.3164888,49.3445299],[20.145504,49.317513],[20.087901,49.17951],[19.9036349,49.2307623],[19.883928,49.204178],[19.923211,49.160025],[19.895048,49.130943],[20.000131,49.162818],[19.952719,49.109272],[20.037754,49.108312],[20.015293,49.015977],[19.963551,49.008929],[20.060438,48.932304],[20.000654,48.90994],[19.992261,48.907501]]]}},{"type":"Feature","properties":{"countrySlug":"slovakia"},"geometry":{"type":"Polygon","coordinates":[[[20.4638934,48.4639011],[20.506507,48.534415],[20.713132,48.570391],[20.850436,48.581633],[21.117448,48.491055],[21.440068,48.585237],[21.54202,48.508395],[21.613933,48.509416],[21.664561,48.392164],[21.724435,48.349682],[22.135909,48.380519],[22.1609681,48.5672614],[22.339611,48.683893],[22.382852,48.862108],[22.2575989,48.8657738],[22.214325,48.929817],[22.126111,48.887979],[22.131222,48.844629],[21.991052,48.83971],[21.799637,48.901383],[21.802342,48.790537],[21.685187,48.76256],[21.541568,48.794077],[21.483941,48.882269],[21.377199,48.881906],[21.367257,48.838087],[21.279754,48.810789],[21.246059,48.828852],[21.260105,48.873688],[21.025381,48.903905],[20.985026,48.959397],[20.769282,49.00303],[20.781615,48.971285],[20.632311,48.95224],[20.531461,49.018846],[20.481585,49.002915],[20.509751,48.993879],[20.490142,48.967799],[20.428889,49.003506],[20.300721,48.945071],[20.339334,48.915918],[20.197184,48.818585],[20.181222,48.740997],[20.302389,48.658018],[20.296459,48.611035],[20.355987,48.598839],[20.306424,48.479673],[20.464326,48.468398],[20.4638934,48.4639011]]]}},{"type":"Feature","properties":{"countrySlug":"slovenia"},"geometry":{"type":"Polygon","coordinates":[[[14.118200000030015,45.48124000002605],[14.387179999757223,45.499460000278816],[14.570009999861668,45.672939999981054],[14.84300999971174,45.47163999978619],[14.977230000164411,45.51311000022639],[15.226440000105981,45.42709000030334],[15.359370000425201,45.48526000014897],[15.294760000373742,45.5905199996983],[15.284460000228876,45.72597999977722],[15.4044300000445,45.792720000028055],[15.653610000401272,45.84181000023136],[15.706409999921618,45.97526000024885],[15.695920000008016,46.05369999955536],[15.627260000248839,46.08595000019238],[15.633890000223403,46.182740000350805],[16.139069999780702,46.39316000023388],[16.301550000332327,46.3782899997837],[16.242150000422214,46.49008000009201],[16.373390000148447,46.534869999850685],[16.596809999681795,46.475899999985074],[16.37078999985863,46.72223999977621],[16.309529999609822,46.85006000006899],[16.113849999577894,46.86906999988065],[15.996239999776208,46.835400000309846],[16.014999999750216,46.67256000024389],[15.64998999983868,46.70575999972425],[15.497870000400269,46.6312299999646],[15.065119999988042,46.65210999967678],[14.8969499996428,46.60974000000107],[14.565180000156943,46.37245000026735],[14.908760000173913,46.20756999965579],[14.77734999980271,46.076180000206875],[14.948580000067011,45.9786100000515],[14.767379999587376,45.75934999990261],[14.56481000018141,45.79146000037878],[14.481389999648798,45.86859999999007],[14.129579999617363,45.86950000012496],[14.04236999967577,45.7613599999641],[14.118200000030015,45.48124000002605]]]}},{"type":"Feature","properties":{"countrySlug":"slovenia"},"geometry":{"type":"Polygon","coordinates":[[[14.565180000156943,46.37245000026735],[14.434500000174921,46.44293999988116],[13.714190000268331,46.522699999805184],[13.684029999784684,46.437470000340284],[13.4008699999506,46.31373000023939],[13.432450000267352,46.24029999994508],[13.643189999618812,46.16534000014093],[13.496940000180928,46.051329999979544],[13.517209999641807,45.98444999956786],[13.622900000134962,45.96371999957836],[13.596240000075966,45.80794000043073],[13.776369999775739,45.74910999982666],[13.898380000136967,45.63599999980022],[13.840290000383277,45.59057000020539],[13.722139999961087,45.59496000030384],[13.610090000253365,45.516830000004575],[13.65130000039477,45.454049999807694],[14.118200000030015,45.48124000002605],[14.04236999967577,45.7613599999641],[14.129579999617363,45.86950000012496],[14.481389999648798,45.86859999999007],[14.56481000018141,45.79146000037878],[14.767379999587376,45.75934999990261],[14.948580000067011,45.9786100000515],[14.77734999980271,46.076180000206875],[14.908760000173913,46.20756999965579],[14.56520999974174,46.367699999755246],[14.565180000156943,46.37245000026735]]]}},{"type":"Feature","properties":{"countrySlug":"serbia"},"geometry":{"type":"Polygon","coordinates":[[[19.424337,45.1673728],[19.3188632,45.2076293],[19.2803006,45.2091031],[19.2866141,45.1710894],[19.1762166,45.202511],[19.1945386,45.1789152],[19.1420508,45.1299249],[19.0865622,45.1454179],[19.1027174,45.0106953],[19.0519478,44.977328],[19.1564876,44.9529418],[19.0697661,44.9014706],[18.9979761,44.91556],[19.0191123,44.8552434],[19.1747876,44.9215159],[19.346541,44.8894062],[19.3237787,44.9207856],[19.4392781,44.9401455],[19.4985085,44.9000309],[19.704914,44.9260215],[19.7591494,44.9005729],[19.6957939,44.8192477],[19.7123274,44.7571845],[19.9946525,44.6921844],[19.9208515,44.6512193],[19.9606828,44.6295954],[20.124042,44.7108217],[20.1357997,44.7667215],[20.087904,44.7873762],[20.1389647,44.8029613],[20.1692589,44.9070378],[20.2962833,44.938268],[20.2943165,44.9882384],[20.3625949,45.0162275],[20.2389383,45.1614021],[20.0301277,45.1703318],[20.0399496,45.207336],[19.9044143,45.1448454],[19.4234771,45.1606416],[19.424337,45.1673728]]]}},{"type":"Feature","properties":{"countrySlug":"serbia"},"geometry":{"type":"Polygon","coordinates":[[[20.4116645,45.083723],[20.4256925,45.0348514],[20.620023,44.9106205],[20.5924683,44.8638771],[20.6203,44.856322],[20.5762685,44.8494577],[20.6184506,44.8280794],[20.6253871,44.7655426],[20.7716461,44.6607506],[20.910779,44.6675551],[21.299256,44.7952276],[21.3709818,44.8677951],[21.558611,44.896111],[21.540833,44.938611],[21.3607089,45.019716],[21.4561996,45.0398458],[21.5147595,45.171264],[21.4029875,45.2288773],[21.2188982,45.25029],[21.1759699,45.3252082],[20.9002651,45.302482],[20.8239748,45.2740648],[20.8624155,45.2572847],[20.7368426,45.1678466],[20.6277502,45.2310465],[20.505014,45.220723],[20.4159319,45.0871507],[20.4116645,45.083723]]]}},{"type":"Feature","properties":{"countrySlug":"serbia"},"geometry":{"type":"Polygon","coordinates":[[[19.8726948,46.1512484],[19.8987306,46.126645],[19.8100073,45.9765274],[19.8272931,45.903698],[19.7885696,45.8801662],[19.8768507,45.7631908],[20.1383751,45.7115953],[20.1711187,45.7787361],[20.3642469,45.7800575],[20.4311026,45.6953683],[20.3477766,45.6676284],[20.3698606,45.6460821],[20.3321904,45.6165214],[20.3755703,45.6020376],[20.5350014,45.613192],[20.5221949,45.6853091],[20.6272246,45.7043003],[20.6599721,45.8291703],[20.5688815,45.9104368],[20.5154813,45.8921452],[20.4836292,45.9533816],[20.3479736,45.9994108],[20.2832419,46.1181132],[20.1012538,46.1769655],[20.0637343,46.1436671],[20.0157938,46.176777],[19.8978213,46.1598806],[19.8726948,46.1512484]]]}},{"type":"Feature","properties":{"countrySlug":"serbia"},"geometry":{"type":"Polygon","coordinates":[[[19.8726948,46.1512484],[19.8178337,46.1277866],[19.6980954,46.18793],[19.5676294,46.1787179],[19.4154393,46.0457307],[19.2816008,46.0145217],[19.3739776,45.9403067],[19.3348195,45.9158409],[19.3785535,45.822161],[19.490599,45.7315058],[19.5855912,45.7247806],[19.5691217,45.7033382],[19.6261418,45.662759],[19.5976254,45.6468346],[19.7048005,45.6110679],[19.7513438,45.6392934],[19.7639757,45.7300613],[19.8768507,45.7631908],[19.7885696,45.8801662],[19.8272931,45.903698],[19.8100073,45.9765274],[19.8987306,46.126645],[19.8726948,46.1512484]]]}},{"type":"Feature","properties":{"countrySlug":"serbia"},"geometry":{"type":"Polygon","coordinates":[[[20.3316801,45.0742882],[20.4159319,45.0871507],[20.505014,45.220723],[20.6277502,45.2310465],[20.7368426,45.1678466],[20.8624155,45.2572847],[20.8239748,45.2740648],[21.0171231,45.3242108],[20.8661497,45.4646378],[20.7715497,45.4797448],[20.8330702,45.5356944],[20.765994,45.6124429],[20.8231374,45.7748612],[20.7142138,45.7488294],[20.6509872,45.7913457],[20.6272246,45.7043003],[20.5221949,45.6853091],[20.5350014,45.613192],[20.3321904,45.6165214],[20.3698606,45.6460821],[20.3554201,45.679632],[20.4311026,45.6953683],[20.3402307,45.7840422],[20.1711187,45.7787361],[20.163107,45.7280275],[20.0932453,45.709253],[20.1146618,45.6580435],[20.0350909,45.6464195],[20.0956892,45.6300169],[20.0690753,45.5873573],[20.1322853,45.5874773],[20.0482963,45.5500113],[20.0539376,45.474326],[20.1076059,45.5192386],[20.1830482,45.4581461],[20.1638619,45.4245065],[20.2225731,45.433706],[20.2022971,45.3697594],[20.2715706,45.3340744],[20.2341756,45.3025051],[20.3112311,45.2259072],[20.274965,45.1345023],[20.3156119,45.083415],[20.3316801,45.0742882]]]}},{"type":"Feature","properties":{"countrySlug":"serbia"},"geometry":{"type":"Polygon","coordinates":[[[19.3027132,45.9915575],[19.147739,45.9961247],[19.1045793,46.0399876],[19.0795504,45.9635351],[19.0058141,45.9587094],[19.0088562,45.9232866],[18.8142875,45.9088035],[18.9086388,45.7051611],[18.9662725,45.6663578],[18.8892105,45.5660708],[18.950376,45.5339513],[19.0211376,45.5571527],[19.1023014,45.5054625],[19.0327501,45.4682855],[19.200033,45.4192589],[19.2778378,45.4536376],[19.3710781,45.4330219],[19.4153637,45.5246235],[19.5756615,45.5746527],[19.6168042,45.678444],[19.3604794,45.8394203],[19.3348195,45.9158409],[19.3739776,45.9403067],[19.3176288,45.9760262],[19.3027132,45.9915575]]]}},{"type":"Feature","properties":{"countrySlug":"serbia"},"geometry":{"type":"Polygon","coordinates":[[[20.274965,45.1345023],[20.3122976,45.2200752],[20.2341756,45.3025051],[20.2715706,45.3340744],[20.2022971,45.3697594],[20.2225731,45.433706],[20.1638619,45.4245065],[20.1830482,45.4581461],[20.1076059,45.5192386],[20.0520667,45.4785068],[20.0482963,45.5500113],[20.1321006,45.5839094],[20.0569021,45.6009148],[20.0812718,45.6415143],[20.0315298,45.6344044],[20.1146618,45.6580435],[20.0932453,45.709253],[20.1383751,45.7115953],[20.0691043,45.746252],[19.867046,45.7637719],[19.7639757,45.7300613],[19.7410325,45.6239429],[19.5976254,45.6468346],[19.5756615,45.5746527],[19.3700618,45.4836514],[19.3710781,45.4330219],[19.2778378,45.4536376],[19.200033,45.4192589],[19.0001587,45.494343],[18.988437,45.4468336],[19.0305467,45.4114171],[18.9694652,45.3868124],[19.1445078,45.2802376],[19.420634,45.2334919],[19.4507356,45.1474665],[19.9044143,45.1448454],[20.0315997,45.208139],[20.0301277,45.1703318],[20.2389383,45.1614021],[20.274965,45.1345023]]]}},{"type":"Feature","properties":{"countrySlug":"serbia"},"geometry":{"type":"Polygon","coordinates":[[[19.9834013,44.6443595],[20.0098977,44.5353342],[20.1107995,44.5483475],[20.1427079,44.5117458],[20.2097129,44.5627653],[20.246064,44.4428469],[20.2028572,44.3847235],[20.2248307,44.3522371],[20.1872608,44.3436238],[20.2907061,44.2631687],[20.4032349,44.3173822],[20.452353362579824,44.37983466829662],[20.4125142,44.41921818941295],[20.4519747,44.44196238941296],[20.54872903564681,44.416829541838005],[20.5535345,44.3783037],[20.6324261,44.3987946],[20.6624366,44.3479331],[20.7872951,44.3284979],[20.806816,44.3738686],[20.745512,44.3935627],[20.7648127,44.4444621],[20.8538331,44.4574612],[20.7483163,44.5503342],[20.8193739,44.5858242],[20.8167445,44.6596597],[20.6371407,44.7509643],[20.5762685,44.8494577],[20.6203,44.856322],[20.5924683,44.8638771],[20.620023,44.9106205],[20.382731,45.0956818],[20.3316801,45.0742882],[20.3625949,45.0162275],[20.2943165,44.9882384],[20.3011557,44.9426859],[20.1692589,44.9070378],[20.1389647,44.8029613],[20.0966506,44.8072517],[20.1357997,44.7667215],[20.124042,44.7108217],[19.9886502,44.6450091],[19.9834013,44.6443595]]]}},{"type":"Feature","properties":{"countrySlug":"serbia"},"geometry":{"type":"Polygon","coordinates":[[[21.7805184,44.0257875],[22.0035339,43.9580247],[22.0476396,43.9802128],[22.1173404,43.8969289],[22.2437812,44.0393281],[22.2024151,44.1476768],[22.2348257,44.1870592],[22.4771533,44.1272086],[22.4654289,44.0318153],[22.6212624,44.0633924],[22.6129869,44.1656069],[22.6835583,44.2692929],[22.5237224,44.3379372],[22.4587234,44.4761773],[22.5399192,44.4789944],[22.5886711,44.5510915],[22.7077182,44.5175634],[22.7576717,44.5621002],[22.4545177,44.715515],[22.3125538,44.664259],[22.1690448,44.4764222],[22.078236,44.5017715],[22.0021959,44.6155231],[21.940149611005285,44.54027805330184],[21.9292313,44.45190773006917],[21.7978647175793,44.3705310095614],[21.8180282,44.3285811],[21.9053467,44.3077229],[21.90415487560487,44.245148685933586],[21.9650468,44.2503922],[21.9682506,44.13923843006917],[21.8329576,44.08971353006917],[21.783428,44.0299049],[21.7805184,44.0257875]]]}},{"type":"Feature","properties":{"countrySlug":"serbia"},"geometry":{"type":"Polygon","coordinates":[[[19.3517636,44.8895227],[19.3531846,44.8263681],[19.2945973,44.7858535],[19.3306778,44.747898],[19.3038177,44.6890694],[19.2149028,44.6193513],[19.1760283,44.5310667],[19.1284469,44.5199469],[19.147114,44.4154775],[19.1027928,44.3712588],[19.1679445,44.2831425],[19.3251712,44.271251],[19.3590788,44.1842533],[19.5251325,44.0972035],[19.6384082,44.1652803],[19.5776764,44.2256014],[19.4362261,44.2665068],[19.5195549,44.3372126],[19.4729956,44.3720068],[19.5290418,44.4252121],[19.5007858,44.4432236],[19.709299,44.4584988],[19.8586546,44.4084077],[19.8701979,44.5543565],[19.9937097,44.5917189],[19.9834013,44.6443595],[19.9193928,44.6468],[19.9988068,44.684646],[19.7186491,44.7509738],[19.6957939,44.8192477],[19.749368,44.9132098],[19.4985085,44.9000309],[19.4392781,44.9401455],[19.3197724,44.9163597],[19.3546306,44.8928345],[19.3517636,44.8895227]]]}},{"type":"Feature","properties":{"countrySlug":"serbia"},"geometry":{"type":"Polygon","coordinates":[[[21.7523495,42.7005514],[21.7894228,42.6513011],[21.7384166,42.6011685],[21.747816,42.5589078],[21.6290269,42.4595366],[21.6207542,42.3781257],[21.5369529,42.3667548],[21.5281928,42.3273831],[21.6004335,42.2540437],[21.6986844,42.2322435],[21.8341951,42.3214803],[21.8996566,42.3010519],[21.9462766,42.3444459],[22.0321717,42.2982563],[22.1667293,42.312879],[22.2938957,42.3735359],[22.3572026,42.3113851],[22.43229,42.3230289],[22.559255,42.4802659],[22.4388871,42.5655112],[22.5013529,42.7396433],[22.4413125,42.8253227],[22.2736208,42.7479017],[22.1757971,42.809168],[22.1129679,42.7961407],[22.1087127,42.8326459],[22.0029651,42.8305814],[21.9546372,42.7898344],[21.8211382,42.7845315],[21.7567009,42.7030802],[21.7523495,42.7005514]]]}},{"type":"Feature","properties":{"countrySlug":"serbia"},"geometry":{"type":"Polygon","coordinates":[[[19.9838271,44.5888637],[19.8737899,44.5613859],[19.8586546,44.4084077],[19.709299,44.4584988],[19.5066151,44.4475515],[19.5290418,44.4252121],[19.4729956,44.3720068],[19.5195549,44.3372126],[19.4362261,44.2665068],[19.5776764,44.2256014],[19.5964715,44.1818327],[19.7630457,44.1249086],[19.8094639,44.0695995],[19.830173,44.0951094],[19.7919899,44.1351288],[19.8890081,44.1505499],[19.9860419,44.0974127],[20.1420317,44.0955191],[20.3062808,44.1455206],[20.4188704,44.2296486],[20.4260867,44.3176818],[20.2907061,44.2631687],[20.1912737,44.3351388],[20.246064,44.4428469],[20.2037411,44.5683896],[20.1427079,44.5117458],[20.1107995,44.5483475],[20.0098977,44.5353342],[19.9898008,44.5832414],[19.9838271,44.5888637]]]}},{"type":"Feature","properties":{"countrySlug":"serbia"},"geometry":{"type":"Polygon","coordinates":[[[20.8167445,44.6596597],[20.8193739,44.5858242],[20.7482706,44.5573894],[20.8557528,44.4673591],[20.7648127,44.4444621],[20.745512,44.3935627],[20.806816,44.3738686],[20.7893154,44.322858],[20.8906147,44.26922718941295],[20.9855689,44.280868689412955],[21.0591595,44.2259064],[21.1581521,44.2248037],[21.1320843,44.2786069],[21.1617528,44.2829526],[21.1260032,44.3012616],[21.1556125,44.3155216],[21.1258538,44.3253432],[21.1774983,44.35690853006917],[21.1184622,44.38563893006917],[21.170950250799553,44.43092275895872],[21.1255094,44.51843433006917],[21.1511171,44.54037453006917],[21.1172422,44.54709683006917],[21.146933,44.58408083006917],[21.0365382,44.64042093006917],[21.0366585,44.7187766],[20.8355466,44.6586224],[20.8167445,44.6596597]]]}},{"type":"Feature","properties":{"countrySlug":"serbia"},"geometry":{"type":"Polygon","coordinates":[[[21.04769689795801,44.66483824394657],[21.0884497,44.58929983006917],[21.147784,44.58244773006917],[21.1172422,44.54709683006917],[21.1511171,44.54037453006917],[21.1255094,44.51843433006917],[21.1710199,44.43065923006917],[21.1184622,44.38563893006917],[21.1777153,44.35243623006917],[21.1278516,44.32204393006917],[21.2796146,44.26017273006917],[21.3049315,44.29587383006917],[21.3777315,44.23891983006917],[21.3604666,44.20375283006917],[21.5005157,44.20146493006917],[21.6893191,44.10910003006917],[21.8229376,44.08182833006917],[21.9640814,44.12884973006917],[21.9650468,44.24992013006917],[21.9038084,44.24483013006917],[21.905345038027203,44.30725148763424],[21.8180282,44.32810903006917],[21.797778,44.37042993006917],[21.9292313,44.45190773006917],[21.9954952,44.63166783006917],[21.6420444,44.66085663006917],[21.5944942,44.75516183006917],[21.3907322,44.781364330069174],[21.3479824,44.82317833006917],[21.0366585,44.71830453006917],[21.0458249,44.66664093006917],[21.04769689795801,44.66483824394657]]]}},{"type":"Feature","properties":{"countrySlug":"serbia"},"geometry":{"type":"Polygon","coordinates":[[[20.63846934051258,44.381832224498794],[20.5535345,44.3783037],[20.54872903564681,44.416829541838005],[20.4579163,44.44198118941296],[20.4125142,44.41921818941295],[20.452353362579824,44.37983466829662],[20.3993022,44.3131183],[20.4260867,44.3176818],[20.4553457,44.200975],[20.6558216,44.0420991],[20.54720121425845,43.96775976877038],[20.5650847,43.9308302],[20.7456881,43.7955002],[20.7950204,43.8498648],[20.9554824,43.8244149],[21.038496372478992,43.87167076253607],[21.0165754,43.9172955],[21.074719739727648,43.963361844706974],[21.0458649,44.0040647],[21.1142242,44.0429927],[21.0812841,44.0796209],[21.1831134,44.1232142],[21.1265718,44.165528289412954],[21.1424853,44.2225509],[21.0591595,44.2259064],[20.9934963,44.279476189412954],[20.8390538,44.2833454],[20.8348764,44.3187539],[20.6364982,44.380411],[20.63846934051258,44.381832224498794]]]}},{"type":"Feature","properties":{"countrySlug":"serbia"},"geometry":{"type":"Polygon","coordinates":[[[20.927908284557137,43.82569283389719],[20.9775522,43.7410695],[21.1304835,43.7242188],[21.1548255,43.771887],[21.2512254,43.7852628],[21.2794559,43.8544314],[21.2723176,43.7862308],[21.3679188,43.7949507],[21.425818,43.7434851],[21.6587954,43.8187276],[21.6966167,43.8650244],[21.6785708,43.9047086],[21.7404962,43.9240563],[21.822691759814525,44.08205432038372],[21.5613227,44.14413623006917],[21.4495346,44.21532313006917],[21.3631106,44.20269203006917],[21.377414775291065,44.23895684244526],[21.3344607,44.28346003006917],[21.2462224,44.26616803006917],[21.154163883733585,44.31654892906044],[21.1260032,44.3012616],[21.1718537,44.2503771],[21.1265718,44.165528289412954],[21.1831134,44.1232142],[21.0812841,44.0796209],[21.1142242,44.0429927],[21.0458649,44.0040647],[21.074719739727648,43.963361844706974],[21.0165754,43.9172955],[21.038496372478992,43.87167076253607],[20.9277562,43.8257991],[20.927908284557137,43.82569283389719]]]}},{"type":"Feature","properties":{"countrySlug":"serbia"},"geometry":{"type":"Polygon","coordinates":[[[20.0714094,44.1112718],[20.0706229,44.0009404],[20.1733714,43.8995404],[20.1108819,43.8668187],[20.202304,43.6708579],[20.1110235,43.6661466],[20.1133725,43.6267872],[19.9159535,43.5511217],[20.0292327,43.4953768],[20.1438395,43.311055],[20.2679194,43.3385919],[20.3538458,43.2742072],[20.4344084,43.3391803],[20.4474433,43.3981839],[20.4164503,43.4106754],[20.4333935,43.4640218],[20.3284427,43.5489924],[20.3918115,43.5912298],[20.3855416,43.6499056],[20.4509797,43.6753267],[20.4311025,43.7450218],[20.4985829,43.7564666],[20.6404357,43.8810541],[20.54720121425845,43.96775976877038],[20.6558216,44.0420991],[20.4752222,44.1768703],[20.437307572371672,44.266220759939],[20.3062808,44.1455206],[20.0850477,44.1114734],[20.0714094,44.1112718]]]}},{"type":"Feature","properties":{"countrySlug":"serbia"},"geometry":{"type":"Polygon","coordinates":[[[21.7805184,44.0257875],[21.6552213,43.8240846],[21.7124294,43.7693227],[21.6701024,43.7590203],[21.7513304,43.6063727],[21.8539849,43.600708],[21.9141783,43.530987],[21.9823097,43.5398661],[21.9586159,43.5964206],[22.06303,43.4985549],[22.2688337,43.4471553],[22.2995955,43.4716235],[22.3429941,43.4481127],[22.3319218,43.3861067],[22.426891,43.3519621],[22.4882286,43.3705232],[22.5803403,43.3231069],[22.6670447,43.4026572],[22.5335546,43.4711817],[22.4918086,43.6392841],[22.4080959,43.6956256],[22.3571459,43.8095297],[22.4094658,44.0042054],[22.5434905,44.0336474],[22.4654289,44.0318153],[22.4771533,44.1272086],[22.2348257,44.1870592],[22.2024151,44.1476768],[22.2437812,44.0393281],[22.1173404,43.8969289],[22.0476396,43.9802128],[22.0035339,43.9580247],[21.7940571,44.0229828],[21.7805184,44.0257875]]]}},{"type":"Feature","properties":{"countrySlug":"serbia"},"geometry":{"type":"Polygon","coordinates":[[[19.4989969,44.0969833],[19.5743698,44.0464384],[19.597941,44.0711159],[19.6203163,44.0155277],[19.4865804,43.9554751],[19.2349289,44.0084805],[19.3943654,43.7984547],[19.5189792,43.7143438],[19.527015,43.6506488],[19.4876687,43.6315358],[19.51105,43.5861531],[19.2637436,43.6068827],[19.2231009,43.4819389],[19.4492489,43.387338],[19.5355556,43.3078504],[19.5450826,43.2463907],[19.6418866,43.1886675],[19.7699185,43.1662009],[19.8384209,43.0945062],[19.9702396,43.1112687],[20.0641942,43.0070598],[20.1901609,43.1527415],[20.3026267,43.1760344],[20.2263821,43.2209463],[20.2835659,43.3287821],[20.1438395,43.311055],[20.0292327,43.4953768],[19.9159535,43.5511217],[20.1133725,43.6267872],[20.1110235,43.6661466],[20.202304,43.6708579],[20.1108819,43.8668187],[20.1733714,43.8995404],[20.0706229,44.0009404],[20.0890938,44.093224],[19.8890081,44.1505499],[19.7900835,44.1337013],[19.830173,44.0951094],[19.8094639,44.0695995],[19.7630457,44.1249086],[19.6384082,44.1652803],[19.5152378,44.0970894],[19.4989969,44.0969833]],[[19.395141,43.5539252],[19.4080257,43.5551335],[19.4122416,43.5654702],[19.4235505,43.5683566],[19.423436,43.5590109],[19.4279967,43.5565546],[19.4290176,43.5532614],[19.4211055,43.5416689],[19.4140811,43.5397087],[19.4113234,43.5470138],[19.395141,43.5539252]]]}},{"type":"Feature","properties":{"countrySlug":"serbia"},"geometry":{"type":"Polygon","coordinates":[[[20.927908284557137,43.82569283389719],[20.8088712,43.8527419],[20.735783,43.7969121],[20.6404357,43.8810541],[20.4985829,43.7564666],[20.4311025,43.7450218],[20.4509797,43.6753267],[20.3855416,43.6499056],[20.3918115,43.5912298],[20.3284427,43.5489924],[20.4333935,43.4640218],[20.4382138,43.3462177],[20.3538458,43.2742072],[20.2721852,43.3018575],[20.2263821,43.2209463],[20.3026267,43.1760344],[20.1612336,43.131314],[20.0594176,42.9946787],[20.3464142,42.9112768],[20.3540448,42.8326335],[20.5384508,42.8842767],[20.4872569,42.9283584],[20.5008744,42.956446],[20.5906682,43.0161225],[20.6405108,43.0056484],[20.6936807,43.0935662],[20.5971094,43.2053994],[20.8275125,43.26572],[20.8541804,43.3809621],[20.7848362,43.4085497],[20.8106003,43.477191],[20.7782119,43.5278208],[20.9482597,43.5227864],[20.9218372,43.5915507],[20.9705096,43.6291007],[20.895416,43.6602378],[20.9638916,43.74933],[20.9317732,43.8229923],[20.927908284557137,43.82569283389719]]]}},{"type":"Feature","properties":{"countrySlug":"serbia"},"geometry":{"type":"Polygon","coordinates":[[[22.3377561,43.3844159],[22.3122468,43.3280128],[22.1378085,43.3462438],[22.1730065,43.2765804],[22.1130907,43.2104086],[22.2744908,43.1490863],[22.2881269,43.1123407],[22.2256603,43.0786414],[22.2561822,43.0615154],[22.1948991,43.024944],[22.3877978,42.9575218],[22.3675777,42.9338225],[22.4170969,42.8919524],[22.5755374,42.8628234],[22.5963882,42.8942618],[22.7446464,42.8861453],[22.7839247,42.9816284],[22.995057,43.135545],[23.006275,43.192872],[22.8963501,43.226793],[22.7448264,43.38775],[22.6444975,43.3991985],[22.5803403,43.3231069],[22.3518687,43.3804268],[22.3377561,43.3844159]]]}},{"type":"Feature","properties":{"countrySlug":"serbia"},"geometry":{"type":"Polygon","coordinates":[[[22.4413125,42.8253227],[22.5167599,42.8700204],[22.3934197,42.9063841],[22.3608041,42.9728784],[22.1948991,43.024944],[22.2562353,43.0643296],[22.1418396,43.0677835],[22.0285964,43.163761],[21.9149085,43.1362326],[21.8888855,43.1708193],[21.4503778,42.9884626],[21.4743529,42.9463927],[21.3943639,42.7576443],[21.5600044,42.7383484],[21.6647385,42.6663751],[21.7754907,42.6985112],[21.8211382,42.7845315],[21.9546372,42.7898344],[22.0029651,42.8305814],[22.1087127,42.8326459],[22.1129679,42.7961407],[22.1757971,42.809168],[22.2736208,42.7479017],[22.4383186,42.8256658],[22.4413125,42.8253227]]]}},{"type":"Feature","properties":{"countrySlug":"serbia"},"geometry":{"type":"Polygon","coordinates":[[[21.8065963,43.1503477],[21.775463,43.2560464],[21.7044886,43.2645741],[21.7010088,43.2188425],[21.6225789,43.2593462],[21.6416287,43.2856681],[21.5848872,43.3141258],[21.592978,43.3670496],[21.3537276,43.4014873],[21.2225193,43.3747507],[21.1191774,43.2498135],[20.9861184,43.2691945],[20.9799385,43.1940817],[20.9264449,43.1475221],[21.1369038,43.1135522],[21.1713713,43.0011465],[21.2387265,43.0059583],[21.2705928,42.8975549],[21.3854504,42.8665447],[21.4554208,42.8898263],[21.4503778,42.9884626],[21.8167771,43.1441351],[21.8065963,43.1503477]]]}},{"type":"Feature","properties":{"countrySlug":"serbia"},"geometry":{"type":"Polygon","coordinates":[[[21.483369,43.7690981],[21.5259831,43.7219174],[21.4643136,43.6697555],[21.5027615,43.6054406],[21.5481183,43.6150832],[21.574459,43.5279893],[21.5480813,43.4682696],[21.5831015,43.4408975],[21.4838262,43.3758707],[21.592978,43.3670496],[21.6292721,43.2536805],[21.7010088,43.2188425],[21.7044886,43.2645741],[21.7697632,43.2582605],[21.803881,43.1502564],[22.0285964,43.163761],[22.1476865,43.0663326],[22.2104837,43.0605703],[22.2881269,43.1123407],[22.2578366,43.1627684],[22.1130907,43.2104086],[22.1730065,43.2765804],[22.132681,43.3386576],[22.3229098,43.3314057],[22.3429941,43.4481127],[22.06303,43.4985549],[21.970173,43.5934468],[21.9463376,43.5727079],[21.9823097,43.5398661],[21.9141783,43.530987],[21.8539849,43.600708],[21.7513304,43.6063727],[21.6701024,43.7590203],[21.7124294,43.7693227],[21.6587954,43.8187276],[21.4852563,43.7719056],[21.483369,43.7690981]]]}},{"type":"Feature","properties":{"countrySlug":"serbia"},"geometry":{"type":"Polygon","coordinates":[[[20.9638916,43.74933],[20.895416,43.6602378],[20.9705096,43.6291007],[20.9218372,43.5915507],[20.9482597,43.5227864],[20.7782119,43.5278208],[20.8106003,43.477191],[20.7848362,43.4085497],[20.8541804,43.3809621],[20.8187404,43.2728333],[20.8906995,43.2038752],[20.844996,43.2074587],[20.8415486,43.1735911],[20.9264449,43.1475221],[20.9799385,43.1940817],[20.9861184,43.2691945],[21.1191774,43.2498135],[21.2225193,43.3747507],[21.3537276,43.4014873],[21.4838262,43.3758707],[21.5810788,43.4366293],[21.5480813,43.4682696],[21.574459,43.5279893],[21.5481183,43.6150832],[21.5027615,43.6054406],[21.4643136,43.6697555],[21.5259831,43.7219174],[21.483369,43.7690981],[21.4181124,43.7420249],[21.3679188,43.7949507],[21.2723176,43.7862308],[21.2702428,43.8545876],[21.2512254,43.7852628],[21.1548255,43.771887],[21.1478023,43.728555],[20.9677546,43.7493628],[20.9638916,43.74933]]]}},{"type":"Feature","properties":{"countrySlug":"austria"},"geometry":{"type":"Polygon","coordinates":[[[15.99728683766434,46.83575189263528],[16.27753291849947,46.96299597479276],[16.291194047933494,47.01432130139014],[16.513461609213973,47.00192346129423],[16.440013523916832,47.03007433355874],[16.521711686484952,47.05655339479477],[16.464465697988487,47.09533372904405],[16.530473535016192,47.127611877308944],[16.455433708307634,47.14268302018741],[16.45605761192668,47.18775313878013],[16.420627504791433,47.1953052601572],[16.432926568018228,47.25333266018525],[16.490575070048,47.28067308314768],[16.43486697802618,47.35322797917677],[16.446608955560578,47.40762383214974],[16.57691868354604,47.40676173648501],[16.71572644299573,47.540338972362],[16.65327268751536,47.62333479611287],[16.422711986378978,47.66573361569892],[16.610454994940266,47.76081577255566],[16.72215691527814,47.73576783868694],[16.75024186824392,47.68185555779717],[16.868137248953285,47.72206992820983],[16.876382781360213,47.68877083306284],[17.094339253969665,47.7086660389451],[17.052225684879655,47.79441618847589],[17.075722719146995,47.80869844579337],[17.011213753867718,47.85879077714612],[17.086458274992044,47.87488080929708],[17.095945007307897,47.97131918375414],[17.162068565200922,48.00711223986378],[17.068699162638946,48.031893031515295],[17.078357484043067,48.11557083419076],[17.037280107903356,48.08476513669047],[16.976795588777076,48.10606062067809],[17.018287043366417,48.07451364700172],[16.980507440914533,48.02391216869162],[16.891261567951567,48.075106013840255],[16.703927486437138,48.012806279527794],[16.700527998014124,47.96675996706118],[16.579734808888073,47.88790537776249],[16.51988033942884,47.9440344671095],[16.44986750078033,47.93433346295565],[16.349159711251062,47.868607797554546],[16.389198348104195,47.84301955925281],[16.344683296739156,47.801856103318464],[16.279879868198236,47.810937257587625],[16.293680984180543,47.71886557144433],[16.372600485912137,47.623834691799054],[16.314232469670394,47.56556476621845],[16.3408273965571,47.5165920139788],[16.303631399033907,47.467462808372346],[16.016250463168575,47.367542122870844],[16.114786830599783,47.16177590505226],[16.087587485818535,47.07458687187005],[16.156699554075143,46.993162668735756],[16.001811491228082,46.836907274429],[15.99728683766434,46.83575189263528]]]}},{"type":"Feature","properties":{"countrySlug":"austria"},"geometry":{"type":"Polygon","coordinates":[[[13.785429953975212,46.94429481447807],[13.694095064090208,47.04066169295914],[13.36363299313508,47.09926830497218],[13.07369312424457,47.01388016404318],[12.91998775194717,47.082087572013286],[12.739481427935146,47.10080555365591],[12.731529491037643,47.13148583406106],[12.657453973649114,47.10000921275831],[12.77290713392549,47.04063211422661],[12.726525176985179,46.99284517538218],[12.837688793407676,46.91295501756857],[12.841788234530233,46.86143803513421],[12.964130115627574,46.79909627940332],[12.932063229187479,46.76448693053899],[12.725564407126132,46.74389242482793],[12.69004928248534,46.70311562252175],[12.69123204591661,46.657410895008994],[12.8432112761988,46.606777619394464],[13.08438449396946,46.60247135571945],[13.240449833637424,46.55210646954744],[13.50494956559158,46.56670724414735],[13.795181608953637,46.50572689992905],[13.912796675708409,46.521513278101686],[14.122303136360474,46.47697924980989],[14.16421949065978,46.43394267159878],[14.522592099647307,46.42761449119727],[14.564426765587212,46.37265223253519],[14.59681248390694,46.43717452395555],[14.819486109057124,46.509744381106614],[14.8712883014811,46.60759431174619],[14.956574471405721,46.63309231199781],[14.98027696583758,46.601757097967905],[15.066063857238904,46.65268712302146],[15.023336452193933,46.67284158337865],[15.031475553440345,46.769669183365046],[14.977176021220044,46.78516613502313],[15.02777861964897,46.910758312422544],[14.844544719479304,47.04880327871116],[14.616143340904777,46.998367011450405],[14.50662371764151,47.02865131205906],[14.386753778601674,46.980419665579454],[14.36659523839251,47.02508436243836],[14.235849982787865,47.02625419718597],[14.204119523208893,47.07766042884641],[13.88164766165147,46.917437726400536],[13.785562034841021,46.93800153774013],[13.785429953975212,46.94429481447807]]]}},{"type":"Feature","properties":{"countrySlug":"austria"},"geometry":{"type":"Polygon","coordinates":[[[17.068032487786684,48.11914731852426],[16.977506465595177,48.17225232336043],[16.958348902105904,48.2643086088198],[16.83449750697533,48.380722906218914],[16.85149840439063,48.449987858014794],[16.955183909569193,48.54351815200273],[16.902927996445694,48.718614245872914],[16.683873799408552,48.72834309111626],[16.66503187847441,48.78156941771058],[16.542000847145466,48.81485480543167],[16.461673825329736,48.80959564730188],[16.3792410026601,48.729030989112374],[16.103894327527556,48.745991370968135],[15.8427222869738,48.877719938690866],[15.690847546733645,48.856272289243925],[15.279991599502363,48.99528385933747],[15.262729650689476,48.95426943698465],[15.161342076967635,48.94231476525075],[15.15737602431474,48.993920831391094],[15.021631054067413,49.02116661184622],[14.977271985581343,48.97164034003352],[14.993992828227446,48.90433812872058],[14.954317542448786,48.79039877300927],[14.980562724946667,48.77287217544884],[14.80970097985678,48.77942001564311],[14.692016836101976,48.584903824442314],[14.921985446336766,48.50631001553068],[14.86750070862475,48.480454227886426],[14.950430670414507,48.41421729893535],[14.91709194236506,48.38981066074575],[14.965500778389908,48.38843028071192],[14.975168867177457,48.199380899742685],[14.882503897263897,48.233148383836905],[14.69231957150405,48.15764549243698],[14.52213248238306,48.23817595295151],[14.453568042505418,48.06448971563112],[14.494094797095602,47.99857512214961],[14.728837253174653,47.9354878973476],[14.772909660154399,47.88353530310168],[14.710944772576333,47.851156442044655],[14.7128239188567,47.79059388713482],[14.767999130818906,47.726808349717246],[14.861523102635504,47.74186501124026],[14.913811134724321,47.70948433641317],[15.03025547089302,47.753117091455564],[15.200388857534366,47.753914284740176],[15.218322312342407,47.796519474518604],[15.375982579496755,47.8258705586246],[15.515089738900153,47.74693811459814],[15.71868740800232,47.711945904507644],[15.726176865617932,47.64691253950288],[15.857834138080067,47.62126792902663],[15.848095253982004,47.568233163475995],[15.91495216648075,47.53086428957213],[16.058781316932958,47.48501962335179],[16.110584729085467,47.52542299243619],[16.141984705144708,47.44201320164619],[16.200738038535548,47.42275993800786],[16.3408273965571,47.5165920139788],[16.314232469670394,47.56556476621845],[16.373712535955864,47.64307062459022],[16.309826428849714,47.6876306077779],[16.304798382471066,47.78533267967692],[16.26980155329185,47.7953871194342],[16.378363345675133,47.827776325681015],[16.349159711251062,47.868607797554546],[16.490592600282366,47.943443727338696],[16.579734808888073,47.88790537776249],[16.700527998014124,47.96675996706118],[16.703927486437138,48.012806279527794],[16.829109115339005,48.02879580469981],[16.875043675813714,48.07279374192281],[16.980507440914533,48.02391216869162],[17.018287043366417,48.07451364700172],[16.976795588777076,48.10606062067809],[17.037280107903356,48.08476513669047],[17.06330896213031,48.11370795495109],[17.068032487786684,48.11914731852426]],[[16.416449048842328,48.32269765093788],[16.54821448929569,48.26349981314424],[16.5376051510267,48.175102578075084],[16.57725811050515,48.13570433943151],[16.494654923981386,48.15930602604066],[16.438228703027946,48.12041993449713],[16.21604344590023,48.1258446057197],[16.239616343599067,48.1376544963407],[16.18300615282552,48.17162339404957],[16.207010836101958,48.26341982962803],[16.25781041125025,48.24038950636041],[16.405439045342288,48.31983668184767],[16.416449048842328,48.32269765093788]]]}},{"type":"Feature","properties":{"countrySlug":"austria"},"geometry":{"type":"Polygon","coordinates":[[[14.692016836101976,48.584903824442314],[14.470853226258592,48.649109438889695],[14.432386296478473,48.589740746511666],[14.33419048945687,48.55241658739647],[14.067888733044581,48.59548207583148],[14.011482245322368,48.640283707230836],[14.060398913820386,48.67445747626351],[13.840463717902876,48.77227153524329],[13.795780713724334,48.7157266825522],[13.838325029776716,48.70119097626348],[13.826684255116794,48.61921053253532],[13.731386531990921,48.51539290047367],[13.509858725060907,48.591267360005716],[13.438471912195682,48.55778435463565],[13.458984005485089,48.51218326652326],[13.409907072792498,48.37358218899945],[13.257386953488947,48.29425245147185],[12.870775752973604,48.201930797441165],[12.75345464397077,48.088200574405064],[12.860889597472067,47.997230894073546],[13.042887078054264,48.04205673073389],[13.146981357727842,47.970592362685174],[13.297608985750458,48.01121922500092],[13.372324898606617,47.97742082765514],[13.358999295108015,47.94022381355825],[13.281051845006216,47.95528762128595],[13.287164601873267,47.830779349875364],[13.530260876579433,47.79757158502713],[13.436869183358052,47.739977467907686],[13.551652206419869,47.71465205596929],[13.484863444233188,47.64207122167032],[13.524071296678342,47.61885475146765],[13.476968377808225,47.53288816719967],[13.590447060843728,47.473532132858935],[13.723349847304913,47.4626130070542],[13.756731658299824,47.55324076746527],[13.695147676078516,47.5799682569129],[13.696359619396777,47.63324501576461],[13.77846955853303,47.71885546342914],[14.011443721356315,47.70141209979144],[14.056276958194902,47.66840255877671],[14.051621970082087,47.61766589496948],[14.206661303578006,47.653046247919306],[14.327278038043422,47.60805335757338],[14.53285576389792,47.71423694839416],[14.74731337472795,47.75642936411204],[14.710944772576333,47.851156442044655],[14.772909660154399,47.88353530310168],[14.728837253174653,47.9354878973476],[14.608780158301409,47.949791665499426],[14.457018366843055,48.043535803549375],[14.495619327922636,48.11236982639681],[14.468606429257946,48.12305446873319],[14.49054292471064,48.22243831711931],[14.561336799069839,48.23177801494774],[14.69231957150405,48.15764549243698],[14.882503897263897,48.233148383836905],[14.975168867177457,48.199380899742685],[14.965500778389908,48.38843028071192],[14.91709194236506,48.38981066074575],[14.950430670414507,48.41421729893535],[14.86750070862475,48.480454227886426],[14.921985446336766,48.50631001553068],[14.692678191385882,48.58117809793845],[14.692016836101976,48.584903824442314]]]}},{"type":"Feature","properties":{"countrySlug":"austria"},"geometry":{"type":"Polygon","coordinates":[[[13.785429953975212,46.94429481447807],[13.865434819530911,46.99663359067061],[13.907562277729019,47.0705603324989],[13.88196161009991,47.10842961615898],[13.994390391205927,47.14251549105218],[13.89501070814838,47.18593440873299],[13.82398544736731,47.294639049531064],[13.712637992545007,47.25997970791642],[13.598462580147688,47.29400114359658],[13.564108981525449,47.42096401917097],[13.591854010748078,47.47178683212969],[13.476968377808225,47.53288816719967],[13.524071296678342,47.61885475146765],[13.484863444233188,47.64207122167032],[13.551652206419869,47.71465205596929],[13.436869183358052,47.739977467907686],[13.466056518136314,47.78669928834953],[13.539479603361816,47.782890543573146],[13.290466374255155,47.82492991683379],[13.281051845006216,47.95528762128595],[13.374208578399308,47.96637978617445],[13.297608985750458,48.01121922500092],[13.146981357727842,47.970592362685174],[13.042887078054264,48.04205673073389],[12.860889597472067,47.997230894073546],[13.00466052697088,47.8485075555358],[12.905953752569408,47.72399286087841],[13.046713198293336,47.71321835902244],[13.099644128230448,47.63570656279167],[13.007323739961999,47.464912396061656],[12.794975539947577,47.557558777600335],[12.825166422441253,47.612648877214326],[12.759240610680184,47.6521126838519],[12.781842869204446,47.67436749711083],[12.607995958184567,47.67428721092684],[12.57080987696842,47.61226423537413],[12.667230911866996,47.57925500695142],[12.628812165300449,47.550092030889054],[12.700242571258316,47.478420972196396],[12.632033366824421,47.465084436794],[12.622960536664486,47.418905061268404],[12.506709802454287,47.39466054718477],[12.470407883343366,47.32429798315612],[12.297201163911144,47.33313672840911],[12.076650137668437,47.27011193566278],[12.136563066107225,47.081172876383484],[12.262013038131458,47.07322140891118],[12.363857456739918,47.14188976346249],[12.484119552197333,47.158349187393505],[12.657453973649114,47.10000921275831],[12.731529491037643,47.13148583406106],[12.739481427935146,47.10080555365591],[12.91998775194717,47.082087572013286],[13.07369312424457,47.01388016404318],[13.36363299313508,47.09926830497218],[13.694095064090208,47.04066169295914],[13.779680024427106,46.94523362773146],[13.785429953975212,46.94429481447807]]]}},{"type":"Feature","properties":{"countrySlug":"austria"},"geometry":{"type":"Polygon","coordinates":[[[16.172886653292764,47.42281555802388],[16.110584729085467,47.52542299243619],[16.058781316932958,47.48501962335179],[15.91495216648075,47.53086428957213],[15.848095253982004,47.568233163475995],[15.857834138080067,47.62126792902663],[15.726176865617932,47.64691253950288],[15.71650914049118,47.713112592406844],[15.515089738900153,47.74693811459814],[15.3389044604797,47.828384660087906],[15.218322312342407,47.796519474518604],[15.200388857534366,47.753914284740176],[15.03025547089302,47.753117091455564],[14.913811134724321,47.70948433641317],[14.697906217407548,47.766307129518125],[14.313524677615474,47.60686099751316],[14.206661303578006,47.653046247919306],[14.051621970082087,47.61766589496948],[14.056276958194902,47.66840255877671],[14.011443721356315,47.70141209979144],[13.77846955853303,47.71885546342914],[13.696359619396777,47.63324501576461],[13.695147676078516,47.5799682569129],[13.756731658299824,47.55324076746527],[13.723349847304913,47.4626130070542],[13.586434604403998,47.47530669166427],[13.564108981525449,47.42096401917097],[13.608353807342725,47.28400076500273],[13.712637992545007,47.25997970791642],[13.82398544736731,47.294639049531064],[13.89501070814838,47.18593440873299],[13.994390391205927,47.14251549105218],[13.88196161009991,47.10842961615898],[13.907562277729019,47.0705603324989],[13.865434819530911,46.99663359067061],[13.785429953975212,46.94429481447807],[13.816122795038227,46.91894492337823],[13.95192532495531,46.942742130438816],[14.013368803114034,47.004328080696254],[14.204119523208893,47.07766042884641],[14.235849982787865,47.02625419718597],[14.36659523839251,47.02508436243836],[14.386753778601674,46.980419665579454],[14.50662371764151,47.02865131205906],[14.616143340904777,46.998367011450405],[14.844544719479304,47.04880327871116],[15.02777861964897,46.910758312422544],[14.977176021220044,46.78516613502313],[15.031475553440345,46.769669183365046],[15.025434682416208,46.67009970552591],[15.421358909082315,46.65524644057067],[15.475728173247015,46.61238930280793],[15.596123063314492,46.69036068107713],[15.840729353279741,46.72272693033027],[16.039144700413466,46.65646806583537],[15.986428537799268,46.82765337601738],[16.156699554075143,46.993162668735756],[16.087587485818535,47.07458687187005],[16.114786830599783,47.16177590505226],[16.016250463168575,47.367542122870844],[16.16752707480394,47.42092400247525],[16.172886653292764,47.42281555802388]]]}},{"type":"Feature","properties":{"countrySlug":"austria"},"geometry":{"type":"MultiPolygon","coordinates":[[[[12.657453973649114,47.10000921275831],[12.498765943257089,47.156957097670144],[12.363857456739918,47.14188976346249],[12.205271954328317,47.02737724330532],[12.12659821479095,47.013599678510985],[12.169223642442052,46.93778607936824],[12.144349438083678,46.91426658882174],[12.274172008613531,46.88492067851287],[12.307318495653474,46.841612178165946],[12.284483326351085,46.783392834106905],[12.565725020608975,46.65221186169689],[12.69123204591661,46.657410895008994],[12.725564407126132,46.74389242482793],[12.964665970300802,46.78595167751416],[12.745197450119461,46.960994210524106],[12.725259034096231,46.996264018849644],[12.77290713392549,47.04063211422661],[12.66918243173203,47.09192627208455],[12.657453973649114,47.10000921275831]]],[[[10.454786786565249,47.55640583665213],[10.482371802206485,47.58509621849402],[10.433300274243226,47.58218734279937],[10.450581215813092,47.55596107773839],[10.454786786565249,47.55640583665213]]],[[[12.575671173232084,47.63287248321066],[12.499803946866,47.62565664250679],[12.440696931300009,47.69578880849115],[12.255848987654247,47.68002608053023],[12.257632158051125,47.74361720106207],[12.163009940148557,47.701745819875924],[12.203592293575452,47.606998386433965],[11.636709653785191,47.59514202711289],[11.572906336625326,47.51507816583363],[11.442628276528392,47.518525784967274],[11.384302470045615,47.47295873967869],[11.421653169103287,47.44515887435693],[11.33904159155692,47.450486061904094],[11.228750229376265,47.395675063805136],[11.250429286344012,47.43290249432841],[10.970945229710516,47.40065360789495],[10.937601923568284,47.481730200667535],[10.87045614874865,47.483837835574086],[10.918394458093683,47.5142079576168],[10.890700679284652,47.53791082953434],[10.777903987800844,47.514514808243575],[10.69138073188644,47.559378331855804],[10.454786786565249,47.55640583665213],[10.431652069443572,47.50436765771363],[10.476327859887204,47.43337166530662],[10.437102977941825,47.380952201175745],[10.330657447600874,47.30540029601105],[10.174512865626012,47.26446019386212],[10.22389053566518,47.25057239078008],[10.196956398511299,47.192335348134556],[10.222254205585717,47.150746054652444],[10.133036692586778,47.08207003525898],[10.157194869810615,47.049433035071964],[10.123514717631906,47.022686057314786],[10.160242668588054,46.984705630806964],[10.099894143529252,46.91746971983667],[10.145238298059983,46.85154440922161],[10.232961860033598,46.86683410591413],[10.240883847448732,46.93191825571928],[10.316360458097208,46.925723226754386],[10.38962350410074,47.00107044321416],[10.489666047402784,46.93832616944567],[10.469962672269661,46.85544123752755],[10.546488327952186,46.83778877400294],[10.667704888546217,46.87601383576708],[10.763856102540933,46.823978249666645],[10.73066309414139,46.78885037059551],[11.022617219172353,46.76591719914073],[11.164841592837275,46.96633391408248],[11.320764010924144,46.992894992539554],[11.40604321474487,46.96532563805504],[11.479222278133475,47.01149476237097],[11.538988578923801,46.984592046591146],[11.627675188714647,47.01381147443583],[11.74751149221894,46.96937375239267],[12.07720057878755,47.05938961554982],[12.136563066107225,47.081172876383484],[12.082400851372705,47.192377609237866],[12.1116567622831,47.242399312107985],[12.076650137668437,47.27011193566278],[12.111480140755944,47.30479308570458],[12.470407883343366,47.32429798315612],[12.506709802454287,47.39466054718477],[12.579239111124313,47.39302595486014],[12.632033366824421,47.465084436794],[12.700242571258316,47.478420972196396],[12.628812165300449,47.550092030889054],[12.667230911866996,47.57925500695142],[12.570653159872794,47.61683009633765],[12.575671173232084,47.63287248321066]]]]}},{"type":"Feature","properties":{"countrySlug":"austria"},"geometry":{"type":"Polygon","coordinates":[[[10.178645537062396,47.270697133679285],[10.236573547671608,47.38244941121636],[10.100137537840324,47.355356518817544],[10.06943455534654,47.41075775151758],[10.105889336278283,47.42932093804431],[10.091892475705547,47.459601324586174],[10.00105852443464,47.48271851544577],[9.970875303156003,47.546459814100736],[9.874755870598591,47.52916034678167],[9.777257836766724,47.596073393403145],[9.735929621528822,47.534834133031794],[9.56206254384782,47.50518790186591],[9.658827252686935,47.4532338530958],[9.674331612108354,47.39076018381848],[9.530952372466038,47.27118170195606],[9.585102495919987,47.205938334632926],[9.564842470814165,47.17084998079001],[9.635213112813037,47.128671695732415],[9.607280034709428,47.06134874192372],[9.876504246800895,47.02179526923604],[9.876380385087758,46.93518739816734],[10.105427166238604,46.841444752457406],[10.145238298059983,46.85154440922161],[10.098088784933168,46.924707957256274],[10.160242668588054,46.984705630806964],[10.123514717631906,47.022686057314786],[10.157194869810615,47.049433035071964],[10.133036692586778,47.08207003525898],[10.222254205585717,47.150746054652444],[10.196956398511299,47.192335348134556],[10.22389053566518,47.25057239078008],[10.174512865626012,47.26446019386212],[10.178645537062396,47.270697133679285]]]}},{"type":"Feature","properties":{"countrySlug":"austria"},"geometry":{"type":"Polygon","coordinates":[[[16.416449048842328,48.32269765093788],[16.25781041125025,48.24038950636041],[16.207010836101958,48.26341982962803],[16.18300615282552,48.17162339404957],[16.239616343599067,48.1376544963407],[16.21604344590023,48.1258446057197],[16.438228703027946,48.12041993449713],[16.494654923981386,48.15930602604066],[16.57725811050515,48.13570433943151],[16.5376051510267,48.175102578075084],[16.54821448929569,48.26349981314424],[16.42603830009319,48.32232992897643],[16.416449048842328,48.32269765093788]]]}},{"type":"Feature","properties":{"countrySlug":"croatia"},"geometry":{"type":"Polygon","coordinates":[[[17.885396,45.4745672],[18.1115591,45.3836022],[18.0691694,45.3528396],[18.1096958,45.315837],[18.0850073,45.2643861],[18.2191636,45.2207638],[18.3570464,45.2509422],[18.513562,45.2102632],[18.5146527,45.2934087],[18.6329833,45.3193005],[18.6399955,45.3962896],[18.773227,45.4061367],[18.7956352,45.4622312],[18.8409927,45.4505453],[18.8757802,45.4891528],[18.9906047,45.4356675],[19.0001587,45.494343],[19.1023014,45.5054625],[19.0211376,45.5571527],[18.950376,45.5339513],[18.8892105,45.5660708],[18.9632817,45.6738517],[18.8541209,45.792907],[18.8249682,45.900085],[18.7910962,45.8781625],[18.7047865,45.9180493],[18.6595328,45.9168864],[18.6236656,45.8398531],[18.4906707,45.7947168],[18.446853,45.737128],[18.3642257,45.7729364],[18.3394214,45.7471605],[18.1908703,45.7878759],[17.902098,45.7920067],[18.0732689,45.6281879],[17.8883452,45.4777845],[17.885396,45.4745672]]]}},{"type":"Feature","properties":{"countrySlug":"croatia"},"geometry":{"type":"Polygon","coordinates":[[[18.5321831,45.2372691],[18.5723722,45.2293951],[18.5642216,45.1974051],[18.4990172,45.1100929],[18.5741284,45.0665782],[18.5691347,45.0946966],[18.6303214,45.0952253],[18.60609,45.0657326],[18.6545628,45.0559922],[18.6802864,45.0914925],[18.7291798,44.9939379],[18.7965574,44.9897392],[18.8040641,44.9389304],[18.7504614,44.9406474],[18.7643292,44.9052684],[18.8560811,44.8530921],[19.0191123,44.8552434],[18.9979761,44.91556],[19.0685831,44.9011515],[19.1564876,44.9529418],[19.0519478,44.977328],[19.1027174,45.0106953],[19.0865622,45.1454179],[19.1420508,45.1299249],[19.1945386,45.1789152],[19.1706307,45.1997459],[19.2866141,45.1710894],[19.2803006,45.2091031],[19.3188632,45.2076293],[19.4186339,45.1657889],[19.4470842,45.1963211],[19.420634,45.2334919],[19.115388,45.2925595],[19.0927703,45.3351382],[18.9715694,45.3772073],[19.0252786,45.4249018],[18.8757802,45.4891528],[18.8409927,45.4505453],[18.7956352,45.4622312],[18.773227,45.4061367],[18.6399955,45.3962896],[18.6329833,45.3193005],[18.5146527,45.2934087],[18.5015048,45.2187494],[18.5234179,45.2366519],[18.5321831,45.2372691]]]}},{"type":"Feature","properties":{"countrySlug":"croatia"},"geometry":{"type":"Polygon","coordinates":[[[18.0733618,45.2699595],[17.8937098,45.2888394],[17.7430046,45.1842122],[17.699817,45.2021266],[17.6926674,45.2726543],[17.568901,45.2815086],[17.4149947,45.3871369],[17.2342655,45.3902461],[17.1811405,45.3488992],[17.1893179,45.2935158],[17.076453,45.2204584],[17.1831434,45.1464276],[17.2448796,45.1459901],[17.2747805,45.1892741],[17.3632781,45.1378299],[17.4502841,45.1597038],[17.4860542,45.1094839],[17.6698619,45.1336171],[17.8514981,45.044287],[18.0044206,45.1518853],[18.0714267,45.1406029],[18.1213812,45.0801866],[18.1992185,45.0792196],[18.2529896,45.1392758],[18.3205405,45.1012713],[18.4253673,45.1076202],[18.5338559,45.0436482],[18.550942,45.0728632],[18.4955241,45.1248824],[18.5723722,45.2293951],[18.4762964,45.209935],[18.3570464,45.2509422],[18.2191636,45.2207638],[18.0850073,45.2643861],[18.0733618,45.2699595]]]}},{"type":"Feature","properties":{"countrySlug":"croatia"},"geometry":{"type":"Polygon","coordinates":[[[17.902098,45.7920067],[17.8653145,45.7670064],[17.8262748,45.8099957],[17.6632915,45.8381849],[17.5700677,45.9358204],[17.3515171,45.9412571],[17.3905376,45.9581915],[17.3668746,45.9923216],[17.1901491,45.9813771],[17.1139238,45.9094448],[17.3165863,45.752638],[17.3553039,45.7598136],[17.3474394,45.7222373],[17.4943397,45.6987691],[17.4242697,45.5805718],[17.5259035,45.5809952],[17.7787621,45.4744463],[17.885396,45.4745672],[18.0707805,45.6211293],[17.9117221,45.7670473],[17.902098,45.7920067]]]}},{"type":"Feature","properties":{"countrySlug":"croatia"},"geometry":{"type":"Polygon","coordinates":[[[17.885396,45.4745672],[17.6245124,45.5187189],[17.5259035,45.5809952],[17.435159,45.5788781],[17.4115223,45.5111252],[17.1749146,45.5393807],[17.1594545,45.509712],[16.998131,45.5101831],[16.9564558,45.5445594],[16.9288964,45.5144224],[16.957128,45.4574004],[17.0660213,45.441839],[17.0512333,45.3960729],[17.1325672,45.346018],[17.2342655,45.3902461],[17.3159758,45.3657174],[17.3968712,45.3927718],[17.568901,45.2815086],[17.6926674,45.2726543],[17.699817,45.2021266],[17.7595522,45.1823804],[17.8937098,45.2888394],[18.0733618,45.2699595],[18.1101616,45.3046987],[18.0687036,45.3453101],[18.1078325,45.3665867],[18.0915288,45.4032291],[17.8865287,45.4714452],[17.885396,45.4745672]]]}},{"type":"Feature","properties":{"countrySlug":"croatia"},"geometry":{"type":"Polygon","coordinates":[[[17.1811405,45.3488992],[17.0512333,45.3960729],[17.0660213,45.441839],[16.9133426,45.4706157],[16.7943867,45.6226163],[16.6576811,45.6704006],[16.4650045,45.5669762],[16.3894697,45.6301095],[16.3343982,45.6215929],[16.3420396,45.6468327],[16.2431356,45.5912444],[16.155408,45.637329],[16.0661493,45.5686044],[16.1085727,45.5045347],[16.0680067,45.5056257],[16.0610892,45.4653678],[15.8701374,45.5085391],[15.8256167,45.4885419],[15.8296739,45.3919393],[15.7675521,45.3721322],[15.8005452,45.2444795],[16.0146821,45.2179885],[16.0899516,45.1043494],[16.2887518,44.9956636],[16.3543839,45.0029395],[16.3944428,45.1127054],[16.5299577,45.226649],[16.8191661,45.184759],[16.932068,45.276334],[16.9377825,45.2278317],[17.0221142,45.2359109],[17.1410226,45.163472],[17.076453,45.2204584],[17.1893179,45.2935158],[17.1829635,45.3428593],[17.1811405,45.3488992]]]}},{"type":"Feature","properties":{"countrySlug":"croatia"},"geometry":{"type":"Polygon","coordinates":[[[17.1199734,45.8841833],[16.8977914,45.9957052],[16.9091035,46.0341993],[16.8398169,46.0905172],[16.7207569,46.0400889],[16.7032231,45.8479622],[16.6197047,45.8458716],[16.5978456,45.7884496],[16.5137453,45.7996786],[16.4890336,45.7233245],[16.7943867,45.6226163],[16.9133426,45.4706157],[16.9470453,45.5440886],[17.0882033,45.5050012],[17.1749146,45.5393807],[17.4229494,45.5167774],[17.4478201,45.5671516],[17.4206399,45.597506],[17.4943397,45.6987691],[17.3474394,45.7222373],[17.3553039,45.7598136],[17.3165863,45.752638],[17.1635307,45.873233],[17.1199734,45.8841833]]]}},{"type":"Feature","properties":{"countrySlug":"croatia"},"geometry":{"type":"Polygon","coordinates":[[[16.8532044,46.3534648],[16.3803957,46.5525048],[16.2416324,46.4983559],[16.3597086,46.320936],[16.7068843,46.3289251],[16.8130473,46.2907027],[16.8472095,46.3446978],[16.8532044,46.3534648]]]}},{"type":"Feature","properties":{"countrySlug":"croatia"},"geometry":{"type":"Polygon","coordinates":[[[17.2949454,45.9866372],[17.2579726,46.0110256],[17.2963201,46.0285169],[17.2015892,46.0774323],[17.2334247,46.0979314],[17.1759271,46.1084583],[17.1592858,46.1696818],[16.9730904,46.2247853],[16.8860558,46.2809733],[16.8627477,46.3551922],[16.8130473,46.2907027],[16.7611469,46.3133962],[16.7497227,46.2527349],[16.6841079,46.2052373],[16.4147275,46.1461912],[16.3435032,46.0772931],[16.3520342,46.0173509],[16.5975876,45.9217496],[16.6981327,45.9198172],[16.7207569,46.0400889],[16.8398169,46.0905172],[16.9091035,46.0341993],[16.8977914,45.9957052],[16.9863087,45.9750724],[16.9857431,45.9353571],[17.0513533,45.9440104],[17.1073482,45.8861652],[17.1901491,45.9813771],[17.2890593,45.9842923],[17.2949454,45.9866372]]]}},{"type":"Feature","properties":{"countrySlug":"croatia"},"geometry":{"type":"Polygon","coordinates":[[[16.2996501,46.378292],[16.0581203,46.393569],[16.0719198,46.3406963],[15.8738412,46.2796784],[15.8790354,46.2381857],[15.9934044,46.1869764],[16.2002155,46.2107766],[16.2498003,46.1569529],[16.2355976,46.087007],[16.30528,46.0097384],[16.3487376,46.0322621],[16.3740298,46.1300767],[16.676356,46.2015967],[16.7619043,46.2816347],[16.7068843,46.3289251],[16.3597086,46.320936],[16.308203,46.3754684],[16.2996501,46.378292]]]}},{"type":"Feature","properties":{"countrySlug":"croatia"},"geometry":{"type":"Polygon","coordinates":[[[15.8719344,46.2782062],[15.7914788,46.2593291],[15.7679502,46.2087981],[15.6471874,46.2171731],[15.6041673,46.1626649],[15.6211488,46.0894301],[15.7324872,46.0445233],[15.715539,45.9702027],[15.8096688,45.9927855],[15.9546276,45.9038397],[16.204414,45.995658],[16.1764993,46.0198826],[16.2519928,46.0695048],[16.2498003,46.1569529],[16.1949829,46.2131905],[15.9934044,46.1869764],[15.8790354,46.2381857],[15.8719344,46.2782062]]]}},{"type":"Feature","properties":{"countrySlug":"croatia"},"geometry":{"type":"Polygon","coordinates":[[[15.9546276,45.9038397],[15.8219246,45.8384619],[15.8240631,45.7799787],[15.8843406,45.7504746],[15.8603527,45.7216789],[15.7736053,45.7077358],[15.9195522,45.6142055],[16.0251771,45.7544831],[16.1260013,45.8015335],[16.1978534,45.7774558],[16.2269382,45.8417104],[16.1551715,45.9690158],[15.970998,45.9138259],[15.9546276,45.9038397]]]}},{"type":"Feature","properties":{"countrySlug":"croatia"},"geometry":{"type":"Polygon","coordinates":[[[16.6094327,45.6703425],[16.4890336,45.7233245],[16.5224741,45.760452],[16.4950487,45.7740184],[16.6091799,45.7928431],[16.6197047,45.8458716],[16.7032231,45.8479622],[16.6981327,45.9198172],[16.4657813,45.9493601],[16.4213165,46.0061945],[16.2755051,46.0213568],[16.2519928,46.0695048],[16.1764993,46.0198826],[16.204414,45.995658],[16.1568342,45.9946761],[16.2267747,45.8447852],[16.1999387,45.7794772],[16.1260013,45.8015335],[16.0384097,45.7624014],[15.9195522,45.6142055],[15.7736053,45.7077358],[15.8843406,45.7504746],[15.8240631,45.7799787],[15.8219246,45.8384619],[15.952801,45.9286536],[15.8096688,45.9927855],[15.7066346,45.9753499],[15.6775246,45.8688847],[15.7093986,45.8464604],[15.6422726,45.8204166],[15.538554,45.8475987],[15.3227524,45.7531082],[15.5140431,45.6118105],[15.5686109,45.5896245],[15.6152564,45.6202553],[15.7327937,45.5691148],[15.7504422,45.6036656],[15.7343271,45.5601645],[15.784486,45.5220094],[15.8665838,45.5460213],[15.9468343,45.4696037],[16.0610892,45.4653678],[16.0680067,45.5056257],[16.1076007,45.5018683],[16.0661493,45.5686044],[16.155408,45.637329],[16.2431356,45.5912444],[16.3420396,45.6468327],[16.3343982,45.6215929],[16.3894697,45.6301095],[16.4650045,45.5669762],[16.6083817,45.6633113],[16.6094327,45.6703425]]]}},{"type":"Feature","properties":{"countrySlug":"croatia"},"geometry":{"type":"MultiPolygon","coordinates":[[[[15.9231822,45.477211],[15.8665838,45.5460213],[15.784486,45.5220094],[15.7343271,45.5601645],[15.7504422,45.6036656],[15.7327937,45.5691148],[15.6152564,45.6202553],[15.5628863,45.5901438],[15.2999635,45.7542871],[15.2567517,45.7188445],[15.3227863,45.6738505],[15.3571075,45.713966],[15.3481399,45.6711358],[15.3692206,45.6933791],[15.4059934,45.650335],[15.2770128,45.6038158],[15.3020789,45.5356164],[15.3855303,45.4865716],[15.243095,45.4526806],[15.178099,45.3164541],[15.0968578,45.2837005],[14.9877518,45.3092256],[14.977145,45.1542547],[15.112074,45.0894983],[15.2001088,45.1075725],[15.5549673,44.8881823],[15.5363475,44.941348],[15.7089794,44.9176455],[15.7821591,44.9701464],[15.7414117,45.0618773],[15.7909939,45.114994],[15.764625,45.1662789],[15.8366726,45.2227097],[15.7851254,45.2687039],[15.8071161,45.3117333],[15.7675521,45.3721322],[15.8296739,45.3919393],[15.8286838,45.4940707],[15.920909,45.4755086],[15.9231822,45.477211]]],[[[15.3014562,45.6896629],[15.3032018,45.6891339],[15.3064732,45.6911852],[15.3014562,45.6896629]]]]}},{"type":"Feature","properties":{"countrySlug":"croatia"},"geometry":{"type":"MultiPolygon","coordinates":[[[[13.7457518,44.9285994],[13.7501335,44.9303383],[13.7463239,44.9335115],[13.7464521,44.9374489],[13.742047,44.940014],[13.7382143,44.9386166],[13.7366208,44.9409145],[13.734019,44.9409494],[13.7344219,44.9368005],[13.7291481,44.9359098],[13.7316866,44.9335008],[13.7301642,44.9307737],[13.735424,44.930798],[13.7337482,44.9340153],[13.7375064,44.9338869],[13.7390399,44.9369579],[13.7427,44.9365269],[13.7397871,44.9306883],[13.7457518,44.9285994]]],[[[13.753011,44.8877861],[13.7799669,44.9146488],[13.735166,44.9264343],[13.7505875,44.8886239],[13.753011,44.8877861]]],[[[14.1114404,45.4822836],[13.9745808,45.5150654],[13.9849254,45.4560654],[13.8775822,45.4251284],[13.7861523,45.466434],[13.675315,45.4424039],[13.4905131,45.4900003],[13.539232,45.3295739],[13.6144901,45.3139926],[13.5684814,45.298277],[13.6062232,45.2767423],[13.5729569,45.264368],[13.5966929,45.1406156],[13.739927,45.1290733],[13.6212388,45.1276979],[13.6288743,45.0633086],[13.7635462,44.9857779],[13.8146004,44.9144267],[13.7941807,44.8905424],[13.8484092,44.8852736],[13.7965874,44.8636325],[13.9025845,44.8083292],[13.9074109,44.7684185],[13.9244195,44.8033256],[13.8848875,44.8242625],[14.0034494,44.8052842],[13.9718167,44.8205827],[13.9807767,44.9018078],[14.0266232,44.9043709],[14.0766335,44.9779403],[14.0391007,45.0315107],[14.1007273,44.9731678],[14.0650617,44.9449945],[14.1473285,44.9570179],[14.1718104,44.9863933],[14.1420012,45.0539225],[14.1979383,45.106738],[14.1692855,45.1347865],[14.2075259,45.1159991],[14.2285362,45.1494353],[14.1956022,45.1650221],[14.1816461,45.2959656],[14.2153088,45.3273177],[14.1824913,45.3855104],[14.2064336,45.4007572],[14.1095123,45.4783244],[14.1114404,45.4822836]]]]}},{"type":"Feature","properties":{"countrySlug":"croatia"},"geometry":{"type":"MultiPolygon","coordinates":[[[[14.5749596,44.4439074],[14.5293379,44.4557639],[14.5682235,44.4455312],[14.5749596,44.4439074]]],[[[14.5586662,44.4932812],[14.5621873,44.493386],[14.5621856,44.5022663],[14.5562552,44.5040858],[14.5553233,44.5059026],[14.5515815,44.5041746],[14.5496975,44.5072371],[14.5453586,44.5088556],[14.5498952,44.5043935],[14.551343,44.4991519],[14.5541269,44.498317],[14.5535866,44.4937402],[14.5586662,44.4932812]]],[[[14.305899,44.4973271],[14.3270159,44.5111883],[14.2878003,44.5218123],[14.3035922,44.4987386],[14.305899,44.4973271]]],[[[14.3240108,44.5695717],[14.2957377,44.5924925],[14.3214984,44.5695568],[14.3240108,44.5695717]]],[[[14.4601533,44.544823],[14.5356695,44.4786913],[14.4638236,44.5460352],[14.4601533,44.544823]]],[[[14.5410849,44.9529594],[14.4856608,44.9825495],[14.5327734,44.9553016],[14.5410849,44.9529594]]],[[[14.626957079615329,44.9999],[14.7343931,44.934561],[14.8204628,44.9710297],[14.7380989,45.067894],[14.6717694,45.0780895],[14.6693347,45.1571248],[14.596934,45.1512431],[14.6328531,45.165468],[14.5541409,45.2456821],[14.5282148,45.1241618],[14.4752878,45.1283985],[14.4309416,45.078308],[14.5257586,45.0154658],[14.623958,45.0402772],[14.6243842,45.0071045],[14.626957079615329,44.9999]]],[[[15.2273992,45.42828],[15.1562126,45.4252907],[14.9314898,45.5292632],[14.9075069,45.4770803],[14.81762,45.4595023],[14.7956028,45.5033286],[14.6905771,45.5266175],[14.6903233,45.5806793],[14.5700102,45.6729436],[14.5013405,45.6078264],[14.5004868,45.5491935],[14.435145,45.5094757],[14.3227722,45.4704149],[14.2348311,45.5055698],[14.107188,45.4598254],[14.2064336,45.4007572],[14.1956022,45.1650221],[14.2311802,45.1584626],[14.3307608,45.3561075],[14.5698732,45.2920561],[14.6123596,45.2178472],[14.8469651,45.1156377],[14.881288001891516,45.03110586274429],[14.9274957,45.0835682],[15.01544,45.0688663],[14.977145,45.1542547],[14.9877518,45.3092256],[15.0968578,45.2837005],[15.178099,45.3164541],[15.2269804,45.4192879],[15.2273992,45.42828]]],[[[14.765525,44.87536291757318],[14.7350372,44.8729882],[14.7724228,44.8711511],[14.765525,44.87536291757318]]],[[[14.7812992,44.9048477],[14.8385453,44.8839682],[14.7686903,44.9337968],[14.7800079,44.907206],[14.7812992,44.9048477]]],[[[14.2567815,44.6170428],[14.2828177,44.604966],[14.2508289,44.6494878],[14.2799127,44.6894956],[14.2389145,44.6602881],[14.2536119,44.6194693],[14.2567815,44.6170428]]],[[[14.3063389,44.7575315],[14.3189003,44.7917303],[14.3036878,44.7590842],[14.3063389,44.7575315]]],[[[14.8426601,44.6864259],[14.7688792,44.7430232],[14.8413291,44.6854128],[14.8426601,44.6864259]]],[[[14.765525,44.79863520761726],[14.726021,44.8526315],[14.6783101,44.8446886],[14.726697,44.7982505],[14.6546501,44.7913047],[14.8694291,44.7047001],[14.7837136,44.7853464],[14.765525,44.79863520761726]]],[[[14.4141625,44.567224522248374],[14.4600569,44.5449894],[14.3955608,44.6196095],[14.3991739,44.6841002],[14.3402489,44.7125413],[14.393074,44.6033929],[14.3685653,44.5624327],[14.4117743,44.5704216],[14.4141625,44.567224522248374]]],[[[14.3551913,44.9999352],[14.417219,44.9464511],[14.3843352,44.945045],[14.390754,44.9020067],[14.3059766,44.9413986],[14.3305069,44.8260468],[14.4106184,44.6683859],[14.5168284,44.6088004],[14.5451494,44.6308405],[14.5033566,44.6385832],[14.4475268,44.7860394],[14.4866462,44.9551481],[14.3965494,45.0156299],[14.3713971,45.1465225],[14.3227269,45.1753466],[14.2728285,45.1202669],[14.3550064,45.0468738],[14.3512529,45.0029668],[14.3551913,44.9999352]]],[[[14.8169077,44.8363113],[14.8191494,44.8305556],[14.8228959,44.8270039],[14.8252886,44.8270744],[14.8243476,44.8327677],[14.8295004,44.8319988],[14.8280102,44.8378632],[14.8325529,44.8370134],[14.8340115,44.8381384],[14.8363818,44.8359955],[14.8387638,44.8368743],[14.838462,44.8401024],[14.8405638,44.841788],[14.83909,44.8468908],[14.8268002,44.850012],[14.8124446,44.8482619],[14.8008991,44.8514734],[14.8010769,44.8462113],[14.8028107,44.8456434],[14.8006822,44.8451275],[14.8047234,44.8388368],[14.8137589,44.8349861],[14.8171994,44.8384388],[14.8169077,44.8363113]]]]}},{"type":"Feature","properties":{"countrySlug":"croatia"},"geometry":{"type":"MultiPolygon","coordinates":[[[[14.9154932,44.5384232],[15.0807728,44.4763338],[14.9093731,44.6122967],[14.8715863,44.608171],[14.8789008,44.5753566],[14.7322121,44.7039056],[14.89774145641592,44.527446719118444],[14.9154932,44.5384232]]],[[[15.0168387,45.1236372],[15.01544,45.0688663],[14.8832938,45.0576688],[14.9279461,44.9513894],[14.8820668,44.8444159],[14.894555,44.6999145],[14.9881659,44.5740306],[15.2772456,44.3655279],[15.3258223,44.4171818],[15.5184554,44.3556907],[15.5678721,44.297967],[15.7546945,44.2711719],[15.8262989,44.3114764],[15.8171856,44.3589676],[15.768039,44.3645523],[15.7765013,44.4275756],[15.934682,44.5042282],[15.9994514,44.495871],[16.0521783,44.431062],[16.0515274,44.468005],[16.137408,44.4628069],[16.008874,44.5828652],[16.0526398,44.5926731],[16.0315657,44.6536539],[15.8941258,44.7494112],[15.8348796,44.7139464],[15.7807874,44.7502078],[15.7287433,44.8253172],[15.7934304,44.8466036],[15.7388914,44.934904],[15.5363475,44.941348],[15.5549673,44.8881823],[15.2001088,45.1075725],[15.0461918,45.1152879],[15.0168387,45.1236372]]]]}},{"type":"Feature","properties":{"countrySlug":"croatia"},"geometry":{"type":"MultiPolygon","coordinates":[[[[15.0597351,44.0199742],[15.0869055,44.0080529],[15.0600527,44.0238638],[15.0597351,44.0199742]]],[[[15.1172875,44.04869597088031],[15.0710679,44.083525],[15.1677498,43.9958242],[15.1185584,44.0426601],[15.1172875,44.04869597088031]]],[[[15.5070781,43.845672],[15.5102178,43.8465478],[15.5106736,43.8496314],[15.5164499,43.8480544],[15.517097,43.8510108],[15.5144234,43.8510513],[15.5136253,43.8532344],[15.5072466,43.8550525],[15.5035742,43.8578111],[15.5019007,43.8569136],[15.5011008,43.8615016],[15.496242,43.8606257],[15.4989232,43.8574786],[15.4975727,43.8560043],[15.4924273,43.8596519],[15.4859928,43.8606849],[15.493179,43.850247],[15.5001024,43.8461416],[15.5070781,43.845672]]],[[[15.193595151027168,43.9452926908297],[15.2263894,43.9209024],[15.1960429,43.9467786],[15.193595151027168,43.9452926908297]]],[[[15.219412,43.875739],[15.2228464,43.8781718],[15.2257952,43.8758683],[15.2253984,43.8804215],[15.2228413,43.880991],[15.2270674,43.8824147],[15.2272818,43.8841253],[15.2237561,43.8875418],[15.217065,43.88892],[15.2135748,43.8868159],[15.2170746,43.8835318],[15.207361,43.8764907],[15.2095231,43.8758928],[15.2148574,43.879604],[15.2187584,43.8792112],[15.217513,43.876998],[15.219412,43.875739]]],[[[15.328326079358558,43.9454125],[15.4551227,43.8891597],[15.2519415,44.0149995],[15.3281723,43.9473184],[15.328326079358558,43.9454125]]],[[[15.1172875,44.12717759623656],[15.0629994,44.1583948],[15.192659,44.0361639],[15.2602809,44.0213819],[15.1202237,44.1267739],[15.1172875,44.12717759623656]]],[[[14.6535183,44.31654],[14.5824146,44.3517661],[14.6636293,44.3073821],[14.6535183,44.31654]]],[[[14.6827147,44.4124377],[14.6607996,44.3950559],[14.7271562,44.3481845],[14.6873675,44.4125793],[14.6827147,44.4124377]]],[[[14.7143002,44.2704139],[14.6862354,44.2894159],[14.7118953,44.2733387],[14.7143002,44.2704139]]],[[[14.765725,44.29033044236605],[14.7384008,44.270126],[14.7996165,44.269242],[14.7759225,44.2826992],[14.765725,44.29033044236605]]],[[[15.0233666,44.1614341],[15.0575964,44.1407532],[15.0193795,44.1668202],[15.0233666,44.1614341]]],[[[14.9451562,44.1443812],[14.8891964,44.1749249],[14.9374874,44.1491959],[14.9451562,44.1443812]]],[[[15.0346334,44.1359738],[14.9420872,44.2020112],[15.0319067,44.1259935],[15.0346334,44.1359738]]],[[[15.1170875,43.980952831960785],[14.883119,44.16453],[14.856263,44.177022],[14.860434,44.1353117],[14.8184999,44.1553922],[14.992265,44.056428],[15.199974,43.865004],[15.1290207,43.9216324],[15.2234789,43.9046102],[15.121335,43.9786363],[15.1170875,43.980952831960785]]],[[[15.291223200632967,44.36069518183804],[15.5258004,44.2690543],[15.6295601,44.1345369],[15.5932821,44.1802026],[15.4703776,44.2036879],[15.5362593,44.2191883],[15.5212857,44.2449191],[15.4014582,44.2580535],[15.2762593,44.3325851],[15.2989593,44.2483244],[15.2096919,44.2922436],[15.1858773,44.2387162],[15.1302321,44.2783539],[15.1112022,44.2593193],[15.1679629,44.2275127],[15.1424826,44.1951618],[15.4557287,43.9229571],[15.6314716,43.8487209],[15.6821791,43.8874679],[15.7340305,43.8613382],[15.7718218,43.950105],[15.8238104,43.9414217],[15.7942839,43.9784001],[15.853577,44.0479746],[15.794764,44.0881628],[15.8276513,44.0760919],[15.9637614,44.1903212],[16.0861885,44.1181568],[16.1325188,44.1390057],[16.1395346,44.2139687],[16.2190351,44.2197912],[16.1857078,44.3058803],[16.2192131,44.3483355],[16.131225,44.3788914],[16.172238,44.40285],[16.1388811,44.4540228],[16.0577114,44.4700954],[16.0521783,44.431062],[15.9743899,44.5042282],[15.7765013,44.4275756],[15.768039,44.3645523],[15.8262989,44.3252156],[15.781058,44.2749006],[15.5678721,44.297967],[15.5184554,44.3556907],[15.3258223,44.4171818],[15.2926239,44.3797415],[15.291223200632967,44.36069518183804]]],[[[14.9380765,44.1687704],[14.904409,44.1899363],[14.9322754,44.1737691],[14.9380765,44.1687704]]],[[[14.8384044,44.2262119],[14.9113617,44.2115518],[14.7896865,44.2620585],[14.841259,44.1994253],[14.8325796,44.2296575],[14.8384044,44.2262119]]],[[[14.8717515,44.4663854],[14.8710507,44.4724609],[14.8618886,44.4832265],[14.8528653,44.4876714],[14.8472995,44.4871516],[14.8462736,44.4853354],[14.8488234,44.4801915],[14.8640675,44.4709133],[14.8642495,44.4693741],[14.8717515,44.4663854]]],[[[15.034481346562659,44.29681791126019],[15.1356945,44.2899923],[15.0240694,44.3046955],[15.034481346562659,44.29681791126019]]],[[[14.8522771,44.3791437],[14.8653404,44.370587],[14.8688166,44.3704368],[14.8634529,44.378534],[14.8531353,44.385124],[14.8512077,44.3880438],[14.8473605,44.3890382],[14.8479741,44.386033],[14.8516874,44.3838992],[14.8522771,44.3791437]]],[[[14.765572112179573,44.41115961219286],[14.7437622,44.3680745],[14.81696,44.3415669],[14.8085005,44.4046281],[14.7600191,44.4163472],[14.765572112179573,44.41115961219286]]],[[[14.8848016,44.4546676],[14.968913,44.4014568],[14.8895362,44.456187],[14.8848016,44.4546676]]],[[[14.89774145641592,44.527446719118444],[15.0385191,44.3924742],[15.1161403,44.3787001],[15.0882007,44.3603218],[15.1132768,44.3170329],[15.2231914,44.3024863],[15.1825959,44.3590469],[15.2560247,44.3216307],[15.1155925,44.4416456],[15.0429982,44.4797469],[15.0608249,44.433515],[14.9154932,44.5384232],[14.89774145641592,44.527446719118444]]]]}},{"type":"Feature","properties":{"countrySlug":"croatia"},"geometry":{"type":"MultiPolygon","coordinates":[[[[15.252274,43.8153628],[15.2551284,43.8159111],[15.2561068,43.8194731],[15.265576,43.8171541],[15.2637016,43.823354],[15.2548804,43.8265185],[15.2570555,43.8225634],[15.2552417,43.8206476],[15.251578,43.8222608],[15.2496223,43.8268348],[15.23053,43.8327055],[15.2371118,43.8250544],[15.241592,43.8233538],[15.2415739,43.8188628],[15.2506114,43.8207085],[15.2492657,43.8169036],[15.252274,43.8153628]]],[[[15.5466337,43.8491168],[15.551799,43.8517868],[15.5506768,43.8588161],[15.5410068,43.8604121],[15.5382613,43.864425],[15.5347383,43.8649326],[15.5325396,43.8611686],[15.536049,43.8581271],[15.5395784,43.8584478],[15.5413,43.8523629],[15.5466337,43.8491168]]],[[[15.29306875,43.93248416839137],[15.3173938,43.9159622],[15.2941074,43.934083],[15.29306875,43.93248416839137]]],[[[15.644459328029592,43.76728012018931],[15.5658476,43.8331272],[15.6422501,43.769737],[15.644459328029592,43.76728012018931]]],[[[15.29306875,43.886963692158325],[15.252442,43.8844292],[15.373242,43.8199949],[15.2984452,43.8844421],[15.29306875,43.886963692158325]]],[[[15.8202125,43.6968061737012],[15.869525,43.6604343],[15.8191759,43.7002226],[15.8202125,43.6968061737012]]],[[[15.7965078,43.7183568],[15.7998877,43.7204778],[15.7951819,43.7251933],[15.8036712,43.7218519],[15.8074335,43.724263],[15.8019884,43.7311156],[15.7978318,43.7341376],[15.7896412,43.7364806],[15.7885917,43.7413201],[15.7862939,43.7434792],[15.7829398,43.7436457],[15.7806711,43.7378832],[15.7851645,43.7342943],[15.7872933,43.7342947],[15.7861894,43.7321206],[15.7897215,43.7293203],[15.7875199,43.7281595],[15.7882372,43.725634],[15.7965078,43.7183568]]],[[[15.3729282,43.7430804],[15.3735588,43.7464677],[15.3791622,43.7498936],[15.3782586,43.7537075],[15.3807302,43.7562967],[15.3833668,43.7564924],[15.3763456,43.7579169],[15.3679385,43.7542325],[15.3659172,43.7504891],[15.3640419,43.7530024],[15.3699048,43.758463],[15.365624,43.7610797],[15.362458,43.7586419],[15.3628635,43.7539469],[15.3585352,43.7504004],[15.3629177,43.7474623],[15.3639364,43.7483045],[15.366396,43.7464268],[15.3699872,43.7469062],[15.3704123,43.7440133],[15.3729282,43.7430804]]],[[[15.4687244,43.7320031],[15.4698926,43.7273449],[15.472828,43.7246661],[15.4700671,43.7214094],[15.4750977,43.7200169],[15.4734504,43.7219376],[15.4768463,43.7244471],[15.4761711,43.7271006],[15.4828807,43.7222669],[15.4818021,43.73033],[15.4793402,43.7323974],[15.4729054,43.7345299],[15.4728484,43.7327679],[15.4687244,43.7320031]]],[[[15.46865,43.711175940639926],[15.5202797,43.6870353],[15.470413,43.7116752],[15.46865,43.711175940639926]]],[[[15.64443125,43.64930014788381],[15.7307675,43.6296368],[15.6005964,43.6783649],[15.6419037,43.6491332],[15.64443125,43.64930014788381]]],[[[15.64463125,43.70012496888149],[15.6932128,43.6784284],[15.637165,43.7094346],[15.64463125,43.70012496888149]]],[[[15.742028,43.7052662],[15.7772683,43.6858398],[15.7437986,43.7055869],[15.742028,43.7052662]]],[[[15.7731291,43.7059343],[15.7754509,43.7073002],[15.7688471,43.7181507],[15.7752599,43.7142853],[15.7788653,43.7145887],[15.7803195,43.7157566],[15.7767348,43.7178491],[15.7778124,43.7198958],[15.7747623,43.722445],[15.7704103,43.7228388],[15.7693416,43.7254007],[15.7625564,43.7291158],[15.7597529,43.7287691],[15.758958,43.731789],[15.7550865,43.7334822],[15.7504333,43.7292792],[15.7502141,43.7259447],[15.7542258,43.7212993],[15.7574084,43.7211496],[15.7612562,43.7176601],[15.7633821,43.7179026],[15.7636771,43.7132815],[15.7731291,43.7059343]]],[[[15.6830635,43.7177591],[15.7224705,43.6700446],[15.6884663,43.7150848],[15.6830635,43.7177591]]],[[[15.324636469930503,43.76963125],[15.3636083,43.7620931],[15.3127858,43.7747831],[15.324636469930503,43.76963125]]],[[[15.554308753907968,43.87111168847223],[15.6834456,43.8167588],[15.6144328,43.8227534],[15.6941035,43.7648128],[15.8798892,43.729345],[15.8511209,43.7625593],[15.9062508,43.7200951],[15.8589668,43.7241164],[15.8801242,43.6950525],[15.9573954,43.6859948],[15.928515,43.6723804],[15.950639,43.640169],[15.9024123,43.6484527],[15.974561,43.630557],[15.912708,43.628159],[15.916242,43.574112],[15.9609679,43.5221518],[15.99465,43.5380158],[15.9507469,43.5073227],[16.0003683,43.4867718],[16.0914337,43.5379217],[16.0459509,43.5942663],[16.1021485,43.6106088],[16.1538193,43.6957871],[16.3327114,43.6895748],[16.3389597,43.768111],[16.4394245,43.8137977],[16.3412557,43.8799926],[16.3520441,43.9222936],[16.5447328,43.973061],[16.2190351,44.2197912],[16.1395346,44.2139687],[16.1325188,44.1390057],[16.0861885,44.1181568],[15.9637614,44.1903212],[15.8276513,44.0760919],[15.7849218,44.0804032],[15.8538171,44.0417628],[15.7942839,43.9784001],[15.8238104,43.9414217],[15.7718218,43.950105],[15.7371512,43.8628959],[15.5542307,43.8720683],[15.554308753907968,43.87111168847223]]],[[[15.29306875,43.836878475420484],[15.2214253,43.875257],[15.4606038,43.7347402],[15.3284021,43.817002],[15.29306875,43.836878475420484]]]]}},{"type":"Feature","properties":{"countrySlug":"croatia"},"geometry":{"type":"MultiPolygon","coordinates":[[[[16.0233939,42.9731563],[16.0001769,42.9907388],[16.0196115,42.9599329],[16.0233939,42.9731563]]],[[[15.74732385,43.03153270301171],[15.7270664,43.0252464],[15.725228,43.0231811],[15.7280064,43.0205436],[15.7269167,43.019078],[15.7373423,43.0190719],[15.7402947,43.0160606],[15.7436922,43.0181438],[15.7460254,43.0173751],[15.745556,43.0190809],[15.7485769,43.0183601],[15.7553924,43.0200663],[15.765703,43.0249287],[15.7692197,43.0316091],[15.7576445,43.0349934],[15.7512283,43.0343157],[15.74732385,43.03153270301171]]],[[[16.171975,43.07873136677232],[16.0489826,43.0540296],[16.0930244,43.0365251],[16.0666407,43.0059537],[16.2155751,43.0166243],[16.2581582,43.0602973],[16.1753368,43.0811218],[16.171975,43.07873136677232]]],[[[16.250568325,43.49420125541636],[16.203164,43.4966556],[16.3922185,43.4888714],[16.2373262,43.5119831],[16.2556856,43.4924971],[16.250568325,43.49420125541636]]],[[[16.8749,43.280750574717835],[16.8993803,43.3144056],[16.8402858,43.3429705],[16.5488529,43.3882969],[16.4328995,43.3916861],[16.4639913,43.3496897],[16.4082522,43.3327765],[16.6340326,43.255338],[16.8731339,43.2808749],[16.8749,43.280750574717835]]],[[[16.2045623,43.3979476],[16.3988279,43.3294878],[16.3287767,43.3952796],[16.2076098,43.39824],[16.2045623,43.3979476]]],[[[16.171975,43.45104828884414],[16.1082105,43.4301169],[16.1764733,43.4420786],[16.171975,43.45104828884414]]],[[[16.0917438,43.4481297],[16.0531236,43.4485384],[16.0981867,43.4460906],[16.0917438,43.4481297]]],[[[16.723686,43.0943874],[16.6605302,43.0880688],[16.7268173,43.095395],[16.723686,43.0943874]]],[[[16.3624178,43.1671084],[16.330427,43.1670784],[16.4035668,43.1561943],[16.3673848,43.1648029],[16.3624178,43.1671084]]],[[[16.5235375,43.22613015945946],[16.5989787,43.1844118],[16.3664203,43.1947692],[16.6585399,43.1216061],[17.1968248,43.1248078],[16.7194581,43.1566059],[16.6526771,43.2178299],[16.5238745,43.2276761],[16.5235375,43.22613015945946]]],[[[16.013088092140116,43.50253332265183],[16.1139279,43.4709273],[16.1771849,43.4924306],[16.1307884,43.5201836],[16.4700756,43.5370173],[16.3879295,43.5076821],[16.531966,43.5038636],[16.6394107,43.4369944],[16.8862015,43.4010509],[17.1129079,43.2073793],[17.353794225740597,43.08969487288669],[17.3983688,43.115786],[17.3387436,43.1572676],[17.4490613,43.1774676],[17.2857463,43.3308166],[17.2782036,43.4721175],[17.0199002,43.5688826],[16.5410862,43.974109],[16.3520441,43.9222936],[16.3412557,43.8799926],[16.4394245,43.8137977],[16.3389597,43.768111],[16.3327114,43.6895748],[16.1538193,43.6957871],[16.1021485,43.6106088],[16.0459509,43.5942663],[16.0914337,43.5379217],[16.0193693,43.5062829],[16.013088092140116,43.50253332265183]]]]}},{"type":"Feature","properties":{"countrySlug":"croatia"},"geometry":{"type":"MultiPolygon","coordinates":[[[[18.0131178,42.6804475],[17.986297,42.6754724],[18.017589,42.6726499],[18.0131178,42.6804475]]],[[[17.9738951,42.6777335],[17.9236627,42.6894134],[17.9534575,42.6812228],[17.9738951,42.6777335]]],[[[17.8970782,42.7051905],[17.8289404,42.7562082],[17.8753608,42.7183933],[17.8970782,42.7051905]]],[[[17.8374092,42.7279289],[17.7880655,42.7537519],[17.8331658,42.7306464],[17.8374092,42.7279289]]],[[[16.4901403,42.7485884],[16.534906,42.7659305],[16.4871962,42.7498951],[16.4901403,42.7485884]]],[[[16.8749,42.77170480215346],[16.8118572,42.7441475],[16.8891003,42.7235178],[16.9431859,42.7665257],[16.8782988,42.7734525],[16.8749,42.77170480215346]]],[[[16.8221425,42.7660941],[16.8245575,42.7693781],[16.8273944,42.768624],[16.8317952,42.7698213],[16.8295999,42.7728418],[16.8224431,42.7700496],[16.8215685,42.7710669],[16.8219098,42.773042],[16.8279066,42.7765029],[16.8194241,42.7728765],[16.8176832,42.7729043],[16.8177247,42.7765639],[16.8126937,42.7748075],[16.8121469,42.7729502],[16.8061933,42.7731313],[16.801104,42.7688035],[16.8016352,42.7655695],[16.7987573,42.7658695],[16.7978981,42.7642541],[16.8000738,42.7609678],[16.8043156,42.7614804],[16.8042933,42.7581942],[16.8071886,42.7588365],[16.8069386,42.7540355],[16.8133074,42.7538482],[16.8148304,42.7565932],[16.8107935,42.7562363],[16.8098593,42.757811],[16.8150367,42.7605115],[16.8150411,42.762204],[16.8091269,42.7641592],[16.8116234,42.7658687],[16.814767,42.7637676],[16.8221425,42.7660941]]],[[[16.7877409,42.7585837],[16.7896639,42.7589389],[16.7903039,42.7630697],[16.7940972,42.7621201],[16.7933837,42.7605111],[16.7966392,42.7622596],[16.7925801,42.7669365],[16.7951174,42.7741813],[16.7921764,42.7782806],[16.7844637,42.7760128],[16.782157,42.7734397],[16.782937,42.7716183],[16.7862106,42.772607],[16.7833548,42.7616855],[16.7885965,42.7605625],[16.7877409,42.7585837]]],[[[17.6489388449178,42.889063307976606],[17.7451931,42.8344887],[17.3022594,43.0024368],[17.0007312,43.0467974],[17.0349102,43.0243029],[17.0108836,43.0049605],[17.2180561,42.9810932],[17.4190498,42.911011],[17.4470663,42.8678987],[17.7423121,42.7970517],[17.7604117,42.7613661],[17.6973305,42.8353779],[17.7814176,42.7871938],[17.8879378,42.7874785],[17.8774041,42.7630224],[17.9841553,42.7050356],[18.1368519,42.6754317],[18.0596848,42.6496662],[18.2070432,42.6219615],[18.2335495,42.5585001],[18.5338663,42.3924114],[18.4337618,42.484149],[18.4347004,42.5675731],[18.3642672,42.6156205],[18.2500535,42.6035187],[17.8914212,42.8098393],[17.8442481,42.9024689],[17.6756633,42.9186936],[17.6489388449178,42.889063307976606]]],[[[17.578157,42.722576],[17.754167,42.6926086],[17.3864717,42.803661],[17.3171816,42.7858533],[17.5752187,42.7219122],[17.578157,42.722576]]],[[[16.8751,42.9592508559553],[16.6276383,42.984846],[16.7174604,42.9623925],[16.6377368,42.9365699],[16.6638634,42.9148826],[17.202257,42.9172434],[17.047679,42.9802646],[16.8807825,42.9603035],[16.8751,42.9592508559553]]],[[[17.353794225740597,43.08969487288669],[17.459181,43.0367729],[17.5374267,42.941095],[17.7103355,42.9731952],[17.6387981,43.0890612],[17.4490613,43.1774676],[17.3387436,43.1572676],[17.3983688,43.115786],[17.3609814,43.0963032],[17.353794225740597,43.08969487288669]]]]}}]}
