region_id,country_id,region_name_zh,region_name_en,region_name_local,admin_level,admin_code,parent_region_id,capital_or_main_city,region_type,is_v4_region,is_boundary_available,is_statistical_data_available,is_election_data_available,is_china_project_mapped,validation_manifest_file,manifest_status,expected_region_count,feature_count,nuts_code_count,region_id_candidate_count,detail_record_count,matched_region_count,unmatched_region_count,duplicate_region_id_count,duplicate_nuts_code_count,missing_geometry_count,manifest_detail_validation_status,region_id_final_matched,region_id_match_decision_status,region_id_match_evidence_status,license_checked,authoritative_topology_checked,public_display_ready,is_ready_for_display,data_status,source_status,last_updated,notes,region_code,region_name,local_name,level,nuts_adm_classification,geometry_source,geometry_version,geometry_source_url,geometry_license,topology_status,spatial_comparability
"poland_lower_silesian","poland","下西里西亚省","Lower Silesian Voivodeship","Wojewodztwo dolnoslaskie","ADM1","PL-02","","Wroclaw","voivodeship","true","false","false","false","false","","not_started","0","0","0","0","0","0","0","0","0","0","not_started","false","not_started","not_started","false","false","false","false","待核验","人工整理","2026-08-02","v0.9 区域主键层第一版；仅建立 ADM1 元数据和稳定 region_id。真实边界、区域统计、区域选举和对华项目坐标尚未接入。","PL-02","Lower Silesian Voivodeship","Wojewodztwo dolnoslaskie","ADM1","ADM1 voivodeship; NUTS correspondence pending","Eurostat GISCO NUTS 2024 candidate","NUTS 2024","https://gisco-services.ec.europa.eu/distribution/v2/nuts/nuts-2024-files.html","Non-commercial research display candidate; attribution required; public display remains gated.","not_checked","pending_level_and_definition_alignment"
"poland_kuyavian_pomeranian","poland","库亚维-滨海省","Kuyavian-Pomeranian Voivodeship","Wojewodztwo kujawsko-pomorskie","ADM1","PL-04","","Bydgoszcz / Torun","voivodeship","true","false","false","false","false","","not_started","0","0","0","0","0","0","0","0","0","0","not_started","false","not_started","not_started","false","false","false","false","待核验","人工整理","2026-08-02","v0.9 区域主键层第一版；仅建立 ADM1 元数据和稳定 region_id。真实边界、区域统计、区域选举和对华项目坐标尚未接入。","PL-04","Kuyavian-Pomeranian Voivodeship","Wojewodztwo kujawsko-pomorskie","ADM1","ADM1 voivodeship; NUTS correspondence pending","Eurostat GISCO NUTS 2024 candidate","NUTS 2024","https://gisco-services.ec.europa.eu/distribution/v2/nuts/nuts-2024-files.html","Non-commercial research display candidate; attribution required; public display remains gated.","not_checked","pending_level_and_definition_alignment"
"poland_lublin","poland","卢布林省","Lublin Voivodeship","Wojewodztwo lubelskie","ADM1","PL-06","","Lublin","voivodeship","true","false","false","false","false","","not_started","0","0","0","0","0","0","0","0","0","0","not_started","false","not_started","not_started","false","false","false","false","待核验","人工整理","2026-08-02","v0.9 区域主键层第一版；仅建立 ADM1 元数据和稳定 region_id。真实边界、区域统计、区域选举和对华项目坐标尚未接入。","PL-06","Lublin Voivodeship","Wojewodztwo lubelskie","ADM1","ADM1 voivodeship; NUTS correspondence pending","Eurostat GISCO NUTS 2024 candidate","NUTS 2024","https://gisco-services.ec.europa.eu/distribution/v2/nuts/nuts-2024-files.html","Non-commercial research display candidate; attribution required; public display remains gated.","not_checked","pending_level_and_definition_alignment"
"poland_lubusz","poland","卢布斯卡省","Lubusz Voivodeship","Wojewodztwo lubuskie","ADM1","PL-08","","Gorzow Wielkopolski / Zielona Gora","voivodeship","true","false","false","false","false","","not_started","0","0","0","0","0","0","0","0","0","0","not_started","false","not_started","not_started","false","false","false","false","待核验","人工整理","2026-08-02","v0.9 区域主键层第一版；仅建立 ADM1 元数据和稳定 region_id。真实边界、区域统计、区域选举和对华项目坐标尚未接入。","PL-08","Lubusz Voivodeship","Wojewodztwo lubuskie","ADM1","ADM1 voivodeship; NUTS correspondence pending","Eurostat GISCO NUTS 2024 candidate","NUTS 2024","https://gisco-services.ec.europa.eu/distribution/v2/nuts/nuts-2024-files.html","Non-commercial research display candidate; attribution required; public display remains gated.","not_checked","pending_level_and_definition_alignment"
"poland_lodz","poland","罗兹省","Lodz Voivodeship","Wojewodztwo lodzkie","ADM1","PL-10","","Lodz","voivodeship","true","false","false","false","false","","not_started","0","0","0","0","0","0","0","0","0","0","not_started","false","not_started","not_started","false","false","false","false","待核验","人工整理","2026-08-02","v0.9 区域主键层第一版；仅建立 ADM1 元数据和稳定 region_id。真实边界、区域统计、区域选举和对华项目坐标尚未接入。","PL-10","Lodz Voivodeship","Wojewodztwo lodzkie","ADM1","ADM1 voivodeship; NUTS correspondence pending","Eurostat GISCO NUTS 2024 candidate","NUTS 2024","https://gisco-services.ec.europa.eu/distribution/v2/nuts/nuts-2024-files.html","Non-commercial research display candidate; attribution required; public display remains gated.","not_checked","pending_level_and_definition_alignment"
"poland_lesser_poland","poland","小波兰省","Lesser Poland Voivodeship","Wojewodztwo malopolskie","ADM1","PL-12","","Krakow","voivodeship","true","false","false","false","false","","not_started","0","0","0","0","0","0","0","0","0","0","not_started","false","not_started","not_started","false","false","false","false","待核验","人工整理","2026-08-02","v0.9 区域主键层第一版；仅建立 ADM1 元数据和稳定 region_id。真实边界、区域统计、区域选举和对华项目坐标尚未接入。","PL-12","Lesser Poland Voivodeship","Wojewodztwo malopolskie","ADM1","ADM1 voivodeship; NUTS correspondence pending","Eurostat GISCO NUTS 2024 candidate","NUTS 2024","https://gisco-services.ec.europa.eu/distribution/v2/nuts/nuts-2024-files.html","Non-commercial research display candidate; attribution required; public display remains gated.","not_checked","pending_level_and_definition_alignment"
"poland_masovian","poland","马佐夫舍省","Masovian Voivodeship","Wojewodztwo mazowieckie","ADM1","PL-14","","Warsaw","voivodeship","true","false","false","false","false","","not_started","0","0","0","0","0","0","0","0","0","0","not_started","false","not_started","not_started","false","false","false","false","待核验","人工整理","2026-08-02","v0.9 区域主键层第一版；仅建立 ADM1 元数据和稳定 region_id。真实边界、区域统计、区域选举和对华项目坐标尚未接入。","PL-14","Masovian Voivodeship","Wojewodztwo mazowieckie","ADM1","ADM1 voivodeship; NUTS correspondence pending","Eurostat GISCO NUTS 2024 candidate","NUTS 2024","https://gisco-services.ec.europa.eu/distribution/v2/nuts/nuts-2024-files.html","Non-commercial research display candidate; attribution required; public display remains gated.","not_checked","pending_level_and_definition_alignment"
"poland_opole","poland","奥波莱省","Opole Voivodeship","Wojewodztwo opolskie","ADM1","PL-16","","Opole","voivodeship","true","false","false","false","false","","not_started","0","0","0","0","0","0","0","0","0","0","not_started","false","not_started","not_started","false","false","false","false","待核验","人工整理","2026-08-02","v0.9 区域主键层第一版；仅建立 ADM1 元数据和稳定 region_id。真实边界、区域统计、区域选举和对华项目坐标尚未接入。","PL-16","Opole Voivodeship","Wojewodztwo opolskie","ADM1","ADM1 voivodeship; NUTS correspondence pending","Eurostat GISCO NUTS 2024 candidate","NUTS 2024","https://gisco-services.ec.europa.eu/distribution/v2/nuts/nuts-2024-files.html","Non-commercial research display candidate; attribution required; public display remains gated.","not_checked","pending_level_and_definition_alignment"
"poland_subcarpathian","poland","喀尔巴阡山省","Subcarpathian Voivodeship","Wojewodztwo podkarpackie","ADM1","PL-18","","Rzeszow","voivodeship","true","false","false","false","false","","not_started","0","0","0","0","0","0","0","0","0","0","not_started","false","not_started","not_started","false","false","false","false","待核验","人工整理","2026-08-02","v0.9 区域主键层第一版；仅建立 ADM1 元数据和稳定 region_id。真实边界、区域统计、区域选举和对华项目坐标尚未接入。","PL-18","Subcarpathian Voivodeship","Wojewodztwo podkarpackie","ADM1","ADM1 voivodeship; NUTS correspondence pending","Eurostat GISCO NUTS 2024 candidate","NUTS 2024","https://gisco-services.ec.europa.eu/distribution/v2/nuts/nuts-2024-files.html","Non-commercial research display candidate; attribution required; public display remains gated.","not_checked","pending_level_and_definition_alignment"
"poland_podlaskie","poland","波德拉谢省","Podlaskie Voivodeship","Wojewodztwo podlaskie","ADM1","PL-20","","Bialystok","voivodeship","true","false","false","false","false","","not_started","0","0","0","0","0","0","0","0","0","0","not_started","false","not_started","not_started","false","false","false","false","待核验","人工整理","2026-08-02","v0.9 区域主键层第一版；仅建立 ADM1 元数据和稳定 region_id。真实边界、区域统计、区域选举和对华项目坐标尚未接入。","PL-20","Podlaskie Voivodeship","Wojewodztwo podlaskie","ADM1","ADM1 voivodeship; NUTS correspondence pending","Eurostat GISCO NUTS 2024 candidate","NUTS 2024","https://gisco-services.ec.europa.eu/distribution/v2/nuts/nuts-2024-files.html","Non-commercial research display candidate; attribution required; public display remains gated.","not_checked","pending_level_and_definition_alignment"
"poland_pomeranian","poland","滨海省","Pomeranian Voivodeship","Wojewodztwo pomorskie","ADM1","PL-22","","Gdansk","voivodeship","true","false","false","false","false","","not_started","0","0","0","0","0","0","0","0","0","0","not_started","false","not_started","not_started","false","false","false","false","待核验","人工整理","2026-08-02","v0.9 区域主键层第一版；仅建立 ADM1 元数据和稳定 region_id。真实边界、区域统计、区域选举和对华项目坐标尚未接入。","PL-22","Pomeranian Voivodeship","Wojewodztwo pomorskie","ADM1","ADM1 voivodeship; NUTS correspondence pending","Eurostat GISCO NUTS 2024 candidate","NUTS 2024","https://gisco-services.ec.europa.eu/distribution/v2/nuts/nuts-2024-files.html","Non-commercial research display candidate; attribution required; public display remains gated.","not_checked","pending_level_and_definition_alignment"
"poland_silesian","poland","西里西亚省","Silesian Voivodeship","Wojewodztwo slaskie","ADM1","PL-24","","Katowice","voivodeship","true","false","false","false","false","","not_started","0","0","0","0","0","0","0","0","0","0","not_started","false","not_started","not_started","false","false","false","false","待核验","人工整理","2026-08-02","v0.9 区域主键层第一版；仅建立 ADM1 元数据和稳定 region_id。真实边界、区域统计、区域选举和对华项目坐标尚未接入。","PL-24","Silesian Voivodeship","Wojewodztwo slaskie","ADM1","ADM1 voivodeship; NUTS correspondence pending","Eurostat GISCO NUTS 2024 candidate","NUTS 2024","https://gisco-services.ec.europa.eu/distribution/v2/nuts/nuts-2024-files.html","Non-commercial research display candidate; attribution required; public display remains gated.","not_checked","pending_level_and_definition_alignment"
"poland_swietokrzyskie","poland","圣十字省","Swietokrzyskie Voivodeship","Wojewodztwo swietokrzyskie","ADM1","PL-26","","Kielce","voivodeship","true","false","false","false","false","","not_started","0","0","0","0","0","0","0","0","0","0","not_started","false","not_started","not_started","false","false","false","false","待核验","人工整理","2026-08-02","v0.9 区域主键层第一版；仅建立 ADM1 元数据和稳定 region_id。真实边界、区域统计、区域选举和对华项目坐标尚未接入。","PL-26","Swietokrzyskie Voivodeship","Wojewodztwo swietokrzyskie","ADM1","ADM1 voivodeship; NUTS correspondence pending","Eurostat GISCO NUTS 2024 candidate","NUTS 2024","https://gisco-services.ec.europa.eu/distribution/v2/nuts/nuts-2024-files.html","Non-commercial research display candidate; attribution required; public display remains gated.","not_checked","pending_level_and_definition_alignment"
"poland_warmian_masurian","poland","瓦尔米亚-马祖里省","Warmian-Masurian Voivodeship","Wojewodztwo warminsko-mazurskie","ADM1","PL-28","","Olsztyn","voivodeship","true","false","false","false","false","","not_started","0","0","0","0","0","0","0","0","0","0","not_started","false","not_started","not_started","false","false","false","false","待核验","人工整理","2026-08-02","v0.9 区域主键层第一版；仅建立 ADM1 元数据和稳定 region_id。真实边界、区域统计、区域选举和对华项目坐标尚未接入。","PL-28","Warmian-Masurian Voivodeship","Wojewodztwo warminsko-mazurskie","ADM1","ADM1 voivodeship; NUTS correspondence pending","Eurostat GISCO NUTS 2024 candidate","NUTS 2024","https://gisco-services.ec.europa.eu/distribution/v2/nuts/nuts-2024-files.html","Non-commercial research display candidate; attribution required; public display remains gated.","not_checked","pending_level_and_definition_alignment"
"poland_greater_poland","poland","大波兰省","Greater Poland Voivodeship","Wojewodztwo wielkopolskie","ADM1","PL-30","","Poznan","voivodeship","true","false","false","false","false","","not_started","0","0","0","0","0","0","0","0","0","0","not_started","false","not_started","not_started","false","false","false","false","待核验","人工整理","2026-08-02","v0.9 区域主键层第一版；仅建立 ADM1 元数据和稳定 region_id。真实边界、区域统计、区域选举和对华项目坐标尚未接入。","PL-30","Greater Poland Voivodeship","Wojewodztwo wielkopolskie","ADM1","ADM1 voivodeship; NUTS correspondence pending","Eurostat GISCO NUTS 2024 candidate","NUTS 2024","https://gisco-services.ec.europa.eu/distribution/v2/nuts/nuts-2024-files.html","Non-commercial research display candidate; attribution required; public display remains gated.","not_checked","pending_level_and_definition_alignment"
"poland_west_pomeranian","poland","西滨海省","West Pomeranian Voivodeship","Wojewodztwo zachodniopomorskie","ADM1","PL-32","","Szczecin","voivodeship","true","false","false","false","false","","not_started","0","0","0","0","0","0","0","0","0","0","not_started","false","not_started","not_started","false","false","false","false","待核验","人工整理","2026-08-02","v0.9 区域主键层第一版；仅建立 ADM1 元数据和稳定 region_id。真实边界、区域统计、区域选举和对华项目坐标尚未接入。","PL-32","West Pomeranian Voivodeship","Wojewodztwo zachodniopomorskie","ADM1","ADM1 voivodeship; NUTS correspondence pending","Eurostat GISCO NUTS 2024 candidate","NUTS 2024","https://gisco-services.ec.europa.eu/distribution/v2/nuts/nuts-2024-files.html","Non-commercial research display candidate; attribution required; public display remains gated.","not_checked","pending_level_and_definition_alignment"
"hungary_budapest","hungary","布达佩斯","Budapest","Budapest","NUTS3","HU110","","Budapest","capital / county-equivalent","true","true","true","false","false","public/data/boundaries/sandbox/hu_nuts3_gisco_2024.validation.json","manifest_detail_validation_recorded","20","20","20","20","20","20","0","0","0","0","detail_validation_recorded_final_region_id_match_recorded","true","final_match_recorded","final_match_recorded","false","false","false","false","正式数据","官方来源","2026-08-02","v0.21 Hungary NUTS3 最终主键、GISCO 许可与权威拓扑验收判定均已记录；正式地图展示仍未启用。","HU110","Budapest","Budapest","NUTS3","NUTS / NUTS3","Eurostat GISCO NUTS 2024","NUTS 2024","https://gisco-services.ec.europa.eu/distribution/v2/nuts/geojson/NUTS_RG_01M_2024_4326_LEVL_3.geojson","Non-commercial research display candidate; attribution required; public display remains gated.","basic_geometry_qa_recorded_pending_country_gate","pending_level_and_definition_alignment"
"hungary_bacs_kiskun","hungary","巴奇-基什孔州","Bacs-Kiskun County","Bacs-Kiskun varmegye","NUTS3","HU331","","Kecskemet","county","true","true","true","false","false","public/data/boundaries/sandbox/hu_nuts3_gisco_2024.validation.json","manifest_detail_validation_recorded","20","20","20","20","20","20","0","0","0","0","detail_validation_recorded_final_region_id_match_recorded","true","final_match_recorded","final_match_recorded","false","false","false","false","正式数据","官方来源","2026-08-02","v0.21 Hungary NUTS3 最终主键、GISCO 许可与权威拓扑验收判定均已记录；正式地图展示仍未启用。","HU331","Bacs-Kiskun County","Bacs-Kiskun varmegye","NUTS3","NUTS / NUTS3","Eurostat GISCO NUTS 2024","NUTS 2024","https://gisco-services.ec.europa.eu/distribution/v2/nuts/geojson/NUTS_RG_01M_2024_4326_LEVL_3.geojson","Non-commercial research display candidate; attribution required; public display remains gated.","basic_geometry_qa_recorded_pending_country_gate","pending_level_and_definition_alignment"
"hungary_baranya","hungary","巴兰尼亚州","Baranya County","Baranya varmegye","NUTS3","HU231","","Pecs","county","true","true","true","false","false","public/data/boundaries/sandbox/hu_nuts3_gisco_2024.validation.json","manifest_detail_validation_recorded","20","20","20","20","20","20","0","0","0","0","detail_validation_recorded_final_region_id_match_recorded","true","final_match_recorded","final_match_recorded","false","false","false","false","正式数据","官方来源","2026-08-02","v0.21 Hungary NUTS3 最终主键、GISCO 许可与权威拓扑验收判定均已记录；正式地图展示仍未启用。","HU231","Baranya County","Baranya varmegye","NUTS3","NUTS / NUTS3","Eurostat GISCO NUTS 2024","NUTS 2024","https://gisco-services.ec.europa.eu/distribution/v2/nuts/geojson/NUTS_RG_01M_2024_4326_LEVL_3.geojson","Non-commercial research display candidate; attribution required; public display remains gated.","basic_geometry_qa_recorded_pending_country_gate","pending_level_and_definition_alignment"
"hungary_bekes","hungary","贝凯什州","Bekes County","Bekes varmegye","NUTS3","HU332","","Bekescsaba","county","true","true","true","false","false","public/data/boundaries/sandbox/hu_nuts3_gisco_2024.validation.json","manifest_detail_validation_recorded","20","20","20","20","20","20","0","0","0","0","detail_validation_recorded_final_region_id_match_recorded","true","final_match_recorded","final_match_recorded","false","false","false","false","正式数据","官方来源","2026-08-02","v0.21 Hungary NUTS3 最终主键、GISCO 许可与权威拓扑验收判定均已记录；正式地图展示仍未启用。","HU332","Bekes County","Bekes varmegye","NUTS3","NUTS / NUTS3","Eurostat GISCO NUTS 2024","NUTS 2024","https://gisco-services.ec.europa.eu/distribution/v2/nuts/geojson/NUTS_RG_01M_2024_4326_LEVL_3.geojson","Non-commercial research display candidate; attribution required; public display remains gated.","basic_geometry_qa_recorded_pending_country_gate","pending_level_and_definition_alignment"
"hungary_borsod_abauj_zemplen","hungary","包尔绍德-奥包乌伊-曾普伦州","Borsod-Abauj-Zemplen County","Borsod-Abauj-Zemplen varmegye","NUTS3","HU311","","Miskolc","county","true","true","true","false","false","public/data/boundaries/sandbox/hu_nuts3_gisco_2024.validation.json","manifest_detail_validation_recorded","20","20","20","20","20","20","0","0","0","0","detail_validation_recorded_final_region_id_match_recorded","true","final_match_recorded","final_match_recorded","false","false","false","false","正式数据","官方来源","2026-08-02","v0.21 Hungary NUTS3 最终主键、GISCO 许可与权威拓扑验收判定均已记录；正式地图展示仍未启用。","HU311","Borsod-Abauj-Zemplen County","Borsod-Abauj-Zemplen varmegye","NUTS3","NUTS / NUTS3","Eurostat GISCO NUTS 2024","NUTS 2024","https://gisco-services.ec.europa.eu/distribution/v2/nuts/geojson/NUTS_RG_01M_2024_4326_LEVL_3.geojson","Non-commercial research display candidate; attribution required; public display remains gated.","basic_geometry_qa_recorded_pending_country_gate","pending_level_and_definition_alignment"
"hungary_csongrad_csanad","hungary","琼格拉德-乔纳德州","Csongrad-Csanad County","Csongrad-Csanad varmegye","NUTS3","HU333","","Szeged","county","true","true","true","false","false","public/data/boundaries/sandbox/hu_nuts3_gisco_2024.validation.json","manifest_detail_validation_recorded","20","20","20","20","20","20","0","0","0","0","detail_validation_recorded_final_region_id_match_recorded","true","final_match_recorded","final_match_recorded","false","false","false","false","正式数据","官方来源","2026-08-02","v0.21 Hungary NUTS3 最终主键、GISCO 许可与权威拓扑验收判定均已记录；正式地图展示仍未启用。","HU333","Csongrad-Csanad County","Csongrad-Csanad varmegye","NUTS3","NUTS / NUTS3","Eurostat GISCO NUTS 2024","NUTS 2024","https://gisco-services.ec.europa.eu/distribution/v2/nuts/geojson/NUTS_RG_01M_2024_4326_LEVL_3.geojson","Non-commercial research display candidate; attribution required; public display remains gated.","basic_geometry_qa_recorded_pending_country_gate","pending_level_and_definition_alignment"
"hungary_fejer","hungary","费耶尔州","Fejer County","Fejer varmegye","NUTS3","HU211","","Szekesfehervar","county","true","true","true","false","false","public/data/boundaries/sandbox/hu_nuts3_gisco_2024.validation.json","manifest_detail_validation_recorded","20","20","20","20","20","20","0","0","0","0","detail_validation_recorded_final_region_id_match_recorded","true","final_match_recorded","final_match_recorded","false","false","false","false","正式数据","官方来源","2026-08-02","v0.21 Hungary NUTS3 最终主键、GISCO 许可与权威拓扑验收判定均已记录；正式地图展示仍未启用。","HU211","Fejer County","Fejer varmegye","NUTS3","NUTS / NUTS3","Eurostat GISCO NUTS 2024","NUTS 2024","https://gisco-services.ec.europa.eu/distribution/v2/nuts/geojson/NUTS_RG_01M_2024_4326_LEVL_3.geojson","Non-commercial research display candidate; attribution required; public display remains gated.","basic_geometry_qa_recorded_pending_country_gate","pending_level_and_definition_alignment"
"hungary_gyor_moson_sopron","hungary","杰尔-莫松-肖普朗州","Gyor-Moson-Sopron County","Gyor-Moson-Sopron varmegye","NUTS3","HU221","","Gyor","county","true","true","true","false","false","public/data/boundaries/sandbox/hu_nuts3_gisco_2024.validation.json","manifest_detail_validation_recorded","20","20","20","20","20","20","0","0","0","0","detail_validation_recorded_final_region_id_match_recorded","true","final_match_recorded","final_match_recorded","false","false","false","false","正式数据","官方来源","2026-08-02","v0.21 Hungary NUTS3 最终主键、GISCO 许可与权威拓扑验收判定均已记录；正式地图展示仍未启用。","HU221","Gyor-Moson-Sopron County","Gyor-Moson-Sopron varmegye","NUTS3","NUTS / NUTS3","Eurostat GISCO NUTS 2024","NUTS 2024","https://gisco-services.ec.europa.eu/distribution/v2/nuts/geojson/NUTS_RG_01M_2024_4326_LEVL_3.geojson","Non-commercial research display candidate; attribution required; public display remains gated.","basic_geometry_qa_recorded_pending_country_gate","pending_level_and_definition_alignment"
"hungary_hajdu_bihar","hungary","豪伊杜-比豪尔州","Hajdu-Bihar County","Hajdu-Bihar varmegye","NUTS3","HU321","","Debrecen","county","true","true","true","false","false","public/data/boundaries/sandbox/hu_nuts3_gisco_2024.validation.json","manifest_detail_validation_recorded","20","20","20","20","20","20","0","0","0","0","detail_validation_recorded_final_region_id_match_recorded","true","final_match_recorded","final_match_recorded","false","false","false","false","正式数据","官方来源","2026-08-02","v0.21 Hungary NUTS3 最终主键、GISCO 许可与权威拓扑验收判定均已记录；正式地图展示仍未启用。","HU321","Hajdu-Bihar County","Hajdu-Bihar varmegye","NUTS3","NUTS / NUTS3","Eurostat GISCO NUTS 2024","NUTS 2024","https://gisco-services.ec.europa.eu/distribution/v2/nuts/geojson/NUTS_RG_01M_2024_4326_LEVL_3.geojson","Non-commercial research display candidate; attribution required; public display remains gated.","basic_geometry_qa_recorded_pending_country_gate","pending_level_and_definition_alignment"
"hungary_heves","hungary","赫维什州","Heves County","Heves varmegye","NUTS3","HU312","","Eger","county","true","true","true","false","false","public/data/boundaries/sandbox/hu_nuts3_gisco_2024.validation.json","manifest_detail_validation_recorded","20","20","20","20","20","20","0","0","0","0","detail_validation_recorded_final_region_id_match_recorded","true","final_match_recorded","final_match_recorded","false","false","false","false","正式数据","官方来源","2026-08-02","v0.21 Hungary NUTS3 最终主键、GISCO 许可与权威拓扑验收判定均已记录；正式地图展示仍未启用。","HU312","Heves County","Heves varmegye","NUTS3","NUTS / NUTS3","Eurostat GISCO NUTS 2024","NUTS 2024","https://gisco-services.ec.europa.eu/distribution/v2/nuts/geojson/NUTS_RG_01M_2024_4326_LEVL_3.geojson","Non-commercial research display candidate; attribution required; public display remains gated.","basic_geometry_qa_recorded_pending_country_gate","pending_level_and_definition_alignment"
"hungary_jasz_nagykun_szolnok","hungary","亚斯-瑙吉孔-索尔诺克州","Jasz-Nagykun-Szolnok County","Jasz-Nagykun-Szolnok varmegye","NUTS3","HU322","","Szolnok","county","true","true","true","false","false","public/data/boundaries/sandbox/hu_nuts3_gisco_2024.validation.json","manifest_detail_validation_recorded","20","20","20","20","20","20","0","0","0","0","detail_validation_recorded_final_region_id_match_recorded","true","final_match_recorded","final_match_recorded","false","false","false","false","正式数据","官方来源","2026-08-02","v0.21 Hungary NUTS3 最终主键、GISCO 许可与权威拓扑验收判定均已记录；正式地图展示仍未启用。","HU322","Jasz-Nagykun-Szolnok County","Jasz-Nagykun-Szolnok varmegye","NUTS3","NUTS / NUTS3","Eurostat GISCO NUTS 2024","NUTS 2024","https://gisco-services.ec.europa.eu/distribution/v2/nuts/geojson/NUTS_RG_01M_2024_4326_LEVL_3.geojson","Non-commercial research display candidate; attribution required; public display remains gated.","basic_geometry_qa_recorded_pending_country_gate","pending_level_and_definition_alignment"
"hungary_komarom_esztergom","hungary","科马罗姆-埃斯泰尔戈姆州","Komarom-Esztergom County","Komarom-Esztergom varmegye","NUTS3","HU212","","Tatabanya","county","true","true","true","false","false","public/data/boundaries/sandbox/hu_nuts3_gisco_2024.validation.json","manifest_detail_validation_recorded","20","20","20","20","20","20","0","0","0","0","detail_validation_recorded_final_region_id_match_recorded","true","final_match_recorded","final_match_recorded","false","false","false","false","正式数据","官方来源","2026-08-02","v0.21 Hungary NUTS3 最终主键、GISCO 许可与权威拓扑验收判定均已记录；正式地图展示仍未启用。","HU212","Komarom-Esztergom County","Komarom-Esztergom varmegye","NUTS3","NUTS / NUTS3","Eurostat GISCO NUTS 2024","NUTS 2024","https://gisco-services.ec.europa.eu/distribution/v2/nuts/geojson/NUTS_RG_01M_2024_4326_LEVL_3.geojson","Non-commercial research display candidate; attribution required; public display remains gated.","basic_geometry_qa_recorded_pending_country_gate","pending_level_and_definition_alignment"
"hungary_nograd","hungary","诺格拉德州","Nograd County","Nograd varmegye","NUTS3","HU313","","Salgotarjan","county","true","true","true","false","false","public/data/boundaries/sandbox/hu_nuts3_gisco_2024.validation.json","manifest_detail_validation_recorded","20","20","20","20","20","20","0","0","0","0","detail_validation_recorded_final_region_id_match_recorded","true","final_match_recorded","final_match_recorded","false","false","false","false","正式数据","官方来源","2026-08-02","v0.21 Hungary NUTS3 最终主键、GISCO 许可与权威拓扑验收判定均已记录；正式地图展示仍未启用。","HU313","Nograd County","Nograd varmegye","NUTS3","NUTS / NUTS3","Eurostat GISCO NUTS 2024","NUTS 2024","https://gisco-services.ec.europa.eu/distribution/v2/nuts/geojson/NUTS_RG_01M_2024_4326_LEVL_3.geojson","Non-commercial research display candidate; attribution required; public display remains gated.","basic_geometry_qa_recorded_pending_country_gate","pending_level_and_definition_alignment"
"hungary_pest","hungary","佩斯州","Pest County","Pest varmegye","NUTS3","HU120","","Budapest","county","true","true","true","false","false","public/data/boundaries/sandbox/hu_nuts3_gisco_2024.validation.json","manifest_detail_validation_recorded","20","20","20","20","20","20","0","0","0","0","detail_validation_recorded_final_region_id_match_recorded","true","final_match_recorded","final_match_recorded","false","false","false","false","正式数据","官方来源","2026-08-02","v0.21 Hungary NUTS3 最终主键、GISCO 许可与权威拓扑验收判定均已记录；正式地图展示仍未启用。","HU120","Pest County","Pest varmegye","NUTS3","NUTS / NUTS3","Eurostat GISCO NUTS 2024","NUTS 2024","https://gisco-services.ec.europa.eu/distribution/v2/nuts/geojson/NUTS_RG_01M_2024_4326_LEVL_3.geojson","Non-commercial research display candidate; attribution required; public display remains gated.","basic_geometry_qa_recorded_pending_country_gate","pending_level_and_definition_alignment"
"hungary_somogy","hungary","绍莫吉州","Somogy County","Somogy varmegye","NUTS3","HU232","","Kaposvar","county","true","true","true","false","false","public/data/boundaries/sandbox/hu_nuts3_gisco_2024.validation.json","manifest_detail_validation_recorded","20","20","20","20","20","20","0","0","0","0","detail_validation_recorded_final_region_id_match_recorded","true","final_match_recorded","final_match_recorded","false","false","false","false","正式数据","官方来源","2026-08-02","v0.21 Hungary NUTS3 最终主键、GISCO 许可与权威拓扑验收判定均已记录；正式地图展示仍未启用。","HU232","Somogy County","Somogy varmegye","NUTS3","NUTS / NUTS3","Eurostat GISCO NUTS 2024","NUTS 2024","https://gisco-services.ec.europa.eu/distribution/v2/nuts/geojson/NUTS_RG_01M_2024_4326_LEVL_3.geojson","Non-commercial research display candidate; attribution required; public display remains gated.","basic_geometry_qa_recorded_pending_country_gate","pending_level_and_definition_alignment"
"hungary_szabolcs_szatmar_bereg","hungary","索博尔奇-索特马尔-贝拉格州","Szabolcs-Szatmar-Bereg County","Szabolcs-Szatmar-Bereg varmegye","NUTS3","HU323","","Nyiregyhaza","county","true","true","true","false","false","public/data/boundaries/sandbox/hu_nuts3_gisco_2024.validation.json","manifest_detail_validation_recorded","20","20","20","20","20","20","0","0","0","0","detail_validation_recorded_final_region_id_match_recorded","true","final_match_recorded","final_match_recorded","false","false","false","false","正式数据","官方来源","2026-08-02","v0.21 Hungary NUTS3 最终主键、GISCO 许可与权威拓扑验收判定均已记录；正式地图展示仍未启用。","HU323","Szabolcs-Szatmar-Bereg County","Szabolcs-Szatmar-Bereg varmegye","NUTS3","NUTS / NUTS3","Eurostat GISCO NUTS 2024","NUTS 2024","https://gisco-services.ec.europa.eu/distribution/v2/nuts/geojson/NUTS_RG_01M_2024_4326_LEVL_3.geojson","Non-commercial research display candidate; attribution required; public display remains gated.","basic_geometry_qa_recorded_pending_country_gate","pending_level_and_definition_alignment"
"hungary_tolna","hungary","托尔瑙州","Tolna County","Tolna varmegye","NUTS3","HU233","","Szekszard","county","true","true","true","false","false","public/data/boundaries/sandbox/hu_nuts3_gisco_2024.validation.json","manifest_detail_validation_recorded","20","20","20","20","20","20","0","0","0","0","detail_validation_recorded_final_region_id_match_recorded","true","final_match_recorded","final_match_recorded","false","false","false","false","正式数据","官方来源","2026-08-02","v0.21 Hungary NUTS3 最终主键、GISCO 许可与权威拓扑验收判定均已记录；正式地图展示仍未启用。","HU233","Tolna County","Tolna varmegye","NUTS3","NUTS / NUTS3","Eurostat GISCO NUTS 2024","NUTS 2024","https://gisco-services.ec.europa.eu/distribution/v2/nuts/geojson/NUTS_RG_01M_2024_4326_LEVL_3.geojson","Non-commercial research display candidate; attribution required; public display remains gated.","basic_geometry_qa_recorded_pending_country_gate","pending_level_and_definition_alignment"
"hungary_vas","hungary","沃什州","Vas County","Vas varmegye","NUTS3","HU222","","Szombathely","county","true","true","true","false","false","public/data/boundaries/sandbox/hu_nuts3_gisco_2024.validation.json","manifest_detail_validation_recorded","20","20","20","20","20","20","0","0","0","0","detail_validation_recorded_final_region_id_match_recorded","true","final_match_recorded","final_match_recorded","false","false","false","false","正式数据","官方来源","2026-08-02","v0.21 Hungary NUTS3 最终主键、GISCO 许可与权威拓扑验收判定均已记录；正式地图展示仍未启用。","HU222","Vas County","Vas varmegye","NUTS3","NUTS / NUTS3","Eurostat GISCO NUTS 2024","NUTS 2024","https://gisco-services.ec.europa.eu/distribution/v2/nuts/geojson/NUTS_RG_01M_2024_4326_LEVL_3.geojson","Non-commercial research display candidate; attribution required; public display remains gated.","basic_geometry_qa_recorded_pending_country_gate","pending_level_and_definition_alignment"
"hungary_veszprem","hungary","维斯普雷姆州","Veszprem County","Veszprem varmegye","NUTS3","HU213","","Veszprem","county","true","true","true","false","false","public/data/boundaries/sandbox/hu_nuts3_gisco_2024.validation.json","manifest_detail_validation_recorded","20","20","20","20","20","20","0","0","0","0","detail_validation_recorded_final_region_id_match_recorded","true","final_match_recorded","final_match_recorded","false","false","false","false","正式数据","官方来源","2026-08-02","v0.21 Hungary NUTS3 最终主键、GISCO 许可与权威拓扑验收判定均已记录；正式地图展示仍未启用。","HU213","Veszprem County","Veszprem varmegye","NUTS3","NUTS / NUTS3","Eurostat GISCO NUTS 2024","NUTS 2024","https://gisco-services.ec.europa.eu/distribution/v2/nuts/geojson/NUTS_RG_01M_2024_4326_LEVL_3.geojson","Non-commercial research display candidate; attribution required; public display remains gated.","basic_geometry_qa_recorded_pending_country_gate","pending_level_and_definition_alignment"
"hungary_zala","hungary","佐洛州","Zala County","Zala varmegye","NUTS3","HU223","","Zalaegerszeg","county","true","true","true","false","false","public/data/boundaries/sandbox/hu_nuts3_gisco_2024.validation.json","manifest_detail_validation_recorded","20","20","20","20","20","20","0","0","0","0","detail_validation_recorded_final_region_id_match_recorded","true","final_match_recorded","final_match_recorded","false","false","false","false","正式数据","官方来源","2026-08-02","v0.21 Hungary NUTS3 最终主键、GISCO 许可与权威拓扑验收判定均已记录；正式地图展示仍未启用。","HU223","Zala County","Zala varmegye","NUTS3","NUTS / NUTS3","Eurostat GISCO NUTS 2024","NUTS 2024","https://gisco-services.ec.europa.eu/distribution/v2/nuts/geojson/NUTS_RG_01M_2024_4326_LEVL_3.geojson","Non-commercial research display candidate; attribution required; public display remains gated.","basic_geometry_qa_recorded_pending_country_gate","pending_level_and_definition_alignment"
"czechia_prague","czechia","布拉格","Prague","Praha","NUTS3","CZ010","","Prague","capital city / region","true","true","true","false","false","","not_started","0","0","0","0","0","0","0","0","0","0","not_started","false","not_started","not_started","false","false","false","false","正式数据","官方来源","2026-08-02","v0.9 区域主键层第一版；仅建立 ADM1 元数据和稳定 region_id。真实边界、区域统计、区域选举和对华项目坐标尚未接入。","CZ010","Prague","Praha","NUTS3","NUTS / NUTS3","Eurostat GISCO NUTS 2024","NUTS 2024","https://gisco-services.ec.europa.eu/distribution/v2/nuts/geojson/NUTS_RG_01M_2024_4326_LEVL_3.geojson","Non-commercial research display candidate; attribution required; public display remains gated.","basic_geometry_qa_recorded_pending_country_gate","pending_level_and_definition_alignment"
"czechia_central_bohemian","czechia","中波希米亚州","Central Bohemian Region","Stredocesky kraj","NUTS3","CZ020","","Prague","region","true","true","true","false","false","","not_started","0","0","0","0","0","0","0","0","0","0","not_started","false","not_started","not_started","false","false","false","false","正式数据","官方来源","2026-08-02","v0.9 区域主键层第一版；仅建立 ADM1 元数据和稳定 region_id。真实边界、区域统计、区域选举和对华项目坐标尚未接入。","CZ020","Central Bohemian Region","Stredocesky kraj","NUTS3","NUTS / NUTS3","Eurostat GISCO NUTS 2024","NUTS 2024","https://gisco-services.ec.europa.eu/distribution/v2/nuts/geojson/NUTS_RG_01M_2024_4326_LEVL_3.geojson","Non-commercial research display candidate; attribution required; public display remains gated.","basic_geometry_qa_recorded_pending_country_gate","pending_level_and_definition_alignment"
"czechia_south_bohemian","czechia","南波希米亚州","South Bohemian Region","Jihocesky kraj","NUTS3","CZ031","","Ceske Budejovice","region","true","true","true","false","false","","not_started","0","0","0","0","0","0","0","0","0","0","not_started","false","not_started","not_started","false","false","false","false","正式数据","官方来源","2026-08-02","v0.9 区域主键层第一版；仅建立 ADM1 元数据和稳定 region_id。真实边界、区域统计、区域选举和对华项目坐标尚未接入。","CZ031","South Bohemian Region","Jihocesky kraj","NUTS3","NUTS / NUTS3","Eurostat GISCO NUTS 2024","NUTS 2024","https://gisco-services.ec.europa.eu/distribution/v2/nuts/geojson/NUTS_RG_01M_2024_4326_LEVL_3.geojson","Non-commercial research display candidate; attribution required; public display remains gated.","basic_geometry_qa_recorded_pending_country_gate","pending_level_and_definition_alignment"
"czechia_plzen","czechia","比尔森州","Plzen Region","Plzensky kraj","NUTS3","CZ032","","Plzen","region","true","true","true","false","false","","not_started","0","0","0","0","0","0","0","0","0","0","not_started","false","not_started","not_started","false","false","false","false","正式数据","官方来源","2026-08-02","v0.9 区域主键层第一版；仅建立 ADM1 元数据和稳定 region_id。真实边界、区域统计、区域选举和对华项目坐标尚未接入。","CZ032","Plzen Region","Plzensky kraj","NUTS3","NUTS / NUTS3","Eurostat GISCO NUTS 2024","NUTS 2024","https://gisco-services.ec.europa.eu/distribution/v2/nuts/geojson/NUTS_RG_01M_2024_4326_LEVL_3.geojson","Non-commercial research display candidate; attribution required; public display remains gated.","basic_geometry_qa_recorded_pending_country_gate","pending_level_and_definition_alignment"
"czechia_karlovy_vary","czechia","卡罗维发利州","Karlovy Vary Region","Karlovarsky kraj","NUTS3","CZ041","","Karlovy Vary","region","true","true","true","false","false","","not_started","0","0","0","0","0","0","0","0","0","0","not_started","false","not_started","not_started","false","false","false","false","正式数据","官方来源","2026-08-02","v0.9 区域主键层第一版；仅建立 ADM1 元数据和稳定 region_id。真实边界、区域统计、区域选举和对华项目坐标尚未接入。","CZ041","Karlovy Vary Region","Karlovarsky kraj","NUTS3","NUTS / NUTS3","Eurostat GISCO NUTS 2024","NUTS 2024","https://gisco-services.ec.europa.eu/distribution/v2/nuts/geojson/NUTS_RG_01M_2024_4326_LEVL_3.geojson","Non-commercial research display candidate; attribution required; public display remains gated.","basic_geometry_qa_recorded_pending_country_gate","pending_level_and_definition_alignment"
"czechia_usti","czechia","乌斯季州","Usti nad Labem Region","Ustecky kraj","NUTS3","CZ042","","Usti nad Labem","region","true","true","true","false","false","","not_started","0","0","0","0","0","0","0","0","0","0","not_started","false","not_started","not_started","false","false","false","false","正式数据","官方来源","2026-08-02","v0.9 区域主键层第一版；仅建立 ADM1 元数据和稳定 region_id。真实边界、区域统计、区域选举和对华项目坐标尚未接入。","CZ042","Usti nad Labem Region","Ustecky kraj","NUTS3","NUTS / NUTS3","Eurostat GISCO NUTS 2024","NUTS 2024","https://gisco-services.ec.europa.eu/distribution/v2/nuts/geojson/NUTS_RG_01M_2024_4326_LEVL_3.geojson","Non-commercial research display candidate; attribution required; public display remains gated.","basic_geometry_qa_recorded_pending_country_gate","pending_level_and_definition_alignment"
"czechia_liberec","czechia","利贝雷茨州","Liberec Region","Liberecky kraj","NUTS3","CZ051","","Liberec","region","true","true","true","false","false","","not_started","0","0","0","0","0","0","0","0","0","0","not_started","false","not_started","not_started","false","false","false","false","正式数据","官方来源","2026-08-02","v0.9 区域主键层第一版；仅建立 ADM1 元数据和稳定 region_id。真实边界、区域统计、区域选举和对华项目坐标尚未接入。","CZ051","Liberec Region","Liberecky kraj","NUTS3","NUTS / NUTS3","Eurostat GISCO NUTS 2024","NUTS 2024","https://gisco-services.ec.europa.eu/distribution/v2/nuts/geojson/NUTS_RG_01M_2024_4326_LEVL_3.geojson","Non-commercial research display candidate; attribution required; public display remains gated.","basic_geometry_qa_recorded_pending_country_gate","pending_level_and_definition_alignment"
"czechia_hradec_kralove","czechia","赫拉德茨-克拉洛韦州","Hradec Kralove Region","Kralovehradecky kraj","NUTS3","CZ052","","Hradec Kralove","region","true","true","true","false","false","","not_started","0","0","0","0","0","0","0","0","0","0","not_started","false","not_started","not_started","false","false","false","false","正式数据","官方来源","2026-08-02","v0.9 区域主键层第一版；仅建立 ADM1 元数据和稳定 region_id。真实边界、区域统计、区域选举和对华项目坐标尚未接入。","CZ052","Hradec Kralove Region","Kralovehradecky kraj","NUTS3","NUTS / NUTS3","Eurostat GISCO NUTS 2024","NUTS 2024","https://gisco-services.ec.europa.eu/distribution/v2/nuts/geojson/NUTS_RG_01M_2024_4326_LEVL_3.geojson","Non-commercial research display candidate; attribution required; public display remains gated.","basic_geometry_qa_recorded_pending_country_gate","pending_level_and_definition_alignment"
"czechia_pardubice","czechia","帕尔杜比采州","Pardubice Region","Pardubicky kraj","NUTS3","CZ053","","Pardubice","region","true","true","true","false","false","","not_started","0","0","0","0","0","0","0","0","0","0","not_started","false","not_started","not_started","false","false","false","false","正式数据","官方来源","2026-08-02","v0.9 区域主键层第一版；仅建立 ADM1 元数据和稳定 region_id。真实边界、区域统计、区域选举和对华项目坐标尚未接入。","CZ053","Pardubice Region","Pardubicky kraj","NUTS3","NUTS / NUTS3","Eurostat GISCO NUTS 2024","NUTS 2024","https://gisco-services.ec.europa.eu/distribution/v2/nuts/geojson/NUTS_RG_01M_2024_4326_LEVL_3.geojson","Non-commercial research display candidate; attribution required; public display remains gated.","basic_geometry_qa_recorded_pending_country_gate","pending_level_and_definition_alignment"
"czechia_vysocina","czechia","维索基纳州","Vysocina Region","Kraj Vysocina","NUTS3","CZ063","","Jihlava","region","true","true","true","false","false","","not_started","0","0","0","0","0","0","0","0","0","0","not_started","false","not_started","not_started","false","false","false","false","正式数据","官方来源","2026-08-02","v0.9 区域主键层第一版；仅建立 ADM1 元数据和稳定 region_id。真实边界、区域统计、区域选举和对华项目坐标尚未接入。","CZ063","Vysocina Region","Kraj Vysocina","NUTS3","NUTS / NUTS3","Eurostat GISCO NUTS 2024","NUTS 2024","https://gisco-services.ec.europa.eu/distribution/v2/nuts/geojson/NUTS_RG_01M_2024_4326_LEVL_3.geojson","Non-commercial research display candidate; attribution required; public display remains gated.","basic_geometry_qa_recorded_pending_country_gate","pending_level_and_definition_alignment"
"czechia_south_moravian","czechia","南摩拉维亚州","South Moravian Region","Jihomoravsky kraj","NUTS3","CZ064","","Brno","region","true","true","true","false","false","","not_started","0","0","0","0","0","0","0","0","0","0","not_started","false","not_started","not_started","false","false","false","false","正式数据","官方来源","2026-08-02","v0.9 区域主键层第一版；仅建立 ADM1 元数据和稳定 region_id。真实边界、区域统计、区域选举和对华项目坐标尚未接入。","CZ064","South Moravian Region","Jihomoravsky kraj","NUTS3","NUTS / NUTS3","Eurostat GISCO NUTS 2024","NUTS 2024","https://gisco-services.ec.europa.eu/distribution/v2/nuts/geojson/NUTS_RG_01M_2024_4326_LEVL_3.geojson","Non-commercial research display candidate; attribution required; public display remains gated.","basic_geometry_qa_recorded_pending_country_gate","pending_level_and_definition_alignment"
"czechia_olomouc","czechia","奥洛穆茨州","Olomouc Region","Olomoucky kraj","NUTS3","CZ071","","Olomouc","region","true","true","true","false","false","","not_started","0","0","0","0","0","0","0","0","0","0","not_started","false","not_started","not_started","false","false","false","false","正式数据","官方来源","2026-08-02","v0.9 区域主键层第一版；仅建立 ADM1 元数据和稳定 region_id。真实边界、区域统计、区域选举和对华项目坐标尚未接入。","CZ071","Olomouc Region","Olomoucky kraj","NUTS3","NUTS / NUTS3","Eurostat GISCO NUTS 2024","NUTS 2024","https://gisco-services.ec.europa.eu/distribution/v2/nuts/geojson/NUTS_RG_01M_2024_4326_LEVL_3.geojson","Non-commercial research display candidate; attribution required; public display remains gated.","basic_geometry_qa_recorded_pending_country_gate","pending_level_and_definition_alignment"
"czechia_zlin","czechia","兹林州","Zlin Region","Zlinsky kraj","NUTS3","CZ072","","Zlin","region","true","true","true","false","false","","not_started","0","0","0","0","0","0","0","0","0","0","not_started","false","not_started","not_started","false","false","false","false","正式数据","官方来源","2026-08-02","v0.9 区域主键层第一版；仅建立 ADM1 元数据和稳定 region_id。真实边界、区域统计、区域选举和对华项目坐标尚未接入。","CZ072","Zlin Region","Zlinsky kraj","NUTS3","NUTS / NUTS3","Eurostat GISCO NUTS 2024","NUTS 2024","https://gisco-services.ec.europa.eu/distribution/v2/nuts/geojson/NUTS_RG_01M_2024_4326_LEVL_3.geojson","Non-commercial research display candidate; attribution required; public display remains gated.","basic_geometry_qa_recorded_pending_country_gate","pending_level_and_definition_alignment"
"czechia_moravian_silesian","czechia","摩拉维亚-西里西亚州","Moravian-Silesian Region","Moravskoslezsky kraj","NUTS3","CZ080","","Ostrava","region","true","true","true","false","false","","not_started","0","0","0","0","0","0","0","0","0","0","not_started","false","not_started","not_started","false","false","false","false","正式数据","官方来源","2026-08-02","v0.9 区域主键层第一版；仅建立 ADM1 元数据和稳定 region_id。真实边界、区域统计、区域选举和对华项目坐标尚未接入。","CZ080","Moravian-Silesian Region","Moravskoslezsky kraj","NUTS3","NUTS / NUTS3","Eurostat GISCO NUTS 2024","NUTS 2024","https://gisco-services.ec.europa.eu/distribution/v2/nuts/geojson/NUTS_RG_01M_2024_4326_LEVL_3.geojson","Non-commercial research display candidate; attribution required; public display remains gated.","basic_geometry_qa_recorded_pending_country_gate","pending_level_and_definition_alignment"
"slovakia_bratislava","slovakia","布拉迪斯拉发州","Bratislava Region","Bratislavsky kraj","NUTS3","SK010","","Bratislava","region","true","true","true","false","false","","not_started","0","0","0","0","0","0","0","0","0","0","not_started","false","not_started","not_started","false","false","false","false","正式数据","官方来源","2026-08-02","v0.9 区域主键层第一版；仅建立 ADM1 元数据和稳定 region_id。真实边界、区域统计、区域选举和对华项目坐标尚未接入。","SK010","Bratislava Region","Bratislavsky kraj","NUTS3","NUTS / NUTS3","Eurostat GISCO NUTS 2024","NUTS 2024","https://gisco-services.ec.europa.eu/distribution/v2/nuts/geojson/NUTS_RG_01M_2024_4326_LEVL_3.geojson","Non-commercial research display candidate; attribution required; public display remains gated.","basic_geometry_qa_recorded_pending_country_gate","pending_level_and_definition_alignment"
"slovakia_trnava","slovakia","特尔纳瓦州","Trnava Region","Trnavsky kraj","NUTS3","SK021","","Trnava","region","true","true","true","false","false","","not_started","0","0","0","0","0","0","0","0","0","0","not_started","false","not_started","not_started","false","false","false","false","正式数据","官方来源","2026-08-02","v0.9 区域主键层第一版；仅建立 ADM1 元数据和稳定 region_id。真实边界、区域统计、区域选举和对华项目坐标尚未接入。","SK021","Trnava Region","Trnavsky kraj","NUTS3","NUTS / NUTS3","Eurostat GISCO NUTS 2024","NUTS 2024","https://gisco-services.ec.europa.eu/distribution/v2/nuts/geojson/NUTS_RG_01M_2024_4326_LEVL_3.geojson","Non-commercial research display candidate; attribution required; public display remains gated.","basic_geometry_qa_recorded_pending_country_gate","pending_level_and_definition_alignment"
"slovakia_trencin","slovakia","特伦钦州","Trencin Region","Trenciansky kraj","NUTS3","SK022","","Trencin","region","true","true","true","false","false","","not_started","0","0","0","0","0","0","0","0","0","0","not_started","false","not_started","not_started","false","false","false","false","正式数据","官方来源","2026-08-02","v0.9 区域主键层第一版；仅建立 ADM1 元数据和稳定 region_id。真实边界、区域统计、区域选举和对华项目坐标尚未接入。","SK022","Trencin Region","Trenciansky kraj","NUTS3","NUTS / NUTS3","Eurostat GISCO NUTS 2024","NUTS 2024","https://gisco-services.ec.europa.eu/distribution/v2/nuts/geojson/NUTS_RG_01M_2024_4326_LEVL_3.geojson","Non-commercial research display candidate; attribution required; public display remains gated.","basic_geometry_qa_recorded_pending_country_gate","pending_level_and_definition_alignment"
"slovakia_nitra","slovakia","尼特拉州","Nitra Region","Nitriansky kraj","NUTS3","SK023","","Nitra","region","true","true","true","false","false","","not_started","0","0","0","0","0","0","0","0","0","0","not_started","false","not_started","not_started","false","false","false","false","正式数据","官方来源","2026-08-02","v0.9 区域主键层第一版；仅建立 ADM1 元数据和稳定 region_id。真实边界、区域统计、区域选举和对华项目坐标尚未接入。","SK023","Nitra Region","Nitriansky kraj","NUTS3","NUTS / NUTS3","Eurostat GISCO NUTS 2024","NUTS 2024","https://gisco-services.ec.europa.eu/distribution/v2/nuts/geojson/NUTS_RG_01M_2024_4326_LEVL_3.geojson","Non-commercial research display candidate; attribution required; public display remains gated.","basic_geometry_qa_recorded_pending_country_gate","pending_level_and_definition_alignment"
"slovakia_zilina","slovakia","日利纳州","Zilina Region","Zilinsky kraj","NUTS3","SK031","","Zilina","region","true","true","true","false","false","","not_started","0","0","0","0","0","0","0","0","0","0","not_started","false","not_started","not_started","false","false","false","false","正式数据","官方来源","2026-08-02","v0.9 区域主键层第一版；仅建立 ADM1 元数据和稳定 region_id。真实边界、区域统计、区域选举和对华项目坐标尚未接入。","SK031","Zilina Region","Zilinsky kraj","NUTS3","NUTS / NUTS3","Eurostat GISCO NUTS 2024","NUTS 2024","https://gisco-services.ec.europa.eu/distribution/v2/nuts/geojson/NUTS_RG_01M_2024_4326_LEVL_3.geojson","Non-commercial research display candidate; attribution required; public display remains gated.","basic_geometry_qa_recorded_pending_country_gate","pending_level_and_definition_alignment"
"slovakia_banska_bystrica","slovakia","班斯卡-比斯特里察州","Banska Bystrica Region","Banskobystricky kraj","NUTS3","SK032","","Banska Bystrica","region","true","true","true","false","false","","not_started","0","0","0","0","0","0","0","0","0","0","not_started","false","not_started","not_started","false","false","false","false","正式数据","官方来源","2026-08-02","v0.9 区域主键层第一版；仅建立 ADM1 元数据和稳定 region_id。真实边界、区域统计、区域选举和对华项目坐标尚未接入。","SK032","Banska Bystrica Region","Banskobystricky kraj","NUTS3","NUTS / NUTS3","Eurostat GISCO NUTS 2024","NUTS 2024","https://gisco-services.ec.europa.eu/distribution/v2/nuts/geojson/NUTS_RG_01M_2024_4326_LEVL_3.geojson","Non-commercial research display candidate; attribution required; public display remains gated.","basic_geometry_qa_recorded_pending_country_gate","pending_level_and_definition_alignment"
"slovakia_presov","slovakia","普雷绍夫州","Presov Region","Presovsky kraj","NUTS3","SK041","","Presov","region","true","true","true","false","false","","not_started","0","0","0","0","0","0","0","0","0","0","not_started","false","not_started","not_started","false","false","false","false","正式数据","官方来源","2026-08-02","v0.9 区域主键层第一版；仅建立 ADM1 元数据和稳定 region_id。真实边界、区域统计、区域选举和对华项目坐标尚未接入。","SK041","Presov Region","Presovsky kraj","NUTS3","NUTS / NUTS3","Eurostat GISCO NUTS 2024","NUTS 2024","https://gisco-services.ec.europa.eu/distribution/v2/nuts/geojson/NUTS_RG_01M_2024_4326_LEVL_3.geojson","Non-commercial research display candidate; attribution required; public display remains gated.","basic_geometry_qa_recorded_pending_country_gate","pending_level_and_definition_alignment"
"slovakia_kosice","slovakia","科希策州","Kosice Region","Kosicky kraj","NUTS3","SK042","","Kosice","region","true","true","true","false","false","","not_started","0","0","0","0","0","0","0","0","0","0","not_started","false","not_started","not_started","false","false","false","false","正式数据","官方来源","2026-08-02","v0.9 区域主键层第一版；仅建立 ADM1 元数据和稳定 region_id。真实边界、区域统计、区域选举和对华项目坐标尚未接入。","SK042","Kosice Region","Kosicky kraj","NUTS3","NUTS / NUTS3","Eurostat GISCO NUTS 2024","NUTS 2024","https://gisco-services.ec.europa.eu/distribution/v2/nuts/geojson/NUTS_RG_01M_2024_4326_LEVL_3.geojson","Non-commercial research display candidate; attribution required; public display remains gated.","basic_geometry_qa_recorded_pending_country_gate","pending_level_and_definition_alignment"
"germany_baden_wurttemberg","germany","巴登-符腾堡州","Baden-Wurttemberg","Baden-Wurttemberg","NUTS1","DE1","","斯图加特","州","false","true","true","false","false","","not_applicable","0","0","0","0","0","0","0","0","0","0","not_applicable","false","not_applicable","not_applicable","false","false","false","false","正式数据","官方来源","2026-08-02","v0.85 将既有国家页区域入口迁入统一 regions 主键层；ADM1 Land; NUTS1 correspondence candidate。官方区域代码、NUTS/ADM 对应关系与边界属性仍需逐条核验。","DE1","Baden-Wurttemberg","Baden-Wurttemberg","NUTS1","NUTS / NUTS1","Eurostat GISCO NUTS 2024","NUTS 2024","https://gisco-services.ec.europa.eu/distribution/v2/nuts/geojson/NUTS_RG_01M_2024_4326_LEVL_1.geojson","Non-commercial research display candidate; attribution required; public display remains gated.","basic_geometry_qa_recorded_pending_country_gate","pending_level_and_definition_alignment"
"germany_bavaria","germany","巴伐利亚州","Bavaria","Bavaria","NUTS1","DE2","","慕尼黑","州","false","true","true","false","false","","not_applicable","0","0","0","0","0","0","0","0","0","0","not_applicable","false","not_applicable","not_applicable","false","false","false","false","正式数据","官方来源","2026-08-02","v0.85 将既有国家页区域入口迁入统一 regions 主键层；ADM1 Land; NUTS1 correspondence candidate。官方区域代码、NUTS/ADM 对应关系与边界属性仍需逐条核验。","DE2","Bavaria","Bavaria","NUTS1","NUTS / NUTS1","Eurostat GISCO NUTS 2024","NUTS 2024","https://gisco-services.ec.europa.eu/distribution/v2/nuts/geojson/NUTS_RG_01M_2024_4326_LEVL_1.geojson","Non-commercial research display candidate; attribution required; public display remains gated.","basic_geometry_qa_recorded_pending_country_gate","pending_level_and_definition_alignment"
"germany_berlin","germany","柏林","Berlin","Berlin","NUTS1","DE3","","柏林","州 / 城市州","false","true","true","false","false","","not_applicable","0","0","0","0","0","0","0","0","0","0","not_applicable","false","not_applicable","not_applicable","false","false","false","false","正式数据","官方来源","2026-08-02","v0.85 将既有国家页区域入口迁入统一 regions 主键层；ADM1 Land; NUTS1 correspondence candidate。官方区域代码、NUTS/ADM 对应关系与边界属性仍需逐条核验。","DE3","Berlin","Berlin","NUTS1","NUTS / NUTS1","Eurostat GISCO NUTS 2024","NUTS 2024","https://gisco-services.ec.europa.eu/distribution/v2/nuts/geojson/NUTS_RG_01M_2024_4326_LEVL_1.geojson","Non-commercial research display candidate; attribution required; public display remains gated.","basic_geometry_qa_recorded_pending_country_gate","pending_level_and_definition_alignment"
"germany_brandenburg","germany","勃兰登堡州","Brandenburg","Brandenburg","NUTS1","DE4","","波茨坦","州","false","true","true","false","false","","not_applicable","0","0","0","0","0","0","0","0","0","0","not_applicable","false","not_applicable","not_applicable","false","false","false","false","正式数据","官方来源","2026-08-02","v0.85 将既有国家页区域入口迁入统一 regions 主键层；ADM1 Land; NUTS1 correspondence candidate。官方区域代码、NUTS/ADM 对应关系与边界属性仍需逐条核验。","DE4","Brandenburg","Brandenburg","NUTS1","NUTS / NUTS1","Eurostat GISCO NUTS 2024","NUTS 2024","https://gisco-services.ec.europa.eu/distribution/v2/nuts/geojson/NUTS_RG_01M_2024_4326_LEVL_1.geojson","Non-commercial research display candidate; attribution required; public display remains gated.","basic_geometry_qa_recorded_pending_country_gate","pending_level_and_definition_alignment"
"germany_bremen","germany","不来梅","Bremen","Bremen","NUTS1","DE5","","不来梅","州 / 城市州","false","true","true","false","false","","not_applicable","0","0","0","0","0","0","0","0","0","0","not_applicable","false","not_applicable","not_applicable","false","false","false","false","正式数据","官方来源","2026-08-02","v0.85 将既有国家页区域入口迁入统一 regions 主键层；ADM1 Land; NUTS1 correspondence candidate。官方区域代码、NUTS/ADM 对应关系与边界属性仍需逐条核验。","DE5","Bremen","Bremen","NUTS1","NUTS / NUTS1","Eurostat GISCO NUTS 2024","NUTS 2024","https://gisco-services.ec.europa.eu/distribution/v2/nuts/geojson/NUTS_RG_01M_2024_4326_LEVL_1.geojson","Non-commercial research display candidate; attribution required; public display remains gated.","basic_geometry_qa_recorded_pending_country_gate","pending_level_and_definition_alignment"
"germany_hamburg","germany","汉堡","Hamburg","Hamburg","NUTS1","DE6","","汉堡","州 / 城市州","false","true","true","false","false","","not_applicable","0","0","0","0","0","0","0","0","0","0","not_applicable","false","not_applicable","not_applicable","false","false","false","false","正式数据","官方来源","2026-08-02","v0.85 将既有国家页区域入口迁入统一 regions 主键层；ADM1 Land; NUTS1 correspondence candidate。官方区域代码、NUTS/ADM 对应关系与边界属性仍需逐条核验。","DE6","Hamburg","Hamburg","NUTS1","NUTS / NUTS1","Eurostat GISCO NUTS 2024","NUTS 2024","https://gisco-services.ec.europa.eu/distribution/v2/nuts/geojson/NUTS_RG_01M_2024_4326_LEVL_1.geojson","Non-commercial research display candidate; attribution required; public display remains gated.","basic_geometry_qa_recorded_pending_country_gate","pending_level_and_definition_alignment"
"germany_hesse","germany","黑森州","Hesse","Hesse","NUTS1","DE7","","威斯巴登","州","false","true","true","false","false","","not_applicable","0","0","0","0","0","0","0","0","0","0","not_applicable","false","not_applicable","not_applicable","false","false","false","false","正式数据","官方来源","2026-08-02","v0.85 将既有国家页区域入口迁入统一 regions 主键层；ADM1 Land; NUTS1 correspondence candidate。官方区域代码、NUTS/ADM 对应关系与边界属性仍需逐条核验。","DE7","Hesse","Hesse","NUTS1","NUTS / NUTS1","Eurostat GISCO NUTS 2024","NUTS 2024","https://gisco-services.ec.europa.eu/distribution/v2/nuts/geojson/NUTS_RG_01M_2024_4326_LEVL_1.geojson","Non-commercial research display candidate; attribution required; public display remains gated.","basic_geometry_qa_recorded_pending_country_gate","pending_level_and_definition_alignment"
"germany_lower_saxony_de","germany","下萨克森州","Lower Saxony","Lower Saxony","NUTS1","DE9","","汉诺威","州","false","true","true","false","false","","not_applicable","0","0","0","0","0","0","0","0","0","0","not_applicable","false","not_applicable","not_applicable","false","false","false","false","正式数据","官方来源","2026-08-02","v0.85 将既有国家页区域入口迁入统一 regions 主键层；ADM1 Land; NUTS1 correspondence candidate。官方区域代码、NUTS/ADM 对应关系与边界属性仍需逐条核验。","DE9","Lower Saxony","Lower Saxony","NUTS1","NUTS / NUTS1","Eurostat GISCO NUTS 2024","NUTS 2024","https://gisco-services.ec.europa.eu/distribution/v2/nuts/geojson/NUTS_RG_01M_2024_4326_LEVL_1.geojson","Non-commercial research display candidate; attribution required; public display remains gated.","basic_geometry_qa_recorded_pending_country_gate","pending_level_and_definition_alignment"
"germany_mecklenburg_vorpommern","germany","梅克伦堡-前波美拉尼亚州","Mecklenburg-Vorpommern","Mecklenburg-Vorpommern","NUTS1","DE8","","什未林","州","false","true","true","false","false","","not_applicable","0","0","0","0","0","0","0","0","0","0","not_applicable","false","not_applicable","not_applicable","false","false","false","false","正式数据","官方来源","2026-08-02","v0.85 将既有国家页区域入口迁入统一 regions 主键层；ADM1 Land; NUTS1 correspondence candidate。官方区域代码、NUTS/ADM 对应关系与边界属性仍需逐条核验。","DE8","Mecklenburg-Vorpommern","Mecklenburg-Vorpommern","NUTS1","NUTS / NUTS1","Eurostat GISCO NUTS 2024","NUTS 2024","https://gisco-services.ec.europa.eu/distribution/v2/nuts/geojson/NUTS_RG_01M_2024_4326_LEVL_1.geojson","Non-commercial research display candidate; attribution required; public display remains gated.","basic_geometry_qa_recorded_pending_country_gate","pending_level_and_definition_alignment"
"germany_north_rhine_westphalia","germany","北莱茵-威斯特法伦州","North Rhine-Westphalia","North Rhine-Westphalia","NUTS1","DEA","","杜塞尔多夫","州","false","true","true","false","false","","not_applicable","0","0","0","0","0","0","0","0","0","0","not_applicable","false","not_applicable","not_applicable","false","false","false","false","正式数据","官方来源","2026-08-02","v0.85 将既有国家页区域入口迁入统一 regions 主键层；ADM1 Land; NUTS1 correspondence candidate。官方区域代码、NUTS/ADM 对应关系与边界属性仍需逐条核验。","DEA","North Rhine-Westphalia","North Rhine-Westphalia","NUTS1","NUTS / NUTS1","Eurostat GISCO NUTS 2024","NUTS 2024","https://gisco-services.ec.europa.eu/distribution/v2/nuts/geojson/NUTS_RG_01M_2024_4326_LEVL_1.geojson","Non-commercial research display candidate; attribution required; public display remains gated.","basic_geometry_qa_recorded_pending_country_gate","pending_level_and_definition_alignment"
"germany_rhineland_palatinate","germany","莱茵兰-普法尔茨州","Rhineland-Palatinate","Rhineland-Palatinate","NUTS1","DEB","","美因茨","州","false","true","true","false","false","","not_applicable","0","0","0","0","0","0","0","0","0","0","not_applicable","false","not_applicable","not_applicable","false","false","false","false","正式数据","官方来源","2026-08-02","v0.85 将既有国家页区域入口迁入统一 regions 主键层；ADM1 Land; NUTS1 correspondence candidate。官方区域代码、NUTS/ADM 对应关系与边界属性仍需逐条核验。","DEB","Rhineland-Palatinate","Rhineland-Palatinate","NUTS1","NUTS / NUTS1","Eurostat GISCO NUTS 2024","NUTS 2024","https://gisco-services.ec.europa.eu/distribution/v2/nuts/geojson/NUTS_RG_01M_2024_4326_LEVL_1.geojson","Non-commercial research display candidate; attribution required; public display remains gated.","basic_geometry_qa_recorded_pending_country_gate","pending_level_and_definition_alignment"
"germany_saarland","germany","萨尔州","Saarland","Saarland","NUTS1","DEC","","萨尔布吕肯","州","false","true","true","false","false","","not_applicable","0","0","0","0","0","0","0","0","0","0","not_applicable","false","not_applicable","not_applicable","false","false","false","false","正式数据","官方来源","2026-08-02","v0.85 将既有国家页区域入口迁入统一 regions 主键层；ADM1 Land; NUTS1 correspondence candidate。官方区域代码、NUTS/ADM 对应关系与边界属性仍需逐条核验。","DEC","Saarland","Saarland","NUTS1","NUTS / NUTS1","Eurostat GISCO NUTS 2024","NUTS 2024","https://gisco-services.ec.europa.eu/distribution/v2/nuts/geojson/NUTS_RG_01M_2024_4326_LEVL_1.geojson","Non-commercial research display candidate; attribution required; public display remains gated.","basic_geometry_qa_recorded_pending_country_gate","pending_level_and_definition_alignment"
"germany_saxony","germany","萨克森州","Saxony","Saxony","NUTS1","DED","","德累斯顿","州","false","true","true","false","false","","not_applicable","0","0","0","0","0","0","0","0","0","0","not_applicable","false","not_applicable","not_applicable","false","false","false","false","正式数据","官方来源","2026-08-02","v0.85 将既有国家页区域入口迁入统一 regions 主键层；ADM1 Land; NUTS1 correspondence candidate。官方区域代码、NUTS/ADM 对应关系与边界属性仍需逐条核验。","DED","Saxony","Saxony","NUTS1","NUTS / NUTS1","Eurostat GISCO NUTS 2024","NUTS 2024","https://gisco-services.ec.europa.eu/distribution/v2/nuts/geojson/NUTS_RG_01M_2024_4326_LEVL_1.geojson","Non-commercial research display candidate; attribution required; public display remains gated.","basic_geometry_qa_recorded_pending_country_gate","pending_level_and_definition_alignment"
"germany_saxony_anhalt","germany","萨克森-安哈尔特州","Saxony-Anhalt","Saxony-Anhalt","NUTS1","DEE","","马格德堡","州","false","true","true","false","false","","not_applicable","0","0","0","0","0","0","0","0","0","0","not_applicable","false","not_applicable","not_applicable","false","false","false","false","正式数据","官方来源","2026-08-02","v0.85 将既有国家页区域入口迁入统一 regions 主键层；ADM1 Land; NUTS1 correspondence candidate。官方区域代码、NUTS/ADM 对应关系与边界属性仍需逐条核验。","DEE","Saxony-Anhalt","Saxony-Anhalt","NUTS1","NUTS / NUTS1","Eurostat GISCO NUTS 2024","NUTS 2024","https://gisco-services.ec.europa.eu/distribution/v2/nuts/geojson/NUTS_RG_01M_2024_4326_LEVL_1.geojson","Non-commercial research display candidate; attribution required; public display remains gated.","basic_geometry_qa_recorded_pending_country_gate","pending_level_and_definition_alignment"
"germany_schleswig_holstein","germany","石勒苏益格-荷尔斯泰因州","Schleswig-Holstein","Schleswig-Holstein","NUTS1","DEF","","基尔","州","false","true","true","false","false","","not_applicable","0","0","0","0","0","0","0","0","0","0","not_applicable","false","not_applicable","not_applicable","false","false","false","false","正式数据","官方来源","2026-08-02","v0.85 将既有国家页区域入口迁入统一 regions 主键层；ADM1 Land; NUTS1 correspondence candidate。官方区域代码、NUTS/ADM 对应关系与边界属性仍需逐条核验。","DEF","Schleswig-Holstein","Schleswig-Holstein","NUTS1","NUTS / NUTS1","Eurostat GISCO NUTS 2024","NUTS 2024","https://gisco-services.ec.europa.eu/distribution/v2/nuts/geojson/NUTS_RG_01M_2024_4326_LEVL_1.geojson","Non-commercial research display candidate; attribution required; public display remains gated.","basic_geometry_qa_recorded_pending_country_gate","pending_level_and_definition_alignment"
"germany_thuringia","germany","图林根州","Thuringia","Thuringia","NUTS1","DEG","","埃尔福特","州","false","true","true","false","false","","not_applicable","0","0","0","0","0","0","0","0","0","0","not_applicable","false","not_applicable","not_applicable","false","false","false","false","正式数据","官方来源","2026-08-02","v0.85 将既有国家页区域入口迁入统一 regions 主键层；ADM1 Land; NUTS1 correspondence candidate。官方区域代码、NUTS/ADM 对应关系与边界属性仍需逐条核验。","DEG","Thuringia","Thuringia","NUTS1","NUTS / NUTS1","Eurostat GISCO NUTS 2024","NUTS 2024","https://gisco-services.ec.europa.eu/distribution/v2/nuts/geojson/NUTS_RG_01M_2024_4326_LEVL_1.geojson","Non-commercial research display candidate; attribution required; public display remains gated.","basic_geometry_qa_recorded_pending_country_gate","pending_level_and_definition_alignment"
"romania_alba","romania","阿尔巴县","Alba County","Alba County","NUTS3","RO121","","阿尔巴尤利亚","县","false","true","true","false","false","","not_applicable","0","0","0","0","0","0","0","0","0","0","not_applicable","false","not_applicable","not_applicable","false","false","false","false","正式数据","官方来源","2026-08-02","v0.85 将既有国家页区域入口迁入统一 regions 主键层；ADM1 county; NUTS3 correspondence candidate。官方区域代码、NUTS/ADM 对应关系与边界属性仍需逐条核验。","RO121","Alba County","Alba County","NUTS3","NUTS / NUTS3","Eurostat GISCO NUTS 2024","NUTS 2024","https://gisco-services.ec.europa.eu/distribution/v2/nuts/geojson/NUTS_RG_01M_2024_4326_LEVL_3.geojson","Non-commercial research display candidate; attribution required; public display remains gated.","basic_geometry_qa_recorded_pending_country_gate","pending_level_and_definition_alignment"
"romania_arad","romania","阿拉德县","Arad County","Arad County","NUTS3","RO421","","阿拉德","县","false","true","true","false","false","","not_applicable","0","0","0","0","0","0","0","0","0","0","not_applicable","false","not_applicable","not_applicable","false","false","false","false","正式数据","官方来源","2026-08-02","v0.85 将既有国家页区域入口迁入统一 regions 主键层；ADM1 county; NUTS3 correspondence candidate。官方区域代码、NUTS/ADM 对应关系与边界属性仍需逐条核验。","RO421","Arad County","Arad County","NUTS3","NUTS / NUTS3","Eurostat GISCO NUTS 2024","NUTS 2024","https://gisco-services.ec.europa.eu/distribution/v2/nuts/geojson/NUTS_RG_01M_2024_4326_LEVL_3.geojson","Non-commercial research display candidate; attribution required; public display remains gated.","basic_geometry_qa_recorded_pending_country_gate","pending_level_and_definition_alignment"
"romania_arges","romania","阿尔杰什县","Arges County","Arges County","NUTS3","RO311","","皮特什蒂","县","false","true","true","false","false","","not_applicable","0","0","0","0","0","0","0","0","0","0","not_applicable","false","not_applicable","not_applicable","false","false","false","false","正式数据","官方来源","2026-08-02","v0.85 将既有国家页区域入口迁入统一 regions 主键层；ADM1 county; NUTS3 correspondence candidate。官方区域代码、NUTS/ADM 对应关系与边界属性仍需逐条核验。","RO311","Arges County","Arges County","NUTS3","NUTS / NUTS3","Eurostat GISCO NUTS 2024","NUTS 2024","https://gisco-services.ec.europa.eu/distribution/v2/nuts/geojson/NUTS_RG_01M_2024_4326_LEVL_3.geojson","Non-commercial research display candidate; attribution required; public display remains gated.","basic_geometry_qa_recorded_pending_country_gate","pending_level_and_definition_alignment"
"romania_bacau","romania","巴克乌县","Bacau County","Bacau County","NUTS3","RO211","","巴克乌","县","false","true","true","false","false","","not_applicable","0","0","0","0","0","0","0","0","0","0","not_applicable","false","not_applicable","not_applicable","false","false","false","false","正式数据","官方来源","2026-08-02","v0.85 将既有国家页区域入口迁入统一 regions 主键层；ADM1 county; NUTS3 correspondence candidate。官方区域代码、NUTS/ADM 对应关系与边界属性仍需逐条核验。","RO211","Bacau County","Bacau County","NUTS3","NUTS / NUTS3","Eurostat GISCO NUTS 2024","NUTS 2024","https://gisco-services.ec.europa.eu/distribution/v2/nuts/geojson/NUTS_RG_01M_2024_4326_LEVL_3.geojson","Non-commercial research display candidate; attribution required; public display remains gated.","basic_geometry_qa_recorded_pending_country_gate","pending_level_and_definition_alignment"
"romania_bihor","romania","比霍尔县","Bihor County","Bihor County","NUTS3","RO111","","奥拉迪亚","县","false","true","true","false","false","","not_applicable","0","0","0","0","0","0","0","0","0","0","not_applicable","false","not_applicable","not_applicable","false","false","false","false","正式数据","官方来源","2026-08-02","v0.85 将既有国家页区域入口迁入统一 regions 主键层；ADM1 county; NUTS3 correspondence candidate。官方区域代码、NUTS/ADM 对应关系与边界属性仍需逐条核验。","RO111","Bihor County","Bihor County","NUTS3","NUTS / NUTS3","Eurostat GISCO NUTS 2024","NUTS 2024","https://gisco-services.ec.europa.eu/distribution/v2/nuts/geojson/NUTS_RG_01M_2024_4326_LEVL_3.geojson","Non-commercial research display candidate; attribution required; public display remains gated.","basic_geometry_qa_recorded_pending_country_gate","pending_level_and_definition_alignment"
"romania_bistrita_nasaud","romania","比斯特里察-讷瑟乌德县","Bistrita-Nasaud County","Bistrita-Nasaud County","NUTS3","RO112","","比斯特里察","县","false","true","true","false","false","","not_applicable","0","0","0","0","0","0","0","0","0","0","not_applicable","false","not_applicable","not_applicable","false","false","false","false","正式数据","官方来源","2026-08-02","v0.85 将既有国家页区域入口迁入统一 regions 主键层；ADM1 county; NUTS3 correspondence candidate。官方区域代码、NUTS/ADM 对应关系与边界属性仍需逐条核验。","RO112","Bistrita-Nasaud County","Bistrita-Nasaud County","NUTS3","NUTS / NUTS3","Eurostat GISCO NUTS 2024","NUTS 2024","https://gisco-services.ec.europa.eu/distribution/v2/nuts/geojson/NUTS_RG_01M_2024_4326_LEVL_3.geojson","Non-commercial research display candidate; attribution required; public display remains gated.","basic_geometry_qa_recorded_pending_country_gate","pending_level_and_definition_alignment"
"romania_botosani","romania","博托沙尼县","Botosani County","Botosani County","NUTS3","RO212","","博托沙尼","县","false","true","true","false","false","","not_applicable","0","0","0","0","0","0","0","0","0","0","not_applicable","false","not_applicable","not_applicable","false","false","false","false","正式数据","官方来源","2026-08-02","v0.85 将既有国家页区域入口迁入统一 regions 主键层；ADM1 county; NUTS3 correspondence candidate。官方区域代码、NUTS/ADM 对应关系与边界属性仍需逐条核验。","RO212","Botosani County","Botosani County","NUTS3","NUTS / NUTS3","Eurostat GISCO NUTS 2024","NUTS 2024","https://gisco-services.ec.europa.eu/distribution/v2/nuts/geojson/NUTS_RG_01M_2024_4326_LEVL_3.geojson","Non-commercial research display candidate; attribution required; public display remains gated.","basic_geometry_qa_recorded_pending_country_gate","pending_level_and_definition_alignment"
"romania_brasov","romania","布拉索夫县","Brasov County","Brasov County","NUTS3","RO122","","布拉索夫","县","false","true","true","false","false","","not_applicable","0","0","0","0","0","0","0","0","0","0","not_applicable","false","not_applicable","not_applicable","false","false","false","false","正式数据","官方来源","2026-08-02","v0.85 将既有国家页区域入口迁入统一 regions 主键层；ADM1 county; NUTS3 correspondence candidate。官方区域代码、NUTS/ADM 对应关系与边界属性仍需逐条核验。","RO122","Brasov County","Brasov County","NUTS3","NUTS / NUTS3","Eurostat GISCO NUTS 2024","NUTS 2024","https://gisco-services.ec.europa.eu/distribution/v2/nuts/geojson/NUTS_RG_01M_2024_4326_LEVL_3.geojson","Non-commercial research display candidate; attribution required; public display remains gated.","basic_geometry_qa_recorded_pending_country_gate","pending_level_and_definition_alignment"
"romania_braila","romania","布勒伊拉县","Braila County","Braila County","NUTS3","RO221","","布勒伊拉","县","false","true","true","false","false","","not_applicable","0","0","0","0","0","0","0","0","0","0","not_applicable","false","not_applicable","not_applicable","false","false","false","false","正式数据","官方来源","2026-08-02","v0.85 将既有国家页区域入口迁入统一 regions 主键层；ADM1 county; NUTS3 correspondence candidate。官方区域代码、NUTS/ADM 对应关系与边界属性仍需逐条核验。","RO221","Braila County","Braila County","NUTS3","NUTS / NUTS3","Eurostat GISCO NUTS 2024","NUTS 2024","https://gisco-services.ec.europa.eu/distribution/v2/nuts/geojson/NUTS_RG_01M_2024_4326_LEVL_3.geojson","Non-commercial research display candidate; attribution required; public display remains gated.","basic_geometry_qa_recorded_pending_country_gate","pending_level_and_definition_alignment"
"romania_bucharest","romania","布加勒斯特","Bucharest","Bucharest","NUTS3","RO321","","布加勒斯特","首都直辖市","false","true","true","false","false","","not_applicable","0","0","0","0","0","0","0","0","0","0","not_applicable","false","not_applicable","not_applicable","false","false","false","false","正式数据","官方来源","2026-08-02","v0.85 将既有国家页区域入口迁入统一 regions 主键层；ADM1 county; NUTS3 correspondence candidate。官方区域代码、NUTS/ADM 对应关系与边界属性仍需逐条核验。","RO321","Bucharest","Bucharest","NUTS3","NUTS / NUTS3","Eurostat GISCO NUTS 2024","NUTS 2024","https://gisco-services.ec.europa.eu/distribution/v2/nuts/geojson/NUTS_RG_01M_2024_4326_LEVL_3.geojson","Non-commercial research display candidate; attribution required; public display remains gated.","basic_geometry_qa_recorded_pending_country_gate","pending_level_and_definition_alignment"
"romania_buzau","romania","布泽乌县","Buzau County","Buzau County","NUTS3","RO222","","布泽乌","县","false","true","true","false","false","","not_applicable","0","0","0","0","0","0","0","0","0","0","not_applicable","false","not_applicable","not_applicable","false","false","false","false","正式数据","官方来源","2026-08-02","v0.85 将既有国家页区域入口迁入统一 regions 主键层；ADM1 county; NUTS3 correspondence candidate。官方区域代码、NUTS/ADM 对应关系与边界属性仍需逐条核验。","RO222","Buzau County","Buzau County","NUTS3","NUTS / NUTS3","Eurostat GISCO NUTS 2024","NUTS 2024","https://gisco-services.ec.europa.eu/distribution/v2/nuts/geojson/NUTS_RG_01M_2024_4326_LEVL_3.geojson","Non-commercial research display candidate; attribution required; public display remains gated.","basic_geometry_qa_recorded_pending_country_gate","pending_level_and_definition_alignment"
"romania_caras_severin","romania","卡拉什-塞维林县","Caras-Severin County","Caras-Severin County","NUTS3","RO422","","雷希察","县","false","true","true","false","false","","not_applicable","0","0","0","0","0","0","0","0","0","0","not_applicable","false","not_applicable","not_applicable","false","false","false","false","正式数据","官方来源","2026-08-02","v0.85 将既有国家页区域入口迁入统一 regions 主键层；ADM1 county; NUTS3 correspondence candidate。官方区域代码、NUTS/ADM 对应关系与边界属性仍需逐条核验。","RO422","Caras-Severin County","Caras-Severin County","NUTS3","NUTS / NUTS3","Eurostat GISCO NUTS 2024","NUTS 2024","https://gisco-services.ec.europa.eu/distribution/v2/nuts/geojson/NUTS_RG_01M_2024_4326_LEVL_3.geojson","Non-commercial research display candidate; attribution required; public display remains gated.","basic_geometry_qa_recorded_pending_country_gate","pending_level_and_definition_alignment"
"romania_calarasi","romania","克勒拉希县","Calarasi County","Calarasi County","NUTS3","RO312","","克勒拉希","县","false","true","true","false","false","","not_applicable","0","0","0","0","0","0","0","0","0","0","not_applicable","false","not_applicable","not_applicable","false","false","false","false","正式数据","官方来源","2026-08-02","v0.85 将既有国家页区域入口迁入统一 regions 主键层；ADM1 county; NUTS3 correspondence candidate。官方区域代码、NUTS/ADM 对应关系与边界属性仍需逐条核验。","RO312","Calarasi County","Calarasi County","NUTS3","NUTS / NUTS3","Eurostat GISCO NUTS 2024","NUTS 2024","https://gisco-services.ec.europa.eu/distribution/v2/nuts/geojson/NUTS_RG_01M_2024_4326_LEVL_3.geojson","Non-commercial research display candidate; attribution required; public display remains gated.","basic_geometry_qa_recorded_pending_country_gate","pending_level_and_definition_alignment"
"romania_cluj","romania","克卢日县","Cluj County","Cluj County","NUTS3","RO113","","克卢日-纳波卡","县","false","true","true","false","false","","not_applicable","0","0","0","0","0","0","0","0","0","0","not_applicable","false","not_applicable","not_applicable","false","false","false","false","正式数据","官方来源","2026-08-02","v0.85 将既有国家页区域入口迁入统一 regions 主键层；ADM1 county; NUTS3 correspondence candidate。官方区域代码、NUTS/ADM 对应关系与边界属性仍需逐条核验。","RO113","Cluj County","Cluj County","NUTS3","NUTS / NUTS3","Eurostat GISCO NUTS 2024","NUTS 2024","https://gisco-services.ec.europa.eu/distribution/v2/nuts/geojson/NUTS_RG_01M_2024_4326_LEVL_3.geojson","Non-commercial research display candidate; attribution required; public display remains gated.","basic_geometry_qa_recorded_pending_country_gate","pending_level_and_definition_alignment"
"romania_constanta","romania","康斯坦察县","Constanta County","Constanta County","NUTS3","RO223","","康斯坦察","县","false","true","true","false","false","","not_applicable","0","0","0","0","0","0","0","0","0","0","not_applicable","false","not_applicable","not_applicable","false","false","false","false","正式数据","官方来源","2026-08-02","v0.85 将既有国家页区域入口迁入统一 regions 主键层；ADM1 county; NUTS3 correspondence candidate。官方区域代码、NUTS/ADM 对应关系与边界属性仍需逐条核验。","RO223","Constanta County","Constanta County","NUTS3","NUTS / NUTS3","Eurostat GISCO NUTS 2024","NUTS 2024","https://gisco-services.ec.europa.eu/distribution/v2/nuts/geojson/NUTS_RG_01M_2024_4326_LEVL_3.geojson","Non-commercial research display candidate; attribution required; public display remains gated.","basic_geometry_qa_recorded_pending_country_gate","pending_level_and_definition_alignment"
"romania_covasna","romania","科瓦斯纳县","Covasna County","Covasna County","NUTS3","RO123","","圣格奥尔基","县","false","true","true","false","false","","not_applicable","0","0","0","0","0","0","0","0","0","0","not_applicable","false","not_applicable","not_applicable","false","false","false","false","正式数据","官方来源","2026-08-02","v0.85 将既有国家页区域入口迁入统一 regions 主键层；ADM1 county; NUTS3 correspondence candidate。官方区域代码、NUTS/ADM 对应关系与边界属性仍需逐条核验。","RO123","Covasna County","Covasna County","NUTS3","NUTS / NUTS3","Eurostat GISCO NUTS 2024","NUTS 2024","https://gisco-services.ec.europa.eu/distribution/v2/nuts/geojson/NUTS_RG_01M_2024_4326_LEVL_3.geojson","Non-commercial research display candidate; attribution required; public display remains gated.","basic_geometry_qa_recorded_pending_country_gate","pending_level_and_definition_alignment"
"romania_dambovita","romania","登博维察县","Dambovita County","Dambovita County","NUTS3","RO313","","特尔戈维什泰","县","false","true","true","false","false","","not_applicable","0","0","0","0","0","0","0","0","0","0","not_applicable","false","not_applicable","not_applicable","false","false","false","false","正式数据","官方来源","2026-08-02","v0.85 将既有国家页区域入口迁入统一 regions 主键层；ADM1 county; NUTS3 correspondence candidate。官方区域代码、NUTS/ADM 对应关系与边界属性仍需逐条核验。","RO313","Dambovita County","Dambovita County","NUTS3","NUTS / NUTS3","Eurostat GISCO NUTS 2024","NUTS 2024","https://gisco-services.ec.europa.eu/distribution/v2/nuts/geojson/NUTS_RG_01M_2024_4326_LEVL_3.geojson","Non-commercial research display candidate; attribution required; public display remains gated.","basic_geometry_qa_recorded_pending_country_gate","pending_level_and_definition_alignment"
"romania_dolj","romania","多尔日县","Dolj County","Dolj County","NUTS3","RO411","","克拉约瓦","县","false","true","true","false","false","","not_applicable","0","0","0","0","0","0","0","0","0","0","not_applicable","false","not_applicable","not_applicable","false","false","false","false","正式数据","官方来源","2026-08-02","v0.85 将既有国家页区域入口迁入统一 regions 主键层；ADM1 county; NUTS3 correspondence candidate。官方区域代码、NUTS/ADM 对应关系与边界属性仍需逐条核验。","RO411","Dolj County","Dolj County","NUTS3","NUTS / NUTS3","Eurostat GISCO NUTS 2024","NUTS 2024","https://gisco-services.ec.europa.eu/distribution/v2/nuts/geojson/NUTS_RG_01M_2024_4326_LEVL_3.geojson","Non-commercial research display candidate; attribution required; public display remains gated.","basic_geometry_qa_recorded_pending_country_gate","pending_level_and_definition_alignment"
"romania_galati","romania","加拉茨县","Galati County","Galati County","NUTS3","RO224","","加拉茨","县","false","true","true","false","false","","not_applicable","0","0","0","0","0","0","0","0","0","0","not_applicable","false","not_applicable","not_applicable","false","false","false","false","正式数据","官方来源","2026-08-02","v0.85 将既有国家页区域入口迁入统一 regions 主键层；ADM1 county; NUTS3 correspondence candidate。官方区域代码、NUTS/ADM 对应关系与边界属性仍需逐条核验。","RO224","Galati County","Galati County","NUTS3","NUTS / NUTS3","Eurostat GISCO NUTS 2024","NUTS 2024","https://gisco-services.ec.europa.eu/distribution/v2/nuts/geojson/NUTS_RG_01M_2024_4326_LEVL_3.geojson","Non-commercial research display candidate; attribution required; public display remains gated.","basic_geometry_qa_recorded_pending_country_gate","pending_level_and_definition_alignment"
"romania_giurgiu","romania","久尔久县","Giurgiu County","Giurgiu County","NUTS3","RO314","","久尔久","县","false","true","true","false","false","","not_applicable","0","0","0","0","0","0","0","0","0","0","not_applicable","false","not_applicable","not_applicable","false","false","false","false","正式数据","官方来源","2026-08-02","v0.85 将既有国家页区域入口迁入统一 regions 主键层；ADM1 county; NUTS3 correspondence candidate。官方区域代码、NUTS/ADM 对应关系与边界属性仍需逐条核验。","RO314","Giurgiu County","Giurgiu County","NUTS3","NUTS / NUTS3","Eurostat GISCO NUTS 2024","NUTS 2024","https://gisco-services.ec.europa.eu/distribution/v2/nuts/geojson/NUTS_RG_01M_2024_4326_LEVL_3.geojson","Non-commercial research display candidate; attribution required; public display remains gated.","basic_geometry_qa_recorded_pending_country_gate","pending_level_and_definition_alignment"
"romania_gorj","romania","戈尔日县","Gorj County","Gorj County","NUTS3","RO412","","特尔古日乌","县","false","true","true","false","false","","not_applicable","0","0","0","0","0","0","0","0","0","0","not_applicable","false","not_applicable","not_applicable","false","false","false","false","正式数据","官方来源","2026-08-02","v0.85 将既有国家页区域入口迁入统一 regions 主键层；ADM1 county; NUTS3 correspondence candidate。官方区域代码、NUTS/ADM 对应关系与边界属性仍需逐条核验。","RO412","Gorj County","Gorj County","NUTS3","NUTS / NUTS3","Eurostat GISCO NUTS 2024","NUTS 2024","https://gisco-services.ec.europa.eu/distribution/v2/nuts/geojson/NUTS_RG_01M_2024_4326_LEVL_3.geojson","Non-commercial research display candidate; attribution required; public display remains gated.","basic_geometry_qa_recorded_pending_country_gate","pending_level_and_definition_alignment"
"romania_harghita","romania","哈尔吉塔县","Harghita County","Harghita County","NUTS3","RO124","","米耶尔库雷亚丘克","县","false","true","true","false","false","","not_applicable","0","0","0","0","0","0","0","0","0","0","not_applicable","false","not_applicable","not_applicable","false","false","false","false","正式数据","官方来源","2026-08-02","v0.85 将既有国家页区域入口迁入统一 regions 主键层；ADM1 county; NUTS3 correspondence candidate。官方区域代码、NUTS/ADM 对应关系与边界属性仍需逐条核验。","RO124","Harghita County","Harghita County","NUTS3","NUTS / NUTS3","Eurostat GISCO NUTS 2024","NUTS 2024","https://gisco-services.ec.europa.eu/distribution/v2/nuts/geojson/NUTS_RG_01M_2024_4326_LEVL_3.geojson","Non-commercial research display candidate; attribution required; public display remains gated.","basic_geometry_qa_recorded_pending_country_gate","pending_level_and_definition_alignment"
"romania_hunedoara","romania","胡内多阿拉县","Hunedoara County","Hunedoara County","NUTS3","RO423","","德瓦","县","false","true","true","false","false","","not_applicable","0","0","0","0","0","0","0","0","0","0","not_applicable","false","not_applicable","not_applicable","false","false","false","false","正式数据","官方来源","2026-08-02","v0.85 将既有国家页区域入口迁入统一 regions 主键层；ADM1 county; NUTS3 correspondence candidate。官方区域代码、NUTS/ADM 对应关系与边界属性仍需逐条核验。","RO423","Hunedoara County","Hunedoara County","NUTS3","NUTS / NUTS3","Eurostat GISCO NUTS 2024","NUTS 2024","https://gisco-services.ec.europa.eu/distribution/v2/nuts/geojson/NUTS_RG_01M_2024_4326_LEVL_3.geojson","Non-commercial research display candidate; attribution required; public display remains gated.","basic_geometry_qa_recorded_pending_country_gate","pending_level_and_definition_alignment"
"romania_ialomita","romania","雅洛米察县","Ialomita County","Ialomita County","NUTS3","RO315","","斯洛博齐亚","县","false","true","true","false","false","","not_applicable","0","0","0","0","0","0","0","0","0","0","not_applicable","false","not_applicable","not_applicable","false","false","false","false","正式数据","官方来源","2026-08-02","v0.85 将既有国家页区域入口迁入统一 regions 主键层；ADM1 county; NUTS3 correspondence candidate。官方区域代码、NUTS/ADM 对应关系与边界属性仍需逐条核验。","RO315","Ialomita County","Ialomita County","NUTS3","NUTS / NUTS3","Eurostat GISCO NUTS 2024","NUTS 2024","https://gisco-services.ec.europa.eu/distribution/v2/nuts/geojson/NUTS_RG_01M_2024_4326_LEVL_3.geojson","Non-commercial research display candidate; attribution required; public display remains gated.","basic_geometry_qa_recorded_pending_country_gate","pending_level_and_definition_alignment"
"romania_iasi","romania","雅西县","Iasi County","Iasi County","NUTS3","RO213","","雅西","县","false","true","true","false","false","","not_applicable","0","0","0","0","0","0","0","0","0","0","not_applicable","false","not_applicable","not_applicable","false","false","false","false","正式数据","官方来源","2026-08-02","v0.85 将既有国家页区域入口迁入统一 regions 主键层；ADM1 county; NUTS3 correspondence candidate。官方区域代码、NUTS/ADM 对应关系与边界属性仍需逐条核验。","RO213","Iasi County","Iasi County","NUTS3","NUTS / NUTS3","Eurostat GISCO NUTS 2024","NUTS 2024","https://gisco-services.ec.europa.eu/distribution/v2/nuts/geojson/NUTS_RG_01M_2024_4326_LEVL_3.geojson","Non-commercial research display candidate; attribution required; public display remains gated.","basic_geometry_qa_recorded_pending_country_gate","pending_level_and_definition_alignment"
"romania_ilfov","romania","伊尔福夫县","Ilfov County","Ilfov County","NUTS3","RO322","","布夫泰亚","县","false","true","true","false","false","","not_applicable","0","0","0","0","0","0","0","0","0","0","not_applicable","false","not_applicable","not_applicable","false","false","false","false","正式数据","官方来源","2026-08-02","v0.85 将既有国家页区域入口迁入统一 regions 主键层；ADM1 county; NUTS3 correspondence candidate。官方区域代码、NUTS/ADM 对应关系与边界属性仍需逐条核验。","RO322","Ilfov County","Ilfov County","NUTS3","NUTS / NUTS3","Eurostat GISCO NUTS 2024","NUTS 2024","https://gisco-services.ec.europa.eu/distribution/v2/nuts/geojson/NUTS_RG_01M_2024_4326_LEVL_3.geojson","Non-commercial research display candidate; attribution required; public display remains gated.","basic_geometry_qa_recorded_pending_country_gate","pending_level_and_definition_alignment"
"romania_maramures","romania","马拉穆列什县","Maramures County","Maramures County","NUTS3","RO114","","巴亚马雷","县","false","true","true","false","false","","not_applicable","0","0","0","0","0","0","0","0","0","0","not_applicable","false","not_applicable","not_applicable","false","false","false","false","正式数据","官方来源","2026-08-02","v0.85 将既有国家页区域入口迁入统一 regions 主键层；ADM1 county; NUTS3 correspondence candidate。官方区域代码、NUTS/ADM 对应关系与边界属性仍需逐条核验。","RO114","Maramures County","Maramures County","NUTS3","NUTS / NUTS3","Eurostat GISCO NUTS 2024","NUTS 2024","https://gisco-services.ec.europa.eu/distribution/v2/nuts/geojson/NUTS_RG_01M_2024_4326_LEVL_3.geojson","Non-commercial research display candidate; attribution required; public display remains gated.","basic_geometry_qa_recorded_pending_country_gate","pending_level_and_definition_alignment"
"romania_mehedinti","romania","梅赫丁茨县","Mehedinti County","Mehedinti County","NUTS3","RO413","","德罗贝塔- Turnu Severin","县","false","true","true","false","false","","not_applicable","0","0","0","0","0","0","0","0","0","0","not_applicable","false","not_applicable","not_applicable","false","false","false","false","正式数据","官方来源","2026-08-02","v0.85 将既有国家页区域入口迁入统一 regions 主键层；ADM1 county; NUTS3 correspondence candidate。官方区域代码、NUTS/ADM 对应关系与边界属性仍需逐条核验。","RO413","Mehedinti County","Mehedinti County","NUTS3","NUTS / NUTS3","Eurostat GISCO NUTS 2024","NUTS 2024","https://gisco-services.ec.europa.eu/distribution/v2/nuts/geojson/NUTS_RG_01M_2024_4326_LEVL_3.geojson","Non-commercial research display candidate; attribution required; public display remains gated.","basic_geometry_qa_recorded_pending_country_gate","pending_level_and_definition_alignment"
"romania_mures","romania","穆列什县","Mures County","Mures County","NUTS3","RO125","","特尔古穆列什","县","false","true","true","false","false","","not_applicable","0","0","0","0","0","0","0","0","0","0","not_applicable","false","not_applicable","not_applicable","false","false","false","false","正式数据","官方来源","2026-08-02","v0.85 将既有国家页区域入口迁入统一 regions 主键层；ADM1 county; NUTS3 correspondence candidate。官方区域代码、NUTS/ADM 对应关系与边界属性仍需逐条核验。","RO125","Mures County","Mures County","NUTS3","NUTS / NUTS3","Eurostat GISCO NUTS 2024","NUTS 2024","https://gisco-services.ec.europa.eu/distribution/v2/nuts/geojson/NUTS_RG_01M_2024_4326_LEVL_3.geojson","Non-commercial research display candidate; attribution required; public display remains gated.","basic_geometry_qa_recorded_pending_country_gate","pending_level_and_definition_alignment"
"romania_neamt","romania","尼亚姆茨县","Neamt County","Neamt County","NUTS3","RO214","","皮亚特拉尼亚姆茨","县","false","true","true","false","false","","not_applicable","0","0","0","0","0","0","0","0","0","0","not_applicable","false","not_applicable","not_applicable","false","false","false","false","正式数据","官方来源","2026-08-02","v0.85 将既有国家页区域入口迁入统一 regions 主键层；ADM1 county; NUTS3 correspondence candidate。官方区域代码、NUTS/ADM 对应关系与边界属性仍需逐条核验。","RO214","Neamt County","Neamt County","NUTS3","NUTS / NUTS3","Eurostat GISCO NUTS 2024","NUTS 2024","https://gisco-services.ec.europa.eu/distribution/v2/nuts/geojson/NUTS_RG_01M_2024_4326_LEVL_3.geojson","Non-commercial research display candidate; attribution required; public display remains gated.","basic_geometry_qa_recorded_pending_country_gate","pending_level_and_definition_alignment"
"romania_olt","romania","奥尔特县","Olt County","Olt County","NUTS3","RO414","","斯拉蒂纳","县","false","true","true","false","false","","not_applicable","0","0","0","0","0","0","0","0","0","0","not_applicable","false","not_applicable","not_applicable","false","false","false","false","正式数据","官方来源","2026-08-02","v0.85 将既有国家页区域入口迁入统一 regions 主键层；ADM1 county; NUTS3 correspondence candidate。官方区域代码、NUTS/ADM 对应关系与边界属性仍需逐条核验。","RO414","Olt County","Olt County","NUTS3","NUTS / NUTS3","Eurostat GISCO NUTS 2024","NUTS 2024","https://gisco-services.ec.europa.eu/distribution/v2/nuts/geojson/NUTS_RG_01M_2024_4326_LEVL_3.geojson","Non-commercial research display candidate; attribution required; public display remains gated.","basic_geometry_qa_recorded_pending_country_gate","pending_level_and_definition_alignment"
"romania_prahova","romania","普拉霍瓦县","Prahova County","Prahova County","NUTS3","RO316","","普洛耶什蒂","县","false","true","true","false","false","","not_applicable","0","0","0","0","0","0","0","0","0","0","not_applicable","false","not_applicable","not_applicable","false","false","false","false","正式数据","官方来源","2026-08-02","v0.85 将既有国家页区域入口迁入统一 regions 主键层；ADM1 county; NUTS3 correspondence candidate。官方区域代码、NUTS/ADM 对应关系与边界属性仍需逐条核验。","RO316","Prahova County","Prahova County","NUTS3","NUTS / NUTS3","Eurostat GISCO NUTS 2024","NUTS 2024","https://gisco-services.ec.europa.eu/distribution/v2/nuts/geojson/NUTS_RG_01M_2024_4326_LEVL_3.geojson","Non-commercial research display candidate; attribution required; public display remains gated.","basic_geometry_qa_recorded_pending_country_gate","pending_level_and_definition_alignment"
"romania_satu_mare","romania","萨图马雷县","Satu Mare County","Satu Mare County","NUTS3","RO115","","萨图马雷","县","false","true","true","false","false","","not_applicable","0","0","0","0","0","0","0","0","0","0","not_applicable","false","not_applicable","not_applicable","false","false","false","false","正式数据","官方来源","2026-08-02","v0.85 将既有国家页区域入口迁入统一 regions 主键层；ADM1 county; NUTS3 correspondence candidate。官方区域代码、NUTS/ADM 对应关系与边界属性仍需逐条核验。","RO115","Satu Mare County","Satu Mare County","NUTS3","NUTS / NUTS3","Eurostat GISCO NUTS 2024","NUTS 2024","https://gisco-services.ec.europa.eu/distribution/v2/nuts/geojson/NUTS_RG_01M_2024_4326_LEVL_3.geojson","Non-commercial research display candidate; attribution required; public display remains gated.","basic_geometry_qa_recorded_pending_country_gate","pending_level_and_definition_alignment"
"romania_salaj","romania","瑟拉日县","Salaj County","Salaj County","NUTS3","RO116","","扎勒乌","县","false","true","true","false","false","","not_applicable","0","0","0","0","0","0","0","0","0","0","not_applicable","false","not_applicable","not_applicable","false","false","false","false","正式数据","官方来源","2026-08-02","v0.85 将既有国家页区域入口迁入统一 regions 主键层；ADM1 county; NUTS3 correspondence candidate。官方区域代码、NUTS/ADM 对应关系与边界属性仍需逐条核验。","RO116","Salaj County","Salaj County","NUTS3","NUTS / NUTS3","Eurostat GISCO NUTS 2024","NUTS 2024","https://gisco-services.ec.europa.eu/distribution/v2/nuts/geojson/NUTS_RG_01M_2024_4326_LEVL_3.geojson","Non-commercial research display candidate; attribution required; public display remains gated.","basic_geometry_qa_recorded_pending_country_gate","pending_level_and_definition_alignment"
"romania_sibiu","romania","锡比乌县","Sibiu County","Sibiu County","NUTS3","RO126","","锡比乌","县","false","true","true","false","false","","not_applicable","0","0","0","0","0","0","0","0","0","0","not_applicable","false","not_applicable","not_applicable","false","false","false","false","正式数据","官方来源","2026-08-02","v0.85 将既有国家页区域入口迁入统一 regions 主键层；ADM1 county; NUTS3 correspondence candidate。官方区域代码、NUTS/ADM 对应关系与边界属性仍需逐条核验。","RO126","Sibiu County","Sibiu County","NUTS3","NUTS / NUTS3","Eurostat GISCO NUTS 2024","NUTS 2024","https://gisco-services.ec.europa.eu/distribution/v2/nuts/geojson/NUTS_RG_01M_2024_4326_LEVL_3.geojson","Non-commercial research display candidate; attribution required; public display remains gated.","basic_geometry_qa_recorded_pending_country_gate","pending_level_and_definition_alignment"
"romania_suceava","romania","苏恰瓦县","Suceava County","Suceava County","NUTS3","RO215","","苏恰瓦","县","false","true","true","false","false","","not_applicable","0","0","0","0","0","0","0","0","0","0","not_applicable","false","not_applicable","not_applicable","false","false","false","false","正式数据","官方来源","2026-08-02","v0.85 将既有国家页区域入口迁入统一 regions 主键层；ADM1 county; NUTS3 correspondence candidate。官方区域代码、NUTS/ADM 对应关系与边界属性仍需逐条核验。","RO215","Suceava County","Suceava County","NUTS3","NUTS / NUTS3","Eurostat GISCO NUTS 2024","NUTS 2024","https://gisco-services.ec.europa.eu/distribution/v2/nuts/geojson/NUTS_RG_01M_2024_4326_LEVL_3.geojson","Non-commercial research display candidate; attribution required; public display remains gated.","basic_geometry_qa_recorded_pending_country_gate","pending_level_and_definition_alignment"
"romania_teleorman","romania","特列奥尔曼县","Teleorman County","Teleorman County","NUTS3","RO317","","亚历山德里亚","县","false","true","true","false","false","","not_applicable","0","0","0","0","0","0","0","0","0","0","not_applicable","false","not_applicable","not_applicable","false","false","false","false","正式数据","官方来源","2026-08-02","v0.85 将既有国家页区域入口迁入统一 regions 主键层；ADM1 county; NUTS3 correspondence candidate。官方区域代码、NUTS/ADM 对应关系与边界属性仍需逐条核验。","RO317","Teleorman County","Teleorman County","NUTS3","NUTS / NUTS3","Eurostat GISCO NUTS 2024","NUTS 2024","https://gisco-services.ec.europa.eu/distribution/v2/nuts/geojson/NUTS_RG_01M_2024_4326_LEVL_3.geojson","Non-commercial research display candidate; attribution required; public display remains gated.","basic_geometry_qa_recorded_pending_country_gate","pending_level_and_definition_alignment"
"romania_timis","romania","蒂米什县","Timis County","Timis County","NUTS3","RO424","","蒂米什瓦拉","县","false","true","true","false","false","","not_applicable","0","0","0","0","0","0","0","0","0","0","not_applicable","false","not_applicable","not_applicable","false","false","false","false","正式数据","官方来源","2026-08-02","v0.85 将既有国家页区域入口迁入统一 regions 主键层；ADM1 county; NUTS3 correspondence candidate。官方区域代码、NUTS/ADM 对应关系与边界属性仍需逐条核验。","RO424","Timis County","Timis County","NUTS3","NUTS / NUTS3","Eurostat GISCO NUTS 2024","NUTS 2024","https://gisco-services.ec.europa.eu/distribution/v2/nuts/geojson/NUTS_RG_01M_2024_4326_LEVL_3.geojson","Non-commercial research display candidate; attribution required; public display remains gated.","basic_geometry_qa_recorded_pending_country_gate","pending_level_and_definition_alignment"
"romania_tulcea","romania","图尔恰县","Tulcea County","Tulcea County","NUTS3","RO225","","图尔恰","县","false","true","true","false","false","","not_applicable","0","0","0","0","0","0","0","0","0","0","not_applicable","false","not_applicable","not_applicable","false","false","false","false","正式数据","官方来源","2026-08-02","v0.85 将既有国家页区域入口迁入统一 regions 主键层；ADM1 county; NUTS3 correspondence candidate。官方区域代码、NUTS/ADM 对应关系与边界属性仍需逐条核验。","RO225","Tulcea County","Tulcea County","NUTS3","NUTS / NUTS3","Eurostat GISCO NUTS 2024","NUTS 2024","https://gisco-services.ec.europa.eu/distribution/v2/nuts/geojson/NUTS_RG_01M_2024_4326_LEVL_3.geojson","Non-commercial research display candidate; attribution required; public display remains gated.","basic_geometry_qa_recorded_pending_country_gate","pending_level_and_definition_alignment"
"romania_vaslui","romania","瓦斯卢伊县","Vaslui County","Vaslui County","NUTS3","RO216","","瓦斯卢伊","县","false","true","true","false","false","","not_applicable","0","0","0","0","0","0","0","0","0","0","not_applicable","false","not_applicable","not_applicable","false","false","false","false","正式数据","官方来源","2026-08-02","v0.85 将既有国家页区域入口迁入统一 regions 主键层；ADM1 county; NUTS3 correspondence candidate。官方区域代码、NUTS/ADM 对应关系与边界属性仍需逐条核验。","RO216","Vaslui County","Vaslui County","NUTS3","NUTS / NUTS3","Eurostat GISCO NUTS 2024","NUTS 2024","https://gisco-services.ec.europa.eu/distribution/v2/nuts/geojson/NUTS_RG_01M_2024_4326_LEVL_3.geojson","Non-commercial research display candidate; attribution required; public display remains gated.","basic_geometry_qa_recorded_pending_country_gate","pending_level_and_definition_alignment"
"romania_valcea","romania","沃尔恰县","Valcea County","Valcea County","NUTS3","RO415","","勒姆尼库沃尔恰","县","false","true","true","false","false","","not_applicable","0","0","0","0","0","0","0","0","0","0","not_applicable","false","not_applicable","not_applicable","false","false","false","false","正式数据","官方来源","2026-08-02","v0.85 将既有国家页区域入口迁入统一 regions 主键层；ADM1 county; NUTS3 correspondence candidate。官方区域代码、NUTS/ADM 对应关系与边界属性仍需逐条核验。","RO415","Valcea County","Valcea County","NUTS3","NUTS / NUTS3","Eurostat GISCO NUTS 2024","NUTS 2024","https://gisco-services.ec.europa.eu/distribution/v2/nuts/geojson/NUTS_RG_01M_2024_4326_LEVL_3.geojson","Non-commercial research display candidate; attribution required; public display remains gated.","basic_geometry_qa_recorded_pending_country_gate","pending_level_and_definition_alignment"
"romania_vrancea","romania","弗朗恰县","Vrancea County","Vrancea County","NUTS3","RO226","","福克沙尼","县","false","true","true","false","false","","not_applicable","0","0","0","0","0","0","0","0","0","0","not_applicable","false","not_applicable","not_applicable","false","false","false","false","正式数据","官方来源","2026-08-02","v0.85 将既有国家页区域入口迁入统一 regions 主键层；ADM1 county; NUTS3 correspondence candidate。官方区域代码、NUTS/ADM 对应关系与边界属性仍需逐条核验。","RO226","Vrancea County","Vrancea County","NUTS3","NUTS / NUTS3","Eurostat GISCO NUTS 2024","NUTS 2024","https://gisco-services.ec.europa.eu/distribution/v2/nuts/geojson/NUTS_RG_01M_2024_4326_LEVL_3.geojson","Non-commercial research display candidate; attribution required; public display remains gated.","basic_geometry_qa_recorded_pending_country_gate","pending_level_and_definition_alignment"
"slovenia_eastern_slovenia","slovenia","东斯洛文尼亚凝聚区","Eastern Slovenia Cohesion Region","Eastern Slovenia Cohesion Region","NUTS2","SI03","","马里博尔","凝聚区 / ADM1","false","true","true","false","false","","not_applicable","0","0","0","0","0","0","0","0","0","0","not_applicable","false","not_applicable","not_applicable","false","false","false","false","正式数据","官方来源","2026-08-02","v0.85 将既有国家页区域入口迁入统一 regions 主键层；NUTS2 cohesion region; statistical region。官方区域代码、NUTS/ADM 对应关系与边界属性仍需逐条核验。","SI03","Eastern Slovenia Cohesion Region","Eastern Slovenia Cohesion Region","NUTS2","NUTS / NUTS2","Eurostat GISCO NUTS 2024","NUTS 2024","https://gisco-services.ec.europa.eu/distribution/v2/nuts/geojson/NUTS_RG_01M_2024_4326_LEVL_2.geojson","Non-commercial research display candidate; attribution required; public display remains gated.","basic_geometry_qa_recorded_pending_country_gate","pending_level_and_definition_alignment"
"slovenia_western_slovenia","slovenia","西斯洛文尼亚凝聚区","Western Slovenia Cohesion Region","Western Slovenia Cohesion Region","NUTS2","SI04","","卢布尔雅那","凝聚区 / ADM1","false","true","true","false","false","","not_applicable","0","0","0","0","0","0","0","0","0","0","not_applicable","false","not_applicable","not_applicable","false","false","false","false","正式数据","官方来源","2026-08-02","v0.85 将既有国家页区域入口迁入统一 regions 主键层；NUTS2 cohesion region; statistical region。官方区域代码、NUTS/ADM 对应关系与边界属性仍需逐条核验。","SI04","Western Slovenia Cohesion Region","Western Slovenia Cohesion Region","NUTS2","NUTS / NUTS2","Eurostat GISCO NUTS 2024","NUTS 2024","https://gisco-services.ec.europa.eu/distribution/v2/nuts/geojson/NUTS_RG_01M_2024_4326_LEVL_2.geojson","Non-commercial research display candidate; attribution required; public display remains gated.","basic_geometry_qa_recorded_pending_country_gate","pending_level_and_definition_alignment"
"serbia_belgrade","serbia","贝尔格莱德市","City of Belgrade","City of Belgrade","ADM1","PENDING_OFFICIAL_CODE","","贝尔格莱德","城市","false","false","false","false","false","","not_applicable","0","0","0","0","0","0","0","0","0","0","not_applicable","false","not_applicable","not_applicable","false","false","false","false","待核验","人工整理","2026-08-02","v0.85 将既有国家页区域入口迁入统一 regions 主键层；Administrative district; NSTJ3 correspondence pending official review。官方区域代码、NUTS/ADM 对应关系与边界属性仍需逐条核验。","PENDING_OFFICIAL_CODE","City of Belgrade","City of Belgrade","ADM1","Administrative district; NSTJ3 correspondence pending official review","Statistical Office of the Republic of Serbia spatial unit register candidate","Current RPJ/NSTJ register; file version pending","https://www.stat.gov.rs/sr-Latn/oblasti/registar-prostornih-jedinica-i-gis","Public register confirmed; geometry reuse licence pending review","not_checked","partial_comparability: Serbian administrative districts/NSTJ3 are not labelled as EU NUTS; correspondence must be documented before cross-country regional comparison."
"serbia_bor","serbia","博尔州","Bor District","Bor District","ADM1","PENDING_OFFICIAL_CODE","","博尔","州 / 区","false","false","false","false","false","","not_applicable","0","0","0","0","0","0","0","0","0","0","not_applicable","false","not_applicable","not_applicable","false","false","false","false","待核验","人工整理","2026-08-02","v0.85 将既有国家页区域入口迁入统一 regions 主键层；Administrative district; NSTJ3 correspondence pending official review。官方区域代码、NUTS/ADM 对应关系与边界属性仍需逐条核验。","PENDING_OFFICIAL_CODE","Bor District","Bor District","ADM1","Administrative district; NSTJ3 correspondence pending official review","Statistical Office of the Republic of Serbia spatial unit register candidate","Current RPJ/NSTJ register; file version pending","https://www.stat.gov.rs/sr-Latn/oblasti/registar-prostornih-jedinica-i-gis","Public register confirmed; geometry reuse licence pending review","not_checked","partial_comparability: Serbian administrative districts/NSTJ3 are not labelled as EU NUTS; correspondence must be documented before cross-country regional comparison."
"serbia_branicevo","serbia","布拉尼切沃州","Branicevo District","Branicevo District","ADM1","PENDING_OFFICIAL_CODE","","波扎雷瓦茨","州 / 区","false","false","false","false","false","","not_applicable","0","0","0","0","0","0","0","0","0","0","not_applicable","false","not_applicable","not_applicable","false","false","false","false","待核验","人工整理","2026-08-02","v0.85 将既有国家页区域入口迁入统一 regions 主键层；Administrative district; NSTJ3 correspondence pending official review。官方区域代码、NUTS/ADM 对应关系与边界属性仍需逐条核验。","PENDING_OFFICIAL_CODE","Branicevo District","Branicevo District","ADM1","Administrative district; NSTJ3 correspondence pending official review","Statistical Office of the Republic of Serbia spatial unit register candidate","Current RPJ/NSTJ register; file version pending","https://www.stat.gov.rs/sr-Latn/oblasti/registar-prostornih-jedinica-i-gis","Public register confirmed; geometry reuse licence pending review","not_checked","partial_comparability: Serbian administrative districts/NSTJ3 are not labelled as EU NUTS; correspondence must be documented before cross-country regional comparison."
"serbia_jablanica","serbia","雅布拉尼察州","Jablanica District","Jablanica District","ADM1","PENDING_OFFICIAL_CODE","","莱斯科瓦茨","州 / 区","false","false","false","false","false","","not_applicable","0","0","0","0","0","0","0","0","0","0","not_applicable","false","not_applicable","not_applicable","false","false","false","false","待核验","人工整理","2026-08-02","v0.85 将既有国家页区域入口迁入统一 regions 主键层；Administrative district; NSTJ3 correspondence pending official review。官方区域代码、NUTS/ADM 对应关系与边界属性仍需逐条核验。","PENDING_OFFICIAL_CODE","Jablanica District","Jablanica District","ADM1","Administrative district; NSTJ3 correspondence pending official review","Statistical Office of the Republic of Serbia spatial unit register candidate","Current RPJ/NSTJ register; file version pending","https://www.stat.gov.rs/sr-Latn/oblasti/registar-prostornih-jedinica-i-gis","Public register confirmed; geometry reuse licence pending review","not_checked","partial_comparability: Serbian administrative districts/NSTJ3 are not labelled as EU NUTS; correspondence must be documented before cross-country regional comparison."
"serbia_kolubara","serbia","科卢巴拉州","Kolubara District","Kolubara District","ADM1","PENDING_OFFICIAL_CODE","","瓦列沃","州 / 区","false","false","false","false","false","","not_applicable","0","0","0","0","0","0","0","0","0","0","not_applicable","false","not_applicable","not_applicable","false","false","false","false","待核验","人工整理","2026-08-02","v0.85 将既有国家页区域入口迁入统一 regions 主键层；Administrative district; NSTJ3 correspondence pending official review。官方区域代码、NUTS/ADM 对应关系与边界属性仍需逐条核验。","PENDING_OFFICIAL_CODE","Kolubara District","Kolubara District","ADM1","Administrative district; NSTJ3 correspondence pending official review","Statistical Office of the Republic of Serbia spatial unit register candidate","Current RPJ/NSTJ register; file version pending","https://www.stat.gov.rs/sr-Latn/oblasti/registar-prostornih-jedinica-i-gis","Public register confirmed; geometry reuse licence pending review","not_checked","partial_comparability: Serbian administrative districts/NSTJ3 are not labelled as EU NUTS; correspondence must be documented before cross-country regional comparison."
"serbia_macva","serbia","马奇瓦州","Macva District","Macva District","ADM1","PENDING_OFFICIAL_CODE","","沙巴茨","州 / 区","false","false","false","false","false","","not_applicable","0","0","0","0","0","0","0","0","0","0","not_applicable","false","not_applicable","not_applicable","false","false","false","false","待核验","人工整理","2026-08-02","v0.85 将既有国家页区域入口迁入统一 regions 主键层；Administrative district; NSTJ3 correspondence pending official review。官方区域代码、NUTS/ADM 对应关系与边界属性仍需逐条核验。","PENDING_OFFICIAL_CODE","Macva District","Macva District","ADM1","Administrative district; NSTJ3 correspondence pending official review","Statistical Office of the Republic of Serbia spatial unit register candidate","Current RPJ/NSTJ register; file version pending","https://www.stat.gov.rs/sr-Latn/oblasti/registar-prostornih-jedinica-i-gis","Public register confirmed; geometry reuse licence pending review","not_checked","partial_comparability: Serbian administrative districts/NSTJ3 are not labelled as EU NUTS; correspondence must be documented before cross-country regional comparison."
"serbia_moravica","serbia","莫拉维察州","Moravica District","Moravica District","ADM1","PENDING_OFFICIAL_CODE","","查查克","州 / 区","false","false","false","false","false","","not_applicable","0","0","0","0","0","0","0","0","0","0","not_applicable","false","not_applicable","not_applicable","false","false","false","false","待核验","人工整理","2026-08-02","v0.85 将既有国家页区域入口迁入统一 regions 主键层；Administrative district; NSTJ3 correspondence pending official review。官方区域代码、NUTS/ADM 对应关系与边界属性仍需逐条核验。","PENDING_OFFICIAL_CODE","Moravica District","Moravica District","ADM1","Administrative district; NSTJ3 correspondence pending official review","Statistical Office of the Republic of Serbia spatial unit register candidate","Current RPJ/NSTJ register; file version pending","https://www.stat.gov.rs/sr-Latn/oblasti/registar-prostornih-jedinica-i-gis","Public register confirmed; geometry reuse licence pending review","not_checked","partial_comparability: Serbian administrative districts/NSTJ3 are not labelled as EU NUTS; correspondence must be documented before cross-country regional comparison."
"serbia_nisava","serbia","尼沙瓦州","Nisava District","Nisava District","ADM1","PENDING_OFFICIAL_CODE","","尼什","州 / 区","false","false","false","false","false","","not_applicable","0","0","0","0","0","0","0","0","0","0","not_applicable","false","not_applicable","not_applicable","false","false","false","false","待核验","人工整理","2026-08-02","v0.85 将既有国家页区域入口迁入统一 regions 主键层；Administrative district; NSTJ3 correspondence pending official review。官方区域代码、NUTS/ADM 对应关系与边界属性仍需逐条核验。","PENDING_OFFICIAL_CODE","Nisava District","Nisava District","ADM1","Administrative district; NSTJ3 correspondence pending official review","Statistical Office of the Republic of Serbia spatial unit register candidate","Current RPJ/NSTJ register; file version pending","https://www.stat.gov.rs/sr-Latn/oblasti/registar-prostornih-jedinica-i-gis","Public register confirmed; geometry reuse licence pending review","not_checked","partial_comparability: Serbian administrative districts/NSTJ3 are not labelled as EU NUTS; correspondence must be documented before cross-country regional comparison."
"serbia_pcinja","serbia","普奇尼亚州","Pcinja District","Pcinja District","ADM1","PENDING_OFFICIAL_CODE","","弗拉涅","州 / 区","false","false","false","false","false","","not_applicable","0","0","0","0","0","0","0","0","0","0","not_applicable","false","not_applicable","not_applicable","false","false","false","false","待核验","人工整理","2026-08-02","v0.85 将既有国家页区域入口迁入统一 regions 主键层；Administrative district; NSTJ3 correspondence pending official review。官方区域代码、NUTS/ADM 对应关系与边界属性仍需逐条核验。","PENDING_OFFICIAL_CODE","Pcinja District","Pcinja District","ADM1","Administrative district; NSTJ3 correspondence pending official review","Statistical Office of the Republic of Serbia spatial unit register candidate","Current RPJ/NSTJ register; file version pending","https://www.stat.gov.rs/sr-Latn/oblasti/registar-prostornih-jedinica-i-gis","Public register confirmed; geometry reuse licence pending review","not_checked","partial_comparability: Serbian administrative districts/NSTJ3 are not labelled as EU NUTS; correspondence must be documented before cross-country regional comparison."
"serbia_pirot","serbia","皮罗特州","Pirot District","Pirot District","ADM1","PENDING_OFFICIAL_CODE","","皮罗特","州 / 区","false","false","false","false","false","","not_applicable","0","0","0","0","0","0","0","0","0","0","not_applicable","false","not_applicable","not_applicable","false","false","false","false","待核验","人工整理","2026-08-02","v0.85 将既有国家页区域入口迁入统一 regions 主键层；Administrative district; NSTJ3 correspondence pending official review。官方区域代码、NUTS/ADM 对应关系与边界属性仍需逐条核验。","PENDING_OFFICIAL_CODE","Pirot District","Pirot District","ADM1","Administrative district; NSTJ3 correspondence pending official review","Statistical Office of the Republic of Serbia spatial unit register candidate","Current RPJ/NSTJ register; file version pending","https://www.stat.gov.rs/sr-Latn/oblasti/registar-prostornih-jedinica-i-gis","Public register confirmed; geometry reuse licence pending review","not_checked","partial_comparability: Serbian administrative districts/NSTJ3 are not labelled as EU NUTS; correspondence must be documented before cross-country regional comparison."
"serbia_podunavlje","serbia","波杜那瓦列州","Podunavlje District","Podunavlje District","ADM1","PENDING_OFFICIAL_CODE","","斯梅代雷沃","州 / 区","false","false","false","false","false","","not_applicable","0","0","0","0","0","0","0","0","0","0","not_applicable","false","not_applicable","not_applicable","false","false","false","false","待核验","人工整理","2026-08-02","v0.85 将既有国家页区域入口迁入统一 regions 主键层；Administrative district; NSTJ3 correspondence pending official review。官方区域代码、NUTS/ADM 对应关系与边界属性仍需逐条核验。","PENDING_OFFICIAL_CODE","Podunavlje District","Podunavlje District","ADM1","Administrative district; NSTJ3 correspondence pending official review","Statistical Office of the Republic of Serbia spatial unit register candidate","Current RPJ/NSTJ register; file version pending","https://www.stat.gov.rs/sr-Latn/oblasti/registar-prostornih-jedinica-i-gis","Public register confirmed; geometry reuse licence pending review","not_checked","partial_comparability: Serbian administrative districts/NSTJ3 are not labelled as EU NUTS; correspondence must be documented before cross-country regional comparison."
"serbia_pomoravlje","serbia","波莫拉夫列州","Pomoravlje District","Pomoravlje District","ADM1","PENDING_OFFICIAL_CODE","","亚戈迪纳","州 / 区","false","false","false","false","false","","not_applicable","0","0","0","0","0","0","0","0","0","0","not_applicable","false","not_applicable","not_applicable","false","false","false","false","待核验","人工整理","2026-08-02","v0.85 将既有国家页区域入口迁入统一 regions 主键层；Administrative district; NSTJ3 correspondence pending official review。官方区域代码、NUTS/ADM 对应关系与边界属性仍需逐条核验。","PENDING_OFFICIAL_CODE","Pomoravlje District","Pomoravlje District","ADM1","Administrative district; NSTJ3 correspondence pending official review","Statistical Office of the Republic of Serbia spatial unit register candidate","Current RPJ/NSTJ register; file version pending","https://www.stat.gov.rs/sr-Latn/oblasti/registar-prostornih-jedinica-i-gis","Public register confirmed; geometry reuse licence pending review","not_checked","partial_comparability: Serbian administrative districts/NSTJ3 are not labelled as EU NUTS; correspondence must be documented before cross-country regional comparison."
"serbia_rasina","serbia","拉西纳州","Rasina District","Rasina District","ADM1","PENDING_OFFICIAL_CODE","","克鲁舍瓦茨","州 / 区","false","false","false","false","false","","not_applicable","0","0","0","0","0","0","0","0","0","0","not_applicable","false","not_applicable","not_applicable","false","false","false","false","待核验","人工整理","2026-08-02","v0.85 将既有国家页区域入口迁入统一 regions 主键层；Administrative district; NSTJ3 correspondence pending official review。官方区域代码、NUTS/ADM 对应关系与边界属性仍需逐条核验。","PENDING_OFFICIAL_CODE","Rasina District","Rasina District","ADM1","Administrative district; NSTJ3 correspondence pending official review","Statistical Office of the Republic of Serbia spatial unit register candidate","Current RPJ/NSTJ register; file version pending","https://www.stat.gov.rs/sr-Latn/oblasti/registar-prostornih-jedinica-i-gis","Public register confirmed; geometry reuse licence pending review","not_checked","partial_comparability: Serbian administrative districts/NSTJ3 are not labelled as EU NUTS; correspondence must be documented before cross-country regional comparison."
"serbia_raska","serbia","拉什卡州","Raska District","Raska District","ADM1","PENDING_OFFICIAL_CODE","","克拉列沃","州 / 区","false","false","false","false","false","","not_applicable","0","0","0","0","0","0","0","0","0","0","not_applicable","false","not_applicable","not_applicable","false","false","false","false","待核验","人工整理","2026-08-02","v0.85 将既有国家页区域入口迁入统一 regions 主键层；Administrative district; NSTJ3 correspondence pending official review。官方区域代码、NUTS/ADM 对应关系与边界属性仍需逐条核验。","PENDING_OFFICIAL_CODE","Raska District","Raska District","ADM1","Administrative district; NSTJ3 correspondence pending official review","Statistical Office of the Republic of Serbia spatial unit register candidate","Current RPJ/NSTJ register; file version pending","https://www.stat.gov.rs/sr-Latn/oblasti/registar-prostornih-jedinica-i-gis","Public register confirmed; geometry reuse licence pending review","not_checked","partial_comparability: Serbian administrative districts/NSTJ3 are not labelled as EU NUTS; correspondence must be documented before cross-country regional comparison."
"serbia_sumadija","serbia","舒马迪亚州","Sumadija District","Sumadija District","ADM1","PENDING_OFFICIAL_CODE","","克拉古耶瓦茨","州 / 区","false","false","false","false","false","","not_applicable","0","0","0","0","0","0","0","0","0","0","not_applicable","false","not_applicable","not_applicable","false","false","false","false","待核验","人工整理","2026-08-02","v0.85 将既有国家页区域入口迁入统一 regions 主键层；Administrative district; NSTJ3 correspondence pending official review。官方区域代码、NUTS/ADM 对应关系与边界属性仍需逐条核验。","PENDING_OFFICIAL_CODE","Sumadija District","Sumadija District","ADM1","Administrative district; NSTJ3 correspondence pending official review","Statistical Office of the Republic of Serbia spatial unit register candidate","Current RPJ/NSTJ register; file version pending","https://www.stat.gov.rs/sr-Latn/oblasti/registar-prostornih-jedinica-i-gis","Public register confirmed; geometry reuse licence pending review","not_checked","partial_comparability: Serbian administrative districts/NSTJ3 are not labelled as EU NUTS; correspondence must be documented before cross-country regional comparison."
"serbia_toplica","serbia","托普利察州","Toplica District","Toplica District","ADM1","PENDING_OFFICIAL_CODE","","普罗库普列","州 / 区","false","false","false","false","false","","not_applicable","0","0","0","0","0","0","0","0","0","0","not_applicable","false","not_applicable","not_applicable","false","false","false","false","待核验","人工整理","2026-08-02","v0.85 将既有国家页区域入口迁入统一 regions 主键层；Administrative district; NSTJ3 correspondence pending official review。官方区域代码、NUTS/ADM 对应关系与边界属性仍需逐条核验。","PENDING_OFFICIAL_CODE","Toplica District","Toplica District","ADM1","Administrative district; NSTJ3 correspondence pending official review","Statistical Office of the Republic of Serbia spatial unit register candidate","Current RPJ/NSTJ register; file version pending","https://www.stat.gov.rs/sr-Latn/oblasti/registar-prostornih-jedinica-i-gis","Public register confirmed; geometry reuse licence pending review","not_checked","partial_comparability: Serbian administrative districts/NSTJ3 are not labelled as EU NUTS; correspondence must be documented before cross-country regional comparison."
"serbia_zajecar","serbia","扎耶查尔州","Zajecar District","Zajecar District","ADM1","PENDING_OFFICIAL_CODE","","扎耶查尔","州 / 区","false","false","false","false","false","","not_applicable","0","0","0","0","0","0","0","0","0","0","not_applicable","false","not_applicable","not_applicable","false","false","false","false","待核验","人工整理","2026-08-02","v0.85 将既有国家页区域入口迁入统一 regions 主键层；Administrative district; NSTJ3 correspondence pending official review。官方区域代码、NUTS/ADM 对应关系与边界属性仍需逐条核验。","PENDING_OFFICIAL_CODE","Zajecar District","Zajecar District","ADM1","Administrative district; NSTJ3 correspondence pending official review","Statistical Office of the Republic of Serbia spatial unit register candidate","Current RPJ/NSTJ register; file version pending","https://www.stat.gov.rs/sr-Latn/oblasti/registar-prostornih-jedinica-i-gis","Public register confirmed; geometry reuse licence pending review","not_checked","partial_comparability: Serbian administrative districts/NSTJ3 are not labelled as EU NUTS; correspondence must be documented before cross-country regional comparison."
"serbia_zlatibor","serbia","兹拉蒂博尔州","Zlatibor District","Zlatibor District","ADM1","PENDING_OFFICIAL_CODE","","乌日策","州 / 区","false","false","false","false","false","","not_applicable","0","0","0","0","0","0","0","0","0","0","not_applicable","false","not_applicable","not_applicable","false","false","false","false","待核验","人工整理","2026-08-02","v0.85 将既有国家页区域入口迁入统一 regions 主键层；Administrative district; NSTJ3 correspondence pending official review。官方区域代码、NUTS/ADM 对应关系与边界属性仍需逐条核验。","PENDING_OFFICIAL_CODE","Zlatibor District","Zlatibor District","ADM1","Administrative district; NSTJ3 correspondence pending official review","Statistical Office of the Republic of Serbia spatial unit register candidate","Current RPJ/NSTJ register; file version pending","https://www.stat.gov.rs/sr-Latn/oblasti/registar-prostornih-jedinica-i-gis","Public register confirmed; geometry reuse licence pending review","not_checked","partial_comparability: Serbian administrative districts/NSTJ3 are not labelled as EU NUTS; correspondence must be documented before cross-country regional comparison."
"serbia_north_backa","serbia","北巴奇卡州","North Backa District","North Backa District","ADM1","PENDING_OFFICIAL_CODE","","苏博蒂察","州 / 区","false","false","false","false","false","","not_applicable","0","0","0","0","0","0","0","0","0","0","not_applicable","false","not_applicable","not_applicable","false","false","false","false","待核验","人工整理","2026-08-02","v0.85 将既有国家页区域入口迁入统一 regions 主键层；Administrative district; NSTJ3 correspondence pending official review。官方区域代码、NUTS/ADM 对应关系与边界属性仍需逐条核验。","PENDING_OFFICIAL_CODE","North Backa District","North Backa District","ADM1","Administrative district; NSTJ3 correspondence pending official review","Statistical Office of the Republic of Serbia spatial unit register candidate","Current RPJ/NSTJ register; file version pending","https://www.stat.gov.rs/sr-Latn/oblasti/registar-prostornih-jedinica-i-gis","Public register confirmed; geometry reuse licence pending review","not_checked","partial_comparability: Serbian administrative districts/NSTJ3 are not labelled as EU NUTS; correspondence must be documented before cross-country regional comparison."
"serbia_central_banat","serbia","中巴纳特州","Central Banat District","Central Banat District","ADM1","PENDING_OFFICIAL_CODE","","兹雷尼亚宁","州 / 区","false","false","false","false","false","","not_applicable","0","0","0","0","0","0","0","0","0","0","not_applicable","false","not_applicable","not_applicable","false","false","false","false","待核验","人工整理","2026-08-02","v0.85 将既有国家页区域入口迁入统一 regions 主键层；Administrative district; NSTJ3 correspondence pending official review。官方区域代码、NUTS/ADM 对应关系与边界属性仍需逐条核验。","PENDING_OFFICIAL_CODE","Central Banat District","Central Banat District","ADM1","Administrative district; NSTJ3 correspondence pending official review","Statistical Office of the Republic of Serbia spatial unit register candidate","Current RPJ/NSTJ register; file version pending","https://www.stat.gov.rs/sr-Latn/oblasti/registar-prostornih-jedinica-i-gis","Public register confirmed; geometry reuse licence pending review","not_checked","partial_comparability: Serbian administrative districts/NSTJ3 are not labelled as EU NUTS; correspondence must be documented before cross-country regional comparison."
"serbia_north_banat","serbia","北巴纳特州","North Banat District","North Banat District","ADM1","PENDING_OFFICIAL_CODE","","基金达","州 / 区","false","false","false","false","false","","not_applicable","0","0","0","0","0","0","0","0","0","0","not_applicable","false","not_applicable","not_applicable","false","false","false","false","待核验","人工整理","2026-08-02","v0.85 将既有国家页区域入口迁入统一 regions 主键层；Administrative district; NSTJ3 correspondence pending official review。官方区域代码、NUTS/ADM 对应关系与边界属性仍需逐条核验。","PENDING_OFFICIAL_CODE","North Banat District","North Banat District","ADM1","Administrative district; NSTJ3 correspondence pending official review","Statistical Office of the Republic of Serbia spatial unit register candidate","Current RPJ/NSTJ register; file version pending","https://www.stat.gov.rs/sr-Latn/oblasti/registar-prostornih-jedinica-i-gis","Public register confirmed; geometry reuse licence pending review","not_checked","partial_comparability: Serbian administrative districts/NSTJ3 are not labelled as EU NUTS; correspondence must be documented before cross-country regional comparison."
"serbia_south_banat","serbia","南巴纳特州","South Banat District","South Banat District","ADM1","PENDING_OFFICIAL_CODE","","潘切沃","州 / 区","false","false","false","false","false","","not_applicable","0","0","0","0","0","0","0","0","0","0","not_applicable","false","not_applicable","not_applicable","false","false","false","false","待核验","人工整理","2026-08-02","v0.85 将既有国家页区域入口迁入统一 regions 主键层；Administrative district; NSTJ3 correspondence pending official review。官方区域代码、NUTS/ADM 对应关系与边界属性仍需逐条核验。","PENDING_OFFICIAL_CODE","South Banat District","South Banat District","ADM1","Administrative district; NSTJ3 correspondence pending official review","Statistical Office of the Republic of Serbia spatial unit register candidate","Current RPJ/NSTJ register; file version pending","https://www.stat.gov.rs/sr-Latn/oblasti/registar-prostornih-jedinica-i-gis","Public register confirmed; geometry reuse licence pending review","not_checked","partial_comparability: Serbian administrative districts/NSTJ3 are not labelled as EU NUTS; correspondence must be documented before cross-country regional comparison."
"serbia_west_backa","serbia","西巴奇卡州","West Backa District","West Backa District","ADM1","PENDING_OFFICIAL_CODE","","松博尔","州 / 区","false","false","false","false","false","","not_applicable","0","0","0","0","0","0","0","0","0","0","not_applicable","false","not_applicable","not_applicable","false","false","false","false","待核验","人工整理","2026-08-02","v0.85 将既有国家页区域入口迁入统一 regions 主键层；Administrative district; NSTJ3 correspondence pending official review。官方区域代码、NUTS/ADM 对应关系与边界属性仍需逐条核验。","PENDING_OFFICIAL_CODE","West Backa District","West Backa District","ADM1","Administrative district; NSTJ3 correspondence pending official review","Statistical Office of the Republic of Serbia spatial unit register candidate","Current RPJ/NSTJ register; file version pending","https://www.stat.gov.rs/sr-Latn/oblasti/registar-prostornih-jedinica-i-gis","Public register confirmed; geometry reuse licence pending review","not_checked","partial_comparability: Serbian administrative districts/NSTJ3 are not labelled as EU NUTS; correspondence must be documented before cross-country regional comparison."
"serbia_south_backa","serbia","南巴奇卡州","South Backa District","South Backa District","ADM1","PENDING_OFFICIAL_CODE","","诺维萨德","州 / 区","false","false","false","false","false","","not_applicable","0","0","0","0","0","0","0","0","0","0","not_applicable","false","not_applicable","not_applicable","false","false","false","false","待核验","人工整理","2026-08-02","v0.85 将既有国家页区域入口迁入统一 regions 主键层；Administrative district; NSTJ3 correspondence pending official review。官方区域代码、NUTS/ADM 对应关系与边界属性仍需逐条核验。","PENDING_OFFICIAL_CODE","South Backa District","South Backa District","ADM1","Administrative district; NSTJ3 correspondence pending official review","Statistical Office of the Republic of Serbia spatial unit register candidate","Current RPJ/NSTJ register; file version pending","https://www.stat.gov.rs/sr-Latn/oblasti/registar-prostornih-jedinica-i-gis","Public register confirmed; geometry reuse licence pending review","not_checked","partial_comparability: Serbian administrative districts/NSTJ3 are not labelled as EU NUTS; correspondence must be documented before cross-country regional comparison."
"serbia_srem","serbia","斯雷姆州","Srem District","Srem District","ADM1","PENDING_OFFICIAL_CODE","","斯雷姆斯卡米特罗维察","州 / 区","false","false","false","false","false","","not_applicable","0","0","0","0","0","0","0","0","0","0","not_applicable","false","not_applicable","not_applicable","false","false","false","false","待核验","人工整理","2026-08-02","v0.85 将既有国家页区域入口迁入统一 regions 主键层；Administrative district; NSTJ3 correspondence pending official review。官方区域代码、NUTS/ADM 对应关系与边界属性仍需逐条核验。","PENDING_OFFICIAL_CODE","Srem District","Srem District","ADM1","Administrative district; NSTJ3 correspondence pending official review","Statistical Office of the Republic of Serbia spatial unit register candidate","Current RPJ/NSTJ register; file version pending","https://www.stat.gov.rs/sr-Latn/oblasti/registar-prostornih-jedinica-i-gis","Public register confirmed; geometry reuse licence pending review","not_checked","partial_comparability: Serbian administrative districts/NSTJ3 are not labelled as EU NUTS; correspondence must be documented before cross-country regional comparison."
"austria_burgenland","austria","布尔根兰州","Burgenland","Burgenland","NUTS2","AT11","","艾森施塔特","州","false","true","true","false","false","","not_applicable","0","0","0","0","0","0","0","0","0","0","not_applicable","false","not_applicable","not_applicable","false","false","false","false","正式数据","官方来源","2026-08-02","v0.85 将既有国家页区域入口迁入统一 regions 主键层；ADM1 Land; NUTS2 correspondence candidate。官方区域代码、NUTS/ADM 对应关系与边界属性仍需逐条核验。","AT11","Burgenland","Burgenland","NUTS2","NUTS / NUTS2","Eurostat GISCO NUTS 2024","NUTS 2024","https://gisco-services.ec.europa.eu/distribution/v2/nuts/geojson/NUTS_RG_01M_2024_4326_LEVL_2.geojson","Non-commercial research display candidate; attribution required; public display remains gated.","basic_geometry_qa_recorded_pending_country_gate","pending_level_and_definition_alignment"
"austria_carinthia","austria","克恩顿州","Carinthia","Carinthia","NUTS2","AT21","","克拉根福","州","false","true","true","false","false","","not_applicable","0","0","0","0","0","0","0","0","0","0","not_applicable","false","not_applicable","not_applicable","false","false","false","false","正式数据","官方来源","2026-08-02","v0.85 将既有国家页区域入口迁入统一 regions 主键层；ADM1 Land; NUTS2 correspondence candidate。官方区域代码、NUTS/ADM 对应关系与边界属性仍需逐条核验。","AT21","Carinthia","Carinthia","NUTS2","NUTS / NUTS2","Eurostat GISCO NUTS 2024","NUTS 2024","https://gisco-services.ec.europa.eu/distribution/v2/nuts/geojson/NUTS_RG_01M_2024_4326_LEVL_2.geojson","Non-commercial research display candidate; attribution required; public display remains gated.","basic_geometry_qa_recorded_pending_country_gate","pending_level_and_definition_alignment"
"austria_lower_austria","austria","下奥地利州","Lower Austria","Lower Austria","NUTS2","AT12","","圣珀尔滕","州","false","true","true","false","false","","not_applicable","0","0","0","0","0","0","0","0","0","0","not_applicable","false","not_applicable","not_applicable","false","false","false","false","正式数据","官方来源","2026-08-02","v0.85 将既有国家页区域入口迁入统一 regions 主键层；ADM1 Land; NUTS2 correspondence candidate。官方区域代码、NUTS/ADM 对应关系与边界属性仍需逐条核验。","AT12","Lower Austria","Lower Austria","NUTS2","NUTS / NUTS2","Eurostat GISCO NUTS 2024","NUTS 2024","https://gisco-services.ec.europa.eu/distribution/v2/nuts/geojson/NUTS_RG_01M_2024_4326_LEVL_2.geojson","Non-commercial research display candidate; attribution required; public display remains gated.","basic_geometry_qa_recorded_pending_country_gate","pending_level_and_definition_alignment"
"austria_upper_austria","austria","上奥地利州","Upper Austria","Upper Austria","NUTS2","AT31","","林茨","州","false","true","true","false","false","","not_applicable","0","0","0","0","0","0","0","0","0","0","not_applicable","false","not_applicable","not_applicable","false","false","false","false","正式数据","官方来源","2026-08-02","v0.85 将既有国家页区域入口迁入统一 regions 主键层；ADM1 Land; NUTS2 correspondence candidate。官方区域代码、NUTS/ADM 对应关系与边界属性仍需逐条核验。","AT31","Upper Austria","Upper Austria","NUTS2","NUTS / NUTS2","Eurostat GISCO NUTS 2024","NUTS 2024","https://gisco-services.ec.europa.eu/distribution/v2/nuts/geojson/NUTS_RG_01M_2024_4326_LEVL_2.geojson","Non-commercial research display candidate; attribution required; public display remains gated.","basic_geometry_qa_recorded_pending_country_gate","pending_level_and_definition_alignment"
"austria_salzburg","austria","萨尔茨堡州","Salzburg","Salzburg","NUTS2","AT32","","萨尔茨堡","州","false","true","true","false","false","","not_applicable","0","0","0","0","0","0","0","0","0","0","not_applicable","false","not_applicable","not_applicable","false","false","false","false","正式数据","官方来源","2026-08-02","v0.85 将既有国家页区域入口迁入统一 regions 主键层；ADM1 Land; NUTS2 correspondence candidate。官方区域代码、NUTS/ADM 对应关系与边界属性仍需逐条核验。","AT32","Salzburg","Salzburg","NUTS2","NUTS / NUTS2","Eurostat GISCO NUTS 2024","NUTS 2024","https://gisco-services.ec.europa.eu/distribution/v2/nuts/geojson/NUTS_RG_01M_2024_4326_LEVL_2.geojson","Non-commercial research display candidate; attribution required; public display remains gated.","basic_geometry_qa_recorded_pending_country_gate","pending_level_and_definition_alignment"
"austria_styria","austria","施泰尔马克州","Styria","Styria","NUTS2","AT22","","格拉茨","州","false","true","true","false","false","","not_applicable","0","0","0","0","0","0","0","0","0","0","not_applicable","false","not_applicable","not_applicable","false","false","false","false","正式数据","官方来源","2026-08-02","v0.85 将既有国家页区域入口迁入统一 regions 主键层；ADM1 Land; NUTS2 correspondence candidate。官方区域代码、NUTS/ADM 对应关系与边界属性仍需逐条核验。","AT22","Styria","Styria","NUTS2","NUTS / NUTS2","Eurostat GISCO NUTS 2024","NUTS 2024","https://gisco-services.ec.europa.eu/distribution/v2/nuts/geojson/NUTS_RG_01M_2024_4326_LEVL_2.geojson","Non-commercial research display candidate; attribution required; public display remains gated.","basic_geometry_qa_recorded_pending_country_gate","pending_level_and_definition_alignment"
"austria_tyrol","austria","蒂罗尔州","Tyrol","Tyrol","NUTS2","AT33","","因斯布鲁克","州","false","true","true","false","false","","not_applicable","0","0","0","0","0","0","0","0","0","0","not_applicable","false","not_applicable","not_applicable","false","false","false","false","正式数据","官方来源","2026-08-02","v0.85 将既有国家页区域入口迁入统一 regions 主键层；ADM1 Land; NUTS2 correspondence candidate。官方区域代码、NUTS/ADM 对应关系与边界属性仍需逐条核验。","AT33","Tyrol","Tyrol","NUTS2","NUTS / NUTS2","Eurostat GISCO NUTS 2024","NUTS 2024","https://gisco-services.ec.europa.eu/distribution/v2/nuts/geojson/NUTS_RG_01M_2024_4326_LEVL_2.geojson","Non-commercial research display candidate; attribution required; public display remains gated.","basic_geometry_qa_recorded_pending_country_gate","pending_level_and_definition_alignment"
"austria_vorarlberg","austria","福拉尔贝格州","Vorarlberg","Vorarlberg","NUTS2","AT34","","布雷根茨","州","false","true","true","false","false","","not_applicable","0","0","0","0","0","0","0","0","0","0","not_applicable","false","not_applicable","not_applicable","false","false","false","false","正式数据","官方来源","2026-08-02","v0.85 将既有国家页区域入口迁入统一 regions 主键层；ADM1 Land; NUTS2 correspondence candidate。官方区域代码、NUTS/ADM 对应关系与边界属性仍需逐条核验。","AT34","Vorarlberg","Vorarlberg","NUTS2","NUTS / NUTS2","Eurostat GISCO NUTS 2024","NUTS 2024","https://gisco-services.ec.europa.eu/distribution/v2/nuts/geojson/NUTS_RG_01M_2024_4326_LEVL_2.geojson","Non-commercial research display candidate; attribution required; public display remains gated.","basic_geometry_qa_recorded_pending_country_gate","pending_level_and_definition_alignment"
"austria_vienna","austria","维也纳","Vienna","Vienna","NUTS2","AT13","","维也纳","州 / 首都","false","true","true","false","false","","not_applicable","0","0","0","0","0","0","0","0","0","0","not_applicable","false","not_applicable","not_applicable","false","false","false","false","正式数据","官方来源","2026-08-02","v0.85 将既有国家页区域入口迁入统一 regions 主键层；ADM1 Land; NUTS2 correspondence candidate。官方区域代码、NUTS/ADM 对应关系与边界属性仍需逐条核验。","AT13","Vienna","Vienna","NUTS2","NUTS / NUTS2","Eurostat GISCO NUTS 2024","NUTS 2024","https://gisco-services.ec.europa.eu/distribution/v2/nuts/geojson/NUTS_RG_01M_2024_4326_LEVL_2.geojson","Non-commercial research display candidate; attribution required; public display remains gated.","basic_geometry_qa_recorded_pending_country_gate","pending_level_and_definition_alignment"
"croatia_zagreb_county","croatia","萨格勒布县","Zagreb County","Zagreb County","NUTS3","HR065","","萨格勒布","县","false","true","true","false","false","","not_applicable","0","0","0","0","0","0","0","0","0","0","not_applicable","false","not_applicable","not_applicable","false","false","false","false","正式数据","官方来源","2026-08-02","v0.85 将既有国家页区域入口迁入统一 regions 主键层；ADM1 county; NUTS3 correspondence candidate。官方区域代码、NUTS/ADM 对应关系与边界属性仍需逐条核验。","HR065","Zagreb County","Zagreb County","NUTS3","NUTS / NUTS3","Eurostat GISCO NUTS 2024","NUTS 2024","https://gisco-services.ec.europa.eu/distribution/v2/nuts/geojson/NUTS_RG_01M_2024_4326_LEVL_3.geojson","Non-commercial research display candidate; attribution required; public display remains gated.","basic_geometry_qa_recorded_pending_country_gate","pending_level_and_definition_alignment"
"croatia_krapina_zagorje","croatia","克拉皮纳-扎戈列县","Krapina-Zagorje County","Krapina-Zagorje County","NUTS3","HR064","","克拉皮纳","县","false","true","true","false","false","","not_applicable","0","0","0","0","0","0","0","0","0","0","not_applicable","false","not_applicable","not_applicable","false","false","false","false","正式数据","官方来源","2026-08-02","v0.85 将既有国家页区域入口迁入统一 regions 主键层；ADM1 county; NUTS3 correspondence candidate。官方区域代码、NUTS/ADM 对应关系与边界属性仍需逐条核验。","HR064","Krapina-Zagorje County","Krapina-Zagorje County","NUTS3","NUTS / NUTS3","Eurostat GISCO NUTS 2024","NUTS 2024","https://gisco-services.ec.europa.eu/distribution/v2/nuts/geojson/NUTS_RG_01M_2024_4326_LEVL_3.geojson","Non-commercial research display candidate; attribution required; public display remains gated.","basic_geometry_qa_recorded_pending_country_gate","pending_level_and_definition_alignment"
"croatia_sisak_moslavina","croatia","锡萨克-莫斯拉维纳县","Sisak-Moslavina County","Sisak-Moslavina County","NUTS3","HR028","","锡萨克","县","false","true","true","false","false","","not_applicable","0","0","0","0","0","0","0","0","0","0","not_applicable","false","not_applicable","not_applicable","false","false","false","false","正式数据","官方来源","2026-08-02","v0.85 将既有国家页区域入口迁入统一 regions 主键层；ADM1 county; NUTS3 correspondence candidate。官方区域代码、NUTS/ADM 对应关系与边界属性仍需逐条核验。","HR028","Sisak-Moslavina County","Sisak-Moslavina County","NUTS3","NUTS / NUTS3","Eurostat GISCO NUTS 2024","NUTS 2024","https://gisco-services.ec.europa.eu/distribution/v2/nuts/geojson/NUTS_RG_01M_2024_4326_LEVL_3.geojson","Non-commercial research display candidate; attribution required; public display remains gated.","basic_geometry_qa_recorded_pending_country_gate","pending_level_and_definition_alignment"
"croatia_karlovac","croatia","卡尔洛瓦茨县","Karlovac County","Karlovac County","NUTS3","HR027","","卡尔洛瓦茨","县","false","true","true","false","false","","not_applicable","0","0","0","0","0","0","0","0","0","0","not_applicable","false","not_applicable","not_applicable","false","false","false","false","正式数据","官方来源","2026-08-02","v0.85 将既有国家页区域入口迁入统一 regions 主键层；ADM1 county; NUTS3 correspondence candidate。官方区域代码、NUTS/ADM 对应关系与边界属性仍需逐条核验。","HR027","Karlovac County","Karlovac County","NUTS3","NUTS / NUTS3","Eurostat GISCO NUTS 2024","NUTS 2024","https://gisco-services.ec.europa.eu/distribution/v2/nuts/geojson/NUTS_RG_01M_2024_4326_LEVL_3.geojson","Non-commercial research display candidate; attribution required; public display remains gated.","basic_geometry_qa_recorded_pending_country_gate","pending_level_and_definition_alignment"
"croatia_varazdin","croatia","瓦拉日丁县","Varazdin County","Varazdin County","NUTS3","HR062","","瓦拉日丁","县","false","true","true","false","false","","not_applicable","0","0","0","0","0","0","0","0","0","0","not_applicable","false","not_applicable","not_applicable","false","false","false","false","正式数据","官方来源","2026-08-02","v0.85 将既有国家页区域入口迁入统一 regions 主键层；ADM1 county; NUTS3 correspondence candidate。官方区域代码、NUTS/ADM 对应关系与边界属性仍需逐条核验。","HR062","Varazdin County","Varazdin County","NUTS3","NUTS / NUTS3","Eurostat GISCO NUTS 2024","NUTS 2024","https://gisco-services.ec.europa.eu/distribution/v2/nuts/geojson/NUTS_RG_01M_2024_4326_LEVL_3.geojson","Non-commercial research display candidate; attribution required; public display remains gated.","basic_geometry_qa_recorded_pending_country_gate","pending_level_and_definition_alignment"
"croatia_koprivnica_krizevci","croatia","科普里夫尼察-克里热夫齐县","Koprivnica-Krizevci County","Koprivnica-Krizevci County","NUTS3","HR063","","科普里夫尼察","县","false","true","true","false","false","","not_applicable","0","0","0","0","0","0","0","0","0","0","not_applicable","false","not_applicable","not_applicable","false","false","false","false","正式数据","官方来源","2026-08-02","v0.85 将既有国家页区域入口迁入统一 regions 主键层；ADM1 county; NUTS3 correspondence candidate。官方区域代码、NUTS/ADM 对应关系与边界属性仍需逐条核验。","HR063","Koprivnica-Krizevci County","Koprivnica-Krizevci County","NUTS3","NUTS / NUTS3","Eurostat GISCO NUTS 2024","NUTS 2024","https://gisco-services.ec.europa.eu/distribution/v2/nuts/geojson/NUTS_RG_01M_2024_4326_LEVL_3.geojson","Non-commercial research display candidate; attribution required; public display remains gated.","basic_geometry_qa_recorded_pending_country_gate","pending_level_and_definition_alignment"
"croatia_bjelovar_bilogora","croatia","别洛瓦尔-比洛戈拉县","Bjelovar-Bilogora County","Bjelovar-Bilogora County","NUTS3","HR021","","别洛瓦尔","县","false","true","true","false","false","","not_applicable","0","0","0","0","0","0","0","0","0","0","not_applicable","false","not_applicable","not_applicable","false","false","false","false","正式数据","官方来源","2026-08-02","v0.85 将既有国家页区域入口迁入统一 regions 主键层；ADM1 county; NUTS3 correspondence candidate。官方区域代码、NUTS/ADM 对应关系与边界属性仍需逐条核验。","HR021","Bjelovar-Bilogora County","Bjelovar-Bilogora County","NUTS3","NUTS / NUTS3","Eurostat GISCO NUTS 2024","NUTS 2024","https://gisco-services.ec.europa.eu/distribution/v2/nuts/geojson/NUTS_RG_01M_2024_4326_LEVL_3.geojson","Non-commercial research display candidate; attribution required; public display remains gated.","basic_geometry_qa_recorded_pending_country_gate","pending_level_and_definition_alignment"
"croatia_primorje_gorski_kotar","croatia","滨海和山区县","Primorje-Gorski Kotar County","Primorje-Gorski Kotar County","NUTS3","HR031","","里耶卡","县","false","true","true","false","false","","not_applicable","0","0","0","0","0","0","0","0","0","0","not_applicable","false","not_applicable","not_applicable","false","false","false","false","正式数据","官方来源","2026-08-02","v0.85 将既有国家页区域入口迁入统一 regions 主键层；ADM1 county; NUTS3 correspondence candidate。官方区域代码、NUTS/ADM 对应关系与边界属性仍需逐条核验。","HR031","Primorje-Gorski Kotar County","Primorje-Gorski Kotar County","NUTS3","NUTS / NUTS3","Eurostat GISCO NUTS 2024","NUTS 2024","https://gisco-services.ec.europa.eu/distribution/v2/nuts/geojson/NUTS_RG_01M_2024_4326_LEVL_3.geojson","Non-commercial research display candidate; attribution required; public display remains gated.","basic_geometry_qa_recorded_pending_country_gate","pending_level_and_definition_alignment"
"croatia_lika_senj","croatia","利卡-塞尼县","Lika-Senj County","Lika-Senj County","NUTS3","HR032","","戈斯皮奇","县","false","true","true","false","false","","not_applicable","0","0","0","0","0","0","0","0","0","0","not_applicable","false","not_applicable","not_applicable","false","false","false","false","正式数据","官方来源","2026-08-02","v0.85 将既有国家页区域入口迁入统一 regions 主键层；ADM1 county; NUTS3 correspondence candidate。官方区域代码、NUTS/ADM 对应关系与边界属性仍需逐条核验。","HR032","Lika-Senj County","Lika-Senj County","NUTS3","NUTS / NUTS3","Eurostat GISCO NUTS 2024","NUTS 2024","https://gisco-services.ec.europa.eu/distribution/v2/nuts/geojson/NUTS_RG_01M_2024_4326_LEVL_3.geojson","Non-commercial research display candidate; attribution required; public display remains gated.","basic_geometry_qa_recorded_pending_country_gate","pending_level_and_definition_alignment"
"croatia_virovitica_podravina","croatia","维罗维蒂察-波德拉维纳县","Virovitica-Podravina County","Virovitica-Podravina County","NUTS3","HR022","","维罗维蒂察","县","false","true","true","false","false","","not_applicable","0","0","0","0","0","0","0","0","0","0","not_applicable","false","not_applicable","not_applicable","false","false","false","false","正式数据","官方来源","2026-08-02","v0.85 将既有国家页区域入口迁入统一 regions 主键层；ADM1 county; NUTS3 correspondence candidate。官方区域代码、NUTS/ADM 对应关系与边界属性仍需逐条核验。","HR022","Virovitica-Podravina County","Virovitica-Podravina County","NUTS3","NUTS / NUTS3","Eurostat GISCO NUTS 2024","NUTS 2024","https://gisco-services.ec.europa.eu/distribution/v2/nuts/geojson/NUTS_RG_01M_2024_4326_LEVL_3.geojson","Non-commercial research display candidate; attribution required; public display remains gated.","basic_geometry_qa_recorded_pending_country_gate","pending_level_and_definition_alignment"
"croatia_pozega_slavonia","croatia","波热加-斯拉沃尼亚县","Pozega-Slavonia County","Pozega-Slavonia County","NUTS3","HR023","","波热加","县","false","true","true","false","false","","not_applicable","0","0","0","0","0","0","0","0","0","0","not_applicable","false","not_applicable","not_applicable","false","false","false","false","正式数据","官方来源","2026-08-02","v0.85 将既有国家页区域入口迁入统一 regions 主键层；ADM1 county; NUTS3 correspondence candidate。官方区域代码、NUTS/ADM 对应关系与边界属性仍需逐条核验。","HR023","Pozega-Slavonia County","Pozega-Slavonia County","NUTS3","NUTS / NUTS3","Eurostat GISCO NUTS 2024","NUTS 2024","https://gisco-services.ec.europa.eu/distribution/v2/nuts/geojson/NUTS_RG_01M_2024_4326_LEVL_3.geojson","Non-commercial research display candidate; attribution required; public display remains gated.","basic_geometry_qa_recorded_pending_country_gate","pending_level_and_definition_alignment"
"croatia_brod_posavina","croatia","布罗德-波萨维纳县","Brod-Posavina County","Brod-Posavina County","NUTS3","HR024","","斯拉沃尼亚布罗德","县","false","true","true","false","false","","not_applicable","0","0","0","0","0","0","0","0","0","0","not_applicable","false","not_applicable","not_applicable","false","false","false","false","正式数据","官方来源","2026-08-02","v0.85 将既有国家页区域入口迁入统一 regions 主键层；ADM1 county; NUTS3 correspondence candidate。官方区域代码、NUTS/ADM 对应关系与边界属性仍需逐条核验。","HR024","Brod-Posavina County","Brod-Posavina County","NUTS3","NUTS / NUTS3","Eurostat GISCO NUTS 2024","NUTS 2024","https://gisco-services.ec.europa.eu/distribution/v2/nuts/geojson/NUTS_RG_01M_2024_4326_LEVL_3.geojson","Non-commercial research display candidate; attribution required; public display remains gated.","basic_geometry_qa_recorded_pending_country_gate","pending_level_and_definition_alignment"
"croatia_zadar","croatia","扎达尔县","Zadar County","Zadar County","NUTS3","HR033","","扎达尔","县","false","true","true","false","false","","not_applicable","0","0","0","0","0","0","0","0","0","0","not_applicable","false","not_applicable","not_applicable","false","false","false","false","正式数据","官方来源","2026-08-02","v0.85 将既有国家页区域入口迁入统一 regions 主键层；ADM1 county; NUTS3 correspondence candidate。官方区域代码、NUTS/ADM 对应关系与边界属性仍需逐条核验。","HR033","Zadar County","Zadar County","NUTS3","NUTS / NUTS3","Eurostat GISCO NUTS 2024","NUTS 2024","https://gisco-services.ec.europa.eu/distribution/v2/nuts/geojson/NUTS_RG_01M_2024_4326_LEVL_3.geojson","Non-commercial research display candidate; attribution required; public display remains gated.","basic_geometry_qa_recorded_pending_country_gate","pending_level_and_definition_alignment"
"croatia_osijek_baranja","croatia","奥西耶克-巴拉尼亚县","Osijek-Baranja County","Osijek-Baranja County","NUTS3","HR025","","奥西耶克","县","false","true","true","false","false","","not_applicable","0","0","0","0","0","0","0","0","0","0","not_applicable","false","not_applicable","not_applicable","false","false","false","false","正式数据","官方来源","2026-08-02","v0.85 将既有国家页区域入口迁入统一 regions 主键层；ADM1 county; NUTS3 correspondence candidate。官方区域代码、NUTS/ADM 对应关系与边界属性仍需逐条核验。","HR025","Osijek-Baranja County","Osijek-Baranja County","NUTS3","NUTS / NUTS3","Eurostat GISCO NUTS 2024","NUTS 2024","https://gisco-services.ec.europa.eu/distribution/v2/nuts/geojson/NUTS_RG_01M_2024_4326_LEVL_3.geojson","Non-commercial research display candidate; attribution required; public display remains gated.","basic_geometry_qa_recorded_pending_country_gate","pending_level_and_definition_alignment"
"croatia_sibenik_knin","croatia","希贝尼克-克宁县","Sibenik-Knin County","Sibenik-Knin County","NUTS3","HR034","","希贝尼克","县","false","true","true","false","false","","not_applicable","0","0","0","0","0","0","0","0","0","0","not_applicable","false","not_applicable","not_applicable","false","false","false","false","正式数据","官方来源","2026-08-02","v0.85 将既有国家页区域入口迁入统一 regions 主键层；ADM1 county; NUTS3 correspondence candidate。官方区域代码、NUTS/ADM 对应关系与边界属性仍需逐条核验。","HR034","Sibenik-Knin County","Sibenik-Knin County","NUTS3","NUTS / NUTS3","Eurostat GISCO NUTS 2024","NUTS 2024","https://gisco-services.ec.europa.eu/distribution/v2/nuts/geojson/NUTS_RG_01M_2024_4326_LEVL_3.geojson","Non-commercial research display candidate; attribution required; public display remains gated.","basic_geometry_qa_recorded_pending_country_gate","pending_level_and_definition_alignment"
"croatia_vukovar_srijem","croatia","武科瓦尔-斯里耶姆县","Vukovar-Srijem County","Vukovar-Srijem County","NUTS3","HR026","","武科瓦尔","县","false","true","true","false","false","","not_applicable","0","0","0","0","0","0","0","0","0","0","not_applicable","false","not_applicable","not_applicable","false","false","false","false","正式数据","官方来源","2026-08-02","v0.85 将既有国家页区域入口迁入统一 regions 主键层；ADM1 county; NUTS3 correspondence candidate。官方区域代码、NUTS/ADM 对应关系与边界属性仍需逐条核验。","HR026","Vukovar-Srijem County","Vukovar-Srijem County","NUTS3","NUTS / NUTS3","Eurostat GISCO NUTS 2024","NUTS 2024","https://gisco-services.ec.europa.eu/distribution/v2/nuts/geojson/NUTS_RG_01M_2024_4326_LEVL_3.geojson","Non-commercial research display candidate; attribution required; public display remains gated.","basic_geometry_qa_recorded_pending_country_gate","pending_level_and_definition_alignment"
"croatia_split_dalmatia","croatia","斯普利特-达尔马提亚县","Split-Dalmatia County","Split-Dalmatia County","NUTS3","HR035","","斯普利特","县","false","true","true","false","false","","not_applicable","0","0","0","0","0","0","0","0","0","0","not_applicable","false","not_applicable","not_applicable","false","false","false","false","正式数据","官方来源","2026-08-02","v0.85 将既有国家页区域入口迁入统一 regions 主键层；ADM1 county; NUTS3 correspondence candidate。官方区域代码、NUTS/ADM 对应关系与边界属性仍需逐条核验。","HR035","Split-Dalmatia County","Split-Dalmatia County","NUTS3","NUTS / NUTS3","Eurostat GISCO NUTS 2024","NUTS 2024","https://gisco-services.ec.europa.eu/distribution/v2/nuts/geojson/NUTS_RG_01M_2024_4326_LEVL_3.geojson","Non-commercial research display candidate; attribution required; public display remains gated.","basic_geometry_qa_recorded_pending_country_gate","pending_level_and_definition_alignment"
"croatia_istria","croatia","伊斯特拉县","Istria County","Istria County","NUTS3","HR036","","帕津","县","false","true","true","false","false","","not_applicable","0","0","0","0","0","0","0","0","0","0","not_applicable","false","not_applicable","not_applicable","false","false","false","false","正式数据","官方来源","2026-08-02","v0.85 将既有国家页区域入口迁入统一 regions 主键层；ADM1 county; NUTS3 correspondence candidate。官方区域代码、NUTS/ADM 对应关系与边界属性仍需逐条核验。","HR036","Istria County","Istria County","NUTS3","NUTS / NUTS3","Eurostat GISCO NUTS 2024","NUTS 2024","https://gisco-services.ec.europa.eu/distribution/v2/nuts/geojson/NUTS_RG_01M_2024_4326_LEVL_3.geojson","Non-commercial research display candidate; attribution required; public display remains gated.","basic_geometry_qa_recorded_pending_country_gate","pending_level_and_definition_alignment"
"croatia_dubrovnik_neretva","croatia","杜布罗夫尼克-内雷特瓦县","Dubrovnik-Neretva County","Dubrovnik-Neretva County","NUTS3","HR037","","杜布罗夫尼克","县","false","true","true","false","false","","not_applicable","0","0","0","0","0","0","0","0","0","0","not_applicable","false","not_applicable","not_applicable","false","false","false","false","正式数据","官方来源","2026-08-02","v0.85 将既有国家页区域入口迁入统一 regions 主键层；ADM1 county; NUTS3 correspondence candidate。官方区域代码、NUTS/ADM 对应关系与边界属性仍需逐条核验。","HR037","Dubrovnik-Neretva County","Dubrovnik-Neretva County","NUTS3","NUTS / NUTS3","Eurostat GISCO NUTS 2024","NUTS 2024","https://gisco-services.ec.europa.eu/distribution/v2/nuts/geojson/NUTS_RG_01M_2024_4326_LEVL_3.geojson","Non-commercial research display candidate; attribution required; public display remains gated.","basic_geometry_qa_recorded_pending_country_gate","pending_level_and_definition_alignment"
"croatia_medimurje","croatia","梅吉穆列县","Medimurje County","Medimurje County","NUTS3","HR061","","查科韦茨","县","false","true","true","false","false","","not_applicable","0","0","0","0","0","0","0","0","0","0","not_applicable","false","not_applicable","not_applicable","false","false","false","false","正式数据","官方来源","2026-08-02","v0.85 将既有国家页区域入口迁入统一 regions 主键层；ADM1 county; NUTS3 correspondence candidate。官方区域代码、NUTS/ADM 对应关系与边界属性仍需逐条核验。","HR061","Medimurje County","Medimurje County","NUTS3","NUTS / NUTS3","Eurostat GISCO NUTS 2024","NUTS 2024","https://gisco-services.ec.europa.eu/distribution/v2/nuts/geojson/NUTS_RG_01M_2024_4326_LEVL_3.geojson","Non-commercial research display candidate; attribution required; public display remains gated.","basic_geometry_qa_recorded_pending_country_gate","pending_level_and_definition_alignment"
"croatia_zagreb_city","croatia","萨格勒布市","City of Zagreb","City of Zagreb","NUTS3","HR050","","萨格勒布","市 / 首都","false","true","true","false","false","","not_applicable","0","0","0","0","0","0","0","0","0","0","not_applicable","false","not_applicable","not_applicable","false","false","false","false","正式数据","官方来源","2026-08-02","v0.85 将既有国家页区域入口迁入统一 regions 主键层；ADM1 county; NUTS3 correspondence candidate。官方区域代码、NUTS/ADM 对应关系与边界属性仍需逐条核验。","HR050","City of Zagreb","City of Zagreb","NUTS3","NUTS / NUTS3","Eurostat GISCO NUTS 2024","NUTS 2024","https://gisco-services.ec.europa.eu/distribution/v2/nuts/geojson/NUTS_RG_01M_2024_4326_LEVL_3.geojson","Non-commercial research display candidate; attribution required; public display remains gated.","basic_geometry_qa_recorded_pending_country_gate","pending_level_and_definition_alignment"
