region_observation_id,country_id,region_id,region_indicator_id,year,value,unit,value_status,source_name,source_url,source_reliability,calculation_method,last_updated,notes
"poland_lower_silesian_regional_population_change_pct_2024","poland","poland_lower_silesian","regional_population_change_pct","2024","-0.99","%","计算值","Eurostat regional statistics","https://ec.europa.eu/eurostat/api/dissemination/statistics/1.0/data/demo_r_pjanaggr3?sex=T&age=TOTAL&unit=NR","A","(value_2024 / value_2021 - 1) * 100; start_year=2021; end_year=2024; source_indicator=regional_population.","2026-08-15","Historical factual change, not a forecast, risk score, or performance rating."
"poland_lower_silesian_regional_gdp_per_capita_change_pct_2024","poland","poland_lower_silesian","regional_gdp_per_capita_change_pct","2024","43.72","%","计算值","Eurostat regional statistics","https://ec.europa.eu/eurostat/api/dissemination/statistics/1.0/data/nama_10r_3gdp?unit=MIO_EUR | https://ec.europa.eu/eurostat/api/dissemination/statistics/1.0/data/demo_r_pjanaggr3?sex=T&age=TOTAL&unit=NR","A","(value_2024 / value_2021 - 1) * 100; start_year=2021; end_year=2024; source_indicator=regional_gdp_per_capita.","2026-08-15","Historical factual change, not a forecast, risk score, or performance rating."
"poland_lower_silesian_regional_unemployment_change_pp_2024","poland","poland_lower_silesian","regional_unemployment_change_pp","2024","-0.7","百分点","计算值","Eurostat regional labour market statistics","https://ec.europa.eu/eurostat/api/dissemination/statistics/1.0/data/lfst_r_lfu3rt?sex=T&age=Y15-74&isced11=TOTAL&unit=PC&sinceTimePeriod=2021&untilTimePeriod=2024&lang=en","A","value_2024 - value_2021; start_year=2021; end_year=2024; source_indicator=regional_unemployment_rate.","2026-08-15","Historical factual change, not a forecast, risk score, or performance rating."
"poland_kuyavian_pomeranian_regional_population_change_pct_2024","poland","poland_kuyavian_pomeranian","regional_population_change_pct","2024","-1.9","%","计算值","Eurostat regional statistics","https://ec.europa.eu/eurostat/api/dissemination/statistics/1.0/data/demo_r_pjanaggr3?sex=T&age=TOTAL&unit=NR","A","(value_2024 / value_2021 - 1) * 100; start_year=2021; end_year=2024; source_indicator=regional_population.","2026-08-15","Historical factual change, not a forecast, risk score, or performance rating."
"poland_kuyavian_pomeranian_regional_gdp_per_capita_change_pct_2024","poland","poland_kuyavian_pomeranian","regional_gdp_per_capita_change_pct","2024","43.33","%","计算值","Eurostat regional statistics","https://ec.europa.eu/eurostat/api/dissemination/statistics/1.0/data/nama_10r_3gdp?unit=MIO_EUR | https://ec.europa.eu/eurostat/api/dissemination/statistics/1.0/data/demo_r_pjanaggr3?sex=T&age=TOTAL&unit=NR","A","(value_2024 / value_2021 - 1) * 100; start_year=2021; end_year=2024; source_indicator=regional_gdp_per_capita.","2026-08-15","Historical factual change, not a forecast, risk score, or performance rating."
"poland_kuyavian_pomeranian_regional_unemployment_change_pp_2024","poland","poland_kuyavian_pomeranian","regional_unemployment_change_pp","2024","-0.3","百分点","计算值","Eurostat regional labour market statistics","https://ec.europa.eu/eurostat/api/dissemination/statistics/1.0/data/lfst_r_lfu3rt?sex=T&age=Y15-74&isced11=TOTAL&unit=PC&sinceTimePeriod=2021&untilTimePeriod=2024&lang=en","A","value_2024 - value_2021; start_year=2021; end_year=2024; source_indicator=regional_unemployment_rate.","2026-08-15","Historical factual change, not a forecast, risk score, or performance rating."
"poland_lublin_regional_population_change_pct_2024","poland","poland_lublin","regional_population_change_pct","2024","-2.36","%","计算值","Eurostat regional statistics","https://ec.europa.eu/eurostat/api/dissemination/statistics/1.0/data/demo_r_pjanaggr3?sex=T&age=TOTAL&unit=NR","A","(value_2024 / value_2021 - 1) * 100; start_year=2021; end_year=2024; source_indicator=regional_population.","2026-08-15","Historical factual change, not a forecast, risk score, or performance rating."
"poland_lublin_regional_gdp_per_capita_change_pct_2024","poland","poland_lublin","regional_gdp_per_capita_change_pct","2024","47.18","%","计算值","Eurostat regional statistics","https://ec.europa.eu/eurostat/api/dissemination/statistics/1.0/data/nama_10r_3gdp?unit=MIO_EUR | https://ec.europa.eu/eurostat/api/dissemination/statistics/1.0/data/demo_r_pjanaggr3?sex=T&age=TOTAL&unit=NR","A","(value_2024 / value_2021 - 1) * 100; start_year=2021; end_year=2024; source_indicator=regional_gdp_per_capita.","2026-08-15","Historical factual change, not a forecast, risk score, or performance rating."
"poland_lublin_regional_unemployment_change_pp_2024","poland","poland_lublin","regional_unemployment_change_pp","2024","-1.9","百分点","计算值","Eurostat regional labour market statistics","https://ec.europa.eu/eurostat/api/dissemination/statistics/1.0/data/lfst_r_lfu3rt?sex=T&age=Y15-74&isced11=TOTAL&unit=PC&sinceTimePeriod=2021&untilTimePeriod=2024&lang=en","A","value_2024 - value_2021; start_year=2021; end_year=2024; source_indicator=regional_unemployment_rate.","2026-08-15","Historical factual change, not a forecast, risk score, or performance rating."
"poland_lubusz_regional_population_change_pct_2024","poland","poland_lubusz","regional_population_change_pct","2024","-1.87","%","计算值","Eurostat regional statistics","https://ec.europa.eu/eurostat/api/dissemination/statistics/1.0/data/demo_r_pjanaggr3?sex=T&age=TOTAL&unit=NR","A","(value_2024 / value_2021 - 1) * 100; start_year=2021; end_year=2024; source_indicator=regional_population.","2026-08-15","Historical factual change, not a forecast, risk score, or performance rating."
"poland_lubusz_regional_gdp_per_capita_change_pct_2024","poland","poland_lubusz","regional_gdp_per_capita_change_pct","2024","44.27","%","计算值","Eurostat regional statistics","https://ec.europa.eu/eurostat/api/dissemination/statistics/1.0/data/nama_10r_3gdp?unit=MIO_EUR | https://ec.europa.eu/eurostat/api/dissemination/statistics/1.0/data/demo_r_pjanaggr3?sex=T&age=TOTAL&unit=NR","A","(value_2024 / value_2021 - 1) * 100; start_year=2021; end_year=2024; source_indicator=regional_gdp_per_capita.","2026-08-15","Historical factual change, not a forecast, risk score, or performance rating."
"poland_lodz_regional_population_change_pct_2024","poland","poland_lodz","regional_population_change_pct","2024","-2.26","%","计算值","Eurostat regional statistics","https://ec.europa.eu/eurostat/api/dissemination/statistics/1.0/data/demo_r_pjanaggr3?sex=T&age=TOTAL&unit=NR","A","(value_2024 / value_2021 - 1) * 100; start_year=2021; end_year=2024; source_indicator=regional_population.","2026-08-15","Historical factual change, not a forecast, risk score, or performance rating."
"poland_lodz_regional_gdp_per_capita_change_pct_2024","poland","poland_lodz","regional_gdp_per_capita_change_pct","2024","46.3","%","计算值","Eurostat regional statistics","https://ec.europa.eu/eurostat/api/dissemination/statistics/1.0/data/nama_10r_3gdp?unit=MIO_EUR | https://ec.europa.eu/eurostat/api/dissemination/statistics/1.0/data/demo_r_pjanaggr3?sex=T&age=TOTAL&unit=NR","A","(value_2024 / value_2021 - 1) * 100; start_year=2021; end_year=2024; source_indicator=regional_gdp_per_capita.","2026-08-15","Historical factual change, not a forecast, risk score, or performance rating."
"poland_lodz_regional_unemployment_change_pp_2024","poland","poland_lodz","regional_unemployment_change_pp","2024","-1","百分点","计算值","Eurostat regional labour market statistics","https://ec.europa.eu/eurostat/api/dissemination/statistics/1.0/data/lfst_r_lfu3rt?sex=T&age=Y15-74&isced11=TOTAL&unit=PC&sinceTimePeriod=2021&untilTimePeriod=2024&lang=en","A","value_2024 - value_2021; start_year=2021; end_year=2024; source_indicator=regional_unemployment_rate.","2026-08-15","Historical factual change, not a forecast, risk score, or performance rating."
"poland_lesser_poland_regional_population_change_pct_2024","poland","poland_lesser_poland","regional_population_change_pct","2024","-0.17","%","计算值","Eurostat regional statistics","https://ec.europa.eu/eurostat/api/dissemination/statistics/1.0/data/demo_r_pjanaggr3?sex=T&age=TOTAL&unit=NR","A","(value_2024 / value_2021 - 1) * 100; start_year=2021; end_year=2024; source_indicator=regional_population.","2026-08-15","Historical factual change, not a forecast, risk score, or performance rating."
"poland_lesser_poland_regional_gdp_per_capita_change_pct_2024","poland","poland_lesser_poland","regional_gdp_per_capita_change_pct","2024","44.72","%","计算值","Eurostat regional statistics","https://ec.europa.eu/eurostat/api/dissemination/statistics/1.0/data/nama_10r_3gdp?unit=MIO_EUR | https://ec.europa.eu/eurostat/api/dissemination/statistics/1.0/data/demo_r_pjanaggr3?sex=T&age=TOTAL&unit=NR","A","(value_2024 / value_2021 - 1) * 100; start_year=2021; end_year=2024; source_indicator=regional_gdp_per_capita.","2026-08-15","Historical factual change, not a forecast, risk score, or performance rating."
"poland_lesser_poland_regional_unemployment_change_pp_2024","poland","poland_lesser_poland","regional_unemployment_change_pp","2024","-0.7","百分点","计算值","Eurostat regional labour market statistics","https://ec.europa.eu/eurostat/api/dissemination/statistics/1.0/data/lfst_r_lfu3rt?sex=T&age=Y15-74&isced11=TOTAL&unit=PC&sinceTimePeriod=2021&untilTimePeriod=2024&lang=en","A","value_2024 - value_2021; start_year=2021; end_year=2024; source_indicator=regional_unemployment_rate.","2026-08-15","Historical factual change, not a forecast, risk score, or performance rating."
"poland_masovian_regional_population_change_pct_2024","poland","poland_masovian","regional_population_change_pct","2024","-0.04","%","计算值","Eurostat regional statistics","https://ec.europa.eu/eurostat/api/dissemination/statistics/1.0/data/demo_r_pjanaggr3?sex=T&age=TOTAL&unit=NR","A","(value_2024 / value_2021 - 1) * 100; start_year=2021; end_year=2024; source_indicator=regional_population.","2026-08-15","Historical factual change, not a forecast, risk score, or performance rating."
"poland_masovian_regional_gdp_per_capita_change_pct_2024","poland","poland_masovian","regional_gdp_per_capita_change_pct","2024","54.15","%","计算值","Eurostat regional statistics","https://ec.europa.eu/eurostat/api/dissemination/statistics/1.0/data/nama_10r_3gdp?unit=MIO_EUR | https://ec.europa.eu/eurostat/api/dissemination/statistics/1.0/data/demo_r_pjanaggr3?sex=T&age=TOTAL&unit=NR","A","(value_2024 / value_2021 - 1) * 100; start_year=2021; end_year=2024; source_indicator=regional_gdp_per_capita.","2026-08-15","Historical factual change, not a forecast, risk score, or performance rating."
"poland_masovian_regional_unemployment_change_pp_2024","poland","poland_masovian","regional_unemployment_change_pp","2024","0.1","百分点","计算值","Eurostat regional labour market statistics","https://ec.europa.eu/eurostat/api/dissemination/statistics/1.0/data/lfst_r_lfu3rt?sex=T&age=Y15-74&isced11=TOTAL&unit=PC&sinceTimePeriod=2021&untilTimePeriod=2024&lang=en","A","value_2024 - value_2021; start_year=2021; end_year=2024; source_indicator=regional_unemployment_rate.","2026-08-15","Historical factual change, not a forecast, risk score, or performance rating."
"poland_opole_regional_population_change_pct_2024","poland","poland_opole","regional_population_change_pct","2024","-2.19","%","计算值","Eurostat regional statistics","https://ec.europa.eu/eurostat/api/dissemination/statistics/1.0/data/demo_r_pjanaggr3?sex=T&age=TOTAL&unit=NR","A","(value_2024 / value_2021 - 1) * 100; start_year=2021; end_year=2024; source_indicator=regional_population.","2026-08-15","Historical factual change, not a forecast, risk score, or performance rating."
"poland_opole_regional_gdp_per_capita_change_pct_2024","poland","poland_opole","regional_gdp_per_capita_change_pct","2024","41.73","%","计算值","Eurostat regional statistics","https://ec.europa.eu/eurostat/api/dissemination/statistics/1.0/data/nama_10r_3gdp?unit=MIO_EUR | https://ec.europa.eu/eurostat/api/dissemination/statistics/1.0/data/demo_r_pjanaggr3?sex=T&age=TOTAL&unit=NR","A","(value_2024 / value_2021 - 1) * 100; start_year=2021; end_year=2024; source_indicator=regional_gdp_per_capita.","2026-08-15","Historical factual change, not a forecast, risk score, or performance rating."
"poland_opole_regional_unemployment_change_pp_2024","poland","poland_opole","regional_unemployment_change_pp","2024","-0.4","百分点","计算值","Eurostat regional labour market statistics","https://ec.europa.eu/eurostat/api/dissemination/statistics/1.0/data/lfst_r_lfu3rt?sex=T&age=Y15-74&isced11=TOTAL&unit=PC&sinceTimePeriod=2021&untilTimePeriod=2024&lang=en","A","value_2024 - value_2021; start_year=2021; end_year=2024; source_indicator=regional_unemployment_rate.","2026-08-15","Historical factual change, not a forecast, risk score, or performance rating."
"poland_subcarpathian_regional_population_change_pct_2024","poland","poland_subcarpathian","regional_population_change_pct","2024","-1.21","%","计算值","Eurostat regional statistics","https://ec.europa.eu/eurostat/api/dissemination/statistics/1.0/data/demo_r_pjanaggr3?sex=T&age=TOTAL&unit=NR","A","(value_2024 / value_2021 - 1) * 100; start_year=2021; end_year=2024; source_indicator=regional_population.","2026-08-15","Historical factual change, not a forecast, risk score, or performance rating."
"poland_subcarpathian_regional_gdp_per_capita_change_pct_2024","poland","poland_subcarpathian","regional_gdp_per_capita_change_pct","2024","47.15","%","计算值","Eurostat regional statistics","https://ec.europa.eu/eurostat/api/dissemination/statistics/1.0/data/nama_10r_3gdp?unit=MIO_EUR | https://ec.europa.eu/eurostat/api/dissemination/statistics/1.0/data/demo_r_pjanaggr3?sex=T&age=TOTAL&unit=NR","A","(value_2024 / value_2021 - 1) * 100; start_year=2021; end_year=2024; source_indicator=regional_gdp_per_capita.","2026-08-15","Historical factual change, not a forecast, risk score, or performance rating."
"poland_subcarpathian_regional_unemployment_change_pp_2024","poland","poland_subcarpathian","regional_unemployment_change_pp","2024","-1.1","百分点","计算值","Eurostat regional labour market statistics","https://ec.europa.eu/eurostat/api/dissemination/statistics/1.0/data/lfst_r_lfu3rt?sex=T&age=Y15-74&isced11=TOTAL&unit=PC&sinceTimePeriod=2021&untilTimePeriod=2024&lang=en","A","value_2024 - value_2021; start_year=2021; end_year=2024; source_indicator=regional_unemployment_rate.","2026-08-15","Historical factual change, not a forecast, risk score, or performance rating."
"poland_podlaskie_regional_population_change_pct_2024","poland","poland_podlaskie","regional_population_change_pct","2024","-1.69","%","计算值","Eurostat regional statistics","https://ec.europa.eu/eurostat/api/dissemination/statistics/1.0/data/demo_r_pjanaggr3?sex=T&age=TOTAL&unit=NR","A","(value_2024 / value_2021 - 1) * 100; start_year=2021; end_year=2024; source_indicator=regional_population.","2026-08-15","Historical factual change, not a forecast, risk score, or performance rating."
"poland_podlaskie_regional_gdp_per_capita_change_pct_2024","poland","poland_podlaskie","regional_gdp_per_capita_change_pct","2024","48.21","%","计算值","Eurostat regional statistics","https://ec.europa.eu/eurostat/api/dissemination/statistics/1.0/data/nama_10r_3gdp?unit=MIO_EUR | https://ec.europa.eu/eurostat/api/dissemination/statistics/1.0/data/demo_r_pjanaggr3?sex=T&age=TOTAL&unit=NR","A","(value_2024 / value_2021 - 1) * 100; start_year=2021; end_year=2024; source_indicator=regional_gdp_per_capita.","2026-08-15","Historical factual change, not a forecast, risk score, or performance rating."
"poland_podlaskie_regional_unemployment_change_pp_2024","poland","poland_podlaskie","regional_unemployment_change_pp","2024","-0.3","百分点","计算值","Eurostat regional labour market statistics","https://ec.europa.eu/eurostat/api/dissemination/statistics/1.0/data/lfst_r_lfu3rt?sex=T&age=Y15-74&isced11=TOTAL&unit=PC&sinceTimePeriod=2021&untilTimePeriod=2024&lang=en","A","value_2024 - value_2021; start_year=2021; end_year=2024; source_indicator=regional_unemployment_rate.","2026-08-15","Historical factual change, not a forecast, risk score, or performance rating."
"poland_pomeranian_regional_population_change_pct_2024","poland","poland_pomeranian","regional_population_change_pct","2024","0.06","%","计算值","Eurostat regional statistics","https://ec.europa.eu/eurostat/api/dissemination/statistics/1.0/data/demo_r_pjanaggr3?sex=T&age=TOTAL&unit=NR","A","(value_2024 / value_2021 - 1) * 100; start_year=2021; end_year=2024; source_indicator=regional_population.","2026-08-15","Historical factual change, not a forecast, risk score, or performance rating."
"poland_pomeranian_regional_gdp_per_capita_change_pct_2024","poland","poland_pomeranian","regional_gdp_per_capita_change_pct","2024","46.76","%","计算值","Eurostat regional statistics","https://ec.europa.eu/eurostat/api/dissemination/statistics/1.0/data/nama_10r_3gdp?unit=MIO_EUR | https://ec.europa.eu/eurostat/api/dissemination/statistics/1.0/data/demo_r_pjanaggr3?sex=T&age=TOTAL&unit=NR","A","(value_2024 / value_2021 - 1) * 100; start_year=2021; end_year=2024; source_indicator=regional_gdp_per_capita.","2026-08-15","Historical factual change, not a forecast, risk score, or performance rating."
"poland_pomeranian_regional_unemployment_change_pp_2024","poland","poland_pomeranian","regional_unemployment_change_pp","2024","-0.2","百分点","计算值","Eurostat regional labour market statistics","https://ec.europa.eu/eurostat/api/dissemination/statistics/1.0/data/lfst_r_lfu3rt?sex=T&age=Y15-74&isced11=TOTAL&unit=PC&sinceTimePeriod=2021&untilTimePeriod=2024&lang=en","A","value_2024 - value_2021; start_year=2021; end_year=2024; source_indicator=regional_unemployment_rate.","2026-08-15","Historical factual change, not a forecast, risk score, or performance rating."
"poland_silesian_regional_population_change_pct_2024","poland","poland_silesian","regional_population_change_pct","2024","-2.15","%","计算值","Eurostat regional statistics","https://ec.europa.eu/eurostat/api/dissemination/statistics/1.0/data/demo_r_pjanaggr3?sex=T&age=TOTAL&unit=NR","A","(value_2024 / value_2021 - 1) * 100; start_year=2021; end_year=2024; source_indicator=regional_population.","2026-08-15","Historical factual change, not a forecast, risk score, or performance rating."
"poland_silesian_regional_gdp_per_capita_change_pct_2024","poland","poland_silesian","regional_gdp_per_capita_change_pct","2024","43.46","%","计算值","Eurostat regional statistics","https://ec.europa.eu/eurostat/api/dissemination/statistics/1.0/data/nama_10r_3gdp?unit=MIO_EUR | https://ec.europa.eu/eurostat/api/dissemination/statistics/1.0/data/demo_r_pjanaggr3?sex=T&age=TOTAL&unit=NR","A","(value_2024 / value_2021 - 1) * 100; start_year=2021; end_year=2024; source_indicator=regional_gdp_per_capita.","2026-08-15","Historical factual change, not a forecast, risk score, or performance rating."
"poland_silesian_regional_unemployment_change_pp_2024","poland","poland_silesian","regional_unemployment_change_pp","2024","-0.5","百分点","计算值","Eurostat regional labour market statistics","https://ec.europa.eu/eurostat/api/dissemination/statistics/1.0/data/lfst_r_lfu3rt?sex=T&age=Y15-74&isced11=TOTAL&unit=PC&sinceTimePeriod=2021&untilTimePeriod=2024&lang=en","A","value_2024 - value_2021; start_year=2021; end_year=2024; source_indicator=regional_unemployment_rate.","2026-08-15","Historical factual change, not a forecast, risk score, or performance rating."
"poland_swietokrzyskie_regional_population_change_pct_2024","poland","poland_swietokrzyskie","regional_population_change_pct","2024","-2.71","%","计算值","Eurostat regional statistics","https://ec.europa.eu/eurostat/api/dissemination/statistics/1.0/data/demo_r_pjanaggr3?sex=T&age=TOTAL&unit=NR","A","(value_2024 / value_2021 - 1) * 100; start_year=2021; end_year=2024; source_indicator=regional_population.","2026-08-15","Historical factual change, not a forecast, risk score, or performance rating."
"poland_swietokrzyskie_regional_gdp_per_capita_change_pct_2024","poland","poland_swietokrzyskie","regional_gdp_per_capita_change_pct","2024","48.86","%","计算值","Eurostat regional statistics","https://ec.europa.eu/eurostat/api/dissemination/statistics/1.0/data/nama_10r_3gdp?unit=MIO_EUR | https://ec.europa.eu/eurostat/api/dissemination/statistics/1.0/data/demo_r_pjanaggr3?sex=T&age=TOTAL&unit=NR","A","(value_2024 / value_2021 - 1) * 100; start_year=2021; end_year=2024; source_indicator=regional_gdp_per_capita.","2026-08-15","Historical factual change, not a forecast, risk score, or performance rating."
"poland_swietokrzyskie_regional_unemployment_change_pp_2024","poland","poland_swietokrzyskie","regional_unemployment_change_pp","2024","-0.8","百分点","计算值","Eurostat regional labour market statistics","https://ec.europa.eu/eurostat/api/dissemination/statistics/1.0/data/lfst_r_lfu3rt?sex=T&age=Y15-74&isced11=TOTAL&unit=PC&sinceTimePeriod=2021&untilTimePeriod=2024&lang=en","A","value_2024 - value_2021; start_year=2021; end_year=2024; source_indicator=regional_unemployment_rate.","2026-08-15","Historical factual change, not a forecast, risk score, or performance rating."
"poland_warmian_masurian_regional_population_change_pct_2024","poland","poland_warmian_masurian","regional_population_change_pct","2024","-2.13","%","计算值","Eurostat regional statistics","https://ec.europa.eu/eurostat/api/dissemination/statistics/1.0/data/demo_r_pjanaggr3?sex=T&age=TOTAL&unit=NR","A","(value_2024 / value_2021 - 1) * 100; start_year=2021; end_year=2024; source_indicator=regional_population.","2026-08-15","Historical factual change, not a forecast, risk score, or performance rating."
"poland_warmian_masurian_regional_gdp_per_capita_change_pct_2024","poland","poland_warmian_masurian","regional_gdp_per_capita_change_pct","2024","43.07","%","计算值","Eurostat regional statistics","https://ec.europa.eu/eurostat/api/dissemination/statistics/1.0/data/nama_10r_3gdp?unit=MIO_EUR | https://ec.europa.eu/eurostat/api/dissemination/statistics/1.0/data/demo_r_pjanaggr3?sex=T&age=TOTAL&unit=NR","A","(value_2024 / value_2021 - 1) * 100; start_year=2021; end_year=2024; source_indicator=regional_gdp_per_capita.","2026-08-15","Historical factual change, not a forecast, risk score, or performance rating."
"poland_warmian_masurian_regional_unemployment_change_pp_2024","poland","poland_warmian_masurian","regional_unemployment_change_pp","2024","0.3","百分点","计算值","Eurostat regional labour market statistics","https://ec.europa.eu/eurostat/api/dissemination/statistics/1.0/data/lfst_r_lfu3rt?sex=T&age=Y15-74&isced11=TOTAL&unit=PC&sinceTimePeriod=2021&untilTimePeriod=2024&lang=en","A","value_2024 - value_2021; start_year=2021; end_year=2024; source_indicator=regional_unemployment_rate.","2026-08-15","Historical factual change, not a forecast, risk score, or performance rating."
"poland_greater_poland_regional_population_change_pct_2024","poland","poland_greater_poland","regional_population_change_pct","2024","-0.49","%","计算值","Eurostat regional statistics","https://ec.europa.eu/eurostat/api/dissemination/statistics/1.0/data/demo_r_pjanaggr3?sex=T&age=TOTAL&unit=NR","A","(value_2024 / value_2021 - 1) * 100; start_year=2021; end_year=2024; source_indicator=regional_population.","2026-08-15","Historical factual change, not a forecast, risk score, or performance rating."
"poland_greater_poland_regional_gdp_per_capita_change_pct_2024","poland","poland_greater_poland","regional_gdp_per_capita_change_pct","2024","45.96","%","计算值","Eurostat regional statistics","https://ec.europa.eu/eurostat/api/dissemination/statistics/1.0/data/nama_10r_3gdp?unit=MIO_EUR | https://ec.europa.eu/eurostat/api/dissemination/statistics/1.0/data/demo_r_pjanaggr3?sex=T&age=TOTAL&unit=NR","A","(value_2024 / value_2021 - 1) * 100; start_year=2021; end_year=2024; source_indicator=regional_gdp_per_capita.","2026-08-15","Historical factual change, not a forecast, risk score, or performance rating."
"poland_greater_poland_regional_unemployment_change_pp_2024","poland","poland_greater_poland","regional_unemployment_change_pp","2024","0","百分点","计算值","Eurostat regional labour market statistics","https://ec.europa.eu/eurostat/api/dissemination/statistics/1.0/data/lfst_r_lfu3rt?sex=T&age=Y15-74&isced11=TOTAL&unit=PC&sinceTimePeriod=2021&untilTimePeriod=2024&lang=en","A","value_2024 - value_2021; start_year=2021; end_year=2024; source_indicator=regional_unemployment_rate.","2026-08-15","Historical factual change, not a forecast, risk score, or performance rating."
"poland_west_pomeranian_regional_population_change_pct_2024","poland","poland_west_pomeranian","regional_population_change_pct","2024","-1.88","%","计算值","Eurostat regional statistics","https://ec.europa.eu/eurostat/api/dissemination/statistics/1.0/data/demo_r_pjanaggr3?sex=T&age=TOTAL&unit=NR","A","(value_2024 / value_2021 - 1) * 100; start_year=2021; end_year=2024; source_indicator=regional_population.","2026-08-15","Historical factual change, not a forecast, risk score, or performance rating."
"poland_west_pomeranian_regional_gdp_per_capita_change_pct_2024","poland","poland_west_pomeranian","regional_gdp_per_capita_change_pct","2024","43.53","%","计算值","Eurostat regional statistics","https://ec.europa.eu/eurostat/api/dissemination/statistics/1.0/data/nama_10r_3gdp?unit=MIO_EUR | https://ec.europa.eu/eurostat/api/dissemination/statistics/1.0/data/demo_r_pjanaggr3?sex=T&age=TOTAL&unit=NR","A","(value_2024 / value_2021 - 1) * 100; start_year=2021; end_year=2024; source_indicator=regional_gdp_per_capita.","2026-08-15","Historical factual change, not a forecast, risk score, or performance rating."
"poland_west_pomeranian_regional_unemployment_change_pp_2024","poland","poland_west_pomeranian","regional_unemployment_change_pp","2024","-0.8","百分点","计算值","Eurostat regional labour market statistics","https://ec.europa.eu/eurostat/api/dissemination/statistics/1.0/data/lfst_r_lfu3rt?sex=T&age=Y15-74&isced11=TOTAL&unit=PC&sinceTimePeriod=2021&untilTimePeriod=2024&lang=en","A","value_2024 - value_2021; start_year=2021; end_year=2024; source_indicator=regional_unemployment_rate.","2026-08-15","Historical factual change, not a forecast, risk score, or performance rating."
"hungary_budapest_regional_population_change_pct_2024","hungary","hungary_budapest","regional_population_change_pct","2024","-0.25","%","计算值","Eurostat regional statistics","https://ec.europa.eu/eurostat/api/dissemination/statistics/1.0/data/demo_r_pjanaggr3?sex=T&age=TOTAL&unit=NR","A","(value_2024 / value_2021 - 1) * 100; start_year=2021; end_year=2024; source_indicator=regional_population.","2026-08-15","Historical factual change, not a forecast, risk score, or performance rating."
"hungary_budapest_regional_gdp_per_capita_change_pct_2024","hungary","hungary_budapest","regional_gdp_per_capita_change_pct","2024","40.04","%","计算值","Eurostat regional statistics","https://ec.europa.eu/eurostat/api/dissemination/statistics/1.0/data/nama_10r_3gdp?unit=MIO_EUR | https://ec.europa.eu/eurostat/api/dissemination/statistics/1.0/data/demo_r_pjanaggr3?sex=T&age=TOTAL&unit=NR","A","(value_2024 / value_2021 - 1) * 100; start_year=2021; end_year=2024; source_indicator=regional_gdp_per_capita.","2026-08-15","Historical factual change, not a forecast, risk score, or performance rating."
"hungary_bacs_kiskun_regional_population_change_pct_2024","hungary","hungary_bacs_kiskun","regional_population_change_pct","2024","-1.27","%","计算值","Eurostat regional statistics","https://ec.europa.eu/eurostat/api/dissemination/statistics/1.0/data/demo_r_pjanaggr3?sex=T&age=TOTAL&unit=NR","A","(value_2024 / value_2021 - 1) * 100; start_year=2021; end_year=2024; source_indicator=regional_population.","2026-08-15","Historical factual change, not a forecast, risk score, or performance rating."
"hungary_bacs_kiskun_regional_gdp_per_capita_change_pct_2024","hungary","hungary_bacs_kiskun","regional_gdp_per_capita_change_pct","2024","26.6","%","计算值","Eurostat regional statistics","https://ec.europa.eu/eurostat/api/dissemination/statistics/1.0/data/nama_10r_3gdp?unit=MIO_EUR | https://ec.europa.eu/eurostat/api/dissemination/statistics/1.0/data/demo_r_pjanaggr3?sex=T&age=TOTAL&unit=NR","A","(value_2024 / value_2021 - 1) * 100; start_year=2021; end_year=2024; source_indicator=regional_gdp_per_capita.","2026-08-15","Historical factual change, not a forecast, risk score, or performance rating."
"hungary_baranya_regional_population_change_pct_2024","hungary","hungary_baranya","regional_population_change_pct","2024","-1.72","%","计算值","Eurostat regional statistics","https://ec.europa.eu/eurostat/api/dissemination/statistics/1.0/data/demo_r_pjanaggr3?sex=T&age=TOTAL&unit=NR","A","(value_2024 / value_2021 - 1) * 100; start_year=2021; end_year=2024; source_indicator=regional_population.","2026-08-15","Historical factual change, not a forecast, risk score, or performance rating."
"hungary_baranya_regional_gdp_per_capita_change_pct_2024","hungary","hungary_baranya","regional_gdp_per_capita_change_pct","2024","30.36","%","计算值","Eurostat regional statistics","https://ec.europa.eu/eurostat/api/dissemination/statistics/1.0/data/nama_10r_3gdp?unit=MIO_EUR | https://ec.europa.eu/eurostat/api/dissemination/statistics/1.0/data/demo_r_pjanaggr3?sex=T&age=TOTAL&unit=NR","A","(value_2024 / value_2021 - 1) * 100; start_year=2021; end_year=2024; source_indicator=regional_gdp_per_capita.","2026-08-15","Historical factual change, not a forecast, risk score, or performance rating."
"hungary_bekes_regional_population_change_pct_2024","hungary","hungary_bekes","regional_population_change_pct","2024","-3.34","%","计算值","Eurostat regional statistics","https://ec.europa.eu/eurostat/api/dissemination/statistics/1.0/data/demo_r_pjanaggr3?sex=T&age=TOTAL&unit=NR","A","(value_2024 / value_2021 - 1) * 100; start_year=2021; end_year=2024; source_indicator=regional_population.","2026-08-15","Historical factual change, not a forecast, risk score, or performance rating."
"hungary_bekes_regional_gdp_per_capita_change_pct_2024","hungary","hungary_bekes","regional_gdp_per_capita_change_pct","2024","27.84","%","计算值","Eurostat regional statistics","https://ec.europa.eu/eurostat/api/dissemination/statistics/1.0/data/nama_10r_3gdp?unit=MIO_EUR | https://ec.europa.eu/eurostat/api/dissemination/statistics/1.0/data/demo_r_pjanaggr3?sex=T&age=TOTAL&unit=NR","A","(value_2024 / value_2021 - 1) * 100; start_year=2021; end_year=2024; source_indicator=regional_gdp_per_capita.","2026-08-15","Historical factual change, not a forecast, risk score, or performance rating."
"hungary_borsod_abauj_zemplen_regional_population_change_pct_2024","hungary","hungary_borsod_abauj_zemplen","regional_population_change_pct","2024","-2.81","%","计算值","Eurostat regional statistics","https://ec.europa.eu/eurostat/api/dissemination/statistics/1.0/data/demo_r_pjanaggr3?sex=T&age=TOTAL&unit=NR","A","(value_2024 / value_2021 - 1) * 100; start_year=2021; end_year=2024; source_indicator=regional_population.","2026-08-15","Historical factual change, not a forecast, risk score, or performance rating."
"hungary_borsod_abauj_zemplen_regional_gdp_per_capita_change_pct_2024","hungary","hungary_borsod_abauj_zemplen","regional_gdp_per_capita_change_pct","2024","14.43","%","计算值","Eurostat regional statistics","https://ec.europa.eu/eurostat/api/dissemination/statistics/1.0/data/nama_10r_3gdp?unit=MIO_EUR | https://ec.europa.eu/eurostat/api/dissemination/statistics/1.0/data/demo_r_pjanaggr3?sex=T&age=TOTAL&unit=NR","A","(value_2024 / value_2021 - 1) * 100; start_year=2021; end_year=2024; source_indicator=regional_gdp_per_capita.","2026-08-15","Historical factual change, not a forecast, risk score, or performance rating."
"hungary_csongrad_csanad_regional_population_change_pct_2024","hungary","hungary_csongrad_csanad","regional_population_change_pct","2024","-1.44","%","计算值","Eurostat regional statistics","https://ec.europa.eu/eurostat/api/dissemination/statistics/1.0/data/demo_r_pjanaggr3?sex=T&age=TOTAL&unit=NR","A","(value_2024 / value_2021 - 1) * 100; start_year=2021; end_year=2024; source_indicator=regional_population.","2026-08-15","Historical factual change, not a forecast, risk score, or performance rating."
"hungary_csongrad_csanad_regional_gdp_per_capita_change_pct_2024","hungary","hungary_csongrad_csanad","regional_gdp_per_capita_change_pct","2024","25.61","%","计算值","Eurostat regional statistics","https://ec.europa.eu/eurostat/api/dissemination/statistics/1.0/data/nama_10r_3gdp?unit=MIO_EUR | https://ec.europa.eu/eurostat/api/dissemination/statistics/1.0/data/demo_r_pjanaggr3?sex=T&age=TOTAL&unit=NR","A","(value_2024 / value_2021 - 1) * 100; start_year=2021; end_year=2024; source_indicator=regional_gdp_per_capita.","2026-08-15","Historical factual change, not a forecast, risk score, or performance rating."
"hungary_fejer_regional_population_change_pct_2024","hungary","hungary_fejer","regional_population_change_pct","2024","0.2","%","计算值","Eurostat regional statistics","https://ec.europa.eu/eurostat/api/dissemination/statistics/1.0/data/demo_r_pjanaggr3?sex=T&age=TOTAL&unit=NR","A","(value_2024 / value_2021 - 1) * 100; start_year=2021; end_year=2024; source_indicator=regional_population.","2026-08-15","Historical factual change, not a forecast, risk score, or performance rating."
"hungary_fejer_regional_gdp_per_capita_change_pct_2024","hungary","hungary_fejer","regional_gdp_per_capita_change_pct","2024","22.08","%","计算值","Eurostat regional statistics","https://ec.europa.eu/eurostat/api/dissemination/statistics/1.0/data/nama_10r_3gdp?unit=MIO_EUR | https://ec.europa.eu/eurostat/api/dissemination/statistics/1.0/data/demo_r_pjanaggr3?sex=T&age=TOTAL&unit=NR","A","(value_2024 / value_2021 - 1) * 100; start_year=2021; end_year=2024; source_indicator=regional_gdp_per_capita.","2026-08-15","Historical factual change, not a forecast, risk score, or performance rating."
"hungary_gyor_moson_sopron_regional_population_change_pct_2024","hungary","hungary_gyor_moson_sopron","regional_population_change_pct","2024","1.25","%","计算值","Eurostat regional statistics","https://ec.europa.eu/eurostat/api/dissemination/statistics/1.0/data/demo_r_pjanaggr3?sex=T&age=TOTAL&unit=NR","A","(value_2024 / value_2021 - 1) * 100; start_year=2021; end_year=2024; source_indicator=regional_population.","2026-08-15","Historical factual change, not a forecast, risk score, or performance rating."
"hungary_gyor_moson_sopron_regional_gdp_per_capita_change_pct_2024","hungary","hungary_gyor_moson_sopron","regional_gdp_per_capita_change_pct","2024","25.64","%","计算值","Eurostat regional statistics","https://ec.europa.eu/eurostat/api/dissemination/statistics/1.0/data/nama_10r_3gdp?unit=MIO_EUR | https://ec.europa.eu/eurostat/api/dissemination/statistics/1.0/data/demo_r_pjanaggr3?sex=T&age=TOTAL&unit=NR","A","(value_2024 / value_2021 - 1) * 100; start_year=2021; end_year=2024; source_indicator=regional_gdp_per_capita.","2026-08-15","Historical factual change, not a forecast, risk score, or performance rating."
"hungary_hajdu_bihar_regional_population_change_pct_2024","hungary","hungary_hajdu_bihar","regional_population_change_pct","2024","-0.59","%","计算值","Eurostat regional statistics","https://ec.europa.eu/eurostat/api/dissemination/statistics/1.0/data/demo_r_pjanaggr3?sex=T&age=TOTAL&unit=NR","A","(value_2024 / value_2021 - 1) * 100; start_year=2021; end_year=2024; source_indicator=regional_population.","2026-08-15","Historical factual change, not a forecast, risk score, or performance rating."
"hungary_hajdu_bihar_regional_gdp_per_capita_change_pct_2024","hungary","hungary_hajdu_bihar","regional_gdp_per_capita_change_pct","2024","40.49","%","计算值","Eurostat regional statistics","https://ec.europa.eu/eurostat/api/dissemination/statistics/1.0/data/nama_10r_3gdp?unit=MIO_EUR | https://ec.europa.eu/eurostat/api/dissemination/statistics/1.0/data/demo_r_pjanaggr3?sex=T&age=TOTAL&unit=NR","A","(value_2024 / value_2021 - 1) * 100; start_year=2021; end_year=2024; source_indicator=regional_gdp_per_capita.","2026-08-15","Historical factual change, not a forecast, risk score, or performance rating."
"hungary_heves_regional_population_change_pct_2024","hungary","hungary_heves","regional_population_change_pct","2024","-1.84","%","计算值","Eurostat regional statistics","https://ec.europa.eu/eurostat/api/dissemination/statistics/1.0/data/demo_r_pjanaggr3?sex=T&age=TOTAL&unit=NR","A","(value_2024 / value_2021 - 1) * 100; start_year=2021; end_year=2024; source_indicator=regional_population.","2026-08-15","Historical factual change, not a forecast, risk score, or performance rating."
"hungary_heves_regional_gdp_per_capita_change_pct_2024","hungary","hungary_heves","regional_gdp_per_capita_change_pct","2024","33.63","%","计算值","Eurostat regional statistics","https://ec.europa.eu/eurostat/api/dissemination/statistics/1.0/data/nama_10r_3gdp?unit=MIO_EUR | https://ec.europa.eu/eurostat/api/dissemination/statistics/1.0/data/demo_r_pjanaggr3?sex=T&age=TOTAL&unit=NR","A","(value_2024 / value_2021 - 1) * 100; start_year=2021; end_year=2024; source_indicator=regional_gdp_per_capita.","2026-08-15","Historical factual change, not a forecast, risk score, or performance rating."
"hungary_jasz_nagykun_szolnok_regional_population_change_pct_2024","hungary","hungary_jasz_nagykun_szolnok","regional_population_change_pct","2024","-2.37","%","计算值","Eurostat regional statistics","https://ec.europa.eu/eurostat/api/dissemination/statistics/1.0/data/demo_r_pjanaggr3?sex=T&age=TOTAL&unit=NR","A","(value_2024 / value_2021 - 1) * 100; start_year=2021; end_year=2024; source_indicator=regional_population.","2026-08-15","Historical factual change, not a forecast, risk score, or performance rating."
"hungary_jasz_nagykun_szolnok_regional_gdp_per_capita_change_pct_2024","hungary","hungary_jasz_nagykun_szolnok","regional_gdp_per_capita_change_pct","2024","26.66","%","计算值","Eurostat regional statistics","https://ec.europa.eu/eurostat/api/dissemination/statistics/1.0/data/nama_10r_3gdp?unit=MIO_EUR | https://ec.europa.eu/eurostat/api/dissemination/statistics/1.0/data/demo_r_pjanaggr3?sex=T&age=TOTAL&unit=NR","A","(value_2024 / value_2021 - 1) * 100; start_year=2021; end_year=2024; source_indicator=regional_gdp_per_capita.","2026-08-15","Historical factual change, not a forecast, risk score, or performance rating."
"hungary_komarom_esztergom_regional_population_change_pct_2024","hungary","hungary_komarom_esztergom","regional_population_change_pct","2024","-0.1","%","计算值","Eurostat regional statistics","https://ec.europa.eu/eurostat/api/dissemination/statistics/1.0/data/demo_r_pjanaggr3?sex=T&age=TOTAL&unit=NR","A","(value_2024 / value_2021 - 1) * 100; start_year=2021; end_year=2024; source_indicator=regional_population.","2026-08-15","Historical factual change, not a forecast, risk score, or performance rating."
"hungary_komarom_esztergom_regional_gdp_per_capita_change_pct_2024","hungary","hungary_komarom_esztergom","regional_gdp_per_capita_change_pct","2024","37.66","%","计算值","Eurostat regional statistics","https://ec.europa.eu/eurostat/api/dissemination/statistics/1.0/data/nama_10r_3gdp?unit=MIO_EUR | https://ec.europa.eu/eurostat/api/dissemination/statistics/1.0/data/demo_r_pjanaggr3?sex=T&age=TOTAL&unit=NR","A","(value_2024 / value_2021 - 1) * 100; start_year=2021; end_year=2024; source_indicator=regional_gdp_per_capita.","2026-08-15","Historical factual change, not a forecast, risk score, or performance rating."
"hungary_nograd_regional_population_change_pct_2024","hungary","hungary_nograd","regional_population_change_pct","2024","-2.53","%","计算值","Eurostat regional statistics","https://ec.europa.eu/eurostat/api/dissemination/statistics/1.0/data/demo_r_pjanaggr3?sex=T&age=TOTAL&unit=NR","A","(value_2024 / value_2021 - 1) * 100; start_year=2021; end_year=2024; source_indicator=regional_population.","2026-08-15","Historical factual change, not a forecast, risk score, or performance rating."
"hungary_nograd_regional_gdp_per_capita_change_pct_2024","hungary","hungary_nograd","regional_gdp_per_capita_change_pct","2024","31.33","%","计算值","Eurostat regional statistics","https://ec.europa.eu/eurostat/api/dissemination/statistics/1.0/data/nama_10r_3gdp?unit=MIO_EUR | https://ec.europa.eu/eurostat/api/dissemination/statistics/1.0/data/demo_r_pjanaggr3?sex=T&age=TOTAL&unit=NR","A","(value_2024 / value_2021 - 1) * 100; start_year=2021; end_year=2024; source_indicator=regional_gdp_per_capita.","2026-08-15","Historical factual change, not a forecast, risk score, or performance rating."
"hungary_pest_regional_population_change_pct_2024","hungary","hungary_pest","regional_population_change_pct","2024","2.53","%","计算值","Eurostat regional statistics","https://ec.europa.eu/eurostat/api/dissemination/statistics/1.0/data/demo_r_pjanaggr3?sex=T&age=TOTAL&unit=NR","A","(value_2024 / value_2021 - 1) * 100; start_year=2021; end_year=2024; source_indicator=regional_population.","2026-08-15","Historical factual change, not a forecast, risk score, or performance rating."
"hungary_pest_regional_gdp_per_capita_change_pct_2024","hungary","hungary_pest","regional_gdp_per_capita_change_pct","2024","36.66","%","计算值","Eurostat regional statistics","https://ec.europa.eu/eurostat/api/dissemination/statistics/1.0/data/nama_10r_3gdp?unit=MIO_EUR | https://ec.europa.eu/eurostat/api/dissemination/statistics/1.0/data/demo_r_pjanaggr3?sex=T&age=TOTAL&unit=NR","A","(value_2024 / value_2021 - 1) * 100; start_year=2021; end_year=2024; source_indicator=regional_gdp_per_capita.","2026-08-15","Historical factual change, not a forecast, risk score, or performance rating."
"hungary_somogy_regional_population_change_pct_2024","hungary","hungary_somogy","regional_population_change_pct","2024","-1.95","%","计算值","Eurostat regional statistics","https://ec.europa.eu/eurostat/api/dissemination/statistics/1.0/data/demo_r_pjanaggr3?sex=T&age=TOTAL&unit=NR","A","(value_2024 / value_2021 - 1) * 100; start_year=2021; end_year=2024; source_indicator=regional_population.","2026-08-15","Historical factual change, not a forecast, risk score, or performance rating."
"hungary_somogy_regional_gdp_per_capita_change_pct_2024","hungary","hungary_somogy","regional_gdp_per_capita_change_pct","2024","30.57","%","计算值","Eurostat regional statistics","https://ec.europa.eu/eurostat/api/dissemination/statistics/1.0/data/nama_10r_3gdp?unit=MIO_EUR | https://ec.europa.eu/eurostat/api/dissemination/statistics/1.0/data/demo_r_pjanaggr3?sex=T&age=TOTAL&unit=NR","A","(value_2024 / value_2021 - 1) * 100; start_year=2021; end_year=2024; source_indicator=regional_gdp_per_capita.","2026-08-15","Historical factual change, not a forecast, risk score, or performance rating."
"hungary_szabolcs_szatmar_bereg_regional_population_change_pct_2024","hungary","hungary_szabolcs_szatmar_bereg","regional_population_change_pct","2024","-2.46","%","计算值","Eurostat regional statistics","https://ec.europa.eu/eurostat/api/dissemination/statistics/1.0/data/demo_r_pjanaggr3?sex=T&age=TOTAL&unit=NR","A","(value_2024 / value_2021 - 1) * 100; start_year=2021; end_year=2024; source_indicator=regional_population.","2026-08-15","Historical factual change, not a forecast, risk score, or performance rating."
"hungary_szabolcs_szatmar_bereg_regional_gdp_per_capita_change_pct_2024","hungary","hungary_szabolcs_szatmar_bereg","regional_gdp_per_capita_change_pct","2024","33.18","%","计算值","Eurostat regional statistics","https://ec.europa.eu/eurostat/api/dissemination/statistics/1.0/data/nama_10r_3gdp?unit=MIO_EUR | https://ec.europa.eu/eurostat/api/dissemination/statistics/1.0/data/demo_r_pjanaggr3?sex=T&age=TOTAL&unit=NR","A","(value_2024 / value_2021 - 1) * 100; start_year=2021; end_year=2024; source_indicator=regional_gdp_per_capita.","2026-08-15","Historical factual change, not a forecast, risk score, or performance rating."
"hungary_tolna_regional_population_change_pct_2024","hungary","hungary_tolna","regional_population_change_pct","2024","-2.5","%","计算值","Eurostat regional statistics","https://ec.europa.eu/eurostat/api/dissemination/statistics/1.0/data/demo_r_pjanaggr3?sex=T&age=TOTAL&unit=NR","A","(value_2024 / value_2021 - 1) * 100; start_year=2021; end_year=2024; source_indicator=regional_population.","2026-08-15","Historical factual change, not a forecast, risk score, or performance rating."
"hungary_tolna_regional_gdp_per_capita_change_pct_2024","hungary","hungary_tolna","regional_gdp_per_capita_change_pct","2024","27.72","%","计算值","Eurostat regional statistics","https://ec.europa.eu/eurostat/api/dissemination/statistics/1.0/data/nama_10r_3gdp?unit=MIO_EUR | https://ec.europa.eu/eurostat/api/dissemination/statistics/1.0/data/demo_r_pjanaggr3?sex=T&age=TOTAL&unit=NR","A","(value_2024 / value_2021 - 1) * 100; start_year=2021; end_year=2024; source_indicator=regional_gdp_per_capita.","2026-08-15","Historical factual change, not a forecast, risk score, or performance rating."
"hungary_vas_regional_population_change_pct_2024","hungary","hungary_vas","regional_population_change_pct","2024","-0.29","%","计算值","Eurostat regional statistics","https://ec.europa.eu/eurostat/api/dissemination/statistics/1.0/data/demo_r_pjanaggr3?sex=T&age=TOTAL&unit=NR","A","(value_2024 / value_2021 - 1) * 100; start_year=2021; end_year=2024; source_indicator=regional_population.","2026-08-15","Historical factual change, not a forecast, risk score, or performance rating."
"hungary_vas_regional_gdp_per_capita_change_pct_2024","hungary","hungary_vas","regional_gdp_per_capita_change_pct","2024","30","%","计算值","Eurostat regional statistics","https://ec.europa.eu/eurostat/api/dissemination/statistics/1.0/data/nama_10r_3gdp?unit=MIO_EUR | https://ec.europa.eu/eurostat/api/dissemination/statistics/1.0/data/demo_r_pjanaggr3?sex=T&age=TOTAL&unit=NR","A","(value_2024 / value_2021 - 1) * 100; start_year=2021; end_year=2024; source_indicator=regional_gdp_per_capita.","2026-08-15","Historical factual change, not a forecast, risk score, or performance rating."
"hungary_veszprem_regional_population_change_pct_2024","hungary","hungary_veszprem","regional_population_change_pct","2024","-1.53","%","计算值","Eurostat regional statistics","https://ec.europa.eu/eurostat/api/dissemination/statistics/1.0/data/demo_r_pjanaggr3?sex=T&age=TOTAL&unit=NR","A","(value_2024 / value_2021 - 1) * 100; start_year=2021; end_year=2024; source_indicator=regional_population.","2026-08-15","Historical factual change, not a forecast, risk score, or performance rating."
"hungary_veszprem_regional_gdp_per_capita_change_pct_2024","hungary","hungary_veszprem","regional_gdp_per_capita_change_pct","2024","31.12","%","计算值","Eurostat regional statistics","https://ec.europa.eu/eurostat/api/dissemination/statistics/1.0/data/nama_10r_3gdp?unit=MIO_EUR | https://ec.europa.eu/eurostat/api/dissemination/statistics/1.0/data/demo_r_pjanaggr3?sex=T&age=TOTAL&unit=NR","A","(value_2024 / value_2021 - 1) * 100; start_year=2021; end_year=2024; source_indicator=regional_gdp_per_capita.","2026-08-15","Historical factual change, not a forecast, risk score, or performance rating."
"hungary_zala_regional_population_change_pct_2024","hungary","hungary_zala","regional_population_change_pct","2024","-1.14","%","计算值","Eurostat regional statistics","https://ec.europa.eu/eurostat/api/dissemination/statistics/1.0/data/demo_r_pjanaggr3?sex=T&age=TOTAL&unit=NR","A","(value_2024 / value_2021 - 1) * 100; start_year=2021; end_year=2024; source_indicator=regional_population.","2026-08-15","Historical factual change, not a forecast, risk score, or performance rating."
"hungary_zala_regional_gdp_per_capita_change_pct_2024","hungary","hungary_zala","regional_gdp_per_capita_change_pct","2024","26.66","%","计算值","Eurostat regional statistics","https://ec.europa.eu/eurostat/api/dissemination/statistics/1.0/data/nama_10r_3gdp?unit=MIO_EUR | https://ec.europa.eu/eurostat/api/dissemination/statistics/1.0/data/demo_r_pjanaggr3?sex=T&age=TOTAL&unit=NR","A","(value_2024 / value_2021 - 1) * 100; start_year=2021; end_year=2024; source_indicator=regional_gdp_per_capita.","2026-08-15","Historical factual change, not a forecast, risk score, or performance rating."
"czechia_prague_regional_population_change_pct_2024","czechia","czechia_prague","regional_population_change_pct","2024","9.95","%","计算值","Eurostat regional statistics","https://ec.europa.eu/eurostat/api/dissemination/statistics/1.0/data/demo_r_pjanaggr3?sex=T&age=TOTAL&unit=NR","A","(value_2024 / value_2021 - 1) * 100; start_year=2021; end_year=2024; source_indicator=regional_population.","2026-08-15","Historical factual change, not a forecast, risk score, or performance rating."
"czechia_prague_regional_gdp_per_capita_change_pct_2024","czechia","czechia_prague","regional_gdp_per_capita_change_pct","2024","18.08","%","计算值","Eurostat regional statistics","https://ec.europa.eu/eurostat/api/dissemination/statistics/1.0/data/nama_10r_3gdp?unit=MIO_EUR | https://ec.europa.eu/eurostat/api/dissemination/statistics/1.0/data/demo_r_pjanaggr3?sex=T&age=TOTAL&unit=NR","A","(value_2024 / value_2021 - 1) * 100; start_year=2021; end_year=2024; source_indicator=regional_gdp_per_capita.","2026-08-15","Historical factual change, not a forecast, risk score, or performance rating."
"czechia_central_bohemian_regional_population_change_pct_2024","czechia","czechia_central_bohemian","regional_population_change_pct","2024","6.07","%","计算值","Eurostat regional statistics","https://ec.europa.eu/eurostat/api/dissemination/statistics/1.0/data/demo_r_pjanaggr3?sex=T&age=TOTAL&unit=NR","A","(value_2024 / value_2021 - 1) * 100; start_year=2021; end_year=2024; source_indicator=regional_population.","2026-08-15","Historical factual change, not a forecast, risk score, or performance rating."
"czechia_central_bohemian_regional_gdp_per_capita_change_pct_2024","czechia","czechia_central_bohemian","regional_gdp_per_capita_change_pct","2024","28.72","%","计算值","Eurostat regional statistics","https://ec.europa.eu/eurostat/api/dissemination/statistics/1.0/data/nama_10r_3gdp?unit=MIO_EUR | https://ec.europa.eu/eurostat/api/dissemination/statistics/1.0/data/demo_r_pjanaggr3?sex=T&age=TOTAL&unit=NR","A","(value_2024 / value_2021 - 1) * 100; start_year=2021; end_year=2024; source_indicator=regional_gdp_per_capita.","2026-08-15","Historical factual change, not a forecast, risk score, or performance rating."
"czechia_south_bohemian_regional_population_change_pct_2024","czechia","czechia_south_bohemian","regional_population_change_pct","2024","2.84","%","计算值","Eurostat regional statistics","https://ec.europa.eu/eurostat/api/dissemination/statistics/1.0/data/demo_r_pjanaggr3?sex=T&age=TOTAL&unit=NR","A","(value_2024 / value_2021 - 1) * 100; start_year=2021; end_year=2024; source_indicator=regional_population.","2026-08-15","Historical factual change, not a forecast, risk score, or performance rating."
"czechia_south_bohemian_regional_gdp_per_capita_change_pct_2024","czechia","czechia_south_bohemian","regional_gdp_per_capita_change_pct","2024","25.04","%","计算值","Eurostat regional statistics","https://ec.europa.eu/eurostat/api/dissemination/statistics/1.0/data/nama_10r_3gdp?unit=MIO_EUR | https://ec.europa.eu/eurostat/api/dissemination/statistics/1.0/data/demo_r_pjanaggr3?sex=T&age=TOTAL&unit=NR","A","(value_2024 / value_2021 - 1) * 100; start_year=2021; end_year=2024; source_indicator=regional_gdp_per_capita.","2026-08-15","Historical factual change, not a forecast, risk score, or performance rating."
"czechia_plzen_regional_population_change_pct_2024","czechia","czechia_plzen","regional_population_change_pct","2024","6.42","%","计算值","Eurostat regional statistics","https://ec.europa.eu/eurostat/api/dissemination/statistics/1.0/data/demo_r_pjanaggr3?sex=T&age=TOTAL&unit=NR","A","(value_2024 / value_2021 - 1) * 100; start_year=2021; end_year=2024; source_indicator=regional_population.","2026-08-15","Historical factual change, not a forecast, risk score, or performance rating."
"czechia_plzen_regional_gdp_per_capita_change_pct_2024","czechia","czechia_plzen","regional_gdp_per_capita_change_pct","2024","23.27","%","计算值","Eurostat regional statistics","https://ec.europa.eu/eurostat/api/dissemination/statistics/1.0/data/nama_10r_3gdp?unit=MIO_EUR | https://ec.europa.eu/eurostat/api/dissemination/statistics/1.0/data/demo_r_pjanaggr3?sex=T&age=TOTAL&unit=NR","A","(value_2024 / value_2021 - 1) * 100; start_year=2021; end_year=2024; source_indicator=regional_gdp_per_capita.","2026-08-15","Historical factual change, not a forecast, risk score, or performance rating."
"czechia_karlovy_vary_regional_population_change_pct_2024","czechia","czechia_karlovy_vary","regional_population_change_pct","2024","3.53","%","计算值","Eurostat regional statistics","https://ec.europa.eu/eurostat/api/dissemination/statistics/1.0/data/demo_r_pjanaggr3?sex=T&age=TOTAL&unit=NR","A","(value_2024 / value_2021 - 1) * 100; start_year=2021; end_year=2024; source_indicator=regional_population.","2026-08-15","Historical factual change, not a forecast, risk score, or performance rating."
"czechia_karlovy_vary_regional_gdp_per_capita_change_pct_2024","czechia","czechia_karlovy_vary","regional_gdp_per_capita_change_pct","2024","31.76","%","计算值","Eurostat regional statistics","https://ec.europa.eu/eurostat/api/dissemination/statistics/1.0/data/nama_10r_3gdp?unit=MIO_EUR | https://ec.europa.eu/eurostat/api/dissemination/statistics/1.0/data/demo_r_pjanaggr3?sex=T&age=TOTAL&unit=NR","A","(value_2024 / value_2021 - 1) * 100; start_year=2021; end_year=2024; source_indicator=regional_gdp_per_capita.","2026-08-15","Historical factual change, not a forecast, risk score, or performance rating."
"czechia_usti_regional_population_change_pct_2024","czechia","czechia_usti","regional_population_change_pct","2024","1.2","%","计算值","Eurostat regional statistics","https://ec.europa.eu/eurostat/api/dissemination/statistics/1.0/data/demo_r_pjanaggr3?sex=T&age=TOTAL&unit=NR","A","(value_2024 / value_2021 - 1) * 100; start_year=2021; end_year=2024; source_indicator=regional_population.","2026-08-15","Historical factual change, not a forecast, risk score, or performance rating."
"czechia_usti_regional_gdp_per_capita_change_pct_2024","czechia","czechia_usti","regional_gdp_per_capita_change_pct","2024","25.08","%","计算值","Eurostat regional statistics","https://ec.europa.eu/eurostat/api/dissemination/statistics/1.0/data/nama_10r_3gdp?unit=MIO_EUR | https://ec.europa.eu/eurostat/api/dissemination/statistics/1.0/data/demo_r_pjanaggr3?sex=T&age=TOTAL&unit=NR","A","(value_2024 / value_2021 - 1) * 100; start_year=2021; end_year=2024; source_indicator=regional_gdp_per_capita.","2026-08-15","Historical factual change, not a forecast, risk score, or performance rating."
"czechia_liberec_regional_population_change_pct_2024","czechia","czechia_liberec","regional_population_change_pct","2024","3.02","%","计算值","Eurostat regional statistics","https://ec.europa.eu/eurostat/api/dissemination/statistics/1.0/data/demo_r_pjanaggr3?sex=T&age=TOTAL&unit=NR","A","(value_2024 / value_2021 - 1) * 100; start_year=2021; end_year=2024; source_indicator=regional_population.","2026-08-15","Historical factual change, not a forecast, risk score, or performance rating."
"czechia_liberec_regional_gdp_per_capita_change_pct_2024","czechia","czechia_liberec","regional_gdp_per_capita_change_pct","2024","30.52","%","计算值","Eurostat regional statistics","https://ec.europa.eu/eurostat/api/dissemination/statistics/1.0/data/nama_10r_3gdp?unit=MIO_EUR | https://ec.europa.eu/eurostat/api/dissemination/statistics/1.0/data/demo_r_pjanaggr3?sex=T&age=TOTAL&unit=NR","A","(value_2024 / value_2021 - 1) * 100; start_year=2021; end_year=2024; source_indicator=regional_gdp_per_capita.","2026-08-15","Historical factual change, not a forecast, risk score, or performance rating."
"czechia_hradec_kralove_regional_population_change_pct_2024","czechia","czechia_hradec_kralove","regional_population_change_pct","2024","2.34","%","计算值","Eurostat regional statistics","https://ec.europa.eu/eurostat/api/dissemination/statistics/1.0/data/demo_r_pjanaggr3?sex=T&age=TOTAL&unit=NR","A","(value_2024 / value_2021 - 1) * 100; start_year=2021; end_year=2024; source_indicator=regional_population.","2026-08-15","Historical factual change, not a forecast, risk score, or performance rating."
"czechia_hradec_kralove_regional_gdp_per_capita_change_pct_2024","czechia","czechia_hradec_kralove","regional_gdp_per_capita_change_pct","2024","23.84","%","计算值","Eurostat regional statistics","https://ec.europa.eu/eurostat/api/dissemination/statistics/1.0/data/nama_10r_3gdp?unit=MIO_EUR | https://ec.europa.eu/eurostat/api/dissemination/statistics/1.0/data/demo_r_pjanaggr3?sex=T&age=TOTAL&unit=NR","A","(value_2024 / value_2021 - 1) * 100; start_year=2021; end_year=2024; source_indicator=regional_gdp_per_capita.","2026-08-15","Historical factual change, not a forecast, risk score, or performance rating."
"czechia_pardubice_regional_population_change_pct_2024","czechia","czechia_pardubice","regional_population_change_pct","2024","3.14","%","计算值","Eurostat regional statistics","https://ec.europa.eu/eurostat/api/dissemination/statistics/1.0/data/demo_r_pjanaggr3?sex=T&age=TOTAL&unit=NR","A","(value_2024 / value_2021 - 1) * 100; start_year=2021; end_year=2024; source_indicator=regional_population.","2026-08-15","Historical factual change, not a forecast, risk score, or performance rating."
"czechia_pardubice_regional_gdp_per_capita_change_pct_2024","czechia","czechia_pardubice","regional_gdp_per_capita_change_pct","2024","33.67","%","计算值","Eurostat regional statistics","https://ec.europa.eu/eurostat/api/dissemination/statistics/1.0/data/nama_10r_3gdp?unit=MIO_EUR | https://ec.europa.eu/eurostat/api/dissemination/statistics/1.0/data/demo_r_pjanaggr3?sex=T&age=TOTAL&unit=NR","A","(value_2024 / value_2021 - 1) * 100; start_year=2021; end_year=2024; source_indicator=regional_gdp_per_capita.","2026-08-15","Historical factual change, not a forecast, risk score, or performance rating."
"czechia_vysocina_regional_population_change_pct_2024","czechia","czechia_vysocina","regional_population_change_pct","2024","2.77","%","计算值","Eurostat regional statistics","https://ec.europa.eu/eurostat/api/dissemination/statistics/1.0/data/demo_r_pjanaggr3?sex=T&age=TOTAL&unit=NR","A","(value_2024 / value_2021 - 1) * 100; start_year=2021; end_year=2024; source_indicator=regional_population.","2026-08-15","Historical factual change, not a forecast, risk score, or performance rating."
"czechia_vysocina_regional_gdp_per_capita_change_pct_2024","czechia","czechia_vysocina","regional_gdp_per_capita_change_pct","2024","25.19","%","计算值","Eurostat regional statistics","https://ec.europa.eu/eurostat/api/dissemination/statistics/1.0/data/nama_10r_3gdp?unit=MIO_EUR | https://ec.europa.eu/eurostat/api/dissemination/statistics/1.0/data/demo_r_pjanaggr3?sex=T&age=TOTAL&unit=NR","A","(value_2024 / value_2021 - 1) * 100; start_year=2021; end_year=2024; source_indicator=regional_gdp_per_capita.","2026-08-15","Historical factual change, not a forecast, risk score, or performance rating."
"czechia_south_moravian_regional_population_change_pct_2024","czechia","czechia_south_moravian","regional_population_change_pct","2024","3.85","%","计算值","Eurostat regional statistics","https://ec.europa.eu/eurostat/api/dissemination/statistics/1.0/data/demo_r_pjanaggr3?sex=T&age=TOTAL&unit=NR","A","(value_2024 / value_2021 - 1) * 100; start_year=2021; end_year=2024; source_indicator=regional_population.","2026-08-15","Historical factual change, not a forecast, risk score, or performance rating."
"czechia_south_moravian_regional_gdp_per_capita_change_pct_2024","czechia","czechia_south_moravian","regional_gdp_per_capita_change_pct","2024","22.79","%","计算值","Eurostat regional statistics","https://ec.europa.eu/eurostat/api/dissemination/statistics/1.0/data/nama_10r_3gdp?unit=MIO_EUR | https://ec.europa.eu/eurostat/api/dissemination/statistics/1.0/data/demo_r_pjanaggr3?sex=T&age=TOTAL&unit=NR","A","(value_2024 / value_2021 - 1) * 100; start_year=2021; end_year=2024; source_indicator=regional_gdp_per_capita.","2026-08-15","Historical factual change, not a forecast, risk score, or performance rating."
"czechia_olomouc_regional_population_change_pct_2024","czechia","czechia_olomouc","regional_population_change_pct","2024","1.27","%","计算值","Eurostat regional statistics","https://ec.europa.eu/eurostat/api/dissemination/statistics/1.0/data/demo_r_pjanaggr3?sex=T&age=TOTAL&unit=NR","A","(value_2024 / value_2021 - 1) * 100; start_year=2021; end_year=2024; source_indicator=regional_population.","2026-08-15","Historical factual change, not a forecast, risk score, or performance rating."
"czechia_olomouc_regional_gdp_per_capita_change_pct_2024","czechia","czechia_olomouc","regional_gdp_per_capita_change_pct","2024","30.43","%","计算值","Eurostat regional statistics","https://ec.europa.eu/eurostat/api/dissemination/statistics/1.0/data/nama_10r_3gdp?unit=MIO_EUR | https://ec.europa.eu/eurostat/api/dissemination/statistics/1.0/data/demo_r_pjanaggr3?sex=T&age=TOTAL&unit=NR","A","(value_2024 / value_2021 - 1) * 100; start_year=2021; end_year=2024; source_indicator=regional_gdp_per_capita.","2026-08-15","Historical factual change, not a forecast, risk score, or performance rating."
"czechia_zlin_regional_population_change_pct_2024","czechia","czechia_zlin","regional_population_change_pct","2024","1.22","%","计算值","Eurostat regional statistics","https://ec.europa.eu/eurostat/api/dissemination/statistics/1.0/data/demo_r_pjanaggr3?sex=T&age=TOTAL&unit=NR","A","(value_2024 / value_2021 - 1) * 100; start_year=2021; end_year=2024; source_indicator=regional_population.","2026-08-15","Historical factual change, not a forecast, risk score, or performance rating."
"czechia_zlin_regional_gdp_per_capita_change_pct_2024","czechia","czechia_zlin","regional_gdp_per_capita_change_pct","2024","25.72","%","计算值","Eurostat regional statistics","https://ec.europa.eu/eurostat/api/dissemination/statistics/1.0/data/nama_10r_3gdp?unit=MIO_EUR | https://ec.europa.eu/eurostat/api/dissemination/statistics/1.0/data/demo_r_pjanaggr3?sex=T&age=TOTAL&unit=NR","A","(value_2024 / value_2021 - 1) * 100; start_year=2021; end_year=2024; source_indicator=regional_gdp_per_capita.","2026-08-15","Historical factual change, not a forecast, risk score, or performance rating."
"czechia_moravian_silesian_regional_population_change_pct_2024","czechia","czechia_moravian_silesian","regional_population_change_pct","2024","0.49","%","计算值","Eurostat regional statistics","https://ec.europa.eu/eurostat/api/dissemination/statistics/1.0/data/demo_r_pjanaggr3?sex=T&age=TOTAL&unit=NR","A","(value_2024 / value_2021 - 1) * 100; start_year=2021; end_year=2024; source_indicator=regional_population.","2026-08-15","Historical factual change, not a forecast, risk score, or performance rating."
"czechia_moravian_silesian_regional_gdp_per_capita_change_pct_2024","czechia","czechia_moravian_silesian","regional_gdp_per_capita_change_pct","2024","27.32","%","计算值","Eurostat regional statistics","https://ec.europa.eu/eurostat/api/dissemination/statistics/1.0/data/nama_10r_3gdp?unit=MIO_EUR | https://ec.europa.eu/eurostat/api/dissemination/statistics/1.0/data/demo_r_pjanaggr3?sex=T&age=TOTAL&unit=NR","A","(value_2024 / value_2021 - 1) * 100; start_year=2021; end_year=2024; source_indicator=regional_gdp_per_capita.","2026-08-15","Historical factual change, not a forecast, risk score, or performance rating."
"slovakia_bratislava_regional_population_change_pct_2024","slovakia","slovakia_bratislava","regional_population_change_pct","2024","8.23","%","计算值","Eurostat regional statistics","https://ec.europa.eu/eurostat/api/dissemination/statistics/1.0/data/demo_r_pjanaggr3?sex=T&age=TOTAL&unit=NR","A","(value_2024 / value_2021 - 1) * 100; start_year=2021; end_year=2024; source_indicator=regional_population.","2026-08-15","Historical factual change, not a forecast, risk score, or performance rating."
"slovakia_bratislava_regional_gdp_per_capita_change_pct_2024","slovakia","slovakia_bratislava","regional_gdp_per_capita_change_pct","2024","16.13","%","计算值","Eurostat regional statistics","https://ec.europa.eu/eurostat/api/dissemination/statistics/1.0/data/nama_10r_3gdp?unit=MIO_EUR | https://ec.europa.eu/eurostat/api/dissemination/statistics/1.0/data/demo_r_pjanaggr3?sex=T&age=TOTAL&unit=NR","A","(value_2024 / value_2021 - 1) * 100; start_year=2021; end_year=2024; source_indicator=regional_gdp_per_capita.","2026-08-15","Historical factual change, not a forecast, risk score, or performance rating."
"slovakia_trnava_regional_population_change_pct_2024","slovakia","slovakia_trnava","regional_population_change_pct","2024","0.14","%","计算值","Eurostat regional statistics","https://ec.europa.eu/eurostat/api/dissemination/statistics/1.0/data/demo_r_pjanaggr3?sex=T&age=TOTAL&unit=NR","A","(value_2024 / value_2021 - 1) * 100; start_year=2021; end_year=2024; source_indicator=regional_population.","2026-08-15","Historical factual change, not a forecast, risk score, or performance rating."
"slovakia_trnava_regional_gdp_per_capita_change_pct_2024","slovakia","slovakia_trnava","regional_gdp_per_capita_change_pct","2024","34.43","%","计算值","Eurostat regional statistics","https://ec.europa.eu/eurostat/api/dissemination/statistics/1.0/data/nama_10r_3gdp?unit=MIO_EUR | https://ec.europa.eu/eurostat/api/dissemination/statistics/1.0/data/demo_r_pjanaggr3?sex=T&age=TOTAL&unit=NR","A","(value_2024 / value_2021 - 1) * 100; start_year=2021; end_year=2024; source_indicator=regional_gdp_per_capita.","2026-08-15","Historical factual change, not a forecast, risk score, or performance rating."
"slovakia_trencin_regional_population_change_pct_2024","slovakia","slovakia_trencin","regional_population_change_pct","2024","-2.48","%","计算值","Eurostat regional statistics","https://ec.europa.eu/eurostat/api/dissemination/statistics/1.0/data/demo_r_pjanaggr3?sex=T&age=TOTAL&unit=NR","A","(value_2024 / value_2021 - 1) * 100; start_year=2021; end_year=2024; source_indicator=regional_population.","2026-08-15","Historical factual change, not a forecast, risk score, or performance rating."
"slovakia_trencin_regional_gdp_per_capita_change_pct_2024","slovakia","slovakia_trencin","regional_gdp_per_capita_change_pct","2024","25.3","%","计算值","Eurostat regional statistics","https://ec.europa.eu/eurostat/api/dissemination/statistics/1.0/data/nama_10r_3gdp?unit=MIO_EUR | https://ec.europa.eu/eurostat/api/dissemination/statistics/1.0/data/demo_r_pjanaggr3?sex=T&age=TOTAL&unit=NR","A","(value_2024 / value_2021 - 1) * 100; start_year=2021; end_year=2024; source_indicator=regional_gdp_per_capita.","2026-08-15","Historical factual change, not a forecast, risk score, or performance rating."
"slovakia_nitra_regional_population_change_pct_2024","slovakia","slovakia_nitra","regional_population_change_pct","2024","-0.48","%","计算值","Eurostat regional statistics","https://ec.europa.eu/eurostat/api/dissemination/statistics/1.0/data/demo_r_pjanaggr3?sex=T&age=TOTAL&unit=NR","A","(value_2024 / value_2021 - 1) * 100; start_year=2021; end_year=2024; source_indicator=regional_population.","2026-08-15","Historical factual change, not a forecast, risk score, or performance rating."
"slovakia_nitra_regional_gdp_per_capita_change_pct_2024","slovakia","slovakia_nitra","regional_gdp_per_capita_change_pct","2024","41.89","%","计算值","Eurostat regional statistics","https://ec.europa.eu/eurostat/api/dissemination/statistics/1.0/data/nama_10r_3gdp?unit=MIO_EUR | https://ec.europa.eu/eurostat/api/dissemination/statistics/1.0/data/demo_r_pjanaggr3?sex=T&age=TOTAL&unit=NR","A","(value_2024 / value_2021 - 1) * 100; start_year=2021; end_year=2024; source_indicator=regional_gdp_per_capita.","2026-08-15","Historical factual change, not a forecast, risk score, or performance rating."
"slovakia_zilina_regional_population_change_pct_2024","slovakia","slovakia_zilina","regional_population_change_pct","2024","-0.57","%","计算值","Eurostat regional statistics","https://ec.europa.eu/eurostat/api/dissemination/statistics/1.0/data/demo_r_pjanaggr3?sex=T&age=TOTAL&unit=NR","A","(value_2024 / value_2021 - 1) * 100; start_year=2021; end_year=2024; source_indicator=regional_population.","2026-08-15","Historical factual change, not a forecast, risk score, or performance rating."
"slovakia_zilina_regional_gdp_per_capita_change_pct_2024","slovakia","slovakia_zilina","regional_gdp_per_capita_change_pct","2024","28.14","%","计算值","Eurostat regional statistics","https://ec.europa.eu/eurostat/api/dissemination/statistics/1.0/data/nama_10r_3gdp?unit=MIO_EUR | https://ec.europa.eu/eurostat/api/dissemination/statistics/1.0/data/demo_r_pjanaggr3?sex=T&age=TOTAL&unit=NR","A","(value_2024 / value_2021 - 1) * 100; start_year=2021; end_year=2024; source_indicator=regional_gdp_per_capita.","2026-08-15","Historical factual change, not a forecast, risk score, or performance rating."
"slovakia_banska_bystrica_regional_population_change_pct_2024","slovakia","slovakia_banska_bystrica","regional_population_change_pct","2024","-4.47","%","计算值","Eurostat regional statistics","https://ec.europa.eu/eurostat/api/dissemination/statistics/1.0/data/demo_r_pjanaggr3?sex=T&age=TOTAL&unit=NR","A","(value_2024 / value_2021 - 1) * 100; start_year=2021; end_year=2024; source_indicator=regional_population.","2026-08-15","Historical factual change, not a forecast, risk score, or performance rating."
"slovakia_banska_bystrica_regional_gdp_per_capita_change_pct_2024","slovakia","slovakia_banska_bystrica","regional_gdp_per_capita_change_pct","2024","28.13","%","计算值","Eurostat regional statistics","https://ec.europa.eu/eurostat/api/dissemination/statistics/1.0/data/nama_10r_3gdp?unit=MIO_EUR | https://ec.europa.eu/eurostat/api/dissemination/statistics/1.0/data/demo_r_pjanaggr3?sex=T&age=TOTAL&unit=NR","A","(value_2024 / value_2021 - 1) * 100; start_year=2021; end_year=2024; source_indicator=regional_gdp_per_capita.","2026-08-15","Historical factual change, not a forecast, risk score, or performance rating."
"slovakia_presov_regional_population_change_pct_2024","slovakia","slovakia_presov","regional_population_change_pct","2024","-2.2","%","计算值","Eurostat regional statistics","https://ec.europa.eu/eurostat/api/dissemination/statistics/1.0/data/demo_r_pjanaggr3?sex=T&age=TOTAL&unit=NR","A","(value_2024 / value_2021 - 1) * 100; start_year=2021; end_year=2024; source_indicator=regional_population.","2026-08-15","Historical factual change, not a forecast, risk score, or performance rating."
"slovakia_presov_regional_gdp_per_capita_change_pct_2024","slovakia","slovakia_presov","regional_gdp_per_capita_change_pct","2024","28.8","%","计算值","Eurostat regional statistics","https://ec.europa.eu/eurostat/api/dissemination/statistics/1.0/data/nama_10r_3gdp?unit=MIO_EUR | https://ec.europa.eu/eurostat/api/dissemination/statistics/1.0/data/demo_r_pjanaggr3?sex=T&age=TOTAL&unit=NR","A","(value_2024 / value_2021 - 1) * 100; start_year=2021; end_year=2024; source_indicator=regional_gdp_per_capita.","2026-08-15","Historical factual change, not a forecast, risk score, or performance rating."
"slovakia_kosice_regional_population_change_pct_2024","slovakia","slovakia_kosice","regional_population_change_pct","2024","-2.87","%","计算值","Eurostat regional statistics","https://ec.europa.eu/eurostat/api/dissemination/statistics/1.0/data/demo_r_pjanaggr3?sex=T&age=TOTAL&unit=NR","A","(value_2024 / value_2021 - 1) * 100; start_year=2021; end_year=2024; source_indicator=regional_population.","2026-08-15","Historical factual change, not a forecast, risk score, or performance rating."
"slovakia_kosice_regional_gdp_per_capita_change_pct_2024","slovakia","slovakia_kosice","regional_gdp_per_capita_change_pct","2024","28.93","%","计算值","Eurostat regional statistics","https://ec.europa.eu/eurostat/api/dissemination/statistics/1.0/data/nama_10r_3gdp?unit=MIO_EUR | https://ec.europa.eu/eurostat/api/dissemination/statistics/1.0/data/demo_r_pjanaggr3?sex=T&age=TOTAL&unit=NR","A","(value_2024 / value_2021 - 1) * 100; start_year=2021; end_year=2024; source_indicator=regional_gdp_per_capita.","2026-08-15","Historical factual change, not a forecast, risk score, or performance rating."
"germany_baden_wurttemberg_regional_population_change_pct_2024","germany","germany_baden_wurttemberg","regional_population_change_pct","2024","1.15","%","计算值","Eurostat regional statistics","https://ec.europa.eu/eurostat/api/dissemination/statistics/1.0/data/demo_r_pjanaggr3?sex=T&age=TOTAL&unit=NR","A","(value_2024 / value_2021 - 1) * 100; start_year=2021; end_year=2024; source_indicator=regional_population.","2026-08-15","Historical factual change, not a forecast, risk score, or performance rating."
"germany_baden_wurttemberg_regional_gdp_per_capita_change_pct_2024","germany","germany_baden_wurttemberg","regional_gdp_per_capita_change_pct","2024","16.51","%","计算值","Eurostat regional statistics","https://ec.europa.eu/eurostat/api/dissemination/statistics/1.0/data/nama_10r_3gdp?unit=MIO_EUR | https://ec.europa.eu/eurostat/api/dissemination/statistics/1.0/data/demo_r_pjanaggr3?sex=T&age=TOTAL&unit=NR","A","(value_2024 / value_2021 - 1) * 100; start_year=2021; end_year=2024; source_indicator=regional_gdp_per_capita.","2026-08-15","Historical factual change, not a forecast, risk score, or performance rating."
"germany_baden_wurttemberg_regional_unemployment_change_pp_2024","germany","germany_baden_wurttemberg","regional_unemployment_change_pp","2024","-0.2","百分点","计算值","Eurostat regional labour market statistics","https://ec.europa.eu/eurostat/api/dissemination/statistics/1.0/data/lfst_r_lfu3rt?sex=T&age=Y15-74&isced11=TOTAL&unit=PC&sinceTimePeriod=2021&untilTimePeriod=2024&lang=en","A","value_2024 - value_2021; start_year=2021; end_year=2024; source_indicator=regional_unemployment_rate.","2026-08-15","Historical factual change, not a forecast, risk score, or performance rating."
"germany_bavaria_regional_population_change_pct_2024","germany","germany_bavaria","regional_population_change_pct","2024","0.28","%","计算值","Eurostat regional statistics","https://ec.europa.eu/eurostat/api/dissemination/statistics/1.0/data/demo_r_pjanaggr3?sex=T&age=TOTAL&unit=NR","A","(value_2024 / value_2021 - 1) * 100; start_year=2021; end_year=2024; source_indicator=regional_population.","2026-08-15","Historical factual change, not a forecast, risk score, or performance rating."
"germany_bavaria_regional_gdp_per_capita_change_pct_2024","germany","germany_bavaria","regional_gdp_per_capita_change_pct","2024","17.67","%","计算值","Eurostat regional statistics","https://ec.europa.eu/eurostat/api/dissemination/statistics/1.0/data/nama_10r_3gdp?unit=MIO_EUR | https://ec.europa.eu/eurostat/api/dissemination/statistics/1.0/data/demo_r_pjanaggr3?sex=T&age=TOTAL&unit=NR","A","(value_2024 / value_2021 - 1) * 100; start_year=2021; end_year=2024; source_indicator=regional_gdp_per_capita.","2026-08-15","Historical factual change, not a forecast, risk score, or performance rating."
"germany_bavaria_regional_unemployment_change_pp_2024","germany","germany_bavaria","regional_unemployment_change_pp","2024","-0.1","百分点","计算值","Eurostat regional labour market statistics","https://ec.europa.eu/eurostat/api/dissemination/statistics/1.0/data/lfst_r_lfu3rt?sex=T&age=Y15-74&isced11=TOTAL&unit=PC&sinceTimePeriod=2021&untilTimePeriod=2024&lang=en","A","value_2024 - value_2021; start_year=2021; end_year=2024; source_indicator=regional_unemployment_rate.","2026-08-15","Historical factual change, not a forecast, risk score, or performance rating."
"germany_berlin_regional_population_change_pct_2024","germany","germany_berlin","regional_population_change_pct","2024","-0.05","%","计算值","Eurostat regional statistics","https://ec.europa.eu/eurostat/api/dissemination/statistics/1.0/data/demo_r_pjanaggr3?sex=T&age=TOTAL&unit=NR","A","(value_2024 / value_2021 - 1) * 100; start_year=2021; end_year=2024; source_indicator=regional_population.","2026-08-15","Historical factual change, not a forecast, risk score, or performance rating."
"germany_berlin_regional_gdp_per_capita_change_pct_2024","germany","germany_berlin","regional_gdp_per_capita_change_pct","2024","21.37","%","计算值","Eurostat regional statistics","https://ec.europa.eu/eurostat/api/dissemination/statistics/1.0/data/nama_10r_3gdp?unit=MIO_EUR | https://ec.europa.eu/eurostat/api/dissemination/statistics/1.0/data/demo_r_pjanaggr3?sex=T&age=TOTAL&unit=NR","A","(value_2024 / value_2021 - 1) * 100; start_year=2021; end_year=2024; source_indicator=regional_gdp_per_capita.","2026-08-15","Historical factual change, not a forecast, risk score, or performance rating."
"germany_berlin_regional_unemployment_change_pp_2024","germany","germany_berlin","regional_unemployment_change_pp","2024","-0.1","百分点","计算值","Eurostat regional labour market statistics","https://ec.europa.eu/eurostat/api/dissemination/statistics/1.0/data/lfst_r_lfu3rt?sex=T&age=Y15-74&isced11=TOTAL&unit=PC&sinceTimePeriod=2021&untilTimePeriod=2024&lang=en","A","value_2024 - value_2021; start_year=2021; end_year=2024; source_indicator=regional_unemployment_rate.","2026-08-15","Historical factual change, not a forecast, risk score, or performance rating."
"germany_brandenburg_regional_population_change_pct_2024","germany","germany_brandenburg","regional_population_change_pct","2024","0.92","%","计算值","Eurostat regional statistics","https://ec.europa.eu/eurostat/api/dissemination/statistics/1.0/data/demo_r_pjanaggr3?sex=T&age=TOTAL&unit=NR","A","(value_2024 / value_2021 - 1) * 100; start_year=2021; end_year=2024; source_indicator=regional_population.","2026-08-15","Historical factual change, not a forecast, risk score, or performance rating."
"germany_brandenburg_regional_gdp_per_capita_change_pct_2024","germany","germany_brandenburg","regional_gdp_per_capita_change_pct","2024","19.09","%","计算值","Eurostat regional statistics","https://ec.europa.eu/eurostat/api/dissemination/statistics/1.0/data/nama_10r_3gdp?unit=MIO_EUR | https://ec.europa.eu/eurostat/api/dissemination/statistics/1.0/data/demo_r_pjanaggr3?sex=T&age=TOTAL&unit=NR","A","(value_2024 / value_2021 - 1) * 100; start_year=2021; end_year=2024; source_indicator=regional_gdp_per_capita.","2026-08-15","Historical factual change, not a forecast, risk score, or performance rating."
"germany_brandenburg_regional_unemployment_change_pp_2024","germany","germany_brandenburg","regional_unemployment_change_pp","2024","0.2","百分点","计算值","Eurostat regional labour market statistics","https://ec.europa.eu/eurostat/api/dissemination/statistics/1.0/data/lfst_r_lfu3rt?sex=T&age=Y15-74&isced11=TOTAL&unit=PC&sinceTimePeriod=2021&untilTimePeriod=2024&lang=en","A","value_2024 - value_2021; start_year=2021; end_year=2024; source_indicator=regional_unemployment_rate.","2026-08-15","Historical factual change, not a forecast, risk score, or performance rating."
"germany_bremen_regional_population_change_pct_2024","germany","germany_bremen","regional_population_change_pct","2024","3.31","%","计算值","Eurostat regional statistics","https://ec.europa.eu/eurostat/api/dissemination/statistics/1.0/data/demo_r_pjanaggr3?sex=T&age=TOTAL&unit=NR","A","(value_2024 / value_2021 - 1) * 100; start_year=2021; end_year=2024; source_indicator=regional_population.","2026-08-15","Historical factual change, not a forecast, risk score, or performance rating."
"germany_bremen_regional_gdp_per_capita_change_pct_2024","germany","germany_bremen","regional_gdp_per_capita_change_pct","2024","12.68","%","计算值","Eurostat regional statistics","https://ec.europa.eu/eurostat/api/dissemination/statistics/1.0/data/nama_10r_3gdp?unit=MIO_EUR | https://ec.europa.eu/eurostat/api/dissemination/statistics/1.0/data/demo_r_pjanaggr3?sex=T&age=TOTAL&unit=NR","A","(value_2024 / value_2021 - 1) * 100; start_year=2021; end_year=2024; source_indicator=regional_gdp_per_capita.","2026-08-15","Historical factual change, not a forecast, risk score, or performance rating."
"germany_bremen_regional_unemployment_change_pp_2024","germany","germany_bremen","regional_unemployment_change_pp","2024","-1.6","百分点","计算值","Eurostat regional labour market statistics","https://ec.europa.eu/eurostat/api/dissemination/statistics/1.0/data/lfst_r_lfu3rt?sex=T&age=Y15-74&isced11=TOTAL&unit=PC&sinceTimePeriod=2021&untilTimePeriod=2024&lang=en","A","value_2024 - value_2021; start_year=2021; end_year=2024; source_indicator=regional_unemployment_rate.","2026-08-15","Historical factual change, not a forecast, risk score, or performance rating."
"germany_hamburg_regional_population_change_pct_2024","germany","germany_hamburg","regional_population_change_pct","2024","-0.05","%","计算值","Eurostat regional statistics","https://ec.europa.eu/eurostat/api/dissemination/statistics/1.0/data/demo_r_pjanaggr3?sex=T&age=TOTAL&unit=NR","A","(value_2024 / value_2021 - 1) * 100; start_year=2021; end_year=2024; source_indicator=regional_population.","2026-08-15","Historical factual change, not a forecast, risk score, or performance rating."
"germany_hamburg_regional_gdp_per_capita_change_pct_2024","germany","germany_hamburg","regional_gdp_per_capita_change_pct","2024","17.7","%","计算值","Eurostat regional statistics","https://ec.europa.eu/eurostat/api/dissemination/statistics/1.0/data/nama_10r_3gdp?unit=MIO_EUR | https://ec.europa.eu/eurostat/api/dissemination/statistics/1.0/data/demo_r_pjanaggr3?sex=T&age=TOTAL&unit=NR","A","(value_2024 / value_2021 - 1) * 100; start_year=2021; end_year=2024; source_indicator=regional_gdp_per_capita.","2026-08-15","Historical factual change, not a forecast, risk score, or performance rating."
"germany_hamburg_regional_unemployment_change_pp_2024","germany","germany_hamburg","regional_unemployment_change_pp","2024","0.3","百分点","计算值","Eurostat regional labour market statistics","https://ec.europa.eu/eurostat/api/dissemination/statistics/1.0/data/lfst_r_lfu3rt?sex=T&age=Y15-74&isced11=TOTAL&unit=PC&sinceTimePeriod=2021&untilTimePeriod=2024&lang=en","A","value_2024 - value_2021; start_year=2021; end_year=2024; source_indicator=regional_unemployment_rate.","2026-08-15","Historical factual change, not a forecast, risk score, or performance rating."
"germany_hesse_regional_population_change_pct_2024","germany","germany_hesse","regional_population_change_pct","2024","-0.41","%","计算值","Eurostat regional statistics","https://ec.europa.eu/eurostat/api/dissemination/statistics/1.0/data/demo_r_pjanaggr3?sex=T&age=TOTAL&unit=NR","A","(value_2024 / value_2021 - 1) * 100; start_year=2021; end_year=2024; source_indicator=regional_population.","2026-08-15","Historical factual change, not a forecast, risk score, or performance rating."
"germany_hesse_regional_gdp_per_capita_change_pct_2024","germany","germany_hesse","regional_gdp_per_capita_change_pct","2024","18.61","%","计算值","Eurostat regional statistics","https://ec.europa.eu/eurostat/api/dissemination/statistics/1.0/data/nama_10r_3gdp?unit=MIO_EUR | https://ec.europa.eu/eurostat/api/dissemination/statistics/1.0/data/demo_r_pjanaggr3?sex=T&age=TOTAL&unit=NR","A","(value_2024 / value_2021 - 1) * 100; start_year=2021; end_year=2024; source_indicator=regional_gdp_per_capita.","2026-08-15","Historical factual change, not a forecast, risk score, or performance rating."
"germany_hesse_regional_unemployment_change_pp_2024","germany","germany_hesse","regional_unemployment_change_pp","2024","-0.6","百分点","计算值","Eurostat regional labour market statistics","https://ec.europa.eu/eurostat/api/dissemination/statistics/1.0/data/lfst_r_lfu3rt?sex=T&age=Y15-74&isced11=TOTAL&unit=PC&sinceTimePeriod=2021&untilTimePeriod=2024&lang=en","A","value_2024 - value_2021; start_year=2021; end_year=2024; source_indicator=regional_unemployment_rate.","2026-08-15","Historical factual change, not a forecast, risk score, or performance rating."
"germany_lower_saxony_de_regional_population_change_pct_2024","germany","germany_lower_saxony_de","regional_population_change_pct","2024","0.06","%","计算值","Eurostat regional statistics","https://ec.europa.eu/eurostat/api/dissemination/statistics/1.0/data/demo_r_pjanaggr3?sex=T&age=TOTAL&unit=NR","A","(value_2024 / value_2021 - 1) * 100; start_year=2021; end_year=2024; source_indicator=regional_population.","2026-08-15","Historical factual change, not a forecast, risk score, or performance rating."
"germany_lower_saxony_de_regional_gdp_per_capita_change_pct_2024","germany","germany_lower_saxony_de","regional_gdp_per_capita_change_pct","2024","19.12","%","计算值","Eurostat regional statistics","https://ec.europa.eu/eurostat/api/dissemination/statistics/1.0/data/nama_10r_3gdp?unit=MIO_EUR | https://ec.europa.eu/eurostat/api/dissemination/statistics/1.0/data/demo_r_pjanaggr3?sex=T&age=TOTAL&unit=NR","A","(value_2024 / value_2021 - 1) * 100; start_year=2021; end_year=2024; source_indicator=regional_gdp_per_capita.","2026-08-15","Historical factual change, not a forecast, risk score, or performance rating."
"germany_lower_saxony_de_regional_unemployment_change_pp_2024","germany","germany_lower_saxony_de","regional_unemployment_change_pp","2024","-0.2","百分点","计算值","Eurostat regional labour market statistics","https://ec.europa.eu/eurostat/api/dissemination/statistics/1.0/data/lfst_r_lfu3rt?sex=T&age=Y15-74&isced11=TOTAL&unit=PC&sinceTimePeriod=2021&untilTimePeriod=2024&lang=en","A","value_2024 - value_2021; start_year=2021; end_year=2024; source_indicator=regional_unemployment_rate.","2026-08-15","Historical factual change, not a forecast, risk score, or performance rating."
"germany_mecklenburg_vorpommern_regional_population_change_pct_2024","germany","germany_mecklenburg_vorpommern","regional_population_change_pct","2024","-2.03","%","计算值","Eurostat regional statistics","https://ec.europa.eu/eurostat/api/dissemination/statistics/1.0/data/demo_r_pjanaggr3?sex=T&age=TOTAL&unit=NR","A","(value_2024 / value_2021 - 1) * 100; start_year=2021; end_year=2024; source_indicator=regional_population.","2026-08-15","Historical factual change, not a forecast, risk score, or performance rating."
"germany_mecklenburg_vorpommern_regional_gdp_per_capita_change_pct_2024","germany","germany_mecklenburg_vorpommern","regional_gdp_per_capita_change_pct","2024","24.81","%","计算值","Eurostat regional statistics","https://ec.europa.eu/eurostat/api/dissemination/statistics/1.0/data/nama_10r_3gdp?unit=MIO_EUR | https://ec.europa.eu/eurostat/api/dissemination/statistics/1.0/data/demo_r_pjanaggr3?sex=T&age=TOTAL&unit=NR","A","(value_2024 / value_2021 - 1) * 100; start_year=2021; end_year=2024; source_indicator=regional_gdp_per_capita.","2026-08-15","Historical factual change, not a forecast, risk score, or performance rating."
"germany_mecklenburg_vorpommern_regional_unemployment_change_pp_2024","germany","germany_mecklenburg_vorpommern","regional_unemployment_change_pp","2024","-0.1","百分点","计算值","Eurostat regional labour market statistics","https://ec.europa.eu/eurostat/api/dissemination/statistics/1.0/data/lfst_r_lfu3rt?sex=T&age=Y15-74&isced11=TOTAL&unit=PC&sinceTimePeriod=2021&untilTimePeriod=2024&lang=en","A","value_2024 - value_2021; start_year=2021; end_year=2024; source_indicator=regional_unemployment_rate.","2026-08-15","Historical factual change, not a forecast, risk score, or performance rating."
"germany_north_rhine_westphalia_regional_population_change_pct_2024","germany","germany_north_rhine_westphalia","regional_population_change_pct","2024","0.51","%","计算值","Eurostat regional statistics","https://ec.europa.eu/eurostat/api/dissemination/statistics/1.0/data/demo_r_pjanaggr3?sex=T&age=TOTAL&unit=NR","A","(value_2024 / value_2021 - 1) * 100; start_year=2021; end_year=2024; source_indicator=regional_population.","2026-08-15","Historical factual change, not a forecast, risk score, or performance rating."
"germany_north_rhine_westphalia_regional_gdp_per_capita_change_pct_2024","germany","germany_north_rhine_westphalia","regional_gdp_per_capita_change_pct","2024","15.26","%","计算值","Eurostat regional statistics","https://ec.europa.eu/eurostat/api/dissemination/statistics/1.0/data/nama_10r_3gdp?unit=MIO_EUR | https://ec.europa.eu/eurostat/api/dissemination/statistics/1.0/data/demo_r_pjanaggr3?sex=T&age=TOTAL&unit=NR","A","(value_2024 / value_2021 - 1) * 100; start_year=2021; end_year=2024; source_indicator=regional_gdp_per_capita.","2026-08-15","Historical factual change, not a forecast, risk score, or performance rating."
"germany_north_rhine_westphalia_regional_unemployment_change_pp_2024","germany","germany_north_rhine_westphalia","regional_unemployment_change_pp","2024","-0.2","百分点","计算值","Eurostat regional labour market statistics","https://ec.europa.eu/eurostat/api/dissemination/statistics/1.0/data/lfst_r_lfu3rt?sex=T&age=Y15-74&isced11=TOTAL&unit=PC&sinceTimePeriod=2021&untilTimePeriod=2024&lang=en","A","value_2024 - value_2021; start_year=2021; end_year=2024; source_indicator=regional_unemployment_rate.","2026-08-15","Historical factual change, not a forecast, risk score, or performance rating."
"germany_rhineland_palatinate_regional_population_change_pct_2024","germany","germany_rhineland_palatinate","regional_population_change_pct","2024","0.65","%","计算值","Eurostat regional statistics","https://ec.europa.eu/eurostat/api/dissemination/statistics/1.0/data/demo_r_pjanaggr3?sex=T&age=TOTAL&unit=NR","A","(value_2024 / value_2021 - 1) * 100; start_year=2021; end_year=2024; source_indicator=regional_population.","2026-08-15","Historical factual change, not a forecast, risk score, or performance rating."
"germany_rhineland_palatinate_regional_gdp_per_capita_change_pct_2024","germany","germany_rhineland_palatinate","regional_gdp_per_capita_change_pct","2024","9.41","%","计算值","Eurostat regional statistics","https://ec.europa.eu/eurostat/api/dissemination/statistics/1.0/data/nama_10r_3gdp?unit=MIO_EUR | https://ec.europa.eu/eurostat/api/dissemination/statistics/1.0/data/demo_r_pjanaggr3?sex=T&age=TOTAL&unit=NR","A","(value_2024 / value_2021 - 1) * 100; start_year=2021; end_year=2024; source_indicator=regional_gdp_per_capita.","2026-08-15","Historical factual change, not a forecast, risk score, or performance rating."
"germany_rhineland_palatinate_regional_unemployment_change_pp_2024","germany","germany_rhineland_palatinate","regional_unemployment_change_pp","2024","-0.4","百分点","计算值","Eurostat regional labour market statistics","https://ec.europa.eu/eurostat/api/dissemination/statistics/1.0/data/lfst_r_lfu3rt?sex=T&age=Y15-74&isced11=TOTAL&unit=PC&sinceTimePeriod=2021&untilTimePeriod=2024&lang=en","A","value_2024 - value_2021; start_year=2021; end_year=2024; source_indicator=regional_unemployment_rate.","2026-08-15","Historical factual change, not a forecast, risk score, or performance rating."
"germany_saarland_regional_population_change_pct_2024","germany","germany_saarland","regional_population_change_pct","2024","3.05","%","计算值","Eurostat regional statistics","https://ec.europa.eu/eurostat/api/dissemination/statistics/1.0/data/demo_r_pjanaggr3?sex=T&age=TOTAL&unit=NR","A","(value_2024 / value_2021 - 1) * 100; start_year=2021; end_year=2024; source_indicator=regional_population.","2026-08-15","Historical factual change, not a forecast, risk score, or performance rating."
"germany_saarland_regional_gdp_per_capita_change_pct_2024","germany","germany_saarland","regional_gdp_per_capita_change_pct","2024","11.94","%","计算值","Eurostat regional statistics","https://ec.europa.eu/eurostat/api/dissemination/statistics/1.0/data/nama_10r_3gdp?unit=MIO_EUR | https://ec.europa.eu/eurostat/api/dissemination/statistics/1.0/data/demo_r_pjanaggr3?sex=T&age=TOTAL&unit=NR","A","(value_2024 / value_2021 - 1) * 100; start_year=2021; end_year=2024; source_indicator=regional_gdp_per_capita.","2026-08-15","Historical factual change, not a forecast, risk score, or performance rating."
"germany_saarland_regional_unemployment_change_pp_2024","germany","germany_saarland","regional_unemployment_change_pp","2024","0.4","百分点","计算值","Eurostat regional labour market statistics","https://ec.europa.eu/eurostat/api/dissemination/statistics/1.0/data/lfst_r_lfu3rt?sex=T&age=Y15-74&isced11=TOTAL&unit=PC&sinceTimePeriod=2021&untilTimePeriod=2024&lang=en","A","value_2024 - value_2021; start_year=2021; end_year=2024; source_indicator=regional_unemployment_rate.","2026-08-15","Historical factual change, not a forecast, risk score, or performance rating."
"germany_saxony_regional_population_change_pct_2024","germany","germany_saxony","regional_population_change_pct","2024","-0.06","%","计算值","Eurostat regional statistics","https://ec.europa.eu/eurostat/api/dissemination/statistics/1.0/data/demo_r_pjanaggr3?sex=T&age=TOTAL&unit=NR","A","(value_2024 / value_2021 - 1) * 100; start_year=2021; end_year=2024; source_indicator=regional_population.","2026-08-15","Historical factual change, not a forecast, risk score, or performance rating."
"germany_saxony_regional_gdp_per_capita_change_pct_2024","germany","germany_saxony","regional_gdp_per_capita_change_pct","2024","18.9","%","计算值","Eurostat regional statistics","https://ec.europa.eu/eurostat/api/dissemination/statistics/1.0/data/nama_10r_3gdp?unit=MIO_EUR | https://ec.europa.eu/eurostat/api/dissemination/statistics/1.0/data/demo_r_pjanaggr3?sex=T&age=TOTAL&unit=NR","A","(value_2024 / value_2021 - 1) * 100; start_year=2021; end_year=2024; source_indicator=regional_gdp_per_capita.","2026-08-15","Historical factual change, not a forecast, risk score, or performance rating."
"germany_saxony_regional_unemployment_change_pp_2024","germany","germany_saxony","regional_unemployment_change_pp","2024","0.6","百分点","计算值","Eurostat regional labour market statistics","https://ec.europa.eu/eurostat/api/dissemination/statistics/1.0/data/lfst_r_lfu3rt?sex=T&age=Y15-74&isced11=TOTAL&unit=PC&sinceTimePeriod=2021&untilTimePeriod=2024&lang=en","A","value_2024 - value_2021; start_year=2021; end_year=2024; source_indicator=regional_unemployment_rate.","2026-08-15","Historical factual change, not a forecast, risk score, or performance rating."
"germany_saxony_anhalt_regional_population_change_pct_2024","germany","germany_saxony_anhalt","regional_population_change_pct","2024","-1.66","%","计算值","Eurostat regional statistics","https://ec.europa.eu/eurostat/api/dissemination/statistics/1.0/data/demo_r_pjanaggr3?sex=T&age=TOTAL&unit=NR","A","(value_2024 / value_2021 - 1) * 100; start_year=2021; end_year=2024; source_indicator=regional_population.","2026-08-15","Historical factual change, not a forecast, risk score, or performance rating."
"germany_saxony_anhalt_regional_gdp_per_capita_change_pct_2024","germany","germany_saxony_anhalt","regional_gdp_per_capita_change_pct","2024","19.43","%","计算值","Eurostat regional statistics","https://ec.europa.eu/eurostat/api/dissemination/statistics/1.0/data/nama_10r_3gdp?unit=MIO_EUR | https://ec.europa.eu/eurostat/api/dissemination/statistics/1.0/data/demo_r_pjanaggr3?sex=T&age=TOTAL&unit=NR","A","(value_2024 / value_2021 - 1) * 100; start_year=2021; end_year=2024; source_indicator=regional_gdp_per_capita.","2026-08-15","Historical factual change, not a forecast, risk score, or performance rating."
"germany_saxony_anhalt_regional_unemployment_change_pp_2024","germany","germany_saxony_anhalt","regional_unemployment_change_pp","2024","0","百分点","计算值","Eurostat regional labour market statistics","https://ec.europa.eu/eurostat/api/dissemination/statistics/1.0/data/lfst_r_lfu3rt?sex=T&age=Y15-74&isced11=TOTAL&unit=PC&sinceTimePeriod=2021&untilTimePeriod=2024&lang=en","A","value_2024 - value_2021; start_year=2021; end_year=2024; source_indicator=regional_unemployment_rate.","2026-08-15","Historical factual change, not a forecast, risk score, or performance rating."
"germany_schleswig_holstein_regional_population_change_pct_2024","germany","germany_schleswig_holstein","regional_population_change_pct","2024","1.45","%","计算值","Eurostat regional statistics","https://ec.europa.eu/eurostat/api/dissemination/statistics/1.0/data/demo_r_pjanaggr3?sex=T&age=TOTAL&unit=NR","A","(value_2024 / value_2021 - 1) * 100; start_year=2021; end_year=2024; source_indicator=regional_population.","2026-08-15","Historical factual change, not a forecast, risk score, or performance rating."
"germany_schleswig_holstein_regional_gdp_per_capita_change_pct_2024","germany","germany_schleswig_holstein","regional_gdp_per_capita_change_pct","2024","18.47","%","计算值","Eurostat regional statistics","https://ec.europa.eu/eurostat/api/dissemination/statistics/1.0/data/nama_10r_3gdp?unit=MIO_EUR | https://ec.europa.eu/eurostat/api/dissemination/statistics/1.0/data/demo_r_pjanaggr3?sex=T&age=TOTAL&unit=NR","A","(value_2024 / value_2021 - 1) * 100; start_year=2021; end_year=2024; source_indicator=regional_gdp_per_capita.","2026-08-15","Historical factual change, not a forecast, risk score, or performance rating."
"germany_schleswig_holstein_regional_unemployment_change_pp_2024","germany","germany_schleswig_holstein","regional_unemployment_change_pp","2024","0.2","百分点","计算值","Eurostat regional labour market statistics","https://ec.europa.eu/eurostat/api/dissemination/statistics/1.0/data/lfst_r_lfu3rt?sex=T&age=Y15-74&isced11=TOTAL&unit=PC&sinceTimePeriod=2021&untilTimePeriod=2024&lang=en","A","value_2024 - value_2021; start_year=2021; end_year=2024; source_indicator=regional_unemployment_rate.","2026-08-15","Historical factual change, not a forecast, risk score, or performance rating."
"germany_thuringia_regional_population_change_pct_2024","germany","germany_thuringia","regional_population_change_pct","2024","-0.25","%","计算值","Eurostat regional statistics","https://ec.europa.eu/eurostat/api/dissemination/statistics/1.0/data/demo_r_pjanaggr3?sex=T&age=TOTAL&unit=NR","A","(value_2024 / value_2021 - 1) * 100; start_year=2021; end_year=2024; source_indicator=regional_population.","2026-08-15","Historical factual change, not a forecast, risk score, or performance rating."
"germany_thuringia_regional_gdp_per_capita_change_pct_2024","germany","germany_thuringia","regional_gdp_per_capita_change_pct","2024","17.12","%","计算值","Eurostat regional statistics","https://ec.europa.eu/eurostat/api/dissemination/statistics/1.0/data/nama_10r_3gdp?unit=MIO_EUR | https://ec.europa.eu/eurostat/api/dissemination/statistics/1.0/data/demo_r_pjanaggr3?sex=T&age=TOTAL&unit=NR","A","(value_2024 / value_2021 - 1) * 100; start_year=2021; end_year=2024; source_indicator=regional_gdp_per_capita.","2026-08-15","Historical factual change, not a forecast, risk score, or performance rating."
"germany_thuringia_regional_unemployment_change_pp_2024","germany","germany_thuringia","regional_unemployment_change_pp","2024","0","百分点","计算值","Eurostat regional labour market statistics","https://ec.europa.eu/eurostat/api/dissemination/statistics/1.0/data/lfst_r_lfu3rt?sex=T&age=Y15-74&isced11=TOTAL&unit=PC&sinceTimePeriod=2021&untilTimePeriod=2024&lang=en","A","value_2024 - value_2021; start_year=2021; end_year=2024; source_indicator=regional_unemployment_rate.","2026-08-15","Historical factual change, not a forecast, risk score, or performance rating."
"romania_alba_regional_population_change_pct_2024","romania","romania_alba","regional_population_change_pct","2024","1.49","%","计算值","Eurostat regional statistics","https://ec.europa.eu/eurostat/api/dissemination/statistics/1.0/data/demo_r_pjanaggr3?sex=T&age=TOTAL&unit=NR","A","(value_2024 / value_2021 - 1) * 100; start_year=2021; end_year=2024; source_indicator=regional_population.","2026-08-15","Historical factual change, not a forecast, risk score, or performance rating."
"romania_alba_regional_gdp_per_capita_change_pct_2024","romania","romania_alba","regional_gdp_per_capita_change_pct","2024","31.31","%","计算值","Eurostat regional statistics","https://ec.europa.eu/eurostat/api/dissemination/statistics/1.0/data/nama_10r_3gdp?unit=MIO_EUR | https://ec.europa.eu/eurostat/api/dissemination/statistics/1.0/data/demo_r_pjanaggr3?sex=T&age=TOTAL&unit=NR","A","(value_2024 / value_2021 - 1) * 100; start_year=2021; end_year=2024; source_indicator=regional_gdp_per_capita.","2026-08-15","Historical factual change, not a forecast, risk score, or performance rating."
"romania_arad_regional_population_change_pct_2024","romania","romania_arad","regional_population_change_pct","2024","-0.52","%","计算值","Eurostat regional statistics","https://ec.europa.eu/eurostat/api/dissemination/statistics/1.0/data/demo_r_pjanaggr3?sex=T&age=TOTAL&unit=NR","A","(value_2024 / value_2021 - 1) * 100; start_year=2021; end_year=2024; source_indicator=regional_population.","2026-08-15","Historical factual change, not a forecast, risk score, or performance rating."
"romania_arad_regional_gdp_per_capita_change_pct_2024","romania","romania_arad","regional_gdp_per_capita_change_pct","2024","45.62","%","计算值","Eurostat regional statistics","https://ec.europa.eu/eurostat/api/dissemination/statistics/1.0/data/nama_10r_3gdp?unit=MIO_EUR | https://ec.europa.eu/eurostat/api/dissemination/statistics/1.0/data/demo_r_pjanaggr3?sex=T&age=TOTAL&unit=NR","A","(value_2024 / value_2021 - 1) * 100; start_year=2021; end_year=2024; source_indicator=regional_gdp_per_capita.","2026-08-15","Historical factual change, not a forecast, risk score, or performance rating."
"romania_arges_regional_population_change_pct_2024","romania","romania_arges","regional_population_change_pct","2024","-0.5","%","计算值","Eurostat regional statistics","https://ec.europa.eu/eurostat/api/dissemination/statistics/1.0/data/demo_r_pjanaggr3?sex=T&age=TOTAL&unit=NR","A","(value_2024 / value_2021 - 1) * 100; start_year=2021; end_year=2024; source_indicator=regional_population.","2026-08-15","Historical factual change, not a forecast, risk score, or performance rating."
"romania_arges_regional_gdp_per_capita_change_pct_2024","romania","romania_arges","regional_gdp_per_capita_change_pct","2024","46.01","%","计算值","Eurostat regional statistics","https://ec.europa.eu/eurostat/api/dissemination/statistics/1.0/data/nama_10r_3gdp?unit=MIO_EUR | https://ec.europa.eu/eurostat/api/dissemination/statistics/1.0/data/demo_r_pjanaggr3?sex=T&age=TOTAL&unit=NR","A","(value_2024 / value_2021 - 1) * 100; start_year=2021; end_year=2024; source_indicator=regional_gdp_per_capita.","2026-08-15","Historical factual change, not a forecast, risk score, or performance rating."
"romania_bacau_regional_population_change_pct_2024","romania","romania_bacau","regional_population_change_pct","2024","3.53","%","计算值","Eurostat regional statistics","https://ec.europa.eu/eurostat/api/dissemination/statistics/1.0/data/demo_r_pjanaggr3?sex=T&age=TOTAL&unit=NR","A","(value_2024 / value_2021 - 1) * 100; start_year=2021; end_year=2024; source_indicator=regional_population.","2026-08-15","Historical factual change, not a forecast, risk score, or performance rating."
"romania_bacau_regional_gdp_per_capita_change_pct_2024","romania","romania_bacau","regional_gdp_per_capita_change_pct","2024","52.81","%","计算值","Eurostat regional statistics","https://ec.europa.eu/eurostat/api/dissemination/statistics/1.0/data/nama_10r_3gdp?unit=MIO_EUR | https://ec.europa.eu/eurostat/api/dissemination/statistics/1.0/data/demo_r_pjanaggr3?sex=T&age=TOTAL&unit=NR","A","(value_2024 / value_2021 - 1) * 100; start_year=2021; end_year=2024; source_indicator=regional_gdp_per_capita.","2026-08-15","Historical factual change, not a forecast, risk score, or performance rating."
"romania_bihor_regional_population_change_pct_2024","romania","romania_bihor","regional_population_change_pct","2024","-0.24","%","计算值","Eurostat regional statistics","https://ec.europa.eu/eurostat/api/dissemination/statistics/1.0/data/demo_r_pjanaggr3?sex=T&age=TOTAL&unit=NR","A","(value_2024 / value_2021 - 1) * 100; start_year=2021; end_year=2024; source_indicator=regional_population.","2026-08-15","Historical factual change, not a forecast, risk score, or performance rating."
"romania_bihor_regional_gdp_per_capita_change_pct_2024","romania","romania_bihor","regional_gdp_per_capita_change_pct","2024","49.98","%","计算值","Eurostat regional statistics","https://ec.europa.eu/eurostat/api/dissemination/statistics/1.0/data/nama_10r_3gdp?unit=MIO_EUR | https://ec.europa.eu/eurostat/api/dissemination/statistics/1.0/data/demo_r_pjanaggr3?sex=T&age=TOTAL&unit=NR","A","(value_2024 / value_2021 - 1) * 100; start_year=2021; end_year=2024; source_indicator=regional_gdp_per_capita.","2026-08-15","Historical factual change, not a forecast, risk score, or performance rating."
"romania_bistrita_nasaud_regional_population_change_pct_2024","romania","romania_bistrita_nasaud","regional_population_change_pct","2024","7.54","%","计算值","Eurostat regional statistics","https://ec.europa.eu/eurostat/api/dissemination/statistics/1.0/data/demo_r_pjanaggr3?sex=T&age=TOTAL&unit=NR","A","(value_2024 / value_2021 - 1) * 100; start_year=2021; end_year=2024; source_indicator=regional_population.","2026-08-15","Historical factual change, not a forecast, risk score, or performance rating."
"romania_bistrita_nasaud_regional_gdp_per_capita_change_pct_2024","romania","romania_bistrita_nasaud","regional_gdp_per_capita_change_pct","2024","37.42","%","计算值","Eurostat regional statistics","https://ec.europa.eu/eurostat/api/dissemination/statistics/1.0/data/nama_10r_3gdp?unit=MIO_EUR | https://ec.europa.eu/eurostat/api/dissemination/statistics/1.0/data/demo_r_pjanaggr3?sex=T&age=TOTAL&unit=NR","A","(value_2024 / value_2021 - 1) * 100; start_year=2021; end_year=2024; source_indicator=regional_gdp_per_capita.","2026-08-15","Historical factual change, not a forecast, risk score, or performance rating."
"romania_botosani_regional_population_change_pct_2024","romania","romania_botosani","regional_population_change_pct","2024","4.83","%","计算值","Eurostat regional statistics","https://ec.europa.eu/eurostat/api/dissemination/statistics/1.0/data/demo_r_pjanaggr3?sex=T&age=TOTAL&unit=NR","A","(value_2024 / value_2021 - 1) * 100; start_year=2021; end_year=2024; source_indicator=regional_population.","2026-08-15","Historical factual change, not a forecast, risk score, or performance rating."
"romania_botosani_regional_gdp_per_capita_change_pct_2024","romania","romania_botosani","regional_gdp_per_capita_change_pct","2024","41.75","%","计算值","Eurostat regional statistics","https://ec.europa.eu/eurostat/api/dissemination/statistics/1.0/data/nama_10r_3gdp?unit=MIO_EUR | https://ec.europa.eu/eurostat/api/dissemination/statistics/1.0/data/demo_r_pjanaggr3?sex=T&age=TOTAL&unit=NR","A","(value_2024 / value_2021 - 1) * 100; start_year=2021; end_year=2024; source_indicator=regional_gdp_per_capita.","2026-08-15","Historical factual change, not a forecast, risk score, or performance rating."
"romania_brasov_regional_population_change_pct_2024","romania","romania_brasov","regional_population_change_pct","2024","0.7","%","计算值","Eurostat regional statistics","https://ec.europa.eu/eurostat/api/dissemination/statistics/1.0/data/demo_r_pjanaggr3?sex=T&age=TOTAL&unit=NR","A","(value_2024 / value_2021 - 1) * 100; start_year=2021; end_year=2024; source_indicator=regional_population.","2026-08-15","Historical factual change, not a forecast, risk score, or performance rating."
"romania_brasov_regional_gdp_per_capita_change_pct_2024","romania","romania_brasov","regional_gdp_per_capita_change_pct","2024","48.71","%","计算值","Eurostat regional statistics","https://ec.europa.eu/eurostat/api/dissemination/statistics/1.0/data/nama_10r_3gdp?unit=MIO_EUR | https://ec.europa.eu/eurostat/api/dissemination/statistics/1.0/data/demo_r_pjanaggr3?sex=T&age=TOTAL&unit=NR","A","(value_2024 / value_2021 - 1) * 100; start_year=2021; end_year=2024; source_indicator=regional_gdp_per_capita.","2026-08-15","Historical factual change, not a forecast, risk score, or performance rating."
"romania_braila_regional_population_change_pct_2024","romania","romania_braila","regional_population_change_pct","2024","-2.11","%","计算值","Eurostat regional statistics","https://ec.europa.eu/eurostat/api/dissemination/statistics/1.0/data/demo_r_pjanaggr3?sex=T&age=TOTAL&unit=NR","A","(value_2024 / value_2021 - 1) * 100; start_year=2021; end_year=2024; source_indicator=regional_population.","2026-08-15","Historical factual change, not a forecast, risk score, or performance rating."
"romania_braila_regional_gdp_per_capita_change_pct_2024","romania","romania_braila","regional_gdp_per_capita_change_pct","2024","45.73","%","计算值","Eurostat regional statistics","https://ec.europa.eu/eurostat/api/dissemination/statistics/1.0/data/nama_10r_3gdp?unit=MIO_EUR | https://ec.europa.eu/eurostat/api/dissemination/statistics/1.0/data/demo_r_pjanaggr3?sex=T&age=TOTAL&unit=NR","A","(value_2024 / value_2021 - 1) * 100; start_year=2021; end_year=2024; source_indicator=regional_gdp_per_capita.","2026-08-15","Historical factual change, not a forecast, risk score, or performance rating."
"romania_bucharest_regional_population_change_pct_2024","romania","romania_bucharest","regional_population_change_pct","2024","-5.58","%","计算值","Eurostat regional statistics","https://ec.europa.eu/eurostat/api/dissemination/statistics/1.0/data/demo_r_pjanaggr3?sex=T&age=TOTAL&unit=NR","A","(value_2024 / value_2021 - 1) * 100; start_year=2021; end_year=2024; source_indicator=regional_population.","2026-08-15","Historical factual change, not a forecast, risk score, or performance rating."
"romania_bucharest_regional_gdp_per_capita_change_pct_2024","romania","romania_bucharest","regional_gdp_per_capita_change_pct","2024","63.86","%","计算值","Eurostat regional statistics","https://ec.europa.eu/eurostat/api/dissemination/statistics/1.0/data/nama_10r_3gdp?unit=MIO_EUR | https://ec.europa.eu/eurostat/api/dissemination/statistics/1.0/data/demo_r_pjanaggr3?sex=T&age=TOTAL&unit=NR","A","(value_2024 / value_2021 - 1) * 100; start_year=2021; end_year=2024; source_indicator=regional_gdp_per_capita.","2026-08-15","Historical factual change, not a forecast, risk score, or performance rating."
"romania_buzau_regional_population_change_pct_2024","romania","romania_buzau","regional_population_change_pct","2024","-1.33","%","计算值","Eurostat regional statistics","https://ec.europa.eu/eurostat/api/dissemination/statistics/1.0/data/demo_r_pjanaggr3?sex=T&age=TOTAL&unit=NR","A","(value_2024 / value_2021 - 1) * 100; start_year=2021; end_year=2024; source_indicator=regional_population.","2026-08-15","Historical factual change, not a forecast, risk score, or performance rating."
"romania_buzau_regional_gdp_per_capita_change_pct_2024","romania","romania_buzau","regional_gdp_per_capita_change_pct","2024","37.68","%","计算值","Eurostat regional statistics","https://ec.europa.eu/eurostat/api/dissemination/statistics/1.0/data/nama_10r_3gdp?unit=MIO_EUR | https://ec.europa.eu/eurostat/api/dissemination/statistics/1.0/data/demo_r_pjanaggr3?sex=T&age=TOTAL&unit=NR","A","(value_2024 / value_2021 - 1) * 100; start_year=2021; end_year=2024; source_indicator=regional_gdp_per_capita.","2026-08-15","Historical factual change, not a forecast, risk score, or performance rating."
"romania_caras_severin_regional_population_change_pct_2024","romania","romania_caras_severin","regional_population_change_pct","2024","-8.49","%","计算值","Eurostat regional statistics","https://ec.europa.eu/eurostat/api/dissemination/statistics/1.0/data/demo_r_pjanaggr3?sex=T&age=TOTAL&unit=NR","A","(value_2024 / value_2021 - 1) * 100; start_year=2021; end_year=2024; source_indicator=regional_population.","2026-08-15","Historical factual change, not a forecast, risk score, or performance rating."
"romania_caras_severin_regional_gdp_per_capita_change_pct_2024","romania","romania_caras_severin","regional_gdp_per_capita_change_pct","2024","66.35","%","计算值","Eurostat regional statistics","https://ec.europa.eu/eurostat/api/dissemination/statistics/1.0/data/nama_10r_3gdp?unit=MIO_EUR | https://ec.europa.eu/eurostat/api/dissemination/statistics/1.0/data/demo_r_pjanaggr3?sex=T&age=TOTAL&unit=NR","A","(value_2024 / value_2021 - 1) * 100; start_year=2021; end_year=2024; source_indicator=regional_gdp_per_capita.","2026-08-15","Historical factual change, not a forecast, risk score, or performance rating."
"romania_calarasi_regional_population_change_pct_2024","romania","romania_calarasi","regional_population_change_pct","2024","0.59","%","计算值","Eurostat regional statistics","https://ec.europa.eu/eurostat/api/dissemination/statistics/1.0/data/demo_r_pjanaggr3?sex=T&age=TOTAL&unit=NR","A","(value_2024 / value_2021 - 1) * 100; start_year=2021; end_year=2024; source_indicator=regional_population.","2026-08-15","Historical factual change, not a forecast, risk score, or performance rating."
"romania_calarasi_regional_gdp_per_capita_change_pct_2024","romania","romania_calarasi","regional_gdp_per_capita_change_pct","2024","31.61","%","计算值","Eurostat regional statistics","https://ec.europa.eu/eurostat/api/dissemination/statistics/1.0/data/nama_10r_3gdp?unit=MIO_EUR | https://ec.europa.eu/eurostat/api/dissemination/statistics/1.0/data/demo_r_pjanaggr3?sex=T&age=TOTAL&unit=NR","A","(value_2024 / value_2021 - 1) * 100; start_year=2021; end_year=2024; source_indicator=regional_gdp_per_capita.","2026-08-15","Historical factual change, not a forecast, risk score, or performance rating."
"romania_cluj_regional_population_change_pct_2024","romania","romania_cluj","regional_population_change_pct","2024","-2.36","%","计算值","Eurostat regional statistics","https://ec.europa.eu/eurostat/api/dissemination/statistics/1.0/data/demo_r_pjanaggr3?sex=T&age=TOTAL&unit=NR","A","(value_2024 / value_2021 - 1) * 100; start_year=2021; end_year=2024; source_indicator=regional_population.","2026-08-15","Historical factual change, not a forecast, risk score, or performance rating."
"romania_cluj_regional_gdp_per_capita_change_pct_2024","romania","romania_cluj","regional_gdp_per_capita_change_pct","2024","53.85","%","计算值","Eurostat regional statistics","https://ec.europa.eu/eurostat/api/dissemination/statistics/1.0/data/nama_10r_3gdp?unit=MIO_EUR | https://ec.europa.eu/eurostat/api/dissemination/statistics/1.0/data/demo_r_pjanaggr3?sex=T&age=TOTAL&unit=NR","A","(value_2024 / value_2021 - 1) * 100; start_year=2021; end_year=2024; source_indicator=regional_gdp_per_capita.","2026-08-15","Historical factual change, not a forecast, risk score, or performance rating."
"romania_constanta_regional_population_change_pct_2024","romania","romania_constanta","regional_population_change_pct","2024","-1.59","%","计算值","Eurostat regional statistics","https://ec.europa.eu/eurostat/api/dissemination/statistics/1.0/data/demo_r_pjanaggr3?sex=T&age=TOTAL&unit=NR","A","(value_2024 / value_2021 - 1) * 100; start_year=2021; end_year=2024; source_indicator=regional_population.","2026-08-15","Historical factual change, not a forecast, risk score, or performance rating."
"romania_constanta_regional_gdp_per_capita_change_pct_2024","romania","romania_constanta","regional_gdp_per_capita_change_pct","2024","42.2","%","计算值","Eurostat regional statistics","https://ec.europa.eu/eurostat/api/dissemination/statistics/1.0/data/nama_10r_3gdp?unit=MIO_EUR | https://ec.europa.eu/eurostat/api/dissemination/statistics/1.0/data/demo_r_pjanaggr3?sex=T&age=TOTAL&unit=NR","A","(value_2024 / value_2021 - 1) * 100; start_year=2021; end_year=2024; source_indicator=regional_gdp_per_capita.","2026-08-15","Historical factual change, not a forecast, risk score, or performance rating."
"romania_covasna_regional_population_change_pct_2024","romania","romania_covasna","regional_population_change_pct","2024","-0.19","%","计算值","Eurostat regional statistics","https://ec.europa.eu/eurostat/api/dissemination/statistics/1.0/data/demo_r_pjanaggr3?sex=T&age=TOTAL&unit=NR","A","(value_2024 / value_2021 - 1) * 100; start_year=2021; end_year=2024; source_indicator=regional_population.","2026-08-15","Historical factual change, not a forecast, risk score, or performance rating."
"romania_covasna_regional_gdp_per_capita_change_pct_2024","romania","romania_covasna","regional_gdp_per_capita_change_pct","2024","40.96","%","计算值","Eurostat regional statistics","https://ec.europa.eu/eurostat/api/dissemination/statistics/1.0/data/nama_10r_3gdp?unit=MIO_EUR | https://ec.europa.eu/eurostat/api/dissemination/statistics/1.0/data/demo_r_pjanaggr3?sex=T&age=TOTAL&unit=NR","A","(value_2024 / value_2021 - 1) * 100; start_year=2021; end_year=2024; source_indicator=regional_gdp_per_capita.","2026-08-15","Historical factual change, not a forecast, risk score, or performance rating."
"romania_dambovita_regional_population_change_pct_2024","romania","romania_dambovita","regional_population_change_pct","2024","-1.27","%","计算值","Eurostat regional statistics","https://ec.europa.eu/eurostat/api/dissemination/statistics/1.0/data/demo_r_pjanaggr3?sex=T&age=TOTAL&unit=NR","A","(value_2024 / value_2021 - 1) * 100; start_year=2021; end_year=2024; source_indicator=regional_population.","2026-08-15","Historical factual change, not a forecast, risk score, or performance rating."
"romania_dambovita_regional_gdp_per_capita_change_pct_2024","romania","romania_dambovita","regional_gdp_per_capita_change_pct","2024","40.16","%","计算值","Eurostat regional statistics","https://ec.europa.eu/eurostat/api/dissemination/statistics/1.0/data/nama_10r_3gdp?unit=MIO_EUR | https://ec.europa.eu/eurostat/api/dissemination/statistics/1.0/data/demo_r_pjanaggr3?sex=T&age=TOTAL&unit=NR","A","(value_2024 / value_2021 - 1) * 100; start_year=2021; end_year=2024; source_indicator=regional_gdp_per_capita.","2026-08-15","Historical factual change, not a forecast, risk score, or performance rating."
"romania_dolj_regional_population_change_pct_2024","romania","romania_dolj","regional_population_change_pct","2024","-2.86","%","计算值","Eurostat regional statistics","https://ec.europa.eu/eurostat/api/dissemination/statistics/1.0/data/demo_r_pjanaggr3?sex=T&age=TOTAL&unit=NR","A","(value_2024 / value_2021 - 1) * 100; start_year=2021; end_year=2024; source_indicator=regional_population.","2026-08-15","Historical factual change, not a forecast, risk score, or performance rating."
"romania_dolj_regional_gdp_per_capita_change_pct_2024","romania","romania_dolj","regional_gdp_per_capita_change_pct","2024","47.43","%","计算值","Eurostat regional statistics","https://ec.europa.eu/eurostat/api/dissemination/statistics/1.0/data/nama_10r_3gdp?unit=MIO_EUR | https://ec.europa.eu/eurostat/api/dissemination/statistics/1.0/data/demo_r_pjanaggr3?sex=T&age=TOTAL&unit=NR","A","(value_2024 / value_2021 - 1) * 100; start_year=2021; end_year=2024; source_indicator=regional_gdp_per_capita.","2026-08-15","Historical factual change, not a forecast, risk score, or performance rating."
"romania_galati_regional_population_change_pct_2024","romania","romania_galati","regional_population_change_pct","2024","-0.43","%","计算值","Eurostat regional statistics","https://ec.europa.eu/eurostat/api/dissemination/statistics/1.0/data/demo_r_pjanaggr3?sex=T&age=TOTAL&unit=NR","A","(value_2024 / value_2021 - 1) * 100; start_year=2021; end_year=2024; source_indicator=regional_population.","2026-08-15","Historical factual change, not a forecast, risk score, or performance rating."
"romania_galati_regional_gdp_per_capita_change_pct_2024","romania","romania_galati","regional_gdp_per_capita_change_pct","2024","29.32","%","计算值","Eurostat regional statistics","https://ec.europa.eu/eurostat/api/dissemination/statistics/1.0/data/nama_10r_3gdp?unit=MIO_EUR | https://ec.europa.eu/eurostat/api/dissemination/statistics/1.0/data/demo_r_pjanaggr3?sex=T&age=TOTAL&unit=NR","A","(value_2024 / value_2021 - 1) * 100; start_year=2021; end_year=2024; source_indicator=regional_gdp_per_capita.","2026-08-15","Historical factual change, not a forecast, risk score, or performance rating."
"romania_giurgiu_regional_population_change_pct_2024","romania","romania_giurgiu","regional_population_change_pct","2024","-0.92","%","计算值","Eurostat regional statistics","https://ec.europa.eu/eurostat/api/dissemination/statistics/1.0/data/demo_r_pjanaggr3?sex=T&age=TOTAL&unit=NR","A","(value_2024 / value_2021 - 1) * 100; start_year=2021; end_year=2024; source_indicator=regional_population.","2026-08-15","Historical factual change, not a forecast, risk score, or performance rating."
"romania_giurgiu_regional_gdp_per_capita_change_pct_2024","romania","romania_giurgiu","regional_gdp_per_capita_change_pct","2024","50.01","%","计算值","Eurostat regional statistics","https://ec.europa.eu/eurostat/api/dissemination/statistics/1.0/data/nama_10r_3gdp?unit=MIO_EUR | https://ec.europa.eu/eurostat/api/dissemination/statistics/1.0/data/demo_r_pjanaggr3?sex=T&age=TOTAL&unit=NR","A","(value_2024 / value_2021 - 1) * 100; start_year=2021; end_year=2024; source_indicator=regional_gdp_per_capita.","2026-08-15","Historical factual change, not a forecast, risk score, or performance rating."
"romania_gorj_regional_population_change_pct_2024","romania","romania_gorj","regional_population_change_pct","2024","0.68","%","计算值","Eurostat regional statistics","https://ec.europa.eu/eurostat/api/dissemination/statistics/1.0/data/demo_r_pjanaggr3?sex=T&age=TOTAL&unit=NR","A","(value_2024 / value_2021 - 1) * 100; start_year=2021; end_year=2024; source_indicator=regional_population.","2026-08-15","Historical factual change, not a forecast, risk score, or performance rating."
"romania_gorj_regional_gdp_per_capita_change_pct_2024","romania","romania_gorj","regional_gdp_per_capita_change_pct","2024","70.68","%","计算值","Eurostat regional statistics","https://ec.europa.eu/eurostat/api/dissemination/statistics/1.0/data/nama_10r_3gdp?unit=MIO_EUR | https://ec.europa.eu/eurostat/api/dissemination/statistics/1.0/data/demo_r_pjanaggr3?sex=T&age=TOTAL&unit=NR","A","(value_2024 / value_2021 - 1) * 100; start_year=2021; end_year=2024; source_indicator=regional_gdp_per_capita.","2026-08-15","Historical factual change, not a forecast, risk score, or performance rating."
"romania_harghita_regional_population_change_pct_2024","romania","romania_harghita","regional_population_change_pct","2024","-2.32","%","计算值","Eurostat regional statistics","https://ec.europa.eu/eurostat/api/dissemination/statistics/1.0/data/demo_r_pjanaggr3?sex=T&age=TOTAL&unit=NR","A","(value_2024 / value_2021 - 1) * 100; start_year=2021; end_year=2024; source_indicator=regional_population.","2026-08-15","Historical factual change, not a forecast, risk score, or performance rating."
"romania_harghita_regional_gdp_per_capita_change_pct_2024","romania","romania_harghita","regional_gdp_per_capita_change_pct","2024","48.68","%","计算值","Eurostat regional statistics","https://ec.europa.eu/eurostat/api/dissemination/statistics/1.0/data/nama_10r_3gdp?unit=MIO_EUR | https://ec.europa.eu/eurostat/api/dissemination/statistics/1.0/data/demo_r_pjanaggr3?sex=T&age=TOTAL&unit=NR","A","(value_2024 / value_2021 - 1) * 100; start_year=2021; end_year=2024; source_indicator=regional_gdp_per_capita.","2026-08-15","Historical factual change, not a forecast, risk score, or performance rating."
"romania_hunedoara_regional_population_change_pct_2024","romania","romania_hunedoara","regional_population_change_pct","2024","-5.05","%","计算值","Eurostat regional statistics","https://ec.europa.eu/eurostat/api/dissemination/statistics/1.0/data/demo_r_pjanaggr3?sex=T&age=TOTAL&unit=NR","A","(value_2024 / value_2021 - 1) * 100; start_year=2021; end_year=2024; source_indicator=regional_population.","2026-08-15","Historical factual change, not a forecast, risk score, or performance rating."
"romania_hunedoara_regional_gdp_per_capita_change_pct_2024","romania","romania_hunedoara","regional_gdp_per_capita_change_pct","2024","53.96","%","计算值","Eurostat regional statistics","https://ec.europa.eu/eurostat/api/dissemination/statistics/1.0/data/nama_10r_3gdp?unit=MIO_EUR | https://ec.europa.eu/eurostat/api/dissemination/statistics/1.0/data/demo_r_pjanaggr3?sex=T&age=TOTAL&unit=NR","A","(value_2024 / value_2021 - 1) * 100; start_year=2021; end_year=2024; source_indicator=regional_gdp_per_capita.","2026-08-15","Historical factual change, not a forecast, risk score, or performance rating."
"romania_ialomita_regional_population_change_pct_2024","romania","romania_ialomita","regional_population_change_pct","2024","-1.01","%","计算值","Eurostat regional statistics","https://ec.europa.eu/eurostat/api/dissemination/statistics/1.0/data/demo_r_pjanaggr3?sex=T&age=TOTAL&unit=NR","A","(value_2024 / value_2021 - 1) * 100; start_year=2021; end_year=2024; source_indicator=regional_population.","2026-08-15","Historical factual change, not a forecast, risk score, or performance rating."
"romania_ialomita_regional_gdp_per_capita_change_pct_2024","romania","romania_ialomita","regional_gdp_per_capita_change_pct","2024","35.57","%","计算值","Eurostat regional statistics","https://ec.europa.eu/eurostat/api/dissemination/statistics/1.0/data/nama_10r_3gdp?unit=MIO_EUR | https://ec.europa.eu/eurostat/api/dissemination/statistics/1.0/data/demo_r_pjanaggr3?sex=T&age=TOTAL&unit=NR","A","(value_2024 / value_2021 - 1) * 100; start_year=2021; end_year=2024; source_indicator=regional_gdp_per_capita.","2026-08-15","Historical factual change, not a forecast, risk score, or performance rating."
"romania_iasi_regional_population_change_pct_2024","romania","romania_iasi","regional_population_change_pct","2024","-2.02","%","计算值","Eurostat regional statistics","https://ec.europa.eu/eurostat/api/dissemination/statistics/1.0/data/demo_r_pjanaggr3?sex=T&age=TOTAL&unit=NR","A","(value_2024 / value_2021 - 1) * 100; start_year=2021; end_year=2024; source_indicator=regional_population.","2026-08-15","Historical factual change, not a forecast, risk score, or performance rating."
"romania_iasi_regional_gdp_per_capita_change_pct_2024","romania","romania_iasi","regional_gdp_per_capita_change_pct","2024","47.24","%","计算值","Eurostat regional statistics","https://ec.europa.eu/eurostat/api/dissemination/statistics/1.0/data/nama_10r_3gdp?unit=MIO_EUR | https://ec.europa.eu/eurostat/api/dissemination/statistics/1.0/data/demo_r_pjanaggr3?sex=T&age=TOTAL&unit=NR","A","(value_2024 / value_2021 - 1) * 100; start_year=2021; end_year=2024; source_indicator=regional_gdp_per_capita.","2026-08-15","Historical factual change, not a forecast, risk score, or performance rating."
"romania_ilfov_regional_population_change_pct_2024","romania","romania_ilfov","regional_population_change_pct","2024","15.91","%","计算值","Eurostat regional statistics","https://ec.europa.eu/eurostat/api/dissemination/statistics/1.0/data/demo_r_pjanaggr3?sex=T&age=TOTAL&unit=NR","A","(value_2024 / value_2021 - 1) * 100; start_year=2021; end_year=2024; source_indicator=regional_population.","2026-08-15","Historical factual change, not a forecast, risk score, or performance rating."
"romania_ilfov_regional_gdp_per_capita_change_pct_2024","romania","romania_ilfov","regional_gdp_per_capita_change_pct","2024","27.73","%","计算值","Eurostat regional statistics","https://ec.europa.eu/eurostat/api/dissemination/statistics/1.0/data/nama_10r_3gdp?unit=MIO_EUR | https://ec.europa.eu/eurostat/api/dissemination/statistics/1.0/data/demo_r_pjanaggr3?sex=T&age=TOTAL&unit=NR","A","(value_2024 / value_2021 - 1) * 100; start_year=2021; end_year=2024; source_indicator=regional_gdp_per_capita.","2026-08-15","Historical factual change, not a forecast, risk score, or performance rating."
"romania_maramures_regional_population_change_pct_2024","romania","romania_maramures","regional_population_change_pct","2024","-0.66","%","计算值","Eurostat regional statistics","https://ec.europa.eu/eurostat/api/dissemination/statistics/1.0/data/demo_r_pjanaggr3?sex=T&age=TOTAL&unit=NR","A","(value_2024 / value_2021 - 1) * 100; start_year=2021; end_year=2024; source_indicator=regional_population.","2026-08-15","Historical factual change, not a forecast, risk score, or performance rating."
"romania_maramures_regional_gdp_per_capita_change_pct_2024","romania","romania_maramures","regional_gdp_per_capita_change_pct","2024","45.62","%","计算值","Eurostat regional statistics","https://ec.europa.eu/eurostat/api/dissemination/statistics/1.0/data/nama_10r_3gdp?unit=MIO_EUR | https://ec.europa.eu/eurostat/api/dissemination/statistics/1.0/data/demo_r_pjanaggr3?sex=T&age=TOTAL&unit=NR","A","(value_2024 / value_2021 - 1) * 100; start_year=2021; end_year=2024; source_indicator=regional_gdp_per_capita.","2026-08-15","Historical factual change, not a forecast, risk score, or performance rating."
"romania_mehedinti_regional_population_change_pct_2024","romania","romania_mehedinti","regional_population_change_pct","2024","-2.69","%","计算值","Eurostat regional statistics","https://ec.europa.eu/eurostat/api/dissemination/statistics/1.0/data/demo_r_pjanaggr3?sex=T&age=TOTAL&unit=NR","A","(value_2024 / value_2021 - 1) * 100; start_year=2021; end_year=2024; source_indicator=regional_population.","2026-08-15","Historical factual change, not a forecast, risk score, or performance rating."
"romania_mehedinti_regional_gdp_per_capita_change_pct_2024","romania","romania_mehedinti","regional_gdp_per_capita_change_pct","2024","65.38","%","计算值","Eurostat regional statistics","https://ec.europa.eu/eurostat/api/dissemination/statistics/1.0/data/nama_10r_3gdp?unit=MIO_EUR | https://ec.europa.eu/eurostat/api/dissemination/statistics/1.0/data/demo_r_pjanaggr3?sex=T&age=TOTAL&unit=NR","A","(value_2024 / value_2021 - 1) * 100; start_year=2021; end_year=2024; source_indicator=regional_gdp_per_capita.","2026-08-15","Historical factual change, not a forecast, risk score, or performance rating."
"romania_mures_regional_population_change_pct_2024","romania","romania_mures","regional_population_change_pct","2024","-1.79","%","计算值","Eurostat regional statistics","https://ec.europa.eu/eurostat/api/dissemination/statistics/1.0/data/demo_r_pjanaggr3?sex=T&age=TOTAL&unit=NR","A","(value_2024 / value_2021 - 1) * 100; start_year=2021; end_year=2024; source_indicator=regional_population.","2026-08-15","Historical factual change, not a forecast, risk score, or performance rating."
"romania_mures_regional_gdp_per_capita_change_pct_2024","romania","romania_mures","regional_gdp_per_capita_change_pct","2024","44.4","%","计算值","Eurostat regional statistics","https://ec.europa.eu/eurostat/api/dissemination/statistics/1.0/data/nama_10r_3gdp?unit=MIO_EUR | https://ec.europa.eu/eurostat/api/dissemination/statistics/1.0/data/demo_r_pjanaggr3?sex=T&age=TOTAL&unit=NR","A","(value_2024 / value_2021 - 1) * 100; start_year=2021; end_year=2024; source_indicator=regional_gdp_per_capita.","2026-08-15","Historical factual change, not a forecast, risk score, or performance rating."
"romania_neamt_regional_population_change_pct_2024","romania","romania_neamt","regional_population_change_pct","2024","3.42","%","计算值","Eurostat regional statistics","https://ec.europa.eu/eurostat/api/dissemination/statistics/1.0/data/demo_r_pjanaggr3?sex=T&age=TOTAL&unit=NR","A","(value_2024 / value_2021 - 1) * 100; start_year=2021; end_year=2024; source_indicator=regional_population.","2026-08-15","Historical factual change, not a forecast, risk score, or performance rating."
"romania_neamt_regional_gdp_per_capita_change_pct_2024","romania","romania_neamt","regional_gdp_per_capita_change_pct","2024","45.25","%","计算值","Eurostat regional statistics","https://ec.europa.eu/eurostat/api/dissemination/statistics/1.0/data/nama_10r_3gdp?unit=MIO_EUR | https://ec.europa.eu/eurostat/api/dissemination/statistics/1.0/data/demo_r_pjanaggr3?sex=T&age=TOTAL&unit=NR","A","(value_2024 / value_2021 - 1) * 100; start_year=2021; end_year=2024; source_indicator=regional_gdp_per_capita.","2026-08-15","Historical factual change, not a forecast, risk score, or performance rating."
"romania_olt_regional_population_change_pct_2024","romania","romania_olt","regional_population_change_pct","2024","-2.39","%","计算值","Eurostat regional statistics","https://ec.europa.eu/eurostat/api/dissemination/statistics/1.0/data/demo_r_pjanaggr3?sex=T&age=TOTAL&unit=NR","A","(value_2024 / value_2021 - 1) * 100; start_year=2021; end_year=2024; source_indicator=regional_population.","2026-08-15","Historical factual change, not a forecast, risk score, or performance rating."
"romania_olt_regional_gdp_per_capita_change_pct_2024","romania","romania_olt","regional_gdp_per_capita_change_pct","2024","34.5","%","计算值","Eurostat regional statistics","https://ec.europa.eu/eurostat/api/dissemination/statistics/1.0/data/nama_10r_3gdp?unit=MIO_EUR | https://ec.europa.eu/eurostat/api/dissemination/statistics/1.0/data/demo_r_pjanaggr3?sex=T&age=TOTAL&unit=NR","A","(value_2024 / value_2021 - 1) * 100; start_year=2021; end_year=2024; source_indicator=regional_gdp_per_capita.","2026-08-15","Historical factual change, not a forecast, risk score, or performance rating."
"romania_prahova_regional_population_change_pct_2024","romania","romania_prahova","regional_population_change_pct","2024","-2.05","%","计算值","Eurostat regional statistics","https://ec.europa.eu/eurostat/api/dissemination/statistics/1.0/data/demo_r_pjanaggr3?sex=T&age=TOTAL&unit=NR","A","(value_2024 / value_2021 - 1) * 100; start_year=2021; end_year=2024; source_indicator=regional_population.","2026-08-15","Historical factual change, not a forecast, risk score, or performance rating."
"romania_prahova_regional_gdp_per_capita_change_pct_2024","romania","romania_prahova","regional_gdp_per_capita_change_pct","2024","28.54","%","计算值","Eurostat regional statistics","https://ec.europa.eu/eurostat/api/dissemination/statistics/1.0/data/nama_10r_3gdp?unit=MIO_EUR | https://ec.europa.eu/eurostat/api/dissemination/statistics/1.0/data/demo_r_pjanaggr3?sex=T&age=TOTAL&unit=NR","A","(value_2024 / value_2021 - 1) * 100; start_year=2021; end_year=2024; source_indicator=regional_gdp_per_capita.","2026-08-15","Historical factual change, not a forecast, risk score, or performance rating."
"romania_satu_mare_regional_population_change_pct_2024","romania","romania_satu_mare","regional_population_change_pct","2024","0.43","%","计算值","Eurostat regional statistics","https://ec.europa.eu/eurostat/api/dissemination/statistics/1.0/data/demo_r_pjanaggr3?sex=T&age=TOTAL&unit=NR","A","(value_2024 / value_2021 - 1) * 100; start_year=2021; end_year=2024; source_indicator=regional_population.","2026-08-15","Historical factual change, not a forecast, risk score, or performance rating."
"romania_satu_mare_regional_gdp_per_capita_change_pct_2024","romania","romania_satu_mare","regional_gdp_per_capita_change_pct","2024","35.25","%","计算值","Eurostat regional statistics","https://ec.europa.eu/eurostat/api/dissemination/statistics/1.0/data/nama_10r_3gdp?unit=MIO_EUR | https://ec.europa.eu/eurostat/api/dissemination/statistics/1.0/data/demo_r_pjanaggr3?sex=T&age=TOTAL&unit=NR","A","(value_2024 / value_2021 - 1) * 100; start_year=2021; end_year=2024; source_indicator=regional_gdp_per_capita.","2026-08-15","Historical factual change, not a forecast, risk score, or performance rating."
"romania_salaj_regional_population_change_pct_2024","romania","romania_salaj","regional_population_change_pct","2024","0.77","%","计算值","Eurostat regional statistics","https://ec.europa.eu/eurostat/api/dissemination/statistics/1.0/data/demo_r_pjanaggr3?sex=T&age=TOTAL&unit=NR","A","(value_2024 / value_2021 - 1) * 100; start_year=2021; end_year=2024; source_indicator=regional_population.","2026-08-15","Historical factual change, not a forecast, risk score, or performance rating."
"romania_salaj_regional_gdp_per_capita_change_pct_2024","romania","romania_salaj","regional_gdp_per_capita_change_pct","2024","36.31","%","计算值","Eurostat regional statistics","https://ec.europa.eu/eurostat/api/dissemination/statistics/1.0/data/nama_10r_3gdp?unit=MIO_EUR | https://ec.europa.eu/eurostat/api/dissemination/statistics/1.0/data/demo_r_pjanaggr3?sex=T&age=TOTAL&unit=NR","A","(value_2024 / value_2021 - 1) * 100; start_year=2021; end_year=2024; source_indicator=regional_gdp_per_capita.","2026-08-15","Historical factual change, not a forecast, risk score, or performance rating."
"romania_sibiu_regional_population_change_pct_2024","romania","romania_sibiu","regional_population_change_pct","2024","-1.66","%","计算值","Eurostat regional statistics","https://ec.europa.eu/eurostat/api/dissemination/statistics/1.0/data/demo_r_pjanaggr3?sex=T&age=TOTAL&unit=NR","A","(value_2024 / value_2021 - 1) * 100; start_year=2021; end_year=2024; source_indicator=regional_population.","2026-08-15","Historical factual change, not a forecast, risk score, or performance rating."
"romania_sibiu_regional_gdp_per_capita_change_pct_2024","romania","romania_sibiu","regional_gdp_per_capita_change_pct","2024","52.86","%","计算值","Eurostat regional statistics","https://ec.europa.eu/eurostat/api/dissemination/statistics/1.0/data/nama_10r_3gdp?unit=MIO_EUR | https://ec.europa.eu/eurostat/api/dissemination/statistics/1.0/data/demo_r_pjanaggr3?sex=T&age=TOTAL&unit=NR","A","(value_2024 / value_2021 - 1) * 100; start_year=2021; end_year=2024; source_indicator=regional_gdp_per_capita.","2026-08-15","Historical factual change, not a forecast, risk score, or performance rating."
"romania_suceava_regional_population_change_pct_2024","romania","romania_suceava","regional_population_change_pct","2024","4.05","%","计算值","Eurostat regional statistics","https://ec.europa.eu/eurostat/api/dissemination/statistics/1.0/data/demo_r_pjanaggr3?sex=T&age=TOTAL&unit=NR","A","(value_2024 / value_2021 - 1) * 100; start_year=2021; end_year=2024; source_indicator=regional_population.","2026-08-15","Historical factual change, not a forecast, risk score, or performance rating."
"romania_suceava_regional_gdp_per_capita_change_pct_2024","romania","romania_suceava","regional_gdp_per_capita_change_pct","2024","37.93","%","计算值","Eurostat regional statistics","https://ec.europa.eu/eurostat/api/dissemination/statistics/1.0/data/nama_10r_3gdp?unit=MIO_EUR | https://ec.europa.eu/eurostat/api/dissemination/statistics/1.0/data/demo_r_pjanaggr3?sex=T&age=TOTAL&unit=NR","A","(value_2024 / value_2021 - 1) * 100; start_year=2021; end_year=2024; source_indicator=regional_gdp_per_capita.","2026-08-15","Historical factual change, not a forecast, risk score, or performance rating."
"romania_teleorman_regional_population_change_pct_2024","romania","romania_teleorman","regional_population_change_pct","2024","-2.68","%","计算值","Eurostat regional statistics","https://ec.europa.eu/eurostat/api/dissemination/statistics/1.0/data/demo_r_pjanaggr3?sex=T&age=TOTAL&unit=NR","A","(value_2024 / value_2021 - 1) * 100; start_year=2021; end_year=2024; source_indicator=regional_population.","2026-08-15","Historical factual change, not a forecast, risk score, or performance rating."
"romania_teleorman_regional_gdp_per_capita_change_pct_2024","romania","romania_teleorman","regional_gdp_per_capita_change_pct","2024","53.84","%","计算值","Eurostat regional statistics","https://ec.europa.eu/eurostat/api/dissemination/statistics/1.0/data/nama_10r_3gdp?unit=MIO_EUR | https://ec.europa.eu/eurostat/api/dissemination/statistics/1.0/data/demo_r_pjanaggr3?sex=T&age=TOTAL&unit=NR","A","(value_2024 / value_2021 - 1) * 100; start_year=2021; end_year=2024; source_indicator=regional_gdp_per_capita.","2026-08-15","Historical factual change, not a forecast, risk score, or performance rating."
"romania_timis_regional_population_change_pct_2024","romania","romania_timis","regional_population_change_pct","2024","-5.95","%","计算值","Eurostat regional statistics","https://ec.europa.eu/eurostat/api/dissemination/statistics/1.0/data/demo_r_pjanaggr3?sex=T&age=TOTAL&unit=NR","A","(value_2024 / value_2021 - 1) * 100; start_year=2021; end_year=2024; source_indicator=regional_population.","2026-08-15","Historical factual change, not a forecast, risk score, or performance rating."
"romania_timis_regional_gdp_per_capita_change_pct_2024","romania","romania_timis","regional_gdp_per_capita_change_pct","2024","51.88","%","计算值","Eurostat regional statistics","https://ec.europa.eu/eurostat/api/dissemination/statistics/1.0/data/nama_10r_3gdp?unit=MIO_EUR | https://ec.europa.eu/eurostat/api/dissemination/statistics/1.0/data/demo_r_pjanaggr3?sex=T&age=TOTAL&unit=NR","A","(value_2024 / value_2021 - 1) * 100; start_year=2021; end_year=2024; source_indicator=regional_gdp_per_capita.","2026-08-15","Historical factual change, not a forecast, risk score, or performance rating."
"romania_tulcea_regional_population_change_pct_2024","romania","romania_tulcea","regional_population_change_pct","2024","-0.2","%","计算值","Eurostat regional statistics","https://ec.europa.eu/eurostat/api/dissemination/statistics/1.0/data/demo_r_pjanaggr3?sex=T&age=TOTAL&unit=NR","A","(value_2024 / value_2021 - 1) * 100; start_year=2021; end_year=2024; source_indicator=regional_population.","2026-08-15","Historical factual change, not a forecast, risk score, or performance rating."
"romania_tulcea_regional_gdp_per_capita_change_pct_2024","romania","romania_tulcea","regional_gdp_per_capita_change_pct","2024","45.62","%","计算值","Eurostat regional statistics","https://ec.europa.eu/eurostat/api/dissemination/statistics/1.0/data/nama_10r_3gdp?unit=MIO_EUR | https://ec.europa.eu/eurostat/api/dissemination/statistics/1.0/data/demo_r_pjanaggr3?sex=T&age=TOTAL&unit=NR","A","(value_2024 / value_2021 - 1) * 100; start_year=2021; end_year=2024; source_indicator=regional_gdp_per_capita.","2026-08-15","Historical factual change, not a forecast, risk score, or performance rating."
"romania_vaslui_regional_population_change_pct_2024","romania","romania_vaslui","regional_population_change_pct","2024","0.34","%","计算值","Eurostat regional statistics","https://ec.europa.eu/eurostat/api/dissemination/statistics/1.0/data/demo_r_pjanaggr3?sex=T&age=TOTAL&unit=NR","A","(value_2024 / value_2021 - 1) * 100; start_year=2021; end_year=2024; source_indicator=regional_population.","2026-08-15","Historical factual change, not a forecast, risk score, or performance rating."
"romania_vaslui_regional_gdp_per_capita_change_pct_2024","romania","romania_vaslui","regional_gdp_per_capita_change_pct","2024","46.58","%","计算值","Eurostat regional statistics","https://ec.europa.eu/eurostat/api/dissemination/statistics/1.0/data/nama_10r_3gdp?unit=MIO_EUR | https://ec.europa.eu/eurostat/api/dissemination/statistics/1.0/data/demo_r_pjanaggr3?sex=T&age=TOTAL&unit=NR","A","(value_2024 / value_2021 - 1) * 100; start_year=2021; end_year=2024; source_indicator=regional_gdp_per_capita.","2026-08-15","Historical factual change, not a forecast, risk score, or performance rating."
"romania_valcea_regional_population_change_pct_2024","romania","romania_valcea","regional_population_change_pct","2024","-1.53","%","计算值","Eurostat regional statistics","https://ec.europa.eu/eurostat/api/dissemination/statistics/1.0/data/demo_r_pjanaggr3?sex=T&age=TOTAL&unit=NR","A","(value_2024 / value_2021 - 1) * 100; start_year=2021; end_year=2024; source_indicator=regional_population.","2026-08-15","Historical factual change, not a forecast, risk score, or performance rating."
"romania_valcea_regional_gdp_per_capita_change_pct_2024","romania","romania_valcea","regional_gdp_per_capita_change_pct","2024","44.72","%","计算值","Eurostat regional statistics","https://ec.europa.eu/eurostat/api/dissemination/statistics/1.0/data/nama_10r_3gdp?unit=MIO_EUR | https://ec.europa.eu/eurostat/api/dissemination/statistics/1.0/data/demo_r_pjanaggr3?sex=T&age=TOTAL&unit=NR","A","(value_2024 / value_2021 - 1) * 100; start_year=2021; end_year=2024; source_indicator=regional_gdp_per_capita.","2026-08-15","Historical factual change, not a forecast, risk score, or performance rating."
"romania_vrancea_regional_population_change_pct_2024","romania","romania_vrancea","regional_population_change_pct","2024","5.72","%","计算值","Eurostat regional statistics","https://ec.europa.eu/eurostat/api/dissemination/statistics/1.0/data/demo_r_pjanaggr3?sex=T&age=TOTAL&unit=NR","A","(value_2024 / value_2021 - 1) * 100; start_year=2021; end_year=2024; source_indicator=regional_population.","2026-08-15","Historical factual change, not a forecast, risk score, or performance rating."
"romania_vrancea_regional_gdp_per_capita_change_pct_2024","romania","romania_vrancea","regional_gdp_per_capita_change_pct","2024","38.27","%","计算值","Eurostat regional statistics","https://ec.europa.eu/eurostat/api/dissemination/statistics/1.0/data/nama_10r_3gdp?unit=MIO_EUR | https://ec.europa.eu/eurostat/api/dissemination/statistics/1.0/data/demo_r_pjanaggr3?sex=T&age=TOTAL&unit=NR","A","(value_2024 / value_2021 - 1) * 100; start_year=2021; end_year=2024; source_indicator=regional_gdp_per_capita.","2026-08-15","Historical factual change, not a forecast, risk score, or performance rating."
"slovenia_eastern_slovenia_regional_population_change_pct_2024","slovenia","slovenia_eastern_slovenia","regional_population_change_pct","2024","0.6","%","计算值","Eurostat regional statistics","https://ec.europa.eu/eurostat/api/dissemination/statistics/1.0/data/demo_r_pjanaggr3?sex=T&age=TOTAL&unit=NR","A","(value_2024 / value_2021 - 1) * 100; start_year=2021; end_year=2024; source_indicator=regional_population.","2026-08-15","Historical factual change, not a forecast, risk score, or performance rating."
"slovenia_eastern_slovenia_regional_gdp_per_capita_change_pct_2024","slovenia","slovenia_eastern_slovenia","regional_gdp_per_capita_change_pct","2024","26.82","%","计算值","Eurostat regional statistics","https://ec.europa.eu/eurostat/api/dissemination/statistics/1.0/data/nama_10r_3gdp?unit=MIO_EUR | https://ec.europa.eu/eurostat/api/dissemination/statistics/1.0/data/demo_r_pjanaggr3?sex=T&age=TOTAL&unit=NR","A","(value_2024 / value_2021 - 1) * 100; start_year=2021; end_year=2024; source_indicator=regional_gdp_per_capita.","2026-08-15","Historical factual change, not a forecast, risk score, or performance rating."
"slovenia_eastern_slovenia_regional_unemployment_change_pp_2024","slovenia","slovenia_eastern_slovenia","regional_unemployment_change_pp","2024","-0.9","百分点","计算值","Eurostat regional labour market statistics","https://ec.europa.eu/eurostat/api/dissemination/statistics/1.0/data/lfst_r_lfu3rt?sex=T&age=Y15-74&isced11=TOTAL&unit=PC&sinceTimePeriod=2021&untilTimePeriod=2024&lang=en","A","value_2024 - value_2021; start_year=2021; end_year=2024; source_indicator=regional_unemployment_rate.","2026-08-15","Historical factual change, not a forecast, risk score, or performance rating."
"slovenia_western_slovenia_regional_population_change_pct_2024","slovenia","slovenia_western_slovenia","regional_population_change_pct","2024","0.83","%","计算值","Eurostat regional statistics","https://ec.europa.eu/eurostat/api/dissemination/statistics/1.0/data/demo_r_pjanaggr3?sex=T&age=TOTAL&unit=NR","A","(value_2024 / value_2021 - 1) * 100; start_year=2021; end_year=2024; source_indicator=regional_population.","2026-08-15","Historical factual change, not a forecast, risk score, or performance rating."
"slovenia_western_slovenia_regional_gdp_per_capita_change_pct_2024","slovenia","slovenia_western_slovenia","regional_gdp_per_capita_change_pct","2024","29.96","%","计算值","Eurostat regional statistics","https://ec.europa.eu/eurostat/api/dissemination/statistics/1.0/data/nama_10r_3gdp?unit=MIO_EUR | https://ec.europa.eu/eurostat/api/dissemination/statistics/1.0/data/demo_r_pjanaggr3?sex=T&age=TOTAL&unit=NR","A","(value_2024 / value_2021 - 1) * 100; start_year=2021; end_year=2024; source_indicator=regional_gdp_per_capita.","2026-08-15","Historical factual change, not a forecast, risk score, or performance rating."
"slovenia_western_slovenia_regional_unemployment_change_pp_2024","slovenia","slovenia_western_slovenia","regional_unemployment_change_pp","2024","-1.2","百分点","计算值","Eurostat regional labour market statistics","https://ec.europa.eu/eurostat/api/dissemination/statistics/1.0/data/lfst_r_lfu3rt?sex=T&age=Y15-74&isced11=TOTAL&unit=PC&sinceTimePeriod=2021&untilTimePeriod=2024&lang=en","A","value_2024 - value_2021; start_year=2021; end_year=2024; source_indicator=regional_unemployment_rate.","2026-08-15","Historical factual change, not a forecast, risk score, or performance rating."
"austria_burgenland_regional_population_change_pct_2024","austria","austria_burgenland","regional_population_change_pct","2024","2.01","%","计算值","Eurostat regional statistics","https://ec.europa.eu/eurostat/api/dissemination/statistics/1.0/data/demo_r_pjanaggr3?sex=T&age=TOTAL&unit=NR","A","(value_2024 / value_2021 - 1) * 100; start_year=2021; end_year=2024; source_indicator=regional_population.","2026-08-15","Historical factual change, not a forecast, risk score, or performance rating."
"austria_burgenland_regional_gdp_per_capita_change_pct_2024","austria","austria_burgenland","regional_gdp_per_capita_change_pct","2024","22.39","%","计算值","Eurostat regional statistics","https://ec.europa.eu/eurostat/api/dissemination/statistics/1.0/data/nama_10r_3gdp?unit=MIO_EUR | https://ec.europa.eu/eurostat/api/dissemination/statistics/1.0/data/demo_r_pjanaggr3?sex=T&age=TOTAL&unit=NR","A","(value_2024 / value_2021 - 1) * 100; start_year=2021; end_year=2024; source_indicator=regional_gdp_per_capita.","2026-08-15","Historical factual change, not a forecast, risk score, or performance rating."
"austria_burgenland_regional_unemployment_change_pp_2024","austria","austria_burgenland","regional_unemployment_change_pp","2024","-0.2","百分点","计算值","Eurostat regional labour market statistics","https://ec.europa.eu/eurostat/api/dissemination/statistics/1.0/data/lfst_r_lfu3rt?sex=T&age=Y15-74&isced11=TOTAL&unit=PC&sinceTimePeriod=2021&untilTimePeriod=2024&lang=en","A","value_2024 - value_2021; start_year=2021; end_year=2024; source_indicator=regional_unemployment_rate.","2026-08-15","Historical factual change, not a forecast, risk score, or performance rating."
"austria_carinthia_regional_population_change_pct_2024","austria","austria_carinthia","regional_population_change_pct","2024","1.36","%","计算值","Eurostat regional statistics","https://ec.europa.eu/eurostat/api/dissemination/statistics/1.0/data/demo_r_pjanaggr3?sex=T&age=TOTAL&unit=NR","A","(value_2024 / value_2021 - 1) * 100; start_year=2021; end_year=2024; source_indicator=regional_population.","2026-08-15","Historical factual change, not a forecast, risk score, or performance rating."
"austria_carinthia_regional_gdp_per_capita_change_pct_2024","austria","austria_carinthia","regional_gdp_per_capita_change_pct","2024","23.58","%","计算值","Eurostat regional statistics","https://ec.europa.eu/eurostat/api/dissemination/statistics/1.0/data/nama_10r_3gdp?unit=MIO_EUR | https://ec.europa.eu/eurostat/api/dissemination/statistics/1.0/data/demo_r_pjanaggr3?sex=T&age=TOTAL&unit=NR","A","(value_2024 / value_2021 - 1) * 100; start_year=2021; end_year=2024; source_indicator=regional_gdp_per_capita.","2026-08-15","Historical factual change, not a forecast, risk score, or performance rating."
"austria_carinthia_regional_unemployment_change_pp_2024","austria","austria_carinthia","regional_unemployment_change_pp","2024","-1.3","百分点","计算值","Eurostat regional labour market statistics","https://ec.europa.eu/eurostat/api/dissemination/statistics/1.0/data/lfst_r_lfu3rt?sex=T&age=Y15-74&isced11=TOTAL&unit=PC&sinceTimePeriod=2021&untilTimePeriod=2024&lang=en","A","value_2024 - value_2021; start_year=2021; end_year=2024; source_indicator=regional_unemployment_rate.","2026-08-15","Historical factual change, not a forecast, risk score, or performance rating."
"austria_lower_austria_regional_population_change_pct_2024","austria","austria_lower_austria","regional_population_change_pct","2024","1.94","%","计算值","Eurostat regional statistics","https://ec.europa.eu/eurostat/api/dissemination/statistics/1.0/data/demo_r_pjanaggr3?sex=T&age=TOTAL&unit=NR","A","(value_2024 / value_2021 - 1) * 100; start_year=2021; end_year=2024; source_indicator=regional_population.","2026-08-15","Historical factual change, not a forecast, risk score, or performance rating."
"austria_lower_austria_regional_gdp_per_capita_change_pct_2024","austria","austria_lower_austria","regional_gdp_per_capita_change_pct","2024","18.87","%","计算值","Eurostat regional statistics","https://ec.europa.eu/eurostat/api/dissemination/statistics/1.0/data/nama_10r_3gdp?unit=MIO_EUR | https://ec.europa.eu/eurostat/api/dissemination/statistics/1.0/data/demo_r_pjanaggr3?sex=T&age=TOTAL&unit=NR","A","(value_2024 / value_2021 - 1) * 100; start_year=2021; end_year=2024; source_indicator=regional_gdp_per_capita.","2026-08-15","Historical factual change, not a forecast, risk score, or performance rating."
"austria_lower_austria_regional_unemployment_change_pp_2024","austria","austria_lower_austria","regional_unemployment_change_pp","2024","-0.9","百分点","计算值","Eurostat regional labour market statistics","https://ec.europa.eu/eurostat/api/dissemination/statistics/1.0/data/lfst_r_lfu3rt?sex=T&age=Y15-74&isced11=TOTAL&unit=PC&sinceTimePeriod=2021&untilTimePeriod=2024&lang=en","A","value_2024 - value_2021; start_year=2021; end_year=2024; source_indicator=regional_unemployment_rate.","2026-08-15","Historical factual change, not a forecast, risk score, or performance rating."
"austria_upper_austria_regional_population_change_pct_2024","austria","austria_upper_austria","regional_population_change_pct","2024","2.32","%","计算值","Eurostat regional statistics","https://ec.europa.eu/eurostat/api/dissemination/statistics/1.0/data/demo_r_pjanaggr3?sex=T&age=TOTAL&unit=NR","A","(value_2024 / value_2021 - 1) * 100; start_year=2021; end_year=2024; source_indicator=regional_population.","2026-08-15","Historical factual change, not a forecast, risk score, or performance rating."
"austria_upper_austria_regional_gdp_per_capita_change_pct_2024","austria","austria_upper_austria","regional_gdp_per_capita_change_pct","2024","13.44","%","计算值","Eurostat regional statistics","https://ec.europa.eu/eurostat/api/dissemination/statistics/1.0/data/nama_10r_3gdp?unit=MIO_EUR | https://ec.europa.eu/eurostat/api/dissemination/statistics/1.0/data/demo_r_pjanaggr3?sex=T&age=TOTAL&unit=NR","A","(value_2024 / value_2021 - 1) * 100; start_year=2021; end_year=2024; source_indicator=regional_gdp_per_capita.","2026-08-15","Historical factual change, not a forecast, risk score, or performance rating."
"austria_upper_austria_regional_unemployment_change_pp_2024","austria","austria_upper_austria","regional_unemployment_change_pp","2024","0","百分点","计算值","Eurostat regional labour market statistics","https://ec.europa.eu/eurostat/api/dissemination/statistics/1.0/data/lfst_r_lfu3rt?sex=T&age=Y15-74&isced11=TOTAL&unit=PC&sinceTimePeriod=2021&untilTimePeriod=2024&lang=en","A","value_2024 - value_2021; start_year=2021; end_year=2024; source_indicator=regional_unemployment_rate.","2026-08-15","Historical factual change, not a forecast, risk score, or performance rating."
"austria_salzburg_regional_population_change_pct_2024","austria","austria_salzburg","regional_population_change_pct","2024","1.92","%","计算值","Eurostat regional statistics","https://ec.europa.eu/eurostat/api/dissemination/statistics/1.0/data/demo_r_pjanaggr3?sex=T&age=TOTAL&unit=NR","A","(value_2024 / value_2021 - 1) * 100; start_year=2021; end_year=2024; source_indicator=regional_population.","2026-08-15","Historical factual change, not a forecast, risk score, or performance rating."
"austria_salzburg_regional_gdp_per_capita_change_pct_2024","austria","austria_salzburg","regional_gdp_per_capita_change_pct","2024","25.52","%","计算值","Eurostat regional statistics","https://ec.europa.eu/eurostat/api/dissemination/statistics/1.0/data/nama_10r_3gdp?unit=MIO_EUR | https://ec.europa.eu/eurostat/api/dissemination/statistics/1.0/data/demo_r_pjanaggr3?sex=T&age=TOTAL&unit=NR","A","(value_2024 / value_2021 - 1) * 100; start_year=2021; end_year=2024; source_indicator=regional_gdp_per_capita.","2026-08-15","Historical factual change, not a forecast, risk score, or performance rating."
"austria_salzburg_regional_unemployment_change_pp_2024","austria","austria_salzburg","regional_unemployment_change_pp","2024","-1.2","百分点","计算值","Eurostat regional labour market statistics","https://ec.europa.eu/eurostat/api/dissemination/statistics/1.0/data/lfst_r_lfu3rt?sex=T&age=Y15-74&isced11=TOTAL&unit=PC&sinceTimePeriod=2021&untilTimePeriod=2024&lang=en","A","value_2024 - value_2021; start_year=2021; end_year=2024; source_indicator=regional_unemployment_rate.","2026-08-15","Historical factual change, not a forecast, risk score, or performance rating."
"austria_styria_regional_population_change_pct_2024","austria","austria_styria","regional_population_change_pct","2024","1.82","%","计算值","Eurostat regional statistics","https://ec.europa.eu/eurostat/api/dissemination/statistics/1.0/data/demo_r_pjanaggr3?sex=T&age=TOTAL&unit=NR","A","(value_2024 / value_2021 - 1) * 100; start_year=2021; end_year=2024; source_indicator=regional_population.","2026-08-15","Historical factual change, not a forecast, risk score, or performance rating."
"austria_styria_regional_gdp_per_capita_change_pct_2024","austria","austria_styria","regional_gdp_per_capita_change_pct","2024","20.44","%","计算值","Eurostat regional statistics","https://ec.europa.eu/eurostat/api/dissemination/statistics/1.0/data/nama_10r_3gdp?unit=MIO_EUR | https://ec.europa.eu/eurostat/api/dissemination/statistics/1.0/data/demo_r_pjanaggr3?sex=T&age=TOTAL&unit=NR","A","(value_2024 / value_2021 - 1) * 100; start_year=2021; end_year=2024; source_indicator=regional_gdp_per_capita.","2026-08-15","Historical factual change, not a forecast, risk score, or performance rating."
"austria_styria_regional_unemployment_change_pp_2024","austria","austria_styria","regional_unemployment_change_pp","2024","0.1","百分点","计算值","Eurostat regional labour market statistics","https://ec.europa.eu/eurostat/api/dissemination/statistics/1.0/data/lfst_r_lfu3rt?sex=T&age=Y15-74&isced11=TOTAL&unit=PC&sinceTimePeriod=2021&untilTimePeriod=2024&lang=en","A","value_2024 - value_2021; start_year=2021; end_year=2024; source_indicator=regional_unemployment_rate.","2026-08-15","Historical factual change, not a forecast, risk score, or performance rating."
"austria_tyrol_regional_population_change_pct_2024","austria","austria_tyrol","regional_population_change_pct","2024","2.09","%","计算值","Eurostat regional statistics","https://ec.europa.eu/eurostat/api/dissemination/statistics/1.0/data/demo_r_pjanaggr3?sex=T&age=TOTAL&unit=NR","A","(value_2024 / value_2021 - 1) * 100; start_year=2021; end_year=2024; source_indicator=regional_population.","2026-08-15","Historical factual change, not a forecast, risk score, or performance rating."
"austria_tyrol_regional_gdp_per_capita_change_pct_2024","austria","austria_tyrol","regional_gdp_per_capita_change_pct","2024","29.55","%","计算值","Eurostat regional statistics","https://ec.europa.eu/eurostat/api/dissemination/statistics/1.0/data/nama_10r_3gdp?unit=MIO_EUR | https://ec.europa.eu/eurostat/api/dissemination/statistics/1.0/data/demo_r_pjanaggr3?sex=T&age=TOTAL&unit=NR","A","(value_2024 / value_2021 - 1) * 100; start_year=2021; end_year=2024; source_indicator=regional_gdp_per_capita.","2026-08-15","Historical factual change, not a forecast, risk score, or performance rating."
"austria_tyrol_regional_unemployment_change_pp_2024","austria","austria_tyrol","regional_unemployment_change_pp","2024","-1.7","百分点","计算值","Eurostat regional labour market statistics","https://ec.europa.eu/eurostat/api/dissemination/statistics/1.0/data/lfst_r_lfu3rt?sex=T&age=Y15-74&isced11=TOTAL&unit=PC&sinceTimePeriod=2021&untilTimePeriod=2024&lang=en","A","value_2024 - value_2021; start_year=2021; end_year=2024; source_indicator=regional_unemployment_rate.","2026-08-15","Historical factual change, not a forecast, risk score, or performance rating."
"austria_vorarlberg_regional_population_change_pct_2024","austria","austria_vorarlberg","regional_population_change_pct","2024","2.69","%","计算值","Eurostat regional statistics","https://ec.europa.eu/eurostat/api/dissemination/statistics/1.0/data/demo_r_pjanaggr3?sex=T&age=TOTAL&unit=NR","A","(value_2024 / value_2021 - 1) * 100; start_year=2021; end_year=2024; source_indicator=regional_population.","2026-08-15","Historical factual change, not a forecast, risk score, or performance rating."
"austria_vorarlberg_regional_gdp_per_capita_change_pct_2024","austria","austria_vorarlberg","regional_gdp_per_capita_change_pct","2024","9.91","%","计算值","Eurostat regional statistics","https://ec.europa.eu/eurostat/api/dissemination/statistics/1.0/data/nama_10r_3gdp?unit=MIO_EUR | https://ec.europa.eu/eurostat/api/dissemination/statistics/1.0/data/demo_r_pjanaggr3?sex=T&age=TOTAL&unit=NR","A","(value_2024 / value_2021 - 1) * 100; start_year=2021; end_year=2024; source_indicator=regional_gdp_per_capita.","2026-08-15","Historical factual change, not a forecast, risk score, or performance rating."
"austria_vorarlberg_regional_unemployment_change_pp_2024","austria","austria_vorarlberg","regional_unemployment_change_pp","2024","0","百分点","计算值","Eurostat regional labour market statistics","https://ec.europa.eu/eurostat/api/dissemination/statistics/1.0/data/lfst_r_lfu3rt?sex=T&age=Y15-74&isced11=TOTAL&unit=PC&sinceTimePeriod=2021&untilTimePeriod=2024&lang=en","A","value_2024 - value_2021; start_year=2021; end_year=2024; source_indicator=regional_unemployment_rate.","2026-08-15","Historical factual change, not a forecast, risk score, or performance rating."
"austria_vienna_regional_population_change_pct_2024","austria","austria_vienna","regional_population_change_pct","2024","4.42","%","计算值","Eurostat regional statistics","https://ec.europa.eu/eurostat/api/dissemination/statistics/1.0/data/demo_r_pjanaggr3?sex=T&age=TOTAL&unit=NR","A","(value_2024 / value_2021 - 1) * 100; start_year=2021; end_year=2024; source_indicator=regional_population.","2026-08-15","Historical factual change, not a forecast, risk score, or performance rating."
"austria_vienna_regional_gdp_per_capita_change_pct_2024","austria","austria_vienna","regional_gdp_per_capita_change_pct","2024","15.5","%","计算值","Eurostat regional statistics","https://ec.europa.eu/eurostat/api/dissemination/statistics/1.0/data/nama_10r_3gdp?unit=MIO_EUR | https://ec.europa.eu/eurostat/api/dissemination/statistics/1.0/data/demo_r_pjanaggr3?sex=T&age=TOTAL&unit=NR","A","(value_2024 / value_2021 - 1) * 100; start_year=2021; end_year=2024; source_indicator=regional_gdp_per_capita.","2026-08-15","Historical factual change, not a forecast, risk score, or performance rating."
"austria_vienna_regional_unemployment_change_pp_2024","austria","austria_vienna","regional_unemployment_change_pp","2024","-2.7","百分点","计算值","Eurostat regional labour market statistics","https://ec.europa.eu/eurostat/api/dissemination/statistics/1.0/data/lfst_r_lfu3rt?sex=T&age=Y15-74&isced11=TOTAL&unit=PC&sinceTimePeriod=2021&untilTimePeriod=2024&lang=en","A","value_2024 - value_2021; start_year=2021; end_year=2024; source_indicator=regional_unemployment_rate.","2026-08-15","Historical factual change, not a forecast, risk score, or performance rating."
"croatia_zagreb_county_regional_population_change_pct_2024","croatia","croatia_zagreb_county","regional_population_change_pct","2024","1.99","%","计算值","Eurostat regional statistics","https://ec.europa.eu/eurostat/api/dissemination/statistics/1.0/data/demo_r_pjanaggr3?sex=T&age=TOTAL&unit=NR","A","(value_2024 / value_2021 - 1) * 100; start_year=2021; end_year=2024; source_indicator=regional_population.","2026-08-15","Historical factual change, not a forecast, risk score, or performance rating."
"croatia_zagreb_county_regional_gdp_per_capita_change_pct_2024","croatia","croatia_zagreb_county","regional_gdp_per_capita_change_pct","2024","57.6","%","计算值","Eurostat regional statistics","https://ec.europa.eu/eurostat/api/dissemination/statistics/1.0/data/nama_10r_3gdp?unit=MIO_EUR | https://ec.europa.eu/eurostat/api/dissemination/statistics/1.0/data/demo_r_pjanaggr3?sex=T&age=TOTAL&unit=NR","A","(value_2024 / value_2021 - 1) * 100; start_year=2021; end_year=2024; source_indicator=regional_gdp_per_capita.","2026-08-15","Historical factual change, not a forecast, risk score, or performance rating."
"croatia_krapina_zagorje_regional_population_change_pct_2024","croatia","croatia_krapina_zagorje","regional_population_change_pct","2024","-1.49","%","计算值","Eurostat regional statistics","https://ec.europa.eu/eurostat/api/dissemination/statistics/1.0/data/demo_r_pjanaggr3?sex=T&age=TOTAL&unit=NR","A","(value_2024 / value_2021 - 1) * 100; start_year=2021; end_year=2024; source_indicator=regional_population.","2026-08-15","Historical factual change, not a forecast, risk score, or performance rating."
"croatia_krapina_zagorje_regional_gdp_per_capita_change_pct_2024","croatia","croatia_krapina_zagorje","regional_gdp_per_capita_change_pct","2024","48.32","%","计算值","Eurostat regional statistics","https://ec.europa.eu/eurostat/api/dissemination/statistics/1.0/data/nama_10r_3gdp?unit=MIO_EUR | https://ec.europa.eu/eurostat/api/dissemination/statistics/1.0/data/demo_r_pjanaggr3?sex=T&age=TOTAL&unit=NR","A","(value_2024 / value_2021 - 1) * 100; start_year=2021; end_year=2024; source_indicator=regional_gdp_per_capita.","2026-08-15","Historical factual change, not a forecast, risk score, or performance rating."
"croatia_sisak_moslavina_regional_population_change_pct_2024","croatia","croatia_sisak_moslavina","regional_population_change_pct","2024","-4.25","%","计算值","Eurostat regional statistics","https://ec.europa.eu/eurostat/api/dissemination/statistics/1.0/data/demo_r_pjanaggr3?sex=T&age=TOTAL&unit=NR","A","(value_2024 / value_2021 - 1) * 100; start_year=2021; end_year=2024; source_indicator=regional_population.","2026-08-15","Historical factual change, not a forecast, risk score, or performance rating."
"croatia_sisak_moslavina_regional_gdp_per_capita_change_pct_2024","croatia","croatia_sisak_moslavina","regional_gdp_per_capita_change_pct","2024","59.12","%","计算值","Eurostat regional statistics","https://ec.europa.eu/eurostat/api/dissemination/statistics/1.0/data/nama_10r_3gdp?unit=MIO_EUR | https://ec.europa.eu/eurostat/api/dissemination/statistics/1.0/data/demo_r_pjanaggr3?sex=T&age=TOTAL&unit=NR","A","(value_2024 / value_2021 - 1) * 100; start_year=2021; end_year=2024; source_indicator=regional_gdp_per_capita.","2026-08-15","Historical factual change, not a forecast, risk score, or performance rating."
"croatia_karlovac_regional_population_change_pct_2024","croatia","croatia_karlovac","regional_population_change_pct","2024","-2.76","%","计算值","Eurostat regional statistics","https://ec.europa.eu/eurostat/api/dissemination/statistics/1.0/data/demo_r_pjanaggr3?sex=T&age=TOTAL&unit=NR","A","(value_2024 / value_2021 - 1) * 100; start_year=2021; end_year=2024; source_indicator=regional_population.","2026-08-15","Historical factual change, not a forecast, risk score, or performance rating."
"croatia_karlovac_regional_gdp_per_capita_change_pct_2024","croatia","croatia_karlovac","regional_gdp_per_capita_change_pct","2024","47.88","%","计算值","Eurostat regional statistics","https://ec.europa.eu/eurostat/api/dissemination/statistics/1.0/data/nama_10r_3gdp?unit=MIO_EUR | https://ec.europa.eu/eurostat/api/dissemination/statistics/1.0/data/demo_r_pjanaggr3?sex=T&age=TOTAL&unit=NR","A","(value_2024 / value_2021 - 1) * 100; start_year=2021; end_year=2024; source_indicator=regional_gdp_per_capita.","2026-08-15","Historical factual change, not a forecast, risk score, or performance rating."
"croatia_varazdin_regional_population_change_pct_2024","croatia","croatia_varazdin","regional_population_change_pct","2024","-0.94","%","计算值","Eurostat regional statistics","https://ec.europa.eu/eurostat/api/dissemination/statistics/1.0/data/demo_r_pjanaggr3?sex=T&age=TOTAL&unit=NR","A","(value_2024 / value_2021 - 1) * 100; start_year=2021; end_year=2024; source_indicator=regional_population.","2026-08-15","Historical factual change, not a forecast, risk score, or performance rating."
"croatia_varazdin_regional_gdp_per_capita_change_pct_2024","croatia","croatia_varazdin","regional_gdp_per_capita_change_pct","2024","42.09","%","计算值","Eurostat regional statistics","https://ec.europa.eu/eurostat/api/dissemination/statistics/1.0/data/nama_10r_3gdp?unit=MIO_EUR | https://ec.europa.eu/eurostat/api/dissemination/statistics/1.0/data/demo_r_pjanaggr3?sex=T&age=TOTAL&unit=NR","A","(value_2024 / value_2021 - 1) * 100; start_year=2021; end_year=2024; source_indicator=regional_gdp_per_capita.","2026-08-15","Historical factual change, not a forecast, risk score, or performance rating."
"croatia_koprivnica_krizevci_regional_population_change_pct_2024","croatia","croatia_koprivnica_krizevci","regional_population_change_pct","2024","-2.11","%","计算值","Eurostat regional statistics","https://ec.europa.eu/eurostat/api/dissemination/statistics/1.0/data/demo_r_pjanaggr3?sex=T&age=TOTAL&unit=NR","A","(value_2024 / value_2021 - 1) * 100; start_year=2021; end_year=2024; source_indicator=regional_population.","2026-08-15","Historical factual change, not a forecast, risk score, or performance rating."
"croatia_koprivnica_krizevci_regional_gdp_per_capita_change_pct_2024","croatia","croatia_koprivnica_krizevci","regional_gdp_per_capita_change_pct","2024","61.04","%","计算值","Eurostat regional statistics","https://ec.europa.eu/eurostat/api/dissemination/statistics/1.0/data/nama_10r_3gdp?unit=MIO_EUR | https://ec.europa.eu/eurostat/api/dissemination/statistics/1.0/data/demo_r_pjanaggr3?sex=T&age=TOTAL&unit=NR","A","(value_2024 / value_2021 - 1) * 100; start_year=2021; end_year=2024; source_indicator=regional_gdp_per_capita.","2026-08-15","Historical factual change, not a forecast, risk score, or performance rating."
"croatia_bjelovar_bilogora_regional_population_change_pct_2024","croatia","croatia_bjelovar_bilogora","regional_population_change_pct","2024","-3.84","%","计算值","Eurostat regional statistics","https://ec.europa.eu/eurostat/api/dissemination/statistics/1.0/data/demo_r_pjanaggr3?sex=T&age=TOTAL&unit=NR","A","(value_2024 / value_2021 - 1) * 100; start_year=2021; end_year=2024; source_indicator=regional_population.","2026-08-15","Historical factual change, not a forecast, risk score, or performance rating."
"croatia_bjelovar_bilogora_regional_gdp_per_capita_change_pct_2024","croatia","croatia_bjelovar_bilogora","regional_gdp_per_capita_change_pct","2024","36.54","%","计算值","Eurostat regional statistics","https://ec.europa.eu/eurostat/api/dissemination/statistics/1.0/data/nama_10r_3gdp?unit=MIO_EUR | https://ec.europa.eu/eurostat/api/dissemination/statistics/1.0/data/demo_r_pjanaggr3?sex=T&age=TOTAL&unit=NR","A","(value_2024 / value_2021 - 1) * 100; start_year=2021; end_year=2024; source_indicator=regional_gdp_per_capita.","2026-08-15","Historical factual change, not a forecast, risk score, or performance rating."
"croatia_primorje_gorski_kotar_regional_population_change_pct_2024","croatia","croatia_primorje_gorski_kotar","regional_population_change_pct","2024","-0.99","%","计算值","Eurostat regional statistics","https://ec.europa.eu/eurostat/api/dissemination/statistics/1.0/data/demo_r_pjanaggr3?sex=T&age=TOTAL&unit=NR","A","(value_2024 / value_2021 - 1) * 100; start_year=2021; end_year=2024; source_indicator=regional_population.","2026-08-15","Historical factual change, not a forecast, risk score, or performance rating."
"croatia_primorje_gorski_kotar_regional_gdp_per_capita_change_pct_2024","croatia","croatia_primorje_gorski_kotar","regional_gdp_per_capita_change_pct","2024","50.08","%","计算值","Eurostat regional statistics","https://ec.europa.eu/eurostat/api/dissemination/statistics/1.0/data/nama_10r_3gdp?unit=MIO_EUR | https://ec.europa.eu/eurostat/api/dissemination/statistics/1.0/data/demo_r_pjanaggr3?sex=T&age=TOTAL&unit=NR","A","(value_2024 / value_2021 - 1) * 100; start_year=2021; end_year=2024; source_indicator=regional_gdp_per_capita.","2026-08-15","Historical factual change, not a forecast, risk score, or performance rating."
"croatia_lika_senj_regional_population_change_pct_2024","croatia","croatia_lika_senj","regional_population_change_pct","2024","-0.9","%","计算值","Eurostat regional statistics","https://ec.europa.eu/eurostat/api/dissemination/statistics/1.0/data/demo_r_pjanaggr3?sex=T&age=TOTAL&unit=NR","A","(value_2024 / value_2021 - 1) * 100; start_year=2021; end_year=2024; source_indicator=regional_population.","2026-08-15","Historical factual change, not a forecast, risk score, or performance rating."
"croatia_lika_senj_regional_gdp_per_capita_change_pct_2024","croatia","croatia_lika_senj","regional_gdp_per_capita_change_pct","2024","50","%","计算值","Eurostat regional statistics","https://ec.europa.eu/eurostat/api/dissemination/statistics/1.0/data/nama_10r_3gdp?unit=MIO_EUR | https://ec.europa.eu/eurostat/api/dissemination/statistics/1.0/data/demo_r_pjanaggr3?sex=T&age=TOTAL&unit=NR","A","(value_2024 / value_2021 - 1) * 100; start_year=2021; end_year=2024; source_indicator=regional_gdp_per_capita.","2026-08-15","Historical factual change, not a forecast, risk score, or performance rating."
"croatia_virovitica_podravina_regional_population_change_pct_2024","croatia","croatia_virovitica_podravina","regional_population_change_pct","2024","-4.35","%","计算值","Eurostat regional statistics","https://ec.europa.eu/eurostat/api/dissemination/statistics/1.0/data/demo_r_pjanaggr3?sex=T&age=TOTAL&unit=NR","A","(value_2024 / value_2021 - 1) * 100; start_year=2021; end_year=2024; source_indicator=regional_population.","2026-08-15","Historical factual change, not a forecast, risk score, or performance rating."
"croatia_virovitica_podravina_regional_gdp_per_capita_change_pct_2024","croatia","croatia_virovitica_podravina","regional_gdp_per_capita_change_pct","2024","30.81","%","计算值","Eurostat regional statistics","https://ec.europa.eu/eurostat/api/dissemination/statistics/1.0/data/nama_10r_3gdp?unit=MIO_EUR | https://ec.europa.eu/eurostat/api/dissemination/statistics/1.0/data/demo_r_pjanaggr3?sex=T&age=TOTAL&unit=NR","A","(value_2024 / value_2021 - 1) * 100; start_year=2021; end_year=2024; source_indicator=regional_gdp_per_capita.","2026-08-15","Historical factual change, not a forecast, risk score, or performance rating."
"croatia_pozega_slavonia_regional_population_change_pct_2024","croatia","croatia_pozega_slavonia","regional_population_change_pct","2024","-5.44","%","计算值","Eurostat regional statistics","https://ec.europa.eu/eurostat/api/dissemination/statistics/1.0/data/demo_r_pjanaggr3?sex=T&age=TOTAL&unit=NR","A","(value_2024 / value_2021 - 1) * 100; start_year=2021; end_year=2024; source_indicator=regional_population.","2026-08-15","Historical factual change, not a forecast, risk score, or performance rating."
"croatia_pozega_slavonia_regional_gdp_per_capita_change_pct_2024","croatia","croatia_pozega_slavonia","regional_gdp_per_capita_change_pct","2024","38.77","%","计算值","Eurostat regional statistics","https://ec.europa.eu/eurostat/api/dissemination/statistics/1.0/data/nama_10r_3gdp?unit=MIO_EUR | https://ec.europa.eu/eurostat/api/dissemination/statistics/1.0/data/demo_r_pjanaggr3?sex=T&age=TOTAL&unit=NR","A","(value_2024 / value_2021 - 1) * 100; start_year=2021; end_year=2024; source_indicator=regional_gdp_per_capita.","2026-08-15","Historical factual change, not a forecast, risk score, or performance rating."
"croatia_brod_posavina_regional_population_change_pct_2024","croatia","croatia_brod_posavina","regional_population_change_pct","2024","-3.63","%","计算值","Eurostat regional statistics","https://ec.europa.eu/eurostat/api/dissemination/statistics/1.0/data/demo_r_pjanaggr3?sex=T&age=TOTAL&unit=NR","A","(value_2024 / value_2021 - 1) * 100; start_year=2021; end_year=2024; source_indicator=regional_population.","2026-08-15","Historical factual change, not a forecast, risk score, or performance rating."
"croatia_brod_posavina_regional_gdp_per_capita_change_pct_2024","croatia","croatia_brod_posavina","regional_gdp_per_capita_change_pct","2024","53.81","%","计算值","Eurostat regional statistics","https://ec.europa.eu/eurostat/api/dissemination/statistics/1.0/data/nama_10r_3gdp?unit=MIO_EUR | https://ec.europa.eu/eurostat/api/dissemination/statistics/1.0/data/demo_r_pjanaggr3?sex=T&age=TOTAL&unit=NR","A","(value_2024 / value_2021 - 1) * 100; start_year=2021; end_year=2024; source_indicator=regional_gdp_per_capita.","2026-08-15","Historical factual change, not a forecast, risk score, or performance rating."
"croatia_zadar_regional_population_change_pct_2024","croatia","croatia_zadar","regional_population_change_pct","2024","1.81","%","计算值","Eurostat regional statistics","https://ec.europa.eu/eurostat/api/dissemination/statistics/1.0/data/demo_r_pjanaggr3?sex=T&age=TOTAL&unit=NR","A","(value_2024 / value_2021 - 1) * 100; start_year=2021; end_year=2024; source_indicator=regional_population.","2026-08-15","Historical factual change, not a forecast, risk score, or performance rating."
"croatia_zadar_regional_gdp_per_capita_change_pct_2024","croatia","croatia_zadar","regional_gdp_per_capita_change_pct","2024","43.36","%","计算值","Eurostat regional statistics","https://ec.europa.eu/eurostat/api/dissemination/statistics/1.0/data/nama_10r_3gdp?unit=MIO_EUR | https://ec.europa.eu/eurostat/api/dissemination/statistics/1.0/data/demo_r_pjanaggr3?sex=T&age=TOTAL&unit=NR","A","(value_2024 / value_2021 - 1) * 100; start_year=2021; end_year=2024; source_indicator=regional_gdp_per_capita.","2026-08-15","Historical factual change, not a forecast, risk score, or performance rating."
"croatia_osijek_baranja_regional_population_change_pct_2024","croatia","croatia_osijek_baranja","regional_population_change_pct","2024","-3.26","%","计算值","Eurostat regional statistics","https://ec.europa.eu/eurostat/api/dissemination/statistics/1.0/data/demo_r_pjanaggr3?sex=T&age=TOTAL&unit=NR","A","(value_2024 / value_2021 - 1) * 100; start_year=2021; end_year=2024; source_indicator=regional_population.","2026-08-15","Historical factual change, not a forecast, risk score, or performance rating."
"croatia_osijek_baranja_regional_gdp_per_capita_change_pct_2024","croatia","croatia_osijek_baranja","regional_gdp_per_capita_change_pct","2024","38.57","%","计算值","Eurostat regional statistics","https://ec.europa.eu/eurostat/api/dissemination/statistics/1.0/data/nama_10r_3gdp?unit=MIO_EUR | https://ec.europa.eu/eurostat/api/dissemination/statistics/1.0/data/demo_r_pjanaggr3?sex=T&age=TOTAL&unit=NR","A","(value_2024 / value_2021 - 1) * 100; start_year=2021; end_year=2024; source_indicator=regional_gdp_per_capita.","2026-08-15","Historical factual change, not a forecast, risk score, or performance rating."
"croatia_sibenik_knin_regional_population_change_pct_2024","croatia","croatia_sibenik_knin","regional_population_change_pct","2024","-1.66","%","计算值","Eurostat regional statistics","https://ec.europa.eu/eurostat/api/dissemination/statistics/1.0/data/demo_r_pjanaggr3?sex=T&age=TOTAL&unit=NR","A","(value_2024 / value_2021 - 1) * 100; start_year=2021; end_year=2024; source_indicator=regional_population.","2026-08-15","Historical factual change, not a forecast, risk score, or performance rating."
"croatia_sibenik_knin_regional_gdp_per_capita_change_pct_2024","croatia","croatia_sibenik_knin","regional_gdp_per_capita_change_pct","2024","42.09","%","计算值","Eurostat regional statistics","https://ec.europa.eu/eurostat/api/dissemination/statistics/1.0/data/nama_10r_3gdp?unit=MIO_EUR | https://ec.europa.eu/eurostat/api/dissemination/statistics/1.0/data/demo_r_pjanaggr3?sex=T&age=TOTAL&unit=NR","A","(value_2024 / value_2021 - 1) * 100; start_year=2021; end_year=2024; source_indicator=regional_gdp_per_capita.","2026-08-15","Historical factual change, not a forecast, risk score, or performance rating."
"croatia_vukovar_srijem_regional_population_change_pct_2024","croatia","croatia_vukovar_srijem","regional_population_change_pct","2024","-4.53","%","计算值","Eurostat regional statistics","https://ec.europa.eu/eurostat/api/dissemination/statistics/1.0/data/demo_r_pjanaggr3?sex=T&age=TOTAL&unit=NR","A","(value_2024 / value_2021 - 1) * 100; start_year=2021; end_year=2024; source_indicator=regional_population.","2026-08-15","Historical factual change, not a forecast, risk score, or performance rating."
"croatia_vukovar_srijem_regional_gdp_per_capita_change_pct_2024","croatia","croatia_vukovar_srijem","regional_gdp_per_capita_change_pct","2024","39.18","%","计算值","Eurostat regional statistics","https://ec.europa.eu/eurostat/api/dissemination/statistics/1.0/data/nama_10r_3gdp?unit=MIO_EUR | https://ec.europa.eu/eurostat/api/dissemination/statistics/1.0/data/demo_r_pjanaggr3?sex=T&age=TOTAL&unit=NR","A","(value_2024 / value_2021 - 1) * 100; start_year=2021; end_year=2024; source_indicator=regional_gdp_per_capita.","2026-08-15","Historical factual change, not a forecast, risk score, or performance rating."
"croatia_split_dalmatia_regional_population_change_pct_2024","croatia","croatia_split_dalmatia","regional_population_change_pct","2024","0.54","%","计算值","Eurostat regional statistics","https://ec.europa.eu/eurostat/api/dissemination/statistics/1.0/data/demo_r_pjanaggr3?sex=T&age=TOTAL&unit=NR","A","(value_2024 / value_2021 - 1) * 100; start_year=2021; end_year=2024; source_indicator=regional_population.","2026-08-15","Historical factual change, not a forecast, risk score, or performance rating."
"croatia_split_dalmatia_regional_gdp_per_capita_change_pct_2024","croatia","croatia_split_dalmatia","regional_gdp_per_capita_change_pct","2024","56.61","%","计算值","Eurostat regional statistics","https://ec.europa.eu/eurostat/api/dissemination/statistics/1.0/data/nama_10r_3gdp?unit=MIO_EUR | https://ec.europa.eu/eurostat/api/dissemination/statistics/1.0/data/demo_r_pjanaggr3?sex=T&age=TOTAL&unit=NR","A","(value_2024 / value_2021 - 1) * 100; start_year=2021; end_year=2024; source_indicator=regional_gdp_per_capita.","2026-08-15","Historical factual change, not a forecast, risk score, or performance rating."
"croatia_istria_regional_population_change_pct_2024","croatia","croatia_istria","regional_population_change_pct","2024","2.89","%","计算值","Eurostat regional statistics","https://ec.europa.eu/eurostat/api/dissemination/statistics/1.0/data/demo_r_pjanaggr3?sex=T&age=TOTAL&unit=NR","A","(value_2024 / value_2021 - 1) * 100; start_year=2021; end_year=2024; source_indicator=regional_population.","2026-08-15","Historical factual change, not a forecast, risk score, or performance rating."
"croatia_istria_regional_gdp_per_capita_change_pct_2024","croatia","croatia_istria","regional_gdp_per_capita_change_pct","2024","49.75","%","计算值","Eurostat regional statistics","https://ec.europa.eu/eurostat/api/dissemination/statistics/1.0/data/nama_10r_3gdp?unit=MIO_EUR | https://ec.europa.eu/eurostat/api/dissemination/statistics/1.0/data/demo_r_pjanaggr3?sex=T&age=TOTAL&unit=NR","A","(value_2024 / value_2021 - 1) * 100; start_year=2021; end_year=2024; source_indicator=regional_gdp_per_capita.","2026-08-15","Historical factual change, not a forecast, risk score, or performance rating."
"croatia_dubrovnik_neretva_regional_population_change_pct_2024","croatia","croatia_dubrovnik_neretva","regional_population_change_pct","2024","-0.66","%","计算值","Eurostat regional statistics","https://ec.europa.eu/eurostat/api/dissemination/statistics/1.0/data/demo_r_pjanaggr3?sex=T&age=TOTAL&unit=NR","A","(value_2024 / value_2021 - 1) * 100; start_year=2021; end_year=2024; source_indicator=regional_population.","2026-08-15","Historical factual change, not a forecast, risk score, or performance rating."
"croatia_dubrovnik_neretva_regional_gdp_per_capita_change_pct_2024","croatia","croatia_dubrovnik_neretva","regional_gdp_per_capita_change_pct","2024","51.69","%","计算值","Eurostat regional statistics","https://ec.europa.eu/eurostat/api/dissemination/statistics/1.0/data/nama_10r_3gdp?unit=MIO_EUR | https://ec.europa.eu/eurostat/api/dissemination/statistics/1.0/data/demo_r_pjanaggr3?sex=T&age=TOTAL&unit=NR","A","(value_2024 / value_2021 - 1) * 100; start_year=2021; end_year=2024; source_indicator=regional_gdp_per_capita.","2026-08-15","Historical factual change, not a forecast, risk score, or performance rating."
"croatia_medimurje_regional_population_change_pct_2024","croatia","croatia_medimurje","regional_population_change_pct","2024","-0.65","%","计算值","Eurostat regional statistics","https://ec.europa.eu/eurostat/api/dissemination/statistics/1.0/data/demo_r_pjanaggr3?sex=T&age=TOTAL&unit=NR","A","(value_2024 / value_2021 - 1) * 100; start_year=2021; end_year=2024; source_indicator=regional_population.","2026-08-15","Historical factual change, not a forecast, risk score, or performance rating."
"croatia_medimurje_regional_gdp_per_capita_change_pct_2024","croatia","croatia_medimurje","regional_gdp_per_capita_change_pct","2024","37.5","%","计算值","Eurostat regional statistics","https://ec.europa.eu/eurostat/api/dissemination/statistics/1.0/data/nama_10r_3gdp?unit=MIO_EUR | https://ec.europa.eu/eurostat/api/dissemination/statistics/1.0/data/demo_r_pjanaggr3?sex=T&age=TOTAL&unit=NR","A","(value_2024 / value_2021 - 1) * 100; start_year=2021; end_year=2024; source_indicator=regional_gdp_per_capita.","2026-08-15","Historical factual change, not a forecast, risk score, or performance rating."
"croatia_zagreb_city_regional_population_change_pct_2024","croatia","croatia_zagreb_city","regional_population_change_pct","2024","0.42","%","计算值","Eurostat regional statistics","https://ec.europa.eu/eurostat/api/dissemination/statistics/1.0/data/demo_r_pjanaggr3?sex=T&age=TOTAL&unit=NR","A","(value_2024 / value_2021 - 1) * 100; start_year=2021; end_year=2024; source_indicator=regional_population.","2026-08-15","Historical factual change, not a forecast, risk score, or performance rating."
"croatia_zagreb_city_regional_gdp_per_capita_change_pct_2024","croatia","croatia_zagreb_city","regional_gdp_per_capita_change_pct","2024","45.79","%","计算值","Eurostat regional statistics","https://ec.europa.eu/eurostat/api/dissemination/statistics/1.0/data/nama_10r_3gdp?unit=MIO_EUR | https://ec.europa.eu/eurostat/api/dissemination/statistics/1.0/data/demo_r_pjanaggr3?sex=T&age=TOTAL&unit=NR","A","(value_2024 / value_2021 - 1) * 100; start_year=2021; end_year=2024; source_indicator=regional_gdp_per_capita.","2026-08-15","Historical factual change, not a forecast, risk score, or performance rating."
