region_check_id,region_id,country_id,admin_level,region_indicator_id,year,boundary_available,boundary_source_available,boundary_license_checked,source_available,license_source,license_url,attribution_required,attribution_text,license_checked,authoritative_topology_method,authoritative_topology_checked,topology_evidence_status,validation_manifest_file,manifest_status,expected_region_count,feature_count,nuts_code_count,region_id_candidate_count,detail_record_count,matched_region_count,unmatched_region_count,duplicate_region_id_count,duplicate_nuts_code_count,missing_geometry_count,manifest_detail_validation_status,region_id_final_matched,region_id_match_evidence_status,visual_qa_passed,file_selected,file_downloaded,hungary_filtered,geometry_filtered,crs_confirmed,topology_checked,region_id_matched,ready_for_display,visual_qa_started,feature_rendered_count,fit_bounds_checked,tooltip_checked,visual_overlap_checked,missing_geometry_checked,public_display_ready,is_ready_for_display,readiness_gate_status,value_present,unit_present,source_name_present,source_url_present,source_reliability_present,region_code_present,is_official_data,is_pending,is_calculated,is_manual,is_structural_sample,is_map_ready,is_region_comparable,is_export_ready,quality_status,missing_reason,quality_notes,last_updated
"hungary_nuts3_boundary_pilot_quality_check","hungary_nuts3_pilot","hungary","NUTS3","regional_boundary_status","2026-08-02","true","true","false","true","European Commission / Eurostat GISCO geodata and NUTS usage conditions","https://ec.europa.eu/eurostat/web/gisco/geodata/statistical-units/territorial-units-statistics","true","Source: European Commission – Eurostat/GISCO; administrative boundaries: © EuroGeographics.","false","待确认：拟以 GISCO NUTS 2024 官方几何与元数据为基准，复核要素数、NUTS code、几何有效性、共享边界、重叠与缝隙。","false","sandbox_basic_topology_passed_pending_authoritative_validation","public/data/boundaries/sandbox/hu_nuts3_gisco_2024.validation.json","manifest_detail_validation_recorded","20","20","20","20","20","20","0","0","0","0","detail_validation_recorded_pending_final_region_id_verification","false","precheck_zero_exceptions_pending_final_review","true","true","true","true","true","true","true","false","false","true","20","true","true","true","true","false","false","not_ready_for_public_display","false","true","true","true","true","false","false","true","false","false","false","false","false","true","需复核","region_id / NUTS code 的代码变体、命名变体和边界属性字段仍待最终复核；许可确认与权威拓扑验收也尚未完成。","v0.18 Hungary NUTS3 validation manifest summary；20 条明细核验结果已记录。明细完整不等于许可、权威拓扑或最终主键核验通过，公开展示资格仍未通过。","2026-08-02"
"poland_lower_silesian_regional_population_2025_quality_check","poland_lower_silesian","poland","ADM1","regional_population","2025","false","true","false","true","European Commission / Eurostat GISCO geodata and NUTS usage conditions","https://ec.europa.eu/eurostat/web/gisco/geodata/statistical-units/territorial-units-statistics","true","Source: European Commission – Eurostat/GISCO; administrative boundaries: © EuroGeographics.","false","待确认：拟以 GISCO NUTS 2024 官方几何与元数据为基准，复核要素数、NUTS code、几何有效性、共享边界、重叠与缝隙。","false","not_started","","not_started","0","0","0","0","0","0","0","0","0","0","not_started","false","not_started","false","false","false","false","false","false","false","false","false","false","0","false","false","false","false","false","false","not_ready_for_public_display","false","true","true","false","true","true","false","true","false","false","false","false","false","true","待接入","v0.11 仅保留区域观测值结构；尚未接入具体 ADM1/NUTS3 区域统计表、来源链接和数值。","区域边界尚未接入几何文件；当前仅完成来源或占位登记。 区域统计观测值尚未接入；保留结构化待接入状态，不填 0，不进入地图图层或区域比较。 尚未接入可点击的区域统计来源链接。","2026-08-02"
"poland_lower_silesian_regional_gdp_2025_quality_check","poland_lower_silesian","poland","ADM1","regional_gdp","2025","false","true","false","true","European Commission / Eurostat GISCO geodata and NUTS usage conditions","https://ec.europa.eu/eurostat/web/gisco/geodata/statistical-units/territorial-units-statistics","true","Source: European Commission – Eurostat/GISCO; administrative boundaries: © EuroGeographics.","false","待确认：拟以 GISCO NUTS 2024 官方几何与元数据为基准，复核要素数、NUTS code、几何有效性、共享边界、重叠与缝隙。","false","not_started","","not_started","0","0","0","0","0","0","0","0","0","0","not_started","false","not_started","false","false","false","false","false","false","false","false","false","false","0","false","false","false","false","false","false","not_ready_for_public_display","false","true","true","false","true","true","false","true","false","false","false","false","false","true","待接入","v0.11 仅保留区域观测值结构；尚未接入具体 ADM1/NUTS3 区域统计表、来源链接和数值。","区域边界尚未接入几何文件；当前仅完成来源或占位登记。 区域统计观测值尚未接入；保留结构化待接入状态，不填 0，不进入地图图层或区域比较。 尚未接入可点击的区域统计来源链接。","2026-08-02"
"poland_lower_silesian_regional_gdp_per_capita_2025_quality_check","poland_lower_silesian","poland","ADM1","regional_gdp_per_capita","2025","false","true","false","true","European Commission / Eurostat GISCO geodata and NUTS usage conditions","https://ec.europa.eu/eurostat/web/gisco/geodata/statistical-units/territorial-units-statistics","true","Source: European Commission – Eurostat/GISCO; administrative boundaries: © EuroGeographics.","false","待确认：拟以 GISCO NUTS 2024 官方几何与元数据为基准，复核要素数、NUTS code、几何有效性、共享边界、重叠与缝隙。","false","not_started","","not_started","0","0","0","0","0","0","0","0","0","0","not_started","false","not_started","false","false","false","false","false","false","false","false","false","false","0","false","false","false","false","false","false","not_ready_for_public_display","false","true","true","false","true","true","false","true","true","false","false","false","false","true","待接入","v0.11 仅保留区域观测值结构；尚未接入具体 ADM1/NUTS3 区域统计表、来源链接和数值。","区域边界尚未接入几何文件；当前仅完成来源或占位登记。 区域统计观测值尚未接入；保留结构化待接入状态，不填 0，不进入地图图层或区域比较。 尚未接入可点击的区域统计来源链接。","2026-08-02"
"poland_lower_silesian_regional_unemployment_rate_2025_quality_check","poland_lower_silesian","poland","ADM1","regional_unemployment_rate","2025","false","true","false","true","European Commission / Eurostat GISCO geodata and NUTS usage conditions","https://ec.europa.eu/eurostat/web/gisco/geodata/statistical-units/territorial-units-statistics","true","Source: European Commission – Eurostat/GISCO; administrative boundaries: © EuroGeographics.","false","待确认：拟以 GISCO NUTS 2024 官方几何与元数据为基准，复核要素数、NUTS code、几何有效性、共享边界、重叠与缝隙。","false","not_started","","not_started","0","0","0","0","0","0","0","0","0","0","not_started","false","not_started","false","false","false","false","false","false","false","false","false","false","0","false","false","false","false","false","false","not_ready_for_public_display","false","true","true","false","true","true","false","true","false","false","false","false","false","true","待接入","v0.11 仅保留区域观测值结构；尚未接入具体 ADM1/NUTS3 区域统计表、来源链接和数值。","区域边界尚未接入几何文件；当前仅完成来源或占位登记。 区域统计观测值尚未接入；保留结构化待接入状态，不填 0，不进入地图图层或区域比较。 尚未接入可点击的区域统计来源链接。","2026-08-02"
"poland_lower_silesian_regional_manufacturing_share_2025_quality_check","poland_lower_silesian","poland","ADM1","regional_manufacturing_share","2025","false","true","false","true","European Commission / Eurostat GISCO geodata and NUTS usage conditions","https://ec.europa.eu/eurostat/web/gisco/geodata/statistical-units/territorial-units-statistics","true","Source: European Commission – Eurostat/GISCO; administrative boundaries: © EuroGeographics.","false","待确认：拟以 GISCO NUTS 2024 官方几何与元数据为基准，复核要素数、NUTS code、几何有效性、共享边界、重叠与缝隙。","false","not_started","","not_started","0","0","0","0","0","0","0","0","0","0","not_started","false","not_started","false","false","false","false","false","false","false","false","false","false","0","false","false","false","false","false","false","not_ready_for_public_display","false","true","true","false","true","true","false","true","true","false","false","false","false","true","待接入","v0.11 仅保留区域观测值结构；尚未接入具体 ADM1/NUTS3 区域统计表、来源链接和数值。","区域边界尚未接入几何文件；当前仅完成来源或占位登记。 区域统计观测值尚未接入；保留结构化待接入状态，不填 0，不进入地图图层或区域比较。 尚未接入可点击的区域统计来源链接。","2026-08-02"
"poland_kuyavian_pomeranian_regional_population_2025_quality_check","poland_kuyavian_pomeranian","poland","ADM1","regional_population","2025","false","true","false","true","European Commission / Eurostat GISCO geodata and NUTS usage conditions","https://ec.europa.eu/eurostat/web/gisco/geodata/statistical-units/territorial-units-statistics","true","Source: European Commission – Eurostat/GISCO; administrative boundaries: © EuroGeographics.","false","待确认：拟以 GISCO NUTS 2024 官方几何与元数据为基准，复核要素数、NUTS code、几何有效性、共享边界、重叠与缝隙。","false","not_started","","not_started","0","0","0","0","0","0","0","0","0","0","not_started","false","not_started","false","false","false","false","false","false","false","false","false","false","0","false","false","false","false","false","false","not_ready_for_public_display","false","true","true","false","true","true","false","true","false","false","false","false","false","true","待接入","v0.11 仅保留区域观测值结构；尚未接入具体 ADM1/NUTS3 区域统计表、来源链接和数值。","区域边界尚未接入几何文件；当前仅完成来源或占位登记。 区域统计观测值尚未接入；保留结构化待接入状态，不填 0，不进入地图图层或区域比较。 尚未接入可点击的区域统计来源链接。","2026-08-02"
"poland_kuyavian_pomeranian_regional_gdp_2025_quality_check","poland_kuyavian_pomeranian","poland","ADM1","regional_gdp","2025","false","true","false","true","European Commission / Eurostat GISCO geodata and NUTS usage conditions","https://ec.europa.eu/eurostat/web/gisco/geodata/statistical-units/territorial-units-statistics","true","Source: European Commission – Eurostat/GISCO; administrative boundaries: © EuroGeographics.","false","待确认：拟以 GISCO NUTS 2024 官方几何与元数据为基准，复核要素数、NUTS code、几何有效性、共享边界、重叠与缝隙。","false","not_started","","not_started","0","0","0","0","0","0","0","0","0","0","not_started","false","not_started","false","false","false","false","false","false","false","false","false","false","0","false","false","false","false","false","false","not_ready_for_public_display","false","true","true","false","true","true","false","true","false","false","false","false","false","true","待接入","v0.11 仅保留区域观测值结构；尚未接入具体 ADM1/NUTS3 区域统计表、来源链接和数值。","区域边界尚未接入几何文件；当前仅完成来源或占位登记。 区域统计观测值尚未接入；保留结构化待接入状态，不填 0，不进入地图图层或区域比较。 尚未接入可点击的区域统计来源链接。","2026-08-02"
"poland_kuyavian_pomeranian_regional_gdp_per_capita_2025_quality_check","poland_kuyavian_pomeranian","poland","ADM1","regional_gdp_per_capita","2025","false","true","false","true","European Commission / Eurostat GISCO geodata and NUTS usage conditions","https://ec.europa.eu/eurostat/web/gisco/geodata/statistical-units/territorial-units-statistics","true","Source: European Commission – Eurostat/GISCO; administrative boundaries: © EuroGeographics.","false","待确认：拟以 GISCO NUTS 2024 官方几何与元数据为基准，复核要素数、NUTS code、几何有效性、共享边界、重叠与缝隙。","false","not_started","","not_started","0","0","0","0","0","0","0","0","0","0","not_started","false","not_started","false","false","false","false","false","false","false","false","false","false","0","false","false","false","false","false","false","not_ready_for_public_display","false","true","true","false","true","true","false","true","true","false","false","false","false","true","待接入","v0.11 仅保留区域观测值结构；尚未接入具体 ADM1/NUTS3 区域统计表、来源链接和数值。","区域边界尚未接入几何文件；当前仅完成来源或占位登记。 区域统计观测值尚未接入；保留结构化待接入状态，不填 0，不进入地图图层或区域比较。 尚未接入可点击的区域统计来源链接。","2026-08-02"
"poland_kuyavian_pomeranian_regional_unemployment_rate_2025_quality_check","poland_kuyavian_pomeranian","poland","ADM1","regional_unemployment_rate","2025","false","true","false","true","European Commission / Eurostat GISCO geodata and NUTS usage conditions","https://ec.europa.eu/eurostat/web/gisco/geodata/statistical-units/territorial-units-statistics","true","Source: European Commission – Eurostat/GISCO; administrative boundaries: © EuroGeographics.","false","待确认：拟以 GISCO NUTS 2024 官方几何与元数据为基准，复核要素数、NUTS code、几何有效性、共享边界、重叠与缝隙。","false","not_started","","not_started","0","0","0","0","0","0","0","0","0","0","not_started","false","not_started","false","false","false","false","false","false","false","false","false","false","0","false","false","false","false","false","false","not_ready_for_public_display","false","true","true","false","true","true","false","true","false","false","false","false","false","true","待接入","v0.11 仅保留区域观测值结构；尚未接入具体 ADM1/NUTS3 区域统计表、来源链接和数值。","区域边界尚未接入几何文件；当前仅完成来源或占位登记。 区域统计观测值尚未接入；保留结构化待接入状态，不填 0，不进入地图图层或区域比较。 尚未接入可点击的区域统计来源链接。","2026-08-02"
"poland_kuyavian_pomeranian_regional_manufacturing_share_2025_quality_check","poland_kuyavian_pomeranian","poland","ADM1","regional_manufacturing_share","2025","false","true","false","true","European Commission / Eurostat GISCO geodata and NUTS usage conditions","https://ec.europa.eu/eurostat/web/gisco/geodata/statistical-units/territorial-units-statistics","true","Source: European Commission – Eurostat/GISCO; administrative boundaries: © EuroGeographics.","false","待确认：拟以 GISCO NUTS 2024 官方几何与元数据为基准，复核要素数、NUTS code、几何有效性、共享边界、重叠与缝隙。","false","not_started","","not_started","0","0","0","0","0","0","0","0","0","0","not_started","false","not_started","false","false","false","false","false","false","false","false","false","false","0","false","false","false","false","false","false","not_ready_for_public_display","false","true","true","false","true","true","false","true","true","false","false","false","false","true","待接入","v0.11 仅保留区域观测值结构；尚未接入具体 ADM1/NUTS3 区域统计表、来源链接和数值。","区域边界尚未接入几何文件；当前仅完成来源或占位登记。 区域统计观测值尚未接入；保留结构化待接入状态，不填 0，不进入地图图层或区域比较。 尚未接入可点击的区域统计来源链接。","2026-08-02"
"poland_lublin_regional_population_2025_quality_check","poland_lublin","poland","ADM1","regional_population","2025","false","true","false","true","European Commission / Eurostat GISCO geodata and NUTS usage conditions","https://ec.europa.eu/eurostat/web/gisco/geodata/statistical-units/territorial-units-statistics","true","Source: European Commission – Eurostat/GISCO; administrative boundaries: © EuroGeographics.","false","待确认：拟以 GISCO NUTS 2024 官方几何与元数据为基准，复核要素数、NUTS code、几何有效性、共享边界、重叠与缝隙。","false","not_started","","not_started","0","0","0","0","0","0","0","0","0","0","not_started","false","not_started","false","false","false","false","false","false","false","false","false","false","0","false","false","false","false","false","false","not_ready_for_public_display","false","true","true","false","true","true","false","true","false","false","false","false","false","true","待接入","v0.11 仅保留区域观测值结构；尚未接入具体 ADM1/NUTS3 区域统计表、来源链接和数值。","区域边界尚未接入几何文件；当前仅完成来源或占位登记。 区域统计观测值尚未接入；保留结构化待接入状态，不填 0，不进入地图图层或区域比较。 尚未接入可点击的区域统计来源链接。","2026-08-02"
"poland_lublin_regional_gdp_2025_quality_check","poland_lublin","poland","ADM1","regional_gdp","2025","false","true","false","true","European Commission / Eurostat GISCO geodata and NUTS usage conditions","https://ec.europa.eu/eurostat/web/gisco/geodata/statistical-units/territorial-units-statistics","true","Source: European Commission – Eurostat/GISCO; administrative boundaries: © EuroGeographics.","false","待确认：拟以 GISCO NUTS 2024 官方几何与元数据为基准，复核要素数、NUTS code、几何有效性、共享边界、重叠与缝隙。","false","not_started","","not_started","0","0","0","0","0","0","0","0","0","0","not_started","false","not_started","false","false","false","false","false","false","false","false","false","false","0","false","false","false","false","false","false","not_ready_for_public_display","false","true","true","false","true","true","false","true","false","false","false","false","false","true","待接入","v0.11 仅保留区域观测值结构；尚未接入具体 ADM1/NUTS3 区域统计表、来源链接和数值。","区域边界尚未接入几何文件；当前仅完成来源或占位登记。 区域统计观测值尚未接入；保留结构化待接入状态，不填 0，不进入地图图层或区域比较。 尚未接入可点击的区域统计来源链接。","2026-08-02"
"poland_lublin_regional_gdp_per_capita_2025_quality_check","poland_lublin","poland","ADM1","regional_gdp_per_capita","2025","false","true","false","true","European Commission / Eurostat GISCO geodata and NUTS usage conditions","https://ec.europa.eu/eurostat/web/gisco/geodata/statistical-units/territorial-units-statistics","true","Source: European Commission – Eurostat/GISCO; administrative boundaries: © EuroGeographics.","false","待确认：拟以 GISCO NUTS 2024 官方几何与元数据为基准，复核要素数、NUTS code、几何有效性、共享边界、重叠与缝隙。","false","not_started","","not_started","0","0","0","0","0","0","0","0","0","0","not_started","false","not_started","false","false","false","false","false","false","false","false","false","false","0","false","false","false","false","false","false","not_ready_for_public_display","false","true","true","false","true","true","false","true","true","false","false","false","false","true","待接入","v0.11 仅保留区域观测值结构；尚未接入具体 ADM1/NUTS3 区域统计表、来源链接和数值。","区域边界尚未接入几何文件；当前仅完成来源或占位登记。 区域统计观测值尚未接入；保留结构化待接入状态，不填 0，不进入地图图层或区域比较。 尚未接入可点击的区域统计来源链接。","2026-08-02"
"poland_lublin_regional_unemployment_rate_2025_quality_check","poland_lublin","poland","ADM1","regional_unemployment_rate","2025","false","true","false","true","European Commission / Eurostat GISCO geodata and NUTS usage conditions","https://ec.europa.eu/eurostat/web/gisco/geodata/statistical-units/territorial-units-statistics","true","Source: European Commission – Eurostat/GISCO; administrative boundaries: © EuroGeographics.","false","待确认：拟以 GISCO NUTS 2024 官方几何与元数据为基准，复核要素数、NUTS code、几何有效性、共享边界、重叠与缝隙。","false","not_started","","not_started","0","0","0","0","0","0","0","0","0","0","not_started","false","not_started","false","false","false","false","false","false","false","false","false","false","0","false","false","false","false","false","false","not_ready_for_public_display","false","true","true","false","true","true","false","true","false","false","false","false","false","true","待接入","v0.11 仅保留区域观测值结构；尚未接入具体 ADM1/NUTS3 区域统计表、来源链接和数值。","区域边界尚未接入几何文件；当前仅完成来源或占位登记。 区域统计观测值尚未接入；保留结构化待接入状态，不填 0，不进入地图图层或区域比较。 尚未接入可点击的区域统计来源链接。","2026-08-02"
"poland_lublin_regional_manufacturing_share_2025_quality_check","poland_lublin","poland","ADM1","regional_manufacturing_share","2025","false","true","false","true","European Commission / Eurostat GISCO geodata and NUTS usage conditions","https://ec.europa.eu/eurostat/web/gisco/geodata/statistical-units/territorial-units-statistics","true","Source: European Commission – Eurostat/GISCO; administrative boundaries: © EuroGeographics.","false","待确认：拟以 GISCO NUTS 2024 官方几何与元数据为基准，复核要素数、NUTS code、几何有效性、共享边界、重叠与缝隙。","false","not_started","","not_started","0","0","0","0","0","0","0","0","0","0","not_started","false","not_started","false","false","false","false","false","false","false","false","false","false","0","false","false","false","false","false","false","not_ready_for_public_display","false","true","true","false","true","true","false","true","true","false","false","false","false","true","待接入","v0.11 仅保留区域观测值结构；尚未接入具体 ADM1/NUTS3 区域统计表、来源链接和数值。","区域边界尚未接入几何文件；当前仅完成来源或占位登记。 区域统计观测值尚未接入；保留结构化待接入状态，不填 0，不进入地图图层或区域比较。 尚未接入可点击的区域统计来源链接。","2026-08-02"
"poland_lubusz_regional_population_2025_quality_check","poland_lubusz","poland","ADM1","regional_population","2025","false","true","false","true","European Commission / Eurostat GISCO geodata and NUTS usage conditions","https://ec.europa.eu/eurostat/web/gisco/geodata/statistical-units/territorial-units-statistics","true","Source: European Commission – Eurostat/GISCO; administrative boundaries: © EuroGeographics.","false","待确认：拟以 GISCO NUTS 2024 官方几何与元数据为基准，复核要素数、NUTS code、几何有效性、共享边界、重叠与缝隙。","false","not_started","","not_started","0","0","0","0","0","0","0","0","0","0","not_started","false","not_started","false","false","false","false","false","false","false","false","false","false","0","false","false","false","false","false","false","not_ready_for_public_display","false","true","true","false","true","true","false","true","false","false","false","false","false","true","待接入","v0.11 仅保留区域观测值结构；尚未接入具体 ADM1/NUTS3 区域统计表、来源链接和数值。","区域边界尚未接入几何文件；当前仅完成来源或占位登记。 区域统计观测值尚未接入；保留结构化待接入状态，不填 0，不进入地图图层或区域比较。 尚未接入可点击的区域统计来源链接。","2026-08-02"
"poland_lubusz_regional_gdp_2025_quality_check","poland_lubusz","poland","ADM1","regional_gdp","2025","false","true","false","true","European Commission / Eurostat GISCO geodata and NUTS usage conditions","https://ec.europa.eu/eurostat/web/gisco/geodata/statistical-units/territorial-units-statistics","true","Source: European Commission – Eurostat/GISCO; administrative boundaries: © EuroGeographics.","false","待确认：拟以 GISCO NUTS 2024 官方几何与元数据为基准，复核要素数、NUTS code、几何有效性、共享边界、重叠与缝隙。","false","not_started","","not_started","0","0","0","0","0","0","0","0","0","0","not_started","false","not_started","false","false","false","false","false","false","false","false","false","false","0","false","false","false","false","false","false","not_ready_for_public_display","false","true","true","false","true","true","false","true","false","false","false","false","false","true","待接入","v0.11 仅保留区域观测值结构；尚未接入具体 ADM1/NUTS3 区域统计表、来源链接和数值。","区域边界尚未接入几何文件；当前仅完成来源或占位登记。 区域统计观测值尚未接入；保留结构化待接入状态，不填 0，不进入地图图层或区域比较。 尚未接入可点击的区域统计来源链接。","2026-08-02"
"poland_lubusz_regional_gdp_per_capita_2025_quality_check","poland_lubusz","poland","ADM1","regional_gdp_per_capita","2025","false","true","false","true","European Commission / Eurostat GISCO geodata and NUTS usage conditions","https://ec.europa.eu/eurostat/web/gisco/geodata/statistical-units/territorial-units-statistics","true","Source: European Commission – Eurostat/GISCO; administrative boundaries: © EuroGeographics.","false","待确认：拟以 GISCO NUTS 2024 官方几何与元数据为基准，复核要素数、NUTS code、几何有效性、共享边界、重叠与缝隙。","false","not_started","","not_started","0","0","0","0","0","0","0","0","0","0","not_started","false","not_started","false","false","false","false","false","false","false","false","false","false","0","false","false","false","false","false","false","not_ready_for_public_display","false","true","true","false","true","true","false","true","true","false","false","false","false","true","待接入","v0.11 仅保留区域观测值结构；尚未接入具体 ADM1/NUTS3 区域统计表、来源链接和数值。","区域边界尚未接入几何文件；当前仅完成来源或占位登记。 区域统计观测值尚未接入；保留结构化待接入状态，不填 0，不进入地图图层或区域比较。 尚未接入可点击的区域统计来源链接。","2026-08-02"
"poland_lubusz_regional_unemployment_rate_2025_quality_check","poland_lubusz","poland","ADM1","regional_unemployment_rate","2025","false","true","false","true","European Commission / Eurostat GISCO geodata and NUTS usage conditions","https://ec.europa.eu/eurostat/web/gisco/geodata/statistical-units/territorial-units-statistics","true","Source: European Commission – Eurostat/GISCO; administrative boundaries: © EuroGeographics.","false","待确认：拟以 GISCO NUTS 2024 官方几何与元数据为基准，复核要素数、NUTS code、几何有效性、共享边界、重叠与缝隙。","false","not_started","","not_started","0","0","0","0","0","0","0","0","0","0","not_started","false","not_started","false","false","false","false","false","false","false","false","false","false","0","false","false","false","false","false","false","not_ready_for_public_display","false","true","true","false","true","true","false","true","false","false","false","false","false","true","待接入","v0.11 仅保留区域观测值结构；尚未接入具体 ADM1/NUTS3 区域统计表、来源链接和数值。","区域边界尚未接入几何文件；当前仅完成来源或占位登记。 区域统计观测值尚未接入；保留结构化待接入状态，不填 0，不进入地图图层或区域比较。 尚未接入可点击的区域统计来源链接。","2026-08-02"
"poland_lubusz_regional_manufacturing_share_2025_quality_check","poland_lubusz","poland","ADM1","regional_manufacturing_share","2025","false","true","false","true","European Commission / Eurostat GISCO geodata and NUTS usage conditions","https://ec.europa.eu/eurostat/web/gisco/geodata/statistical-units/territorial-units-statistics","true","Source: European Commission – Eurostat/GISCO; administrative boundaries: © EuroGeographics.","false","待确认：拟以 GISCO NUTS 2024 官方几何与元数据为基准，复核要素数、NUTS code、几何有效性、共享边界、重叠与缝隙。","false","not_started","","not_started","0","0","0","0","0","0","0","0","0","0","not_started","false","not_started","false","false","false","false","false","false","false","false","false","false","0","false","false","false","false","false","false","not_ready_for_public_display","false","true","true","false","true","true","false","true","true","false","false","false","false","true","待接入","v0.11 仅保留区域观测值结构；尚未接入具体 ADM1/NUTS3 区域统计表、来源链接和数值。","区域边界尚未接入几何文件；当前仅完成来源或占位登记。 区域统计观测值尚未接入；保留结构化待接入状态，不填 0，不进入地图图层或区域比较。 尚未接入可点击的区域统计来源链接。","2026-08-02"
"poland_lodz_regional_population_2025_quality_check","poland_lodz","poland","ADM1","regional_population","2025","false","true","false","true","European Commission / Eurostat GISCO geodata and NUTS usage conditions","https://ec.europa.eu/eurostat/web/gisco/geodata/statistical-units/territorial-units-statistics","true","Source: European Commission – Eurostat/GISCO; administrative boundaries: © EuroGeographics.","false","待确认：拟以 GISCO NUTS 2024 官方几何与元数据为基准，复核要素数、NUTS code、几何有效性、共享边界、重叠与缝隙。","false","not_started","","not_started","0","0","0","0","0","0","0","0","0","0","not_started","false","not_started","false","false","false","false","false","false","false","false","false","false","0","false","false","false","false","false","false","not_ready_for_public_display","false","true","true","false","true","true","false","true","false","false","false","false","false","true","待接入","v0.11 仅保留区域观测值结构；尚未接入具体 ADM1/NUTS3 区域统计表、来源链接和数值。","区域边界尚未接入几何文件；当前仅完成来源或占位登记。 区域统计观测值尚未接入；保留结构化待接入状态，不填 0，不进入地图图层或区域比较。 尚未接入可点击的区域统计来源链接。","2026-08-02"
"poland_lodz_regional_gdp_2025_quality_check","poland_lodz","poland","ADM1","regional_gdp","2025","false","true","false","true","European Commission / Eurostat GISCO geodata and NUTS usage conditions","https://ec.europa.eu/eurostat/web/gisco/geodata/statistical-units/territorial-units-statistics","true","Source: European Commission – Eurostat/GISCO; administrative boundaries: © EuroGeographics.","false","待确认：拟以 GISCO NUTS 2024 官方几何与元数据为基准，复核要素数、NUTS code、几何有效性、共享边界、重叠与缝隙。","false","not_started","","not_started","0","0","0","0","0","0","0","0","0","0","not_started","false","not_started","false","false","false","false","false","false","false","false","false","false","0","false","false","false","false","false","false","not_ready_for_public_display","false","true","true","false","true","true","false","true","false","false","false","false","false","true","待接入","v0.11 仅保留区域观测值结构；尚未接入具体 ADM1/NUTS3 区域统计表、来源链接和数值。","区域边界尚未接入几何文件；当前仅完成来源或占位登记。 区域统计观测值尚未接入；保留结构化待接入状态，不填 0，不进入地图图层或区域比较。 尚未接入可点击的区域统计来源链接。","2026-08-02"
"poland_lodz_regional_gdp_per_capita_2025_quality_check","poland_lodz","poland","ADM1","regional_gdp_per_capita","2025","false","true","false","true","European Commission / Eurostat GISCO geodata and NUTS usage conditions","https://ec.europa.eu/eurostat/web/gisco/geodata/statistical-units/territorial-units-statistics","true","Source: European Commission – Eurostat/GISCO; administrative boundaries: © EuroGeographics.","false","待确认：拟以 GISCO NUTS 2024 官方几何与元数据为基准，复核要素数、NUTS code、几何有效性、共享边界、重叠与缝隙。","false","not_started","","not_started","0","0","0","0","0","0","0","0","0","0","not_started","false","not_started","false","false","false","false","false","false","false","false","false","false","0","false","false","false","false","false","false","not_ready_for_public_display","false","true","true","false","true","true","false","true","true","false","false","false","false","true","待接入","v0.11 仅保留区域观测值结构；尚未接入具体 ADM1/NUTS3 区域统计表、来源链接和数值。","区域边界尚未接入几何文件；当前仅完成来源或占位登记。 区域统计观测值尚未接入；保留结构化待接入状态，不填 0，不进入地图图层或区域比较。 尚未接入可点击的区域统计来源链接。","2026-08-02"
"poland_lodz_regional_unemployment_rate_2025_quality_check","poland_lodz","poland","ADM1","regional_unemployment_rate","2025","false","true","false","true","European Commission / Eurostat GISCO geodata and NUTS usage conditions","https://ec.europa.eu/eurostat/web/gisco/geodata/statistical-units/territorial-units-statistics","true","Source: European Commission – Eurostat/GISCO; administrative boundaries: © EuroGeographics.","false","待确认：拟以 GISCO NUTS 2024 官方几何与元数据为基准，复核要素数、NUTS code、几何有效性、共享边界、重叠与缝隙。","false","not_started","","not_started","0","0","0","0","0","0","0","0","0","0","not_started","false","not_started","false","false","false","false","false","false","false","false","false","false","0","false","false","false","false","false","false","not_ready_for_public_display","false","true","true","false","true","true","false","true","false","false","false","false","false","true","待接入","v0.11 仅保留区域观测值结构；尚未接入具体 ADM1/NUTS3 区域统计表、来源链接和数值。","区域边界尚未接入几何文件；当前仅完成来源或占位登记。 区域统计观测值尚未接入；保留结构化待接入状态，不填 0，不进入地图图层或区域比较。 尚未接入可点击的区域统计来源链接。","2026-08-02"
"poland_lodz_regional_manufacturing_share_2025_quality_check","poland_lodz","poland","ADM1","regional_manufacturing_share","2025","false","true","false","true","European Commission / Eurostat GISCO geodata and NUTS usage conditions","https://ec.europa.eu/eurostat/web/gisco/geodata/statistical-units/territorial-units-statistics","true","Source: European Commission – Eurostat/GISCO; administrative boundaries: © EuroGeographics.","false","待确认：拟以 GISCO NUTS 2024 官方几何与元数据为基准，复核要素数、NUTS code、几何有效性、共享边界、重叠与缝隙。","false","not_started","","not_started","0","0","0","0","0","0","0","0","0","0","not_started","false","not_started","false","false","false","false","false","false","false","false","false","false","0","false","false","false","false","false","false","not_ready_for_public_display","false","true","true","false","true","true","false","true","true","false","false","false","false","true","待接入","v0.11 仅保留区域观测值结构；尚未接入具体 ADM1/NUTS3 区域统计表、来源链接和数值。","区域边界尚未接入几何文件；当前仅完成来源或占位登记。 区域统计观测值尚未接入；保留结构化待接入状态，不填 0，不进入地图图层或区域比较。 尚未接入可点击的区域统计来源链接。","2026-08-02"
"poland_lesser_poland_regional_population_2025_quality_check","poland_lesser_poland","poland","ADM1","regional_population","2025","false","true","false","true","European Commission / Eurostat GISCO geodata and NUTS usage conditions","https://ec.europa.eu/eurostat/web/gisco/geodata/statistical-units/territorial-units-statistics","true","Source: European Commission – Eurostat/GISCO; administrative boundaries: © EuroGeographics.","false","待确认：拟以 GISCO NUTS 2024 官方几何与元数据为基准，复核要素数、NUTS code、几何有效性、共享边界、重叠与缝隙。","false","not_started","","not_started","0","0","0","0","0","0","0","0","0","0","not_started","false","not_started","false","false","false","false","false","false","false","false","false","false","0","false","false","false","false","false","false","not_ready_for_public_display","false","true","true","false","true","true","false","true","false","false","false","false","false","true","待接入","v0.11 仅保留区域观测值结构；尚未接入具体 ADM1/NUTS3 区域统计表、来源链接和数值。","区域边界尚未接入几何文件；当前仅完成来源或占位登记。 区域统计观测值尚未接入；保留结构化待接入状态，不填 0，不进入地图图层或区域比较。 尚未接入可点击的区域统计来源链接。","2026-08-02"
"poland_lesser_poland_regional_gdp_2025_quality_check","poland_lesser_poland","poland","ADM1","regional_gdp","2025","false","true","false","true","European Commission / Eurostat GISCO geodata and NUTS usage conditions","https://ec.europa.eu/eurostat/web/gisco/geodata/statistical-units/territorial-units-statistics","true","Source: European Commission – Eurostat/GISCO; administrative boundaries: © EuroGeographics.","false","待确认：拟以 GISCO NUTS 2024 官方几何与元数据为基准，复核要素数、NUTS code、几何有效性、共享边界、重叠与缝隙。","false","not_started","","not_started","0","0","0","0","0","0","0","0","0","0","not_started","false","not_started","false","false","false","false","false","false","false","false","false","false","0","false","false","false","false","false","false","not_ready_for_public_display","false","true","true","false","true","true","false","true","false","false","false","false","false","true","待接入","v0.11 仅保留区域观测值结构；尚未接入具体 ADM1/NUTS3 区域统计表、来源链接和数值。","区域边界尚未接入几何文件；当前仅完成来源或占位登记。 区域统计观测值尚未接入；保留结构化待接入状态，不填 0，不进入地图图层或区域比较。 尚未接入可点击的区域统计来源链接。","2026-08-02"
"poland_lesser_poland_regional_gdp_per_capita_2025_quality_check","poland_lesser_poland","poland","ADM1","regional_gdp_per_capita","2025","false","true","false","true","European Commission / Eurostat GISCO geodata and NUTS usage conditions","https://ec.europa.eu/eurostat/web/gisco/geodata/statistical-units/territorial-units-statistics","true","Source: European Commission – Eurostat/GISCO; administrative boundaries: © EuroGeographics.","false","待确认：拟以 GISCO NUTS 2024 官方几何与元数据为基准，复核要素数、NUTS code、几何有效性、共享边界、重叠与缝隙。","false","not_started","","not_started","0","0","0","0","0","0","0","0","0","0","not_started","false","not_started","false","false","false","false","false","false","false","false","false","false","0","false","false","false","false","false","false","not_ready_for_public_display","false","true","true","false","true","true","false","true","true","false","false","false","false","true","待接入","v0.11 仅保留区域观测值结构；尚未接入具体 ADM1/NUTS3 区域统计表、来源链接和数值。","区域边界尚未接入几何文件；当前仅完成来源或占位登记。 区域统计观测值尚未接入；保留结构化待接入状态，不填 0，不进入地图图层或区域比较。 尚未接入可点击的区域统计来源链接。","2026-08-02"
"poland_lesser_poland_regional_unemployment_rate_2025_quality_check","poland_lesser_poland","poland","ADM1","regional_unemployment_rate","2025","false","true","false","true","European Commission / Eurostat GISCO geodata and NUTS usage conditions","https://ec.europa.eu/eurostat/web/gisco/geodata/statistical-units/territorial-units-statistics","true","Source: European Commission – Eurostat/GISCO; administrative boundaries: © EuroGeographics.","false","待确认：拟以 GISCO NUTS 2024 官方几何与元数据为基准，复核要素数、NUTS code、几何有效性、共享边界、重叠与缝隙。","false","not_started","","not_started","0","0","0","0","0","0","0","0","0","0","not_started","false","not_started","false","false","false","false","false","false","false","false","false","false","0","false","false","false","false","false","false","not_ready_for_public_display","false","true","true","false","true","true","false","true","false","false","false","false","false","true","待接入","v0.11 仅保留区域观测值结构；尚未接入具体 ADM1/NUTS3 区域统计表、来源链接和数值。","区域边界尚未接入几何文件；当前仅完成来源或占位登记。 区域统计观测值尚未接入；保留结构化待接入状态，不填 0，不进入地图图层或区域比较。 尚未接入可点击的区域统计来源链接。","2026-08-02"
"poland_lesser_poland_regional_manufacturing_share_2025_quality_check","poland_lesser_poland","poland","ADM1","regional_manufacturing_share","2025","false","true","false","true","European Commission / Eurostat GISCO geodata and NUTS usage conditions","https://ec.europa.eu/eurostat/web/gisco/geodata/statistical-units/territorial-units-statistics","true","Source: European Commission – Eurostat/GISCO; administrative boundaries: © EuroGeographics.","false","待确认：拟以 GISCO NUTS 2024 官方几何与元数据为基准，复核要素数、NUTS code、几何有效性、共享边界、重叠与缝隙。","false","not_started","","not_started","0","0","0","0","0","0","0","0","0","0","not_started","false","not_started","false","false","false","false","false","false","false","false","false","false","0","false","false","false","false","false","false","not_ready_for_public_display","false","true","true","false","true","true","false","true","true","false","false","false","false","true","待接入","v0.11 仅保留区域观测值结构；尚未接入具体 ADM1/NUTS3 区域统计表、来源链接和数值。","区域边界尚未接入几何文件；当前仅完成来源或占位登记。 区域统计观测值尚未接入；保留结构化待接入状态，不填 0，不进入地图图层或区域比较。 尚未接入可点击的区域统计来源链接。","2026-08-02"
"poland_masovian_regional_population_2025_quality_check","poland_masovian","poland","ADM1","regional_population","2025","false","true","false","true","European Commission / Eurostat GISCO geodata and NUTS usage conditions","https://ec.europa.eu/eurostat/web/gisco/geodata/statistical-units/territorial-units-statistics","true","Source: European Commission – Eurostat/GISCO; administrative boundaries: © EuroGeographics.","false","待确认：拟以 GISCO NUTS 2024 官方几何与元数据为基准，复核要素数、NUTS code、几何有效性、共享边界、重叠与缝隙。","false","not_started","","not_started","0","0","0","0","0","0","0","0","0","0","not_started","false","not_started","false","false","false","false","false","false","false","false","false","false","0","false","false","false","false","false","false","not_ready_for_public_display","false","true","true","false","true","true","false","true","false","false","false","false","false","true","待接入","v0.11 仅保留区域观测值结构；尚未接入具体 ADM1/NUTS3 区域统计表、来源链接和数值。","区域边界尚未接入几何文件；当前仅完成来源或占位登记。 区域统计观测值尚未接入；保留结构化待接入状态，不填 0，不进入地图图层或区域比较。 尚未接入可点击的区域统计来源链接。","2026-08-02"
"poland_masovian_regional_gdp_2025_quality_check","poland_masovian","poland","ADM1","regional_gdp","2025","false","true","false","true","European Commission / Eurostat GISCO geodata and NUTS usage conditions","https://ec.europa.eu/eurostat/web/gisco/geodata/statistical-units/territorial-units-statistics","true","Source: European Commission – Eurostat/GISCO; administrative boundaries: © EuroGeographics.","false","待确认：拟以 GISCO NUTS 2024 官方几何与元数据为基准，复核要素数、NUTS code、几何有效性、共享边界、重叠与缝隙。","false","not_started","","not_started","0","0","0","0","0","0","0","0","0","0","not_started","false","not_started","false","false","false","false","false","false","false","false","false","false","0","false","false","false","false","false","false","not_ready_for_public_display","false","true","true","false","true","true","false","true","false","false","false","false","false","true","待接入","v0.11 仅保留区域观测值结构；尚未接入具体 ADM1/NUTS3 区域统计表、来源链接和数值。","区域边界尚未接入几何文件；当前仅完成来源或占位登记。 区域统计观测值尚未接入；保留结构化待接入状态，不填 0，不进入地图图层或区域比较。 尚未接入可点击的区域统计来源链接。","2026-08-02"
"poland_masovian_regional_gdp_per_capita_2025_quality_check","poland_masovian","poland","ADM1","regional_gdp_per_capita","2025","false","true","false","true","European Commission / Eurostat GISCO geodata and NUTS usage conditions","https://ec.europa.eu/eurostat/web/gisco/geodata/statistical-units/territorial-units-statistics","true","Source: European Commission – Eurostat/GISCO; administrative boundaries: © EuroGeographics.","false","待确认：拟以 GISCO NUTS 2024 官方几何与元数据为基准，复核要素数、NUTS code、几何有效性、共享边界、重叠与缝隙。","false","not_started","","not_started","0","0","0","0","0","0","0","0","0","0","not_started","false","not_started","false","false","false","false","false","false","false","false","false","false","0","false","false","false","false","false","false","not_ready_for_public_display","false","true","true","false","true","true","false","true","true","false","false","false","false","true","待接入","v0.11 仅保留区域观测值结构；尚未接入具体 ADM1/NUTS3 区域统计表、来源链接和数值。","区域边界尚未接入几何文件；当前仅完成来源或占位登记。 区域统计观测值尚未接入；保留结构化待接入状态，不填 0，不进入地图图层或区域比较。 尚未接入可点击的区域统计来源链接。","2026-08-02"
"poland_masovian_regional_unemployment_rate_2025_quality_check","poland_masovian","poland","ADM1","regional_unemployment_rate","2025","false","true","false","true","European Commission / Eurostat GISCO geodata and NUTS usage conditions","https://ec.europa.eu/eurostat/web/gisco/geodata/statistical-units/territorial-units-statistics","true","Source: European Commission – Eurostat/GISCO; administrative boundaries: © EuroGeographics.","false","待确认：拟以 GISCO NUTS 2024 官方几何与元数据为基准，复核要素数、NUTS code、几何有效性、共享边界、重叠与缝隙。","false","not_started","","not_started","0","0","0","0","0","0","0","0","0","0","not_started","false","not_started","false","false","false","false","false","false","false","false","false","false","0","false","false","false","false","false","false","not_ready_for_public_display","false","true","true","false","true","true","false","true","false","false","false","false","false","true","待接入","v0.11 仅保留区域观测值结构；尚未接入具体 ADM1/NUTS3 区域统计表、来源链接和数值。","区域边界尚未接入几何文件；当前仅完成来源或占位登记。 区域统计观测值尚未接入；保留结构化待接入状态，不填 0，不进入地图图层或区域比较。 尚未接入可点击的区域统计来源链接。","2026-08-02"
"poland_masovian_regional_manufacturing_share_2025_quality_check","poland_masovian","poland","ADM1","regional_manufacturing_share","2025","false","true","false","true","European Commission / Eurostat GISCO geodata and NUTS usage conditions","https://ec.europa.eu/eurostat/web/gisco/geodata/statistical-units/territorial-units-statistics","true","Source: European Commission – Eurostat/GISCO; administrative boundaries: © EuroGeographics.","false","待确认：拟以 GISCO NUTS 2024 官方几何与元数据为基准，复核要素数、NUTS code、几何有效性、共享边界、重叠与缝隙。","false","not_started","","not_started","0","0","0","0","0","0","0","0","0","0","not_started","false","not_started","false","false","false","false","false","false","false","false","false","false","0","false","false","false","false","false","false","not_ready_for_public_display","false","true","true","false","true","true","false","true","true","false","false","false","false","true","待接入","v0.11 仅保留区域观测值结构；尚未接入具体 ADM1/NUTS3 区域统计表、来源链接和数值。","区域边界尚未接入几何文件；当前仅完成来源或占位登记。 区域统计观测值尚未接入；保留结构化待接入状态，不填 0，不进入地图图层或区域比较。 尚未接入可点击的区域统计来源链接。","2026-08-02"
"poland_opole_regional_population_2025_quality_check","poland_opole","poland","ADM1","regional_population","2025","false","true","false","true","European Commission / Eurostat GISCO geodata and NUTS usage conditions","https://ec.europa.eu/eurostat/web/gisco/geodata/statistical-units/territorial-units-statistics","true","Source: European Commission – Eurostat/GISCO; administrative boundaries: © EuroGeographics.","false","待确认：拟以 GISCO NUTS 2024 官方几何与元数据为基准，复核要素数、NUTS code、几何有效性、共享边界、重叠与缝隙。","false","not_started","","not_started","0","0","0","0","0","0","0","0","0","0","not_started","false","not_started","false","false","false","false","false","false","false","false","false","false","0","false","false","false","false","false","false","not_ready_for_public_display","false","true","true","false","true","true","false","true","false","false","false","false","false","true","待接入","v0.11 仅保留区域观测值结构；尚未接入具体 ADM1/NUTS3 区域统计表、来源链接和数值。","区域边界尚未接入几何文件；当前仅完成来源或占位登记。 区域统计观测值尚未接入；保留结构化待接入状态，不填 0，不进入地图图层或区域比较。 尚未接入可点击的区域统计来源链接。","2026-08-02"
"poland_opole_regional_gdp_2025_quality_check","poland_opole","poland","ADM1","regional_gdp","2025","false","true","false","true","European Commission / Eurostat GISCO geodata and NUTS usage conditions","https://ec.europa.eu/eurostat/web/gisco/geodata/statistical-units/territorial-units-statistics","true","Source: European Commission – Eurostat/GISCO; administrative boundaries: © EuroGeographics.","false","待确认：拟以 GISCO NUTS 2024 官方几何与元数据为基准，复核要素数、NUTS code、几何有效性、共享边界、重叠与缝隙。","false","not_started","","not_started","0","0","0","0","0","0","0","0","0","0","not_started","false","not_started","false","false","false","false","false","false","false","false","false","false","0","false","false","false","false","false","false","not_ready_for_public_display","false","true","true","false","true","true","false","true","false","false","false","false","false","true","待接入","v0.11 仅保留区域观测值结构；尚未接入具体 ADM1/NUTS3 区域统计表、来源链接和数值。","区域边界尚未接入几何文件；当前仅完成来源或占位登记。 区域统计观测值尚未接入；保留结构化待接入状态，不填 0，不进入地图图层或区域比较。 尚未接入可点击的区域统计来源链接。","2026-08-02"
"poland_opole_regional_gdp_per_capita_2025_quality_check","poland_opole","poland","ADM1","regional_gdp_per_capita","2025","false","true","false","true","European Commission / Eurostat GISCO geodata and NUTS usage conditions","https://ec.europa.eu/eurostat/web/gisco/geodata/statistical-units/territorial-units-statistics","true","Source: European Commission – Eurostat/GISCO; administrative boundaries: © EuroGeographics.","false","待确认：拟以 GISCO NUTS 2024 官方几何与元数据为基准，复核要素数、NUTS code、几何有效性、共享边界、重叠与缝隙。","false","not_started","","not_started","0","0","0","0","0","0","0","0","0","0","not_started","false","not_started","false","false","false","false","false","false","false","false","false","false","0","false","false","false","false","false","false","not_ready_for_public_display","false","true","true","false","true","true","false","true","true","false","false","false","false","true","待接入","v0.11 仅保留区域观测值结构；尚未接入具体 ADM1/NUTS3 区域统计表、来源链接和数值。","区域边界尚未接入几何文件；当前仅完成来源或占位登记。 区域统计观测值尚未接入；保留结构化待接入状态，不填 0，不进入地图图层或区域比较。 尚未接入可点击的区域统计来源链接。","2026-08-02"
"poland_opole_regional_unemployment_rate_2025_quality_check","poland_opole","poland","ADM1","regional_unemployment_rate","2025","false","true","false","true","European Commission / Eurostat GISCO geodata and NUTS usage conditions","https://ec.europa.eu/eurostat/web/gisco/geodata/statistical-units/territorial-units-statistics","true","Source: European Commission – Eurostat/GISCO; administrative boundaries: © EuroGeographics.","false","待确认：拟以 GISCO NUTS 2024 官方几何与元数据为基准，复核要素数、NUTS code、几何有效性、共享边界、重叠与缝隙。","false","not_started","","not_started","0","0","0","0","0","0","0","0","0","0","not_started","false","not_started","false","false","false","false","false","false","false","false","false","false","0","false","false","false","false","false","false","not_ready_for_public_display","false","true","true","false","true","true","false","true","false","false","false","false","false","true","待接入","v0.11 仅保留区域观测值结构；尚未接入具体 ADM1/NUTS3 区域统计表、来源链接和数值。","区域边界尚未接入几何文件；当前仅完成来源或占位登记。 区域统计观测值尚未接入；保留结构化待接入状态，不填 0，不进入地图图层或区域比较。 尚未接入可点击的区域统计来源链接。","2026-08-02"
"poland_opole_regional_manufacturing_share_2025_quality_check","poland_opole","poland","ADM1","regional_manufacturing_share","2025","false","true","false","true","European Commission / Eurostat GISCO geodata and NUTS usage conditions","https://ec.europa.eu/eurostat/web/gisco/geodata/statistical-units/territorial-units-statistics","true","Source: European Commission – Eurostat/GISCO; administrative boundaries: © EuroGeographics.","false","待确认：拟以 GISCO NUTS 2024 官方几何与元数据为基准，复核要素数、NUTS code、几何有效性、共享边界、重叠与缝隙。","false","not_started","","not_started","0","0","0","0","0","0","0","0","0","0","not_started","false","not_started","false","false","false","false","false","false","false","false","false","false","0","false","false","false","false","false","false","not_ready_for_public_display","false","true","true","false","true","true","false","true","true","false","false","false","false","true","待接入","v0.11 仅保留区域观测值结构；尚未接入具体 ADM1/NUTS3 区域统计表、来源链接和数值。","区域边界尚未接入几何文件；当前仅完成来源或占位登记。 区域统计观测值尚未接入；保留结构化待接入状态，不填 0，不进入地图图层或区域比较。 尚未接入可点击的区域统计来源链接。","2026-08-02"
"poland_subcarpathian_regional_population_2025_quality_check","poland_subcarpathian","poland","ADM1","regional_population","2025","false","true","false","true","European Commission / Eurostat GISCO geodata and NUTS usage conditions","https://ec.europa.eu/eurostat/web/gisco/geodata/statistical-units/territorial-units-statistics","true","Source: European Commission – Eurostat/GISCO; administrative boundaries: © EuroGeographics.","false","待确认：拟以 GISCO NUTS 2024 官方几何与元数据为基准，复核要素数、NUTS code、几何有效性、共享边界、重叠与缝隙。","false","not_started","","not_started","0","0","0","0","0","0","0","0","0","0","not_started","false","not_started","false","false","false","false","false","false","false","false","false","false","0","false","false","false","false","false","false","not_ready_for_public_display","false","true","true","false","true","true","false","true","false","false","false","false","false","true","待接入","v0.11 仅保留区域观测值结构；尚未接入具体 ADM1/NUTS3 区域统计表、来源链接和数值。","区域边界尚未接入几何文件；当前仅完成来源或占位登记。 区域统计观测值尚未接入；保留结构化待接入状态，不填 0，不进入地图图层或区域比较。 尚未接入可点击的区域统计来源链接。","2026-08-02"
"poland_subcarpathian_regional_gdp_2025_quality_check","poland_subcarpathian","poland","ADM1","regional_gdp","2025","false","true","false","true","European Commission / Eurostat GISCO geodata and NUTS usage conditions","https://ec.europa.eu/eurostat/web/gisco/geodata/statistical-units/territorial-units-statistics","true","Source: European Commission – Eurostat/GISCO; administrative boundaries: © EuroGeographics.","false","待确认：拟以 GISCO NUTS 2024 官方几何与元数据为基准，复核要素数、NUTS code、几何有效性、共享边界、重叠与缝隙。","false","not_started","","not_started","0","0","0","0","0","0","0","0","0","0","not_started","false","not_started","false","false","false","false","false","false","false","false","false","false","0","false","false","false","false","false","false","not_ready_for_public_display","false","true","true","false","true","true","false","true","false","false","false","false","false","true","待接入","v0.11 仅保留区域观测值结构；尚未接入具体 ADM1/NUTS3 区域统计表、来源链接和数值。","区域边界尚未接入几何文件；当前仅完成来源或占位登记。 区域统计观测值尚未接入；保留结构化待接入状态，不填 0，不进入地图图层或区域比较。 尚未接入可点击的区域统计来源链接。","2026-08-02"
"poland_subcarpathian_regional_gdp_per_capita_2025_quality_check","poland_subcarpathian","poland","ADM1","regional_gdp_per_capita","2025","false","true","false","true","European Commission / Eurostat GISCO geodata and NUTS usage conditions","https://ec.europa.eu/eurostat/web/gisco/geodata/statistical-units/territorial-units-statistics","true","Source: European Commission – Eurostat/GISCO; administrative boundaries: © EuroGeographics.","false","待确认：拟以 GISCO NUTS 2024 官方几何与元数据为基准，复核要素数、NUTS code、几何有效性、共享边界、重叠与缝隙。","false","not_started","","not_started","0","0","0","0","0","0","0","0","0","0","not_started","false","not_started","false","false","false","false","false","false","false","false","false","false","0","false","false","false","false","false","false","not_ready_for_public_display","false","true","true","false","true","true","false","true","true","false","false","false","false","true","待接入","v0.11 仅保留区域观测值结构；尚未接入具体 ADM1/NUTS3 区域统计表、来源链接和数值。","区域边界尚未接入几何文件；当前仅完成来源或占位登记。 区域统计观测值尚未接入；保留结构化待接入状态，不填 0，不进入地图图层或区域比较。 尚未接入可点击的区域统计来源链接。","2026-08-02"
"poland_subcarpathian_regional_unemployment_rate_2025_quality_check","poland_subcarpathian","poland","ADM1","regional_unemployment_rate","2025","false","true","false","true","European Commission / Eurostat GISCO geodata and NUTS usage conditions","https://ec.europa.eu/eurostat/web/gisco/geodata/statistical-units/territorial-units-statistics","true","Source: European Commission – Eurostat/GISCO; administrative boundaries: © EuroGeographics.","false","待确认：拟以 GISCO NUTS 2024 官方几何与元数据为基准，复核要素数、NUTS code、几何有效性、共享边界、重叠与缝隙。","false","not_started","","not_started","0","0","0","0","0","0","0","0","0","0","not_started","false","not_started","false","false","false","false","false","false","false","false","false","false","0","false","false","false","false","false","false","not_ready_for_public_display","false","true","true","false","true","true","false","true","false","false","false","false","false","true","待接入","v0.11 仅保留区域观测值结构；尚未接入具体 ADM1/NUTS3 区域统计表、来源链接和数值。","区域边界尚未接入几何文件；当前仅完成来源或占位登记。 区域统计观测值尚未接入；保留结构化待接入状态，不填 0，不进入地图图层或区域比较。 尚未接入可点击的区域统计来源链接。","2026-08-02"
"poland_subcarpathian_regional_manufacturing_share_2025_quality_check","poland_subcarpathian","poland","ADM1","regional_manufacturing_share","2025","false","true","false","true","European Commission / Eurostat GISCO geodata and NUTS usage conditions","https://ec.europa.eu/eurostat/web/gisco/geodata/statistical-units/territorial-units-statistics","true","Source: European Commission – Eurostat/GISCO; administrative boundaries: © EuroGeographics.","false","待确认：拟以 GISCO NUTS 2024 官方几何与元数据为基准，复核要素数、NUTS code、几何有效性、共享边界、重叠与缝隙。","false","not_started","","not_started","0","0","0","0","0","0","0","0","0","0","not_started","false","not_started","false","false","false","false","false","false","false","false","false","false","0","false","false","false","false","false","false","not_ready_for_public_display","false","true","true","false","true","true","false","true","true","false","false","false","false","true","待接入","v0.11 仅保留区域观测值结构；尚未接入具体 ADM1/NUTS3 区域统计表、来源链接和数值。","区域边界尚未接入几何文件；当前仅完成来源或占位登记。 区域统计观测值尚未接入；保留结构化待接入状态，不填 0，不进入地图图层或区域比较。 尚未接入可点击的区域统计来源链接。","2026-08-02"
"poland_podlaskie_regional_population_2025_quality_check","poland_podlaskie","poland","ADM1","regional_population","2025","false","true","false","true","European Commission / Eurostat GISCO geodata and NUTS usage conditions","https://ec.europa.eu/eurostat/web/gisco/geodata/statistical-units/territorial-units-statistics","true","Source: European Commission – Eurostat/GISCO; administrative boundaries: © EuroGeographics.","false","待确认：拟以 GISCO NUTS 2024 官方几何与元数据为基准，复核要素数、NUTS code、几何有效性、共享边界、重叠与缝隙。","false","not_started","","not_started","0","0","0","0","0","0","0","0","0","0","not_started","false","not_started","false","false","false","false","false","false","false","false","false","false","0","false","false","false","false","false","false","not_ready_for_public_display","false","true","true","false","true","true","false","true","false","false","false","false","false","true","待接入","v0.11 仅保留区域观测值结构；尚未接入具体 ADM1/NUTS3 区域统计表、来源链接和数值。","区域边界尚未接入几何文件；当前仅完成来源或占位登记。 区域统计观测值尚未接入；保留结构化待接入状态，不填 0，不进入地图图层或区域比较。 尚未接入可点击的区域统计来源链接。","2026-08-02"
"poland_podlaskie_regional_gdp_2025_quality_check","poland_podlaskie","poland","ADM1","regional_gdp","2025","false","true","false","true","European Commission / Eurostat GISCO geodata and NUTS usage conditions","https://ec.europa.eu/eurostat/web/gisco/geodata/statistical-units/territorial-units-statistics","true","Source: European Commission – Eurostat/GISCO; administrative boundaries: © EuroGeographics.","false","待确认：拟以 GISCO NUTS 2024 官方几何与元数据为基准，复核要素数、NUTS code、几何有效性、共享边界、重叠与缝隙。","false","not_started","","not_started","0","0","0","0","0","0","0","0","0","0","not_started","false","not_started","false","false","false","false","false","false","false","false","false","false","0","false","false","false","false","false","false","not_ready_for_public_display","false","true","true","false","true","true","false","true","false","false","false","false","false","true","待接入","v0.11 仅保留区域观测值结构；尚未接入具体 ADM1/NUTS3 区域统计表、来源链接和数值。","区域边界尚未接入几何文件；当前仅完成来源或占位登记。 区域统计观测值尚未接入；保留结构化待接入状态，不填 0，不进入地图图层或区域比较。 尚未接入可点击的区域统计来源链接。","2026-08-02"
"poland_podlaskie_regional_gdp_per_capita_2025_quality_check","poland_podlaskie","poland","ADM1","regional_gdp_per_capita","2025","false","true","false","true","European Commission / Eurostat GISCO geodata and NUTS usage conditions","https://ec.europa.eu/eurostat/web/gisco/geodata/statistical-units/territorial-units-statistics","true","Source: European Commission – Eurostat/GISCO; administrative boundaries: © EuroGeographics.","false","待确认：拟以 GISCO NUTS 2024 官方几何与元数据为基准，复核要素数、NUTS code、几何有效性、共享边界、重叠与缝隙。","false","not_started","","not_started","0","0","0","0","0","0","0","0","0","0","not_started","false","not_started","false","false","false","false","false","false","false","false","false","false","0","false","false","false","false","false","false","not_ready_for_public_display","false","true","true","false","true","true","false","true","true","false","false","false","false","true","待接入","v0.11 仅保留区域观测值结构；尚未接入具体 ADM1/NUTS3 区域统计表、来源链接和数值。","区域边界尚未接入几何文件；当前仅完成来源或占位登记。 区域统计观测值尚未接入；保留结构化待接入状态，不填 0，不进入地图图层或区域比较。 尚未接入可点击的区域统计来源链接。","2026-08-02"
"poland_podlaskie_regional_unemployment_rate_2025_quality_check","poland_podlaskie","poland","ADM1","regional_unemployment_rate","2025","false","true","false","true","European Commission / Eurostat GISCO geodata and NUTS usage conditions","https://ec.europa.eu/eurostat/web/gisco/geodata/statistical-units/territorial-units-statistics","true","Source: European Commission – Eurostat/GISCO; administrative boundaries: © EuroGeographics.","false","待确认：拟以 GISCO NUTS 2024 官方几何与元数据为基准，复核要素数、NUTS code、几何有效性、共享边界、重叠与缝隙。","false","not_started","","not_started","0","0","0","0","0","0","0","0","0","0","not_started","false","not_started","false","false","false","false","false","false","false","false","false","false","0","false","false","false","false","false","false","not_ready_for_public_display","false","true","true","false","true","true","false","true","false","false","false","false","false","true","待接入","v0.11 仅保留区域观测值结构；尚未接入具体 ADM1/NUTS3 区域统计表、来源链接和数值。","区域边界尚未接入几何文件；当前仅完成来源或占位登记。 区域统计观测值尚未接入；保留结构化待接入状态，不填 0，不进入地图图层或区域比较。 尚未接入可点击的区域统计来源链接。","2026-08-02"
"poland_podlaskie_regional_manufacturing_share_2025_quality_check","poland_podlaskie","poland","ADM1","regional_manufacturing_share","2025","false","true","false","true","European Commission / Eurostat GISCO geodata and NUTS usage conditions","https://ec.europa.eu/eurostat/web/gisco/geodata/statistical-units/territorial-units-statistics","true","Source: European Commission – Eurostat/GISCO; administrative boundaries: © EuroGeographics.","false","待确认：拟以 GISCO NUTS 2024 官方几何与元数据为基准，复核要素数、NUTS code、几何有效性、共享边界、重叠与缝隙。","false","not_started","","not_started","0","0","0","0","0","0","0","0","0","0","not_started","false","not_started","false","false","false","false","false","false","false","false","false","false","0","false","false","false","false","false","false","not_ready_for_public_display","false","true","true","false","true","true","false","true","true","false","false","false","false","true","待接入","v0.11 仅保留区域观测值结构；尚未接入具体 ADM1/NUTS3 区域统计表、来源链接和数值。","区域边界尚未接入几何文件；当前仅完成来源或占位登记。 区域统计观测值尚未接入；保留结构化待接入状态，不填 0，不进入地图图层或区域比较。 尚未接入可点击的区域统计来源链接。","2026-08-02"
"poland_pomeranian_regional_population_2025_quality_check","poland_pomeranian","poland","ADM1","regional_population","2025","false","true","false","true","European Commission / Eurostat GISCO geodata and NUTS usage conditions","https://ec.europa.eu/eurostat/web/gisco/geodata/statistical-units/territorial-units-statistics","true","Source: European Commission – Eurostat/GISCO; administrative boundaries: © EuroGeographics.","false","待确认：拟以 GISCO NUTS 2024 官方几何与元数据为基准，复核要素数、NUTS code、几何有效性、共享边界、重叠与缝隙。","false","not_started","","not_started","0","0","0","0","0","0","0","0","0","0","not_started","false","not_started","false","false","false","false","false","false","false","false","false","false","0","false","false","false","false","false","false","not_ready_for_public_display","false","true","true","false","true","true","false","true","false","false","false","false","false","true","待接入","v0.11 仅保留区域观测值结构；尚未接入具体 ADM1/NUTS3 区域统计表、来源链接和数值。","区域边界尚未接入几何文件；当前仅完成来源或占位登记。 区域统计观测值尚未接入；保留结构化待接入状态，不填 0，不进入地图图层或区域比较。 尚未接入可点击的区域统计来源链接。","2026-08-02"
"poland_pomeranian_regional_gdp_2025_quality_check","poland_pomeranian","poland","ADM1","regional_gdp","2025","false","true","false","true","European Commission / Eurostat GISCO geodata and NUTS usage conditions","https://ec.europa.eu/eurostat/web/gisco/geodata/statistical-units/territorial-units-statistics","true","Source: European Commission – Eurostat/GISCO; administrative boundaries: © EuroGeographics.","false","待确认：拟以 GISCO NUTS 2024 官方几何与元数据为基准，复核要素数、NUTS code、几何有效性、共享边界、重叠与缝隙。","false","not_started","","not_started","0","0","0","0","0","0","0","0","0","0","not_started","false","not_started","false","false","false","false","false","false","false","false","false","false","0","false","false","false","false","false","false","not_ready_for_public_display","false","true","true","false","true","true","false","true","false","false","false","false","false","true","待接入","v0.11 仅保留区域观测值结构；尚未接入具体 ADM1/NUTS3 区域统计表、来源链接和数值。","区域边界尚未接入几何文件；当前仅完成来源或占位登记。 区域统计观测值尚未接入；保留结构化待接入状态，不填 0，不进入地图图层或区域比较。 尚未接入可点击的区域统计来源链接。","2026-08-02"
"poland_pomeranian_regional_gdp_per_capita_2025_quality_check","poland_pomeranian","poland","ADM1","regional_gdp_per_capita","2025","false","true","false","true","European Commission / Eurostat GISCO geodata and NUTS usage conditions","https://ec.europa.eu/eurostat/web/gisco/geodata/statistical-units/territorial-units-statistics","true","Source: European Commission – Eurostat/GISCO; administrative boundaries: © EuroGeographics.","false","待确认：拟以 GISCO NUTS 2024 官方几何与元数据为基准，复核要素数、NUTS code、几何有效性、共享边界、重叠与缝隙。","false","not_started","","not_started","0","0","0","0","0","0","0","0","0","0","not_started","false","not_started","false","false","false","false","false","false","false","false","false","false","0","false","false","false","false","false","false","not_ready_for_public_display","false","true","true","false","true","true","false","true","true","false","false","false","false","true","待接入","v0.11 仅保留区域观测值结构；尚未接入具体 ADM1/NUTS3 区域统计表、来源链接和数值。","区域边界尚未接入几何文件；当前仅完成来源或占位登记。 区域统计观测值尚未接入；保留结构化待接入状态，不填 0，不进入地图图层或区域比较。 尚未接入可点击的区域统计来源链接。","2026-08-02"
"poland_pomeranian_regional_unemployment_rate_2025_quality_check","poland_pomeranian","poland","ADM1","regional_unemployment_rate","2025","false","true","false","true","European Commission / Eurostat GISCO geodata and NUTS usage conditions","https://ec.europa.eu/eurostat/web/gisco/geodata/statistical-units/territorial-units-statistics","true","Source: European Commission – Eurostat/GISCO; administrative boundaries: © EuroGeographics.","false","待确认：拟以 GISCO NUTS 2024 官方几何与元数据为基准，复核要素数、NUTS code、几何有效性、共享边界、重叠与缝隙。","false","not_started","","not_started","0","0","0","0","0","0","0","0","0","0","not_started","false","not_started","false","false","false","false","false","false","false","false","false","false","0","false","false","false","false","false","false","not_ready_for_public_display","false","true","true","false","true","true","false","true","false","false","false","false","false","true","待接入","v0.11 仅保留区域观测值结构；尚未接入具体 ADM1/NUTS3 区域统计表、来源链接和数值。","区域边界尚未接入几何文件；当前仅完成来源或占位登记。 区域统计观测值尚未接入；保留结构化待接入状态，不填 0，不进入地图图层或区域比较。 尚未接入可点击的区域统计来源链接。","2026-08-02"
"poland_pomeranian_regional_manufacturing_share_2025_quality_check","poland_pomeranian","poland","ADM1","regional_manufacturing_share","2025","false","true","false","true","European Commission / Eurostat GISCO geodata and NUTS usage conditions","https://ec.europa.eu/eurostat/web/gisco/geodata/statistical-units/territorial-units-statistics","true","Source: European Commission – Eurostat/GISCO; administrative boundaries: © EuroGeographics.","false","待确认：拟以 GISCO NUTS 2024 官方几何与元数据为基准，复核要素数、NUTS code、几何有效性、共享边界、重叠与缝隙。","false","not_started","","not_started","0","0","0","0","0","0","0","0","0","0","not_started","false","not_started","false","false","false","false","false","false","false","false","false","false","0","false","false","false","false","false","false","not_ready_for_public_display","false","true","true","false","true","true","false","true","true","false","false","false","false","true","待接入","v0.11 仅保留区域观测值结构；尚未接入具体 ADM1/NUTS3 区域统计表、来源链接和数值。","区域边界尚未接入几何文件；当前仅完成来源或占位登记。 区域统计观测值尚未接入；保留结构化待接入状态，不填 0，不进入地图图层或区域比较。 尚未接入可点击的区域统计来源链接。","2026-08-02"
"poland_silesian_regional_population_2025_quality_check","poland_silesian","poland","ADM1","regional_population","2025","false","true","false","true","European Commission / Eurostat GISCO geodata and NUTS usage conditions","https://ec.europa.eu/eurostat/web/gisco/geodata/statistical-units/territorial-units-statistics","true","Source: European Commission – Eurostat/GISCO; administrative boundaries: © EuroGeographics.","false","待确认：拟以 GISCO NUTS 2024 官方几何与元数据为基准，复核要素数、NUTS code、几何有效性、共享边界、重叠与缝隙。","false","not_started","","not_started","0","0","0","0","0","0","0","0","0","0","not_started","false","not_started","false","false","false","false","false","false","false","false","false","false","0","false","false","false","false","false","false","not_ready_for_public_display","false","true","true","false","true","true","false","true","false","false","false","false","false","true","待接入","v0.11 仅保留区域观测值结构；尚未接入具体 ADM1/NUTS3 区域统计表、来源链接和数值。","区域边界尚未接入几何文件；当前仅完成来源或占位登记。 区域统计观测值尚未接入；保留结构化待接入状态，不填 0，不进入地图图层或区域比较。 尚未接入可点击的区域统计来源链接。","2026-08-02"
"poland_silesian_regional_gdp_2025_quality_check","poland_silesian","poland","ADM1","regional_gdp","2025","false","true","false","true","European Commission / Eurostat GISCO geodata and NUTS usage conditions","https://ec.europa.eu/eurostat/web/gisco/geodata/statistical-units/territorial-units-statistics","true","Source: European Commission – Eurostat/GISCO; administrative boundaries: © EuroGeographics.","false","待确认：拟以 GISCO NUTS 2024 官方几何与元数据为基准，复核要素数、NUTS code、几何有效性、共享边界、重叠与缝隙。","false","not_started","","not_started","0","0","0","0","0","0","0","0","0","0","not_started","false","not_started","false","false","false","false","false","false","false","false","false","false","0","false","false","false","false","false","false","not_ready_for_public_display","false","true","true","false","true","true","false","true","false","false","false","false","false","true","待接入","v0.11 仅保留区域观测值结构；尚未接入具体 ADM1/NUTS3 区域统计表、来源链接和数值。","区域边界尚未接入几何文件；当前仅完成来源或占位登记。 区域统计观测值尚未接入；保留结构化待接入状态，不填 0，不进入地图图层或区域比较。 尚未接入可点击的区域统计来源链接。","2026-08-02"
"poland_silesian_regional_gdp_per_capita_2025_quality_check","poland_silesian","poland","ADM1","regional_gdp_per_capita","2025","false","true","false","true","European Commission / Eurostat GISCO geodata and NUTS usage conditions","https://ec.europa.eu/eurostat/web/gisco/geodata/statistical-units/territorial-units-statistics","true","Source: European Commission – Eurostat/GISCO; administrative boundaries: © EuroGeographics.","false","待确认：拟以 GISCO NUTS 2024 官方几何与元数据为基准，复核要素数、NUTS code、几何有效性、共享边界、重叠与缝隙。","false","not_started","","not_started","0","0","0","0","0","0","0","0","0","0","not_started","false","not_started","false","false","false","false","false","false","false","false","false","false","0","false","false","false","false","false","false","not_ready_for_public_display","false","true","true","false","true","true","false","true","true","false","false","false","false","true","待接入","v0.11 仅保留区域观测值结构；尚未接入具体 ADM1/NUTS3 区域统计表、来源链接和数值。","区域边界尚未接入几何文件；当前仅完成来源或占位登记。 区域统计观测值尚未接入；保留结构化待接入状态，不填 0，不进入地图图层或区域比较。 尚未接入可点击的区域统计来源链接。","2026-08-02"
"poland_silesian_regional_unemployment_rate_2025_quality_check","poland_silesian","poland","ADM1","regional_unemployment_rate","2025","false","true","false","true","European Commission / Eurostat GISCO geodata and NUTS usage conditions","https://ec.europa.eu/eurostat/web/gisco/geodata/statistical-units/territorial-units-statistics","true","Source: European Commission – Eurostat/GISCO; administrative boundaries: © EuroGeographics.","false","待确认：拟以 GISCO NUTS 2024 官方几何与元数据为基准，复核要素数、NUTS code、几何有效性、共享边界、重叠与缝隙。","false","not_started","","not_started","0","0","0","0","0","0","0","0","0","0","not_started","false","not_started","false","false","false","false","false","false","false","false","false","false","0","false","false","false","false","false","false","not_ready_for_public_display","false","true","true","false","true","true","false","true","false","false","false","false","false","true","待接入","v0.11 仅保留区域观测值结构；尚未接入具体 ADM1/NUTS3 区域统计表、来源链接和数值。","区域边界尚未接入几何文件；当前仅完成来源或占位登记。 区域统计观测值尚未接入；保留结构化待接入状态，不填 0，不进入地图图层或区域比较。 尚未接入可点击的区域统计来源链接。","2026-08-02"
"poland_silesian_regional_manufacturing_share_2025_quality_check","poland_silesian","poland","ADM1","regional_manufacturing_share","2025","false","true","false","true","European Commission / Eurostat GISCO geodata and NUTS usage conditions","https://ec.europa.eu/eurostat/web/gisco/geodata/statistical-units/territorial-units-statistics","true","Source: European Commission – Eurostat/GISCO; administrative boundaries: © EuroGeographics.","false","待确认：拟以 GISCO NUTS 2024 官方几何与元数据为基准，复核要素数、NUTS code、几何有效性、共享边界、重叠与缝隙。","false","not_started","","not_started","0","0","0","0","0","0","0","0","0","0","not_started","false","not_started","false","false","false","false","false","false","false","false","false","false","0","false","false","false","false","false","false","not_ready_for_public_display","false","true","true","false","true","true","false","true","true","false","false","false","false","true","待接入","v0.11 仅保留区域观测值结构；尚未接入具体 ADM1/NUTS3 区域统计表、来源链接和数值。","区域边界尚未接入几何文件；当前仅完成来源或占位登记。 区域统计观测值尚未接入；保留结构化待接入状态，不填 0，不进入地图图层或区域比较。 尚未接入可点击的区域统计来源链接。","2026-08-02"
"poland_swietokrzyskie_regional_population_2025_quality_check","poland_swietokrzyskie","poland","ADM1","regional_population","2025","false","true","false","true","European Commission / Eurostat GISCO geodata and NUTS usage conditions","https://ec.europa.eu/eurostat/web/gisco/geodata/statistical-units/territorial-units-statistics","true","Source: European Commission – Eurostat/GISCO; administrative boundaries: © EuroGeographics.","false","待确认：拟以 GISCO NUTS 2024 官方几何与元数据为基准，复核要素数、NUTS code、几何有效性、共享边界、重叠与缝隙。","false","not_started","","not_started","0","0","0","0","0","0","0","0","0","0","not_started","false","not_started","false","false","false","false","false","false","false","false","false","false","0","false","false","false","false","false","false","not_ready_for_public_display","false","true","true","false","true","true","false","true","false","false","false","false","false","true","待接入","v0.11 仅保留区域观测值结构；尚未接入具体 ADM1/NUTS3 区域统计表、来源链接和数值。","区域边界尚未接入几何文件；当前仅完成来源或占位登记。 区域统计观测值尚未接入；保留结构化待接入状态，不填 0，不进入地图图层或区域比较。 尚未接入可点击的区域统计来源链接。","2026-08-02"
"poland_swietokrzyskie_regional_gdp_2025_quality_check","poland_swietokrzyskie","poland","ADM1","regional_gdp","2025","false","true","false","true","European Commission / Eurostat GISCO geodata and NUTS usage conditions","https://ec.europa.eu/eurostat/web/gisco/geodata/statistical-units/territorial-units-statistics","true","Source: European Commission – Eurostat/GISCO; administrative boundaries: © EuroGeographics.","false","待确认：拟以 GISCO NUTS 2024 官方几何与元数据为基准，复核要素数、NUTS code、几何有效性、共享边界、重叠与缝隙。","false","not_started","","not_started","0","0","0","0","0","0","0","0","0","0","not_started","false","not_started","false","false","false","false","false","false","false","false","false","false","0","false","false","false","false","false","false","not_ready_for_public_display","false","true","true","false","true","true","false","true","false","false","false","false","false","true","待接入","v0.11 仅保留区域观测值结构；尚未接入具体 ADM1/NUTS3 区域统计表、来源链接和数值。","区域边界尚未接入几何文件；当前仅完成来源或占位登记。 区域统计观测值尚未接入；保留结构化待接入状态，不填 0，不进入地图图层或区域比较。 尚未接入可点击的区域统计来源链接。","2026-08-02"
"poland_swietokrzyskie_regional_gdp_per_capita_2025_quality_check","poland_swietokrzyskie","poland","ADM1","regional_gdp_per_capita","2025","false","true","false","true","European Commission / Eurostat GISCO geodata and NUTS usage conditions","https://ec.europa.eu/eurostat/web/gisco/geodata/statistical-units/territorial-units-statistics","true","Source: European Commission – Eurostat/GISCO; administrative boundaries: © EuroGeographics.","false","待确认：拟以 GISCO NUTS 2024 官方几何与元数据为基准，复核要素数、NUTS code、几何有效性、共享边界、重叠与缝隙。","false","not_started","","not_started","0","0","0","0","0","0","0","0","0","0","not_started","false","not_started","false","false","false","false","false","false","false","false","false","false","0","false","false","false","false","false","false","not_ready_for_public_display","false","true","true","false","true","true","false","true","true","false","false","false","false","true","待接入","v0.11 仅保留区域观测值结构；尚未接入具体 ADM1/NUTS3 区域统计表、来源链接和数值。","区域边界尚未接入几何文件；当前仅完成来源或占位登记。 区域统计观测值尚未接入；保留结构化待接入状态，不填 0，不进入地图图层或区域比较。 尚未接入可点击的区域统计来源链接。","2026-08-02"
"poland_swietokrzyskie_regional_unemployment_rate_2025_quality_check","poland_swietokrzyskie","poland","ADM1","regional_unemployment_rate","2025","false","true","false","true","European Commission / Eurostat GISCO geodata and NUTS usage conditions","https://ec.europa.eu/eurostat/web/gisco/geodata/statistical-units/territorial-units-statistics","true","Source: European Commission – Eurostat/GISCO; administrative boundaries: © EuroGeographics.","false","待确认：拟以 GISCO NUTS 2024 官方几何与元数据为基准，复核要素数、NUTS code、几何有效性、共享边界、重叠与缝隙。","false","not_started","","not_started","0","0","0","0","0","0","0","0","0","0","not_started","false","not_started","false","false","false","false","false","false","false","false","false","false","0","false","false","false","false","false","false","not_ready_for_public_display","false","true","true","false","true","true","false","true","false","false","false","false","false","true","待接入","v0.11 仅保留区域观测值结构；尚未接入具体 ADM1/NUTS3 区域统计表、来源链接和数值。","区域边界尚未接入几何文件；当前仅完成来源或占位登记。 区域统计观测值尚未接入；保留结构化待接入状态，不填 0，不进入地图图层或区域比较。 尚未接入可点击的区域统计来源链接。","2026-08-02"
"poland_swietokrzyskie_regional_manufacturing_share_2025_quality_check","poland_swietokrzyskie","poland","ADM1","regional_manufacturing_share","2025","false","true","false","true","European Commission / Eurostat GISCO geodata and NUTS usage conditions","https://ec.europa.eu/eurostat/web/gisco/geodata/statistical-units/territorial-units-statistics","true","Source: European Commission – Eurostat/GISCO; administrative boundaries: © EuroGeographics.","false","待确认：拟以 GISCO NUTS 2024 官方几何与元数据为基准，复核要素数、NUTS code、几何有效性、共享边界、重叠与缝隙。","false","not_started","","not_started","0","0","0","0","0","0","0","0","0","0","not_started","false","not_started","false","false","false","false","false","false","false","false","false","false","0","false","false","false","false","false","false","not_ready_for_public_display","false","true","true","false","true","true","false","true","true","false","false","false","false","true","待接入","v0.11 仅保留区域观测值结构；尚未接入具体 ADM1/NUTS3 区域统计表、来源链接和数值。","区域边界尚未接入几何文件；当前仅完成来源或占位登记。 区域统计观测值尚未接入；保留结构化待接入状态，不填 0，不进入地图图层或区域比较。 尚未接入可点击的区域统计来源链接。","2026-08-02"
"poland_warmian_masurian_regional_population_2025_quality_check","poland_warmian_masurian","poland","ADM1","regional_population","2025","false","true","false","true","European Commission / Eurostat GISCO geodata and NUTS usage conditions","https://ec.europa.eu/eurostat/web/gisco/geodata/statistical-units/territorial-units-statistics","true","Source: European Commission – Eurostat/GISCO; administrative boundaries: © EuroGeographics.","false","待确认：拟以 GISCO NUTS 2024 官方几何与元数据为基准，复核要素数、NUTS code、几何有效性、共享边界、重叠与缝隙。","false","not_started","","not_started","0","0","0","0","0","0","0","0","0","0","not_started","false","not_started","false","false","false","false","false","false","false","false","false","false","0","false","false","false","false","false","false","not_ready_for_public_display","false","true","true","false","true","true","false","true","false","false","false","false","false","true","待接入","v0.11 仅保留区域观测值结构；尚未接入具体 ADM1/NUTS3 区域统计表、来源链接和数值。","区域边界尚未接入几何文件；当前仅完成来源或占位登记。 区域统计观测值尚未接入；保留结构化待接入状态，不填 0，不进入地图图层或区域比较。 尚未接入可点击的区域统计来源链接。","2026-08-02"
"poland_warmian_masurian_regional_gdp_2025_quality_check","poland_warmian_masurian","poland","ADM1","regional_gdp","2025","false","true","false","true","European Commission / Eurostat GISCO geodata and NUTS usage conditions","https://ec.europa.eu/eurostat/web/gisco/geodata/statistical-units/territorial-units-statistics","true","Source: European Commission – Eurostat/GISCO; administrative boundaries: © EuroGeographics.","false","待确认：拟以 GISCO NUTS 2024 官方几何与元数据为基准，复核要素数、NUTS code、几何有效性、共享边界、重叠与缝隙。","false","not_started","","not_started","0","0","0","0","0","0","0","0","0","0","not_started","false","not_started","false","false","false","false","false","false","false","false","false","false","0","false","false","false","false","false","false","not_ready_for_public_display","false","true","true","false","true","true","false","true","false","false","false","false","false","true","待接入","v0.11 仅保留区域观测值结构；尚未接入具体 ADM1/NUTS3 区域统计表、来源链接和数值。","区域边界尚未接入几何文件；当前仅完成来源或占位登记。 区域统计观测值尚未接入；保留结构化待接入状态，不填 0，不进入地图图层或区域比较。 尚未接入可点击的区域统计来源链接。","2026-08-02"
"poland_warmian_masurian_regional_gdp_per_capita_2025_quality_check","poland_warmian_masurian","poland","ADM1","regional_gdp_per_capita","2025","false","true","false","true","European Commission / Eurostat GISCO geodata and NUTS usage conditions","https://ec.europa.eu/eurostat/web/gisco/geodata/statistical-units/territorial-units-statistics","true","Source: European Commission – Eurostat/GISCO; administrative boundaries: © EuroGeographics.","false","待确认：拟以 GISCO NUTS 2024 官方几何与元数据为基准，复核要素数、NUTS code、几何有效性、共享边界、重叠与缝隙。","false","not_started","","not_started","0","0","0","0","0","0","0","0","0","0","not_started","false","not_started","false","false","false","false","false","false","false","false","false","false","0","false","false","false","false","false","false","not_ready_for_public_display","false","true","true","false","true","true","false","true","true","false","false","false","false","true","待接入","v0.11 仅保留区域观测值结构；尚未接入具体 ADM1/NUTS3 区域统计表、来源链接和数值。","区域边界尚未接入几何文件；当前仅完成来源或占位登记。 区域统计观测值尚未接入；保留结构化待接入状态，不填 0，不进入地图图层或区域比较。 尚未接入可点击的区域统计来源链接。","2026-08-02"
"poland_warmian_masurian_regional_unemployment_rate_2025_quality_check","poland_warmian_masurian","poland","ADM1","regional_unemployment_rate","2025","false","true","false","true","European Commission / Eurostat GISCO geodata and NUTS usage conditions","https://ec.europa.eu/eurostat/web/gisco/geodata/statistical-units/territorial-units-statistics","true","Source: European Commission – Eurostat/GISCO; administrative boundaries: © EuroGeographics.","false","待确认：拟以 GISCO NUTS 2024 官方几何与元数据为基准，复核要素数、NUTS code、几何有效性、共享边界、重叠与缝隙。","false","not_started","","not_started","0","0","0","0","0","0","0","0","0","0","not_started","false","not_started","false","false","false","false","false","false","false","false","false","false","0","false","false","false","false","false","false","not_ready_for_public_display","false","true","true","false","true","true","false","true","false","false","false","false","false","true","待接入","v0.11 仅保留区域观测值结构；尚未接入具体 ADM1/NUTS3 区域统计表、来源链接和数值。","区域边界尚未接入几何文件；当前仅完成来源或占位登记。 区域统计观测值尚未接入；保留结构化待接入状态，不填 0，不进入地图图层或区域比较。 尚未接入可点击的区域统计来源链接。","2026-08-02"
"poland_warmian_masurian_regional_manufacturing_share_2025_quality_check","poland_warmian_masurian","poland","ADM1","regional_manufacturing_share","2025","false","true","false","true","European Commission / Eurostat GISCO geodata and NUTS usage conditions","https://ec.europa.eu/eurostat/web/gisco/geodata/statistical-units/territorial-units-statistics","true","Source: European Commission – Eurostat/GISCO; administrative boundaries: © EuroGeographics.","false","待确认：拟以 GISCO NUTS 2024 官方几何与元数据为基准，复核要素数、NUTS code、几何有效性、共享边界、重叠与缝隙。","false","not_started","","not_started","0","0","0","0","0","0","0","0","0","0","not_started","false","not_started","false","false","false","false","false","false","false","false","false","false","0","false","false","false","false","false","false","not_ready_for_public_display","false","true","true","false","true","true","false","true","true","false","false","false","false","true","待接入","v0.11 仅保留区域观测值结构；尚未接入具体 ADM1/NUTS3 区域统计表、来源链接和数值。","区域边界尚未接入几何文件；当前仅完成来源或占位登记。 区域统计观测值尚未接入；保留结构化待接入状态，不填 0，不进入地图图层或区域比较。 尚未接入可点击的区域统计来源链接。","2026-08-02"
"poland_greater_poland_regional_population_2025_quality_check","poland_greater_poland","poland","ADM1","regional_population","2025","false","true","false","true","European Commission / Eurostat GISCO geodata and NUTS usage conditions","https://ec.europa.eu/eurostat/web/gisco/geodata/statistical-units/territorial-units-statistics","true","Source: European Commission – Eurostat/GISCO; administrative boundaries: © EuroGeographics.","false","待确认：拟以 GISCO NUTS 2024 官方几何与元数据为基准，复核要素数、NUTS code、几何有效性、共享边界、重叠与缝隙。","false","not_started","","not_started","0","0","0","0","0","0","0","0","0","0","not_started","false","not_started","false","false","false","false","false","false","false","false","false","false","0","false","false","false","false","false","false","not_ready_for_public_display","false","true","true","false","true","true","false","true","false","false","false","false","false","true","待接入","v0.11 仅保留区域观测值结构；尚未接入具体 ADM1/NUTS3 区域统计表、来源链接和数值。","区域边界尚未接入几何文件；当前仅完成来源或占位登记。 区域统计观测值尚未接入；保留结构化待接入状态，不填 0，不进入地图图层或区域比较。 尚未接入可点击的区域统计来源链接。","2026-08-02"
"poland_greater_poland_regional_gdp_2025_quality_check","poland_greater_poland","poland","ADM1","regional_gdp","2025","false","true","false","true","European Commission / Eurostat GISCO geodata and NUTS usage conditions","https://ec.europa.eu/eurostat/web/gisco/geodata/statistical-units/territorial-units-statistics","true","Source: European Commission – Eurostat/GISCO; administrative boundaries: © EuroGeographics.","false","待确认：拟以 GISCO NUTS 2024 官方几何与元数据为基准，复核要素数、NUTS code、几何有效性、共享边界、重叠与缝隙。","false","not_started","","not_started","0","0","0","0","0","0","0","0","0","0","not_started","false","not_started","false","false","false","false","false","false","false","false","false","false","0","false","false","false","false","false","false","not_ready_for_public_display","false","true","true","false","true","true","false","true","false","false","false","false","false","true","待接入","v0.11 仅保留区域观测值结构；尚未接入具体 ADM1/NUTS3 区域统计表、来源链接和数值。","区域边界尚未接入几何文件；当前仅完成来源或占位登记。 区域统计观测值尚未接入；保留结构化待接入状态，不填 0，不进入地图图层或区域比较。 尚未接入可点击的区域统计来源链接。","2026-08-02"
"poland_greater_poland_regional_gdp_per_capita_2025_quality_check","poland_greater_poland","poland","ADM1","regional_gdp_per_capita","2025","false","true","false","true","European Commission / Eurostat GISCO geodata and NUTS usage conditions","https://ec.europa.eu/eurostat/web/gisco/geodata/statistical-units/territorial-units-statistics","true","Source: European Commission – Eurostat/GISCO; administrative boundaries: © EuroGeographics.","false","待确认：拟以 GISCO NUTS 2024 官方几何与元数据为基准，复核要素数、NUTS code、几何有效性、共享边界、重叠与缝隙。","false","not_started","","not_started","0","0","0","0","0","0","0","0","0","0","not_started","false","not_started","false","false","false","false","false","false","false","false","false","false","0","false","false","false","false","false","false","not_ready_for_public_display","false","true","true","false","true","true","false","true","true","false","false","false","false","true","待接入","v0.11 仅保留区域观测值结构；尚未接入具体 ADM1/NUTS3 区域统计表、来源链接和数值。","区域边界尚未接入几何文件；当前仅完成来源或占位登记。 区域统计观测值尚未接入；保留结构化待接入状态，不填 0，不进入地图图层或区域比较。 尚未接入可点击的区域统计来源链接。","2026-08-02"
"poland_greater_poland_regional_unemployment_rate_2025_quality_check","poland_greater_poland","poland","ADM1","regional_unemployment_rate","2025","false","true","false","true","European Commission / Eurostat GISCO geodata and NUTS usage conditions","https://ec.europa.eu/eurostat/web/gisco/geodata/statistical-units/territorial-units-statistics","true","Source: European Commission – Eurostat/GISCO; administrative boundaries: © EuroGeographics.","false","待确认：拟以 GISCO NUTS 2024 官方几何与元数据为基准，复核要素数、NUTS code、几何有效性、共享边界、重叠与缝隙。","false","not_started","","not_started","0","0","0","0","0","0","0","0","0","0","not_started","false","not_started","false","false","false","false","false","false","false","false","false","false","0","false","false","false","false","false","false","not_ready_for_public_display","false","true","true","false","true","true","false","true","false","false","false","false","false","true","待接入","v0.11 仅保留区域观测值结构；尚未接入具体 ADM1/NUTS3 区域统计表、来源链接和数值。","区域边界尚未接入几何文件；当前仅完成来源或占位登记。 区域统计观测值尚未接入；保留结构化待接入状态，不填 0，不进入地图图层或区域比较。 尚未接入可点击的区域统计来源链接。","2026-08-02"
"poland_greater_poland_regional_manufacturing_share_2025_quality_check","poland_greater_poland","poland","ADM1","regional_manufacturing_share","2025","false","true","false","true","European Commission / Eurostat GISCO geodata and NUTS usage conditions","https://ec.europa.eu/eurostat/web/gisco/geodata/statistical-units/territorial-units-statistics","true","Source: European Commission – Eurostat/GISCO; administrative boundaries: © EuroGeographics.","false","待确认：拟以 GISCO NUTS 2024 官方几何与元数据为基准，复核要素数、NUTS code、几何有效性、共享边界、重叠与缝隙。","false","not_started","","not_started","0","0","0","0","0","0","0","0","0","0","not_started","false","not_started","false","false","false","false","false","false","false","false","false","false","0","false","false","false","false","false","false","not_ready_for_public_display","false","true","true","false","true","true","false","true","true","false","false","false","false","true","待接入","v0.11 仅保留区域观测值结构；尚未接入具体 ADM1/NUTS3 区域统计表、来源链接和数值。","区域边界尚未接入几何文件；当前仅完成来源或占位登记。 区域统计观测值尚未接入；保留结构化待接入状态，不填 0，不进入地图图层或区域比较。 尚未接入可点击的区域统计来源链接。","2026-08-02"
"poland_west_pomeranian_regional_population_2025_quality_check","poland_west_pomeranian","poland","ADM1","regional_population","2025","false","true","false","true","European Commission / Eurostat GISCO geodata and NUTS usage conditions","https://ec.europa.eu/eurostat/web/gisco/geodata/statistical-units/territorial-units-statistics","true","Source: European Commission – Eurostat/GISCO; administrative boundaries: © EuroGeographics.","false","待确认：拟以 GISCO NUTS 2024 官方几何与元数据为基准，复核要素数、NUTS code、几何有效性、共享边界、重叠与缝隙。","false","not_started","","not_started","0","0","0","0","0","0","0","0","0","0","not_started","false","not_started","false","false","false","false","false","false","false","false","false","false","0","false","false","false","false","false","false","not_ready_for_public_display","false","true","true","false","true","true","false","true","false","false","false","false","false","true","待接入","v0.11 仅保留区域观测值结构；尚未接入具体 ADM1/NUTS3 区域统计表、来源链接和数值。","区域边界尚未接入几何文件；当前仅完成来源或占位登记。 区域统计观测值尚未接入；保留结构化待接入状态，不填 0，不进入地图图层或区域比较。 尚未接入可点击的区域统计来源链接。","2026-08-02"
"poland_west_pomeranian_regional_gdp_2025_quality_check","poland_west_pomeranian","poland","ADM1","regional_gdp","2025","false","true","false","true","European Commission / Eurostat GISCO geodata and NUTS usage conditions","https://ec.europa.eu/eurostat/web/gisco/geodata/statistical-units/territorial-units-statistics","true","Source: European Commission – Eurostat/GISCO; administrative boundaries: © EuroGeographics.","false","待确认：拟以 GISCO NUTS 2024 官方几何与元数据为基准，复核要素数、NUTS code、几何有效性、共享边界、重叠与缝隙。","false","not_started","","not_started","0","0","0","0","0","0","0","0","0","0","not_started","false","not_started","false","false","false","false","false","false","false","false","false","false","0","false","false","false","false","false","false","not_ready_for_public_display","false","true","true","false","true","true","false","true","false","false","false","false","false","true","待接入","v0.11 仅保留区域观测值结构；尚未接入具体 ADM1/NUTS3 区域统计表、来源链接和数值。","区域边界尚未接入几何文件；当前仅完成来源或占位登记。 区域统计观测值尚未接入；保留结构化待接入状态，不填 0，不进入地图图层或区域比较。 尚未接入可点击的区域统计来源链接。","2026-08-02"
"poland_west_pomeranian_regional_gdp_per_capita_2025_quality_check","poland_west_pomeranian","poland","ADM1","regional_gdp_per_capita","2025","false","true","false","true","European Commission / Eurostat GISCO geodata and NUTS usage conditions","https://ec.europa.eu/eurostat/web/gisco/geodata/statistical-units/territorial-units-statistics","true","Source: European Commission – Eurostat/GISCO; administrative boundaries: © EuroGeographics.","false","待确认：拟以 GISCO NUTS 2024 官方几何与元数据为基准，复核要素数、NUTS code、几何有效性、共享边界、重叠与缝隙。","false","not_started","","not_started","0","0","0","0","0","0","0","0","0","0","not_started","false","not_started","false","false","false","false","false","false","false","false","false","false","0","false","false","false","false","false","false","not_ready_for_public_display","false","true","true","false","true","true","false","true","true","false","false","false","false","true","待接入","v0.11 仅保留区域观测值结构；尚未接入具体 ADM1/NUTS3 区域统计表、来源链接和数值。","区域边界尚未接入几何文件；当前仅完成来源或占位登记。 区域统计观测值尚未接入；保留结构化待接入状态，不填 0，不进入地图图层或区域比较。 尚未接入可点击的区域统计来源链接。","2026-08-02"
"poland_west_pomeranian_regional_unemployment_rate_2025_quality_check","poland_west_pomeranian","poland","ADM1","regional_unemployment_rate","2025","false","true","false","true","European Commission / Eurostat GISCO geodata and NUTS usage conditions","https://ec.europa.eu/eurostat/web/gisco/geodata/statistical-units/territorial-units-statistics","true","Source: European Commission – Eurostat/GISCO; administrative boundaries: © EuroGeographics.","false","待确认：拟以 GISCO NUTS 2024 官方几何与元数据为基准，复核要素数、NUTS code、几何有效性、共享边界、重叠与缝隙。","false","not_started","","not_started","0","0","0","0","0","0","0","0","0","0","not_started","false","not_started","false","false","false","false","false","false","false","false","false","false","0","false","false","false","false","false","false","not_ready_for_public_display","false","true","true","false","true","true","false","true","false","false","false","false","false","true","待接入","v0.11 仅保留区域观测值结构；尚未接入具体 ADM1/NUTS3 区域统计表、来源链接和数值。","区域边界尚未接入几何文件；当前仅完成来源或占位登记。 区域统计观测值尚未接入；保留结构化待接入状态，不填 0，不进入地图图层或区域比较。 尚未接入可点击的区域统计来源链接。","2026-08-02"
"poland_west_pomeranian_regional_manufacturing_share_2025_quality_check","poland_west_pomeranian","poland","ADM1","regional_manufacturing_share","2025","false","true","false","true","European Commission / Eurostat GISCO geodata and NUTS usage conditions","https://ec.europa.eu/eurostat/web/gisco/geodata/statistical-units/territorial-units-statistics","true","Source: European Commission – Eurostat/GISCO; administrative boundaries: © EuroGeographics.","false","待确认：拟以 GISCO NUTS 2024 官方几何与元数据为基准，复核要素数、NUTS code、几何有效性、共享边界、重叠与缝隙。","false","not_started","","not_started","0","0","0","0","0","0","0","0","0","0","not_started","false","not_started","false","false","false","false","false","false","false","false","false","false","0","false","false","false","false","false","false","not_ready_for_public_display","false","true","true","false","true","true","false","true","true","false","false","false","false","true","待接入","v0.11 仅保留区域观测值结构；尚未接入具体 ADM1/NUTS3 区域统计表、来源链接和数值。","区域边界尚未接入几何文件；当前仅完成来源或占位登记。 区域统计观测值尚未接入；保留结构化待接入状态，不填 0，不进入地图图层或区域比较。 尚未接入可点击的区域统计来源链接。","2026-08-02"
"hungary_budapest_regional_population_2025_quality_check","hungary_budapest","hungary","NUTS3","regional_population","2025","false","true","false","true","European Commission / Eurostat GISCO geodata and NUTS usage conditions","https://ec.europa.eu/eurostat/web/gisco/geodata/statistical-units/territorial-units-statistics","true","Source: European Commission – Eurostat/GISCO; administrative boundaries: © EuroGeographics.","false","待确认：拟以 GISCO NUTS 2024 官方几何与元数据为基准，复核要素数、NUTS code、几何有效性、共享边界、重叠与缝隙。","false","not_started","public/data/boundaries/sandbox/hu_nuts3_gisco_2024.validation.json","manifest_detail_validation_recorded","20","20","20","20","20","20","0","0","0","0","detail_validation_recorded_pending_final_region_id_verification","false","precheck_zero_exceptions_pending_final_review","false","false","false","false","false","false","false","false","false","false","0","false","false","false","false","false","false","not_ready_for_public_display","false","true","true","false","true","true","false","true","false","false","false","false","false","true","待接入","v0.11 仅保留区域观测值结构；尚未接入具体 ADM1/NUTS3 区域统计表、来源链接和数值。","区域边界尚未接入几何文件；当前仅完成来源或占位登记。 区域统计观测值尚未接入；保留结构化待接入状态，不填 0，不进入地图图层或区域比较。 尚未接入可点击的区域统计来源链接。","2026-08-02"
"hungary_budapest_regional_gdp_2025_quality_check","hungary_budapest","hungary","NUTS3","regional_gdp","2025","false","true","false","true","European Commission / Eurostat GISCO geodata and NUTS usage conditions","https://ec.europa.eu/eurostat/web/gisco/geodata/statistical-units/territorial-units-statistics","true","Source: European Commission – Eurostat/GISCO; administrative boundaries: © EuroGeographics.","false","待确认：拟以 GISCO NUTS 2024 官方几何与元数据为基准，复核要素数、NUTS code、几何有效性、共享边界、重叠与缝隙。","false","not_started","public/data/boundaries/sandbox/hu_nuts3_gisco_2024.validation.json","manifest_detail_validation_recorded","20","20","20","20","20","20","0","0","0","0","detail_validation_recorded_pending_final_region_id_verification","false","precheck_zero_exceptions_pending_final_review","false","false","false","false","false","false","false","false","false","false","0","false","false","false","false","false","false","not_ready_for_public_display","false","true","true","false","true","true","false","true","false","false","false","false","false","true","待接入","v0.11 仅保留区域观测值结构；尚未接入具体 ADM1/NUTS3 区域统计表、来源链接和数值。","区域边界尚未接入几何文件；当前仅完成来源或占位登记。 区域统计观测值尚未接入；保留结构化待接入状态，不填 0，不进入地图图层或区域比较。 尚未接入可点击的区域统计来源链接。","2026-08-02"
"hungary_budapest_regional_gdp_per_capita_2025_quality_check","hungary_budapest","hungary","NUTS3","regional_gdp_per_capita","2025","false","true","false","true","European Commission / Eurostat GISCO geodata and NUTS usage conditions","https://ec.europa.eu/eurostat/web/gisco/geodata/statistical-units/territorial-units-statistics","true","Source: European Commission – Eurostat/GISCO; administrative boundaries: © EuroGeographics.","false","待确认：拟以 GISCO NUTS 2024 官方几何与元数据为基准，复核要素数、NUTS code、几何有效性、共享边界、重叠与缝隙。","false","not_started","public/data/boundaries/sandbox/hu_nuts3_gisco_2024.validation.json","manifest_detail_validation_recorded","20","20","20","20","20","20","0","0","0","0","detail_validation_recorded_pending_final_region_id_verification","false","precheck_zero_exceptions_pending_final_review","false","false","false","false","false","false","false","false","false","false","0","false","false","false","false","false","false","not_ready_for_public_display","false","true","true","false","true","true","false","true","true","false","false","false","false","true","待接入","v0.11 仅保留区域观测值结构；尚未接入具体 ADM1/NUTS3 区域统计表、来源链接和数值。","区域边界尚未接入几何文件；当前仅完成来源或占位登记。 区域统计观测值尚未接入；保留结构化待接入状态，不填 0，不进入地图图层或区域比较。 尚未接入可点击的区域统计来源链接。","2026-08-02"
"hungary_budapest_regional_unemployment_rate_2025_quality_check","hungary_budapest","hungary","NUTS3","regional_unemployment_rate","2025","false","true","false","true","European Commission / Eurostat GISCO geodata and NUTS usage conditions","https://ec.europa.eu/eurostat/web/gisco/geodata/statistical-units/territorial-units-statistics","true","Source: European Commission – Eurostat/GISCO; administrative boundaries: © EuroGeographics.","false","待确认：拟以 GISCO NUTS 2024 官方几何与元数据为基准，复核要素数、NUTS code、几何有效性、共享边界、重叠与缝隙。","false","not_started","public/data/boundaries/sandbox/hu_nuts3_gisco_2024.validation.json","manifest_detail_validation_recorded","20","20","20","20","20","20","0","0","0","0","detail_validation_recorded_pending_final_region_id_verification","false","precheck_zero_exceptions_pending_final_review","false","false","false","false","false","false","false","false","false","false","0","false","false","false","false","false","false","not_ready_for_public_display","false","true","true","false","true","true","false","true","false","false","false","false","false","true","待接入","v0.11 仅保留区域观测值结构；尚未接入具体 ADM1/NUTS3 区域统计表、来源链接和数值。","区域边界尚未接入几何文件；当前仅完成来源或占位登记。 区域统计观测值尚未接入；保留结构化待接入状态，不填 0，不进入地图图层或区域比较。 尚未接入可点击的区域统计来源链接。","2026-08-02"
"hungary_budapest_regional_manufacturing_share_2025_quality_check","hungary_budapest","hungary","NUTS3","regional_manufacturing_share","2025","false","true","false","true","European Commission / Eurostat GISCO geodata and NUTS usage conditions","https://ec.europa.eu/eurostat/web/gisco/geodata/statistical-units/territorial-units-statistics","true","Source: European Commission – Eurostat/GISCO; administrative boundaries: © EuroGeographics.","false","待确认：拟以 GISCO NUTS 2024 官方几何与元数据为基准，复核要素数、NUTS code、几何有效性、共享边界、重叠与缝隙。","false","not_started","public/data/boundaries/sandbox/hu_nuts3_gisco_2024.validation.json","manifest_detail_validation_recorded","20","20","20","20","20","20","0","0","0","0","detail_validation_recorded_pending_final_region_id_verification","false","precheck_zero_exceptions_pending_final_review","false","false","false","false","false","false","false","false","false","false","0","false","false","false","false","false","false","not_ready_for_public_display","false","true","true","false","true","true","false","true","true","false","false","false","false","true","待接入","v0.11 仅保留区域观测值结构；尚未接入具体 ADM1/NUTS3 区域统计表、来源链接和数值。","区域边界尚未接入几何文件；当前仅完成来源或占位登记。 区域统计观测值尚未接入；保留结构化待接入状态，不填 0，不进入地图图层或区域比较。 尚未接入可点击的区域统计来源链接。","2026-08-02"
"hungary_bacs_kiskun_regional_population_2025_quality_check","hungary_bacs_kiskun","hungary","NUTS3","regional_population","2025","false","true","false","true","European Commission / Eurostat GISCO geodata and NUTS usage conditions","https://ec.europa.eu/eurostat/web/gisco/geodata/statistical-units/territorial-units-statistics","true","Source: European Commission – Eurostat/GISCO; administrative boundaries: © EuroGeographics.","false","待确认：拟以 GISCO NUTS 2024 官方几何与元数据为基准，复核要素数、NUTS code、几何有效性、共享边界、重叠与缝隙。","false","not_started","public/data/boundaries/sandbox/hu_nuts3_gisco_2024.validation.json","manifest_detail_validation_recorded","20","20","20","20","20","20","0","0","0","0","detail_validation_recorded_pending_final_region_id_verification","false","precheck_zero_exceptions_pending_final_review","false","false","false","false","false","false","false","false","false","false","0","false","false","false","false","false","false","not_ready_for_public_display","false","true","true","false","true","true","false","true","false","false","false","false","false","true","待接入","v0.11 仅保留区域观测值结构；尚未接入具体 ADM1/NUTS3 区域统计表、来源链接和数值。","区域边界尚未接入几何文件；当前仅完成来源或占位登记。 区域统计观测值尚未接入；保留结构化待接入状态，不填 0，不进入地图图层或区域比较。 尚未接入可点击的区域统计来源链接。","2026-08-02"
"hungary_bacs_kiskun_regional_gdp_2025_quality_check","hungary_bacs_kiskun","hungary","NUTS3","regional_gdp","2025","false","true","false","true","European Commission / Eurostat GISCO geodata and NUTS usage conditions","https://ec.europa.eu/eurostat/web/gisco/geodata/statistical-units/territorial-units-statistics","true","Source: European Commission – Eurostat/GISCO; administrative boundaries: © EuroGeographics.","false","待确认：拟以 GISCO NUTS 2024 官方几何与元数据为基准，复核要素数、NUTS code、几何有效性、共享边界、重叠与缝隙。","false","not_started","public/data/boundaries/sandbox/hu_nuts3_gisco_2024.validation.json","manifest_detail_validation_recorded","20","20","20","20","20","20","0","0","0","0","detail_validation_recorded_pending_final_region_id_verification","false","precheck_zero_exceptions_pending_final_review","false","false","false","false","false","false","false","false","false","false","0","false","false","false","false","false","false","not_ready_for_public_display","false","true","true","false","true","true","false","true","false","false","false","false","false","true","待接入","v0.11 仅保留区域观测值结构；尚未接入具体 ADM1/NUTS3 区域统计表、来源链接和数值。","区域边界尚未接入几何文件；当前仅完成来源或占位登记。 区域统计观测值尚未接入；保留结构化待接入状态，不填 0，不进入地图图层或区域比较。 尚未接入可点击的区域统计来源链接。","2026-08-02"
"hungary_bacs_kiskun_regional_gdp_per_capita_2025_quality_check","hungary_bacs_kiskun","hungary","NUTS3","regional_gdp_per_capita","2025","false","true","false","true","European Commission / Eurostat GISCO geodata and NUTS usage conditions","https://ec.europa.eu/eurostat/web/gisco/geodata/statistical-units/territorial-units-statistics","true","Source: European Commission – Eurostat/GISCO; administrative boundaries: © EuroGeographics.","false","待确认：拟以 GISCO NUTS 2024 官方几何与元数据为基准，复核要素数、NUTS code、几何有效性、共享边界、重叠与缝隙。","false","not_started","public/data/boundaries/sandbox/hu_nuts3_gisco_2024.validation.json","manifest_detail_validation_recorded","20","20","20","20","20","20","0","0","0","0","detail_validation_recorded_pending_final_region_id_verification","false","precheck_zero_exceptions_pending_final_review","false","false","false","false","false","false","false","false","false","false","0","false","false","false","false","false","false","not_ready_for_public_display","false","true","true","false","true","true","false","true","true","false","false","false","false","true","待接入","v0.11 仅保留区域观测值结构；尚未接入具体 ADM1/NUTS3 区域统计表、来源链接和数值。","区域边界尚未接入几何文件；当前仅完成来源或占位登记。 区域统计观测值尚未接入；保留结构化待接入状态，不填 0，不进入地图图层或区域比较。 尚未接入可点击的区域统计来源链接。","2026-08-02"
"hungary_bacs_kiskun_regional_unemployment_rate_2025_quality_check","hungary_bacs_kiskun","hungary","NUTS3","regional_unemployment_rate","2025","false","true","false","true","European Commission / Eurostat GISCO geodata and NUTS usage conditions","https://ec.europa.eu/eurostat/web/gisco/geodata/statistical-units/territorial-units-statistics","true","Source: European Commission – Eurostat/GISCO; administrative boundaries: © EuroGeographics.","false","待确认：拟以 GISCO NUTS 2024 官方几何与元数据为基准，复核要素数、NUTS code、几何有效性、共享边界、重叠与缝隙。","false","not_started","public/data/boundaries/sandbox/hu_nuts3_gisco_2024.validation.json","manifest_detail_validation_recorded","20","20","20","20","20","20","0","0","0","0","detail_validation_recorded_pending_final_region_id_verification","false","precheck_zero_exceptions_pending_final_review","false","false","false","false","false","false","false","false","false","false","0","false","false","false","false","false","false","not_ready_for_public_display","false","true","true","false","true","true","false","true","false","false","false","false","false","true","待接入","v0.11 仅保留区域观测值结构；尚未接入具体 ADM1/NUTS3 区域统计表、来源链接和数值。","区域边界尚未接入几何文件；当前仅完成来源或占位登记。 区域统计观测值尚未接入；保留结构化待接入状态，不填 0，不进入地图图层或区域比较。 尚未接入可点击的区域统计来源链接。","2026-08-02"
"hungary_bacs_kiskun_regional_manufacturing_share_2025_quality_check","hungary_bacs_kiskun","hungary","NUTS3","regional_manufacturing_share","2025","false","true","false","true","European Commission / Eurostat GISCO geodata and NUTS usage conditions","https://ec.europa.eu/eurostat/web/gisco/geodata/statistical-units/territorial-units-statistics","true","Source: European Commission – Eurostat/GISCO; administrative boundaries: © EuroGeographics.","false","待确认：拟以 GISCO NUTS 2024 官方几何与元数据为基准，复核要素数、NUTS code、几何有效性、共享边界、重叠与缝隙。","false","not_started","public/data/boundaries/sandbox/hu_nuts3_gisco_2024.validation.json","manifest_detail_validation_recorded","20","20","20","20","20","20","0","0","0","0","detail_validation_recorded_pending_final_region_id_verification","false","precheck_zero_exceptions_pending_final_review","false","false","false","false","false","false","false","false","false","false","0","false","false","false","false","false","false","not_ready_for_public_display","false","true","true","false","true","true","false","true","true","false","false","false","false","true","待接入","v0.11 仅保留区域观测值结构；尚未接入具体 ADM1/NUTS3 区域统计表、来源链接和数值。","区域边界尚未接入几何文件；当前仅完成来源或占位登记。 区域统计观测值尚未接入；保留结构化待接入状态，不填 0，不进入地图图层或区域比较。 尚未接入可点击的区域统计来源链接。","2026-08-02"
"hungary_baranya_regional_population_2025_quality_check","hungary_baranya","hungary","NUTS3","regional_population","2025","false","true","false","true","European Commission / Eurostat GISCO geodata and NUTS usage conditions","https://ec.europa.eu/eurostat/web/gisco/geodata/statistical-units/territorial-units-statistics","true","Source: European Commission – Eurostat/GISCO; administrative boundaries: © EuroGeographics.","false","待确认：拟以 GISCO NUTS 2024 官方几何与元数据为基准，复核要素数、NUTS code、几何有效性、共享边界、重叠与缝隙。","false","not_started","public/data/boundaries/sandbox/hu_nuts3_gisco_2024.validation.json","manifest_detail_validation_recorded","20","20","20","20","20","20","0","0","0","0","detail_validation_recorded_pending_final_region_id_verification","false","precheck_zero_exceptions_pending_final_review","false","false","false","false","false","false","false","false","false","false","0","false","false","false","false","false","false","not_ready_for_public_display","false","true","true","false","true","true","false","true","false","false","false","false","false","true","待接入","v0.11 仅保留区域观测值结构；尚未接入具体 ADM1/NUTS3 区域统计表、来源链接和数值。","区域边界尚未接入几何文件；当前仅完成来源或占位登记。 区域统计观测值尚未接入；保留结构化待接入状态，不填 0，不进入地图图层或区域比较。 尚未接入可点击的区域统计来源链接。","2026-08-02"
"hungary_baranya_regional_gdp_2025_quality_check","hungary_baranya","hungary","NUTS3","regional_gdp","2025","false","true","false","true","European Commission / Eurostat GISCO geodata and NUTS usage conditions","https://ec.europa.eu/eurostat/web/gisco/geodata/statistical-units/territorial-units-statistics","true","Source: European Commission – Eurostat/GISCO; administrative boundaries: © EuroGeographics.","false","待确认：拟以 GISCO NUTS 2024 官方几何与元数据为基准，复核要素数、NUTS code、几何有效性、共享边界、重叠与缝隙。","false","not_started","public/data/boundaries/sandbox/hu_nuts3_gisco_2024.validation.json","manifest_detail_validation_recorded","20","20","20","20","20","20","0","0","0","0","detail_validation_recorded_pending_final_region_id_verification","false","precheck_zero_exceptions_pending_final_review","false","false","false","false","false","false","false","false","false","false","0","false","false","false","false","false","false","not_ready_for_public_display","false","true","true","false","true","true","false","true","false","false","false","false","false","true","待接入","v0.11 仅保留区域观测值结构；尚未接入具体 ADM1/NUTS3 区域统计表、来源链接和数值。","区域边界尚未接入几何文件；当前仅完成来源或占位登记。 区域统计观测值尚未接入；保留结构化待接入状态，不填 0，不进入地图图层或区域比较。 尚未接入可点击的区域统计来源链接。","2026-08-02"
"hungary_baranya_regional_gdp_per_capita_2025_quality_check","hungary_baranya","hungary","NUTS3","regional_gdp_per_capita","2025","false","true","false","true","European Commission / Eurostat GISCO geodata and NUTS usage conditions","https://ec.europa.eu/eurostat/web/gisco/geodata/statistical-units/territorial-units-statistics","true","Source: European Commission – Eurostat/GISCO; administrative boundaries: © EuroGeographics.","false","待确认：拟以 GISCO NUTS 2024 官方几何与元数据为基准，复核要素数、NUTS code、几何有效性、共享边界、重叠与缝隙。","false","not_started","public/data/boundaries/sandbox/hu_nuts3_gisco_2024.validation.json","manifest_detail_validation_recorded","20","20","20","20","20","20","0","0","0","0","detail_validation_recorded_pending_final_region_id_verification","false","precheck_zero_exceptions_pending_final_review","false","false","false","false","false","false","false","false","false","false","0","false","false","false","false","false","false","not_ready_for_public_display","false","true","true","false","true","true","false","true","true","false","false","false","false","true","待接入","v0.11 仅保留区域观测值结构；尚未接入具体 ADM1/NUTS3 区域统计表、来源链接和数值。","区域边界尚未接入几何文件；当前仅完成来源或占位登记。 区域统计观测值尚未接入；保留结构化待接入状态，不填 0，不进入地图图层或区域比较。 尚未接入可点击的区域统计来源链接。","2026-08-02"
"hungary_baranya_regional_unemployment_rate_2025_quality_check","hungary_baranya","hungary","NUTS3","regional_unemployment_rate","2025","false","true","false","true","European Commission / Eurostat GISCO geodata and NUTS usage conditions","https://ec.europa.eu/eurostat/web/gisco/geodata/statistical-units/territorial-units-statistics","true","Source: European Commission – Eurostat/GISCO; administrative boundaries: © EuroGeographics.","false","待确认：拟以 GISCO NUTS 2024 官方几何与元数据为基准，复核要素数、NUTS code、几何有效性、共享边界、重叠与缝隙。","false","not_started","public/data/boundaries/sandbox/hu_nuts3_gisco_2024.validation.json","manifest_detail_validation_recorded","20","20","20","20","20","20","0","0","0","0","detail_validation_recorded_pending_final_region_id_verification","false","precheck_zero_exceptions_pending_final_review","false","false","false","false","false","false","false","false","false","false","0","false","false","false","false","false","false","not_ready_for_public_display","false","true","true","false","true","true","false","true","false","false","false","false","false","true","待接入","v0.11 仅保留区域观测值结构；尚未接入具体 ADM1/NUTS3 区域统计表、来源链接和数值。","区域边界尚未接入几何文件；当前仅完成来源或占位登记。 区域统计观测值尚未接入；保留结构化待接入状态，不填 0，不进入地图图层或区域比较。 尚未接入可点击的区域统计来源链接。","2026-08-02"
"hungary_baranya_regional_manufacturing_share_2025_quality_check","hungary_baranya","hungary","NUTS3","regional_manufacturing_share","2025","false","true","false","true","European Commission / Eurostat GISCO geodata and NUTS usage conditions","https://ec.europa.eu/eurostat/web/gisco/geodata/statistical-units/territorial-units-statistics","true","Source: European Commission – Eurostat/GISCO; administrative boundaries: © EuroGeographics.","false","待确认：拟以 GISCO NUTS 2024 官方几何与元数据为基准，复核要素数、NUTS code、几何有效性、共享边界、重叠与缝隙。","false","not_started","public/data/boundaries/sandbox/hu_nuts3_gisco_2024.validation.json","manifest_detail_validation_recorded","20","20","20","20","20","20","0","0","0","0","detail_validation_recorded_pending_final_region_id_verification","false","precheck_zero_exceptions_pending_final_review","false","false","false","false","false","false","false","false","false","false","0","false","false","false","false","false","false","not_ready_for_public_display","false","true","true","false","true","true","false","true","true","false","false","false","false","true","待接入","v0.11 仅保留区域观测值结构；尚未接入具体 ADM1/NUTS3 区域统计表、来源链接和数值。","区域边界尚未接入几何文件；当前仅完成来源或占位登记。 区域统计观测值尚未接入；保留结构化待接入状态，不填 0，不进入地图图层或区域比较。 尚未接入可点击的区域统计来源链接。","2026-08-02"
"hungary_bekes_regional_population_2025_quality_check","hungary_bekes","hungary","NUTS3","regional_population","2025","false","true","false","true","European Commission / Eurostat GISCO geodata and NUTS usage conditions","https://ec.europa.eu/eurostat/web/gisco/geodata/statistical-units/territorial-units-statistics","true","Source: European Commission – Eurostat/GISCO; administrative boundaries: © EuroGeographics.","false","待确认：拟以 GISCO NUTS 2024 官方几何与元数据为基准，复核要素数、NUTS code、几何有效性、共享边界、重叠与缝隙。","false","not_started","public/data/boundaries/sandbox/hu_nuts3_gisco_2024.validation.json","manifest_detail_validation_recorded","20","20","20","20","20","20","0","0","0","0","detail_validation_recorded_pending_final_region_id_verification","false","precheck_zero_exceptions_pending_final_review","false","false","false","false","false","false","false","false","false","false","0","false","false","false","false","false","false","not_ready_for_public_display","false","true","true","false","true","true","false","true","false","false","false","false","false","true","待接入","v0.11 仅保留区域观测值结构；尚未接入具体 ADM1/NUTS3 区域统计表、来源链接和数值。","区域边界尚未接入几何文件；当前仅完成来源或占位登记。 区域统计观测值尚未接入；保留结构化待接入状态，不填 0，不进入地图图层或区域比较。 尚未接入可点击的区域统计来源链接。","2026-08-02"
"hungary_bekes_regional_gdp_2025_quality_check","hungary_bekes","hungary","NUTS3","regional_gdp","2025","false","true","false","true","European Commission / Eurostat GISCO geodata and NUTS usage conditions","https://ec.europa.eu/eurostat/web/gisco/geodata/statistical-units/territorial-units-statistics","true","Source: European Commission – Eurostat/GISCO; administrative boundaries: © EuroGeographics.","false","待确认：拟以 GISCO NUTS 2024 官方几何与元数据为基准，复核要素数、NUTS code、几何有效性、共享边界、重叠与缝隙。","false","not_started","public/data/boundaries/sandbox/hu_nuts3_gisco_2024.validation.json","manifest_detail_validation_recorded","20","20","20","20","20","20","0","0","0","0","detail_validation_recorded_pending_final_region_id_verification","false","precheck_zero_exceptions_pending_final_review","false","false","false","false","false","false","false","false","false","false","0","false","false","false","false","false","false","not_ready_for_public_display","false","true","true","false","true","true","false","true","false","false","false","false","false","true","待接入","v0.11 仅保留区域观测值结构；尚未接入具体 ADM1/NUTS3 区域统计表、来源链接和数值。","区域边界尚未接入几何文件；当前仅完成来源或占位登记。 区域统计观测值尚未接入；保留结构化待接入状态，不填 0，不进入地图图层或区域比较。 尚未接入可点击的区域统计来源链接。","2026-08-02"
"hungary_bekes_regional_gdp_per_capita_2025_quality_check","hungary_bekes","hungary","NUTS3","regional_gdp_per_capita","2025","false","true","false","true","European Commission / Eurostat GISCO geodata and NUTS usage conditions","https://ec.europa.eu/eurostat/web/gisco/geodata/statistical-units/territorial-units-statistics","true","Source: European Commission – Eurostat/GISCO; administrative boundaries: © EuroGeographics.","false","待确认：拟以 GISCO NUTS 2024 官方几何与元数据为基准，复核要素数、NUTS code、几何有效性、共享边界、重叠与缝隙。","false","not_started","public/data/boundaries/sandbox/hu_nuts3_gisco_2024.validation.json","manifest_detail_validation_recorded","20","20","20","20","20","20","0","0","0","0","detail_validation_recorded_pending_final_region_id_verification","false","precheck_zero_exceptions_pending_final_review","false","false","false","false","false","false","false","false","false","false","0","false","false","false","false","false","false","not_ready_for_public_display","false","true","true","false","true","true","false","true","true","false","false","false","false","true","待接入","v0.11 仅保留区域观测值结构；尚未接入具体 ADM1/NUTS3 区域统计表、来源链接和数值。","区域边界尚未接入几何文件；当前仅完成来源或占位登记。 区域统计观测值尚未接入；保留结构化待接入状态，不填 0，不进入地图图层或区域比较。 尚未接入可点击的区域统计来源链接。","2026-08-02"
"hungary_bekes_regional_unemployment_rate_2025_quality_check","hungary_bekes","hungary","NUTS3","regional_unemployment_rate","2025","false","true","false","true","European Commission / Eurostat GISCO geodata and NUTS usage conditions","https://ec.europa.eu/eurostat/web/gisco/geodata/statistical-units/territorial-units-statistics","true","Source: European Commission – Eurostat/GISCO; administrative boundaries: © EuroGeographics.","false","待确认：拟以 GISCO NUTS 2024 官方几何与元数据为基准，复核要素数、NUTS code、几何有效性、共享边界、重叠与缝隙。","false","not_started","public/data/boundaries/sandbox/hu_nuts3_gisco_2024.validation.json","manifest_detail_validation_recorded","20","20","20","20","20","20","0","0","0","0","detail_validation_recorded_pending_final_region_id_verification","false","precheck_zero_exceptions_pending_final_review","false","false","false","false","false","false","false","false","false","false","0","false","false","false","false","false","false","not_ready_for_public_display","false","true","true","false","true","true","false","true","false","false","false","false","false","true","待接入","v0.11 仅保留区域观测值结构；尚未接入具体 ADM1/NUTS3 区域统计表、来源链接和数值。","区域边界尚未接入几何文件；当前仅完成来源或占位登记。 区域统计观测值尚未接入；保留结构化待接入状态，不填 0，不进入地图图层或区域比较。 尚未接入可点击的区域统计来源链接。","2026-08-02"
"hungary_bekes_regional_manufacturing_share_2025_quality_check","hungary_bekes","hungary","NUTS3","regional_manufacturing_share","2025","false","true","false","true","European Commission / Eurostat GISCO geodata and NUTS usage conditions","https://ec.europa.eu/eurostat/web/gisco/geodata/statistical-units/territorial-units-statistics","true","Source: European Commission – Eurostat/GISCO; administrative boundaries: © EuroGeographics.","false","待确认：拟以 GISCO NUTS 2024 官方几何与元数据为基准，复核要素数、NUTS code、几何有效性、共享边界、重叠与缝隙。","false","not_started","public/data/boundaries/sandbox/hu_nuts3_gisco_2024.validation.json","manifest_detail_validation_recorded","20","20","20","20","20","20","0","0","0","0","detail_validation_recorded_pending_final_region_id_verification","false","precheck_zero_exceptions_pending_final_review","false","false","false","false","false","false","false","false","false","false","0","false","false","false","false","false","false","not_ready_for_public_display","false","true","true","false","true","true","false","true","true","false","false","false","false","true","待接入","v0.11 仅保留区域观测值结构；尚未接入具体 ADM1/NUTS3 区域统计表、来源链接和数值。","区域边界尚未接入几何文件；当前仅完成来源或占位登记。 区域统计观测值尚未接入；保留结构化待接入状态，不填 0，不进入地图图层或区域比较。 尚未接入可点击的区域统计来源链接。","2026-08-02"
"hungary_borsod_abauj_zemplen_regional_population_2025_quality_check","hungary_borsod_abauj_zemplen","hungary","NUTS3","regional_population","2025","false","true","false","true","European Commission / Eurostat GISCO geodata and NUTS usage conditions","https://ec.europa.eu/eurostat/web/gisco/geodata/statistical-units/territorial-units-statistics","true","Source: European Commission – Eurostat/GISCO; administrative boundaries: © EuroGeographics.","false","待确认：拟以 GISCO NUTS 2024 官方几何与元数据为基准，复核要素数、NUTS code、几何有效性、共享边界、重叠与缝隙。","false","not_started","public/data/boundaries/sandbox/hu_nuts3_gisco_2024.validation.json","manifest_detail_validation_recorded","20","20","20","20","20","20","0","0","0","0","detail_validation_recorded_pending_final_region_id_verification","false","precheck_zero_exceptions_pending_final_review","false","false","false","false","false","false","false","false","false","false","0","false","false","false","false","false","false","not_ready_for_public_display","false","true","true","false","true","true","false","true","false","false","false","false","false","true","待接入","v0.11 仅保留区域观测值结构；尚未接入具体 ADM1/NUTS3 区域统计表、来源链接和数值。","区域边界尚未接入几何文件；当前仅完成来源或占位登记。 区域统计观测值尚未接入；保留结构化待接入状态，不填 0，不进入地图图层或区域比较。 尚未接入可点击的区域统计来源链接。","2026-08-02"
"hungary_borsod_abauj_zemplen_regional_gdp_2025_quality_check","hungary_borsod_abauj_zemplen","hungary","NUTS3","regional_gdp","2025","false","true","false","true","European Commission / Eurostat GISCO geodata and NUTS usage conditions","https://ec.europa.eu/eurostat/web/gisco/geodata/statistical-units/territorial-units-statistics","true","Source: European Commission – Eurostat/GISCO; administrative boundaries: © EuroGeographics.","false","待确认：拟以 GISCO NUTS 2024 官方几何与元数据为基准，复核要素数、NUTS code、几何有效性、共享边界、重叠与缝隙。","false","not_started","public/data/boundaries/sandbox/hu_nuts3_gisco_2024.validation.json","manifest_detail_validation_recorded","20","20","20","20","20","20","0","0","0","0","detail_validation_recorded_pending_final_region_id_verification","false","precheck_zero_exceptions_pending_final_review","false","false","false","false","false","false","false","false","false","false","0","false","false","false","false","false","false","not_ready_for_public_display","false","true","true","false","true","true","false","true","false","false","false","false","false","true","待接入","v0.11 仅保留区域观测值结构；尚未接入具体 ADM1/NUTS3 区域统计表、来源链接和数值。","区域边界尚未接入几何文件；当前仅完成来源或占位登记。 区域统计观测值尚未接入；保留结构化待接入状态，不填 0，不进入地图图层或区域比较。 尚未接入可点击的区域统计来源链接。","2026-08-02"
"hungary_borsod_abauj_zemplen_regional_gdp_per_capita_2025_quality_check","hungary_borsod_abauj_zemplen","hungary","NUTS3","regional_gdp_per_capita","2025","false","true","false","true","European Commission / Eurostat GISCO geodata and NUTS usage conditions","https://ec.europa.eu/eurostat/web/gisco/geodata/statistical-units/territorial-units-statistics","true","Source: European Commission – Eurostat/GISCO; administrative boundaries: © EuroGeographics.","false","待确认：拟以 GISCO NUTS 2024 官方几何与元数据为基准，复核要素数、NUTS code、几何有效性、共享边界、重叠与缝隙。","false","not_started","public/data/boundaries/sandbox/hu_nuts3_gisco_2024.validation.json","manifest_detail_validation_recorded","20","20","20","20","20","20","0","0","0","0","detail_validation_recorded_pending_final_region_id_verification","false","precheck_zero_exceptions_pending_final_review","false","false","false","false","false","false","false","false","false","false","0","false","false","false","false","false","false","not_ready_for_public_display","false","true","true","false","true","true","false","true","true","false","false","false","false","true","待接入","v0.11 仅保留区域观测值结构；尚未接入具体 ADM1/NUTS3 区域统计表、来源链接和数值。","区域边界尚未接入几何文件；当前仅完成来源或占位登记。 区域统计观测值尚未接入；保留结构化待接入状态，不填 0，不进入地图图层或区域比较。 尚未接入可点击的区域统计来源链接。","2026-08-02"
"hungary_borsod_abauj_zemplen_regional_unemployment_rate_2025_quality_check","hungary_borsod_abauj_zemplen","hungary","NUTS3","regional_unemployment_rate","2025","false","true","false","true","European Commission / Eurostat GISCO geodata and NUTS usage conditions","https://ec.europa.eu/eurostat/web/gisco/geodata/statistical-units/territorial-units-statistics","true","Source: European Commission – Eurostat/GISCO; administrative boundaries: © EuroGeographics.","false","待确认：拟以 GISCO NUTS 2024 官方几何与元数据为基准，复核要素数、NUTS code、几何有效性、共享边界、重叠与缝隙。","false","not_started","public/data/boundaries/sandbox/hu_nuts3_gisco_2024.validation.json","manifest_detail_validation_recorded","20","20","20","20","20","20","0","0","0","0","detail_validation_recorded_pending_final_region_id_verification","false","precheck_zero_exceptions_pending_final_review","false","false","false","false","false","false","false","false","false","false","0","false","false","false","false","false","false","not_ready_for_public_display","false","true","true","false","true","true","false","true","false","false","false","false","false","true","待接入","v0.11 仅保留区域观测值结构；尚未接入具体 ADM1/NUTS3 区域统计表、来源链接和数值。","区域边界尚未接入几何文件；当前仅完成来源或占位登记。 区域统计观测值尚未接入；保留结构化待接入状态，不填 0，不进入地图图层或区域比较。 尚未接入可点击的区域统计来源链接。","2026-08-02"
"hungary_borsod_abauj_zemplen_regional_manufacturing_share_2025_quality_check","hungary_borsod_abauj_zemplen","hungary","NUTS3","regional_manufacturing_share","2025","false","true","false","true","European Commission / Eurostat GISCO geodata and NUTS usage conditions","https://ec.europa.eu/eurostat/web/gisco/geodata/statistical-units/territorial-units-statistics","true","Source: European Commission – Eurostat/GISCO; administrative boundaries: © EuroGeographics.","false","待确认：拟以 GISCO NUTS 2024 官方几何与元数据为基准，复核要素数、NUTS code、几何有效性、共享边界、重叠与缝隙。","false","not_started","public/data/boundaries/sandbox/hu_nuts3_gisco_2024.validation.json","manifest_detail_validation_recorded","20","20","20","20","20","20","0","0","0","0","detail_validation_recorded_pending_final_region_id_verification","false","precheck_zero_exceptions_pending_final_review","false","false","false","false","false","false","false","false","false","false","0","false","false","false","false","false","false","not_ready_for_public_display","false","true","true","false","true","true","false","true","true","false","false","false","false","true","待接入","v0.11 仅保留区域观测值结构；尚未接入具体 ADM1/NUTS3 区域统计表、来源链接和数值。","区域边界尚未接入几何文件；当前仅完成来源或占位登记。 区域统计观测值尚未接入；保留结构化待接入状态，不填 0，不进入地图图层或区域比较。 尚未接入可点击的区域统计来源链接。","2026-08-02"
"hungary_csongrad_csanad_regional_population_2025_quality_check","hungary_csongrad_csanad","hungary","NUTS3","regional_population","2025","false","true","false","true","European Commission / Eurostat GISCO geodata and NUTS usage conditions","https://ec.europa.eu/eurostat/web/gisco/geodata/statistical-units/territorial-units-statistics","true","Source: European Commission – Eurostat/GISCO; administrative boundaries: © EuroGeographics.","false","待确认：拟以 GISCO NUTS 2024 官方几何与元数据为基准，复核要素数、NUTS code、几何有效性、共享边界、重叠与缝隙。","false","not_started","public/data/boundaries/sandbox/hu_nuts3_gisco_2024.validation.json","manifest_detail_validation_recorded","20","20","20","20","20","20","0","0","0","0","detail_validation_recorded_pending_final_region_id_verification","false","precheck_zero_exceptions_pending_final_review","false","false","false","false","false","false","false","false","false","false","0","false","false","false","false","false","false","not_ready_for_public_display","false","true","true","false","true","true","false","true","false","false","false","false","false","true","待接入","v0.11 仅保留区域观测值结构；尚未接入具体 ADM1/NUTS3 区域统计表、来源链接和数值。","区域边界尚未接入几何文件；当前仅完成来源或占位登记。 区域统计观测值尚未接入；保留结构化待接入状态，不填 0，不进入地图图层或区域比较。 尚未接入可点击的区域统计来源链接。","2026-08-02"
"hungary_csongrad_csanad_regional_gdp_2025_quality_check","hungary_csongrad_csanad","hungary","NUTS3","regional_gdp","2025","false","true","false","true","European Commission / Eurostat GISCO geodata and NUTS usage conditions","https://ec.europa.eu/eurostat/web/gisco/geodata/statistical-units/territorial-units-statistics","true","Source: European Commission – Eurostat/GISCO; administrative boundaries: © EuroGeographics.","false","待确认：拟以 GISCO NUTS 2024 官方几何与元数据为基准，复核要素数、NUTS code、几何有效性、共享边界、重叠与缝隙。","false","not_started","public/data/boundaries/sandbox/hu_nuts3_gisco_2024.validation.json","manifest_detail_validation_recorded","20","20","20","20","20","20","0","0","0","0","detail_validation_recorded_pending_final_region_id_verification","false","precheck_zero_exceptions_pending_final_review","false","false","false","false","false","false","false","false","false","false","0","false","false","false","false","false","false","not_ready_for_public_display","false","true","true","false","true","true","false","true","false","false","false","false","false","true","待接入","v0.11 仅保留区域观测值结构；尚未接入具体 ADM1/NUTS3 区域统计表、来源链接和数值。","区域边界尚未接入几何文件；当前仅完成来源或占位登记。 区域统计观测值尚未接入；保留结构化待接入状态，不填 0，不进入地图图层或区域比较。 尚未接入可点击的区域统计来源链接。","2026-08-02"
"hungary_csongrad_csanad_regional_gdp_per_capita_2025_quality_check","hungary_csongrad_csanad","hungary","NUTS3","regional_gdp_per_capita","2025","false","true","false","true","European Commission / Eurostat GISCO geodata and NUTS usage conditions","https://ec.europa.eu/eurostat/web/gisco/geodata/statistical-units/territorial-units-statistics","true","Source: European Commission – Eurostat/GISCO; administrative boundaries: © EuroGeographics.","false","待确认：拟以 GISCO NUTS 2024 官方几何与元数据为基准，复核要素数、NUTS code、几何有效性、共享边界、重叠与缝隙。","false","not_started","public/data/boundaries/sandbox/hu_nuts3_gisco_2024.validation.json","manifest_detail_validation_recorded","20","20","20","20","20","20","0","0","0","0","detail_validation_recorded_pending_final_region_id_verification","false","precheck_zero_exceptions_pending_final_review","false","false","false","false","false","false","false","false","false","false","0","false","false","false","false","false","false","not_ready_for_public_display","false","true","true","false","true","true","false","true","true","false","false","false","false","true","待接入","v0.11 仅保留区域观测值结构；尚未接入具体 ADM1/NUTS3 区域统计表、来源链接和数值。","区域边界尚未接入几何文件；当前仅完成来源或占位登记。 区域统计观测值尚未接入；保留结构化待接入状态，不填 0，不进入地图图层或区域比较。 尚未接入可点击的区域统计来源链接。","2026-08-02"
"hungary_csongrad_csanad_regional_unemployment_rate_2025_quality_check","hungary_csongrad_csanad","hungary","NUTS3","regional_unemployment_rate","2025","false","true","false","true","European Commission / Eurostat GISCO geodata and NUTS usage conditions","https://ec.europa.eu/eurostat/web/gisco/geodata/statistical-units/territorial-units-statistics","true","Source: European Commission – Eurostat/GISCO; administrative boundaries: © EuroGeographics.","false","待确认：拟以 GISCO NUTS 2024 官方几何与元数据为基准，复核要素数、NUTS code、几何有效性、共享边界、重叠与缝隙。","false","not_started","public/data/boundaries/sandbox/hu_nuts3_gisco_2024.validation.json","manifest_detail_validation_recorded","20","20","20","20","20","20","0","0","0","0","detail_validation_recorded_pending_final_region_id_verification","false","precheck_zero_exceptions_pending_final_review","false","false","false","false","false","false","false","false","false","false","0","false","false","false","false","false","false","not_ready_for_public_display","false","true","true","false","true","true","false","true","false","false","false","false","false","true","待接入","v0.11 仅保留区域观测值结构；尚未接入具体 ADM1/NUTS3 区域统计表、来源链接和数值。","区域边界尚未接入几何文件；当前仅完成来源或占位登记。 区域统计观测值尚未接入；保留结构化待接入状态，不填 0，不进入地图图层或区域比较。 尚未接入可点击的区域统计来源链接。","2026-08-02"
"hungary_csongrad_csanad_regional_manufacturing_share_2025_quality_check","hungary_csongrad_csanad","hungary","NUTS3","regional_manufacturing_share","2025","false","true","false","true","European Commission / Eurostat GISCO geodata and NUTS usage conditions","https://ec.europa.eu/eurostat/web/gisco/geodata/statistical-units/territorial-units-statistics","true","Source: European Commission – Eurostat/GISCO; administrative boundaries: © EuroGeographics.","false","待确认：拟以 GISCO NUTS 2024 官方几何与元数据为基准，复核要素数、NUTS code、几何有效性、共享边界、重叠与缝隙。","false","not_started","public/data/boundaries/sandbox/hu_nuts3_gisco_2024.validation.json","manifest_detail_validation_recorded","20","20","20","20","20","20","0","0","0","0","detail_validation_recorded_pending_final_region_id_verification","false","precheck_zero_exceptions_pending_final_review","false","false","false","false","false","false","false","false","false","false","0","false","false","false","false","false","false","not_ready_for_public_display","false","true","true","false","true","true","false","true","true","false","false","false","false","true","待接入","v0.11 仅保留区域观测值结构；尚未接入具体 ADM1/NUTS3 区域统计表、来源链接和数值。","区域边界尚未接入几何文件；当前仅完成来源或占位登记。 区域统计观测值尚未接入；保留结构化待接入状态，不填 0，不进入地图图层或区域比较。 尚未接入可点击的区域统计来源链接。","2026-08-02"
"hungary_fejer_regional_population_2025_quality_check","hungary_fejer","hungary","NUTS3","regional_population","2025","false","true","false","true","European Commission / Eurostat GISCO geodata and NUTS usage conditions","https://ec.europa.eu/eurostat/web/gisco/geodata/statistical-units/territorial-units-statistics","true","Source: European Commission – Eurostat/GISCO; administrative boundaries: © EuroGeographics.","false","待确认：拟以 GISCO NUTS 2024 官方几何与元数据为基准，复核要素数、NUTS code、几何有效性、共享边界、重叠与缝隙。","false","not_started","public/data/boundaries/sandbox/hu_nuts3_gisco_2024.validation.json","manifest_detail_validation_recorded","20","20","20","20","20","20","0","0","0","0","detail_validation_recorded_pending_final_region_id_verification","false","precheck_zero_exceptions_pending_final_review","false","false","false","false","false","false","false","false","false","false","0","false","false","false","false","false","false","not_ready_for_public_display","false","true","true","false","true","true","false","true","false","false","false","false","false","true","待接入","v0.11 仅保留区域观测值结构；尚未接入具体 ADM1/NUTS3 区域统计表、来源链接和数值。","区域边界尚未接入几何文件；当前仅完成来源或占位登记。 区域统计观测值尚未接入；保留结构化待接入状态，不填 0，不进入地图图层或区域比较。 尚未接入可点击的区域统计来源链接。","2026-08-02"
"hungary_fejer_regional_gdp_2025_quality_check","hungary_fejer","hungary","NUTS3","regional_gdp","2025","false","true","false","true","European Commission / Eurostat GISCO geodata and NUTS usage conditions","https://ec.europa.eu/eurostat/web/gisco/geodata/statistical-units/territorial-units-statistics","true","Source: European Commission – Eurostat/GISCO; administrative boundaries: © EuroGeographics.","false","待确认：拟以 GISCO NUTS 2024 官方几何与元数据为基准，复核要素数、NUTS code、几何有效性、共享边界、重叠与缝隙。","false","not_started","public/data/boundaries/sandbox/hu_nuts3_gisco_2024.validation.json","manifest_detail_validation_recorded","20","20","20","20","20","20","0","0","0","0","detail_validation_recorded_pending_final_region_id_verification","false","precheck_zero_exceptions_pending_final_review","false","false","false","false","false","false","false","false","false","false","0","false","false","false","false","false","false","not_ready_for_public_display","false","true","true","false","true","true","false","true","false","false","false","false","false","true","待接入","v0.11 仅保留区域观测值结构；尚未接入具体 ADM1/NUTS3 区域统计表、来源链接和数值。","区域边界尚未接入几何文件；当前仅完成来源或占位登记。 区域统计观测值尚未接入；保留结构化待接入状态，不填 0，不进入地图图层或区域比较。 尚未接入可点击的区域统计来源链接。","2026-08-02"
"hungary_fejer_regional_gdp_per_capita_2025_quality_check","hungary_fejer","hungary","NUTS3","regional_gdp_per_capita","2025","false","true","false","true","European Commission / Eurostat GISCO geodata and NUTS usage conditions","https://ec.europa.eu/eurostat/web/gisco/geodata/statistical-units/territorial-units-statistics","true","Source: European Commission – Eurostat/GISCO; administrative boundaries: © EuroGeographics.","false","待确认：拟以 GISCO NUTS 2024 官方几何与元数据为基准，复核要素数、NUTS code、几何有效性、共享边界、重叠与缝隙。","false","not_started","public/data/boundaries/sandbox/hu_nuts3_gisco_2024.validation.json","manifest_detail_validation_recorded","20","20","20","20","20","20","0","0","0","0","detail_validation_recorded_pending_final_region_id_verification","false","precheck_zero_exceptions_pending_final_review","false","false","false","false","false","false","false","false","false","false","0","false","false","false","false","false","false","not_ready_for_public_display","false","true","true","false","true","true","false","true","true","false","false","false","false","true","待接入","v0.11 仅保留区域观测值结构；尚未接入具体 ADM1/NUTS3 区域统计表、来源链接和数值。","区域边界尚未接入几何文件；当前仅完成来源或占位登记。 区域统计观测值尚未接入；保留结构化待接入状态，不填 0，不进入地图图层或区域比较。 尚未接入可点击的区域统计来源链接。","2026-08-02"
"hungary_fejer_regional_unemployment_rate_2025_quality_check","hungary_fejer","hungary","NUTS3","regional_unemployment_rate","2025","false","true","false","true","European Commission / Eurostat GISCO geodata and NUTS usage conditions","https://ec.europa.eu/eurostat/web/gisco/geodata/statistical-units/territorial-units-statistics","true","Source: European Commission – Eurostat/GISCO; administrative boundaries: © EuroGeographics.","false","待确认：拟以 GISCO NUTS 2024 官方几何与元数据为基准，复核要素数、NUTS code、几何有效性、共享边界、重叠与缝隙。","false","not_started","public/data/boundaries/sandbox/hu_nuts3_gisco_2024.validation.json","manifest_detail_validation_recorded","20","20","20","20","20","20","0","0","0","0","detail_validation_recorded_pending_final_region_id_verification","false","precheck_zero_exceptions_pending_final_review","false","false","false","false","false","false","false","false","false","false","0","false","false","false","false","false","false","not_ready_for_public_display","false","true","true","false","true","true","false","true","false","false","false","false","false","true","待接入","v0.11 仅保留区域观测值结构；尚未接入具体 ADM1/NUTS3 区域统计表、来源链接和数值。","区域边界尚未接入几何文件；当前仅完成来源或占位登记。 区域统计观测值尚未接入；保留结构化待接入状态，不填 0，不进入地图图层或区域比较。 尚未接入可点击的区域统计来源链接。","2026-08-02"
"hungary_fejer_regional_manufacturing_share_2025_quality_check","hungary_fejer","hungary","NUTS3","regional_manufacturing_share","2025","false","true","false","true","European Commission / Eurostat GISCO geodata and NUTS usage conditions","https://ec.europa.eu/eurostat/web/gisco/geodata/statistical-units/territorial-units-statistics","true","Source: European Commission – Eurostat/GISCO; administrative boundaries: © EuroGeographics.","false","待确认：拟以 GISCO NUTS 2024 官方几何与元数据为基准，复核要素数、NUTS code、几何有效性、共享边界、重叠与缝隙。","false","not_started","public/data/boundaries/sandbox/hu_nuts3_gisco_2024.validation.json","manifest_detail_validation_recorded","20","20","20","20","20","20","0","0","0","0","detail_validation_recorded_pending_final_region_id_verification","false","precheck_zero_exceptions_pending_final_review","false","false","false","false","false","false","false","false","false","false","0","false","false","false","false","false","false","not_ready_for_public_display","false","true","true","false","true","true","false","true","true","false","false","false","false","true","待接入","v0.11 仅保留区域观测值结构；尚未接入具体 ADM1/NUTS3 区域统计表、来源链接和数值。","区域边界尚未接入几何文件；当前仅完成来源或占位登记。 区域统计观测值尚未接入；保留结构化待接入状态，不填 0，不进入地图图层或区域比较。 尚未接入可点击的区域统计来源链接。","2026-08-02"
"hungary_gyor_moson_sopron_regional_population_2025_quality_check","hungary_gyor_moson_sopron","hungary","NUTS3","regional_population","2025","false","true","false","true","European Commission / Eurostat GISCO geodata and NUTS usage conditions","https://ec.europa.eu/eurostat/web/gisco/geodata/statistical-units/territorial-units-statistics","true","Source: European Commission – Eurostat/GISCO; administrative boundaries: © EuroGeographics.","false","待确认：拟以 GISCO NUTS 2024 官方几何与元数据为基准，复核要素数、NUTS code、几何有效性、共享边界、重叠与缝隙。","false","not_started","public/data/boundaries/sandbox/hu_nuts3_gisco_2024.validation.json","manifest_detail_validation_recorded","20","20","20","20","20","20","0","0","0","0","detail_validation_recorded_pending_final_region_id_verification","false","precheck_zero_exceptions_pending_final_review","false","false","false","false","false","false","false","false","false","false","0","false","false","false","false","false","false","not_ready_for_public_display","false","true","true","false","true","true","false","true","false","false","false","false","false","true","待接入","v0.11 仅保留区域观测值结构；尚未接入具体 ADM1/NUTS3 区域统计表、来源链接和数值。","区域边界尚未接入几何文件；当前仅完成来源或占位登记。 区域统计观测值尚未接入；保留结构化待接入状态，不填 0，不进入地图图层或区域比较。 尚未接入可点击的区域统计来源链接。","2026-08-02"
"hungary_gyor_moson_sopron_regional_gdp_2025_quality_check","hungary_gyor_moson_sopron","hungary","NUTS3","regional_gdp","2025","false","true","false","true","European Commission / Eurostat GISCO geodata and NUTS usage conditions","https://ec.europa.eu/eurostat/web/gisco/geodata/statistical-units/territorial-units-statistics","true","Source: European Commission – Eurostat/GISCO; administrative boundaries: © EuroGeographics.","false","待确认：拟以 GISCO NUTS 2024 官方几何与元数据为基准，复核要素数、NUTS code、几何有效性、共享边界、重叠与缝隙。","false","not_started","public/data/boundaries/sandbox/hu_nuts3_gisco_2024.validation.json","manifest_detail_validation_recorded","20","20","20","20","20","20","0","0","0","0","detail_validation_recorded_pending_final_region_id_verification","false","precheck_zero_exceptions_pending_final_review","false","false","false","false","false","false","false","false","false","false","0","false","false","false","false","false","false","not_ready_for_public_display","false","true","true","false","true","true","false","true","false","false","false","false","false","true","待接入","v0.11 仅保留区域观测值结构；尚未接入具体 ADM1/NUTS3 区域统计表、来源链接和数值。","区域边界尚未接入几何文件；当前仅完成来源或占位登记。 区域统计观测值尚未接入；保留结构化待接入状态，不填 0，不进入地图图层或区域比较。 尚未接入可点击的区域统计来源链接。","2026-08-02"
"hungary_gyor_moson_sopron_regional_gdp_per_capita_2025_quality_check","hungary_gyor_moson_sopron","hungary","NUTS3","regional_gdp_per_capita","2025","false","true","false","true","European Commission / Eurostat GISCO geodata and NUTS usage conditions","https://ec.europa.eu/eurostat/web/gisco/geodata/statistical-units/territorial-units-statistics","true","Source: European Commission – Eurostat/GISCO; administrative boundaries: © EuroGeographics.","false","待确认：拟以 GISCO NUTS 2024 官方几何与元数据为基准，复核要素数、NUTS code、几何有效性、共享边界、重叠与缝隙。","false","not_started","public/data/boundaries/sandbox/hu_nuts3_gisco_2024.validation.json","manifest_detail_validation_recorded","20","20","20","20","20","20","0","0","0","0","detail_validation_recorded_pending_final_region_id_verification","false","precheck_zero_exceptions_pending_final_review","false","false","false","false","false","false","false","false","false","false","0","false","false","false","false","false","false","not_ready_for_public_display","false","true","true","false","true","true","false","true","true","false","false","false","false","true","待接入","v0.11 仅保留区域观测值结构；尚未接入具体 ADM1/NUTS3 区域统计表、来源链接和数值。","区域边界尚未接入几何文件；当前仅完成来源或占位登记。 区域统计观测值尚未接入；保留结构化待接入状态，不填 0，不进入地图图层或区域比较。 尚未接入可点击的区域统计来源链接。","2026-08-02"
"hungary_gyor_moson_sopron_regional_unemployment_rate_2025_quality_check","hungary_gyor_moson_sopron","hungary","NUTS3","regional_unemployment_rate","2025","false","true","false","true","European Commission / Eurostat GISCO geodata and NUTS usage conditions","https://ec.europa.eu/eurostat/web/gisco/geodata/statistical-units/territorial-units-statistics","true","Source: European Commission – Eurostat/GISCO; administrative boundaries: © EuroGeographics.","false","待确认：拟以 GISCO NUTS 2024 官方几何与元数据为基准，复核要素数、NUTS code、几何有效性、共享边界、重叠与缝隙。","false","not_started","public/data/boundaries/sandbox/hu_nuts3_gisco_2024.validation.json","manifest_detail_validation_recorded","20","20","20","20","20","20","0","0","0","0","detail_validation_recorded_pending_final_region_id_verification","false","precheck_zero_exceptions_pending_final_review","false","false","false","false","false","false","false","false","false","false","0","false","false","false","false","false","false","not_ready_for_public_display","false","true","true","false","true","true","false","true","false","false","false","false","false","true","待接入","v0.11 仅保留区域观测值结构；尚未接入具体 ADM1/NUTS3 区域统计表、来源链接和数值。","区域边界尚未接入几何文件；当前仅完成来源或占位登记。 区域统计观测值尚未接入；保留结构化待接入状态，不填 0，不进入地图图层或区域比较。 尚未接入可点击的区域统计来源链接。","2026-08-02"
"hungary_gyor_moson_sopron_regional_manufacturing_share_2025_quality_check","hungary_gyor_moson_sopron","hungary","NUTS3","regional_manufacturing_share","2025","false","true","false","true","European Commission / Eurostat GISCO geodata and NUTS usage conditions","https://ec.europa.eu/eurostat/web/gisco/geodata/statistical-units/territorial-units-statistics","true","Source: European Commission – Eurostat/GISCO; administrative boundaries: © EuroGeographics.","false","待确认：拟以 GISCO NUTS 2024 官方几何与元数据为基准，复核要素数、NUTS code、几何有效性、共享边界、重叠与缝隙。","false","not_started","public/data/boundaries/sandbox/hu_nuts3_gisco_2024.validation.json","manifest_detail_validation_recorded","20","20","20","20","20","20","0","0","0","0","detail_validation_recorded_pending_final_region_id_verification","false","precheck_zero_exceptions_pending_final_review","false","false","false","false","false","false","false","false","false","false","0","false","false","false","false","false","false","not_ready_for_public_display","false","true","true","false","true","true","false","true","true","false","false","false","false","true","待接入","v0.11 仅保留区域观测值结构；尚未接入具体 ADM1/NUTS3 区域统计表、来源链接和数值。","区域边界尚未接入几何文件；当前仅完成来源或占位登记。 区域统计观测值尚未接入；保留结构化待接入状态，不填 0，不进入地图图层或区域比较。 尚未接入可点击的区域统计来源链接。","2026-08-02"
"hungary_hajdu_bihar_regional_population_2025_quality_check","hungary_hajdu_bihar","hungary","NUTS3","regional_population","2025","false","true","false","true","European Commission / Eurostat GISCO geodata and NUTS usage conditions","https://ec.europa.eu/eurostat/web/gisco/geodata/statistical-units/territorial-units-statistics","true","Source: European Commission – Eurostat/GISCO; administrative boundaries: © EuroGeographics.","false","待确认：拟以 GISCO NUTS 2024 官方几何与元数据为基准，复核要素数、NUTS code、几何有效性、共享边界、重叠与缝隙。","false","not_started","public/data/boundaries/sandbox/hu_nuts3_gisco_2024.validation.json","manifest_detail_validation_recorded","20","20","20","20","20","20","0","0","0","0","detail_validation_recorded_pending_final_region_id_verification","false","precheck_zero_exceptions_pending_final_review","false","false","false","false","false","false","false","false","false","false","0","false","false","false","false","false","false","not_ready_for_public_display","false","true","true","false","true","true","false","true","false","false","false","false","false","true","待接入","v0.11 仅保留区域观测值结构；尚未接入具体 ADM1/NUTS3 区域统计表、来源链接和数值。","区域边界尚未接入几何文件；当前仅完成来源或占位登记。 区域统计观测值尚未接入；保留结构化待接入状态，不填 0，不进入地图图层或区域比较。 尚未接入可点击的区域统计来源链接。","2026-08-02"
"hungary_hajdu_bihar_regional_gdp_2025_quality_check","hungary_hajdu_bihar","hungary","NUTS3","regional_gdp","2025","false","true","false","true","European Commission / Eurostat GISCO geodata and NUTS usage conditions","https://ec.europa.eu/eurostat/web/gisco/geodata/statistical-units/territorial-units-statistics","true","Source: European Commission – Eurostat/GISCO; administrative boundaries: © EuroGeographics.","false","待确认：拟以 GISCO NUTS 2024 官方几何与元数据为基准，复核要素数、NUTS code、几何有效性、共享边界、重叠与缝隙。","false","not_started","public/data/boundaries/sandbox/hu_nuts3_gisco_2024.validation.json","manifest_detail_validation_recorded","20","20","20","20","20","20","0","0","0","0","detail_validation_recorded_pending_final_region_id_verification","false","precheck_zero_exceptions_pending_final_review","false","false","false","false","false","false","false","false","false","false","0","false","false","false","false","false","false","not_ready_for_public_display","false","true","true","false","true","true","false","true","false","false","false","false","false","true","待接入","v0.11 仅保留区域观测值结构；尚未接入具体 ADM1/NUTS3 区域统计表、来源链接和数值。","区域边界尚未接入几何文件；当前仅完成来源或占位登记。 区域统计观测值尚未接入；保留结构化待接入状态，不填 0，不进入地图图层或区域比较。 尚未接入可点击的区域统计来源链接。","2026-08-02"
"hungary_hajdu_bihar_regional_gdp_per_capita_2025_quality_check","hungary_hajdu_bihar","hungary","NUTS3","regional_gdp_per_capita","2025","false","true","false","true","European Commission / Eurostat GISCO geodata and NUTS usage conditions","https://ec.europa.eu/eurostat/web/gisco/geodata/statistical-units/territorial-units-statistics","true","Source: European Commission – Eurostat/GISCO; administrative boundaries: © EuroGeographics.","false","待确认：拟以 GISCO NUTS 2024 官方几何与元数据为基准，复核要素数、NUTS code、几何有效性、共享边界、重叠与缝隙。","false","not_started","public/data/boundaries/sandbox/hu_nuts3_gisco_2024.validation.json","manifest_detail_validation_recorded","20","20","20","20","20","20","0","0","0","0","detail_validation_recorded_pending_final_region_id_verification","false","precheck_zero_exceptions_pending_final_review","false","false","false","false","false","false","false","false","false","false","0","false","false","false","false","false","false","not_ready_for_public_display","false","true","true","false","true","true","false","true","true","false","false","false","false","true","待接入","v0.11 仅保留区域观测值结构；尚未接入具体 ADM1/NUTS3 区域统计表、来源链接和数值。","区域边界尚未接入几何文件；当前仅完成来源或占位登记。 区域统计观测值尚未接入；保留结构化待接入状态，不填 0，不进入地图图层或区域比较。 尚未接入可点击的区域统计来源链接。","2026-08-02"
"hungary_hajdu_bihar_regional_unemployment_rate_2025_quality_check","hungary_hajdu_bihar","hungary","NUTS3","regional_unemployment_rate","2025","false","true","false","true","European Commission / Eurostat GISCO geodata and NUTS usage conditions","https://ec.europa.eu/eurostat/web/gisco/geodata/statistical-units/territorial-units-statistics","true","Source: European Commission – Eurostat/GISCO; administrative boundaries: © EuroGeographics.","false","待确认：拟以 GISCO NUTS 2024 官方几何与元数据为基准，复核要素数、NUTS code、几何有效性、共享边界、重叠与缝隙。","false","not_started","public/data/boundaries/sandbox/hu_nuts3_gisco_2024.validation.json","manifest_detail_validation_recorded","20","20","20","20","20","20","0","0","0","0","detail_validation_recorded_pending_final_region_id_verification","false","precheck_zero_exceptions_pending_final_review","false","false","false","false","false","false","false","false","false","false","0","false","false","false","false","false","false","not_ready_for_public_display","false","true","true","false","true","true","false","true","false","false","false","false","false","true","待接入","v0.11 仅保留区域观测值结构；尚未接入具体 ADM1/NUTS3 区域统计表、来源链接和数值。","区域边界尚未接入几何文件；当前仅完成来源或占位登记。 区域统计观测值尚未接入；保留结构化待接入状态，不填 0，不进入地图图层或区域比较。 尚未接入可点击的区域统计来源链接。","2026-08-02"
"hungary_hajdu_bihar_regional_manufacturing_share_2025_quality_check","hungary_hajdu_bihar","hungary","NUTS3","regional_manufacturing_share","2025","false","true","false","true","European Commission / Eurostat GISCO geodata and NUTS usage conditions","https://ec.europa.eu/eurostat/web/gisco/geodata/statistical-units/territorial-units-statistics","true","Source: European Commission – Eurostat/GISCO; administrative boundaries: © EuroGeographics.","false","待确认：拟以 GISCO NUTS 2024 官方几何与元数据为基准，复核要素数、NUTS code、几何有效性、共享边界、重叠与缝隙。","false","not_started","public/data/boundaries/sandbox/hu_nuts3_gisco_2024.validation.json","manifest_detail_validation_recorded","20","20","20","20","20","20","0","0","0","0","detail_validation_recorded_pending_final_region_id_verification","false","precheck_zero_exceptions_pending_final_review","false","false","false","false","false","false","false","false","false","false","0","false","false","false","false","false","false","not_ready_for_public_display","false","true","true","false","true","true","false","true","true","false","false","false","false","true","待接入","v0.11 仅保留区域观测值结构；尚未接入具体 ADM1/NUTS3 区域统计表、来源链接和数值。","区域边界尚未接入几何文件；当前仅完成来源或占位登记。 区域统计观测值尚未接入；保留结构化待接入状态，不填 0，不进入地图图层或区域比较。 尚未接入可点击的区域统计来源链接。","2026-08-02"
"hungary_heves_regional_population_2025_quality_check","hungary_heves","hungary","NUTS3","regional_population","2025","false","true","false","true","European Commission / Eurostat GISCO geodata and NUTS usage conditions","https://ec.europa.eu/eurostat/web/gisco/geodata/statistical-units/territorial-units-statistics","true","Source: European Commission – Eurostat/GISCO; administrative boundaries: © EuroGeographics.","false","待确认：拟以 GISCO NUTS 2024 官方几何与元数据为基准，复核要素数、NUTS code、几何有效性、共享边界、重叠与缝隙。","false","not_started","public/data/boundaries/sandbox/hu_nuts3_gisco_2024.validation.json","manifest_detail_validation_recorded","20","20","20","20","20","20","0","0","0","0","detail_validation_recorded_pending_final_region_id_verification","false","precheck_zero_exceptions_pending_final_review","false","false","false","false","false","false","false","false","false","false","0","false","false","false","false","false","false","not_ready_for_public_display","false","true","true","false","true","true","false","true","false","false","false","false","false","true","待接入","v0.11 仅保留区域观测值结构；尚未接入具体 ADM1/NUTS3 区域统计表、来源链接和数值。","区域边界尚未接入几何文件；当前仅完成来源或占位登记。 区域统计观测值尚未接入；保留结构化待接入状态，不填 0，不进入地图图层或区域比较。 尚未接入可点击的区域统计来源链接。","2026-08-02"
"hungary_heves_regional_gdp_2025_quality_check","hungary_heves","hungary","NUTS3","regional_gdp","2025","false","true","false","true","European Commission / Eurostat GISCO geodata and NUTS usage conditions","https://ec.europa.eu/eurostat/web/gisco/geodata/statistical-units/territorial-units-statistics","true","Source: European Commission – Eurostat/GISCO; administrative boundaries: © EuroGeographics.","false","待确认：拟以 GISCO NUTS 2024 官方几何与元数据为基准，复核要素数、NUTS code、几何有效性、共享边界、重叠与缝隙。","false","not_started","public/data/boundaries/sandbox/hu_nuts3_gisco_2024.validation.json","manifest_detail_validation_recorded","20","20","20","20","20","20","0","0","0","0","detail_validation_recorded_pending_final_region_id_verification","false","precheck_zero_exceptions_pending_final_review","false","false","false","false","false","false","false","false","false","false","0","false","false","false","false","false","false","not_ready_for_public_display","false","true","true","false","true","true","false","true","false","false","false","false","false","true","待接入","v0.11 仅保留区域观测值结构；尚未接入具体 ADM1/NUTS3 区域统计表、来源链接和数值。","区域边界尚未接入几何文件；当前仅完成来源或占位登记。 区域统计观测值尚未接入；保留结构化待接入状态，不填 0，不进入地图图层或区域比较。 尚未接入可点击的区域统计来源链接。","2026-08-02"
"hungary_heves_regional_gdp_per_capita_2025_quality_check","hungary_heves","hungary","NUTS3","regional_gdp_per_capita","2025","false","true","false","true","European Commission / Eurostat GISCO geodata and NUTS usage conditions","https://ec.europa.eu/eurostat/web/gisco/geodata/statistical-units/territorial-units-statistics","true","Source: European Commission – Eurostat/GISCO; administrative boundaries: © EuroGeographics.","false","待确认：拟以 GISCO NUTS 2024 官方几何与元数据为基准，复核要素数、NUTS code、几何有效性、共享边界、重叠与缝隙。","false","not_started","public/data/boundaries/sandbox/hu_nuts3_gisco_2024.validation.json","manifest_detail_validation_recorded","20","20","20","20","20","20","0","0","0","0","detail_validation_recorded_pending_final_region_id_verification","false","precheck_zero_exceptions_pending_final_review","false","false","false","false","false","false","false","false","false","false","0","false","false","false","false","false","false","not_ready_for_public_display","false","true","true","false","true","true","false","true","true","false","false","false","false","true","待接入","v0.11 仅保留区域观测值结构；尚未接入具体 ADM1/NUTS3 区域统计表、来源链接和数值。","区域边界尚未接入几何文件；当前仅完成来源或占位登记。 区域统计观测值尚未接入；保留结构化待接入状态，不填 0，不进入地图图层或区域比较。 尚未接入可点击的区域统计来源链接。","2026-08-02"
"hungary_heves_regional_unemployment_rate_2025_quality_check","hungary_heves","hungary","NUTS3","regional_unemployment_rate","2025","false","true","false","true","European Commission / Eurostat GISCO geodata and NUTS usage conditions","https://ec.europa.eu/eurostat/web/gisco/geodata/statistical-units/territorial-units-statistics","true","Source: European Commission – Eurostat/GISCO; administrative boundaries: © EuroGeographics.","false","待确认：拟以 GISCO NUTS 2024 官方几何与元数据为基准，复核要素数、NUTS code、几何有效性、共享边界、重叠与缝隙。","false","not_started","public/data/boundaries/sandbox/hu_nuts3_gisco_2024.validation.json","manifest_detail_validation_recorded","20","20","20","20","20","20","0","0","0","0","detail_validation_recorded_pending_final_region_id_verification","false","precheck_zero_exceptions_pending_final_review","false","false","false","false","false","false","false","false","false","false","0","false","false","false","false","false","false","not_ready_for_public_display","false","true","true","false","true","true","false","true","false","false","false","false","false","true","待接入","v0.11 仅保留区域观测值结构；尚未接入具体 ADM1/NUTS3 区域统计表、来源链接和数值。","区域边界尚未接入几何文件；当前仅完成来源或占位登记。 区域统计观测值尚未接入；保留结构化待接入状态，不填 0，不进入地图图层或区域比较。 尚未接入可点击的区域统计来源链接。","2026-08-02"
"hungary_heves_regional_manufacturing_share_2025_quality_check","hungary_heves","hungary","NUTS3","regional_manufacturing_share","2025","false","true","false","true","European Commission / Eurostat GISCO geodata and NUTS usage conditions","https://ec.europa.eu/eurostat/web/gisco/geodata/statistical-units/territorial-units-statistics","true","Source: European Commission – Eurostat/GISCO; administrative boundaries: © EuroGeographics.","false","待确认：拟以 GISCO NUTS 2024 官方几何与元数据为基准，复核要素数、NUTS code、几何有效性、共享边界、重叠与缝隙。","false","not_started","public/data/boundaries/sandbox/hu_nuts3_gisco_2024.validation.json","manifest_detail_validation_recorded","20","20","20","20","20","20","0","0","0","0","detail_validation_recorded_pending_final_region_id_verification","false","precheck_zero_exceptions_pending_final_review","false","false","false","false","false","false","false","false","false","false","0","false","false","false","false","false","false","not_ready_for_public_display","false","true","true","false","true","true","false","true","true","false","false","false","false","true","待接入","v0.11 仅保留区域观测值结构；尚未接入具体 ADM1/NUTS3 区域统计表、来源链接和数值。","区域边界尚未接入几何文件；当前仅完成来源或占位登记。 区域统计观测值尚未接入；保留结构化待接入状态，不填 0，不进入地图图层或区域比较。 尚未接入可点击的区域统计来源链接。","2026-08-02"
"hungary_jasz_nagykun_szolnok_regional_population_2025_quality_check","hungary_jasz_nagykun_szolnok","hungary","NUTS3","regional_population","2025","false","true","false","true","European Commission / Eurostat GISCO geodata and NUTS usage conditions","https://ec.europa.eu/eurostat/web/gisco/geodata/statistical-units/territorial-units-statistics","true","Source: European Commission – Eurostat/GISCO; administrative boundaries: © EuroGeographics.","false","待确认：拟以 GISCO NUTS 2024 官方几何与元数据为基准，复核要素数、NUTS code、几何有效性、共享边界、重叠与缝隙。","false","not_started","public/data/boundaries/sandbox/hu_nuts3_gisco_2024.validation.json","manifest_detail_validation_recorded","20","20","20","20","20","20","0","0","0","0","detail_validation_recorded_pending_final_region_id_verification","false","precheck_zero_exceptions_pending_final_review","false","false","false","false","false","false","false","false","false","false","0","false","false","false","false","false","false","not_ready_for_public_display","false","true","true","false","true","true","false","true","false","false","false","false","false","true","待接入","v0.11 仅保留区域观测值结构；尚未接入具体 ADM1/NUTS3 区域统计表、来源链接和数值。","区域边界尚未接入几何文件；当前仅完成来源或占位登记。 区域统计观测值尚未接入；保留结构化待接入状态，不填 0，不进入地图图层或区域比较。 尚未接入可点击的区域统计来源链接。","2026-08-02"
"hungary_jasz_nagykun_szolnok_regional_gdp_2025_quality_check","hungary_jasz_nagykun_szolnok","hungary","NUTS3","regional_gdp","2025","false","true","false","true","European Commission / Eurostat GISCO geodata and NUTS usage conditions","https://ec.europa.eu/eurostat/web/gisco/geodata/statistical-units/territorial-units-statistics","true","Source: European Commission – Eurostat/GISCO; administrative boundaries: © EuroGeographics.","false","待确认：拟以 GISCO NUTS 2024 官方几何与元数据为基准，复核要素数、NUTS code、几何有效性、共享边界、重叠与缝隙。","false","not_started","public/data/boundaries/sandbox/hu_nuts3_gisco_2024.validation.json","manifest_detail_validation_recorded","20","20","20","20","20","20","0","0","0","0","detail_validation_recorded_pending_final_region_id_verification","false","precheck_zero_exceptions_pending_final_review","false","false","false","false","false","false","false","false","false","false","0","false","false","false","false","false","false","not_ready_for_public_display","false","true","true","false","true","true","false","true","false","false","false","false","false","true","待接入","v0.11 仅保留区域观测值结构；尚未接入具体 ADM1/NUTS3 区域统计表、来源链接和数值。","区域边界尚未接入几何文件；当前仅完成来源或占位登记。 区域统计观测值尚未接入；保留结构化待接入状态，不填 0，不进入地图图层或区域比较。 尚未接入可点击的区域统计来源链接。","2026-08-02"
"hungary_jasz_nagykun_szolnok_regional_gdp_per_capita_2025_quality_check","hungary_jasz_nagykun_szolnok","hungary","NUTS3","regional_gdp_per_capita","2025","false","true","false","true","European Commission / Eurostat GISCO geodata and NUTS usage conditions","https://ec.europa.eu/eurostat/web/gisco/geodata/statistical-units/territorial-units-statistics","true","Source: European Commission – Eurostat/GISCO; administrative boundaries: © EuroGeographics.","false","待确认：拟以 GISCO NUTS 2024 官方几何与元数据为基准，复核要素数、NUTS code、几何有效性、共享边界、重叠与缝隙。","false","not_started","public/data/boundaries/sandbox/hu_nuts3_gisco_2024.validation.json","manifest_detail_validation_recorded","20","20","20","20","20","20","0","0","0","0","detail_validation_recorded_pending_final_region_id_verification","false","precheck_zero_exceptions_pending_final_review","false","false","false","false","false","false","false","false","false","false","0","false","false","false","false","false","false","not_ready_for_public_display","false","true","true","false","true","true","false","true","true","false","false","false","false","true","待接入","v0.11 仅保留区域观测值结构；尚未接入具体 ADM1/NUTS3 区域统计表、来源链接和数值。","区域边界尚未接入几何文件；当前仅完成来源或占位登记。 区域统计观测值尚未接入；保留结构化待接入状态，不填 0，不进入地图图层或区域比较。 尚未接入可点击的区域统计来源链接。","2026-08-02"
"hungary_jasz_nagykun_szolnok_regional_unemployment_rate_2025_quality_check","hungary_jasz_nagykun_szolnok","hungary","NUTS3","regional_unemployment_rate","2025","false","true","false","true","European Commission / Eurostat GISCO geodata and NUTS usage conditions","https://ec.europa.eu/eurostat/web/gisco/geodata/statistical-units/territorial-units-statistics","true","Source: European Commission – Eurostat/GISCO; administrative boundaries: © EuroGeographics.","false","待确认：拟以 GISCO NUTS 2024 官方几何与元数据为基准，复核要素数、NUTS code、几何有效性、共享边界、重叠与缝隙。","false","not_started","public/data/boundaries/sandbox/hu_nuts3_gisco_2024.validation.json","manifest_detail_validation_recorded","20","20","20","20","20","20","0","0","0","0","detail_validation_recorded_pending_final_region_id_verification","false","precheck_zero_exceptions_pending_final_review","false","false","false","false","false","false","false","false","false","false","0","false","false","false","false","false","false","not_ready_for_public_display","false","true","true","false","true","true","false","true","false","false","false","false","false","true","待接入","v0.11 仅保留区域观测值结构；尚未接入具体 ADM1/NUTS3 区域统计表、来源链接和数值。","区域边界尚未接入几何文件；当前仅完成来源或占位登记。 区域统计观测值尚未接入；保留结构化待接入状态，不填 0，不进入地图图层或区域比较。 尚未接入可点击的区域统计来源链接。","2026-08-02"
"hungary_jasz_nagykun_szolnok_regional_manufacturing_share_2025_quality_check","hungary_jasz_nagykun_szolnok","hungary","NUTS3","regional_manufacturing_share","2025","false","true","false","true","European Commission / Eurostat GISCO geodata and NUTS usage conditions","https://ec.europa.eu/eurostat/web/gisco/geodata/statistical-units/territorial-units-statistics","true","Source: European Commission – Eurostat/GISCO; administrative boundaries: © EuroGeographics.","false","待确认：拟以 GISCO NUTS 2024 官方几何与元数据为基准，复核要素数、NUTS code、几何有效性、共享边界、重叠与缝隙。","false","not_started","public/data/boundaries/sandbox/hu_nuts3_gisco_2024.validation.json","manifest_detail_validation_recorded","20","20","20","20","20","20","0","0","0","0","detail_validation_recorded_pending_final_region_id_verification","false","precheck_zero_exceptions_pending_final_review","false","false","false","false","false","false","false","false","false","false","0","false","false","false","false","false","false","not_ready_for_public_display","false","true","true","false","true","true","false","true","true","false","false","false","false","true","待接入","v0.11 仅保留区域观测值结构；尚未接入具体 ADM1/NUTS3 区域统计表、来源链接和数值。","区域边界尚未接入几何文件；当前仅完成来源或占位登记。 区域统计观测值尚未接入；保留结构化待接入状态，不填 0，不进入地图图层或区域比较。 尚未接入可点击的区域统计来源链接。","2026-08-02"
"hungary_komarom_esztergom_regional_population_2025_quality_check","hungary_komarom_esztergom","hungary","NUTS3","regional_population","2025","false","true","false","true","European Commission / Eurostat GISCO geodata and NUTS usage conditions","https://ec.europa.eu/eurostat/web/gisco/geodata/statistical-units/territorial-units-statistics","true","Source: European Commission – Eurostat/GISCO; administrative boundaries: © EuroGeographics.","false","待确认：拟以 GISCO NUTS 2024 官方几何与元数据为基准，复核要素数、NUTS code、几何有效性、共享边界、重叠与缝隙。","false","not_started","public/data/boundaries/sandbox/hu_nuts3_gisco_2024.validation.json","manifest_detail_validation_recorded","20","20","20","20","20","20","0","0","0","0","detail_validation_recorded_pending_final_region_id_verification","false","precheck_zero_exceptions_pending_final_review","false","false","false","false","false","false","false","false","false","false","0","false","false","false","false","false","false","not_ready_for_public_display","false","true","true","false","true","true","false","true","false","false","false","false","false","true","待接入","v0.11 仅保留区域观测值结构；尚未接入具体 ADM1/NUTS3 区域统计表、来源链接和数值。","区域边界尚未接入几何文件；当前仅完成来源或占位登记。 区域统计观测值尚未接入；保留结构化待接入状态，不填 0，不进入地图图层或区域比较。 尚未接入可点击的区域统计来源链接。","2026-08-02"
"hungary_komarom_esztergom_regional_gdp_2025_quality_check","hungary_komarom_esztergom","hungary","NUTS3","regional_gdp","2025","false","true","false","true","European Commission / Eurostat GISCO geodata and NUTS usage conditions","https://ec.europa.eu/eurostat/web/gisco/geodata/statistical-units/territorial-units-statistics","true","Source: European Commission – Eurostat/GISCO; administrative boundaries: © EuroGeographics.","false","待确认：拟以 GISCO NUTS 2024 官方几何与元数据为基准，复核要素数、NUTS code、几何有效性、共享边界、重叠与缝隙。","false","not_started","public/data/boundaries/sandbox/hu_nuts3_gisco_2024.validation.json","manifest_detail_validation_recorded","20","20","20","20","20","20","0","0","0","0","detail_validation_recorded_pending_final_region_id_verification","false","precheck_zero_exceptions_pending_final_review","false","false","false","false","false","false","false","false","false","false","0","false","false","false","false","false","false","not_ready_for_public_display","false","true","true","false","true","true","false","true","false","false","false","false","false","true","待接入","v0.11 仅保留区域观测值结构；尚未接入具体 ADM1/NUTS3 区域统计表、来源链接和数值。","区域边界尚未接入几何文件；当前仅完成来源或占位登记。 区域统计观测值尚未接入；保留结构化待接入状态，不填 0，不进入地图图层或区域比较。 尚未接入可点击的区域统计来源链接。","2026-08-02"
"hungary_komarom_esztergom_regional_gdp_per_capita_2025_quality_check","hungary_komarom_esztergom","hungary","NUTS3","regional_gdp_per_capita","2025","false","true","false","true","European Commission / Eurostat GISCO geodata and NUTS usage conditions","https://ec.europa.eu/eurostat/web/gisco/geodata/statistical-units/territorial-units-statistics","true","Source: European Commission – Eurostat/GISCO; administrative boundaries: © EuroGeographics.","false","待确认：拟以 GISCO NUTS 2024 官方几何与元数据为基准，复核要素数、NUTS code、几何有效性、共享边界、重叠与缝隙。","false","not_started","public/data/boundaries/sandbox/hu_nuts3_gisco_2024.validation.json","manifest_detail_validation_recorded","20","20","20","20","20","20","0","0","0","0","detail_validation_recorded_pending_final_region_id_verification","false","precheck_zero_exceptions_pending_final_review","false","false","false","false","false","false","false","false","false","false","0","false","false","false","false","false","false","not_ready_for_public_display","false","true","true","false","true","true","false","true","true","false","false","false","false","true","待接入","v0.11 仅保留区域观测值结构；尚未接入具体 ADM1/NUTS3 区域统计表、来源链接和数值。","区域边界尚未接入几何文件；当前仅完成来源或占位登记。 区域统计观测值尚未接入；保留结构化待接入状态，不填 0，不进入地图图层或区域比较。 尚未接入可点击的区域统计来源链接。","2026-08-02"
"hungary_komarom_esztergom_regional_unemployment_rate_2025_quality_check","hungary_komarom_esztergom","hungary","NUTS3","regional_unemployment_rate","2025","false","true","false","true","European Commission / Eurostat GISCO geodata and NUTS usage conditions","https://ec.europa.eu/eurostat/web/gisco/geodata/statistical-units/territorial-units-statistics","true","Source: European Commission – Eurostat/GISCO; administrative boundaries: © EuroGeographics.","false","待确认：拟以 GISCO NUTS 2024 官方几何与元数据为基准，复核要素数、NUTS code、几何有效性、共享边界、重叠与缝隙。","false","not_started","public/data/boundaries/sandbox/hu_nuts3_gisco_2024.validation.json","manifest_detail_validation_recorded","20","20","20","20","20","20","0","0","0","0","detail_validation_recorded_pending_final_region_id_verification","false","precheck_zero_exceptions_pending_final_review","false","false","false","false","false","false","false","false","false","false","0","false","false","false","false","false","false","not_ready_for_public_display","false","true","true","false","true","true","false","true","false","false","false","false","false","true","待接入","v0.11 仅保留区域观测值结构；尚未接入具体 ADM1/NUTS3 区域统计表、来源链接和数值。","区域边界尚未接入几何文件；当前仅完成来源或占位登记。 区域统计观测值尚未接入；保留结构化待接入状态，不填 0，不进入地图图层或区域比较。 尚未接入可点击的区域统计来源链接。","2026-08-02"
"hungary_komarom_esztergom_regional_manufacturing_share_2025_quality_check","hungary_komarom_esztergom","hungary","NUTS3","regional_manufacturing_share","2025","false","true","false","true","European Commission / Eurostat GISCO geodata and NUTS usage conditions","https://ec.europa.eu/eurostat/web/gisco/geodata/statistical-units/territorial-units-statistics","true","Source: European Commission – Eurostat/GISCO; administrative boundaries: © EuroGeographics.","false","待确认：拟以 GISCO NUTS 2024 官方几何与元数据为基准，复核要素数、NUTS code、几何有效性、共享边界、重叠与缝隙。","false","not_started","public/data/boundaries/sandbox/hu_nuts3_gisco_2024.validation.json","manifest_detail_validation_recorded","20","20","20","20","20","20","0","0","0","0","detail_validation_recorded_pending_final_region_id_verification","false","precheck_zero_exceptions_pending_final_review","false","false","false","false","false","false","false","false","false","false","0","false","false","false","false","false","false","not_ready_for_public_display","false","true","true","false","true","true","false","true","true","false","false","false","false","true","待接入","v0.11 仅保留区域观测值结构；尚未接入具体 ADM1/NUTS3 区域统计表、来源链接和数值。","区域边界尚未接入几何文件；当前仅完成来源或占位登记。 区域统计观测值尚未接入；保留结构化待接入状态，不填 0，不进入地图图层或区域比较。 尚未接入可点击的区域统计来源链接。","2026-08-02"
"hungary_nograd_regional_population_2025_quality_check","hungary_nograd","hungary","NUTS3","regional_population","2025","false","true","false","true","European Commission / Eurostat GISCO geodata and NUTS usage conditions","https://ec.europa.eu/eurostat/web/gisco/geodata/statistical-units/territorial-units-statistics","true","Source: European Commission – Eurostat/GISCO; administrative boundaries: © EuroGeographics.","false","待确认：拟以 GISCO NUTS 2024 官方几何与元数据为基准，复核要素数、NUTS code、几何有效性、共享边界、重叠与缝隙。","false","not_started","public/data/boundaries/sandbox/hu_nuts3_gisco_2024.validation.json","manifest_detail_validation_recorded","20","20","20","20","20","20","0","0","0","0","detail_validation_recorded_pending_final_region_id_verification","false","precheck_zero_exceptions_pending_final_review","false","false","false","false","false","false","false","false","false","false","0","false","false","false","false","false","false","not_ready_for_public_display","false","true","true","false","true","true","false","true","false","false","false","false","false","true","待接入","v0.11 仅保留区域观测值结构；尚未接入具体 ADM1/NUTS3 区域统计表、来源链接和数值。","区域边界尚未接入几何文件；当前仅完成来源或占位登记。 区域统计观测值尚未接入；保留结构化待接入状态，不填 0，不进入地图图层或区域比较。 尚未接入可点击的区域统计来源链接。","2026-08-02"
"hungary_nograd_regional_gdp_2025_quality_check","hungary_nograd","hungary","NUTS3","regional_gdp","2025","false","true","false","true","European Commission / Eurostat GISCO geodata and NUTS usage conditions","https://ec.europa.eu/eurostat/web/gisco/geodata/statistical-units/territorial-units-statistics","true","Source: European Commission – Eurostat/GISCO; administrative boundaries: © EuroGeographics.","false","待确认：拟以 GISCO NUTS 2024 官方几何与元数据为基准，复核要素数、NUTS code、几何有效性、共享边界、重叠与缝隙。","false","not_started","public/data/boundaries/sandbox/hu_nuts3_gisco_2024.validation.json","manifest_detail_validation_recorded","20","20","20","20","20","20","0","0","0","0","detail_validation_recorded_pending_final_region_id_verification","false","precheck_zero_exceptions_pending_final_review","false","false","false","false","false","false","false","false","false","false","0","false","false","false","false","false","false","not_ready_for_public_display","false","true","true","false","true","true","false","true","false","false","false","false","false","true","待接入","v0.11 仅保留区域观测值结构；尚未接入具体 ADM1/NUTS3 区域统计表、来源链接和数值。","区域边界尚未接入几何文件；当前仅完成来源或占位登记。 区域统计观测值尚未接入；保留结构化待接入状态，不填 0，不进入地图图层或区域比较。 尚未接入可点击的区域统计来源链接。","2026-08-02"
"hungary_nograd_regional_gdp_per_capita_2025_quality_check","hungary_nograd","hungary","NUTS3","regional_gdp_per_capita","2025","false","true","false","true","European Commission / Eurostat GISCO geodata and NUTS usage conditions","https://ec.europa.eu/eurostat/web/gisco/geodata/statistical-units/territorial-units-statistics","true","Source: European Commission – Eurostat/GISCO; administrative boundaries: © EuroGeographics.","false","待确认：拟以 GISCO NUTS 2024 官方几何与元数据为基准，复核要素数、NUTS code、几何有效性、共享边界、重叠与缝隙。","false","not_started","public/data/boundaries/sandbox/hu_nuts3_gisco_2024.validation.json","manifest_detail_validation_recorded","20","20","20","20","20","20","0","0","0","0","detail_validation_recorded_pending_final_region_id_verification","false","precheck_zero_exceptions_pending_final_review","false","false","false","false","false","false","false","false","false","false","0","false","false","false","false","false","false","not_ready_for_public_display","false","true","true","false","true","true","false","true","true","false","false","false","false","true","待接入","v0.11 仅保留区域观测值结构；尚未接入具体 ADM1/NUTS3 区域统计表、来源链接和数值。","区域边界尚未接入几何文件；当前仅完成来源或占位登记。 区域统计观测值尚未接入；保留结构化待接入状态，不填 0，不进入地图图层或区域比较。 尚未接入可点击的区域统计来源链接。","2026-08-02"
"hungary_nograd_regional_unemployment_rate_2025_quality_check","hungary_nograd","hungary","NUTS3","regional_unemployment_rate","2025","false","true","false","true","European Commission / Eurostat GISCO geodata and NUTS usage conditions","https://ec.europa.eu/eurostat/web/gisco/geodata/statistical-units/territorial-units-statistics","true","Source: European Commission – Eurostat/GISCO; administrative boundaries: © EuroGeographics.","false","待确认：拟以 GISCO NUTS 2024 官方几何与元数据为基准，复核要素数、NUTS code、几何有效性、共享边界、重叠与缝隙。","false","not_started","public/data/boundaries/sandbox/hu_nuts3_gisco_2024.validation.json","manifest_detail_validation_recorded","20","20","20","20","20","20","0","0","0","0","detail_validation_recorded_pending_final_region_id_verification","false","precheck_zero_exceptions_pending_final_review","false","false","false","false","false","false","false","false","false","false","0","false","false","false","false","false","false","not_ready_for_public_display","false","true","true","false","true","true","false","true","false","false","false","false","false","true","待接入","v0.11 仅保留区域观测值结构；尚未接入具体 ADM1/NUTS3 区域统计表、来源链接和数值。","区域边界尚未接入几何文件；当前仅完成来源或占位登记。 区域统计观测值尚未接入；保留结构化待接入状态，不填 0，不进入地图图层或区域比较。 尚未接入可点击的区域统计来源链接。","2026-08-02"
"hungary_nograd_regional_manufacturing_share_2025_quality_check","hungary_nograd","hungary","NUTS3","regional_manufacturing_share","2025","false","true","false","true","European Commission / Eurostat GISCO geodata and NUTS usage conditions","https://ec.europa.eu/eurostat/web/gisco/geodata/statistical-units/territorial-units-statistics","true","Source: European Commission – Eurostat/GISCO; administrative boundaries: © EuroGeographics.","false","待确认：拟以 GISCO NUTS 2024 官方几何与元数据为基准，复核要素数、NUTS code、几何有效性、共享边界、重叠与缝隙。","false","not_started","public/data/boundaries/sandbox/hu_nuts3_gisco_2024.validation.json","manifest_detail_validation_recorded","20","20","20","20","20","20","0","0","0","0","detail_validation_recorded_pending_final_region_id_verification","false","precheck_zero_exceptions_pending_final_review","false","false","false","false","false","false","false","false","false","false","0","false","false","false","false","false","false","not_ready_for_public_display","false","true","true","false","true","true","false","true","true","false","false","false","false","true","待接入","v0.11 仅保留区域观测值结构；尚未接入具体 ADM1/NUTS3 区域统计表、来源链接和数值。","区域边界尚未接入几何文件；当前仅完成来源或占位登记。 区域统计观测值尚未接入；保留结构化待接入状态，不填 0，不进入地图图层或区域比较。 尚未接入可点击的区域统计来源链接。","2026-08-02"
"hungary_pest_regional_population_2025_quality_check","hungary_pest","hungary","NUTS3","regional_population","2025","false","true","false","true","European Commission / Eurostat GISCO geodata and NUTS usage conditions","https://ec.europa.eu/eurostat/web/gisco/geodata/statistical-units/territorial-units-statistics","true","Source: European Commission – Eurostat/GISCO; administrative boundaries: © EuroGeographics.","false","待确认：拟以 GISCO NUTS 2024 官方几何与元数据为基准，复核要素数、NUTS code、几何有效性、共享边界、重叠与缝隙。","false","not_started","public/data/boundaries/sandbox/hu_nuts3_gisco_2024.validation.json","manifest_detail_validation_recorded","20","20","20","20","20","20","0","0","0","0","detail_validation_recorded_pending_final_region_id_verification","false","precheck_zero_exceptions_pending_final_review","false","false","false","false","false","false","false","false","false","false","0","false","false","false","false","false","false","not_ready_for_public_display","false","true","true","false","true","true","false","true","false","false","false","false","false","true","待接入","v0.11 仅保留区域观测值结构；尚未接入具体 ADM1/NUTS3 区域统计表、来源链接和数值。","区域边界尚未接入几何文件；当前仅完成来源或占位登记。 区域统计观测值尚未接入；保留结构化待接入状态，不填 0，不进入地图图层或区域比较。 尚未接入可点击的区域统计来源链接。","2026-08-02"
"hungary_pest_regional_gdp_2025_quality_check","hungary_pest","hungary","NUTS3","regional_gdp","2025","false","true","false","true","European Commission / Eurostat GISCO geodata and NUTS usage conditions","https://ec.europa.eu/eurostat/web/gisco/geodata/statistical-units/territorial-units-statistics","true","Source: European Commission – Eurostat/GISCO; administrative boundaries: © EuroGeographics.","false","待确认：拟以 GISCO NUTS 2024 官方几何与元数据为基准，复核要素数、NUTS code、几何有效性、共享边界、重叠与缝隙。","false","not_started","public/data/boundaries/sandbox/hu_nuts3_gisco_2024.validation.json","manifest_detail_validation_recorded","20","20","20","20","20","20","0","0","0","0","detail_validation_recorded_pending_final_region_id_verification","false","precheck_zero_exceptions_pending_final_review","false","false","false","false","false","false","false","false","false","false","0","false","false","false","false","false","false","not_ready_for_public_display","false","true","true","false","true","true","false","true","false","false","false","false","false","true","待接入","v0.11 仅保留区域观测值结构；尚未接入具体 ADM1/NUTS3 区域统计表、来源链接和数值。","区域边界尚未接入几何文件；当前仅完成来源或占位登记。 区域统计观测值尚未接入；保留结构化待接入状态，不填 0，不进入地图图层或区域比较。 尚未接入可点击的区域统计来源链接。","2026-08-02"
"hungary_pest_regional_gdp_per_capita_2025_quality_check","hungary_pest","hungary","NUTS3","regional_gdp_per_capita","2025","false","true","false","true","European Commission / Eurostat GISCO geodata and NUTS usage conditions","https://ec.europa.eu/eurostat/web/gisco/geodata/statistical-units/territorial-units-statistics","true","Source: European Commission – Eurostat/GISCO; administrative boundaries: © EuroGeographics.","false","待确认：拟以 GISCO NUTS 2024 官方几何与元数据为基准，复核要素数、NUTS code、几何有效性、共享边界、重叠与缝隙。","false","not_started","public/data/boundaries/sandbox/hu_nuts3_gisco_2024.validation.json","manifest_detail_validation_recorded","20","20","20","20","20","20","0","0","0","0","detail_validation_recorded_pending_final_region_id_verification","false","precheck_zero_exceptions_pending_final_review","false","false","false","false","false","false","false","false","false","false","0","false","false","false","false","false","false","not_ready_for_public_display","false","true","true","false","true","true","false","true","true","false","false","false","false","true","待接入","v0.11 仅保留区域观测值结构；尚未接入具体 ADM1/NUTS3 区域统计表、来源链接和数值。","区域边界尚未接入几何文件；当前仅完成来源或占位登记。 区域统计观测值尚未接入；保留结构化待接入状态，不填 0，不进入地图图层或区域比较。 尚未接入可点击的区域统计来源链接。","2026-08-02"
"hungary_pest_regional_unemployment_rate_2025_quality_check","hungary_pest","hungary","NUTS3","regional_unemployment_rate","2025","false","true","false","true","European Commission / Eurostat GISCO geodata and NUTS usage conditions","https://ec.europa.eu/eurostat/web/gisco/geodata/statistical-units/territorial-units-statistics","true","Source: European Commission – Eurostat/GISCO; administrative boundaries: © EuroGeographics.","false","待确认：拟以 GISCO NUTS 2024 官方几何与元数据为基准，复核要素数、NUTS code、几何有效性、共享边界、重叠与缝隙。","false","not_started","public/data/boundaries/sandbox/hu_nuts3_gisco_2024.validation.json","manifest_detail_validation_recorded","20","20","20","20","20","20","0","0","0","0","detail_validation_recorded_pending_final_region_id_verification","false","precheck_zero_exceptions_pending_final_review","false","false","false","false","false","false","false","false","false","false","0","false","false","false","false","false","false","not_ready_for_public_display","false","true","true","false","true","true","false","true","false","false","false","false","false","true","待接入","v0.11 仅保留区域观测值结构；尚未接入具体 ADM1/NUTS3 区域统计表、来源链接和数值。","区域边界尚未接入几何文件；当前仅完成来源或占位登记。 区域统计观测值尚未接入；保留结构化待接入状态，不填 0，不进入地图图层或区域比较。 尚未接入可点击的区域统计来源链接。","2026-08-02"
"hungary_pest_regional_manufacturing_share_2025_quality_check","hungary_pest","hungary","NUTS3","regional_manufacturing_share","2025","false","true","false","true","European Commission / Eurostat GISCO geodata and NUTS usage conditions","https://ec.europa.eu/eurostat/web/gisco/geodata/statistical-units/territorial-units-statistics","true","Source: European Commission – Eurostat/GISCO; administrative boundaries: © EuroGeographics.","false","待确认：拟以 GISCO NUTS 2024 官方几何与元数据为基准，复核要素数、NUTS code、几何有效性、共享边界、重叠与缝隙。","false","not_started","public/data/boundaries/sandbox/hu_nuts3_gisco_2024.validation.json","manifest_detail_validation_recorded","20","20","20","20","20","20","0","0","0","0","detail_validation_recorded_pending_final_region_id_verification","false","precheck_zero_exceptions_pending_final_review","false","false","false","false","false","false","false","false","false","false","0","false","false","false","false","false","false","not_ready_for_public_display","false","true","true","false","true","true","false","true","true","false","false","false","false","true","待接入","v0.11 仅保留区域观测值结构；尚未接入具体 ADM1/NUTS3 区域统计表、来源链接和数值。","区域边界尚未接入几何文件；当前仅完成来源或占位登记。 区域统计观测值尚未接入；保留结构化待接入状态，不填 0，不进入地图图层或区域比较。 尚未接入可点击的区域统计来源链接。","2026-08-02"
"hungary_somogy_regional_population_2025_quality_check","hungary_somogy","hungary","NUTS3","regional_population","2025","false","true","false","true","European Commission / Eurostat GISCO geodata and NUTS usage conditions","https://ec.europa.eu/eurostat/web/gisco/geodata/statistical-units/territorial-units-statistics","true","Source: European Commission – Eurostat/GISCO; administrative boundaries: © EuroGeographics.","false","待确认：拟以 GISCO NUTS 2024 官方几何与元数据为基准，复核要素数、NUTS code、几何有效性、共享边界、重叠与缝隙。","false","not_started","public/data/boundaries/sandbox/hu_nuts3_gisco_2024.validation.json","manifest_detail_validation_recorded","20","20","20","20","20","20","0","0","0","0","detail_validation_recorded_pending_final_region_id_verification","false","precheck_zero_exceptions_pending_final_review","false","false","false","false","false","false","false","false","false","false","0","false","false","false","false","false","false","not_ready_for_public_display","false","true","true","false","true","true","false","true","false","false","false","false","false","true","待接入","v0.11 仅保留区域观测值结构；尚未接入具体 ADM1/NUTS3 区域统计表、来源链接和数值。","区域边界尚未接入几何文件；当前仅完成来源或占位登记。 区域统计观测值尚未接入；保留结构化待接入状态，不填 0，不进入地图图层或区域比较。 尚未接入可点击的区域统计来源链接。","2026-08-02"
"hungary_somogy_regional_gdp_2025_quality_check","hungary_somogy","hungary","NUTS3","regional_gdp","2025","false","true","false","true","European Commission / Eurostat GISCO geodata and NUTS usage conditions","https://ec.europa.eu/eurostat/web/gisco/geodata/statistical-units/territorial-units-statistics","true","Source: European Commission – Eurostat/GISCO; administrative boundaries: © EuroGeographics.","false","待确认：拟以 GISCO NUTS 2024 官方几何与元数据为基准，复核要素数、NUTS code、几何有效性、共享边界、重叠与缝隙。","false","not_started","public/data/boundaries/sandbox/hu_nuts3_gisco_2024.validation.json","manifest_detail_validation_recorded","20","20","20","20","20","20","0","0","0","0","detail_validation_recorded_pending_final_region_id_verification","false","precheck_zero_exceptions_pending_final_review","false","false","false","false","false","false","false","false","false","false","0","false","false","false","false","false","false","not_ready_for_public_display","false","true","true","false","true","true","false","true","false","false","false","false","false","true","待接入","v0.11 仅保留区域观测值结构；尚未接入具体 ADM1/NUTS3 区域统计表、来源链接和数值。","区域边界尚未接入几何文件；当前仅完成来源或占位登记。 区域统计观测值尚未接入；保留结构化待接入状态，不填 0，不进入地图图层或区域比较。 尚未接入可点击的区域统计来源链接。","2026-08-02"
"hungary_somogy_regional_gdp_per_capita_2025_quality_check","hungary_somogy","hungary","NUTS3","regional_gdp_per_capita","2025","false","true","false","true","European Commission / Eurostat GISCO geodata and NUTS usage conditions","https://ec.europa.eu/eurostat/web/gisco/geodata/statistical-units/territorial-units-statistics","true","Source: European Commission – Eurostat/GISCO; administrative boundaries: © EuroGeographics.","false","待确认：拟以 GISCO NUTS 2024 官方几何与元数据为基准，复核要素数、NUTS code、几何有效性、共享边界、重叠与缝隙。","false","not_started","public/data/boundaries/sandbox/hu_nuts3_gisco_2024.validation.json","manifest_detail_validation_recorded","20","20","20","20","20","20","0","0","0","0","detail_validation_recorded_pending_final_region_id_verification","false","precheck_zero_exceptions_pending_final_review","false","false","false","false","false","false","false","false","false","false","0","false","false","false","false","false","false","not_ready_for_public_display","false","true","true","false","true","true","false","true","true","false","false","false","false","true","待接入","v0.11 仅保留区域观测值结构；尚未接入具体 ADM1/NUTS3 区域统计表、来源链接和数值。","区域边界尚未接入几何文件；当前仅完成来源或占位登记。 区域统计观测值尚未接入；保留结构化待接入状态，不填 0，不进入地图图层或区域比较。 尚未接入可点击的区域统计来源链接。","2026-08-02"
"hungary_somogy_regional_unemployment_rate_2025_quality_check","hungary_somogy","hungary","NUTS3","regional_unemployment_rate","2025","false","true","false","true","European Commission / Eurostat GISCO geodata and NUTS usage conditions","https://ec.europa.eu/eurostat/web/gisco/geodata/statistical-units/territorial-units-statistics","true","Source: European Commission – Eurostat/GISCO; administrative boundaries: © EuroGeographics.","false","待确认：拟以 GISCO NUTS 2024 官方几何与元数据为基准，复核要素数、NUTS code、几何有效性、共享边界、重叠与缝隙。","false","not_started","public/data/boundaries/sandbox/hu_nuts3_gisco_2024.validation.json","manifest_detail_validation_recorded","20","20","20","20","20","20","0","0","0","0","detail_validation_recorded_pending_final_region_id_verification","false","precheck_zero_exceptions_pending_final_review","false","false","false","false","false","false","false","false","false","false","0","false","false","false","false","false","false","not_ready_for_public_display","false","true","true","false","true","true","false","true","false","false","false","false","false","true","待接入","v0.11 仅保留区域观测值结构；尚未接入具体 ADM1/NUTS3 区域统计表、来源链接和数值。","区域边界尚未接入几何文件；当前仅完成来源或占位登记。 区域统计观测值尚未接入；保留结构化待接入状态，不填 0，不进入地图图层或区域比较。 尚未接入可点击的区域统计来源链接。","2026-08-02"
"hungary_somogy_regional_manufacturing_share_2025_quality_check","hungary_somogy","hungary","NUTS3","regional_manufacturing_share","2025","false","true","false","true","European Commission / Eurostat GISCO geodata and NUTS usage conditions","https://ec.europa.eu/eurostat/web/gisco/geodata/statistical-units/territorial-units-statistics","true","Source: European Commission – Eurostat/GISCO; administrative boundaries: © EuroGeographics.","false","待确认：拟以 GISCO NUTS 2024 官方几何与元数据为基准，复核要素数、NUTS code、几何有效性、共享边界、重叠与缝隙。","false","not_started","public/data/boundaries/sandbox/hu_nuts3_gisco_2024.validation.json","manifest_detail_validation_recorded","20","20","20","20","20","20","0","0","0","0","detail_validation_recorded_pending_final_region_id_verification","false","precheck_zero_exceptions_pending_final_review","false","false","false","false","false","false","false","false","false","false","0","false","false","false","false","false","false","not_ready_for_public_display","false","true","true","false","true","true","false","true","true","false","false","false","false","true","待接入","v0.11 仅保留区域观测值结构；尚未接入具体 ADM1/NUTS3 区域统计表、来源链接和数值。","区域边界尚未接入几何文件；当前仅完成来源或占位登记。 区域统计观测值尚未接入；保留结构化待接入状态，不填 0，不进入地图图层或区域比较。 尚未接入可点击的区域统计来源链接。","2026-08-02"
"hungary_szabolcs_szatmar_bereg_regional_population_2025_quality_check","hungary_szabolcs_szatmar_bereg","hungary","NUTS3","regional_population","2025","false","true","false","true","European Commission / Eurostat GISCO geodata and NUTS usage conditions","https://ec.europa.eu/eurostat/web/gisco/geodata/statistical-units/territorial-units-statistics","true","Source: European Commission – Eurostat/GISCO; administrative boundaries: © EuroGeographics.","false","待确认：拟以 GISCO NUTS 2024 官方几何与元数据为基准，复核要素数、NUTS code、几何有效性、共享边界、重叠与缝隙。","false","not_started","public/data/boundaries/sandbox/hu_nuts3_gisco_2024.validation.json","manifest_detail_validation_recorded","20","20","20","20","20","20","0","0","0","0","detail_validation_recorded_pending_final_region_id_verification","false","precheck_zero_exceptions_pending_final_review","false","false","false","false","false","false","false","false","false","false","0","false","false","false","false","false","false","not_ready_for_public_display","false","true","true","false","true","true","false","true","false","false","false","false","false","true","待接入","v0.11 仅保留区域观测值结构；尚未接入具体 ADM1/NUTS3 区域统计表、来源链接和数值。","区域边界尚未接入几何文件；当前仅完成来源或占位登记。 区域统计观测值尚未接入；保留结构化待接入状态，不填 0，不进入地图图层或区域比较。 尚未接入可点击的区域统计来源链接。","2026-08-02"
"hungary_szabolcs_szatmar_bereg_regional_gdp_2025_quality_check","hungary_szabolcs_szatmar_bereg","hungary","NUTS3","regional_gdp","2025","false","true","false","true","European Commission / Eurostat GISCO geodata and NUTS usage conditions","https://ec.europa.eu/eurostat/web/gisco/geodata/statistical-units/territorial-units-statistics","true","Source: European Commission – Eurostat/GISCO; administrative boundaries: © EuroGeographics.","false","待确认：拟以 GISCO NUTS 2024 官方几何与元数据为基准，复核要素数、NUTS code、几何有效性、共享边界、重叠与缝隙。","false","not_started","public/data/boundaries/sandbox/hu_nuts3_gisco_2024.validation.json","manifest_detail_validation_recorded","20","20","20","20","20","20","0","0","0","0","detail_validation_recorded_pending_final_region_id_verification","false","precheck_zero_exceptions_pending_final_review","false","false","false","false","false","false","false","false","false","false","0","false","false","false","false","false","false","not_ready_for_public_display","false","true","true","false","true","true","false","true","false","false","false","false","false","true","待接入","v0.11 仅保留区域观测值结构；尚未接入具体 ADM1/NUTS3 区域统计表、来源链接和数值。","区域边界尚未接入几何文件；当前仅完成来源或占位登记。 区域统计观测值尚未接入；保留结构化待接入状态，不填 0，不进入地图图层或区域比较。 尚未接入可点击的区域统计来源链接。","2026-08-02"
"hungary_szabolcs_szatmar_bereg_regional_gdp_per_capita_2025_quality_check","hungary_szabolcs_szatmar_bereg","hungary","NUTS3","regional_gdp_per_capita","2025","false","true","false","true","European Commission / Eurostat GISCO geodata and NUTS usage conditions","https://ec.europa.eu/eurostat/web/gisco/geodata/statistical-units/territorial-units-statistics","true","Source: European Commission – Eurostat/GISCO; administrative boundaries: © EuroGeographics.","false","待确认：拟以 GISCO NUTS 2024 官方几何与元数据为基准，复核要素数、NUTS code、几何有效性、共享边界、重叠与缝隙。","false","not_started","public/data/boundaries/sandbox/hu_nuts3_gisco_2024.validation.json","manifest_detail_validation_recorded","20","20","20","20","20","20","0","0","0","0","detail_validation_recorded_pending_final_region_id_verification","false","precheck_zero_exceptions_pending_final_review","false","false","false","false","false","false","false","false","false","false","0","false","false","false","false","false","false","not_ready_for_public_display","false","true","true","false","true","true","false","true","true","false","false","false","false","true","待接入","v0.11 仅保留区域观测值结构；尚未接入具体 ADM1/NUTS3 区域统计表、来源链接和数值。","区域边界尚未接入几何文件；当前仅完成来源或占位登记。 区域统计观测值尚未接入；保留结构化待接入状态，不填 0，不进入地图图层或区域比较。 尚未接入可点击的区域统计来源链接。","2026-08-02"
"hungary_szabolcs_szatmar_bereg_regional_unemployment_rate_2025_quality_check","hungary_szabolcs_szatmar_bereg","hungary","NUTS3","regional_unemployment_rate","2025","false","true","false","true","European Commission / Eurostat GISCO geodata and NUTS usage conditions","https://ec.europa.eu/eurostat/web/gisco/geodata/statistical-units/territorial-units-statistics","true","Source: European Commission – Eurostat/GISCO; administrative boundaries: © EuroGeographics.","false","待确认：拟以 GISCO NUTS 2024 官方几何与元数据为基准，复核要素数、NUTS code、几何有效性、共享边界、重叠与缝隙。","false","not_started","public/data/boundaries/sandbox/hu_nuts3_gisco_2024.validation.json","manifest_detail_validation_recorded","20","20","20","20","20","20","0","0","0","0","detail_validation_recorded_pending_final_region_id_verification","false","precheck_zero_exceptions_pending_final_review","false","false","false","false","false","false","false","false","false","false","0","false","false","false","false","false","false","not_ready_for_public_display","false","true","true","false","true","true","false","true","false","false","false","false","false","true","待接入","v0.11 仅保留区域观测值结构；尚未接入具体 ADM1/NUTS3 区域统计表、来源链接和数值。","区域边界尚未接入几何文件；当前仅完成来源或占位登记。 区域统计观测值尚未接入；保留结构化待接入状态，不填 0，不进入地图图层或区域比较。 尚未接入可点击的区域统计来源链接。","2026-08-02"
"hungary_szabolcs_szatmar_bereg_regional_manufacturing_share_2025_quality_check","hungary_szabolcs_szatmar_bereg","hungary","NUTS3","regional_manufacturing_share","2025","false","true","false","true","European Commission / Eurostat GISCO geodata and NUTS usage conditions","https://ec.europa.eu/eurostat/web/gisco/geodata/statistical-units/territorial-units-statistics","true","Source: European Commission – Eurostat/GISCO; administrative boundaries: © EuroGeographics.","false","待确认：拟以 GISCO NUTS 2024 官方几何与元数据为基准，复核要素数、NUTS code、几何有效性、共享边界、重叠与缝隙。","false","not_started","public/data/boundaries/sandbox/hu_nuts3_gisco_2024.validation.json","manifest_detail_validation_recorded","20","20","20","20","20","20","0","0","0","0","detail_validation_recorded_pending_final_region_id_verification","false","precheck_zero_exceptions_pending_final_review","false","false","false","false","false","false","false","false","false","false","0","false","false","false","false","false","false","not_ready_for_public_display","false","true","true","false","true","true","false","true","true","false","false","false","false","true","待接入","v0.11 仅保留区域观测值结构；尚未接入具体 ADM1/NUTS3 区域统计表、来源链接和数值。","区域边界尚未接入几何文件；当前仅完成来源或占位登记。 区域统计观测值尚未接入；保留结构化待接入状态，不填 0，不进入地图图层或区域比较。 尚未接入可点击的区域统计来源链接。","2026-08-02"
"hungary_tolna_regional_population_2025_quality_check","hungary_tolna","hungary","NUTS3","regional_population","2025","false","true","false","true","European Commission / Eurostat GISCO geodata and NUTS usage conditions","https://ec.europa.eu/eurostat/web/gisco/geodata/statistical-units/territorial-units-statistics","true","Source: European Commission – Eurostat/GISCO; administrative boundaries: © EuroGeographics.","false","待确认：拟以 GISCO NUTS 2024 官方几何与元数据为基准，复核要素数、NUTS code、几何有效性、共享边界、重叠与缝隙。","false","not_started","public/data/boundaries/sandbox/hu_nuts3_gisco_2024.validation.json","manifest_detail_validation_recorded","20","20","20","20","20","20","0","0","0","0","detail_validation_recorded_pending_final_region_id_verification","false","precheck_zero_exceptions_pending_final_review","false","false","false","false","false","false","false","false","false","false","0","false","false","false","false","false","false","not_ready_for_public_display","false","true","true","false","true","true","false","true","false","false","false","false","false","true","待接入","v0.11 仅保留区域观测值结构；尚未接入具体 ADM1/NUTS3 区域统计表、来源链接和数值。","区域边界尚未接入几何文件；当前仅完成来源或占位登记。 区域统计观测值尚未接入；保留结构化待接入状态，不填 0，不进入地图图层或区域比较。 尚未接入可点击的区域统计来源链接。","2026-08-02"
"hungary_tolna_regional_gdp_2025_quality_check","hungary_tolna","hungary","NUTS3","regional_gdp","2025","false","true","false","true","European Commission / Eurostat GISCO geodata and NUTS usage conditions","https://ec.europa.eu/eurostat/web/gisco/geodata/statistical-units/territorial-units-statistics","true","Source: European Commission – Eurostat/GISCO; administrative boundaries: © EuroGeographics.","false","待确认：拟以 GISCO NUTS 2024 官方几何与元数据为基准，复核要素数、NUTS code、几何有效性、共享边界、重叠与缝隙。","false","not_started","public/data/boundaries/sandbox/hu_nuts3_gisco_2024.validation.json","manifest_detail_validation_recorded","20","20","20","20","20","20","0","0","0","0","detail_validation_recorded_pending_final_region_id_verification","false","precheck_zero_exceptions_pending_final_review","false","false","false","false","false","false","false","false","false","false","0","false","false","false","false","false","false","not_ready_for_public_display","false","true","true","false","true","true","false","true","false","false","false","false","false","true","待接入","v0.11 仅保留区域观测值结构；尚未接入具体 ADM1/NUTS3 区域统计表、来源链接和数值。","区域边界尚未接入几何文件；当前仅完成来源或占位登记。 区域统计观测值尚未接入；保留结构化待接入状态，不填 0，不进入地图图层或区域比较。 尚未接入可点击的区域统计来源链接。","2026-08-02"
"hungary_tolna_regional_gdp_per_capita_2025_quality_check","hungary_tolna","hungary","NUTS3","regional_gdp_per_capita","2025","false","true","false","true","European Commission / Eurostat GISCO geodata and NUTS usage conditions","https://ec.europa.eu/eurostat/web/gisco/geodata/statistical-units/territorial-units-statistics","true","Source: European Commission – Eurostat/GISCO; administrative boundaries: © EuroGeographics.","false","待确认：拟以 GISCO NUTS 2024 官方几何与元数据为基准，复核要素数、NUTS code、几何有效性、共享边界、重叠与缝隙。","false","not_started","public/data/boundaries/sandbox/hu_nuts3_gisco_2024.validation.json","manifest_detail_validation_recorded","20","20","20","20","20","20","0","0","0","0","detail_validation_recorded_pending_final_region_id_verification","false","precheck_zero_exceptions_pending_final_review","false","false","false","false","false","false","false","false","false","false","0","false","false","false","false","false","false","not_ready_for_public_display","false","true","true","false","true","true","false","true","true","false","false","false","false","true","待接入","v0.11 仅保留区域观测值结构；尚未接入具体 ADM1/NUTS3 区域统计表、来源链接和数值。","区域边界尚未接入几何文件；当前仅完成来源或占位登记。 区域统计观测值尚未接入；保留结构化待接入状态，不填 0，不进入地图图层或区域比较。 尚未接入可点击的区域统计来源链接。","2026-08-02"
"hungary_tolna_regional_unemployment_rate_2025_quality_check","hungary_tolna","hungary","NUTS3","regional_unemployment_rate","2025","false","true","false","true","European Commission / Eurostat GISCO geodata and NUTS usage conditions","https://ec.europa.eu/eurostat/web/gisco/geodata/statistical-units/territorial-units-statistics","true","Source: European Commission – Eurostat/GISCO; administrative boundaries: © EuroGeographics.","false","待确认：拟以 GISCO NUTS 2024 官方几何与元数据为基准，复核要素数、NUTS code、几何有效性、共享边界、重叠与缝隙。","false","not_started","public/data/boundaries/sandbox/hu_nuts3_gisco_2024.validation.json","manifest_detail_validation_recorded","20","20","20","20","20","20","0","0","0","0","detail_validation_recorded_pending_final_region_id_verification","false","precheck_zero_exceptions_pending_final_review","false","false","false","false","false","false","false","false","false","false","0","false","false","false","false","false","false","not_ready_for_public_display","false","true","true","false","true","true","false","true","false","false","false","false","false","true","待接入","v0.11 仅保留区域观测值结构；尚未接入具体 ADM1/NUTS3 区域统计表、来源链接和数值。","区域边界尚未接入几何文件；当前仅完成来源或占位登记。 区域统计观测值尚未接入；保留结构化待接入状态，不填 0，不进入地图图层或区域比较。 尚未接入可点击的区域统计来源链接。","2026-08-02"
"hungary_tolna_regional_manufacturing_share_2025_quality_check","hungary_tolna","hungary","NUTS3","regional_manufacturing_share","2025","false","true","false","true","European Commission / Eurostat GISCO geodata and NUTS usage conditions","https://ec.europa.eu/eurostat/web/gisco/geodata/statistical-units/territorial-units-statistics","true","Source: European Commission – Eurostat/GISCO; administrative boundaries: © EuroGeographics.","false","待确认：拟以 GISCO NUTS 2024 官方几何与元数据为基准，复核要素数、NUTS code、几何有效性、共享边界、重叠与缝隙。","false","not_started","public/data/boundaries/sandbox/hu_nuts3_gisco_2024.validation.json","manifest_detail_validation_recorded","20","20","20","20","20","20","0","0","0","0","detail_validation_recorded_pending_final_region_id_verification","false","precheck_zero_exceptions_pending_final_review","false","false","false","false","false","false","false","false","false","false","0","false","false","false","false","false","false","not_ready_for_public_display","false","true","true","false","true","true","false","true","true","false","false","false","false","true","待接入","v0.11 仅保留区域观测值结构；尚未接入具体 ADM1/NUTS3 区域统计表、来源链接和数值。","区域边界尚未接入几何文件；当前仅完成来源或占位登记。 区域统计观测值尚未接入；保留结构化待接入状态，不填 0，不进入地图图层或区域比较。 尚未接入可点击的区域统计来源链接。","2026-08-02"
"hungary_vas_regional_population_2025_quality_check","hungary_vas","hungary","NUTS3","regional_population","2025","false","true","false","true","European Commission / Eurostat GISCO geodata and NUTS usage conditions","https://ec.europa.eu/eurostat/web/gisco/geodata/statistical-units/territorial-units-statistics","true","Source: European Commission – Eurostat/GISCO; administrative boundaries: © EuroGeographics.","false","待确认：拟以 GISCO NUTS 2024 官方几何与元数据为基准，复核要素数、NUTS code、几何有效性、共享边界、重叠与缝隙。","false","not_started","public/data/boundaries/sandbox/hu_nuts3_gisco_2024.validation.json","manifest_detail_validation_recorded","20","20","20","20","20","20","0","0","0","0","detail_validation_recorded_pending_final_region_id_verification","false","precheck_zero_exceptions_pending_final_review","false","false","false","false","false","false","false","false","false","false","0","false","false","false","false","false","false","not_ready_for_public_display","false","true","true","false","true","true","false","true","false","false","false","false","false","true","待接入","v0.11 仅保留区域观测值结构；尚未接入具体 ADM1/NUTS3 区域统计表、来源链接和数值。","区域边界尚未接入几何文件；当前仅完成来源或占位登记。 区域统计观测值尚未接入；保留结构化待接入状态，不填 0，不进入地图图层或区域比较。 尚未接入可点击的区域统计来源链接。","2026-08-02"
"hungary_vas_regional_gdp_2025_quality_check","hungary_vas","hungary","NUTS3","regional_gdp","2025","false","true","false","true","European Commission / Eurostat GISCO geodata and NUTS usage conditions","https://ec.europa.eu/eurostat/web/gisco/geodata/statistical-units/territorial-units-statistics","true","Source: European Commission – Eurostat/GISCO; administrative boundaries: © EuroGeographics.","false","待确认：拟以 GISCO NUTS 2024 官方几何与元数据为基准，复核要素数、NUTS code、几何有效性、共享边界、重叠与缝隙。","false","not_started","public/data/boundaries/sandbox/hu_nuts3_gisco_2024.validation.json","manifest_detail_validation_recorded","20","20","20","20","20","20","0","0","0","0","detail_validation_recorded_pending_final_region_id_verification","false","precheck_zero_exceptions_pending_final_review","false","false","false","false","false","false","false","false","false","false","0","false","false","false","false","false","false","not_ready_for_public_display","false","true","true","false","true","true","false","true","false","false","false","false","false","true","待接入","v0.11 仅保留区域观测值结构；尚未接入具体 ADM1/NUTS3 区域统计表、来源链接和数值。","区域边界尚未接入几何文件；当前仅完成来源或占位登记。 区域统计观测值尚未接入；保留结构化待接入状态，不填 0，不进入地图图层或区域比较。 尚未接入可点击的区域统计来源链接。","2026-08-02"
"hungary_vas_regional_gdp_per_capita_2025_quality_check","hungary_vas","hungary","NUTS3","regional_gdp_per_capita","2025","false","true","false","true","European Commission / Eurostat GISCO geodata and NUTS usage conditions","https://ec.europa.eu/eurostat/web/gisco/geodata/statistical-units/territorial-units-statistics","true","Source: European Commission – Eurostat/GISCO; administrative boundaries: © EuroGeographics.","false","待确认：拟以 GISCO NUTS 2024 官方几何与元数据为基准，复核要素数、NUTS code、几何有效性、共享边界、重叠与缝隙。","false","not_started","public/data/boundaries/sandbox/hu_nuts3_gisco_2024.validation.json","manifest_detail_validation_recorded","20","20","20","20","20","20","0","0","0","0","detail_validation_recorded_pending_final_region_id_verification","false","precheck_zero_exceptions_pending_final_review","false","false","false","false","false","false","false","false","false","false","0","false","false","false","false","false","false","not_ready_for_public_display","false","true","true","false","true","true","false","true","true","false","false","false","false","true","待接入","v0.11 仅保留区域观测值结构；尚未接入具体 ADM1/NUTS3 区域统计表、来源链接和数值。","区域边界尚未接入几何文件；当前仅完成来源或占位登记。 区域统计观测值尚未接入；保留结构化待接入状态，不填 0，不进入地图图层或区域比较。 尚未接入可点击的区域统计来源链接。","2026-08-02"
"hungary_vas_regional_unemployment_rate_2025_quality_check","hungary_vas","hungary","NUTS3","regional_unemployment_rate","2025","false","true","false","true","European Commission / Eurostat GISCO geodata and NUTS usage conditions","https://ec.europa.eu/eurostat/web/gisco/geodata/statistical-units/territorial-units-statistics","true","Source: European Commission – Eurostat/GISCO; administrative boundaries: © EuroGeographics.","false","待确认：拟以 GISCO NUTS 2024 官方几何与元数据为基准，复核要素数、NUTS code、几何有效性、共享边界、重叠与缝隙。","false","not_started","public/data/boundaries/sandbox/hu_nuts3_gisco_2024.validation.json","manifest_detail_validation_recorded","20","20","20","20","20","20","0","0","0","0","detail_validation_recorded_pending_final_region_id_verification","false","precheck_zero_exceptions_pending_final_review","false","false","false","false","false","false","false","false","false","false","0","false","false","false","false","false","false","not_ready_for_public_display","false","true","true","false","true","true","false","true","false","false","false","false","false","true","待接入","v0.11 仅保留区域观测值结构；尚未接入具体 ADM1/NUTS3 区域统计表、来源链接和数值。","区域边界尚未接入几何文件；当前仅完成来源或占位登记。 区域统计观测值尚未接入；保留结构化待接入状态，不填 0，不进入地图图层或区域比较。 尚未接入可点击的区域统计来源链接。","2026-08-02"
"hungary_vas_regional_manufacturing_share_2025_quality_check","hungary_vas","hungary","NUTS3","regional_manufacturing_share","2025","false","true","false","true","European Commission / Eurostat GISCO geodata and NUTS usage conditions","https://ec.europa.eu/eurostat/web/gisco/geodata/statistical-units/territorial-units-statistics","true","Source: European Commission – Eurostat/GISCO; administrative boundaries: © EuroGeographics.","false","待确认：拟以 GISCO NUTS 2024 官方几何与元数据为基准，复核要素数、NUTS code、几何有效性、共享边界、重叠与缝隙。","false","not_started","public/data/boundaries/sandbox/hu_nuts3_gisco_2024.validation.json","manifest_detail_validation_recorded","20","20","20","20","20","20","0","0","0","0","detail_validation_recorded_pending_final_region_id_verification","false","precheck_zero_exceptions_pending_final_review","false","false","false","false","false","false","false","false","false","false","0","false","false","false","false","false","false","not_ready_for_public_display","false","true","true","false","true","true","false","true","true","false","false","false","false","true","待接入","v0.11 仅保留区域观测值结构；尚未接入具体 ADM1/NUTS3 区域统计表、来源链接和数值。","区域边界尚未接入几何文件；当前仅完成来源或占位登记。 区域统计观测值尚未接入；保留结构化待接入状态，不填 0，不进入地图图层或区域比较。 尚未接入可点击的区域统计来源链接。","2026-08-02"
"hungary_veszprem_regional_population_2025_quality_check","hungary_veszprem","hungary","NUTS3","regional_population","2025","false","true","false","true","European Commission / Eurostat GISCO geodata and NUTS usage conditions","https://ec.europa.eu/eurostat/web/gisco/geodata/statistical-units/territorial-units-statistics","true","Source: European Commission – Eurostat/GISCO; administrative boundaries: © EuroGeographics.","false","待确认：拟以 GISCO NUTS 2024 官方几何与元数据为基准，复核要素数、NUTS code、几何有效性、共享边界、重叠与缝隙。","false","not_started","public/data/boundaries/sandbox/hu_nuts3_gisco_2024.validation.json","manifest_detail_validation_recorded","20","20","20","20","20","20","0","0","0","0","detail_validation_recorded_pending_final_region_id_verification","false","precheck_zero_exceptions_pending_final_review","false","false","false","false","false","false","false","false","false","false","0","false","false","false","false","false","false","not_ready_for_public_display","false","true","true","false","true","true","false","true","false","false","false","false","false","true","待接入","v0.11 仅保留区域观测值结构；尚未接入具体 ADM1/NUTS3 区域统计表、来源链接和数值。","区域边界尚未接入几何文件；当前仅完成来源或占位登记。 区域统计观测值尚未接入；保留结构化待接入状态，不填 0，不进入地图图层或区域比较。 尚未接入可点击的区域统计来源链接。","2026-08-02"
"hungary_veszprem_regional_gdp_2025_quality_check","hungary_veszprem","hungary","NUTS3","regional_gdp","2025","false","true","false","true","European Commission / Eurostat GISCO geodata and NUTS usage conditions","https://ec.europa.eu/eurostat/web/gisco/geodata/statistical-units/territorial-units-statistics","true","Source: European Commission – Eurostat/GISCO; administrative boundaries: © EuroGeographics.","false","待确认：拟以 GISCO NUTS 2024 官方几何与元数据为基准，复核要素数、NUTS code、几何有效性、共享边界、重叠与缝隙。","false","not_started","public/data/boundaries/sandbox/hu_nuts3_gisco_2024.validation.json","manifest_detail_validation_recorded","20","20","20","20","20","20","0","0","0","0","detail_validation_recorded_pending_final_region_id_verification","false","precheck_zero_exceptions_pending_final_review","false","false","false","false","false","false","false","false","false","false","0","false","false","false","false","false","false","not_ready_for_public_display","false","true","true","false","true","true","false","true","false","false","false","false","false","true","待接入","v0.11 仅保留区域观测值结构；尚未接入具体 ADM1/NUTS3 区域统计表、来源链接和数值。","区域边界尚未接入几何文件；当前仅完成来源或占位登记。 区域统计观测值尚未接入；保留结构化待接入状态，不填 0，不进入地图图层或区域比较。 尚未接入可点击的区域统计来源链接。","2026-08-02"
"hungary_veszprem_regional_gdp_per_capita_2025_quality_check","hungary_veszprem","hungary","NUTS3","regional_gdp_per_capita","2025","false","true","false","true","European Commission / Eurostat GISCO geodata and NUTS usage conditions","https://ec.europa.eu/eurostat/web/gisco/geodata/statistical-units/territorial-units-statistics","true","Source: European Commission – Eurostat/GISCO; administrative boundaries: © EuroGeographics.","false","待确认：拟以 GISCO NUTS 2024 官方几何与元数据为基准，复核要素数、NUTS code、几何有效性、共享边界、重叠与缝隙。","false","not_started","public/data/boundaries/sandbox/hu_nuts3_gisco_2024.validation.json","manifest_detail_validation_recorded","20","20","20","20","20","20","0","0","0","0","detail_validation_recorded_pending_final_region_id_verification","false","precheck_zero_exceptions_pending_final_review","false","false","false","false","false","false","false","false","false","false","0","false","false","false","false","false","false","not_ready_for_public_display","false","true","true","false","true","true","false","true","true","false","false","false","false","true","待接入","v0.11 仅保留区域观测值结构；尚未接入具体 ADM1/NUTS3 区域统计表、来源链接和数值。","区域边界尚未接入几何文件；当前仅完成来源或占位登记。 区域统计观测值尚未接入；保留结构化待接入状态，不填 0，不进入地图图层或区域比较。 尚未接入可点击的区域统计来源链接。","2026-08-02"
"hungary_veszprem_regional_unemployment_rate_2025_quality_check","hungary_veszprem","hungary","NUTS3","regional_unemployment_rate","2025","false","true","false","true","European Commission / Eurostat GISCO geodata and NUTS usage conditions","https://ec.europa.eu/eurostat/web/gisco/geodata/statistical-units/territorial-units-statistics","true","Source: European Commission – Eurostat/GISCO; administrative boundaries: © EuroGeographics.","false","待确认：拟以 GISCO NUTS 2024 官方几何与元数据为基准，复核要素数、NUTS code、几何有效性、共享边界、重叠与缝隙。","false","not_started","public/data/boundaries/sandbox/hu_nuts3_gisco_2024.validation.json","manifest_detail_validation_recorded","20","20","20","20","20","20","0","0","0","0","detail_validation_recorded_pending_final_region_id_verification","false","precheck_zero_exceptions_pending_final_review","false","false","false","false","false","false","false","false","false","false","0","false","false","false","false","false","false","not_ready_for_public_display","false","true","true","false","true","true","false","true","false","false","false","false","false","true","待接入","v0.11 仅保留区域观测值结构；尚未接入具体 ADM1/NUTS3 区域统计表、来源链接和数值。","区域边界尚未接入几何文件；当前仅完成来源或占位登记。 区域统计观测值尚未接入；保留结构化待接入状态，不填 0，不进入地图图层或区域比较。 尚未接入可点击的区域统计来源链接。","2026-08-02"
"hungary_veszprem_regional_manufacturing_share_2025_quality_check","hungary_veszprem","hungary","NUTS3","regional_manufacturing_share","2025","false","true","false","true","European Commission / Eurostat GISCO geodata and NUTS usage conditions","https://ec.europa.eu/eurostat/web/gisco/geodata/statistical-units/territorial-units-statistics","true","Source: European Commission – Eurostat/GISCO; administrative boundaries: © EuroGeographics.","false","待确认：拟以 GISCO NUTS 2024 官方几何与元数据为基准，复核要素数、NUTS code、几何有效性、共享边界、重叠与缝隙。","false","not_started","public/data/boundaries/sandbox/hu_nuts3_gisco_2024.validation.json","manifest_detail_validation_recorded","20","20","20","20","20","20","0","0","0","0","detail_validation_recorded_pending_final_region_id_verification","false","precheck_zero_exceptions_pending_final_review","false","false","false","false","false","false","false","false","false","false","0","false","false","false","false","false","false","not_ready_for_public_display","false","true","true","false","true","true","false","true","true","false","false","false","false","true","待接入","v0.11 仅保留区域观测值结构；尚未接入具体 ADM1/NUTS3 区域统计表、来源链接和数值。","区域边界尚未接入几何文件；当前仅完成来源或占位登记。 区域统计观测值尚未接入；保留结构化待接入状态，不填 0，不进入地图图层或区域比较。 尚未接入可点击的区域统计来源链接。","2026-08-02"
"hungary_zala_regional_population_2025_quality_check","hungary_zala","hungary","NUTS3","regional_population","2025","false","true","false","true","European Commission / Eurostat GISCO geodata and NUTS usage conditions","https://ec.europa.eu/eurostat/web/gisco/geodata/statistical-units/territorial-units-statistics","true","Source: European Commission – Eurostat/GISCO; administrative boundaries: © EuroGeographics.","false","待确认：拟以 GISCO NUTS 2024 官方几何与元数据为基准，复核要素数、NUTS code、几何有效性、共享边界、重叠与缝隙。","false","not_started","public/data/boundaries/sandbox/hu_nuts3_gisco_2024.validation.json","manifest_detail_validation_recorded","20","20","20","20","20","20","0","0","0","0","detail_validation_recorded_pending_final_region_id_verification","false","precheck_zero_exceptions_pending_final_review","false","false","false","false","false","false","false","false","false","false","0","false","false","false","false","false","false","not_ready_for_public_display","false","true","true","false","true","true","false","true","false","false","false","false","false","true","待接入","v0.11 仅保留区域观测值结构；尚未接入具体 ADM1/NUTS3 区域统计表、来源链接和数值。","区域边界尚未接入几何文件；当前仅完成来源或占位登记。 区域统计观测值尚未接入；保留结构化待接入状态，不填 0，不进入地图图层或区域比较。 尚未接入可点击的区域统计来源链接。","2026-08-02"
"hungary_zala_regional_gdp_2025_quality_check","hungary_zala","hungary","NUTS3","regional_gdp","2025","false","true","false","true","European Commission / Eurostat GISCO geodata and NUTS usage conditions","https://ec.europa.eu/eurostat/web/gisco/geodata/statistical-units/territorial-units-statistics","true","Source: European Commission – Eurostat/GISCO; administrative boundaries: © EuroGeographics.","false","待确认：拟以 GISCO NUTS 2024 官方几何与元数据为基准，复核要素数、NUTS code、几何有效性、共享边界、重叠与缝隙。","false","not_started","public/data/boundaries/sandbox/hu_nuts3_gisco_2024.validation.json","manifest_detail_validation_recorded","20","20","20","20","20","20","0","0","0","0","detail_validation_recorded_pending_final_region_id_verification","false","precheck_zero_exceptions_pending_final_review","false","false","false","false","false","false","false","false","false","false","0","false","false","false","false","false","false","not_ready_for_public_display","false","true","true","false","true","true","false","true","false","false","false","false","false","true","待接入","v0.11 仅保留区域观测值结构；尚未接入具体 ADM1/NUTS3 区域统计表、来源链接和数值。","区域边界尚未接入几何文件；当前仅完成来源或占位登记。 区域统计观测值尚未接入；保留结构化待接入状态，不填 0，不进入地图图层或区域比较。 尚未接入可点击的区域统计来源链接。","2026-08-02"
"hungary_zala_regional_gdp_per_capita_2025_quality_check","hungary_zala","hungary","NUTS3","regional_gdp_per_capita","2025","false","true","false","true","European Commission / Eurostat GISCO geodata and NUTS usage conditions","https://ec.europa.eu/eurostat/web/gisco/geodata/statistical-units/territorial-units-statistics","true","Source: European Commission – Eurostat/GISCO; administrative boundaries: © EuroGeographics.","false","待确认：拟以 GISCO NUTS 2024 官方几何与元数据为基准，复核要素数、NUTS code、几何有效性、共享边界、重叠与缝隙。","false","not_started","public/data/boundaries/sandbox/hu_nuts3_gisco_2024.validation.json","manifest_detail_validation_recorded","20","20","20","20","20","20","0","0","0","0","detail_validation_recorded_pending_final_region_id_verification","false","precheck_zero_exceptions_pending_final_review","false","false","false","false","false","false","false","false","false","false","0","false","false","false","false","false","false","not_ready_for_public_display","false","true","true","false","true","true","false","true","true","false","false","false","false","true","待接入","v0.11 仅保留区域观测值结构；尚未接入具体 ADM1/NUTS3 区域统计表、来源链接和数值。","区域边界尚未接入几何文件；当前仅完成来源或占位登记。 区域统计观测值尚未接入；保留结构化待接入状态，不填 0，不进入地图图层或区域比较。 尚未接入可点击的区域统计来源链接。","2026-08-02"
"hungary_zala_regional_unemployment_rate_2025_quality_check","hungary_zala","hungary","NUTS3","regional_unemployment_rate","2025","false","true","false","true","European Commission / Eurostat GISCO geodata and NUTS usage conditions","https://ec.europa.eu/eurostat/web/gisco/geodata/statistical-units/territorial-units-statistics","true","Source: European Commission – Eurostat/GISCO; administrative boundaries: © EuroGeographics.","false","待确认：拟以 GISCO NUTS 2024 官方几何与元数据为基准，复核要素数、NUTS code、几何有效性、共享边界、重叠与缝隙。","false","not_started","public/data/boundaries/sandbox/hu_nuts3_gisco_2024.validation.json","manifest_detail_validation_recorded","20","20","20","20","20","20","0","0","0","0","detail_validation_recorded_pending_final_region_id_verification","false","precheck_zero_exceptions_pending_final_review","false","false","false","false","false","false","false","false","false","false","0","false","false","false","false","false","false","not_ready_for_public_display","false","true","true","false","true","true","false","true","false","false","false","false","false","true","待接入","v0.11 仅保留区域观测值结构；尚未接入具体 ADM1/NUTS3 区域统计表、来源链接和数值。","区域边界尚未接入几何文件；当前仅完成来源或占位登记。 区域统计观测值尚未接入；保留结构化待接入状态，不填 0，不进入地图图层或区域比较。 尚未接入可点击的区域统计来源链接。","2026-08-02"
"hungary_zala_regional_manufacturing_share_2025_quality_check","hungary_zala","hungary","NUTS3","regional_manufacturing_share","2025","false","true","false","true","European Commission / Eurostat GISCO geodata and NUTS usage conditions","https://ec.europa.eu/eurostat/web/gisco/geodata/statistical-units/territorial-units-statistics","true","Source: European Commission – Eurostat/GISCO; administrative boundaries: © EuroGeographics.","false","待确认：拟以 GISCO NUTS 2024 官方几何与元数据为基准，复核要素数、NUTS code、几何有效性、共享边界、重叠与缝隙。","false","not_started","public/data/boundaries/sandbox/hu_nuts3_gisco_2024.validation.json","manifest_detail_validation_recorded","20","20","20","20","20","20","0","0","0","0","detail_validation_recorded_pending_final_region_id_verification","false","precheck_zero_exceptions_pending_final_review","false","false","false","false","false","false","false","false","false","false","0","false","false","false","false","false","false","not_ready_for_public_display","false","true","true","false","true","true","false","true","true","false","false","false","false","true","待接入","v0.11 仅保留区域观测值结构；尚未接入具体 ADM1/NUTS3 区域统计表、来源链接和数值。","区域边界尚未接入几何文件；当前仅完成来源或占位登记。 区域统计观测值尚未接入；保留结构化待接入状态，不填 0，不进入地图图层或区域比较。 尚未接入可点击的区域统计来源链接。","2026-08-02"
"czechia_prague_regional_population_2025_quality_check","czechia_prague","czechia","ADM1","regional_population","2025","false","true","false","true","European Commission / Eurostat GISCO geodata and NUTS usage conditions","https://ec.europa.eu/eurostat/web/gisco/geodata/statistical-units/territorial-units-statistics","true","Source: European Commission – Eurostat/GISCO; administrative boundaries: © EuroGeographics.","false","待确认：拟以 GISCO NUTS 2024 官方几何与元数据为基准，复核要素数、NUTS code、几何有效性、共享边界、重叠与缝隙。","false","not_started","","not_started","0","0","0","0","0","0","0","0","0","0","not_started","false","not_started","false","false","false","false","false","false","false","false","false","false","0","false","false","false","false","false","false","not_ready_for_public_display","false","true","true","false","true","true","false","true","false","false","false","false","false","true","待接入","v0.11 仅保留区域观测值结构；尚未接入具体 ADM1/NUTS3 区域统计表、来源链接和数值。","区域边界尚未接入几何文件；当前仅完成来源或占位登记。 区域统计观测值尚未接入；保留结构化待接入状态，不填 0，不进入地图图层或区域比较。 尚未接入可点击的区域统计来源链接。","2026-08-02"
"czechia_prague_regional_gdp_2025_quality_check","czechia_prague","czechia","ADM1","regional_gdp","2025","false","true","false","true","European Commission / Eurostat GISCO geodata and NUTS usage conditions","https://ec.europa.eu/eurostat/web/gisco/geodata/statistical-units/territorial-units-statistics","true","Source: European Commission – Eurostat/GISCO; administrative boundaries: © EuroGeographics.","false","待确认：拟以 GISCO NUTS 2024 官方几何与元数据为基准，复核要素数、NUTS code、几何有效性、共享边界、重叠与缝隙。","false","not_started","","not_started","0","0","0","0","0","0","0","0","0","0","not_started","false","not_started","false","false","false","false","false","false","false","false","false","false","0","false","false","false","false","false","false","not_ready_for_public_display","false","true","true","false","true","true","false","true","false","false","false","false","false","true","待接入","v0.11 仅保留区域观测值结构；尚未接入具体 ADM1/NUTS3 区域统计表、来源链接和数值。","区域边界尚未接入几何文件；当前仅完成来源或占位登记。 区域统计观测值尚未接入；保留结构化待接入状态，不填 0，不进入地图图层或区域比较。 尚未接入可点击的区域统计来源链接。","2026-08-02"
"czechia_prague_regional_gdp_per_capita_2025_quality_check","czechia_prague","czechia","ADM1","regional_gdp_per_capita","2025","false","true","false","true","European Commission / Eurostat GISCO geodata and NUTS usage conditions","https://ec.europa.eu/eurostat/web/gisco/geodata/statistical-units/territorial-units-statistics","true","Source: European Commission – Eurostat/GISCO; administrative boundaries: © EuroGeographics.","false","待确认：拟以 GISCO NUTS 2024 官方几何与元数据为基准，复核要素数、NUTS code、几何有效性、共享边界、重叠与缝隙。","false","not_started","","not_started","0","0","0","0","0","0","0","0","0","0","not_started","false","not_started","false","false","false","false","false","false","false","false","false","false","0","false","false","false","false","false","false","not_ready_for_public_display","false","true","true","false","true","true","false","true","true","false","false","false","false","true","待接入","v0.11 仅保留区域观测值结构；尚未接入具体 ADM1/NUTS3 区域统计表、来源链接和数值。","区域边界尚未接入几何文件；当前仅完成来源或占位登记。 区域统计观测值尚未接入；保留结构化待接入状态，不填 0，不进入地图图层或区域比较。 尚未接入可点击的区域统计来源链接。","2026-08-02"
"czechia_prague_regional_unemployment_rate_2025_quality_check","czechia_prague","czechia","ADM1","regional_unemployment_rate","2025","false","true","false","true","European Commission / Eurostat GISCO geodata and NUTS usage conditions","https://ec.europa.eu/eurostat/web/gisco/geodata/statistical-units/territorial-units-statistics","true","Source: European Commission – Eurostat/GISCO; administrative boundaries: © EuroGeographics.","false","待确认：拟以 GISCO NUTS 2024 官方几何与元数据为基准，复核要素数、NUTS code、几何有效性、共享边界、重叠与缝隙。","false","not_started","","not_started","0","0","0","0","0","0","0","0","0","0","not_started","false","not_started","false","false","false","false","false","false","false","false","false","false","0","false","false","false","false","false","false","not_ready_for_public_display","false","true","true","false","true","true","false","true","false","false","false","false","false","true","待接入","v0.11 仅保留区域观测值结构；尚未接入具体 ADM1/NUTS3 区域统计表、来源链接和数值。","区域边界尚未接入几何文件；当前仅完成来源或占位登记。 区域统计观测值尚未接入；保留结构化待接入状态，不填 0，不进入地图图层或区域比较。 尚未接入可点击的区域统计来源链接。","2026-08-02"
"czechia_prague_regional_manufacturing_share_2025_quality_check","czechia_prague","czechia","ADM1","regional_manufacturing_share","2025","false","true","false","true","European Commission / Eurostat GISCO geodata and NUTS usage conditions","https://ec.europa.eu/eurostat/web/gisco/geodata/statistical-units/territorial-units-statistics","true","Source: European Commission – Eurostat/GISCO; administrative boundaries: © EuroGeographics.","false","待确认：拟以 GISCO NUTS 2024 官方几何与元数据为基准，复核要素数、NUTS code、几何有效性、共享边界、重叠与缝隙。","false","not_started","","not_started","0","0","0","0","0","0","0","0","0","0","not_started","false","not_started","false","false","false","false","false","false","false","false","false","false","0","false","false","false","false","false","false","not_ready_for_public_display","false","true","true","false","true","true","false","true","true","false","false","false","false","true","待接入","v0.11 仅保留区域观测值结构；尚未接入具体 ADM1/NUTS3 区域统计表、来源链接和数值。","区域边界尚未接入几何文件；当前仅完成来源或占位登记。 区域统计观测值尚未接入；保留结构化待接入状态，不填 0，不进入地图图层或区域比较。 尚未接入可点击的区域统计来源链接。","2026-08-02"
"czechia_central_bohemian_regional_population_2025_quality_check","czechia_central_bohemian","czechia","ADM1","regional_population","2025","false","true","false","true","European Commission / Eurostat GISCO geodata and NUTS usage conditions","https://ec.europa.eu/eurostat/web/gisco/geodata/statistical-units/territorial-units-statistics","true","Source: European Commission – Eurostat/GISCO; administrative boundaries: © EuroGeographics.","false","待确认：拟以 GISCO NUTS 2024 官方几何与元数据为基准，复核要素数、NUTS code、几何有效性、共享边界、重叠与缝隙。","false","not_started","","not_started","0","0","0","0","0","0","0","0","0","0","not_started","false","not_started","false","false","false","false","false","false","false","false","false","false","0","false","false","false","false","false","false","not_ready_for_public_display","false","true","true","false","true","true","false","true","false","false","false","false","false","true","待接入","v0.11 仅保留区域观测值结构；尚未接入具体 ADM1/NUTS3 区域统计表、来源链接和数值。","区域边界尚未接入几何文件；当前仅完成来源或占位登记。 区域统计观测值尚未接入；保留结构化待接入状态，不填 0，不进入地图图层或区域比较。 尚未接入可点击的区域统计来源链接。","2026-08-02"
"czechia_central_bohemian_regional_gdp_2025_quality_check","czechia_central_bohemian","czechia","ADM1","regional_gdp","2025","false","true","false","true","European Commission / Eurostat GISCO geodata and NUTS usage conditions","https://ec.europa.eu/eurostat/web/gisco/geodata/statistical-units/territorial-units-statistics","true","Source: European Commission – Eurostat/GISCO; administrative boundaries: © EuroGeographics.","false","待确认：拟以 GISCO NUTS 2024 官方几何与元数据为基准，复核要素数、NUTS code、几何有效性、共享边界、重叠与缝隙。","false","not_started","","not_started","0","0","0","0","0","0","0","0","0","0","not_started","false","not_started","false","false","false","false","false","false","false","false","false","false","0","false","false","false","false","false","false","not_ready_for_public_display","false","true","true","false","true","true","false","true","false","false","false","false","false","true","待接入","v0.11 仅保留区域观测值结构；尚未接入具体 ADM1/NUTS3 区域统计表、来源链接和数值。","区域边界尚未接入几何文件；当前仅完成来源或占位登记。 区域统计观测值尚未接入；保留结构化待接入状态，不填 0，不进入地图图层或区域比较。 尚未接入可点击的区域统计来源链接。","2026-08-02"
"czechia_central_bohemian_regional_gdp_per_capita_2025_quality_check","czechia_central_bohemian","czechia","ADM1","regional_gdp_per_capita","2025","false","true","false","true","European Commission / Eurostat GISCO geodata and NUTS usage conditions","https://ec.europa.eu/eurostat/web/gisco/geodata/statistical-units/territorial-units-statistics","true","Source: European Commission – Eurostat/GISCO; administrative boundaries: © EuroGeographics.","false","待确认：拟以 GISCO NUTS 2024 官方几何与元数据为基准，复核要素数、NUTS code、几何有效性、共享边界、重叠与缝隙。","false","not_started","","not_started","0","0","0","0","0","0","0","0","0","0","not_started","false","not_started","false","false","false","false","false","false","false","false","false","false","0","false","false","false","false","false","false","not_ready_for_public_display","false","true","true","false","true","true","false","true","true","false","false","false","false","true","待接入","v0.11 仅保留区域观测值结构；尚未接入具体 ADM1/NUTS3 区域统计表、来源链接和数值。","区域边界尚未接入几何文件；当前仅完成来源或占位登记。 区域统计观测值尚未接入；保留结构化待接入状态，不填 0，不进入地图图层或区域比较。 尚未接入可点击的区域统计来源链接。","2026-08-02"
"czechia_central_bohemian_regional_unemployment_rate_2025_quality_check","czechia_central_bohemian","czechia","ADM1","regional_unemployment_rate","2025","false","true","false","true","European Commission / Eurostat GISCO geodata and NUTS usage conditions","https://ec.europa.eu/eurostat/web/gisco/geodata/statistical-units/territorial-units-statistics","true","Source: European Commission – Eurostat/GISCO; administrative boundaries: © EuroGeographics.","false","待确认：拟以 GISCO NUTS 2024 官方几何与元数据为基准，复核要素数、NUTS code、几何有效性、共享边界、重叠与缝隙。","false","not_started","","not_started","0","0","0","0","0","0","0","0","0","0","not_started","false","not_started","false","false","false","false","false","false","false","false","false","false","0","false","false","false","false","false","false","not_ready_for_public_display","false","true","true","false","true","true","false","true","false","false","false","false","false","true","待接入","v0.11 仅保留区域观测值结构；尚未接入具体 ADM1/NUTS3 区域统计表、来源链接和数值。","区域边界尚未接入几何文件；当前仅完成来源或占位登记。 区域统计观测值尚未接入；保留结构化待接入状态，不填 0，不进入地图图层或区域比较。 尚未接入可点击的区域统计来源链接。","2026-08-02"
"czechia_central_bohemian_regional_manufacturing_share_2025_quality_check","czechia_central_bohemian","czechia","ADM1","regional_manufacturing_share","2025","false","true","false","true","European Commission / Eurostat GISCO geodata and NUTS usage conditions","https://ec.europa.eu/eurostat/web/gisco/geodata/statistical-units/territorial-units-statistics","true","Source: European Commission – Eurostat/GISCO; administrative boundaries: © EuroGeographics.","false","待确认：拟以 GISCO NUTS 2024 官方几何与元数据为基准，复核要素数、NUTS code、几何有效性、共享边界、重叠与缝隙。","false","not_started","","not_started","0","0","0","0","0","0","0","0","0","0","not_started","false","not_started","false","false","false","false","false","false","false","false","false","false","0","false","false","false","false","false","false","not_ready_for_public_display","false","true","true","false","true","true","false","true","true","false","false","false","false","true","待接入","v0.11 仅保留区域观测值结构；尚未接入具体 ADM1/NUTS3 区域统计表、来源链接和数值。","区域边界尚未接入几何文件；当前仅完成来源或占位登记。 区域统计观测值尚未接入；保留结构化待接入状态，不填 0，不进入地图图层或区域比较。 尚未接入可点击的区域统计来源链接。","2026-08-02"
"czechia_south_bohemian_regional_population_2025_quality_check","czechia_south_bohemian","czechia","ADM1","regional_population","2025","false","true","false","true","European Commission / Eurostat GISCO geodata and NUTS usage conditions","https://ec.europa.eu/eurostat/web/gisco/geodata/statistical-units/territorial-units-statistics","true","Source: European Commission – Eurostat/GISCO; administrative boundaries: © EuroGeographics.","false","待确认：拟以 GISCO NUTS 2024 官方几何与元数据为基准，复核要素数、NUTS code、几何有效性、共享边界、重叠与缝隙。","false","not_started","","not_started","0","0","0","0","0","0","0","0","0","0","not_started","false","not_started","false","false","false","false","false","false","false","false","false","false","0","false","false","false","false","false","false","not_ready_for_public_display","false","true","true","false","true","true","false","true","false","false","false","false","false","true","待接入","v0.11 仅保留区域观测值结构；尚未接入具体 ADM1/NUTS3 区域统计表、来源链接和数值。","区域边界尚未接入几何文件；当前仅完成来源或占位登记。 区域统计观测值尚未接入；保留结构化待接入状态，不填 0，不进入地图图层或区域比较。 尚未接入可点击的区域统计来源链接。","2026-08-02"
"czechia_south_bohemian_regional_gdp_2025_quality_check","czechia_south_bohemian","czechia","ADM1","regional_gdp","2025","false","true","false","true","European Commission / Eurostat GISCO geodata and NUTS usage conditions","https://ec.europa.eu/eurostat/web/gisco/geodata/statistical-units/territorial-units-statistics","true","Source: European Commission – Eurostat/GISCO; administrative boundaries: © EuroGeographics.","false","待确认：拟以 GISCO NUTS 2024 官方几何与元数据为基准，复核要素数、NUTS code、几何有效性、共享边界、重叠与缝隙。","false","not_started","","not_started","0","0","0","0","0","0","0","0","0","0","not_started","false","not_started","false","false","false","false","false","false","false","false","false","false","0","false","false","false","false","false","false","not_ready_for_public_display","false","true","true","false","true","true","false","true","false","false","false","false","false","true","待接入","v0.11 仅保留区域观测值结构；尚未接入具体 ADM1/NUTS3 区域统计表、来源链接和数值。","区域边界尚未接入几何文件；当前仅完成来源或占位登记。 区域统计观测值尚未接入；保留结构化待接入状态，不填 0，不进入地图图层或区域比较。 尚未接入可点击的区域统计来源链接。","2026-08-02"
"czechia_south_bohemian_regional_gdp_per_capita_2025_quality_check","czechia_south_bohemian","czechia","ADM1","regional_gdp_per_capita","2025","false","true","false","true","European Commission / Eurostat GISCO geodata and NUTS usage conditions","https://ec.europa.eu/eurostat/web/gisco/geodata/statistical-units/territorial-units-statistics","true","Source: European Commission – Eurostat/GISCO; administrative boundaries: © EuroGeographics.","false","待确认：拟以 GISCO NUTS 2024 官方几何与元数据为基准，复核要素数、NUTS code、几何有效性、共享边界、重叠与缝隙。","false","not_started","","not_started","0","0","0","0","0","0","0","0","0","0","not_started","false","not_started","false","false","false","false","false","false","false","false","false","false","0","false","false","false","false","false","false","not_ready_for_public_display","false","true","true","false","true","true","false","true","true","false","false","false","false","true","待接入","v0.11 仅保留区域观测值结构；尚未接入具体 ADM1/NUTS3 区域统计表、来源链接和数值。","区域边界尚未接入几何文件；当前仅完成来源或占位登记。 区域统计观测值尚未接入；保留结构化待接入状态，不填 0，不进入地图图层或区域比较。 尚未接入可点击的区域统计来源链接。","2026-08-02"
"czechia_south_bohemian_regional_unemployment_rate_2025_quality_check","czechia_south_bohemian","czechia","ADM1","regional_unemployment_rate","2025","false","true","false","true","European Commission / Eurostat GISCO geodata and NUTS usage conditions","https://ec.europa.eu/eurostat/web/gisco/geodata/statistical-units/territorial-units-statistics","true","Source: European Commission – Eurostat/GISCO; administrative boundaries: © EuroGeographics.","false","待确认：拟以 GISCO NUTS 2024 官方几何与元数据为基准，复核要素数、NUTS code、几何有效性、共享边界、重叠与缝隙。","false","not_started","","not_started","0","0","0","0","0","0","0","0","0","0","not_started","false","not_started","false","false","false","false","false","false","false","false","false","false","0","false","false","false","false","false","false","not_ready_for_public_display","false","true","true","false","true","true","false","true","false","false","false","false","false","true","待接入","v0.11 仅保留区域观测值结构；尚未接入具体 ADM1/NUTS3 区域统计表、来源链接和数值。","区域边界尚未接入几何文件；当前仅完成来源或占位登记。 区域统计观测值尚未接入；保留结构化待接入状态，不填 0，不进入地图图层或区域比较。 尚未接入可点击的区域统计来源链接。","2026-08-02"
"czechia_south_bohemian_regional_manufacturing_share_2025_quality_check","czechia_south_bohemian","czechia","ADM1","regional_manufacturing_share","2025","false","true","false","true","European Commission / Eurostat GISCO geodata and NUTS usage conditions","https://ec.europa.eu/eurostat/web/gisco/geodata/statistical-units/territorial-units-statistics","true","Source: European Commission – Eurostat/GISCO; administrative boundaries: © EuroGeographics.","false","待确认：拟以 GISCO NUTS 2024 官方几何与元数据为基准，复核要素数、NUTS code、几何有效性、共享边界、重叠与缝隙。","false","not_started","","not_started","0","0","0","0","0","0","0","0","0","0","not_started","false","not_started","false","false","false","false","false","false","false","false","false","false","0","false","false","false","false","false","false","not_ready_for_public_display","false","true","true","false","true","true","false","true","true","false","false","false","false","true","待接入","v0.11 仅保留区域观测值结构；尚未接入具体 ADM1/NUTS3 区域统计表、来源链接和数值。","区域边界尚未接入几何文件；当前仅完成来源或占位登记。 区域统计观测值尚未接入；保留结构化待接入状态，不填 0，不进入地图图层或区域比较。 尚未接入可点击的区域统计来源链接。","2026-08-02"
"czechia_plzen_regional_population_2025_quality_check","czechia_plzen","czechia","ADM1","regional_population","2025","false","true","false","true","European Commission / Eurostat GISCO geodata and NUTS usage conditions","https://ec.europa.eu/eurostat/web/gisco/geodata/statistical-units/territorial-units-statistics","true","Source: European Commission – Eurostat/GISCO; administrative boundaries: © EuroGeographics.","false","待确认：拟以 GISCO NUTS 2024 官方几何与元数据为基准，复核要素数、NUTS code、几何有效性、共享边界、重叠与缝隙。","false","not_started","","not_started","0","0","0","0","0","0","0","0","0","0","not_started","false","not_started","false","false","false","false","false","false","false","false","false","false","0","false","false","false","false","false","false","not_ready_for_public_display","false","true","true","false","true","true","false","true","false","false","false","false","false","true","待接入","v0.11 仅保留区域观测值结构；尚未接入具体 ADM1/NUTS3 区域统计表、来源链接和数值。","区域边界尚未接入几何文件；当前仅完成来源或占位登记。 区域统计观测值尚未接入；保留结构化待接入状态，不填 0，不进入地图图层或区域比较。 尚未接入可点击的区域统计来源链接。","2026-08-02"
"czechia_plzen_regional_gdp_2025_quality_check","czechia_plzen","czechia","ADM1","regional_gdp","2025","false","true","false","true","European Commission / Eurostat GISCO geodata and NUTS usage conditions","https://ec.europa.eu/eurostat/web/gisco/geodata/statistical-units/territorial-units-statistics","true","Source: European Commission – Eurostat/GISCO; administrative boundaries: © EuroGeographics.","false","待确认：拟以 GISCO NUTS 2024 官方几何与元数据为基准，复核要素数、NUTS code、几何有效性、共享边界、重叠与缝隙。","false","not_started","","not_started","0","0","0","0","0","0","0","0","0","0","not_started","false","not_started","false","false","false","false","false","false","false","false","false","false","0","false","false","false","false","false","false","not_ready_for_public_display","false","true","true","false","true","true","false","true","false","false","false","false","false","true","待接入","v0.11 仅保留区域观测值结构；尚未接入具体 ADM1/NUTS3 区域统计表、来源链接和数值。","区域边界尚未接入几何文件；当前仅完成来源或占位登记。 区域统计观测值尚未接入；保留结构化待接入状态，不填 0，不进入地图图层或区域比较。 尚未接入可点击的区域统计来源链接。","2026-08-02"
"czechia_plzen_regional_gdp_per_capita_2025_quality_check","czechia_plzen","czechia","ADM1","regional_gdp_per_capita","2025","false","true","false","true","European Commission / Eurostat GISCO geodata and NUTS usage conditions","https://ec.europa.eu/eurostat/web/gisco/geodata/statistical-units/territorial-units-statistics","true","Source: European Commission – Eurostat/GISCO; administrative boundaries: © EuroGeographics.","false","待确认：拟以 GISCO NUTS 2024 官方几何与元数据为基准，复核要素数、NUTS code、几何有效性、共享边界、重叠与缝隙。","false","not_started","","not_started","0","0","0","0","0","0","0","0","0","0","not_started","false","not_started","false","false","false","false","false","false","false","false","false","false","0","false","false","false","false","false","false","not_ready_for_public_display","false","true","true","false","true","true","false","true","true","false","false","false","false","true","待接入","v0.11 仅保留区域观测值结构；尚未接入具体 ADM1/NUTS3 区域统计表、来源链接和数值。","区域边界尚未接入几何文件；当前仅完成来源或占位登记。 区域统计观测值尚未接入；保留结构化待接入状态，不填 0，不进入地图图层或区域比较。 尚未接入可点击的区域统计来源链接。","2026-08-02"
"czechia_plzen_regional_unemployment_rate_2025_quality_check","czechia_plzen","czechia","ADM1","regional_unemployment_rate","2025","false","true","false","true","European Commission / Eurostat GISCO geodata and NUTS usage conditions","https://ec.europa.eu/eurostat/web/gisco/geodata/statistical-units/territorial-units-statistics","true","Source: European Commission – Eurostat/GISCO; administrative boundaries: © EuroGeographics.","false","待确认：拟以 GISCO NUTS 2024 官方几何与元数据为基准，复核要素数、NUTS code、几何有效性、共享边界、重叠与缝隙。","false","not_started","","not_started","0","0","0","0","0","0","0","0","0","0","not_started","false","not_started","false","false","false","false","false","false","false","false","false","false","0","false","false","false","false","false","false","not_ready_for_public_display","false","true","true","false","true","true","false","true","false","false","false","false","false","true","待接入","v0.11 仅保留区域观测值结构；尚未接入具体 ADM1/NUTS3 区域统计表、来源链接和数值。","区域边界尚未接入几何文件；当前仅完成来源或占位登记。 区域统计观测值尚未接入；保留结构化待接入状态，不填 0，不进入地图图层或区域比较。 尚未接入可点击的区域统计来源链接。","2026-08-02"
"czechia_plzen_regional_manufacturing_share_2025_quality_check","czechia_plzen","czechia","ADM1","regional_manufacturing_share","2025","false","true","false","true","European Commission / Eurostat GISCO geodata and NUTS usage conditions","https://ec.europa.eu/eurostat/web/gisco/geodata/statistical-units/territorial-units-statistics","true","Source: European Commission – Eurostat/GISCO; administrative boundaries: © EuroGeographics.","false","待确认：拟以 GISCO NUTS 2024 官方几何与元数据为基准，复核要素数、NUTS code、几何有效性、共享边界、重叠与缝隙。","false","not_started","","not_started","0","0","0","0","0","0","0","0","0","0","not_started","false","not_started","false","false","false","false","false","false","false","false","false","false","0","false","false","false","false","false","false","not_ready_for_public_display","false","true","true","false","true","true","false","true","true","false","false","false","false","true","待接入","v0.11 仅保留区域观测值结构；尚未接入具体 ADM1/NUTS3 区域统计表、来源链接和数值。","区域边界尚未接入几何文件；当前仅完成来源或占位登记。 区域统计观测值尚未接入；保留结构化待接入状态，不填 0，不进入地图图层或区域比较。 尚未接入可点击的区域统计来源链接。","2026-08-02"
"czechia_karlovy_vary_regional_population_2025_quality_check","czechia_karlovy_vary","czechia","ADM1","regional_population","2025","false","true","false","true","European Commission / Eurostat GISCO geodata and NUTS usage conditions","https://ec.europa.eu/eurostat/web/gisco/geodata/statistical-units/territorial-units-statistics","true","Source: European Commission – Eurostat/GISCO; administrative boundaries: © EuroGeographics.","false","待确认：拟以 GISCO NUTS 2024 官方几何与元数据为基准，复核要素数、NUTS code、几何有效性、共享边界、重叠与缝隙。","false","not_started","","not_started","0","0","0","0","0","0","0","0","0","0","not_started","false","not_started","false","false","false","false","false","false","false","false","false","false","0","false","false","false","false","false","false","not_ready_for_public_display","false","true","true","false","true","true","false","true","false","false","false","false","false","true","待接入","v0.11 仅保留区域观测值结构；尚未接入具体 ADM1/NUTS3 区域统计表、来源链接和数值。","区域边界尚未接入几何文件；当前仅完成来源或占位登记。 区域统计观测值尚未接入；保留结构化待接入状态，不填 0，不进入地图图层或区域比较。 尚未接入可点击的区域统计来源链接。","2026-08-02"
"czechia_karlovy_vary_regional_gdp_2025_quality_check","czechia_karlovy_vary","czechia","ADM1","regional_gdp","2025","false","true","false","true","European Commission / Eurostat GISCO geodata and NUTS usage conditions","https://ec.europa.eu/eurostat/web/gisco/geodata/statistical-units/territorial-units-statistics","true","Source: European Commission – Eurostat/GISCO; administrative boundaries: © EuroGeographics.","false","待确认：拟以 GISCO NUTS 2024 官方几何与元数据为基准，复核要素数、NUTS code、几何有效性、共享边界、重叠与缝隙。","false","not_started","","not_started","0","0","0","0","0","0","0","0","0","0","not_started","false","not_started","false","false","false","false","false","false","false","false","false","false","0","false","false","false","false","false","false","not_ready_for_public_display","false","true","true","false","true","true","false","true","false","false","false","false","false","true","待接入","v0.11 仅保留区域观测值结构；尚未接入具体 ADM1/NUTS3 区域统计表、来源链接和数值。","区域边界尚未接入几何文件；当前仅完成来源或占位登记。 区域统计观测值尚未接入；保留结构化待接入状态，不填 0，不进入地图图层或区域比较。 尚未接入可点击的区域统计来源链接。","2026-08-02"
"czechia_karlovy_vary_regional_gdp_per_capita_2025_quality_check","czechia_karlovy_vary","czechia","ADM1","regional_gdp_per_capita","2025","false","true","false","true","European Commission / Eurostat GISCO geodata and NUTS usage conditions","https://ec.europa.eu/eurostat/web/gisco/geodata/statistical-units/territorial-units-statistics","true","Source: European Commission – Eurostat/GISCO; administrative boundaries: © EuroGeographics.","false","待确认：拟以 GISCO NUTS 2024 官方几何与元数据为基准，复核要素数、NUTS code、几何有效性、共享边界、重叠与缝隙。","false","not_started","","not_started","0","0","0","0","0","0","0","0","0","0","not_started","false","not_started","false","false","false","false","false","false","false","false","false","false","0","false","false","false","false","false","false","not_ready_for_public_display","false","true","true","false","true","true","false","true","true","false","false","false","false","true","待接入","v0.11 仅保留区域观测值结构；尚未接入具体 ADM1/NUTS3 区域统计表、来源链接和数值。","区域边界尚未接入几何文件；当前仅完成来源或占位登记。 区域统计观测值尚未接入；保留结构化待接入状态，不填 0，不进入地图图层或区域比较。 尚未接入可点击的区域统计来源链接。","2026-08-02"
"czechia_karlovy_vary_regional_unemployment_rate_2025_quality_check","czechia_karlovy_vary","czechia","ADM1","regional_unemployment_rate","2025","false","true","false","true","European Commission / Eurostat GISCO geodata and NUTS usage conditions","https://ec.europa.eu/eurostat/web/gisco/geodata/statistical-units/territorial-units-statistics","true","Source: European Commission – Eurostat/GISCO; administrative boundaries: © EuroGeographics.","false","待确认：拟以 GISCO NUTS 2024 官方几何与元数据为基准，复核要素数、NUTS code、几何有效性、共享边界、重叠与缝隙。","false","not_started","","not_started","0","0","0","0","0","0","0","0","0","0","not_started","false","not_started","false","false","false","false","false","false","false","false","false","false","0","false","false","false","false","false","false","not_ready_for_public_display","false","true","true","false","true","true","false","true","false","false","false","false","false","true","待接入","v0.11 仅保留区域观测值结构；尚未接入具体 ADM1/NUTS3 区域统计表、来源链接和数值。","区域边界尚未接入几何文件；当前仅完成来源或占位登记。 区域统计观测值尚未接入；保留结构化待接入状态，不填 0，不进入地图图层或区域比较。 尚未接入可点击的区域统计来源链接。","2026-08-02"
"czechia_karlovy_vary_regional_manufacturing_share_2025_quality_check","czechia_karlovy_vary","czechia","ADM1","regional_manufacturing_share","2025","false","true","false","true","European Commission / Eurostat GISCO geodata and NUTS usage conditions","https://ec.europa.eu/eurostat/web/gisco/geodata/statistical-units/territorial-units-statistics","true","Source: European Commission – Eurostat/GISCO; administrative boundaries: © EuroGeographics.","false","待确认：拟以 GISCO NUTS 2024 官方几何与元数据为基准，复核要素数、NUTS code、几何有效性、共享边界、重叠与缝隙。","false","not_started","","not_started","0","0","0","0","0","0","0","0","0","0","not_started","false","not_started","false","false","false","false","false","false","false","false","false","false","0","false","false","false","false","false","false","not_ready_for_public_display","false","true","true","false","true","true","false","true","true","false","false","false","false","true","待接入","v0.11 仅保留区域观测值结构；尚未接入具体 ADM1/NUTS3 区域统计表、来源链接和数值。","区域边界尚未接入几何文件；当前仅完成来源或占位登记。 区域统计观测值尚未接入；保留结构化待接入状态，不填 0，不进入地图图层或区域比较。 尚未接入可点击的区域统计来源链接。","2026-08-02"
"czechia_usti_regional_population_2025_quality_check","czechia_usti","czechia","ADM1","regional_population","2025","false","true","false","true","European Commission / Eurostat GISCO geodata and NUTS usage conditions","https://ec.europa.eu/eurostat/web/gisco/geodata/statistical-units/territorial-units-statistics","true","Source: European Commission – Eurostat/GISCO; administrative boundaries: © EuroGeographics.","false","待确认：拟以 GISCO NUTS 2024 官方几何与元数据为基准，复核要素数、NUTS code、几何有效性、共享边界、重叠与缝隙。","false","not_started","","not_started","0","0","0","0","0","0","0","0","0","0","not_started","false","not_started","false","false","false","false","false","false","false","false","false","false","0","false","false","false","false","false","false","not_ready_for_public_display","false","true","true","false","true","true","false","true","false","false","false","false","false","true","待接入","v0.11 仅保留区域观测值结构；尚未接入具体 ADM1/NUTS3 区域统计表、来源链接和数值。","区域边界尚未接入几何文件；当前仅完成来源或占位登记。 区域统计观测值尚未接入；保留结构化待接入状态，不填 0，不进入地图图层或区域比较。 尚未接入可点击的区域统计来源链接。","2026-08-02"
"czechia_usti_regional_gdp_2025_quality_check","czechia_usti","czechia","ADM1","regional_gdp","2025","false","true","false","true","European Commission / Eurostat GISCO geodata and NUTS usage conditions","https://ec.europa.eu/eurostat/web/gisco/geodata/statistical-units/territorial-units-statistics","true","Source: European Commission – Eurostat/GISCO; administrative boundaries: © EuroGeographics.","false","待确认：拟以 GISCO NUTS 2024 官方几何与元数据为基准，复核要素数、NUTS code、几何有效性、共享边界、重叠与缝隙。","false","not_started","","not_started","0","0","0","0","0","0","0","0","0","0","not_started","false","not_started","false","false","false","false","false","false","false","false","false","false","0","false","false","false","false","false","false","not_ready_for_public_display","false","true","true","false","true","true","false","true","false","false","false","false","false","true","待接入","v0.11 仅保留区域观测值结构；尚未接入具体 ADM1/NUTS3 区域统计表、来源链接和数值。","区域边界尚未接入几何文件；当前仅完成来源或占位登记。 区域统计观测值尚未接入；保留结构化待接入状态，不填 0，不进入地图图层或区域比较。 尚未接入可点击的区域统计来源链接。","2026-08-02"
"czechia_usti_regional_gdp_per_capita_2025_quality_check","czechia_usti","czechia","ADM1","regional_gdp_per_capita","2025","false","true","false","true","European Commission / Eurostat GISCO geodata and NUTS usage conditions","https://ec.europa.eu/eurostat/web/gisco/geodata/statistical-units/territorial-units-statistics","true","Source: European Commission – Eurostat/GISCO; administrative boundaries: © EuroGeographics.","false","待确认：拟以 GISCO NUTS 2024 官方几何与元数据为基准，复核要素数、NUTS code、几何有效性、共享边界、重叠与缝隙。","false","not_started","","not_started","0","0","0","0","0","0","0","0","0","0","not_started","false","not_started","false","false","false","false","false","false","false","false","false","false","0","false","false","false","false","false","false","not_ready_for_public_display","false","true","true","false","true","true","false","true","true","false","false","false","false","true","待接入","v0.11 仅保留区域观测值结构；尚未接入具体 ADM1/NUTS3 区域统计表、来源链接和数值。","区域边界尚未接入几何文件；当前仅完成来源或占位登记。 区域统计观测值尚未接入；保留结构化待接入状态，不填 0，不进入地图图层或区域比较。 尚未接入可点击的区域统计来源链接。","2026-08-02"
"czechia_usti_regional_unemployment_rate_2025_quality_check","czechia_usti","czechia","ADM1","regional_unemployment_rate","2025","false","true","false","true","European Commission / Eurostat GISCO geodata and NUTS usage conditions","https://ec.europa.eu/eurostat/web/gisco/geodata/statistical-units/territorial-units-statistics","true","Source: European Commission – Eurostat/GISCO; administrative boundaries: © EuroGeographics.","false","待确认：拟以 GISCO NUTS 2024 官方几何与元数据为基准，复核要素数、NUTS code、几何有效性、共享边界、重叠与缝隙。","false","not_started","","not_started","0","0","0","0","0","0","0","0","0","0","not_started","false","not_started","false","false","false","false","false","false","false","false","false","false","0","false","false","false","false","false","false","not_ready_for_public_display","false","true","true","false","true","true","false","true","false","false","false","false","false","true","待接入","v0.11 仅保留区域观测值结构；尚未接入具体 ADM1/NUTS3 区域统计表、来源链接和数值。","区域边界尚未接入几何文件；当前仅完成来源或占位登记。 区域统计观测值尚未接入；保留结构化待接入状态，不填 0，不进入地图图层或区域比较。 尚未接入可点击的区域统计来源链接。","2026-08-02"
"czechia_usti_regional_manufacturing_share_2025_quality_check","czechia_usti","czechia","ADM1","regional_manufacturing_share","2025","false","true","false","true","European Commission / Eurostat GISCO geodata and NUTS usage conditions","https://ec.europa.eu/eurostat/web/gisco/geodata/statistical-units/territorial-units-statistics","true","Source: European Commission – Eurostat/GISCO; administrative boundaries: © EuroGeographics.","false","待确认：拟以 GISCO NUTS 2024 官方几何与元数据为基准，复核要素数、NUTS code、几何有效性、共享边界、重叠与缝隙。","false","not_started","","not_started","0","0","0","0","0","0","0","0","0","0","not_started","false","not_started","false","false","false","false","false","false","false","false","false","false","0","false","false","false","false","false","false","not_ready_for_public_display","false","true","true","false","true","true","false","true","true","false","false","false","false","true","待接入","v0.11 仅保留区域观测值结构；尚未接入具体 ADM1/NUTS3 区域统计表、来源链接和数值。","区域边界尚未接入几何文件；当前仅完成来源或占位登记。 区域统计观测值尚未接入；保留结构化待接入状态，不填 0，不进入地图图层或区域比较。 尚未接入可点击的区域统计来源链接。","2026-08-02"
"czechia_liberec_regional_population_2025_quality_check","czechia_liberec","czechia","ADM1","regional_population","2025","false","true","false","true","European Commission / Eurostat GISCO geodata and NUTS usage conditions","https://ec.europa.eu/eurostat/web/gisco/geodata/statistical-units/territorial-units-statistics","true","Source: European Commission – Eurostat/GISCO; administrative boundaries: © EuroGeographics.","false","待确认：拟以 GISCO NUTS 2024 官方几何与元数据为基准，复核要素数、NUTS code、几何有效性、共享边界、重叠与缝隙。","false","not_started","","not_started","0","0","0","0","0","0","0","0","0","0","not_started","false","not_started","false","false","false","false","false","false","false","false","false","false","0","false","false","false","false","false","false","not_ready_for_public_display","false","true","true","false","true","true","false","true","false","false","false","false","false","true","待接入","v0.11 仅保留区域观测值结构；尚未接入具体 ADM1/NUTS3 区域统计表、来源链接和数值。","区域边界尚未接入几何文件；当前仅完成来源或占位登记。 区域统计观测值尚未接入；保留结构化待接入状态，不填 0，不进入地图图层或区域比较。 尚未接入可点击的区域统计来源链接。","2026-08-02"
"czechia_liberec_regional_gdp_2025_quality_check","czechia_liberec","czechia","ADM1","regional_gdp","2025","false","true","false","true","European Commission / Eurostat GISCO geodata and NUTS usage conditions","https://ec.europa.eu/eurostat/web/gisco/geodata/statistical-units/territorial-units-statistics","true","Source: European Commission – Eurostat/GISCO; administrative boundaries: © EuroGeographics.","false","待确认：拟以 GISCO NUTS 2024 官方几何与元数据为基准，复核要素数、NUTS code、几何有效性、共享边界、重叠与缝隙。","false","not_started","","not_started","0","0","0","0","0","0","0","0","0","0","not_started","false","not_started","false","false","false","false","false","false","false","false","false","false","0","false","false","false","false","false","false","not_ready_for_public_display","false","true","true","false","true","true","false","true","false","false","false","false","false","true","待接入","v0.11 仅保留区域观测值结构；尚未接入具体 ADM1/NUTS3 区域统计表、来源链接和数值。","区域边界尚未接入几何文件；当前仅完成来源或占位登记。 区域统计观测值尚未接入；保留结构化待接入状态，不填 0，不进入地图图层或区域比较。 尚未接入可点击的区域统计来源链接。","2026-08-02"
"czechia_liberec_regional_gdp_per_capita_2025_quality_check","czechia_liberec","czechia","ADM1","regional_gdp_per_capita","2025","false","true","false","true","European Commission / Eurostat GISCO geodata and NUTS usage conditions","https://ec.europa.eu/eurostat/web/gisco/geodata/statistical-units/territorial-units-statistics","true","Source: European Commission – Eurostat/GISCO; administrative boundaries: © EuroGeographics.","false","待确认：拟以 GISCO NUTS 2024 官方几何与元数据为基准，复核要素数、NUTS code、几何有效性、共享边界、重叠与缝隙。","false","not_started","","not_started","0","0","0","0","0","0","0","0","0","0","not_started","false","not_started","false","false","false","false","false","false","false","false","false","false","0","false","false","false","false","false","false","not_ready_for_public_display","false","true","true","false","true","true","false","true","true","false","false","false","false","true","待接入","v0.11 仅保留区域观测值结构；尚未接入具体 ADM1/NUTS3 区域统计表、来源链接和数值。","区域边界尚未接入几何文件；当前仅完成来源或占位登记。 区域统计观测值尚未接入；保留结构化待接入状态，不填 0，不进入地图图层或区域比较。 尚未接入可点击的区域统计来源链接。","2026-08-02"
"czechia_liberec_regional_unemployment_rate_2025_quality_check","czechia_liberec","czechia","ADM1","regional_unemployment_rate","2025","false","true","false","true","European Commission / Eurostat GISCO geodata and NUTS usage conditions","https://ec.europa.eu/eurostat/web/gisco/geodata/statistical-units/territorial-units-statistics","true","Source: European Commission – Eurostat/GISCO; administrative boundaries: © EuroGeographics.","false","待确认：拟以 GISCO NUTS 2024 官方几何与元数据为基准，复核要素数、NUTS code、几何有效性、共享边界、重叠与缝隙。","false","not_started","","not_started","0","0","0","0","0","0","0","0","0","0","not_started","false","not_started","false","false","false","false","false","false","false","false","false","false","0","false","false","false","false","false","false","not_ready_for_public_display","false","true","true","false","true","true","false","true","false","false","false","false","false","true","待接入","v0.11 仅保留区域观测值结构；尚未接入具体 ADM1/NUTS3 区域统计表、来源链接和数值。","区域边界尚未接入几何文件；当前仅完成来源或占位登记。 区域统计观测值尚未接入；保留结构化待接入状态，不填 0，不进入地图图层或区域比较。 尚未接入可点击的区域统计来源链接。","2026-08-02"
"czechia_liberec_regional_manufacturing_share_2025_quality_check","czechia_liberec","czechia","ADM1","regional_manufacturing_share","2025","false","true","false","true","European Commission / Eurostat GISCO geodata and NUTS usage conditions","https://ec.europa.eu/eurostat/web/gisco/geodata/statistical-units/territorial-units-statistics","true","Source: European Commission – Eurostat/GISCO; administrative boundaries: © EuroGeographics.","false","待确认：拟以 GISCO NUTS 2024 官方几何与元数据为基准，复核要素数、NUTS code、几何有效性、共享边界、重叠与缝隙。","false","not_started","","not_started","0","0","0","0","0","0","0","0","0","0","not_started","false","not_started","false","false","false","false","false","false","false","false","false","false","0","false","false","false","false","false","false","not_ready_for_public_display","false","true","true","false","true","true","false","true","true","false","false","false","false","true","待接入","v0.11 仅保留区域观测值结构；尚未接入具体 ADM1/NUTS3 区域统计表、来源链接和数值。","区域边界尚未接入几何文件；当前仅完成来源或占位登记。 区域统计观测值尚未接入；保留结构化待接入状态，不填 0，不进入地图图层或区域比较。 尚未接入可点击的区域统计来源链接。","2026-08-02"
"czechia_hradec_kralove_regional_population_2025_quality_check","czechia_hradec_kralove","czechia","ADM1","regional_population","2025","false","true","false","true","European Commission / Eurostat GISCO geodata and NUTS usage conditions","https://ec.europa.eu/eurostat/web/gisco/geodata/statistical-units/territorial-units-statistics","true","Source: European Commission – Eurostat/GISCO; administrative boundaries: © EuroGeographics.","false","待确认：拟以 GISCO NUTS 2024 官方几何与元数据为基准，复核要素数、NUTS code、几何有效性、共享边界、重叠与缝隙。","false","not_started","","not_started","0","0","0","0","0","0","0","0","0","0","not_started","false","not_started","false","false","false","false","false","false","false","false","false","false","0","false","false","false","false","false","false","not_ready_for_public_display","false","true","true","false","true","true","false","true","false","false","false","false","false","true","待接入","v0.11 仅保留区域观测值结构；尚未接入具体 ADM1/NUTS3 区域统计表、来源链接和数值。","区域边界尚未接入几何文件；当前仅完成来源或占位登记。 区域统计观测值尚未接入；保留结构化待接入状态，不填 0，不进入地图图层或区域比较。 尚未接入可点击的区域统计来源链接。","2026-08-02"
"czechia_hradec_kralove_regional_gdp_2025_quality_check","czechia_hradec_kralove","czechia","ADM1","regional_gdp","2025","false","true","false","true","European Commission / Eurostat GISCO geodata and NUTS usage conditions","https://ec.europa.eu/eurostat/web/gisco/geodata/statistical-units/territorial-units-statistics","true","Source: European Commission – Eurostat/GISCO; administrative boundaries: © EuroGeographics.","false","待确认：拟以 GISCO NUTS 2024 官方几何与元数据为基准，复核要素数、NUTS code、几何有效性、共享边界、重叠与缝隙。","false","not_started","","not_started","0","0","0","0","0","0","0","0","0","0","not_started","false","not_started","false","false","false","false","false","false","false","false","false","false","0","false","false","false","false","false","false","not_ready_for_public_display","false","true","true","false","true","true","false","true","false","false","false","false","false","true","待接入","v0.11 仅保留区域观测值结构；尚未接入具体 ADM1/NUTS3 区域统计表、来源链接和数值。","区域边界尚未接入几何文件；当前仅完成来源或占位登记。 区域统计观测值尚未接入；保留结构化待接入状态，不填 0，不进入地图图层或区域比较。 尚未接入可点击的区域统计来源链接。","2026-08-02"
"czechia_hradec_kralove_regional_gdp_per_capita_2025_quality_check","czechia_hradec_kralove","czechia","ADM1","regional_gdp_per_capita","2025","false","true","false","true","European Commission / Eurostat GISCO geodata and NUTS usage conditions","https://ec.europa.eu/eurostat/web/gisco/geodata/statistical-units/territorial-units-statistics","true","Source: European Commission – Eurostat/GISCO; administrative boundaries: © EuroGeographics.","false","待确认：拟以 GISCO NUTS 2024 官方几何与元数据为基准，复核要素数、NUTS code、几何有效性、共享边界、重叠与缝隙。","false","not_started","","not_started","0","0","0","0","0","0","0","0","0","0","not_started","false","not_started","false","false","false","false","false","false","false","false","false","false","0","false","false","false","false","false","false","not_ready_for_public_display","false","true","true","false","true","true","false","true","true","false","false","false","false","true","待接入","v0.11 仅保留区域观测值结构；尚未接入具体 ADM1/NUTS3 区域统计表、来源链接和数值。","区域边界尚未接入几何文件；当前仅完成来源或占位登记。 区域统计观测值尚未接入；保留结构化待接入状态，不填 0，不进入地图图层或区域比较。 尚未接入可点击的区域统计来源链接。","2026-08-02"
"czechia_hradec_kralove_regional_unemployment_rate_2025_quality_check","czechia_hradec_kralove","czechia","ADM1","regional_unemployment_rate","2025","false","true","false","true","European Commission / Eurostat GISCO geodata and NUTS usage conditions","https://ec.europa.eu/eurostat/web/gisco/geodata/statistical-units/territorial-units-statistics","true","Source: European Commission – Eurostat/GISCO; administrative boundaries: © EuroGeographics.","false","待确认：拟以 GISCO NUTS 2024 官方几何与元数据为基准，复核要素数、NUTS code、几何有效性、共享边界、重叠与缝隙。","false","not_started","","not_started","0","0","0","0","0","0","0","0","0","0","not_started","false","not_started","false","false","false","false","false","false","false","false","false","false","0","false","false","false","false","false","false","not_ready_for_public_display","false","true","true","false","true","true","false","true","false","false","false","false","false","true","待接入","v0.11 仅保留区域观测值结构；尚未接入具体 ADM1/NUTS3 区域统计表、来源链接和数值。","区域边界尚未接入几何文件；当前仅完成来源或占位登记。 区域统计观测值尚未接入；保留结构化待接入状态，不填 0，不进入地图图层或区域比较。 尚未接入可点击的区域统计来源链接。","2026-08-02"
"czechia_hradec_kralove_regional_manufacturing_share_2025_quality_check","czechia_hradec_kralove","czechia","ADM1","regional_manufacturing_share","2025","false","true","false","true","European Commission / Eurostat GISCO geodata and NUTS usage conditions","https://ec.europa.eu/eurostat/web/gisco/geodata/statistical-units/territorial-units-statistics","true","Source: European Commission – Eurostat/GISCO; administrative boundaries: © EuroGeographics.","false","待确认：拟以 GISCO NUTS 2024 官方几何与元数据为基准，复核要素数、NUTS code、几何有效性、共享边界、重叠与缝隙。","false","not_started","","not_started","0","0","0","0","0","0","0","0","0","0","not_started","false","not_started","false","false","false","false","false","false","false","false","false","false","0","false","false","false","false","false","false","not_ready_for_public_display","false","true","true","false","true","true","false","true","true","false","false","false","false","true","待接入","v0.11 仅保留区域观测值结构；尚未接入具体 ADM1/NUTS3 区域统计表、来源链接和数值。","区域边界尚未接入几何文件；当前仅完成来源或占位登记。 区域统计观测值尚未接入；保留结构化待接入状态，不填 0，不进入地图图层或区域比较。 尚未接入可点击的区域统计来源链接。","2026-08-02"
"czechia_pardubice_regional_population_2025_quality_check","czechia_pardubice","czechia","ADM1","regional_population","2025","false","true","false","true","European Commission / Eurostat GISCO geodata and NUTS usage conditions","https://ec.europa.eu/eurostat/web/gisco/geodata/statistical-units/territorial-units-statistics","true","Source: European Commission – Eurostat/GISCO; administrative boundaries: © EuroGeographics.","false","待确认：拟以 GISCO NUTS 2024 官方几何与元数据为基准，复核要素数、NUTS code、几何有效性、共享边界、重叠与缝隙。","false","not_started","","not_started","0","0","0","0","0","0","0","0","0","0","not_started","false","not_started","false","false","false","false","false","false","false","false","false","false","0","false","false","false","false","false","false","not_ready_for_public_display","false","true","true","false","true","true","false","true","false","false","false","false","false","true","待接入","v0.11 仅保留区域观测值结构；尚未接入具体 ADM1/NUTS3 区域统计表、来源链接和数值。","区域边界尚未接入几何文件；当前仅完成来源或占位登记。 区域统计观测值尚未接入；保留结构化待接入状态，不填 0，不进入地图图层或区域比较。 尚未接入可点击的区域统计来源链接。","2026-08-02"
"czechia_pardubice_regional_gdp_2025_quality_check","czechia_pardubice","czechia","ADM1","regional_gdp","2025","false","true","false","true","European Commission / Eurostat GISCO geodata and NUTS usage conditions","https://ec.europa.eu/eurostat/web/gisco/geodata/statistical-units/territorial-units-statistics","true","Source: European Commission – Eurostat/GISCO; administrative boundaries: © EuroGeographics.","false","待确认：拟以 GISCO NUTS 2024 官方几何与元数据为基准，复核要素数、NUTS code、几何有效性、共享边界、重叠与缝隙。","false","not_started","","not_started","0","0","0","0","0","0","0","0","0","0","not_started","false","not_started","false","false","false","false","false","false","false","false","false","false","0","false","false","false","false","false","false","not_ready_for_public_display","false","true","true","false","true","true","false","true","false","false","false","false","false","true","待接入","v0.11 仅保留区域观测值结构；尚未接入具体 ADM1/NUTS3 区域统计表、来源链接和数值。","区域边界尚未接入几何文件；当前仅完成来源或占位登记。 区域统计观测值尚未接入；保留结构化待接入状态，不填 0，不进入地图图层或区域比较。 尚未接入可点击的区域统计来源链接。","2026-08-02"
"czechia_pardubice_regional_gdp_per_capita_2025_quality_check","czechia_pardubice","czechia","ADM1","regional_gdp_per_capita","2025","false","true","false","true","European Commission / Eurostat GISCO geodata and NUTS usage conditions","https://ec.europa.eu/eurostat/web/gisco/geodata/statistical-units/territorial-units-statistics","true","Source: European Commission – Eurostat/GISCO; administrative boundaries: © EuroGeographics.","false","待确认：拟以 GISCO NUTS 2024 官方几何与元数据为基准，复核要素数、NUTS code、几何有效性、共享边界、重叠与缝隙。","false","not_started","","not_started","0","0","0","0","0","0","0","0","0","0","not_started","false","not_started","false","false","false","false","false","false","false","false","false","false","0","false","false","false","false","false","false","not_ready_for_public_display","false","true","true","false","true","true","false","true","true","false","false","false","false","true","待接入","v0.11 仅保留区域观测值结构；尚未接入具体 ADM1/NUTS3 区域统计表、来源链接和数值。","区域边界尚未接入几何文件；当前仅完成来源或占位登记。 区域统计观测值尚未接入；保留结构化待接入状态，不填 0，不进入地图图层或区域比较。 尚未接入可点击的区域统计来源链接。","2026-08-02"
"czechia_pardubice_regional_unemployment_rate_2025_quality_check","czechia_pardubice","czechia","ADM1","regional_unemployment_rate","2025","false","true","false","true","European Commission / Eurostat GISCO geodata and NUTS usage conditions","https://ec.europa.eu/eurostat/web/gisco/geodata/statistical-units/territorial-units-statistics","true","Source: European Commission – Eurostat/GISCO; administrative boundaries: © EuroGeographics.","false","待确认：拟以 GISCO NUTS 2024 官方几何与元数据为基准，复核要素数、NUTS code、几何有效性、共享边界、重叠与缝隙。","false","not_started","","not_started","0","0","0","0","0","0","0","0","0","0","not_started","false","not_started","false","false","false","false","false","false","false","false","false","false","0","false","false","false","false","false","false","not_ready_for_public_display","false","true","true","false","true","true","false","true","false","false","false","false","false","true","待接入","v0.11 仅保留区域观测值结构；尚未接入具体 ADM1/NUTS3 区域统计表、来源链接和数值。","区域边界尚未接入几何文件；当前仅完成来源或占位登记。 区域统计观测值尚未接入；保留结构化待接入状态，不填 0，不进入地图图层或区域比较。 尚未接入可点击的区域统计来源链接。","2026-08-02"
"czechia_pardubice_regional_manufacturing_share_2025_quality_check","czechia_pardubice","czechia","ADM1","regional_manufacturing_share","2025","false","true","false","true","European Commission / Eurostat GISCO geodata and NUTS usage conditions","https://ec.europa.eu/eurostat/web/gisco/geodata/statistical-units/territorial-units-statistics","true","Source: European Commission – Eurostat/GISCO; administrative boundaries: © EuroGeographics.","false","待确认：拟以 GISCO NUTS 2024 官方几何与元数据为基准，复核要素数、NUTS code、几何有效性、共享边界、重叠与缝隙。","false","not_started","","not_started","0","0","0","0","0","0","0","0","0","0","not_started","false","not_started","false","false","false","false","false","false","false","false","false","false","0","false","false","false","false","false","false","not_ready_for_public_display","false","true","true","false","true","true","false","true","true","false","false","false","false","true","待接入","v0.11 仅保留区域观测值结构；尚未接入具体 ADM1/NUTS3 区域统计表、来源链接和数值。","区域边界尚未接入几何文件；当前仅完成来源或占位登记。 区域统计观测值尚未接入；保留结构化待接入状态，不填 0，不进入地图图层或区域比较。 尚未接入可点击的区域统计来源链接。","2026-08-02"
"czechia_vysocina_regional_population_2025_quality_check","czechia_vysocina","czechia","ADM1","regional_population","2025","false","true","false","true","European Commission / Eurostat GISCO geodata and NUTS usage conditions","https://ec.europa.eu/eurostat/web/gisco/geodata/statistical-units/territorial-units-statistics","true","Source: European Commission – Eurostat/GISCO; administrative boundaries: © EuroGeographics.","false","待确认：拟以 GISCO NUTS 2024 官方几何与元数据为基准，复核要素数、NUTS code、几何有效性、共享边界、重叠与缝隙。","false","not_started","","not_started","0","0","0","0","0","0","0","0","0","0","not_started","false","not_started","false","false","false","false","false","false","false","false","false","false","0","false","false","false","false","false","false","not_ready_for_public_display","false","true","true","false","true","true","false","true","false","false","false","false","false","true","待接入","v0.11 仅保留区域观测值结构；尚未接入具体 ADM1/NUTS3 区域统计表、来源链接和数值。","区域边界尚未接入几何文件；当前仅完成来源或占位登记。 区域统计观测值尚未接入；保留结构化待接入状态，不填 0，不进入地图图层或区域比较。 尚未接入可点击的区域统计来源链接。","2026-08-02"
"czechia_vysocina_regional_gdp_2025_quality_check","czechia_vysocina","czechia","ADM1","regional_gdp","2025","false","true","false","true","European Commission / Eurostat GISCO geodata and NUTS usage conditions","https://ec.europa.eu/eurostat/web/gisco/geodata/statistical-units/territorial-units-statistics","true","Source: European Commission – Eurostat/GISCO; administrative boundaries: © EuroGeographics.","false","待确认：拟以 GISCO NUTS 2024 官方几何与元数据为基准，复核要素数、NUTS code、几何有效性、共享边界、重叠与缝隙。","false","not_started","","not_started","0","0","0","0","0","0","0","0","0","0","not_started","false","not_started","false","false","false","false","false","false","false","false","false","false","0","false","false","false","false","false","false","not_ready_for_public_display","false","true","true","false","true","true","false","true","false","false","false","false","false","true","待接入","v0.11 仅保留区域观测值结构；尚未接入具体 ADM1/NUTS3 区域统计表、来源链接和数值。","区域边界尚未接入几何文件；当前仅完成来源或占位登记。 区域统计观测值尚未接入；保留结构化待接入状态，不填 0，不进入地图图层或区域比较。 尚未接入可点击的区域统计来源链接。","2026-08-02"
"czechia_vysocina_regional_gdp_per_capita_2025_quality_check","czechia_vysocina","czechia","ADM1","regional_gdp_per_capita","2025","false","true","false","true","European Commission / Eurostat GISCO geodata and NUTS usage conditions","https://ec.europa.eu/eurostat/web/gisco/geodata/statistical-units/territorial-units-statistics","true","Source: European Commission – Eurostat/GISCO; administrative boundaries: © EuroGeographics.","false","待确认：拟以 GISCO NUTS 2024 官方几何与元数据为基准，复核要素数、NUTS code、几何有效性、共享边界、重叠与缝隙。","false","not_started","","not_started","0","0","0","0","0","0","0","0","0","0","not_started","false","not_started","false","false","false","false","false","false","false","false","false","false","0","false","false","false","false","false","false","not_ready_for_public_display","false","true","true","false","true","true","false","true","true","false","false","false","false","true","待接入","v0.11 仅保留区域观测值结构；尚未接入具体 ADM1/NUTS3 区域统计表、来源链接和数值。","区域边界尚未接入几何文件；当前仅完成来源或占位登记。 区域统计观测值尚未接入；保留结构化待接入状态，不填 0，不进入地图图层或区域比较。 尚未接入可点击的区域统计来源链接。","2026-08-02"
"czechia_vysocina_regional_unemployment_rate_2025_quality_check","czechia_vysocina","czechia","ADM1","regional_unemployment_rate","2025","false","true","false","true","European Commission / Eurostat GISCO geodata and NUTS usage conditions","https://ec.europa.eu/eurostat/web/gisco/geodata/statistical-units/territorial-units-statistics","true","Source: European Commission – Eurostat/GISCO; administrative boundaries: © EuroGeographics.","false","待确认：拟以 GISCO NUTS 2024 官方几何与元数据为基准，复核要素数、NUTS code、几何有效性、共享边界、重叠与缝隙。","false","not_started","","not_started","0","0","0","0","0","0","0","0","0","0","not_started","false","not_started","false","false","false","false","false","false","false","false","false","false","0","false","false","false","false","false","false","not_ready_for_public_display","false","true","true","false","true","true","false","true","false","false","false","false","false","true","待接入","v0.11 仅保留区域观测值结构；尚未接入具体 ADM1/NUTS3 区域统计表、来源链接和数值。","区域边界尚未接入几何文件；当前仅完成来源或占位登记。 区域统计观测值尚未接入；保留结构化待接入状态，不填 0，不进入地图图层或区域比较。 尚未接入可点击的区域统计来源链接。","2026-08-02"
"czechia_vysocina_regional_manufacturing_share_2025_quality_check","czechia_vysocina","czechia","ADM1","regional_manufacturing_share","2025","false","true","false","true","European Commission / Eurostat GISCO geodata and NUTS usage conditions","https://ec.europa.eu/eurostat/web/gisco/geodata/statistical-units/territorial-units-statistics","true","Source: European Commission – Eurostat/GISCO; administrative boundaries: © EuroGeographics.","false","待确认：拟以 GISCO NUTS 2024 官方几何与元数据为基准，复核要素数、NUTS code、几何有效性、共享边界、重叠与缝隙。","false","not_started","","not_started","0","0","0","0","0","0","0","0","0","0","not_started","false","not_started","false","false","false","false","false","false","false","false","false","false","0","false","false","false","false","false","false","not_ready_for_public_display","false","true","true","false","true","true","false","true","true","false","false","false","false","true","待接入","v0.11 仅保留区域观测值结构；尚未接入具体 ADM1/NUTS3 区域统计表、来源链接和数值。","区域边界尚未接入几何文件；当前仅完成来源或占位登记。 区域统计观测值尚未接入；保留结构化待接入状态，不填 0，不进入地图图层或区域比较。 尚未接入可点击的区域统计来源链接。","2026-08-02"
"czechia_south_moravian_regional_population_2025_quality_check","czechia_south_moravian","czechia","ADM1","regional_population","2025","false","true","false","true","European Commission / Eurostat GISCO geodata and NUTS usage conditions","https://ec.europa.eu/eurostat/web/gisco/geodata/statistical-units/territorial-units-statistics","true","Source: European Commission – Eurostat/GISCO; administrative boundaries: © EuroGeographics.","false","待确认：拟以 GISCO NUTS 2024 官方几何与元数据为基准，复核要素数、NUTS code、几何有效性、共享边界、重叠与缝隙。","false","not_started","","not_started","0","0","0","0","0","0","0","0","0","0","not_started","false","not_started","false","false","false","false","false","false","false","false","false","false","0","false","false","false","false","false","false","not_ready_for_public_display","false","true","true","false","true","true","false","true","false","false","false","false","false","true","待接入","v0.11 仅保留区域观测值结构；尚未接入具体 ADM1/NUTS3 区域统计表、来源链接和数值。","区域边界尚未接入几何文件；当前仅完成来源或占位登记。 区域统计观测值尚未接入；保留结构化待接入状态，不填 0，不进入地图图层或区域比较。 尚未接入可点击的区域统计来源链接。","2026-08-02"
"czechia_south_moravian_regional_gdp_2025_quality_check","czechia_south_moravian","czechia","ADM1","regional_gdp","2025","false","true","false","true","European Commission / Eurostat GISCO geodata and NUTS usage conditions","https://ec.europa.eu/eurostat/web/gisco/geodata/statistical-units/territorial-units-statistics","true","Source: European Commission – Eurostat/GISCO; administrative boundaries: © EuroGeographics.","false","待确认：拟以 GISCO NUTS 2024 官方几何与元数据为基准，复核要素数、NUTS code、几何有效性、共享边界、重叠与缝隙。","false","not_started","","not_started","0","0","0","0","0","0","0","0","0","0","not_started","false","not_started","false","false","false","false","false","false","false","false","false","false","0","false","false","false","false","false","false","not_ready_for_public_display","false","true","true","false","true","true","false","true","false","false","false","false","false","true","待接入","v0.11 仅保留区域观测值结构；尚未接入具体 ADM1/NUTS3 区域统计表、来源链接和数值。","区域边界尚未接入几何文件；当前仅完成来源或占位登记。 区域统计观测值尚未接入；保留结构化待接入状态，不填 0，不进入地图图层或区域比较。 尚未接入可点击的区域统计来源链接。","2026-08-02"
"czechia_south_moravian_regional_gdp_per_capita_2025_quality_check","czechia_south_moravian","czechia","ADM1","regional_gdp_per_capita","2025","false","true","false","true","European Commission / Eurostat GISCO geodata and NUTS usage conditions","https://ec.europa.eu/eurostat/web/gisco/geodata/statistical-units/territorial-units-statistics","true","Source: European Commission – Eurostat/GISCO; administrative boundaries: © EuroGeographics.","false","待确认：拟以 GISCO NUTS 2024 官方几何与元数据为基准，复核要素数、NUTS code、几何有效性、共享边界、重叠与缝隙。","false","not_started","","not_started","0","0","0","0","0","0","0","0","0","0","not_started","false","not_started","false","false","false","false","false","false","false","false","false","false","0","false","false","false","false","false","false","not_ready_for_public_display","false","true","true","false","true","true","false","true","true","false","false","false","false","true","待接入","v0.11 仅保留区域观测值结构；尚未接入具体 ADM1/NUTS3 区域统计表、来源链接和数值。","区域边界尚未接入几何文件；当前仅完成来源或占位登记。 区域统计观测值尚未接入；保留结构化待接入状态，不填 0，不进入地图图层或区域比较。 尚未接入可点击的区域统计来源链接。","2026-08-02"
"czechia_south_moravian_regional_unemployment_rate_2025_quality_check","czechia_south_moravian","czechia","ADM1","regional_unemployment_rate","2025","false","true","false","true","European Commission / Eurostat GISCO geodata and NUTS usage conditions","https://ec.europa.eu/eurostat/web/gisco/geodata/statistical-units/territorial-units-statistics","true","Source: European Commission – Eurostat/GISCO; administrative boundaries: © EuroGeographics.","false","待确认：拟以 GISCO NUTS 2024 官方几何与元数据为基准，复核要素数、NUTS code、几何有效性、共享边界、重叠与缝隙。","false","not_started","","not_started","0","0","0","0","0","0","0","0","0","0","not_started","false","not_started","false","false","false","false","false","false","false","false","false","false","0","false","false","false","false","false","false","not_ready_for_public_display","false","true","true","false","true","true","false","true","false","false","false","false","false","true","待接入","v0.11 仅保留区域观测值结构；尚未接入具体 ADM1/NUTS3 区域统计表、来源链接和数值。","区域边界尚未接入几何文件；当前仅完成来源或占位登记。 区域统计观测值尚未接入；保留结构化待接入状态，不填 0，不进入地图图层或区域比较。 尚未接入可点击的区域统计来源链接。","2026-08-02"
"czechia_south_moravian_regional_manufacturing_share_2025_quality_check","czechia_south_moravian","czechia","ADM1","regional_manufacturing_share","2025","false","true","false","true","European Commission / Eurostat GISCO geodata and NUTS usage conditions","https://ec.europa.eu/eurostat/web/gisco/geodata/statistical-units/territorial-units-statistics","true","Source: European Commission – Eurostat/GISCO; administrative boundaries: © EuroGeographics.","false","待确认：拟以 GISCO NUTS 2024 官方几何与元数据为基准，复核要素数、NUTS code、几何有效性、共享边界、重叠与缝隙。","false","not_started","","not_started","0","0","0","0","0","0","0","0","0","0","not_started","false","not_started","false","false","false","false","false","false","false","false","false","false","0","false","false","false","false","false","false","not_ready_for_public_display","false","true","true","false","true","true","false","true","true","false","false","false","false","true","待接入","v0.11 仅保留区域观测值结构；尚未接入具体 ADM1/NUTS3 区域统计表、来源链接和数值。","区域边界尚未接入几何文件；当前仅完成来源或占位登记。 区域统计观测值尚未接入；保留结构化待接入状态，不填 0，不进入地图图层或区域比较。 尚未接入可点击的区域统计来源链接。","2026-08-02"
"czechia_olomouc_regional_population_2025_quality_check","czechia_olomouc","czechia","ADM1","regional_population","2025","false","true","false","true","European Commission / Eurostat GISCO geodata and NUTS usage conditions","https://ec.europa.eu/eurostat/web/gisco/geodata/statistical-units/territorial-units-statistics","true","Source: European Commission – Eurostat/GISCO; administrative boundaries: © EuroGeographics.","false","待确认：拟以 GISCO NUTS 2024 官方几何与元数据为基准，复核要素数、NUTS code、几何有效性、共享边界、重叠与缝隙。","false","not_started","","not_started","0","0","0","0","0","0","0","0","0","0","not_started","false","not_started","false","false","false","false","false","false","false","false","false","false","0","false","false","false","false","false","false","not_ready_for_public_display","false","true","true","false","true","true","false","true","false","false","false","false","false","true","待接入","v0.11 仅保留区域观测值结构；尚未接入具体 ADM1/NUTS3 区域统计表、来源链接和数值。","区域边界尚未接入几何文件；当前仅完成来源或占位登记。 区域统计观测值尚未接入；保留结构化待接入状态，不填 0，不进入地图图层或区域比较。 尚未接入可点击的区域统计来源链接。","2026-08-02"
"czechia_olomouc_regional_gdp_2025_quality_check","czechia_olomouc","czechia","ADM1","regional_gdp","2025","false","true","false","true","European Commission / Eurostat GISCO geodata and NUTS usage conditions","https://ec.europa.eu/eurostat/web/gisco/geodata/statistical-units/territorial-units-statistics","true","Source: European Commission – Eurostat/GISCO; administrative boundaries: © EuroGeographics.","false","待确认：拟以 GISCO NUTS 2024 官方几何与元数据为基准，复核要素数、NUTS code、几何有效性、共享边界、重叠与缝隙。","false","not_started","","not_started","0","0","0","0","0","0","0","0","0","0","not_started","false","not_started","false","false","false","false","false","false","false","false","false","false","0","false","false","false","false","false","false","not_ready_for_public_display","false","true","true","false","true","true","false","true","false","false","false","false","false","true","待接入","v0.11 仅保留区域观测值结构；尚未接入具体 ADM1/NUTS3 区域统计表、来源链接和数值。","区域边界尚未接入几何文件；当前仅完成来源或占位登记。 区域统计观测值尚未接入；保留结构化待接入状态，不填 0，不进入地图图层或区域比较。 尚未接入可点击的区域统计来源链接。","2026-08-02"
"czechia_olomouc_regional_gdp_per_capita_2025_quality_check","czechia_olomouc","czechia","ADM1","regional_gdp_per_capita","2025","false","true","false","true","European Commission / Eurostat GISCO geodata and NUTS usage conditions","https://ec.europa.eu/eurostat/web/gisco/geodata/statistical-units/territorial-units-statistics","true","Source: European Commission – Eurostat/GISCO; administrative boundaries: © EuroGeographics.","false","待确认：拟以 GISCO NUTS 2024 官方几何与元数据为基准，复核要素数、NUTS code、几何有效性、共享边界、重叠与缝隙。","false","not_started","","not_started","0","0","0","0","0","0","0","0","0","0","not_started","false","not_started","false","false","false","false","false","false","false","false","false","false","0","false","false","false","false","false","false","not_ready_for_public_display","false","true","true","false","true","true","false","true","true","false","false","false","false","true","待接入","v0.11 仅保留区域观测值结构；尚未接入具体 ADM1/NUTS3 区域统计表、来源链接和数值。","区域边界尚未接入几何文件；当前仅完成来源或占位登记。 区域统计观测值尚未接入；保留结构化待接入状态，不填 0，不进入地图图层或区域比较。 尚未接入可点击的区域统计来源链接。","2026-08-02"
"czechia_olomouc_regional_unemployment_rate_2025_quality_check","czechia_olomouc","czechia","ADM1","regional_unemployment_rate","2025","false","true","false","true","European Commission / Eurostat GISCO geodata and NUTS usage conditions","https://ec.europa.eu/eurostat/web/gisco/geodata/statistical-units/territorial-units-statistics","true","Source: European Commission – Eurostat/GISCO; administrative boundaries: © EuroGeographics.","false","待确认：拟以 GISCO NUTS 2024 官方几何与元数据为基准，复核要素数、NUTS code、几何有效性、共享边界、重叠与缝隙。","false","not_started","","not_started","0","0","0","0","0","0","0","0","0","0","not_started","false","not_started","false","false","false","false","false","false","false","false","false","false","0","false","false","false","false","false","false","not_ready_for_public_display","false","true","true","false","true","true","false","true","false","false","false","false","false","true","待接入","v0.11 仅保留区域观测值结构；尚未接入具体 ADM1/NUTS3 区域统计表、来源链接和数值。","区域边界尚未接入几何文件；当前仅完成来源或占位登记。 区域统计观测值尚未接入；保留结构化待接入状态，不填 0，不进入地图图层或区域比较。 尚未接入可点击的区域统计来源链接。","2026-08-02"
"czechia_olomouc_regional_manufacturing_share_2025_quality_check","czechia_olomouc","czechia","ADM1","regional_manufacturing_share","2025","false","true","false","true","European Commission / Eurostat GISCO geodata and NUTS usage conditions","https://ec.europa.eu/eurostat/web/gisco/geodata/statistical-units/territorial-units-statistics","true","Source: European Commission – Eurostat/GISCO; administrative boundaries: © EuroGeographics.","false","待确认：拟以 GISCO NUTS 2024 官方几何与元数据为基准，复核要素数、NUTS code、几何有效性、共享边界、重叠与缝隙。","false","not_started","","not_started","0","0","0","0","0","0","0","0","0","0","not_started","false","not_started","false","false","false","false","false","false","false","false","false","false","0","false","false","false","false","false","false","not_ready_for_public_display","false","true","true","false","true","true","false","true","true","false","false","false","false","true","待接入","v0.11 仅保留区域观测值结构；尚未接入具体 ADM1/NUTS3 区域统计表、来源链接和数值。","区域边界尚未接入几何文件；当前仅完成来源或占位登记。 区域统计观测值尚未接入；保留结构化待接入状态，不填 0，不进入地图图层或区域比较。 尚未接入可点击的区域统计来源链接。","2026-08-02"
"czechia_zlin_regional_population_2025_quality_check","czechia_zlin","czechia","ADM1","regional_population","2025","false","true","false","true","European Commission / Eurostat GISCO geodata and NUTS usage conditions","https://ec.europa.eu/eurostat/web/gisco/geodata/statistical-units/territorial-units-statistics","true","Source: European Commission – Eurostat/GISCO; administrative boundaries: © EuroGeographics.","false","待确认：拟以 GISCO NUTS 2024 官方几何与元数据为基准，复核要素数、NUTS code、几何有效性、共享边界、重叠与缝隙。","false","not_started","","not_started","0","0","0","0","0","0","0","0","0","0","not_started","false","not_started","false","false","false","false","false","false","false","false","false","false","0","false","false","false","false","false","false","not_ready_for_public_display","false","true","true","false","true","true","false","true","false","false","false","false","false","true","待接入","v0.11 仅保留区域观测值结构；尚未接入具体 ADM1/NUTS3 区域统计表、来源链接和数值。","区域边界尚未接入几何文件；当前仅完成来源或占位登记。 区域统计观测值尚未接入；保留结构化待接入状态，不填 0，不进入地图图层或区域比较。 尚未接入可点击的区域统计来源链接。","2026-08-02"
"czechia_zlin_regional_gdp_2025_quality_check","czechia_zlin","czechia","ADM1","regional_gdp","2025","false","true","false","true","European Commission / Eurostat GISCO geodata and NUTS usage conditions","https://ec.europa.eu/eurostat/web/gisco/geodata/statistical-units/territorial-units-statistics","true","Source: European Commission – Eurostat/GISCO; administrative boundaries: © EuroGeographics.","false","待确认：拟以 GISCO NUTS 2024 官方几何与元数据为基准，复核要素数、NUTS code、几何有效性、共享边界、重叠与缝隙。","false","not_started","","not_started","0","0","0","0","0","0","0","0","0","0","not_started","false","not_started","false","false","false","false","false","false","false","false","false","false","0","false","false","false","false","false","false","not_ready_for_public_display","false","true","true","false","true","true","false","true","false","false","false","false","false","true","待接入","v0.11 仅保留区域观测值结构；尚未接入具体 ADM1/NUTS3 区域统计表、来源链接和数值。","区域边界尚未接入几何文件；当前仅完成来源或占位登记。 区域统计观测值尚未接入；保留结构化待接入状态，不填 0，不进入地图图层或区域比较。 尚未接入可点击的区域统计来源链接。","2026-08-02"
"czechia_zlin_regional_gdp_per_capita_2025_quality_check","czechia_zlin","czechia","ADM1","regional_gdp_per_capita","2025","false","true","false","true","European Commission / Eurostat GISCO geodata and NUTS usage conditions","https://ec.europa.eu/eurostat/web/gisco/geodata/statistical-units/territorial-units-statistics","true","Source: European Commission – Eurostat/GISCO; administrative boundaries: © EuroGeographics.","false","待确认：拟以 GISCO NUTS 2024 官方几何与元数据为基准，复核要素数、NUTS code、几何有效性、共享边界、重叠与缝隙。","false","not_started","","not_started","0","0","0","0","0","0","0","0","0","0","not_started","false","not_started","false","false","false","false","false","false","false","false","false","false","0","false","false","false","false","false","false","not_ready_for_public_display","false","true","true","false","true","true","false","true","true","false","false","false","false","true","待接入","v0.11 仅保留区域观测值结构；尚未接入具体 ADM1/NUTS3 区域统计表、来源链接和数值。","区域边界尚未接入几何文件；当前仅完成来源或占位登记。 区域统计观测值尚未接入；保留结构化待接入状态，不填 0，不进入地图图层或区域比较。 尚未接入可点击的区域统计来源链接。","2026-08-02"
"czechia_zlin_regional_unemployment_rate_2025_quality_check","czechia_zlin","czechia","ADM1","regional_unemployment_rate","2025","false","true","false","true","European Commission / Eurostat GISCO geodata and NUTS usage conditions","https://ec.europa.eu/eurostat/web/gisco/geodata/statistical-units/territorial-units-statistics","true","Source: European Commission – Eurostat/GISCO; administrative boundaries: © EuroGeographics.","false","待确认：拟以 GISCO NUTS 2024 官方几何与元数据为基准，复核要素数、NUTS code、几何有效性、共享边界、重叠与缝隙。","false","not_started","","not_started","0","0","0","0","0","0","0","0","0","0","not_started","false","not_started","false","false","false","false","false","false","false","false","false","false","0","false","false","false","false","false","false","not_ready_for_public_display","false","true","true","false","true","true","false","true","false","false","false","false","false","true","待接入","v0.11 仅保留区域观测值结构；尚未接入具体 ADM1/NUTS3 区域统计表、来源链接和数值。","区域边界尚未接入几何文件；当前仅完成来源或占位登记。 区域统计观测值尚未接入；保留结构化待接入状态，不填 0，不进入地图图层或区域比较。 尚未接入可点击的区域统计来源链接。","2026-08-02"
"czechia_zlin_regional_manufacturing_share_2025_quality_check","czechia_zlin","czechia","ADM1","regional_manufacturing_share","2025","false","true","false","true","European Commission / Eurostat GISCO geodata and NUTS usage conditions","https://ec.europa.eu/eurostat/web/gisco/geodata/statistical-units/territorial-units-statistics","true","Source: European Commission – Eurostat/GISCO; administrative boundaries: © EuroGeographics.","false","待确认：拟以 GISCO NUTS 2024 官方几何与元数据为基准，复核要素数、NUTS code、几何有效性、共享边界、重叠与缝隙。","false","not_started","","not_started","0","0","0","0","0","0","0","0","0","0","not_started","false","not_started","false","false","false","false","false","false","false","false","false","false","0","false","false","false","false","false","false","not_ready_for_public_display","false","true","true","false","true","true","false","true","true","false","false","false","false","true","待接入","v0.11 仅保留区域观测值结构；尚未接入具体 ADM1/NUTS3 区域统计表、来源链接和数值。","区域边界尚未接入几何文件；当前仅完成来源或占位登记。 区域统计观测值尚未接入；保留结构化待接入状态，不填 0，不进入地图图层或区域比较。 尚未接入可点击的区域统计来源链接。","2026-08-02"
"czechia_moravian_silesian_regional_population_2025_quality_check","czechia_moravian_silesian","czechia","ADM1","regional_population","2025","false","true","false","true","European Commission / Eurostat GISCO geodata and NUTS usage conditions","https://ec.europa.eu/eurostat/web/gisco/geodata/statistical-units/territorial-units-statistics","true","Source: European Commission – Eurostat/GISCO; administrative boundaries: © EuroGeographics.","false","待确认：拟以 GISCO NUTS 2024 官方几何与元数据为基准，复核要素数、NUTS code、几何有效性、共享边界、重叠与缝隙。","false","not_started","","not_started","0","0","0","0","0","0","0","0","0","0","not_started","false","not_started","false","false","false","false","false","false","false","false","false","false","0","false","false","false","false","false","false","not_ready_for_public_display","false","true","true","false","true","true","false","true","false","false","false","false","false","true","待接入","v0.11 仅保留区域观测值结构；尚未接入具体 ADM1/NUTS3 区域统计表、来源链接和数值。","区域边界尚未接入几何文件；当前仅完成来源或占位登记。 区域统计观测值尚未接入；保留结构化待接入状态，不填 0，不进入地图图层或区域比较。 尚未接入可点击的区域统计来源链接。","2026-08-02"
"czechia_moravian_silesian_regional_gdp_2025_quality_check","czechia_moravian_silesian","czechia","ADM1","regional_gdp","2025","false","true","false","true","European Commission / Eurostat GISCO geodata and NUTS usage conditions","https://ec.europa.eu/eurostat/web/gisco/geodata/statistical-units/territorial-units-statistics","true","Source: European Commission – Eurostat/GISCO; administrative boundaries: © EuroGeographics.","false","待确认：拟以 GISCO NUTS 2024 官方几何与元数据为基准，复核要素数、NUTS code、几何有效性、共享边界、重叠与缝隙。","false","not_started","","not_started","0","0","0","0","0","0","0","0","0","0","not_started","false","not_started","false","false","false","false","false","false","false","false","false","false","0","false","false","false","false","false","false","not_ready_for_public_display","false","true","true","false","true","true","false","true","false","false","false","false","false","true","待接入","v0.11 仅保留区域观测值结构；尚未接入具体 ADM1/NUTS3 区域统计表、来源链接和数值。","区域边界尚未接入几何文件；当前仅完成来源或占位登记。 区域统计观测值尚未接入；保留结构化待接入状态，不填 0，不进入地图图层或区域比较。 尚未接入可点击的区域统计来源链接。","2026-08-02"
"czechia_moravian_silesian_regional_gdp_per_capita_2025_quality_check","czechia_moravian_silesian","czechia","ADM1","regional_gdp_per_capita","2025","false","true","false","true","European Commission / Eurostat GISCO geodata and NUTS usage conditions","https://ec.europa.eu/eurostat/web/gisco/geodata/statistical-units/territorial-units-statistics","true","Source: European Commission – Eurostat/GISCO; administrative boundaries: © EuroGeographics.","false","待确认：拟以 GISCO NUTS 2024 官方几何与元数据为基准，复核要素数、NUTS code、几何有效性、共享边界、重叠与缝隙。","false","not_started","","not_started","0","0","0","0","0","0","0","0","0","0","not_started","false","not_started","false","false","false","false","false","false","false","false","false","false","0","false","false","false","false","false","false","not_ready_for_public_display","false","true","true","false","true","true","false","true","true","false","false","false","false","true","待接入","v0.11 仅保留区域观测值结构；尚未接入具体 ADM1/NUTS3 区域统计表、来源链接和数值。","区域边界尚未接入几何文件；当前仅完成来源或占位登记。 区域统计观测值尚未接入；保留结构化待接入状态，不填 0，不进入地图图层或区域比较。 尚未接入可点击的区域统计来源链接。","2026-08-02"
"czechia_moravian_silesian_regional_unemployment_rate_2025_quality_check","czechia_moravian_silesian","czechia","ADM1","regional_unemployment_rate","2025","false","true","false","true","European Commission / Eurostat GISCO geodata and NUTS usage conditions","https://ec.europa.eu/eurostat/web/gisco/geodata/statistical-units/territorial-units-statistics","true","Source: European Commission – Eurostat/GISCO; administrative boundaries: © EuroGeographics.","false","待确认：拟以 GISCO NUTS 2024 官方几何与元数据为基准，复核要素数、NUTS code、几何有效性、共享边界、重叠与缝隙。","false","not_started","","not_started","0","0","0","0","0","0","0","0","0","0","not_started","false","not_started","false","false","false","false","false","false","false","false","false","false","0","false","false","false","false","false","false","not_ready_for_public_display","false","true","true","false","true","true","false","true","false","false","false","false","false","true","待接入","v0.11 仅保留区域观测值结构；尚未接入具体 ADM1/NUTS3 区域统计表、来源链接和数值。","区域边界尚未接入几何文件；当前仅完成来源或占位登记。 区域统计观测值尚未接入；保留结构化待接入状态，不填 0，不进入地图图层或区域比较。 尚未接入可点击的区域统计来源链接。","2026-08-02"
"czechia_moravian_silesian_regional_manufacturing_share_2025_quality_check","czechia_moravian_silesian","czechia","ADM1","regional_manufacturing_share","2025","false","true","false","true","European Commission / Eurostat GISCO geodata and NUTS usage conditions","https://ec.europa.eu/eurostat/web/gisco/geodata/statistical-units/territorial-units-statistics","true","Source: European Commission – Eurostat/GISCO; administrative boundaries: © EuroGeographics.","false","待确认：拟以 GISCO NUTS 2024 官方几何与元数据为基准，复核要素数、NUTS code、几何有效性、共享边界、重叠与缝隙。","false","not_started","","not_started","0","0","0","0","0","0","0","0","0","0","not_started","false","not_started","false","false","false","false","false","false","false","false","false","false","0","false","false","false","false","false","false","not_ready_for_public_display","false","true","true","false","true","true","false","true","true","false","false","false","false","true","待接入","v0.11 仅保留区域观测值结构；尚未接入具体 ADM1/NUTS3 区域统计表、来源链接和数值。","区域边界尚未接入几何文件；当前仅完成来源或占位登记。 区域统计观测值尚未接入；保留结构化待接入状态，不填 0，不进入地图图层或区域比较。 尚未接入可点击的区域统计来源链接。","2026-08-02"
"slovakia_bratislava_regional_population_2025_quality_check","slovakia_bratislava","slovakia","ADM1","regional_population","2025","false","true","false","true","European Commission / Eurostat GISCO geodata and NUTS usage conditions","https://ec.europa.eu/eurostat/web/gisco/geodata/statistical-units/territorial-units-statistics","true","Source: European Commission – Eurostat/GISCO; administrative boundaries: © EuroGeographics.","false","待确认：拟以 GISCO NUTS 2024 官方几何与元数据为基准，复核要素数、NUTS code、几何有效性、共享边界、重叠与缝隙。","false","not_started","","not_started","0","0","0","0","0","0","0","0","0","0","not_started","false","not_started","false","false","false","false","false","false","false","false","false","false","0","false","false","false","false","false","false","not_ready_for_public_display","false","true","true","false","true","true","false","true","false","false","false","false","false","true","待接入","v0.11 仅保留区域观测值结构；尚未接入具体 ADM1/NUTS3 区域统计表、来源链接和数值。","区域边界尚未接入几何文件；当前仅完成来源或占位登记。 区域统计观测值尚未接入；保留结构化待接入状态，不填 0，不进入地图图层或区域比较。 尚未接入可点击的区域统计来源链接。","2026-08-02"
"slovakia_bratislava_regional_gdp_2025_quality_check","slovakia_bratislava","slovakia","ADM1","regional_gdp","2025","false","true","false","true","European Commission / Eurostat GISCO geodata and NUTS usage conditions","https://ec.europa.eu/eurostat/web/gisco/geodata/statistical-units/territorial-units-statistics","true","Source: European Commission – Eurostat/GISCO; administrative boundaries: © EuroGeographics.","false","待确认：拟以 GISCO NUTS 2024 官方几何与元数据为基准，复核要素数、NUTS code、几何有效性、共享边界、重叠与缝隙。","false","not_started","","not_started","0","0","0","0","0","0","0","0","0","0","not_started","false","not_started","false","false","false","false","false","false","false","false","false","false","0","false","false","false","false","false","false","not_ready_for_public_display","false","true","true","false","true","true","false","true","false","false","false","false","false","true","待接入","v0.11 仅保留区域观测值结构；尚未接入具体 ADM1/NUTS3 区域统计表、来源链接和数值。","区域边界尚未接入几何文件；当前仅完成来源或占位登记。 区域统计观测值尚未接入；保留结构化待接入状态，不填 0，不进入地图图层或区域比较。 尚未接入可点击的区域统计来源链接。","2026-08-02"
"slovakia_bratislava_regional_gdp_per_capita_2025_quality_check","slovakia_bratislava","slovakia","ADM1","regional_gdp_per_capita","2025","false","true","false","true","European Commission / Eurostat GISCO geodata and NUTS usage conditions","https://ec.europa.eu/eurostat/web/gisco/geodata/statistical-units/territorial-units-statistics","true","Source: European Commission – Eurostat/GISCO; administrative boundaries: © EuroGeographics.","false","待确认：拟以 GISCO NUTS 2024 官方几何与元数据为基准，复核要素数、NUTS code、几何有效性、共享边界、重叠与缝隙。","false","not_started","","not_started","0","0","0","0","0","0","0","0","0","0","not_started","false","not_started","false","false","false","false","false","false","false","false","false","false","0","false","false","false","false","false","false","not_ready_for_public_display","false","true","true","false","true","true","false","true","true","false","false","false","false","true","待接入","v0.11 仅保留区域观测值结构；尚未接入具体 ADM1/NUTS3 区域统计表、来源链接和数值。","区域边界尚未接入几何文件；当前仅完成来源或占位登记。 区域统计观测值尚未接入；保留结构化待接入状态，不填 0，不进入地图图层或区域比较。 尚未接入可点击的区域统计来源链接。","2026-08-02"
"slovakia_bratislava_regional_unemployment_rate_2025_quality_check","slovakia_bratislava","slovakia","ADM1","regional_unemployment_rate","2025","false","true","false","true","European Commission / Eurostat GISCO geodata and NUTS usage conditions","https://ec.europa.eu/eurostat/web/gisco/geodata/statistical-units/territorial-units-statistics","true","Source: European Commission – Eurostat/GISCO; administrative boundaries: © EuroGeographics.","false","待确认：拟以 GISCO NUTS 2024 官方几何与元数据为基准，复核要素数、NUTS code、几何有效性、共享边界、重叠与缝隙。","false","not_started","","not_started","0","0","0","0","0","0","0","0","0","0","not_started","false","not_started","false","false","false","false","false","false","false","false","false","false","0","false","false","false","false","false","false","not_ready_for_public_display","false","true","true","false","true","true","false","true","false","false","false","false","false","true","待接入","v0.11 仅保留区域观测值结构；尚未接入具体 ADM1/NUTS3 区域统计表、来源链接和数值。","区域边界尚未接入几何文件；当前仅完成来源或占位登记。 区域统计观测值尚未接入；保留结构化待接入状态，不填 0，不进入地图图层或区域比较。 尚未接入可点击的区域统计来源链接。","2026-08-02"
"slovakia_bratislava_regional_manufacturing_share_2025_quality_check","slovakia_bratislava","slovakia","ADM1","regional_manufacturing_share","2025","false","true","false","true","European Commission / Eurostat GISCO geodata and NUTS usage conditions","https://ec.europa.eu/eurostat/web/gisco/geodata/statistical-units/territorial-units-statistics","true","Source: European Commission – Eurostat/GISCO; administrative boundaries: © EuroGeographics.","false","待确认：拟以 GISCO NUTS 2024 官方几何与元数据为基准，复核要素数、NUTS code、几何有效性、共享边界、重叠与缝隙。","false","not_started","","not_started","0","0","0","0","0","0","0","0","0","0","not_started","false","not_started","false","false","false","false","false","false","false","false","false","false","0","false","false","false","false","false","false","not_ready_for_public_display","false","true","true","false","true","true","false","true","true","false","false","false","false","true","待接入","v0.11 仅保留区域观测值结构；尚未接入具体 ADM1/NUTS3 区域统计表、来源链接和数值。","区域边界尚未接入几何文件；当前仅完成来源或占位登记。 区域统计观测值尚未接入；保留结构化待接入状态，不填 0，不进入地图图层或区域比较。 尚未接入可点击的区域统计来源链接。","2026-08-02"
"slovakia_trnava_regional_population_2025_quality_check","slovakia_trnava","slovakia","ADM1","regional_population","2025","false","true","false","true","European Commission / Eurostat GISCO geodata and NUTS usage conditions","https://ec.europa.eu/eurostat/web/gisco/geodata/statistical-units/territorial-units-statistics","true","Source: European Commission – Eurostat/GISCO; administrative boundaries: © EuroGeographics.","false","待确认：拟以 GISCO NUTS 2024 官方几何与元数据为基准，复核要素数、NUTS code、几何有效性、共享边界、重叠与缝隙。","false","not_started","","not_started","0","0","0","0","0","0","0","0","0","0","not_started","false","not_started","false","false","false","false","false","false","false","false","false","false","0","false","false","false","false","false","false","not_ready_for_public_display","false","true","true","false","true","true","false","true","false","false","false","false","false","true","待接入","v0.11 仅保留区域观测值结构；尚未接入具体 ADM1/NUTS3 区域统计表、来源链接和数值。","区域边界尚未接入几何文件；当前仅完成来源或占位登记。 区域统计观测值尚未接入；保留结构化待接入状态，不填 0，不进入地图图层或区域比较。 尚未接入可点击的区域统计来源链接。","2026-08-02"
"slovakia_trnava_regional_gdp_2025_quality_check","slovakia_trnava","slovakia","ADM1","regional_gdp","2025","false","true","false","true","European Commission / Eurostat GISCO geodata and NUTS usage conditions","https://ec.europa.eu/eurostat/web/gisco/geodata/statistical-units/territorial-units-statistics","true","Source: European Commission – Eurostat/GISCO; administrative boundaries: © EuroGeographics.","false","待确认：拟以 GISCO NUTS 2024 官方几何与元数据为基准，复核要素数、NUTS code、几何有效性、共享边界、重叠与缝隙。","false","not_started","","not_started","0","0","0","0","0","0","0","0","0","0","not_started","false","not_started","false","false","false","false","false","false","false","false","false","false","0","false","false","false","false","false","false","not_ready_for_public_display","false","true","true","false","true","true","false","true","false","false","false","false","false","true","待接入","v0.11 仅保留区域观测值结构；尚未接入具体 ADM1/NUTS3 区域统计表、来源链接和数值。","区域边界尚未接入几何文件；当前仅完成来源或占位登记。 区域统计观测值尚未接入；保留结构化待接入状态，不填 0，不进入地图图层或区域比较。 尚未接入可点击的区域统计来源链接。","2026-08-02"
"slovakia_trnava_regional_gdp_per_capita_2025_quality_check","slovakia_trnava","slovakia","ADM1","regional_gdp_per_capita","2025","false","true","false","true","European Commission / Eurostat GISCO geodata and NUTS usage conditions","https://ec.europa.eu/eurostat/web/gisco/geodata/statistical-units/territorial-units-statistics","true","Source: European Commission – Eurostat/GISCO; administrative boundaries: © EuroGeographics.","false","待确认：拟以 GISCO NUTS 2024 官方几何与元数据为基准，复核要素数、NUTS code、几何有效性、共享边界、重叠与缝隙。","false","not_started","","not_started","0","0","0","0","0","0","0","0","0","0","not_started","false","not_started","false","false","false","false","false","false","false","false","false","false","0","false","false","false","false","false","false","not_ready_for_public_display","false","true","true","false","true","true","false","true","true","false","false","false","false","true","待接入","v0.11 仅保留区域观测值结构；尚未接入具体 ADM1/NUTS3 区域统计表、来源链接和数值。","区域边界尚未接入几何文件；当前仅完成来源或占位登记。 区域统计观测值尚未接入；保留结构化待接入状态，不填 0，不进入地图图层或区域比较。 尚未接入可点击的区域统计来源链接。","2026-08-02"
"slovakia_trnava_regional_unemployment_rate_2025_quality_check","slovakia_trnava","slovakia","ADM1","regional_unemployment_rate","2025","false","true","false","true","European Commission / Eurostat GISCO geodata and NUTS usage conditions","https://ec.europa.eu/eurostat/web/gisco/geodata/statistical-units/territorial-units-statistics","true","Source: European Commission – Eurostat/GISCO; administrative boundaries: © EuroGeographics.","false","待确认：拟以 GISCO NUTS 2024 官方几何与元数据为基准，复核要素数、NUTS code、几何有效性、共享边界、重叠与缝隙。","false","not_started","","not_started","0","0","0","0","0","0","0","0","0","0","not_started","false","not_started","false","false","false","false","false","false","false","false","false","false","0","false","false","false","false","false","false","not_ready_for_public_display","false","true","true","false","true","true","false","true","false","false","false","false","false","true","待接入","v0.11 仅保留区域观测值结构；尚未接入具体 ADM1/NUTS3 区域统计表、来源链接和数值。","区域边界尚未接入几何文件；当前仅完成来源或占位登记。 区域统计观测值尚未接入；保留结构化待接入状态，不填 0，不进入地图图层或区域比较。 尚未接入可点击的区域统计来源链接。","2026-08-02"
"slovakia_trnava_regional_manufacturing_share_2025_quality_check","slovakia_trnava","slovakia","ADM1","regional_manufacturing_share","2025","false","true","false","true","European Commission / Eurostat GISCO geodata and NUTS usage conditions","https://ec.europa.eu/eurostat/web/gisco/geodata/statistical-units/territorial-units-statistics","true","Source: European Commission – Eurostat/GISCO; administrative boundaries: © EuroGeographics.","false","待确认：拟以 GISCO NUTS 2024 官方几何与元数据为基准，复核要素数、NUTS code、几何有效性、共享边界、重叠与缝隙。","false","not_started","","not_started","0","0","0","0","0","0","0","0","0","0","not_started","false","not_started","false","false","false","false","false","false","false","false","false","false","0","false","false","false","false","false","false","not_ready_for_public_display","false","true","true","false","true","true","false","true","true","false","false","false","false","true","待接入","v0.11 仅保留区域观测值结构；尚未接入具体 ADM1/NUTS3 区域统计表、来源链接和数值。","区域边界尚未接入几何文件；当前仅完成来源或占位登记。 区域统计观测值尚未接入；保留结构化待接入状态，不填 0，不进入地图图层或区域比较。 尚未接入可点击的区域统计来源链接。","2026-08-02"
"slovakia_trencin_regional_population_2025_quality_check","slovakia_trencin","slovakia","ADM1","regional_population","2025","false","true","false","true","European Commission / Eurostat GISCO geodata and NUTS usage conditions","https://ec.europa.eu/eurostat/web/gisco/geodata/statistical-units/territorial-units-statistics","true","Source: European Commission – Eurostat/GISCO; administrative boundaries: © EuroGeographics.","false","待确认：拟以 GISCO NUTS 2024 官方几何与元数据为基准，复核要素数、NUTS code、几何有效性、共享边界、重叠与缝隙。","false","not_started","","not_started","0","0","0","0","0","0","0","0","0","0","not_started","false","not_started","false","false","false","false","false","false","false","false","false","false","0","false","false","false","false","false","false","not_ready_for_public_display","false","true","true","false","true","true","false","true","false","false","false","false","false","true","待接入","v0.11 仅保留区域观测值结构；尚未接入具体 ADM1/NUTS3 区域统计表、来源链接和数值。","区域边界尚未接入几何文件；当前仅完成来源或占位登记。 区域统计观测值尚未接入；保留结构化待接入状态，不填 0，不进入地图图层或区域比较。 尚未接入可点击的区域统计来源链接。","2026-08-02"
"slovakia_trencin_regional_gdp_2025_quality_check","slovakia_trencin","slovakia","ADM1","regional_gdp","2025","false","true","false","true","European Commission / Eurostat GISCO geodata and NUTS usage conditions","https://ec.europa.eu/eurostat/web/gisco/geodata/statistical-units/territorial-units-statistics","true","Source: European Commission – Eurostat/GISCO; administrative boundaries: © EuroGeographics.","false","待确认：拟以 GISCO NUTS 2024 官方几何与元数据为基准，复核要素数、NUTS code、几何有效性、共享边界、重叠与缝隙。","false","not_started","","not_started","0","0","0","0","0","0","0","0","0","0","not_started","false","not_started","false","false","false","false","false","false","false","false","false","false","0","false","false","false","false","false","false","not_ready_for_public_display","false","true","true","false","true","true","false","true","false","false","false","false","false","true","待接入","v0.11 仅保留区域观测值结构；尚未接入具体 ADM1/NUTS3 区域统计表、来源链接和数值。","区域边界尚未接入几何文件；当前仅完成来源或占位登记。 区域统计观测值尚未接入；保留结构化待接入状态，不填 0，不进入地图图层或区域比较。 尚未接入可点击的区域统计来源链接。","2026-08-02"
"slovakia_trencin_regional_gdp_per_capita_2025_quality_check","slovakia_trencin","slovakia","ADM1","regional_gdp_per_capita","2025","false","true","false","true","European Commission / Eurostat GISCO geodata and NUTS usage conditions","https://ec.europa.eu/eurostat/web/gisco/geodata/statistical-units/territorial-units-statistics","true","Source: European Commission – Eurostat/GISCO; administrative boundaries: © EuroGeographics.","false","待确认：拟以 GISCO NUTS 2024 官方几何与元数据为基准，复核要素数、NUTS code、几何有效性、共享边界、重叠与缝隙。","false","not_started","","not_started","0","0","0","0","0","0","0","0","0","0","not_started","false","not_started","false","false","false","false","false","false","false","false","false","false","0","false","false","false","false","false","false","not_ready_for_public_display","false","true","true","false","true","true","false","true","true","false","false","false","false","true","待接入","v0.11 仅保留区域观测值结构；尚未接入具体 ADM1/NUTS3 区域统计表、来源链接和数值。","区域边界尚未接入几何文件；当前仅完成来源或占位登记。 区域统计观测值尚未接入；保留结构化待接入状态，不填 0，不进入地图图层或区域比较。 尚未接入可点击的区域统计来源链接。","2026-08-02"
"slovakia_trencin_regional_unemployment_rate_2025_quality_check","slovakia_trencin","slovakia","ADM1","regional_unemployment_rate","2025","false","true","false","true","European Commission / Eurostat GISCO geodata and NUTS usage conditions","https://ec.europa.eu/eurostat/web/gisco/geodata/statistical-units/territorial-units-statistics","true","Source: European Commission – Eurostat/GISCO; administrative boundaries: © EuroGeographics.","false","待确认：拟以 GISCO NUTS 2024 官方几何与元数据为基准，复核要素数、NUTS code、几何有效性、共享边界、重叠与缝隙。","false","not_started","","not_started","0","0","0","0","0","0","0","0","0","0","not_started","false","not_started","false","false","false","false","false","false","false","false","false","false","0","false","false","false","false","false","false","not_ready_for_public_display","false","true","true","false","true","true","false","true","false","false","false","false","false","true","待接入","v0.11 仅保留区域观测值结构；尚未接入具体 ADM1/NUTS3 区域统计表、来源链接和数值。","区域边界尚未接入几何文件；当前仅完成来源或占位登记。 区域统计观测值尚未接入；保留结构化待接入状态，不填 0，不进入地图图层或区域比较。 尚未接入可点击的区域统计来源链接。","2026-08-02"
"slovakia_trencin_regional_manufacturing_share_2025_quality_check","slovakia_trencin","slovakia","ADM1","regional_manufacturing_share","2025","false","true","false","true","European Commission / Eurostat GISCO geodata and NUTS usage conditions","https://ec.europa.eu/eurostat/web/gisco/geodata/statistical-units/territorial-units-statistics","true","Source: European Commission – Eurostat/GISCO; administrative boundaries: © EuroGeographics.","false","待确认：拟以 GISCO NUTS 2024 官方几何与元数据为基准，复核要素数、NUTS code、几何有效性、共享边界、重叠与缝隙。","false","not_started","","not_started","0","0","0","0","0","0","0","0","0","0","not_started","false","not_started","false","false","false","false","false","false","false","false","false","false","0","false","false","false","false","false","false","not_ready_for_public_display","false","true","true","false","true","true","false","true","true","false","false","false","false","true","待接入","v0.11 仅保留区域观测值结构；尚未接入具体 ADM1/NUTS3 区域统计表、来源链接和数值。","区域边界尚未接入几何文件；当前仅完成来源或占位登记。 区域统计观测值尚未接入；保留结构化待接入状态，不填 0，不进入地图图层或区域比较。 尚未接入可点击的区域统计来源链接。","2026-08-02"
"slovakia_nitra_regional_population_2025_quality_check","slovakia_nitra","slovakia","ADM1","regional_population","2025","false","true","false","true","European Commission / Eurostat GISCO geodata and NUTS usage conditions","https://ec.europa.eu/eurostat/web/gisco/geodata/statistical-units/territorial-units-statistics","true","Source: European Commission – Eurostat/GISCO; administrative boundaries: © EuroGeographics.","false","待确认：拟以 GISCO NUTS 2024 官方几何与元数据为基准，复核要素数、NUTS code、几何有效性、共享边界、重叠与缝隙。","false","not_started","","not_started","0","0","0","0","0","0","0","0","0","0","not_started","false","not_started","false","false","false","false","false","false","false","false","false","false","0","false","false","false","false","false","false","not_ready_for_public_display","false","true","true","false","true","true","false","true","false","false","false","false","false","true","待接入","v0.11 仅保留区域观测值结构；尚未接入具体 ADM1/NUTS3 区域统计表、来源链接和数值。","区域边界尚未接入几何文件；当前仅完成来源或占位登记。 区域统计观测值尚未接入；保留结构化待接入状态，不填 0，不进入地图图层或区域比较。 尚未接入可点击的区域统计来源链接。","2026-08-02"
"slovakia_nitra_regional_gdp_2025_quality_check","slovakia_nitra","slovakia","ADM1","regional_gdp","2025","false","true","false","true","European Commission / Eurostat GISCO geodata and NUTS usage conditions","https://ec.europa.eu/eurostat/web/gisco/geodata/statistical-units/territorial-units-statistics","true","Source: European Commission – Eurostat/GISCO; administrative boundaries: © EuroGeographics.","false","待确认：拟以 GISCO NUTS 2024 官方几何与元数据为基准，复核要素数、NUTS code、几何有效性、共享边界、重叠与缝隙。","false","not_started","","not_started","0","0","0","0","0","0","0","0","0","0","not_started","false","not_started","false","false","false","false","false","false","false","false","false","false","0","false","false","false","false","false","false","not_ready_for_public_display","false","true","true","false","true","true","false","true","false","false","false","false","false","true","待接入","v0.11 仅保留区域观测值结构；尚未接入具体 ADM1/NUTS3 区域统计表、来源链接和数值。","区域边界尚未接入几何文件；当前仅完成来源或占位登记。 区域统计观测值尚未接入；保留结构化待接入状态，不填 0，不进入地图图层或区域比较。 尚未接入可点击的区域统计来源链接。","2026-08-02"
"slovakia_nitra_regional_gdp_per_capita_2025_quality_check","slovakia_nitra","slovakia","ADM1","regional_gdp_per_capita","2025","false","true","false","true","European Commission / Eurostat GISCO geodata and NUTS usage conditions","https://ec.europa.eu/eurostat/web/gisco/geodata/statistical-units/territorial-units-statistics","true","Source: European Commission – Eurostat/GISCO; administrative boundaries: © EuroGeographics.","false","待确认：拟以 GISCO NUTS 2024 官方几何与元数据为基准，复核要素数、NUTS code、几何有效性、共享边界、重叠与缝隙。","false","not_started","","not_started","0","0","0","0","0","0","0","0","0","0","not_started","false","not_started","false","false","false","false","false","false","false","false","false","false","0","false","false","false","false","false","false","not_ready_for_public_display","false","true","true","false","true","true","false","true","true","false","false","false","false","true","待接入","v0.11 仅保留区域观测值结构；尚未接入具体 ADM1/NUTS3 区域统计表、来源链接和数值。","区域边界尚未接入几何文件；当前仅完成来源或占位登记。 区域统计观测值尚未接入；保留结构化待接入状态，不填 0，不进入地图图层或区域比较。 尚未接入可点击的区域统计来源链接。","2026-08-02"
"slovakia_nitra_regional_unemployment_rate_2025_quality_check","slovakia_nitra","slovakia","ADM1","regional_unemployment_rate","2025","false","true","false","true","European Commission / Eurostat GISCO geodata and NUTS usage conditions","https://ec.europa.eu/eurostat/web/gisco/geodata/statistical-units/territorial-units-statistics","true","Source: European Commission – Eurostat/GISCO; administrative boundaries: © EuroGeographics.","false","待确认：拟以 GISCO NUTS 2024 官方几何与元数据为基准，复核要素数、NUTS code、几何有效性、共享边界、重叠与缝隙。","false","not_started","","not_started","0","0","0","0","0","0","0","0","0","0","not_started","false","not_started","false","false","false","false","false","false","false","false","false","false","0","false","false","false","false","false","false","not_ready_for_public_display","false","true","true","false","true","true","false","true","false","false","false","false","false","true","待接入","v0.11 仅保留区域观测值结构；尚未接入具体 ADM1/NUTS3 区域统计表、来源链接和数值。","区域边界尚未接入几何文件；当前仅完成来源或占位登记。 区域统计观测值尚未接入；保留结构化待接入状态，不填 0，不进入地图图层或区域比较。 尚未接入可点击的区域统计来源链接。","2026-08-02"
"slovakia_nitra_regional_manufacturing_share_2025_quality_check","slovakia_nitra","slovakia","ADM1","regional_manufacturing_share","2025","false","true","false","true","European Commission / Eurostat GISCO geodata and NUTS usage conditions","https://ec.europa.eu/eurostat/web/gisco/geodata/statistical-units/territorial-units-statistics","true","Source: European Commission – Eurostat/GISCO; administrative boundaries: © EuroGeographics.","false","待确认：拟以 GISCO NUTS 2024 官方几何与元数据为基准，复核要素数、NUTS code、几何有效性、共享边界、重叠与缝隙。","false","not_started","","not_started","0","0","0","0","0","0","0","0","0","0","not_started","false","not_started","false","false","false","false","false","false","false","false","false","false","0","false","false","false","false","false","false","not_ready_for_public_display","false","true","true","false","true","true","false","true","true","false","false","false","false","true","待接入","v0.11 仅保留区域观测值结构；尚未接入具体 ADM1/NUTS3 区域统计表、来源链接和数值。","区域边界尚未接入几何文件；当前仅完成来源或占位登记。 区域统计观测值尚未接入；保留结构化待接入状态，不填 0，不进入地图图层或区域比较。 尚未接入可点击的区域统计来源链接。","2026-08-02"
"slovakia_zilina_regional_population_2025_quality_check","slovakia_zilina","slovakia","ADM1","regional_population","2025","false","true","false","true","European Commission / Eurostat GISCO geodata and NUTS usage conditions","https://ec.europa.eu/eurostat/web/gisco/geodata/statistical-units/territorial-units-statistics","true","Source: European Commission – Eurostat/GISCO; administrative boundaries: © EuroGeographics.","false","待确认：拟以 GISCO NUTS 2024 官方几何与元数据为基准，复核要素数、NUTS code、几何有效性、共享边界、重叠与缝隙。","false","not_started","","not_started","0","0","0","0","0","0","0","0","0","0","not_started","false","not_started","false","false","false","false","false","false","false","false","false","false","0","false","false","false","false","false","false","not_ready_for_public_display","false","true","true","false","true","true","false","true","false","false","false","false","false","true","待接入","v0.11 仅保留区域观测值结构；尚未接入具体 ADM1/NUTS3 区域统计表、来源链接和数值。","区域边界尚未接入几何文件；当前仅完成来源或占位登记。 区域统计观测值尚未接入；保留结构化待接入状态，不填 0，不进入地图图层或区域比较。 尚未接入可点击的区域统计来源链接。","2026-08-02"
"slovakia_zilina_regional_gdp_2025_quality_check","slovakia_zilina","slovakia","ADM1","regional_gdp","2025","false","true","false","true","European Commission / Eurostat GISCO geodata and NUTS usage conditions","https://ec.europa.eu/eurostat/web/gisco/geodata/statistical-units/territorial-units-statistics","true","Source: European Commission – Eurostat/GISCO; administrative boundaries: © EuroGeographics.","false","待确认：拟以 GISCO NUTS 2024 官方几何与元数据为基准，复核要素数、NUTS code、几何有效性、共享边界、重叠与缝隙。","false","not_started","","not_started","0","0","0","0","0","0","0","0","0","0","not_started","false","not_started","false","false","false","false","false","false","false","false","false","false","0","false","false","false","false","false","false","not_ready_for_public_display","false","true","true","false","true","true","false","true","false","false","false","false","false","true","待接入","v0.11 仅保留区域观测值结构；尚未接入具体 ADM1/NUTS3 区域统计表、来源链接和数值。","区域边界尚未接入几何文件；当前仅完成来源或占位登记。 区域统计观测值尚未接入；保留结构化待接入状态，不填 0，不进入地图图层或区域比较。 尚未接入可点击的区域统计来源链接。","2026-08-02"
"slovakia_zilina_regional_gdp_per_capita_2025_quality_check","slovakia_zilina","slovakia","ADM1","regional_gdp_per_capita","2025","false","true","false","true","European Commission / Eurostat GISCO geodata and NUTS usage conditions","https://ec.europa.eu/eurostat/web/gisco/geodata/statistical-units/territorial-units-statistics","true","Source: European Commission – Eurostat/GISCO; administrative boundaries: © EuroGeographics.","false","待确认：拟以 GISCO NUTS 2024 官方几何与元数据为基准，复核要素数、NUTS code、几何有效性、共享边界、重叠与缝隙。","false","not_started","","not_started","0","0","0","0","0","0","0","0","0","0","not_started","false","not_started","false","false","false","false","false","false","false","false","false","false","0","false","false","false","false","false","false","not_ready_for_public_display","false","true","true","false","true","true","false","true","true","false","false","false","false","true","待接入","v0.11 仅保留区域观测值结构；尚未接入具体 ADM1/NUTS3 区域统计表、来源链接和数值。","区域边界尚未接入几何文件；当前仅完成来源或占位登记。 区域统计观测值尚未接入；保留结构化待接入状态，不填 0，不进入地图图层或区域比较。 尚未接入可点击的区域统计来源链接。","2026-08-02"
"slovakia_zilina_regional_unemployment_rate_2025_quality_check","slovakia_zilina","slovakia","ADM1","regional_unemployment_rate","2025","false","true","false","true","European Commission / Eurostat GISCO geodata and NUTS usage conditions","https://ec.europa.eu/eurostat/web/gisco/geodata/statistical-units/territorial-units-statistics","true","Source: European Commission – Eurostat/GISCO; administrative boundaries: © EuroGeographics.","false","待确认：拟以 GISCO NUTS 2024 官方几何与元数据为基准，复核要素数、NUTS code、几何有效性、共享边界、重叠与缝隙。","false","not_started","","not_started","0","0","0","0","0","0","0","0","0","0","not_started","false","not_started","false","false","false","false","false","false","false","false","false","false","0","false","false","false","false","false","false","not_ready_for_public_display","false","true","true","false","true","true","false","true","false","false","false","false","false","true","待接入","v0.11 仅保留区域观测值结构；尚未接入具体 ADM1/NUTS3 区域统计表、来源链接和数值。","区域边界尚未接入几何文件；当前仅完成来源或占位登记。 区域统计观测值尚未接入；保留结构化待接入状态，不填 0，不进入地图图层或区域比较。 尚未接入可点击的区域统计来源链接。","2026-08-02"
"slovakia_zilina_regional_manufacturing_share_2025_quality_check","slovakia_zilina","slovakia","ADM1","regional_manufacturing_share","2025","false","true","false","true","European Commission / Eurostat GISCO geodata and NUTS usage conditions","https://ec.europa.eu/eurostat/web/gisco/geodata/statistical-units/territorial-units-statistics","true","Source: European Commission – Eurostat/GISCO; administrative boundaries: © EuroGeographics.","false","待确认：拟以 GISCO NUTS 2024 官方几何与元数据为基准，复核要素数、NUTS code、几何有效性、共享边界、重叠与缝隙。","false","not_started","","not_started","0","0","0","0","0","0","0","0","0","0","not_started","false","not_started","false","false","false","false","false","false","false","false","false","false","0","false","false","false","false","false","false","not_ready_for_public_display","false","true","true","false","true","true","false","true","true","false","false","false","false","true","待接入","v0.11 仅保留区域观测值结构；尚未接入具体 ADM1/NUTS3 区域统计表、来源链接和数值。","区域边界尚未接入几何文件；当前仅完成来源或占位登记。 区域统计观测值尚未接入；保留结构化待接入状态，不填 0，不进入地图图层或区域比较。 尚未接入可点击的区域统计来源链接。","2026-08-02"
"slovakia_banska_bystrica_regional_population_2025_quality_check","slovakia_banska_bystrica","slovakia","ADM1","regional_population","2025","false","true","false","true","European Commission / Eurostat GISCO geodata and NUTS usage conditions","https://ec.europa.eu/eurostat/web/gisco/geodata/statistical-units/territorial-units-statistics","true","Source: European Commission – Eurostat/GISCO; administrative boundaries: © EuroGeographics.","false","待确认：拟以 GISCO NUTS 2024 官方几何与元数据为基准，复核要素数、NUTS code、几何有效性、共享边界、重叠与缝隙。","false","not_started","","not_started","0","0","0","0","0","0","0","0","0","0","not_started","false","not_started","false","false","false","false","false","false","false","false","false","false","0","false","false","false","false","false","false","not_ready_for_public_display","false","true","true","false","true","true","false","true","false","false","false","false","false","true","待接入","v0.11 仅保留区域观测值结构；尚未接入具体 ADM1/NUTS3 区域统计表、来源链接和数值。","区域边界尚未接入几何文件；当前仅完成来源或占位登记。 区域统计观测值尚未接入；保留结构化待接入状态，不填 0，不进入地图图层或区域比较。 尚未接入可点击的区域统计来源链接。","2026-08-02"
"slovakia_banska_bystrica_regional_gdp_2025_quality_check","slovakia_banska_bystrica","slovakia","ADM1","regional_gdp","2025","false","true","false","true","European Commission / Eurostat GISCO geodata and NUTS usage conditions","https://ec.europa.eu/eurostat/web/gisco/geodata/statistical-units/territorial-units-statistics","true","Source: European Commission – Eurostat/GISCO; administrative boundaries: © EuroGeographics.","false","待确认：拟以 GISCO NUTS 2024 官方几何与元数据为基准，复核要素数、NUTS code、几何有效性、共享边界、重叠与缝隙。","false","not_started","","not_started","0","0","0","0","0","0","0","0","0","0","not_started","false","not_started","false","false","false","false","false","false","false","false","false","false","0","false","false","false","false","false","false","not_ready_for_public_display","false","true","true","false","true","true","false","true","false","false","false","false","false","true","待接入","v0.11 仅保留区域观测值结构；尚未接入具体 ADM1/NUTS3 区域统计表、来源链接和数值。","区域边界尚未接入几何文件；当前仅完成来源或占位登记。 区域统计观测值尚未接入；保留结构化待接入状态，不填 0，不进入地图图层或区域比较。 尚未接入可点击的区域统计来源链接。","2026-08-02"
"slovakia_banska_bystrica_regional_gdp_per_capita_2025_quality_check","slovakia_banska_bystrica","slovakia","ADM1","regional_gdp_per_capita","2025","false","true","false","true","European Commission / Eurostat GISCO geodata and NUTS usage conditions","https://ec.europa.eu/eurostat/web/gisco/geodata/statistical-units/territorial-units-statistics","true","Source: European Commission – Eurostat/GISCO; administrative boundaries: © EuroGeographics.","false","待确认：拟以 GISCO NUTS 2024 官方几何与元数据为基准，复核要素数、NUTS code、几何有效性、共享边界、重叠与缝隙。","false","not_started","","not_started","0","0","0","0","0","0","0","0","0","0","not_started","false","not_started","false","false","false","false","false","false","false","false","false","false","0","false","false","false","false","false","false","not_ready_for_public_display","false","true","true","false","true","true","false","true","true","false","false","false","false","true","待接入","v0.11 仅保留区域观测值结构；尚未接入具体 ADM1/NUTS3 区域统计表、来源链接和数值。","区域边界尚未接入几何文件；当前仅完成来源或占位登记。 区域统计观测值尚未接入；保留结构化待接入状态，不填 0，不进入地图图层或区域比较。 尚未接入可点击的区域统计来源链接。","2026-08-02"
"slovakia_banska_bystrica_regional_unemployment_rate_2025_quality_check","slovakia_banska_bystrica","slovakia","ADM1","regional_unemployment_rate","2025","false","true","false","true","European Commission / Eurostat GISCO geodata and NUTS usage conditions","https://ec.europa.eu/eurostat/web/gisco/geodata/statistical-units/territorial-units-statistics","true","Source: European Commission – Eurostat/GISCO; administrative boundaries: © EuroGeographics.","false","待确认：拟以 GISCO NUTS 2024 官方几何与元数据为基准，复核要素数、NUTS code、几何有效性、共享边界、重叠与缝隙。","false","not_started","","not_started","0","0","0","0","0","0","0","0","0","0","not_started","false","not_started","false","false","false","false","false","false","false","false","false","false","0","false","false","false","false","false","false","not_ready_for_public_display","false","true","true","false","true","true","false","true","false","false","false","false","false","true","待接入","v0.11 仅保留区域观测值结构；尚未接入具体 ADM1/NUTS3 区域统计表、来源链接和数值。","区域边界尚未接入几何文件；当前仅完成来源或占位登记。 区域统计观测值尚未接入；保留结构化待接入状态，不填 0，不进入地图图层或区域比较。 尚未接入可点击的区域统计来源链接。","2026-08-02"
"slovakia_banska_bystrica_regional_manufacturing_share_2025_quality_check","slovakia_banska_bystrica","slovakia","ADM1","regional_manufacturing_share","2025","false","true","false","true","European Commission / Eurostat GISCO geodata and NUTS usage conditions","https://ec.europa.eu/eurostat/web/gisco/geodata/statistical-units/territorial-units-statistics","true","Source: European Commission – Eurostat/GISCO; administrative boundaries: © EuroGeographics.","false","待确认：拟以 GISCO NUTS 2024 官方几何与元数据为基准，复核要素数、NUTS code、几何有效性、共享边界、重叠与缝隙。","false","not_started","","not_started","0","0","0","0","0","0","0","0","0","0","not_started","false","not_started","false","false","false","false","false","false","false","false","false","false","0","false","false","false","false","false","false","not_ready_for_public_display","false","true","true","false","true","true","false","true","true","false","false","false","false","true","待接入","v0.11 仅保留区域观测值结构；尚未接入具体 ADM1/NUTS3 区域统计表、来源链接和数值。","区域边界尚未接入几何文件；当前仅完成来源或占位登记。 区域统计观测值尚未接入；保留结构化待接入状态，不填 0，不进入地图图层或区域比较。 尚未接入可点击的区域统计来源链接。","2026-08-02"
"slovakia_presov_regional_population_2025_quality_check","slovakia_presov","slovakia","ADM1","regional_population","2025","false","true","false","true","European Commission / Eurostat GISCO geodata and NUTS usage conditions","https://ec.europa.eu/eurostat/web/gisco/geodata/statistical-units/territorial-units-statistics","true","Source: European Commission – Eurostat/GISCO; administrative boundaries: © EuroGeographics.","false","待确认：拟以 GISCO NUTS 2024 官方几何与元数据为基准，复核要素数、NUTS code、几何有效性、共享边界、重叠与缝隙。","false","not_started","","not_started","0","0","0","0","0","0","0","0","0","0","not_started","false","not_started","false","false","false","false","false","false","false","false","false","false","0","false","false","false","false","false","false","not_ready_for_public_display","false","true","true","false","true","true","false","true","false","false","false","false","false","true","待接入","v0.11 仅保留区域观测值结构；尚未接入具体 ADM1/NUTS3 区域统计表、来源链接和数值。","区域边界尚未接入几何文件；当前仅完成来源或占位登记。 区域统计观测值尚未接入；保留结构化待接入状态，不填 0，不进入地图图层或区域比较。 尚未接入可点击的区域统计来源链接。","2026-08-02"
"slovakia_presov_regional_gdp_2025_quality_check","slovakia_presov","slovakia","ADM1","regional_gdp","2025","false","true","false","true","European Commission / Eurostat GISCO geodata and NUTS usage conditions","https://ec.europa.eu/eurostat/web/gisco/geodata/statistical-units/territorial-units-statistics","true","Source: European Commission – Eurostat/GISCO; administrative boundaries: © EuroGeographics.","false","待确认：拟以 GISCO NUTS 2024 官方几何与元数据为基准，复核要素数、NUTS code、几何有效性、共享边界、重叠与缝隙。","false","not_started","","not_started","0","0","0","0","0","0","0","0","0","0","not_started","false","not_started","false","false","false","false","false","false","false","false","false","false","0","false","false","false","false","false","false","not_ready_for_public_display","false","true","true","false","true","true","false","true","false","false","false","false","false","true","待接入","v0.11 仅保留区域观测值结构；尚未接入具体 ADM1/NUTS3 区域统计表、来源链接和数值。","区域边界尚未接入几何文件；当前仅完成来源或占位登记。 区域统计观测值尚未接入；保留结构化待接入状态，不填 0，不进入地图图层或区域比较。 尚未接入可点击的区域统计来源链接。","2026-08-02"
"slovakia_presov_regional_gdp_per_capita_2025_quality_check","slovakia_presov","slovakia","ADM1","regional_gdp_per_capita","2025","false","true","false","true","European Commission / Eurostat GISCO geodata and NUTS usage conditions","https://ec.europa.eu/eurostat/web/gisco/geodata/statistical-units/territorial-units-statistics","true","Source: European Commission – Eurostat/GISCO; administrative boundaries: © EuroGeographics.","false","待确认：拟以 GISCO NUTS 2024 官方几何与元数据为基准，复核要素数、NUTS code、几何有效性、共享边界、重叠与缝隙。","false","not_started","","not_started","0","0","0","0","0","0","0","0","0","0","not_started","false","not_started","false","false","false","false","false","false","false","false","false","false","0","false","false","false","false","false","false","not_ready_for_public_display","false","true","true","false","true","true","false","true","true","false","false","false","false","true","待接入","v0.11 仅保留区域观测值结构；尚未接入具体 ADM1/NUTS3 区域统计表、来源链接和数值。","区域边界尚未接入几何文件；当前仅完成来源或占位登记。 区域统计观测值尚未接入；保留结构化待接入状态，不填 0，不进入地图图层或区域比较。 尚未接入可点击的区域统计来源链接。","2026-08-02"
"slovakia_presov_regional_unemployment_rate_2025_quality_check","slovakia_presov","slovakia","ADM1","regional_unemployment_rate","2025","false","true","false","true","European Commission / Eurostat GISCO geodata and NUTS usage conditions","https://ec.europa.eu/eurostat/web/gisco/geodata/statistical-units/territorial-units-statistics","true","Source: European Commission – Eurostat/GISCO; administrative boundaries: © EuroGeographics.","false","待确认：拟以 GISCO NUTS 2024 官方几何与元数据为基准，复核要素数、NUTS code、几何有效性、共享边界、重叠与缝隙。","false","not_started","","not_started","0","0","0","0","0","0","0","0","0","0","not_started","false","not_started","false","false","false","false","false","false","false","false","false","false","0","false","false","false","false","false","false","not_ready_for_public_display","false","true","true","false","true","true","false","true","false","false","false","false","false","true","待接入","v0.11 仅保留区域观测值结构；尚未接入具体 ADM1/NUTS3 区域统计表、来源链接和数值。","区域边界尚未接入几何文件；当前仅完成来源或占位登记。 区域统计观测值尚未接入；保留结构化待接入状态，不填 0，不进入地图图层或区域比较。 尚未接入可点击的区域统计来源链接。","2026-08-02"
"slovakia_presov_regional_manufacturing_share_2025_quality_check","slovakia_presov","slovakia","ADM1","regional_manufacturing_share","2025","false","true","false","true","European Commission / Eurostat GISCO geodata and NUTS usage conditions","https://ec.europa.eu/eurostat/web/gisco/geodata/statistical-units/territorial-units-statistics","true","Source: European Commission – Eurostat/GISCO; administrative boundaries: © EuroGeographics.","false","待确认：拟以 GISCO NUTS 2024 官方几何与元数据为基准，复核要素数、NUTS code、几何有效性、共享边界、重叠与缝隙。","false","not_started","","not_started","0","0","0","0","0","0","0","0","0","0","not_started","false","not_started","false","false","false","false","false","false","false","false","false","false","0","false","false","false","false","false","false","not_ready_for_public_display","false","true","true","false","true","true","false","true","true","false","false","false","false","true","待接入","v0.11 仅保留区域观测值结构；尚未接入具体 ADM1/NUTS3 区域统计表、来源链接和数值。","区域边界尚未接入几何文件；当前仅完成来源或占位登记。 区域统计观测值尚未接入；保留结构化待接入状态，不填 0，不进入地图图层或区域比较。 尚未接入可点击的区域统计来源链接。","2026-08-02"
"slovakia_kosice_regional_population_2025_quality_check","slovakia_kosice","slovakia","ADM1","regional_population","2025","false","true","false","true","European Commission / Eurostat GISCO geodata and NUTS usage conditions","https://ec.europa.eu/eurostat/web/gisco/geodata/statistical-units/territorial-units-statistics","true","Source: European Commission – Eurostat/GISCO; administrative boundaries: © EuroGeographics.","false","待确认：拟以 GISCO NUTS 2024 官方几何与元数据为基准，复核要素数、NUTS code、几何有效性、共享边界、重叠与缝隙。","false","not_started","","not_started","0","0","0","0","0","0","0","0","0","0","not_started","false","not_started","false","false","false","false","false","false","false","false","false","false","0","false","false","false","false","false","false","not_ready_for_public_display","false","true","true","false","true","true","false","true","false","false","false","false","false","true","待接入","v0.11 仅保留区域观测值结构；尚未接入具体 ADM1/NUTS3 区域统计表、来源链接和数值。","区域边界尚未接入几何文件；当前仅完成来源或占位登记。 区域统计观测值尚未接入；保留结构化待接入状态，不填 0，不进入地图图层或区域比较。 尚未接入可点击的区域统计来源链接。","2026-08-02"
"slovakia_kosice_regional_gdp_2025_quality_check","slovakia_kosice","slovakia","ADM1","regional_gdp","2025","false","true","false","true","European Commission / Eurostat GISCO geodata and NUTS usage conditions","https://ec.europa.eu/eurostat/web/gisco/geodata/statistical-units/territorial-units-statistics","true","Source: European Commission – Eurostat/GISCO; administrative boundaries: © EuroGeographics.","false","待确认：拟以 GISCO NUTS 2024 官方几何与元数据为基准，复核要素数、NUTS code、几何有效性、共享边界、重叠与缝隙。","false","not_started","","not_started","0","0","0","0","0","0","0","0","0","0","not_started","false","not_started","false","false","false","false","false","false","false","false","false","false","0","false","false","false","false","false","false","not_ready_for_public_display","false","true","true","false","true","true","false","true","false","false","false","false","false","true","待接入","v0.11 仅保留区域观测值结构；尚未接入具体 ADM1/NUTS3 区域统计表、来源链接和数值。","区域边界尚未接入几何文件；当前仅完成来源或占位登记。 区域统计观测值尚未接入；保留结构化待接入状态，不填 0，不进入地图图层或区域比较。 尚未接入可点击的区域统计来源链接。","2026-08-02"
"slovakia_kosice_regional_gdp_per_capita_2025_quality_check","slovakia_kosice","slovakia","ADM1","regional_gdp_per_capita","2025","false","true","false","true","European Commission / Eurostat GISCO geodata and NUTS usage conditions","https://ec.europa.eu/eurostat/web/gisco/geodata/statistical-units/territorial-units-statistics","true","Source: European Commission – Eurostat/GISCO; administrative boundaries: © EuroGeographics.","false","待确认：拟以 GISCO NUTS 2024 官方几何与元数据为基准，复核要素数、NUTS code、几何有效性、共享边界、重叠与缝隙。","false","not_started","","not_started","0","0","0","0","0","0","0","0","0","0","not_started","false","not_started","false","false","false","false","false","false","false","false","false","false","0","false","false","false","false","false","false","not_ready_for_public_display","false","true","true","false","true","true","false","true","true","false","false","false","false","true","待接入","v0.11 仅保留区域观测值结构；尚未接入具体 ADM1/NUTS3 区域统计表、来源链接和数值。","区域边界尚未接入几何文件；当前仅完成来源或占位登记。 区域统计观测值尚未接入；保留结构化待接入状态，不填 0，不进入地图图层或区域比较。 尚未接入可点击的区域统计来源链接。","2026-08-02"
"slovakia_kosice_regional_unemployment_rate_2025_quality_check","slovakia_kosice","slovakia","ADM1","regional_unemployment_rate","2025","false","true","false","true","European Commission / Eurostat GISCO geodata and NUTS usage conditions","https://ec.europa.eu/eurostat/web/gisco/geodata/statistical-units/territorial-units-statistics","true","Source: European Commission – Eurostat/GISCO; administrative boundaries: © EuroGeographics.","false","待确认：拟以 GISCO NUTS 2024 官方几何与元数据为基准，复核要素数、NUTS code、几何有效性、共享边界、重叠与缝隙。","false","not_started","","not_started","0","0","0","0","0","0","0","0","0","0","not_started","false","not_started","false","false","false","false","false","false","false","false","false","false","0","false","false","false","false","false","false","not_ready_for_public_display","false","true","true","false","true","true","false","true","false","false","false","false","false","true","待接入","v0.11 仅保留区域观测值结构；尚未接入具体 ADM1/NUTS3 区域统计表、来源链接和数值。","区域边界尚未接入几何文件；当前仅完成来源或占位登记。 区域统计观测值尚未接入；保留结构化待接入状态，不填 0，不进入地图图层或区域比较。 尚未接入可点击的区域统计来源链接。","2026-08-02"
"slovakia_kosice_regional_manufacturing_share_2025_quality_check","slovakia_kosice","slovakia","ADM1","regional_manufacturing_share","2025","false","true","false","true","European Commission / Eurostat GISCO geodata and NUTS usage conditions","https://ec.europa.eu/eurostat/web/gisco/geodata/statistical-units/territorial-units-statistics","true","Source: European Commission – Eurostat/GISCO; administrative boundaries: © EuroGeographics.","false","待确认：拟以 GISCO NUTS 2024 官方几何与元数据为基准，复核要素数、NUTS code、几何有效性、共享边界、重叠与缝隙。","false","not_started","","not_started","0","0","0","0","0","0","0","0","0","0","not_started","false","not_started","false","false","false","false","false","false","false","false","false","false","0","false","false","false","false","false","false","not_ready_for_public_display","false","true","true","false","true","true","false","true","true","false","false","false","false","true","待接入","v0.11 仅保留区域观测值结构；尚未接入具体 ADM1/NUTS3 区域统计表、来源链接和数值。","区域边界尚未接入几何文件；当前仅完成来源或占位登记。 区域统计观测值尚未接入；保留结构化待接入状态，不填 0，不进入地图图层或区域比较。 尚未接入可点击的区域统计来源链接。","2026-08-02"
