region_observation_id,region_id,country_id,region_indicator_id,year,period_type,value,unit,value_status,source_id,source_name,source_url,source_reliability,source_status,is_official_data,is_pending,is_calculated,is_manual,is_structural_sample,is_in_map_layer,is_in_region_comparison,is_in_future_model_candidate,missing_reason,calculation_method,last_updated,notes
"poland_lower_silesian_regional_population_2025","poland_lower_silesian","poland","regional_population","2025","annual",,"人","待接入","pending_region_sources","Eurostat regional statistics / 各国统计局区域统计","","D","待接入","false","true","false","false","false","false","false","false","v0.10 仅保留区域观测值结构；尚未接入具体 ADM1/NUTS3 区域统计表、来源链接和数值。","不适用。","2026-07-26","第一批区域观测位置；不得填 0，不进入地图图层、区域比较或未来模型候选输入。"
"poland_lower_silesian_regional_gdp_2025","poland_lower_silesian","poland","regional_gdp","2025","annual",,"百万欧元","待接入","pending_region_sources","Eurostat regional statistics / 各国统计局区域统计","","D","待接入","false","true","false","false","false","false","false","false","v0.10 仅保留区域观测值结构；尚未接入具体 ADM1/NUTS3 区域统计表、来源链接和数值。","不适用。","2026-07-26","第一批区域观测位置；不得填 0，不进入地图图层、区域比较或未来模型候选输入。"
"poland_lower_silesian_regional_gdp_per_capita_2025","poland_lower_silesian","poland","regional_gdp_per_capita","2025","annual",,"欧元","待接入","pending_region_sources","Eurostat regional statistics / 各国统计局区域统计","","D","待接入","false","true","true","false","false","false","false","false","v0.10 仅保留区域观测值结构；尚未接入具体 ADM1/NUTS3 区域统计表、来源链接和数值。","待接入原始分子和分母后再计算；当前不生成计算结果。","2026-07-26","第一批区域观测位置；不得填 0，不进入地图图层、区域比较或未来模型候选输入。"
"poland_lower_silesian_regional_unemployment_rate_2025","poland_lower_silesian","poland","regional_unemployment_rate","2025","annual",,"%","待接入","pending_region_sources","Eurostat regional statistics / 各国统计局区域统计","","D","待接入","false","true","false","false","false","false","false","false","v0.10 仅保留区域观测值结构；尚未接入具体 ADM1/NUTS3 区域统计表、来源链接和数值。","不适用。","2026-07-26","第一批区域观测位置；不得填 0，不进入地图图层、区域比较或未来模型候选输入。"
"poland_lower_silesian_regional_manufacturing_share_2025","poland_lower_silesian","poland","regional_manufacturing_share","2025","annual",,"%","待接入","pending_region_sources","Eurostat regional statistics / 各国统计局区域统计","","D","待接入","false","true","true","false","false","false","false","false","v0.10 仅保留区域观测值结构；尚未接入具体 ADM1/NUTS3 区域统计表、来源链接和数值。","待接入原始分子和分母后再计算；当前不生成计算结果。","2026-07-26","第一批区域观测位置；不得填 0，不进入地图图层、区域比较或未来模型候选输入。"
"poland_kuyavian_pomeranian_regional_population_2025","poland_kuyavian_pomeranian","poland","regional_population","2025","annual",,"人","待接入","pending_region_sources","Eurostat regional statistics / 各国统计局区域统计","","D","待接入","false","true","false","false","false","false","false","false","v0.10 仅保留区域观测值结构；尚未接入具体 ADM1/NUTS3 区域统计表、来源链接和数值。","不适用。","2026-07-26","第一批区域观测位置；不得填 0，不进入地图图层、区域比较或未来模型候选输入。"
"poland_kuyavian_pomeranian_regional_gdp_2025","poland_kuyavian_pomeranian","poland","regional_gdp","2025","annual",,"百万欧元","待接入","pending_region_sources","Eurostat regional statistics / 各国统计局区域统计","","D","待接入","false","true","false","false","false","false","false","false","v0.10 仅保留区域观测值结构；尚未接入具体 ADM1/NUTS3 区域统计表、来源链接和数值。","不适用。","2026-07-26","第一批区域观测位置；不得填 0，不进入地图图层、区域比较或未来模型候选输入。"
"poland_kuyavian_pomeranian_regional_gdp_per_capita_2025","poland_kuyavian_pomeranian","poland","regional_gdp_per_capita","2025","annual",,"欧元","待接入","pending_region_sources","Eurostat regional statistics / 各国统计局区域统计","","D","待接入","false","true","true","false","false","false","false","false","v0.10 仅保留区域观测值结构；尚未接入具体 ADM1/NUTS3 区域统计表、来源链接和数值。","待接入原始分子和分母后再计算；当前不生成计算结果。","2026-07-26","第一批区域观测位置；不得填 0，不进入地图图层、区域比较或未来模型候选输入。"
"poland_kuyavian_pomeranian_regional_unemployment_rate_2025","poland_kuyavian_pomeranian","poland","regional_unemployment_rate","2025","annual",,"%","待接入","pending_region_sources","Eurostat regional statistics / 各国统计局区域统计","","D","待接入","false","true","false","false","false","false","false","false","v0.10 仅保留区域观测值结构；尚未接入具体 ADM1/NUTS3 区域统计表、来源链接和数值。","不适用。","2026-07-26","第一批区域观测位置；不得填 0，不进入地图图层、区域比较或未来模型候选输入。"
"poland_kuyavian_pomeranian_regional_manufacturing_share_2025","poland_kuyavian_pomeranian","poland","regional_manufacturing_share","2025","annual",,"%","待接入","pending_region_sources","Eurostat regional statistics / 各国统计局区域统计","","D","待接入","false","true","true","false","false","false","false","false","v0.10 仅保留区域观测值结构；尚未接入具体 ADM1/NUTS3 区域统计表、来源链接和数值。","待接入原始分子和分母后再计算；当前不生成计算结果。","2026-07-26","第一批区域观测位置；不得填 0，不进入地图图层、区域比较或未来模型候选输入。"
"poland_lublin_regional_population_2025","poland_lublin","poland","regional_population","2025","annual",,"人","待接入","pending_region_sources","Eurostat regional statistics / 各国统计局区域统计","","D","待接入","false","true","false","false","false","false","false","false","v0.10 仅保留区域观测值结构；尚未接入具体 ADM1/NUTS3 区域统计表、来源链接和数值。","不适用。","2026-07-26","第一批区域观测位置；不得填 0，不进入地图图层、区域比较或未来模型候选输入。"
"poland_lublin_regional_gdp_2025","poland_lublin","poland","regional_gdp","2025","annual",,"百万欧元","待接入","pending_region_sources","Eurostat regional statistics / 各国统计局区域统计","","D","待接入","false","true","false","false","false","false","false","false","v0.10 仅保留区域观测值结构；尚未接入具体 ADM1/NUTS3 区域统计表、来源链接和数值。","不适用。","2026-07-26","第一批区域观测位置；不得填 0，不进入地图图层、区域比较或未来模型候选输入。"
"poland_lublin_regional_gdp_per_capita_2025","poland_lublin","poland","regional_gdp_per_capita","2025","annual",,"欧元","待接入","pending_region_sources","Eurostat regional statistics / 各国统计局区域统计","","D","待接入","false","true","true","false","false","false","false","false","v0.10 仅保留区域观测值结构；尚未接入具体 ADM1/NUTS3 区域统计表、来源链接和数值。","待接入原始分子和分母后再计算；当前不生成计算结果。","2026-07-26","第一批区域观测位置；不得填 0，不进入地图图层、区域比较或未来模型候选输入。"
"poland_lublin_regional_unemployment_rate_2025","poland_lublin","poland","regional_unemployment_rate","2025","annual",,"%","待接入","pending_region_sources","Eurostat regional statistics / 各国统计局区域统计","","D","待接入","false","true","false","false","false","false","false","false","v0.10 仅保留区域观测值结构；尚未接入具体 ADM1/NUTS3 区域统计表、来源链接和数值。","不适用。","2026-07-26","第一批区域观测位置；不得填 0，不进入地图图层、区域比较或未来模型候选输入。"
"poland_lublin_regional_manufacturing_share_2025","poland_lublin","poland","regional_manufacturing_share","2025","annual",,"%","待接入","pending_region_sources","Eurostat regional statistics / 各国统计局区域统计","","D","待接入","false","true","true","false","false","false","false","false","v0.10 仅保留区域观测值结构；尚未接入具体 ADM1/NUTS3 区域统计表、来源链接和数值。","待接入原始分子和分母后再计算；当前不生成计算结果。","2026-07-26","第一批区域观测位置；不得填 0，不进入地图图层、区域比较或未来模型候选输入。"
"poland_lubusz_regional_population_2025","poland_lubusz","poland","regional_population","2025","annual",,"人","待接入","pending_region_sources","Eurostat regional statistics / 各国统计局区域统计","","D","待接入","false","true","false","false","false","false","false","false","v0.10 仅保留区域观测值结构；尚未接入具体 ADM1/NUTS3 区域统计表、来源链接和数值。","不适用。","2026-07-26","第一批区域观测位置；不得填 0，不进入地图图层、区域比较或未来模型候选输入。"
"poland_lubusz_regional_gdp_2025","poland_lubusz","poland","regional_gdp","2025","annual",,"百万欧元","待接入","pending_region_sources","Eurostat regional statistics / 各国统计局区域统计","","D","待接入","false","true","false","false","false","false","false","false","v0.10 仅保留区域观测值结构；尚未接入具体 ADM1/NUTS3 区域统计表、来源链接和数值。","不适用。","2026-07-26","第一批区域观测位置；不得填 0，不进入地图图层、区域比较或未来模型候选输入。"
"poland_lubusz_regional_gdp_per_capita_2025","poland_lubusz","poland","regional_gdp_per_capita","2025","annual",,"欧元","待接入","pending_region_sources","Eurostat regional statistics / 各国统计局区域统计","","D","待接入","false","true","true","false","false","false","false","false","v0.10 仅保留区域观测值结构；尚未接入具体 ADM1/NUTS3 区域统计表、来源链接和数值。","待接入原始分子和分母后再计算；当前不生成计算结果。","2026-07-26","第一批区域观测位置；不得填 0，不进入地图图层、区域比较或未来模型候选输入。"
"poland_lubusz_regional_unemployment_rate_2025","poland_lubusz","poland","regional_unemployment_rate","2025","annual",,"%","待接入","pending_region_sources","Eurostat regional statistics / 各国统计局区域统计","","D","待接入","false","true","false","false","false","false","false","false","v0.10 仅保留区域观测值结构；尚未接入具体 ADM1/NUTS3 区域统计表、来源链接和数值。","不适用。","2026-07-26","第一批区域观测位置；不得填 0，不进入地图图层、区域比较或未来模型候选输入。"
"poland_lubusz_regional_manufacturing_share_2025","poland_lubusz","poland","regional_manufacturing_share","2025","annual",,"%","待接入","pending_region_sources","Eurostat regional statistics / 各国统计局区域统计","","D","待接入","false","true","true","false","false","false","false","false","v0.10 仅保留区域观测值结构；尚未接入具体 ADM1/NUTS3 区域统计表、来源链接和数值。","待接入原始分子和分母后再计算；当前不生成计算结果。","2026-07-26","第一批区域观测位置；不得填 0，不进入地图图层、区域比较或未来模型候选输入。"
"poland_lodz_regional_population_2025","poland_lodz","poland","regional_population","2025","annual",,"人","待接入","pending_region_sources","Eurostat regional statistics / 各国统计局区域统计","","D","待接入","false","true","false","false","false","false","false","false","v0.10 仅保留区域观测值结构；尚未接入具体 ADM1/NUTS3 区域统计表、来源链接和数值。","不适用。","2026-07-26","第一批区域观测位置；不得填 0，不进入地图图层、区域比较或未来模型候选输入。"
"poland_lodz_regional_gdp_2025","poland_lodz","poland","regional_gdp","2025","annual",,"百万欧元","待接入","pending_region_sources","Eurostat regional statistics / 各国统计局区域统计","","D","待接入","false","true","false","false","false","false","false","false","v0.10 仅保留区域观测值结构；尚未接入具体 ADM1/NUTS3 区域统计表、来源链接和数值。","不适用。","2026-07-26","第一批区域观测位置；不得填 0，不进入地图图层、区域比较或未来模型候选输入。"
"poland_lodz_regional_gdp_per_capita_2025","poland_lodz","poland","regional_gdp_per_capita","2025","annual",,"欧元","待接入","pending_region_sources","Eurostat regional statistics / 各国统计局区域统计","","D","待接入","false","true","true","false","false","false","false","false","v0.10 仅保留区域观测值结构；尚未接入具体 ADM1/NUTS3 区域统计表、来源链接和数值。","待接入原始分子和分母后再计算；当前不生成计算结果。","2026-07-26","第一批区域观测位置；不得填 0，不进入地图图层、区域比较或未来模型候选输入。"
"poland_lodz_regional_unemployment_rate_2025","poland_lodz","poland","regional_unemployment_rate","2025","annual",,"%","待接入","pending_region_sources","Eurostat regional statistics / 各国统计局区域统计","","D","待接入","false","true","false","false","false","false","false","false","v0.10 仅保留区域观测值结构；尚未接入具体 ADM1/NUTS3 区域统计表、来源链接和数值。","不适用。","2026-07-26","第一批区域观测位置；不得填 0，不进入地图图层、区域比较或未来模型候选输入。"
"poland_lodz_regional_manufacturing_share_2025","poland_lodz","poland","regional_manufacturing_share","2025","annual",,"%","待接入","pending_region_sources","Eurostat regional statistics / 各国统计局区域统计","","D","待接入","false","true","true","false","false","false","false","false","v0.10 仅保留区域观测值结构；尚未接入具体 ADM1/NUTS3 区域统计表、来源链接和数值。","待接入原始分子和分母后再计算；当前不生成计算结果。","2026-07-26","第一批区域观测位置；不得填 0，不进入地图图层、区域比较或未来模型候选输入。"
"poland_lesser_poland_regional_population_2025","poland_lesser_poland","poland","regional_population","2025","annual",,"人","待接入","pending_region_sources","Eurostat regional statistics / 各国统计局区域统计","","D","待接入","false","true","false","false","false","false","false","false","v0.10 仅保留区域观测值结构；尚未接入具体 ADM1/NUTS3 区域统计表、来源链接和数值。","不适用。","2026-07-26","第一批区域观测位置；不得填 0，不进入地图图层、区域比较或未来模型候选输入。"
"poland_lesser_poland_regional_gdp_2025","poland_lesser_poland","poland","regional_gdp","2025","annual",,"百万欧元","待接入","pending_region_sources","Eurostat regional statistics / 各国统计局区域统计","","D","待接入","false","true","false","false","false","false","false","false","v0.10 仅保留区域观测值结构；尚未接入具体 ADM1/NUTS3 区域统计表、来源链接和数值。","不适用。","2026-07-26","第一批区域观测位置；不得填 0，不进入地图图层、区域比较或未来模型候选输入。"
"poland_lesser_poland_regional_gdp_per_capita_2025","poland_lesser_poland","poland","regional_gdp_per_capita","2025","annual",,"欧元","待接入","pending_region_sources","Eurostat regional statistics / 各国统计局区域统计","","D","待接入","false","true","true","false","false","false","false","false","v0.10 仅保留区域观测值结构；尚未接入具体 ADM1/NUTS3 区域统计表、来源链接和数值。","待接入原始分子和分母后再计算；当前不生成计算结果。","2026-07-26","第一批区域观测位置；不得填 0，不进入地图图层、区域比较或未来模型候选输入。"
"poland_lesser_poland_regional_unemployment_rate_2025","poland_lesser_poland","poland","regional_unemployment_rate","2025","annual",,"%","待接入","pending_region_sources","Eurostat regional statistics / 各国统计局区域统计","","D","待接入","false","true","false","false","false","false","false","false","v0.10 仅保留区域观测值结构；尚未接入具体 ADM1/NUTS3 区域统计表、来源链接和数值。","不适用。","2026-07-26","第一批区域观测位置；不得填 0，不进入地图图层、区域比较或未来模型候选输入。"
"poland_lesser_poland_regional_manufacturing_share_2025","poland_lesser_poland","poland","regional_manufacturing_share","2025","annual",,"%","待接入","pending_region_sources","Eurostat regional statistics / 各国统计局区域统计","","D","待接入","false","true","true","false","false","false","false","false","v0.10 仅保留区域观测值结构；尚未接入具体 ADM1/NUTS3 区域统计表、来源链接和数值。","待接入原始分子和分母后再计算；当前不生成计算结果。","2026-07-26","第一批区域观测位置；不得填 0，不进入地图图层、区域比较或未来模型候选输入。"
"poland_masovian_regional_population_2025","poland_masovian","poland","regional_population","2025","annual",,"人","待接入","pending_region_sources","Eurostat regional statistics / 各国统计局区域统计","","D","待接入","false","true","false","false","false","false","false","false","v0.10 仅保留区域观测值结构；尚未接入具体 ADM1/NUTS3 区域统计表、来源链接和数值。","不适用。","2026-07-26","第一批区域观测位置；不得填 0，不进入地图图层、区域比较或未来模型候选输入。"
"poland_masovian_regional_gdp_2025","poland_masovian","poland","regional_gdp","2025","annual",,"百万欧元","待接入","pending_region_sources","Eurostat regional statistics / 各国统计局区域统计","","D","待接入","false","true","false","false","false","false","false","false","v0.10 仅保留区域观测值结构；尚未接入具体 ADM1/NUTS3 区域统计表、来源链接和数值。","不适用。","2026-07-26","第一批区域观测位置；不得填 0，不进入地图图层、区域比较或未来模型候选输入。"
"poland_masovian_regional_gdp_per_capita_2025","poland_masovian","poland","regional_gdp_per_capita","2025","annual",,"欧元","待接入","pending_region_sources","Eurostat regional statistics / 各国统计局区域统计","","D","待接入","false","true","true","false","false","false","false","false","v0.10 仅保留区域观测值结构；尚未接入具体 ADM1/NUTS3 区域统计表、来源链接和数值。","待接入原始分子和分母后再计算；当前不生成计算结果。","2026-07-26","第一批区域观测位置；不得填 0，不进入地图图层、区域比较或未来模型候选输入。"
"poland_masovian_regional_unemployment_rate_2025","poland_masovian","poland","regional_unemployment_rate","2025","annual",,"%","待接入","pending_region_sources","Eurostat regional statistics / 各国统计局区域统计","","D","待接入","false","true","false","false","false","false","false","false","v0.10 仅保留区域观测值结构；尚未接入具体 ADM1/NUTS3 区域统计表、来源链接和数值。","不适用。","2026-07-26","第一批区域观测位置；不得填 0，不进入地图图层、区域比较或未来模型候选输入。"
"poland_masovian_regional_manufacturing_share_2025","poland_masovian","poland","regional_manufacturing_share","2025","annual",,"%","待接入","pending_region_sources","Eurostat regional statistics / 各国统计局区域统计","","D","待接入","false","true","true","false","false","false","false","false","v0.10 仅保留区域观测值结构；尚未接入具体 ADM1/NUTS3 区域统计表、来源链接和数值。","待接入原始分子和分母后再计算；当前不生成计算结果。","2026-07-26","第一批区域观测位置；不得填 0，不进入地图图层、区域比较或未来模型候选输入。"
"poland_opole_regional_population_2025","poland_opole","poland","regional_population","2025","annual",,"人","待接入","pending_region_sources","Eurostat regional statistics / 各国统计局区域统计","","D","待接入","false","true","false","false","false","false","false","false","v0.10 仅保留区域观测值结构；尚未接入具体 ADM1/NUTS3 区域统计表、来源链接和数值。","不适用。","2026-07-26","第一批区域观测位置；不得填 0，不进入地图图层、区域比较或未来模型候选输入。"
"poland_opole_regional_gdp_2025","poland_opole","poland","regional_gdp","2025","annual",,"百万欧元","待接入","pending_region_sources","Eurostat regional statistics / 各国统计局区域统计","","D","待接入","false","true","false","false","false","false","false","false","v0.10 仅保留区域观测值结构；尚未接入具体 ADM1/NUTS3 区域统计表、来源链接和数值。","不适用。","2026-07-26","第一批区域观测位置；不得填 0，不进入地图图层、区域比较或未来模型候选输入。"
"poland_opole_regional_gdp_per_capita_2025","poland_opole","poland","regional_gdp_per_capita","2025","annual",,"欧元","待接入","pending_region_sources","Eurostat regional statistics / 各国统计局区域统计","","D","待接入","false","true","true","false","false","false","false","false","v0.10 仅保留区域观测值结构；尚未接入具体 ADM1/NUTS3 区域统计表、来源链接和数值。","待接入原始分子和分母后再计算；当前不生成计算结果。","2026-07-26","第一批区域观测位置；不得填 0，不进入地图图层、区域比较或未来模型候选输入。"
"poland_opole_regional_unemployment_rate_2025","poland_opole","poland","regional_unemployment_rate","2025","annual",,"%","待接入","pending_region_sources","Eurostat regional statistics / 各国统计局区域统计","","D","待接入","false","true","false","false","false","false","false","false","v0.10 仅保留区域观测值结构；尚未接入具体 ADM1/NUTS3 区域统计表、来源链接和数值。","不适用。","2026-07-26","第一批区域观测位置；不得填 0，不进入地图图层、区域比较或未来模型候选输入。"
"poland_opole_regional_manufacturing_share_2025","poland_opole","poland","regional_manufacturing_share","2025","annual",,"%","待接入","pending_region_sources","Eurostat regional statistics / 各国统计局区域统计","","D","待接入","false","true","true","false","false","false","false","false","v0.10 仅保留区域观测值结构；尚未接入具体 ADM1/NUTS3 区域统计表、来源链接和数值。","待接入原始分子和分母后再计算；当前不生成计算结果。","2026-07-26","第一批区域观测位置；不得填 0，不进入地图图层、区域比较或未来模型候选输入。"
"poland_subcarpathian_regional_population_2025","poland_subcarpathian","poland","regional_population","2025","annual",,"人","待接入","pending_region_sources","Eurostat regional statistics / 各国统计局区域统计","","D","待接入","false","true","false","false","false","false","false","false","v0.10 仅保留区域观测值结构；尚未接入具体 ADM1/NUTS3 区域统计表、来源链接和数值。","不适用。","2026-07-26","第一批区域观测位置；不得填 0，不进入地图图层、区域比较或未来模型候选输入。"
"poland_subcarpathian_regional_gdp_2025","poland_subcarpathian","poland","regional_gdp","2025","annual",,"百万欧元","待接入","pending_region_sources","Eurostat regional statistics / 各国统计局区域统计","","D","待接入","false","true","false","false","false","false","false","false","v0.10 仅保留区域观测值结构；尚未接入具体 ADM1/NUTS3 区域统计表、来源链接和数值。","不适用。","2026-07-26","第一批区域观测位置；不得填 0，不进入地图图层、区域比较或未来模型候选输入。"
"poland_subcarpathian_regional_gdp_per_capita_2025","poland_subcarpathian","poland","regional_gdp_per_capita","2025","annual",,"欧元","待接入","pending_region_sources","Eurostat regional statistics / 各国统计局区域统计","","D","待接入","false","true","true","false","false","false","false","false","v0.10 仅保留区域观测值结构；尚未接入具体 ADM1/NUTS3 区域统计表、来源链接和数值。","待接入原始分子和分母后再计算；当前不生成计算结果。","2026-07-26","第一批区域观测位置；不得填 0，不进入地图图层、区域比较或未来模型候选输入。"
"poland_subcarpathian_regional_unemployment_rate_2025","poland_subcarpathian","poland","regional_unemployment_rate","2025","annual",,"%","待接入","pending_region_sources","Eurostat regional statistics / 各国统计局区域统计","","D","待接入","false","true","false","false","false","false","false","false","v0.10 仅保留区域观测值结构；尚未接入具体 ADM1/NUTS3 区域统计表、来源链接和数值。","不适用。","2026-07-26","第一批区域观测位置；不得填 0，不进入地图图层、区域比较或未来模型候选输入。"
"poland_subcarpathian_regional_manufacturing_share_2025","poland_subcarpathian","poland","regional_manufacturing_share","2025","annual",,"%","待接入","pending_region_sources","Eurostat regional statistics / 各国统计局区域统计","","D","待接入","false","true","true","false","false","false","false","false","v0.10 仅保留区域观测值结构；尚未接入具体 ADM1/NUTS3 区域统计表、来源链接和数值。","待接入原始分子和分母后再计算；当前不生成计算结果。","2026-07-26","第一批区域观测位置；不得填 0，不进入地图图层、区域比较或未来模型候选输入。"
"poland_podlaskie_regional_population_2025","poland_podlaskie","poland","regional_population","2025","annual",,"人","待接入","pending_region_sources","Eurostat regional statistics / 各国统计局区域统计","","D","待接入","false","true","false","false","false","false","false","false","v0.10 仅保留区域观测值结构；尚未接入具体 ADM1/NUTS3 区域统计表、来源链接和数值。","不适用。","2026-07-26","第一批区域观测位置；不得填 0，不进入地图图层、区域比较或未来模型候选输入。"
"poland_podlaskie_regional_gdp_2025","poland_podlaskie","poland","regional_gdp","2025","annual",,"百万欧元","待接入","pending_region_sources","Eurostat regional statistics / 各国统计局区域统计","","D","待接入","false","true","false","false","false","false","false","false","v0.10 仅保留区域观测值结构；尚未接入具体 ADM1/NUTS3 区域统计表、来源链接和数值。","不适用。","2026-07-26","第一批区域观测位置；不得填 0，不进入地图图层、区域比较或未来模型候选输入。"
"poland_podlaskie_regional_gdp_per_capita_2025","poland_podlaskie","poland","regional_gdp_per_capita","2025","annual",,"欧元","待接入","pending_region_sources","Eurostat regional statistics / 各国统计局区域统计","","D","待接入","false","true","true","false","false","false","false","false","v0.10 仅保留区域观测值结构；尚未接入具体 ADM1/NUTS3 区域统计表、来源链接和数值。","待接入原始分子和分母后再计算；当前不生成计算结果。","2026-07-26","第一批区域观测位置；不得填 0，不进入地图图层、区域比较或未来模型候选输入。"
"poland_podlaskie_regional_unemployment_rate_2025","poland_podlaskie","poland","regional_unemployment_rate","2025","annual",,"%","待接入","pending_region_sources","Eurostat regional statistics / 各国统计局区域统计","","D","待接入","false","true","false","false","false","false","false","false","v0.10 仅保留区域观测值结构；尚未接入具体 ADM1/NUTS3 区域统计表、来源链接和数值。","不适用。","2026-07-26","第一批区域观测位置；不得填 0，不进入地图图层、区域比较或未来模型候选输入。"
"poland_podlaskie_regional_manufacturing_share_2025","poland_podlaskie","poland","regional_manufacturing_share","2025","annual",,"%","待接入","pending_region_sources","Eurostat regional statistics / 各国统计局区域统计","","D","待接入","false","true","true","false","false","false","false","false","v0.10 仅保留区域观测值结构；尚未接入具体 ADM1/NUTS3 区域统计表、来源链接和数值。","待接入原始分子和分母后再计算；当前不生成计算结果。","2026-07-26","第一批区域观测位置；不得填 0，不进入地图图层、区域比较或未来模型候选输入。"
"poland_pomeranian_regional_population_2025","poland_pomeranian","poland","regional_population","2025","annual",,"人","待接入","pending_region_sources","Eurostat regional statistics / 各国统计局区域统计","","D","待接入","false","true","false","false","false","false","false","false","v0.10 仅保留区域观测值结构；尚未接入具体 ADM1/NUTS3 区域统计表、来源链接和数值。","不适用。","2026-07-26","第一批区域观测位置；不得填 0，不进入地图图层、区域比较或未来模型候选输入。"
"poland_pomeranian_regional_gdp_2025","poland_pomeranian","poland","regional_gdp","2025","annual",,"百万欧元","待接入","pending_region_sources","Eurostat regional statistics / 各国统计局区域统计","","D","待接入","false","true","false","false","false","false","false","false","v0.10 仅保留区域观测值结构；尚未接入具体 ADM1/NUTS3 区域统计表、来源链接和数值。","不适用。","2026-07-26","第一批区域观测位置；不得填 0，不进入地图图层、区域比较或未来模型候选输入。"
"poland_pomeranian_regional_gdp_per_capita_2025","poland_pomeranian","poland","regional_gdp_per_capita","2025","annual",,"欧元","待接入","pending_region_sources","Eurostat regional statistics / 各国统计局区域统计","","D","待接入","false","true","true","false","false","false","false","false","v0.10 仅保留区域观测值结构；尚未接入具体 ADM1/NUTS3 区域统计表、来源链接和数值。","待接入原始分子和分母后再计算；当前不生成计算结果。","2026-07-26","第一批区域观测位置；不得填 0，不进入地图图层、区域比较或未来模型候选输入。"
"poland_pomeranian_regional_unemployment_rate_2025","poland_pomeranian","poland","regional_unemployment_rate","2025","annual",,"%","待接入","pending_region_sources","Eurostat regional statistics / 各国统计局区域统计","","D","待接入","false","true","false","false","false","false","false","false","v0.10 仅保留区域观测值结构；尚未接入具体 ADM1/NUTS3 区域统计表、来源链接和数值。","不适用。","2026-07-26","第一批区域观测位置；不得填 0，不进入地图图层、区域比较或未来模型候选输入。"
"poland_pomeranian_regional_manufacturing_share_2025","poland_pomeranian","poland","regional_manufacturing_share","2025","annual",,"%","待接入","pending_region_sources","Eurostat regional statistics / 各国统计局区域统计","","D","待接入","false","true","true","false","false","false","false","false","v0.10 仅保留区域观测值结构；尚未接入具体 ADM1/NUTS3 区域统计表、来源链接和数值。","待接入原始分子和分母后再计算；当前不生成计算结果。","2026-07-26","第一批区域观测位置；不得填 0，不进入地图图层、区域比较或未来模型候选输入。"
"poland_silesian_regional_population_2025","poland_silesian","poland","regional_population","2025","annual",,"人","待接入","pending_region_sources","Eurostat regional statistics / 各国统计局区域统计","","D","待接入","false","true","false","false","false","false","false","false","v0.10 仅保留区域观测值结构；尚未接入具体 ADM1/NUTS3 区域统计表、来源链接和数值。","不适用。","2026-07-26","第一批区域观测位置；不得填 0，不进入地图图层、区域比较或未来模型候选输入。"
"poland_silesian_regional_gdp_2025","poland_silesian","poland","regional_gdp","2025","annual",,"百万欧元","待接入","pending_region_sources","Eurostat regional statistics / 各国统计局区域统计","","D","待接入","false","true","false","false","false","false","false","false","v0.10 仅保留区域观测值结构；尚未接入具体 ADM1/NUTS3 区域统计表、来源链接和数值。","不适用。","2026-07-26","第一批区域观测位置；不得填 0，不进入地图图层、区域比较或未来模型候选输入。"
"poland_silesian_regional_gdp_per_capita_2025","poland_silesian","poland","regional_gdp_per_capita","2025","annual",,"欧元","待接入","pending_region_sources","Eurostat regional statistics / 各国统计局区域统计","","D","待接入","false","true","true","false","false","false","false","false","v0.10 仅保留区域观测值结构；尚未接入具体 ADM1/NUTS3 区域统计表、来源链接和数值。","待接入原始分子和分母后再计算；当前不生成计算结果。","2026-07-26","第一批区域观测位置；不得填 0，不进入地图图层、区域比较或未来模型候选输入。"
"poland_silesian_regional_unemployment_rate_2025","poland_silesian","poland","regional_unemployment_rate","2025","annual",,"%","待接入","pending_region_sources","Eurostat regional statistics / 各国统计局区域统计","","D","待接入","false","true","false","false","false","false","false","false","v0.10 仅保留区域观测值结构；尚未接入具体 ADM1/NUTS3 区域统计表、来源链接和数值。","不适用。","2026-07-26","第一批区域观测位置；不得填 0，不进入地图图层、区域比较或未来模型候选输入。"
"poland_silesian_regional_manufacturing_share_2025","poland_silesian","poland","regional_manufacturing_share","2025","annual",,"%","待接入","pending_region_sources","Eurostat regional statistics / 各国统计局区域统计","","D","待接入","false","true","true","false","false","false","false","false","v0.10 仅保留区域观测值结构；尚未接入具体 ADM1/NUTS3 区域统计表、来源链接和数值。","待接入原始分子和分母后再计算；当前不生成计算结果。","2026-07-26","第一批区域观测位置；不得填 0，不进入地图图层、区域比较或未来模型候选输入。"
"poland_swietokrzyskie_regional_population_2025","poland_swietokrzyskie","poland","regional_population","2025","annual",,"人","待接入","pending_region_sources","Eurostat regional statistics / 各国统计局区域统计","","D","待接入","false","true","false","false","false","false","false","false","v0.10 仅保留区域观测值结构；尚未接入具体 ADM1/NUTS3 区域统计表、来源链接和数值。","不适用。","2026-07-26","第一批区域观测位置；不得填 0，不进入地图图层、区域比较或未来模型候选输入。"
"poland_swietokrzyskie_regional_gdp_2025","poland_swietokrzyskie","poland","regional_gdp","2025","annual",,"百万欧元","待接入","pending_region_sources","Eurostat regional statistics / 各国统计局区域统计","","D","待接入","false","true","false","false","false","false","false","false","v0.10 仅保留区域观测值结构；尚未接入具体 ADM1/NUTS3 区域统计表、来源链接和数值。","不适用。","2026-07-26","第一批区域观测位置；不得填 0，不进入地图图层、区域比较或未来模型候选输入。"
"poland_swietokrzyskie_regional_gdp_per_capita_2025","poland_swietokrzyskie","poland","regional_gdp_per_capita","2025","annual",,"欧元","待接入","pending_region_sources","Eurostat regional statistics / 各国统计局区域统计","","D","待接入","false","true","true","false","false","false","false","false","v0.10 仅保留区域观测值结构；尚未接入具体 ADM1/NUTS3 区域统计表、来源链接和数值。","待接入原始分子和分母后再计算；当前不生成计算结果。","2026-07-26","第一批区域观测位置；不得填 0，不进入地图图层、区域比较或未来模型候选输入。"
"poland_swietokrzyskie_regional_unemployment_rate_2025","poland_swietokrzyskie","poland","regional_unemployment_rate","2025","annual",,"%","待接入","pending_region_sources","Eurostat regional statistics / 各国统计局区域统计","","D","待接入","false","true","false","false","false","false","false","false","v0.10 仅保留区域观测值结构；尚未接入具体 ADM1/NUTS3 区域统计表、来源链接和数值。","不适用。","2026-07-26","第一批区域观测位置；不得填 0，不进入地图图层、区域比较或未来模型候选输入。"
"poland_swietokrzyskie_regional_manufacturing_share_2025","poland_swietokrzyskie","poland","regional_manufacturing_share","2025","annual",,"%","待接入","pending_region_sources","Eurostat regional statistics / 各国统计局区域统计","","D","待接入","false","true","true","false","false","false","false","false","v0.10 仅保留区域观测值结构；尚未接入具体 ADM1/NUTS3 区域统计表、来源链接和数值。","待接入原始分子和分母后再计算；当前不生成计算结果。","2026-07-26","第一批区域观测位置；不得填 0，不进入地图图层、区域比较或未来模型候选输入。"
"poland_warmian_masurian_regional_population_2025","poland_warmian_masurian","poland","regional_population","2025","annual",,"人","待接入","pending_region_sources","Eurostat regional statistics / 各国统计局区域统计","","D","待接入","false","true","false","false","false","false","false","false","v0.10 仅保留区域观测值结构；尚未接入具体 ADM1/NUTS3 区域统计表、来源链接和数值。","不适用。","2026-07-26","第一批区域观测位置；不得填 0，不进入地图图层、区域比较或未来模型候选输入。"
"poland_warmian_masurian_regional_gdp_2025","poland_warmian_masurian","poland","regional_gdp","2025","annual",,"百万欧元","待接入","pending_region_sources","Eurostat regional statistics / 各国统计局区域统计","","D","待接入","false","true","false","false","false","false","false","false","v0.10 仅保留区域观测值结构；尚未接入具体 ADM1/NUTS3 区域统计表、来源链接和数值。","不适用。","2026-07-26","第一批区域观测位置；不得填 0，不进入地图图层、区域比较或未来模型候选输入。"
"poland_warmian_masurian_regional_gdp_per_capita_2025","poland_warmian_masurian","poland","regional_gdp_per_capita","2025","annual",,"欧元","待接入","pending_region_sources","Eurostat regional statistics / 各国统计局区域统计","","D","待接入","false","true","true","false","false","false","false","false","v0.10 仅保留区域观测值结构；尚未接入具体 ADM1/NUTS3 区域统计表、来源链接和数值。","待接入原始分子和分母后再计算；当前不生成计算结果。","2026-07-26","第一批区域观测位置；不得填 0，不进入地图图层、区域比较或未来模型候选输入。"
"poland_warmian_masurian_regional_unemployment_rate_2025","poland_warmian_masurian","poland","regional_unemployment_rate","2025","annual",,"%","待接入","pending_region_sources","Eurostat regional statistics / 各国统计局区域统计","","D","待接入","false","true","false","false","false","false","false","false","v0.10 仅保留区域观测值结构；尚未接入具体 ADM1/NUTS3 区域统计表、来源链接和数值。","不适用。","2026-07-26","第一批区域观测位置；不得填 0，不进入地图图层、区域比较或未来模型候选输入。"
"poland_warmian_masurian_regional_manufacturing_share_2025","poland_warmian_masurian","poland","regional_manufacturing_share","2025","annual",,"%","待接入","pending_region_sources","Eurostat regional statistics / 各国统计局区域统计","","D","待接入","false","true","true","false","false","false","false","false","v0.10 仅保留区域观测值结构；尚未接入具体 ADM1/NUTS3 区域统计表、来源链接和数值。","待接入原始分子和分母后再计算；当前不生成计算结果。","2026-07-26","第一批区域观测位置；不得填 0，不进入地图图层、区域比较或未来模型候选输入。"
"poland_greater_poland_regional_population_2025","poland_greater_poland","poland","regional_population","2025","annual",,"人","待接入","pending_region_sources","Eurostat regional statistics / 各国统计局区域统计","","D","待接入","false","true","false","false","false","false","false","false","v0.10 仅保留区域观测值结构；尚未接入具体 ADM1/NUTS3 区域统计表、来源链接和数值。","不适用。","2026-07-26","第一批区域观测位置；不得填 0，不进入地图图层、区域比较或未来模型候选输入。"
"poland_greater_poland_regional_gdp_2025","poland_greater_poland","poland","regional_gdp","2025","annual",,"百万欧元","待接入","pending_region_sources","Eurostat regional statistics / 各国统计局区域统计","","D","待接入","false","true","false","false","false","false","false","false","v0.10 仅保留区域观测值结构；尚未接入具体 ADM1/NUTS3 区域统计表、来源链接和数值。","不适用。","2026-07-26","第一批区域观测位置；不得填 0，不进入地图图层、区域比较或未来模型候选输入。"
"poland_greater_poland_regional_gdp_per_capita_2025","poland_greater_poland","poland","regional_gdp_per_capita","2025","annual",,"欧元","待接入","pending_region_sources","Eurostat regional statistics / 各国统计局区域统计","","D","待接入","false","true","true","false","false","false","false","false","v0.10 仅保留区域观测值结构；尚未接入具体 ADM1/NUTS3 区域统计表、来源链接和数值。","待接入原始分子和分母后再计算；当前不生成计算结果。","2026-07-26","第一批区域观测位置；不得填 0，不进入地图图层、区域比较或未来模型候选输入。"
"poland_greater_poland_regional_unemployment_rate_2025","poland_greater_poland","poland","regional_unemployment_rate","2025","annual",,"%","待接入","pending_region_sources","Eurostat regional statistics / 各国统计局区域统计","","D","待接入","false","true","false","false","false","false","false","false","v0.10 仅保留区域观测值结构；尚未接入具体 ADM1/NUTS3 区域统计表、来源链接和数值。","不适用。","2026-07-26","第一批区域观测位置；不得填 0，不进入地图图层、区域比较或未来模型候选输入。"
"poland_greater_poland_regional_manufacturing_share_2025","poland_greater_poland","poland","regional_manufacturing_share","2025","annual",,"%","待接入","pending_region_sources","Eurostat regional statistics / 各国统计局区域统计","","D","待接入","false","true","true","false","false","false","false","false","v0.10 仅保留区域观测值结构；尚未接入具体 ADM1/NUTS3 区域统计表、来源链接和数值。","待接入原始分子和分母后再计算；当前不生成计算结果。","2026-07-26","第一批区域观测位置；不得填 0，不进入地图图层、区域比较或未来模型候选输入。"
"poland_west_pomeranian_regional_population_2025","poland_west_pomeranian","poland","regional_population","2025","annual",,"人","待接入","pending_region_sources","Eurostat regional statistics / 各国统计局区域统计","","D","待接入","false","true","false","false","false","false","false","false","v0.10 仅保留区域观测值结构；尚未接入具体 ADM1/NUTS3 区域统计表、来源链接和数值。","不适用。","2026-07-26","第一批区域观测位置；不得填 0，不进入地图图层、区域比较或未来模型候选输入。"
"poland_west_pomeranian_regional_gdp_2025","poland_west_pomeranian","poland","regional_gdp","2025","annual",,"百万欧元","待接入","pending_region_sources","Eurostat regional statistics / 各国统计局区域统计","","D","待接入","false","true","false","false","false","false","false","false","v0.10 仅保留区域观测值结构；尚未接入具体 ADM1/NUTS3 区域统计表、来源链接和数值。","不适用。","2026-07-26","第一批区域观测位置；不得填 0，不进入地图图层、区域比较或未来模型候选输入。"
"poland_west_pomeranian_regional_gdp_per_capita_2025","poland_west_pomeranian","poland","regional_gdp_per_capita","2025","annual",,"欧元","待接入","pending_region_sources","Eurostat regional statistics / 各国统计局区域统计","","D","待接入","false","true","true","false","false","false","false","false","v0.10 仅保留区域观测值结构；尚未接入具体 ADM1/NUTS3 区域统计表、来源链接和数值。","待接入原始分子和分母后再计算；当前不生成计算结果。","2026-07-26","第一批区域观测位置；不得填 0，不进入地图图层、区域比较或未来模型候选输入。"
"poland_west_pomeranian_regional_unemployment_rate_2025","poland_west_pomeranian","poland","regional_unemployment_rate","2025","annual",,"%","待接入","pending_region_sources","Eurostat regional statistics / 各国统计局区域统计","","D","待接入","false","true","false","false","false","false","false","false","v0.10 仅保留区域观测值结构；尚未接入具体 ADM1/NUTS3 区域统计表、来源链接和数值。","不适用。","2026-07-26","第一批区域观测位置；不得填 0，不进入地图图层、区域比较或未来模型候选输入。"
"poland_west_pomeranian_regional_manufacturing_share_2025","poland_west_pomeranian","poland","regional_manufacturing_share","2025","annual",,"%","待接入","pending_region_sources","Eurostat regional statistics / 各国统计局区域统计","","D","待接入","false","true","true","false","false","false","false","false","v0.10 仅保留区域观测值结构；尚未接入具体 ADM1/NUTS3 区域统计表、来源链接和数值。","待接入原始分子和分母后再计算；当前不生成计算结果。","2026-07-26","第一批区域观测位置；不得填 0，不进入地图图层、区域比较或未来模型候选输入。"
"hungary_budapest_regional_population_2025","hungary_budapest","hungary","regional_population","2025","annual",,"人","待接入","pending_region_sources","Eurostat regional statistics / 各国统计局区域统计","","D","待接入","false","true","false","false","false","false","false","false","v0.10 仅保留区域观测值结构；尚未接入具体 ADM1/NUTS3 区域统计表、来源链接和数值。","不适用。","2026-07-26","第一批区域观测位置；不得填 0，不进入地图图层、区域比较或未来模型候选输入。"
"hungary_budapest_regional_gdp_2025","hungary_budapest","hungary","regional_gdp","2025","annual",,"百万欧元","待接入","pending_region_sources","Eurostat regional statistics / 各国统计局区域统计","","D","待接入","false","true","false","false","false","false","false","false","v0.10 仅保留区域观测值结构；尚未接入具体 ADM1/NUTS3 区域统计表、来源链接和数值。","不适用。","2026-07-26","第一批区域观测位置；不得填 0，不进入地图图层、区域比较或未来模型候选输入。"
"hungary_budapest_regional_gdp_per_capita_2025","hungary_budapest","hungary","regional_gdp_per_capita","2025","annual",,"欧元","待接入","pending_region_sources","Eurostat regional statistics / 各国统计局区域统计","","D","待接入","false","true","true","false","false","false","false","false","v0.10 仅保留区域观测值结构；尚未接入具体 ADM1/NUTS3 区域统计表、来源链接和数值。","待接入原始分子和分母后再计算；当前不生成计算结果。","2026-07-26","第一批区域观测位置；不得填 0，不进入地图图层、区域比较或未来模型候选输入。"
"hungary_budapest_regional_unemployment_rate_2025","hungary_budapest","hungary","regional_unemployment_rate","2025","annual",,"%","待接入","pending_region_sources","Eurostat regional statistics / 各国统计局区域统计","","D","待接入","false","true","false","false","false","false","false","false","v0.10 仅保留区域观测值结构；尚未接入具体 ADM1/NUTS3 区域统计表、来源链接和数值。","不适用。","2026-07-26","第一批区域观测位置；不得填 0，不进入地图图层、区域比较或未来模型候选输入。"
"hungary_budapest_regional_manufacturing_share_2025","hungary_budapest","hungary","regional_manufacturing_share","2025","annual",,"%","待接入","pending_region_sources","Eurostat regional statistics / 各国统计局区域统计","","D","待接入","false","true","true","false","false","false","false","false","v0.10 仅保留区域观测值结构；尚未接入具体 ADM1/NUTS3 区域统计表、来源链接和数值。","待接入原始分子和分母后再计算；当前不生成计算结果。","2026-07-26","第一批区域观测位置；不得填 0，不进入地图图层、区域比较或未来模型候选输入。"
"hungary_bacs_kiskun_regional_population_2025","hungary_bacs_kiskun","hungary","regional_population","2025","annual",,"人","待接入","pending_region_sources","Eurostat regional statistics / 各国统计局区域统计","","D","待接入","false","true","false","false","false","false","false","false","v0.10 仅保留区域观测值结构；尚未接入具体 ADM1/NUTS3 区域统计表、来源链接和数值。","不适用。","2026-07-26","第一批区域观测位置；不得填 0，不进入地图图层、区域比较或未来模型候选输入。"
"hungary_bacs_kiskun_regional_gdp_2025","hungary_bacs_kiskun","hungary","regional_gdp","2025","annual",,"百万欧元","待接入","pending_region_sources","Eurostat regional statistics / 各国统计局区域统计","","D","待接入","false","true","false","false","false","false","false","false","v0.10 仅保留区域观测值结构；尚未接入具体 ADM1/NUTS3 区域统计表、来源链接和数值。","不适用。","2026-07-26","第一批区域观测位置；不得填 0，不进入地图图层、区域比较或未来模型候选输入。"
"hungary_bacs_kiskun_regional_gdp_per_capita_2025","hungary_bacs_kiskun","hungary","regional_gdp_per_capita","2025","annual",,"欧元","待接入","pending_region_sources","Eurostat regional statistics / 各国统计局区域统计","","D","待接入","false","true","true","false","false","false","false","false","v0.10 仅保留区域观测值结构；尚未接入具体 ADM1/NUTS3 区域统计表、来源链接和数值。","待接入原始分子和分母后再计算；当前不生成计算结果。","2026-07-26","第一批区域观测位置；不得填 0，不进入地图图层、区域比较或未来模型候选输入。"
"hungary_bacs_kiskun_regional_unemployment_rate_2025","hungary_bacs_kiskun","hungary","regional_unemployment_rate","2025","annual",,"%","待接入","pending_region_sources","Eurostat regional statistics / 各国统计局区域统计","","D","待接入","false","true","false","false","false","false","false","false","v0.10 仅保留区域观测值结构；尚未接入具体 ADM1/NUTS3 区域统计表、来源链接和数值。","不适用。","2026-07-26","第一批区域观测位置；不得填 0，不进入地图图层、区域比较或未来模型候选输入。"
"hungary_bacs_kiskun_regional_manufacturing_share_2025","hungary_bacs_kiskun","hungary","regional_manufacturing_share","2025","annual",,"%","待接入","pending_region_sources","Eurostat regional statistics / 各国统计局区域统计","","D","待接入","false","true","true","false","false","false","false","false","v0.10 仅保留区域观测值结构；尚未接入具体 ADM1/NUTS3 区域统计表、来源链接和数值。","待接入原始分子和分母后再计算；当前不生成计算结果。","2026-07-26","第一批区域观测位置；不得填 0，不进入地图图层、区域比较或未来模型候选输入。"
"hungary_baranya_regional_population_2025","hungary_baranya","hungary","regional_population","2025","annual",,"人","待接入","pending_region_sources","Eurostat regional statistics / 各国统计局区域统计","","D","待接入","false","true","false","false","false","false","false","false","v0.10 仅保留区域观测值结构；尚未接入具体 ADM1/NUTS3 区域统计表、来源链接和数值。","不适用。","2026-07-26","第一批区域观测位置；不得填 0，不进入地图图层、区域比较或未来模型候选输入。"
"hungary_baranya_regional_gdp_2025","hungary_baranya","hungary","regional_gdp","2025","annual",,"百万欧元","待接入","pending_region_sources","Eurostat regional statistics / 各国统计局区域统计","","D","待接入","false","true","false","false","false","false","false","false","v0.10 仅保留区域观测值结构；尚未接入具体 ADM1/NUTS3 区域统计表、来源链接和数值。","不适用。","2026-07-26","第一批区域观测位置；不得填 0，不进入地图图层、区域比较或未来模型候选输入。"
"hungary_baranya_regional_gdp_per_capita_2025","hungary_baranya","hungary","regional_gdp_per_capita","2025","annual",,"欧元","待接入","pending_region_sources","Eurostat regional statistics / 各国统计局区域统计","","D","待接入","false","true","true","false","false","false","false","false","v0.10 仅保留区域观测值结构；尚未接入具体 ADM1/NUTS3 区域统计表、来源链接和数值。","待接入原始分子和分母后再计算；当前不生成计算结果。","2026-07-26","第一批区域观测位置；不得填 0，不进入地图图层、区域比较或未来模型候选输入。"
"hungary_baranya_regional_unemployment_rate_2025","hungary_baranya","hungary","regional_unemployment_rate","2025","annual",,"%","待接入","pending_region_sources","Eurostat regional statistics / 各国统计局区域统计","","D","待接入","false","true","false","false","false","false","false","false","v0.10 仅保留区域观测值结构；尚未接入具体 ADM1/NUTS3 区域统计表、来源链接和数值。","不适用。","2026-07-26","第一批区域观测位置；不得填 0，不进入地图图层、区域比较或未来模型候选输入。"
"hungary_baranya_regional_manufacturing_share_2025","hungary_baranya","hungary","regional_manufacturing_share","2025","annual",,"%","待接入","pending_region_sources","Eurostat regional statistics / 各国统计局区域统计","","D","待接入","false","true","true","false","false","false","false","false","v0.10 仅保留区域观测值结构；尚未接入具体 ADM1/NUTS3 区域统计表、来源链接和数值。","待接入原始分子和分母后再计算；当前不生成计算结果。","2026-07-26","第一批区域观测位置；不得填 0，不进入地图图层、区域比较或未来模型候选输入。"
"hungary_bekes_regional_population_2025","hungary_bekes","hungary","regional_population","2025","annual",,"人","待接入","pending_region_sources","Eurostat regional statistics / 各国统计局区域统计","","D","待接入","false","true","false","false","false","false","false","false","v0.10 仅保留区域观测值结构；尚未接入具体 ADM1/NUTS3 区域统计表、来源链接和数值。","不适用。","2026-07-26","第一批区域观测位置；不得填 0，不进入地图图层、区域比较或未来模型候选输入。"
"hungary_bekes_regional_gdp_2025","hungary_bekes","hungary","regional_gdp","2025","annual",,"百万欧元","待接入","pending_region_sources","Eurostat regional statistics / 各国统计局区域统计","","D","待接入","false","true","false","false","false","false","false","false","v0.10 仅保留区域观测值结构；尚未接入具体 ADM1/NUTS3 区域统计表、来源链接和数值。","不适用。","2026-07-26","第一批区域观测位置；不得填 0，不进入地图图层、区域比较或未来模型候选输入。"
"hungary_bekes_regional_gdp_per_capita_2025","hungary_bekes","hungary","regional_gdp_per_capita","2025","annual",,"欧元","待接入","pending_region_sources","Eurostat regional statistics / 各国统计局区域统计","","D","待接入","false","true","true","false","false","false","false","false","v0.10 仅保留区域观测值结构；尚未接入具体 ADM1/NUTS3 区域统计表、来源链接和数值。","待接入原始分子和分母后再计算；当前不生成计算结果。","2026-07-26","第一批区域观测位置；不得填 0，不进入地图图层、区域比较或未来模型候选输入。"
"hungary_bekes_regional_unemployment_rate_2025","hungary_bekes","hungary","regional_unemployment_rate","2025","annual",,"%","待接入","pending_region_sources","Eurostat regional statistics / 各国统计局区域统计","","D","待接入","false","true","false","false","false","false","false","false","v0.10 仅保留区域观测值结构；尚未接入具体 ADM1/NUTS3 区域统计表、来源链接和数值。","不适用。","2026-07-26","第一批区域观测位置；不得填 0，不进入地图图层、区域比较或未来模型候选输入。"
"hungary_bekes_regional_manufacturing_share_2025","hungary_bekes","hungary","regional_manufacturing_share","2025","annual",,"%","待接入","pending_region_sources","Eurostat regional statistics / 各国统计局区域统计","","D","待接入","false","true","true","false","false","false","false","false","v0.10 仅保留区域观测值结构；尚未接入具体 ADM1/NUTS3 区域统计表、来源链接和数值。","待接入原始分子和分母后再计算；当前不生成计算结果。","2026-07-26","第一批区域观测位置；不得填 0，不进入地图图层、区域比较或未来模型候选输入。"
"hungary_borsod_abauj_zemplen_regional_population_2025","hungary_borsod_abauj_zemplen","hungary","regional_population","2025","annual",,"人","待接入","pending_region_sources","Eurostat regional statistics / 各国统计局区域统计","","D","待接入","false","true","false","false","false","false","false","false","v0.10 仅保留区域观测值结构；尚未接入具体 ADM1/NUTS3 区域统计表、来源链接和数值。","不适用。","2026-07-26","第一批区域观测位置；不得填 0，不进入地图图层、区域比较或未来模型候选输入。"
"hungary_borsod_abauj_zemplen_regional_gdp_2025","hungary_borsod_abauj_zemplen","hungary","regional_gdp","2025","annual",,"百万欧元","待接入","pending_region_sources","Eurostat regional statistics / 各国统计局区域统计","","D","待接入","false","true","false","false","false","false","false","false","v0.10 仅保留区域观测值结构；尚未接入具体 ADM1/NUTS3 区域统计表、来源链接和数值。","不适用。","2026-07-26","第一批区域观测位置；不得填 0，不进入地图图层、区域比较或未来模型候选输入。"
"hungary_borsod_abauj_zemplen_regional_gdp_per_capita_2025","hungary_borsod_abauj_zemplen","hungary","regional_gdp_per_capita","2025","annual",,"欧元","待接入","pending_region_sources","Eurostat regional statistics / 各国统计局区域统计","","D","待接入","false","true","true","false","false","false","false","false","v0.10 仅保留区域观测值结构；尚未接入具体 ADM1/NUTS3 区域统计表、来源链接和数值。","待接入原始分子和分母后再计算；当前不生成计算结果。","2026-07-26","第一批区域观测位置；不得填 0，不进入地图图层、区域比较或未来模型候选输入。"
"hungary_borsod_abauj_zemplen_regional_unemployment_rate_2025","hungary_borsod_abauj_zemplen","hungary","regional_unemployment_rate","2025","annual",,"%","待接入","pending_region_sources","Eurostat regional statistics / 各国统计局区域统计","","D","待接入","false","true","false","false","false","false","false","false","v0.10 仅保留区域观测值结构；尚未接入具体 ADM1/NUTS3 区域统计表、来源链接和数值。","不适用。","2026-07-26","第一批区域观测位置；不得填 0，不进入地图图层、区域比较或未来模型候选输入。"
"hungary_borsod_abauj_zemplen_regional_manufacturing_share_2025","hungary_borsod_abauj_zemplen","hungary","regional_manufacturing_share","2025","annual",,"%","待接入","pending_region_sources","Eurostat regional statistics / 各国统计局区域统计","","D","待接入","false","true","true","false","false","false","false","false","v0.10 仅保留区域观测值结构；尚未接入具体 ADM1/NUTS3 区域统计表、来源链接和数值。","待接入原始分子和分母后再计算；当前不生成计算结果。","2026-07-26","第一批区域观测位置；不得填 0，不进入地图图层、区域比较或未来模型候选输入。"
"hungary_csongrad_csanad_regional_population_2025","hungary_csongrad_csanad","hungary","regional_population","2025","annual",,"人","待接入","pending_region_sources","Eurostat regional statistics / 各国统计局区域统计","","D","待接入","false","true","false","false","false","false","false","false","v0.10 仅保留区域观测值结构；尚未接入具体 ADM1/NUTS3 区域统计表、来源链接和数值。","不适用。","2026-07-26","第一批区域观测位置；不得填 0，不进入地图图层、区域比较或未来模型候选输入。"
"hungary_csongrad_csanad_regional_gdp_2025","hungary_csongrad_csanad","hungary","regional_gdp","2025","annual",,"百万欧元","待接入","pending_region_sources","Eurostat regional statistics / 各国统计局区域统计","","D","待接入","false","true","false","false","false","false","false","false","v0.10 仅保留区域观测值结构；尚未接入具体 ADM1/NUTS3 区域统计表、来源链接和数值。","不适用。","2026-07-26","第一批区域观测位置；不得填 0，不进入地图图层、区域比较或未来模型候选输入。"
"hungary_csongrad_csanad_regional_gdp_per_capita_2025","hungary_csongrad_csanad","hungary","regional_gdp_per_capita","2025","annual",,"欧元","待接入","pending_region_sources","Eurostat regional statistics / 各国统计局区域统计","","D","待接入","false","true","true","false","false","false","false","false","v0.10 仅保留区域观测值结构；尚未接入具体 ADM1/NUTS3 区域统计表、来源链接和数值。","待接入原始分子和分母后再计算；当前不生成计算结果。","2026-07-26","第一批区域观测位置；不得填 0，不进入地图图层、区域比较或未来模型候选输入。"
"hungary_csongrad_csanad_regional_unemployment_rate_2025","hungary_csongrad_csanad","hungary","regional_unemployment_rate","2025","annual",,"%","待接入","pending_region_sources","Eurostat regional statistics / 各国统计局区域统计","","D","待接入","false","true","false","false","false","false","false","false","v0.10 仅保留区域观测值结构；尚未接入具体 ADM1/NUTS3 区域统计表、来源链接和数值。","不适用。","2026-07-26","第一批区域观测位置；不得填 0，不进入地图图层、区域比较或未来模型候选输入。"
"hungary_csongrad_csanad_regional_manufacturing_share_2025","hungary_csongrad_csanad","hungary","regional_manufacturing_share","2025","annual",,"%","待接入","pending_region_sources","Eurostat regional statistics / 各国统计局区域统计","","D","待接入","false","true","true","false","false","false","false","false","v0.10 仅保留区域观测值结构；尚未接入具体 ADM1/NUTS3 区域统计表、来源链接和数值。","待接入原始分子和分母后再计算；当前不生成计算结果。","2026-07-26","第一批区域观测位置；不得填 0，不进入地图图层、区域比较或未来模型候选输入。"
"hungary_fejer_regional_population_2025","hungary_fejer","hungary","regional_population","2025","annual",,"人","待接入","pending_region_sources","Eurostat regional statistics / 各国统计局区域统计","","D","待接入","false","true","false","false","false","false","false","false","v0.10 仅保留区域观测值结构；尚未接入具体 ADM1/NUTS3 区域统计表、来源链接和数值。","不适用。","2026-07-26","第一批区域观测位置；不得填 0，不进入地图图层、区域比较或未来模型候选输入。"
"hungary_fejer_regional_gdp_2025","hungary_fejer","hungary","regional_gdp","2025","annual",,"百万欧元","待接入","pending_region_sources","Eurostat regional statistics / 各国统计局区域统计","","D","待接入","false","true","false","false","false","false","false","false","v0.10 仅保留区域观测值结构；尚未接入具体 ADM1/NUTS3 区域统计表、来源链接和数值。","不适用。","2026-07-26","第一批区域观测位置；不得填 0，不进入地图图层、区域比较或未来模型候选输入。"
"hungary_fejer_regional_gdp_per_capita_2025","hungary_fejer","hungary","regional_gdp_per_capita","2025","annual",,"欧元","待接入","pending_region_sources","Eurostat regional statistics / 各国统计局区域统计","","D","待接入","false","true","true","false","false","false","false","false","v0.10 仅保留区域观测值结构；尚未接入具体 ADM1/NUTS3 区域统计表、来源链接和数值。","待接入原始分子和分母后再计算；当前不生成计算结果。","2026-07-26","第一批区域观测位置；不得填 0，不进入地图图层、区域比较或未来模型候选输入。"
"hungary_fejer_regional_unemployment_rate_2025","hungary_fejer","hungary","regional_unemployment_rate","2025","annual",,"%","待接入","pending_region_sources","Eurostat regional statistics / 各国统计局区域统计","","D","待接入","false","true","false","false","false","false","false","false","v0.10 仅保留区域观测值结构；尚未接入具体 ADM1/NUTS3 区域统计表、来源链接和数值。","不适用。","2026-07-26","第一批区域观测位置；不得填 0，不进入地图图层、区域比较或未来模型候选输入。"
"hungary_fejer_regional_manufacturing_share_2025","hungary_fejer","hungary","regional_manufacturing_share","2025","annual",,"%","待接入","pending_region_sources","Eurostat regional statistics / 各国统计局区域统计","","D","待接入","false","true","true","false","false","false","false","false","v0.10 仅保留区域观测值结构；尚未接入具体 ADM1/NUTS3 区域统计表、来源链接和数值。","待接入原始分子和分母后再计算；当前不生成计算结果。","2026-07-26","第一批区域观测位置；不得填 0，不进入地图图层、区域比较或未来模型候选输入。"
"hungary_gyor_moson_sopron_regional_population_2025","hungary_gyor_moson_sopron","hungary","regional_population","2025","annual",,"人","待接入","pending_region_sources","Eurostat regional statistics / 各国统计局区域统计","","D","待接入","false","true","false","false","false","false","false","false","v0.10 仅保留区域观测值结构；尚未接入具体 ADM1/NUTS3 区域统计表、来源链接和数值。","不适用。","2026-07-26","第一批区域观测位置；不得填 0，不进入地图图层、区域比较或未来模型候选输入。"
"hungary_gyor_moson_sopron_regional_gdp_2025","hungary_gyor_moson_sopron","hungary","regional_gdp","2025","annual",,"百万欧元","待接入","pending_region_sources","Eurostat regional statistics / 各国统计局区域统计","","D","待接入","false","true","false","false","false","false","false","false","v0.10 仅保留区域观测值结构；尚未接入具体 ADM1/NUTS3 区域统计表、来源链接和数值。","不适用。","2026-07-26","第一批区域观测位置；不得填 0，不进入地图图层、区域比较或未来模型候选输入。"
"hungary_gyor_moson_sopron_regional_gdp_per_capita_2025","hungary_gyor_moson_sopron","hungary","regional_gdp_per_capita","2025","annual",,"欧元","待接入","pending_region_sources","Eurostat regional statistics / 各国统计局区域统计","","D","待接入","false","true","true","false","false","false","false","false","v0.10 仅保留区域观测值结构；尚未接入具体 ADM1/NUTS3 区域统计表、来源链接和数值。","待接入原始分子和分母后再计算；当前不生成计算结果。","2026-07-26","第一批区域观测位置；不得填 0，不进入地图图层、区域比较或未来模型候选输入。"
"hungary_gyor_moson_sopron_regional_unemployment_rate_2025","hungary_gyor_moson_sopron","hungary","regional_unemployment_rate","2025","annual",,"%","待接入","pending_region_sources","Eurostat regional statistics / 各国统计局区域统计","","D","待接入","false","true","false","false","false","false","false","false","v0.10 仅保留区域观测值结构；尚未接入具体 ADM1/NUTS3 区域统计表、来源链接和数值。","不适用。","2026-07-26","第一批区域观测位置；不得填 0，不进入地图图层、区域比较或未来模型候选输入。"
"hungary_gyor_moson_sopron_regional_manufacturing_share_2025","hungary_gyor_moson_sopron","hungary","regional_manufacturing_share","2025","annual",,"%","待接入","pending_region_sources","Eurostat regional statistics / 各国统计局区域统计","","D","待接入","false","true","true","false","false","false","false","false","v0.10 仅保留区域观测值结构；尚未接入具体 ADM1/NUTS3 区域统计表、来源链接和数值。","待接入原始分子和分母后再计算；当前不生成计算结果。","2026-07-26","第一批区域观测位置；不得填 0，不进入地图图层、区域比较或未来模型候选输入。"
"hungary_hajdu_bihar_regional_population_2025","hungary_hajdu_bihar","hungary","regional_population","2025","annual",,"人","待接入","pending_region_sources","Eurostat regional statistics / 各国统计局区域统计","","D","待接入","false","true","false","false","false","false","false","false","v0.10 仅保留区域观测值结构；尚未接入具体 ADM1/NUTS3 区域统计表、来源链接和数值。","不适用。","2026-07-26","第一批区域观测位置；不得填 0，不进入地图图层、区域比较或未来模型候选输入。"
"hungary_hajdu_bihar_regional_gdp_2025","hungary_hajdu_bihar","hungary","regional_gdp","2025","annual",,"百万欧元","待接入","pending_region_sources","Eurostat regional statistics / 各国统计局区域统计","","D","待接入","false","true","false","false","false","false","false","false","v0.10 仅保留区域观测值结构；尚未接入具体 ADM1/NUTS3 区域统计表、来源链接和数值。","不适用。","2026-07-26","第一批区域观测位置；不得填 0，不进入地图图层、区域比较或未来模型候选输入。"
"hungary_hajdu_bihar_regional_gdp_per_capita_2025","hungary_hajdu_bihar","hungary","regional_gdp_per_capita","2025","annual",,"欧元","待接入","pending_region_sources","Eurostat regional statistics / 各国统计局区域统计","","D","待接入","false","true","true","false","false","false","false","false","v0.10 仅保留区域观测值结构；尚未接入具体 ADM1/NUTS3 区域统计表、来源链接和数值。","待接入原始分子和分母后再计算；当前不生成计算结果。","2026-07-26","第一批区域观测位置；不得填 0，不进入地图图层、区域比较或未来模型候选输入。"
"hungary_hajdu_bihar_regional_unemployment_rate_2025","hungary_hajdu_bihar","hungary","regional_unemployment_rate","2025","annual",,"%","待接入","pending_region_sources","Eurostat regional statistics / 各国统计局区域统计","","D","待接入","false","true","false","false","false","false","false","false","v0.10 仅保留区域观测值结构；尚未接入具体 ADM1/NUTS3 区域统计表、来源链接和数值。","不适用。","2026-07-26","第一批区域观测位置；不得填 0，不进入地图图层、区域比较或未来模型候选输入。"
"hungary_hajdu_bihar_regional_manufacturing_share_2025","hungary_hajdu_bihar","hungary","regional_manufacturing_share","2025","annual",,"%","待接入","pending_region_sources","Eurostat regional statistics / 各国统计局区域统计","","D","待接入","false","true","true","false","false","false","false","false","v0.10 仅保留区域观测值结构；尚未接入具体 ADM1/NUTS3 区域统计表、来源链接和数值。","待接入原始分子和分母后再计算；当前不生成计算结果。","2026-07-26","第一批区域观测位置；不得填 0，不进入地图图层、区域比较或未来模型候选输入。"
"hungary_heves_regional_population_2025","hungary_heves","hungary","regional_population","2025","annual",,"人","待接入","pending_region_sources","Eurostat regional statistics / 各国统计局区域统计","","D","待接入","false","true","false","false","false","false","false","false","v0.10 仅保留区域观测值结构；尚未接入具体 ADM1/NUTS3 区域统计表、来源链接和数值。","不适用。","2026-07-26","第一批区域观测位置；不得填 0，不进入地图图层、区域比较或未来模型候选输入。"
"hungary_heves_regional_gdp_2025","hungary_heves","hungary","regional_gdp","2025","annual",,"百万欧元","待接入","pending_region_sources","Eurostat regional statistics / 各国统计局区域统计","","D","待接入","false","true","false","false","false","false","false","false","v0.10 仅保留区域观测值结构；尚未接入具体 ADM1/NUTS3 区域统计表、来源链接和数值。","不适用。","2026-07-26","第一批区域观测位置；不得填 0，不进入地图图层、区域比较或未来模型候选输入。"
"hungary_heves_regional_gdp_per_capita_2025","hungary_heves","hungary","regional_gdp_per_capita","2025","annual",,"欧元","待接入","pending_region_sources","Eurostat regional statistics / 各国统计局区域统计","","D","待接入","false","true","true","false","false","false","false","false","v0.10 仅保留区域观测值结构；尚未接入具体 ADM1/NUTS3 区域统计表、来源链接和数值。","待接入原始分子和分母后再计算；当前不生成计算结果。","2026-07-26","第一批区域观测位置；不得填 0，不进入地图图层、区域比较或未来模型候选输入。"
"hungary_heves_regional_unemployment_rate_2025","hungary_heves","hungary","regional_unemployment_rate","2025","annual",,"%","待接入","pending_region_sources","Eurostat regional statistics / 各国统计局区域统计","","D","待接入","false","true","false","false","false","false","false","false","v0.10 仅保留区域观测值结构；尚未接入具体 ADM1/NUTS3 区域统计表、来源链接和数值。","不适用。","2026-07-26","第一批区域观测位置；不得填 0，不进入地图图层、区域比较或未来模型候选输入。"
"hungary_heves_regional_manufacturing_share_2025","hungary_heves","hungary","regional_manufacturing_share","2025","annual",,"%","待接入","pending_region_sources","Eurostat regional statistics / 各国统计局区域统计","","D","待接入","false","true","true","false","false","false","false","false","v0.10 仅保留区域观测值结构；尚未接入具体 ADM1/NUTS3 区域统计表、来源链接和数值。","待接入原始分子和分母后再计算；当前不生成计算结果。","2026-07-26","第一批区域观测位置；不得填 0，不进入地图图层、区域比较或未来模型候选输入。"
"hungary_jasz_nagykun_szolnok_regional_population_2025","hungary_jasz_nagykun_szolnok","hungary","regional_population","2025","annual",,"人","待接入","pending_region_sources","Eurostat regional statistics / 各国统计局区域统计","","D","待接入","false","true","false","false","false","false","false","false","v0.10 仅保留区域观测值结构；尚未接入具体 ADM1/NUTS3 区域统计表、来源链接和数值。","不适用。","2026-07-26","第一批区域观测位置；不得填 0，不进入地图图层、区域比较或未来模型候选输入。"
"hungary_jasz_nagykun_szolnok_regional_gdp_2025","hungary_jasz_nagykun_szolnok","hungary","regional_gdp","2025","annual",,"百万欧元","待接入","pending_region_sources","Eurostat regional statistics / 各国统计局区域统计","","D","待接入","false","true","false","false","false","false","false","false","v0.10 仅保留区域观测值结构；尚未接入具体 ADM1/NUTS3 区域统计表、来源链接和数值。","不适用。","2026-07-26","第一批区域观测位置；不得填 0，不进入地图图层、区域比较或未来模型候选输入。"
"hungary_jasz_nagykun_szolnok_regional_gdp_per_capita_2025","hungary_jasz_nagykun_szolnok","hungary","regional_gdp_per_capita","2025","annual",,"欧元","待接入","pending_region_sources","Eurostat regional statistics / 各国统计局区域统计","","D","待接入","false","true","true","false","false","false","false","false","v0.10 仅保留区域观测值结构；尚未接入具体 ADM1/NUTS3 区域统计表、来源链接和数值。","待接入原始分子和分母后再计算；当前不生成计算结果。","2026-07-26","第一批区域观测位置；不得填 0，不进入地图图层、区域比较或未来模型候选输入。"
"hungary_jasz_nagykun_szolnok_regional_unemployment_rate_2025","hungary_jasz_nagykun_szolnok","hungary","regional_unemployment_rate","2025","annual",,"%","待接入","pending_region_sources","Eurostat regional statistics / 各国统计局区域统计","","D","待接入","false","true","false","false","false","false","false","false","v0.10 仅保留区域观测值结构；尚未接入具体 ADM1/NUTS3 区域统计表、来源链接和数值。","不适用。","2026-07-26","第一批区域观测位置；不得填 0，不进入地图图层、区域比较或未来模型候选输入。"
"hungary_jasz_nagykun_szolnok_regional_manufacturing_share_2025","hungary_jasz_nagykun_szolnok","hungary","regional_manufacturing_share","2025","annual",,"%","待接入","pending_region_sources","Eurostat regional statistics / 各国统计局区域统计","","D","待接入","false","true","true","false","false","false","false","false","v0.10 仅保留区域观测值结构；尚未接入具体 ADM1/NUTS3 区域统计表、来源链接和数值。","待接入原始分子和分母后再计算；当前不生成计算结果。","2026-07-26","第一批区域观测位置；不得填 0，不进入地图图层、区域比较或未来模型候选输入。"
"hungary_komarom_esztergom_regional_population_2025","hungary_komarom_esztergom","hungary","regional_population","2025","annual",,"人","待接入","pending_region_sources","Eurostat regional statistics / 各国统计局区域统计","","D","待接入","false","true","false","false","false","false","false","false","v0.10 仅保留区域观测值结构；尚未接入具体 ADM1/NUTS3 区域统计表、来源链接和数值。","不适用。","2026-07-26","第一批区域观测位置；不得填 0，不进入地图图层、区域比较或未来模型候选输入。"
"hungary_komarom_esztergom_regional_gdp_2025","hungary_komarom_esztergom","hungary","regional_gdp","2025","annual",,"百万欧元","待接入","pending_region_sources","Eurostat regional statistics / 各国统计局区域统计","","D","待接入","false","true","false","false","false","false","false","false","v0.10 仅保留区域观测值结构；尚未接入具体 ADM1/NUTS3 区域统计表、来源链接和数值。","不适用。","2026-07-26","第一批区域观测位置；不得填 0，不进入地图图层、区域比较或未来模型候选输入。"
"hungary_komarom_esztergom_regional_gdp_per_capita_2025","hungary_komarom_esztergom","hungary","regional_gdp_per_capita","2025","annual",,"欧元","待接入","pending_region_sources","Eurostat regional statistics / 各国统计局区域统计","","D","待接入","false","true","true","false","false","false","false","false","v0.10 仅保留区域观测值结构；尚未接入具体 ADM1/NUTS3 区域统计表、来源链接和数值。","待接入原始分子和分母后再计算；当前不生成计算结果。","2026-07-26","第一批区域观测位置；不得填 0，不进入地图图层、区域比较或未来模型候选输入。"
"hungary_komarom_esztergom_regional_unemployment_rate_2025","hungary_komarom_esztergom","hungary","regional_unemployment_rate","2025","annual",,"%","待接入","pending_region_sources","Eurostat regional statistics / 各国统计局区域统计","","D","待接入","false","true","false","false","false","false","false","false","v0.10 仅保留区域观测值结构；尚未接入具体 ADM1/NUTS3 区域统计表、来源链接和数值。","不适用。","2026-07-26","第一批区域观测位置；不得填 0，不进入地图图层、区域比较或未来模型候选输入。"
"hungary_komarom_esztergom_regional_manufacturing_share_2025","hungary_komarom_esztergom","hungary","regional_manufacturing_share","2025","annual",,"%","待接入","pending_region_sources","Eurostat regional statistics / 各国统计局区域统计","","D","待接入","false","true","true","false","false","false","false","false","v0.10 仅保留区域观测值结构；尚未接入具体 ADM1/NUTS3 区域统计表、来源链接和数值。","待接入原始分子和分母后再计算；当前不生成计算结果。","2026-07-26","第一批区域观测位置；不得填 0，不进入地图图层、区域比较或未来模型候选输入。"
"hungary_nograd_regional_population_2025","hungary_nograd","hungary","regional_population","2025","annual",,"人","待接入","pending_region_sources","Eurostat regional statistics / 各国统计局区域统计","","D","待接入","false","true","false","false","false","false","false","false","v0.10 仅保留区域观测值结构；尚未接入具体 ADM1/NUTS3 区域统计表、来源链接和数值。","不适用。","2026-07-26","第一批区域观测位置；不得填 0，不进入地图图层、区域比较或未来模型候选输入。"
"hungary_nograd_regional_gdp_2025","hungary_nograd","hungary","regional_gdp","2025","annual",,"百万欧元","待接入","pending_region_sources","Eurostat regional statistics / 各国统计局区域统计","","D","待接入","false","true","false","false","false","false","false","false","v0.10 仅保留区域观测值结构；尚未接入具体 ADM1/NUTS3 区域统计表、来源链接和数值。","不适用。","2026-07-26","第一批区域观测位置；不得填 0，不进入地图图层、区域比较或未来模型候选输入。"
"hungary_nograd_regional_gdp_per_capita_2025","hungary_nograd","hungary","regional_gdp_per_capita","2025","annual",,"欧元","待接入","pending_region_sources","Eurostat regional statistics / 各国统计局区域统计","","D","待接入","false","true","true","false","false","false","false","false","v0.10 仅保留区域观测值结构；尚未接入具体 ADM1/NUTS3 区域统计表、来源链接和数值。","待接入原始分子和分母后再计算；当前不生成计算结果。","2026-07-26","第一批区域观测位置；不得填 0，不进入地图图层、区域比较或未来模型候选输入。"
"hungary_nograd_regional_unemployment_rate_2025","hungary_nograd","hungary","regional_unemployment_rate","2025","annual",,"%","待接入","pending_region_sources","Eurostat regional statistics / 各国统计局区域统计","","D","待接入","false","true","false","false","false","false","false","false","v0.10 仅保留区域观测值结构；尚未接入具体 ADM1/NUTS3 区域统计表、来源链接和数值。","不适用。","2026-07-26","第一批区域观测位置；不得填 0，不进入地图图层、区域比较或未来模型候选输入。"
"hungary_nograd_regional_manufacturing_share_2025","hungary_nograd","hungary","regional_manufacturing_share","2025","annual",,"%","待接入","pending_region_sources","Eurostat regional statistics / 各国统计局区域统计","","D","待接入","false","true","true","false","false","false","false","false","v0.10 仅保留区域观测值结构；尚未接入具体 ADM1/NUTS3 区域统计表、来源链接和数值。","待接入原始分子和分母后再计算；当前不生成计算结果。","2026-07-26","第一批区域观测位置；不得填 0，不进入地图图层、区域比较或未来模型候选输入。"
"hungary_pest_regional_population_2025","hungary_pest","hungary","regional_population","2025","annual",,"人","待接入","pending_region_sources","Eurostat regional statistics / 各国统计局区域统计","","D","待接入","false","true","false","false","false","false","false","false","v0.10 仅保留区域观测值结构；尚未接入具体 ADM1/NUTS3 区域统计表、来源链接和数值。","不适用。","2026-07-26","第一批区域观测位置；不得填 0，不进入地图图层、区域比较或未来模型候选输入。"
"hungary_pest_regional_gdp_2025","hungary_pest","hungary","regional_gdp","2025","annual",,"百万欧元","待接入","pending_region_sources","Eurostat regional statistics / 各国统计局区域统计","","D","待接入","false","true","false","false","false","false","false","false","v0.10 仅保留区域观测值结构；尚未接入具体 ADM1/NUTS3 区域统计表、来源链接和数值。","不适用。","2026-07-26","第一批区域观测位置；不得填 0，不进入地图图层、区域比较或未来模型候选输入。"
"hungary_pest_regional_gdp_per_capita_2025","hungary_pest","hungary","regional_gdp_per_capita","2025","annual",,"欧元","待接入","pending_region_sources","Eurostat regional statistics / 各国统计局区域统计","","D","待接入","false","true","true","false","false","false","false","false","v0.10 仅保留区域观测值结构；尚未接入具体 ADM1/NUTS3 区域统计表、来源链接和数值。","待接入原始分子和分母后再计算；当前不生成计算结果。","2026-07-26","第一批区域观测位置；不得填 0，不进入地图图层、区域比较或未来模型候选输入。"
"hungary_pest_regional_unemployment_rate_2025","hungary_pest","hungary","regional_unemployment_rate","2025","annual",,"%","待接入","pending_region_sources","Eurostat regional statistics / 各国统计局区域统计","","D","待接入","false","true","false","false","false","false","false","false","v0.10 仅保留区域观测值结构；尚未接入具体 ADM1/NUTS3 区域统计表、来源链接和数值。","不适用。","2026-07-26","第一批区域观测位置；不得填 0，不进入地图图层、区域比较或未来模型候选输入。"
"hungary_pest_regional_manufacturing_share_2025","hungary_pest","hungary","regional_manufacturing_share","2025","annual",,"%","待接入","pending_region_sources","Eurostat regional statistics / 各国统计局区域统计","","D","待接入","false","true","true","false","false","false","false","false","v0.10 仅保留区域观测值结构；尚未接入具体 ADM1/NUTS3 区域统计表、来源链接和数值。","待接入原始分子和分母后再计算；当前不生成计算结果。","2026-07-26","第一批区域观测位置；不得填 0，不进入地图图层、区域比较或未来模型候选输入。"
"hungary_somogy_regional_population_2025","hungary_somogy","hungary","regional_population","2025","annual",,"人","待接入","pending_region_sources","Eurostat regional statistics / 各国统计局区域统计","","D","待接入","false","true","false","false","false","false","false","false","v0.10 仅保留区域观测值结构；尚未接入具体 ADM1/NUTS3 区域统计表、来源链接和数值。","不适用。","2026-07-26","第一批区域观测位置；不得填 0，不进入地图图层、区域比较或未来模型候选输入。"
"hungary_somogy_regional_gdp_2025","hungary_somogy","hungary","regional_gdp","2025","annual",,"百万欧元","待接入","pending_region_sources","Eurostat regional statistics / 各国统计局区域统计","","D","待接入","false","true","false","false","false","false","false","false","v0.10 仅保留区域观测值结构；尚未接入具体 ADM1/NUTS3 区域统计表、来源链接和数值。","不适用。","2026-07-26","第一批区域观测位置；不得填 0，不进入地图图层、区域比较或未来模型候选输入。"
"hungary_somogy_regional_gdp_per_capita_2025","hungary_somogy","hungary","regional_gdp_per_capita","2025","annual",,"欧元","待接入","pending_region_sources","Eurostat regional statistics / 各国统计局区域统计","","D","待接入","false","true","true","false","false","false","false","false","v0.10 仅保留区域观测值结构；尚未接入具体 ADM1/NUTS3 区域统计表、来源链接和数值。","待接入原始分子和分母后再计算；当前不生成计算结果。","2026-07-26","第一批区域观测位置；不得填 0，不进入地图图层、区域比较或未来模型候选输入。"
"hungary_somogy_regional_unemployment_rate_2025","hungary_somogy","hungary","regional_unemployment_rate","2025","annual",,"%","待接入","pending_region_sources","Eurostat regional statistics / 各国统计局区域统计","","D","待接入","false","true","false","false","false","false","false","false","v0.10 仅保留区域观测值结构；尚未接入具体 ADM1/NUTS3 区域统计表、来源链接和数值。","不适用。","2026-07-26","第一批区域观测位置；不得填 0，不进入地图图层、区域比较或未来模型候选输入。"
"hungary_somogy_regional_manufacturing_share_2025","hungary_somogy","hungary","regional_manufacturing_share","2025","annual",,"%","待接入","pending_region_sources","Eurostat regional statistics / 各国统计局区域统计","","D","待接入","false","true","true","false","false","false","false","false","v0.10 仅保留区域观测值结构；尚未接入具体 ADM1/NUTS3 区域统计表、来源链接和数值。","待接入原始分子和分母后再计算；当前不生成计算结果。","2026-07-26","第一批区域观测位置；不得填 0，不进入地图图层、区域比较或未来模型候选输入。"
"hungary_szabolcs_szatmar_bereg_regional_population_2025","hungary_szabolcs_szatmar_bereg","hungary","regional_population","2025","annual",,"人","待接入","pending_region_sources","Eurostat regional statistics / 各国统计局区域统计","","D","待接入","false","true","false","false","false","false","false","false","v0.10 仅保留区域观测值结构；尚未接入具体 ADM1/NUTS3 区域统计表、来源链接和数值。","不适用。","2026-07-26","第一批区域观测位置；不得填 0，不进入地图图层、区域比较或未来模型候选输入。"
"hungary_szabolcs_szatmar_bereg_regional_gdp_2025","hungary_szabolcs_szatmar_bereg","hungary","regional_gdp","2025","annual",,"百万欧元","待接入","pending_region_sources","Eurostat regional statistics / 各国统计局区域统计","","D","待接入","false","true","false","false","false","false","false","false","v0.10 仅保留区域观测值结构；尚未接入具体 ADM1/NUTS3 区域统计表、来源链接和数值。","不适用。","2026-07-26","第一批区域观测位置；不得填 0，不进入地图图层、区域比较或未来模型候选输入。"
"hungary_szabolcs_szatmar_bereg_regional_gdp_per_capita_2025","hungary_szabolcs_szatmar_bereg","hungary","regional_gdp_per_capita","2025","annual",,"欧元","待接入","pending_region_sources","Eurostat regional statistics / 各国统计局区域统计","","D","待接入","false","true","true","false","false","false","false","false","v0.10 仅保留区域观测值结构；尚未接入具体 ADM1/NUTS3 区域统计表、来源链接和数值。","待接入原始分子和分母后再计算；当前不生成计算结果。","2026-07-26","第一批区域观测位置；不得填 0，不进入地图图层、区域比较或未来模型候选输入。"
"hungary_szabolcs_szatmar_bereg_regional_unemployment_rate_2025","hungary_szabolcs_szatmar_bereg","hungary","regional_unemployment_rate","2025","annual",,"%","待接入","pending_region_sources","Eurostat regional statistics / 各国统计局区域统计","","D","待接入","false","true","false","false","false","false","false","false","v0.10 仅保留区域观测值结构；尚未接入具体 ADM1/NUTS3 区域统计表、来源链接和数值。","不适用。","2026-07-26","第一批区域观测位置；不得填 0，不进入地图图层、区域比较或未来模型候选输入。"
"hungary_szabolcs_szatmar_bereg_regional_manufacturing_share_2025","hungary_szabolcs_szatmar_bereg","hungary","regional_manufacturing_share","2025","annual",,"%","待接入","pending_region_sources","Eurostat regional statistics / 各国统计局区域统计","","D","待接入","false","true","true","false","false","false","false","false","v0.10 仅保留区域观测值结构；尚未接入具体 ADM1/NUTS3 区域统计表、来源链接和数值。","待接入原始分子和分母后再计算；当前不生成计算结果。","2026-07-26","第一批区域观测位置；不得填 0，不进入地图图层、区域比较或未来模型候选输入。"
"hungary_tolna_regional_population_2025","hungary_tolna","hungary","regional_population","2025","annual",,"人","待接入","pending_region_sources","Eurostat regional statistics / 各国统计局区域统计","","D","待接入","false","true","false","false","false","false","false","false","v0.10 仅保留区域观测值结构；尚未接入具体 ADM1/NUTS3 区域统计表、来源链接和数值。","不适用。","2026-07-26","第一批区域观测位置；不得填 0，不进入地图图层、区域比较或未来模型候选输入。"
"hungary_tolna_regional_gdp_2025","hungary_tolna","hungary","regional_gdp","2025","annual",,"百万欧元","待接入","pending_region_sources","Eurostat regional statistics / 各国统计局区域统计","","D","待接入","false","true","false","false","false","false","false","false","v0.10 仅保留区域观测值结构；尚未接入具体 ADM1/NUTS3 区域统计表、来源链接和数值。","不适用。","2026-07-26","第一批区域观测位置；不得填 0，不进入地图图层、区域比较或未来模型候选输入。"
"hungary_tolna_regional_gdp_per_capita_2025","hungary_tolna","hungary","regional_gdp_per_capita","2025","annual",,"欧元","待接入","pending_region_sources","Eurostat regional statistics / 各国统计局区域统计","","D","待接入","false","true","true","false","false","false","false","false","v0.10 仅保留区域观测值结构；尚未接入具体 ADM1/NUTS3 区域统计表、来源链接和数值。","待接入原始分子和分母后再计算；当前不生成计算结果。","2026-07-26","第一批区域观测位置；不得填 0，不进入地图图层、区域比较或未来模型候选输入。"
"hungary_tolna_regional_unemployment_rate_2025","hungary_tolna","hungary","regional_unemployment_rate","2025","annual",,"%","待接入","pending_region_sources","Eurostat regional statistics / 各国统计局区域统计","","D","待接入","false","true","false","false","false","false","false","false","v0.10 仅保留区域观测值结构；尚未接入具体 ADM1/NUTS3 区域统计表、来源链接和数值。","不适用。","2026-07-26","第一批区域观测位置；不得填 0，不进入地图图层、区域比较或未来模型候选输入。"
"hungary_tolna_regional_manufacturing_share_2025","hungary_tolna","hungary","regional_manufacturing_share","2025","annual",,"%","待接入","pending_region_sources","Eurostat regional statistics / 各国统计局区域统计","","D","待接入","false","true","true","false","false","false","false","false","v0.10 仅保留区域观测值结构；尚未接入具体 ADM1/NUTS3 区域统计表、来源链接和数值。","待接入原始分子和分母后再计算；当前不生成计算结果。","2026-07-26","第一批区域观测位置；不得填 0，不进入地图图层、区域比较或未来模型候选输入。"
"hungary_vas_regional_population_2025","hungary_vas","hungary","regional_population","2025","annual",,"人","待接入","pending_region_sources","Eurostat regional statistics / 各国统计局区域统计","","D","待接入","false","true","false","false","false","false","false","false","v0.10 仅保留区域观测值结构；尚未接入具体 ADM1/NUTS3 区域统计表、来源链接和数值。","不适用。","2026-07-26","第一批区域观测位置；不得填 0，不进入地图图层、区域比较或未来模型候选输入。"
"hungary_vas_regional_gdp_2025","hungary_vas","hungary","regional_gdp","2025","annual",,"百万欧元","待接入","pending_region_sources","Eurostat regional statistics / 各国统计局区域统计","","D","待接入","false","true","false","false","false","false","false","false","v0.10 仅保留区域观测值结构；尚未接入具体 ADM1/NUTS3 区域统计表、来源链接和数值。","不适用。","2026-07-26","第一批区域观测位置；不得填 0，不进入地图图层、区域比较或未来模型候选输入。"
"hungary_vas_regional_gdp_per_capita_2025","hungary_vas","hungary","regional_gdp_per_capita","2025","annual",,"欧元","待接入","pending_region_sources","Eurostat regional statistics / 各国统计局区域统计","","D","待接入","false","true","true","false","false","false","false","false","v0.10 仅保留区域观测值结构；尚未接入具体 ADM1/NUTS3 区域统计表、来源链接和数值。","待接入原始分子和分母后再计算；当前不生成计算结果。","2026-07-26","第一批区域观测位置；不得填 0，不进入地图图层、区域比较或未来模型候选输入。"
"hungary_vas_regional_unemployment_rate_2025","hungary_vas","hungary","regional_unemployment_rate","2025","annual",,"%","待接入","pending_region_sources","Eurostat regional statistics / 各国统计局区域统计","","D","待接入","false","true","false","false","false","false","false","false","v0.10 仅保留区域观测值结构；尚未接入具体 ADM1/NUTS3 区域统计表、来源链接和数值。","不适用。","2026-07-26","第一批区域观测位置；不得填 0，不进入地图图层、区域比较或未来模型候选输入。"
"hungary_vas_regional_manufacturing_share_2025","hungary_vas","hungary","regional_manufacturing_share","2025","annual",,"%","待接入","pending_region_sources","Eurostat regional statistics / 各国统计局区域统计","","D","待接入","false","true","true","false","false","false","false","false","v0.10 仅保留区域观测值结构；尚未接入具体 ADM1/NUTS3 区域统计表、来源链接和数值。","待接入原始分子和分母后再计算；当前不生成计算结果。","2026-07-26","第一批区域观测位置；不得填 0，不进入地图图层、区域比较或未来模型候选输入。"
"hungary_veszprem_regional_population_2025","hungary_veszprem","hungary","regional_population","2025","annual",,"人","待接入","pending_region_sources","Eurostat regional statistics / 各国统计局区域统计","","D","待接入","false","true","false","false","false","false","false","false","v0.10 仅保留区域观测值结构；尚未接入具体 ADM1/NUTS3 区域统计表、来源链接和数值。","不适用。","2026-07-26","第一批区域观测位置；不得填 0，不进入地图图层、区域比较或未来模型候选输入。"
"hungary_veszprem_regional_gdp_2025","hungary_veszprem","hungary","regional_gdp","2025","annual",,"百万欧元","待接入","pending_region_sources","Eurostat regional statistics / 各国统计局区域统计","","D","待接入","false","true","false","false","false","false","false","false","v0.10 仅保留区域观测值结构；尚未接入具体 ADM1/NUTS3 区域统计表、来源链接和数值。","不适用。","2026-07-26","第一批区域观测位置；不得填 0，不进入地图图层、区域比较或未来模型候选输入。"
"hungary_veszprem_regional_gdp_per_capita_2025","hungary_veszprem","hungary","regional_gdp_per_capita","2025","annual",,"欧元","待接入","pending_region_sources","Eurostat regional statistics / 各国统计局区域统计","","D","待接入","false","true","true","false","false","false","false","false","v0.10 仅保留区域观测值结构；尚未接入具体 ADM1/NUTS3 区域统计表、来源链接和数值。","待接入原始分子和分母后再计算；当前不生成计算结果。","2026-07-26","第一批区域观测位置；不得填 0，不进入地图图层、区域比较或未来模型候选输入。"
"hungary_veszprem_regional_unemployment_rate_2025","hungary_veszprem","hungary","regional_unemployment_rate","2025","annual",,"%","待接入","pending_region_sources","Eurostat regional statistics / 各国统计局区域统计","","D","待接入","false","true","false","false","false","false","false","false","v0.10 仅保留区域观测值结构；尚未接入具体 ADM1/NUTS3 区域统计表、来源链接和数值。","不适用。","2026-07-26","第一批区域观测位置；不得填 0，不进入地图图层、区域比较或未来模型候选输入。"
"hungary_veszprem_regional_manufacturing_share_2025","hungary_veszprem","hungary","regional_manufacturing_share","2025","annual",,"%","待接入","pending_region_sources","Eurostat regional statistics / 各国统计局区域统计","","D","待接入","false","true","true","false","false","false","false","false","v0.10 仅保留区域观测值结构；尚未接入具体 ADM1/NUTS3 区域统计表、来源链接和数值。","待接入原始分子和分母后再计算；当前不生成计算结果。","2026-07-26","第一批区域观测位置；不得填 0，不进入地图图层、区域比较或未来模型候选输入。"
"hungary_zala_regional_population_2025","hungary_zala","hungary","regional_population","2025","annual",,"人","待接入","pending_region_sources","Eurostat regional statistics / 各国统计局区域统计","","D","待接入","false","true","false","false","false","false","false","false","v0.10 仅保留区域观测值结构；尚未接入具体 ADM1/NUTS3 区域统计表、来源链接和数值。","不适用。","2026-07-26","第一批区域观测位置；不得填 0，不进入地图图层、区域比较或未来模型候选输入。"
"hungary_zala_regional_gdp_2025","hungary_zala","hungary","regional_gdp","2025","annual",,"百万欧元","待接入","pending_region_sources","Eurostat regional statistics / 各国统计局区域统计","","D","待接入","false","true","false","false","false","false","false","false","v0.10 仅保留区域观测值结构；尚未接入具体 ADM1/NUTS3 区域统计表、来源链接和数值。","不适用。","2026-07-26","第一批区域观测位置；不得填 0，不进入地图图层、区域比较或未来模型候选输入。"
"hungary_zala_regional_gdp_per_capita_2025","hungary_zala","hungary","regional_gdp_per_capita","2025","annual",,"欧元","待接入","pending_region_sources","Eurostat regional statistics / 各国统计局区域统计","","D","待接入","false","true","true","false","false","false","false","false","v0.10 仅保留区域观测值结构；尚未接入具体 ADM1/NUTS3 区域统计表、来源链接和数值。","待接入原始分子和分母后再计算；当前不生成计算结果。","2026-07-26","第一批区域观测位置；不得填 0，不进入地图图层、区域比较或未来模型候选输入。"
"hungary_zala_regional_unemployment_rate_2025","hungary_zala","hungary","regional_unemployment_rate","2025","annual",,"%","待接入","pending_region_sources","Eurostat regional statistics / 各国统计局区域统计","","D","待接入","false","true","false","false","false","false","false","false","v0.10 仅保留区域观测值结构；尚未接入具体 ADM1/NUTS3 区域统计表、来源链接和数值。","不适用。","2026-07-26","第一批区域观测位置；不得填 0，不进入地图图层、区域比较或未来模型候选输入。"
"hungary_zala_regional_manufacturing_share_2025","hungary_zala","hungary","regional_manufacturing_share","2025","annual",,"%","待接入","pending_region_sources","Eurostat regional statistics / 各国统计局区域统计","","D","待接入","false","true","true","false","false","false","false","false","v0.10 仅保留区域观测值结构；尚未接入具体 ADM1/NUTS3 区域统计表、来源链接和数值。","待接入原始分子和分母后再计算；当前不生成计算结果。","2026-07-26","第一批区域观测位置；不得填 0，不进入地图图层、区域比较或未来模型候选输入。"
"czechia_prague_regional_population_2025","czechia_prague","czechia","regional_population","2025","annual",,"人","待接入","pending_region_sources","Eurostat regional statistics / 各国统计局区域统计","","D","待接入","false","true","false","false","false","false","false","false","v0.10 仅保留区域观测值结构；尚未接入具体 ADM1/NUTS3 区域统计表、来源链接和数值。","不适用。","2026-07-26","第一批区域观测位置；不得填 0，不进入地图图层、区域比较或未来模型候选输入。"
"czechia_prague_regional_gdp_2025","czechia_prague","czechia","regional_gdp","2025","annual",,"百万欧元","待接入","pending_region_sources","Eurostat regional statistics / 各国统计局区域统计","","D","待接入","false","true","false","false","false","false","false","false","v0.10 仅保留区域观测值结构；尚未接入具体 ADM1/NUTS3 区域统计表、来源链接和数值。","不适用。","2026-07-26","第一批区域观测位置；不得填 0，不进入地图图层、区域比较或未来模型候选输入。"
"czechia_prague_regional_gdp_per_capita_2025","czechia_prague","czechia","regional_gdp_per_capita","2025","annual",,"欧元","待接入","pending_region_sources","Eurostat regional statistics / 各国统计局区域统计","","D","待接入","false","true","true","false","false","false","false","false","v0.10 仅保留区域观测值结构；尚未接入具体 ADM1/NUTS3 区域统计表、来源链接和数值。","待接入原始分子和分母后再计算；当前不生成计算结果。","2026-07-26","第一批区域观测位置；不得填 0，不进入地图图层、区域比较或未来模型候选输入。"
"czechia_prague_regional_unemployment_rate_2025","czechia_prague","czechia","regional_unemployment_rate","2025","annual",,"%","待接入","pending_region_sources","Eurostat regional statistics / 各国统计局区域统计","","D","待接入","false","true","false","false","false","false","false","false","v0.10 仅保留区域观测值结构；尚未接入具体 ADM1/NUTS3 区域统计表、来源链接和数值。","不适用。","2026-07-26","第一批区域观测位置；不得填 0，不进入地图图层、区域比较或未来模型候选输入。"
"czechia_prague_regional_manufacturing_share_2025","czechia_prague","czechia","regional_manufacturing_share","2025","annual",,"%","待接入","pending_region_sources","Eurostat regional statistics / 各国统计局区域统计","","D","待接入","false","true","true","false","false","false","false","false","v0.10 仅保留区域观测值结构；尚未接入具体 ADM1/NUTS3 区域统计表、来源链接和数值。","待接入原始分子和分母后再计算；当前不生成计算结果。","2026-07-26","第一批区域观测位置；不得填 0，不进入地图图层、区域比较或未来模型候选输入。"
"czechia_central_bohemian_regional_population_2025","czechia_central_bohemian","czechia","regional_population","2025","annual",,"人","待接入","pending_region_sources","Eurostat regional statistics / 各国统计局区域统计","","D","待接入","false","true","false","false","false","false","false","false","v0.10 仅保留区域观测值结构；尚未接入具体 ADM1/NUTS3 区域统计表、来源链接和数值。","不适用。","2026-07-26","第一批区域观测位置；不得填 0，不进入地图图层、区域比较或未来模型候选输入。"
"czechia_central_bohemian_regional_gdp_2025","czechia_central_bohemian","czechia","regional_gdp","2025","annual",,"百万欧元","待接入","pending_region_sources","Eurostat regional statistics / 各国统计局区域统计","","D","待接入","false","true","false","false","false","false","false","false","v0.10 仅保留区域观测值结构；尚未接入具体 ADM1/NUTS3 区域统计表、来源链接和数值。","不适用。","2026-07-26","第一批区域观测位置；不得填 0，不进入地图图层、区域比较或未来模型候选输入。"
"czechia_central_bohemian_regional_gdp_per_capita_2025","czechia_central_bohemian","czechia","regional_gdp_per_capita","2025","annual",,"欧元","待接入","pending_region_sources","Eurostat regional statistics / 各国统计局区域统计","","D","待接入","false","true","true","false","false","false","false","false","v0.10 仅保留区域观测值结构；尚未接入具体 ADM1/NUTS3 区域统计表、来源链接和数值。","待接入原始分子和分母后再计算；当前不生成计算结果。","2026-07-26","第一批区域观测位置；不得填 0，不进入地图图层、区域比较或未来模型候选输入。"
"czechia_central_bohemian_regional_unemployment_rate_2025","czechia_central_bohemian","czechia","regional_unemployment_rate","2025","annual",,"%","待接入","pending_region_sources","Eurostat regional statistics / 各国统计局区域统计","","D","待接入","false","true","false","false","false","false","false","false","v0.10 仅保留区域观测值结构；尚未接入具体 ADM1/NUTS3 区域统计表、来源链接和数值。","不适用。","2026-07-26","第一批区域观测位置；不得填 0，不进入地图图层、区域比较或未来模型候选输入。"
"czechia_central_bohemian_regional_manufacturing_share_2025","czechia_central_bohemian","czechia","regional_manufacturing_share","2025","annual",,"%","待接入","pending_region_sources","Eurostat regional statistics / 各国统计局区域统计","","D","待接入","false","true","true","false","false","false","false","false","v0.10 仅保留区域观测值结构；尚未接入具体 ADM1/NUTS3 区域统计表、来源链接和数值。","待接入原始分子和分母后再计算；当前不生成计算结果。","2026-07-26","第一批区域观测位置；不得填 0，不进入地图图层、区域比较或未来模型候选输入。"
"czechia_south_bohemian_regional_population_2025","czechia_south_bohemian","czechia","regional_population","2025","annual",,"人","待接入","pending_region_sources","Eurostat regional statistics / 各国统计局区域统计","","D","待接入","false","true","false","false","false","false","false","false","v0.10 仅保留区域观测值结构；尚未接入具体 ADM1/NUTS3 区域统计表、来源链接和数值。","不适用。","2026-07-26","第一批区域观测位置；不得填 0，不进入地图图层、区域比较或未来模型候选输入。"
"czechia_south_bohemian_regional_gdp_2025","czechia_south_bohemian","czechia","regional_gdp","2025","annual",,"百万欧元","待接入","pending_region_sources","Eurostat regional statistics / 各国统计局区域统计","","D","待接入","false","true","false","false","false","false","false","false","v0.10 仅保留区域观测值结构；尚未接入具体 ADM1/NUTS3 区域统计表、来源链接和数值。","不适用。","2026-07-26","第一批区域观测位置；不得填 0，不进入地图图层、区域比较或未来模型候选输入。"
"czechia_south_bohemian_regional_gdp_per_capita_2025","czechia_south_bohemian","czechia","regional_gdp_per_capita","2025","annual",,"欧元","待接入","pending_region_sources","Eurostat regional statistics / 各国统计局区域统计","","D","待接入","false","true","true","false","false","false","false","false","v0.10 仅保留区域观测值结构；尚未接入具体 ADM1/NUTS3 区域统计表、来源链接和数值。","待接入原始分子和分母后再计算；当前不生成计算结果。","2026-07-26","第一批区域观测位置；不得填 0，不进入地图图层、区域比较或未来模型候选输入。"
"czechia_south_bohemian_regional_unemployment_rate_2025","czechia_south_bohemian","czechia","regional_unemployment_rate","2025","annual",,"%","待接入","pending_region_sources","Eurostat regional statistics / 各国统计局区域统计","","D","待接入","false","true","false","false","false","false","false","false","v0.10 仅保留区域观测值结构；尚未接入具体 ADM1/NUTS3 区域统计表、来源链接和数值。","不适用。","2026-07-26","第一批区域观测位置；不得填 0，不进入地图图层、区域比较或未来模型候选输入。"
"czechia_south_bohemian_regional_manufacturing_share_2025","czechia_south_bohemian","czechia","regional_manufacturing_share","2025","annual",,"%","待接入","pending_region_sources","Eurostat regional statistics / 各国统计局区域统计","","D","待接入","false","true","true","false","false","false","false","false","v0.10 仅保留区域观测值结构；尚未接入具体 ADM1/NUTS3 区域统计表、来源链接和数值。","待接入原始分子和分母后再计算；当前不生成计算结果。","2026-07-26","第一批区域观测位置；不得填 0，不进入地图图层、区域比较或未来模型候选输入。"
"czechia_plzen_regional_population_2025","czechia_plzen","czechia","regional_population","2025","annual",,"人","待接入","pending_region_sources","Eurostat regional statistics / 各国统计局区域统计","","D","待接入","false","true","false","false","false","false","false","false","v0.10 仅保留区域观测值结构；尚未接入具体 ADM1/NUTS3 区域统计表、来源链接和数值。","不适用。","2026-07-26","第一批区域观测位置；不得填 0，不进入地图图层、区域比较或未来模型候选输入。"
"czechia_plzen_regional_gdp_2025","czechia_plzen","czechia","regional_gdp","2025","annual",,"百万欧元","待接入","pending_region_sources","Eurostat regional statistics / 各国统计局区域统计","","D","待接入","false","true","false","false","false","false","false","false","v0.10 仅保留区域观测值结构；尚未接入具体 ADM1/NUTS3 区域统计表、来源链接和数值。","不适用。","2026-07-26","第一批区域观测位置；不得填 0，不进入地图图层、区域比较或未来模型候选输入。"
"czechia_plzen_regional_gdp_per_capita_2025","czechia_plzen","czechia","regional_gdp_per_capita","2025","annual",,"欧元","待接入","pending_region_sources","Eurostat regional statistics / 各国统计局区域统计","","D","待接入","false","true","true","false","false","false","false","false","v0.10 仅保留区域观测值结构；尚未接入具体 ADM1/NUTS3 区域统计表、来源链接和数值。","待接入原始分子和分母后再计算；当前不生成计算结果。","2026-07-26","第一批区域观测位置；不得填 0，不进入地图图层、区域比较或未来模型候选输入。"
"czechia_plzen_regional_unemployment_rate_2025","czechia_plzen","czechia","regional_unemployment_rate","2025","annual",,"%","待接入","pending_region_sources","Eurostat regional statistics / 各国统计局区域统计","","D","待接入","false","true","false","false","false","false","false","false","v0.10 仅保留区域观测值结构；尚未接入具体 ADM1/NUTS3 区域统计表、来源链接和数值。","不适用。","2026-07-26","第一批区域观测位置；不得填 0，不进入地图图层、区域比较或未来模型候选输入。"
"czechia_plzen_regional_manufacturing_share_2025","czechia_plzen","czechia","regional_manufacturing_share","2025","annual",,"%","待接入","pending_region_sources","Eurostat regional statistics / 各国统计局区域统计","","D","待接入","false","true","true","false","false","false","false","false","v0.10 仅保留区域观测值结构；尚未接入具体 ADM1/NUTS3 区域统计表、来源链接和数值。","待接入原始分子和分母后再计算；当前不生成计算结果。","2026-07-26","第一批区域观测位置；不得填 0，不进入地图图层、区域比较或未来模型候选输入。"
"czechia_karlovy_vary_regional_population_2025","czechia_karlovy_vary","czechia","regional_population","2025","annual",,"人","待接入","pending_region_sources","Eurostat regional statistics / 各国统计局区域统计","","D","待接入","false","true","false","false","false","false","false","false","v0.10 仅保留区域观测值结构；尚未接入具体 ADM1/NUTS3 区域统计表、来源链接和数值。","不适用。","2026-07-26","第一批区域观测位置；不得填 0，不进入地图图层、区域比较或未来模型候选输入。"
"czechia_karlovy_vary_regional_gdp_2025","czechia_karlovy_vary","czechia","regional_gdp","2025","annual",,"百万欧元","待接入","pending_region_sources","Eurostat regional statistics / 各国统计局区域统计","","D","待接入","false","true","false","false","false","false","false","false","v0.10 仅保留区域观测值结构；尚未接入具体 ADM1/NUTS3 区域统计表、来源链接和数值。","不适用。","2026-07-26","第一批区域观测位置；不得填 0，不进入地图图层、区域比较或未来模型候选输入。"
"czechia_karlovy_vary_regional_gdp_per_capita_2025","czechia_karlovy_vary","czechia","regional_gdp_per_capita","2025","annual",,"欧元","待接入","pending_region_sources","Eurostat regional statistics / 各国统计局区域统计","","D","待接入","false","true","true","false","false","false","false","false","v0.10 仅保留区域观测值结构；尚未接入具体 ADM1/NUTS3 区域统计表、来源链接和数值。","待接入原始分子和分母后再计算；当前不生成计算结果。","2026-07-26","第一批区域观测位置；不得填 0，不进入地图图层、区域比较或未来模型候选输入。"
"czechia_karlovy_vary_regional_unemployment_rate_2025","czechia_karlovy_vary","czechia","regional_unemployment_rate","2025","annual",,"%","待接入","pending_region_sources","Eurostat regional statistics / 各国统计局区域统计","","D","待接入","false","true","false","false","false","false","false","false","v0.10 仅保留区域观测值结构；尚未接入具体 ADM1/NUTS3 区域统计表、来源链接和数值。","不适用。","2026-07-26","第一批区域观测位置；不得填 0，不进入地图图层、区域比较或未来模型候选输入。"
"czechia_karlovy_vary_regional_manufacturing_share_2025","czechia_karlovy_vary","czechia","regional_manufacturing_share","2025","annual",,"%","待接入","pending_region_sources","Eurostat regional statistics / 各国统计局区域统计","","D","待接入","false","true","true","false","false","false","false","false","v0.10 仅保留区域观测值结构；尚未接入具体 ADM1/NUTS3 区域统计表、来源链接和数值。","待接入原始分子和分母后再计算；当前不生成计算结果。","2026-07-26","第一批区域观测位置；不得填 0，不进入地图图层、区域比较或未来模型候选输入。"
"czechia_usti_regional_population_2025","czechia_usti","czechia","regional_population","2025","annual",,"人","待接入","pending_region_sources","Eurostat regional statistics / 各国统计局区域统计","","D","待接入","false","true","false","false","false","false","false","false","v0.10 仅保留区域观测值结构；尚未接入具体 ADM1/NUTS3 区域统计表、来源链接和数值。","不适用。","2026-07-26","第一批区域观测位置；不得填 0，不进入地图图层、区域比较或未来模型候选输入。"
"czechia_usti_regional_gdp_2025","czechia_usti","czechia","regional_gdp","2025","annual",,"百万欧元","待接入","pending_region_sources","Eurostat regional statistics / 各国统计局区域统计","","D","待接入","false","true","false","false","false","false","false","false","v0.10 仅保留区域观测值结构；尚未接入具体 ADM1/NUTS3 区域统计表、来源链接和数值。","不适用。","2026-07-26","第一批区域观测位置；不得填 0，不进入地图图层、区域比较或未来模型候选输入。"
"czechia_usti_regional_gdp_per_capita_2025","czechia_usti","czechia","regional_gdp_per_capita","2025","annual",,"欧元","待接入","pending_region_sources","Eurostat regional statistics / 各国统计局区域统计","","D","待接入","false","true","true","false","false","false","false","false","v0.10 仅保留区域观测值结构；尚未接入具体 ADM1/NUTS3 区域统计表、来源链接和数值。","待接入原始分子和分母后再计算；当前不生成计算结果。","2026-07-26","第一批区域观测位置；不得填 0，不进入地图图层、区域比较或未来模型候选输入。"
"czechia_usti_regional_unemployment_rate_2025","czechia_usti","czechia","regional_unemployment_rate","2025","annual",,"%","待接入","pending_region_sources","Eurostat regional statistics / 各国统计局区域统计","","D","待接入","false","true","false","false","false","false","false","false","v0.10 仅保留区域观测值结构；尚未接入具体 ADM1/NUTS3 区域统计表、来源链接和数值。","不适用。","2026-07-26","第一批区域观测位置；不得填 0，不进入地图图层、区域比较或未来模型候选输入。"
"czechia_usti_regional_manufacturing_share_2025","czechia_usti","czechia","regional_manufacturing_share","2025","annual",,"%","待接入","pending_region_sources","Eurostat regional statistics / 各国统计局区域统计","","D","待接入","false","true","true","false","false","false","false","false","v0.10 仅保留区域观测值结构；尚未接入具体 ADM1/NUTS3 区域统计表、来源链接和数值。","待接入原始分子和分母后再计算；当前不生成计算结果。","2026-07-26","第一批区域观测位置；不得填 0，不进入地图图层、区域比较或未来模型候选输入。"
"czechia_liberec_regional_population_2025","czechia_liberec","czechia","regional_population","2025","annual",,"人","待接入","pending_region_sources","Eurostat regional statistics / 各国统计局区域统计","","D","待接入","false","true","false","false","false","false","false","false","v0.10 仅保留区域观测值结构；尚未接入具体 ADM1/NUTS3 区域统计表、来源链接和数值。","不适用。","2026-07-26","第一批区域观测位置；不得填 0，不进入地图图层、区域比较或未来模型候选输入。"
"czechia_liberec_regional_gdp_2025","czechia_liberec","czechia","regional_gdp","2025","annual",,"百万欧元","待接入","pending_region_sources","Eurostat regional statistics / 各国统计局区域统计","","D","待接入","false","true","false","false","false","false","false","false","v0.10 仅保留区域观测值结构；尚未接入具体 ADM1/NUTS3 区域统计表、来源链接和数值。","不适用。","2026-07-26","第一批区域观测位置；不得填 0，不进入地图图层、区域比较或未来模型候选输入。"
"czechia_liberec_regional_gdp_per_capita_2025","czechia_liberec","czechia","regional_gdp_per_capita","2025","annual",,"欧元","待接入","pending_region_sources","Eurostat regional statistics / 各国统计局区域统计","","D","待接入","false","true","true","false","false","false","false","false","v0.10 仅保留区域观测值结构；尚未接入具体 ADM1/NUTS3 区域统计表、来源链接和数值。","待接入原始分子和分母后再计算；当前不生成计算结果。","2026-07-26","第一批区域观测位置；不得填 0，不进入地图图层、区域比较或未来模型候选输入。"
"czechia_liberec_regional_unemployment_rate_2025","czechia_liberec","czechia","regional_unemployment_rate","2025","annual",,"%","待接入","pending_region_sources","Eurostat regional statistics / 各国统计局区域统计","","D","待接入","false","true","false","false","false","false","false","false","v0.10 仅保留区域观测值结构；尚未接入具体 ADM1/NUTS3 区域统计表、来源链接和数值。","不适用。","2026-07-26","第一批区域观测位置；不得填 0，不进入地图图层、区域比较或未来模型候选输入。"
"czechia_liberec_regional_manufacturing_share_2025","czechia_liberec","czechia","regional_manufacturing_share","2025","annual",,"%","待接入","pending_region_sources","Eurostat regional statistics / 各国统计局区域统计","","D","待接入","false","true","true","false","false","false","false","false","v0.10 仅保留区域观测值结构；尚未接入具体 ADM1/NUTS3 区域统计表、来源链接和数值。","待接入原始分子和分母后再计算；当前不生成计算结果。","2026-07-26","第一批区域观测位置；不得填 0，不进入地图图层、区域比较或未来模型候选输入。"
"czechia_hradec_kralove_regional_population_2025","czechia_hradec_kralove","czechia","regional_population","2025","annual",,"人","待接入","pending_region_sources","Eurostat regional statistics / 各国统计局区域统计","","D","待接入","false","true","false","false","false","false","false","false","v0.10 仅保留区域观测值结构；尚未接入具体 ADM1/NUTS3 区域统计表、来源链接和数值。","不适用。","2026-07-26","第一批区域观测位置；不得填 0，不进入地图图层、区域比较或未来模型候选输入。"
"czechia_hradec_kralove_regional_gdp_2025","czechia_hradec_kralove","czechia","regional_gdp","2025","annual",,"百万欧元","待接入","pending_region_sources","Eurostat regional statistics / 各国统计局区域统计","","D","待接入","false","true","false","false","false","false","false","false","v0.10 仅保留区域观测值结构；尚未接入具体 ADM1/NUTS3 区域统计表、来源链接和数值。","不适用。","2026-07-26","第一批区域观测位置；不得填 0，不进入地图图层、区域比较或未来模型候选输入。"
"czechia_hradec_kralove_regional_gdp_per_capita_2025","czechia_hradec_kralove","czechia","regional_gdp_per_capita","2025","annual",,"欧元","待接入","pending_region_sources","Eurostat regional statistics / 各国统计局区域统计","","D","待接入","false","true","true","false","false","false","false","false","v0.10 仅保留区域观测值结构；尚未接入具体 ADM1/NUTS3 区域统计表、来源链接和数值。","待接入原始分子和分母后再计算；当前不生成计算结果。","2026-07-26","第一批区域观测位置；不得填 0，不进入地图图层、区域比较或未来模型候选输入。"
"czechia_hradec_kralove_regional_unemployment_rate_2025","czechia_hradec_kralove","czechia","regional_unemployment_rate","2025","annual",,"%","待接入","pending_region_sources","Eurostat regional statistics / 各国统计局区域统计","","D","待接入","false","true","false","false","false","false","false","false","v0.10 仅保留区域观测值结构；尚未接入具体 ADM1/NUTS3 区域统计表、来源链接和数值。","不适用。","2026-07-26","第一批区域观测位置；不得填 0，不进入地图图层、区域比较或未来模型候选输入。"
"czechia_hradec_kralove_regional_manufacturing_share_2025","czechia_hradec_kralove","czechia","regional_manufacturing_share","2025","annual",,"%","待接入","pending_region_sources","Eurostat regional statistics / 各国统计局区域统计","","D","待接入","false","true","true","false","false","false","false","false","v0.10 仅保留区域观测值结构；尚未接入具体 ADM1/NUTS3 区域统计表、来源链接和数值。","待接入原始分子和分母后再计算；当前不生成计算结果。","2026-07-26","第一批区域观测位置；不得填 0，不进入地图图层、区域比较或未来模型候选输入。"
"czechia_pardubice_regional_population_2025","czechia_pardubice","czechia","regional_population","2025","annual",,"人","待接入","pending_region_sources","Eurostat regional statistics / 各国统计局区域统计","","D","待接入","false","true","false","false","false","false","false","false","v0.10 仅保留区域观测值结构；尚未接入具体 ADM1/NUTS3 区域统计表、来源链接和数值。","不适用。","2026-07-26","第一批区域观测位置；不得填 0，不进入地图图层、区域比较或未来模型候选输入。"
"czechia_pardubice_regional_gdp_2025","czechia_pardubice","czechia","regional_gdp","2025","annual",,"百万欧元","待接入","pending_region_sources","Eurostat regional statistics / 各国统计局区域统计","","D","待接入","false","true","false","false","false","false","false","false","v0.10 仅保留区域观测值结构；尚未接入具体 ADM1/NUTS3 区域统计表、来源链接和数值。","不适用。","2026-07-26","第一批区域观测位置；不得填 0，不进入地图图层、区域比较或未来模型候选输入。"
"czechia_pardubice_regional_gdp_per_capita_2025","czechia_pardubice","czechia","regional_gdp_per_capita","2025","annual",,"欧元","待接入","pending_region_sources","Eurostat regional statistics / 各国统计局区域统计","","D","待接入","false","true","true","false","false","false","false","false","v0.10 仅保留区域观测值结构；尚未接入具体 ADM1/NUTS3 区域统计表、来源链接和数值。","待接入原始分子和分母后再计算；当前不生成计算结果。","2026-07-26","第一批区域观测位置；不得填 0，不进入地图图层、区域比较或未来模型候选输入。"
"czechia_pardubice_regional_unemployment_rate_2025","czechia_pardubice","czechia","regional_unemployment_rate","2025","annual",,"%","待接入","pending_region_sources","Eurostat regional statistics / 各国统计局区域统计","","D","待接入","false","true","false","false","false","false","false","false","v0.10 仅保留区域观测值结构；尚未接入具体 ADM1/NUTS3 区域统计表、来源链接和数值。","不适用。","2026-07-26","第一批区域观测位置；不得填 0，不进入地图图层、区域比较或未来模型候选输入。"
"czechia_pardubice_regional_manufacturing_share_2025","czechia_pardubice","czechia","regional_manufacturing_share","2025","annual",,"%","待接入","pending_region_sources","Eurostat regional statistics / 各国统计局区域统计","","D","待接入","false","true","true","false","false","false","false","false","v0.10 仅保留区域观测值结构；尚未接入具体 ADM1/NUTS3 区域统计表、来源链接和数值。","待接入原始分子和分母后再计算；当前不生成计算结果。","2026-07-26","第一批区域观测位置；不得填 0，不进入地图图层、区域比较或未来模型候选输入。"
"czechia_vysocina_regional_population_2025","czechia_vysocina","czechia","regional_population","2025","annual",,"人","待接入","pending_region_sources","Eurostat regional statistics / 各国统计局区域统计","","D","待接入","false","true","false","false","false","false","false","false","v0.10 仅保留区域观测值结构；尚未接入具体 ADM1/NUTS3 区域统计表、来源链接和数值。","不适用。","2026-07-26","第一批区域观测位置；不得填 0，不进入地图图层、区域比较或未来模型候选输入。"
"czechia_vysocina_regional_gdp_2025","czechia_vysocina","czechia","regional_gdp","2025","annual",,"百万欧元","待接入","pending_region_sources","Eurostat regional statistics / 各国统计局区域统计","","D","待接入","false","true","false","false","false","false","false","false","v0.10 仅保留区域观测值结构；尚未接入具体 ADM1/NUTS3 区域统计表、来源链接和数值。","不适用。","2026-07-26","第一批区域观测位置；不得填 0，不进入地图图层、区域比较或未来模型候选输入。"
"czechia_vysocina_regional_gdp_per_capita_2025","czechia_vysocina","czechia","regional_gdp_per_capita","2025","annual",,"欧元","待接入","pending_region_sources","Eurostat regional statistics / 各国统计局区域统计","","D","待接入","false","true","true","false","false","false","false","false","v0.10 仅保留区域观测值结构；尚未接入具体 ADM1/NUTS3 区域统计表、来源链接和数值。","待接入原始分子和分母后再计算；当前不生成计算结果。","2026-07-26","第一批区域观测位置；不得填 0，不进入地图图层、区域比较或未来模型候选输入。"
"czechia_vysocina_regional_unemployment_rate_2025","czechia_vysocina","czechia","regional_unemployment_rate","2025","annual",,"%","待接入","pending_region_sources","Eurostat regional statistics / 各国统计局区域统计","","D","待接入","false","true","false","false","false","false","false","false","v0.10 仅保留区域观测值结构；尚未接入具体 ADM1/NUTS3 区域统计表、来源链接和数值。","不适用。","2026-07-26","第一批区域观测位置；不得填 0，不进入地图图层、区域比较或未来模型候选输入。"
"czechia_vysocina_regional_manufacturing_share_2025","czechia_vysocina","czechia","regional_manufacturing_share","2025","annual",,"%","待接入","pending_region_sources","Eurostat regional statistics / 各国统计局区域统计","","D","待接入","false","true","true","false","false","false","false","false","v0.10 仅保留区域观测值结构；尚未接入具体 ADM1/NUTS3 区域统计表、来源链接和数值。","待接入原始分子和分母后再计算；当前不生成计算结果。","2026-07-26","第一批区域观测位置；不得填 0，不进入地图图层、区域比较或未来模型候选输入。"
"czechia_south_moravian_regional_population_2025","czechia_south_moravian","czechia","regional_population","2025","annual",,"人","待接入","pending_region_sources","Eurostat regional statistics / 各国统计局区域统计","","D","待接入","false","true","false","false","false","false","false","false","v0.10 仅保留区域观测值结构；尚未接入具体 ADM1/NUTS3 区域统计表、来源链接和数值。","不适用。","2026-07-26","第一批区域观测位置；不得填 0，不进入地图图层、区域比较或未来模型候选输入。"
"czechia_south_moravian_regional_gdp_2025","czechia_south_moravian","czechia","regional_gdp","2025","annual",,"百万欧元","待接入","pending_region_sources","Eurostat regional statistics / 各国统计局区域统计","","D","待接入","false","true","false","false","false","false","false","false","v0.10 仅保留区域观测值结构；尚未接入具体 ADM1/NUTS3 区域统计表、来源链接和数值。","不适用。","2026-07-26","第一批区域观测位置；不得填 0，不进入地图图层、区域比较或未来模型候选输入。"
"czechia_south_moravian_regional_gdp_per_capita_2025","czechia_south_moravian","czechia","regional_gdp_per_capita","2025","annual",,"欧元","待接入","pending_region_sources","Eurostat regional statistics / 各国统计局区域统计","","D","待接入","false","true","true","false","false","false","false","false","v0.10 仅保留区域观测值结构；尚未接入具体 ADM1/NUTS3 区域统计表、来源链接和数值。","待接入原始分子和分母后再计算；当前不生成计算结果。","2026-07-26","第一批区域观测位置；不得填 0，不进入地图图层、区域比较或未来模型候选输入。"
"czechia_south_moravian_regional_unemployment_rate_2025","czechia_south_moravian","czechia","regional_unemployment_rate","2025","annual",,"%","待接入","pending_region_sources","Eurostat regional statistics / 各国统计局区域统计","","D","待接入","false","true","false","false","false","false","false","false","v0.10 仅保留区域观测值结构；尚未接入具体 ADM1/NUTS3 区域统计表、来源链接和数值。","不适用。","2026-07-26","第一批区域观测位置；不得填 0，不进入地图图层、区域比较或未来模型候选输入。"
"czechia_south_moravian_regional_manufacturing_share_2025","czechia_south_moravian","czechia","regional_manufacturing_share","2025","annual",,"%","待接入","pending_region_sources","Eurostat regional statistics / 各国统计局区域统计","","D","待接入","false","true","true","false","false","false","false","false","v0.10 仅保留区域观测值结构；尚未接入具体 ADM1/NUTS3 区域统计表、来源链接和数值。","待接入原始分子和分母后再计算；当前不生成计算结果。","2026-07-26","第一批区域观测位置；不得填 0，不进入地图图层、区域比较或未来模型候选输入。"
"czechia_olomouc_regional_population_2025","czechia_olomouc","czechia","regional_population","2025","annual",,"人","待接入","pending_region_sources","Eurostat regional statistics / 各国统计局区域统计","","D","待接入","false","true","false","false","false","false","false","false","v0.10 仅保留区域观测值结构；尚未接入具体 ADM1/NUTS3 区域统计表、来源链接和数值。","不适用。","2026-07-26","第一批区域观测位置；不得填 0，不进入地图图层、区域比较或未来模型候选输入。"
"czechia_olomouc_regional_gdp_2025","czechia_olomouc","czechia","regional_gdp","2025","annual",,"百万欧元","待接入","pending_region_sources","Eurostat regional statistics / 各国统计局区域统计","","D","待接入","false","true","false","false","false","false","false","false","v0.10 仅保留区域观测值结构；尚未接入具体 ADM1/NUTS3 区域统计表、来源链接和数值。","不适用。","2026-07-26","第一批区域观测位置；不得填 0，不进入地图图层、区域比较或未来模型候选输入。"
"czechia_olomouc_regional_gdp_per_capita_2025","czechia_olomouc","czechia","regional_gdp_per_capita","2025","annual",,"欧元","待接入","pending_region_sources","Eurostat regional statistics / 各国统计局区域统计","","D","待接入","false","true","true","false","false","false","false","false","v0.10 仅保留区域观测值结构；尚未接入具体 ADM1/NUTS3 区域统计表、来源链接和数值。","待接入原始分子和分母后再计算；当前不生成计算结果。","2026-07-26","第一批区域观测位置；不得填 0，不进入地图图层、区域比较或未来模型候选输入。"
"czechia_olomouc_regional_unemployment_rate_2025","czechia_olomouc","czechia","regional_unemployment_rate","2025","annual",,"%","待接入","pending_region_sources","Eurostat regional statistics / 各国统计局区域统计","","D","待接入","false","true","false","false","false","false","false","false","v0.10 仅保留区域观测值结构；尚未接入具体 ADM1/NUTS3 区域统计表、来源链接和数值。","不适用。","2026-07-26","第一批区域观测位置；不得填 0，不进入地图图层、区域比较或未来模型候选输入。"
"czechia_olomouc_regional_manufacturing_share_2025","czechia_olomouc","czechia","regional_manufacturing_share","2025","annual",,"%","待接入","pending_region_sources","Eurostat regional statistics / 各国统计局区域统计","","D","待接入","false","true","true","false","false","false","false","false","v0.10 仅保留区域观测值结构；尚未接入具体 ADM1/NUTS3 区域统计表、来源链接和数值。","待接入原始分子和分母后再计算；当前不生成计算结果。","2026-07-26","第一批区域观测位置；不得填 0，不进入地图图层、区域比较或未来模型候选输入。"
"czechia_zlin_regional_population_2025","czechia_zlin","czechia","regional_population","2025","annual",,"人","待接入","pending_region_sources","Eurostat regional statistics / 各国统计局区域统计","","D","待接入","false","true","false","false","false","false","false","false","v0.10 仅保留区域观测值结构；尚未接入具体 ADM1/NUTS3 区域统计表、来源链接和数值。","不适用。","2026-07-26","第一批区域观测位置；不得填 0，不进入地图图层、区域比较或未来模型候选输入。"
"czechia_zlin_regional_gdp_2025","czechia_zlin","czechia","regional_gdp","2025","annual",,"百万欧元","待接入","pending_region_sources","Eurostat regional statistics / 各国统计局区域统计","","D","待接入","false","true","false","false","false","false","false","false","v0.10 仅保留区域观测值结构；尚未接入具体 ADM1/NUTS3 区域统计表、来源链接和数值。","不适用。","2026-07-26","第一批区域观测位置；不得填 0，不进入地图图层、区域比较或未来模型候选输入。"
"czechia_zlin_regional_gdp_per_capita_2025","czechia_zlin","czechia","regional_gdp_per_capita","2025","annual",,"欧元","待接入","pending_region_sources","Eurostat regional statistics / 各国统计局区域统计","","D","待接入","false","true","true","false","false","false","false","false","v0.10 仅保留区域观测值结构；尚未接入具体 ADM1/NUTS3 区域统计表、来源链接和数值。","待接入原始分子和分母后再计算；当前不生成计算结果。","2026-07-26","第一批区域观测位置；不得填 0，不进入地图图层、区域比较或未来模型候选输入。"
"czechia_zlin_regional_unemployment_rate_2025","czechia_zlin","czechia","regional_unemployment_rate","2025","annual",,"%","待接入","pending_region_sources","Eurostat regional statistics / 各国统计局区域统计","","D","待接入","false","true","false","false","false","false","false","false","v0.10 仅保留区域观测值结构；尚未接入具体 ADM1/NUTS3 区域统计表、来源链接和数值。","不适用。","2026-07-26","第一批区域观测位置；不得填 0，不进入地图图层、区域比较或未来模型候选输入。"
"czechia_zlin_regional_manufacturing_share_2025","czechia_zlin","czechia","regional_manufacturing_share","2025","annual",,"%","待接入","pending_region_sources","Eurostat regional statistics / 各国统计局区域统计","","D","待接入","false","true","true","false","false","false","false","false","v0.10 仅保留区域观测值结构；尚未接入具体 ADM1/NUTS3 区域统计表、来源链接和数值。","待接入原始分子和分母后再计算；当前不生成计算结果。","2026-07-26","第一批区域观测位置；不得填 0，不进入地图图层、区域比较或未来模型候选输入。"
"czechia_moravian_silesian_regional_population_2025","czechia_moravian_silesian","czechia","regional_population","2025","annual",,"人","待接入","pending_region_sources","Eurostat regional statistics / 各国统计局区域统计","","D","待接入","false","true","false","false","false","false","false","false","v0.10 仅保留区域观测值结构；尚未接入具体 ADM1/NUTS3 区域统计表、来源链接和数值。","不适用。","2026-07-26","第一批区域观测位置；不得填 0，不进入地图图层、区域比较或未来模型候选输入。"
"czechia_moravian_silesian_regional_gdp_2025","czechia_moravian_silesian","czechia","regional_gdp","2025","annual",,"百万欧元","待接入","pending_region_sources","Eurostat regional statistics / 各国统计局区域统计","","D","待接入","false","true","false","false","false","false","false","false","v0.10 仅保留区域观测值结构；尚未接入具体 ADM1/NUTS3 区域统计表、来源链接和数值。","不适用。","2026-07-26","第一批区域观测位置；不得填 0，不进入地图图层、区域比较或未来模型候选输入。"
"czechia_moravian_silesian_regional_gdp_per_capita_2025","czechia_moravian_silesian","czechia","regional_gdp_per_capita","2025","annual",,"欧元","待接入","pending_region_sources","Eurostat regional statistics / 各国统计局区域统计","","D","待接入","false","true","true","false","false","false","false","false","v0.10 仅保留区域观测值结构；尚未接入具体 ADM1/NUTS3 区域统计表、来源链接和数值。","待接入原始分子和分母后再计算；当前不生成计算结果。","2026-07-26","第一批区域观测位置；不得填 0，不进入地图图层、区域比较或未来模型候选输入。"
"czechia_moravian_silesian_regional_unemployment_rate_2025","czechia_moravian_silesian","czechia","regional_unemployment_rate","2025","annual",,"%","待接入","pending_region_sources","Eurostat regional statistics / 各国统计局区域统计","","D","待接入","false","true","false","false","false","false","false","false","v0.10 仅保留区域观测值结构；尚未接入具体 ADM1/NUTS3 区域统计表、来源链接和数值。","不适用。","2026-07-26","第一批区域观测位置；不得填 0，不进入地图图层、区域比较或未来模型候选输入。"
"czechia_moravian_silesian_regional_manufacturing_share_2025","czechia_moravian_silesian","czechia","regional_manufacturing_share","2025","annual",,"%","待接入","pending_region_sources","Eurostat regional statistics / 各国统计局区域统计","","D","待接入","false","true","true","false","false","false","false","false","v0.10 仅保留区域观测值结构；尚未接入具体 ADM1/NUTS3 区域统计表、来源链接和数值。","待接入原始分子和分母后再计算；当前不生成计算结果。","2026-07-26","第一批区域观测位置；不得填 0，不进入地图图层、区域比较或未来模型候选输入。"
"slovakia_bratislava_regional_population_2025","slovakia_bratislava","slovakia","regional_population","2025","annual",,"人","待接入","pending_region_sources","Eurostat regional statistics / 各国统计局区域统计","","D","待接入","false","true","false","false","false","false","false","false","v0.10 仅保留区域观测值结构；尚未接入具体 ADM1/NUTS3 区域统计表、来源链接和数值。","不适用。","2026-07-26","第一批区域观测位置；不得填 0，不进入地图图层、区域比较或未来模型候选输入。"
"slovakia_bratislava_regional_gdp_2025","slovakia_bratislava","slovakia","regional_gdp","2025","annual",,"百万欧元","待接入","pending_region_sources","Eurostat regional statistics / 各国统计局区域统计","","D","待接入","false","true","false","false","false","false","false","false","v0.10 仅保留区域观测值结构；尚未接入具体 ADM1/NUTS3 区域统计表、来源链接和数值。","不适用。","2026-07-26","第一批区域观测位置；不得填 0，不进入地图图层、区域比较或未来模型候选输入。"
"slovakia_bratislava_regional_gdp_per_capita_2025","slovakia_bratislava","slovakia","regional_gdp_per_capita","2025","annual",,"欧元","待接入","pending_region_sources","Eurostat regional statistics / 各国统计局区域统计","","D","待接入","false","true","true","false","false","false","false","false","v0.10 仅保留区域观测值结构；尚未接入具体 ADM1/NUTS3 区域统计表、来源链接和数值。","待接入原始分子和分母后再计算；当前不生成计算结果。","2026-07-26","第一批区域观测位置；不得填 0，不进入地图图层、区域比较或未来模型候选输入。"
"slovakia_bratislava_regional_unemployment_rate_2025","slovakia_bratislava","slovakia","regional_unemployment_rate","2025","annual",,"%","待接入","pending_region_sources","Eurostat regional statistics / 各国统计局区域统计","","D","待接入","false","true","false","false","false","false","false","false","v0.10 仅保留区域观测值结构；尚未接入具体 ADM1/NUTS3 区域统计表、来源链接和数值。","不适用。","2026-07-26","第一批区域观测位置；不得填 0，不进入地图图层、区域比较或未来模型候选输入。"
"slovakia_bratislava_regional_manufacturing_share_2025","slovakia_bratislava","slovakia","regional_manufacturing_share","2025","annual",,"%","待接入","pending_region_sources","Eurostat regional statistics / 各国统计局区域统计","","D","待接入","false","true","true","false","false","false","false","false","v0.10 仅保留区域观测值结构；尚未接入具体 ADM1/NUTS3 区域统计表、来源链接和数值。","待接入原始分子和分母后再计算；当前不生成计算结果。","2026-07-26","第一批区域观测位置；不得填 0，不进入地图图层、区域比较或未来模型候选输入。"
"slovakia_trnava_regional_population_2025","slovakia_trnava","slovakia","regional_population","2025","annual",,"人","待接入","pending_region_sources","Eurostat regional statistics / 各国统计局区域统计","","D","待接入","false","true","false","false","false","false","false","false","v0.10 仅保留区域观测值结构；尚未接入具体 ADM1/NUTS3 区域统计表、来源链接和数值。","不适用。","2026-07-26","第一批区域观测位置；不得填 0，不进入地图图层、区域比较或未来模型候选输入。"
"slovakia_trnava_regional_gdp_2025","slovakia_trnava","slovakia","regional_gdp","2025","annual",,"百万欧元","待接入","pending_region_sources","Eurostat regional statistics / 各国统计局区域统计","","D","待接入","false","true","false","false","false","false","false","false","v0.10 仅保留区域观测值结构；尚未接入具体 ADM1/NUTS3 区域统计表、来源链接和数值。","不适用。","2026-07-26","第一批区域观测位置；不得填 0，不进入地图图层、区域比较或未来模型候选输入。"
"slovakia_trnava_regional_gdp_per_capita_2025","slovakia_trnava","slovakia","regional_gdp_per_capita","2025","annual",,"欧元","待接入","pending_region_sources","Eurostat regional statistics / 各国统计局区域统计","","D","待接入","false","true","true","false","false","false","false","false","v0.10 仅保留区域观测值结构；尚未接入具体 ADM1/NUTS3 区域统计表、来源链接和数值。","待接入原始分子和分母后再计算；当前不生成计算结果。","2026-07-26","第一批区域观测位置；不得填 0，不进入地图图层、区域比较或未来模型候选输入。"
"slovakia_trnava_regional_unemployment_rate_2025","slovakia_trnava","slovakia","regional_unemployment_rate","2025","annual",,"%","待接入","pending_region_sources","Eurostat regional statistics / 各国统计局区域统计","","D","待接入","false","true","false","false","false","false","false","false","v0.10 仅保留区域观测值结构；尚未接入具体 ADM1/NUTS3 区域统计表、来源链接和数值。","不适用。","2026-07-26","第一批区域观测位置；不得填 0，不进入地图图层、区域比较或未来模型候选输入。"
"slovakia_trnava_regional_manufacturing_share_2025","slovakia_trnava","slovakia","regional_manufacturing_share","2025","annual",,"%","待接入","pending_region_sources","Eurostat regional statistics / 各国统计局区域统计","","D","待接入","false","true","true","false","false","false","false","false","v0.10 仅保留区域观测值结构；尚未接入具体 ADM1/NUTS3 区域统计表、来源链接和数值。","待接入原始分子和分母后再计算；当前不生成计算结果。","2026-07-26","第一批区域观测位置；不得填 0，不进入地图图层、区域比较或未来模型候选输入。"
"slovakia_trencin_regional_population_2025","slovakia_trencin","slovakia","regional_population","2025","annual",,"人","待接入","pending_region_sources","Eurostat regional statistics / 各国统计局区域统计","","D","待接入","false","true","false","false","false","false","false","false","v0.10 仅保留区域观测值结构；尚未接入具体 ADM1/NUTS3 区域统计表、来源链接和数值。","不适用。","2026-07-26","第一批区域观测位置；不得填 0，不进入地图图层、区域比较或未来模型候选输入。"
"slovakia_trencin_regional_gdp_2025","slovakia_trencin","slovakia","regional_gdp","2025","annual",,"百万欧元","待接入","pending_region_sources","Eurostat regional statistics / 各国统计局区域统计","","D","待接入","false","true","false","false","false","false","false","false","v0.10 仅保留区域观测值结构；尚未接入具体 ADM1/NUTS3 区域统计表、来源链接和数值。","不适用。","2026-07-26","第一批区域观测位置；不得填 0，不进入地图图层、区域比较或未来模型候选输入。"
"slovakia_trencin_regional_gdp_per_capita_2025","slovakia_trencin","slovakia","regional_gdp_per_capita","2025","annual",,"欧元","待接入","pending_region_sources","Eurostat regional statistics / 各国统计局区域统计","","D","待接入","false","true","true","false","false","false","false","false","v0.10 仅保留区域观测值结构；尚未接入具体 ADM1/NUTS3 区域统计表、来源链接和数值。","待接入原始分子和分母后再计算；当前不生成计算结果。","2026-07-26","第一批区域观测位置；不得填 0，不进入地图图层、区域比较或未来模型候选输入。"
"slovakia_trencin_regional_unemployment_rate_2025","slovakia_trencin","slovakia","regional_unemployment_rate","2025","annual",,"%","待接入","pending_region_sources","Eurostat regional statistics / 各国统计局区域统计","","D","待接入","false","true","false","false","false","false","false","false","v0.10 仅保留区域观测值结构；尚未接入具体 ADM1/NUTS3 区域统计表、来源链接和数值。","不适用。","2026-07-26","第一批区域观测位置；不得填 0，不进入地图图层、区域比较或未来模型候选输入。"
"slovakia_trencin_regional_manufacturing_share_2025","slovakia_trencin","slovakia","regional_manufacturing_share","2025","annual",,"%","待接入","pending_region_sources","Eurostat regional statistics / 各国统计局区域统计","","D","待接入","false","true","true","false","false","false","false","false","v0.10 仅保留区域观测值结构；尚未接入具体 ADM1/NUTS3 区域统计表、来源链接和数值。","待接入原始分子和分母后再计算；当前不生成计算结果。","2026-07-26","第一批区域观测位置；不得填 0，不进入地图图层、区域比较或未来模型候选输入。"
"slovakia_nitra_regional_population_2025","slovakia_nitra","slovakia","regional_population","2025","annual",,"人","待接入","pending_region_sources","Eurostat regional statistics / 各国统计局区域统计","","D","待接入","false","true","false","false","false","false","false","false","v0.10 仅保留区域观测值结构；尚未接入具体 ADM1/NUTS3 区域统计表、来源链接和数值。","不适用。","2026-07-26","第一批区域观测位置；不得填 0，不进入地图图层、区域比较或未来模型候选输入。"
"slovakia_nitra_regional_gdp_2025","slovakia_nitra","slovakia","regional_gdp","2025","annual",,"百万欧元","待接入","pending_region_sources","Eurostat regional statistics / 各国统计局区域统计","","D","待接入","false","true","false","false","false","false","false","false","v0.10 仅保留区域观测值结构；尚未接入具体 ADM1/NUTS3 区域统计表、来源链接和数值。","不适用。","2026-07-26","第一批区域观测位置；不得填 0，不进入地图图层、区域比较或未来模型候选输入。"
"slovakia_nitra_regional_gdp_per_capita_2025","slovakia_nitra","slovakia","regional_gdp_per_capita","2025","annual",,"欧元","待接入","pending_region_sources","Eurostat regional statistics / 各国统计局区域统计","","D","待接入","false","true","true","false","false","false","false","false","v0.10 仅保留区域观测值结构；尚未接入具体 ADM1/NUTS3 区域统计表、来源链接和数值。","待接入原始分子和分母后再计算；当前不生成计算结果。","2026-07-26","第一批区域观测位置；不得填 0，不进入地图图层、区域比较或未来模型候选输入。"
"slovakia_nitra_regional_unemployment_rate_2025","slovakia_nitra","slovakia","regional_unemployment_rate","2025","annual",,"%","待接入","pending_region_sources","Eurostat regional statistics / 各国统计局区域统计","","D","待接入","false","true","false","false","false","false","false","false","v0.10 仅保留区域观测值结构；尚未接入具体 ADM1/NUTS3 区域统计表、来源链接和数值。","不适用。","2026-07-26","第一批区域观测位置；不得填 0，不进入地图图层、区域比较或未来模型候选输入。"
"slovakia_nitra_regional_manufacturing_share_2025","slovakia_nitra","slovakia","regional_manufacturing_share","2025","annual",,"%","待接入","pending_region_sources","Eurostat regional statistics / 各国统计局区域统计","","D","待接入","false","true","true","false","false","false","false","false","v0.10 仅保留区域观测值结构；尚未接入具体 ADM1/NUTS3 区域统计表、来源链接和数值。","待接入原始分子和分母后再计算；当前不生成计算结果。","2026-07-26","第一批区域观测位置；不得填 0，不进入地图图层、区域比较或未来模型候选输入。"
"slovakia_zilina_regional_population_2025","slovakia_zilina","slovakia","regional_population","2025","annual",,"人","待接入","pending_region_sources","Eurostat regional statistics / 各国统计局区域统计","","D","待接入","false","true","false","false","false","false","false","false","v0.10 仅保留区域观测值结构；尚未接入具体 ADM1/NUTS3 区域统计表、来源链接和数值。","不适用。","2026-07-26","第一批区域观测位置；不得填 0，不进入地图图层、区域比较或未来模型候选输入。"
"slovakia_zilina_regional_gdp_2025","slovakia_zilina","slovakia","regional_gdp","2025","annual",,"百万欧元","待接入","pending_region_sources","Eurostat regional statistics / 各国统计局区域统计","","D","待接入","false","true","false","false","false","false","false","false","v0.10 仅保留区域观测值结构；尚未接入具体 ADM1/NUTS3 区域统计表、来源链接和数值。","不适用。","2026-07-26","第一批区域观测位置；不得填 0，不进入地图图层、区域比较或未来模型候选输入。"
"slovakia_zilina_regional_gdp_per_capita_2025","slovakia_zilina","slovakia","regional_gdp_per_capita","2025","annual",,"欧元","待接入","pending_region_sources","Eurostat regional statistics / 各国统计局区域统计","","D","待接入","false","true","true","false","false","false","false","false","v0.10 仅保留区域观测值结构；尚未接入具体 ADM1/NUTS3 区域统计表、来源链接和数值。","待接入原始分子和分母后再计算；当前不生成计算结果。","2026-07-26","第一批区域观测位置；不得填 0，不进入地图图层、区域比较或未来模型候选输入。"
"slovakia_zilina_regional_unemployment_rate_2025","slovakia_zilina","slovakia","regional_unemployment_rate","2025","annual",,"%","待接入","pending_region_sources","Eurostat regional statistics / 各国统计局区域统计","","D","待接入","false","true","false","false","false","false","false","false","v0.10 仅保留区域观测值结构；尚未接入具体 ADM1/NUTS3 区域统计表、来源链接和数值。","不适用。","2026-07-26","第一批区域观测位置；不得填 0，不进入地图图层、区域比较或未来模型候选输入。"
"slovakia_zilina_regional_manufacturing_share_2025","slovakia_zilina","slovakia","regional_manufacturing_share","2025","annual",,"%","待接入","pending_region_sources","Eurostat regional statistics / 各国统计局区域统计","","D","待接入","false","true","true","false","false","false","false","false","v0.10 仅保留区域观测值结构；尚未接入具体 ADM1/NUTS3 区域统计表、来源链接和数值。","待接入原始分子和分母后再计算；当前不生成计算结果。","2026-07-26","第一批区域观测位置；不得填 0，不进入地图图层、区域比较或未来模型候选输入。"
"slovakia_banska_bystrica_regional_population_2025","slovakia_banska_bystrica","slovakia","regional_population","2025","annual",,"人","待接入","pending_region_sources","Eurostat regional statistics / 各国统计局区域统计","","D","待接入","false","true","false","false","false","false","false","false","v0.10 仅保留区域观测值结构；尚未接入具体 ADM1/NUTS3 区域统计表、来源链接和数值。","不适用。","2026-07-26","第一批区域观测位置；不得填 0，不进入地图图层、区域比较或未来模型候选输入。"
"slovakia_banska_bystrica_regional_gdp_2025","slovakia_banska_bystrica","slovakia","regional_gdp","2025","annual",,"百万欧元","待接入","pending_region_sources","Eurostat regional statistics / 各国统计局区域统计","","D","待接入","false","true","false","false","false","false","false","false","v0.10 仅保留区域观测值结构；尚未接入具体 ADM1/NUTS3 区域统计表、来源链接和数值。","不适用。","2026-07-26","第一批区域观测位置；不得填 0，不进入地图图层、区域比较或未来模型候选输入。"
"slovakia_banska_bystrica_regional_gdp_per_capita_2025","slovakia_banska_bystrica","slovakia","regional_gdp_per_capita","2025","annual",,"欧元","待接入","pending_region_sources","Eurostat regional statistics / 各国统计局区域统计","","D","待接入","false","true","true","false","false","false","false","false","v0.10 仅保留区域观测值结构；尚未接入具体 ADM1/NUTS3 区域统计表、来源链接和数值。","待接入原始分子和分母后再计算；当前不生成计算结果。","2026-07-26","第一批区域观测位置；不得填 0，不进入地图图层、区域比较或未来模型候选输入。"
"slovakia_banska_bystrica_regional_unemployment_rate_2025","slovakia_banska_bystrica","slovakia","regional_unemployment_rate","2025","annual",,"%","待接入","pending_region_sources","Eurostat regional statistics / 各国统计局区域统计","","D","待接入","false","true","false","false","false","false","false","false","v0.10 仅保留区域观测值结构；尚未接入具体 ADM1/NUTS3 区域统计表、来源链接和数值。","不适用。","2026-07-26","第一批区域观测位置；不得填 0，不进入地图图层、区域比较或未来模型候选输入。"
"slovakia_banska_bystrica_regional_manufacturing_share_2025","slovakia_banska_bystrica","slovakia","regional_manufacturing_share","2025","annual",,"%","待接入","pending_region_sources","Eurostat regional statistics / 各国统计局区域统计","","D","待接入","false","true","true","false","false","false","false","false","v0.10 仅保留区域观测值结构；尚未接入具体 ADM1/NUTS3 区域统计表、来源链接和数值。","待接入原始分子和分母后再计算；当前不生成计算结果。","2026-07-26","第一批区域观测位置；不得填 0，不进入地图图层、区域比较或未来模型候选输入。"
"slovakia_presov_regional_population_2025","slovakia_presov","slovakia","regional_population","2025","annual",,"人","待接入","pending_region_sources","Eurostat regional statistics / 各国统计局区域统计","","D","待接入","false","true","false","false","false","false","false","false","v0.10 仅保留区域观测值结构；尚未接入具体 ADM1/NUTS3 区域统计表、来源链接和数值。","不适用。","2026-07-26","第一批区域观测位置；不得填 0，不进入地图图层、区域比较或未来模型候选输入。"
"slovakia_presov_regional_gdp_2025","slovakia_presov","slovakia","regional_gdp","2025","annual",,"百万欧元","待接入","pending_region_sources","Eurostat regional statistics / 各国统计局区域统计","","D","待接入","false","true","false","false","false","false","false","false","v0.10 仅保留区域观测值结构；尚未接入具体 ADM1/NUTS3 区域统计表、来源链接和数值。","不适用。","2026-07-26","第一批区域观测位置；不得填 0，不进入地图图层、区域比较或未来模型候选输入。"
"slovakia_presov_regional_gdp_per_capita_2025","slovakia_presov","slovakia","regional_gdp_per_capita","2025","annual",,"欧元","待接入","pending_region_sources","Eurostat regional statistics / 各国统计局区域统计","","D","待接入","false","true","true","false","false","false","false","false","v0.10 仅保留区域观测值结构；尚未接入具体 ADM1/NUTS3 区域统计表、来源链接和数值。","待接入原始分子和分母后再计算；当前不生成计算结果。","2026-07-26","第一批区域观测位置；不得填 0，不进入地图图层、区域比较或未来模型候选输入。"
"slovakia_presov_regional_unemployment_rate_2025","slovakia_presov","slovakia","regional_unemployment_rate","2025","annual",,"%","待接入","pending_region_sources","Eurostat regional statistics / 各国统计局区域统计","","D","待接入","false","true","false","false","false","false","false","false","v0.10 仅保留区域观测值结构；尚未接入具体 ADM1/NUTS3 区域统计表、来源链接和数值。","不适用。","2026-07-26","第一批区域观测位置；不得填 0，不进入地图图层、区域比较或未来模型候选输入。"
"slovakia_presov_regional_manufacturing_share_2025","slovakia_presov","slovakia","regional_manufacturing_share","2025","annual",,"%","待接入","pending_region_sources","Eurostat regional statistics / 各国统计局区域统计","","D","待接入","false","true","true","false","false","false","false","false","v0.10 仅保留区域观测值结构；尚未接入具体 ADM1/NUTS3 区域统计表、来源链接和数值。","待接入原始分子和分母后再计算；当前不生成计算结果。","2026-07-26","第一批区域观测位置；不得填 0，不进入地图图层、区域比较或未来模型候选输入。"
"slovakia_kosice_regional_population_2025","slovakia_kosice","slovakia","regional_population","2025","annual",,"人","待接入","pending_region_sources","Eurostat regional statistics / 各国统计局区域统计","","D","待接入","false","true","false","false","false","false","false","false","v0.10 仅保留区域观测值结构；尚未接入具体 ADM1/NUTS3 区域统计表、来源链接和数值。","不适用。","2026-07-26","第一批区域观测位置；不得填 0，不进入地图图层、区域比较或未来模型候选输入。"
"slovakia_kosice_regional_gdp_2025","slovakia_kosice","slovakia","regional_gdp","2025","annual",,"百万欧元","待接入","pending_region_sources","Eurostat regional statistics / 各国统计局区域统计","","D","待接入","false","true","false","false","false","false","false","false","v0.10 仅保留区域观测值结构；尚未接入具体 ADM1/NUTS3 区域统计表、来源链接和数值。","不适用。","2026-07-26","第一批区域观测位置；不得填 0，不进入地图图层、区域比较或未来模型候选输入。"
"slovakia_kosice_regional_gdp_per_capita_2025","slovakia_kosice","slovakia","regional_gdp_per_capita","2025","annual",,"欧元","待接入","pending_region_sources","Eurostat regional statistics / 各国统计局区域统计","","D","待接入","false","true","true","false","false","false","false","false","v0.10 仅保留区域观测值结构；尚未接入具体 ADM1/NUTS3 区域统计表、来源链接和数值。","待接入原始分子和分母后再计算；当前不生成计算结果。","2026-07-26","第一批区域观测位置；不得填 0，不进入地图图层、区域比较或未来模型候选输入。"
"slovakia_kosice_regional_unemployment_rate_2025","slovakia_kosice","slovakia","regional_unemployment_rate","2025","annual",,"%","待接入","pending_region_sources","Eurostat regional statistics / 各国统计局区域统计","","D","待接入","false","true","false","false","false","false","false","false","v0.10 仅保留区域观测值结构；尚未接入具体 ADM1/NUTS3 区域统计表、来源链接和数值。","不适用。","2026-07-26","第一批区域观测位置；不得填 0，不进入地图图层、区域比较或未来模型候选输入。"
"slovakia_kosice_regional_manufacturing_share_2025","slovakia_kosice","slovakia","regional_manufacturing_share","2025","annual",,"%","待接入","pending_region_sources","Eurostat regional statistics / 各国统计局区域统计","","D","待接入","false","true","true","false","false","false","false","false","v0.10 仅保留区域观测值结构；尚未接入具体 ADM1/NUTS3 区域统计表、来源链接和数值。","待接入原始分子和分母后再计算；当前不生成计算结果。","2026-07-26","第一批区域观测位置；不得填 0，不进入地图图层、区域比较或未来模型候选输入。"
